read_at,city,area,storage_id,name,day,hour,weekday,capacity,booked,free,status
2026-10-09 23:10,rome,termini,1109,Luggage Storage Termini,2026-10-10,0,weekend,300,9,291,read
2026-10-09 23:10,rome,termini,739,Luggage Storage Marsala - Termini,2026-10-10,0,weekend,200,2,198,read
2026-10-09 23:10,rome,trastevere,913,Luggage Storage Viale Trastevere,2026-10-10,0,weekend,80,0,80,read
2026-10-09 23:10,rome,trastevere,5598,Luggage Storage Trastevere San Cosimato,2026-10-10,0,weekend,50,0,50,read
2026-10-09 23:10,rome,termini,6472955,Luggage Storage Milazzo / Termini Station,2026-10-10,0,weekend,100,0,100,read
2026-10-09 23:10,rome,termini,6472954,Luggage Storage Marsala / Milazzo,2026-10-10,0,weekend,100,0,100,read
2026-10-09 23:10,rome,termini,6472953,Luggage Storage Milazzo / Magenta,2026-10-10,0,weekend,100,0,100,read
2026-10-09 23:10,rome,ostiense,6470454,Luggage Storage Basilica S. Paolo,2026-10-10,0,weekend,50,0,50,read
2026-10-09 23:10,rome,repubblica,6469637,Luggage Storage Via Quattro Fontane,2026-10-10,0,weekend,50,0,50,read
2026-10-09 23:10,rome,termini,6457349,Luggage Storage Termini Metro Station,2026-10-10,0,weekend,45,0,45,read
2026-10-09 23:10,rome,portuense,6454526,Luggage Storage Circonvallazione Gianicolense,2026-10-10,0,weekend,20,0,20,read
2026-10-09 23:10,rome,trastevere,5086,Luggage Storage Piazza Scotti,2026-10-10,0,weekend,50,0,50,read
2026-10-09 23:10,rome,aventino,3992,Luggage Storage Aventino,2026-10-10,0,weekend,100,0,100,read
2026-10-09 23:10,milan,palazzo-di-giustizia,6550,Luggage Storage Viale Regina Margherita,2026-10-10,0,weekend,30,0,30,read
2026-10-09 23:10,milan,san-babila,2709,Luggage Storage San Babila,2026-10-10,0,weekend,50,0,50,read
2026-10-09 23:10,milan,corso-buenos-aires,9020,Luggage Storage near Corso Buenos Aires,2026-10-10,0,weekend,20,0,20,read
2026-10-09 23:10,milan,milan-centrale-railway-station,6991,Luggage Storage Milano Porta Venezia,2026-10-10,0,weekend,45,0,45,read
2026-10-09 23:10,milan,missori,6473109,Luggage Storage Colonne / Vetra,2026-10-10,0,weekend,40,0,40,read
2026-10-09 23:10,milan,milan-centrale-railway-station,6471137,Luggage Storage Centrale / Filzi,2026-10-10,0,weekend,100,0,100,read
2026-10-09 23:10,milan,politecnico-di-milano-campus-bovisa-la-masa,6470851,Luggage Storage Milano Bovisa,2026-10-10,0,weekend,20,0,20,read
2026-10-09 23:10,milan,porta-romana,6469207,Luggage Storage Piazzale Libia,2026-10-10,0,weekend,20,0,20,read
2026-10-09 23:10,milan,navigli,6463299,Luggage Storage Corso S. Gottardo,2026-10-10,0,weekend,20,1,19,read
2026-10-09 23:10,milan,milano-repubblica-station,6462258,Luggage Storage near Milano Repubblica,2026-10-10,0,weekend,20,0,20,read
2026-10-09 23:10,milan,navigli,6459502,Luggage Storage Ripa Di Porta Ticinese,2026-10-10,0,weekend,35,0,35,read
2026-10-09 23:10,milan,bicocca,6459489,Luggage Storage Ponale,2026-10-10,0,weekend,20,0,20,read
2026-10-09 23:10,milan,lambrate,6459487,Luggage Storage Via Porpora,2026-10-10,0,weekend,20,0,20,read
2026-10-09 23:10,milan,porta-ticinese,6459398,Luggage Storage Porta Ticinese,2026-10-10,0,weekend,20,0,20,read
2026-10-09 23:10,milan,santa-maria-delle-grazie,6458624,Luggage Storage Via Solari,2026-10-10,0,weekend,20,0,20,read
2026-10-09 23:10,milan,porta-genova,6458616,Luggage Storage Conca Del Naviglio,2026-10-10,0,weekend,35,0,35,read
2026-10-09 23:10,milan,washington,6458560,Luggage Storage Wagner,2026-10-10,0,weekend,35,0,35,read
2026-10-09 23:10,milan,milano-repubblica-station,6458359,Luggage Storage Milano Repubblica Train Station,2026-10-10,0,weekend,100,0,100,read
2026-10-09 23:10,milan,niguarda,6457565,Luggage Storage Milan Segnano,2026-10-10,0,weekend,20,0,20,read
2026-10-09 23:10,milan,milan-centrale-railway-station,6456714,Luggage Storage near Mercato Centrale Milano,2026-10-10,0,weekend,50,0,50,read
2026-10-09 23:10,milan,milan-centrale-railway-station,6452762,Luggage Storage Milano Centrale / Via Ponte Seveso,2026-10-10,0,weekend,55,2,53,read
2026-10-09 23:10,naples,naples-centrale-train-station,188,Luggage Storage Naples Centrale,2026-10-10,0,weekend,300,0,300,read
2026-10-09 23:10,naples,naples-centrale-train-station,1835,Luggage Storage Naples Train Station,2026-10-10,0,weekend,45,0,45,read
2026-10-09 23:10,naples,monument-of-giuseppe-garibaldi,2697,Luggage Storage Corso Umberto I,2026-10-10,0,weekend,30,0,30,read
2026-10-09 23:10,naples,naples-city-center,5681,Luggage Storage near Sansevero Chapel,2026-10-10,0,weekend,50,2,48,read
2026-10-09 23:10,naples,napoli-porta-nolana,9071,Luggage Storage Duomo / Corso Umberto I,2026-10-10,0,weekend,60,0,60,read
2026-10-09 23:10,naples,mergellina-port,6717,Luggage Storage Via Piedigrotta,2026-10-10,0,weekend,50,0,50,read
2026-10-09 23:10,naples,vomero,6473629,Luggage Storage Arenella,2026-10-10,0,weekend,20,0,20,read
2026-10-09 23:10,naples,vomero,6473440,Luggage Storage Piazza Degli Artisti,2026-10-10,0,weekend,30,0,30,read
2026-10-09 23:10,naples,municipio,6470807,Luggage Storage Piazza Plebiscito,2026-10-10,0,weekend,50,0,50,read
2026-10-09 23:10,naples,via-chiaia,6470110,Luggage Storage Chiaia,2026-10-10,0,weekend,100,0,100,read
2026-10-09 23:10,naples,universita,6461871,Luggage Storage Molo Immacolatella Vecchia,2026-10-10,0,weekend,30,0,30,read
2026-10-09 23:10,naples,naples-city-center,5972,Luggage Storage Diana Theatre,2026-10-10,0,weekend,15,0,15,read
2026-10-09 23:10,naples,santa-lucia,5763,Luggage Storage Santa Lucia,2026-10-10,0,weekend,100,0,100,read
2026-10-09 23:10,florence,santa-maria-novella,884,Luggage Storage Santa Maria Novella,2026-10-10,0,weekend,140,10,130,read
2026-10-09 23:10,florence,basilica-of-santa-maria-novella,6461934,Luggage Storage Via Ghibellina,2026-10-10,0,weekend,20,0,20,read
2026-10-09 23:10,turin,museo-pietro-micca,7213,Luggage Storage Porta Susa Railway Station,2026-10-10,0,weekend,95,1,94,read
2026-10-09 23:10,turin,city-center,6472386,Luggage Storage Rossini Tram Stop,2026-10-10,0,weekend,40,0,40,read
2026-10-09 23:10,catania,borgo-sanzio,6458945,Luggage Storage Orto Botanico di Catania,2026-10-10,0,weekend,20,0,20,read
2026-10-09 23:10,catania,catania-airport,6454786,Luggage Storage near Catania Airport,2026-10-10,0,weekend,50,3,47,read
2026-10-09 23:10,catania,city-center,6453899,Luggage Storage Catania Centrale,2026-10-10,0,weekend,35,0,35,read
2026-10-09 23:10,venice,venice-marco-polo-airport,6452148,Luggage Storage near Venice Marco Polo Area,2026-10-10,0,weekend,45,1,44,read
2026-10-09 23:10,bari,altamura,6455039,Luggage Storage Altamura St Mary'S Cathedral,2026-10-10,0,weekend,10,0,10,read
2026-10-09 23:10,bari,fiera-del-levante,1377,Luggage Storage Via Napoli,2026-10-10,0,weekend,30,0,30,read
2026-10-09 23:10,palermo,palermo-city-center,7123,Luggage Storage Monte Di Pietà,2026-10-10,0,weekend,30,0,30,read
2026-10-09 23:10,bologna,bologna-centrale-railway-station,6460518,Luggage Storage near Bologna Station,2026-10-10,0,weekend,55,0,55,read
2026-10-09 23:10,lecce,railway-station,6408,Luggage Storage Lecce Train Station,2026-10-10,0,weekend,70,1,69,read
2026-10-09 23:10,syracuse,station,6539,Luggage Storage Syracuse Railway Station,2026-10-10,0,weekend,30,0,30,read
2026-10-09 23:10,rimini,rimini-train-station,226,Luggage Storage Rimini Train Station,2026-10-10,0,weekend,300,0,300,read
2026-10-09 23:10,rimini,lungomare-augusto-murri,3797,Luggage Storage Rimini Beach,2026-10-10,0,weekend,15,0,15,read
2026-10-09 23:10,rimini,federico-fellini-international-airport,6460885,Luggage Storage Rimini Miramare,2026-10-10,0,weekend,20,0,20,read
2026-10-09 23:10,rimini,bellariva,6453303,Luggage Storage Viale Regina Elena,2026-10-10,0,weekend,50,0,50,read
2026-10-09 23:10,sorrento,sorrento-train-station,6579,Luggage Storage Piazza Tasso,2026-10-10,0,weekend,30,0,30,read
2026-10-09 23:10,sorrento,sorrento-train-station,6461804,Luggage Storage Piazza Lauro,2026-10-10,0,weekend,30,0,30,read
2026-10-09 23:10,sorrento,sant-agnello,6459956,Luggage Storage Sant'Agnello,2026-10-10,0,weekend,20,0,20,read
2026-10-09 23:10,la-spezia,la-spezia-centrale,6459699,Luggage Storage La Spezia Station,2026-10-10,0,weekend,60,,,unavailable
2026-10-09 23:10,mestre,mestre-train-station,5326,Luggage Storage Mestre Train Station,2026-10-10,0,weekend,100,0,100,read
2026-10-09 23:10,perugia,central-station,6460204,Luggage Storage Perugia Station 24H,2026-10-10,0,weekend,20,0,20,read
2026-10-09 23:10,reggio-calabria,villa-san-giovanni,5948,Luggage Storage Villa San Giovanni Station,2026-10-10,0,weekend,50,0,50,read
2026-10-09 23:10,bolzano,bolzano-train-station,6457943,Luggage Storage near Waltherplatz,2026-10-10,0,weekend,20,0,20,read
2026-10-09 23:10,ferrara,city-center,873,Luggage Storage Ferrara City Center,2026-10-10,0,weekend,15,0,15,read
2026-10-09 23:10,ferrara,city-center,6451982,Luggage Storage Viale Cavour / Ferrara Castle,2026-10-10,0,weekend,50,0,50,read
2026-10-09 23:10,parma,city-center,6473550,Luggage Storage Arch of San Lazzaro,2026-10-10,0,weekend,10,0,10,read
2026-10-09 23:10,polignano-a-mare,city-center,6455631,Luggage Storage San Vito Beach,2026-10-10,0,weekend,10,0,10,read
2026-10-09 23:10,ravenna,main-station,6453186,Luggage Storage Via Molinetto,2026-10-10,0,weekend,20,0,20,read
2026-10-09 23:10,trieste,trieste-train-station,3904,Luggage Storage near Trieste Central Station,2026-10-10,0,weekend,45,5,40,read
2026-10-09 23:10,ancona,ancona-train-station,458,Luggage Storage Ancona Train Station,2026-10-10,0,weekend,100,0,100,read
2026-10-09 23:10,padua,main-station,7281,Luggage Storage Via Sarpi,2026-10-10,0,weekend,60,0,60,read
2026-10-09 23:10,imola,city-center,6467886,Luggage Storage Piazza Matteotti,2026-10-10,0,weekend,200,0,200,read
2026-10-09 23:10,sassari,city-center,7623,Luggage Storage Viale Dante,2026-10-10,0,weekend,20,0,20,read
2026-10-09 23:10,caltanissetta,caltanissetta-centrale,7727,Luggage Storage Caltanissetta Train Station,2026-10-10,0,weekend,10,0,10,read
2026-10-09 23:10,milazzo,port,6471045,Luggage Storage Via dei Mille,2026-10-10,0,weekend,200,0,200,read
2026-10-09 23:10,prato,prato-centrale,4478,Luggage Storage Prato City Center,2026-10-10,0,weekend,40,0,40,read
2026-10-09 23:10,lamezia-terme,train-station,6452912,Luggage Storage Lamezia Terme Centrale,2026-10-10,0,weekend,30,0,30,read
2026-10-09 23:10,sanremo,city-center,7763,Luggage Storage Sanremo City Center,2026-10-10,0,weekend,20,0,20,read
2026-10-09 23:10,ventimiglia,city-center-ventimiglia,6469655,Luggage Storage Ventimiglia Railway Station,2026-10-10,0,weekend,50,0,50,read
2026-10-09 23:10,trani,trani-transit-station,6936,Luggage Storage Trani Port,2026-10-10,0,weekend,50,0,50,read
2026-10-10 00:06,rome,termini,1109,Luggage Storage Termini,2026-10-10,1,weekend,300,9,291,read
2026-10-10 00:06,rome,termini,739,Luggage Storage Marsala - Termini,2026-10-10,1,weekend,200,,,unavailable
2026-10-10 00:06,rome,trastevere,913,Luggage Storage Viale Trastevere,2026-10-10,1,weekend,80,0,80,read
2026-10-10 00:06,rome,trastevere,5598,Luggage Storage Trastevere San Cosimato,2026-10-10,1,weekend,50,,,unavailable
2026-10-10 00:06,rome,via-del-corso,5660,Luggage Storage Via Del Corso,2026-10-10,1,weekend,25,0,25,read
2026-10-10 00:06,rome,termini,6472955,Luggage Storage Milazzo / Termini Station,2026-10-10,1,weekend,100,0,100,read
2026-10-10 00:06,rome,termini,6472954,Luggage Storage Marsala / Milazzo,2026-10-10,1,weekend,100,0,100,read
2026-10-10 00:06,rome,termini,6472953,Luggage Storage Milazzo / Magenta,2026-10-10,1,weekend,100,0,100,read
2026-10-10 00:06,rome,ostiense,6470454,Luggage Storage Basilica S. Paolo,2026-10-10,1,weekend,50,,,unavailable
2026-10-10 00:06,rome,repubblica,6469637,Luggage Storage Via Quattro Fontane,2026-10-10,1,weekend,50,0,50,read
2026-10-10 00:06,rome,termini,6457349,Luggage Storage Termini Metro Station,2026-10-10,1,weekend,45,0,45,read
2026-10-10 00:06,rome,portuense,6454526,Luggage Storage Circonvallazione Gianicolense,2026-10-10,1,weekend,20,,,unavailable
2026-10-10 00:06,rome,trastevere,5086,Luggage Storage Piazza Scotti,2026-10-10,1,weekend,50,0,50,read
2026-10-10 00:06,rome,aventino,3992,Luggage Storage Aventino,2026-10-10,1,weekend,100,0,100,read
2026-10-10 00:06,milan,palazzo-di-giustizia,6550,Luggage Storage Viale Regina Margherita,2026-10-10,1,weekend,30,0,30,read
2026-10-10 00:06,milan,san-babila,2709,Luggage Storage San Babila,2026-10-10,1,weekend,50,0,50,read
2026-10-10 00:06,milan,corso-buenos-aires,9020,Luggage Storage near Corso Buenos Aires,2026-10-10,1,weekend,20,0,20,read
2026-10-10 00:06,milan,milan-centrale-railway-station,6991,Luggage Storage Milano Porta Venezia,2026-10-10,1,weekend,45,0,45,read
2026-10-10 00:06,milan,missori,6473109,Luggage Storage Colonne / Vetra,2026-10-10,1,weekend,40,0,40,read
2026-10-10 00:06,milan,milan-centrale-railway-station,6471137,Luggage Storage Centrale / Filzi,2026-10-10,1,weekend,100,0,100,read
2026-10-10 00:06,milan,politecnico-di-milano-campus-bovisa-la-masa,6470851,Luggage Storage Milano Bovisa,2026-10-10,1,weekend,20,0,20,read
2026-10-10 00:06,milan,porta-romana,6469207,Luggage Storage Piazzale Libia,2026-10-10,1,weekend,20,,,unavailable
2026-10-10 00:06,milan,navigli,6463299,Luggage Storage Corso S. Gottardo,2026-10-10,1,weekend,20,,,unavailable
2026-10-10 00:06,milan,milano-repubblica-station,6462258,Luggage Storage near Milano Repubblica,2026-10-10,1,weekend,20,0,20,read
2026-10-10 00:06,milan,navigli,6459502,Luggage Storage Ripa Di Porta Ticinese,2026-10-10,1,weekend,35,0,35,read
2026-10-10 00:06,milan,bicocca,6459489,Luggage Storage Ponale,2026-10-10,1,weekend,20,,,unavailable
2026-10-10 00:06,milan,lambrate,6459487,Luggage Storage Via Porpora,2026-10-10,1,weekend,20,,,unavailable
2026-10-10 00:06,milan,porta-ticinese,6459398,Luggage Storage Porta Ticinese,2026-10-10,1,weekend,20,,,unavailable
2026-10-10 00:06,milan,santa-maria-delle-grazie,6458624,Luggage Storage Via Solari,2026-10-10,1,weekend,20,,,unavailable
2026-10-10 00:06,milan,porta-genova,6458616,Luggage Storage Conca Del Naviglio,2026-10-10,1,weekend,35,,,unavailable
2026-10-10 00:06,milan,washington,6458560,Luggage Storage Wagner,2026-10-10,1,weekend,35,0,35,read
2026-10-10 00:06,milan,milano-repubblica-station,6458359,Luggage Storage Milano Repubblica Train Station,2026-10-10,1,weekend,100,0,100,read
2026-10-10 00:06,milan,niguarda,6457565,Luggage Storage Milan Segnano,2026-10-10,1,weekend,20,0,20,read
2026-10-10 00:06,milan,milan-centrale-railway-station,6456714,Luggage Storage near Mercato Centrale Milano,2026-10-10,1,weekend,50,0,50,read
2026-10-10 00:06,milan,milan-centrale-railway-station,6452762,Luggage Storage Milano Centrale / Via Ponte Seveso,2026-10-10,1,weekend,55,2,53,read
2026-10-10 00:06,naples,naples-centrale-train-station,188,Luggage Storage Naples Centrale,2026-10-10,1,weekend,300,0,300,read
2026-10-10 00:06,naples,naples-centrale-train-station,1835,Luggage Storage Naples Train Station,2026-10-10,1,weekend,45,0,45,read
2026-10-10 00:06,naples,monument-of-giuseppe-garibaldi,2697,Luggage Storage Corso Umberto I,2026-10-10,1,weekend,30,0,30,read
2026-10-10 00:06,naples,naples-city-center,5681,Luggage Storage near Sansevero Chapel,2026-10-10,1,weekend,50,2,48,read
2026-10-10 00:06,naples,napoli-porta-nolana,9071,Luggage Storage Duomo / Corso Umberto I,2026-10-10,1,weekend,60,0,60,read
2026-10-10 00:06,naples,mergellina-port,6717,Luggage Storage Via Piedigrotta,2026-10-10,1,weekend,50,0,50,read
2026-10-10 00:06,naples,vomero,6473629,Luggage Storage Arenella,2026-10-10,1,weekend,20,0,20,read
2026-10-10 00:06,naples,vomero,6473440,Luggage Storage Piazza Degli Artisti,2026-10-10,1,weekend,30,0,30,read
2026-10-10 00:06,naples,municipio,6470807,Luggage Storage Piazza Plebiscito,2026-10-10,1,weekend,50,,,unavailable
2026-10-10 00:06,naples,via-chiaia,6470110,Luggage Storage Chiaia,2026-10-10,1,weekend,100,0,100,read
2026-10-10 00:06,naples,universita,6461871,Luggage Storage Molo Immacolatella Vecchia,2026-10-10,1,weekend,30,0,30,read
2026-10-10 00:06,naples,naples-city-center,5972,Luggage Storage Diana Theatre,2026-10-10,1,weekend,15,0,15,read
2026-10-10 00:06,naples,santa-lucia,5763,Luggage Storage Santa Lucia,2026-10-10,1,weekend,100,0,100,read
2026-10-10 00:06,florence,santa-maria-novella,884,Luggage Storage Santa Maria Novella,2026-10-10,1,weekend,140,10,130,read
2026-10-10 00:06,florence,basilica-of-santa-maria-novella,6461934,Luggage Storage Via Ghibellina,2026-10-10,1,weekend,20,0,20,read
2026-10-10 00:06,turin,museo-pietro-micca,7213,Luggage Storage Porta Susa Railway Station,2026-10-10,1,weekend,95,1,94,read
2026-10-10 00:06,turin,city-center,6472386,Luggage Storage Rossini Tram Stop,2026-10-10,1,weekend,40,,,unavailable
2026-10-10 00:06,catania,borgo-sanzio,6458945,Luggage Storage Orto Botanico di Catania,2026-10-10,1,weekend,20,0,20,read
2026-10-10 00:06,catania,catania-airport,6454786,Luggage Storage near Catania Airport,2026-10-10,1,weekend,50,3,47,read
2026-10-10 00:06,catania,city-center,6453899,Luggage Storage Catania Centrale,2026-10-10,1,weekend,35,0,35,read
2026-10-10 00:06,venice,venice-marco-polo-airport,6452148,Luggage Storage near Venice Marco Polo Area,2026-10-10,1,weekend,45,1,44,read
2026-10-10 00:06,bari,altamura,6455039,Luggage Storage Altamura St Mary'S Cathedral,2026-10-10,1,weekend,10,0,10,read
2026-10-10 00:06,bari,fiera-del-levante,1377,Luggage Storage Via Napoli,2026-10-10,1,weekend,30,0,30,read
2026-10-10 00:06,palermo,palermo-city-center,7123,Luggage Storage Monte Di Pietà,2026-10-10,1,weekend,30,0,30,read
2026-10-10 00:06,bologna,bologna-centrale-railway-station,6460518,Luggage Storage near Bologna Station,2026-10-10,1,weekend,55,0,55,read
2026-10-10 00:06,lecce,railway-station,6408,Luggage Storage Lecce Train Station,2026-10-10,1,weekend,70,1,69,read
2026-10-10 00:06,syracuse,station,6539,Luggage Storage Syracuse Railway Station,2026-10-10,1,weekend,30,0,30,read
2026-10-10 00:06,rimini,rimini-train-station,226,Luggage Storage Rimini Train Station,2026-10-10,1,weekend,300,0,300,read
2026-10-10 00:06,rimini,lungomare-augusto-murri,3797,Luggage Storage Rimini Beach,2026-10-10,1,weekend,15,0,15,read
2026-10-10 00:06,rimini,federico-fellini-international-airport,6460885,Luggage Storage Rimini Miramare,2026-10-10,1,weekend,20,0,20,read
2026-10-10 00:06,rimini,bellariva,6453303,Luggage Storage Viale Regina Elena,2026-10-10,1,weekend,50,0,50,read
2026-10-10 00:06,sorrento,sorrento-train-station,6579,Luggage Storage Piazza Tasso,2026-10-10,1,weekend,30,0,30,read
2026-10-10 00:06,sorrento,sorrento-train-station,6461804,Luggage Storage Piazza Lauro,2026-10-10,1,weekend,30,0,30,read
2026-10-10 00:06,sorrento,sant-agnello,6459956,Luggage Storage Sant'Agnello,2026-10-10,1,weekend,20,0,20,read
2026-10-10 00:06,la-spezia,la-spezia-centrale,6459699,Luggage Storage La Spezia Station,2026-10-10,1,weekend,60,,,unavailable
2026-10-10 00:06,mestre,mestre-train-station,5326,Luggage Storage Mestre Train Station,2026-10-10,1,weekend,100,0,100,read
2026-10-10 00:06,perugia,central-station,6460204,Luggage Storage Perugia Station 24H,2026-10-10,1,weekend,20,0,20,read
2026-10-10 00:06,reggio-calabria,villa-san-giovanni,5948,Luggage Storage Villa San Giovanni Station,2026-10-10,1,weekend,50,0,50,read
2026-10-10 00:06,bolzano,bolzano-train-station,6457943,Luggage Storage near Waltherplatz,2026-10-10,1,weekend,20,,,unavailable
2026-10-10 00:06,ferrara,city-center,873,Luggage Storage Ferrara City Center,2026-10-10,1,weekend,15,0,15,read
2026-10-10 00:06,ferrara,city-center,6451982,Luggage Storage Viale Cavour / Ferrara Castle,2026-10-10,1,weekend,50,0,50,read
2026-10-10 00:06,parma,city-center,6473550,Luggage Storage Arch of San Lazzaro,2026-10-10,1,weekend,10,0,10,read
2026-10-10 00:06,polignano-a-mare,city-center,6455631,Luggage Storage San Vito Beach,2026-10-10,1,weekend,10,,,unavailable
2026-10-10 00:06,ravenna,main-station,6453186,Luggage Storage Via Molinetto,2026-10-10,1,weekend,20,0,20,read
2026-10-10 00:06,trieste,trieste-train-station,3904,Luggage Storage near Trieste Central Station,2026-10-10,1,weekend,45,5,40,read
2026-10-10 00:06,ancona,ancona-train-station,458,Luggage Storage Ancona Train Station,2026-10-10,1,weekend,100,0,100,read
2026-10-10 00:06,padua,main-station,7281,Luggage Storage Via Sarpi,2026-10-10,1,weekend,60,0,60,read
2026-10-10 00:06,imola,city-center,6467886,Luggage Storage Piazza Matteotti,2026-10-10,1,weekend,200,0,200,read
2026-10-10 00:06,sassari,city-center,7623,Luggage Storage Viale Dante,2026-10-10,1,weekend,20,0,20,read
2026-10-10 00:06,caltanissetta,caltanissetta-centrale,7727,Luggage Storage Caltanissetta Train Station,2026-10-10,1,weekend,10,0,10,read
2026-10-10 00:06,milazzo,port,6471045,Luggage Storage Via dei Mille,2026-10-10,1,weekend,200,0,200,read
2026-10-10 00:06,prato,prato-centrale,4478,Luggage Storage Prato City Center,2026-10-10,1,weekend,40,0,40,read
2026-10-10 00:06,lamezia-terme,train-station,6452912,Luggage Storage Lamezia Terme Centrale,2026-10-10,1,weekend,30,0,30,read
2026-10-10 00:06,sanremo,city-center,7763,Luggage Storage Sanremo City Center,2026-10-10,1,weekend,20,0,20,read
2026-10-10 00:06,ventimiglia,city-center-ventimiglia,6469655,Luggage Storage Ventimiglia Railway Station,2026-10-10,1,weekend,50,,,unavailable
2026-10-10 00:06,trani,trani-transit-station,6936,Luggage Storage Trani Port,2026-10-10,1,weekend,50,0,50,read
2026-10-10 01:10,rome,termini,1109,Luggage Storage Termini,2026-10-10,2,weekend,300,9,291,read
2026-10-10 01:10,rome,termini,739,Luggage Storage Marsala - Termini,2026-10-10,2,weekend,200,,,unavailable
2026-10-10 01:10,rome,trastevere,913,Luggage Storage Viale Trastevere,2026-10-10,2,weekend,80,0,80,read
2026-10-10 01:10,rome,trastevere,5598,Luggage Storage Trastevere San Cosimato,2026-10-10,2,weekend,50,,,unavailable
2026-10-10 01:10,rome,via-del-corso,5660,Luggage Storage Via Del Corso,2026-10-10,2,weekend,25,0,25,read
2026-10-10 01:10,rome,termini,6472955,Luggage Storage Milazzo / Termini Station,2026-10-10,2,weekend,100,0,100,read
2026-10-10 01:10,rome,termini,6472954,Luggage Storage Marsala / Milazzo,2026-10-10,2,weekend,100,0,100,read
2026-10-10 01:10,rome,termini,6472953,Luggage Storage Milazzo / Magenta,2026-10-10,2,weekend,100,0,100,read
2026-10-10 01:10,rome,ostiense,6470454,Luggage Storage Basilica S. Paolo,2026-10-10,2,weekend,50,,,unavailable
2026-10-10 01:10,rome,repubblica,6469637,Luggage Storage Via Quattro Fontane,2026-10-10,2,weekend,50,,,unavailable
2026-10-10 01:10,rome,termini,6457349,Luggage Storage Termini Metro Station,2026-10-10,2,weekend,45,0,45,read
2026-10-10 01:10,rome,portuense,6454526,Luggage Storage Circonvallazione Gianicolense,2026-10-10,2,weekend,20,,,unavailable
2026-10-10 01:10,rome,trastevere,5086,Luggage Storage Piazza Scotti,2026-10-10,2,weekend,50,,,unavailable
2026-10-10 01:10,rome,aventino,3992,Luggage Storage Aventino,2026-10-10,2,weekend,100,0,100,read
2026-10-10 01:10,milan,palazzo-di-giustizia,6550,Luggage Storage Viale Regina Margherita,2026-10-10,2,weekend,30,0,30,read
2026-10-10 01:10,milan,san-babila,2709,Luggage Storage San Babila,2026-10-10,2,weekend,50,0,50,read
2026-10-10 01:10,milan,corso-buenos-aires,9020,Luggage Storage near Corso Buenos Aires,2026-10-10,2,weekend,20,0,20,read
2026-10-10 01:10,milan,milan-centrale-railway-station,6991,Luggage Storage Milano Porta Venezia,2026-10-10,2,weekend,45,0,45,read
2026-10-10 01:10,milan,missori,6473109,Luggage Storage Colonne / Vetra,2026-10-10,2,weekend,40,0,40,read
2026-10-10 01:10,milan,milan-centrale-railway-station,6471137,Luggage Storage Centrale / Filzi,2026-10-10,2,weekend,100,,,unavailable
2026-10-10 01:10,milan,politecnico-di-milano-campus-bovisa-la-masa,6470851,Luggage Storage Milano Bovisa,2026-10-10,2,weekend,20,0,20,read
2026-10-10 01:10,milan,porta-romana,6469207,Luggage Storage Piazzale Libia,2026-10-10,2,weekend,20,,,unavailable
2026-10-10 01:10,milan,navigli,6463299,Luggage Storage Corso S. Gottardo,2026-10-10,2,weekend,20,,,unavailable
2026-10-10 01:10,milan,milano-repubblica-station,6462258,Luggage Storage near Milano Repubblica,2026-10-10,2,weekend,20,,,unavailable
2026-10-10 01:10,milan,navigli,6459502,Luggage Storage Ripa Di Porta Ticinese,2026-10-10,2,weekend,35,0,35,read
2026-10-10 01:10,milan,bicocca,6459489,Luggage Storage Ponale,2026-10-10,2,weekend,20,,,unavailable
2026-10-10 01:10,milan,lambrate,6459487,Luggage Storage Via Porpora,2026-10-10,2,weekend,20,,,unavailable
2026-10-10 01:10,milan,porta-ticinese,6459398,Luggage Storage Porta Ticinese,2026-10-10,2,weekend,20,,,unavailable
2026-10-10 01:10,milan,santa-maria-delle-grazie,6458624,Luggage Storage Via Solari,2026-10-10,2,weekend,20,,,unavailable
2026-10-10 01:10,milan,porta-genova,6458616,Luggage Storage Conca Del Naviglio,2026-10-10,2,weekend,35,,,unavailable
2026-10-10 01:10,milan,washington,6458560,Luggage Storage Wagner,2026-10-10,2,weekend,35,0,35,read
2026-10-10 01:10,milan,milano-repubblica-station,6458359,Luggage Storage Milano Repubblica Train Station,2026-10-10,2,weekend,100,0,100,read
2026-10-10 01:10,milan,niguarda,6457565,Luggage Storage Milan Segnano,2026-10-10,2,weekend,20,,,unavailable
2026-10-10 01:10,milan,milan-centrale-railway-station,6456714,Luggage Storage near Mercato Centrale Milano,2026-10-10,2,weekend,50,,,unavailable
2026-10-10 01:10,milan,milan-centrale-railway-station,6452762,Luggage Storage Milano Centrale / Via Ponte Seveso,2026-10-10,2,weekend,55,,,unavailable
2026-10-10 01:10,naples,naples-centrale-train-station,188,Luggage Storage Naples Centrale,2026-10-10,2,weekend,300,0,300,read
2026-10-10 01:10,naples,naples-centrale-train-station,1835,Luggage Storage Naples Train Station,2026-10-10,2,weekend,45,0,45,read
2026-10-10 01:10,naples,monument-of-giuseppe-garibaldi,2697,Luggage Storage Corso Umberto I,2026-10-10,2,weekend,30,0,30,read
2026-10-10 01:10,naples,naples-city-center,5681,Luggage Storage near Sansevero Chapel,2026-10-10,2,weekend,50,2,48,read
2026-10-10 01:10,naples,napoli-porta-nolana,9071,Luggage Storage Duomo / Corso Umberto I,2026-10-10,2,weekend,60,0,60,read
2026-10-10 01:10,naples,mergellina-port,6717,Luggage Storage Via Piedigrotta,2026-10-10,2,weekend,50,0,50,read
2026-10-10 01:10,naples,vomero,6473629,Luggage Storage Arenella,2026-10-10,2,weekend,20,0,20,read
2026-10-10 01:10,naples,vomero,6473440,Luggage Storage Piazza Degli Artisti,2026-10-10,2,weekend,30,0,30,read
2026-10-10 01:10,naples,municipio,6470807,Luggage Storage Piazza Plebiscito,2026-10-10,2,weekend,50,,,unavailable
2026-10-10 01:10,naples,via-chiaia,6470110,Luggage Storage Chiaia,2026-10-10,2,weekend,100,0,100,read
2026-10-10 01:10,naples,universita,6461871,Luggage Storage Molo Immacolatella Vecchia,2026-10-10,2,weekend,30,0,30,read
2026-10-10 01:10,naples,naples-city-center,5972,Luggage Storage Diana Theatre,2026-10-10,2,weekend,15,,,unavailable
2026-10-10 01:10,naples,santa-lucia,5763,Luggage Storage Santa Lucia,2026-10-10,2,weekend,100,0,100,read
2026-10-10 01:10,florence,santa-maria-novella,884,Luggage Storage Santa Maria Novella,2026-10-10,2,weekend,140,10,130,read
2026-10-10 01:10,florence,basilica-of-santa-maria-novella,6461934,Luggage Storage Via Ghibellina,2026-10-10,2,weekend,20,0,20,read
2026-10-10 01:10,turin,museo-pietro-micca,7213,Luggage Storage Porta Susa Railway Station,2026-10-10,2,weekend,95,0,95,read
2026-10-10 01:10,turin,city-center,6472386,Luggage Storage Rossini Tram Stop,2026-10-10,2,weekend,40,,,unavailable
2026-10-10 01:10,catania,borgo-sanzio,6458945,Luggage Storage Orto Botanico di Catania,2026-10-10,2,weekend,20,,,unavailable
2026-10-10 01:10,catania,catania-airport,6454786,Luggage Storage near Catania Airport,2026-10-10,2,weekend,50,3,47,read
2026-10-10 01:10,catania,city-center,6453899,Luggage Storage Catania Centrale,2026-10-10,2,weekend,35,0,35,read
2026-10-10 01:10,venice,venice-marco-polo-airport,6452148,Luggage Storage near Venice Marco Polo Area,2026-10-10,2,weekend,45,1,44,read
2026-10-10 01:10,bari,altamura,6455039,Luggage Storage Altamura St Mary'S Cathedral,2026-10-10,2,weekend,10,,,unavailable
2026-10-10 01:10,bari,fiera-del-levante,1377,Luggage Storage Via Napoli,2026-10-10,2,weekend,30,0,30,read
2026-10-10 01:10,palermo,palermo-city-center,7123,Luggage Storage Monte Di Pietà,2026-10-10,2,weekend,30,,,unavailable
2026-10-10 01:10,bologna,bologna-centrale-railway-station,6460518,Luggage Storage near Bologna Station,2026-10-10,2,weekend,55,,,unavailable
2026-10-10 01:10,lecce,railway-station,6408,Luggage Storage Lecce Train Station,2026-10-10,2,weekend,70,1,69,read
2026-10-10 01:10,syracuse,station,6539,Luggage Storage Syracuse Railway Station,2026-10-10,2,weekend,30,0,30,read
2026-10-10 01:10,rimini,rimini-train-station,226,Luggage Storage Rimini Train Station,2026-10-10,2,weekend,300,0,300,read
2026-10-10 01:10,rimini,lungomare-augusto-murri,3797,Luggage Storage Rimini Beach,2026-10-10,2,weekend,15,0,15,read
2026-10-10 01:10,rimini,federico-fellini-international-airport,6460885,Luggage Storage Rimini Miramare,2026-10-10,2,weekend,20,0,20,read
2026-10-10 01:10,rimini,bellariva,6453303,Luggage Storage Viale Regina Elena,2026-10-10,2,weekend,50,0,50,read
2026-10-10 01:10,sorrento,sorrento-train-station,6579,Luggage Storage Piazza Tasso,2026-10-10,2,weekend,30,,,unavailable
2026-10-10 01:10,sorrento,sorrento-train-station,6461804,Luggage Storage Piazza Lauro,2026-10-10,2,weekend,30,0,30,read
2026-10-10 01:10,sorrento,sant-agnello,6459956,Luggage Storage Sant'Agnello,2026-10-10,2,weekend,20,0,20,read
2026-10-10 01:10,la-spezia,la-spezia-centrale,6459699,Luggage Storage La Spezia Station,2026-10-10,2,weekend,60,,,unavailable
2026-10-10 01:10,mestre,mestre-train-station,5326,Luggage Storage Mestre Train Station,2026-10-10,2,weekend,100,0,100,read
2026-10-10 01:10,perugia,central-station,6460204,Luggage Storage Perugia Station 24H,2026-10-10,2,weekend,20,0,20,read
2026-10-10 01:10,reggio-calabria,villa-san-giovanni,5948,Luggage Storage Villa San Giovanni Station,2026-10-10,2,weekend,50,0,50,read
2026-10-10 01:10,bolzano,bolzano-train-station,6457943,Luggage Storage near Waltherplatz,2026-10-10,2,weekend,20,,,unavailable
2026-10-10 01:10,ferrara,city-center,873,Luggage Storage Ferrara City Center,2026-10-10,2,weekend,15,0,15,read
2026-10-10 01:10,ferrara,city-center,6451982,Luggage Storage Viale Cavour / Ferrara Castle,2026-10-10,2,weekend,50,0,50,read
2026-10-10 01:10,parma,city-center,6473550,Luggage Storage Arch of San Lazzaro,2026-10-10,2,weekend,10,0,10,read
2026-10-10 01:10,polignano-a-mare,city-center,6455631,Luggage Storage San Vito Beach,2026-10-10,2,weekend,10,,,unavailable
2026-10-10 01:10,ravenna,main-station,6453186,Luggage Storage Via Molinetto,2026-10-10,2,weekend,20,0,20,read
2026-10-10 01:10,trieste,trieste-train-station,3904,Luggage Storage near Trieste Central Station,2026-10-10,2,weekend,45,5,40,read
2026-10-10 01:10,ancona,ancona-train-station,458,Luggage Storage Ancona Train Station,2026-10-10,2,weekend,100,0,100,read
2026-10-10 01:10,padua,main-station,7281,Luggage Storage Via Sarpi,2026-10-10,2,weekend,60,0,60,read
2026-10-10 01:10,imola,city-center,6467886,Luggage Storage Piazza Matteotti,2026-10-10,2,weekend,200,0,200,read
2026-10-10 01:10,sassari,city-center,7623,Luggage Storage Viale Dante,2026-10-10,2,weekend,20,0,20,read
2026-10-10 01:10,caltanissetta,caltanissetta-centrale,7727,Luggage Storage Caltanissetta Train Station,2026-10-10,2,weekend,10,0,10,read
2026-10-10 01:10,milazzo,port,6471045,Luggage Storage Via dei Mille,2026-10-10,2,weekend,200,0,200,read
2026-10-10 01:10,prato,prato-centrale,4478,Luggage Storage Prato City Center,2026-10-10,2,weekend,40,0,40,read
2026-10-10 01:10,lamezia-terme,train-station,6452912,Luggage Storage Lamezia Terme Centrale,2026-10-10,2,weekend,30,0,30,read
2026-10-10 01:10,sanremo,city-center,7763,Luggage Storage Sanremo City Center,2026-10-10,2,weekend,20,0,20,read
2026-10-10 01:10,ventimiglia,city-center-ventimiglia,6469655,Luggage Storage Ventimiglia Railway Station,2026-10-10,2,weekend,50,,,unavailable
2026-10-10 01:10,trani,trani-transit-station,6936,Luggage Storage Trani Port,2026-10-10,2,weekend,50,,,unavailable
2026-10-10 02:10,rome,termini,1109,Luggage Storage Termini,2026-10-10,3,weekend,300,9,291,read
2026-10-10 02:10,rome,termini,739,Luggage Storage Marsala - Termini,2026-10-10,3,weekend,200,,,unavailable
2026-10-10 02:10,rome,trastevere,913,Luggage Storage Viale Trastevere,2026-10-10,3,weekend,80,0,80,read
2026-10-10 02:10,rome,trastevere,5598,Luggage Storage Trastevere San Cosimato,2026-10-10,3,weekend,50,,,unavailable
2026-10-10 02:10,rome,via-del-corso,5660,Luggage Storage Via Del Corso,2026-10-10,3,weekend,25,0,25,read
2026-10-10 02:10,rome,termini,6472955,Luggage Storage Milazzo / Termini Station,2026-10-10,3,weekend,100,0,100,read
2026-10-10 02:10,rome,termini,6472954,Luggage Storage Marsala / Milazzo,2026-10-10,3,weekend,100,0,100,read
2026-10-10 02:10,rome,termini,6472953,Luggage Storage Milazzo / Magenta,2026-10-10,3,weekend,100,0,100,read
2026-10-10 02:10,rome,ostiense,6470454,Luggage Storage Basilica S. Paolo,2026-10-10,3,weekend,50,,,unavailable
2026-10-10 02:10,rome,repubblica,6469637,Luggage Storage Via Quattro Fontane,2026-10-10,3,weekend,50,,,unavailable
2026-10-10 02:10,rome,termini,6457349,Luggage Storage Termini Metro Station,2026-10-10,3,weekend,45,0,45,read
2026-10-10 02:10,rome,portuense,6454526,Luggage Storage Circonvallazione Gianicolense,2026-10-10,3,weekend,20,,,unavailable
2026-10-10 02:10,rome,trastevere,5086,Luggage Storage Piazza Scotti,2026-10-10,3,weekend,50,,,unavailable
2026-10-10 02:10,rome,aventino,3992,Luggage Storage Aventino,2026-10-10,3,weekend,100,0,100,read
2026-10-10 02:10,milan,palazzo-di-giustizia,6550,Luggage Storage Viale Regina Margherita,2026-10-10,3,weekend,30,0,30,read
2026-10-10 02:10,milan,san-babila,2709,Luggage Storage San Babila,2026-10-10,3,weekend,50,0,50,read
2026-10-10 02:10,milan,corso-buenos-aires,9020,Luggage Storage near Corso Buenos Aires,2026-10-10,3,weekend,20,0,20,read
2026-10-10 02:10,milan,milan-centrale-railway-station,6991,Luggage Storage Milano Porta Venezia,2026-10-10,3,weekend,45,0,45,read
2026-10-10 02:10,milan,missori,6473109,Luggage Storage Colonne / Vetra,2026-10-10,3,weekend,40,,,unavailable
2026-10-10 02:10,milan,milan-centrale-railway-station,6471137,Luggage Storage Centrale / Filzi,2026-10-10,3,weekend,100,,,unavailable
2026-10-10 02:10,milan,politecnico-di-milano-campus-bovisa-la-masa,6470851,Luggage Storage Milano Bovisa,2026-10-10,3,weekend,20,0,20,read
2026-10-10 02:10,milan,porta-romana,6469207,Luggage Storage Piazzale Libia,2026-10-10,3,weekend,20,,,unavailable
2026-10-10 02:10,milan,navigli,6463299,Luggage Storage Corso S. Gottardo,2026-10-10,3,weekend,20,,,unavailable
2026-10-10 02:10,milan,milano-repubblica-station,6462258,Luggage Storage near Milano Repubblica,2026-10-10,3,weekend,20,,,unavailable
2026-10-10 02:10,milan,navigli,6459502,Luggage Storage Ripa Di Porta Ticinese,2026-10-10,3,weekend,35,,,unavailable
2026-10-10 02:10,milan,bicocca,6459489,Luggage Storage Ponale,2026-10-10,3,weekend,20,,,unavailable
2026-10-10 02:10,milan,lambrate,6459487,Luggage Storage Via Porpora,2026-10-10,3,weekend,20,,,unavailable
2026-10-10 02:10,milan,porta-ticinese,6459398,Luggage Storage Porta Ticinese,2026-10-10,3,weekend,20,,,unavailable
2026-10-10 02:10,milan,santa-maria-delle-grazie,6458624,Luggage Storage Via Solari,2026-10-10,3,weekend,20,,,unavailable
2026-10-10 02:10,milan,porta-genova,6458616,Luggage Storage Conca Del Naviglio,2026-10-10,3,weekend,35,,,unavailable
2026-10-10 02:10,milan,washington,6458560,Luggage Storage Wagner,2026-10-10,3,weekend,35,0,35,read
2026-10-10 02:10,milan,milano-repubblica-station,6458359,Luggage Storage Milano Repubblica Train Station,2026-10-10,3,weekend,100,0,100,read
2026-10-10 02:10,milan,niguarda,6457565,Luggage Storage Milan Segnano,2026-10-10,3,weekend,20,,,unavailable
2026-10-10 02:10,milan,milan-centrale-railway-station,6456714,Luggage Storage near Mercato Centrale Milano,2026-10-10,3,weekend,50,,,unavailable
2026-10-10 02:10,milan,milan-centrale-railway-station,6452762,Luggage Storage Milano Centrale / Via Ponte Seveso,2026-10-10,3,weekend,55,,,unavailable
2026-10-10 02:10,naples,naples-centrale-train-station,188,Luggage Storage Naples Centrale,2026-10-10,3,weekend,300,0,300,read
2026-10-10 02:10,naples,naples-centrale-train-station,1835,Luggage Storage Naples Train Station,2026-10-10,3,weekend,45,0,45,read
2026-10-10 02:10,naples,monument-of-giuseppe-garibaldi,2697,Luggage Storage Corso Umberto I,2026-10-10,3,weekend,30,0,30,read
2026-10-10 02:10,naples,naples-city-center,5681,Luggage Storage near Sansevero Chapel,2026-10-10,3,weekend,50,2,48,read
2026-10-10 02:10,naples,napoli-porta-nolana,9071,Luggage Storage Duomo / Corso Umberto I,2026-10-10,3,weekend,60,0,60,read
2026-10-10 02:10,naples,mergellina-port,6717,Luggage Storage Via Piedigrotta,2026-10-10,3,weekend,50,0,50,read
2026-10-10 02:10,naples,vomero,6473629,Luggage Storage Arenella,2026-10-10,3,weekend,20,0,20,read
2026-10-10 02:10,naples,vomero,6473440,Luggage Storage Piazza Degli Artisti,2026-10-10,3,weekend,30,0,30,read
2026-10-10 02:10,naples,municipio,6470807,Luggage Storage Piazza Plebiscito,2026-10-10,3,weekend,50,,,unavailable
2026-10-10 02:10,naples,via-chiaia,6470110,Luggage Storage Chiaia,2026-10-10,3,weekend,100,0,100,read
2026-10-10 02:10,naples,universita,6461871,Luggage Storage Molo Immacolatella Vecchia,2026-10-10,3,weekend,30,0,30,read
2026-10-10 02:10,naples,naples-city-center,5972,Luggage Storage Diana Theatre,2026-10-10,3,weekend,15,,,unavailable
2026-10-10 02:10,naples,santa-lucia,5763,Luggage Storage Santa Lucia,2026-10-10,3,weekend,100,0,100,read
2026-10-10 02:10,florence,santa-maria-novella,884,Luggage Storage Santa Maria Novella,2026-10-10,3,weekend,140,10,130,read
2026-10-10 02:10,florence,basilica-of-santa-maria-novella,6461934,Luggage Storage Via Ghibellina,2026-10-10,3,weekend,20,,,unavailable
2026-10-10 02:10,turin,museo-pietro-micca,7213,Luggage Storage Porta Susa Railway Station,2026-10-10,3,weekend,95,0,95,read
2026-10-10 02:10,turin,city-center,6472386,Luggage Storage Rossini Tram Stop,2026-10-10,3,weekend,40,,,unavailable
2026-10-10 02:10,catania,borgo-sanzio,6458945,Luggage Storage Orto Botanico di Catania,2026-10-10,3,weekend,20,,,unavailable
2026-10-10 02:10,catania,catania-airport,6454786,Luggage Storage near Catania Airport,2026-10-10,3,weekend,50,3,47,read
2026-10-10 02:10,catania,city-center,6453899,Luggage Storage Catania Centrale,2026-10-10,3,weekend,35,,,unavailable
2026-10-10 02:10,venice,venice-marco-polo-airport,6452148,Luggage Storage near Venice Marco Polo Area,2026-10-10,3,weekend,45,2,43,read
2026-10-10 02:10,bari,altamura,6455039,Luggage Storage Altamura St Mary'S Cathedral,2026-10-10,3,weekend,10,,,unavailable
2026-10-10 02:10,bari,fiera-del-levante,1377,Luggage Storage Via Napoli,2026-10-10,3,weekend,30,0,30,read
2026-10-10 02:10,palermo,palermo-city-center,7123,Luggage Storage Monte Di Pietà,2026-10-10,3,weekend,30,,,unavailable
2026-10-10 02:10,bologna,bologna-centrale-railway-station,6460518,Luggage Storage near Bologna Station,2026-10-10,3,weekend,55,,,unavailable
2026-10-10 02:10,lecce,railway-station,6408,Luggage Storage Lecce Train Station,2026-10-10,3,weekend,70,1,69,read
2026-10-10 02:10,syracuse,station,6539,Luggage Storage Syracuse Railway Station,2026-10-10,3,weekend,30,0,30,read
2026-10-10 02:10,rimini,rimini-train-station,226,Luggage Storage Rimini Train Station,2026-10-10,3,weekend,300,0,300,read
2026-10-10 02:10,rimini,lungomare-augusto-murri,3797,Luggage Storage Rimini Beach,2026-10-10,3,weekend,15,0,15,read
2026-10-10 02:10,rimini,federico-fellini-international-airport,6460885,Luggage Storage Rimini Miramare,2026-10-10,3,weekend,20,0,20,read
2026-10-10 02:10,rimini,bellariva,6453303,Luggage Storage Viale Regina Elena,2026-10-10,3,weekend,50,,,unavailable
2026-10-10 02:10,sorrento,sorrento-train-station,6579,Luggage Storage Piazza Tasso,2026-10-10,3,weekend,30,,,unavailable
2026-10-10 02:10,sorrento,sorrento-train-station,6461804,Luggage Storage Piazza Lauro,2026-10-10,3,weekend,30,0,30,read
2026-10-10 02:10,sorrento,sant-agnello,6459956,Luggage Storage Sant'Agnello,2026-10-10,3,weekend,20,0,20,read
2026-10-10 02:10,la-spezia,la-spezia-centrale,6459699,Luggage Storage La Spezia Station,2026-10-10,3,weekend,60,,,unavailable
2026-10-10 02:10,mestre,mestre-train-station,5326,Luggage Storage Mestre Train Station,2026-10-10,3,weekend,100,0,100,read
2026-10-10 02:10,perugia,central-station,6460204,Luggage Storage Perugia Station 24H,2026-10-10,3,weekend,20,0,20,read
2026-10-10 02:10,reggio-calabria,villa-san-giovanni,5948,Luggage Storage Villa San Giovanni Station,2026-10-10,3,weekend,50,0,50,read
2026-10-10 02:10,bolzano,bolzano-train-station,6457943,Luggage Storage near Waltherplatz,2026-10-10,3,weekend,20,,,unavailable
2026-10-10 02:10,ferrara,city-center,873,Luggage Storage Ferrara City Center,2026-10-10,3,weekend,15,0,15,read
2026-10-10 02:10,ferrara,city-center,6451982,Luggage Storage Viale Cavour / Ferrara Castle,2026-10-10,3,weekend,50,0,50,read
2026-10-10 02:10,parma,city-center,6473550,Luggage Storage Arch of San Lazzaro,2026-10-10,3,weekend,10,0,10,read
2026-10-10 02:10,polignano-a-mare,city-center,6455631,Luggage Storage San Vito Beach,2026-10-10,3,weekend,10,,,unavailable
2026-10-10 02:10,ravenna,main-station,6453186,Luggage Storage Via Molinetto,2026-10-10,3,weekend,20,0,20,read
2026-10-10 02:10,trieste,trieste-train-station,3904,Luggage Storage near Trieste Central Station,2026-10-10,3,weekend,45,0,45,read
2026-10-10 02:10,ancona,ancona-train-station,458,Luggage Storage Ancona Train Station,2026-10-10,3,weekend,100,0,100,read
2026-10-10 02:10,padua,main-station,7281,Luggage Storage Via Sarpi,2026-10-10,3,weekend,60,0,60,read
2026-10-10 02:10,imola,city-center,6467886,Luggage Storage Piazza Matteotti,2026-10-10,3,weekend,200,0,200,read
2026-10-10 02:10,sassari,city-center,7623,Luggage Storage Viale Dante,2026-10-10,3,weekend,20,0,20,read
2026-10-10 02:10,caltanissetta,caltanissetta-centrale,7727,Luggage Storage Caltanissetta Train Station,2026-10-10,3,weekend,10,,,unavailable
2026-10-10 02:10,milazzo,port,6471045,Luggage Storage Via dei Mille,2026-10-10,3,weekend,200,0,200,read
2026-10-10 02:10,prato,prato-centrale,4478,Luggage Storage Prato City Center,2026-10-10,3,weekend,40,0,40,read
2026-10-10 02:10,lamezia-terme,train-station,6452912,Luggage Storage Lamezia Terme Centrale,2026-10-10,3,weekend,30,0,30,read
2026-10-10 02:10,sanremo,city-center,7763,Luggage Storage Sanremo City Center,2026-10-10,3,weekend,20,0,20,read
2026-10-10 02:10,ventimiglia,city-center-ventimiglia,6469655,Luggage Storage Ventimiglia Railway Station,2026-10-10,3,weekend,50,,,unavailable
2026-10-10 02:10,trani,trani-transit-station,6936,Luggage Storage Trani Port,2026-10-10,3,weekend,50,,,unavailable
2026-10-10 02:35,rome,termini,1109,Luggage Storage Termini,2026-10-10,3,weekend,300,9,291,read
2026-10-10 02:35,rome,termini,739,Luggage Storage Marsala - Termini,2026-10-10,3,weekend,200,,,unavailable
2026-10-10 02:35,rome,trastevere,913,Luggage Storage Viale Trastevere,2026-10-10,3,weekend,80,0,80,read
2026-10-10 02:35,rome,trastevere,5598,Luggage Storage Trastevere San Cosimato,2026-10-10,3,weekend,50,,,unavailable
2026-10-10 02:35,rome,via-del-corso,5660,Luggage Storage Via Del Corso,2026-10-10,3,weekend,25,0,25,read
2026-10-10 02:35,rome,termini,6472955,Luggage Storage Milazzo / Termini Station,2026-10-10,3,weekend,100,0,100,read
2026-10-10 02:35,rome,termini,6472954,Luggage Storage Marsala / Milazzo,2026-10-10,3,weekend,100,0,100,read
2026-10-10 02:35,rome,termini,6472953,Luggage Storage Milazzo / Magenta,2026-10-10,3,weekend,100,0,100,read
2026-10-10 02:35,rome,ostiense,6470454,Luggage Storage Basilica S. Paolo,2026-10-10,3,weekend,50,,,unavailable
2026-10-10 02:35,rome,repubblica,6469637,Luggage Storage Via Quattro Fontane,2026-10-10,3,weekend,50,,,unavailable
2026-10-10 02:35,rome,termini,6457349,Luggage Storage Termini Metro Station,2026-10-10,3,weekend,45,0,45,read
2026-10-10 02:35,rome,portuense,6454526,Luggage Storage Circonvallazione Gianicolense,2026-10-10,3,weekend,20,,,unavailable
2026-10-10 02:35,rome,trastevere,5086,Luggage Storage Piazza Scotti,2026-10-10,3,weekend,50,,,unavailable
2026-10-10 02:35,rome,aventino,3992,Luggage Storage Aventino,2026-10-10,3,weekend,100,0,100,read
2026-10-10 02:35,milan,palazzo-di-giustizia,6550,Luggage Storage Viale Regina Margherita,2026-10-10,3,weekend,30,0,30,read
2026-10-10 02:35,milan,san-babila,2709,Luggage Storage San Babila,2026-10-10,3,weekend,50,0,50,read
2026-10-10 02:35,milan,corso-buenos-aires,9020,Luggage Storage near Corso Buenos Aires,2026-10-10,3,weekend,20,0,20,read
2026-10-10 02:35,milan,milan-centrale-railway-station,6991,Luggage Storage Milano Porta Venezia,2026-10-10,3,weekend,45,0,45,read
2026-10-10 02:35,milan,missori,6473109,Luggage Storage Colonne / Vetra,2026-10-10,3,weekend,40,,,unavailable
2026-10-10 02:35,milan,milan-centrale-railway-station,6471137,Luggage Storage Centrale / Filzi,2026-10-10,3,weekend,100,,,unavailable
2026-10-10 02:35,milan,politecnico-di-milano-campus-bovisa-la-masa,6470851,Luggage Storage Milano Bovisa,2026-10-10,3,weekend,20,0,20,read
2026-10-10 02:35,milan,porta-romana,6469207,Luggage Storage Piazzale Libia,2026-10-10,3,weekend,20,,,unavailable
2026-10-10 02:35,milan,navigli,6463299,Luggage Storage Corso S. Gottardo,2026-10-10,3,weekend,20,,,unavailable
2026-10-10 02:35,milan,milano-repubblica-station,6462258,Luggage Storage near Milano Repubblica,2026-10-10,3,weekend,20,,,unavailable
2026-10-10 02:35,milan,navigli,6459502,Luggage Storage Ripa Di Porta Ticinese,2026-10-10,3,weekend,35,,,unavailable
2026-10-10 02:35,milan,bicocca,6459489,Luggage Storage Ponale,2026-10-10,3,weekend,20,,,unavailable
2026-10-10 02:35,milan,lambrate,6459487,Luggage Storage Via Porpora,2026-10-10,3,weekend,20,,,unavailable
2026-10-10 02:35,milan,porta-ticinese,6459398,Luggage Storage Porta Ticinese,2026-10-10,3,weekend,20,,,unavailable
2026-10-10 02:35,milan,santa-maria-delle-grazie,6458624,Luggage Storage Via Solari,2026-10-10,3,weekend,20,,,unavailable
2026-10-10 02:35,milan,porta-genova,6458616,Luggage Storage Conca Del Naviglio,2026-10-10,3,weekend,35,,,unavailable
2026-10-10 02:35,milan,washington,6458560,Luggage Storage Wagner,2026-10-10,3,weekend,35,0,35,read
2026-10-10 02:35,milan,milano-repubblica-station,6458359,Luggage Storage Milano Repubblica Train Station,2026-10-10,3,weekend,100,0,100,read
2026-10-10 02:35,milan,niguarda,6457565,Luggage Storage Milan Segnano,2026-10-10,3,weekend,20,,,unavailable
2026-10-10 02:35,milan,milan-centrale-railway-station,6456714,Luggage Storage near Mercato Centrale Milano,2026-10-10,3,weekend,50,,,unavailable
2026-10-10 02:35,milan,milan-centrale-railway-station,6452762,Luggage Storage Milano Centrale / Via Ponte Seveso,2026-10-10,3,weekend,55,,,unavailable
2026-10-10 02:35,naples,naples-centrale-train-station,188,Luggage Storage Naples Centrale,2026-10-10,3,weekend,300,0,300,read
2026-10-10 02:35,naples,naples-centrale-train-station,1835,Luggage Storage Naples Train Station,2026-10-10,3,weekend,45,0,45,read
2026-10-10 02:35,naples,monument-of-giuseppe-garibaldi,2697,Luggage Storage Corso Umberto I,2026-10-10,3,weekend,30,0,30,read
2026-10-10 02:35,naples,naples-city-center,5681,Luggage Storage near Sansevero Chapel,2026-10-10,3,weekend,50,2,48,read
2026-10-10 02:35,naples,napoli-porta-nolana,9071,Luggage Storage Duomo / Corso Umberto I,2026-10-10,3,weekend,60,0,60,read
2026-10-10 02:35,naples,mergellina-port,6717,Luggage Storage Via Piedigrotta,2026-10-10,3,weekend,50,0,50,read
2026-10-10 02:35,naples,vomero,6473629,Luggage Storage Arenella,2026-10-10,3,weekend,20,0,20,read
2026-10-10 02:35,naples,vomero,6473440,Luggage Storage Piazza Degli Artisti,2026-10-10,3,weekend,30,0,30,read
2026-10-10 02:35,naples,municipio,6470807,Luggage Storage Piazza Plebiscito,2026-10-10,3,weekend,50,,,unavailable
2026-10-10 02:35,naples,via-chiaia,6470110,Luggage Storage Chiaia,2026-10-10,3,weekend,100,0,100,read
2026-10-10 02:35,naples,universita,6461871,Luggage Storage Molo Immacolatella Vecchia,2026-10-10,3,weekend,30,0,30,read
2026-10-10 02:35,naples,naples-city-center,5972,Luggage Storage Diana Theatre,2026-10-10,3,weekend,15,,,unavailable
2026-10-10 02:35,naples,santa-lucia,5763,Luggage Storage Santa Lucia,2026-10-10,3,weekend,100,0,100,read
2026-10-10 02:35,florence,santa-maria-novella,884,Luggage Storage Santa Maria Novella,2026-10-10,3,weekend,140,10,130,read
2026-10-10 02:35,florence,basilica-of-santa-maria-novella,6461934,Luggage Storage Via Ghibellina,2026-10-10,3,weekend,20,,,unavailable
2026-10-10 02:35,turin,museo-pietro-micca,7213,Luggage Storage Porta Susa Railway Station,2026-10-10,3,weekend,95,0,95,read
2026-10-10 02:35,turin,city-center,6472386,Luggage Storage Rossini Tram Stop,2026-10-10,3,weekend,40,,,unavailable
2026-10-10 02:35,catania,borgo-sanzio,6458945,Luggage Storage Orto Botanico di Catania,2026-10-10,3,weekend,20,,,unavailable
2026-10-10 02:35,catania,catania-airport,6454786,Luggage Storage near Catania Airport,2026-10-10,3,weekend,50,3,47,read
2026-10-10 02:35,catania,city-center,6453899,Luggage Storage Catania Centrale,2026-10-10,3,weekend,35,,,unavailable
2026-10-10 02:35,venice,venice-marco-polo-airport,6452148,Luggage Storage near Venice Marco Polo Area,2026-10-10,3,weekend,45,2,43,read
2026-10-10 02:35,bari,altamura,6455039,Luggage Storage Altamura St Mary'S Cathedral,2026-10-10,3,weekend,10,,,unavailable
2026-10-10 02:35,bari,fiera-del-levante,1377,Luggage Storage Via Napoli,2026-10-10,3,weekend,30,0,30,read
2026-10-10 02:35,palermo,palermo-city-center,7123,Luggage Storage Monte Di Pietà,2026-10-10,3,weekend,30,,,unavailable
2026-10-10 02:35,bologna,bologna-centrale-railway-station,6460518,Luggage Storage near Bologna Station,2026-10-10,3,weekend,55,,,unavailable
2026-10-10 02:35,lecce,railway-station,6408,Luggage Storage Lecce Train Station,2026-10-10,3,weekend,70,1,69,read
2026-10-10 02:35,syracuse,station,6539,Luggage Storage Syracuse Railway Station,2026-10-10,3,weekend,30,0,30,read
2026-10-10 02:35,rimini,rimini-train-station,226,Luggage Storage Rimini Train Station,2026-10-10,3,weekend,300,0,300,read
2026-10-10 02:35,rimini,lungomare-augusto-murri,3797,Luggage Storage Rimini Beach,2026-10-10,3,weekend,15,0,15,read
2026-10-10 02:35,rimini,federico-fellini-international-airport,6460885,Luggage Storage Rimini Miramare,2026-10-10,3,weekend,20,0,20,read
2026-10-10 02:35,rimini,bellariva,6453303,Luggage Storage Viale Regina Elena,2026-10-10,3,weekend,50,,,unavailable
2026-10-10 02:35,sorrento,sorrento-train-station,6579,Luggage Storage Piazza Tasso,2026-10-10,3,weekend,30,,,unavailable
2026-10-10 02:35,sorrento,sorrento-train-station,6461804,Luggage Storage Piazza Lauro,2026-10-10,3,weekend,30,0,30,read
2026-10-10 02:35,sorrento,sant-agnello,6459956,Luggage Storage Sant'Agnello,2026-10-10,3,weekend,20,0,20,read
2026-10-10 02:35,la-spezia,la-spezia-centrale,6459699,Luggage Storage La Spezia Station,2026-10-10,3,weekend,60,,,unavailable
2026-10-10 02:35,mestre,mestre-train-station,5326,Luggage Storage Mestre Train Station,2026-10-10,3,weekend,100,0,100,read
2026-10-10 02:35,perugia,central-station,6460204,Luggage Storage Perugia Station 24H,2026-10-10,3,weekend,20,0,20,read
2026-10-10 02:35,reggio-calabria,villa-san-giovanni,5948,Luggage Storage Villa San Giovanni Station,2026-10-10,3,weekend,50,0,50,read
2026-10-10 02:35,bolzano,bolzano-train-station,6457943,Luggage Storage near Waltherplatz,2026-10-10,3,weekend,20,,,unavailable
2026-10-10 02:35,ferrara,city-center,873,Luggage Storage Ferrara City Center,2026-10-10,3,weekend,15,0,15,read
2026-10-10 02:35,ferrara,city-center,6451982,Luggage Storage Viale Cavour / Ferrara Castle,2026-10-10,3,weekend,50,0,50,read
2026-10-10 02:35,parma,city-center,6473550,Luggage Storage Arch of San Lazzaro,2026-10-10,3,weekend,10,0,10,read
2026-10-10 02:35,polignano-a-mare,city-center,6455631,Luggage Storage San Vito Beach,2026-10-10,3,weekend,10,,,unavailable
2026-10-10 02:35,ravenna,main-station,6453186,Luggage Storage Via Molinetto,2026-10-10,3,weekend,20,0,20,read
2026-10-10 02:35,trieste,trieste-train-station,3904,Luggage Storage near Trieste Central Station,2026-10-10,3,weekend,45,0,45,read
2026-10-10 02:35,ancona,ancona-train-station,458,Luggage Storage Ancona Train Station,2026-10-10,3,weekend,100,0,100,read
2026-10-10 02:35,padua,main-station,7281,Luggage Storage Via Sarpi,2026-10-10,3,weekend,60,0,60,read
2026-10-10 02:35,imola,city-center,6467886,Luggage Storage Piazza Matteotti,2026-10-10,3,weekend,200,0,200,read
2026-10-10 02:35,sassari,city-center,7623,Luggage Storage Viale Dante,2026-10-10,3,weekend,20,0,20,read
2026-10-10 02:35,caltanissetta,caltanissetta-centrale,7727,Luggage Storage Caltanissetta Train Station,2026-10-10,3,weekend,10,,,unavailable
2026-10-10 02:35,milazzo,port,6471045,Luggage Storage Via dei Mille,2026-10-10,3,weekend,200,0,200,read
2026-10-10 02:35,prato,prato-centrale,4478,Luggage Storage Prato City Center,2026-10-10,3,weekend,40,0,40,read
2026-10-10 02:35,lamezia-terme,train-station,6452912,Luggage Storage Lamezia Terme Centrale,2026-10-10,3,weekend,30,0,30,read
2026-10-10 02:35,sanremo,city-center,7763,Luggage Storage Sanremo City Center,2026-10-10,3,weekend,20,0,20,read
2026-10-10 02:35,ventimiglia,city-center-ventimiglia,6469655,Luggage Storage Ventimiglia Railway Station,2026-10-10,3,weekend,50,,,unavailable
2026-10-10 02:35,trani,trani-transit-station,6936,Luggage Storage Trani Port,2026-10-10,3,weekend,50,,,unavailable
2026-10-10 03:11,rome,termini,1109,Luggage Storage Termini,2026-10-10,4,weekend,300,9,291,read
2026-10-10 03:11,rome,termini,739,Luggage Storage Marsala - Termini,2026-10-10,4,weekend,200,,,unavailable
2026-10-10 03:11,rome,trastevere,913,Luggage Storage Viale Trastevere,2026-10-10,4,weekend,80,0,80,read
2026-10-10 03:11,rome,trastevere,5598,Luggage Storage Trastevere San Cosimato,2026-10-10,4,weekend,50,,,unavailable
2026-10-10 03:11,rome,via-del-corso,5660,Luggage Storage Via Del Corso,2026-10-10,4,weekend,25,0,25,read
2026-10-10 03:11,rome,termini,6472955,Luggage Storage Milazzo / Termini Station,2026-10-10,4,weekend,100,0,100,read
2026-10-10 03:11,rome,termini,6472954,Luggage Storage Marsala / Milazzo,2026-10-10,4,weekend,100,0,100,read
2026-10-10 03:11,rome,termini,6472953,Luggage Storage Milazzo / Magenta,2026-10-10,4,weekend,100,0,100,read
2026-10-10 03:11,rome,ostiense,6470454,Luggage Storage Basilica S. Paolo,2026-10-10,4,weekend,50,,,unavailable
2026-10-10 03:11,rome,repubblica,6469637,Luggage Storage Via Quattro Fontane,2026-10-10,4,weekend,50,,,unavailable
2026-10-10 03:11,rome,termini,6457349,Luggage Storage Termini Metro Station,2026-10-10,4,weekend,45,0,45,read
2026-10-10 03:11,rome,portuense,6454526,Luggage Storage Circonvallazione Gianicolense,2026-10-10,4,weekend,20,,,unavailable
2026-10-10 03:11,rome,trastevere,5086,Luggage Storage Piazza Scotti,2026-10-10,4,weekend,50,,,unavailable
2026-10-10 03:11,rome,aventino,3992,Luggage Storage Aventino,2026-10-10,4,weekend,100,0,100,read
2026-10-10 03:11,milan,palazzo-di-giustizia,6550,Luggage Storage Viale Regina Margherita,2026-10-10,4,weekend,30,0,30,read
2026-10-10 03:11,milan,san-babila,2709,Luggage Storage San Babila,2026-10-10,4,weekend,50,0,50,read
2026-10-10 03:11,milan,corso-buenos-aires,9020,Luggage Storage near Corso Buenos Aires,2026-10-10,4,weekend,20,0,20,read
2026-10-10 03:11,milan,milan-centrale-railway-station,6991,Luggage Storage Milano Porta Venezia,2026-10-10,4,weekend,45,0,45,read
2026-10-10 03:11,milan,missori,6473109,Luggage Storage Colonne / Vetra,2026-10-10,4,weekend,40,,,unavailable
2026-10-10 03:11,milan,milan-centrale-railway-station,6471137,Luggage Storage Centrale / Filzi,2026-10-10,4,weekend,100,,,unavailable
2026-10-10 03:11,milan,politecnico-di-milano-campus-bovisa-la-masa,6470851,Luggage Storage Milano Bovisa,2026-10-10,4,weekend,20,0,20,read
2026-10-10 03:11,milan,porta-romana,6469207,Luggage Storage Piazzale Libia,2026-10-10,4,weekend,20,,,unavailable
2026-10-10 03:11,milan,navigli,6463299,Luggage Storage Corso S. Gottardo,2026-10-10,4,weekend,20,,,unavailable
2026-10-10 03:11,milan,milano-repubblica-station,6462258,Luggage Storage near Milano Repubblica,2026-10-10,4,weekend,20,,,unavailable
2026-10-10 03:11,milan,navigli,6459502,Luggage Storage Ripa Di Porta Ticinese,2026-10-10,4,weekend,35,,,unavailable
2026-10-10 03:11,milan,bicocca,6459489,Luggage Storage Ponale,2026-10-10,4,weekend,20,,,unavailable
2026-10-10 03:11,milan,lambrate,6459487,Luggage Storage Via Porpora,2026-10-10,4,weekend,20,,,unavailable
2026-10-10 03:11,milan,porta-ticinese,6459398,Luggage Storage Porta Ticinese,2026-10-10,4,weekend,20,,,unavailable
2026-10-10 03:11,milan,santa-maria-delle-grazie,6458624,Luggage Storage Via Solari,2026-10-10,4,weekend,20,,,unavailable
2026-10-10 03:11,milan,porta-genova,6458616,Luggage Storage Conca Del Naviglio,2026-10-10,4,weekend,35,,,unavailable
2026-10-10 03:11,milan,washington,6458560,Luggage Storage Wagner,2026-10-10,4,weekend,35,0,35,read
2026-10-10 03:11,milan,milano-repubblica-station,6458359,Luggage Storage Milano Repubblica Train Station,2026-10-10,4,weekend,100,0,100,read
2026-10-10 03:11,milan,niguarda,6457565,Luggage Storage Milan Segnano,2026-10-10,4,weekend,20,,,unavailable
2026-10-10 03:11,milan,milan-centrale-railway-station,6456714,Luggage Storage near Mercato Centrale Milano,2026-10-10,4,weekend,50,,,unavailable
2026-10-10 03:11,milan,milan-centrale-railway-station,6452762,Luggage Storage Milano Centrale / Via Ponte Seveso,2026-10-10,4,weekend,55,,,unavailable
2026-10-10 03:11,naples,naples-centrale-train-station,188,Luggage Storage Naples Centrale,2026-10-10,4,weekend,300,0,300,read
2026-10-10 03:11,naples,naples-centrale-train-station,1835,Luggage Storage Naples Train Station,2026-10-10,4,weekend,45,0,45,read
2026-10-10 03:11,naples,monument-of-giuseppe-garibaldi,2697,Luggage Storage Corso Umberto I,2026-10-10,4,weekend,30,0,30,read
2026-10-10 03:11,naples,naples-city-center,5681,Luggage Storage near Sansevero Chapel,2026-10-10,4,weekend,50,2,48,read
2026-10-10 03:11,naples,napoli-porta-nolana,9071,Luggage Storage Duomo / Corso Umberto I,2026-10-10,4,weekend,60,0,60,read
2026-10-10 03:11,naples,mergellina-port,6717,Luggage Storage Via Piedigrotta,2026-10-10,4,weekend,50,0,50,read
2026-10-10 03:11,naples,vomero,6473629,Luggage Storage Arenella,2026-10-10,4,weekend,20,0,20,read
2026-10-10 03:11,naples,vomero,6473440,Luggage Storage Piazza Degli Artisti,2026-10-10,4,weekend,30,0,30,read
2026-10-10 03:11,naples,municipio,6470807,Luggage Storage Piazza Plebiscito,2026-10-10,4,weekend,50,,,unavailable
2026-10-10 03:11,naples,via-chiaia,6470110,Luggage Storage Chiaia,2026-10-10,4,weekend,100,0,100,read
2026-10-10 03:11,naples,universita,6461871,Luggage Storage Molo Immacolatella Vecchia,2026-10-10,4,weekend,30,0,30,read
2026-10-10 03:11,naples,naples-city-center,5972,Luggage Storage Diana Theatre,2026-10-10,4,weekend,15,,,unavailable
2026-10-10 03:11,naples,santa-lucia,5763,Luggage Storage Santa Lucia,2026-10-10,4,weekend,100,0,100,read
2026-10-10 03:11,florence,santa-maria-novella,884,Luggage Storage Santa Maria Novella,2026-10-10,4,weekend,140,10,130,read
2026-10-10 03:11,florence,basilica-of-santa-maria-novella,6461934,Luggage Storage Via Ghibellina,2026-10-10,4,weekend,20,,,unavailable
2026-10-10 03:11,turin,museo-pietro-micca,7213,Luggage Storage Porta Susa Railway Station,2026-10-10,4,weekend,95,0,95,read
2026-10-10 03:11,turin,city-center,6472386,Luggage Storage Rossini Tram Stop,2026-10-10,4,weekend,40,,,unavailable
2026-10-10 03:11,catania,borgo-sanzio,6458945,Luggage Storage Orto Botanico di Catania,2026-10-10,4,weekend,20,,,unavailable
2026-10-10 03:11,catania,catania-airport,6454786,Luggage Storage near Catania Airport,2026-10-10,4,weekend,50,3,47,read
2026-10-10 03:11,catania,city-center,6453899,Luggage Storage Catania Centrale,2026-10-10,4,weekend,35,,,unavailable
2026-10-10 03:11,venice,venice-marco-polo-airport,6452148,Luggage Storage near Venice Marco Polo Area,2026-10-10,4,weekend,45,2,43,read
2026-10-10 03:11,bari,altamura,6455039,Luggage Storage Altamura St Mary'S Cathedral,2026-10-10,4,weekend,10,,,unavailable
2026-10-10 03:11,bari,fiera-del-levante,1377,Luggage Storage Via Napoli,2026-10-10,4,weekend,30,0,30,read
2026-10-10 03:11,palermo,palermo-city-center,7123,Luggage Storage Monte Di Pietà,2026-10-10,4,weekend,30,,,unavailable
2026-10-10 03:11,bologna,bologna-centrale-railway-station,6460518,Luggage Storage near Bologna Station,2026-10-10,4,weekend,55,,,unavailable
2026-10-10 03:11,lecce,railway-station,6408,Luggage Storage Lecce Train Station,2026-10-10,4,weekend,70,1,69,read
2026-10-10 03:11,syracuse,station,6539,Luggage Storage Syracuse Railway Station,2026-10-10,4,weekend,30,0,30,read
2026-10-10 03:11,rimini,rimini-train-station,226,Luggage Storage Rimini Train Station,2026-10-10,4,weekend,300,0,300,read
2026-10-10 03:11,rimini,lungomare-augusto-murri,3797,Luggage Storage Rimini Beach,2026-10-10,4,weekend,15,0,15,read
2026-10-10 03:11,rimini,federico-fellini-international-airport,6460885,Luggage Storage Rimini Miramare,2026-10-10,4,weekend,20,0,20,read
2026-10-10 03:11,rimini,bellariva,6453303,Luggage Storage Viale Regina Elena,2026-10-10,4,weekend,50,,,unavailable
2026-10-10 03:11,sorrento,sorrento-train-station,6579,Luggage Storage Piazza Tasso,2026-10-10,4,weekend,30,,,unavailable
2026-10-10 03:11,sorrento,sorrento-train-station,6461804,Luggage Storage Piazza Lauro,2026-10-10,4,weekend,30,0,30,read
2026-10-10 03:11,sorrento,sant-agnello,6459956,Luggage Storage Sant'Agnello,2026-10-10,4,weekend,20,0,20,read
2026-10-10 03:11,la-spezia,la-spezia-centrale,6459699,Luggage Storage La Spezia Station,2026-10-10,4,weekend,60,,,unavailable
2026-10-10 03:11,mestre,mestre-train-station,5326,Luggage Storage Mestre Train Station,2026-10-10,4,weekend,100,0,100,read
2026-10-10 03:11,perugia,central-station,6460204,Luggage Storage Perugia Station 24H,2026-10-10,4,weekend,20,0,20,read
2026-10-10 03:11,reggio-calabria,villa-san-giovanni,5948,Luggage Storage Villa San Giovanni Station,2026-10-10,4,weekend,50,0,50,read
2026-10-10 03:11,bolzano,bolzano-train-station,6457943,Luggage Storage near Waltherplatz,2026-10-10,4,weekend,20,,,unavailable
2026-10-10 03:11,ferrara,city-center,873,Luggage Storage Ferrara City Center,2026-10-10,4,weekend,15,0,15,read
2026-10-10 03:11,ferrara,city-center,6451982,Luggage Storage Viale Cavour / Ferrara Castle,2026-10-10,4,weekend,50,0,50,read
2026-10-10 03:11,parma,city-center,6473550,Luggage Storage Arch of San Lazzaro,2026-10-10,4,weekend,10,0,10,read
2026-10-10 03:11,polignano-a-mare,city-center,6455631,Luggage Storage San Vito Beach,2026-10-10,4,weekend,10,,,unavailable
2026-10-10 03:11,ravenna,main-station,6453186,Luggage Storage Via Molinetto,2026-10-10,4,weekend,20,0,20,read
2026-10-10 03:11,trieste,trieste-train-station,3904,Luggage Storage near Trieste Central Station,2026-10-10,4,weekend,45,0,45,read
2026-10-10 03:11,ancona,ancona-train-station,458,Luggage Storage Ancona Train Station,2026-10-10,4,weekend,100,0,100,read
2026-10-10 03:11,padua,main-station,7281,Luggage Storage Via Sarpi,2026-10-10,4,weekend,60,0,60,read
2026-10-10 03:11,imola,city-center,6467886,Luggage Storage Piazza Matteotti,2026-10-10,4,weekend,200,0,200,read
2026-10-10 03:11,sassari,city-center,7623,Luggage Storage Viale Dante,2026-10-10,4,weekend,20,0,20,read
2026-10-10 03:11,caltanissetta,caltanissetta-centrale,7727,Luggage Storage Caltanissetta Train Station,2026-10-10,4,weekend,10,,,unavailable
2026-10-10 03:11,milazzo,port,6471045,Luggage Storage Via dei Mille,2026-10-10,4,weekend,200,0,200,read
2026-10-10 03:11,prato,prato-centrale,4478,Luggage Storage Prato City Center,2026-10-10,4,weekend,40,0,40,read
2026-10-10 03:11,lamezia-terme,train-station,6452912,Luggage Storage Lamezia Terme Centrale,2026-10-10,4,weekend,30,0,30,read
2026-10-10 03:11,sanremo,city-center,7763,Luggage Storage Sanremo City Center,2026-10-10,4,weekend,20,0,20,read
2026-10-10 03:11,ventimiglia,city-center-ventimiglia,6469655,Luggage Storage Ventimiglia Railway Station,2026-10-10,4,weekend,50,,,unavailable
2026-10-10 03:11,trani,trani-transit-station,6936,Luggage Storage Trani Port,2026-10-10,4,weekend,50,,,unavailable
2026-10-10 04:08,rome,termini,1109,Luggage Storage Termini,2026-10-10,5,weekend,300,9,291,read
2026-10-10 04:08,rome,tiburtina,4763,Luggage Storage Tiburtina Terminal,2026-10-10,5,weekend,65,0,65,read
2026-10-10 04:08,rome,termini,739,Luggage Storage Marsala - Termini,2026-10-10,5,weekend,200,,,unavailable
2026-10-10 04:08,rome,trastevere,913,Luggage Storage Viale Trastevere,2026-10-10,5,weekend,80,0,80,read
2026-10-10 04:08,rome,trastevere,5598,Luggage Storage Trastevere San Cosimato,2026-10-10,5,weekend,50,,,unavailable
2026-10-10 04:08,rome,via-del-corso,5660,Luggage Storage Via Del Corso,2026-10-10,5,weekend,25,0,25,read
2026-10-10 04:08,rome,termini,6472955,Luggage Storage Milazzo / Termini Station,2026-10-10,5,weekend,100,0,100,read
2026-10-10 04:08,rome,termini,6472954,Luggage Storage Marsala / Milazzo,2026-10-10,5,weekend,100,0,100,read
2026-10-10 04:08,rome,termini,6472953,Luggage Storage Milazzo / Magenta,2026-10-10,5,weekend,100,0,100,read
2026-10-10 04:08,rome,ostiense,6470454,Luggage Storage Basilica S. Paolo,2026-10-10,5,weekend,50,,,unavailable
2026-10-10 04:08,rome,repubblica,6469637,Luggage Storage Via Quattro Fontane,2026-10-10,5,weekend,50,,,unavailable
2026-10-10 04:08,rome,termini,6457349,Luggage Storage Termini Metro Station,2026-10-10,5,weekend,45,0,45,read
2026-10-10 04:08,rome,portuense,6454526,Luggage Storage Circonvallazione Gianicolense,2026-10-10,5,weekend,20,,,unavailable
2026-10-10 04:08,rome,trastevere,5086,Luggage Storage Piazza Scotti,2026-10-10,5,weekend,50,,,unavailable
2026-10-10 04:08,rome,aventino,3992,Luggage Storage Aventino,2026-10-10,5,weekend,100,0,100,read
2026-10-10 04:08,milan,palazzo-di-giustizia,6550,Luggage Storage Viale Regina Margherita,2026-10-10,5,weekend,30,0,30,read
2026-10-10 04:08,milan,san-babila,2709,Luggage Storage San Babila,2026-10-10,5,weekend,50,0,50,read
2026-10-10 04:08,milan,corso-buenos-aires,9020,Luggage Storage near Corso Buenos Aires,2026-10-10,5,weekend,20,0,20,read
2026-10-10 04:08,milan,milan-centrale-railway-station,6991,Luggage Storage Milano Porta Venezia,2026-10-10,5,weekend,45,0,45,read
2026-10-10 04:08,milan,missori,6473109,Luggage Storage Colonne / Vetra,2026-10-10,5,weekend,40,,,unavailable
2026-10-10 04:08,milan,milan-centrale-railway-station,6471137,Luggage Storage Centrale / Filzi,2026-10-10,5,weekend,100,,,unavailable
2026-10-10 04:08,milan,politecnico-di-milano-campus-bovisa-la-masa,6470851,Luggage Storage Milano Bovisa,2026-10-10,5,weekend,20,0,20,read
2026-10-10 04:08,milan,porta-romana,6469207,Luggage Storage Piazzale Libia,2026-10-10,5,weekend,20,,,unavailable
2026-10-10 04:08,milan,navigli,6463299,Luggage Storage Corso S. Gottardo,2026-10-10,5,weekend,20,,,unavailable
2026-10-10 04:08,milan,milano-repubblica-station,6462258,Luggage Storage near Milano Repubblica,2026-10-10,5,weekend,20,,,unavailable
2026-10-10 04:08,milan,niguarda,6461262,Luggage Storage near Niguarda,2026-10-10,5,weekend,20,0,20,read
2026-10-10 04:08,milan,navigli,6459502,Luggage Storage Ripa Di Porta Ticinese,2026-10-10,5,weekend,35,,,unavailable
2026-10-10 04:08,milan,bicocca,6459489,Luggage Storage Ponale,2026-10-10,5,weekend,20,,,unavailable
2026-10-10 04:08,milan,lambrate,6459487,Luggage Storage Via Porpora,2026-10-10,5,weekend,20,,,unavailable
2026-10-10 04:08,milan,porta-ticinese,6459398,Luggage Storage Porta Ticinese,2026-10-10,5,weekend,20,,,unavailable
2026-10-10 04:08,milan,santa-maria-delle-grazie,6458624,Luggage Storage Via Solari,2026-10-10,5,weekend,20,,,unavailable
2026-10-10 04:08,milan,porta-genova,6458616,Luggage Storage Conca Del Naviglio,2026-10-10,5,weekend,35,,,unavailable
2026-10-10 04:08,milan,washington,6458560,Luggage Storage Wagner,2026-10-10,5,weekend,35,0,35,read
2026-10-10 04:08,milan,milano-repubblica-station,6458359,Luggage Storage Milano Repubblica Train Station,2026-10-10,5,weekend,100,0,100,read
2026-10-10 04:08,milan,niguarda,6457565,Luggage Storage Milan Segnano,2026-10-10,5,weekend,20,,,unavailable
2026-10-10 04:08,milan,milan-centrale-railway-station,6456714,Luggage Storage near Mercato Centrale Milano,2026-10-10,5,weekend,50,,,unavailable
2026-10-10 04:08,milan,milan-centrale-railway-station,6452762,Luggage Storage Milano Centrale / Via Ponte Seveso,2026-10-10,5,weekend,55,,,unavailable
2026-10-10 04:08,naples,naples-centrale-train-station,188,Luggage Storage Naples Centrale,2026-10-10,5,weekend,300,0,300,read
2026-10-10 04:08,naples,naples-centrale-train-station,1835,Luggage Storage Naples Train Station,2026-10-10,5,weekend,45,0,45,read
2026-10-10 04:08,naples,monument-of-giuseppe-garibaldi,2697,Luggage Storage Corso Umberto I,2026-10-10,5,weekend,30,0,30,read
2026-10-10 04:08,naples,naples-city-center,5681,Luggage Storage near Sansevero Chapel,2026-10-10,5,weekend,50,2,48,read
2026-10-10 04:08,naples,napoli-porta-nolana,9071,Luggage Storage Duomo / Corso Umberto I,2026-10-10,5,weekend,60,0,60,read
2026-10-10 04:08,naples,mergellina-port,6717,Luggage Storage Via Piedigrotta,2026-10-10,5,weekend,50,0,50,read
2026-10-10 04:08,naples,vomero,6473629,Luggage Storage Arenella,2026-10-10,5,weekend,20,0,20,read
2026-10-10 04:08,naples,vomero,6473440,Luggage Storage Piazza Degli Artisti,2026-10-10,5,weekend,30,0,30,read
2026-10-10 04:08,naples,municipio,6470807,Luggage Storage Piazza Plebiscito,2026-10-10,5,weekend,50,,,unavailable
2026-10-10 04:08,naples,via-chiaia,6470110,Luggage Storage Chiaia,2026-10-10,5,weekend,100,0,100,read
2026-10-10 04:08,naples,universita,6461871,Luggage Storage Molo Immacolatella Vecchia,2026-10-10,5,weekend,30,0,30,read
2026-10-10 04:08,naples,naples-city-center,5972,Luggage Storage Diana Theatre,2026-10-10,5,weekend,15,,,unavailable
2026-10-10 04:08,naples,santa-lucia,5763,Luggage Storage Santa Lucia,2026-10-10,5,weekend,100,0,100,read
2026-10-10 04:08,florence,santa-maria-novella,884,Luggage Storage Santa Maria Novella,2026-10-10,5,weekend,140,10,130,read
2026-10-10 04:08,florence,basilica-of-santa-maria-novella,6461934,Luggage Storage Via Ghibellina,2026-10-10,5,weekend,20,,,unavailable
2026-10-10 04:08,turin,museo-pietro-micca,7213,Luggage Storage Porta Susa Railway Station,2026-10-10,5,weekend,95,0,95,read
2026-10-10 04:08,turin,city-center,6472386,Luggage Storage Rossini Tram Stop,2026-10-10,5,weekend,40,,,unavailable
2026-10-10 04:08,catania,borgo-sanzio,6458945,Luggage Storage Orto Botanico di Catania,2026-10-10,5,weekend,20,,,unavailable
2026-10-10 04:08,catania,catania-airport,6454786,Luggage Storage near Catania Airport,2026-10-10,5,weekend,50,3,47,read
2026-10-10 04:08,catania,city-center,6453899,Luggage Storage Catania Centrale,2026-10-10,5,weekend,35,,,unavailable
2026-10-10 04:08,venice,venice-marco-polo-airport,6452148,Luggage Storage near Venice Marco Polo Area,2026-10-10,5,weekend,45,2,43,read
2026-10-10 04:08,bari,altamura,6455039,Luggage Storage Altamura St Mary'S Cathedral,2026-10-10,5,weekend,10,,,unavailable
2026-10-10 04:08,bari,fiera-del-levante,1377,Luggage Storage Via Napoli,2026-10-10,5,weekend,30,0,30,read
2026-10-10 04:08,palermo,palermo-city-center,7123,Luggage Storage Monte Di Pietà,2026-10-10,5,weekend,30,,,unavailable
2026-10-10 04:08,bologna,bologna-centrale-railway-station,6460518,Luggage Storage near Bologna Station,2026-10-10,5,weekend,55,,,unavailable
2026-10-10 04:08,lecce,railway-station,6408,Luggage Storage Lecce Train Station,2026-10-10,5,weekend,70,1,69,read
2026-10-10 04:08,syracuse,station,6539,Luggage Storage Syracuse Railway Station,2026-10-10,5,weekend,30,0,30,read
2026-10-10 04:08,rimini,rimini-train-station,226,Luggage Storage Rimini Train Station,2026-10-10,5,weekend,300,0,300,read
2026-10-10 04:08,rimini,lungomare-augusto-murri,3797,Luggage Storage Rimini Beach,2026-10-10,5,weekend,15,0,15,read
2026-10-10 04:08,rimini,federico-fellini-international-airport,6460885,Luggage Storage Rimini Miramare,2026-10-10,5,weekend,20,0,20,read
2026-10-10 04:08,rimini,bellariva,6453303,Luggage Storage Viale Regina Elena,2026-10-10,5,weekend,50,,,unavailable
2026-10-10 04:08,sorrento,sorrento-train-station,6579,Luggage Storage Piazza Tasso,2026-10-10,5,weekend,30,,,unavailable
2026-10-10 04:08,sorrento,sorrento-train-station,6461804,Luggage Storage Piazza Lauro,2026-10-10,5,weekend,30,0,30,read
2026-10-10 04:08,sorrento,sant-agnello,6459956,Luggage Storage Sant'Agnello,2026-10-10,5,weekend,20,0,20,read
2026-10-10 04:08,alghero,alghero-airport,6460125,Luggage Storage Alghero Airport,2026-10-10,5,weekend,30,4,26,read
2026-10-10 04:08,la-spezia,la-spezia-centrale,6459699,Luggage Storage La Spezia Station,2026-10-10,5,weekend,60,,,unavailable
2026-10-10 04:08,mestre,mestre-train-station,5326,Luggage Storage Mestre Train Station,2026-10-10,5,weekend,100,0,100,read
2026-10-10 04:08,perugia,central-station,6460204,Luggage Storage Perugia Station 24H,2026-10-10,5,weekend,20,0,20,read
2026-10-10 04:08,reggio-calabria,villa-san-giovanni,5948,Luggage Storage Villa San Giovanni Station,2026-10-10,5,weekend,50,0,50,read
2026-10-10 04:08,bolzano,bolzano-train-station,6457943,Luggage Storage near Waltherplatz,2026-10-10,5,weekend,20,,,unavailable
2026-10-10 04:08,ferrara,city-center,873,Luggage Storage Ferrara City Center,2026-10-10,5,weekend,15,0,15,read
2026-10-10 04:08,ferrara,city-center,6451982,Luggage Storage Viale Cavour / Ferrara Castle,2026-10-10,5,weekend,50,0,50,read
2026-10-10 04:08,trento,main-station,3884,Luggage Storage Trento Railway Station,2026-10-10,5,weekend,40,0,40,read
2026-10-10 04:08,parma,city-center,6473550,Luggage Storage Arch of San Lazzaro,2026-10-10,5,weekend,10,0,10,read
2026-10-10 04:08,polignano-a-mare,city-center,6455631,Luggage Storage San Vito Beach,2026-10-10,5,weekend,10,,,unavailable
2026-10-10 04:08,ravenna,main-station,6453186,Luggage Storage Via Molinetto,2026-10-10,5,weekend,20,0,20,read
2026-10-10 04:08,trieste,trieste-train-station,3904,Luggage Storage near Trieste Central Station,2026-10-10,5,weekend,45,0,45,read
2026-10-10 04:08,ancona,ancona-train-station,458,Luggage Storage Ancona Train Station,2026-10-10,5,weekend,100,0,100,read
2026-10-10 04:08,padua,main-station,7281,Luggage Storage Via Sarpi,2026-10-10,5,weekend,60,0,60,read
2026-10-10 04:08,imola,city-center,6467886,Luggage Storage Piazza Matteotti,2026-10-10,5,weekend,200,0,200,read
2026-10-10 04:08,sassari,city-center,7623,Luggage Storage Viale Dante,2026-10-10,5,weekend,20,0,20,read
2026-10-10 04:08,assisi,city-center,7307,Luggage Storage Basilica Di Santa Maria Degli Angeli,2026-10-10,5,weekend,25,0,25,read
2026-10-10 04:08,caltanissetta,caltanissetta-centrale,7727,Luggage Storage Caltanissetta Train Station,2026-10-10,5,weekend,10,,,unavailable
2026-10-10 04:08,milazzo,port,6471045,Luggage Storage Via dei Mille,2026-10-10,5,weekend,200,0,200,read
2026-10-10 04:08,prato,prato-centrale,4478,Luggage Storage Prato City Center,2026-10-10,5,weekend,40,0,40,read
2026-10-10 04:08,lamezia-terme,train-station,6452912,Luggage Storage Lamezia Terme Centrale,2026-10-10,5,weekend,30,0,30,read
2026-10-10 04:08,sanremo,city-center,7763,Luggage Storage Sanremo City Center,2026-10-10,5,weekend,20,0,20,read
2026-10-10 04:08,sestri-levante,sestri-levante-train-station,6459773,Luggage Storage Sestri Levante Train Station,2026-10-10,5,weekend,35,0,35,read
2026-10-10 04:08,ventimiglia,city-center-ventimiglia,6469655,Luggage Storage Ventimiglia Railway Station,2026-10-10,5,weekend,50,,,unavailable
2026-10-10 04:08,trani,trani-transit-station,6936,Luggage Storage Trani Port,2026-10-10,5,weekend,50,,,unavailable
2026-10-10 05:07,rome,termini,1109,Luggage Storage Termini,2026-10-10,6,weekend,300,11,289,read
2026-10-10 05:07,rome,tiburtina,4763,Luggage Storage Tiburtina Terminal,2026-10-10,6,weekend,65,0,65,read
2026-10-10 05:07,rome,termini,739,Luggage Storage Marsala - Termini,2026-10-10,6,weekend,200,2,198,read
2026-10-10 05:07,rome,trastevere,913,Luggage Storage Viale Trastevere,2026-10-10,6,weekend,80,0,80,read
2026-10-10 05:07,rome,trastevere,5598,Luggage Storage Trastevere San Cosimato,2026-10-10,6,weekend,50,,,unavailable
2026-10-10 05:07,rome,via-del-corso,5660,Luggage Storage Via Del Corso,2026-10-10,6,weekend,25,0,25,read
2026-10-10 05:07,rome,termini,6472955,Luggage Storage Milazzo / Termini Station,2026-10-10,6,weekend,100,0,100,read
2026-10-10 05:07,rome,termini,6472954,Luggage Storage Marsala / Milazzo,2026-10-10,6,weekend,100,0,100,read
2026-10-10 05:07,rome,termini,6472953,Luggage Storage Milazzo / Magenta,2026-10-10,6,weekend,100,0,100,read
2026-10-10 05:07,rome,ostiense,6470455,Luggage Storage near Ostiense,2026-10-10,6,weekend,20,0,20,read
2026-10-10 05:07,rome,ostiense,6470454,Luggage Storage Basilica S. Paolo,2026-10-10,6,weekend,50,,,unavailable
2026-10-10 05:07,rome,repubblica,6469637,Luggage Storage Via Quattro Fontane,2026-10-10,6,weekend,50,,,unavailable
2026-10-10 05:07,rome,termini,6457349,Luggage Storage Termini Metro Station,2026-10-10,6,weekend,45,0,45,read
2026-10-10 05:07,rome,flaminio,6456650,Luggage Storage Mancini Bus Station,2026-10-10,6,weekend,25,0,25,read
2026-10-10 05:07,rome,portuense,6454526,Luggage Storage Circonvallazione Gianicolense,2026-10-10,6,weekend,20,,,unavailable
2026-10-10 05:07,rome,trastevere,5086,Luggage Storage Piazza Scotti,2026-10-10,6,weekend,50,,,unavailable
2026-10-10 05:07,rome,aventino,3992,Luggage Storage Aventino,2026-10-10,6,weekend,100,0,100,read
2026-10-10 05:07,milan,milan-centrale-railway-station,3521,Luggage Storage Milan Centrale Train Station,2026-10-10,6,weekend,300,1,299,read
2026-10-10 05:07,milan,palazzo-di-giustizia,6550,Luggage Storage Viale Regina Margherita,2026-10-10,6,weekend,30,0,30,read
2026-10-10 05:07,milan,san-babila,2709,Luggage Storage San Babila,2026-10-10,6,weekend,50,0,50,read
2026-10-10 05:07,milan,corso-buenos-aires,9020,Luggage Storage near Corso Buenos Aires,2026-10-10,6,weekend,20,0,20,read
2026-10-10 05:07,milan,milan-centrale-railway-station,6991,Luggage Storage Milano Porta Venezia,2026-10-10,6,weekend,45,0,45,read
2026-10-10 05:07,milan,missori,6473109,Luggage Storage Colonne / Vetra,2026-10-10,6,weekend,40,,,unavailable
2026-10-10 05:07,milan,milan-centrale-railway-station,6471137,Luggage Storage Centrale / Filzi,2026-10-10,6,weekend,100,,,unavailable
2026-10-10 05:07,milan,politecnico-di-milano-campus-bovisa-la-masa,6470851,Luggage Storage Milano Bovisa,2026-10-10,6,weekend,20,0,20,read
2026-10-10 05:07,milan,porta-romana,6469207,Luggage Storage Piazzale Libia,2026-10-10,6,weekend,20,,,unavailable
2026-10-10 05:07,milan,navigli,6463299,Luggage Storage Corso S. Gottardo,2026-10-10,6,weekend,20,1,19,read
2026-10-10 05:07,milan,milano-repubblica-station,6462258,Luggage Storage near Milano Repubblica,2026-10-10,6,weekend,20,,,unavailable
2026-10-10 05:07,milan,niguarda,6461262,Luggage Storage near Niguarda,2026-10-10,6,weekend,20,0,20,read
2026-10-10 05:07,milan,navigli,6459502,Luggage Storage Ripa Di Porta Ticinese,2026-10-10,6,weekend,35,,,unavailable
2026-10-10 05:07,milan,bicocca,6459489,Luggage Storage Ponale,2026-10-10,6,weekend,20,,,unavailable
2026-10-10 05:07,milan,lambrate,6459487,Luggage Storage Via Porpora,2026-10-10,6,weekend,20,,,unavailable
2026-10-10 05:07,milan,zone-7-of-milan,6459485,Luggage Storage Piazzale Brescia,2026-10-10,6,weekend,20,2,18,read
2026-10-10 05:07,milan,porta-ticinese,6459398,Luggage Storage Porta Ticinese,2026-10-10,6,weekend,20,,,unavailable
2026-10-10 05:07,milan,santa-maria-delle-grazie,6458624,Luggage Storage Via Solari,2026-10-10,6,weekend,20,,,unavailable
2026-10-10 05:07,milan,porta-genova,6458616,Luggage Storage Conca Del Naviglio,2026-10-10,6,weekend,35,,,unavailable
2026-10-10 05:07,milan,washington,6458560,Luggage Storage Wagner,2026-10-10,6,weekend,35,0,35,read
2026-10-10 05:07,milan,milano-repubblica-station,6458359,Luggage Storage Milano Repubblica Train Station,2026-10-10,6,weekend,100,,,unavailable
2026-10-10 05:07,milan,niguarda,6457565,Luggage Storage Milan Segnano,2026-10-10,6,weekend,20,,,unavailable
2026-10-10 05:07,milan,san-siro-stadium,6457232,Luggage Storage San Siro Stadium Metro Station,2026-10-10,6,weekend,35,0,35,read
2026-10-10 05:07,milan,milan-centrale-railway-station,6456714,Luggage Storage near Mercato Centrale Milano,2026-10-10,6,weekend,50,,,unavailable
2026-10-10 05:07,milan,milan-centrale-railway-station,6452762,Luggage Storage Milano Centrale / Via Ponte Seveso,2026-10-10,6,weekend,55,,,unavailable
2026-10-10 05:07,milan,san-siro-stadium,5779,Luggage Storage Via Novara,2026-10-10,6,weekend,50,0,50,read
2026-10-10 05:07,milan,san-siro-stadium,10096,Luggage Storage Amendola Metro Station,2026-10-10,6,weekend,15,0,15,read
2026-10-10 05:07,naples,naples-centrale-train-station,188,Luggage Storage Naples Centrale,2026-10-10,6,weekend,300,0,300,read
2026-10-10 05:07,naples,naples-centrale-train-station,1835,Luggage Storage Naples Train Station,2026-10-10,6,weekend,45,0,45,read
2026-10-10 05:07,naples,monument-of-giuseppe-garibaldi,2697,Luggage Storage Corso Umberto I,2026-10-10,6,weekend,30,0,30,read
2026-10-10 05:07,naples,naples-city-center,5681,Luggage Storage near Sansevero Chapel,2026-10-10,6,weekend,50,2,48,read
2026-10-10 05:07,naples,dante,9271,Luggage Storage Dante Metro Station,2026-10-10,6,weekend,30,0,30,read
2026-10-10 05:07,naples,napoli-porta-nolana,9071,Luggage Storage Duomo / Corso Umberto I,2026-10-10,6,weekend,60,0,60,read
2026-10-10 05:07,naples,mergellina-port,6717,Luggage Storage Via Piedigrotta,2026-10-10,6,weekend,50,0,50,read
2026-10-10 05:07,naples,vomero,6473629,Luggage Storage Arenella,2026-10-10,6,weekend,20,0,20,read
2026-10-10 05:07,naples,vomero,6473440,Luggage Storage Piazza Degli Artisti,2026-10-10,6,weekend,30,0,30,read
2026-10-10 05:07,naples,municipio,6470807,Luggage Storage Piazza Plebiscito,2026-10-10,6,weekend,50,,,unavailable
2026-10-10 05:07,naples,via-chiaia,6470110,Luggage Storage Chiaia,2026-10-10,6,weekend,100,0,100,read
2026-10-10 05:07,naples,universita,6461871,Luggage Storage Molo Immacolatella Vecchia,2026-10-10,6,weekend,30,0,30,read
2026-10-10 05:07,naples,napoli-porta-nolana,6460717,Luggage Storage Vespucci - Lucci,2026-10-10,6,weekend,15,0,15,read
2026-10-10 05:07,naples,naples-airport,6458533,Luggage Storage Naples Airport,2026-10-10,6,weekend,30,0,30,read
2026-10-10 05:07,naples,naples-centrale-train-station,6454591,Luggage Storage Metropark Terminal Bus Station,2026-10-10,6,weekend,100,0,100,read
2026-10-10 05:07,naples,naples-city-center,5972,Luggage Storage Diana Theatre,2026-10-10,6,weekend,15,,,unavailable
2026-10-10 05:07,naples,santa-lucia,5763,Luggage Storage Santa Lucia,2026-10-10,6,weekend,100,0,100,read
2026-10-10 05:07,florence,santa-maria-novella,884,Luggage Storage Santa Maria Novella,2026-10-10,6,weekend,140,13,127,read
2026-10-10 05:07,florence,basilica-of-santa-maria-novella,6461934,Luggage Storage Via Ghibellina,2026-10-10,6,weekend,20,,,unavailable
2026-10-10 05:07,florence,basilica-of-santa-maria-novella,6460614,Luggage Storage Via Guelfa / Piazza San Marco,2026-10-10,6,weekend,30,0,30,read
2026-10-10 05:07,turin,museo-pietro-micca,7213,Luggage Storage Porta Susa Railway Station,2026-10-10,6,weekend,95,0,95,read
2026-10-10 05:07,turin,city-center,6472386,Luggage Storage Rossini Tram Stop,2026-10-10,6,weekend,40,,,unavailable
2026-10-10 05:07,catania,catania-centrale,6560,Luggage Storage Catania Bus Station,2026-10-10,6,weekend,100,1,99,read
2026-10-10 05:07,catania,borgo-sanzio,6458945,Luggage Storage Orto Botanico di Catania,2026-10-10,6,weekend,20,,,unavailable
2026-10-10 05:07,catania,catania-airport,6454786,Luggage Storage near Catania Airport,2026-10-10,6,weekend,50,3,47,read
2026-10-10 05:07,catania,city-center,6453899,Luggage Storage Catania Centrale,2026-10-10,6,weekend,35,,,unavailable
2026-10-10 05:07,catania,city-center,6452806,Luggage Storage Catania Harbor Pier,2026-10-10,6,weekend,10,0,10,read
2026-10-10 05:07,catania,catania-centrale,6452780,Luggage Storage Giovanni Xxiii Metro Station,2026-10-10,6,weekend,25,0,25,read
2026-10-10 05:07,venice,rialto,149,Luggage Storage Rialto Bridge,2026-10-10,6,weekend,300,0,300,read
2026-10-10 05:07,venice,piazzale-roma,5722,Luggage Storage Piazzale Roma,2026-10-10,6,weekend,100,1,99,read
2026-10-10 05:07,venice,venice-marco-polo-airport,6452148,Luggage Storage near Venice Marco Polo Area,2026-10-10,6,weekend,45,2,43,read
2026-10-10 05:07,bari,altamura,6455039,Luggage Storage Altamura St Mary'S Cathedral,2026-10-10,6,weekend,10,,,unavailable
2026-10-10 05:07,bari,fiera-del-levante,1377,Luggage Storage Via Napoli,2026-10-10,6,weekend,30,0,30,read
2026-10-10 05:07,palermo,palermo-city-center,7123,Luggage Storage Monte Di Pietà,2026-10-10,6,weekend,30,,,unavailable
2026-10-10 05:07,bologna,bologna-centrale-railway-station,6460518,Luggage Storage near Bologna Station,2026-10-10,6,weekend,55,,,unavailable
2026-10-10 05:07,lecce,railway-station,6408,Luggage Storage Lecce Train Station,2026-10-10,6,weekend,70,1,69,read
2026-10-10 05:07,syracuse,station,6539,Luggage Storage Syracuse Railway Station,2026-10-10,6,weekend,30,0,30,read
2026-10-10 05:07,rimini,rimini-train-station,226,Luggage Storage Rimini Train Station,2026-10-10,6,weekend,300,0,300,read
2026-10-10 05:07,rimini,lungomare-augusto-murri,3797,Luggage Storage Rimini Beach,2026-10-10,6,weekend,15,0,15,read
2026-10-10 05:07,rimini,lungomare-augusto-murri,6713,Luggage Storage Piazza Kennedy,2026-10-10,6,weekend,25,0,25,read
2026-10-10 05:07,rimini,federico-fellini-international-airport,6460885,Luggage Storage Rimini Miramare,2026-10-10,6,weekend,20,0,20,read
2026-10-10 05:07,rimini,bellariva,6453303,Luggage Storage Viale Regina Elena,2026-10-10,6,weekend,50,,,unavailable
2026-10-10 05:07,rimini,rimini-train-station,6453291,Luggage Storage Via Roma / Station,2026-10-10,6,weekend,15,0,15,read
2026-10-10 05:07,sorrento,sorrento-train-station,6579,Luggage Storage Piazza Tasso,2026-10-10,6,weekend,30,,,unavailable
2026-10-10 05:07,sorrento,sorrento-train-station,6461804,Luggage Storage Piazza Lauro,2026-10-10,6,weekend,30,0,30,read
2026-10-10 05:07,sorrento,sant-agnello,6459956,Luggage Storage Sant'Agnello,2026-10-10,6,weekend,20,0,20,read
2026-10-10 05:07,salerno,salerno-train-station,640,Luggage Storage Salerno Train Station,2026-10-10,6,weekend,100,2,98,read
2026-10-10 05:07,salerno,salerno-train-station,7600,Luggage Storage Salerno Railway Station,2026-10-10,6,weekend,50,1,49,read
2026-10-10 05:07,salerno,city-centre,9129,Luggage Storage Salerno Villa Comunale,2026-10-10,6,weekend,20,0,20,read
2026-10-10 05:07,alghero,alghero-airport,6460125,Luggage Storage Alghero Airport,2026-10-10,6,weekend,30,4,26,read
2026-10-10 05:07,la-spezia,la-spezia-centrale,6459699,Luggage Storage La Spezia Station,2026-10-10,6,weekend,60,,,unavailable
2026-10-10 05:07,mestre,mestre-train-station,5326,Luggage Storage Mestre Train Station,2026-10-10,6,weekend,100,0,100,read
2026-10-10 05:07,perugia,central-station,6460204,Luggage Storage Perugia Station 24H,2026-10-10,6,weekend,20,0,20,read
2026-10-10 05:07,perugia,bus-station,7238,Luggage Storage Perugia Bus Station,2026-10-10,6,weekend,25,0,25,read
2026-10-10 05:07,trapani,train-station,6526,Luggage Storage Museum Of Illusions,2026-10-10,6,weekend,10,0,10,read
2026-10-10 05:07,reggio-calabria,villa-san-giovanni,5948,Luggage Storage Villa San Giovanni Station,2026-10-10,6,weekend,50,0,50,read
2026-10-10 05:07,bolzano,bolzano-train-station,6457943,Luggage Storage near Waltherplatz,2026-10-10,6,weekend,20,,,unavailable
2026-10-10 05:07,ferrara,city-center,873,Luggage Storage Ferrara City Center,2026-10-10,6,weekend,15,0,15,read
2026-10-10 05:07,ferrara,city-center,6451982,Luggage Storage Viale Cavour / Ferrara Castle,2026-10-10,6,weekend,50,0,50,read
2026-10-10 05:07,ferrara,railway-station,6452547,Luggage Storage Ferrara Train Station,2026-10-10,6,weekend,40,0,40,read
2026-10-10 05:07,trento,main-station,3884,Luggage Storage Trento Railway Station,2026-10-10,6,weekend,40,0,40,read
2026-10-10 05:07,messina,messina-centrale,9018,Luggage Storage Messina Train Station,2026-10-10,6,weekend,30,2,28,read
2026-10-10 05:07,aosta,train-station,3895,Luggage Storage Transit Station Aosta,2026-10-10,6,weekend,65,0,65,read
2026-10-10 05:07,brescia,train-station,7597,Luggage Storage Brescia Station,2026-10-10,6,weekend,20,0,20,read
2026-10-10 05:07,monza,monza-train-station,6462143,Luggage Storage Monza Railway Station,2026-10-10,6,weekend,20,0,20,read
2026-10-10 05:07,parma,city-center,6473550,Luggage Storage Arch of San Lazzaro,2026-10-10,6,weekend,10,0,10,read
2026-10-10 05:07,polignano-a-mare,city-center,6455631,Luggage Storage San Vito Beach,2026-10-10,6,weekend,10,,,unavailable
2026-10-10 05:07,ravenna,main-station,6453186,Luggage Storage Via Molinetto,2026-10-10,6,weekend,20,0,20,read
2026-10-10 05:07,savona,public-beach-lo-scaletto-dei-pescatori,6456768,Luggage Storage Lo Scaletto Dei Pescatori Beach,2026-10-10,6,weekend,20,0,20,read
2026-10-10 05:07,trieste,trieste-train-station,3904,Luggage Storage near Trieste Central Station,2026-10-10,6,weekend,45,0,45,read
2026-10-10 05:07,ancona,ancona-train-station,458,Luggage Storage Ancona Train Station,2026-10-10,6,weekend,100,0,100,read
2026-10-10 05:07,padua,main-station,7281,Luggage Storage Via Sarpi,2026-10-10,6,weekend,60,0,60,read
2026-10-10 05:07,imola,city-center,6467886,Luggage Storage Piazza Matteotti,2026-10-10,6,weekend,200,0,200,read
2026-10-10 05:07,sassari,city-center,7623,Luggage Storage Viale Dante,2026-10-10,6,weekend,20,0,20,read
2026-10-10 05:07,taranto,castello-aragonese,6852,Luggage Storage San Cataldo Cathedral,2026-10-10,6,weekend,50,0,50,read
2026-10-10 05:07,assisi,city-center,7307,Luggage Storage Basilica Di Santa Maria Degli Angeli,2026-10-10,6,weekend,25,0,25,read
2026-10-10 05:07,caltanissetta,caltanissetta-centrale,7727,Luggage Storage Caltanissetta Train Station,2026-10-10,6,weekend,10,,,unavailable
2026-10-10 05:07,olbia,train-station,7387,Luggage Storage Olbia Terranova Train Station,2026-10-10,6,weekend,100,0,100,read
2026-10-10 05:07,milazzo,port,6471045,Luggage Storage Via dei Mille,2026-10-10,6,weekend,200,0,200,read
2026-10-10 05:07,ostuni,city-centre,6876,Luggage Storage Ostuni Train Station,2026-10-10,6,weekend,50,0,50,read
2026-10-10 05:07,prato,prato-centrale,4478,Luggage Storage Prato City Center,2026-10-10,6,weekend,40,0,40,read
2026-10-10 05:07,prato,prato-centrale,6471185,Luggage Storage Prato Centrale Railway Station,2026-10-10,6,weekend,10,0,10,read
2026-10-10 05:07,lamezia-terme,train-station,6452912,Luggage Storage Lamezia Terme Centrale,2026-10-10,6,weekend,30,0,30,read
2026-10-10 05:07,mantua,city-center,6385,Luggage Storage Social Theatre,2026-10-10,6,weekend,25,0,25,read
2026-10-10 05:07,massa,city-center,6458344,Luggage Storage Massa Centro Railway Station,2026-10-10,6,weekend,20,0,20,read
2026-10-10 05:07,sanremo,city-center,7763,Luggage Storage Sanremo City Center,2026-10-10,6,weekend,20,0,20,read
2026-10-10 05:07,sestri-levante,sestri-levante-train-station,6459773,Luggage Storage Sestri Levante Train Station,2026-10-10,6,weekend,35,0,35,read
2026-10-10 05:07,stromboli,ferry-terminal,6461846,Luggage Storage Scari Beach,2026-10-10,6,weekend,20,0,20,read
2026-10-10 05:07,ventimiglia,city-center-ventimiglia,6469655,Luggage Storage Ventimiglia Railway Station,2026-10-10,6,weekend,50,,,unavailable
2026-10-10 05:07,formia,city-center,6458650,Luggage Storage Formia Train Station,2026-10-10,6,weekend,10,0,10,read
2026-10-10 05:07,gorizia,gorizia-train-station,9040,Luggage Storage Gorizia Train Station,2026-10-10,6,weekend,25,0,25,read
2026-10-10 05:07,paola,paola-train-station,8993,Luggage Storage Paola Train Station,2026-10-10,6,weekend,10,0,10,read
2026-10-10 05:07,rovigo,rovigo-train-station,6457110,Luggage Storage Rovigo Train Station,2026-10-10,6,weekend,20,0,20,read
2026-10-10 05:07,trani,trani-transit-station,6936,Luggage Storage Trani Port,2026-10-10,6,weekend,50,,,unavailable
2026-10-10 06:09,rome,termini,1109,Luggage Storage Termini,2026-10-10,7,weekend,300,13,287,read
2026-10-10 06:09,rome,tiburtina,4763,Luggage Storage Tiburtina Terminal,2026-10-10,7,weekend,65,0,65,read
2026-10-10 06:09,rome,termini,739,Luggage Storage Marsala - Termini,2026-10-10,7,weekend,200,2,198,read
2026-10-10 06:09,rome,trastevere,913,Luggage Storage Viale Trastevere,2026-10-10,7,weekend,80,0,80,read
2026-10-10 06:09,rome,roma-vatican-museums,6459809,Luggage Storage near Vatican Museums,2026-10-10,7,weekend,50,0,50,read
2026-10-10 06:09,rome,trastevere,5598,Luggage Storage Trastevere San Cosimato,2026-10-10,7,weekend,50,0,50,read
2026-10-10 06:09,rome,termini,5684,Luggage Storage Termini Rome,2026-10-10,7,weekend,50,2,48,read
2026-10-10 06:09,rome,via-del-corso,5660,Luggage Storage Via Del Corso,2026-10-10,7,weekend,25,0,25,read
2026-10-10 06:09,rome,ostiense,1828,Luggage Storage Eataly,2026-10-10,7,weekend,30,0,30,read
2026-10-10 06:09,rome,termini,6472955,Luggage Storage Milazzo / Termini Station,2026-10-10,7,weekend,100,0,100,read
2026-10-10 06:09,rome,termini,6472954,Luggage Storage Marsala / Milazzo,2026-10-10,7,weekend,100,0,100,read
2026-10-10 06:09,rome,termini,6472953,Luggage Storage Milazzo / Magenta,2026-10-10,7,weekend,100,0,100,read
2026-10-10 06:09,rome,ostiense,6470455,Luggage Storage near Ostiense,2026-10-10,7,weekend,20,0,20,read
2026-10-10 06:09,rome,ostiense,6470454,Luggage Storage Basilica S. Paolo,2026-10-10,7,weekend,50,,,unavailable
2026-10-10 06:09,rome,Municipio-Roma-X,6470296,Luggage Storage Casal Palocco,2026-10-10,7,weekend,30,0,30,read
2026-10-10 06:09,rome,repubblica,6469637,Luggage Storage Via Quattro Fontane,2026-10-10,7,weekend,50,,,unavailable
2026-10-10 06:09,rome,prati,6468191,Luggage Storage Via degli Scipioni,2026-10-10,7,weekend,30,0,30,read
2026-10-10 06:09,rome,pantheon,6468018,Luggage Storage near Piazza del Gesù,2026-10-10,7,weekend,50,0,50,read
2026-10-10 06:09,rome,castel-sant-angelo,6457822,Luggage Storage near Sant'Angelo Castle,2026-10-10,7,weekend,60,0,60,read
2026-10-10 06:09,rome,termini,6457349,Luggage Storage Termini Metro Station,2026-10-10,7,weekend,45,0,45,read
2026-10-10 06:09,rome,san-giovanni,6457022,Luggage Storage Magna Grecia/Tuscolo,2026-10-10,7,weekend,35,0,35,read
2026-10-10 06:09,rome,flaminio,6456650,Luggage Storage Mancini Bus Station,2026-10-10,7,weekend,25,0,25,read
2026-10-10 06:09,rome,portuense,6454526,Luggage Storage Circonvallazione Gianicolense,2026-10-10,7,weekend,20,,,unavailable
2026-10-10 06:09,rome,vittorio-emanuele,6451424,Luggage Storage Roma Santa Maria Maggiore,2026-10-10,7,weekend,50,0,50,read
2026-10-10 06:09,rome,tiburtina,6235,Luggage Storage Via Della Lega Lombarda,2026-10-10,7,weekend,40,0,40,read
2026-10-10 06:09,rome,trastevere,5086,Luggage Storage Piazza Scotti,2026-10-10,7,weekend,50,,,unavailable
2026-10-10 06:09,rome,furio-camillo,4573,Luggage Storage Lodi Metro Station,2026-10-10,7,weekend,40,0,40,read
2026-10-10 06:09,rome,aventino,3992,Luggage Storage Aventino,2026-10-10,7,weekend,100,0,100,read
2026-10-10 06:09,rome,baldo-degli-ubaldi-station,3920,Luggage Storage Baldo Degli Ubaldi,2026-10-10,7,weekend,40,0,40,read
2026-10-10 06:09,milan,porta-garibaldi-train-station,8939,Luggage Storage Porta Garibaldi Railway Station,2026-10-10,7,weekend,40,0,40,read
2026-10-10 06:09,milan,milan-centrale-railway-station,3521,Luggage Storage Milan Centrale Train Station,2026-10-10,7,weekend,300,1,299,read
2026-10-10 06:09,milan,palazzo-di-giustizia,6550,Luggage Storage Viale Regina Margherita,2026-10-10,7,weekend,30,0,30,read
2026-10-10 06:09,milan,porta-genova,9028,Luggage Storage Milano Porta Genova Railway Station,2026-10-10,7,weekend,65,0,65,read
2026-10-10 06:09,milan,san-babila,2709,Luggage Storage San Babila,2026-10-10,7,weekend,50,0,50,read
2026-10-10 06:09,milan,corso-buenos-aires,9020,Luggage Storage near Corso Buenos Aires,2026-10-10,7,weekend,20,0,20,read
2026-10-10 06:09,milan,milan-centrale-railway-station,6991,Luggage Storage Milano Porta Venezia,2026-10-10,7,weekend,45,0,45,read
2026-10-10 06:09,milan,missori,6473109,Luggage Storage Colonne / Vetra,2026-10-10,7,weekend,40,,,unavailable
2026-10-10 06:09,milan,milan-centrale-railway-station,6471137,Luggage Storage Centrale / Filzi,2026-10-10,7,weekend,100,,,unavailable
2026-10-10 06:09,milan,politecnico-di-milano-campus-bovisa-la-masa,6470851,Luggage Storage Milano Bovisa,2026-10-10,7,weekend,20,0,20,read
2026-10-10 06:09,milan,santa-giulia,6470604,Luggage Storage Santa Giulia,2026-10-10,7,weekend,10,2,8,read
2026-10-10 06:09,milan,conchetta,6470318,Luggage Storage Via Conca del Naviglio,2026-10-10,7,weekend,25,0,25,read
2026-10-10 06:09,milan,porta-ticinese,6469992,Luggage Storage near Bocconi University,2026-10-10,7,weekend,50,0,50,read
2026-10-10 06:09,milan,porta-romana,6469207,Luggage Storage Piazzale Libia,2026-10-10,7,weekend,20,0,20,read
2026-10-10 06:09,milan,crescenzago,6468881,Luggage Storage Crescenzago Metro Station,2026-10-10,7,weekend,10,0,10,read
2026-10-10 06:09,milan,bullona,6468852,Luggage Storage near Fiera Milano City,2026-10-10,7,weekend,20,0,20,read
2026-10-10 06:09,milan,navigli,6463299,Luggage Storage Corso S. Gottardo,2026-10-10,7,weekend,20,1,19,read
2026-10-10 06:09,milan,milano-repubblica-station,6462258,Luggage Storage near Milano Repubblica,2026-10-10,7,weekend,20,,,unavailable
2026-10-10 06:09,milan,niguarda,6461262,Luggage Storage near Niguarda,2026-10-10,7,weekend,20,0,20,read
2026-10-10 06:09,milan,cerchiate,6460933,Luggage Storage Pero Cerchiate,2026-10-10,7,weekend,20,0,20,read
2026-10-10 06:09,milan,bullona,6460853,Luggage Storage Sonnino / Varesina,2026-10-10,7,weekend,20,0,20,read
2026-10-10 06:09,milan,assago,6460127,Luggage Storage Assago,2026-10-10,7,weekend,20,0,20,read
2026-10-10 06:09,milan,navigli,6459502,Luggage Storage Ripa Di Porta Ticinese,2026-10-10,7,weekend,35,,,unavailable
2026-10-10 06:09,milan,bicocca,6459489,Luggage Storage Ponale,2026-10-10,7,weekend,20,,,unavailable
2026-10-10 06:09,milan,lambrate,6459487,Luggage Storage Via Porpora,2026-10-10,7,weekend,20,,,unavailable
2026-10-10 06:09,milan,zone-7-of-milan,6459485,Luggage Storage Piazzale Brescia,2026-10-10,7,weekend,20,2,18,read
2026-10-10 06:09,milan,porta-ticinese,6459398,Luggage Storage Porta Ticinese,2026-10-10,7,weekend,20,,,unavailable
2026-10-10 06:09,milan,porta-garibaldi,6459394,Luggage Storage Moscova metro station,2026-10-10,7,weekend,300,0,300,read
2026-10-10 06:09,milan,lambrate,6459387,Luggage Storage Rubattino,2026-10-10,7,weekend,20,0,20,read
2026-10-10 06:09,milan,santa-maria-delle-grazie,6458624,Luggage Storage Via Solari,2026-10-10,7,weekend,20,,,unavailable
2026-10-10 06:09,milan,porta-genova,6458616,Luggage Storage Conca Del Naviglio,2026-10-10,7,weekend,35,,,unavailable
2026-10-10 06:09,milan,washington,6458560,Luggage Storage Wagner,2026-10-10,7,weekend,35,0,35,read
2026-10-10 06:09,milan,milano-repubblica-station,6458359,Luggage Storage Milano Repubblica Train Station,2026-10-10,7,weekend,100,,,unavailable
2026-10-10 06:09,milan,niguarda,6457565,Luggage Storage Milan Segnano,2026-10-10,7,weekend,20,,,unavailable
2026-10-10 06:09,milan,san-siro-stadium,6457232,Luggage Storage San Siro Stadium Metro Station,2026-10-10,7,weekend,35,0,35,read
2026-10-10 06:09,milan,milan-centrale-railway-station,6456714,Luggage Storage near Mercato Centrale Milano,2026-10-10,7,weekend,50,,,unavailable
2026-10-10 06:09,milan,porta-genova,6456385,Luggage Storage Vetra Metro Station,2026-10-10,7,weekend,45,0,45,read
2026-10-10 06:09,milan,milan-centrale-railway-station,6452762,Luggage Storage Milano Centrale / Via Ponte Seveso,2026-10-10,7,weekend,55,,,unavailable
2026-10-10 06:09,milan,porta-venezia,6452268,Luggage Storage Milano Risorgimento,2026-10-10,7,weekend,30,0,30,read
2026-10-10 06:09,milan,milan-centrale-railway-station,6452134,Luggage Storage Milano Maggiolina,2026-10-10,7,weekend,25,0,25,read
2026-10-10 06:09,milan,zone-1-of-milan,6451752,Luggage Storage near Pinacoteca Di Brera,2026-10-10,7,weekend,40,0,40,read
2026-10-10 06:09,milan,san-siro-stadium,5779,Luggage Storage Via Novara,2026-10-10,7,weekend,50,0,50,read
2026-10-10 06:09,milan,san-siro-stadium,10096,Luggage Storage Amendola Metro Station,2026-10-10,7,weekend,15,0,15,read
2026-10-10 06:09,naples,naples-centrale-train-station,188,Luggage Storage Naples Centrale,2026-10-10,7,weekend,300,0,300,read
2026-10-10 06:09,naples,naples-centrale-train-station,1835,Luggage Storage Naples Train Station,2026-10-10,7,weekend,45,0,45,read
2026-10-10 06:09,naples,monument-of-giuseppe-garibaldi,2697,Luggage Storage Corso Umberto I,2026-10-10,7,weekend,30,0,30,read
2026-10-10 06:09,naples,naples-city-center,5681,Luggage Storage near Sansevero Chapel,2026-10-10,7,weekend,50,2,48,read
2026-10-10 06:09,naples,universita,2366,Luggage Storage Naples Port,2026-10-10,7,weekend,50,0,50,read
2026-10-10 06:09,naples,dante,9271,Luggage Storage Dante Metro Station,2026-10-10,7,weekend,30,0,30,read
2026-10-10 06:09,naples,napoli-porta-nolana,9071,Luggage Storage Duomo / Corso Umberto I,2026-10-10,7,weekend,60,0,60,read
2026-10-10 06:09,naples,vicaria,9003,Luggage Storage Arenaccia,2026-10-10,7,weekend,35,0,35,read
2026-10-10 06:09,naples,mergellina-port,6717,Luggage Storage Via Piedigrotta,2026-10-10,7,weekend,50,0,50,read
2026-10-10 06:09,naples,vomero,6473629,Luggage Storage Arenella,2026-10-10,7,weekend,20,0,20,read
2026-10-10 06:09,naples,vomero,6473440,Luggage Storage Piazza Degli Artisti,2026-10-10,7,weekend,30,0,30,read
2026-10-10 06:09,naples,municipio,6470807,Luggage Storage Piazza Plebiscito,2026-10-10,7,weekend,50,,,unavailable
2026-10-10 06:09,naples,via-chiaia,6470110,Luggage Storage Chiaia,2026-10-10,7,weekend,100,0,100,read
2026-10-10 06:09,naples,via-toledo,6470059,Luggage Storage Toledo Metro Station,2026-10-10,7,weekend,50,0,50,read
2026-10-10 06:09,naples,via-toledo,6462124,Luggage Storage Via Toledo,2026-10-10,7,weekend,30,0,30,read
2026-10-10 06:09,naples,universita,6461871,Luggage Storage Molo Immacolatella Vecchia,2026-10-10,7,weekend,30,0,30,read
2026-10-10 06:09,naples,napoli-porta-nolana,6460717,Luggage Storage Vespucci - Lucci,2026-10-10,7,weekend,15,0,15,read
2026-10-10 06:09,naples,naples-airport,6458533,Luggage Storage Naples Airport,2026-10-10,7,weekend,30,0,30,read
2026-10-10 06:09,naples,naples-centrale-train-station,6454591,Luggage Storage Metropark Terminal Bus Station,2026-10-10,7,weekend,100,0,100,read
2026-10-10 06:09,naples,naples-city-center,6454538,Luggage Storage Montesanto Train Station,2026-10-10,7,weekend,50,0,50,read
2026-10-10 06:09,naples,rione-sanita,6452507,Luggage Storage Via Arenaccia,2026-10-10,7,weekend,50,0,50,read
2026-10-10 06:09,naples,centro-storico,6451783,Luggage Storage near Naples Archaeological Museum,2026-10-10,7,weekend,25,0,25,read
2026-10-10 06:09,naples,naples-city-center,5972,Luggage Storage Diana Theatre,2026-10-10,7,weekend,15,,,unavailable
2026-10-10 06:09,naples,santa-lucia,5763,Luggage Storage Santa Lucia,2026-10-10,7,weekend,100,0,100,read
2026-10-10 06:09,florence,santa-maria-novella,884,Luggage Storage Santa Maria Novella,2026-10-10,7,weekend,140,13,127,read
2026-10-10 06:09,florence,basilica-of-santa-maria-novella,6461934,Luggage Storage Via Ghibellina,2026-10-10,7,weekend,20,,,unavailable
2026-10-10 06:09,florence,basilica-of-santa-maria-novella,6460614,Luggage Storage Via Guelfa / Piazza San Marco,2026-10-10,7,weekend,30,0,30,read
2026-10-10 06:09,florence,santa-maria-novella,6458362,Luggage Storage near Florence Train Station,2026-10-10,7,weekend,30,0,30,read
2026-10-10 06:09,florence,scandicci,100,Luggage Storage Scandicci,2026-10-10,7,weekend,300,0,300,read
2026-10-10 06:09,turin,museo-pietro-micca,7213,Luggage Storage Porta Susa Railway Station,2026-10-10,7,weekend,95,0,95,read
2026-10-10 06:09,turin,allianz-stadium,2987,Luggage Storage Juventus Stadium,2026-10-10,7,weekend,100,0,100,read
2026-10-10 06:09,turin,piazza-vittorio-veneto,8876,Luggage Storage Chiesa Di Santa Giulia,2026-10-10,7,weekend,20,0,20,read
2026-10-10 06:09,turin,stazione-porta-nuova,6473147,Luggage Storage Assietta / Porta Nuova,2026-10-10,7,weekend,50,0,50,read
2026-10-10 06:09,turin,city-center,6472386,Luggage Storage Rossini Tram Stop,2026-10-10,7,weekend,40,,,unavailable
2026-10-10 06:09,turin,santa-rita,6467968,Luggage Storage near Inalpi Arena,2026-10-10,7,weekend,35,0,35,read
2026-10-10 06:09,turin,lingotto,6460332,Luggage Storage near Torino Lingotto Railway Station,2026-10-10,7,weekend,30,0,30,read
2026-10-10 06:09,turin,lingotto,6451048,Luggage Storage Corso Unione Sovietica,2026-10-10,7,weekend,25,0,25,read
2026-10-10 06:09,turin,barriera-di-milano,3023,Luggage Storage Torino Rebaudengo Fossata,2026-10-10,7,weekend,20,0,20,read
2026-10-10 06:09,catania,catania-centrale,6560,Luggage Storage Catania Bus Station,2026-10-10,7,weekend,100,1,99,read
2026-10-10 06:09,catania,city-center,7081,Luggage Storage Fountain Of The Elephant,2026-10-10,7,weekend,40,0,40,read
2026-10-10 06:09,catania,city-center,3024,Luggage Storage Castello Ursino,2026-10-10,7,weekend,25,0,25,read
2026-10-10 06:09,catania,city-center,7058,Luggage Storage Monastery Of San Nicolò L'arena,2026-10-10,7,weekend,25,0,25,read
2026-10-10 06:09,catania,city-center,6473509,Luggage Storage Via Lago di Nicito,2026-10-10,7,weekend,10,0,10,read
2026-10-10 06:09,catania,borgo-sanzio,6458945,Luggage Storage Orto Botanico di Catania,2026-10-10,7,weekend,20,,,unavailable
2026-10-10 06:09,catania,catania-airport,6454786,Luggage Storage near Catania Airport,2026-10-10,7,weekend,50,3,47,read
2026-10-10 06:09,catania,city-center,6453899,Luggage Storage Catania Centrale,2026-10-10,7,weekend,35,,,unavailable
2026-10-10 06:09,catania,city-center,6452806,Luggage Storage Catania Harbor Pier,2026-10-10,7,weekend,10,0,10,read
2026-10-10 06:09,catania,catania-centrale,6452780,Luggage Storage Giovanni Xxiii Metro Station,2026-10-10,7,weekend,25,0,25,read
2026-10-10 06:09,catania,borgo-sanzio,4210,Luggage Storage Borgo-sanzio,2026-10-10,7,weekend,150,0,150,read
2026-10-10 06:09,venice,rialto,149,Luggage Storage Rialto Bridge,2026-10-10,7,weekend,300,0,300,read
2026-10-10 06:09,venice,piazzale-roma,5722,Luggage Storage Piazzale Roma,2026-10-10,7,weekend,100,1,99,read
2026-10-10 06:09,venice,piazzale-roma,9579,Luggage Storage Piazzale Roma Terminal Bus,2026-10-10,7,weekend,55,0,55,read
2026-10-10 06:09,venice,constitution-bridge,6457620,Luggage Storage Venice Bus Terminal,2026-10-10,7,weekend,90,1,89,read
2026-10-10 06:09,venice,venice-marco-polo-airport,6452148,Luggage Storage near Venice Marco Polo Area,2026-10-10,7,weekend,45,2,43,read
2026-10-10 06:09,venice,murano-da-mula,5437,Luggage Storage Murano Da Mula,2026-10-10,7,weekend,200,0,200,read
2026-10-10 06:09,bari,bari-centrale-train-station,233,Luggage Storage Bari Centrale Train Station,2026-10-10,7,weekend,300,0,300,read
2026-10-10 06:09,bari,bari-centrale-train-station,6452171,Luggage Storage Bari Centrale Station,2026-10-10,7,weekend,100,3,97,read
2026-10-10 06:09,bari,altamura,6455039,Luggage Storage Altamura St Mary'S Cathedral,2026-10-10,7,weekend,10,,,unavailable
2026-10-10 06:09,bari,bari-centrale-train-station,2652,Luggage Storage Bari Railway Station,2026-10-10,7,weekend,300,0,300,read
2026-10-10 06:09,bari,fiera-del-levante,1377,Luggage Storage Via Napoli,2026-10-10,7,weekend,30,0,30,read
2026-10-10 06:09,palermo,palermo-centrale,6517,Luggage Storage Palermo Train Station,2026-10-10,7,weekend,90,0,90,read
2026-10-10 06:09,palermo,palermo-city-center,7123,Luggage Storage Monte Di Pietà,2026-10-10,7,weekend,30,,,unavailable
2026-10-10 06:09,palermo,port-palermo,6473031,Luggage Storage near Albero Falcone,2026-10-10,7,weekend,20,0,20,read
2026-10-10 06:09,palermo,mondello,6456875,Luggage Storage near Mondello,2026-10-10,7,weekend,20,0,20,read
2026-10-10 06:09,bologna,bologna-centrale-railway-station,6460518,Luggage Storage near Bologna Station,2026-10-10,7,weekend,55,,,unavailable
2026-10-10 06:09,bologna,bologna-centrale-railway-station,9233,Luggage Storage Porta Sant'isaia,2026-10-10,7,weekend,25,1,24,read
2026-10-10 06:09,pisa,pisa-centrale-train-station,6602,Luggage Storage Pisa Bus Station,2026-10-10,7,weekend,50,0,50,read
2026-10-10 06:09,pisa,pisa-centrale-train-station,6456903,Luggage Storage Pisa Railway Station,2026-10-10,7,weekend,40,0,40,read
2026-10-10 06:09,pisa,pisa-centrale-train-station,6456828,Luggage Storage Pisa Airport,2026-10-10,7,weekend,50,1,49,read
2026-10-10 06:09,cagliari,city-center,6459536,Luggage Storage Piazza S. Benedetto,2026-10-10,7,weekend,20,0,20,read
2026-10-10 06:09,genoa,genoa-port,6451167,Luggage Storage Genoa Ferry Terminal,2026-10-10,7,weekend,30,0,30,read
2026-10-10 06:09,lucca,city-center,6455648,Luggage Storage Chiesa Di San Michele In Foro,2026-10-10,7,weekend,50,0,50,read
2026-10-10 06:09,lucca,lucca-train-station,6457066,Luggage Storage near Lucca Railway Station,2026-10-10,7,weekend,150,0,150,read
2026-10-10 06:09,lucca,lucca-train-station,6458740,Luggage Storage inside Lucca Station,2026-10-10,7,weekend,50,0,50,read
2026-10-10 06:09,lucca,lucca-train-station,6456553,Luggage Storage near Palazzo Ducale Di Lucca,2026-10-10,7,weekend,25,0,25,read
2026-10-10 06:09,verona,citta-antica,7345,Luggage Storage Castelvecchio Museum,2026-10-10,7,weekend,30,0,30,read
2026-10-10 06:09,lecce,railway-station,6408,Luggage Storage Lecce Train Station,2026-10-10,7,weekend,70,1,69,read
2026-10-10 06:09,syracuse,station,6539,Luggage Storage Syracuse Railway Station,2026-10-10,7,weekend,30,0,30,read
2026-10-10 06:09,rimini,rimini-train-station,226,Luggage Storage Rimini Train Station,2026-10-10,7,weekend,300,0,300,read
2026-10-10 06:09,rimini,lungomare-augusto-murri,3797,Luggage Storage Rimini Beach,2026-10-10,7,weekend,15,0,15,read
2026-10-10 06:09,rimini,lungomare-augusto-murri,6713,Luggage Storage Piazza Kennedy,2026-10-10,7,weekend,25,0,25,read
2026-10-10 06:09,rimini,city-center,6472266,Luggage Storage near Fellini Museum,2026-10-10,7,weekend,10,0,10,read
2026-10-10 06:09,rimini,federico-fellini-international-airport,6460885,Luggage Storage Rimini Miramare,2026-10-10,7,weekend,20,0,20,read
2026-10-10 06:09,rimini,city-center,6453323,Luggage Storage Aleardi,2026-10-10,7,weekend,12,0,12,read
2026-10-10 06:09,rimini,bellariva,6453303,Luggage Storage Viale Regina Elena,2026-10-10,7,weekend,50,,,unavailable
2026-10-10 06:09,rimini,rimini-train-station,6453291,Luggage Storage Via Roma / Station,2026-10-10,7,weekend,15,0,15,read
2026-10-10 06:09,sorrento,sorrento-train-station,6579,Luggage Storage Piazza Tasso,2026-10-10,7,weekend,30,,,unavailable
2026-10-10 06:09,sorrento,sorrento-train-station,6461804,Luggage Storage Piazza Lauro,2026-10-10,7,weekend,30,0,30,read
2026-10-10 06:09,sorrento,sant-agnello,6459956,Luggage Storage Sant'Agnello,2026-10-10,7,weekend,20,0,20,read
2026-10-10 06:09,sorrento,city-center,6459906,Luggage Storage Tasso Square,2026-10-10,7,weekend,30,0,30,read
2026-10-10 06:09,salerno,salerno-train-station,640,Luggage Storage Salerno Train Station,2026-10-10,7,weekend,100,2,98,read
2026-10-10 06:09,salerno,salerno-train-station,7600,Luggage Storage Salerno Railway Station,2026-10-10,7,weekend,50,1,49,read
2026-10-10 06:09,salerno,city-centre,9129,Luggage Storage Salerno Villa Comunale,2026-10-10,7,weekend,20,0,20,read
2026-10-10 06:09,alghero,alghero-airport,6460125,Luggage Storage Alghero Airport,2026-10-10,7,weekend,30,4,26,read
2026-10-10 06:09,la-spezia,la-spezia-centrale,6459699,Luggage Storage La Spezia Station,2026-10-10,7,weekend,60,,,unavailable
2026-10-10 06:09,mestre,mestre-train-station,5326,Luggage Storage Mestre Train Station,2026-10-10,7,weekend,100,0,100,read
2026-10-10 06:09,perugia,central-station,6460204,Luggage Storage Perugia Station 24H,2026-10-10,7,weekend,20,0,20,read
2026-10-10 06:09,perugia,bus-station,7238,Luggage Storage Perugia Bus Station,2026-10-10,7,weekend,25,0,25,read
2026-10-10 06:09,trapani,train-station,6526,Luggage Storage Museum Of Illusions,2026-10-10,7,weekend,10,0,10,read
2026-10-10 06:09,trapani,city-center,6522,Luggage Storage Via Marconi,2026-10-10,7,weekend,100,0,100,read
2026-10-10 06:09,bergamo,bergamo-train-station,6460152,Luggage Storage Bergamo Bus Station,2026-10-10,7,weekend,45,0,45,read
2026-10-10 06:09,reggio-calabria,villa-san-giovanni,5948,Luggage Storage Villa San Giovanni Station,2026-10-10,7,weekend,50,0,50,read
2026-10-10 06:09,bolzano,bolzano-train-station,6457943,Luggage Storage near Waltherplatz,2026-10-10,7,weekend,20,,,unavailable
2026-10-10 06:09,ferrara,city-center,873,Luggage Storage Ferrara City Center,2026-10-10,7,weekend,15,0,15,read
2026-10-10 06:09,ferrara,railway-station,7252,Luggage Storage Ferrara Railway Station,2026-10-10,7,weekend,50,0,50,read
2026-10-10 06:09,ferrara,city-center,6451982,Luggage Storage Viale Cavour / Ferrara Castle,2026-10-10,7,weekend,50,0,50,read
2026-10-10 06:09,ferrara,railway-station,6452547,Luggage Storage Ferrara Train Station,2026-10-10,7,weekend,40,0,40,read
2026-10-10 06:09,trento,main-station,3884,Luggage Storage Trento Railway Station,2026-10-10,7,weekend,40,0,40,read
2026-10-10 06:09,messina,messina-centrale,9018,Luggage Storage Messina Train Station,2026-10-10,7,weekend,30,2,28,read
2026-10-10 06:09,agrigento,agrigento-train-staion,783,Luggage Storage Agrigento Train Station,2026-10-10,7,weekend,30,0,30,read
2026-10-10 06:09,aosta,train-station,3895,Luggage Storage Transit Station Aosta,2026-10-10,7,weekend,65,0,65,read
2026-10-10 06:09,brescia,train-station,7597,Luggage Storage Brescia Station,2026-10-10,7,weekend,20,0,20,read
2026-10-10 06:09,brescia,train-station,6032,Luggage Storage Palazzo Facchi,2026-10-10,7,weekend,10,0,10,read
2026-10-10 06:09,brescia,train-station,6030,Luggage Storage Torri Gemelle Park,2026-10-10,7,weekend,20,0,20,read
2026-10-10 06:09,como,city-center,6473498,Luggage Storage Como S. Giovanni Station,2026-10-10,7,weekend,35,0,35,read
2026-10-10 06:09,monza,downtown,6200,Luggage Storage Monza City Center,2026-10-10,7,weekend,230,0,230,read
2026-10-10 06:09,monza,monza-train-station,6462143,Luggage Storage Monza Railway Station,2026-10-10,7,weekend,20,0,20,read
2026-10-10 06:09,parma,city-center,6473550,Luggage Storage Arch of San Lazzaro,2026-10-10,7,weekend,10,0,10,read
2026-10-10 06:09,parma,station,6469974,Luggage Storage Parma Station,2026-10-10,7,weekend,20,0,20,read
2026-10-10 06:09,polignano-a-mare,city-center,6455631,Luggage Storage San Vito Beach,2026-10-10,7,weekend,10,,,unavailable
2026-10-10 06:09,ravenna,dante-tomb,6461643,Luggage Storage near Dante's Tomb,2026-10-10,7,weekend,20,0,20,read
2026-10-10 06:09,ravenna,main-station,6453186,Luggage Storage Via Molinetto,2026-10-10,7,weekend,20,0,20,read
2026-10-10 06:09,savona,train-station,7722,Luggage Storage Savona Railway Station,2026-10-10,7,weekend,20,0,20,read
2026-10-10 06:09,savona,public-beach-lo-scaletto-dei-pescatori,6456768,Luggage Storage Lo Scaletto Dei Pescatori Beach,2026-10-10,7,weekend,20,0,20,read
2026-10-10 06:09,trieste,trieste-train-station,3904,Luggage Storage near Trieste Central Station,2026-10-10,7,weekend,45,0,45,read
2026-10-10 06:09,trieste,trieste-train-station,9042,Luggage Storage Trieste Railway Station,2026-10-10,7,weekend,10,0,10,read
2026-10-10 06:09,ancona,ancona-train-station,458,Luggage Storage Ancona Train Station,2026-10-10,7,weekend,100,0,100,read
2026-10-10 06:09,livorno,livorno-train-station,9547,Luggage Storage Livorno Centrale,2026-10-10,7,weekend,25,0,25,read
2026-10-10 06:09,padua,main-station,7276,Luggage Storage Padua Train Station,2026-10-10,7,weekend,50,5,45,read
2026-10-10 06:09,padua,main-station,7281,Luggage Storage Via Sarpi,2026-10-10,7,weekend,60,0,60,read
2026-10-10 06:09,imola,city-center,6467886,Luggage Storage Piazza Matteotti,2026-10-10,7,weekend,200,0,200,read
2026-10-10 06:09,sassari,city-center,7623,Luggage Storage Viale Dante,2026-10-10,7,weekend,20,0,20,read
2026-10-10 06:09,taranto,castello-aragonese,6852,Luggage Storage San Cataldo Cathedral,2026-10-10,7,weekend,50,0,50,read
2026-10-10 06:09,treviso,treviso-train-station,806,Luggage Storage Treviso Train Station,2026-10-10,7,weekend,75,0,75,read
2026-10-10 06:09,treviso,city-center,2608,Luggage Storage Treviso City Center,2026-10-10,7,weekend,25,0,25,read
2026-10-10 06:09,assisi,city-center,7307,Luggage Storage Basilica Di Santa Maria Degli Angeli,2026-10-10,7,weekend,25,0,25,read
2026-10-10 06:09,caltanissetta,caltanissetta-centrale,7727,Luggage Storage Caltanissetta Train Station,2026-10-10,7,weekend,10,0,10,read
2026-10-10 06:09,cosenza,casa-di-galeazzo-di-tarsia,6794,Luggage Storage National Gallery Of Cosenza,2026-10-10,7,weekend,40,0,40,read
2026-10-10 06:09,cosenza,city-centre,6788,Luggage Storage Piazza Giacomo Mancini,2026-10-10,7,weekend,40,0,40,read
2026-10-10 06:09,olbia,train-station,7387,Luggage Storage Olbia Terranova Train Station,2026-10-10,7,weekend,100,0,100,read
2026-10-10 06:09,rapallo,train-station,6452316,Luggage Storage Rapallo Railway Station,2026-10-10,7,weekend,30,0,30,read
2026-10-10 06:09,altamura,city-centre,6455041,Luggage Storage Church Of Saint Theresa,2026-10-10,7,weekend,10,0,10,read
2026-10-10 06:09,merano,merano-train-station,9956,Luggage Storage Merano Railway Station,2026-10-10,7,weekend,15,1,14,read
2026-10-10 06:09,milazzo,port,6471045,Luggage Storage Via dei Mille,2026-10-10,7,weekend,200,0,200,read
2026-10-10 06:09,ostuni,city-centre,6876,Luggage Storage Ostuni Train Station,2026-10-10,7,weekend,50,0,50,read
2026-10-10 06:09,prato,prato-centrale,4478,Luggage Storage Prato City Center,2026-10-10,7,weekend,40,0,40,read
2026-10-10 06:09,prato,prato-centrale,6471185,Luggage Storage Prato Centrale Railway Station,2026-10-10,7,weekend,10,0,10,read
2026-10-10 06:09,reggio-emilia,railway-station,7858,Luggage Storage Reggio Emilia Train Station,2026-10-10,7,weekend,65,0,65,read
2026-10-10 06:09,tirano,tirano-railway-station,6467810,Luggage Storage Tirano Train Station,2026-10-10,7,weekend,40,2,38,read
2026-10-10 06:09,asti,city-center,6451274,Luggage Storage Asti Cathedral,2026-10-10,7,weekend,15,0,15,read
2026-10-10 06:09,elba,marina-di-campo,6460662,Luggage Storage Marina di Campo Beach,2026-10-10,7,weekend,20,0,20,read
2026-10-10 06:09,lamezia-terme,train-station,6452912,Luggage Storage Lamezia Terme Centrale,2026-10-10,7,weekend,30,0,30,read
2026-10-10 06:09,mantua,city-center,6385,Luggage Storage Social Theatre,2026-10-10,7,weekend,25,0,25,read
2026-10-10 06:09,massa,city-center,6458344,Luggage Storage Massa Centro Railway Station,2026-10-10,7,weekend,20,0,20,read
2026-10-10 06:09,sanremo,city-center,7763,Luggage Storage Sanremo City Center,2026-10-10,7,weekend,20,0,20,read
2026-10-10 06:09,sestri-levante,sestri-levante-train-station,6459773,Luggage Storage Sestri Levante Train Station,2026-10-10,7,weekend,35,0,35,read
2026-10-10 06:09,stromboli,ferry-terminal,6461846,Luggage Storage Scari Beach,2026-10-10,7,weekend,20,0,20,read
2026-10-10 06:09,ventimiglia,city-center-ventimiglia,6469655,Luggage Storage Ventimiglia Railway Station,2026-10-10,7,weekend,50,,,unavailable
2026-10-10 06:09,alessandria,tortona,6451902,Luggage Storage Via S. Marziano,2026-10-10,7,weekend,15,0,15,read
2026-10-10 06:09,formia,city-center,6458650,Luggage Storage Formia Train Station,2026-10-10,7,weekend,10,0,10,read
2026-10-10 06:09,gorizia,gorizia-train-station,9040,Luggage Storage Gorizia Train Station,2026-10-10,7,weekend,25,0,25,read
2026-10-10 06:09,martina-franca,city-center,6455140,Luggage Storage Villa Garibaldi,2026-10-10,7,weekend,10,0,10,read
2026-10-10 06:09,paola,paola-train-station,8993,Luggage Storage Paola Train Station,2026-10-10,7,weekend,10,0,10,read
2026-10-10 06:09,peschiera-del-garda,peschiera-del-garda-train-station,6460959,Luggage Storage Peschiera Del Garda Railway Station,2026-10-10,7,weekend,35,0,35,read
2026-10-10 06:09,rovigo,rovigo-train-station,6457110,Luggage Storage Rovigo Train Station,2026-10-10,7,weekend,20,0,20,read
2026-10-10 06:09,trani,trani-transit-station,6936,Luggage Storage Trani Port,2026-10-10,7,weekend,50,,,unavailable
2026-10-10 07:06,rome,termini,1109,Luggage Storage Termini,2026-10-10,8,weekend,300,14,286,read
2026-10-10 07:06,rome,termini,6453333,Luggage Storage Termini / Piazza Dei Cinquecento,2026-10-10,8,weekend,100,2,98,read
2026-10-10 07:06,rome,tiburtina,4763,Luggage Storage Tiburtina Terminal,2026-10-10,8,weekend,65,0,65,read
2026-10-10 07:06,rome,termini,739,Luggage Storage Marsala - Termini,2026-10-10,8,weekend,200,4,196,read
2026-10-10 07:06,rome,trastevere,913,Luggage Storage Viale Trastevere,2026-10-10,8,weekend,80,0,80,read
2026-10-10 07:06,rome,roma-vatican-museums,6459809,Luggage Storage near Vatican Museums,2026-10-10,8,weekend,50,3,47,read
2026-10-10 07:06,rome,termini,1352,Luggage Storage Termini Station,2026-10-10,8,weekend,60,0,60,read
2026-10-10 07:06,rome,trastevere,5598,Luggage Storage Trastevere San Cosimato,2026-10-10,8,weekend,50,0,50,read
2026-10-10 07:06,rome,termini,5684,Luggage Storage Termini Rome,2026-10-10,8,weekend,50,2,48,read
2026-10-10 07:06,rome,via-del-corso,5660,Luggage Storage Via Del Corso,2026-10-10,8,weekend,25,0,25,read
2026-10-10 07:06,rome,ostiense,1828,Luggage Storage Eataly,2026-10-10,8,weekend,30,0,30,read
2026-10-10 07:06,rome,termini,7703,Luggage Storage Termini Railway Station,2026-10-10,8,weekend,100,0,100,read
2026-10-10 07:06,rome,esquilino,6984,Luggage Storage Manzoni Metro Station,2026-10-10,8,weekend,50,0,50,read
2026-10-10 07:06,rome,ottaviano,6474434,Luggage Storage Via Germanico / Vatican,2026-10-10,8,weekend,30,0,30,read
2026-10-10 07:06,rome,san-giovanni,6473098,Luggage Storage Viale Carlo Felice,2026-10-10,8,weekend,30,0,30,read
2026-10-10 07:06,rome,termini,6473095,Luggage Storage Viminale Bus Stop,2026-10-10,8,weekend,40,0,40,read
2026-10-10 07:06,rome,termini,6472955,Luggage Storage Milazzo / Termini Station,2026-10-10,8,weekend,100,0,100,read
2026-10-10 07:06,rome,termini,6472954,Luggage Storage Marsala / Milazzo,2026-10-10,8,weekend,100,0,100,read
2026-10-10 07:06,rome,termini,6472953,Luggage Storage Milazzo / Magenta,2026-10-10,8,weekend,100,0,100,read
2026-10-10 07:06,rome,termini,6471173,Luggage Storage Termini (Ma-Mb-Fs),2026-10-10,8,weekend,100,0,100,read
2026-10-10 07:06,rome,ostiense,6470456,Luggage Storage Ostiense/Matteucci,2026-10-10,8,weekend,50,0,50,read
2026-10-10 07:06,rome,ostiense,6470455,Luggage Storage near Ostiense,2026-10-10,8,weekend,20,0,20,read
2026-10-10 07:06,rome,ostiense,6470454,Luggage Storage Basilica S. Paolo,2026-10-10,8,weekend,50,,,unavailable
2026-10-10 07:06,rome,Municipio-Roma-X,6470296,Luggage Storage Casal Palocco,2026-10-10,8,weekend,30,0,30,read
2026-10-10 07:06,rome,monti,6470209,Luggage Storage Via Cavour / Monti,2026-10-10,8,weekend,100,0,100,read
2026-10-10 07:06,rome,repubblica,6469637,Luggage Storage Via Quattro Fontane,2026-10-10,8,weekend,50,,,unavailable
2026-10-10 07:06,rome,prati,6468191,Luggage Storage Via degli Scipioni,2026-10-10,8,weekend,30,0,30,read
2026-10-10 07:06,rome,pantheon,6468018,Luggage Storage near Piazza del Gesù,2026-10-10,8,weekend,50,0,50,read
2026-10-10 07:06,rome,s-pietro,6463140,Luggage Storage near Paul VI Hall,2026-10-10,8,weekend,20,0,20,read
2026-10-10 07:06,rome,pantheon,6462317,Luggage Storage near Galleria Doria Pamphilj,2026-10-10,8,weekend,20,0,20,read
2026-10-10 07:06,rome,termini,6460703,Luggage Storage Via Carlo Cattaneo,2026-10-10,8,weekend,20,0,20,read
2026-10-10 07:06,rome,primavalle,6460001,Luggage Storage Circonvallazione Cornelia,2026-10-10,8,weekend,50,0,50,read
2026-10-10 07:06,rome,termini,6459912,Luggage Storage Amendola / Termini Station,2026-10-10,8,weekend,20,0,20,read
2026-10-10 07:06,rome,quartiere-xii-gianicolense,6458599,Luggage Storage Donna Olimpia,2026-10-10,8,weekend,20,0,20,read
2026-10-10 07:06,rome,castel-sant-angelo,6457822,Luggage Storage near Sant'Angelo Castle,2026-10-10,8,weekend,60,0,60,read
2026-10-10 07:06,rome,termini,6457601,Luggage Storage Amedeo / Termini,2026-10-10,8,weekend,20,0,20,read
2026-10-10 07:06,rome,termini,6457349,Luggage Storage Termini Metro Station,2026-10-10,8,weekend,45,1,44,read
2026-10-10 07:06,rome,monti,6457108,Luggage Storage Roma Monti,2026-10-10,8,weekend,35,0,35,read
2026-10-10 07:06,rome,san-giovanni,6457022,Luggage Storage Magna Grecia/Tuscolo,2026-10-10,8,weekend,35,0,35,read
2026-10-10 07:06,rome,flaminio,6456650,Luggage Storage Mancini Bus Station,2026-10-10,8,weekend,25,0,25,read
2026-10-10 07:06,rome,furio-camillo,6456362,Luggage Storage Appio Latino / Satrico,2026-10-10,8,weekend,30,0,30,read
2026-10-10 07:06,rome,lepanto,6454985,Luggage Storage Roma Flaminio,2026-10-10,8,weekend,25,0,25,read
2026-10-10 07:06,rome,portuense,6454526,Luggage Storage Circonvallazione Gianicolense,2026-10-10,8,weekend,20,,,unavailable
2026-10-10 07:06,rome,prati,6454471,Luggage Storage Viale Giulio Cesare,2026-10-10,8,weekend,40,0,40,read
2026-10-10 07:06,rome,termini,6453452,Luggage Storage Acquario Romano,2026-10-10,8,weekend,100,0,100,read
2026-10-10 07:06,rome,termini,6452726,Luggage Storage Gioberti Roma Termini,2026-10-10,8,weekend,100,2,98,read
2026-10-10 07:06,rome,monti,6452651,Luggage Storage Cavour Metro Station,2026-10-10,8,weekend,25,0,25,read
2026-10-10 07:06,rome,parioli,6452625,Luggage Storage near Foro Italico,2026-10-10,8,weekend,45,0,45,read
2026-10-10 07:06,rome,monti,6451743,Luggage Storage Via Filippo Turati / Termini,2026-10-10,8,weekend,100,0,100,read
2026-10-10 07:06,rome,vatican,6451676,Luggage Storage near Teatro Ghione,2026-10-10,8,weekend,100,0,100,read
2026-10-10 07:06,rome,vatican,6451625,Luggage Storage Borgo Pio,2026-10-10,8,weekend,100,0,100,read
2026-10-10 07:06,rome,vatican,6451598,Luggage Storage Via Aurelia,2026-10-10,8,weekend,70,0,70,read
2026-10-10 07:06,rome,roman-forum,6451503,Luggage Storage Basilica Papale Di Santa Maria Maggiore,2026-10-10,8,weekend,80,0,80,read
2026-10-10 07:06,rome,vittorio-emanuele,6451424,Luggage Storage Roma Santa Maria Maggiore,2026-10-10,8,weekend,50,0,50,read
2026-10-10 07:06,rome,portuense,6450996,Luggage Storage Piazza Enrico Fermi,2026-10-10,8,weekend,20,0,20,read
2026-10-10 07:06,rome,tiburtina,6235,Luggage Storage Via Della Lega Lombarda,2026-10-10,8,weekend,40,1,39,read
2026-10-10 07:06,rome,trastevere,5086,Luggage Storage Piazza Scotti,2026-10-10,8,weekend,50,,,unavailable
2026-10-10 07:06,rome,termini,4762,Luggage Storage Termini Metro Station,2026-10-10,8,weekend,300,0,300,read
2026-10-10 07:06,rome,furio-camillo,4573,Luggage Storage Lodi Metro Station,2026-10-10,8,weekend,40,0,40,read
2026-10-10 07:06,rome,piazza-del-popolo,4253,Luggage Storage Flaminio,2026-10-10,8,weekend,60,0,60,read
2026-10-10 07:06,rome,aventino,3992,Luggage Storage Aventino,2026-10-10,8,weekend,100,0,100,read
2026-10-10 07:06,rome,baldo-degli-ubaldi-station,3920,Luggage Storage Baldo Degli Ubaldi,2026-10-10,8,weekend,40,0,40,read
2026-10-10 07:06,milan,porta-garibaldi-train-station,8939,Luggage Storage Porta Garibaldi Railway Station,2026-10-10,8,weekend,40,0,40,read
2026-10-10 07:06,milan,milan-centrale-railway-station,3521,Luggage Storage Milan Centrale Train Station,2026-10-10,8,weekend,300,2,298,read
2026-10-10 07:06,milan,palazzo-di-giustizia,6550,Luggage Storage Viale Regina Margherita,2026-10-10,8,weekend,30,0,30,read
2026-10-10 07:06,milan,porta-genova,9028,Luggage Storage Milano Porta Genova Railway Station,2026-10-10,8,weekend,65,0,65,read
2026-10-10 07:06,milan,san-siro-stadium,9464,Luggage Storage San Siro Stadium,2026-10-10,8,weekend,300,0,300,read
2026-10-10 07:06,milan,san-babila,2709,Luggage Storage San Babila,2026-10-10,8,weekend,50,0,50,read
2026-10-10 07:06,milan,milan-centrale-railway-station,5777,Luggage Storage Milano Centrale,2026-10-10,8,weekend,90,1,89,read
2026-10-10 07:06,milan,porta-romana,9192,Luggage Storage Milano Porta Romana,2026-10-10,8,weekend,35,0,35,read
2026-10-10 07:06,milan,porta-romana,9099,Luggage Storage Crocetta Metro Station,2026-10-10,8,weekend,50,0,50,read
2026-10-10 07:06,milan,corso-buenos-aires,9020,Luggage Storage near Corso Buenos Aires,2026-10-10,8,weekend,20,0,20,read
2026-10-10 07:06,milan,santa-maria-delle-grazie,8990,Luggage Storage Piazza Virgilio / Cadorna,2026-10-10,8,weekend,45,0,45,read
2026-10-10 07:06,milan,milan-centrale-railway-station,6991,Luggage Storage Milano Porta Venezia,2026-10-10,8,weekend,45,0,45,read
2026-10-10 07:06,milan,missori,6473109,Luggage Storage Colonne / Vetra,2026-10-10,8,weekend,40,,,unavailable
2026-10-10 07:06,milan,san-babila,6471138,Luggage Storage Via Visconti Di Modrone,2026-10-10,8,weekend,10,0,10,read
2026-10-10 07:06,milan,milan-centrale-railway-station,6471137,Luggage Storage Centrale / Filzi,2026-10-10,8,weekend,100,,,unavailable
2026-10-10 07:06,milan,politecnico-di-milano-campus-bovisa-la-masa,6470851,Luggage Storage Milano Bovisa,2026-10-10,8,weekend,20,0,20,read
2026-10-10 07:06,milan,santa-giulia,6470604,Luggage Storage Santa Giulia,2026-10-10,8,weekend,10,2,8,read
2026-10-10 07:06,milan,conchetta,6470318,Luggage Storage Via Conca del Naviglio,2026-10-10,8,weekend,25,0,25,read
2026-10-10 07:06,milan,missori,6470159,Luggage Storage Santa Sofia,2026-10-10,8,weekend,20,5,15,read
2026-10-10 07:06,milan,missori,6470158,Luggage Storage Missori / Corso Italia,2026-10-10,8,weekend,20,0,20,read
2026-10-10 07:06,milan,porta-ticinese,6469992,Luggage Storage near Bocconi University,2026-10-10,8,weekend,50,0,50,read
2026-10-10 07:06,milan,santa-maria-delle-grazie,6469852,Luggage Storage Cadorna Metro Station,2026-10-10,8,weekend,45,0,45,read
2026-10-10 07:06,milan,porta-venezia,6469498,Luggage Storage Piazza Otto Novembre,2026-10-10,8,weekend,35,0,35,read
2026-10-10 07:06,milan,porta-vittoria,6469435,Luggage Storage Milano Dateo,2026-10-10,8,weekend,20,0,20,read
2026-10-10 07:06,milan,porta-romana,6469207,Luggage Storage Piazzale Libia,2026-10-10,8,weekend,20,0,20,read
2026-10-10 07:06,milan,crescenzago,6468881,Luggage Storage Crescenzago Metro Station,2026-10-10,8,weekend,10,0,10,read
2026-10-10 07:06,milan,bullona,6468852,Luggage Storage near Fiera Milano City,2026-10-10,8,weekend,20,0,20,read
2026-10-10 07:06,milan,china-town-milan,6463324,Luggage Storage Arco della Pace,2026-10-10,8,weekend,35,0,35,read
2026-10-10 07:06,milan,navigli,6463299,Luggage Storage Corso S. Gottardo,2026-10-10,8,weekend,20,1,19,read
2026-10-10 07:06,milan,missori,6463226,Luggage Storage Duomo M1 M3,2026-10-10,8,weekend,30,4,26,read
2026-10-10 07:06,milan,porta-romana,6463186,Luggage Storage Via Tito Livio,2026-10-10,8,weekend,20,0,20,read
2026-10-10 07:06,milan,milano-repubblica-station,6462258,Luggage Storage near Milano Repubblica,2026-10-10,8,weekend,20,,,unavailable
2026-10-10 07:06,milan,niguarda,6461262,Luggage Storage near Niguarda,2026-10-10,8,weekend,20,0,20,read
2026-10-10 07:06,milan,cerchiate,6460933,Luggage Storage Pero Cerchiate,2026-10-10,8,weekend,20,0,20,read
2026-10-10 07:06,milan,bullona,6460853,Luggage Storage Sonnino / Varesina,2026-10-10,8,weekend,20,0,20,read
2026-10-10 07:06,milan,porta-venezia,6460438,Luggage Storage near Milano Dateo,2026-10-10,8,weekend,40,0,40,read
2026-10-10 07:06,milan,assago,6460127,Luggage Storage Assago,2026-10-10,8,weekend,20,0,20,read
2026-10-10 07:06,milan,navigli,6459502,Luggage Storage Ripa Di Porta Ticinese,2026-10-10,8,weekend,35,,,unavailable
2026-10-10 07:06,milan,bicocca,6459489,Luggage Storage Ponale,2026-10-10,8,weekend,20,,,unavailable
2026-10-10 07:06,milan,lambrate,6459487,Luggage Storage Via Porpora,2026-10-10,8,weekend,20,,,unavailable
2026-10-10 07:06,milan,zone-7-of-milan,6459485,Luggage Storage Piazzale Brescia,2026-10-10,8,weekend,20,2,18,read
2026-10-10 07:06,milan,conchetta,6459434,Luggage Storage Arco Di Porta Ticinese,2026-10-10,8,weekend,20,0,20,read
2026-10-10 07:06,milan,porta-ticinese,6459398,Luggage Storage Porta Ticinese,2026-10-10,8,weekend,20,,,unavailable
2026-10-10 07:06,milan,porta-garibaldi,6459394,Luggage Storage Moscova metro station,2026-10-10,8,weekend,300,0,300,read
2026-10-10 07:06,milan,lambrate,6459387,Luggage Storage Rubattino,2026-10-10,8,weekend,20,0,20,read
2026-10-10 07:06,milan,santa-maria-delle-grazie,6458624,Luggage Storage Via Solari,2026-10-10,8,weekend,20,,,unavailable
2026-10-10 07:06,milan,santa-maria-delle-grazie,6458622,Luggage Storage near Gelsomini Metro Station,2026-10-10,8,weekend,20,0,20,read
2026-10-10 07:06,milan,porta-genova,6458616,Luggage Storage Conca Del Naviglio,2026-10-10,8,weekend,35,,,unavailable
2026-10-10 07:06,milan,washington,6458560,Luggage Storage Wagner,2026-10-10,8,weekend,35,0,35,read
2026-10-10 07:06,milan,milano-repubblica-station,6458359,Luggage Storage Milano Repubblica Train Station,2026-10-10,8,weekend,100,,,unavailable
2026-10-10 07:06,milan,santa-maria-delle-grazie,6457952,Luggage Storage Sant'Ambrogio,2026-10-10,8,weekend,50,0,50,read
2026-10-10 07:06,milan,niguarda,6457565,Luggage Storage Milan Segnano,2026-10-10,8,weekend,20,,,unavailable
2026-10-10 07:06,milan,san-siro-stadium,6457232,Luggage Storage San Siro Stadium Metro Station,2026-10-10,8,weekend,35,0,35,read
2026-10-10 07:06,milan,milan-centrale-railway-station,6456714,Luggage Storage near Mercato Centrale Milano,2026-10-10,8,weekend,50,,,unavailable
2026-10-10 07:06,milan,porta-genova,6456385,Luggage Storage Vetra Metro Station,2026-10-10,8,weekend,45,0,45,read
2026-10-10 07:06,milan,malpensa-airport,6454307,Luggage Storage Corso Magenta,2026-10-10,8,weekend,100,0,100,read
2026-10-10 07:06,milan,milan-centrale-railway-station,6452762,Luggage Storage Milano Centrale / Via Ponte Seveso,2026-10-10,8,weekend,55,,,unavailable
2026-10-10 07:06,milan,porta-venezia,6452268,Luggage Storage Milano Risorgimento,2026-10-10,8,weekend,30,0,30,read
2026-10-10 07:06,milan,milan-centrale-railway-station,6452249,Luggage Storage Largo Rio De Janeiro,2026-10-10,8,weekend,25,0,25,read
2026-10-10 07:06,milan,milan-centrale-railway-station,6452134,Luggage Storage Milano Maggiolina,2026-10-10,8,weekend,25,0,25,read
2026-10-10 07:06,milan,porta-garibaldi-train-station,6452093,Luggage Storage near Gambara Station,2026-10-10,8,weekend,10,0,10,read
2026-10-10 07:06,milan,villapizzone-railway-station,6451947,Luggage Storage Piazza Schiavone / Bovisa,2026-10-10,8,weekend,25,0,25,read
2026-10-10 07:06,milan,zone-1-of-milan,6451752,Luggage Storage near Pinacoteca Di Brera,2026-10-10,8,weekend,40,0,40,read
2026-10-10 07:06,milan,san-siro-stadium,5779,Luggage Storage Via Novara,2026-10-10,8,weekend,50,0,50,read
2026-10-10 07:06,milan,china-town,5385,Luggage Storage Chinatown,2026-10-10,8,weekend,35,0,35,read
2026-10-10 07:06,milan,san-siro-stadium,10096,Luggage Storage Amendola Metro Station,2026-10-10,8,weekend,15,0,15,read
2026-10-10 07:06,naples,naples-centrale-train-station,188,Luggage Storage Naples Centrale,2026-10-10,8,weekend,300,0,300,read
2026-10-10 07:06,naples,naples-centrale-train-station,1835,Luggage Storage Naples Train Station,2026-10-10,8,weekend,45,1,44,read
2026-10-10 07:06,naples,naples-cathedral,3657,Luggage Storage Naples Cathedral,2026-10-10,8,weekend,100,0,100,read
2026-10-10 07:06,naples,naples-centrale-train-station,5009,Luggage Storage Napoli P. Garibaldi Station,2026-10-10,8,weekend,45,0,45,read
2026-10-10 07:06,naples,monument-of-giuseppe-garibaldi,2697,Luggage Storage Corso Umberto I,2026-10-10,8,weekend,30,0,30,read
2026-10-10 07:06,naples,naples-city-center,5681,Luggage Storage near Sansevero Chapel,2026-10-10,8,weekend,50,2,48,read
2026-10-10 07:06,naples,universita,2366,Luggage Storage Naples Port,2026-10-10,8,weekend,50,0,50,read
2026-10-10 07:06,naples,dante,9271,Luggage Storage Dante Metro Station,2026-10-10,8,weekend,30,0,30,read
2026-10-10 07:06,naples,napoli-porta-nolana,9071,Luggage Storage Duomo / Corso Umberto I,2026-10-10,8,weekend,60,0,60,read
2026-10-10 07:06,naples,vicaria,9003,Luggage Storage Arenaccia,2026-10-10,8,weekend,35,0,35,read
2026-10-10 07:06,naples,vomero,7875,Luggage Storage Stadio Collana,2026-10-10,8,weekend,40,0,40,read
2026-10-10 07:06,naples,naples-centrale-train-station,7182,Luggage Storage Piazza Garibaldi Metro Station,2026-10-10,8,weekend,50,0,50,read
2026-10-10 07:06,naples,mergellina-port,6717,Luggage Storage Via Piedigrotta,2026-10-10,8,weekend,50,0,50,read
2026-10-10 07:06,naples,naples-centrale-train-station,6712,Luggage Storage Naples Bus Station,2026-10-10,8,weekend,50,0,50,read
2026-10-10 07:06,naples,vomero,6473629,Luggage Storage Arenella,2026-10-10,8,weekend,20,0,20,read
2026-10-10 07:06,naples,dante,6473519,Luggage Storage near Prince of Naples Gallery,2026-10-10,8,weekend,50,0,50,read
2026-10-10 07:06,naples,vomero,6473440,Luggage Storage Piazza Degli Artisti,2026-10-10,8,weekend,30,0,30,read
2026-10-10 07:06,naples,universita,6472965,Luggage Storage Corso Umberto / Università,2026-10-10,8,weekend,15,0,15,read
2026-10-10 07:06,naples,municipio,6470807,Luggage Storage Piazza Plebiscito,2026-10-10,8,weekend,50,,,unavailable
2026-10-10 07:06,naples,vomero,6470744,Luggage Storage Viale Michelangelo,2026-10-10,8,weekend,50,0,50,read
2026-10-10 07:06,naples,via-chiaia,6470110,Luggage Storage Chiaia,2026-10-10,8,weekend,100,0,100,read
2026-10-10 07:06,naples,via-chiaia,6470069,Luggage Storage Arco Mirelli Metro Station,2026-10-10,8,weekend,10,0,10,read
2026-10-10 07:06,naples,via-toledo,6470059,Luggage Storage Toledo Metro Station,2026-10-10,8,weekend,50,0,50,read
2026-10-10 07:06,naples,naples-centrale-train-station,6467993,Luggage Storage Naples Centrale / Via Firenze,2026-10-10,8,weekend,40,0,40,read
2026-10-10 07:06,naples,via-toledo,6462124,Luggage Storage Via Toledo,2026-10-10,8,weekend,30,0,30,read
2026-10-10 07:06,naples,universita,6461871,Luggage Storage Molo Immacolatella Vecchia,2026-10-10,8,weekend,30,0,30,read
2026-10-10 07:06,naples,napoli-porta-nolana,6461598,Luggage Storage Napoli Centrale / Poerio,2026-10-10,8,weekend,100,0,100,read
2026-10-10 07:06,naples,piazza-cavour,6460747,Luggage Storage San Giovanni a Carbonara,2026-10-10,8,weekend,50,0,50,read
2026-10-10 07:06,naples,napoli-porta-nolana,6460717,Luggage Storage Vespucci - Lucci,2026-10-10,8,weekend,15,0,15,read
2026-10-10 07:06,naples,naples-centrale-train-station,6460339,Luggage Storage Napoli Centrale / Corso Meridionale,2026-10-10,8,weekend,100,0,100,read
2026-10-10 07:06,naples,naples-airport,6458533,Luggage Storage Naples Airport,2026-10-10,8,weekend,30,0,30,read
2026-10-10 07:06,naples,naples-centrale-train-station,6458088,Luggage Storage Napoli Centrale Train Station,2026-10-10,8,weekend,40,1,39,read
2026-10-10 07:06,naples,naples-centrale-train-station,6454591,Luggage Storage Metropark Terminal Bus Station,2026-10-10,8,weekend,100,0,100,read
2026-10-10 07:06,naples,naples-city-center,6454538,Luggage Storage Montesanto Train Station,2026-10-10,8,weekend,50,0,50,read
2026-10-10 07:06,naples,miano,6452747,Luggage Storage Miano,2026-10-10,8,weekend,100,0,100,read
2026-10-10 07:06,naples,rione-sanita,6452507,Luggage Storage Via Arenaccia,2026-10-10,8,weekend,50,0,50,read
2026-10-10 07:06,naples,centro-storico,6451783,Luggage Storage near Naples Archaeological Museum,2026-10-10,8,weekend,25,0,25,read
2026-10-10 07:06,naples,napoli-porta-nolana,6451082,Luggage Storage Università Metro Station,2026-10-10,8,weekend,28,0,28,read
2026-10-10 07:06,naples,naples-city-center,5972,Luggage Storage Diana Theatre,2026-10-10,8,weekend,15,,,unavailable
2026-10-10 07:06,naples,santa-lucia,5763,Luggage Storage Santa Lucia,2026-10-10,8,weekend,100,0,100,read
2026-10-10 07:06,naples,naples-cathedral,5702,Luggage Storage Napoli Piazza Cavour Transit Station,2026-10-10,8,weekend,35,1,34,read
2026-10-10 07:06,naples,universita,5195,Luggage Storage near Duomo Metro Station,2026-10-10,8,weekend,50,2,48,read
2026-10-10 07:06,naples,quattro-giornate-station,3952,Luggage Storage Quattro Giornate Station,2026-10-10,8,weekend,50,0,50,read
2026-10-10 07:06,florence,santa-maria-novella,884,Luggage Storage Santa Maria Novella,2026-10-10,8,weekend,140,13,127,read
2026-10-10 07:06,florence,santa-maria-novella,2262,Luggage Storage Florence Train Station,2026-10-10,8,weekend,100,0,100,read
2026-10-10 07:06,florence,via-dell-albero,6453618,Luggage Storage Firenze Basilica Santa Maria Novella,2026-10-10,8,weekend,70,2,68,read
2026-10-10 07:06,florence,santa-maria-novella,6471146,Luggage Storage Via Faenza / SMN,2026-10-10,8,weekend,30,0,30,read
2026-10-10 07:06,florence,san-lorenzo,6470899,Luggage Storage Mercato Centrale Firenze,2026-10-10,8,weekend,30,0,30,read
2026-10-10 07:06,florence,san-lorenzo,6470655,Luggage Storage San Lorenzo,2026-10-10,8,weekend,20,0,20,read
2026-10-10 07:06,florence,basilica-of-santa-maria-novella,6469938,Luggage Storage near Strozzi Palace,2026-10-10,8,weekend,30,0,30,read
2026-10-10 07:06,florence,santa-croce,6467881,Luggage Storage near Sant'Ambrogio,2026-10-10,8,weekend,30,0,30,read
2026-10-10 07:06,florence,basilica-of-santa-maria-novella,6461934,Luggage Storage Via Ghibellina,2026-10-10,8,weekend,20,,,unavailable
2026-10-10 07:06,florence,santa-maria-novella,6460996,Luggage Storage Smn Station / Largo Alinari,2026-10-10,8,weekend,100,0,100,read
2026-10-10 07:06,florence,basilica-of-santa-maria-novella,6460614,Luggage Storage Via Guelfa / Piazza San Marco,2026-10-10,8,weekend,30,2,28,read
2026-10-10 07:06,florence,santa-maria-novella,6458362,Luggage Storage near Florence Train Station,2026-10-10,8,weekend,30,0,30,read
2026-10-10 07:06,florence,piazza-torquato-tasso,6458194,Luggage Storage Tasso Square,2026-10-10,8,weekend,35,0,35,read
2026-10-10 07:06,florence,florence-airport,6457071,Luggage Storage Via Reginaldo Giuliani,2026-10-10,8,weekend,30,0,30,read
2026-10-10 07:06,florence,scandicci,100,Luggage Storage Scandicci,2026-10-10,8,weekend,300,0,300,read
2026-10-10 07:06,turin,museo-pietro-micca,7213,Luggage Storage Porta Susa Railway Station,2026-10-10,8,weekend,95,0,95,read
2026-10-10 07:06,turin,stazione-porta-nuova,7814,Luggage Storage Porta Nuova Train Station,2026-10-10,8,weekend,55,2,53,read
2026-10-10 07:06,turin,allianz-stadium,2987,Luggage Storage Juventus Stadium,2026-10-10,8,weekend,100,0,100,read
2026-10-10 07:06,turin,stazione-porta-nuova,6462372,Luggage Storage Piazza San Carlo,2026-10-10,8,weekend,55,2,53,read
2026-10-10 07:06,turin,piazza-vittorio-veneto,8876,Luggage Storage Chiesa Di Santa Giulia,2026-10-10,8,weekend,20,0,20,read
2026-10-10 07:06,turin,crocetta,8687,Luggage Storage Corso Mediterraneo,2026-10-10,8,weekend,25,0,25,read
2026-10-10 07:06,turin,barriera-di-milano,8654,Luggage Storage Giardino Giuseppe Saragat,2026-10-10,8,weekend,10,0,10,read
2026-10-10 07:06,turin,stazione-porta-nuova,6473147,Luggage Storage Assietta / Porta Nuova,2026-10-10,8,weekend,50,0,50,read
2026-10-10 07:06,turin,city-center,6472386,Luggage Storage Rossini Tram Stop,2026-10-10,8,weekend,40,,,unavailable
2026-10-10 07:06,turin,santa-rita,6467968,Luggage Storage near Inalpi Arena,2026-10-10,8,weekend,35,0,35,read
2026-10-10 07:06,turin,city-center,6467956,Luggage Storage Porta Palazzo Sud,2026-10-10,8,weekend,25,0,25,read
2026-10-10 07:06,turin,quadrilatero,6467955,Luggage Storage Via Garibaldi,2026-10-10,8,weekend,25,0,25,read
2026-10-10 07:06,turin,lingotto,6467954,Luggage Storage Unione Sovietica / Buenos Aires,2026-10-10,8,weekend,15,0,15,read
2026-10-10 07:06,turin,lingotto,6467873,Luggage Storage Caserma Morelli,2026-10-10,8,weekend,20,0,20,read
2026-10-10 07:06,turin,lingotto,6460332,Luggage Storage near Torino Lingotto Railway Station,2026-10-10,8,weekend,30,0,30,read
2026-10-10 07:06,turin,lingotto,6451048,Luggage Storage Corso Unione Sovietica,2026-10-10,8,weekend,25,0,25,read
2026-10-10 07:06,turin,barriera-di-milano,3023,Luggage Storage Torino Rebaudengo Fossata,2026-10-10,8,weekend,20,0,20,read
2026-10-10 07:06,catania,catania-centrale,6560,Luggage Storage Catania Bus Station,2026-10-10,8,weekend,100,2,98,read
2026-10-10 07:06,catania,city-center,7081,Luggage Storage Fountain Of The Elephant,2026-10-10,8,weekend,40,0,40,read
2026-10-10 07:06,catania,city-center,3024,Luggage Storage Castello Ursino,2026-10-10,8,weekend,25,0,25,read
2026-10-10 07:06,catania,catania-centrale,6452503,Luggage Storage Catania Centrale Train Station,2026-10-10,8,weekend,30,0,30,read
2026-10-10 07:06,catania,city-center,6797,Luggage Storage Stesicoro Metro Station,2026-10-10,8,weekend,30,0,30,read
2026-10-10 07:06,catania,city-center,7058,Luggage Storage Monastery Of San Nicolò L'arena,2026-10-10,8,weekend,25,0,25,read
2026-10-10 07:06,catania,catania-centrale,6577,Luggage Storage Via Archimede,2026-10-10,8,weekend,100,0,100,read
2026-10-10 07:06,catania,city-center,6473509,Luggage Storage Via Lago di Nicito,2026-10-10,8,weekend,10,0,10,read
2026-10-10 07:06,catania,catania-airport,6471153,Luggage Storage Catania Airport Area,2026-10-10,8,weekend,100,0,100,read
2026-10-10 07:06,catania,borgo-sanzio,6460361,Luggage Storage near Catania Stadium,2026-10-10,8,weekend,20,0,20,read
2026-10-10 07:06,catania,catania-centrale,6460060,Luggage Storage Catania Centrale Railway Station,2026-10-10,8,weekend,80,0,80,read
2026-10-10 07:06,catania,city-center,6459389,Luggage Storage Vittorio Emanuele Ii / Plebiscito,2026-10-10,8,weekend,20,0,20,read
2026-10-10 07:06,catania,city-center,6459362,Luggage Storage Catania Stadium,2026-10-10,8,weekend,20,0,20,read
2026-10-10 07:06,catania,borgo-sanzio,6458945,Luggage Storage Orto Botanico di Catania,2026-10-10,8,weekend,20,,,unavailable
2026-10-10 07:06,catania,university-of-catania,6456575,Luggage Storage near Teatro Massimo Bellini,2026-10-10,8,weekend,50,0,50,read
2026-10-10 07:06,catania,catania-airport,6454786,Luggage Storage near Catania Airport,2026-10-10,8,weekend,50,3,47,read
2026-10-10 07:06,catania,city-center,6453899,Luggage Storage Catania Centrale,2026-10-10,8,weekend,35,,,unavailable
2026-10-10 07:06,catania,catania-centrale,6452808,Luggage Storage near Catania Porto,2026-10-10,8,weekend,100,0,100,read
2026-10-10 07:06,catania,city-center,6452806,Luggage Storage Catania Harbor Pier,2026-10-10,8,weekend,10,0,10,read
2026-10-10 07:06,catania,catania-centrale,6452780,Luggage Storage Giovanni Xxiii Metro Station,2026-10-10,8,weekend,25,0,25,read
2026-10-10 07:06,catania,university-of-catania,6452772,Luggage Storage Catania Porto,2026-10-10,8,weekend,25,0,25,read
2026-10-10 07:06,catania,borgo-sanzio,4210,Luggage Storage Borgo-sanzio,2026-10-10,8,weekend,150,0,150,read
2026-10-10 07:06,venice,santa-lucia-station,4896,Luggage Storage Venezia Santa Lucia Station,2026-10-10,8,weekend,140,10,130,read
2026-10-10 07:06,venice,rialto,149,Luggage Storage Rialto Bridge,2026-10-10,8,weekend,300,0,300,read
2026-10-10 07:06,venice,piazzale-roma,5722,Luggage Storage Piazzale Roma,2026-10-10,8,weekend,100,1,99,read
2026-10-10 07:06,venice,piazzale-roma,9579,Luggage Storage Piazzale Roma Terminal Bus,2026-10-10,8,weekend,55,2,53,read
2026-10-10 07:06,venice,san-polo,6473647,Luggage Storage near Venice San Polo,2026-10-10,8,weekend,100,0,100,read
2026-10-10 07:06,venice,constitution-bridge,6457620,Luggage Storage Venice Bus Terminal,2026-10-10,8,weekend,90,1,89,read
2026-10-10 07:06,venice,venice-marco-polo-airport,6452148,Luggage Storage near Venice Marco Polo Area,2026-10-10,8,weekend,45,1,44,read
2026-10-10 07:06,venice,murano-da-mula,5437,Luggage Storage Murano Da Mula,2026-10-10,8,weekend,200,0,200,read
2026-10-10 07:06,venice,city-center,4914,Luggage Storage San Polo,2026-10-10,8,weekend,20,0,20,read
2026-10-10 07:06,bari,bari-centrale-train-station,233,Luggage Storage Bari Centrale Train Station,2026-10-10,8,weekend,300,0,300,read
2026-10-10 07:06,bari,bari-centrale-train-station,6452171,Luggage Storage Bari Centrale Station,2026-10-10,8,weekend,100,3,97,read
2026-10-10 07:06,bari,bari-centrale-train-station,9316,Luggage Storage Giardini Di Piazza Umberto I,2026-10-10,8,weekend,20,0,20,read
2026-10-10 07:06,bari,bari-centrale-train-station,6460739,Luggage Storage Bari Bus Station,2026-10-10,8,weekend,20,0,20,read
2026-10-10 07:06,bari,altamura,6455039,Luggage Storage Altamura St Mary'S Cathedral,2026-10-10,8,weekend,10,0,10,read
2026-10-10 07:06,bari,bari-centrale-train-station,2652,Luggage Storage Bari Railway Station,2026-10-10,8,weekend,300,0,300,read
2026-10-10 07:06,bari,fiera-del-levante,1377,Luggage Storage Via Napoli,2026-10-10,8,weekend,30,0,30,read
2026-10-10 07:06,palermo,palermo-centrale,6517,Luggage Storage Palermo Train Station,2026-10-10,8,weekend,90,2,88,read
2026-10-10 07:06,palermo,palermo-centrale,7233,Luggage Storage Palermo Central Station,2026-10-10,8,weekend,45,2,43,read
2026-10-10 07:06,palermo,palermo-city-center,7171,Luggage Storage Via Cavour,2026-10-10,8,weekend,20,0,20,read
2026-10-10 07:06,palermo,palermo-city-center,7123,Luggage Storage Monte Di Pietà,2026-10-10,8,weekend,30,,,unavailable
2026-10-10 07:06,palermo,port-palermo,6473031,Luggage Storage near Albero Falcone,2026-10-10,8,weekend,20,0,20,read
2026-10-10 07:06,palermo,mondello,6456875,Luggage Storage near Mondello,2026-10-10,8,weekend,20,0,20,read
2026-10-10 07:06,bologna,bologna-centrale-railway-station,5280,Luggage Storage Bologna Centrale Station,2026-10-10,8,weekend,65,0,65,read
2026-10-10 07:06,bologna,bologna-centrale-railway-station,6460518,Luggage Storage near Bologna Station,2026-10-10,8,weekend,55,,,unavailable
2026-10-10 07:06,bologna,bologna-centrale-railway-station,9233,Luggage Storage Porta Sant'isaia,2026-10-10,8,weekend,25,1,24,read
2026-10-10 07:06,pisa,pisa-centrale-train-station,7633,Luggage Storage Pisa Train Station,2026-10-10,8,weekend,65,5,60,read
2026-10-10 07:06,pisa,pisa-centrale-train-station,6602,Luggage Storage Pisa Bus Station,2026-10-10,8,weekend,50,0,50,read
2026-10-10 07:06,pisa,pisa-centrale-train-station,6456903,Luggage Storage Pisa Railway Station,2026-10-10,8,weekend,40,0,40,read
2026-10-10 07:06,pisa,pisa-piazza-del-duomo,6652,Luggage Storage Piazza Dante,2026-10-10,8,weekend,10,0,10,read
2026-10-10 07:06,pisa,national-museum-of-san-matteo,6651,Luggage Storage Teatro Verdi,2026-10-10,8,weekend,50,0,50,read
2026-10-10 07:06,pisa,pisa-centrale-train-station,6463206,Luggage Storage Pisa Station,2026-10-10,8,weekend,60,0,60,read
2026-10-10 07:06,pisa,pisa-centrale-train-station,6456828,Luggage Storage Pisa Airport,2026-10-10,8,weekend,50,1,49,read
2026-10-10 07:06,cagliari,marina,974,Luggage Storage Cagliari Train Station,2026-10-10,8,weekend,45,0,45,read
2026-10-10 07:06,cagliari,stazione,6473152,Luggage Storage Cagliari Station 7/7,2026-10-10,8,weekend,30,0,30,read
2026-10-10 07:06,cagliari,stazione,6473089,Luggage Storage Cagliari Railway Station,2026-10-10,8,weekend,20,0,20,read
2026-10-10 07:06,cagliari,city-center,6459536,Luggage Storage Piazza S. Benedetto,2026-10-10,8,weekend,20,0,20,read
2026-10-10 07:06,genoa,piazza-principe,147,Luggage Storage Genoa Principe Station,2026-10-10,8,weekend,300,0,300,read
2026-10-10 07:06,genoa,maddalena,6455518,Luggage Storage Genoa Porto Antico,2026-10-10,8,weekend,30,0,30,read
2026-10-10 07:06,genoa,genoa-port,6451167,Luggage Storage Genoa Ferry Terminal,2026-10-10,8,weekend,30,0,30,read
2026-10-10 07:06,genoa,brignole,6459832,Luggage Storage near Marconi / Fiera,2026-10-10,8,weekend,20,0,20,read
2026-10-10 07:06,lucca,city-center,6455648,Luggage Storage Chiesa Di San Michele In Foro,2026-10-10,8,weekend,50,0,50,read
2026-10-10 07:06,lucca,lucca-train-station,6457066,Luggage Storage near Lucca Railway Station,2026-10-10,8,weekend,150,0,150,read
2026-10-10 07:06,lucca,lucca-train-station,6458740,Luggage Storage inside Lucca Station,2026-10-10,8,weekend,50,0,50,read
2026-10-10 07:06,lucca,lucca-train-station,6456553,Luggage Storage near Palazzo Ducale Di Lucca,2026-10-10,8,weekend,25,0,25,read
2026-10-10 07:06,verona,citta-antica,7345,Luggage Storage Castelvecchio Museum,2026-10-10,8,weekend,30,0,30,read
2026-10-10 07:06,verona,avesa,6457679,Luggage Storage Piazza Avesa,2026-10-10,8,weekend,20,0,20,read
2026-10-10 07:06,lecce,railway-station,6408,Luggage Storage Lecce Train Station,2026-10-10,8,weekend,70,1,69,read
2026-10-10 07:06,lecce,lecce-city-center,6459606,Luggage Storage near San Matteo Church,2026-10-10,8,weekend,20,0,20,read
2026-10-10 07:06,lecce,lecce-city-center,6473480,Luggage Storage Via G.Argento,2026-10-10,8,weekend,100,0,100,read
2026-10-10 07:06,lecce,railway-station,6459622,Luggage Storage Viale Oronzo Quarta,2026-10-10,8,weekend,20,0,20,read
2026-10-10 07:06,lecce,railway-station,6459618,Luggage Storage Lecce Railway Station,2026-10-10,8,weekend,30,0,30,read
2026-10-10 07:06,siena,siena-train-station,6452060,Luggage Storage Siena Railway Station,2026-10-10,8,weekend,35,0,35,read
2026-10-10 07:06,siena,lupa,7266,Luggage Storage Lupa,2026-10-10,8,weekend,25,0,25,read
2026-10-10 07:06,syracuse,station,6453001,Luggage Storage Siracusa Station,2026-10-10,8,weekend,40,0,40,read
2026-10-10 07:06,syracuse,station,6539,Luggage Storage Syracuse Railway Station,2026-10-10,8,weekend,30,0,30,read
2026-10-10 07:06,syracuse,station,6471913,Luggage Storage Corso Umberto I,2026-10-10,8,weekend,50,0,50,read
2026-10-10 07:06,syracuse,apollo-temple,6471008,Luggage Storage Syracuse Cathedral,2026-10-10,8,weekend,25,0,25,read
2026-10-10 07:06,syracuse,arenella,6453517,Luggage Storage Siracusa Arenella,2026-10-10,8,weekend,50,0,50,read
2026-10-10 07:06,rimini,rimini-train-station,226,Luggage Storage Rimini Train Station,2026-10-10,8,weekend,300,0,300,read
2026-10-10 07:06,rimini,lungomare-augusto-murri,3797,Luggage Storage Rimini Beach,2026-10-10,8,weekend,15,0,15,read
2026-10-10 07:06,rimini,lungomare-augusto-murri,6713,Luggage Storage Piazza Kennedy,2026-10-10,8,weekend,25,0,25,read
2026-10-10 07:06,rimini,city-center,6472266,Luggage Storage near Fellini Museum,2026-10-10,8,weekend,10,0,10,read
2026-10-10 07:06,rimini,federico-fellini-international-airport,6460885,Luggage Storage Rimini Miramare,2026-10-10,8,weekend,20,0,20,read
2026-10-10 07:06,rimini,city-center,6453599,Luggage Storage Castel Sismondo,2026-10-10,8,weekend,10,0,10,read
2026-10-10 07:06,rimini,federico-fellini-park,6453325,Luggage Storage Parco Fellini,2026-10-10,8,weekend,25,0,25,read
2026-10-10 07:06,rimini,city-center,6453323,Luggage Storage Aleardi,2026-10-10,8,weekend,12,0,12,read
2026-10-10 07:06,rimini,rimini-train-station,6453307,Luggage Storage Viale Nazario Sauro,2026-10-10,8,weekend,10,0,10,read
2026-10-10 07:06,rimini,bellariva,6453303,Luggage Storage Viale Regina Elena,2026-10-10,8,weekend,50,,,unavailable
2026-10-10 07:06,rimini,rimini-train-station,6453291,Luggage Storage Via Roma / Station,2026-10-10,8,weekend,15,0,15,read
2026-10-10 07:06,rimini,city-center,6453271,Luggage Storage Parco Alcide Cervi,2026-10-10,8,weekend,10,0,10,read
2026-10-10 07:06,sorrento,sorrento-train-station,6579,Luggage Storage Piazza Tasso,2026-10-10,8,weekend,30,,,unavailable
2026-10-10 07:06,sorrento,sorrento-train-station,6461804,Luggage Storage Piazza Lauro,2026-10-10,8,weekend,30,0,30,read
2026-10-10 07:06,sorrento,sant-agnello,6459956,Luggage Storage Sant'Agnello,2026-10-10,8,weekend,20,0,20,read
2026-10-10 07:06,sorrento,city-center,6459906,Luggage Storage Tasso Square,2026-10-10,8,weekend,30,0,30,read
2026-10-10 07:06,salerno,salerno-train-station,640,Luggage Storage Salerno Train Station,2026-10-10,8,weekend,100,3,97,read
2026-10-10 07:06,salerno,salerno-train-station,7600,Luggage Storage Salerno Railway Station,2026-10-10,8,weekend,50,1,49,read
2026-10-10 07:06,salerno,city-centre,9129,Luggage Storage Salerno Villa Comunale,2026-10-10,8,weekend,20,0,20,read
2026-10-10 07:06,salerno,city-centre,6462046,Luggage Storage Salerno City Center,2026-10-10,8,weekend,20,0,20,read
2026-10-10 07:06,alghero,alghero-train-station,7535,Luggage Storage Alghero Train Station,2026-10-10,8,weekend,45,0,45,read
2026-10-10 07:06,alghero,alghero-airport,6460125,Luggage Storage Alghero Airport,2026-10-10,8,weekend,30,4,26,read
2026-10-10 07:06,la-spezia,la-spezia-centrale,6459753,Luggage Storage La Spezia Centrale FS,2026-10-10,8,weekend,20,0,20,read
2026-10-10 07:06,la-spezia,la-spezia-centrale,6459699,Luggage Storage La Spezia Station,2026-10-10,8,weekend,60,0,60,read
2026-10-10 07:06,la-spezia,la-spezia-centrale,6461904,Luggage Storage La Spezia Old Town,2026-10-10,8,weekend,20,0,20,read
2026-10-10 07:06,mestre,mestre-train-station,5326,Luggage Storage Mestre Train Station,2026-10-10,8,weekend,100,0,100,read
2026-10-10 07:06,mestre,city-center,6451464,Luggage Storage Museo M9 Mestre,2026-10-10,8,weekend,30,0,30,read
2026-10-10 07:06,mestre,mestre-train-station,6452345,Luggage Storage Mestre Corso Del Popolo,2026-10-10,8,weekend,25,0,25,read
2026-10-10 07:06,perugia,central-station,6460204,Luggage Storage Perugia Station 24H,2026-10-10,8,weekend,20,0,20,read
2026-10-10 07:06,perugia,bus-station,7238,Luggage Storage Perugia Bus Station,2026-10-10,8,weekend,25,0,25,read
2026-10-10 07:06,pescara,pescara-centrale-train-station,6461064,Luggage Storage Pescara Terminal Bus,2026-10-10,8,weekend,20,0,20,read
2026-10-10 07:06,trapani,trapani-port,3363,Luggage Storage Trapani Ferry Terminal,2026-10-10,8,weekend,50,0,50,read
2026-10-10 07:06,trapani,train-station,6526,Luggage Storage Museum Of Illusions,2026-10-10,8,weekend,10,0,10,read
2026-10-10 07:06,trapani,city-center,6522,Luggage Storage Via Marconi,2026-10-10,8,weekend,100,0,100,read
2026-10-10 07:06,bergamo,bergamo-train-station,6460152,Luggage Storage Bergamo Bus Station,2026-10-10,8,weekend,45,2,43,read
2026-10-10 07:06,bergamo,bergamo-train-station,6457968,Luggage Storage Bergamo Bus Station,2026-10-10,8,weekend,30,0,30,read
2026-10-10 07:06,bergamo,bergamo-train-station,6460156,Luggage Storage Via Gavazzeni,2026-10-10,8,weekend,20,0,20,read
2026-10-10 07:06,monopoli,castello-carlo-v,6910,Luggage Storage Monopoli Porto Antico,2026-10-10,8,weekend,25,0,25,read
2026-10-10 07:06,pompei,train-station,7143,Luggage Storage Pompei Scavi Villa Dei Misteri Station,2026-10-10,8,weekend,50,0,50,read
2026-10-10 07:06,pompei,train-station,6451997,Luggage Storage Pompei Santuario,2026-10-10,8,weekend,10,0,10,read
2026-10-10 07:06,reggio-calabria,villa-san-giovanni,5948,Luggage Storage Villa San Giovanni Station,2026-10-10,8,weekend,50,0,50,read
2026-10-10 07:06,bolzano,waltherplatz,8090,Luggage Storage Bolzano Cathedral,2026-10-10,8,weekend,30,0,30,read
2026-10-10 07:06,bolzano,bolzano-train-station,6457943,Luggage Storage near Waltherplatz,2026-10-10,8,weekend,20,3,17,read
2026-10-10 07:06,bolzano,bolzano-train-station,6463173,Luggage Storage Bolzano Piazza Duomo,2026-10-10,8,weekend,50,0,50,read
2026-10-10 07:06,brindisi,central-station,6473179,Luggage Storage Brindisi Train Station,2026-10-10,8,weekend,70,0,70,read
2026-10-10 07:06,ferrara,city-center,873,Luggage Storage Ferrara City Center,2026-10-10,8,weekend,15,0,15,read
2026-10-10 07:06,ferrara,railway-station,7252,Luggage Storage Ferrara Railway Station,2026-10-10,8,weekend,50,0,50,read
2026-10-10 07:06,ferrara,city-center,6451982,Luggage Storage Viale Cavour / Ferrara Castle,2026-10-10,8,weekend,50,0,50,read
2026-10-10 07:06,ferrara,railway-station,6452547,Luggage Storage Ferrara Train Station,2026-10-10,8,weekend,40,0,40,read
2026-10-10 07:06,ferrara,railway-station,6469743,Luggage Storage Ferrara Station,2026-10-10,8,weekend,50,0,50,read
2026-10-10 07:06,trento,main-station,3884,Luggage Storage Trento Railway Station,2026-10-10,8,weekend,40,0,40,read
2026-10-10 07:06,messina,messina-centrale,9018,Luggage Storage Messina Train Station,2026-10-10,8,weekend,30,2,28,read
2026-10-10 07:06,modena,central-station,6389,Luggage Storage Giardino Ducale Estense,2026-10-10,8,weekend,25,0,25,read
2026-10-10 07:06,modena,city-centre,6379,Luggage Storage Galleria Estense,2026-10-10,8,weekend,25,0,25,read
2026-10-10 07:06,agrigento,agrigento-train-staion,783,Luggage Storage Agrigento Train Station,2026-10-10,8,weekend,30,1,29,read
2026-10-10 07:06,agrigento,city-center,7148,Luggage Storage Agrigento Old Town,2026-10-10,8,weekend,50,0,50,read
2026-10-10 07:06,aosta,train-station,3895,Luggage Storage Transit Station Aosta,2026-10-10,8,weekend,65,0,65,read
2026-10-10 07:06,aosta,train-station,3864,Luggage Storage Aosta Train Station,2026-10-10,8,weekend,10,0,10,read
2026-10-10 07:06,aosta,aosta-train-station,6474563,Luggage Storage near Aosta Station,2026-10-10,8,weekend,10,0,10,read
2026-10-10 07:06,aosta,aosta-train-station,6451201,Luggage Storage Aosta Cathedral,2026-10-10,8,weekend,10,0,10,read
2026-10-10 07:06,brescia,train-station,7597,Luggage Storage Brescia Station,2026-10-10,8,weekend,20,1,19,read
2026-10-10 07:06,brescia,train-station,6036,Luggage Storage Vittoria Metro Station,2026-10-10,8,weekend,10,0,10,read
2026-10-10 07:06,brescia,train-station,6032,Luggage Storage Palazzo Facchi,2026-10-10,8,weekend,10,0,10,read
2026-10-10 07:06,brescia,train-station,6030,Luggage Storage Torri Gemelle Park,2026-10-10,8,weekend,20,0,20,read
2026-10-10 07:06,como,city-center,6473498,Luggage Storage Como S. Giovanni Station,2026-10-10,8,weekend,35,1,34,read
2026-10-10 07:06,monza,downtown,6200,Luggage Storage Monza City Center,2026-10-10,8,weekend,230,0,230,read
2026-10-10 07:06,monza,monza-train-station,6462143,Luggage Storage Monza Railway Station,2026-10-10,8,weekend,20,1,19,read
2026-10-10 07:06,parma,city-center,6473550,Luggage Storage Arch of San Lazzaro,2026-10-10,8,weekend,10,0,10,read
2026-10-10 07:06,parma,station,6469974,Luggage Storage Parma Station,2026-10-10,8,weekend,20,0,20,read
2026-10-10 07:06,parma,city-center,6462255,Luggage Storage near Governor's Palace,2026-10-10,8,weekend,20,0,20,read
2026-10-10 07:06,polignano-a-mare,city-center,6455631,Luggage Storage San Vito Beach,2026-10-10,8,weekend,10,,,unavailable
2026-10-10 07:06,ravenna,dante-tomb,6461643,Luggage Storage near Dante's Tomb,2026-10-10,8,weekend,20,0,20,read
2026-10-10 07:06,ravenna,main-station,6453186,Luggage Storage Via Molinetto,2026-10-10,8,weekend,20,0,20,read
2026-10-10 07:06,savona,train-station,7722,Luggage Storage Savona Railway Station,2026-10-10,8,weekend,20,0,20,read
2026-10-10 07:06,savona,public-beach-lo-scaletto-dei-pescatori,6456768,Luggage Storage Lo Scaletto Dei Pescatori Beach,2026-10-10,8,weekend,20,0,20,read
2026-10-10 07:06,savona,train-station,6470688,Luggage Storage Lavagnola,2026-10-10,8,weekend,20,0,20,read
2026-10-10 07:06,savona,savona-city-center,6470488,Luggage Storage Via Collodi,2026-10-10,8,weekend,10,0,10,read
2026-10-10 07:06,trieste,trieste-train-station,3904,Luggage Storage near Trieste Central Station,2026-10-10,8,weekend,45,2,43,read
2026-10-10 07:06,trieste,trieste-train-station,9042,Luggage Storage Trieste Railway Station,2026-10-10,8,weekend,10,0,10,read
2026-10-10 07:06,ancona,ancona-train-station,458,Luggage Storage Ancona Train Station,2026-10-10,8,weekend,100,0,100,read
2026-10-10 07:06,ancona,ancona-train-station,3893,Luggage Storage Ancona Railway Station,2026-10-10,8,weekend,100,0,100,read
2026-10-10 07:06,ancona,ancona-train-station,5993,Luggage Storage Ugo Bassi Square,2026-10-10,8,weekend,15,0,15,read
2026-10-10 07:06,caserta,city-center,6470092,Luggage Storage Caserta Railway Station,2026-10-10,8,weekend,10,0,10,read
2026-10-10 07:06,gallipoli,gallipoli-station,7536,Luggage Storage Greek Fountain,2026-10-10,8,weekend,30,0,30,read
2026-10-10 07:06,livorno,livorno-train-station,9547,Luggage Storage Livorno Centrale,2026-10-10,8,weekend,25,0,25,read
2026-10-10 07:06,livorno,city-center,6451828,Luggage Storage Piazza Mazzini,2026-10-10,8,weekend,20,0,20,read
2026-10-10 07:06,padua,main-station,7276,Luggage Storage Padua Train Station,2026-10-10,8,weekend,50,5,45,read
2026-10-10 07:06,padua,main-station,6467981,Luggage Storage Padova Railway Station,2026-10-10,8,weekend,50,0,50,read
2026-10-10 07:06,padua,main-station,7281,Luggage Storage Via Sarpi,2026-10-10,8,weekend,60,0,60,read
2026-10-10 07:06,ragusa,ragusa-train-station,6452897,Luggage Storage Ragusa Train Station,2026-10-10,8,weekend,25,0,25,read
2026-10-10 07:06,ragusa,city-center,6452985,Luggage Storage near Ragusa Bus Terminal,2026-10-10,8,weekend,40,0,40,read
2026-10-10 07:06,cefalu,city-center,5092,Luggage Storage Rocca Di Cefalù,2026-10-10,8,weekend,30,0,30,read
2026-10-10 07:06,imola,city-center,6453094,Luggage Storage Imola Train Station,2026-10-10,8,weekend,150,0,150,read
2026-10-10 07:06,imola,city-center,6467886,Luggage Storage Piazza Matteotti,2026-10-10,8,weekend,200,0,200,read
2026-10-10 07:06,imola,city-center,6453070,Luggage Storage Imola Piazza Matteotti,2026-10-10,8,weekend,20,0,20,read
2026-10-10 07:06,sassari,city-center,7623,Luggage Storage Viale Dante,2026-10-10,8,weekend,20,0,20,read
2026-10-10 07:06,taranto,castello-aragonese,6852,Luggage Storage San Cataldo Cathedral,2026-10-10,8,weekend,50,0,50,read
2026-10-10 07:06,treviso,treviso-train-station,806,Luggage Storage Treviso Train Station,2026-10-10,8,weekend,75,0,75,read
2026-10-10 07:06,treviso,city-center,2608,Luggage Storage Treviso City Center,2026-10-10,8,weekend,25,0,25,read
2026-10-10 07:06,viareggio,city-center,6451851,Luggage Storage near Gamc,2026-10-10,8,weekend,25,0,25,read
2026-10-10 07:06,assisi,city-center,8450,Luggage Storage Assisi Train Station,2026-10-10,8,weekend,60,0,60,read
2026-10-10 07:06,assisi,city-center,7307,Luggage Storage Basilica Di Santa Maria Degli Angeli,2026-10-10,8,weekend,25,0,25,read
2026-10-10 07:06,caltanissetta,caltanissetta-centrale,7727,Luggage Storage Caltanissetta Train Station,2026-10-10,8,weekend,10,0,10,read
2026-10-10 07:06,caltanissetta,caltanissetta-old-town,7719,Luggage Storage Caltanissetta Old Town,2026-10-10,8,weekend,10,0,10,read
2026-10-10 07:06,caltanissetta,caltanissetta-centrale,7624,Luggage Storage Caltanissetta Centrale,2026-10-10,8,weekend,30,0,30,read
2026-10-10 07:06,cosenza,casa-di-galeazzo-di-tarsia,6794,Luggage Storage National Gallery Of Cosenza,2026-10-10,8,weekend,40,0,40,read
2026-10-10 07:06,cosenza,city-centre,6788,Luggage Storage Piazza Giacomo Mancini,2026-10-10,8,weekend,40,0,40,read
2026-10-10 07:06,ischia,port,6460634,Luggage Storage Ischia Ferry Terminal,2026-10-10,8,weekend,30,0,30,read
2026-10-10 07:06,lecco,lecco-train-station,6470300,Luggage Storage near Lake Como Museum,2026-10-10,8,weekend,10,0,10,read
2026-10-10 07:06,olbia,train-station,7387,Luggage Storage Olbia Terranova Train Station,2026-10-10,8,weekend,100,0,100,read
2026-10-10 07:06,rapallo,train-station,6452316,Luggage Storage Rapallo Railway Station,2026-10-10,8,weekend,30,0,30,read
2026-10-10 07:06,altamura,city-centre,6455041,Luggage Storage Church Of Saint Theresa,2026-10-10,8,weekend,10,0,10,read
2026-10-10 07:06,altamura,city-centre,6455015,Luggage Storage Altamura Old Town,2026-10-10,8,weekend,20,0,20,read
2026-10-10 07:06,desenzano,train-station,6267,Luggage Storage Desenzano Port,2026-10-10,8,weekend,50,0,50,read
2026-10-10 07:06,donnalucata,city-centre,6452863,Luggage Storage Donnalucata Beach,2026-10-10,8,weekend,10,0,10,read
2026-10-10 07:06,donnalucata,city-centre,6452846,Luggage Storage Lungomare Di Donnalucata,2026-10-10,8,weekend,20,0,20,read
2026-10-10 07:06,la-maddalena,la-maddalena-ferry-terminal,6460785,Luggage Storage Via Cairoli,2026-10-10,8,weekend,20,0,20,read
2026-10-10 07:06,merano,merano-train-station,9956,Luggage Storage Merano Railway Station,2026-10-10,8,weekend,15,1,14,read
2026-10-10 07:06,milazzo,port,6471045,Luggage Storage Via dei Mille,2026-10-10,8,weekend,200,0,200,read
2026-10-10 07:06,ostuni,city-centre,6876,Luggage Storage Ostuni Train Station,2026-10-10,8,weekend,50,0,50,read
2026-10-10 07:06,prato,prato-centrale,4478,Luggage Storage Prato City Center,2026-10-10,8,weekend,40,0,40,read
2026-10-10 07:06,prato,prato-centrale,6471185,Luggage Storage Prato Centrale Railway Station,2026-10-10,8,weekend,10,0,10,read
2026-10-10 07:06,reggio-emilia,railway-station,7858,Luggage Storage Reggio Emilia Train Station,2026-10-10,8,weekend,65,0,65,read
2026-10-10 07:06,reggio-emilia,reggio-emilia-old-town,7861,Luggage Storage Palazzo Magnani,2026-10-10,8,weekend,10,0,10,read
2026-10-10 07:06,tirano,tirano-railway-station,6467810,Luggage Storage Tirano Train Station,2026-10-10,8,weekend,40,2,38,read
2026-10-10 07:06,vicenza,main-station,6461412,Luggage Storage Vicenza Railway Station,2026-10-10,8,weekend,35,0,35,read
2026-10-10 07:06,alberobello,city-center,6455991,Luggage Storage Via Piave,2026-10-10,8,weekend,30,0,30,read
2026-10-10 07:06,asti,city-center,6451274,Luggage Storage Asti Cathedral,2026-10-10,8,weekend,15,0,15,read
2026-10-10 07:06,elba,marina-di-campo,6460662,Luggage Storage Marina di Campo Beach,2026-10-10,8,weekend,20,0,20,read
2026-10-10 07:06,elba,procchio,6460661,Luggage Storage Procchio Beach,2026-10-10,8,weekend,20,0,20,read
2026-10-10 07:06,lamezia-terme,train-station,6452912,Luggage Storage Lamezia Terme Centrale,2026-10-10,8,weekend,30,0,30,read
2026-10-10 07:06,mantua,city-center,6385,Luggage Storage Social Theatre,2026-10-10,8,weekend,25,0,25,read
2026-10-10 07:06,massa,city-center,6458344,Luggage Storage Massa Centro Railway Station,2026-10-10,8,weekend,20,0,20,read
2026-10-10 07:06,potenza,city-center,6460018,Luggage Storage Potenza City Center,2026-10-10,8,weekend,100,0,100,read
2026-10-10 07:06,potenza,potenza-city-center,6459940,Luggage Storage Potenza Santa Maria,2026-10-10,8,weekend,20,0,20,read
2026-10-10 07:06,sanremo,city-center,7763,Luggage Storage Sanremo City Center,2026-10-10,8,weekend,20,0,20,read
2026-10-10 07:06,sanremo,casino-di-sanremo,7768,Luggage Storage Casinò Di Sanremo,2026-10-10,8,weekend,20,0,20,read
2026-10-10 07:06,sestri-levante,sestri-levante-train-station,6459773,Luggage Storage Sestri Levante Train Station,2026-10-10,8,weekend,35,0,35,read
2026-10-10 07:06,stromboli,ferry-terminal,6461846,Luggage Storage Scari Beach,2026-10-10,8,weekend,20,0,20,read
2026-10-10 07:06,ventimiglia,city-center-ventimiglia,6469655,Luggage Storage Ventimiglia Railway Station,2026-10-10,8,weekend,50,,,unavailable
2026-10-10 07:06,alessandria,tortona,6451902,Luggage Storage Via S. Marziano,2026-10-10,8,weekend,15,0,15,read
2026-10-10 07:06,chiavari,chiavari-train-station,6452398,Luggage Storage Chiavari Train Station,2026-10-10,8,weekend,20,0,20,read
2026-10-10 07:06,forio-ischia,forio-beach,6454421,Luggage Storage near Forio Beach,2026-10-10,8,weekend,15,0,15,read
2026-10-10 07:06,formia,city-center,6458650,Luggage Storage Formia Train Station,2026-10-10,8,weekend,10,0,10,read
2026-10-10 07:06,gorizia,gorizia-train-station,9040,Luggage Storage Gorizia Train Station,2026-10-10,8,weekend,25,0,25,read
2026-10-10 07:06,martina-franca,city-center,6455140,Luggage Storage Villa Garibaldi,2026-10-10,8,weekend,10,0,10,read
2026-10-10 07:06,mazara-del-vallo,train-station,5293,Luggage Storage Stazione Di Mazara Del Vallo,2026-10-10,8,weekend,10,0,10,read
2026-10-10 07:06,modica,city-center,6452836,Luggage Storage Trenino Barocco Modica,2026-10-10,8,weekend,10,0,10,read
2026-10-10 07:06,paola,paola-train-station,8993,Luggage Storage Paola Train Station,2026-10-10,8,weekend,10,0,10,read
2026-10-10 07:06,peschiera-del-garda,peschiera-del-garda-train-station,6460959,Luggage Storage Peschiera Del Garda Railway Station,2026-10-10,8,weekend,35,0,35,read
2026-10-10 07:06,rivoli,city-centre,7166,Luggage Storage Corso Xxv Aprile,2026-10-10,8,weekend,20,0,20,read
2026-10-10 07:06,rovigo,rovigo-train-station,6457110,Luggage Storage Rovigo Train Station,2026-10-10,8,weekend,20,0,20,read
2026-10-10 07:06,trani,trani-transit-station,6936,Luggage Storage Trani Port,2026-10-10,8,weekend,50,,,unavailable
