read_at,city,area,storage_id,name,day,hour,weekday,capacity,booked,free,status
2026-10-05 15:09,rome,termini,1109,Luggage Storage Termini,2026-10-05,16,weekday,300,39,261,read
2026-10-05 15:09,rome,termini,6453333,Luggage Storage Termini / Piazza Dei Cinquecento,2026-10-05,16,weekday,100,2,98,read
2026-10-05 15:09,rome,tiburtina,4763,Luggage Storage Tiburtina Terminal,2026-10-05,16,weekday,65,2,63,read
2026-10-05 15:09,rome,pantheon,255,Luggage Storage Rome Pantheon,2026-10-05,16,weekday,300,0,300,read
2026-10-05 15:09,rome,colosseum,3690,Luggage Storage Colosseum Station,2026-10-05,16,weekday,50,0,50,read
2026-10-05 15:09,rome,trastevere,913,Luggage Storage Viale Trastevere,2026-10-05,16,weekday,80,11,69,read
2026-10-05 15:09,rome,roma-vatican-museums,6459809,Luggage Storage near Vatican Museums,2026-10-05,16,weekday,50,4,46,read
2026-10-05 15:09,rome,roman-forum,34,Luggage Storage Fori Imperiali,2026-10-05,16,weekday,300,0,300,read
2026-10-05 15:09,rome,tiburtina,4599,Luggage Storage Tiburtina Train Station,2026-10-05,16,weekday,80,3,77,read
2026-10-05 15:09,rome,ostiense,44,Luggage Storage Ostiense,2026-10-05,16,weekday,300,0,300,read
2026-10-05 15:09,rome,navona,21,Luggage Storage Navona,2026-10-05,16,weekday,100,0,100,read
2026-10-05 15:09,rome,termini,1352,Luggage Storage Termini Station,2026-10-05,16,weekday,60,2,58,read
2026-10-05 15:09,rome,vatican,4869,Luggage Storage Vatican City,2026-10-05,16,weekday,45,0,45,read
2026-10-05 15:09,rome,trevi,4738,Luggage Storage Trevi Fountain,2026-10-05,16,weekday,50,0,50,read
2026-10-05 15:09,rome,pantheon,57,Luggage Storage Pantheon - Rome Center,2026-10-05,16,weekday,300,0,300,read
2026-10-05 15:09,rome,san-giovanni,19,Luggage Storage S. Giovanni In Laterano,2026-10-05,16,weekday,300,0,300,read
2026-10-05 15:09,rome,trevi,6450924,Luggage Storage Piazza Barberini,2026-10-05,16,weekday,100,5,95,read
2026-10-05 15:09,rome,trastevere,5598,Luggage Storage Trastevere San Cosimato,2026-10-05,16,weekday,50,0,50,read
2026-10-05 15:09,rome,termini,5684,Luggage Storage Termini Rome,2026-10-05,16,weekday,50,11,39,read
2026-10-05 15:09,rome,pantheon,4900,Luggage Storage Teatro Argentina,2026-10-05,16,weekday,200,0,200,read
2026-10-05 15:09,rome,termini,4695,Luggage Storage Giolitti / Termini Station,2026-10-05,16,weekday,250,23,227,read
2026-10-05 15:09,rome,pantheon,5067,Luggage Storage Campo De Fiori,2026-10-05,16,weekday,40,1,39,read
2026-10-05 15:09,rome,trevi,6269,Luggage Storage Quirinal Palace,2026-10-05,16,weekday,35,0,35,read
2026-10-05 15:09,rome,via-del-corso,5660,Luggage Storage Via Del Corso,2026-10-05,16,weekday,25,3,22,read
2026-10-05 15:09,rome,spanish-steps,5582,Luggage Storage Villa Borghese,2026-10-05,16,weekday,50,3,47,read
2026-10-05 15:09,rome,s-pietro,4867,Luggage Storage Roma S.pietro Station,2026-10-05,16,weekday,25,3,22,read
2026-10-05 15:09,rome,navona,849,Luggage Storage Umberto I Bridge,2026-10-05,16,weekday,30,0,30,read
2026-10-05 15:09,rome,castro-pretorio,398,Luggage Storage Castro Pretorio,2026-10-05,16,weekday,300,0,300,read
2026-10-05 15:09,rome,ostiense,1828,Luggage Storage Eataly,2026-10-05,16,weekday,30,0,30,read
2026-10-05 15:09,rome,san-giovanni,2524,Luggage Storage Holy Stairs,2026-10-05,16,weekday,10,0,10,read
2026-10-05 15:09,rome,piazza-del-popolo,9875,Luggage Storage Flaminio Train Station,2026-10-05,16,weekday,100,2,98,read
2026-10-05 15:09,rome,ciampino,9140,Luggage Storage Ciampino Railway Station,2026-10-05,16,weekday,30,,,unavailable
2026-10-05 15:09,rome,parioli,8885,Luggage Storage Mancini Bus Terminal,2026-10-05,16,weekday,20,0,20,read
2026-10-05 15:09,rome,piazza-campo-de-fiori,8669,Luggage Storage Piazza Campo De Fiori,2026-10-05,16,weekday,25,0,25,read
2026-10-05 15:09,rome,tiburtina,8637,Luggage Storage Monti Tiburtini Metro Station,2026-10-05,16,weekday,50,0,50,read
2026-10-05 15:09,rome,termini,7703,Luggage Storage Termini Railway Station,2026-10-05,16,weekday,100,1,99,read
2026-10-05 15:09,rome,esquilino,6984,Luggage Storage Manzoni Metro Station,2026-10-05,16,weekday,50,0,50,read
2026-10-05 15:09,rome,termini,6835,Luggage Storage Cipro Metro Station Area,2026-10-05,16,weekday,30,0,30,read
2026-10-05 15:09,rome,trastevere,6474541,Luggage Storage Via Albert Einstein / Marconi,2026-10-05,16,weekday,30,0,30,read
2026-10-05 15:09,rome,ottaviano,6474434,Luggage Storage Via Germanico / Vatican,2026-10-05,16,weekday,30,0,30,read
2026-10-05 15:09,rome,vittorio-emanuele,6473556,Luggage Storage near Basilica of San Clemente,2026-10-05,16,weekday,20,0,20,read
2026-10-05 15:09,rome,vatican,6473173,Luggage Storage Rome Vatican Museums,2026-10-05,16,weekday,12,11,1,read
2026-10-05 15:09,rome,roma-vatican-museums,6473172,Luggage Storage St Peter's Square,2026-10-05,16,weekday,12,6,6,read
2026-10-05 15:09,rome,pantheon,6473158,Luggage Storage Pantheon,2026-10-05,16,weekday,12,3,9,read
2026-10-05 15:09,rome,roma-vatican-museums,6473149,Luggage Storage Via della Giuliana,2026-10-05,16,weekday,100,0,100,read
2026-10-05 15:09,rome,san-giovanni,6473098,Luggage Storage Viale Carlo Felice,2026-10-05,16,weekday,10,0,10,read
2026-10-05 15:09,rome,termini,6473095,Luggage Storage Viminale Bus Stop,2026-10-05,16,weekday,40,0,40,read
2026-10-05 15:09,rome,navona,6473024,Luggage Storage Via della Pace,2026-10-05,16,weekday,50,5,45,read
2026-10-05 15:09,rome,navona,6473023,Luggage Storage Fontana dei Quattro Fiumi,2026-10-05,16,weekday,60,3,57,read
2026-10-05 15:09,rome,navona,6473022,Luggage Storage Navona / Neptune Fountain,2026-10-05,16,weekday,60,0,60,read
2026-10-05 15:09,rome,colosseum,6473021,Luggage Storage Cavour / Ricci,2026-10-05,16,weekday,25,0,25,read
2026-10-05 15:09,rome,termini,6472962,Luggage Storage Termini / Amendola,2026-10-05,16,weekday,18,14,4,read
2026-10-05 15:09,rome,termini,6472955,Luggage Storage Milazzo / Termini Station,2026-10-05,16,weekday,100,0,100,read
2026-10-05 15:09,rome,termini,6472954,Luggage Storage Marsala / Milazzo,2026-10-05,16,weekday,100,1,99,read
2026-10-05 15:09,rome,termini,6472953,Luggage Storage Milazzo / Magenta,2026-10-05,16,weekday,100,0,100,read
2026-10-05 15:09,rome,pantheon,6472396,Luggage Storage near Pantheon,2026-10-05,16,weekday,35,0,35,read
2026-10-05 15:09,rome,flaminio,6472354,Luggage Storage near Piazza del Popolo,2026-10-05,16,weekday,50,0,50,read
2026-10-05 15:09,rome,prati,6472346,Luggage Storage Via Orazio,2026-10-05,16,weekday,70,0,70,read
2026-10-05 15:09,rome,termini,6471173,Luggage Storage Termini (Ma-Mb-Fs),2026-10-05,16,weekday,100,2,98,read
2026-10-05 15:09,rome,termini,6471145,Luggage Storage Via Marsala,2026-10-05,16,weekday,100,0,100,read
2026-10-05 15:09,rome,prati,6471093,Luggage Storage Cicerone / Cola di Rienzo,2026-10-05,16,weekday,25,0,25,read
2026-10-05 15:09,rome,vatican,6470823,Luggage Storage Scalia / Cipro,2026-10-05,16,weekday,50,0,50,read
2026-10-05 15:09,rome,colosseum,6470781,Luggage Storage near Colosseo,2026-10-05,16,weekday,20,0,20,read
2026-10-05 15:09,rome,ostiense,6470456,Luggage Storage Ostiense/Matteucci,2026-10-05,16,weekday,50,0,50,read
2026-10-05 15:09,rome,ostiense,6470455,Luggage Storage near Ostiense,2026-10-05,16,weekday,20,0,20,read
2026-10-05 15:09,rome,ostiense,6470454,Luggage Storage Basilica S. Paolo,2026-10-05,16,weekday,50,,,unavailable
2026-10-05 15:09,rome,termini,6470329,Luggage Storage Manin / Termini,2026-10-05,16,weekday,30,0,30,read
2026-10-05 15:09,rome,Municipio-Roma-X,6470296,Luggage Storage Casal Palocco,2026-10-05,16,weekday,30,0,30,read
2026-10-05 15:09,rome,furio-camillo,6470292,Luggage Storage near Colli Albani Metro Station,2026-10-05,16,weekday,20,0,20,read
2026-10-05 15:09,rome,pigneto-prenestina,6470291,Luggage Storage Ponte Casilino,2026-10-05,16,weekday,50,0,50,read
2026-10-05 15:09,rome,monti,6470209,Luggage Storage Via Cavour / Monti,2026-10-05,16,weekday,100,0,100,read
2026-10-05 15:09,rome,san-giovanni,6470190,Luggage Storage Ponte Lungo Metro Station,2026-10-05,16,weekday,25,0,25,read
2026-10-05 15:09,rome,pigneto,6470156,Luggage Storage Pigneto Metro Station,2026-10-05,16,weekday,20,0,20,read
2026-10-05 15:09,rome,trastevere,6470104,Luggage Storage near Circo Massimo Metro Station,2026-10-05,16,weekday,200,0,200,read
2026-10-05 15:09,rome,termini,6469828,Luggage Storage Piazza dell'Esquilino,2026-10-05,16,weekday,300,0,300,read
2026-10-05 15:09,rome,ottaviano,6469746,Luggage Storage Via Rodi,2026-10-05,16,weekday,30,0,30,read
2026-10-05 15:09,rome,repubblica,6469637,Luggage Storage Via Quattro Fontane,2026-10-05,16,weekday,50,0,50,read
2026-10-05 15:09,rome,termini,6469390,Luggage Storage Giolitti / Cappellini,2026-10-05,16,weekday,20,0,20,read
2026-10-05 15:09,rome,ostia-1,6468366,Luggage Storage Corso Duca di Genova,2026-10-05,16,weekday,40,0,40,read
2026-10-05 15:09,rome,prati,6468191,Luggage Storage Via degli Scipioni,2026-10-05,16,weekday,30,1,29,read
2026-10-05 15:09,rome,pantheon,6468018,Luggage Storage near Piazza del Gesù,2026-10-05,16,weekday,50,1,49,read
2026-10-05 15:09,rome,esquilino,6463301,Luggage Storage Vittorio Emanuele Metro Station,2026-10-05,16,weekday,20,0,20,read
2026-10-05 15:09,rome,esquilino,6463300,Luggage Storage Porta Maggiore,2026-10-05,16,weekday,30,0,30,read
2026-10-05 15:09,rome,termini,6463200,Luggage Storage Via Milazzo / Termini,2026-10-05,16,weekday,20,0,20,read
2026-10-05 15:09,rome,san-lorenzo,6463191,Luggage Storage Piazza Dei Sanniti,2026-10-05,16,weekday,10,0,10,read
2026-10-05 15:09,rome,s-pietro,6463140,Luggage Storage near Paul VI Hall,2026-10-05,16,weekday,20,0,20,read
2026-10-05 15:09,rome,pantheon,6462317,Luggage Storage near Galleria Doria Pamphilj,2026-10-05,16,weekday,20,0,20,read
2026-10-05 15:09,rome,lepanto,6462316,Luggage Storage Roma Ottaviano,2026-10-05,16,weekday,35,0,35,read
2026-10-05 15:09,rome,repubblica,6462240,Luggage Storage Tritone/ Barberini,2026-10-05,16,weekday,40,1,39,read
2026-10-05 15:09,rome,colosseum,6462225,Luggage Storage Colosseo Transit Stop,2026-10-05,16,weekday,20,0,20,read
2026-10-05 15:09,rome,san-giovanni,6462224,Luggage Storage Porta S. Giovanni,2026-10-05,16,weekday,20,2,18,read
2026-10-05 15:09,rome,manzoni,6462223,Luggage Storage Via Emanuele Filiberto,2026-10-05,16,weekday,20,0,20,read
2026-10-05 15:09,rome,trastevere,6461932,Luggage Storage near Piazza Trilussa,2026-10-05,16,weekday,20,1,19,read
2026-10-05 15:09,rome,s-pietro,6461618,Luggage Storage near St. Angelo Bridge,2026-10-05,16,weekday,50,0,50,read
2026-10-05 15:09,rome,trastevere,6461559,Luggage Storage Marconi/Meucci,2026-10-05,16,weekday,20,0,20,read
2026-10-05 15:09,rome,piazza-di-san-pietro-in-vincoli,6461425,Luggage Storage Cipro/Bragadin,2026-10-05,16,weekday,20,0,20,read
2026-10-05 15:09,rome,san-lorenzo,6460798,Luggage Storage Roma San Lorenzo,2026-10-05,16,weekday,20,0,20,read
2026-10-05 15:09,rome,termini,6460703,Luggage Storage Via Carlo Cattaneo,2026-10-05,16,weekday,20,0,20,read
2026-10-05 15:09,rome,ottaviano,6460440,Luggage Storage Mercato Trionfale,2026-10-05,16,weekday,20,0,20,read
2026-10-05 15:09,rome,pantheon,6460295,Luggage Storage Church Of The Gesù,2026-10-05,16,weekday,30,0,30,read
2026-10-05 15:09,rome,primavalle,6460001,Luggage Storage Circonvallazione Cornelia,2026-10-05,16,weekday,50,0,50,read
2026-10-05 15:09,rome,termini,6459912,Luggage Storage Amendola / Termini Station,2026-10-05,16,weekday,20,0,20,read
2026-10-05 15:09,rome,santa-maria-maggiore,6459910,Luggage Storage Gioberti / Santa Maria Maggiore,2026-10-05,16,weekday,100,0,100,read
2026-10-05 15:09,rome,pantheon,6459743,Luggage Storage Basilica Sant'Andrea Della Valle,2026-10-05,16,weekday,20,0,20,read
2026-10-05 15:09,rome,repubblica,6459675,Luggage Storage Piazza Del Viminale,2026-10-05,16,weekday,25,0,25,read
2026-10-05 15:09,rome,quartiere-xii-gianicolense,6458599,Luggage Storage Donna Olimpia,2026-10-05,16,weekday,20,0,20,read
2026-10-05 15:09,rome,pantheon,6458567,Luggage Storage Piazza Dei Calcarari,2026-10-05,16,weekday,100,0,100,read
2026-10-05 15:09,rome,pantheon,6458442,Luggage Storage Vittorio Emanuele / Argentina,2026-10-05,16,weekday,40,0,40,read
2026-10-05 15:09,rome,flaminio,6458349,Luggage Storage near Stadio Olimpico (ONLY FOR STADIUM EVENTS),2026-10-05,16,weekday,20,0,20,read
2026-10-05 15:09,rome,flaminio,6458348,Luggage Storage Stadio Olimpico (ONLY FOR STADIUM EVENTS),2026-10-05,16,weekday,35,0,35,read
2026-10-05 15:09,rome,vittorio-emanuele,6458310,Luggage Storage Via Napoleone III,2026-10-05,16,weekday,20,0,20,read
2026-10-05 15:09,rome,primavalle,6458086,Luggage Storage Cannuta / Battistini,2026-10-05,16,weekday,30,0,30,read
2026-10-05 15:09,rome,repubblica,6458063,Luggage Storage Largo del Tritone,2026-10-05,16,weekday,50,0,50,read
2026-10-05 15:09,rome,Quartiere-IX-appio-latino,6458036,Luggage Storage Re Di Roma,2026-10-05,16,weekday,35,4,31,read
2026-10-05 15:09,rome,rione-ix-pigna,6457939,Luggage Storage near Trevi Fountain,2026-10-05,16,weekday,50,0,50,read
2026-10-05 15:09,rome,monti,6457898,Luggage Storage Vittorio Emanuele Metro Station,2026-10-05,16,weekday,35,0,35,read
2026-10-05 15:09,rome,castel-sant-angelo,6457822,Luggage Storage near Sant'Angelo Castle,2026-10-05,16,weekday,60,19,41,read
2026-10-05 15:09,rome,termini,6457601,Luggage Storage Amedeo / Termini,2026-10-05,16,weekday,20,0,20,read
2026-10-05 15:09,rome,esquilino,6457599,Luggage Storage Nuovo Mercato Esquilino,2026-10-05,16,weekday,35,0,35,read
2026-10-05 15:09,rome,vatican,6457407,Luggage Storage Ottaviano Metro Station,2026-10-05,16,weekday,15,0,15,read
2026-10-05 15:09,rome,termini,6457349,Luggage Storage Termini Metro Station,2026-10-05,16,weekday,45,3,42,read
2026-10-05 15:09,rome,rione-ix-pigna,6457335,Luggage Storage Navona Square,2026-10-05,16,weekday,30,0,30,read
2026-10-05 15:09,rome,rione-ix-pigna,6457288,Luggage Storage Largo di Torre Argentina,2026-10-05,16,weekday,20,0,20,read
2026-10-05 15:09,rome,esquilino,6457222,Luggage Storage Roma Porta Maggiore,2026-10-05,16,weekday,20,0,20,read
2026-10-05 15:09,rome,esquilino,6457220,Luggage Storage Lodi Metro Station,2026-10-05,16,weekday,40,0,40,read
2026-10-05 15:09,rome,esquilino,6457185,Luggage Storage Basilica of San Giovanni in Laterano,2026-10-05,16,weekday,35,1,34,read
2026-10-05 15:09,rome,monti,6457181,Luggage Storage Roma Colosseo,2026-10-05,16,weekday,25,1,24,read
2026-10-05 15:09,rome,monti,6457113,Luggage Storage Urbana / Panisperna,2026-10-05,16,weekday,20,0,20,read
2026-10-05 15:09,rome,monti,6457108,Luggage Storage Roma Monti,2026-10-05,16,weekday,35,0,35,read
2026-10-05 15:09,rome,termini,6457058,Luggage Storage Basilica of Saint Pudentiana,2026-10-05,16,weekday,40,0,40,read
2026-10-05 15:09,rome,quartiere-xv-della-vittoria,6457040,Luggage Storage Piazzale Clodio,2026-10-05,16,weekday,20,0,20,read
2026-10-05 15:09,rome,san-giovanni,6457022,Luggage Storage Magna Grecia/Tuscolo,2026-10-05,16,weekday,35,1,34,read
2026-10-05 15:09,rome,pantheon,6456917,Luggage Storage Giubbonari / Cairoli,2026-10-05,16,weekday,20,0,20,read
2026-10-05 15:09,rome,piazza-campo-de-fiori,6456889,Luggage Storage Via Dei Giubbonari,2026-10-05,16,weekday,25,0,25,read
2026-10-05 15:09,rome,piazza-campo-de-fiori,6456888,Luggage Storage near Campo De' Fiori,2026-10-05,16,weekday,50,0,50,read
2026-10-05 15:09,rome,piazza-campo-de-fiori,6456886,Luggage Storage Theatre Of Pompey,2026-10-05,16,weekday,30,0,30,read
2026-10-05 15:09,rome,termini,6456879,Luggage Storage near Terme Di Diocleziano,2026-10-05,16,weekday,30,0,30,read
2026-10-05 15:09,rome,flaminio,6456650,Luggage Storage Mancini Bus Station,2026-10-05,16,weekday,25,0,25,read
2026-10-05 15:09,rome,piazza-di-san-pietro-in-vincoli,6456615,Luggage Storage Basilica Of San Pietro In Vincoli,2026-10-05,16,weekday,50,0,50,read
2026-10-05 15:09,rome,trastevere,6456514,Luggage Storage Piazza Testaccio,2026-10-05,16,weekday,50,0,50,read
2026-10-05 15:09,rome,garbatella,6456416,Luggage Storage Roma Ostiense,2026-10-05,16,weekday,50,0,50,read
2026-10-05 15:09,rome,furio-camillo,6456362,Luggage Storage Appio Latino / Satrico,2026-10-05,16,weekday,30,0,30,read
2026-10-05 15:09,rome,pantheon,6455957,Luggage Storage Spagna Metro Station,2026-10-05,16,weekday,35,0,35,read
2026-10-05 15:09,rome,collatino,6455729,Luggage Storage Casal Bruciato,2026-10-05,16,weekday,100,0,100,read
2026-10-05 15:09,rome,flaminio,6455550,Luggage Storage The Music Bridge - Armando Trovajoli,2026-10-05,16,weekday,35,1,34,read
2026-10-05 15:09,rome,trastevere,6455283,Luggage Storage near Trastevere Station,2026-10-05,16,weekday,30,0,30,read
2026-10-05 15:09,rome,fiera-di-roma,6455074,Luggage Storage near Viale Dei Colli Portuensi,2026-10-05,16,weekday,30,0,30,read
2026-10-05 15:09,rome,lepanto,6454985,Luggage Storage Roma Flaminio,2026-10-05,16,weekday,25,0,25,read
2026-10-05 15:09,rome,nomentano,6454965,Luggage Storage Viale Ippocrate,2026-10-05,16,weekday,30,0,30,read
2026-10-05 15:09,rome,portuense,6454526,Luggage Storage Circonvallazione Gianicolense,2026-10-05,16,weekday,20,0,20,read
2026-10-05 15:09,rome,prati,6454471,Luggage Storage Viale Giulio Cesare,2026-10-05,16,weekday,40,0,40,read
2026-10-05 15:09,rome,trastevere,6454401,Luggage Storage Roma Trastevere Railway Station,2026-10-05,16,weekday,100,0,100,read
2026-10-05 15:09,rome,prati,6454260,Luggage Storage Via Visconti,2026-10-05,16,weekday,50,0,50,read
2026-10-05 15:09,rome,vatican,6454230,Luggage Storage near Vatican City,2026-10-05,16,weekday,30,0,30,read
2026-10-05 15:09,rome,nomentana,6454157,Luggage Storage near Via Antonio Silvani,2026-10-05,16,weekday,45,0,45,read
2026-10-05 15:09,rome,pantheon,6454062,Luggage Storage Corso Vittorio Emanuele II,2026-10-05,16,weekday,25,0,25,read
2026-10-05 15:09,rome,baldo-degli-ubaldi-station,6454059,Luggage Storage Cornelia Metro Station,2026-10-05,16,weekday,15,0,15,read
2026-10-05 15:09,rome,repubblica,6454032,Luggage Storage near Palazzo Delle Esposizioni,2026-10-05,16,weekday,50,0,50,read
2026-10-05 15:09,rome,largo-di-torre-argentina,6453995,Luggage Storage Roma Torre Argentina,2026-10-05,16,weekday,35,2,33,read
2026-10-05 15:09,rome,ottaviano,6453839,Luggage Storage Largo Trionfale / Ottaviano,2026-10-05,16,weekday,20,0,20,read
2026-10-05 15:09,rome,quartiere-xii-gianicolense,6453701,Luggage Storage Gianicolense/Ponte Bianco,2026-10-05,16,weekday,45,6,39,read
2026-10-05 15:09,rome,navona,6453616,Luggage Storage Piazza Navona,2026-10-05,16,weekday,30,3,27,read
2026-10-05 15:09,rome,laurentina,6453554,Luggage Storage Laurentina/Mercato,2026-10-05,16,weekday,30,0,30,read
2026-10-05 15:09,rome,termini,6453452,Luggage Storage Acquario Romano,2026-10-05,16,weekday,100,0,100,read
2026-10-05 15:09,rome,monti,6453079,Luggage Storage Via Urbana,2026-10-05,16,weekday,25,0,25,read
2026-10-05 15:09,rome,santa-maria-maggiore,6452800,Luggage Storage Via Di Santa Maria Maggiore,2026-10-05,16,weekday,100,0,100,read
2026-10-05 15:09,rome,termini,6452726,Luggage Storage Gioberti Roma Termini,2026-10-05,16,weekday,100,6,94,read
2026-10-05 15:09,rome,esquilino,6452653,Luggage Storage Basilica Santa Maria Maggiore,2026-10-05,16,weekday,30,0,30,read
2026-10-05 15:09,rome,monti,6452651,Luggage Storage Cavour Metro Station,2026-10-05,16,weekday,25,0,25,read
2026-10-05 15:09,rome,colosseum,6452635,Luggage Storage near Circus Maximus,2026-10-05,16,weekday,40,0,40,read
2026-10-05 15:09,rome,nomentana,6452632,Luggage Storage Via Di Novella / Trieste,2026-10-05,16,weekday,10,0,10,read
2026-10-05 15:09,rome,parioli,6452625,Luggage Storage near Foro Italico,2026-10-05,16,weekday,45,0,45,read
2026-10-05 15:09,rome,trastevere,6452589,Luggage Storage near Piazza San Cosimato,2026-10-05,16,weekday,10,0,10,read
2026-10-05 15:09,rome,garbatella,6452580,Luggage Storage near Circonvallazione Ostiense,2026-10-05,16,weekday,20,0,20,read
2026-10-05 15:09,rome,manzoni,6452545,Luggage Storage Giardini Piazza Dante,2026-10-05,16,weekday,25,0,25,read
2026-10-05 15:09,rome,vatican,6452534,Luggage Storage Aurelia / Cavalleggeri,2026-10-05,16,weekday,35,1,34,read
2026-10-05 15:09,rome,vatican,6452533,Luggage Storage Passeggiata Del Gelsomino,2026-10-05,16,weekday,10,0,10,read
2026-10-05 15:09,rome,st-peter-basilica,6452532,Luggage Storage Porta Cavalleggeri,2026-10-05,16,weekday,35,0,35,read
2026-10-05 15:09,rome,vatican,6452531,Luggage Storage near Via Cipro,2026-10-05,16,weekday,20,1,19,read
2026-10-05 15:09,rome,cavour,6452487,Luggage Storage Roma Via Cavour,2026-10-05,16,weekday,50,0,50,read
2026-10-05 15:09,rome,termini,6452486,Luggage Storage near Museo Delle Illusioni,2026-10-05,16,weekday,25,0,25,read
2026-10-05 15:09,rome,finocchio,6452473,Luggage Storage near Graniti Metro Station,2026-10-05,16,weekday,20,0,20,read
2026-10-05 15:09,rome,prati,6452320,Luggage Storage Flaminio Metro Station,2026-10-05,16,weekday,50,0,50,read
2026-10-05 15:09,rome,bocca-della-verita,6452303,Luggage Storage Piazza Belli,2026-10-05,16,weekday,40,0,40,read
2026-10-05 15:09,rome,vatican,6452286,Luggage Storage Cipro Metro Station,2026-10-05,16,weekday,100,0,100,read
2026-10-05 15:09,rome,piazza-del-popolo,6452246,Luggage Storage near Roma Piazza Del Popolo,2026-10-05,16,weekday,55,3,52,read
2026-10-05 15:09,rome,termini,6452106,Luggage Storage Volturno/Cernaia,2026-10-05,16,weekday,25,0,25,read
2026-10-05 15:09,rome,tiburtina,6452073,Luggage Storage Via Lorenzo Il Magnifico / Tiburtina,2026-10-05,16,weekday,20,0,20,read
2026-10-05 15:09,rome,brancaccio,6452072,Luggage Storage Largo Brancaccio,2026-10-05,16,weekday,20,0,20,read
2026-10-05 15:09,rome,pantheon,6451949,Luggage Storage Jewish Ghetto,2026-10-05,16,weekday,50,0,50,read
2026-10-05 15:09,rome,castel-sant-angelo,6451893,Luggage Storage Borgo Vittorio,2026-10-05,16,weekday,45,0,45,read
2026-10-05 15:09,rome,manzoni,6451861,Luggage Storage near Manzoni Metro Station,2026-10-05,16,weekday,25,0,25,read
2026-10-05 15:09,rome,la-rustica,6451745,Luggage Storage La Rustica,2026-10-05,16,weekday,30,0,30,read
2026-10-05 15:09,rome,monti,6451743,Luggage Storage Via Filippo Turati / Termini,2026-10-05,16,weekday,100,0,100,read
2026-10-05 15:09,rome,vatican,6451676,Luggage Storage near Teatro Ghione,2026-10-05,16,weekday,100,0,100,read
2026-10-05 15:09,rome,monti,6451669,Luggage Storage near Via Cavour,2026-10-05,16,weekday,40,0,40,read
2026-10-05 15:09,rome,casal-monastero,6451633,Luggage Storage Casal Monastero,2026-10-05,16,weekday,100,0,100,read
2026-10-05 15:09,rome,vatican,6451625,Luggage Storage Borgo Pio,2026-10-05,16,weekday,100,0,100,read
2026-10-05 15:09,rome,vatican,6451603,Luggage Storage Circonvallazione Trionfale,2026-10-05,16,weekday,20,0,20,read
2026-10-05 15:09,rome,vatican,6451598,Luggage Storage Via Aurelia,2026-10-05,16,weekday,70,0,70,read
2026-10-05 15:09,rome,piazza-campo-de-fiori,6451596,Luggage Storage Roma Campo De' Fiori,2026-10-05,16,weekday,100,0,100,read
2026-10-05 15:09,rome,tiburtina,6451593,Luggage Storage Via Lorenzo Il Magnifico,2026-10-05,16,weekday,20,0,20,read
2026-10-05 15:09,rome,pantheon,6451590,Luggage Storage Turtle Fountain,2026-10-05,16,weekday,30,0,30,read
2026-10-05 15:09,rome,torre-maura,6451521,Luggage Storage Viale Antonio Ciamarra,2026-10-05,16,weekday,100,0,100,read
2026-10-05 15:09,rome,roman-forum,6451503,Luggage Storage Basilica Papale Di Santa Maria Maggiore,2026-10-05,16,weekday,80,0,80,read
2026-10-05 15:09,rome,castel-sant-angelo,6451488,Luggage Storage Ponte Vittorio Emanuele II,2026-10-05,16,weekday,70,0,70,read
2026-10-05 15:09,rome,vittorio-emanuele,6451424,Luggage Storage Roma Santa Maria Maggiore,2026-10-05,16,weekday,50,2,48,read
2026-10-05 15:09,rome,portuense,6450996,Luggage Storage Piazza Enrico Fermi,2026-10-05,16,weekday,20,0,20,read
2026-10-05 15:09,rome,pantheon,6450927,Luggage Storage Chiesa Di San Francesco A Ripa,2026-10-05,16,weekday,45,0,45,read
2026-10-05 15:09,rome,tiburtina,6235,Luggage Storage Via Della Lega Lombarda,2026-10-05,16,weekday,40,5,35,read
2026-10-05 15:09,rome,termini,5475,Luggage Storage National Museum Of Rome,2026-10-05,16,weekday,30,0,30,read
2026-10-05 15:09,rome,tiburtina,5339,Luggage Storage Roma Tiburtina,2026-10-05,16,weekday,15,0,15,read
2026-10-05 15:09,rome,trastevere,5086,Luggage Storage Piazza Scotti,2026-10-05,16,weekday,50,0,50,read
2026-10-05 15:09,rome,navona,4879,Luggage Storage Navona Square,2026-10-05,16,weekday,25,0,25,read
2026-10-05 15:09,rome,furio-camillo,4878,Luggage Storage Roma Tuscolana Station,2026-10-05,16,weekday,30,4,26,read
2026-10-05 15:09,rome,roma-stadio-olimpico,4875,Luggage Storage Maxxi Museum,2026-10-05,16,weekday,30,0,30,read
2026-10-05 15:09,rome,termini,4762,Luggage Storage Termini Metro Station,2026-10-05,16,weekday,300,0,300,read
2026-10-05 15:09,rome,esquilino,4733,Luggage Storage Esquilino,2026-10-05,16,weekday,200,0,200,read
2026-10-05 15:09,rome,trastevere,4643,Luggage Storage Via Angelo Tittoni,2026-10-05,16,weekday,25,0,25,read
2026-10-05 15:09,rome,trastevere,4606,Luggage Storage Piazza San Cosimato,2026-10-05,16,weekday,30,0,30,read
2026-10-05 15:09,rome,furio-camillo,4573,Luggage Storage Lodi Metro Station,2026-10-05,16,weekday,40,4,36,read
2026-10-05 15:09,rome,quartiere-xii-gianicolense,4334,Luggage Storage Villa Doria Pamphilj,2026-10-05,16,weekday,25,0,25,read
2026-10-05 15:09,rome,termini,4299,Luggage Storage Piazza Dei Cinquecento,2026-10-05,16,weekday,50,1,49,read
2026-10-05 15:09,rome,spanish-steps,4293,Luggage Storage Via del Corso / Via di Ripetta,2026-10-05,16,weekday,45,0,45,read
2026-10-05 15:09,rome,vatican,4281,Luggage Storage near Vatican Museums Entrance,2026-10-05,16,weekday,30,0,30,read
2026-10-05 15:09,rome,trevi,4255,Luggage Storage Via Del Tritone,2026-10-05,16,weekday,50,2,48,read
2026-10-05 15:09,rome,piazza-del-popolo,4253,Luggage Storage Flaminio,2026-10-05,16,weekday,60,5,55,read
2026-10-05 15:09,rome,trastevere,4247,Luggage Storage Trastevere,2026-10-05,16,weekday,50,0,50,read
2026-10-05 15:09,rome,colosseum,4124,Luggage Storage Colosseum,2026-10-05,16,weekday,50,0,50,read
2026-10-05 15:09,rome,repubblica,4060,Luggage Storage Repubblica Metro Station,2026-10-05,16,weekday,60,0,60,read
2026-10-05 15:09,rome,aventino,3992,Luggage Storage Aventino,2026-10-05,16,weekday,100,0,100,read
2026-10-05 15:09,rome,baldo-degli-ubaldi-station,3920,Luggage Storage Baldo Degli Ubaldi,2026-10-05,16,weekday,40,0,40,read
2026-10-05 15:09,rome,navona,3862,Luggage Storage Rome Navona,2026-10-05,16,weekday,25,4,21,read
2026-10-05 15:09,rome,piazza-venezia,3860,Luggage Storage Aracoeli,2026-10-05,16,weekday,25,0,25,read
2026-10-05 15:09,rome,vatican,3850,Luggage Storage Vatican,2026-10-05,16,weekday,45,0,45,read
2026-10-05 15:09,rome,ciampino,3717,Luggage Storage Ciampino City Center,2026-10-05,16,weekday,50,0,50,read
2026-10-05 15:09,rome,tiburtina,3693,Luggage Storage Tiburtina,2026-10-05,16,weekday,20,0,20,read
2026-10-05 15:09,rome,parco-regionale-appia-antica,3587,Luggage Storage Appia Antica,2026-10-05,16,weekday,15,0,15,read
2026-10-05 15:09,rome,monti,3571,Luggage Storage Monti,2026-10-05,16,weekday,40,0,40,read
2026-10-05 15:09,rome,castel-sant-angelo,3174,Luggage Storage Castel Sant'angelo,2026-10-05,16,weekday,50,0,50,read
2026-10-05 15:09,rome,vatican,2902,Luggage Storage Valle Aurelia,2026-10-05,16,weekday,45,0,45,read
2026-10-05 15:09,rome,termini,290,Luggage Storage Rome Termini,2026-10-05,16,weekday,300,0,300,read
2026-10-05 15:09,rome,s-pietro,1185,Luggage Storage S. Pietro,2026-10-05,16,weekday,40,8,32,read
2026-10-05 15:09,rome,ottaviano,1111,Luggage Storage Ottaviano,2026-10-05,16,weekday,30,2,28,read
2026-10-05 15:09,rome,garbatella,10033,Luggage Storage Trastevere Railway Station,2026-10-05,16,weekday,100,0,100,read
2026-10-05 15:09,milan,milan-centrale-railway-station,5782,Luggage Storage Centrale FS,2026-10-05,16,weekday,100,33,67,read
2026-10-05 15:09,milan,porta-garibaldi-train-station,8939,Luggage Storage Porta Garibaldi Railway Station,2026-10-05,16,weekday,40,0,40,read
2026-10-05 15:09,milan,cadorna,9047,Luggage Storage Cadorna Railway Station,2026-10-05,16,weekday,200,11,189,read
2026-10-05 15:09,milan,milan-centrale-railway-station,3521,Luggage Storage Milan Centrale Train Station,2026-10-05,16,weekday,300,10,290,read
2026-10-05 15:09,milan,milan-centrale-railway-station,2299,Luggage Storage Central Station,2026-10-05,16,weekday,70,12,58,read
2026-10-05 15:09,milan,milan-centrale-railway-station,8929,Luggage Storage Lepetit / Milan Centrale,2026-10-05,16,weekday,120,8,112,read
2026-10-05 15:09,milan,porta-genova,9028,Luggage Storage Milano Porta Genova Railway Station,2026-10-05,16,weekday,65,2,63,read
2026-10-05 15:09,milan,porta-garibaldi-train-station,5776,Luggage Storage Garibaldi Fs,2026-10-05,16,weekday,30,0,30,read
2026-10-05 15:09,milan,san-siro-stadium,9464,Luggage Storage San Siro Stadium,2026-10-05,16,weekday,300,0,300,read
2026-10-05 15:09,milan,san-babila,2709,Luggage Storage San Babila,2026-10-05,16,weekday,50,6,44,read
2026-10-05 15:09,milan,milan-centrale-railway-station,5777,Luggage Storage Milano Centrale,2026-10-05,16,weekday,90,3,87,read
2026-10-05 15:09,milan,via-torino-via-palla,6977,Luggage Storage Piazza Borromeo,2026-10-05,16,weekday,100,0,100,read
2026-10-05 15:09,milan,milan-centrale-railway-station,6451052,Luggage Storage Malpensa Shuttle / Milano Centrale,2026-10-05,16,weekday,50,0,50,read
2026-10-05 15:09,milan,porta-genova,3405,Luggage Storage Porta Genova,2026-10-05,16,weekday,35,0,35,read
2026-10-05 15:09,milan,porta-ticinese,3025,Luggage Storage Naviglio Pavese,2026-10-05,16,weekday,15,0,15,read
2026-10-05 15:09,milan,lanza,1785,Luggage Storage Lanza,2026-10-05,16,weekday,45,2,43,read
2026-10-05 15:09,milan,milan-centrale-railway-station,1988,Luggage Storage Sondrio Station,2026-10-05,16,weekday,50,0,50,read
2026-10-05 15:09,milan,bueno-aires,1532,Luggage Storage Milano Lazzaretto,2026-10-05,16,weekday,30,1,29,read
2026-10-05 15:09,milan,porta-romana,9192,Luggage Storage Milano Porta Romana,2026-10-05,16,weekday,35,2,33,read
2026-10-05 15:09,milan,porta-romana,9099,Luggage Storage Crocetta Metro Station,2026-10-05,16,weekday,50,0,50,read
2026-10-05 15:09,milan,porta-genova,9049,Luggage Storage Navigli Darsena,2026-10-05,16,weekday,25,2,23,read
2026-10-05 15:09,milan,milan-centrale-railway-station,9024,Luggage Storage Viale Montello,2026-10-05,16,weekday,50,2,48,read
2026-10-05 15:09,milan,corso-buenos-aires,9020,Luggage Storage near Corso Buenos Aires,2026-10-05,16,weekday,20,0,20,read
2026-10-05 15:09,milan,santa-maria-delle-grazie,8990,Luggage Storage Piazza Virgilio / Cadorna,2026-10-05,16,weekday,35,0,35,read
2026-10-05 15:09,milan,loreto,8697,Luggage Storage Piazza Morbegno,2026-10-05,16,weekday,20,0,20,read
2026-10-05 15:09,milan,bullona,8634,Luggage Storage Mac Mahon,2026-10-05,16,weekday,15,0,15,read
2026-10-05 15:09,milan,milan-centrale-railway-station,8338,Luggage Storage Milan Train Station,2026-10-05,16,weekday,100,3,97,read
2026-10-05 15:09,milan,milan-centrale-railway-station,6991,Luggage Storage Milano Porta Venezia,2026-10-05,16,weekday,45,5,40,read
2026-10-05 15:09,milan,porta-garibaldi-train-station,6956,Luggage Storage Maciachini Metro Station,2026-10-05,16,weekday,40,0,40,read
2026-10-05 15:09,milan,missori,6473109,Luggage Storage Colonne / Vetra,2026-10-05,16,weekday,40,0,40,read
2026-10-05 15:09,milan,san-babila,6471138,Luggage Storage Via Visconti Di Modrone,2026-10-05,16,weekday,10,2,8,read
2026-10-05 15:09,milan,milan-centrale-railway-station,6471137,Luggage Storage Centrale / Filzi,2026-10-05,16,weekday,100,0,100,read
2026-10-05 15:09,milan,duomo,6471058,Luggage Storage the Duomo of Milan,2026-10-05,16,weekday,100,10,90,read
2026-10-05 15:09,milan,politecnico-di-milano-campus-bovisa-la-masa,6470851,Luggage Storage Milano Bovisa,2026-10-05,16,weekday,20,0,20,read
2026-10-05 15:09,milan,santa-giulia,6470604,Luggage Storage Santa Giulia,2026-10-05,16,weekday,10,0,10,read
2026-10-05 15:09,milan,missori,6470560,Luggage Storage near Duomo Square,2026-10-05,16,weekday,40,7,33,read
2026-10-05 15:09,milan,santa-maria-delle-grazie,6470325,Luggage Storage Via de Amicis,2026-10-05,16,weekday,20,0,20,read
2026-10-05 15:09,milan,conchetta,6470318,Luggage Storage Via Conca del Naviglio,2026-10-05,16,weekday,25,0,25,read
2026-10-05 15:09,milan,missori,6470159,Luggage Storage Santa Sofia,2026-10-05,16,weekday,10,6,4,read
2026-10-05 15:09,milan,missori,6470158,Luggage Storage Missori / Corso Italia,2026-10-05,16,weekday,20,0,20,read
2026-10-05 15:09,milan,porta-ticinese,6469992,Luggage Storage near Bocconi University,2026-10-05,16,weekday,50,0,50,read
2026-10-05 15:09,milan,milan-centrale-railway-station,6469903,Luggage Storage Vitruvio / Centrale,2026-10-05,16,weekday,40,4,36,read
2026-10-05 15:09,milan,santa-maria-delle-grazie,6469852,Luggage Storage Cadorna Metro Station,2026-10-05,16,weekday,45,0,45,read
2026-10-05 15:09,milan,milan-centrale-railway-station,6469840,Luggage Storage Viale Andrea Doria,2026-10-05,16,weekday,40,0,40,read
2026-10-05 15:09,milan,bullona,6469727,Luggage Storage Gerusalemme Metro Station,2026-10-05,16,weekday,100,0,100,read
2026-10-05 15:09,milan,porta-genova,6469638,Luggage Storage Navigli / Villoresi,2026-10-05,16,weekday,50,0,50,read
2026-10-05 15:09,milan,porta-venezia,6469498,Luggage Storage Piazza Otto Novembre,2026-10-05,16,weekday,35,0,35,read
2026-10-05 15:09,milan,porta-vittoria,6469435,Luggage Storage Milano Dateo,2026-10-05,16,weekday,20,0,20,read
2026-10-05 15:09,milan,via-torino-via-palla,6469337,Luggage Storage Via Varesina,2026-10-05,16,weekday,26,0,26,read
2026-10-05 15:09,milan,crescenzago,6469266,Luggage Storage Rovereto / Viale Monza,2026-10-05,16,weekday,20,4,16,read
2026-10-05 15:09,milan,porta-romana,6469207,Luggage Storage Piazzale Libia,2026-10-05,16,weekday,20,4,16,read
2026-10-05 15:09,milan,crescenzago,6468881,Luggage Storage Crescenzago Metro Station,2026-10-05,16,weekday,10,0,10,read
2026-10-05 15:09,milan,bullona,6468852,Luggage Storage near Fiera Milano City,2026-10-05,16,weekday,20,0,20,read
2026-10-05 15:09,milan,porta-venezia,6468851,Luggage Storage Susa Metro Station,2026-10-05,16,weekday,20,0,20,read
2026-10-05 15:09,milan,china-town-milan,6463324,Luggage Storage Arco della Pace,2026-10-05,16,weekday,35,0,35,read
2026-10-05 15:09,milan,navigli,6463299,Luggage Storage Corso S. Gottardo,2026-10-05,16,weekday,20,2,18,read
2026-10-05 15:09,milan,forlanini,6463280,Luggage Storage near Viale Corsica,2026-10-05,16,weekday,20,0,20,read
2026-10-05 15:09,milan,loreto,6463275,Luggage Storage Via Padova / Crescenzago,2026-10-05,16,weekday,20,0,20,read
2026-10-05 15:09,milan,missori,6463226,Luggage Storage Duomo M1 M3,2026-10-05,16,weekday,30,4,26,read
2026-10-05 15:09,milan,porta-romana,6463186,Luggage Storage Via Tito Livio,2026-10-05,16,weekday,20,0,20,read
2026-10-05 15:09,milan,milano-repubblica-station,6462258,Luggage Storage near Milano Repubblica,2026-10-05,16,weekday,20,0,20,read
2026-10-05 15:09,milan,lambrate,6461939,Luggage Storage Casoretto,2026-10-05,16,weekday,20,0,20,read
2026-10-05 15:09,milan,milan-centrale-railway-station,6461511,Luggage Storage Ponte Seveso / Centrale,2026-10-05,16,weekday,20,0,20,read
2026-10-05 15:09,milan,niguarda,6461262,Luggage Storage near Niguarda,2026-10-05,16,weekday,20,0,20,read
2026-10-05 15:09,milan,cerchiate,6460933,Luggage Storage Pero Cerchiate,2026-10-05,16,weekday,20,0,20,read
2026-10-05 15:09,milan,bullona,6460853,Luggage Storage Sonnino / Varesina,2026-10-05,16,weekday,20,0,20,read
2026-10-05 15:09,milan,porta-venezia,6460438,Luggage Storage near Milano Dateo,2026-10-05,16,weekday,40,0,40,read
2026-10-05 15:09,milan,porta-vittoria,6460436,Luggage Storage Porta Vittoria Railway Station,2026-10-05,16,weekday,20,0,20,read
2026-10-05 15:09,milan,assago,6460127,Luggage Storage Assago,2026-10-05,16,weekday,20,4,16,read
2026-10-05 15:09,milan,porta-venezia,6460099,Luggage Storage Porta Venezia Railway Station,2026-10-05,16,weekday,50,2,48,read
2026-10-05 15:09,milan,loreto,6459927,Luggage Storage near Viale Monza,2026-10-05,16,weekday,20,0,20,read
2026-10-05 15:09,milan,milan-centrale-railway-station,6459808,Luggage Storage Via Tonale / Centrale,2026-10-05,16,weekday,25,0,25,read
2026-10-05 15:09,milan,porta-venezia,6459747,Luggage Storage Via Bixio,2026-10-05,16,weekday,25,0,25,read
2026-10-05 15:09,milan,missori,6459671,Luggage Storage near Basilica San Lorenzo Maggiore,2026-10-05,16,weekday,30,0,30,read
2026-10-05 15:09,milan,navigli,6459502,Luggage Storage Ripa Di Porta Ticinese,2026-10-05,16,weekday,35,4,31,read
2026-10-05 15:09,milan,bicocca,6459489,Luggage Storage Ponale,2026-10-05,16,weekday,20,0,20,read
2026-10-05 15:09,milan,zone-7-of-milan,6459488,Luggage Storage Via Rembrandt,2026-10-05,16,weekday,20,0,20,read
2026-10-05 15:09,milan,lambrate,6459487,Luggage Storage Via Porpora,2026-10-05,16,weekday,20,0,20,read
2026-10-05 15:09,milan,zone-7-of-milan,6459485,Luggage Storage Piazzale Brescia,2026-10-05,16,weekday,20,0,20,read
2026-10-05 15:09,milan,conchetta,6459434,Luggage Storage Arco Di Porta Ticinese,2026-10-05,16,weekday,20,0,20,read
2026-10-05 15:09,milan,rho,6459417,Luggage Storage Pero,2026-10-05,16,weekday,20,0,20,read
2026-10-05 15:09,milan,porta-ticinese,6459398,Luggage Storage Porta Ticinese,2026-10-05,16,weekday,20,0,20,read
2026-10-05 15:09,milan,porta-garibaldi,6459394,Luggage Storage Moscova metro station,2026-10-05,16,weekday,300,0,300,read
2026-10-05 15:09,milan,lambrate,6459387,Luggage Storage Rubattino,2026-10-05,16,weekday,20,0,20,read
2026-10-05 15:09,milan,porta-ticinese,6459373,Luggage Storage Colonne Di S.Lorenzo,2026-10-05,16,weekday,35,0,35,read
2026-10-05 15:09,milan,santa-maria-delle-grazie,6458625,Luggage Storage Bolivar Metro Station,2026-10-05,16,weekday,20,0,20,read
2026-10-05 15:09,milan,santa-maria-delle-grazie,6458624,Luggage Storage Via Solari,2026-10-05,16,weekday,20,0,20,read
2026-10-05 15:09,milan,santa-maria-delle-grazie,6458622,Luggage Storage near Gelsomini Metro Station,2026-10-05,16,weekday,20,0,20,read
2026-10-05 15:09,milan,porta-genova,6458616,Luggage Storage Conca Del Naviglio,2026-10-05,16,weekday,35,0,35,read
2026-10-05 15:09,milan,washington,6458560,Luggage Storage Wagner,2026-10-05,16,weekday,35,0,35,read
2026-10-05 15:09,milan,porta-garibaldi-train-station,6458366,Luggage Storage Porta Romana Railway Station,2026-10-05,16,weekday,20,0,20,read
2026-10-05 15:09,milan,milano-repubblica-station,6458359,Luggage Storage Milano Repubblica Train Station,2026-10-05,16,weekday,100,,,unavailable
2026-10-05 15:09,milan,loreto,6458170,Luggage Storage Loreto / Viale Abruzzi,2026-10-05,16,weekday,20,2,18,read
2026-10-05 15:09,milan,cairoli-subway-station,6458142,Luggage Storage Cairoli Metro Station,2026-10-05,16,weekday,45,0,45,read
2026-10-05 15:09,milan,milan-centrale-railway-station,6458107,Luggage Storage Scarlatti / Centrale,2026-10-05,16,weekday,20,0,20,read
2026-10-05 15:09,milan,guastalla,6458041,Luggage Storage Piazza 5 Giornate,2026-10-05,16,weekday,20,1,19,read
2026-10-05 15:09,milan,santa-maria-delle-grazie,6457952,Luggage Storage Sant'Ambrogio,2026-10-05,16,weekday,50,0,50,read
2026-10-05 15:09,milan,crescenzago,6457848,Luggage Storage Via Padova,2026-10-05,16,weekday,10,0,10,read
2026-10-05 15:09,milan,niguarda,6457565,Luggage Storage Milan Segnano,2026-10-05,16,weekday,20,0,20,read
2026-10-05 15:09,milan,porta-romana,6457366,Luggage Storage near Vittorio Formentano Park,2026-10-05,16,weekday,20,1,19,read
2026-10-05 15:09,milan,china-town,6457329,Luggage Storage Porta Volta,2026-10-05,16,weekday,20,0,20,read
2026-10-05 15:09,milan,san-siro-stadium,6457232,Luggage Storage San Siro Stadium Metro Station,2026-10-05,16,weekday,35,3,32,read
2026-10-05 15:09,milan,milan-centrale-railway-station,6456714,Luggage Storage near Mercato Centrale Milano,2026-10-05,16,weekday,50,0,50,read
2026-10-05 15:09,milan,milan-centrale-railway-station,6456603,Luggage Storage Milano Centrale / Tonale,2026-10-05,16,weekday,25,0,25,read
2026-10-05 15:09,milan,zone-7-of-milan,6456472,Luggage Storage Via Paravia,2026-10-05,16,weekday,20,0,20,read
2026-10-05 15:09,milan,via-visconti-di-modrone,6456414,Luggage Storage Palestro Metro Station,2026-10-05,16,weekday,25,0,25,read
2026-10-05 15:09,milan,porta-genova,6456385,Luggage Storage Vetra Metro Station,2026-10-05,16,weekday,45,0,45,read
2026-10-05 15:09,milan,loreto,6456375,Luggage Storage Piazza Caiazzo,2026-10-05,16,weekday,50,0,50,read
2026-10-05 15:09,milan,malpensa-airport,6454307,Luggage Storage Corso Magenta,2026-10-05,16,weekday,100,0,100,read
2026-10-05 15:09,milan,milan-centrale-railway-station,6452789,Luggage Storage Settembrini / Caiazzo,2026-10-05,16,weekday,50,2,48,read
2026-10-05 15:09,milan,milan-centrale-railway-station,6452762,Luggage Storage Milano Centrale / Via Ponte Seveso,2026-10-05,16,weekday,55,6,49,read
2026-10-05 15:09,milan,loreto,6452657,Luggage Storage near Milan Centrale Railway Station,2026-10-05,16,weekday,30,0,30,read
2026-10-05 15:09,milan,porta-venezia,6452268,Luggage Storage Milano Risorgimento,2026-10-05,16,weekday,30,5,25,read
2026-10-05 15:09,milan,milan-centrale-railway-station,6452249,Luggage Storage Largo Rio De Janeiro,2026-10-05,16,weekday,25,0,25,read
2026-10-05 15:09,milan,lambrate,6452238,Luggage Storage near Politecnico Di Milano,2026-10-05,16,weekday,15,0,15,read
2026-10-05 15:09,milan,milan-centrale-railway-station,6452134,Luggage Storage Milano Maggiolina,2026-10-05,16,weekday,25,0,25,read
2026-10-05 15:09,milan,porta-venezia,6452094,Luggage Storage Milano Porta Vittoria,2026-10-05,16,weekday,35,0,35,read
2026-10-05 15:09,milan,porta-garibaldi-train-station,6452093,Luggage Storage near Gambara Station,2026-10-05,16,weekday,10,0,10,read
2026-10-05 15:09,milan,milan-centrale-railway-station,6452075,Luggage Storage near Argonne Metro Station,2026-10-05,16,weekday,20,0,20,read
2026-10-05 15:09,milan,bullona,6452074,Luggage Storage Canonica / Corso Sempione,2026-10-05,16,weekday,25,2,23,read
2026-10-05 15:09,milan,casoretto,6452068,Luggage Storage Via Porpora / Casoretto,2026-10-05,16,weekday,10,1,9,read
2026-10-05 15:09,milan,villapizzone-railway-station,6451947,Luggage Storage Piazza Schiavone / Bovisa,2026-10-05,16,weekday,25,0,25,read
2026-10-05 15:09,milan,bullona,6451708,Luggage Storage Cenisio Metro Station,2026-10-05,16,weekday,100,0,100,read
2026-10-05 15:09,milan,milan-centrale-railway-station,6451399,Luggage Storage Museo Delle Illusioni,2026-10-05,16,weekday,30,0,30,read
2026-10-05 15:09,milan,piazza-gae-aulenti,6451041,Luggage Storage Milano Centrale / Via Tonale,2026-10-05,16,weekday,40,0,40,read
2026-10-05 15:09,milan,cologno-monzese,6262,Luggage Storage Cologno Sud,2026-10-05,16,weekday,100,0,100,read
2026-10-05 15:09,milan,washington,6259,Luggage Storage Via Washington,2026-10-05,16,weekday,30,0,30,read
2026-10-05 15:09,milan,lambrate,6255,Luggage Storage Lambrate Metro Station,2026-10-05,16,weekday,30,0,30,read
2026-10-05 15:09,milan,rogoredo-train-station,6212,Luggage Storage Milan Rogoredo,2026-10-05,16,weekday,50,0,50,read
2026-10-05 15:09,milan,casoretto,6081,Luggage Storage Piola Metro Station,2026-10-05,16,weekday,30,0,30,read
2026-10-05 15:09,milan,castello-sforzesco,5797,Luggage Storage S. Ambrogio Metro Station,2026-10-05,16,weekday,35,0,35,read
2026-10-05 15:09,milan,castello-sforzesco,5793,Luggage Storage Domodossola Train Station,2026-10-05,16,weekday,35,2,33,read
2026-10-05 15:09,milan,milan-centrale-railway-station,5778,Luggage Storage Vtrans Milano,2026-10-05,16,weekday,30,0,30,read
2026-10-05 15:09,milan,citylife,5775,Luggage Storage Lotto Metro Station,2026-10-05,16,weekday,25,0,25,read
2026-10-05 15:09,milan,missori,5564,Luggage Storage Missori Metro Station,2026-10-05,16,weekday,20,0,20,read
2026-10-05 15:09,milan,milan-centrale-railway-station,5505,Luggage Storage near Milan Centrale Station,2026-10-05,16,weekday,40,0,40,read
2026-10-05 15:09,milan,china-town,5385,Luggage Storage Chinatown,2026-10-05,16,weekday,35,0,35,read
2026-10-05 15:09,milan,cerchiate,5084,Luggage Storage Cerchiate,2026-10-05,16,weekday,15,0,15,read
2026-10-05 15:09,milan,fiera,4814,Luggage Storage Lotto Fieramilanocity,2026-10-05,16,weekday,200,0,200,read
2026-10-05 15:09,milan,guastalla,4501,Luggage Storage near Muba,2026-10-05,16,weekday,25,0,25,read
2026-10-05 15:09,milan,porta-romana,3083,Luggage Storage Porta Romana,2026-10-05,16,weekday,15,0,15,read
2026-10-05 15:09,milan,san-siro-stadium,10096,Luggage Storage Amendola Metro Station,2026-10-05,16,weekday,15,0,15,read
2026-10-05 15:09,milan,milano-certosa,10073,Luggage Storage Conciliazione Metro Station,2026-10-05,16,weekday,25,0,25,read
2026-10-05 15:09,milan,porta-romana,10022,Luggage Storage Brenta,2026-10-05,16,weekday,25,0,25,read
2026-10-05 15:09,naples,naples-centrale-train-station,188,Luggage Storage Naples Centrale,2026-10-05,16,weekday,300,0,300,read
2026-10-05 15:09,naples,naples-city-center,4186,Luggage Storage Naples Toledo Metro Station,2026-10-05,16,weekday,40,3,37,read
2026-10-05 15:09,naples,naples-centrale-train-station,1835,Luggage Storage Naples Train Station,2026-10-05,16,weekday,45,2,43,read
2026-10-05 15:09,naples,napoli-port,5226,Luggage Storage Castel Nuovo,2026-10-05,16,weekday,10,6,4,read
2026-10-05 15:09,naples,naples-centrale-train-station,5009,Luggage Storage Napoli P. Garibaldi Station,2026-10-05,16,weekday,45,4,41,read
2026-10-05 15:09,naples,naples-city-center,5681,Luggage Storage near Sansevero Chapel,2026-10-05,16,weekday,50,0,50,read
2026-10-05 15:09,naples,universita,2366,Luggage Storage Naples Port,2026-10-05,16,weekday,50,0,50,read
2026-10-05 15:09,naples,quartieri-spagnoli,6739,Luggage Storage near Galleria Umberto I,2026-10-05,16,weekday,45,1,44,read
2026-10-05 15:09,naples,naples-centrale-train-station,5010,Luggage Storage Garibaldi Metro Station,2026-10-05,16,weekday,35,2,33,read
2026-10-05 15:09,naples,naples-centrale-train-station,6458539,Luggage Storage Napoli Centrale,2026-10-05,16,weekday,70,4,66,read
2026-10-05 15:09,naples,dante,6470046,Luggage Storage near Dante Metro Station,2026-10-05,16,weekday,20,0,20,read
2026-10-05 15:09,naples,centro-storico,9563,Luggage Storage Piazza Cavour Metro Station,2026-10-05,16,weekday,50,0,50,read
2026-10-05 15:09,naples,naples-centrale-train-station,9407,Luggage Storage Garibaldi - Principe Umberto,2026-10-05,16,weekday,10,0,10,read
2026-10-05 15:09,naples,dante,9271,Luggage Storage Dante Metro Station,2026-10-05,16,weekday,30,0,30,read
2026-10-05 15:09,naples,naples-centrale-train-station,9254,Luggage Storage near Naples Centrale Railway Station,2026-10-05,16,weekday,25,0,25,read
2026-10-05 15:09,naples,napoli-porta-nolana,9071,Luggage Storage Duomo / Corso Umberto I,2026-10-05,16,weekday,60,0,60,read
2026-10-05 15:09,naples,vicaria,9003,Luggage Storage Arenaccia,2026-10-05,16,weekday,35,0,35,read
2026-10-05 15:09,naples,quartieri-spagnoli,8912,Luggage Storage Toledo / Quartieri Spagnoli,2026-10-05,16,weekday,50,0,50,read
2026-10-05 15:09,naples,napoli-porta-nolana,8419,Luggage Storage Duomo Metro Station,2026-10-05,16,weekday,50,0,50,read
2026-10-05 15:09,naples,naples-cathedral,804,Luggage Storage Roman Theater Of Neapolis,2026-10-05,16,weekday,30,0,30,read
2026-10-05 15:09,naples,naples-centrale-train-station,7899,Luggage Storage Via Palermo,2026-10-05,16,weekday,100,0,100,read
2026-10-05 15:09,naples,vomero,7875,Luggage Storage Stadio Collana,2026-10-05,16,weekday,40,0,40,read
2026-10-05 15:09,naples,naples-centrale-train-station,7182,Luggage Storage Piazza Garibaldi Metro Station,2026-10-05,16,weekday,50,0,50,read
2026-10-05 15:09,naples,posillipo,6721,Luggage Storage Posillipo,2026-10-05,16,weekday,50,,,unavailable
2026-10-05 15:09,naples,mergellina-port,6717,Luggage Storage Via Piedigrotta,2026-10-05,16,weekday,50,0,50,read
2026-10-05 15:09,naples,naples-centrale-train-station,6712,Luggage Storage Naples Bus Station,2026-10-05,16,weekday,50,0,50,read
2026-10-05 15:09,naples,napoli-porta-nolana,6474474,Luggage Storage Via Postica Maddalena / Garibaldi,2026-10-05,16,weekday,100,0,100,read
2026-10-05 15:09,naples,dante,6474128,Luggage Storage near Via Toledo,2026-10-05,16,weekday,40,1,39,read
2026-10-05 15:09,naples,bagnoli-agnano-terme,6473631,Luggage Storage Bagnoli Station,2026-10-05,16,weekday,30,0,30,read
2026-10-05 15:09,naples,vomero,6473629,Luggage Storage Arenella,2026-10-05,16,weekday,20,0,20,read
2026-10-05 15:09,naples,mergellina-port,6473529,Luggage Storage Chiaia / Arco Mirelli,2026-10-05,16,weekday,40,,,unavailable
2026-10-05 15:09,naples,dante,6473519,Luggage Storage near Prince of Naples Gallery,2026-10-05,16,weekday,50,0,50,read
2026-10-05 15:09,naples,dante,6473515,Luggage Storage Dante Metro,2026-10-05,16,weekday,100,0,100,read
2026-10-05 15:09,naples,municipio,6473514,Luggage Storage near Naples Underground,2026-10-05,16,weekday,10,0,10,read
2026-10-05 15:09,naples,municipio,6473501,Luggage Storage near Acerra Station,2026-10-05,16,weekday,50,0,50,read
2026-10-05 15:09,naples,vomero,6473440,Luggage Storage Piazza Degli Artisti,2026-10-05,16,weekday,30,0,30,read
2026-10-05 15:09,naples,municipio,6473140,Luggage Storage De Cesare / Naples Underground,2026-10-05,16,weekday,10,0,10,read
2026-10-05 15:09,naples,napoli-porta-nolana,6473026,Luggage Storage Ranieri / Garibaldi,2026-10-05,16,weekday,10,0,10,read
2026-10-05 15:09,naples,universita,6472965,Luggage Storage Corso Umberto / Università,2026-10-05,16,weekday,15,0,15,read
2026-10-05 15:09,naples,municipio,6471162,Luggage Storage Port of Naples,2026-10-05,16,weekday,100,1,99,read
2026-10-05 15:09,naples,municipio,6471071,Luggage Storage Galleria Umberto I,2026-10-05,16,weekday,50,3,47,read
2026-10-05 15:09,naples,naples-centrale-train-station,6470853,Luggage Storage Corso Umberto / Porta Nolana,2026-10-05,16,weekday,100,0,100,read
2026-10-05 15:09,naples,municipio,6470807,Luggage Storage Piazza Plebiscito,2026-10-05,16,weekday,50,0,50,read
2026-10-05 15:09,naples,napoli-porta-nolana,6470755,Luggage Storage Piazzetta Forcella,2026-10-05,16,weekday,20,,,unavailable
2026-10-05 15:09,naples,vomero,6470744,Luggage Storage Viale Michelangelo,2026-10-05,16,weekday,50,0,50,read
2026-10-05 15:09,naples,Volla,6470355,Luggage Storage Via Volta,2026-10-05,16,weekday,100,0,100,read
2026-10-05 15:09,naples,mergellina-port,6470131,Luggage Storage Piedigrotta - Torretta,2026-10-05,16,weekday,100,0,100,read
2026-10-05 15:09,naples,via-chiaia,6470110,Luggage Storage Chiaia,2026-10-05,16,weekday,100,0,100,read
2026-10-05 15:09,naples,via-chiaia,6470080,Luggage Storage Napoli Sotterranea,2026-10-05,16,weekday,20,0,20,read
2026-10-05 15:09,naples,via-chiaia,6470069,Luggage Storage Arco Mirelli Metro Station,2026-10-05,16,weekday,10,0,10,read
2026-10-05 15:09,naples,vomero,6470067,Luggage Storage Cilea / Vomero,2026-10-05,16,weekday,50,0,50,read
2026-10-05 15:09,naples,maradona-stadium,6470066,Luggage Storage near Maradona Stadium,2026-10-05,16,weekday,50,0,50,read
2026-10-05 15:09,naples,via-chiaia,6470065,Luggage Storage Riviera di Chiaia,2026-10-05,16,weekday,50,0,50,read
2026-10-05 15:09,naples,via-toledo,6470059,Luggage Storage Toledo Metro Station,2026-10-05,16,weekday,50,1,49,read
2026-10-05 15:09,naples,naples-centrale-train-station,6470049,Luggage Storage Garibaldi Bus Stop,2026-10-05,16,weekday,50,0,50,read
2026-10-05 15:09,naples,dante,6470045,Luggage Storage Montesanto,2026-10-05,16,weekday,30,0,30,read
2026-10-05 15:09,naples,naples-centrale-train-station,6467993,Luggage Storage Naples Centrale / Via Firenze,2026-10-05,16,weekday,40,0,40,read
2026-10-05 15:09,naples,via-toledo,6462124,Luggage Storage Via Toledo,2026-10-05,16,weekday,30,0,30,read
2026-10-05 15:09,naples,universita,6461871,Luggage Storage Molo Immacolatella Vecchia,2026-10-05,16,weekday,30,4,26,read
2026-10-05 15:09,naples,napoli-porta-nolana,6461598,Luggage Storage Napoli Centrale / Poerio,2026-10-05,16,weekday,100,0,100,read
2026-10-05 15:09,naples,naples-centrale-train-station,6461594,Luggage Storage Garibaldi / Principe Umberto,2026-10-05,16,weekday,60,0,60,read
2026-10-05 15:09,naples,naples-centrale-train-station,6461549,Luggage Storage Garibaldi - Volturno,2026-10-05,16,weekday,100,0,100,read
2026-10-05 15:09,naples,naples-centrale-train-station,6460818,Luggage Storage Napoli Centrale / Via Bologna,2026-10-05,16,weekday,100,0,100,read
2026-10-05 15:09,naples,piazza-cavour,6460747,Luggage Storage San Giovanni a Carbonara,2026-10-05,16,weekday,50,1,49,read
2026-10-05 15:09,naples,municipio,6460731,Luggage Storage Piazza Municipio,2026-10-05,16,weekday,20,2,18,read
2026-10-05 15:09,naples,napoli-porta-nolana,6460717,Luggage Storage Vespucci - Lucci,2026-10-05,16,weekday,15,0,15,read
2026-10-05 15:09,naples,universita,6460709,Luggage Storage near University Federico II,2026-10-05,16,weekday,100,0,100,read
2026-10-05 15:09,naples,naples-centrale-train-station,6460339,Luggage Storage Napoli Centrale / Corso Meridionale,2026-10-05,16,weekday,100,0,100,read
2026-10-05 15:09,naples,universita,6459908,Luggage Storage near Via Nuova Marina,2026-10-05,16,weekday,10,0,10,read
2026-10-05 15:09,naples,napoli-porta-nolana,6458722,Luggage Storage near Garibaldi,2026-10-05,16,weekday,50,0,50,read
2026-10-05 15:09,naples,centro-storico,6458639,Luggage Storage Naples Duomo,2026-10-05,16,weekday,20,0,20,read
2026-10-05 15:09,naples,naples-airport,6458533,Luggage Storage Naples Airport,2026-10-05,16,weekday,30,2,28,read
2026-10-05 15:09,naples,naples-centrale-train-station,6458088,Luggage Storage Napoli Centrale Train Station,2026-10-05,16,weekday,40,4,36,read
2026-10-05 15:09,naples,porta-capuana,6457911,Luggage Storage Porta Capuana,2026-10-05,16,weekday,50,0,50,read
2026-10-05 15:09,naples,vomero,6457143,Luggage Storage near Salvator Rosa,2026-10-05,16,weekday,20,0,20,read
2026-10-05 15:09,naples,centro-storico,6456326,Luggage Storage near Sansevero Chapel Museum,2026-10-05,16,weekday,50,0,50,read
2026-10-05 15:09,naples,pomigliano-darco,6456322,Luggage Storage Pomigliano Public Park,2026-10-05,16,weekday,40,0,40,read
2026-10-05 15:09,naples,centro-storico,6456095,Luggage Storage Garibaldi / Porta Nolana,2026-10-05,16,weekday,20,0,20,read
2026-10-05 15:09,naples,naples-centrale-train-station,6454591,Luggage Storage Metropark Terminal Bus Station,2026-10-05,16,weekday,100,2,98,read
2026-10-05 15:09,naples,naples-city-center,6454538,Luggage Storage Montesanto Train Station,2026-10-05,16,weekday,50,0,50,read
2026-10-05 15:09,naples,napoli-porta-nolana,6454355,Luggage Storage Napoli Porta Nolana,2026-10-05,16,weekday,30,0,30,read
2026-10-05 15:09,naples,naples-centrale-train-station,6453309,Luggage Storage Rione Vasto / Napoli Centrale,2026-10-05,16,weekday,50,0,50,read
2026-10-05 15:09,naples,miano,6452747,Luggage Storage Miano,2026-10-05,16,weekday,100,0,100,read
2026-10-05 15:09,naples,rione-sanita,6452507,Luggage Storage Via Arenaccia,2026-10-05,16,weekday,50,0,50,read
2026-10-05 15:09,naples,naples-centrale-train-station,6452429,Luggage Storage near Naples Piazza Garibaldi,2026-10-05,16,weekday,50,0,50,read
2026-10-05 15:09,naples,centro-storico,6451783,Luggage Storage near Naples Archaeological Museum,2026-10-05,16,weekday,25,0,25,read
2026-10-05 15:09,naples,via-toledo,6451707,Luggage Storage Naples Ferry Terminal,2026-10-05,16,weekday,55,0,55,read
2026-10-05 15:09,naples,rione-sanita,6451396,Luggage Storage Rione Amicizia,2026-10-05,16,weekday,10,,,unavailable
2026-10-05 15:09,naples,napoli-porta-nolana,6451372,Luggage Storage Piazza Principe Umberto,2026-10-05,16,weekday,50,0,50,read
2026-10-05 15:09,naples,dante,6451213,Luggage Storage Napoli Piazza Dante,2026-10-05,16,weekday,25,0,25,read
2026-10-05 15:09,naples,santa-lucia,6451165,Luggage Storage Via Santa Lucia,2026-10-05,16,weekday,20,0,20,read
2026-10-05 15:09,naples,napoli-porta-nolana,6451082,Luggage Storage Università Metro Station,2026-10-05,16,weekday,23,0,23,read
2026-10-05 15:09,naples,porta-capuana,6451076,Luggage Storage Metropark Napoli Centrale,2026-10-05,16,weekday,90,0,90,read
2026-10-05 15:09,naples,rione-sanita,6436,Luggage Storage Rione Sanità,2026-10-05,16,weekday,20,2,18,read
2026-10-05 15:09,naples,naples-centrale-train-station,6387,Luggage Storage Chiesa Pietà Dei Turchini,2026-10-05,16,weekday,30,0,30,read
2026-10-05 15:09,naples,naples-city-center,5972,Luggage Storage Diana Theatre,2026-10-05,16,weekday,15,,,unavailable
2026-10-05 15:09,naples,santa-lucia,5763,Luggage Storage Santa Lucia,2026-10-05,16,weekday,100,0,100,read
2026-10-05 15:09,naples,naples-cathedral,5702,Luggage Storage Napoli Piazza Cavour Transit Station,2026-10-05,16,weekday,35,6,29,read
2026-10-05 15:09,naples,naples-city-center,5468,Luggage Storage near Chiostro Di Santa Chiara,2026-10-05,16,weekday,50,0,50,read
2026-10-05 15:09,naples,universita,5195,Luggage Storage near Duomo Metro Station,2026-10-05,16,weekday,50,2,48,read
2026-10-05 15:09,naples,naples-airport,5163,Luggage Storage Naples Airport,2026-10-05,16,weekday,200,6,194,read
2026-10-05 15:09,naples,naples-city-center,5060,Luggage Storage Teatro San Ferdinando,2026-10-05,16,weekday,100,0,100,read
2026-10-05 15:09,naples,naples-centrale-train-station,5046,Luggage Storage Napoli Piazza Garibaldi,2026-10-05,16,weekday,50,0,50,read
2026-10-05 15:09,naples,naples-city-center,5040,Luggage Storage Piazza Cavour Station,2026-10-05,16,weekday,10,0,10,read
2026-10-05 15:09,naples,fuorigrotta,5037,Luggage Storage Fuorigrotta,2026-10-05,16,weekday,20,0,20,read
2026-10-05 15:09,naples,porta-capuana,4651,Luggage Storage Via Foria,2026-10-05,16,weekday,50,0,50,read
2026-10-05 15:09,naples,universita,4538,Luggage Storage Duomo Metro Station,2026-10-05,16,weekday,30,0,30,read
2026-10-05 15:09,naples,naples-centrale-train-station,4278,Luggage Storage Naples Piazza Garibaldi,2026-10-05,16,weekday,50,0,50,read
2026-10-05 15:09,naples,quattro-giornate-station,3952,Luggage Storage Quattro Giornate Station,2026-10-05,16,weekday,50,0,50,read
2026-10-05 15:09,naples,naples-city-center,3921,Luggage Storage Naples Municipio Station,2026-10-05,16,weekday,50,0,50,read
2026-10-05 15:09,naples,universita,3694,Luggage Storage Università Station,2026-10-05,16,weekday,20,0,20,read
2026-10-05 15:09,naples,piazza-del-plebiscito,3046,Luggage Storage Royal Palace,2026-10-05,16,weekday,50,0,50,read
2026-10-05 15:09,naples,san-lorenzo,3045,Luggage Storage Naples Underground,2026-10-05,16,weekday,20,0,20,read
2026-10-05 15:09,naples,piazza-del-gesu,1346,Luggage Storage near Museo Cappella Sansevero,2026-10-05,16,weekday,30,0,30,read
2026-10-05 15:09,florence,santa-maria-novella,884,Luggage Storage Santa Maria Novella,2026-10-05,16,weekday,140,29,111,read
2026-10-05 15:09,florence,santa-maria-novella,6461689,Luggage Storage Galleria Commerciale Santa Maria Novella,2026-10-05,16,weekday,125,4,121,read
2026-10-05 15:09,florence,santa-maria-novella,2262,Luggage Storage Florence Train Station,2026-10-05,16,weekday,100,4,96,read
2026-10-05 15:09,florence,duomo,5001,Luggage Storage Florence Cathedral,2026-10-05,16,weekday,50,0,50,read
2026-10-05 15:09,florence,battistero-di-san-giovanni,6662,Luggage Storage Riccardi Medici Palace,2026-10-05,16,weekday,30,0,30,read
2026-10-05 15:09,florence,via-dell-albero,6453618,Luggage Storage Firenze Basilica Santa Maria Novella,2026-10-05,16,weekday,70,3,67,read
2026-10-05 15:09,florence,campo-di-marte,6458764,Luggage Storage Artemio Franchi Stadium,2026-10-05,16,weekday,35,0,35,read
2026-10-05 15:09,florence,basilica-of-santa-maria-novella,6459632,Luggage Storage Duomo of Florence,2026-10-05,16,weekday,10,0,10,read
2026-10-05 15:09,florence,pitti,3272,Luggage Storage near Pitti Palace,2026-10-05,16,weekday,50,0,50,read
2026-10-05 15:09,florence,santa-croce,6459634,Luggage Storage near Piazza della Signoria,2026-10-05,16,weekday,50,0,50,read
2026-10-05 15:09,florence,district-1,6451863,Luggage Storage Hospital Of Innocents,2026-10-05,16,weekday,35,4,31,read
2026-10-05 15:09,florence,san-lorenzo,6661,Luggage Storage Central Market Square,2026-10-05,16,weekday,100,10,90,read
2026-10-05 15:09,florence,campo-di-marte,6461693,Luggage Storage Campo Marte Station,2026-10-05,16,weekday,35,0,35,read
2026-10-05 15:09,florence,campo-di-marte,966,Luggage Storage Sant'Ambrogio Market,2026-10-05,16,weekday,50,0,50,read
2026-10-05 15:09,florence,san-marco-florence,9349,Luggage Storage Piazza San Marco,2026-10-05,16,weekday,25,0,25,read
2026-10-05 15:09,florence,san-gallo,9345,Luggage Storage near Piazza Della Libertà,2026-10-05,16,weekday,45,0,45,read
2026-10-05 15:09,florence,san-lorenzo,9317,Luggage Storage Via Guelfa / Mercato Centrale,2026-10-05,16,weekday,30,0,30,read
2026-10-05 15:09,florence,rifredi,9286,Luggage Storage near Rifredi Railway Station,2026-10-05,16,weekday,10,,,unavailable
2026-10-05 15:09,florence,rifredi,9282,Luggage Storage Piazza Dalmazia,2026-10-05,16,weekday,25,0,25,read
2026-10-05 15:09,florence,via-de-boni,8054,Luggage Storage Basilica Di San Lorenzo,2026-10-05,16,weekday,30,0,30,read
2026-10-05 15:09,florence,basilica-of-santa-maria-novella,6708,Luggage Storage Piazza Della Indipendenza,2026-10-05,16,weekday,15,0,15,read
2026-10-05 15:09,florence,basilica-di-santo-spirito,6693,Luggage Storage near Museo Novecento,2026-10-05,16,weekday,35,1,34,read
2026-10-05 15:09,florence,santa-croce,6473579,Luggage Storage near Uffizi Galleries,2026-10-05,16,weekday,25,0,25,read
2026-10-05 15:09,florence,santa-maria-novella,6471146,Luggage Storage Via Faenza / SMN,2026-10-05,16,weekday,30,0,30,read
2026-10-05 15:09,florence,santa-maria-novella,6471100,Luggage Storage Via Sant'Antonino,2026-10-05,16,weekday,10,0,10,read
2026-10-05 15:09,florence,santo-spirito,6471019,Luggage Storage Palazzo Pitti,2026-10-05,16,weekday,50,0,50,read
2026-10-05 15:09,florence,san-lorenzo,6470899,Luggage Storage Mercato Centrale Firenze,2026-10-05,16,weekday,30,0,30,read
2026-10-05 15:09,florence,porta-al-prato,6470874,Luggage Storage Porta al Prato,2026-10-05,16,weekday,100,0,100,read
2026-10-05 15:09,florence,santa-croce,6470821,Luggage Storage Santa Croce Church,2026-10-05,16,weekday,40,0,40,read
2026-10-05 15:09,florence,san-lorenzo,6470655,Luggage Storage San Lorenzo,2026-10-05,16,weekday,20,0,20,read
2026-10-05 15:09,florence,basilica-of-santa-maria-novella,6469938,Luggage Storage near Strozzi Palace,2026-10-05,16,weekday,30,2,28,read
2026-10-05 15:09,florence,santa-maria-novella,6469294,Luggage Storage San Frediano,2026-10-05,16,weekday,50,0,50,read
2026-10-05 15:09,florence,santa-croce,6467881,Luggage Storage near Sant'Ambrogio,2026-10-05,16,weekday,30,2,28,read
2026-10-05 15:09,florence,basilica-of-santa-maria-novella,6461934,Luggage Storage Via Ghibellina,2026-10-05,16,weekday,20,0,20,read
2026-10-05 15:09,florence,san-marco-florence,6461687,Luggage Storage Via Nazionale,2026-10-05,16,weekday,20,0,20,read
2026-10-05 15:09,florence,santa-maria-novella,6460996,Luggage Storage Smn Station / Largo Alinari,2026-10-05,16,weekday,100,2,98,read
2026-10-05 15:09,florence,basilica-of-santa-maria-novella,6460614,Luggage Storage Via Guelfa / Piazza San Marco,2026-10-05,16,weekday,30,0,30,read
2026-10-05 15:09,florence,santa-croce,6460461,Luggage Storage near Museum Of Illusions Florence,2026-10-05,16,weekday,35,0,35,read
2026-10-05 15:09,florence,santa-croce,6460434,Luggage Storage near Verdi Theatre,2026-10-05,16,weekday,35,0,35,read
2026-10-05 15:09,florence,santa-croce,6459866,Luggage Storage near Casa Buonarroti,2026-10-05,16,weekday,30,0,30,read
2026-10-05 15:09,florence,santo-spirito,6458479,Luggage Storage Ponte Vecchio,2026-10-05,16,weekday,40,0,40,read
2026-10-05 15:09,florence,porta-al-prato,6458372,Luggage Storage Via Baracca,2026-10-05,16,weekday,20,0,20,read
2026-10-05 15:09,florence,san-marco-florence,6458364,Luggage Storage Firenze San Marco,2026-10-05,16,weekday,20,0,20,read
2026-10-05 15:09,florence,santa-maria-novella,6458362,Luggage Storage near Florence Train Station,2026-10-05,16,weekday,30,7,23,read
2026-10-05 15:09,florence,santa-maria-novella,6458274,Luggage Storage Via Guelfa,2026-10-05,16,weekday,40,0,40,read
2026-10-05 15:09,florence,santa-maria-novella,6458270,Luggage Storage Santa Maria Novella Square,2026-10-05,16,weekday,10,0,10,read
2026-10-05 15:09,florence,district-1,6458204,Luggage Storage San Jacopino,2026-10-05,16,weekday,20,,,unavailable
2026-10-05 15:09,florence,piazza-torquato-tasso,6458194,Luggage Storage Tasso Square,2026-10-05,16,weekday,35,0,35,read
2026-10-05 15:09,florence,porta-al-prato,6458173,Luggage Storage Porta Al Prato Railway Station,2026-10-05,16,weekday,20,0,20,read
2026-10-05 15:09,florence,stazione-via-panzani,6457073,Luggage Storage Medici Chapel,2026-10-05,16,weekday,30,0,30,read
2026-10-05 15:09,florence,florence-airport,6457071,Luggage Storage Via Reginaldo Giuliani,2026-10-05,16,weekday,30,0,30,read
2026-10-05 15:09,florence,basilica-of-santa-maria-novella,6457002,Luggage Storage Rosselli / Florence SMN,2026-10-05,16,weekday,40,0,40,read
2026-10-05 15:09,florence,florence-mercato-centrale,6456979,Luggage Storage near Market Central Square,2026-10-05,16,weekday,15,0,15,read
2026-10-05 15:09,florence,san-niccolo,6456271,Luggage Storage Viale Amendola,2026-10-05,16,weekday,25,0,25,read
2026-10-05 15:09,florence,santa-croce,6456146,Luggage Storage Pietrapiana / Salvemini,2026-10-05,16,weekday,30,0,30,read
2026-10-05 15:09,florence,fortezza-dal-basso,6454818,Luggage Storage Indipendenza / Ridolfi,2026-10-05,16,weekday,30,0,30,read
2026-10-05 15:09,florence,porta-al-prato,6435,Luggage Storage Piazza Della Stazione,2026-10-05,16,weekday,30,0,30,read
2026-10-05 15:09,florence,florence-city-center,4353,Luggage Storage near Sant'ambrogio Market,2026-10-05,16,weekday,20,0,20,read
2026-10-05 15:09,florence,coverelli,3217,Luggage Storage Ponte Santa Trinità,2026-10-05,16,weekday,35,0,35,read
2026-10-05 15:09,florence,santa-maria-novella,3216,Luggage Storage San Marco Square,2026-10-05,16,weekday,20,0,20,read
2026-10-05 15:09,florence,santa-maria-novella,197,Luggage Storage Main Station,2026-10-05,16,weekday,300,0,300,read
2026-10-05 15:09,florence,scandicci,100,Luggage Storage Scandicci,2026-10-05,16,weekday,300,0,300,read
2026-10-05 15:09,turin,museo-pietro-micca,7213,Luggage Storage Porta Susa Railway Station,2026-10-05,16,weekday,95,21,74,read
2026-10-05 15:09,turin,egyptian-museum,3013,Luggage Storage Egyptian Museum,2026-10-05,16,weekday,75,0,75,read
2026-10-05 15:09,turin,cit-turin,332,Luggage Storage Porta Susa,2026-10-05,16,weekday,300,0,300,read
2026-10-05 15:09,turin,stazione-porta-nuova,8889,Luggage Storage Porta Nuova Railway Station,2026-10-05,16,weekday,110,0,110,read
2026-10-05 15:09,turin,stazione-porta-nuova,7814,Luggage Storage Porta Nuova Train Station,2026-10-05,16,weekday,55,1,54,read
2026-10-05 15:09,turin,allianz-stadium,2987,Luggage Storage Juventus Stadium,2026-10-05,16,weekday,100,0,100,read
2026-10-05 15:09,turin,stazione-porta-nuova,3071,Luggage Storage Porta Nuova,2026-10-05,16,weekday,50,0,50,read
2026-10-05 15:09,turin,quadrilatero-romano,7178,Luggage Storage Porta Susa Train Station,2026-10-05,16,weekday,50,0,50,read
2026-10-05 15:09,turin,piazza-castello,8894,Luggage Storage Via Xx Settembre / Bertola,2026-10-05,16,weekday,55,4,51,read
2026-10-05 15:09,turin,porta-palazzo-market,7866,Luggage Storage Santuario Della Consolata,2026-10-05,16,weekday,100,0,100,read
2026-10-05 15:09,turin,stazione-porta-nuova,6459711,Luggage Storage Porta Nuova / Marconi,2026-10-05,16,weekday,35,0,35,read
2026-10-05 15:09,turin,palazzo-madama,3017,Luggage Storage Turin City Center,2026-10-05,16,weekday,20,0,20,read
2026-10-05 15:09,turin,national-cinema-museum,6451106,Luggage Storage Mole Di Torino,2026-10-05,16,weekday,30,4,26,read
2026-10-05 15:09,turin,galleria-sabauda,9143,Luggage Storage Xviii Dicembre Metro Station,2026-10-05,16,weekday,20,0,20,read
2026-10-05 15:09,turin,lingotto-fiere,8901,Luggage Storage Lingotto Metro Station,2026-10-05,16,weekday,50,0,50,read
2026-10-05 15:09,turin,aurora,8891,Luggage Storage Corso Giulio Cesare / Ponte Mosca,2026-10-05,16,weekday,20,0,20,read
2026-10-05 15:09,turin,piazza-vittorio-veneto,8876,Luggage Storage Chiesa Di Santa Giulia,2026-10-05,16,weekday,20,6,14,read
2026-10-05 15:09,turin,mole-antonelliana,8871,Luggage Storage Mole Antonelliana,2026-10-05,16,weekday,10,0,10,read
2026-10-05 15:09,turin,city-center,8867,Luggage Storage Via Nizza,2026-10-05,16,weekday,25,0,25,read
2026-10-05 15:09,turin,barriera-di-milano,8866,Luggage Storage Corso Palermo / Ancona,2026-10-05,16,weekday,30,0,30,read
2026-10-05 15:09,turin,torino-porta-susa,8858,Luggage Storage Corso Palermo,2026-10-05,16,weekday,10,0,10,read
2026-10-05 15:09,turin,torino-porta-susa,8843,Luggage Storage Re Umberto Metro Station,2026-10-05,16,weekday,35,0,35,read
2026-10-05 15:09,turin,crocetta,8687,Luggage Storage Corso Mediterraneo,2026-10-05,16,weekday,25,0,25,read
2026-10-05 15:09,turin,barriera-di-milano,8657,Luggage Storage Corso Giulio Cesare,2026-10-05,16,weekday,10,0,10,read
2026-10-05 15:09,turin,barriera-di-milano,8654,Luggage Storage Giardino Giuseppe Saragat,2026-10-05,16,weekday,10,0,10,read
2026-10-05 15:09,turin,stazione-porta-nuova,8621,Luggage Storage Borgo San Paolo,2026-10-05,16,weekday,10,0,10,read
2026-10-05 15:09,turin,parco-del-valentino,7793,Luggage Storage Corso Marconi,2026-10-05,16,weekday,10,0,10,read
2026-10-05 15:09,turin,stazione-porta-nuova,7760,Luggage Storage Castello Del Valentino,2026-10-05,16,weekday,30,0,30,read
2026-10-05 15:09,turin,stazione-porta-nuova,6473147,Luggage Storage Assietta / Porta Nuova,2026-10-05,16,weekday,50,0,50,read
2026-10-05 15:09,turin,stazione-porta-nuova,6473141,Luggage Storage Madama Cristina Bus Stop,2026-10-05,16,weekday,20,0,20,read
2026-10-05 15:09,turin,city-center,6472386,Luggage Storage Rossini Tram Stop,2026-10-05,16,weekday,40,0,40,read
2026-10-05 15:09,turin,stazione-porta-nuova,6470841,Luggage Storage Piazza Madama Cristina,2026-10-05,16,weekday,20,0,20,read
2026-10-05 15:09,turin,torino-porta-susa,6469902,Luggage Storage Piazza Sabotino,2026-10-05,16,weekday,20,0,20,read
2026-10-05 15:09,turin,santa-rita,6467968,Luggage Storage near Inalpi Arena,2026-10-05,16,weekday,35,0,35,read
2026-10-05 15:09,turin,quadrilatero,6467955,Luggage Storage Via Garibaldi,2026-10-05,16,weekday,25,0,25,read
2026-10-05 15:09,turin,lingotto,6467954,Luggage Storage Unione Sovietica / Buenos Aires,2026-10-05,16,weekday,15,0,15,read
2026-10-05 15:09,turin,lingotto,6467873,Luggage Storage Caserma Morelli,2026-10-05,16,weekday,20,0,20,read
2026-10-05 15:09,turin,city-center,6462378,Luggage Storage near Piazza Carlo Alberto,2026-10-05,16,weekday,25,0,25,read
2026-10-05 15:09,turin,lingotto,6460332,Luggage Storage near Torino Lingotto Railway Station,2026-10-05,16,weekday,30,0,30,read
2026-10-05 15:09,turin,cenisia,6456139,Luggage Storage Via Monginevro,2026-10-05,16,weekday,10,0,10,read
2026-10-05 15:09,turin,piazza-statuto,6452006,Luggage Storage Torino Piazza Statuto,2026-10-05,16,weekday,40,1,39,read
2026-10-05 15:09,turin,lingotto,6451048,Luggage Storage Corso Unione Sovietica,2026-10-05,16,weekday,25,0,25,read
2026-10-05 15:09,turin,piazza-san-carlo,4500,Luggage Storage Piazza San Carlo,2026-10-05,16,weekday,25,0,25,read
2026-10-05 15:09,turin,cenisia,3561,Luggage Storage Cenisia,2026-10-05,16,weekday,100,0,100,read
2026-10-05 15:09,turin,torino-dora,3383,Luggage Storage Torino Dora,2026-10-05,16,weekday,50,0,50,read
2026-10-05 15:09,turin,barriera-di-milano,3023,Luggage Storage Torino Rebaudengo Fossata,2026-10-05,16,weekday,20,0,20,read
2026-10-05 15:09,catania,catania-centrale,6560,Luggage Storage Catania Bus Station,2026-10-05,16,weekday,100,0,100,read
2026-10-05 15:09,catania,city-center,7081,Luggage Storage Fountain Of The Elephant,2026-10-05,16,weekday,40,5,35,read
2026-10-05 15:09,catania,city-center,3024,Luggage Storage Castello Ursino,2026-10-05,16,weekday,25,0,25,read
2026-10-05 15:09,catania,city-center,4344,Luggage Storage Piazza Stesicoro,2026-10-05,16,weekday,50,2,48,read
2026-10-05 15:09,catania,catania-centrale,6452503,Luggage Storage Catania Centrale Train Station,2026-10-05,16,weekday,30,0,30,read
2026-10-05 15:09,catania,city-center,2598,Luggage Storage Villa Bellini,2026-10-05,16,weekday,10,,,unavailable
2026-10-05 15:09,catania,city-center,6797,Luggage Storage Stesicoro Metro Station,2026-10-05,16,weekday,30,0,30,read
2026-10-05 15:09,catania,city-center,2764,Luggage Storage Roman Arena,2026-10-05,16,weekday,20,0,20,read
2026-10-05 15:09,catania,catania-centrale,7066,Luggage Storage Catania Railway Station,2026-10-05,16,weekday,20,0,20,read
2026-10-05 15:09,catania,city-center,7058,Luggage Storage Monastery Of San Nicolò L'arena,2026-10-05,16,weekday,25,0,25,read
2026-10-05 15:09,catania,catania-centrale,6577,Luggage Storage Via Archimede,2026-10-05,16,weekday,100,0,100,read
2026-10-05 15:09,catania,city-center,6473509,Luggage Storage Via Lago di Nicito,2026-10-05,16,weekday,10,0,10,read
2026-10-05 15:09,catania,city-center,6473139,Luggage Storage Ursino Castle,2026-10-05,16,weekday,50,3,47,read
2026-10-05 15:09,catania,catania-airport,6471153,Luggage Storage Catania Airport Area,2026-10-05,16,weekday,100,1,99,read
2026-10-05 15:09,catania,city-center,6471007,Luggage Storage Piazza Federico di Svevia,2026-10-05,16,weekday,25,0,25,read
2026-10-05 15:09,catania,porta-garibaldi,6470901,Luggage Storage near Castello Ursino,2026-10-05,16,weekday,50,0,50,read
2026-10-05 15:09,catania,city-center,6470896,Luggage Storage Greek - Roman Theatre,2026-10-05,16,weekday,30,0,30,read
2026-10-05 15:09,catania,porta-garibaldi,6461808,Luggage Storage Piazza del Risorgimento,2026-10-05,16,weekday,40,0,40,read
2026-10-05 15:09,catania,borgo-sanzio,6460361,Luggage Storage near Catania Stadium,2026-10-05,16,weekday,20,,,unavailable
2026-10-05 15:09,catania,catania-centrale,6460060,Luggage Storage Catania Centrale Railway Station,2026-10-05,16,weekday,80,0,80,read
2026-10-05 15:09,catania,piazza-stesicoro,6459466,Luggage Storage Via Umberto I,2026-10-05,16,weekday,20,,,unavailable
2026-10-05 15:09,catania,city-center,6459443,Luggage Storage Catania Porta Garibaldi,2026-10-05,16,weekday,30,,,unavailable
2026-10-05 15:09,catania,piazza-stesicoro,6459415,Luggage Storage Etnea Sangiuliano,2026-10-05,16,weekday,20,0,20,read
2026-10-05 15:09,catania,city-center,6459389,Luggage Storage Vittorio Emanuele Ii / Plebiscito,2026-10-05,16,weekday,20,3,17,read
2026-10-05 15:09,catania,city-center,6459381,Luggage Storage near San Cristoforo,2026-10-05,16,weekday,20,,,unavailable
2026-10-05 15:09,catania,city-center,6459362,Luggage Storage Catania Stadium,2026-10-05,16,weekday,20,0,20,read
2026-10-05 15:09,catania,borgo-sanzio,6458945,Luggage Storage Orto Botanico di Catania,2026-10-05,16,weekday,20,0,20,read
2026-10-05 15:09,catania,catania-centrale,6458942,Luggage Storage Via Vittorio Emanuele II,2026-10-05,16,weekday,20,3,17,read
2026-10-05 15:09,catania,catania-centrale,6456695,Luggage Storage Catania Bus Terminal,2026-10-05,16,weekday,20,3,17,read
2026-10-05 15:09,catania,university-of-catania,6456575,Luggage Storage near Teatro Massimo Bellini,2026-10-05,16,weekday,50,0,50,read
2026-10-05 15:09,catania,city-center,6456574,Luggage Storage Via Garibaldi,2026-10-05,16,weekday,30,0,30,read
2026-10-05 15:09,catania,catania-airport,6454786,Luggage Storage near Catania Airport,2026-10-05,16,weekday,50,4,46,read
2026-10-05 15:09,catania,city-center,6453899,Luggage Storage Catania Centrale,2026-10-05,16,weekday,35,7,28,read
2026-10-05 15:09,catania,catania-centrale,6452808,Luggage Storage near Catania Porto,2026-10-05,16,weekday,100,0,100,read
2026-10-05 15:09,catania,city-center,6452806,Luggage Storage Catania Harbor Pier,2026-10-05,16,weekday,10,0,10,read
2026-10-05 15:09,catania,catania-centrale,6452780,Luggage Storage Giovanni Xxiii Metro Station,2026-10-05,16,weekday,25,0,25,read
2026-10-05 15:09,catania,university-of-catania,6452772,Luggage Storage Catania Porto,2026-10-05,16,weekday,25,0,25,read
2026-10-05 15:09,catania,city-center,6452283,Luggage Storage near Angelo Massimino Stadium,2026-10-05,16,weekday,50,0,50,read
2026-10-05 15:09,catania,borgo-sanzio,4210,Luggage Storage Borgo-sanzio,2026-10-05,16,weekday,150,0,150,read
2026-10-05 15:09,venice,santa-lucia-station,4896,Luggage Storage Venezia Santa Lucia Station,2026-10-05,16,weekday,140,33,107,read
2026-10-05 15:09,venice,rialto,149,Luggage Storage Rialto Bridge,2026-10-05,16,weekday,300,0,300,read
2026-10-05 15:09,venice,san-marco,1078,Luggage Storage San Marco,2026-10-05,16,weekday,45,2,43,read
2026-10-05 15:09,venice,cannaregio,123,Luggage Storage St Lucia,2026-10-05,16,weekday,300,0,300,read
2026-10-05 15:09,venice,santa-lucia-station,9596,Luggage Storage Venice Railway Station,2026-10-05,16,weekday,100,8,92,read
2026-10-05 15:09,venice,peggy-guggenheim-collection,4912,Luggage Storage S. Maria Del Giglio,2026-10-05,16,weekday,40,0,40,read
2026-10-05 15:09,venice,piazzale-roma,5722,Luggage Storage Piazzale Roma,2026-10-05,16,weekday,100,3,97,read
2026-10-05 15:09,venice,cannaregio,6292,Luggage Storage Ghetto Ebraico,2026-10-05,16,weekday,35,0,35,read
2026-10-05 15:09,venice,dorsoduro,4932,Luggage Storage near Ponte Degli Scalzi,2026-10-05,16,weekday,60,0,60,read
2026-10-05 15:09,venice,piazzale-roma,9579,Luggage Storage Piazzale Roma Terminal Bus,2026-10-05,16,weekday,55,9,46,read
2026-10-05 15:09,venice,biennale,4902,Luggage Storage Campo Bandiera E Moro,2026-10-05,16,weekday,50,0,50,read
2026-10-05 15:09,venice,giudecca,6452766,Luggage Storage Giudecca Palanca,2026-10-05,16,weekday,25,,,unavailable
2026-10-05 15:09,venice,san-polo,9621,Luggage Storage Ponte San Polo,2026-10-05,16,weekday,30,0,30,read
2026-10-05 15:09,venice,venice-lido,9617,Luggage Storage Venezia Lido,2026-10-05,16,weekday,25,0,25,read
2026-10-05 15:09,venice,san-marco,9616,Luggage Storage Giardini Della Marinaressa,2026-10-05,16,weekday,25,,,unavailable
2026-10-05 15:09,venice,city-center,9580,Luggage Storage Calle Dei Preti,2026-10-05,16,weekday,50,0,50,read
2026-10-05 15:09,venice,san-polo,6473647,Luggage Storage near Venice San Polo,2026-10-05,16,weekday,100,0,100,read
2026-10-05 15:09,venice,cannaregio,6472946,Luggage Storage San Geremia,2026-10-05,16,weekday,15,1,14,read
2026-10-05 15:09,venice,doge-s-palace,6472938,Luggage Storage S. Marco-San Zaccaria 'B',2026-10-05,16,weekday,50,3,47,read
2026-10-05 15:09,venice,cannaregio,6469821,Luggage Storage near Oratory of Crociferi,2026-10-05,16,weekday,100,3,97,read
2026-10-05 15:09,venice,venice-castello,6469788,Luggage Storage Church of Miracoli,2026-10-05,16,weekday,50,0,50,read
2026-10-05 15:09,venice,doge-s-palace,6469768,Luggage Storage Santa Maria Formosa Church,2026-10-05,16,weekday,100,0,100,read
2026-10-05 15:09,venice,city-center,6457906,Luggage Storage near Basilica of Saints John and Paul,2026-10-05,16,weekday,30,1,29,read
2026-10-05 15:09,venice,constitution-bridge,6457620,Luggage Storage Venice Bus Terminal,2026-10-05,16,weekday,90,5,85,read
2026-10-05 15:09,venice,campo-dei-frari,6456399,Luggage Storage Campo Dei Frari,2026-10-05,16,weekday,25,0,25,read
2026-10-05 15:09,venice,san-marco,6452270,Luggage Storage Venezia San Marco,2026-10-05,16,weekday,55,7,48,read
2026-10-05 15:09,venice,murano,6452261,Luggage Storage Murano Venier Ferry Terminal,2026-10-05,16,weekday,30,0,30,read
2026-10-05 15:09,venice,accademia-gallery,6452230,Luggage Storage Zattere Ferry Terminal,2026-10-05,16,weekday,65,8,57,read
2026-10-05 15:09,venice,ca-d-oro-pier-station,6452182,Luggage Storage F.Te Nove Ferry Terminal,2026-10-05,16,weekday,40,2,38,read
2026-10-05 15:09,venice,guglie-bridge,6452168,Luggage Storage Ponte Delle Guglie,2026-10-05,16,weekday,50,0,50,read
2026-10-05 15:09,venice,venice-marco-polo-airport,6452148,Luggage Storage near Venice Marco Polo Area,2026-10-05,16,weekday,45,0,45,read
2026-10-05 15:09,venice,san-polo,5731,Luggage Storage Campo S. Agostin,2026-10-05,16,weekday,20,0,20,read
2026-10-05 15:09,venice,santa-croce,5723,Luggage Storage near Giardini Papadopoli,2026-10-05,16,weekday,20,0,20,read
2026-10-05 15:09,venice,murano-da-mula,5437,Luggage Storage Murano Da Mula,2026-10-05,16,weekday,200,0,200,read
2026-10-05 15:09,venice,brondolo,5305,Luggage Storage Brondolo,2026-10-05,16,weekday,200,0,200,read
2026-10-05 15:09,venice,city-center,4914,Luggage Storage San Polo,2026-10-05,16,weekday,20,0,20,read
2026-10-05 15:09,venice,santa-lucia-train-station,2852,Luggage Storage near Venice Bus Station,2026-10-05,16,weekday,15,0,15,read
2026-10-05 15:09,bari,bari-centrale-train-station,233,Luggage Storage Bari Centrale Train Station,2026-10-05,16,weekday,300,0,300,read
2026-10-05 15:09,bari,basilica-san-nicola,2325,Luggage Storage St. Nicholas Cathedral,2026-10-05,16,weekday,30,0,30,read
2026-10-05 15:09,bari,bari-centrale-train-station,6452171,Luggage Storage Bari Centrale Station,2026-10-05,16,weekday,100,6,94,read
2026-10-05 15:09,bari,bari-vecchia,6461890,Luggage Storage Basilica San Nicola,2026-10-05,16,weekday,100,7,93,read
2026-10-05 15:09,bari,bari-centrale-train-station,6455967,Luggage Storage near Castello Svevo Di Bari,2026-10-05,16,weekday,100,3,97,read
2026-10-05 15:09,bari,palazzo-fizzarotti,6459578,Luggage Storage near Palazzo Fizzarotti,2026-10-05,16,weekday,30,0,30,read
2026-10-05 15:09,bari,bari-centrale-train-station,7326,Luggage Storage Bari Centrale Stazione Fs,2026-10-05,16,weekday,35,3,32,read
2026-10-05 15:09,bari,city-center,9646,Luggage Storage near Palazzo Mincuzzi,2026-10-05,16,weekday,100,,,unavailable
2026-10-05 15:09,bari,bari-centrale-train-station,9316,Luggage Storage Giardini Di Piazza Umberto I,2026-10-05,16,weekday,20,0,20,read
2026-10-05 15:09,bari,old-town,8639,Luggage Storage Fortino Di Sant'Antonio,2026-10-05,16,weekday,30,,,unavailable
2026-10-05 15:09,bari,bari-centrale-train-station,6800,Luggage Storage Bari Train Station,2026-10-05,16,weekday,60,0,60,read
2026-10-05 15:09,bari,bari-centrale-train-station,6472928,Luggage Storage Crispi-Garibaldi,2026-10-05,16,weekday,20,0,20,read
2026-10-05 15:09,bari,bari-centrale-train-station,6470157,Luggage Storage Cavour - Petroni,2026-10-05,16,weekday,100,0,100,read
2026-10-05 15:09,bari,bari-vecchia,6463189,Luggage Storage Crispi-Trevisani,2026-10-05,16,weekday,20,,,unavailable
2026-10-05 15:09,bari,bari-centrale-train-station,6462370,Luggage Storage Corso Cavour / Centrale,2026-10-05,16,weekday,20,,,unavailable
2026-10-05 15:09,bari,bari-centrale-train-station,6461837,Luggage Storage Piazza Garibaldi,2026-10-05,16,weekday,35,0,35,read
2026-10-05 15:09,bari,bari-centrale-train-station,6461821,Luggage Storage Sella-Crisanzio,2026-10-05,16,weekday,20,0,20,read
2026-10-05 15:09,bari,bari-centrale-train-station,6460739,Luggage Storage Bari Bus Station,2026-10-05,16,weekday,20,3,17,read
2026-10-05 15:09,bari,bari-centrale-train-station,6460337,Luggage Storage Piazza Umberto I / Station,2026-10-05,16,weekday,100,0,100,read
2026-10-05 15:09,bari,bari-centrale-train-station,6459572,Luggage Storage Via Quintino Sella,2026-10-05,16,weekday,20,0,20,read
2026-10-05 15:09,bari,bari-centrale-train-station,6459558,Luggage Storage near Pinacoteca Metropolitana,2026-10-05,16,weekday,20,0,20,read
2026-10-05 15:09,bari,bari-centrale-train-station,6459542,Luggage Storage Bari Central Railway Station,2026-10-05,16,weekday,20,0,20,read
2026-10-05 15:09,bari,marconi,6457603,Luggage Storage Corso Sidney Sonnino,2026-10-05,16,weekday,20,,,unavailable
2026-10-05 15:09,bari,bari-centrale-train-station,6455905,Luggage Storage near Giardini Piazza Umberto I,2026-10-05,16,weekday,10,0,10,read
2026-10-05 15:09,bari,bari-centrale-train-station,6455904,Luggage Storage near Bari Central Railway Station,2026-10-05,16,weekday,10,0,10,read
2026-10-05 15:09,bari,bari-centrale-train-station,6455593,Luggage Storage Piccinni-Cavour,2026-10-05,16,weekday,15,,,unavailable
2026-10-05 15:09,bari,madonnella,6455296,Luggage Storage near Corso Sydney Sonnino,2026-10-05,16,weekday,25,0,25,read
2026-10-05 15:09,bari,madonnella,6455103,Luggage Storage near Bari Marconi Station,2026-10-05,16,weekday,55,0,55,read
2026-10-05 15:09,bari,altamura,6455039,Luggage Storage Altamura St Mary'S Cathedral,2026-10-05,16,weekday,10,0,10,read
2026-10-05 15:09,bari,teatro-petruzzelli,6454961,Luggage Storage Largo Eroi Del Mare,2026-10-05,16,weekday,35,4,31,read
2026-10-05 15:09,bari,quartiere-umbertino,6454957,Luggage Storage Quartiere Umbertino,2026-10-05,16,weekday,15,0,15,read
2026-10-05 15:09,bari,marconi,6454617,Luggage Storage near Via Napoli,2026-10-05,16,weekday,50,,,unavailable
2026-10-05 15:09,bari,city-center,5825,Luggage Storage Petruzzelli Opera House,2026-10-05,16,weekday,300,0,300,read
2026-10-05 15:09,bari,city-center,5657,Luggage Storage Bari City Center,2026-10-05,16,weekday,100,0,100,read
2026-10-05 15:09,bari,teatro-petruzzelli,5234,Luggage Storage near Teatro Petruzzelli,2026-10-05,16,weekday,60,,,unavailable
2026-10-05 15:09,bari,city-center,3420,Luggage Storage City Hall,2026-10-05,16,weekday,20,0,20,read
2026-10-05 15:09,bari,bari-centrale-train-station,2652,Luggage Storage Bari Railway Station,2026-10-05,16,weekday,300,0,300,read
2026-10-05 15:09,bari,fiera-del-levante,1377,Luggage Storage Via Napoli,2026-10-05,16,weekday,30,0,30,read
2026-10-05 15:09,palermo,palermo-centrale,6517,Luggage Storage Palermo Train Station,2026-10-05,16,weekday,90,9,81,read
2026-10-05 15:09,palermo,palermo-centrale,7233,Luggage Storage Palermo Central Station,2026-10-05,16,weekday,45,2,43,read
2026-10-05 15:09,palermo,albergheria,6677,Luggage Storage Palermo Cathedral,2026-10-05,16,weekday,35,5,30,read
2026-10-05 15:09,palermo,palermo-city-center,2520,Luggage Storage Aragona Square,2026-10-05,16,weekday,40,0,40,read
2026-10-05 15:09,palermo,palermo-city-center,2579,Luggage Storage Kalsa,2026-10-05,16,weekday,25,0,25,read
2026-10-05 15:09,palermo,historical-centre-of-palermo,6453593,Luggage Storage Fontana Pretoria,2026-10-05,16,weekday,30,0,30,read
2026-10-05 15:09,palermo,palermo-city-center,2164,Luggage Storage Verdi Square,2026-10-05,16,weekday,100,0,100,read
2026-10-05 15:09,palermo,port-palermo,9162,Luggage Storage Palermo Notarbartolo Railway Station,2026-10-05,16,weekday,30,1,29,read
2026-10-05 15:09,palermo,palazzo-comitini,7142,Luggage Storage Church Of San Cataldo,2026-10-05,16,weekday,50,8,42,read
2026-10-05 15:09,palermo,palermo-city-center,7040,Luggage Storage Chiesa Del Gesù Di Casa Professa,2026-10-05,16,weekday,45,0,45,read
2026-10-05 15:09,palermo,port-palermo,6742,Luggage Storage Palermo Port,2026-10-05,16,weekday,100,0,100,read
2026-10-05 15:09,palermo,palermo-centrale,6474457,Luggage Storage near Palermo Station,2026-10-05,16,weekday,20,2,18,read
2026-10-05 15:09,palermo,port-palermo,6473031,Luggage Storage near Albero Falcone,2026-10-05,16,weekday,20,0,20,read
2026-10-05 15:09,palermo,settecannoli,6472361,Luggage Storage Settecannoli / Romagnolo,2026-10-05,16,weekday,50,0,50,read
2026-10-05 15:09,palermo,fiera,6469236,Luggage Storage Isola delle Femmine,2026-10-05,16,weekday,50,4,46,read
2026-10-05 15:09,palermo,historical-centre-of-palermo,6461679,Luggage Storage Palermo Old Town,2026-10-05,16,weekday,35,0,35,read
2026-10-05 15:09,palermo,mondello,6460855,Luggage Storage Mondello Port,2026-10-05,16,weekday,20,0,20,read
2026-10-05 15:09,palermo,piazza-verdi,6460692,Luggage Storage near Piazza Verdi,2026-10-05,16,weekday,40,1,39,read
2026-10-05 15:09,palermo,mont-di-pieta,6460282,Luggage Storage near Palermo Teatro Massimo,2026-10-05,16,weekday,20,0,20,read
2026-10-05 15:09,palermo,palermo-centrale,6458911,Luggage Storage near Piazza Giulio Cesare,2026-10-05,16,weekday,20,0,20,read
2026-10-05 15:09,palermo,palermo-centrale,6458874,Luggage Storage Palermo Centrale Train Station,2026-10-05,16,weekday,35,4,31,read
2026-10-05 15:09,palermo,mondello,6456875,Luggage Storage near Mondello,2026-10-05,16,weekday,20,0,20,read
2026-10-05 15:09,palermo,mont-di-pieta,6456648,Luggage Storage near Palermo Archeological Museum,2026-10-05,16,weekday,25,0,25,read
2026-10-05 15:09,palermo,palermo-city-center,6456643,Luggage Storage Palermo Palazzo Reale-Orleans,2026-10-05,16,weekday,45,0,45,read
2026-10-05 15:09,palermo,historical-centre-of-palermo,6456367,Luggage Storage near Catacombe Porta D'Ossuna,2026-10-05,16,weekday,25,,,unavailable
2026-10-05 15:09,palermo,palermo-city-center,6005,Luggage Storage Massimo Theater,2026-10-05,16,weekday,30,0,30,read
2026-10-05 15:09,palermo,palermo-city-center,5039,Luggage Storage City Center Palermo,2026-10-05,16,weekday,150,1,149,read
2026-10-05 15:09,palermo,port-palermo,3971,Luggage Storage Palermo Tirrenia Ferry Terminal,2026-10-05,16,weekday,100,0,100,read
2026-10-05 15:09,bologna,bologna-centrale-railway-station,5280,Luggage Storage Bologna Centrale Station,2026-10-05,16,weekday,65,13,52,read
2026-10-05 15:09,bologna,two-towers,3914,Luggage Storage Two Towers Bologna,2026-10-05,16,weekday,40,0,40,read
2026-10-05 15:09,bologna,piazza-maggiore,9171,Luggage Storage Bologna Piazza Maggiore,2026-10-05,16,weekday,100,8,92,read
2026-10-05 15:09,bologna,bologna-city-center,9194,Luggage Storage La Piccola Venezia,2026-10-05,16,weekday,35,9,26,read
2026-10-05 15:09,bologna,piazza-maggiore,6450925,Luggage Storage Bologna Old Town,2026-10-05,16,weekday,100,0,100,read
2026-10-05 15:09,bologna,bologna-centrale-railway-station,9193,Luggage Storage Bologna Train Station,2026-10-05,16,weekday,100,0,100,read
2026-10-05 15:09,bologna,bologna-centrale-railway-station,6452157,Luggage Storage Bologna Centrale Train Station,2026-10-05,16,weekday,100,5,95,read
2026-10-05 15:09,bologna,bologna-city-center,9222,Luggage Storage Parco 11 Settembre,2026-10-05,16,weekday,30,2,28,read
2026-10-05 15:09,bologna,belvedere-mercato-delle-erbe,9308,Luggage Storage Piazza Malpighi,2026-10-05,16,weekday,30,8,22,read
2026-10-05 15:09,bologna,bologna-centrale-railway-station,6460518,Luggage Storage near Bologna Station,2026-10-05,16,weekday,55,0,55,read
2026-10-05 15:09,bologna,bologna-centrale-railway-station,6463282,Luggage Storage Via Amendola / Centrale,2026-10-05,16,weekday,50,0,50,read
2026-10-05 15:09,bologna,bologna-centrale-railway-station,6463294,Luggage Storage Via San Felice,2026-10-05,16,weekday,20,6,14,read
2026-10-05 15:09,bologna,bologna-centrale-railway-station,9233,Luggage Storage Porta Sant'isaia,2026-10-05,16,weekday,25,0,25,read
2026-10-05 15:09,bologna,la-piccola-venezia,9224,Luggage Storage Porta San Felice,2026-10-05,16,weekday,30,0,30,read
2026-10-05 15:09,bologna,bologna-centrale-railway-station,9155,Luggage Storage Bologna Railway Station,2026-10-05,16,weekday,10,1,9,read
2026-10-05 15:09,bologna,two-towers,7170,Luggage Storage near Teatro Duse,2026-10-05,16,weekday,20,,,unavailable
2026-10-05 15:09,bologna,porta-castiglione,7053,Luggage Storage Porta Castiglione,2026-10-05,16,weekday,25,,,unavailable
2026-10-05 15:09,bologna,piazza-maggiore,6473472,Luggage Storage Via Ugo Bassi,2026-10-05,16,weekday,300,0,300,read
2026-10-05 15:09,bologna,bologna-centrale-railway-station,6471155,Luggage Storage Via Mascarella,2026-10-05,16,weekday,100,0,100,read
2026-10-05 15:09,bologna,bologna-centrale-railway-station,6470836,Luggage Storage Via Serlio,2026-10-05,16,weekday,20,0,20,read
2026-10-05 15:09,bologna,bologna-university,6469447,Luggage Storage near Pinacoteca Nazionale,2026-10-05,16,weekday,30,0,30,read
2026-10-05 15:09,bologna,bologna-centrale-railway-station,6463307,Luggage Storage near Palazzo Pallavicini,2026-10-05,16,weekday,20,3,17,read
2026-10-05 15:09,bologna,bologna-centrale-railway-station,6463302,Luggage Storage Piazza Viii Agosto,2026-10-05,16,weekday,40,0,40,read
2026-10-05 15:09,bologna,bologna-university,6463291,Luggage Storage Strada Maggiore,2026-10-05,16,weekday,20,0,20,read
2026-10-05 15:09,bologna,bologna-university,6463290,Luggage Storage Mercato delle Erbe,2026-10-05,16,weekday,20,0,20,read
2026-10-05 15:09,bologna,bologna-centrale-railway-station,6463289,Luggage Storage Via San Vitale,2026-10-05,16,weekday,20,0,20,read
2026-10-05 15:09,bologna,stadio-senato-dall-aria,6460789,Luggage Storage Bologna Stadium,2026-10-05,16,weekday,50,0,50,read
2026-10-05 15:09,bologna,bologna-centrale-railway-station,6459421,Luggage Storage Matteotti / Bologna Centrale,2026-10-05,16,weekday,100,0,100,read
2026-10-05 15:09,bologna,san-donato,6458423,Luggage Storage near Bologna Fiere,2026-10-05,16,weekday,20,0,20,read
2026-10-05 15:09,bologna,porta-maggiore,6451959,Luggage Storage Bologna Porta Maggiore,2026-10-05,16,weekday,20,0,20,read
2026-10-05 15:09,pisa,pisa-centrale-train-station,151,Luggage Storage Pisa Centrale Station,2026-10-05,16,weekday,70,5,65,read
2026-10-05 15:09,pisa,pisa-piazza-del-duomo,7168,Luggage Storage Pisa San Rossore,2026-10-05,16,weekday,25,4,21,read
2026-10-05 15:09,pisa,pisa-centrale-train-station,6451792,Luggage Storage Pisa Piazza Del Duomo,2026-10-05,16,weekday,75,0,75,read
2026-10-05 15:09,pisa,pisa-centrale-train-station,3855,Luggage Storage Pisa Centrale,2026-10-05,16,weekday,40,0,40,read
2026-10-05 15:09,pisa,pisa-centrale-train-station,7633,Luggage Storage Pisa Train Station,2026-10-05,16,weekday,65,0,65,read
2026-10-05 15:09,pisa,pisa-centrale-train-station,6456937,Luggage Storage Pisa Centrale Train Station,2026-10-05,16,weekday,100,0,100,read
2026-10-05 15:09,pisa,tower-of-pisa,3307,Luggage Storage The Square Of Miracles,2026-10-05,16,weekday,30,0,30,read
2026-10-05 15:09,pisa,santa-maria,6460935,Luggage Storage Lungarni Di Pisa,2026-10-05,16,weekday,20,0,20,read
2026-10-05 15:09,pisa,pisa-centrale-train-station,6459669,Luggage Storage Pisa Centrale Train Station,2026-10-05,16,weekday,45,0,45,read
2026-10-05 15:09,pisa,pisa-centrale-train-station,6456903,Luggage Storage Pisa Railway Station,2026-10-05,16,weekday,40,3,37,read
2026-10-05 15:09,pisa,pisa-piazza-del-duomo,6652,Luggage Storage Piazza Dante,2026-10-05,16,weekday,10,2,8,read
2026-10-05 15:09,pisa,tower-of-pisa,6623,Luggage Storage Baths Of Nero,2026-10-05,16,weekday,50,0,50,read
2026-10-05 15:09,pisa,pisa-centrale-train-station,6587,Luggage Storage Piazza Vittorio Emanuele Ii,2026-10-05,16,weekday,100,0,100,read
2026-10-05 15:09,pisa,tower-of-pisa,6474456,Luggage Storage Via S. Iacopo / Pisa S. Rossore,2026-10-05,16,weekday,20,0,20,read
2026-10-05 15:09,pisa,pisa-centrale-train-station,6471012,Luggage Storage Tower of Pisa,2026-10-05,16,weekday,200,0,200,read
2026-10-05 15:09,pisa,piazza-dei-cavalieri,6470657,Luggage Storage Piazza dei Cavalieri,2026-10-05,16,weekday,20,0,20,read
2026-10-05 15:09,pisa,pisa-centrale-train-station,6470612,Luggage Storage near Pisa Centrale,2026-10-05,16,weekday,50,2,48,read
2026-10-05 15:09,pisa,santa-maria,6469497,Luggage Storage S. Maria della Spina Church,2026-10-05,16,weekday,20,0,20,read
2026-10-05 15:09,pisa,pisa-centrale-train-station,6467880,Luggage Storage Pisa Centrale,2026-10-05,16,weekday,40,0,40,read
2026-10-05 15:09,pisa,pisa-centrale-train-station,6463207,Luggage Storage Gramsci / Centrale,2026-10-05,16,weekday,20,0,20,read
2026-10-05 15:09,pisa,pisa-centrale-train-station,6463206,Luggage Storage Pisa Station,2026-10-05,16,weekday,60,6,54,read
2026-10-05 15:09,pisa,santa-maria,6460737,Luggage Storage Piazza Dante Alighieri,2026-10-05,16,weekday,25,0,25,read
2026-10-05 15:09,pisa,santa-maria,6456938,Luggage Storage Chiesa di San Michele in Borgo,2026-10-05,16,weekday,50,0,50,read
2026-10-05 15:09,pisa,piazza-dei-cavalieri,6456928,Luggage Storage near Piazza dei Cavalieri,2026-10-05,16,weekday,30,30,0,full
2026-10-05 15:09,pisa,pisa-centrale-train-station,6456828,Luggage Storage Pisa Airport,2026-10-05,16,weekday,50,6,44,read
2026-10-05 15:09,cagliari,marina,974,Luggage Storage Cagliari Train Station,2026-10-05,16,weekday,45,0,45,read
2026-10-05 15:09,cagliari,marina,6459534,Luggage Storage Cagliari Marina,2026-10-05,16,weekday,20,0,20,read
2026-10-05 15:09,cagliari,marina,6459450,Luggage Storage Cagliari Port,2026-10-05,16,weekday,20,0,20,read
2026-10-05 15:09,cagliari,city-center,6503,Luggage Storage Via Cornalias,2026-10-05,16,weekday,20,,,unavailable
2026-10-05 15:09,cagliari,bonaria,6486,Luggage Storage Stadio Amsicora,2026-10-05,16,weekday,10,,,unavailable
2026-10-05 15:09,cagliari,stazione,6473152,Luggage Storage Cagliari Station 7/7,2026-10-05,16,weekday,30,2,28,read
2026-10-05 15:09,cagliari,marina,6473090,Luggage Storage Cagliari Ferry Terminal,2026-10-05,16,weekday,20,0,20,read
2026-10-05 15:09,cagliari,stazione,6473089,Luggage Storage Cagliari Railway Station,2026-10-05,16,weekday,20,6,14,read
2026-10-05 15:09,cagliari,marina,6472944,Luggage Storage Via Manno,2026-10-05,16,weekday,20,0,20,read
2026-10-05 15:09,cagliari,villanova,6459751,Luggage Storage Bastione / Sulis,2026-10-05,16,weekday,20,0,20,read
2026-10-05 15:09,cagliari,bonaria,6459546,Luggage Storage Bonaria,2026-10-05,16,weekday,20,0,20,read
2026-10-05 15:09,cagliari,city-center,6459536,Luggage Storage Piazza S. Benedetto,2026-10-05,16,weekday,20,0,20,read
2026-10-05 15:09,cagliari,marina,6459518,Luggage Storage near Cagliari Port,2026-10-05,16,weekday,20,0,20,read
2026-10-05 15:09,cagliari,city-center,6459512,Luggage Storage San Benedetto Market,2026-10-05,16,weekday,20,0,20,read
2026-10-05 15:09,cagliari,marina,6459469,Luggage Storage Via dei Mille,2026-10-05,16,weekday,20,0,20,read
2026-10-05 15:09,cagliari,stazione,6458723,Luggage Storage Via Roma,2026-10-05,16,weekday,20,,,unavailable
2026-10-05 15:09,cagliari,selargius,6457080,Luggage Storage Selargius,2026-10-05,16,weekday,25,,,unavailable
2026-10-05 15:09,cagliari,city-center,6452802,Luggage Storage Pergolesi / San Benedetto,2026-10-05,16,weekday,10,,,unavailable
2026-10-05 15:09,cagliari,city-center,6004,Luggage Storage Market Of S. Benedetto,2026-10-05,16,weekday,100,0,100,read
2026-10-05 15:09,genoa,piazza-principe,147,Luggage Storage Genoa Principe Station,2026-10-05,16,weekday,300,0,300,read
2026-10-05 15:09,genoa,aquarium-genoa,2153,Luggage Storage Aquarium,2026-10-05,16,weekday,100,0,100,read
2026-10-05 15:09,genoa,maddalena,6455518,Luggage Storage Genoa Porto Antico,2026-10-05,16,weekday,30,0,30,read
2026-10-05 15:09,genoa,brignole,2919,Luggage Storage Brignole,2026-10-05,16,weekday,25,0,25,read
2026-10-05 15:09,genoa,piazza-corvetto-piazza-de-ferrari,4609,Luggage Storage De Ferrari,2026-10-05,16,weekday,100,0,100,read
2026-10-05 15:09,genoa,genoa-port,6451159,Luggage Storage Genoa Port,2026-10-05,16,weekday,20,0,20,read
2026-10-05 15:09,genoa,genoa-port,6451167,Luggage Storage Genoa Ferry Terminal,2026-10-05,16,weekday,30,0,30,read
2026-10-05 15:09,genoa,piazza-de-ferrari,6451439,Luggage Storage Sarzano/Sant'Agostino Metro Station,2026-10-05,16,weekday,20,0,20,read
2026-10-05 15:09,genoa,orefici,6250,Luggage Storage Orefici,2026-10-05,16,weekday,15,0,15,read
2026-10-05 15:09,genoa,brignole,6469428,Luggage Storage Genova Brignole,2026-10-05,16,weekday,20,0,20,read
2026-10-05 15:09,genoa,brignole,6461596,Luggage Storage Brignole Railway Station,2026-10-05,16,weekday,20,0,20,read
2026-10-05 15:09,genoa,brignole,6459832,Luggage Storage near Marconi / Fiera,2026-10-05,16,weekday,20,2,18,read
2026-10-05 15:09,genoa,pegli,6455688,Luggage Storage Genova Pegli,2026-10-05,16,weekday,15,0,15,read
2026-10-05 15:09,genoa,maddalena,6451178,Luggage Storage near Via Garibaldi,2026-10-05,16,weekday,20,0,20,read
2026-10-05 15:09,genoa,sampierdarena,6451166,Luggage Storage Via Paolo Reti,2026-10-05,16,weekday,100,0,100,read
2026-10-05 15:09,lucca,lucca-train-station,551,Luggage Storage near Lucca Train Station,2026-10-05,16,weekday,150,0,150,read
2026-10-05 15:09,lucca,lucca-train-station,6456956,Luggage Storage Lucca Train Station,2026-10-05,16,weekday,120,0,120,read
2026-10-05 15:09,lucca,city-center,3344,Luggage Storage Piazza Dell'anfiteatro,2026-10-05,16,weekday,25,0,25,read
2026-10-05 15:09,lucca,city-center,6455648,Luggage Storage Chiesa Di San Michele In Foro,2026-10-05,16,weekday,50,0,50,read
2026-10-05 15:09,lucca,lucca-train-station,3346,Luggage Storage Lucca Railway Station,2026-10-05,16,weekday,150,0,150,read
2026-10-05 15:09,lucca,city-center,3692,Luggage Storage Lucca Old Town,2026-10-05,16,weekday,120,,,unavailable
2026-10-05 15:09,lucca,lucca-train-station,6457066,Luggage Storage near Lucca Railway Station,2026-10-05,16,weekday,150,2,148,read
2026-10-05 15:09,lucca,city-center,3687,Luggage Storage Piazza Napoleone,2026-10-05,16,weekday,30,0,30,read
2026-10-05 15:09,lucca,lucca-train-station,6455658,Luggage Storage near Palazzo Mansi,2026-10-05,16,weekday,25,0,25,read
2026-10-05 15:09,lucca,lucca-train-station,6463131,Luggage Storage Porta San Pietro,2026-10-05,16,weekday,20,0,20,read
2026-10-05 15:09,lucca,lucca-train-station,6458740,Luggage Storage inside Lucca Station,2026-10-05,16,weekday,50,3,47,read
2026-10-05 15:09,lucca,lucca-train-station,6456553,Luggage Storage near Palazzo Ducale Di Lucca,2026-10-05,16,weekday,25,0,25,read
2026-10-05 15:09,lucca,city-center,4705,Luggage Storage Piazza San Michele,2026-10-05,16,weekday,20,0,20,read
2026-10-05 15:09,lucca,city-center,3367,Luggage Storage Porta San Gervasio,2026-10-05,16,weekday,30,0,30,read
2026-10-05 15:09,verona,porta-nuova,423,Luggage Storage Porta Nuova,2026-10-05,16,weekday,300,0,300,read
2026-10-05 15:09,verona,juliet-s-house,2752,Luggage Storage Verona Old Town,2026-10-05,16,weekday,100,4,96,read
2026-10-05 15:09,verona,juliet-s-house,719,Luggage Storage Juliet's House,2026-10-05,16,weekday,30,0,30,read
2026-10-05 15:09,verona,citta-antica,9716,Luggage Storage Porta Borsari,2026-10-05,16,weekday,50,0,50,read
2026-10-05 15:09,verona,citta-antica,7345,Luggage Storage Castelvecchio Museum,2026-10-05,16,weekday,30,0,30,read
2026-10-05 15:09,verona,citta-antica,6457605,Luggage Storage Juliet's Balcony,2026-10-05,16,weekday,35,0,35,read
2026-10-05 15:09,verona,citta-antica,9707,Luggage Storage Piazza Delle Erbe,2026-10-05,16,weekday,30,0,30,read
2026-10-05 15:09,verona,citta-antica,9668,Luggage Storage Castelvecchio,2026-10-05,16,weekday,30,1,29,read
2026-10-05 15:09,verona,cittadella,6461969,Luggage Storage Via Sciesa / Via Marconi,2026-10-05,16,weekday,30,0,30,read
2026-10-05 15:09,verona,avesa,6457679,Luggage Storage Piazza Avesa,2026-10-05,16,weekday,20,0,20,read
2026-10-05 15:09,verona,cittadella,6457597,Luggage Storage Stradone Porta Palio,2026-10-05,16,weekday,20,0,20,read
2026-10-05 15:09,verona,castelvecchio-museum,6403,Luggage Storage Via Della Casa,2026-10-05,16,weekday,40,0,40,read
2026-10-05 15:09,verona,cittadella,4955,Luggage Storage Palazzo Orti Manara,2026-10-05,16,weekday,60,0,60,read
2026-10-05 15:09,lecce,railway-station,6408,Luggage Storage Lecce Train Station,2026-10-05,16,weekday,70,4,66,read
2026-10-05 15:09,lecce,lecce-city-center,6406,Luggage Storage Gate Of Saint Blaise,2026-10-05,16,weekday,40,0,40,read
2026-10-05 15:09,lecce,lecce-city-center,875,Luggage Storage Lecce City Center,2026-10-05,16,weekday,30,,,unavailable
2026-10-05 15:09,lecce,lecce-city-center,3826,Luggage Storage Lecce Old Town,2026-10-05,16,weekday,50,,,unavailable
2026-10-05 15:09,lecce,railway-station,6459626,Luggage Storage near Lecce Railway Station,2026-10-05,16,weekday,20,0,20,read
2026-10-05 15:09,lecce,lecce-city-center,6459606,Luggage Storage near San Matteo Church,2026-10-05,16,weekday,20,0,20,read
2026-10-05 15:09,lecce,railway-station,6546,Luggage Storage Via Duca Degli Abruzzi,2026-10-05,16,weekday,10,,,unavailable
2026-10-05 15:09,lecce,lecce-city-center,6474400,Luggage Storage near Lecce Cathedral,2026-10-05,16,weekday,25,0,25,read
2026-10-05 15:09,lecce,railway-station,6473516,Luggage Storage Lecce Old Town,2026-10-05,16,weekday,20,0,20,read
2026-10-05 15:09,lecce,lecce-city-center,6473480,Luggage Storage Via G.Argento,2026-10-05,16,weekday,100,0,100,read
2026-10-05 15:09,lecce,railway-station,6459622,Luggage Storage Viale Oronzo Quarta,2026-10-05,16,weekday,20,0,20,read
2026-10-05 15:09,lecce,railway-station,6459618,Luggage Storage Lecce Railway Station,2026-10-05,16,weekday,30,0,30,read
2026-10-05 15:09,lecce,lecce-city-center,3955,Luggage Storage Lecce Castle,2026-10-05,16,weekday,10,,,unavailable
2026-10-05 15:09,siena,siena-train-station,6452060,Luggage Storage Siena Railway Station,2026-10-05,16,weekday,35,3,32,read
2026-10-05 15:09,siena,city-center,3350,Luggage Storage Piazza Del Campo,2026-10-05,16,weekday,20,0,20,read
2026-10-05 15:09,siena,city-center,6455734,Luggage Storage Siena Piazza Del Campo,2026-10-05,16,weekday,50,0,50,read
2026-10-05 15:09,siena,istrice,6455701,Luggage Storage Piazza Del Sale,2026-10-05,16,weekday,50,0,50,read
2026-10-05 15:09,siena,city-center,4746,Luggage Storage Via Bettino Ricasoli,2026-10-05,16,weekday,20,0,20,read
2026-10-05 15:09,siena,city-center,6455693,Luggage Storage Siena Old Town,2026-10-05,16,weekday,50,0,50,read
2026-10-05 15:09,siena,lupa,7266,Luggage Storage Lupa,2026-10-05,16,weekday,25,0,25,read
2026-10-05 15:09,siena,lupa,6470608,Luggage Storage near Siena Stadium,2026-10-05,16,weekday,30,0,30,read
2026-10-05 15:09,siena,istrice,6461975,Luggage Storage Via Camollia,2026-10-05,16,weekday,20,0,20,read
2026-10-05 15:09,siena,city-center,6458450,Luggage Storage Piazza del Mercato,2026-10-05,16,weekday,12,0,12,read
2026-10-05 15:09,siena,city-center,6455728,Luggage Storage Piazza Salimbeni,2026-10-05,16,weekday,30,0,30,read
2026-10-05 15:09,siena,city-center,6455699,Luggage Storage near Palazzo Salimbeni,2026-10-05,16,weekday,100,0,100,read
2026-10-05 15:09,siena,city-center,6455697,Luggage Storage near Piazza Del Campo,2026-10-05,16,weekday,25,0,25,read
2026-10-05 15:09,siena,city-center,3524,Luggage Storage Piazza Gramsci,2026-10-05,16,weekday,15,0,15,read
2026-10-05 15:09,syracuse,station,6453001,Luggage Storage Siracusa Station,2026-10-05,16,weekday,40,0,40,read
2026-10-05 15:09,syracuse,apollo-temple,6455457,Luggage Storage Syracuse Temple Of Apollo,2026-10-05,16,weekday,25,5,20,read
2026-10-05 15:09,syracuse,station,6539,Luggage Storage Syracuse Railway Station,2026-10-05,16,weekday,30,0,30,read
2026-10-05 15:09,syracuse,station,6593,Luggage Storage Syracuse Bus Station,2026-10-05,16,weekday,20,0,20,read
2026-10-05 15:09,syracuse,yacht-lub-lakkios-marina-porto-piccolo-ortigia,6453048,Luggage Storage Via Cairoli,2026-10-05,16,weekday,25,0,25,read
2026-10-05 15:09,syracuse,station,5288,Luggage Storage Syracuse Train Station,2026-10-05,16,weekday,100,0,100,read
2026-10-05 15:09,syracuse,augusta,7240,Luggage Storage Porta Spagnola,2026-10-05,16,weekday,20,0,20,read
2026-10-05 15:09,syracuse,apollo-temple,6471940,Luggage Storage Ponte Umberto I,2026-10-05,16,weekday,30,0,30,read
2026-10-05 15:09,syracuse,station,6471913,Luggage Storage Corso Umberto I,2026-10-05,16,weekday,50,0,50,read
2026-10-05 15:09,syracuse,apollo-temple,6471008,Luggage Storage Syracuse Cathedral,2026-10-05,16,weekday,25,0,25,read
2026-10-05 15:09,syracuse,arenella,6453517,Luggage Storage Siracusa Arenella,2026-10-05,16,weekday,50,0,50,read
2026-10-05 15:09,syracuse,syracuse-roman-amphitheater,6453041,Luggage Storage Tecnoparco Archimede,2026-10-05,16,weekday,25,0,25,read
2026-10-05 15:09,rimini,rimini-train-station,226,Luggage Storage Rimini Train Station,2026-10-05,16,weekday,300,0,300,read
2026-10-05 15:09,rimini,lungomare-augusto-murri,3797,Luggage Storage Rimini Beach,2026-10-05,16,weekday,15,0,15,read
2026-10-05 15:09,rimini,lungomare-augusto-murri,6713,Luggage Storage Piazza Kennedy,2026-10-05,16,weekday,25,0,25,read
2026-10-05 15:09,rimini,city-center,6472266,Luggage Storage near Fellini Museum,2026-10-05,16,weekday,10,0,10,read
2026-10-05 15:09,rimini,federico-fellini-international-airport,6460885,Luggage Storage Rimini Miramare,2026-10-05,16,weekday,20,0,20,read
2026-10-05 15:09,rimini,city-center,6454347,Luggage Storage Palacongressi Di Rimini,2026-10-05,16,weekday,10,0,10,read
2026-10-05 15:09,rimini,city-center,6453599,Luggage Storage Castel Sismondo,2026-10-05,16,weekday,10,0,10,read
2026-10-05 15:09,rimini,federico-fellini-park,6453325,Luggage Storage Parco Fellini,2026-10-05,16,weekday,25,0,25,read
2026-10-05 15:09,rimini,city-center,6453323,Luggage Storage Aleardi,2026-10-05,16,weekday,12,0,12,read
2026-10-05 15:09,rimini,rimini-train-station,6453307,Luggage Storage Viale Nazario Sauro,2026-10-05,16,weekday,10,0,10,read
2026-10-05 15:09,rimini,bellariva,6453303,Luggage Storage Viale Regina Elena,2026-10-05,16,weekday,50,0,50,read
2026-10-05 15:09,rimini,rimini-train-station,6453291,Luggage Storage Via Roma / Station,2026-10-05,16,weekday,15,0,15,read
2026-10-05 15:09,rimini,city-center,6453271,Luggage Storage Parco Alcide Cervi,2026-10-05,16,weekday,10,0,10,read
2026-10-05 15:09,rimini,rimini-train-station,6452529,Luggage Storage Corso Giovanni XXIII,2026-10-05,16,weekday,50,0,50,read
2026-10-05 15:09,sorrento,sorrento-train-station,3868,Luggage Storage Sorrento Train Station,2026-10-05,16,weekday,50,2,48,read
2026-10-05 15:09,sorrento,city-center,4681,Luggage Storage Sorrento Port,2026-10-05,16,weekday,200,0,200,read
2026-10-05 15:09,sorrento,sorrento-train-station,6452684,Luggage Storage Sorrento Railway Station,2026-10-05,16,weekday,15,2,13,read
2026-10-05 15:09,sorrento,city-center,2141,Luggage Storage Sorrento City Center,2026-10-05,16,weekday,50,0,50,read
2026-10-05 15:09,sorrento,sorrento-train-station,6579,Luggage Storage Piazza Tasso,2026-10-05,16,weekday,30,,,unavailable
2026-10-05 15:09,sorrento,city-center,6472382,Luggage Storage Via Luigi de Maio,2026-10-05,16,weekday,100,0,100,read
2026-10-05 15:09,sorrento,sant-agnello,6463278,Luggage Storage S. Agnello Train Station,2026-10-05,16,weekday,25,0,25,read
2026-10-05 15:09,sorrento,sorrento-train-station,6461804,Luggage Storage Piazza Lauro,2026-10-05,16,weekday,30,30,0,full
2026-10-05 15:09,sorrento,sant-agnello,6459956,Luggage Storage Sant'Agnello,2026-10-05,16,weekday,20,0,20,read
2026-10-05 15:09,sorrento,city-center,6459906,Luggage Storage Tasso Square,2026-10-05,16,weekday,30,4,26,read
2026-10-05 15:09,sorrento,city-center,4682,Luggage Storage Parco Di Villa Fiorentino,2026-10-05,16,weekday,200,0,200,read
2026-10-05 15:09,salerno,salerno-train-station,640,Luggage Storage Salerno Train Station,2026-10-05,16,weekday,100,5,95,read
2026-10-05 15:09,salerno,salerno-train-station,7600,Luggage Storage Salerno Railway Station,2026-10-05,16,weekday,50,0,50,read
2026-10-05 15:09,salerno,city-centre,9130,Luggage Storage Duomo Di Salerno,2026-10-05,16,weekday,25,,,unavailable
2026-10-05 15:09,salerno,salerno-train-station,9121,Luggage Storage Corso Vittorio Emanuele,2026-10-05,16,weekday,30,0,30,read
2026-10-05 15:09,salerno,salerno-train-station,6453379,Luggage Storage Medieval Aqueduct,2026-10-05,16,weekday,20,0,20,read
2026-10-05 15:09,salerno,salerno-train-station,6452764,Luggage Storage Corso Garibaldi / Salerno Station,2026-10-05,16,weekday,20,2,18,read
2026-10-05 15:09,salerno,city-centre,9129,Luggage Storage Salerno Villa Comunale,2026-10-05,16,weekday,20,0,20,read
2026-10-05 15:09,salerno,salerno-train-station,6473030,Luggage Storage near Piazza Della Concordia,2026-10-05,16,weekday,20,0,20,read
2026-10-05 15:09,salerno,city-centre,6462046,Luggage Storage Salerno City Center,2026-10-05,16,weekday,20,2,18,read
2026-10-05 15:09,salerno,city-centre,6457737,Luggage Storage near Vernieri,2026-10-05,16,weekday,20,0,20,read
2026-10-05 15:09,salerno,salerno-train-station,6451114,Luggage Storage Salerno Station Square,2026-10-05,16,weekday,30,0,30,read
2026-10-05 15:09,salerno,salerno-train-station,5391,Luggage Storage Salerno Station,2026-10-05,16,weekday,100,0,100,read
2026-10-05 15:09,alghero,pivarada,7694,Luggage Storage Pivarada,2026-10-05,16,weekday,40,,,unavailable
2026-10-05 15:09,alghero,alghero-train-station,7535,Luggage Storage Alghero Train Station,2026-10-05,16,weekday,45,0,45,read
2026-10-05 15:09,alghero,alghero-airport,6460125,Luggage Storage Alghero Airport,2026-10-05,16,weekday,30,4,26,read
2026-10-05 15:09,alghero,city-center,7862,Luggage Storage Parco Tarragona,2026-10-05,16,weekday,30,0,30,read
2026-10-05 15:09,alghero,alghero-port,6460118,Luggage Storage Port / Via Garibaldi,2026-10-05,16,weekday,20,0,20,read
2026-10-05 15:09,alghero,pivarada,6458818,Luggage Storage Via Garibaldi / Port,2026-10-05,16,weekday,30,0,30,read
2026-10-05 15:09,alghero,alghero-old-town,6455736,Luggage Storage Alghero Mercede,2026-10-05,16,weekday,20,0,20,read
2026-10-05 15:09,la-spezia,la-spezia-centrale,1138,Luggage Storage La Spezia Centrale,2026-10-05,16,weekday,45,0,45,read
2026-10-05 15:09,la-spezia,la-spezia-centrale,6454717,Luggage Storage Viale Garibaldi,2026-10-05,16,weekday,100,0,100,read
2026-10-05 15:09,la-spezia,la-spezia-centrale,6816,Luggage Storage Via Del Prione,2026-10-05,16,weekday,40,,,unavailable
2026-10-05 15:09,la-spezia,la-spezia-centrale,7796,Luggage Storage La Spezia Train Station,2026-10-05,16,weekday,40,8,32,read
2026-10-05 15:09,la-spezia,parco-dei-pesci,2790,Luggage Storage La Spezia Bus Station,2026-10-05,16,weekday,50,0,50,read
2026-10-05 15:09,la-spezia,la-spezia-centrale,6459753,Luggage Storage La Spezia Centrale FS,2026-10-05,16,weekday,20,0,20,read
2026-10-05 15:09,la-spezia,la-spezia-centrale,1370,Luggage Storage Ferry Terminal,2026-10-05,16,weekday,30,0,30,read
2026-10-05 15:09,la-spezia,la-spezia-centrale,6459699,Luggage Storage La Spezia Station,2026-10-05,16,weekday,60,0,60,read
2026-10-05 15:09,la-spezia,la-spezia-centrale,6473536,Luggage Storage La Spezia Central Station,2026-10-05,16,weekday,50,0,50,read
2026-10-05 15:09,la-spezia,la-spezia-centrale,6461904,Luggage Storage La Spezia Old Town,2026-10-05,16,weekday,20,0,20,read
2026-10-05 15:09,la-spezia,la-spezia-centrale,6459737,Luggage Storage La Spezia Giardini Pubblici,2026-10-05,16,weekday,35,0,35,read
2026-10-05 15:09,la-spezia,migliarina,6456215,Luggage Storage near Viale Italia,2026-10-05,16,weekday,50,0,50,read
2026-10-05 15:09,mestre,mestre-train-station,5326,Luggage Storage Mestre Train Station,2026-10-05,16,weekday,100,5,95,read
2026-10-05 15:09,mestre,city-center,119,Luggage Storage Via Palazzo,2026-10-05,16,weekday,300,0,300,read
2026-10-05 15:09,mestre,city-center,6451464,Luggage Storage Museo M9 Mestre,2026-10-05,16,weekday,30,0,30,read
2026-10-05 15:09,mestre,mestre-train-station,4935,Luggage Storage Venezia Mestre Station,2026-10-05,16,weekday,25,0,25,read
2026-10-05 15:09,mestre,mestre-train-station,6452335,Luggage Storage near Corso Del Popolo,2026-10-05,16,weekday,10,0,10,read
2026-10-05 15:09,mestre,mestre-train-station,7707,Luggage Storage Mestre Railway Station,2026-10-05,16,weekday,25,0,25,read
2026-10-05 15:09,mestre,mestre-train-station,6458351,Luggage Storage Piave / Mestre Railway Station,2026-10-05,16,weekday,20,0,20,read
2026-10-05 15:09,mestre,city-center,6452163,Luggage Storage Via Cappuccina,2026-10-05,16,weekday,25,0,25,read
2026-10-05 15:09,mestre,mestre-train-station,6452152,Luggage Storage Mestre Via Piave,2026-10-05,16,weekday,20,0,20,read
2026-10-05 15:09,perugia,central-station,6460204,Luggage Storage Perugia Station 24H,2026-10-05,16,weekday,20,2,18,read
2026-10-05 15:09,perugia,central-station,1819,Luggage Storage Perugia Railway Station,2026-10-05,16,weekday,30,2,28,read
2026-10-05 15:09,perugia,piazza-della-repubblica,6060,Luggage Storage Rocca Paolina,2026-10-05,16,weekday,20,0,20,read
2026-10-05 15:09,perugia,central-station,2425,Luggage Storage Perugia Train Station,2026-10-05,16,weekday,30,2,28,read
2026-10-05 15:09,perugia,bus-station,7238,Luggage Storage Perugia Bus Station,2026-10-05,16,weekday,25,2,23,read
2026-10-05 15:09,perugia,central-station,7239,Luggage Storage Piazza Italia,2026-10-05,16,weekday,25,,,unavailable
2026-10-05 15:09,perugia,elce,5982,Luggage Storage near Giuditta Brozzetti Museum,2026-10-05,16,weekday,10,0,10,read
2026-10-05 15:09,perugia,elce,5980,Luggage Storage Via D'andreotto,2026-10-05,16,weekday,20,0,20,read
2026-10-05 15:09,perugia,piazza-della-repubblica,5043,Luggage Storage Parco Di Sant'anna,2026-10-05,16,weekday,10,0,10,read
2026-10-05 15:09,pescara,pescara-centrale-train-station,6461104,Luggage Storage Pescara Train Station,2026-10-05,16,weekday,35,3,32,read
2026-10-05 15:09,pescara,pescara-centrale-train-station,5992,Luggage Storage Clap Museum,2026-10-05,16,weekday,30,,,unavailable
2026-10-05 15:09,pescara,pescara-centrale-train-station,6455983,Luggage Storage near Pescara Centrale,2026-10-05,16,weekday,10,0,10,read
2026-10-05 15:09,pescara,pescara-centrale-train-station,6452446,Luggage Storage near Pescara Centrale Railway Station,2026-10-05,16,weekday,10,,,unavailable
2026-10-05 15:09,pescara,pescara-centrale-train-station,6455989,Luggage Storage Via Mazzini,2026-10-05,16,weekday,10,0,10,read
2026-10-05 15:09,pescara,pescara-centrale-train-station,6470765,Luggage Storage near Museo Ittico,2026-10-05,16,weekday,30,0,30,read
2026-10-05 15:09,pescara,pescara-centrale-train-station,6461064,Luggage Storage Pescara Terminal Bus,2026-10-05,16,weekday,20,0,20,read
2026-10-05 15:09,pescara,pescara-centrale-train-station,6461061,Luggage Storage Piazza Santa Caterina Da Siena,2026-10-05,16,weekday,20,0,20,read
2026-10-05 15:09,pescara,pescara-centrale-train-station,5989,Luggage Storage Adriatico Stadium,2026-10-05,16,weekday,50,0,50,read
2026-10-05 15:09,pescara,pescara-centrale-train-station,5973,Luggage Storage Public Beach,2026-10-05,16,weekday,40,0,40,read
2026-10-05 15:09,trapani,trapani-port,3363,Luggage Storage Trapani Ferry Terminal,2026-10-05,16,weekday,50,0,50,read
2026-10-05 15:09,trapani,trapani-port,227,Luggage Storage Trapani Port,2026-10-05,16,weekday,300,0,300,read
2026-10-05 15:09,trapani,trapani-port,4557,Luggage Storage Corso Italia,2026-10-05,16,weekday,50,0,50,read
2026-10-05 15:09,trapani,trapani-port,8352,Luggage Storage Trapani Railway Station,2026-10-05,16,weekday,100,0,100,read
2026-10-05 15:09,trapani,trapani-train-station,6515,Luggage Storage Trapani Square Station,2026-10-05,16,weekday,30,0,30,read
2026-10-05 15:09,trapani,train-station,6526,Luggage Storage Museum Of Illusions,2026-10-05,16,weekday,10,,,unavailable
2026-10-05 15:09,trapani,city-center,6522,Luggage Storage Via Marconi,2026-10-05,16,weekday,100,0,100,read
2026-10-05 15:09,trapani,train-station,6458886,Luggage Storage Via Fardella,2026-10-05,16,weekday,20,,,unavailable
2026-10-05 15:09,trapani,city-center,6310,Luggage Storage Funivia Erice,2026-10-05,16,weekday,25,0,25,read
2026-10-05 15:09,trapani,city-center,6280,Luggage Storage near Regional Museum,2026-10-05,16,weekday,100,0,100,read
2026-10-05 15:09,bergamo,bergamo-train-station,6000,Luggage Storage Bergamo Train Station,2026-10-05,16,weekday,45,9,36,read
2026-10-05 15:09,bergamo,citta-alta,7342,Luggage Storage Piazza Vecchia Bergamo Alta,2026-10-05,16,weekday,35,4,31,read
2026-10-05 15:09,bergamo,bergamo-train-station,6460152,Luggage Storage Bergamo Bus Station,2026-10-05,16,weekday,45,0,45,read
2026-10-05 15:09,bergamo,bergamo-train-station,6457968,Luggage Storage Bergamo Bus Station,2026-10-05,16,weekday,30,2,28,read
2026-10-05 15:09,bergamo,citta-alta,6965,Luggage Storage Bergamo Cathedral,2026-10-05,16,weekday,40,0,40,read
2026-10-05 15:09,bergamo,bergamo-train-station,6460154,Luggage Storage Paglia / Bergamo Station,2026-10-05,16,weekday,35,0,35,read
2026-10-05 15:09,bergamo,borgo-palazzo,6457978,Luggage Storage near Bergamo Bus Terminal,2026-10-05,16,weekday,20,0,20,read
2026-10-05 15:09,monopoli,city-center,6451706,Luggage Storage Monopoli City Center,2026-10-05,16,weekday,35,0,35,read
2026-10-05 15:09,monopoli,castello-carlo-v,6910,Luggage Storage Monopoli Porto Antico,2026-10-05,16,weekday,25,,,unavailable
2026-10-05 15:09,monopoli,city-center,6458657,Luggage Storage near Stazione FS di Monopoli,2026-10-05,16,weekday,20,0,20,read
2026-10-05 15:09,monopoli,city-center,6451705,Luggage Storage Monopoli Railway Station,2026-10-05,16,weekday,40,0,40,read
2026-10-05 15:09,monopoli,city-center,6912,Luggage Storage Via S. Anna,2026-10-05,16,weekday,20,,,unavailable
2026-10-05 15:09,monopoli,city-center,6456194,Luggage Storage Monopoli Railway Station,2026-10-05,16,weekday,40,4,36,read
2026-10-05 15:09,monopoli,city-center,6458662,Luggage Storage Porto Bianco,2026-10-05,16,weekday,20,0,20,read
2026-10-05 15:09,monopoli,city-center,6458612,Luggage Storage Cala Porta Vecchia,2026-10-05,16,weekday,30,0,30,read
2026-10-05 15:09,pompei,train-station,7143,Luggage Storage Pompei Scavi Villa Dei Misteri Station,2026-10-05,16,weekday,50,4,46,read
2026-10-05 15:09,pompei,train-station,3882,Luggage Storage Pompei Train Station,2026-10-05,16,weekday,100,4,96,read
2026-10-05 15:09,pompei,train-station,6474461,Luggage Storage Pompei Scavi Station,2026-10-05,16,weekday,20,0,20,read
2026-10-05 15:09,pompei,train-station,6470819,Luggage Storage Pompei Station,2026-10-05,16,weekday,100,0,100,read
2026-10-05 15:09,pompei,city-center,6452263,Luggage Storage near Pompei Santuario Station,2026-10-05,16,weekday,50,0,50,read
2026-10-05 15:09,pompei,city-center,6452047,Luggage Storage Stadio Bellucci,2026-10-05,16,weekday,20,0,20,read
2026-10-05 15:09,pompei,train-station,6451972,Luggage Storage Via Lepanto,2026-10-05,16,weekday,40,0,40,read
2026-10-05 15:09,reggio-calabria,center,5927,Luggage Storage Duomo Square,2026-10-05,16,weekday,50,2,48,read
2026-10-05 15:09,reggio-calabria,center,8936,Luggage Storage Pellaro Via Augusta,2026-10-05,16,weekday,100,0,100,read
2026-10-05 15:09,reggio-calabria,center,5957,Luggage Storage Museo Nazionale Bergamotto,2026-10-05,16,weekday,20,0,20,read
2026-10-05 15:09,reggio-calabria,catona,5951,Luggage Storage Reggio Di Calabria Catona,2026-10-05,16,weekday,100,0,100,read
2026-10-05 15:09,reggio-calabria,central-station,5950,Luggage Storage S. Caterina Station,2026-10-05,16,weekday,50,0,50,read
2026-10-05 15:09,reggio-calabria,villa-san-giovanni,5948,Luggage Storage Villa San Giovanni Station,2026-10-05,16,weekday,50,0,50,read
2026-10-05 15:09,reggio-calabria,center,5947,Luggage Storage Via De Nava,2026-10-05,16,weekday,200,0,200,read
2026-10-05 15:09,reggio-calabria,villa-san-giovanni,5938,Luggage Storage Via Marconi,2026-10-05,16,weekday,60,0,60,read
2026-10-05 15:09,bolzano,bolzano-train-station,8088,Luggage Storage Bolzano Train Station,2026-10-05,16,weekday,60,7,53,read
2026-10-05 15:09,bolzano,waltherplatz,8090,Luggage Storage Bolzano Cathedral,2026-10-05,16,weekday,30,0,30,read
2026-10-05 15:09,bolzano,bolzano-train-station,6458005,Luggage Storage near South Tyrol Museum of Archaeology,2026-10-05,16,weekday,20,0,20,read
2026-10-05 15:09,bolzano,bolzano-train-station,6457943,Luggage Storage near Waltherplatz,2026-10-05,16,weekday,20,0,20,read
2026-10-05 15:09,bolzano,bolzano-train-station,6463173,Luggage Storage Bolzano Piazza Duomo,2026-10-05,16,weekday,50,1,49,read
2026-10-05 15:09,bolzano,palazzo-mercantile,8134,Luggage Storage Druso Stadium,2026-10-05,16,weekday,20,0,20,read
2026-10-05 15:09,bolzano,city-center,8125,Luggage Storage Corso Italia,2026-10-05,16,weekday,30,0,30,read
2026-10-05 15:09,brindisi,corso-garibaldi,877,Luggage Storage Corso Garibaldi,2026-10-05,16,weekday,45,,,unavailable
2026-10-05 15:09,brindisi,city-centre,6458028,Luggage Storage Brindisi City Center,2026-10-05,16,weekday,30,0,30,read
2026-10-05 15:09,brindisi,central-station,6473492,Luggage Storage Piazza Cairoli / Brindisi Station,2026-10-05,16,weekday,200,0,200,read
2026-10-05 15:09,brindisi,central-station,6473179,Luggage Storage Brindisi Train Station,2026-10-05,16,weekday,70,3,67,read
2026-10-05 15:09,brindisi,central-station,6471163,Luggage Storage near Brindisi Station,2026-10-05,16,weekday,50,,,unavailable
2026-10-05 15:09,brindisi,central-station,6460046,Luggage Storage Via Alfredo Cappellini / Brindisi Station,2026-10-05,16,weekday,100,,,unavailable
2026-10-05 15:09,brindisi,central-station,6459667,Luggage Storage Brindisi Railway Station,2026-10-05,16,weekday,35,,,unavailable
2026-10-05 15:09,ferrara,city-center,873,Luggage Storage Ferrara City Center,2026-10-05,16,weekday,15,0,15,read
2026-10-05 15:09,ferrara,railway-station,7252,Luggage Storage Ferrara Railway Station,2026-10-05,16,weekday,50,0,50,read
2026-10-05 15:09,ferrara,city-center,6451982,Luggage Storage Viale Cavour / Ferrara Castle,2026-10-05,16,weekday,50,0,50,read
2026-10-05 15:09,ferrara,railway-station,6452547,Luggage Storage Ferrara Train Station,2026-10-05,16,weekday,40,0,40,read
2026-10-05 15:09,ferrara,railway-station,6469743,Luggage Storage Ferrara Station,2026-10-05,16,weekday,50,0,50,read
2026-10-05 15:09,ferrara,railway-station,7269,Luggage Storage near Ferrara Train Station,2026-10-05,16,weekday,30,0,30,read
2026-10-05 15:09,ferrara,city-center,7260,Luggage Storage Cathedral Of Ferrara,2026-10-05,16,weekday,25,0,25,read
2026-10-05 15:09,ferrara,railway-station,6469734,Luggage Storage near Ferrara Station,2026-10-05,16,weekday,100,0,100,read
2026-10-05 15:09,ferrara,railway-station,6469608,Luggage Storage Via Porta Catena,2026-10-05,16,weekday,50,0,50,read
2026-10-05 15:09,trento,main-station,3884,Luggage Storage Trento Railway Station,2026-10-05,16,weekday,40,0,40,read
2026-10-05 15:09,trento,main-station,9976,Luggage Storage Torre Vanga,2026-10-05,16,weekday,35,0,35,read
2026-10-05 15:09,trento,main-station,9983,Luggage Storage Piazza Del Duomo Di Trento,2026-10-05,16,weekday,30,0,30,read
2026-10-05 15:09,trento,main-station,8028,Luggage Storage Buonconsiglio Castle Museum,2026-10-05,16,weekday,25,0,25,read
2026-10-05 15:09,trento,city-center,8012,Luggage Storage Piazza Cesare Battisti,2026-10-05,16,weekday,40,0,40,read
2026-10-05 15:09,trento,main-station,6461329,Luggage Storage Trento Train Station,2026-10-05,16,weekday,25,0,25,read
2026-10-05 15:09,trento,main-station,6456083,Luggage Storage Centa Brennero,2026-10-05,16,weekday,50,0,50,read
2026-10-05 15:09,trento,main-station,10017,Luggage Storage San Giuseppe Church,2026-10-05,16,weekday,10,0,10,read
2026-10-05 15:09,matera,city-center,6455071,Luggage Storage near Matera Centrale,2026-10-05,16,weekday,25,2,23,read
2026-10-05 15:09,matera,city-center,4314,Luggage Storage Matera Via Nazionale,2026-10-05,16,weekday,50,0,50,read
2026-10-05 15:09,matera,city-center,6451088,Luggage Storage Matera Belvedere Piazza Giovanni Pascoli,2026-10-05,16,weekday,30,0,30,read
2026-10-05 15:09,matera,city-center,6451089,Luggage Storage Palombaro Lungo / XX Settembre,2026-10-05,16,weekday,15,0,15,read
2026-10-05 15:09,matera,city-center,6451092,Luggage Storage Piazzetta Pascoli,2026-10-05,16,weekday,20,0,20,read
2026-10-05 15:09,matera,via-dei-messapi,6814,Luggage Storage Via Dei Messapi,2026-10-05,16,weekday,60,0,60,read
2026-10-05 15:09,matera,city-center,6453158,Luggage Storage near Stadio XXI Settembre,2026-10-05,16,weekday,20,0,20,read
2026-10-05 15:09,matera,city-center,6451075,Luggage Storage Via Annunziatella,2026-10-05,16,weekday,10,,,unavailable
2026-10-05 15:09,messina,messina-centrale,9018,Luggage Storage Messina Train Station,2026-10-05,16,weekday,30,2,28,read
2026-10-05 15:09,messina,messina-centrale,6497,Luggage Storage Messina Centrale,2026-10-05,16,weekday,25,0,25,read
2026-10-05 15:09,messina,borgo-del-ringo,6508,Luggage Storage Piazza Castronovo,2026-10-05,16,weekday,30,0,30,read
2026-10-05 15:09,messina,messina-centrale,6504,Luggage Storage Church Of Saint Mary Of The Carmel,2026-10-05,16,weekday,15,0,15,read
2026-10-05 15:09,messina,messina-centrale,6471041,Luggage Storage Via Cannizzaro,2026-10-05,16,weekday,10,0,10,read
2026-10-05 15:09,messina,messina-centrale,6471038,Luggage Storage Messina Cathedral,2026-10-05,16,weekday,10,,,unavailable
2026-10-05 15:09,messina,messina-centrale,6471037,Luggage Storage Villa Mazzini,2026-10-05,16,weekday,20,0,20,read
2026-10-05 15:09,messina,messina-centrale,6471036,Luggage Storage Muricello,2026-10-05,16,weekday,100,0,100,read
2026-10-05 15:09,modena,central-station,6400,Luggage Storage Modena Station,2026-10-05,16,weekday,40,,,unavailable
2026-10-05 15:09,modena,central-station,7720,Luggage Storage Teatro Michelangelo,2026-10-05,16,weekday,10,0,10,read
2026-10-05 15:09,modena,central-station,7712,Luggage Storage Modena Piazza Manzoni Station,2026-10-05,16,weekday,15,0,15,read
2026-10-05 15:09,modena,central-station,6459423,Luggage Storage near Palazzina Dei Giardini,2026-10-05,16,weekday,30,0,30,read
2026-10-05 15:09,modena,city-centre,6458405,Luggage Storage near Ducal Palace of Modena,2026-10-05,16,weekday,20,0,20,read
2026-10-05 15:09,modena,central-station,6458403,Luggage Storage Modena Railway Station,2026-10-05,16,weekday,45,2,43,read
2026-10-05 15:09,modena,central-station,6389,Luggage Storage Giardino Ducale Estense,2026-10-05,16,weekday,25,0,25,read
2026-10-05 15:09,modena,city-centre,6379,Luggage Storage Galleria Estense,2026-10-05,16,weekday,25,0,25,read
2026-10-05 15:09,agrigento,agrigento-train-staion,783,Luggage Storage Agrigento Train Station,2026-10-05,16,weekday,30,,,unavailable
2026-10-05 15:09,agrigento,city-center,7148,Luggage Storage Agrigento Old Town,2026-10-05,16,weekday,50,0,50,read
2026-10-05 15:09,agrigento,city-center,7126,Luggage Storage Agrigento Bus Station,2026-10-05,16,weekday,20,0,20,read
2026-10-05 15:09,agrigento,agrigento-train-staion,6472980,Luggage Storage Agrigento Station 24/7,2026-10-05,16,weekday,50,0,50,read
2026-10-05 15:09,agrigento,agrigento-train-staion,6452753,Luggage Storage Agrigento Railway Station,2026-10-05,16,weekday,20,,,unavailable
2026-10-05 15:09,agrigento,city-center,6452613,Luggage Storage Scalinata Degli Artisti,2026-10-05,16,weekday,50,0,50,read
2026-10-05 15:09,aosta,train-station,3895,Luggage Storage Transit Station Aosta,2026-10-05,16,weekday,65,0,65,read
2026-10-05 15:09,aosta,train-station,3864,Luggage Storage Aosta Train Station,2026-10-05,16,weekday,10,0,10,read
2026-10-05 15:09,aosta,city-center,6451191,Luggage Storage Aosta Railway Station,2026-10-05,16,weekday,100,0,100,read
2026-10-05 15:09,aosta,city-center,6451955,Luggage Storage Leper'S Tower,2026-10-05,16,weekday,20,0,20,read
2026-10-05 15:09,aosta,train-station,6451201,Luggage Storage Aosta Cathedral,2026-10-05,16,weekday,10,0,10,read
2026-10-05 15:09,brescia,train-station,7597,Luggage Storage Brescia Station,2026-10-05,16,weekday,20,0,20,read
2026-10-05 15:09,brescia,train-station,6036,Luggage Storage Vittoria Metro Station,2026-10-05,16,weekday,10,0,10,read
2026-10-05 15:09,brescia,train-station,6469491,Luggage Storage Piazza della Vittoria,2026-10-05,16,weekday,20,0,20,read
2026-10-05 15:09,brescia,old-town,6049,Luggage Storage Brescia Old Cathedral,2026-10-05,16,weekday,15,0,15,read
2026-10-05 15:09,brescia,train-station,6030,Luggage Storage Torri Gemelle Park,2026-10-05,16,weekday,20,0,20,read
2026-10-05 15:09,como,city-center,1779,Luggage Storage Como City Center,2026-10-05,16,weekday,40,0,40,read
2026-10-05 15:09,como,city-center,7095,Luggage Storage Como Lago Station,2026-10-05,16,weekday,35,0,35,read
2026-10-05 15:09,como,city-center,6459749,Luggage Storage Duomo Di Como,2026-10-05,16,weekday,40,0,40,read
2026-10-05 15:09,como,como-lago-train-station,6459994,Luggage Storage Como Lago Train Station,2026-10-05,16,weekday,30,0,30,read
2026-10-05 15:09,como,city-center,7964,Luggage Storage near Como Borghi Railway Station,2026-10-05,16,weekday,40,0,40,read
2026-10-05 15:09,como,city-center,6473954,Luggage Storage near Como S. Giovanni Stn.,2026-10-05,16,weekday,10,0,10,read
2026-10-05 15:09,como,city-center,6473498,Luggage Storage Como S. Giovanni Station,2026-10-05,16,weekday,35,3,32,read
2026-10-05 15:09,monza,downtown,6200,Luggage Storage Monza City Center,2026-10-05,16,weekday,230,0,230,read
2026-10-05 15:09,monza,monza-train-station,6462144,Luggage Storage near Monza Station,2026-10-05,16,weekday,25,0,25,read
2026-10-05 15:09,monza,monza-train-station,6462159,Luggage Storage Via Cavour,2026-10-05,16,weekday,120,0,120,read
2026-10-05 15:09,monza,monza-train-station,6462143,Luggage Storage Monza Railway Station,2026-10-05,16,weekday,20,0,20,read
2026-10-05 15:09,parma,station,6460158,Luggage Storage Parma Railway Station,2026-10-05,16,weekday,20,0,20,read
2026-10-05 15:09,parma,station,6461734,Luggage Storage Parma Train Station,2026-10-05,16,weekday,20,0,20,read
2026-10-05 15:09,parma,city-center,6473550,Luggage Storage Arch of San Lazzaro,2026-10-05,16,weekday,10,0,10,read
2026-10-05 15:09,parma,station,6469974,Luggage Storage Parma Station,2026-10-05,16,weekday,20,0,20,read
2026-10-05 15:09,parma,station,6469925,Luggage Storage near Parma Station,2026-10-05,16,weekday,15,0,15,read
2026-10-05 15:09,parma,city-center,6462255,Luggage Storage near Governor's Palace,2026-10-05,16,weekday,20,0,20,read
2026-10-05 15:09,parma,city-center,6461414,Luggage Storage near Palazzo Marchi,2026-10-05,16,weekday,15,0,15,read
2026-10-05 15:09,polignano-a-mare,city-center,4856,Luggage Storage Polignano A Mare Station,2026-10-05,16,weekday,50,0,50,read
2026-10-05 15:09,polignano-a-mare,city-center,3509,Luggage Storage Lungomare Grotta Ardito,2026-10-05,16,weekday,15,0,15,read
2026-10-05 15:09,polignano-a-mare,central-station,6918,Luggage Storage Piazza Aldo Moro,2026-10-05,16,weekday,50,,,unavailable
2026-10-05 15:09,polignano-a-mare,city-center,6315,Luggage Storage Pinocchio Park,2026-10-05,16,weekday,20,,,unavailable
2026-10-05 15:09,polignano-a-mare,central-station,7442,Luggage Storage Lama Monachile,2026-10-05,16,weekday,40,0,40,read
2026-10-05 15:09,polignano-a-mare,central-station,6458257,Luggage Storage Polignano A Mare Railway Station,2026-10-05,16,weekday,20,1,19,read
2026-10-05 15:09,polignano-a-mare,city-center,6455631,Luggage Storage San Vito Beach,2026-10-05,16,weekday,10,10,0,full
2026-10-05 15:09,ravenna,main-station,1538,Luggage Storage Ravenna Train Station,2026-10-05,16,weekday,40,1,39,read
2026-10-05 15:09,ravenna,dante-tomb,6461643,Luggage Storage near Dante's Tomb,2026-10-05,16,weekday,20,0,20,read
2026-10-05 15:09,ravenna,main-station,6453551,Luggage Storage Ravenna Station,2026-10-05,16,weekday,30,1,29,read
2026-10-05 15:09,ravenna,main-station,6461889,Luggage Storage near Ravenna Station,2026-10-05,16,weekday,20,3,17,read
2026-10-05 15:09,ravenna,main-station,6461479,Luggage Storage Ravenna Railway Station,2026-10-05,16,weekday,20,0,20,read
2026-10-05 15:09,ravenna,main-station,6453186,Luggage Storage Via Molinetto,2026-10-05,16,weekday,20,0,20,read
2026-10-05 15:09,savona,train-station,7722,Luggage Storage Savona Railway Station,2026-10-05,16,weekday,20,0,20,read
2026-10-05 15:09,savona,public-beach-lo-scaletto-dei-pescatori,6456768,Luggage Storage Lo Scaletto Dei Pescatori Beach,2026-10-05,16,weekday,20,0,20,read
2026-10-05 15:09,savona,savona-city-center,6461566,Luggage Storage Via XX Settembre,2026-10-05,16,weekday,20,0,20,read
2026-10-05 15:09,savona,savona-port,8043,Luggage Storage Priamar Fortress,2026-10-05,16,weekday,20,0,20,read
2026-10-05 15:09,savona,priamar-fortress,7730,Luggage Storage Savona Piazza Del Popolo,2026-10-05,16,weekday,50,0,50,read
2026-10-05 15:09,savona,savona-city-center,6470488,Luggage Storage Via Collodi,2026-10-05,16,weekday,10,,,unavailable
2026-10-05 15:09,trieste,trieste-train-station,6451513,Luggage Storage Canal Grande,2026-10-05,16,weekday,50,2,48,read
2026-10-05 15:09,trieste,trieste-train-station,9042,Luggage Storage Trieste Railway Station,2026-10-05,16,weekday,10,2,8,read
2026-10-05 15:09,trieste,trieste-train-station,6451346,Luggage Storage Trieste Centrale,2026-10-05,16,weekday,30,7,23,read
2026-10-05 15:09,trieste,trieste-train-station,6451611,Luggage Storage Arco Di Riccardo,2026-10-05,16,weekday,60,0,60,read
2026-10-05 15:09,trieste,trieste-train-station,4952,Luggage Storage Canal Grande Di Trieste,2026-10-05,16,weekday,40,5,35,read
2026-10-05 15:09,ancona,ancona-train-station,458,Luggage Storage Ancona Train Station,2026-10-05,16,weekday,100,2,98,read
2026-10-05 15:09,ancona,ancona-train-station,6417,Luggage Storage Via Martiri Della Resistenza,2026-10-05,16,weekday,50,0,50,read
2026-10-05 15:09,ancona,ancona-train-station,3893,Luggage Storage Ancona Railway Station,2026-10-05,16,weekday,100,,,unavailable
2026-10-05 15:09,ancona,ancona-train-station,5993,Luggage Storage Ugo Bassi Square,2026-10-05,16,weekday,15,0,15,read
2026-10-05 15:09,ancona,ancona-train-station,5983,Luggage Storage Cristo Divino Church,2026-10-05,16,weekday,15,0,15,read
2026-10-05 15:09,arezzo,city-center,9266,Luggage Storage Arezzo Railway Station,2026-10-05,16,weekday,50,0,50,read
2026-10-05 15:09,arezzo,city-center,9279,Luggage Storage Piazza Grande,2026-10-05,16,weekday,15,0,15,read
2026-10-05 15:09,arezzo,city-center,9278,Luggage Storage Porta Sant'Andrea,2026-10-05,16,weekday,30,0,30,read
2026-10-05 15:09,arezzo,arezzo-train-station,6451175,Luggage Storage Campo Di Marte / Arezzo Station,2026-10-05,16,weekday,25,0,25,read
2026-10-05 15:09,arezzo,city-center,9270,Luggage Storage Via Petrarca,2026-10-05,16,weekday,50,0,50,read
2026-10-05 15:09,arezzo,arezzo-train-station,6456122,Luggage Storage near Arezzo Station,2026-10-05,16,weekday,15,0,15,read
2026-10-05 15:09,caserta,royal-palace,2497,Luggage Storage Royal Palace,2026-10-05,16,weekday,50,,,unavailable
2026-10-05 15:09,caserta,city-center,6470092,Luggage Storage Caserta Railway Station,2026-10-05,16,weekday,10,0,10,read
2026-10-05 15:09,caserta,city-center,6470091,Luggage Storage Caserta Train Station,2026-10-05,16,weekday,100,0,100,read
2026-10-05 15:09,caserta,city-center,6470098,Luggage Storage near Caserta Bus Station,2026-10-05,16,weekday,20,0,20,read
2026-10-05 15:09,caserta,city-center,6470164,Luggage Storage Caserta Bus Station,2026-10-05,16,weekday,30,0,30,read
2026-10-05 15:09,caserta,city-center,6452180,Luggage Storage near Viale Beneduce,2026-10-05,16,weekday,20,0,20,read
2026-10-05 15:09,civitavecchia,railway-station,7383,Luggage Storage Civitavecchia Railway Station,2026-10-05,16,weekday,40,0,40,read
2026-10-05 15:09,civitavecchia,port,7384,Luggage Storage Civitavecchia Port Bus Charter,2026-10-05,16,weekday,30,0,30,read
2026-10-05 15:09,civitavecchia,civitavecchia-1,6451190,Luggage Storage Mercato Di Civitavecchia,2026-10-05,16,weekday,20,0,20,read
2026-10-05 15:09,civitavecchia,railway-station,6474441,Luggage Storage Piazza Vittorio Emanuele,2026-10-05,16,weekday,10,0,10,read
2026-10-05 15:09,civitavecchia,railway-station,6470146,Luggage Storage near Civitavecchia Station,2026-10-05,16,weekday,15,0,15,read
2026-10-05 15:09,gallipoli,gallipoli-station,6714,Luggage Storage Gallipoli Train Station,2026-10-05,16,weekday,30,0,30,read
2026-10-05 15:09,gallipoli,gallipoli-station,6525,Luggage Storage Gallipoli Port,2026-10-05,16,weekday,20,0,20,read
2026-10-05 15:09,gallipoli,gallipoli-station,6458940,Luggage Storage Corso Roma,2026-10-05,16,weekday,20,0,20,read
2026-10-05 15:09,gallipoli,gallipoli-station,6458939,Luggage Storage Lungomare Galileo Galilei,2026-10-05,16,weekday,20,0,20,read
2026-10-05 15:09,gallipoli,baia-verde,6458822,Luggage Storage Baia Verde,2026-10-05,16,weekday,35,0,35,read
2026-10-05 15:09,livorno,livorno-train-station,9547,Luggage Storage Livorno Centrale,2026-10-05,16,weekday,25,2,23,read
2026-10-05 15:09,livorno,livorno-train-station,3301,Luggage Storage Livorno Train Station,2026-10-05,16,weekday,20,1,19,read
2026-10-05 15:09,livorno,city-center,6451865,Luggage Storage Cisternone,2026-10-05,16,weekday,50,0,50,read
2026-10-05 15:09,livorno,city-center,6451828,Luggage Storage Piazza Mazzini,2026-10-05,16,weekday,20,0,20,read
2026-10-05 15:09,livorno,livorno-train-station,6469841,Luggage Storage Livorno Cathedral,2026-10-05,16,weekday,50,,,unavailable
2026-10-05 15:09,livorno,city-center,6451829,Luggage Storage Birthplace Amedeo Modigliani,2026-10-05,16,weekday,30,0,30,read
2026-10-05 15:09,padua,main-station,7276,Luggage Storage Padua Train Station,2026-10-05,16,weekday,50,0,50,read
2026-10-05 15:09,padua,city-center,2488,Luggage Storage Scrovegni Chapel,2026-10-05,16,weekday,25,0,25,read
2026-10-05 15:09,padua,main-station,6467981,Luggage Storage Padova Railway Station,2026-10-05,16,weekday,50,1,49,read
2026-10-05 15:09,padua,main-station,7281,Luggage Storage Via Sarpi,2026-10-05,16,weekday,60,0,60,read
2026-10-05 15:09,padua,city-center,3907,Luggage Storage Basilica Of Saint Anthony,2026-10-05,16,weekday,50,0,50,read
2026-10-05 15:09,padua,city-center,6467957,Luggage Storage near Prato Della Valle,2026-10-05,16,weekday,50,0,50,read
2026-10-05 15:09,ragusa,ragusa-train-station,6452897,Luggage Storage Ragusa Train Station,2026-10-05,16,weekday,25,0,25,read
2026-10-05 15:09,ragusa,city-center,6452985,Luggage Storage near Ragusa Bus Terminal,2026-10-05,16,weekday,40,0,40,read
2026-10-05 15:09,ragusa,duomo-di-san-giorgio,6470857,Luggage Storage Chiesa di San Giuseppe,2026-10-05,16,weekday,10,0,10,read
2026-10-05 15:09,ragusa,city-center,6452978,Luggage Storage near Ragusa Cathedral,2026-10-05,16,weekday,10,0,10,read
2026-10-05 15:09,ragusa,city-center,6452840,Luggage Storage Duomo Di Ragusa,2026-10-05,16,weekday,10,0,10,read
2026-10-05 15:09,bressanone-brixen,train-station,9925,Luggage Storage Bressanone Railway Station,2026-10-05,16,weekday,30,1,29,read
2026-10-05 15:09,bressanone-brixen,bressanone-brixen-train-station,6461279,Luggage Storage near Bressanone Station,2026-10-05,16,weekday,20,1,19,read
2026-10-05 15:09,bressanone-brixen,bressanone-brixen-train-station,6461278,Luggage Storage Bressanone Train Station,2026-10-05,16,weekday,20,0,20,read
2026-10-05 15:09,bressanone-brixen,train-station,9946,Luggage Storage Bressanone Station,2026-10-05,16,weekday,20,0,20,read
2026-10-05 15:09,bressanone-brixen,bressanone-brixen-train-station,6461342,Luggage Storage near Forum Bressanone,2026-10-05,16,weekday,20,0,20,read
2026-10-05 15:09,cefalu,cefalu-transit-station,6644,Luggage Storage Cefalù Old Town,2026-10-05,16,weekday,35,1,34,read
2026-10-05 15:09,cefalu,city-center,2244,Luggage Storage near Cefalù Cathedral,2026-10-05,16,weekday,25,0,25,read
2026-10-05 15:09,cefalu,city-center,5092,Luggage Storage Rocca Di Cefalù,2026-10-05,16,weekday,30,0,30,read
2026-10-05 15:09,cefalu,cefalu-transit-station,6456584,Luggage Storage Cefalù Railway Station,2026-10-05,16,weekday,80,0,80,read
2026-10-05 15:09,imola,city-center,6453094,Luggage Storage Imola Train Station,2026-10-05,16,weekday,150,0,150,read
2026-10-05 15:09,imola,city-center,6467886,Luggage Storage Piazza Matteotti,2026-10-05,16,weekday,200,0,200,read
2026-10-05 15:09,imola,city-center,6453070,Luggage Storage Imola Piazza Matteotti,2026-10-05,16,weekday,20,0,20,read
2026-10-05 15:09,noto,porta-reale-o-ferdinandea,7164,Luggage Storage Porta Reale,2026-10-05,16,weekday,25,3,22,read
2026-10-05 15:09,noto,city-center,6453331,Luggage Storage near Noto Train Station,2026-10-05,16,weekday,20,0,20,read
2026-10-05 15:09,noto,porta-reale-o-ferdinandea,7097,Luggage Storage Via Salvemini,2026-10-05,16,weekday,20,0,20,read
2026-10-05 15:09,noto,city-center,6453513,Luggage Storage Via Napoli / Salvemini,2026-10-05,16,weekday,25,0,25,read
2026-10-05 15:09,noto,porta-reale-o-ferdinandea,6453050,Luggage Storage Villa Comunale Noto,2026-10-05,16,weekday,20,0,20,read
2026-10-05 15:09,sassari,city-center,7623,Luggage Storage Viale Dante,2026-10-05,16,weekday,20,0,20,read
2026-10-05 15:09,sassari,sassari-train-station,7526,Luggage Storage Viale Porto Torres,2026-10-05,16,weekday,20,,,unavailable
2026-10-05 15:09,taranto,castello-aragonese,6852,Luggage Storage San Cataldo Cathedral,2026-10-05,16,weekday,50,,,unavailable
2026-10-05 15:09,taranto,sacello-romano,6455906,Luggage Storage Via Principe Amedeo,2026-10-05,16,weekday,10,0,10,read
2026-10-05 15:09,taranto,sacello-romano,6856,Luggage Storage Via Nitti,2026-10-05,16,weekday,40,0,40,read
2026-10-05 15:09,taranto,castello-aragonese,6848,Luggage Storage Giardini Piazza Garibaldi,2026-10-05,16,weekday,10,,,unavailable
2026-10-05 15:09,treviso,treviso-train-station,806,Luggage Storage Treviso Train Station,2026-10-05,16,weekday,75,15,60,read
2026-10-05 15:09,treviso,city-center,2608,Luggage Storage Treviso City Center,2026-10-05,16,weekday,25,0,25,read
2026-10-05 15:09,treviso,treviso-train-station,8263,Luggage Storage Treviso Railway Station,2026-10-05,16,weekday,20,0,20,read
2026-10-05 15:09,treviso,city-center,8183,Luggage Storage Stadio Omobono Tenni,2026-10-05,16,weekday,20,0,20,read
2026-10-05 15:09,viareggio,train-station,7297,Luggage Storage Viareggio Train Station,2026-10-05,16,weekday,70,0,70,read
2026-10-05 15:09,viareggio,city-center,3327,Luggage Storage St Andrea Church,2026-10-05,16,weekday,40,0,40,read
2026-10-05 15:09,viareggio,train-station,6451814,Luggage Storage Piazza Piave,2026-10-05,16,weekday,30,0,30,read
2026-10-05 15:09,viareggio,city-center,6451851,Luggage Storage near Gamc,2026-10-05,16,weekday,25,0,25,read
2026-10-05 15:09,viareggio,city-center,6451810,Luggage Storage Viareggio Railway Station,2026-10-05,16,weekday,20,0,20,read
2026-10-05 15:09,assisi,city-center,8450,Luggage Storage Assisi Train Station,2026-10-05,16,weekday,60,11,49,read
2026-10-05 15:09,assisi,city-center,7307,Luggage Storage Basilica Di Santa Maria Degli Angeli,2026-10-05,16,weekday,25,0,25,read
2026-10-05 15:09,assisi,city-center,6466307,Luggage Storage Assisi Bus Station,2026-10-05,16,weekday,25,4,21,read
2026-10-05 15:09,caltanissetta,caltanissetta-centrale,7727,Luggage Storage Caltanissetta Train Station,2026-10-05,16,weekday,10,0,10,read
2026-10-05 15:09,caltanissetta,caltanissetta-old-town,7719,Luggage Storage Caltanissetta Old Town,2026-10-05,16,weekday,10,0,10,read
2026-10-05 15:09,caltanissetta,caltanissetta-centrale,7624,Luggage Storage Caltanissetta Centrale,2026-10-05,16,weekday,30,0,30,read
2026-10-05 15:09,cosenza,casa-di-galeazzo-di-tarsia,6794,Luggage Storage National Gallery Of Cosenza,2026-10-05,16,weekday,40,0,40,read
2026-10-05 15:09,cosenza,roges,7017,Luggage Storage Roges,2026-10-05,16,weekday,10,0,10,read
2026-10-05 15:09,cosenza,city-centre,6792,Luggage Storage Via Xxiv Maggio,2026-10-05,16,weekday,60,0,60,read
2026-10-05 15:09,cosenza,city-centre,6788,Luggage Storage Piazza Giacomo Mancini,2026-10-05,16,weekday,40,0,40,read
2026-10-05 15:09,cremona,city-center,3044,Luggage Storage Cremona Cathedral,2026-10-05,16,weekday,15,0,15,read
2026-10-05 15:09,cremona,cremona-train-station,6471042,Luggage Storage Cremona Bus Station,2026-10-05,16,weekday,30,0,30,read
2026-10-05 15:09,cremona,cremona-train-station,6471025,Luggage Storage Cremona Railway Station,2026-10-05,16,weekday,30,0,30,read
2026-10-05 15:09,cremona,city-center,6463199,Luggage Storage near Piazza Castello,2026-10-05,16,weekday,100,0,100,read
2026-10-05 15:09,giardini-naxos,city-center,6761,Luggage Storage St. John Beach,2026-10-05,16,weekday,25,5,20,read
2026-10-05 15:09,giardini-naxos,city-center,6453033,Luggage Storage Schisò Beach,2026-10-05,16,weekday,20,0,20,read
2026-10-05 15:09,ischia,port,4835,Luggage Storage Ischia Ferry Pier,2026-10-05,16,weekday,50,2,48,read
2026-10-05 15:09,ischia,port,6460634,Luggage Storage Ischia Ferry Terminal,2026-10-05,16,weekday,30,0,30,read
2026-10-05 15:09,ischia,forio-port,6453676,Luggage Storage Forio Port,2026-10-05,16,weekday,30,0,30,read
2026-10-05 15:09,ischia,port,4947,Luggage Storage Casamicciola Port,2026-10-05,16,weekday,50,0,50,read
2026-10-05 15:09,lecco,train-station,7995,Luggage Storage Lecco Train Station,2026-10-05,16,weekday,30,0,30,read
2026-10-05 15:09,lecco,train-station,4407,Luggage Storage Lecco City Center,2026-10-05,16,weekday,20,0,20,read
2026-10-05 15:09,lecco,lecco-train-station,6470300,Luggage Storage near Lake Como Museum,2026-10-05,16,weekday,10,0,10,read
2026-10-05 15:09,lecco,lecco-train-station,6470206,Luggage Storage Lecco Railway Station,2026-10-05,16,weekday,20,0,20,read
2026-10-05 15:09,olbia,train-station,7387,Luggage Storage Olbia Terranova Train Station,2026-10-05,16,weekday,100,2,98,read
2026-10-05 15:09,olbia,train-station,7388,Luggage Storage Olbia Railway Station,2026-10-05,16,weekday,55,,,unavailable
2026-10-05 15:09,pavia,downtown,1289,Luggage Storage Downtown Pavia,2026-10-05,16,weekday,30,0,30,read
2026-10-05 15:09,pavia,pavia-train-station,9767,Luggage Storage Pavia Piazza Dante,2026-10-05,16,weekday,10,0,10,read
2026-10-05 15:09,pavia,pavia-train-station,6460851,Luggage Storage Pavia Train Station,2026-10-05,16,weekday,20,0,20,read
2026-10-05 15:09,porto-torres,city-center,5519,Luggage Storage Porto Torres Marittima,2026-10-05,16,weekday,100,,,unavailable
2026-10-05 15:09,porto-torres,city-center,6456059,Luggage Storage Via Sassari,2026-10-05,16,weekday,30,0,30,read
2026-10-05 15:09,porto-torres,port,7593,Luggage Storage Porto Torres Port,2026-10-05,16,weekday,30,0,30,read
2026-10-05 15:09,rapallo,train-station,6452316,Luggage Storage Rapallo Railway Station,2026-10-05,16,weekday,30,0,30,read
2026-10-05 15:09,rapallo,train-station,7176,Luggage Storage Corso Goffredo Mameli,2026-10-05,16,weekday,30,0,30,read
2026-10-05 15:09,rapallo,rapallo-train-station,6470556,Luggage Storage near Rapallo Station,2026-10-05,16,weekday,35,0,35,read
2026-10-05 15:09,rapallo,rapallo-train-station,6461574,Luggage Storage Via S. Anna,2026-10-05,16,weekday,20,0,20,read
2026-10-05 15:09,riccione,city-center,6460160,Luggage Storage Riccione Train Station,2026-10-05,16,weekday,65,0,65,read
2026-10-05 15:09,riccione,city-center,6453440,Luggage Storage Viale Bellini,2026-10-05,16,weekday,30,0,30,read
2026-10-05 15:09,riccione,terme,6453417,Luggage Storage Riccione Terme,2026-10-05,16,weekday,10,0,10,read
2026-10-05 15:09,riccione,city-center,6453337,Luggage Storage Corso Fratelli Cervi,2026-10-05,16,weekday,10,0,10,read
2026-10-05 15:09,altamura,city-centre,6455041,Luggage Storage Church Of Saint Theresa,2026-10-05,16,weekday,10,0,10,read
2026-10-05 15:09,altamura,city-centre,6455033,Luggage Storage Altamura City Hall,2026-10-05,16,weekday,10,,,unavailable
2026-10-05 15:09,altamura,city-centre,6455015,Luggage Storage Altamura Old Town,2026-10-05,16,weekday,20,0,20,read
2026-10-05 15:09,amalfi,city-centre,9557,Luggage Storage Duomo Di Amalfi,2026-10-05,16,weekday,30,4,26,read
2026-10-05 15:09,amalfi,city-centre,7447,Luggage Storage Amalfi City Center,2026-10-05,16,weekday,50,0,50,read
2026-10-05 15:09,amalfi,city-centre,6460555,Luggage Storage Amalfi Port,2026-10-05,16,weekday,35,0,35,read
2026-10-05 15:09,castellammare-di-stabia,castellammare-di-stabia-train-station,5889,Luggage Storage near Castellammare Di Stabia Station,2026-10-05,16,weekday,300,0,300,read
2026-10-05 15:09,castellammare-di-stabia,castellammare-di-stabia-train-station,6451920,Luggage Storage Pioppaino Railway Station,2026-10-05,16,weekday,10,,,unavailable
2026-10-05 15:09,castellammare-di-stabia,castellammare-di-stabia-train-station,5898,Luggage Storage Villa Comunale,2026-10-05,16,weekday,200,0,200,read
2026-10-05 15:09,desenzano,train-station,6267,Luggage Storage Desenzano Port,2026-10-05,16,weekday,50,0,50,read
2026-10-05 15:09,desenzano,train-station,6040,Luggage Storage Desenzano Del Garda Castle,2026-10-05,16,weekday,30,0,30,read
2026-10-05 15:09,desenzano,desenzano-train-station,6460741,Luggage Storage Desenzano Railway Station,2026-10-05,16,weekday,45,0,45,read
2026-10-05 15:09,donnalucata,city-centre,6452863,Luggage Storage Donnalucata Beach,2026-10-05,16,weekday,10,0,10,read
2026-10-05 15:09,donnalucata,city-centre,6452979,Luggage Storage near Donnalucata Beach,2026-10-05,16,weekday,10,0,10,read
2026-10-05 15:09,donnalucata,city-centre,6452846,Luggage Storage Lungomare Di Donnalucata,2026-10-05,16,weekday,20,,,unavailable
2026-10-05 15:09,la-maddalena,la-maddalena-ferry-terminal,7660,Luggage Storage La Maddalena Ferry Terminal,2026-10-05,16,weekday,35,0,35,read
2026-10-05 15:09,la-maddalena,la-maddalena-ferry-terminal,6460822,Luggage Storage La Maddalena Port,2026-10-05,16,weekday,20,0,20,read
2026-10-05 15:09,la-maddalena,la-maddalena-ferry-terminal,6460785,Luggage Storage Via Cairoli,2026-10-05,16,weekday,20,0,20,read
2026-10-05 15:09,merano,merano-train-station,9956,Luggage Storage Merano Railway Station,2026-10-05,16,weekday,15,0,15,read
2026-10-05 15:09,merano,city-center,8052,Luggage Storage Terme Merano,2026-10-05,16,weekday,15,0,15,read
2026-10-05 15:09,merano,city-center,6469835,Luggage Storage Merano City Center,2026-10-05,16,weekday,15,0,15,read
2026-10-05 15:09,milazzo,port,6471045,Luggage Storage Via dei Mille,2026-10-05,16,weekday,200,0,200,read
2026-10-05 15:09,milazzo,port,3162,Luggage Storage Port,2026-10-05,16,weekday,20,0,20,read
2026-10-05 15:09,ostuni,city-centre,6876,Luggage Storage Ostuni Train Station,2026-10-05,16,weekday,50,4,46,read
2026-10-05 15:09,ostuni,city-centre,7028,Luggage Storage Colonna Di Sant'oronzo,2026-10-05,16,weekday,50,0,50,read
2026-10-05 15:09,ostuni,city-centre,6898,Luggage Storage Via Papa Giovanni Xxiii,2026-10-05,16,weekday,100,0,100,read
2026-10-05 15:09,pesaro,city-center,6453381,Luggage Storage near Pesaro Station,2026-10-05,16,weekday,100,0,100,read
2026-10-05 15:09,pesaro,city-center,6453382,Luggage Storage Pesaro Old Town,2026-10-05,16,weekday,100,0,100,read
2026-10-05 15:09,pesaro,city-center,6453347,Luggage Storage Palazzo Mosca,2026-10-05,16,weekday,10,0,10,read
2026-10-05 15:09,positano,chiesa-nuova,3961,Luggage Storage Positano Fornillo Beach,2026-10-05,16,weekday,20,0,20,read
2026-10-05 15:09,prato,prato-centrale,4478,Luggage Storage Prato City Center,2026-10-05,16,weekday,40,0,40,read
2026-10-05 15:09,prato,prato-centrale,6784,Luggage Storage Prato Centrale,2026-10-05,16,weekday,20,0,20,read
2026-10-05 15:09,prato,prato-centrale,6471185,Luggage Storage Prato Centrale Railway Station,2026-10-05,16,weekday,10,0,10,read
2026-10-05 15:09,reggio-emilia,railway-station,7858,Luggage Storage Reggio Emilia Train Station,2026-10-05,16,weekday,65,0,65,read
2026-10-05 15:09,reggio-emilia,reggio-emilia-old-town,7861,Luggage Storage Palazzo Magnani,2026-10-05,16,weekday,10,0,10,read
2026-10-05 15:09,sirmione,city-center,6452685,Luggage Storage Sirmione Castle,2026-10-05,16,weekday,30,0,30,read
2026-10-05 15:09,sirmione,porto-di-lugana,6859,Luggage Storage Porto Di Lugana,2026-10-05,16,weekday,100,0,100,read
2026-10-05 15:09,sirmione,city-center,9127,Luggage Storage Piazza Mercato,2026-10-05,16,weekday,20,0,20,read
2026-10-05 15:09,tirano,tirano-railway-station,6467810,Luggage Storage Tirano Train Station,2026-10-05,16,weekday,40,8,32,read
2026-10-05 15:09,tirano,tirano-railway-station,6469341,Luggage Storage Porta Poschiavina,2026-10-05,16,weekday,10,0,10,read
2026-10-05 15:09,vicenza,city-center,1530,Luggage Storage Piazza Castello,2026-10-05,16,weekday,40,0,40,read
2026-10-05 15:09,vicenza,main-station,6461412,Luggage Storage Vicenza Railway Station,2026-10-05,16,weekday,35,6,29,read
2026-10-05 15:09,vicenza,city-center,1526,Luggage Storage Vicenza City Center,2026-10-05,16,weekday,30,0,30,read
2026-10-05 15:09,alberobello,alberobello-train-station,6930,Luggage Storage Alberobello Train Station,2026-10-05,16,weekday,25,0,25,read
2026-10-05 15:09,alberobello,city-center,6455991,Luggage Storage Via Piave,2026-10-05,16,weekday,30,0,30,read
2026-10-05 15:09,asti,city-center,6451274,Luggage Storage Asti Cathedral,2026-10-05,16,weekday,15,0,15,read
2026-10-05 15:09,asti,city-center,6451277,Luggage Storage Palazzo Mazzetti,2026-10-05,16,weekday,15,0,15,read
2026-10-05 15:09,cervia,milano-marittima,6455105,Luggage Storage Viale Dante Alighieri,2026-10-05,16,weekday,10,0,10,read
2026-10-05 15:09,cervia,city-center,6461485,Luggage Storage Cervia City Center,2026-10-05,16,weekday,20,0,20,read
2026-10-05 15:09,elba,marina-di-campo,6460662,Luggage Storage Marina di Campo Beach,2026-10-05,16,weekday,20,0,20,read
2026-10-05 15:09,elba,procchio,6460661,Luggage Storage Procchio Beach,2026-10-05,16,weekday,20,0,20,read
2026-10-05 15:09,finale-ligure,city-center-finale-ligure,6470112,Luggage Storage Finale Ligure Railway Station,2026-10-05,16,weekday,30,0,30,read
2026-10-05 15:09,grosseto,city-centre,4415,Luggage Storage Grosseto Train Station,2026-10-05,16,weekday,30,0,30,read
2026-10-05 15:09,grosseto,city-centre,2054,Luggage Storage Grosseto City Centre,2026-10-05,16,weekday,20,0,20,read
2026-10-05 15:09,jesolo,lido-jesolo,6461178,Luggage Storage near Piazza Drago,2026-10-05,16,weekday,20,0,20,read
2026-10-05 15:09,jesolo,lido-jesolo,6455532,Luggage Storage Lido Di Jesolo,2026-10-05,16,weekday,20,0,20,read
2026-10-05 15:09,lamezia-terme,train-station,6452912,Luggage Storage Lamezia Terme Centrale,2026-10-05,16,weekday,30,0,30,read
2026-10-05 15:09,locorotondo,city-center,6456332,Luggage Storage Locorotondo Train Station,2026-10-05,16,weekday,50,,,unavailable
2026-10-05 15:09,mantua,city-center,6385,Luggage Storage Social Theatre,2026-10-05,16,weekday,25,0,25,read
2026-10-05 15:09,marsala,train-station,7145,Luggage Storage Marsala Railway Station,2026-10-05,16,weekday,50,0,50,read
2026-10-05 15:09,marsala,porta-garibaldi,7150,Luggage Storage Porta Garibaldi,2026-10-05,16,weekday,30,,,unavailable
2026-10-05 15:09,massa,city-center,6458344,Luggage Storage Massa Centro Railway Station,2026-10-05,16,weekday,20,0,20,read
2026-10-05 15:09,novara,novara-train-station,6462036,Luggage Storage Novara Train Station,2026-10-05,16,weekday,25,7,18,read
2026-10-05 15:09,novara,city-center,4822,Luggage Storage Novara City Center,2026-10-05,16,weekday,200,0,200,read
2026-10-05 15:09,potenza,city-center,6460018,Luggage Storage Potenza City Center,2026-10-05,16,weekday,100,0,100,read
2026-10-05 15:09,potenza,potenza-city-center,6459940,Luggage Storage Potenza Santa Maria,2026-10-05,16,weekday,20,,,unavailable
2026-10-05 15:09,procida,port,4866,Luggage Storage Procida Port,2026-10-05,16,weekday,250,0,250,read
2026-10-05 15:09,rovereto,rovereto-train-station,6461330,Luggage Storage Rovereto Railway Station,2026-10-05,16,weekday,20,0,20,read
2026-10-05 15:09,sanremo,city-center,7763,Luggage Storage Sanremo City Center,2026-10-05,16,weekday,20,0,20,read
2026-10-05 15:09,sestri-levante,sestri-levante-train-station,6459775,Luggage Storage Sestri Levante City Center,2026-10-05,16,weekday,20,0,20,read
2026-10-05 15:09,stromboli,ferry-terminal,3958,Luggage Storage Stromboli Ferry Terminal,2026-10-05,16,weekday,20,0,20,read
2026-10-05 15:09,stromboli,ferry-terminal,6461846,Luggage Storage Scari Beach,2026-10-05,16,weekday,20,0,20,read
2026-10-05 15:09,taormina,city-centre,6533,Luggage Storage Taormina City Center,2026-10-05,16,weekday,50,0,50,read
2026-10-05 15:09,tivoli,villa-d-este,5904,Luggage Storage Church Of S. Michael Archangel,2026-10-05,16,weekday,20,0,20,read
2026-10-05 15:09,tropea,city-centre,6813,Luggage Storage Tropea City Center,2026-10-05,16,weekday,30,0,30,read
2026-10-05 15:09,ventimiglia,city-center-ventimiglia,6451656,Luggage Storage near Ventimiglia Railway Station,2026-10-05,16,weekday,100,0,100,read
2026-10-05 15:09,ventimiglia,city-center-ventimiglia,6469655,Luggage Storage Ventimiglia Railway Station,2026-10-05,16,weekday,50,0,50,read
2026-10-05 15:09,alessandria,tortona,6451902,Luggage Storage Via S. Marziano,2026-10-05,16,weekday,15,0,15,read
2026-10-05 15:09,angri,train-station,5405,Luggage Storage Angri Train Station,2026-10-05,16,weekday,50,0,50,read
2026-10-05 15:09,avellino,city-center,4998,Luggage Storage Avellino City Center,2026-10-05,16,weekday,100,0,100,read
2026-10-05 15:09,avola,city-center,6456894,Luggage Storage Avola City Center,2026-10-05,16,weekday,10,,,unavailable
2026-10-05 15:09,boscotrecase,city-center,6457885,Luggage Storage Boscotrecase,2026-10-05,16,weekday,100,0,100,read
2026-10-05 15:09,camaiore,city-center,6451822,Luggage Storage Camaiore City Center,2026-10-05,16,weekday,50,0,50,read
2026-10-05 15:09,camogli,camogli-s-fruttuoso-train-station,6460394,Luggage Storage Camogli Train Station,2026-10-05,16,weekday,40,40,0,full
2026-10-05 15:09,catanzaro,fortuna,7917,Luggage Storage Catanzaro Railway Station,2026-10-05,16,weekday,10,,,unavailable
2026-10-05 15:09,cecina,train-station,4417,Luggage Storage Cecina Station,2026-10-05,16,weekday,20,0,20,read
2026-10-05 15:09,chiavari,chiavari-train-station,6452398,Luggage Storage Chiavari Train Station,2026-10-05,16,weekday,20,0,20,read
2026-10-05 15:09,chioggia,sottomarina,6468348,Luggage Storage Sottomarina,2026-10-05,16,weekday,100,0,100,read
2026-10-05 15:09,corigliano-calabro,lungomare-di-schiavonea,8670,Luggage Storage Schiavonea Di Corigliano Calabro,2026-10-05,16,weekday,10,0,10,read
2026-10-05 15:09,crotone,crotone-lungomare,7933,Luggage Storage Corso Messina,2026-10-05,16,weekday,20,0,20,read
2026-10-05 15:09,forio-ischia,forio-beach,6454421,Luggage Storage near Forio Beach,2026-10-05,16,weekday,15,0,15,read
2026-10-05 15:09,gaeta,city-center,6452687,Luggage Storage Lungomare Di Gaeta,2026-10-05,16,weekday,20,0,20,read
2026-10-05 15:09,gorizia,gorizia-train-station,9040,Luggage Storage Gorizia Train Station,2026-10-05,16,weekday,25,1,24,read
2026-10-05 15:09,gravina-in-puglia,city-center,4532,Luggage Storage Gravina Sotterranea,2026-10-05,16,weekday,50,0,50,read
2026-10-05 15:09,isola-del-giglio,giglio-porto,2622,Luggage Storage Port,2026-10-05,16,weekday,30,0,30,read
2026-10-05 15:09,lampedusa,city-center,4829,Luggage Storage Lampedusa City Center,2026-10-05,16,weekday,50,0,50,read
2026-10-05 15:09,latina,city-center,5647,Luggage Storage Piazzale Trieste,2026-10-05,16,weekday,200,0,200,read
2026-10-05 15:09,maglie,old-town,2679,Luggage Storage Maglie Train Station,2026-10-05,16,weekday,10,,,unavailable
2026-10-05 15:09,martina-franca,city-center,6455140,Luggage Storage Villa Garibaldi,2026-10-05,16,weekday,10,0,10,read
2026-10-05 15:09,mazara-del-vallo,train-station,5293,Luggage Storage Stazione Di Mazara Del Vallo,2026-10-05,16,weekday,10,0,10,read
2026-10-05 15:09,mira,mira-city-center,7736,Luggage Storage Mira Via Nazionale,2026-10-05,16,weekday,30,0,30,read
2026-10-05 15:09,modica,city-center,6452836,Luggage Storage Trenino Barocco Modica,2026-10-05,16,weekday,10,0,10,read
2026-10-05 15:09,otranto,city-center,6455686,Luggage Storage near Otranto Old Town,2026-10-05,16,weekday,100,0,100,read
2026-10-05 15:09,palau,palau-ferry-terminal,7657,Luggage Storage Palau Ferry Terminal,2026-10-05,16,weekday,20,20,0,full
2026-10-05 15:09,paola,paola-train-station,8993,Luggage Storage Paola Train Station,2026-10-05,16,weekday,10,0,10,read
2026-10-05 15:09,peschiera-del-garda,peschiera-del-garda-train-station,6460959,Luggage Storage Peschiera Del Garda Railway Station,2026-10-05,16,weekday,35,4,31,read
2026-10-05 15:09,piacenza,piacenza-train-station,6451173,Luggage Storage Piacenza Train Station,2026-10-05,16,weekday,25,0,25,read
2026-10-05 15:09,pistoia,pistoia-train-station,4475,Luggage Storage Pistoia Train Station,2026-10-05,16,weekday,25,0,25,read
2026-10-05 15:09,pizzo-calabro,city-center,6455065,Luggage Storage Pizzo City Center,2026-10-05,16,weekday,20,,,unavailable
2026-10-05 15:09,ponza,giancos-beach,6460679,Luggage Storage Giancos Beach,2026-10-05,16,weekday,20,0,20,read
2026-10-05 15:09,portici,city-center,6453595,Luggage Storage Portici Corso Garibaldi,2026-10-05,16,weekday,50,0,50,read
2026-10-05 15:09,rho,railway-station,9314,Luggage Storage Church of Saint Victor Martyr,2026-10-05,16,weekday,20,0,20,read
2026-10-05 15:09,riomaggiore,riomaggiore-train-station,6459767,Luggage Storage Riomaggiore City Center,2026-10-05,16,weekday,35,1,34,read
2026-10-05 15:09,rivoli,city-centre,7166,Luggage Storage Corso Xxv Aprile,2026-10-05,16,weekday,20,0,20,read
2026-10-05 15:09,rovigo,rovigo-train-station,6457110,Luggage Storage Rovigo Train Station,2026-10-05,16,weekday,20,0,20,read
2026-10-05 15:09,san-teodoro,piazza-di-gallura,7389,Luggage Storage Piazza Di Gallura,2026-10-05,16,weekday,45,,,unavailable
2026-10-05 15:09,san-vito-lo-capo,city-center,8336,Luggage Storage Santuario Di San Vito,2026-10-05,16,weekday,50,,,unavailable
2026-10-05 15:09,terni,railway-station,4276,Luggage Storage Terni City Center,2026-10-05,16,weekday,300,0,300,read
2026-10-05 15:09,trani,trani-transit-station,6936,Luggage Storage Trani Port,2026-10-05,16,weekday,50,0,50,read
2026-10-05 15:09,varese,varese-train-station,3026,Luggage Storage Varese Fn Station,2026-10-05,16,weekday,20,0,20,read
2026-10-05 15:09,vasto,city-center,6452476,Luggage Storage Viale D'Annunzio,2026-10-05,16,weekday,10,0,10,read
2026-10-05 15:09,vico-del-gargano,city-center,7226,Luggage Storage City Center Vico Del Gargano,2026-10-05,16,weekday,10,,,unavailable
2026-10-05 15:09,vigevano,city-center,6459516,Luggage Storage Corso Cavour,2026-10-05,16,weekday,20,0,20,read
2026-10-05 15:09,villasimius,viale-matteotti,6484,Luggage Storage Viale Matteotti,2026-10-05,16,weekday,10,,,unavailable
2026-10-05 16:10,rome,termini,1109,Luggage Storage Termini,2026-10-05,17,weekday,300,38,262,read
2026-10-05 16:10,rome,termini,6453333,Luggage Storage Termini / Piazza Dei Cinquecento,2026-10-05,17,weekday,100,2,98,read
2026-10-05 16:10,rome,tiburtina,4763,Luggage Storage Tiburtina Terminal,2026-10-05,17,weekday,65,2,63,read
2026-10-05 16:10,rome,pantheon,255,Luggage Storage Rome Pantheon,2026-10-05,17,weekday,300,0,300,read
2026-10-05 16:10,rome,colosseum,3690,Luggage Storage Colosseum Station,2026-10-05,17,weekday,50,0,50,read
2026-10-05 16:10,rome,trastevere,913,Luggage Storage Viale Trastevere,2026-10-05,17,weekday,80,8,72,read
2026-10-05 16:10,rome,roma-vatican-museums,6459809,Luggage Storage near Vatican Museums,2026-10-05,17,weekday,50,3,47,read
2026-10-05 16:10,rome,roman-forum,34,Luggage Storage Fori Imperiali,2026-10-05,17,weekday,300,0,300,read
2026-10-05 16:10,rome,tiburtina,4599,Luggage Storage Tiburtina Train Station,2026-10-05,17,weekday,80,3,77,read
2026-10-05 16:10,rome,ostiense,44,Luggage Storage Ostiense,2026-10-05,17,weekday,300,0,300,read
2026-10-05 16:10,rome,navona,21,Luggage Storage Navona,2026-10-05,17,weekday,100,0,100,read
2026-10-05 16:10,rome,termini,1352,Luggage Storage Termini Station,2026-10-05,17,weekday,60,2,58,read
2026-10-05 16:10,rome,vatican,4869,Luggage Storage Vatican City,2026-10-05,17,weekday,45,0,45,read
2026-10-05 16:10,rome,trevi,4738,Luggage Storage Trevi Fountain,2026-10-05,17,weekday,50,0,50,read
2026-10-05 16:10,rome,pantheon,57,Luggage Storage Pantheon - Rome Center,2026-10-05,17,weekday,300,0,300,read
2026-10-05 16:10,rome,san-giovanni,19,Luggage Storage S. Giovanni In Laterano,2026-10-05,17,weekday,300,0,300,read
2026-10-05 16:10,rome,trevi,6450924,Luggage Storage Piazza Barberini,2026-10-05,17,weekday,100,1,99,read
2026-10-05 16:10,rome,trastevere,5598,Luggage Storage Trastevere San Cosimato,2026-10-05,17,weekday,50,0,50,read
2026-10-05 16:10,rome,termini,5684,Luggage Storage Termini Rome,2026-10-05,17,weekday,50,11,39,read
2026-10-05 16:10,rome,pantheon,4900,Luggage Storage Teatro Argentina,2026-10-05,17,weekday,200,0,200,read
2026-10-05 16:10,rome,termini,4695,Luggage Storage Giolitti / Termini Station,2026-10-05,17,weekday,250,21,229,read
2026-10-05 16:10,rome,pantheon,5067,Luggage Storage Campo De Fiori,2026-10-05,17,weekday,40,1,39,read
2026-10-05 16:10,rome,trevi,6269,Luggage Storage Quirinal Palace,2026-10-05,17,weekday,35,0,35,read
2026-10-05 16:10,rome,via-del-corso,5660,Luggage Storage Via Del Corso,2026-10-05,17,weekday,25,3,22,read
2026-10-05 16:10,rome,spanish-steps,5582,Luggage Storage Villa Borghese,2026-10-05,17,weekday,50,0,50,read
2026-10-05 16:10,rome,s-pietro,4867,Luggage Storage Roma S.pietro Station,2026-10-05,17,weekday,25,0,25,read
2026-10-05 16:10,rome,navona,849,Luggage Storage Umberto I Bridge,2026-10-05,17,weekday,30,0,30,read
2026-10-05 16:10,rome,castro-pretorio,398,Luggage Storage Castro Pretorio,2026-10-05,17,weekday,300,0,300,read
2026-10-05 16:10,rome,ostiense,1828,Luggage Storage Eataly,2026-10-05,17,weekday,30,0,30,read
2026-10-05 16:10,rome,san-giovanni,15,Luggage Storage S.giovanni,2026-10-05,17,weekday,300,0,300,read
2026-10-05 16:10,rome,piazza-del-popolo,9875,Luggage Storage Flaminio Train Station,2026-10-05,17,weekday,100,2,98,read
2026-10-05 16:10,rome,ciampino,9140,Luggage Storage Ciampino Railway Station,2026-10-05,17,weekday,30,0,30,read
2026-10-05 16:10,rome,parioli,8885,Luggage Storage Mancini Bus Terminal,2026-10-05,17,weekday,20,0,20,read
2026-10-05 16:10,rome,piazza-campo-de-fiori,8669,Luggage Storage Piazza Campo De Fiori,2026-10-05,17,weekday,25,0,25,read
2026-10-05 16:10,rome,tiburtina,8637,Luggage Storage Monti Tiburtini Metro Station,2026-10-05,17,weekday,50,0,50,read
2026-10-05 16:10,rome,termini,7703,Luggage Storage Termini Railway Station,2026-10-05,17,weekday,100,1,99,read
2026-10-05 16:10,rome,esquilino,6984,Luggage Storage Manzoni Metro Station,2026-10-05,17,weekday,50,0,50,read
2026-10-05 16:10,rome,termini,6835,Luggage Storage Cipro Metro Station Area,2026-10-05,17,weekday,30,0,30,read
2026-10-05 16:10,rome,trastevere,6474541,Luggage Storage Via Albert Einstein / Marconi,2026-10-05,17,weekday,30,0,30,read
2026-10-05 16:10,rome,ottaviano,6474434,Luggage Storage Via Germanico / Vatican,2026-10-05,17,weekday,30,0,30,read
2026-10-05 16:10,rome,pantheon,6473158,Luggage Storage Pantheon,2026-10-05,17,weekday,12,9,3,read
2026-10-05 16:10,rome,roma-vatican-museums,6473149,Luggage Storage Via della Giuliana,2026-10-05,17,weekday,100,0,100,read
2026-10-05 16:10,rome,san-giovanni,6473098,Luggage Storage Viale Carlo Felice,2026-10-05,17,weekday,10,0,10,read
2026-10-05 16:10,rome,termini,6473095,Luggage Storage Viminale Bus Stop,2026-10-05,17,weekday,40,0,40,read
2026-10-05 16:10,rome,navona,6473024,Luggage Storage Via della Pace,2026-10-05,17,weekday,50,0,50,read
2026-10-05 16:10,rome,navona,6473023,Luggage Storage Fontana dei Quattro Fiumi,2026-10-05,17,weekday,60,0,60,read
2026-10-05 16:10,rome,navona,6473022,Luggage Storage Navona / Neptune Fountain,2026-10-05,17,weekday,60,0,60,read
2026-10-05 16:10,rome,colosseum,6473021,Luggage Storage Cavour / Ricci,2026-10-05,17,weekday,25,0,25,read
2026-10-05 16:10,rome,termini,6472962,Luggage Storage Termini / Amendola,2026-10-05,17,weekday,18,5,13,read
2026-10-05 16:10,rome,termini,6472955,Luggage Storage Milazzo / Termini Station,2026-10-05,17,weekday,100,0,100,read
2026-10-05 16:10,rome,termini,6472954,Luggage Storage Marsala / Milazzo,2026-10-05,17,weekday,100,1,99,read
2026-10-05 16:10,rome,termini,6472953,Luggage Storage Milazzo / Magenta,2026-10-05,17,weekday,100,0,100,read
2026-10-05 16:10,rome,pantheon,6472396,Luggage Storage near Pantheon,2026-10-05,17,weekday,35,0,35,read
2026-10-05 16:10,rome,flaminio,6472354,Luggage Storage near Piazza del Popolo,2026-10-05,17,weekday,50,0,50,read
2026-10-05 16:10,rome,termini,6471173,Luggage Storage Termini (Ma-Mb-Fs),2026-10-05,17,weekday,100,0,100,read
2026-10-05 16:10,rome,termini,6471145,Luggage Storage Via Marsala,2026-10-05,17,weekday,100,0,100,read
2026-10-05 16:10,rome,prati,6471093,Luggage Storage Cicerone / Cola di Rienzo,2026-10-05,17,weekday,25,0,25,read
2026-10-05 16:10,rome,vatican,6470823,Luggage Storage Scalia / Cipro,2026-10-05,17,weekday,50,0,50,read
2026-10-05 16:10,rome,ostiense,6470456,Luggage Storage Ostiense/Matteucci,2026-10-05,17,weekday,50,0,50,read
2026-10-05 16:10,rome,ostiense,6470455,Luggage Storage near Ostiense,2026-10-05,17,weekday,20,0,20,read
2026-10-05 16:10,rome,ostiense,6470454,Luggage Storage Basilica S. Paolo,2026-10-05,17,weekday,50,0,50,read
2026-10-05 16:10,rome,termini,6470329,Luggage Storage Manin / Termini,2026-10-05,17,weekday,30,0,30,read
2026-10-05 16:10,rome,Municipio-Roma-X,6470296,Luggage Storage Casal Palocco,2026-10-05,17,weekday,30,0,30,read
2026-10-05 16:10,rome,furio-camillo,6470292,Luggage Storage near Colli Albani Metro Station,2026-10-05,17,weekday,20,0,20,read
2026-10-05 16:10,rome,pigneto-prenestina,6470291,Luggage Storage Ponte Casilino,2026-10-05,17,weekday,50,0,50,read
2026-10-05 16:10,rome,monti,6470209,Luggage Storage Via Cavour / Monti,2026-10-05,17,weekday,100,0,100,read
2026-10-05 16:10,rome,san-giovanni,6470190,Luggage Storage Ponte Lungo Metro Station,2026-10-05,17,weekday,25,0,25,read
2026-10-05 16:10,rome,pigneto,6470156,Luggage Storage Pigneto Metro Station,2026-10-05,17,weekday,20,0,20,read
2026-10-05 16:10,rome,trastevere,6470104,Luggage Storage near Circo Massimo Metro Station,2026-10-05,17,weekday,200,0,200,read
2026-10-05 16:10,rome,termini,6469828,Luggage Storage Piazza dell'Esquilino,2026-10-05,17,weekday,300,0,300,read
2026-10-05 16:10,rome,ottaviano,6469746,Luggage Storage Via Rodi,2026-10-05,17,weekday,30,0,30,read
2026-10-05 16:10,rome,repubblica,6469637,Luggage Storage Via Quattro Fontane,2026-10-05,17,weekday,50,0,50,read
2026-10-05 16:10,rome,termini,6469390,Luggage Storage Giolitti / Cappellini,2026-10-05,17,weekday,20,0,20,read
2026-10-05 16:10,rome,ostia-1,6468366,Luggage Storage Corso Duca di Genova,2026-10-05,17,weekday,40,0,40,read
2026-10-05 16:10,rome,prati,6468191,Luggage Storage Via degli Scipioni,2026-10-05,17,weekday,30,1,29,read
2026-10-05 16:10,rome,pantheon,6468018,Luggage Storage near Piazza del Gesù,2026-10-05,17,weekday,50,1,49,read
2026-10-05 16:10,rome,esquilino,6463301,Luggage Storage Vittorio Emanuele Metro Station,2026-10-05,17,weekday,20,0,20,read
2026-10-05 16:10,rome,esquilino,6463300,Luggage Storage Porta Maggiore,2026-10-05,17,weekday,30,0,30,read
2026-10-05 16:10,rome,termini,6463200,Luggage Storage Via Milazzo / Termini,2026-10-05,17,weekday,20,0,20,read
2026-10-05 16:10,rome,san-lorenzo,6463191,Luggage Storage Piazza Dei Sanniti,2026-10-05,17,weekday,10,0,10,read
2026-10-05 16:10,rome,s-pietro,6463140,Luggage Storage near Paul VI Hall,2026-10-05,17,weekday,20,0,20,read
2026-10-05 16:10,rome,pantheon,6462317,Luggage Storage near Galleria Doria Pamphilj,2026-10-05,17,weekday,20,0,20,read
2026-10-05 16:10,rome,lepanto,6462316,Luggage Storage Roma Ottaviano,2026-10-05,17,weekday,35,0,35,read
2026-10-05 16:10,rome,repubblica,6462240,Luggage Storage Tritone/ Barberini,2026-10-05,17,weekday,40,1,39,read
2026-10-05 16:10,rome,colosseum,6462225,Luggage Storage Colosseo Transit Stop,2026-10-05,17,weekday,20,0,20,read
2026-10-05 16:10,rome,san-giovanni,6462224,Luggage Storage Porta S. Giovanni,2026-10-05,17,weekday,20,0,20,read
2026-10-05 16:10,rome,manzoni,6462223,Luggage Storage Via Emanuele Filiberto,2026-10-05,17,weekday,20,0,20,read
2026-10-05 16:10,rome,trastevere,6461932,Luggage Storage near Piazza Trilussa,2026-10-05,17,weekday,20,1,19,read
2026-10-05 16:10,rome,s-pietro,6461618,Luggage Storage near St. Angelo Bridge,2026-10-05,17,weekday,50,0,50,read
2026-10-05 16:10,rome,trastevere,6461559,Luggage Storage Marconi/Meucci,2026-10-05,17,weekday,20,0,20,read
2026-10-05 16:10,rome,piazza-di-san-pietro-in-vincoli,6461425,Luggage Storage Cipro/Bragadin,2026-10-05,17,weekday,20,0,20,read
2026-10-05 16:10,rome,san-lorenzo,6460798,Luggage Storage Roma San Lorenzo,2026-10-05,17,weekday,20,0,20,read
2026-10-05 16:10,rome,termini,6460703,Luggage Storage Via Carlo Cattaneo,2026-10-05,17,weekday,20,0,20,read
2026-10-05 16:10,rome,pantheon,6460295,Luggage Storage Church Of The Gesù,2026-10-05,17,weekday,30,0,30,read
2026-10-05 16:10,rome,primavalle,6460001,Luggage Storage Circonvallazione Cornelia,2026-10-05,17,weekday,50,0,50,read
2026-10-05 16:10,rome,termini,6459912,Luggage Storage Amendola / Termini Station,2026-10-05,17,weekday,20,0,20,read
2026-10-05 16:10,rome,santa-maria-maggiore,6459910,Luggage Storage Gioberti / Santa Maria Maggiore,2026-10-05,17,weekday,100,0,100,read
2026-10-05 16:10,rome,pantheon,6459743,Luggage Storage Basilica Sant'Andrea Della Valle,2026-10-05,17,weekday,20,0,20,read
2026-10-05 16:10,rome,repubblica,6459675,Luggage Storage Piazza Del Viminale,2026-10-05,17,weekday,25,0,25,read
2026-10-05 16:10,rome,quartiere-xii-gianicolense,6458599,Luggage Storage Donna Olimpia,2026-10-05,17,weekday,20,0,20,read
2026-10-05 16:10,rome,pantheon,6458567,Luggage Storage Piazza Dei Calcarari,2026-10-05,17,weekday,100,0,100,read
2026-10-05 16:10,rome,pantheon,6458442,Luggage Storage Vittorio Emanuele / Argentina,2026-10-05,17,weekday,40,0,40,read
2026-10-05 16:10,rome,primavalle,6458086,Luggage Storage Cannuta / Battistini,2026-10-05,17,weekday,30,0,30,read
2026-10-05 16:10,rome,repubblica,6458063,Luggage Storage Largo del Tritone,2026-10-05,17,weekday,50,0,50,read
2026-10-05 16:10,rome,Quartiere-IX-appio-latino,6458036,Luggage Storage Re Di Roma,2026-10-05,17,weekday,35,0,35,read
2026-10-05 16:10,rome,rione-ix-pigna,6457939,Luggage Storage near Trevi Fountain,2026-10-05,17,weekday,50,0,50,read
2026-10-05 16:10,rome,monti,6457898,Luggage Storage Vittorio Emanuele Metro Station,2026-10-05,17,weekday,35,0,35,read
2026-10-05 16:10,rome,castel-sant-angelo,6457822,Luggage Storage near Sant'Angelo Castle,2026-10-05,17,weekday,60,17,43,read
2026-10-05 16:10,rome,termini,6457601,Luggage Storage Amedeo / Termini,2026-10-05,17,weekday,20,0,20,read
2026-10-05 16:10,rome,esquilino,6457599,Luggage Storage Nuovo Mercato Esquilino,2026-10-05,17,weekday,35,0,35,read
2026-10-05 16:10,rome,vatican,6457407,Luggage Storage Ottaviano Metro Station,2026-10-05,17,weekday,15,0,15,read
2026-10-05 16:10,rome,termini,6457349,Luggage Storage Termini Metro Station,2026-10-05,17,weekday,45,3,42,read
2026-10-05 16:10,rome,rione-ix-pigna,6457335,Luggage Storage Navona Square,2026-10-05,17,weekday,30,0,30,read
2026-10-05 16:10,rome,rione-ix-pigna,6457288,Luggage Storage Largo di Torre Argentina,2026-10-05,17,weekday,20,0,20,read
2026-10-05 16:10,rome,esquilino,6457222,Luggage Storage Roma Porta Maggiore,2026-10-05,17,weekday,20,0,20,read
2026-10-05 16:10,rome,esquilino,6457220,Luggage Storage Lodi Metro Station,2026-10-05,17,weekday,40,0,40,read
2026-10-05 16:10,rome,esquilino,6457185,Luggage Storage Basilica of San Giovanni in Laterano,2026-10-05,17,weekday,35,1,34,read
2026-10-05 16:10,rome,monti,6457181,Luggage Storage Roma Colosseo,2026-10-05,17,weekday,25,1,24,read
2026-10-05 16:10,rome,monti,6457113,Luggage Storage Urbana / Panisperna,2026-10-05,17,weekday,20,0,20,read
2026-10-05 16:10,rome,monti,6457108,Luggage Storage Roma Monti,2026-10-05,17,weekday,35,0,35,read
2026-10-05 16:10,rome,termini,6457058,Luggage Storage Basilica of Saint Pudentiana,2026-10-05,17,weekday,40,0,40,read
2026-10-05 16:10,rome,quartiere-xv-della-vittoria,6457040,Luggage Storage Piazzale Clodio,2026-10-05,17,weekday,20,0,20,read
2026-10-05 16:10,rome,san-giovanni,6457022,Luggage Storage Magna Grecia/Tuscolo,2026-10-05,17,weekday,35,0,35,read
2026-10-05 16:10,rome,pantheon,6456917,Luggage Storage Giubbonari / Cairoli,2026-10-05,17,weekday,20,0,20,read
2026-10-05 16:10,rome,piazza-campo-de-fiori,6456889,Luggage Storage Via Dei Giubbonari,2026-10-05,17,weekday,25,0,25,read
2026-10-05 16:10,rome,piazza-campo-de-fiori,6456888,Luggage Storage near Campo De' Fiori,2026-10-05,17,weekday,50,0,50,read
2026-10-05 16:10,rome,piazza-campo-de-fiori,6456886,Luggage Storage Theatre Of Pompey,2026-10-05,17,weekday,30,0,30,read
2026-10-05 16:10,rome,termini,6456879,Luggage Storage near Terme Di Diocleziano,2026-10-05,17,weekday,30,0,30,read
2026-10-05 16:10,rome,flaminio,6456650,Luggage Storage Mancini Bus Station,2026-10-05,17,weekday,25,0,25,read
2026-10-05 16:10,rome,piazza-di-san-pietro-in-vincoli,6456615,Luggage Storage Basilica Of San Pietro In Vincoli,2026-10-05,17,weekday,50,0,50,read
2026-10-05 16:10,rome,trastevere,6456514,Luggage Storage Piazza Testaccio,2026-10-05,17,weekday,50,0,50,read
2026-10-05 16:10,rome,garbatella,6456416,Luggage Storage Roma Ostiense,2026-10-05,17,weekday,50,0,50,read
2026-10-05 16:10,rome,furio-camillo,6456362,Luggage Storage Appio Latino / Satrico,2026-10-05,17,weekday,30,0,30,read
2026-10-05 16:10,rome,pantheon,6455957,Luggage Storage Spagna Metro Station,2026-10-05,17,weekday,35,0,35,read
2026-10-05 16:10,rome,collatino,6455729,Luggage Storage Casal Bruciato,2026-10-05,17,weekday,100,0,100,read
2026-10-05 16:10,rome,flaminio,6455550,Luggage Storage The Music Bridge - Armando Trovajoli,2026-10-05,17,weekday,35,1,34,read
2026-10-05 16:10,rome,trastevere,6455283,Luggage Storage near Trastevere Station,2026-10-05,17,weekday,30,0,30,read
2026-10-05 16:10,rome,fiera-di-roma,6455074,Luggage Storage near Viale Dei Colli Portuensi,2026-10-05,17,weekday,30,0,30,read
2026-10-05 16:10,rome,lepanto,6454985,Luggage Storage Roma Flaminio,2026-10-05,17,weekday,25,0,25,read
2026-10-05 16:10,rome,nomentano,6454965,Luggage Storage Viale Ippocrate,2026-10-05,17,weekday,30,0,30,read
2026-10-05 16:10,rome,portuense,6454526,Luggage Storage Circonvallazione Gianicolense,2026-10-05,17,weekday,20,0,20,read
2026-10-05 16:10,rome,prati,6454471,Luggage Storage Viale Giulio Cesare,2026-10-05,17,weekday,40,0,40,read
2026-10-05 16:10,rome,trastevere,6454401,Luggage Storage Roma Trastevere Railway Station,2026-10-05,17,weekday,100,0,100,read
2026-10-05 16:10,rome,vatican,6454230,Luggage Storage near Vatican City,2026-10-05,17,weekday,30,0,30,read
2026-10-05 16:10,rome,nomentana,6454157,Luggage Storage near Via Antonio Silvani,2026-10-05,17,weekday,45,0,45,read
2026-10-05 16:10,rome,pantheon,6454062,Luggage Storage Corso Vittorio Emanuele II,2026-10-05,17,weekday,25,0,25,read
2026-10-05 16:10,rome,baldo-degli-ubaldi-station,6454059,Luggage Storage Cornelia Metro Station,2026-10-05,17,weekday,15,0,15,read
2026-10-05 16:10,rome,repubblica,6454032,Luggage Storage near Palazzo Delle Esposizioni,2026-10-05,17,weekday,50,0,50,read
2026-10-05 16:10,rome,largo-di-torre-argentina,6453995,Luggage Storage Roma Torre Argentina,2026-10-05,17,weekday,35,2,33,read
2026-10-05 16:10,rome,ottaviano,6453839,Luggage Storage Largo Trionfale / Ottaviano,2026-10-05,17,weekday,20,0,20,read
2026-10-05 16:10,rome,quartiere-xii-gianicolense,6453701,Luggage Storage Gianicolense/Ponte Bianco,2026-10-05,17,weekday,45,6,39,read
2026-10-05 16:10,rome,navona,6453616,Luggage Storage Piazza Navona,2026-10-05,17,weekday,30,0,30,read
2026-10-05 16:10,rome,termini,6453452,Luggage Storage Acquario Romano,2026-10-05,17,weekday,100,0,100,read
2026-10-05 16:10,rome,monti,6453079,Luggage Storage Via Urbana,2026-10-05,17,weekday,25,0,25,read
2026-10-05 16:10,rome,santa-maria-maggiore,6452800,Luggage Storage Via Di Santa Maria Maggiore,2026-10-05,17,weekday,100,0,100,read
2026-10-05 16:10,rome,termini,6452726,Luggage Storage Gioberti Roma Termini,2026-10-05,17,weekday,100,0,100,read
2026-10-05 16:10,rome,esquilino,6452653,Luggage Storage Basilica Santa Maria Maggiore,2026-10-05,17,weekday,30,0,30,read
2026-10-05 16:10,rome,monti,6452651,Luggage Storage Cavour Metro Station,2026-10-05,17,weekday,25,0,25,read
2026-10-05 16:10,rome,nomentana,6452632,Luggage Storage Via Di Novella / Trieste,2026-10-05,17,weekday,10,0,10,read
2026-10-05 16:10,rome,parioli,6452625,Luggage Storage near Foro Italico,2026-10-05,17,weekday,45,0,45,read
2026-10-05 16:10,rome,garbatella,6452580,Luggage Storage near Circonvallazione Ostiense,2026-10-05,17,weekday,20,0,20,read
2026-10-05 16:10,rome,manzoni,6452545,Luggage Storage Giardini Piazza Dante,2026-10-05,17,weekday,25,0,25,read
2026-10-05 16:10,rome,vatican,6452534,Luggage Storage Aurelia / Cavalleggeri,2026-10-05,17,weekday,35,1,34,read
2026-10-05 16:10,rome,vatican,6452533,Luggage Storage Passeggiata Del Gelsomino,2026-10-05,17,weekday,10,0,10,read
2026-10-05 16:10,rome,st-peter-basilica,6452532,Luggage Storage Porta Cavalleggeri,2026-10-05,17,weekday,35,0,35,read
2026-10-05 16:10,rome,vatican,6452531,Luggage Storage near Via Cipro,2026-10-05,17,weekday,20,1,19,read
2026-10-05 16:10,rome,cavour,6452487,Luggage Storage Roma Via Cavour,2026-10-05,17,weekday,50,0,50,read
2026-10-05 16:10,rome,termini,6452486,Luggage Storage near Museo Delle Illusioni,2026-10-05,17,weekday,25,0,25,read
2026-10-05 16:10,rome,finocchio,6452473,Luggage Storage near Graniti Metro Station,2026-10-05,17,weekday,20,0,20,read
2026-10-05 16:10,rome,prati,6452320,Luggage Storage Flaminio Metro Station,2026-10-05,17,weekday,50,0,50,read
2026-10-05 16:10,rome,bocca-della-verita,6452303,Luggage Storage Piazza Belli,2026-10-05,17,weekday,40,0,40,read
2026-10-05 16:10,rome,vatican,6452286,Luggage Storage Cipro Metro Station,2026-10-05,17,weekday,100,0,100,read
2026-10-05 16:10,rome,piazza-del-popolo,6452246,Luggage Storage near Roma Piazza Del Popolo,2026-10-05,17,weekday,55,0,55,read
2026-10-05 16:10,rome,termini,6452106,Luggage Storage Volturno/Cernaia,2026-10-05,17,weekday,25,0,25,read
2026-10-05 16:10,rome,tiburtina,6452073,Luggage Storage Via Lorenzo Il Magnifico / Tiburtina,2026-10-05,17,weekday,20,0,20,read
2026-10-05 16:10,rome,brancaccio,6452072,Luggage Storage Largo Brancaccio,2026-10-05,17,weekday,20,0,20,read
2026-10-05 16:10,rome,pantheon,6451949,Luggage Storage Jewish Ghetto,2026-10-05,17,weekday,50,0,50,read
2026-10-05 16:10,rome,manzoni,6451861,Luggage Storage near Manzoni Metro Station,2026-10-05,17,weekday,25,0,25,read
2026-10-05 16:10,rome,la-rustica,6451745,Luggage Storage La Rustica,2026-10-05,17,weekday,30,0,30,read
2026-10-05 16:10,rome,monti,6451743,Luggage Storage Via Filippo Turati / Termini,2026-10-05,17,weekday,100,0,100,read
2026-10-05 16:10,rome,vatican,6451676,Luggage Storage near Teatro Ghione,2026-10-05,17,weekday,100,0,100,read
2026-10-05 16:10,rome,monti,6451669,Luggage Storage near Via Cavour,2026-10-05,17,weekday,40,0,40,read
2026-10-05 16:10,rome,casal-monastero,6451633,Luggage Storage Casal Monastero,2026-10-05,17,weekday,100,0,100,read
2026-10-05 16:10,rome,vatican,6451625,Luggage Storage Borgo Pio,2026-10-05,17,weekday,100,0,100,read
2026-10-05 16:10,rome,vatican,6451603,Luggage Storage Circonvallazione Trionfale,2026-10-05,17,weekday,20,0,20,read
2026-10-05 16:10,rome,vatican,6451598,Luggage Storage Via Aurelia,2026-10-05,17,weekday,70,0,70,read
2026-10-05 16:10,rome,piazza-campo-de-fiori,6451596,Luggage Storage Roma Campo De' Fiori,2026-10-05,17,weekday,100,0,100,read
2026-10-05 16:10,rome,tiburtina,6451593,Luggage Storage Via Lorenzo Il Magnifico,2026-10-05,17,weekday,20,0,20,read
2026-10-05 16:10,rome,pantheon,6451590,Luggage Storage Turtle Fountain,2026-10-05,17,weekday,30,0,30,read
2026-10-05 16:10,rome,torre-maura,6451521,Luggage Storage Viale Antonio Ciamarra,2026-10-05,17,weekday,100,0,100,read
2026-10-05 16:10,rome,roman-forum,6451503,Luggage Storage Basilica Papale Di Santa Maria Maggiore,2026-10-05,17,weekday,80,0,80,read
2026-10-05 16:10,rome,castel-sant-angelo,6451488,Luggage Storage Ponte Vittorio Emanuele II,2026-10-05,17,weekday,70,0,70,read
2026-10-05 16:10,rome,vittorio-emanuele,6451424,Luggage Storage Roma Santa Maria Maggiore,2026-10-05,17,weekday,50,2,48,read
2026-10-05 16:10,rome,portuense,6450996,Luggage Storage Piazza Enrico Fermi,2026-10-05,17,weekday,20,0,20,read
2026-10-05 16:10,rome,pantheon,6450927,Luggage Storage Chiesa Di San Francesco A Ripa,2026-10-05,17,weekday,45,0,45,read
2026-10-05 16:10,rome,tiburtina,6235,Luggage Storage Via Della Lega Lombarda,2026-10-05,17,weekday,40,0,40,read
2026-10-05 16:10,rome,termini,5475,Luggage Storage National Museum Of Rome,2026-10-05,17,weekday,30,0,30,read
2026-10-05 16:10,rome,tiburtina,5339,Luggage Storage Roma Tiburtina,2026-10-05,17,weekday,15,0,15,read
2026-10-05 16:10,rome,trastevere,5086,Luggage Storage Piazza Scotti,2026-10-05,17,weekday,50,0,50,read
2026-10-05 16:10,rome,navona,4879,Luggage Storage Navona Square,2026-10-05,17,weekday,25,0,25,read
2026-10-05 16:10,rome,furio-camillo,4878,Luggage Storage Roma Tuscolana Station,2026-10-05,17,weekday,30,4,26,read
2026-10-05 16:10,rome,roma-stadio-olimpico,4875,Luggage Storage Maxxi Museum,2026-10-05,17,weekday,30,0,30,read
2026-10-05 16:10,rome,termini,4762,Luggage Storage Termini Metro Station,2026-10-05,17,weekday,300,0,300,read
2026-10-05 16:10,rome,esquilino,4733,Luggage Storage Esquilino,2026-10-05,17,weekday,200,0,200,read
2026-10-05 16:10,rome,trastevere,4643,Luggage Storage Via Angelo Tittoni,2026-10-05,17,weekday,25,0,25,read
2026-10-05 16:10,rome,trastevere,4606,Luggage Storage Piazza San Cosimato,2026-10-05,17,weekday,30,0,30,read
2026-10-05 16:10,rome,furio-camillo,4573,Luggage Storage Lodi Metro Station,2026-10-05,17,weekday,40,4,36,read
2026-10-05 16:10,rome,termini,4299,Luggage Storage Piazza Dei Cinquecento,2026-10-05,17,weekday,50,1,49,read
2026-10-05 16:10,rome,spanish-steps,4293,Luggage Storage Via del Corso / Via di Ripetta,2026-10-05,17,weekday,45,0,45,read
2026-10-05 16:10,rome,vatican,4281,Luggage Storage near Vatican Museums Entrance,2026-10-05,17,weekday,30,0,30,read
2026-10-05 16:10,rome,trevi,4255,Luggage Storage Via Del Tritone,2026-10-05,17,weekday,50,0,50,read
2026-10-05 16:10,rome,piazza-del-popolo,4253,Luggage Storage Flaminio,2026-10-05,17,weekday,60,1,59,read
2026-10-05 16:10,rome,trastevere,4247,Luggage Storage Trastevere,2026-10-05,17,weekday,50,0,50,read
2026-10-05 16:10,rome,colosseum,4124,Luggage Storage Colosseum,2026-10-05,17,weekday,50,0,50,read
2026-10-05 16:10,rome,repubblica,4060,Luggage Storage Repubblica Metro Station,2026-10-05,17,weekday,60,0,60,read
2026-10-05 16:10,rome,aventino,3992,Luggage Storage Aventino,2026-10-05,17,weekday,100,0,100,read
2026-10-05 16:10,rome,baldo-degli-ubaldi-station,3920,Luggage Storage Baldo Degli Ubaldi,2026-10-05,17,weekday,40,0,40,read
2026-10-05 16:10,rome,vatican,3850,Luggage Storage Vatican,2026-10-05,17,weekday,45,0,45,read
2026-10-05 16:10,rome,ciampino,3717,Luggage Storage Ciampino City Center,2026-10-05,17,weekday,50,0,50,read
2026-10-05 16:10,rome,tiburtina,3693,Luggage Storage Tiburtina,2026-10-05,17,weekday,20,0,20,read
2026-10-05 16:10,rome,monti,3571,Luggage Storage Monti,2026-10-05,17,weekday,40,0,40,read
2026-10-05 16:10,rome,castel-sant-angelo,3174,Luggage Storage Castel Sant'angelo,2026-10-05,17,weekday,50,0,50,read
2026-10-05 16:10,rome,vatican,2902,Luggage Storage Valle Aurelia,2026-10-05,17,weekday,45,0,45,read
2026-10-05 16:10,rome,s-pietro,1185,Luggage Storage S. Pietro,2026-10-05,17,weekday,40,8,32,read
2026-10-05 16:10,rome,ottaviano,1111,Luggage Storage Ottaviano,2026-10-05,17,weekday,30,2,28,read
2026-10-05 16:10,rome,garbatella,10033,Luggage Storage Trastevere Railway Station,2026-10-05,17,weekday,100,0,100,read
2026-10-05 16:10,milan,milan-centrale-railway-station,5782,Luggage Storage Centrale FS,2026-10-05,17,weekday,100,25,75,read
2026-10-05 16:10,milan,porta-garibaldi-train-station,8939,Luggage Storage Porta Garibaldi Railway Station,2026-10-05,17,weekday,40,0,40,read
2026-10-05 16:10,milan,cadorna,9047,Luggage Storage Cadorna Railway Station,2026-10-05,17,weekday,200,11,189,read
2026-10-05 16:10,milan,milan-centrale-railway-station,3521,Luggage Storage Milan Centrale Train Station,2026-10-05,17,weekday,300,10,290,read
2026-10-05 16:10,milan,milan-centrale-railway-station,2299,Luggage Storage Central Station,2026-10-05,17,weekday,70,6,64,read
2026-10-05 16:10,milan,milan-centrale-railway-station,8929,Luggage Storage Lepetit / Milan Centrale,2026-10-05,17,weekday,120,8,112,read
2026-10-05 16:10,milan,porta-genova,9028,Luggage Storage Milano Porta Genova Railway Station,2026-10-05,17,weekday,65,0,65,read
2026-10-05 16:10,milan,porta-garibaldi-train-station,5776,Luggage Storage Garibaldi Fs,2026-10-05,17,weekday,30,0,30,read
2026-10-05 16:10,milan,san-siro-stadium,9464,Luggage Storage San Siro Stadium,2026-10-05,17,weekday,300,0,300,read
2026-10-05 16:10,milan,san-babila,2709,Luggage Storage San Babila,2026-10-05,17,weekday,50,6,44,read
2026-10-05 16:10,milan,milan-centrale-railway-station,5777,Luggage Storage Milano Centrale,2026-10-05,17,weekday,90,0,90,read
2026-10-05 16:10,milan,via-torino-via-palla,6977,Luggage Storage Piazza Borromeo,2026-10-05,17,weekday,100,0,100,read
2026-10-05 16:10,milan,milan-centrale-railway-station,6451052,Luggage Storage Malpensa Shuttle / Milano Centrale,2026-10-05,17,weekday,50,0,50,read
2026-10-05 16:10,milan,porta-genova,3405,Luggage Storage Porta Genova,2026-10-05,17,weekday,35,0,35,read
2026-10-05 16:10,milan,porta-ticinese,3025,Luggage Storage Naviglio Pavese,2026-10-05,17,weekday,15,0,15,read
2026-10-05 16:10,milan,lanza,1785,Luggage Storage Lanza,2026-10-05,17,weekday,45,2,43,read
2026-10-05 16:10,milan,milan-centrale-railway-station,1988,Luggage Storage Sondrio Station,2026-10-05,17,weekday,50,0,50,read
2026-10-05 16:10,milan,bueno-aires,1532,Luggage Storage Milano Lazzaretto,2026-10-05,17,weekday,30,0,30,read
2026-10-05 16:10,milan,porta-romana,9192,Luggage Storage Milano Porta Romana,2026-10-05,17,weekday,35,2,33,read
2026-10-05 16:10,milan,porta-romana,9099,Luggage Storage Crocetta Metro Station,2026-10-05,17,weekday,50,0,50,read
2026-10-05 16:10,milan,porta-genova,9049,Luggage Storage Navigli Darsena,2026-10-05,17,weekday,25,2,23,read
2026-10-05 16:10,milan,milan-centrale-railway-station,9024,Luggage Storage Viale Montello,2026-10-05,17,weekday,50,2,48,read
2026-10-05 16:10,milan,corso-buenos-aires,9020,Luggage Storage near Corso Buenos Aires,2026-10-05,17,weekday,20,0,20,read
2026-10-05 16:10,milan,santa-maria-delle-grazie,8990,Luggage Storage Piazza Virgilio / Cadorna,2026-10-05,17,weekday,35,0,35,read
2026-10-05 16:10,milan,bullona,8634,Luggage Storage Mac Mahon,2026-10-05,17,weekday,15,0,15,read
2026-10-05 16:10,milan,milan-centrale-railway-station,8338,Luggage Storage Milan Train Station,2026-10-05,17,weekday,100,0,100,read
2026-10-05 16:10,milan,milan-centrale-railway-station,6991,Luggage Storage Milano Porta Venezia,2026-10-05,17,weekday,45,1,44,read
2026-10-05 16:10,milan,porta-garibaldi-train-station,6956,Luggage Storage Maciachini Metro Station,2026-10-05,17,weekday,40,0,40,read
2026-10-05 16:10,milan,missori,6473109,Luggage Storage Colonne / Vetra,2026-10-05,17,weekday,40,0,40,read
2026-10-05 16:10,milan,san-babila,6471138,Luggage Storage Via Visconti Di Modrone,2026-10-05,17,weekday,10,2,8,read
2026-10-05 16:10,milan,milan-centrale-railway-station,6471137,Luggage Storage Centrale / Filzi,2026-10-05,17,weekday,100,0,100,read
2026-10-05 16:10,milan,duomo,6471058,Luggage Storage the Duomo of Milan,2026-10-05,17,weekday,100,2,98,read
2026-10-05 16:10,milan,politecnico-di-milano-campus-bovisa-la-masa,6470851,Luggage Storage Milano Bovisa,2026-10-05,17,weekday,20,0,20,read
2026-10-05 16:10,milan,santa-giulia,6470604,Luggage Storage Santa Giulia,2026-10-05,17,weekday,10,0,10,read
2026-10-05 16:10,milan,missori,6470560,Luggage Storage near Duomo Square,2026-10-05,17,weekday,40,3,37,read
2026-10-05 16:10,milan,santa-maria-delle-grazie,6470325,Luggage Storage Via de Amicis,2026-10-05,17,weekday,20,0,20,read
2026-10-05 16:10,milan,conchetta,6470318,Luggage Storage Via Conca del Naviglio,2026-10-05,17,weekday,25,0,25,read
2026-10-05 16:10,milan,missori,6470159,Luggage Storage Santa Sofia,2026-10-05,17,weekday,10,6,4,read
2026-10-05 16:10,milan,missori,6470158,Luggage Storage Missori / Corso Italia,2026-10-05,17,weekday,20,0,20,read
2026-10-05 16:10,milan,porta-ticinese,6469992,Luggage Storage near Bocconi University,2026-10-05,17,weekday,50,0,50,read
2026-10-05 16:10,milan,milan-centrale-railway-station,6469903,Luggage Storage Vitruvio / Centrale,2026-10-05,17,weekday,40,4,36,read
2026-10-05 16:10,milan,santa-maria-delle-grazie,6469852,Luggage Storage Cadorna Metro Station,2026-10-05,17,weekday,45,0,45,read
2026-10-05 16:10,milan,milan-centrale-railway-station,6469840,Luggage Storage Viale Andrea Doria,2026-10-05,17,weekday,40,0,40,read
2026-10-05 16:10,milan,bullona,6469727,Luggage Storage Gerusalemme Metro Station,2026-10-05,17,weekday,100,0,100,read
2026-10-05 16:10,milan,porta-genova,6469638,Luggage Storage Navigli / Villoresi,2026-10-05,17,weekday,50,0,50,read
2026-10-05 16:10,milan,porta-venezia,6469498,Luggage Storage Piazza Otto Novembre,2026-10-05,17,weekday,35,0,35,read
2026-10-05 16:10,milan,porta-vittoria,6469435,Luggage Storage Milano Dateo,2026-10-05,17,weekday,20,0,20,read
2026-10-05 16:10,milan,via-torino-via-palla,6469337,Luggage Storage Via Varesina,2026-10-05,17,weekday,26,0,26,read
2026-10-05 16:10,milan,crescenzago,6469266,Luggage Storage Rovereto / Viale Monza,2026-10-05,17,weekday,20,4,16,read
2026-10-05 16:10,milan,porta-romana,6469207,Luggage Storage Piazzale Libia,2026-10-05,17,weekday,20,2,18,read
2026-10-05 16:10,milan,crescenzago,6468881,Luggage Storage Crescenzago Metro Station,2026-10-05,17,weekday,10,0,10,read
2026-10-05 16:10,milan,bullona,6468852,Luggage Storage near Fiera Milano City,2026-10-05,17,weekday,20,0,20,read
2026-10-05 16:10,milan,porta-venezia,6468851,Luggage Storage Susa Metro Station,2026-10-05,17,weekday,20,0,20,read
2026-10-05 16:10,milan,china-town-milan,6463324,Luggage Storage Arco della Pace,2026-10-05,17,weekday,35,0,35,read
2026-10-05 16:10,milan,navigli,6463299,Luggage Storage Corso S. Gottardo,2026-10-05,17,weekday,20,1,19,read
2026-10-05 16:10,milan,forlanini,6463280,Luggage Storage near Viale Corsica,2026-10-05,17,weekday,20,0,20,read
2026-10-05 16:10,milan,loreto,6463275,Luggage Storage Via Padova / Crescenzago,2026-10-05,17,weekday,20,0,20,read
2026-10-05 16:10,milan,missori,6463226,Luggage Storage Duomo M1 M3,2026-10-05,17,weekday,30,4,26,read
2026-10-05 16:10,milan,porta-romana,6463186,Luggage Storage Via Tito Livio,2026-10-05,17,weekday,20,0,20,read
2026-10-05 16:10,milan,milano-repubblica-station,6462258,Luggage Storage near Milano Repubblica,2026-10-05,17,weekday,20,0,20,read
2026-10-05 16:10,milan,lambrate,6461939,Luggage Storage Casoretto,2026-10-05,17,weekday,20,0,20,read
2026-10-05 16:10,milan,milan-centrale-railway-station,6461511,Luggage Storage Ponte Seveso / Centrale,2026-10-05,17,weekday,20,0,20,read
2026-10-05 16:10,milan,niguarda,6461262,Luggage Storage near Niguarda,2026-10-05,17,weekday,20,0,20,read
2026-10-05 16:10,milan,cerchiate,6460933,Luggage Storage Pero Cerchiate,2026-10-05,17,weekday,20,0,20,read
2026-10-05 16:10,milan,bullona,6460853,Luggage Storage Sonnino / Varesina,2026-10-05,17,weekday,20,0,20,read
2026-10-05 16:10,milan,porta-venezia,6460438,Luggage Storage near Milano Dateo,2026-10-05,17,weekday,40,0,40,read
2026-10-05 16:10,milan,porta-vittoria,6460436,Luggage Storage Porta Vittoria Railway Station,2026-10-05,17,weekday,20,0,20,read
2026-10-05 16:10,milan,assago,6460127,Luggage Storage Assago,2026-10-05,17,weekday,20,0,20,read
2026-10-05 16:10,milan,porta-venezia,6460099,Luggage Storage Porta Venezia Railway Station,2026-10-05,17,weekday,50,2,48,read
2026-10-05 16:10,milan,loreto,6459927,Luggage Storage near Viale Monza,2026-10-05,17,weekday,20,0,20,read
2026-10-05 16:10,milan,milan-centrale-railway-station,6459808,Luggage Storage Via Tonale / Centrale,2026-10-05,17,weekday,25,0,25,read
2026-10-05 16:10,milan,porta-venezia,6459747,Luggage Storage Via Bixio,2026-10-05,17,weekday,25,0,25,read
2026-10-05 16:10,milan,missori,6459671,Luggage Storage near Basilica San Lorenzo Maggiore,2026-10-05,17,weekday,30,0,30,read
2026-10-05 16:10,milan,navigli,6459502,Luggage Storage Ripa Di Porta Ticinese,2026-10-05,17,weekday,35,4,31,read
2026-10-05 16:10,milan,bicocca,6459489,Luggage Storage Ponale,2026-10-05,17,weekday,20,0,20,read
2026-10-05 16:10,milan,zone-7-of-milan,6459488,Luggage Storage Via Rembrandt,2026-10-05,17,weekday,20,0,20,read
2026-10-05 16:10,milan,lambrate,6459487,Luggage Storage Via Porpora,2026-10-05,17,weekday,20,0,20,read
2026-10-05 16:10,milan,zone-7-of-milan,6459485,Luggage Storage Piazzale Brescia,2026-10-05,17,weekday,20,0,20,read
2026-10-05 16:10,milan,conchetta,6459434,Luggage Storage Arco Di Porta Ticinese,2026-10-05,17,weekday,20,0,20,read
2026-10-05 16:10,milan,rho,6459417,Luggage Storage Pero,2026-10-05,17,weekday,20,0,20,read
2026-10-05 16:10,milan,porta-ticinese,6459398,Luggage Storage Porta Ticinese,2026-10-05,17,weekday,20,0,20,read
2026-10-05 16:10,milan,porta-garibaldi,6459394,Luggage Storage Moscova metro station,2026-10-05,17,weekday,300,0,300,read
2026-10-05 16:10,milan,lambrate,6459387,Luggage Storage Rubattino,2026-10-05,17,weekday,20,0,20,read
2026-10-05 16:10,milan,porta-ticinese,6459373,Luggage Storage Colonne Di S.Lorenzo,2026-10-05,17,weekday,35,0,35,read
2026-10-05 16:10,milan,santa-maria-delle-grazie,6458625,Luggage Storage Bolivar Metro Station,2026-10-05,17,weekday,20,0,20,read
2026-10-05 16:10,milan,santa-maria-delle-grazie,6458624,Luggage Storage Via Solari,2026-10-05,17,weekday,20,0,20,read
2026-10-05 16:10,milan,santa-maria-delle-grazie,6458622,Luggage Storage near Gelsomini Metro Station,2026-10-05,17,weekday,20,0,20,read
2026-10-05 16:10,milan,porta-genova,6458616,Luggage Storage Conca Del Naviglio,2026-10-05,17,weekday,35,0,35,read
2026-10-05 16:10,milan,washington,6458560,Luggage Storage Wagner,2026-10-05,17,weekday,35,0,35,read
2026-10-05 16:10,milan,porta-garibaldi-train-station,6458366,Luggage Storage Porta Romana Railway Station,2026-10-05,17,weekday,20,0,20,read
2026-10-05 16:10,milan,milano-repubblica-station,6458359,Luggage Storage Milano Repubblica Train Station,2026-10-05,17,weekday,100,,,unavailable
2026-10-05 16:10,milan,loreto,6458170,Luggage Storage Loreto / Viale Abruzzi,2026-10-05,17,weekday,20,2,18,read
2026-10-05 16:10,milan,cairoli-subway-station,6458142,Luggage Storage Cairoli Metro Station,2026-10-05,17,weekday,45,0,45,read
2026-10-05 16:10,milan,milan-centrale-railway-station,6458107,Luggage Storage Scarlatti / Centrale,2026-10-05,17,weekday,20,0,20,read
2026-10-05 16:10,milan,guastalla,6458041,Luggage Storage Piazza 5 Giornate,2026-10-05,17,weekday,20,1,19,read
2026-10-05 16:10,milan,santa-maria-delle-grazie,6457952,Luggage Storage Sant'Ambrogio,2026-10-05,17,weekday,50,0,50,read
2026-10-05 16:10,milan,crescenzago,6457848,Luggage Storage Via Padova,2026-10-05,17,weekday,10,0,10,read
2026-10-05 16:10,milan,niguarda,6457565,Luggage Storage Milan Segnano,2026-10-05,17,weekday,20,0,20,read
2026-10-05 16:10,milan,porta-romana,6457366,Luggage Storage near Vittorio Formentano Park,2026-10-05,17,weekday,20,0,20,read
2026-10-05 16:10,milan,china-town,6457329,Luggage Storage Porta Volta,2026-10-05,17,weekday,20,0,20,read
2026-10-05 16:10,milan,san-siro-stadium,6457232,Luggage Storage San Siro Stadium Metro Station,2026-10-05,17,weekday,35,0,35,read
2026-10-05 16:10,milan,milan-centrale-railway-station,6456714,Luggage Storage near Mercato Centrale Milano,2026-10-05,17,weekday,50,0,50,read
2026-10-05 16:10,milan,milan-centrale-railway-station,6456603,Luggage Storage Milano Centrale / Tonale,2026-10-05,17,weekday,25,0,25,read
2026-10-05 16:10,milan,zone-7-of-milan,6456472,Luggage Storage Via Paravia,2026-10-05,17,weekday,20,0,20,read
2026-10-05 16:10,milan,via-visconti-di-modrone,6456414,Luggage Storage Palestro Metro Station,2026-10-05,17,weekday,25,0,25,read
2026-10-05 16:10,milan,porta-genova,6456385,Luggage Storage Vetra Metro Station,2026-10-05,17,weekday,45,0,45,read
2026-10-05 16:10,milan,loreto,6456375,Luggage Storage Piazza Caiazzo,2026-10-05,17,weekday,50,0,50,read
2026-10-05 16:10,milan,malpensa-airport,6454307,Luggage Storage Corso Magenta,2026-10-05,17,weekday,100,0,100,read
2026-10-05 16:10,milan,milan-centrale-railway-station,6452789,Luggage Storage Settembrini / Caiazzo,2026-10-05,17,weekday,50,2,48,read
2026-10-05 16:10,milan,milan-centrale-railway-station,6452762,Luggage Storage Milano Centrale / Via Ponte Seveso,2026-10-05,17,weekday,55,6,49,read
2026-10-05 16:10,milan,loreto,6452657,Luggage Storage near Milan Centrale Railway Station,2026-10-05,17,weekday,30,0,30,read
2026-10-05 16:10,milan,porta-venezia,6452268,Luggage Storage Milano Risorgimento,2026-10-05,17,weekday,30,5,25,read
2026-10-05 16:10,milan,milan-centrale-railway-station,6452249,Luggage Storage Largo Rio De Janeiro,2026-10-05,17,weekday,25,0,25,read
2026-10-05 16:10,milan,lambrate,6452238,Luggage Storage near Politecnico Di Milano,2026-10-05,17,weekday,15,0,15,read
2026-10-05 16:10,milan,porta-venezia,6452094,Luggage Storage Milano Porta Vittoria,2026-10-05,17,weekday,35,0,35,read
2026-10-05 16:10,milan,porta-garibaldi-train-station,6452093,Luggage Storage near Gambara Station,2026-10-05,17,weekday,10,0,10,read
2026-10-05 16:10,milan,milan-centrale-railway-station,6452075,Luggage Storage near Argonne Metro Station,2026-10-05,17,weekday,20,0,20,read
2026-10-05 16:10,milan,bullona,6452074,Luggage Storage Canonica / Corso Sempione,2026-10-05,17,weekday,25,2,23,read
2026-10-05 16:10,milan,casoretto,6452068,Luggage Storage Via Porpora / Casoretto,2026-10-05,17,weekday,10,1,9,read
2026-10-05 16:10,milan,villapizzone-railway-station,6451947,Luggage Storage Piazza Schiavone / Bovisa,2026-10-05,17,weekday,25,0,25,read
2026-10-05 16:10,milan,bullona,6451708,Luggage Storage Cenisio Metro Station,2026-10-05,17,weekday,100,0,100,read
2026-10-05 16:10,milan,milan-centrale-railway-station,6451399,Luggage Storage Museo Delle Illusioni,2026-10-05,17,weekday,30,0,30,read
2026-10-05 16:10,milan,piazza-gae-aulenti,6451041,Luggage Storage Milano Centrale / Via Tonale,2026-10-05,17,weekday,40,0,40,read
2026-10-05 16:10,milan,cologno-monzese,6262,Luggage Storage Cologno Sud,2026-10-05,17,weekday,100,0,100,read
2026-10-05 16:10,milan,washington,6259,Luggage Storage Via Washington,2026-10-05,17,weekday,30,0,30,read
2026-10-05 16:10,milan,lambrate,6255,Luggage Storage Lambrate Metro Station,2026-10-05,17,weekday,30,0,30,read
2026-10-05 16:10,milan,rogoredo-train-station,6212,Luggage Storage Milan Rogoredo,2026-10-05,17,weekday,50,0,50,read
2026-10-05 16:10,milan,casoretto,6081,Luggage Storage Piola Metro Station,2026-10-05,17,weekday,30,0,30,read
2026-10-05 16:10,milan,castello-sforzesco,5793,Luggage Storage Domodossola Train Station,2026-10-05,17,weekday,35,2,33,read
2026-10-05 16:10,milan,milan-centrale-railway-station,5778,Luggage Storage Vtrans Milano,2026-10-05,17,weekday,30,0,30,read
2026-10-05 16:10,milan,citylife,5775,Luggage Storage Lotto Metro Station,2026-10-05,17,weekday,25,0,25,read
2026-10-05 16:10,milan,milan-centrale-railway-station,5505,Luggage Storage near Milan Centrale Station,2026-10-05,17,weekday,40,0,40,read
2026-10-05 16:10,milan,china-town,5385,Luggage Storage Chinatown,2026-10-05,17,weekday,35,0,35,read
2026-10-05 16:10,milan,cerchiate,5084,Luggage Storage Cerchiate,2026-10-05,17,weekday,15,0,15,read
2026-10-05 16:10,milan,fiera,4814,Luggage Storage Lotto Fieramilanocity,2026-10-05,17,weekday,200,0,200,read
2026-10-05 16:10,milan,guastalla,4501,Luggage Storage near Muba,2026-10-05,17,weekday,25,0,25,read
2026-10-05 16:10,milan,porta-romana,3083,Luggage Storage Porta Romana,2026-10-05,17,weekday,15,0,15,read
2026-10-05 16:10,milan,san-siro-stadium,10096,Luggage Storage Amendola Metro Station,2026-10-05,17,weekday,15,0,15,read
2026-10-05 16:10,milan,milano-certosa,10073,Luggage Storage Conciliazione Metro Station,2026-10-05,17,weekday,25,0,25,read
2026-10-05 16:10,milan,porta-romana,10022,Luggage Storage Brenta,2026-10-05,17,weekday,25,0,25,read
2026-10-05 16:10,naples,naples-centrale-train-station,188,Luggage Storage Naples Centrale,2026-10-05,17,weekday,300,0,300,read
2026-10-05 16:10,naples,naples-city-center,4186,Luggage Storage Naples Toledo Metro Station,2026-10-05,17,weekday,40,0,40,read
2026-10-05 16:10,naples,naples-centrale-train-station,1835,Luggage Storage Naples Train Station,2026-10-05,17,weekday,45,2,43,read
2026-10-05 16:10,naples,napoli-port,5226,Luggage Storage Castel Nuovo,2026-10-05,17,weekday,10,6,4,read
2026-10-05 16:10,naples,naples-centrale-train-station,5009,Luggage Storage Napoli P. Garibaldi Station,2026-10-05,17,weekday,45,4,41,read
2026-10-05 16:10,naples,naples-city-center,5681,Luggage Storage near Sansevero Chapel,2026-10-05,17,weekday,50,0,50,read
2026-10-05 16:10,naples,universita,2366,Luggage Storage Naples Port,2026-10-05,17,weekday,50,0,50,read
2026-10-05 16:10,naples,quartieri-spagnoli,6739,Luggage Storage near Galleria Umberto I,2026-10-05,17,weekday,45,1,44,read
2026-10-05 16:10,naples,naples-centrale-train-station,5010,Luggage Storage Garibaldi Metro Station,2026-10-05,17,weekday,35,0,35,read
2026-10-05 16:10,naples,naples-centrale-train-station,6458539,Luggage Storage Napoli Centrale,2026-10-05,17,weekday,70,0,70,read
2026-10-05 16:10,naples,dante,6470046,Luggage Storage near Dante Metro Station,2026-10-05,17,weekday,20,0,20,read
2026-10-05 16:10,naples,centro-storico,9563,Luggage Storage Piazza Cavour Metro Station,2026-10-05,17,weekday,50,0,50,read
2026-10-05 16:10,naples,naples-centrale-train-station,9407,Luggage Storage Garibaldi - Principe Umberto,2026-10-05,17,weekday,10,0,10,read
2026-10-05 16:10,naples,dante,9271,Luggage Storage Dante Metro Station,2026-10-05,17,weekday,30,0,30,read
2026-10-05 16:10,naples,naples-centrale-train-station,9254,Luggage Storage near Naples Centrale Railway Station,2026-10-05,17,weekday,25,0,25,read
2026-10-05 16:10,naples,napoli-porta-nolana,9071,Luggage Storage Duomo / Corso Umberto I,2026-10-05,17,weekday,60,0,60,read
2026-10-05 16:10,naples,vicaria,9003,Luggage Storage Arenaccia,2026-10-05,17,weekday,35,0,35,read
2026-10-05 16:10,naples,quartieri-spagnoli,8912,Luggage Storage Toledo / Quartieri Spagnoli,2026-10-05,17,weekday,50,0,50,read
2026-10-05 16:10,naples,napoli-porta-nolana,8419,Luggage Storage Duomo Metro Station,2026-10-05,17,weekday,50,0,50,read
2026-10-05 16:10,naples,naples-cathedral,804,Luggage Storage Roman Theater Of Neapolis,2026-10-05,17,weekday,30,0,30,read
2026-10-05 16:10,naples,naples-centrale-train-station,7899,Luggage Storage Via Palermo,2026-10-05,17,weekday,100,0,100,read
2026-10-05 16:10,naples,vomero,7875,Luggage Storage Stadio Collana,2026-10-05,17,weekday,40,0,40,read
2026-10-05 16:10,naples,naples-centrale-train-station,7182,Luggage Storage Piazza Garibaldi Metro Station,2026-10-05,17,weekday,50,0,50,read
2026-10-05 16:10,naples,posillipo,6721,Luggage Storage Posillipo,2026-10-05,17,weekday,50,0,50,read
2026-10-05 16:10,naples,mergellina-port,6717,Luggage Storage Via Piedigrotta,2026-10-05,17,weekday,50,0,50,read
2026-10-05 16:10,naples,naples-centrale-train-station,6712,Luggage Storage Naples Bus Station,2026-10-05,17,weekday,50,0,50,read
2026-10-05 16:10,naples,dante,6474128,Luggage Storage near Via Toledo,2026-10-05,17,weekday,40,1,39,read
2026-10-05 16:10,naples,bagnoli-agnano-terme,6473631,Luggage Storage Bagnoli Station,2026-10-05,17,weekday,30,0,30,read
2026-10-05 16:10,naples,vomero,6473629,Luggage Storage Arenella,2026-10-05,17,weekday,20,0,20,read
2026-10-05 16:10,naples,mergellina-port,6473529,Luggage Storage Chiaia / Arco Mirelli,2026-10-05,17,weekday,40,0,40,read
2026-10-05 16:10,naples,dante,6473519,Luggage Storage near Prince of Naples Gallery,2026-10-05,17,weekday,50,0,50,read
2026-10-05 16:10,naples,dante,6473515,Luggage Storage Dante Metro,2026-10-05,17,weekday,100,0,100,read
2026-10-05 16:10,naples,municipio,6473514,Luggage Storage near Naples Underground,2026-10-05,17,weekday,10,0,10,read
2026-10-05 16:10,naples,municipio,6473501,Luggage Storage near Acerra Station,2026-10-05,17,weekday,50,0,50,read
2026-10-05 16:10,naples,vomero,6473440,Luggage Storage Piazza Degli Artisti,2026-10-05,17,weekday,30,0,30,read
2026-10-05 16:10,naples,municipio,6473140,Luggage Storage De Cesare / Naples Underground,2026-10-05,17,weekday,10,0,10,read
2026-10-05 16:10,naples,napoli-porta-nolana,6473026,Luggage Storage Ranieri / Garibaldi,2026-10-05,17,weekday,10,0,10,read
2026-10-05 16:10,naples,universita,6472965,Luggage Storage Corso Umberto / Università,2026-10-05,17,weekday,15,0,15,read
2026-10-05 16:10,naples,municipio,6471162,Luggage Storage Port of Naples,2026-10-05,17,weekday,100,1,99,read
2026-10-05 16:10,naples,municipio,6471071,Luggage Storage Galleria Umberto I,2026-10-05,17,weekday,50,0,50,read
2026-10-05 16:10,naples,naples-centrale-train-station,6470853,Luggage Storage Corso Umberto / Porta Nolana,2026-10-05,17,weekday,100,0,100,read
2026-10-05 16:10,naples,municipio,6470807,Luggage Storage Piazza Plebiscito,2026-10-05,17,weekday,50,0,50,read
2026-10-05 16:10,naples,napoli-porta-nolana,6470755,Luggage Storage Piazzetta Forcella,2026-10-05,17,weekday,20,0,20,read
2026-10-05 16:10,naples,vomero,6470744,Luggage Storage Viale Michelangelo,2026-10-05,17,weekday,50,0,50,read
2026-10-05 16:10,naples,Volla,6470355,Luggage Storage Via Volta,2026-10-05,17,weekday,100,0,100,read
2026-10-05 16:10,naples,mergellina-port,6470131,Luggage Storage Piedigrotta - Torretta,2026-10-05,17,weekday,100,0,100,read
2026-10-05 16:10,naples,via-chiaia,6470110,Luggage Storage Chiaia,2026-10-05,17,weekday,100,0,100,read
2026-10-05 16:10,naples,via-chiaia,6470080,Luggage Storage Napoli Sotterranea,2026-10-05,17,weekday,20,0,20,read
2026-10-05 16:10,naples,via-chiaia,6470069,Luggage Storage Arco Mirelli Metro Station,2026-10-05,17,weekday,10,0,10,read
2026-10-05 16:10,naples,vomero,6470067,Luggage Storage Cilea / Vomero,2026-10-05,17,weekday,50,0,50,read
2026-10-05 16:10,naples,maradona-stadium,6470066,Luggage Storage near Maradona Stadium,2026-10-05,17,weekday,50,0,50,read
2026-10-05 16:10,naples,via-chiaia,6470065,Luggage Storage Riviera di Chiaia,2026-10-05,17,weekday,50,0,50,read
2026-10-05 16:10,naples,via-toledo,6470059,Luggage Storage Toledo Metro Station,2026-10-05,17,weekday,50,1,49,read
2026-10-05 16:10,naples,naples-centrale-train-station,6470049,Luggage Storage Garibaldi Bus Stop,2026-10-05,17,weekday,50,0,50,read
2026-10-05 16:10,naples,dante,6470045,Luggage Storage Montesanto,2026-10-05,17,weekday,30,0,30,read
2026-10-05 16:10,naples,naples-centrale-train-station,6467993,Luggage Storage Naples Centrale / Via Firenze,2026-10-05,17,weekday,40,0,40,read
2026-10-05 16:10,naples,via-toledo,6462124,Luggage Storage Via Toledo,2026-10-05,17,weekday,30,0,30,read
2026-10-05 16:10,naples,universita,6461871,Luggage Storage Molo Immacolatella Vecchia,2026-10-05,17,weekday,30,4,26,read
2026-10-05 16:10,naples,napoli-porta-nolana,6461598,Luggage Storage Napoli Centrale / Poerio,2026-10-05,17,weekday,100,0,100,read
2026-10-05 16:10,naples,naples-centrale-train-station,6461594,Luggage Storage Garibaldi / Principe Umberto,2026-10-05,17,weekday,60,0,60,read
2026-10-05 16:10,naples,naples-centrale-train-station,6461549,Luggage Storage Garibaldi - Volturno,2026-10-05,17,weekday,100,0,100,read
2026-10-05 16:10,naples,naples-centrale-train-station,6460818,Luggage Storage Napoli Centrale / Via Bologna,2026-10-05,17,weekday,100,0,100,read
2026-10-05 16:10,naples,piazza-cavour,6460747,Luggage Storage San Giovanni a Carbonara,2026-10-05,17,weekday,50,1,49,read
2026-10-05 16:10,naples,municipio,6460731,Luggage Storage Piazza Municipio,2026-10-05,17,weekday,20,2,18,read
2026-10-05 16:10,naples,napoli-porta-nolana,6460717,Luggage Storage Vespucci - Lucci,2026-10-05,17,weekday,15,0,15,read
2026-10-05 16:10,naples,universita,6460709,Luggage Storage near University Federico II,2026-10-05,17,weekday,100,0,100,read
2026-10-05 16:10,naples,naples-centrale-train-station,6460339,Luggage Storage Napoli Centrale / Corso Meridionale,2026-10-05,17,weekday,100,0,100,read
2026-10-05 16:10,naples,universita,6459908,Luggage Storage near Via Nuova Marina,2026-10-05,17,weekday,10,0,10,read
2026-10-05 16:10,naples,napoli-porta-nolana,6458722,Luggage Storage near Garibaldi,2026-10-05,17,weekday,50,0,50,read
2026-10-05 16:10,naples,centro-storico,6458639,Luggage Storage Naples Duomo,2026-10-05,17,weekday,20,0,20,read
2026-10-05 16:10,naples,naples-airport,6458533,Luggage Storage Naples Airport,2026-10-05,17,weekday,30,2,28,read
2026-10-05 16:10,naples,naples-centrale-train-station,6458088,Luggage Storage Napoli Centrale Train Station,2026-10-05,17,weekday,40,4,36,read
2026-10-05 16:10,naples,porta-capuana,6457911,Luggage Storage Porta Capuana,2026-10-05,17,weekday,50,0,50,read
2026-10-05 16:10,naples,vomero,6457143,Luggage Storage near Salvator Rosa,2026-10-05,17,weekday,20,0,20,read
2026-10-05 16:10,naples,centro-storico,6456326,Luggage Storage near Sansevero Chapel Museum,2026-10-05,17,weekday,50,0,50,read
2026-10-05 16:10,naples,pomigliano-darco,6456322,Luggage Storage Pomigliano Public Park,2026-10-05,17,weekday,40,0,40,read
2026-10-05 16:10,naples,centro-storico,6456095,Luggage Storage Garibaldi / Porta Nolana,2026-10-05,17,weekday,20,0,20,read
2026-10-05 16:10,naples,naples-centrale-train-station,6454591,Luggage Storage Metropark Terminal Bus Station,2026-10-05,17,weekday,100,2,98,read
2026-10-05 16:10,naples,naples-city-center,6454538,Luggage Storage Montesanto Train Station,2026-10-05,17,weekday,50,0,50,read
2026-10-05 16:10,naples,napoli-porta-nolana,6454355,Luggage Storage Napoli Porta Nolana,2026-10-05,17,weekday,30,0,30,read
2026-10-05 16:10,naples,miano,6452747,Luggage Storage Miano,2026-10-05,17,weekday,100,0,100,read
2026-10-05 16:10,naples,rione-sanita,6452507,Luggage Storage Via Arenaccia,2026-10-05,17,weekday,50,0,50,read
2026-10-05 16:10,naples,naples-centrale-train-station,6452429,Luggage Storage near Naples Piazza Garibaldi,2026-10-05,17,weekday,50,0,50,read
2026-10-05 16:10,naples,centro-storico,6451783,Luggage Storage near Naples Archaeological Museum,2026-10-05,17,weekday,25,0,25,read
2026-10-05 16:10,naples,via-toledo,6451707,Luggage Storage Naples Ferry Terminal,2026-10-05,17,weekday,55,0,55,read
2026-10-05 16:10,naples,rione-sanita,6451396,Luggage Storage Rione Amicizia,2026-10-05,17,weekday,10,0,10,read
2026-10-05 16:10,naples,napoli-porta-nolana,6451372,Luggage Storage Piazza Principe Umberto,2026-10-05,17,weekday,50,0,50,read
2026-10-05 16:10,naples,dante,6451213,Luggage Storage Napoli Piazza Dante,2026-10-05,17,weekday,25,0,25,read
2026-10-05 16:10,naples,santa-lucia,6451165,Luggage Storage Via Santa Lucia,2026-10-05,17,weekday,20,0,20,read
2026-10-05 16:10,naples,napoli-porta-nolana,6451082,Luggage Storage Università Metro Station,2026-10-05,17,weekday,23,0,23,read
2026-10-05 16:10,naples,porta-capuana,6451076,Luggage Storage Metropark Napoli Centrale,2026-10-05,17,weekday,90,0,90,read
2026-10-05 16:10,naples,rione-sanita,6436,Luggage Storage Rione Sanità,2026-10-05,17,weekday,20,0,20,read
2026-10-05 16:10,naples,naples-centrale-train-station,6387,Luggage Storage Chiesa Pietà Dei Turchini,2026-10-05,17,weekday,30,0,30,read
2026-10-05 16:10,naples,naples-city-center,5972,Luggage Storage Diana Theatre,2026-10-05,17,weekday,15,0,15,read
2026-10-05 16:10,naples,santa-lucia,5763,Luggage Storage Santa Lucia,2026-10-05,17,weekday,100,0,100,read
2026-10-05 16:10,naples,naples-cathedral,5702,Luggage Storage Napoli Piazza Cavour Transit Station,2026-10-05,17,weekday,35,6,29,read
2026-10-05 16:10,naples,naples-city-center,5468,Luggage Storage near Chiostro Di Santa Chiara,2026-10-05,17,weekday,50,0,50,read
2026-10-05 16:10,naples,universita,5195,Luggage Storage near Duomo Metro Station,2026-10-05,17,weekday,50,0,50,read
2026-10-05 16:10,naples,naples-airport,5163,Luggage Storage Naples Airport,2026-10-05,17,weekday,200,6,194,read
2026-10-05 16:10,naples,naples-city-center,5060,Luggage Storage Teatro San Ferdinando,2026-10-05,17,weekday,100,0,100,read
2026-10-05 16:10,naples,naples-centrale-train-station,5046,Luggage Storage Napoli Piazza Garibaldi,2026-10-05,17,weekday,50,0,50,read
2026-10-05 16:10,naples,naples-city-center,5040,Luggage Storage Piazza Cavour Station,2026-10-05,17,weekday,10,0,10,read
2026-10-05 16:10,naples,fuorigrotta,5037,Luggage Storage Fuorigrotta,2026-10-05,17,weekday,20,0,20,read
2026-10-05 16:10,naples,porta-capuana,4651,Luggage Storage Via Foria,2026-10-05,17,weekday,50,0,50,read
2026-10-05 16:10,naples,universita,4538,Luggage Storage Duomo Metro Station,2026-10-05,17,weekday,30,0,30,read
2026-10-05 16:10,naples,naples-centrale-train-station,4278,Luggage Storage Naples Piazza Garibaldi,2026-10-05,17,weekday,50,0,50,read
2026-10-05 16:10,naples,quattro-giornate-station,3952,Luggage Storage Quattro Giornate Station,2026-10-05,17,weekday,50,0,50,read
2026-10-05 16:10,naples,universita,3694,Luggage Storage Università Station,2026-10-05,17,weekday,20,0,20,read
2026-10-05 16:10,naples,san-lorenzo,3045,Luggage Storage Naples Underground,2026-10-05,17,weekday,20,0,20,read
2026-10-05 16:10,naples,piazza-del-gesu,1346,Luggage Storage near Museo Cappella Sansevero,2026-10-05,17,weekday,30,0,30,read
2026-10-05 16:10,florence,santa-maria-novella,884,Luggage Storage Santa Maria Novella,2026-10-05,17,weekday,140,29,111,read
2026-10-05 16:10,florence,santa-maria-novella,6461689,Luggage Storage Galleria Commerciale Santa Maria Novella,2026-10-05,17,weekday,125,4,121,read
2026-10-05 16:10,florence,santa-maria-novella,2262,Luggage Storage Florence Train Station,2026-10-05,17,weekday,100,3,97,read
2026-10-05 16:10,florence,duomo,5001,Luggage Storage Florence Cathedral,2026-10-05,17,weekday,50,0,50,read
2026-10-05 16:10,florence,battistero-di-san-giovanni,6662,Luggage Storage Riccardi Medici Palace,2026-10-05,17,weekday,30,0,30,read
2026-10-05 16:10,florence,via-dell-albero,6453618,Luggage Storage Firenze Basilica Santa Maria Novella,2026-10-05,17,weekday,70,3,67,read
2026-10-05 16:10,florence,campo-di-marte,6458764,Luggage Storage Artemio Franchi Stadium,2026-10-05,17,weekday,35,0,35,read
2026-10-05 16:10,florence,basilica-of-santa-maria-novella,6459632,Luggage Storage Duomo of Florence,2026-10-05,17,weekday,10,0,10,read
2026-10-05 16:10,florence,pitti,3272,Luggage Storage near Pitti Palace,2026-10-05,17,weekday,50,0,50,read
2026-10-05 16:10,florence,santa-croce,6459634,Luggage Storage near Piazza della Signoria,2026-10-05,17,weekday,50,0,50,read
2026-10-05 16:10,florence,district-1,6451863,Luggage Storage Hospital Of Innocents,2026-10-05,17,weekday,35,0,35,read
2026-10-05 16:10,florence,san-lorenzo,6661,Luggage Storage Central Market Square,2026-10-05,17,weekday,100,6,94,read
2026-10-05 16:10,florence,campo-di-marte,6461693,Luggage Storage Campo Marte Station,2026-10-05,17,weekday,35,0,35,read
2026-10-05 16:10,florence,campo-di-marte,966,Luggage Storage Sant'Ambrogio Market,2026-10-05,17,weekday,50,0,50,read
2026-10-05 16:10,florence,san-marco-florence,9349,Luggage Storage Piazza San Marco,2026-10-05,17,weekday,25,0,25,read
2026-10-05 16:10,florence,san-gallo,9345,Luggage Storage near Piazza Della Libertà,2026-10-05,17,weekday,45,0,45,read
2026-10-05 16:10,florence,san-lorenzo,9317,Luggage Storage Via Guelfa / Mercato Centrale,2026-10-05,17,weekday,30,0,30,read
2026-10-05 16:10,florence,rifredi,9286,Luggage Storage near Rifredi Railway Station,2026-10-05,17,weekday,10,2,8,read
2026-10-05 16:10,florence,rifredi,9282,Luggage Storage Piazza Dalmazia,2026-10-05,17,weekday,25,0,25,read
2026-10-05 16:10,florence,via-de-boni,8054,Luggage Storage Basilica Di San Lorenzo,2026-10-05,17,weekday,30,0,30,read
2026-10-05 16:10,florence,basilica-of-santa-maria-novella,6708,Luggage Storage Piazza Della Indipendenza,2026-10-05,17,weekday,15,0,15,read
2026-10-05 16:10,florence,basilica-di-santo-spirito,6693,Luggage Storage near Museo Novecento,2026-10-05,17,weekday,35,0,35,read
2026-10-05 16:10,florence,santa-croce,6473579,Luggage Storage near Uffizi Galleries,2026-10-05,17,weekday,25,0,25,read
2026-10-05 16:10,florence,santa-maria-novella,6471146,Luggage Storage Via Faenza / SMN,2026-10-05,17,weekday,30,0,30,read
2026-10-05 16:10,florence,santa-maria-novella,6471100,Luggage Storage Via Sant'Antonino,2026-10-05,17,weekday,10,0,10,read
2026-10-05 16:10,florence,santo-spirito,6471019,Luggage Storage Palazzo Pitti,2026-10-05,17,weekday,50,0,50,read
2026-10-05 16:10,florence,san-lorenzo,6470899,Luggage Storage Mercato Centrale Firenze,2026-10-05,17,weekday,30,0,30,read
2026-10-05 16:10,florence,porta-al-prato,6470874,Luggage Storage Porta al Prato,2026-10-05,17,weekday,100,0,100,read
2026-10-05 16:10,florence,santa-croce,6470821,Luggage Storage Santa Croce Church,2026-10-05,17,weekday,40,0,40,read
2026-10-05 16:10,florence,san-lorenzo,6470655,Luggage Storage San Lorenzo,2026-10-05,17,weekday,20,0,20,read
2026-10-05 16:10,florence,basilica-of-santa-maria-novella,6469938,Luggage Storage near Strozzi Palace,2026-10-05,17,weekday,30,0,30,read
2026-10-05 16:10,florence,santa-maria-novella,6469294,Luggage Storage San Frediano,2026-10-05,17,weekday,50,0,50,read
2026-10-05 16:10,florence,santa-croce,6467881,Luggage Storage near Sant'Ambrogio,2026-10-05,17,weekday,30,0,30,read
2026-10-05 16:10,florence,basilica-of-santa-maria-novella,6461934,Luggage Storage Via Ghibellina,2026-10-05,17,weekday,20,0,20,read
2026-10-05 16:10,florence,san-marco-florence,6461687,Luggage Storage Via Nazionale,2026-10-05,17,weekday,20,0,20,read
2026-10-05 16:10,florence,santa-maria-novella,6460996,Luggage Storage Smn Station / Largo Alinari,2026-10-05,17,weekday,100,2,98,read
2026-10-05 16:10,florence,basilica-of-santa-maria-novella,6460614,Luggage Storage Via Guelfa / Piazza San Marco,2026-10-05,17,weekday,30,0,30,read
2026-10-05 16:10,florence,santa-croce,6460461,Luggage Storage near Museum Of Illusions Florence,2026-10-05,17,weekday,35,0,35,read
2026-10-05 16:10,florence,santa-croce,6460434,Luggage Storage near Verdi Theatre,2026-10-05,17,weekday,35,0,35,read
2026-10-05 16:10,florence,santa-croce,6459866,Luggage Storage near Casa Buonarroti,2026-10-05,17,weekday,30,0,30,read
2026-10-05 16:10,florence,santo-spirito,6458479,Luggage Storage Ponte Vecchio,2026-10-05,17,weekday,40,0,40,read
2026-10-05 16:10,florence,porta-al-prato,6458372,Luggage Storage Via Baracca,2026-10-05,17,weekday,20,0,20,read
2026-10-05 16:10,florence,san-marco-florence,6458364,Luggage Storage Firenze San Marco,2026-10-05,17,weekday,20,0,20,read
2026-10-05 16:10,florence,santa-maria-novella,6458362,Luggage Storage near Florence Train Station,2026-10-05,17,weekday,30,7,23,read
2026-10-05 16:10,florence,santa-maria-novella,6458274,Luggage Storage Via Guelfa,2026-10-05,17,weekday,40,0,40,read
2026-10-05 16:10,florence,santa-maria-novella,6458270,Luggage Storage Santa Maria Novella Square,2026-10-05,17,weekday,10,0,10,read
2026-10-05 16:10,florence,district-1,6458204,Luggage Storage San Jacopino,2026-10-05,17,weekday,20,0,20,read
2026-10-05 16:10,florence,piazza-torquato-tasso,6458194,Luggage Storage Tasso Square,2026-10-05,17,weekday,35,0,35,read
2026-10-05 16:10,florence,porta-al-prato,6458173,Luggage Storage Porta Al Prato Railway Station,2026-10-05,17,weekday,20,0,20,read
2026-10-05 16:10,florence,stazione-via-panzani,6457073,Luggage Storage Medici Chapel,2026-10-05,17,weekday,30,0,30,read
2026-10-05 16:10,florence,florence-airport,6457071,Luggage Storage Via Reginaldo Giuliani,2026-10-05,17,weekday,30,0,30,read
2026-10-05 16:10,florence,basilica-of-santa-maria-novella,6457002,Luggage Storage Rosselli / Florence SMN,2026-10-05,17,weekday,40,0,40,read
2026-10-05 16:10,florence,florence-mercato-centrale,6456979,Luggage Storage near Market Central Square,2026-10-05,17,weekday,15,0,15,read
2026-10-05 16:10,florence,san-niccolo,6456271,Luggage Storage Viale Amendola,2026-10-05,17,weekday,25,0,25,read
2026-10-05 16:10,florence,santa-croce,6456146,Luggage Storage Pietrapiana / Salvemini,2026-10-05,17,weekday,30,0,30,read
2026-10-05 16:10,florence,fortezza-dal-basso,6454818,Luggage Storage Indipendenza / Ridolfi,2026-10-05,17,weekday,30,0,30,read
2026-10-05 16:10,florence,porta-al-prato,6435,Luggage Storage Piazza Della Stazione,2026-10-05,17,weekday,30,0,30,read
2026-10-05 16:10,florence,florence-city-center,4353,Luggage Storage near Sant'ambrogio Market,2026-10-05,17,weekday,20,0,20,read
2026-10-05 16:10,florence,santa-maria-novella,3216,Luggage Storage San Marco Square,2026-10-05,17,weekday,20,0,20,read
2026-10-05 16:10,florence,scandicci,100,Luggage Storage Scandicci,2026-10-05,17,weekday,300,0,300,read
2026-10-05 16:10,turin,museo-pietro-micca,7213,Luggage Storage Porta Susa Railway Station,2026-10-05,17,weekday,95,14,81,read
2026-10-05 16:10,turin,egyptian-museum,3013,Luggage Storage Egyptian Museum,2026-10-05,17,weekday,75,0,75,read
2026-10-05 16:10,turin,cit-turin,332,Luggage Storage Porta Susa,2026-10-05,17,weekday,300,0,300,read
2026-10-05 16:10,turin,stazione-porta-nuova,8889,Luggage Storage Porta Nuova Railway Station,2026-10-05,17,weekday,110,0,110,read
2026-10-05 16:10,turin,stazione-porta-nuova,7814,Luggage Storage Porta Nuova Train Station,2026-10-05,17,weekday,55,1,54,read
2026-10-05 16:10,turin,allianz-stadium,2987,Luggage Storage Juventus Stadium,2026-10-05,17,weekday,100,0,100,read
2026-10-05 16:10,turin,stazione-porta-nuova,3071,Luggage Storage Porta Nuova,2026-10-05,17,weekday,50,0,50,read
2026-10-05 16:10,turin,quadrilatero-romano,7178,Luggage Storage Porta Susa Train Station,2026-10-05,17,weekday,50,0,50,read
2026-10-05 16:10,turin,piazza-castello,8894,Luggage Storage Via Xx Settembre / Bertola,2026-10-05,17,weekday,55,4,51,read
2026-10-05 16:10,turin,porta-palazzo-market,7866,Luggage Storage Santuario Della Consolata,2026-10-05,17,weekday,100,0,100,read
2026-10-05 16:10,turin,stazione-porta-nuova,6459711,Luggage Storage Porta Nuova / Marconi,2026-10-05,17,weekday,35,0,35,read
2026-10-05 16:10,turin,palazzo-madama,3017,Luggage Storage Turin City Center,2026-10-05,17,weekday,20,0,20,read
2026-10-05 16:10,turin,national-cinema-museum,6451106,Luggage Storage Mole Di Torino,2026-10-05,17,weekday,30,0,30,read
2026-10-05 16:10,turin,galleria-sabauda,9143,Luggage Storage Xviii Dicembre Metro Station,2026-10-05,17,weekday,20,0,20,read
2026-10-05 16:10,turin,lingotto-fiere,8901,Luggage Storage Lingotto Metro Station,2026-10-05,17,weekday,50,0,50,read
2026-10-05 16:10,turin,palazzo-reale,8898,Luggage Storage Chapel Of The Merchants,2026-10-05,17,weekday,30,0,30,read
2026-10-05 16:10,turin,aurora,8891,Luggage Storage Corso Giulio Cesare / Ponte Mosca,2026-10-05,17,weekday,20,0,20,read
2026-10-05 16:10,turin,piazza-vittorio-veneto,8876,Luggage Storage Chiesa Di Santa Giulia,2026-10-05,17,weekday,20,0,20,read
2026-10-05 16:10,turin,mole-antonelliana,8871,Luggage Storage Mole Antonelliana,2026-10-05,17,weekday,10,0,10,read
2026-10-05 16:10,turin,city-center,8867,Luggage Storage Via Nizza,2026-10-05,17,weekday,25,0,25,read
2026-10-05 16:10,turin,barriera-di-milano,8866,Luggage Storage Corso Palermo / Ancona,2026-10-05,17,weekday,30,0,30,read
2026-10-05 16:10,turin,torino-porta-susa,8858,Luggage Storage Corso Palermo,2026-10-05,17,weekday,10,0,10,read
2026-10-05 16:10,turin,torino-porta-susa,8843,Luggage Storage Re Umberto Metro Station,2026-10-05,17,weekday,35,0,35,read
2026-10-05 16:10,turin,crocetta,8687,Luggage Storage Corso Mediterraneo,2026-10-05,17,weekday,25,0,25,read
2026-10-05 16:10,turin,barriera-di-milano,8657,Luggage Storage Corso Giulio Cesare,2026-10-05,17,weekday,10,0,10,read
2026-10-05 16:10,turin,barriera-di-milano,8654,Luggage Storage Giardino Giuseppe Saragat,2026-10-05,17,weekday,10,0,10,read
2026-10-05 16:10,turin,stazione-porta-nuova,8621,Luggage Storage Borgo San Paolo,2026-10-05,17,weekday,10,0,10,read
2026-10-05 16:10,turin,parco-del-valentino,7793,Luggage Storage Corso Marconi,2026-10-05,17,weekday,10,0,10,read
2026-10-05 16:10,turin,stazione-porta-nuova,7760,Luggage Storage Castello Del Valentino,2026-10-05,17,weekday,30,0,30,read
2026-10-05 16:10,turin,stazione-porta-nuova,6473147,Luggage Storage Assietta / Porta Nuova,2026-10-05,17,weekday,50,0,50,read
2026-10-05 16:10,turin,stazione-porta-nuova,6473141,Luggage Storage Madama Cristina Bus Stop,2026-10-05,17,weekday,20,0,20,read
2026-10-05 16:10,turin,city-center,6472386,Luggage Storage Rossini Tram Stop,2026-10-05,17,weekday,40,0,40,read
2026-10-05 16:10,turin,stazione-porta-nuova,6470841,Luggage Storage Piazza Madama Cristina,2026-10-05,17,weekday,20,0,20,read
2026-10-05 16:10,turin,torino-porta-susa,6469902,Luggage Storage Piazza Sabotino,2026-10-05,17,weekday,20,0,20,read
2026-10-05 16:10,turin,santa-rita,6467968,Luggage Storage near Inalpi Arena,2026-10-05,17,weekday,35,0,35,read
2026-10-05 16:10,turin,quadrilatero,6467955,Luggage Storage Via Garibaldi,2026-10-05,17,weekday,25,0,25,read
2026-10-05 16:10,turin,lingotto,6467954,Luggage Storage Unione Sovietica / Buenos Aires,2026-10-05,17,weekday,15,0,15,read
2026-10-05 16:10,turin,lingotto,6467873,Luggage Storage Caserma Morelli,2026-10-05,17,weekday,20,0,20,read
2026-10-05 16:10,turin,city-center,6462378,Luggage Storage near Piazza Carlo Alberto,2026-10-05,17,weekday,25,0,25,read
2026-10-05 16:10,turin,lingotto,6460332,Luggage Storage near Torino Lingotto Railway Station,2026-10-05,17,weekday,30,0,30,read
2026-10-05 16:10,turin,cenisia,6456139,Luggage Storage Via Monginevro,2026-10-05,17,weekday,10,0,10,read
2026-10-05 16:10,turin,piazza-statuto,6452006,Luggage Storage Torino Piazza Statuto,2026-10-05,17,weekday,40,1,39,read
2026-10-05 16:10,turin,lingotto,6451048,Luggage Storage Corso Unione Sovietica,2026-10-05,17,weekday,25,0,25,read
2026-10-05 16:10,turin,piazza-san-carlo,4500,Luggage Storage Piazza San Carlo,2026-10-05,17,weekday,25,0,25,read
2026-10-05 16:10,turin,cenisia,3561,Luggage Storage Cenisia,2026-10-05,17,weekday,100,0,100,read
2026-10-05 16:10,turin,torino-dora,3383,Luggage Storage Torino Dora,2026-10-05,17,weekday,50,0,50,read
2026-10-05 16:10,turin,barriera-di-milano,3023,Luggage Storage Torino Rebaudengo Fossata,2026-10-05,17,weekday,20,0,20,read
2026-10-05 16:10,catania,catania-centrale,6560,Luggage Storage Catania Bus Station,2026-10-05,17,weekday,100,0,100,read
2026-10-05 16:10,catania,city-center,7081,Luggage Storage Fountain Of The Elephant,2026-10-05,17,weekday,40,5,35,read
2026-10-05 16:10,catania,city-center,3024,Luggage Storage Castello Ursino,2026-10-05,17,weekday,25,0,25,read
2026-10-05 16:10,catania,city-center,4344,Luggage Storage Piazza Stesicoro,2026-10-05,17,weekday,50,2,48,read
2026-10-05 16:10,catania,catania-centrale,6452503,Luggage Storage Catania Centrale Train Station,2026-10-05,17,weekday,30,0,30,read
2026-10-05 16:10,catania,city-center,2598,Luggage Storage Villa Bellini,2026-10-05,17,weekday,10,0,10,read
2026-10-05 16:10,catania,city-center,6797,Luggage Storage Stesicoro Metro Station,2026-10-05,17,weekday,30,0,30,read
2026-10-05 16:10,catania,city-center,2764,Luggage Storage Roman Arena,2026-10-05,17,weekday,20,0,20,read
2026-10-05 16:10,catania,catania-centrale,7066,Luggage Storage Catania Railway Station,2026-10-05,17,weekday,20,0,20,read
2026-10-05 16:10,catania,city-center,7058,Luggage Storage Monastery Of San Nicolò L'arena,2026-10-05,17,weekday,25,0,25,read
2026-10-05 16:10,catania,catania-centrale,6577,Luggage Storage Via Archimede,2026-10-05,17,weekday,100,0,100,read
2026-10-05 16:10,catania,city-center,6473509,Luggage Storage Via Lago di Nicito,2026-10-05,17,weekday,10,0,10,read
2026-10-05 16:10,catania,city-center,6473139,Luggage Storage Ursino Castle,2026-10-05,17,weekday,50,0,50,read
2026-10-05 16:10,catania,catania-airport,6471153,Luggage Storage Catania Airport Area,2026-10-05,17,weekday,100,1,99,read
2026-10-05 16:10,catania,city-center,6471007,Luggage Storage Piazza Federico di Svevia,2026-10-05,17,weekday,25,0,25,read
2026-10-05 16:10,catania,porta-garibaldi,6470901,Luggage Storage near Castello Ursino,2026-10-05,17,weekday,50,0,50,read
2026-10-05 16:10,catania,city-center,6470896,Luggage Storage Greek - Roman Theatre,2026-10-05,17,weekday,30,0,30,read
2026-10-05 16:10,catania,porta-garibaldi,6461808,Luggage Storage Piazza del Risorgimento,2026-10-05,17,weekday,40,0,40,read
2026-10-05 16:10,catania,borgo-sanzio,6460804,Luggage Storage near Villa Bellini,2026-10-05,17,weekday,30,0,30,read
2026-10-05 16:10,catania,borgo-sanzio,6460361,Luggage Storage near Catania Stadium,2026-10-05,17,weekday,20,0,20,read
2026-10-05 16:10,catania,catania-centrale,6460060,Luggage Storage Catania Centrale Railway Station,2026-10-05,17,weekday,80,0,80,read
2026-10-05 16:10,catania,piazza-stesicoro,6459466,Luggage Storage Via Umberto I,2026-10-05,17,weekday,20,0,20,read
2026-10-05 16:10,catania,city-center,6459443,Luggage Storage Catania Porta Garibaldi,2026-10-05,17,weekday,30,0,30,read
2026-10-05 16:10,catania,piazza-stesicoro,6459415,Luggage Storage Etnea Sangiuliano,2026-10-05,17,weekday,20,0,20,read
2026-10-05 16:10,catania,city-center,6459389,Luggage Storage Vittorio Emanuele Ii / Plebiscito,2026-10-05,17,weekday,20,3,17,read
2026-10-05 16:10,catania,city-center,6459381,Luggage Storage near San Cristoforo,2026-10-05,17,weekday,20,0,20,read
2026-10-05 16:10,catania,city-center,6459362,Luggage Storage Catania Stadium,2026-10-05,17,weekday,20,0,20,read
2026-10-05 16:10,catania,borgo-sanzio,6458945,Luggage Storage Orto Botanico di Catania,2026-10-05,17,weekday,20,0,20,read
2026-10-05 16:10,catania,catania-centrale,6458942,Luggage Storage Via Vittorio Emanuele II,2026-10-05,17,weekday,20,3,17,read
2026-10-05 16:10,catania,catania-centrale,6456695,Luggage Storage Catania Bus Terminal,2026-10-05,17,weekday,20,3,17,read
2026-10-05 16:10,catania,university-of-catania,6456575,Luggage Storage near Teatro Massimo Bellini,2026-10-05,17,weekday,50,0,50,read
2026-10-05 16:10,catania,city-center,6456574,Luggage Storage Via Garibaldi,2026-10-05,17,weekday,30,0,30,read
2026-10-05 16:10,catania,catania-airport,6454786,Luggage Storage near Catania Airport,2026-10-05,17,weekday,50,4,46,read
2026-10-05 16:10,catania,city-center,6453899,Luggage Storage Catania Centrale,2026-10-05,17,weekday,35,3,32,read
2026-10-05 16:10,catania,catania-centrale,6452808,Luggage Storage near Catania Porto,2026-10-05,17,weekday,100,0,100,read
2026-10-05 16:10,catania,city-center,6452806,Luggage Storage Catania Harbor Pier,2026-10-05,17,weekday,10,0,10,read
2026-10-05 16:10,catania,catania-centrale,6452780,Luggage Storage Giovanni Xxiii Metro Station,2026-10-05,17,weekday,25,0,25,read
2026-10-05 16:10,catania,university-of-catania,6452772,Luggage Storage Catania Porto,2026-10-05,17,weekday,25,0,25,read
2026-10-05 16:10,catania,city-center,6452283,Luggage Storage near Angelo Massimino Stadium,2026-10-05,17,weekday,50,0,50,read
2026-10-05 16:10,catania,borgo-sanzio,4210,Luggage Storage Borgo-sanzio,2026-10-05,17,weekday,150,0,150,read
2026-10-05 16:10,venice,santa-lucia-station,4896,Luggage Storage Venezia Santa Lucia Station,2026-10-05,17,weekday,140,24,116,read
2026-10-05 16:10,venice,rialto,149,Luggage Storage Rialto Bridge,2026-10-05,17,weekday,300,0,300,read
2026-10-05 16:10,venice,san-marco,1078,Luggage Storage San Marco,2026-10-05,17,weekday,45,0,45,read
2026-10-05 16:10,venice,cannaregio,123,Luggage Storage St Lucia,2026-10-05,17,weekday,300,0,300,read
2026-10-05 16:10,venice,santa-lucia-station,9596,Luggage Storage Venice Railway Station,2026-10-05,17,weekday,100,5,95,read
2026-10-05 16:10,venice,peggy-guggenheim-collection,4912,Luggage Storage S. Maria Del Giglio,2026-10-05,17,weekday,40,0,40,read
2026-10-05 16:10,venice,piazzale-roma,5722,Luggage Storage Piazzale Roma,2026-10-05,17,weekday,100,3,97,read
2026-10-05 16:10,venice,cannaregio,6292,Luggage Storage Ghetto Ebraico,2026-10-05,17,weekday,35,0,35,read
2026-10-05 16:10,venice,dorsoduro,4932,Luggage Storage near Ponte Degli Scalzi,2026-10-05,17,weekday,60,0,60,read
2026-10-05 16:10,venice,piazzale-roma,9579,Luggage Storage Piazzale Roma Terminal Bus,2026-10-05,17,weekday,55,5,50,read
2026-10-05 16:10,venice,biennale,4902,Luggage Storage Campo Bandiera E Moro,2026-10-05,17,weekday,50,0,50,read
2026-10-05 16:10,venice,giudecca,6452766,Luggage Storage Giudecca Palanca,2026-10-05,17,weekday,25,0,25,read
2026-10-05 16:10,venice,san-polo,9621,Luggage Storage Ponte San Polo,2026-10-05,17,weekday,30,0,30,read
2026-10-05 16:10,venice,venice-lido,9617,Luggage Storage Venezia Lido,2026-10-05,17,weekday,25,0,25,read
2026-10-05 16:10,venice,san-marco,9616,Luggage Storage Giardini Della Marinaressa,2026-10-05,17,weekday,25,0,25,read
2026-10-05 16:10,venice,city-center,9580,Luggage Storage Calle Dei Preti,2026-10-05,17,weekday,50,0,50,read
2026-10-05 16:10,venice,san-polo,6473647,Luggage Storage near Venice San Polo,2026-10-05,17,weekday,100,0,100,read
2026-10-05 16:10,venice,cannaregio,6472946,Luggage Storage San Geremia,2026-10-05,17,weekday,15,1,14,read
2026-10-05 16:10,venice,doge-s-palace,6472938,Luggage Storage S. Marco-San Zaccaria 'B',2026-10-05,17,weekday,50,3,47,read
2026-10-05 16:10,venice,cannaregio,6469821,Luggage Storage near Oratory of Crociferi,2026-10-05,17,weekday,100,3,97,read
2026-10-05 16:10,venice,venice-castello,6469788,Luggage Storage Church of Miracoli,2026-10-05,17,weekday,50,0,50,read
2026-10-05 16:10,venice,doge-s-palace,6469768,Luggage Storage Santa Maria Formosa Church,2026-10-05,17,weekday,100,0,100,read
2026-10-05 16:10,venice,city-center,6457906,Luggage Storage near Basilica of Saints John and Paul,2026-10-05,17,weekday,30,0,30,read
2026-10-05 16:10,venice,constitution-bridge,6457620,Luggage Storage Venice Bus Terminal,2026-10-05,17,weekday,90,1,89,read
2026-10-05 16:10,venice,campo-dei-frari,6456399,Luggage Storage Campo Dei Frari,2026-10-05,17,weekday,25,0,25,read
2026-10-05 16:10,venice,san-marco,6452270,Luggage Storage Venezia San Marco,2026-10-05,17,weekday,55,4,51,read
2026-10-05 16:10,venice,murano,6452261,Luggage Storage Murano Venier Ferry Terminal,2026-10-05,17,weekday,30,0,30,read
2026-10-05 16:10,venice,accademia-gallery,6452230,Luggage Storage Zattere Ferry Terminal,2026-10-05,17,weekday,65,7,58,read
2026-10-05 16:10,venice,ca-d-oro-pier-station,6452182,Luggage Storage F.Te Nove Ferry Terminal,2026-10-05,17,weekday,40,2,38,read
2026-10-05 16:10,venice,venice-marco-polo-airport,6452148,Luggage Storage near Venice Marco Polo Area,2026-10-05,17,weekday,45,0,45,read
2026-10-05 16:10,venice,san-polo,5731,Luggage Storage Campo S. Agostin,2026-10-05,17,weekday,20,0,20,read
2026-10-05 16:10,venice,santa-croce,5723,Luggage Storage near Giardini Papadopoli,2026-10-05,17,weekday,20,0,20,read
2026-10-05 16:10,venice,murano-da-mula,5437,Luggage Storage Murano Da Mula,2026-10-05,17,weekday,200,0,200,read
2026-10-05 16:10,venice,brondolo,5305,Luggage Storage Brondolo,2026-10-05,17,weekday,200,0,200,read
2026-10-05 16:10,venice,city-center,4914,Luggage Storage San Polo,2026-10-05,17,weekday,20,0,20,read
2026-10-05 16:10,venice,santa-lucia-train-station,2852,Luggage Storage near Venice Bus Station,2026-10-05,17,weekday,15,0,15,read
2026-10-05 16:10,bari,bari-centrale-train-station,233,Luggage Storage Bari Centrale Train Station,2026-10-05,17,weekday,300,0,300,read
2026-10-05 16:10,bari,basilica-san-nicola,2325,Luggage Storage St. Nicholas Cathedral,2026-10-05,17,weekday,30,0,30,read
2026-10-05 16:10,bari,bari-centrale-train-station,6452171,Luggage Storage Bari Centrale Station,2026-10-05,17,weekday,100,4,96,read
2026-10-05 16:10,bari,bari-vecchia,6461890,Luggage Storage Basilica San Nicola,2026-10-05,17,weekday,100,5,95,read
2026-10-05 16:10,bari,bari-centrale-train-station,6455967,Luggage Storage near Castello Svevo Di Bari,2026-10-05,17,weekday,100,3,97,read
2026-10-05 16:10,bari,palazzo-fizzarotti,6459578,Luggage Storage near Palazzo Fizzarotti,2026-10-05,17,weekday,30,0,30,read
2026-10-05 16:10,bari,bari-centrale-train-station,7326,Luggage Storage Bari Centrale Stazione Fs,2026-10-05,17,weekday,35,0,35,read
2026-10-05 16:10,bari,city-center,9646,Luggage Storage near Palazzo Mincuzzi,2026-10-05,17,weekday,100,0,100,read
2026-10-05 16:10,bari,bari-centrale-train-station,9316,Luggage Storage Giardini Di Piazza Umberto I,2026-10-05,17,weekday,20,0,20,read
2026-10-05 16:10,bari,old-town,8639,Luggage Storage Fortino Di Sant'Antonio,2026-10-05,17,weekday,30,,,unavailable
2026-10-05 16:10,bari,bari-centrale-train-station,6800,Luggage Storage Bari Train Station,2026-10-05,17,weekday,60,0,60,read
2026-10-05 16:10,bari,bari-centrale-train-station,6472928,Luggage Storage Crispi-Garibaldi,2026-10-05,17,weekday,20,0,20,read
2026-10-05 16:10,bari,bari-centrale-train-station,6470157,Luggage Storage Cavour - Petroni,2026-10-05,17,weekday,100,0,100,read
2026-10-05 16:10,bari,bari-vecchia,6463189,Luggage Storage Crispi-Trevisani,2026-10-05,17,weekday,20,0,20,read
2026-10-05 16:10,bari,bari-centrale-train-station,6462370,Luggage Storage Corso Cavour / Centrale,2026-10-05,17,weekday,20,,,unavailable
2026-10-05 16:10,bari,bari-centrale-train-station,6461837,Luggage Storage Piazza Garibaldi,2026-10-05,17,weekday,35,0,35,read
2026-10-05 16:10,bari,bari-centrale-train-station,6461821,Luggage Storage Sella-Crisanzio,2026-10-05,17,weekday,20,0,20,read
2026-10-05 16:10,bari,bari-centrale-train-station,6460739,Luggage Storage Bari Bus Station,2026-10-05,17,weekday,20,3,17,read
2026-10-05 16:10,bari,bari-centrale-train-station,6460337,Luggage Storage Piazza Umberto I / Station,2026-10-05,17,weekday,100,0,100,read
2026-10-05 16:10,bari,bari-centrale-train-station,6459572,Luggage Storage Via Quintino Sella,2026-10-05,17,weekday,20,0,20,read
2026-10-05 16:10,bari,bari-centrale-train-station,6459558,Luggage Storage near Pinacoteca Metropolitana,2026-10-05,17,weekday,20,0,20,read
2026-10-05 16:10,bari,bari-centrale-train-station,6459542,Luggage Storage Bari Central Railway Station,2026-10-05,17,weekday,20,0,20,read
2026-10-05 16:10,bari,marconi,6457603,Luggage Storage Corso Sidney Sonnino,2026-10-05,17,weekday,20,0,20,read
2026-10-05 16:10,bari,bari-centrale-train-station,6455905,Luggage Storage near Giardini Piazza Umberto I,2026-10-05,17,weekday,10,0,10,read
2026-10-05 16:10,bari,bari-centrale-train-station,6455904,Luggage Storage near Bari Central Railway Station,2026-10-05,17,weekday,10,0,10,read
2026-10-05 16:10,bari,bari-centrale-train-station,6455593,Luggage Storage Piccinni-Cavour,2026-10-05,17,weekday,15,0,15,read
2026-10-05 16:10,bari,madonnella,6455296,Luggage Storage near Corso Sydney Sonnino,2026-10-05,17,weekday,25,0,25,read
2026-10-05 16:10,bari,madonnella,6455103,Luggage Storage near Bari Marconi Station,2026-10-05,17,weekday,55,0,55,read
2026-10-05 16:10,bari,altamura,6455039,Luggage Storage Altamura St Mary'S Cathedral,2026-10-05,17,weekday,10,0,10,read
2026-10-05 16:10,bari,teatro-petruzzelli,6454961,Luggage Storage Largo Eroi Del Mare,2026-10-05,17,weekday,35,2,33,read
2026-10-05 16:10,bari,quartiere-umbertino,6454957,Luggage Storage Quartiere Umbertino,2026-10-05,17,weekday,15,0,15,read
2026-10-05 16:10,bari,marconi,6454617,Luggage Storage near Via Napoli,2026-10-05,17,weekday,50,0,50,read
2026-10-05 16:10,bari,city-center,5825,Luggage Storage Petruzzelli Opera House,2026-10-05,17,weekday,300,0,300,read
2026-10-05 16:10,bari,city-center,5657,Luggage Storage Bari City Center,2026-10-05,17,weekday,100,0,100,read
2026-10-05 16:10,bari,teatro-petruzzelli,5234,Luggage Storage near Teatro Petruzzelli,2026-10-05,17,weekday,60,0,60,read
2026-10-05 16:10,bari,bari-centrale-train-station,3515,Luggage Storage Piazza Umberto I,2026-10-05,17,weekday,15,0,15,read
2026-10-05 16:10,bari,city-center,3420,Luggage Storage City Hall,2026-10-05,17,weekday,20,0,20,read
2026-10-05 16:10,bari,bari-centrale-train-station,2652,Luggage Storage Bari Railway Station,2026-10-05,17,weekday,300,0,300,read
2026-10-05 16:10,bari,fiera-del-levante,1377,Luggage Storage Via Napoli,2026-10-05,17,weekday,30,0,30,read
2026-10-05 16:10,palermo,palermo-centrale,6517,Luggage Storage Palermo Train Station,2026-10-05,17,weekday,90,9,81,read
2026-10-05 16:10,palermo,palermo-centrale,7233,Luggage Storage Palermo Central Station,2026-10-05,17,weekday,45,2,43,read
2026-10-05 16:10,palermo,albergheria,6677,Luggage Storage Palermo Cathedral,2026-10-05,17,weekday,35,5,30,read
2026-10-05 16:10,palermo,palermo-city-center,2520,Luggage Storage Aragona Square,2026-10-05,17,weekday,40,0,40,read
2026-10-05 16:10,palermo,palermo-city-center,2579,Luggage Storage Kalsa,2026-10-05,17,weekday,25,0,25,read
2026-10-05 16:10,palermo,historical-centre-of-palermo,6453593,Luggage Storage Fontana Pretoria,2026-10-05,17,weekday,30,0,30,read
2026-10-05 16:10,palermo,palermo-city-center,2164,Luggage Storage Verdi Square,2026-10-05,17,weekday,100,0,100,read
2026-10-05 16:10,palermo,port-palermo,9162,Luggage Storage Palermo Notarbartolo Railway Station,2026-10-05,17,weekday,30,1,29,read
2026-10-05 16:10,palermo,palazzo-comitini,7142,Luggage Storage Church Of San Cataldo,2026-10-05,17,weekday,50,8,42,read
2026-10-05 16:10,palermo,palermo-city-center,7040,Luggage Storage Chiesa Del Gesù Di Casa Professa,2026-10-05,17,weekday,45,0,45,read
2026-10-05 16:10,palermo,port-palermo,6742,Luggage Storage Palermo Port,2026-10-05,17,weekday,100,0,100,read
2026-10-05 16:10,palermo,palermo-centrale,6474457,Luggage Storage near Palermo Station,2026-10-05,17,weekday,20,6,14,read
2026-10-05 16:10,palermo,port-palermo,6473031,Luggage Storage near Albero Falcone,2026-10-05,17,weekday,20,0,20,read
2026-10-05 16:10,palermo,settecannoli,6472361,Luggage Storage Settecannoli / Romagnolo,2026-10-05,17,weekday,50,0,50,read
2026-10-05 16:10,palermo,fiera,6469236,Luggage Storage Isola delle Femmine,2026-10-05,17,weekday,50,4,46,read
2026-10-05 16:10,palermo,historical-centre-of-palermo,6461679,Luggage Storage Palermo Old Town,2026-10-05,17,weekday,35,0,35,read
2026-10-05 16:10,palermo,mondello,6460855,Luggage Storage Mondello Port,2026-10-05,17,weekday,20,0,20,read
2026-10-05 16:10,palermo,piazza-verdi,6460692,Luggage Storage near Piazza Verdi,2026-10-05,17,weekday,40,1,39,read
2026-10-05 16:10,palermo,mont-di-pieta,6460282,Luggage Storage near Palermo Teatro Massimo,2026-10-05,17,weekday,20,0,20,read
2026-10-05 16:10,palermo,palermo-centrale,6458911,Luggage Storage near Piazza Giulio Cesare,2026-10-05,17,weekday,20,0,20,read
2026-10-05 16:10,palermo,palermo-centrale,6458874,Luggage Storage Palermo Centrale Train Station,2026-10-05,17,weekday,35,4,31,read
2026-10-05 16:10,palermo,mondello,6456875,Luggage Storage near Mondello,2026-10-05,17,weekday,20,0,20,read
2026-10-05 16:10,palermo,mont-di-pieta,6456648,Luggage Storage near Palermo Archeological Museum,2026-10-05,17,weekday,25,0,25,read
2026-10-05 16:10,palermo,palermo-city-center,6456643,Luggage Storage Palermo Palazzo Reale-Orleans,2026-10-05,17,weekday,45,0,45,read
2026-10-05 16:10,palermo,historical-centre-of-palermo,6456367,Luggage Storage near Catacombe Porta D'Ossuna,2026-10-05,17,weekday,25,,,unavailable
2026-10-05 16:10,palermo,palermo-city-center,6005,Luggage Storage Massimo Theater,2026-10-05,17,weekday,30,0,30,read
2026-10-05 16:10,palermo,palermo-city-center,5039,Luggage Storage City Center Palermo,2026-10-05,17,weekday,150,0,150,read
2026-10-05 16:10,palermo,port-palermo,3971,Luggage Storage Palermo Tirrenia Ferry Terminal,2026-10-05,17,weekday,100,0,100,read
2026-10-05 16:10,bologna,bologna-centrale-railway-station,5280,Luggage Storage Bologna Centrale Station,2026-10-05,17,weekday,65,14,51,read
2026-10-05 16:10,bologna,two-towers,3914,Luggage Storage Two Towers Bologna,2026-10-05,17,weekday,40,0,40,read
2026-10-05 16:10,bologna,piazza-maggiore,9171,Luggage Storage Bologna Piazza Maggiore,2026-10-05,17,weekday,100,4,96,read
2026-10-05 16:10,bologna,bologna-city-center,9194,Luggage Storage La Piccola Venezia,2026-10-05,17,weekday,35,0,35,read
2026-10-05 16:10,bologna,piazza-maggiore,6450925,Luggage Storage Bologna Old Town,2026-10-05,17,weekday,100,0,100,read
2026-10-05 16:10,bologna,bologna-centrale-railway-station,9193,Luggage Storage Bologna Train Station,2026-10-05,17,weekday,100,0,100,read
2026-10-05 16:10,bologna,bologna-centrale-railway-station,6452157,Luggage Storage Bologna Centrale Train Station,2026-10-05,17,weekday,100,3,97,read
2026-10-05 16:10,bologna,bologna-city-center,9222,Luggage Storage Parco 11 Settembre,2026-10-05,17,weekday,30,0,30,read
2026-10-05 16:10,bologna,belvedere-mercato-delle-erbe,9308,Luggage Storage Piazza Malpighi,2026-10-05,17,weekday,30,8,22,read
2026-10-05 16:10,bologna,bologna-centrale-railway-station,6460518,Luggage Storage near Bologna Station,2026-10-05,17,weekday,55,1,54,read
2026-10-05 16:10,bologna,bologna-centrale-railway-station,6463282,Luggage Storage Via Amendola / Centrale,2026-10-05,17,weekday,50,0,50,read
2026-10-05 16:10,bologna,bologna-centrale-railway-station,6463294,Luggage Storage Via San Felice,2026-10-05,17,weekday,20,6,14,read
2026-10-05 16:10,bologna,bologna-centrale-railway-station,9233,Luggage Storage Porta Sant'isaia,2026-10-05,17,weekday,25,0,25,read
2026-10-05 16:10,bologna,la-piccola-venezia,9224,Luggage Storage Porta San Felice,2026-10-05,17,weekday,30,0,30,read
2026-10-05 16:10,bologna,bologna-centrale-railway-station,9155,Luggage Storage Bologna Railway Station,2026-10-05,17,weekday,10,0,10,read
2026-10-05 16:10,bologna,two-towers,7170,Luggage Storage near Teatro Duse,2026-10-05,17,weekday,20,,,unavailable
2026-10-05 16:10,bologna,porta-castiglione,7053,Luggage Storage Porta Castiglione,2026-10-05,17,weekday,25,,,unavailable
2026-10-05 16:10,bologna,piazza-maggiore,6473472,Luggage Storage Via Ugo Bassi,2026-10-05,17,weekday,300,0,300,read
2026-10-05 16:10,bologna,bologna-centrale-railway-station,6471155,Luggage Storage Via Mascarella,2026-10-05,17,weekday,100,0,100,read
2026-10-05 16:10,bologna,bologna-centrale-railway-station,6470836,Luggage Storage Via Serlio,2026-10-05,17,weekday,20,0,20,read
2026-10-05 16:10,bologna,bologna-university,6469447,Luggage Storage near Pinacoteca Nazionale,2026-10-05,17,weekday,30,0,30,read
2026-10-05 16:10,bologna,bologna-centrale-railway-station,6463307,Luggage Storage near Palazzo Pallavicini,2026-10-05,17,weekday,20,0,20,read
2026-10-05 16:10,bologna,bologna-centrale-railway-station,6463302,Luggage Storage Piazza Viii Agosto,2026-10-05,17,weekday,40,0,40,read
2026-10-05 16:10,bologna,bologna-university,6463291,Luggage Storage Strada Maggiore,2026-10-05,17,weekday,20,0,20,read
2026-10-05 16:10,bologna,bologna-university,6463290,Luggage Storage Mercato delle Erbe,2026-10-05,17,weekday,20,0,20,read
2026-10-05 16:10,bologna,bologna-centrale-railway-station,6463289,Luggage Storage Via San Vitale,2026-10-05,17,weekday,20,0,20,read
2026-10-05 16:10,bologna,stadio-senato-dall-aria,6460789,Luggage Storage Bologna Stadium,2026-10-05,17,weekday,50,0,50,read
2026-10-05 16:10,bologna,bologna-centrale-railway-station,6459421,Luggage Storage Matteotti / Bologna Centrale,2026-10-05,17,weekday,100,0,100,read
2026-10-05 16:10,bologna,san-donato,6458423,Luggage Storage near Bologna Fiere,2026-10-05,17,weekday,20,0,20,read
2026-10-05 16:10,bologna,porta-maggiore,6451959,Luggage Storage Bologna Porta Maggiore,2026-10-05,17,weekday,20,0,20,read
2026-10-05 16:10,pisa,pisa-centrale-train-station,151,Luggage Storage Pisa Centrale Station,2026-10-05,17,weekday,70,7,63,read
2026-10-05 16:10,pisa,pisa-piazza-del-duomo,7168,Luggage Storage Pisa San Rossore,2026-10-05,17,weekday,25,0,25,read
2026-10-05 16:10,pisa,pisa-centrale-train-station,6451792,Luggage Storage Pisa Piazza Del Duomo,2026-10-05,17,weekday,75,0,75,read
2026-10-05 16:10,pisa,pisa-centrale-train-station,3855,Luggage Storage Pisa Centrale,2026-10-05,17,weekday,40,0,40,read
2026-10-05 16:10,pisa,pisa-centrale-train-station,7633,Luggage Storage Pisa Train Station,2026-10-05,17,weekday,65,0,65,read
2026-10-05 16:10,pisa,pisa-centrale-train-station,6456937,Luggage Storage Pisa Centrale Train Station,2026-10-05,17,weekday,100,0,100,read
2026-10-05 16:10,pisa,tower-of-pisa,3307,Luggage Storage The Square Of Miracles,2026-10-05,17,weekday,30,0,30,read
2026-10-05 16:10,pisa,santa-maria,6460935,Luggage Storage Lungarni Di Pisa,2026-10-05,17,weekday,20,0,20,read
2026-10-05 16:10,pisa,pisa-centrale-train-station,6459669,Luggage Storage Pisa Centrale Train Station,2026-10-05,17,weekday,45,0,45,read
2026-10-05 16:10,pisa,pisa-centrale-train-station,6456903,Luggage Storage Pisa Railway Station,2026-10-05,17,weekday,40,3,37,read
2026-10-05 16:10,pisa,pisa-piazza-del-duomo,6652,Luggage Storage Piazza Dante,2026-10-05,17,weekday,10,2,8,read
2026-10-05 16:10,pisa,tower-of-pisa,6623,Luggage Storage Baths Of Nero,2026-10-05,17,weekday,50,0,50,read
2026-10-05 16:10,pisa,pisa-centrale-train-station,6587,Luggage Storage Piazza Vittorio Emanuele Ii,2026-10-05,17,weekday,100,0,100,read
2026-10-05 16:10,pisa,tower-of-pisa,6474456,Luggage Storage Via S. Iacopo / Pisa S. Rossore,2026-10-05,17,weekday,20,0,20,read
2026-10-05 16:10,pisa,pisa-centrale-train-station,6471012,Luggage Storage Tower of Pisa,2026-10-05,17,weekday,200,0,200,read
2026-10-05 16:10,pisa,piazza-dei-cavalieri,6470657,Luggage Storage Piazza dei Cavalieri,2026-10-05,17,weekday,20,0,20,read
2026-10-05 16:10,pisa,pisa-centrale-train-station,6470612,Luggage Storage near Pisa Centrale,2026-10-05,17,weekday,50,2,48,read
2026-10-05 16:10,pisa,santa-maria,6469497,Luggage Storage S. Maria della Spina Church,2026-10-05,17,weekday,20,0,20,read
2026-10-05 16:10,pisa,pisa-centrale-train-station,6467880,Luggage Storage Pisa Centrale,2026-10-05,17,weekday,40,0,40,read
2026-10-05 16:10,pisa,pisa-centrale-train-station,6463207,Luggage Storage Gramsci / Centrale,2026-10-05,17,weekday,20,0,20,read
2026-10-05 16:10,pisa,pisa-centrale-train-station,6463206,Luggage Storage Pisa Station,2026-10-05,17,weekday,60,6,54,read
2026-10-05 16:10,pisa,santa-maria,6460737,Luggage Storage Piazza Dante Alighieri,2026-10-05,17,weekday,25,0,25,read
2026-10-05 16:10,pisa,santa-maria,6456938,Luggage Storage Chiesa di San Michele in Borgo,2026-10-05,17,weekday,50,0,50,read
2026-10-05 16:10,pisa,piazza-dei-cavalieri,6456928,Luggage Storage near Piazza dei Cavalieri,2026-10-05,17,weekday,30,30,0,full
2026-10-05 16:10,pisa,pisa-centrale-train-station,6456828,Luggage Storage Pisa Airport,2026-10-05,17,weekday,50,3,47,read
2026-10-05 16:10,cagliari,marina,974,Luggage Storage Cagliari Train Station,2026-10-05,17,weekday,45,0,45,read
2026-10-05 16:10,cagliari,marina,6459534,Luggage Storage Cagliari Marina,2026-10-05,17,weekday,20,0,20,read
2026-10-05 16:10,cagliari,marina,6459450,Luggage Storage Cagliari Port,2026-10-05,17,weekday,20,0,20,read
2026-10-05 16:10,cagliari,city-center,6503,Luggage Storage Via Cornalias,2026-10-05,17,weekday,20,0,20,read
2026-10-05 16:10,cagliari,bonaria,6486,Luggage Storage Stadio Amsicora,2026-10-05,17,weekday,10,0,10,read
2026-10-05 16:10,cagliari,stazione,6473152,Luggage Storage Cagliari Station 7/7,2026-10-05,17,weekday,30,2,28,read
2026-10-05 16:10,cagliari,marina,6473090,Luggage Storage Cagliari Ferry Terminal,2026-10-05,17,weekday,20,0,20,read
2026-10-05 16:10,cagliari,stazione,6473089,Luggage Storage Cagliari Railway Station,2026-10-05,17,weekday,20,6,14,read
2026-10-05 16:10,cagliari,marina,6472944,Luggage Storage Via Manno,2026-10-05,17,weekday,20,0,20,read
2026-10-05 16:10,cagliari,villanova,6459751,Luggage Storage Bastione / Sulis,2026-10-05,17,weekday,20,0,20,read
2026-10-05 16:10,cagliari,bonaria,6459546,Luggage Storage Bonaria,2026-10-05,17,weekday,20,0,20,read
2026-10-05 16:10,cagliari,city-center,6459536,Luggage Storage Piazza S. Benedetto,2026-10-05,17,weekday,20,0,20,read
2026-10-05 16:10,cagliari,marina,6459518,Luggage Storage near Cagliari Port,2026-10-05,17,weekday,20,0,20,read
2026-10-05 16:10,cagliari,city-center,6459512,Luggage Storage San Benedetto Market,2026-10-05,17,weekday,20,0,20,read
2026-10-05 16:10,cagliari,marina,6459469,Luggage Storage Via dei Mille,2026-10-05,17,weekday,20,0,20,read
2026-10-05 16:10,cagliari,stazione,6458723,Luggage Storage Via Roma,2026-10-05,17,weekday,20,0,20,read
2026-10-05 16:10,cagliari,selargius,6457080,Luggage Storage Selargius,2026-10-05,17,weekday,25,0,25,read
2026-10-05 16:10,cagliari,city-center,6452802,Luggage Storage Pergolesi / San Benedetto,2026-10-05,17,weekday,10,0,10,read
2026-10-05 16:10,cagliari,city-center,6004,Luggage Storage Market Of S. Benedetto,2026-10-05,17,weekday,100,0,100,read
2026-10-05 16:10,genoa,piazza-principe,147,Luggage Storage Genoa Principe Station,2026-10-05,17,weekday,300,0,300,read
2026-10-05 16:10,genoa,aquarium-genoa,2153,Luggage Storage Aquarium,2026-10-05,17,weekday,100,0,100,read
2026-10-05 16:10,genoa,maddalena,6455518,Luggage Storage Genoa Porto Antico,2026-10-05,17,weekday,30,0,30,read
2026-10-05 16:10,genoa,brignole,2919,Luggage Storage Brignole,2026-10-05,17,weekday,25,0,25,read
2026-10-05 16:10,genoa,piazza-corvetto-piazza-de-ferrari,4609,Luggage Storage De Ferrari,2026-10-05,17,weekday,100,0,100,read
2026-10-05 16:10,genoa,genoa-port,6451159,Luggage Storage Genoa Port,2026-10-05,17,weekday,20,0,20,read
2026-10-05 16:10,genoa,genoa-port,6451167,Luggage Storage Genoa Ferry Terminal,2026-10-05,17,weekday,30,0,30,read
2026-10-05 16:10,genoa,piazza-de-ferrari,6451439,Luggage Storage Sarzano/Sant'Agostino Metro Station,2026-10-05,17,weekday,20,0,20,read
2026-10-05 16:10,genoa,orefici,6250,Luggage Storage Orefici,2026-10-05,17,weekday,15,0,15,read
2026-10-05 16:10,genoa,brignole,6469428,Luggage Storage Genova Brignole,2026-10-05,17,weekday,20,0,20,read
2026-10-05 16:10,genoa,brignole,6461596,Luggage Storage Brignole Railway Station,2026-10-05,17,weekday,20,0,20,read
2026-10-05 16:10,genoa,brignole,6459832,Luggage Storage near Marconi / Fiera,2026-10-05,17,weekday,20,2,18,read
2026-10-05 16:10,genoa,pegli,6455688,Luggage Storage Genova Pegli,2026-10-05,17,weekday,15,0,15,read
2026-10-05 16:10,genoa,maddalena,6451178,Luggage Storage near Via Garibaldi,2026-10-05,17,weekday,20,0,20,read
2026-10-05 16:10,genoa,sampierdarena,6451166,Luggage Storage Via Paolo Reti,2026-10-05,17,weekday,100,0,100,read
2026-10-05 16:10,lucca,lucca-train-station,551,Luggage Storage near Lucca Train Station,2026-10-05,17,weekday,150,0,150,read
2026-10-05 16:10,lucca,lucca-train-station,6456956,Luggage Storage Lucca Train Station,2026-10-05,17,weekday,120,0,120,read
2026-10-05 16:10,lucca,city-center,3344,Luggage Storage Piazza Dell'anfiteatro,2026-10-05,17,weekday,25,0,25,read
2026-10-05 16:10,lucca,city-center,6455648,Luggage Storage Chiesa Di San Michele In Foro,2026-10-05,17,weekday,50,0,50,read
2026-10-05 16:10,lucca,lucca-train-station,3346,Luggage Storage Lucca Railway Station,2026-10-05,17,weekday,150,0,150,read
2026-10-05 16:10,lucca,city-center,3692,Luggage Storage Lucca Old Town,2026-10-05,17,weekday,120,,,unavailable
2026-10-05 16:10,lucca,lucca-train-station,6457066,Luggage Storage near Lucca Railway Station,2026-10-05,17,weekday,150,2,148,read
2026-10-05 16:10,lucca,city-center,3687,Luggage Storage Piazza Napoleone,2026-10-05,17,weekday,30,0,30,read
2026-10-05 16:10,lucca,lucca-train-station,6455658,Luggage Storage near Palazzo Mansi,2026-10-05,17,weekday,25,0,25,read
2026-10-05 16:10,lucca,lucca-train-station,6463131,Luggage Storage Porta San Pietro,2026-10-05,17,weekday,20,0,20,read
2026-10-05 16:10,lucca,lucca-train-station,6458740,Luggage Storage inside Lucca Station,2026-10-05,17,weekday,50,0,50,read
2026-10-05 16:10,lucca,lucca-train-station,6456553,Luggage Storage near Palazzo Ducale Di Lucca,2026-10-05,17,weekday,25,0,25,read
2026-10-05 16:10,lucca,city-center,4705,Luggage Storage Piazza San Michele,2026-10-05,17,weekday,20,0,20,read
2026-10-05 16:10,lucca,city-center,3367,Luggage Storage Porta San Gervasio,2026-10-05,17,weekday,30,0,30,read
2026-10-05 16:10,verona,porta-nuova,423,Luggage Storage Porta Nuova,2026-10-05,17,weekday,300,0,300,read
2026-10-05 16:10,verona,juliet-s-house,2752,Luggage Storage Verona Old Town,2026-10-05,17,weekday,100,4,96,read
2026-10-05 16:10,verona,juliet-s-house,719,Luggage Storage Juliet's House,2026-10-05,17,weekday,30,0,30,read
2026-10-05 16:10,verona,citta-antica,9716,Luggage Storage Porta Borsari,2026-10-05,17,weekday,50,0,50,read
2026-10-05 16:10,verona,citta-antica,7345,Luggage Storage Castelvecchio Museum,2026-10-05,17,weekday,30,0,30,read
2026-10-05 16:10,verona,citta-antica,6457605,Luggage Storage Juliet's Balcony,2026-10-05,17,weekday,35,0,35,read
2026-10-05 16:10,verona,citta-antica,9668,Luggage Storage Castelvecchio,2026-10-05,17,weekday,30,1,29,read
2026-10-05 16:10,verona,cittadella,6461969,Luggage Storage Via Sciesa / Via Marconi,2026-10-05,17,weekday,30,0,30,read
2026-10-05 16:10,verona,avesa,6457679,Luggage Storage Piazza Avesa,2026-10-05,17,weekday,20,0,20,read
2026-10-05 16:10,verona,cittadella,6457597,Luggage Storage Stradone Porta Palio,2026-10-05,17,weekday,20,0,20,read
2026-10-05 16:10,verona,castelvecchio-museum,6403,Luggage Storage Via Della Casa,2026-10-05,17,weekday,40,0,40,read
2026-10-05 16:10,verona,cittadella,4955,Luggage Storage Palazzo Orti Manara,2026-10-05,17,weekday,60,0,60,read
2026-10-05 16:10,lecce,railway-station,6408,Luggage Storage Lecce Train Station,2026-10-05,17,weekday,70,4,66,read
2026-10-05 16:10,lecce,lecce-city-center,6406,Luggage Storage Gate Of Saint Blaise,2026-10-05,17,weekday,40,0,40,read
2026-10-05 16:10,lecce,lecce-city-center,875,Luggage Storage Lecce City Center,2026-10-05,17,weekday,30,0,30,read
2026-10-05 16:10,lecce,lecce-city-center,3826,Luggage Storage Lecce Old Town,2026-10-05,17,weekday,50,0,50,read
2026-10-05 16:10,lecce,railway-station,6459626,Luggage Storage near Lecce Railway Station,2026-10-05,17,weekday,20,0,20,read
2026-10-05 16:10,lecce,lecce-city-center,6459606,Luggage Storage near San Matteo Church,2026-10-05,17,weekday,20,0,20,read
2026-10-05 16:10,lecce,railway-station,6546,Luggage Storage Via Duca Degli Abruzzi,2026-10-05,17,weekday,10,0,10,read
2026-10-05 16:10,lecce,lecce-city-center,6474400,Luggage Storage near Lecce Cathedral,2026-10-05,17,weekday,25,0,25,read
2026-10-05 16:10,lecce,railway-station,6473516,Luggage Storage Lecce Old Town,2026-10-05,17,weekday,20,0,20,read
2026-10-05 16:10,lecce,lecce-city-center,6473480,Luggage Storage Via G.Argento,2026-10-05,17,weekday,100,0,100,read
2026-10-05 16:10,lecce,railway-station,6459622,Luggage Storage Viale Oronzo Quarta,2026-10-05,17,weekday,20,0,20,read
2026-10-05 16:10,lecce,railway-station,6459618,Luggage Storage Lecce Railway Station,2026-10-05,17,weekday,30,0,30,read
2026-10-05 16:10,lecce,lecce-city-center,3955,Luggage Storage Lecce Castle,2026-10-05,17,weekday,10,0,10,read
2026-10-05 16:10,lecce,lecce-city-center,3919,Luggage Storage Centrum,2026-10-05,17,weekday,30,0,30,read
2026-10-05 16:10,siena,siena-train-station,6452060,Luggage Storage Siena Railway Station,2026-10-05,17,weekday,35,3,32,read
2026-10-05 16:10,siena,city-center,3350,Luggage Storage Piazza Del Campo,2026-10-05,17,weekday,20,0,20,read
2026-10-05 16:10,siena,city-center,6455734,Luggage Storage Siena Piazza Del Campo,2026-10-05,17,weekday,50,0,50,read
2026-10-05 16:10,siena,istrice,6455701,Luggage Storage Piazza Del Sale,2026-10-05,17,weekday,50,0,50,read
2026-10-05 16:10,siena,city-center,4746,Luggage Storage Via Bettino Ricasoli,2026-10-05,17,weekday,20,0,20,read
2026-10-05 16:10,siena,city-center,6455693,Luggage Storage Siena Old Town,2026-10-05,17,weekday,50,0,50,read
2026-10-05 16:10,siena,lupa,7266,Luggage Storage Lupa,2026-10-05,17,weekday,25,0,25,read
2026-10-05 16:10,siena,lupa,6470608,Luggage Storage near Siena Stadium,2026-10-05,17,weekday,30,0,30,read
2026-10-05 16:10,siena,istrice,6461975,Luggage Storage Via Camollia,2026-10-05,17,weekday,20,0,20,read
2026-10-05 16:10,siena,city-center,6458450,Luggage Storage Piazza del Mercato,2026-10-05,17,weekday,12,0,12,read
2026-10-05 16:10,siena,city-center,6455728,Luggage Storage Piazza Salimbeni,2026-10-05,17,weekday,30,0,30,read
2026-10-05 16:10,siena,city-center,6455699,Luggage Storage near Palazzo Salimbeni,2026-10-05,17,weekday,100,0,100,read
2026-10-05 16:10,siena,city-center,6455697,Luggage Storage near Piazza Del Campo,2026-10-05,17,weekday,25,0,25,read
2026-10-05 16:10,siena,city-center,3524,Luggage Storage Piazza Gramsci,2026-10-05,17,weekday,15,0,15,read
2026-10-05 16:10,syracuse,station,6453001,Luggage Storage Siracusa Station,2026-10-05,17,weekday,40,0,40,read
2026-10-05 16:10,syracuse,apollo-temple,6455457,Luggage Storage Syracuse Temple Of Apollo,2026-10-05,17,weekday,25,0,25,read
2026-10-05 16:10,syracuse,station,6539,Luggage Storage Syracuse Railway Station,2026-10-05,17,weekday,30,0,30,read
2026-10-05 16:10,syracuse,station,6593,Luggage Storage Syracuse Bus Station,2026-10-05,17,weekday,20,0,20,read
2026-10-05 16:10,syracuse,yacht-lub-lakkios-marina-porto-piccolo-ortigia,6453048,Luggage Storage Via Cairoli,2026-10-05,17,weekday,25,0,25,read
2026-10-05 16:10,syracuse,station,5288,Luggage Storage Syracuse Train Station,2026-10-05,17,weekday,100,0,100,read
2026-10-05 16:10,syracuse,augusta,7240,Luggage Storage Porta Spagnola,2026-10-05,17,weekday,20,0,20,read
2026-10-05 16:10,syracuse,apollo-temple,6471940,Luggage Storage Ponte Umberto I,2026-10-05,17,weekday,30,0,30,read
2026-10-05 16:10,syracuse,station,6471913,Luggage Storage Corso Umberto I,2026-10-05,17,weekday,50,0,50,read
2026-10-05 16:10,syracuse,apollo-temple,6471008,Luggage Storage Syracuse Cathedral,2026-10-05,17,weekday,25,0,25,read
2026-10-05 16:10,syracuse,syracuse-roman-amphitheater,6453041,Luggage Storage Tecnoparco Archimede,2026-10-05,17,weekday,25,0,25,read
2026-10-05 16:10,rimini,rimini-train-station,226,Luggage Storage Rimini Train Station,2026-10-05,17,weekday,300,0,300,read
2026-10-05 16:10,rimini,lungomare-augusto-murri,3797,Luggage Storage Rimini Beach,2026-10-05,17,weekday,15,0,15,read
2026-10-05 16:10,rimini,lungomare-augusto-murri,6713,Luggage Storage Piazza Kennedy,2026-10-05,17,weekday,25,0,25,read
2026-10-05 16:10,rimini,city-center,6472266,Luggage Storage near Fellini Museum,2026-10-05,17,weekday,10,0,10,read
2026-10-05 16:10,rimini,federico-fellini-international-airport,6460885,Luggage Storage Rimini Miramare,2026-10-05,17,weekday,20,0,20,read
2026-10-05 16:10,rimini,city-center,6454347,Luggage Storage Palacongressi Di Rimini,2026-10-05,17,weekday,10,0,10,read
2026-10-05 16:10,rimini,city-center,6453599,Luggage Storage Castel Sismondo,2026-10-05,17,weekday,10,0,10,read
2026-10-05 16:10,rimini,federico-fellini-park,6453325,Luggage Storage Parco Fellini,2026-10-05,17,weekday,25,0,25,read
2026-10-05 16:10,rimini,city-center,6453323,Luggage Storage Aleardi,2026-10-05,17,weekday,12,0,12,read
2026-10-05 16:10,rimini,rimini-train-station,6453307,Luggage Storage Viale Nazario Sauro,2026-10-05,17,weekday,10,0,10,read
2026-10-05 16:10,rimini,bellariva,6453303,Luggage Storage Viale Regina Elena,2026-10-05,17,weekday,50,0,50,read
2026-10-05 16:10,rimini,rimini-train-station,6453291,Luggage Storage Via Roma / Station,2026-10-05,17,weekday,15,0,15,read
2026-10-05 16:10,rimini,city-center,6453271,Luggage Storage Parco Alcide Cervi,2026-10-05,17,weekday,10,0,10,read
2026-10-05 16:10,rimini,rimini-train-station,6452529,Luggage Storage Corso Giovanni XXIII,2026-10-05,17,weekday,50,0,50,read
2026-10-05 16:10,sorrento,sorrento-train-station,3868,Luggage Storage Sorrento Train Station,2026-10-05,17,weekday,50,0,50,read
2026-10-05 16:10,sorrento,city-center,4681,Luggage Storage Sorrento Port,2026-10-05,17,weekday,200,0,200,read
2026-10-05 16:10,sorrento,city-center,2141,Luggage Storage Sorrento City Center,2026-10-05,17,weekday,50,0,50,read
2026-10-05 16:10,sorrento,sorrento-train-station,6579,Luggage Storage Piazza Tasso,2026-10-05,17,weekday,30,,,unavailable
2026-10-05 16:10,sorrento,city-center,6472382,Luggage Storage Via Luigi de Maio,2026-10-05,17,weekday,100,0,100,read
2026-10-05 16:10,sorrento,sorrento-train-station,6461804,Luggage Storage Piazza Lauro,2026-10-05,17,weekday,30,0,30,read
2026-10-05 16:10,sorrento,sant-agnello,6459956,Luggage Storage Sant'Agnello,2026-10-05,17,weekday,20,0,20,read
2026-10-05 16:10,sorrento,city-center,6459906,Luggage Storage Tasso Square,2026-10-05,17,weekday,30,4,26,read
2026-10-05 16:10,sorrento,city-center,4682,Luggage Storage Parco Di Villa Fiorentino,2026-10-05,17,weekday,200,0,200,read
2026-10-05 16:10,salerno,salerno-train-station,640,Luggage Storage Salerno Train Station,2026-10-05,17,weekday,100,2,98,read
2026-10-05 16:10,salerno,salerno-train-station,7600,Luggage Storage Salerno Railway Station,2026-10-05,17,weekday,50,0,50,read
2026-10-05 16:10,salerno,city-centre,9130,Luggage Storage Duomo Di Salerno,2026-10-05,17,weekday,25,0,25,read
2026-10-05 16:10,salerno,salerno-train-station,9121,Luggage Storage Corso Vittorio Emanuele,2026-10-05,17,weekday,30,0,30,read
2026-10-05 16:10,salerno,salerno-train-station,6453379,Luggage Storage Medieval Aqueduct,2026-10-05,17,weekday,20,0,20,read
2026-10-05 16:10,salerno,salerno-train-station,6452764,Luggage Storage Corso Garibaldi / Salerno Station,2026-10-05,17,weekday,20,2,18,read
2026-10-05 16:10,salerno,city-centre,9129,Luggage Storage Salerno Villa Comunale,2026-10-05,17,weekday,20,0,20,read
2026-10-05 16:10,salerno,salerno-train-station,6473030,Luggage Storage near Piazza Della Concordia,2026-10-05,17,weekday,20,0,20,read
2026-10-05 16:10,salerno,city-centre,6462046,Luggage Storage Salerno City Center,2026-10-05,17,weekday,20,2,18,read
2026-10-05 16:10,salerno,city-centre,6457737,Luggage Storage near Vernieri,2026-10-05,17,weekday,20,0,20,read
2026-10-05 16:10,salerno,salerno-train-station,6451114,Luggage Storage Salerno Station Square,2026-10-05,17,weekday,30,0,30,read
2026-10-05 16:10,salerno,salerno-train-station,5391,Luggage Storage Salerno Station,2026-10-05,17,weekday,100,0,100,read
2026-10-05 16:10,alghero,pivarada,7694,Luggage Storage Pivarada,2026-10-05,17,weekday,40,0,40,read
2026-10-05 16:10,alghero,alghero-train-station,7535,Luggage Storage Alghero Train Station,2026-10-05,17,weekday,45,0,45,read
2026-10-05 16:10,alghero,alghero-airport,6460125,Luggage Storage Alghero Airport,2026-10-05,17,weekday,30,4,26,read
2026-10-05 16:10,alghero,city-center,7862,Luggage Storage Parco Tarragona,2026-10-05,17,weekday,30,0,30,read
2026-10-05 16:10,alghero,alghero-port,6460118,Luggage Storage Port / Via Garibaldi,2026-10-05,17,weekday,20,0,20,read
2026-10-05 16:10,alghero,pivarada,6458818,Luggage Storage Via Garibaldi / Port,2026-10-05,17,weekday,30,0,30,read
2026-10-05 16:10,la-spezia,la-spezia-centrale,1138,Luggage Storage La Spezia Centrale,2026-10-05,17,weekday,45,0,45,read
2026-10-05 16:10,la-spezia,la-spezia-centrale,6454717,Luggage Storage Viale Garibaldi,2026-10-05,17,weekday,100,0,100,read
2026-10-05 16:10,la-spezia,la-spezia-centrale,6816,Luggage Storage Via Del Prione,2026-10-05,17,weekday,40,,,unavailable
2026-10-05 16:10,la-spezia,la-spezia-centrale,7796,Luggage Storage La Spezia Train Station,2026-10-05,17,weekday,40,0,40,read
2026-10-05 16:10,la-spezia,parco-dei-pesci,2790,Luggage Storage La Spezia Bus Station,2026-10-05,17,weekday,50,0,50,read
2026-10-05 16:10,la-spezia,la-spezia-centrale,6459753,Luggage Storage La Spezia Centrale FS,2026-10-05,17,weekday,20,0,20,read
2026-10-05 16:10,la-spezia,la-spezia-centrale,6459699,Luggage Storage La Spezia Station,2026-10-05,17,weekday,60,0,60,read
2026-10-05 16:10,la-spezia,la-spezia-centrale,6473536,Luggage Storage La Spezia Central Station,2026-10-05,17,weekday,50,0,50,read
2026-10-05 16:10,la-spezia,la-spezia-centrale,6461904,Luggage Storage La Spezia Old Town,2026-10-05,17,weekday,20,0,20,read
2026-10-05 16:10,la-spezia,la-spezia-centrale,6459737,Luggage Storage La Spezia Giardini Pubblici,2026-10-05,17,weekday,35,0,35,read
2026-10-05 16:10,la-spezia,migliarina,6456215,Luggage Storage near Viale Italia,2026-10-05,17,weekday,50,0,50,read
2026-10-05 16:10,mestre,mestre-train-station,5326,Luggage Storage Mestre Train Station,2026-10-05,17,weekday,100,5,95,read
2026-10-05 16:10,mestre,city-center,119,Luggage Storage Via Palazzo,2026-10-05,17,weekday,300,0,300,read
2026-10-05 16:10,mestre,city-center,6451464,Luggage Storage Museo M9 Mestre,2026-10-05,17,weekday,30,0,30,read
2026-10-05 16:10,mestre,mestre-train-station,4935,Luggage Storage Venezia Mestre Station,2026-10-05,17,weekday,25,0,25,read
2026-10-05 16:10,mestre,mestre-train-station,6452335,Luggage Storage near Corso Del Popolo,2026-10-05,17,weekday,10,0,10,read
2026-10-05 16:10,mestre,mestre-train-station,7707,Luggage Storage Mestre Railway Station,2026-10-05,17,weekday,25,0,25,read
2026-10-05 16:10,mestre,mestre-train-station,6458351,Luggage Storage Piave / Mestre Railway Station,2026-10-05,17,weekday,20,0,20,read
2026-10-05 16:10,mestre,city-center,6452163,Luggage Storage Via Cappuccina,2026-10-05,17,weekday,25,0,25,read
2026-10-05 16:10,mestre,mestre-train-station,6452152,Luggage Storage Mestre Via Piave,2026-10-05,17,weekday,20,0,20,read
2026-10-05 16:10,perugia,central-station,6460204,Luggage Storage Perugia Station 24H,2026-10-05,17,weekday,20,0,20,read
2026-10-05 16:10,perugia,central-station,1819,Luggage Storage Perugia Railway Station,2026-10-05,17,weekday,30,2,28,read
2026-10-05 16:10,perugia,piazza-della-repubblica,6060,Luggage Storage Rocca Paolina,2026-10-05,17,weekday,20,0,20,read
2026-10-05 16:10,perugia,central-station,2425,Luggage Storage Perugia Train Station,2026-10-05,17,weekday,30,2,28,read
2026-10-05 16:10,perugia,bus-station,7238,Luggage Storage Perugia Bus Station,2026-10-05,17,weekday,25,2,23,read
2026-10-05 16:10,perugia,central-station,7239,Luggage Storage Piazza Italia,2026-10-05,17,weekday,25,0,25,read
2026-10-05 16:10,perugia,elce,5982,Luggage Storage near Giuditta Brozzetti Museum,2026-10-05,17,weekday,10,0,10,read
2026-10-05 16:10,perugia,elce,5980,Luggage Storage Via D'andreotto,2026-10-05,17,weekday,20,0,20,read
2026-10-05 16:10,perugia,piazza-della-repubblica,5043,Luggage Storage Parco Di Sant'anna,2026-10-05,17,weekday,10,0,10,read
2026-10-05 16:10,pescara,pescara-centrale-train-station,6461104,Luggage Storage Pescara Train Station,2026-10-05,17,weekday,35,3,32,read
2026-10-05 16:10,pescara,pescara-centrale-train-station,5992,Luggage Storage Clap Museum,2026-10-05,17,weekday,30,0,30,read
2026-10-05 16:10,pescara,pescara-centrale-train-station,6455983,Luggage Storage near Pescara Centrale,2026-10-05,17,weekday,10,0,10,read
2026-10-05 16:10,pescara,pescara-centrale-train-station,6452446,Luggage Storage near Pescara Centrale Railway Station,2026-10-05,17,weekday,10,0,10,read
2026-10-05 16:10,pescara,pescara-centrale-train-station,6455989,Luggage Storage Via Mazzini,2026-10-05,17,weekday,10,0,10,read
2026-10-05 16:10,pescara,pescara-centrale-train-station,6470765,Luggage Storage near Museo Ittico,2026-10-05,17,weekday,30,0,30,read
2026-10-05 16:10,pescara,pescara-centrale-train-station,6461064,Luggage Storage Pescara Terminal Bus,2026-10-05,17,weekday,20,0,20,read
2026-10-05 16:10,pescara,pescara-centrale-train-station,6461061,Luggage Storage Piazza Santa Caterina Da Siena,2026-10-05,17,weekday,20,0,20,read
2026-10-05 16:10,pescara,pescara-centrale-train-station,5989,Luggage Storage Adriatico Stadium,2026-10-05,17,weekday,50,0,50,read
2026-10-05 16:10,pescara,pescara-centrale-train-station,5973,Luggage Storage Public Beach,2026-10-05,17,weekday,40,0,40,read
2026-10-05 16:10,trapani,trapani-port,3363,Luggage Storage Trapani Ferry Terminal,2026-10-05,17,weekday,50,0,50,read
2026-10-05 16:10,trapani,trapani-port,227,Luggage Storage Trapani Port,2026-10-05,17,weekday,300,0,300,read
2026-10-05 16:10,trapani,trapani-port,4557,Luggage Storage Corso Italia,2026-10-05,17,weekday,50,0,50,read
2026-10-05 16:10,trapani,trapani-port,8352,Luggage Storage Trapani Railway Station,2026-10-05,17,weekday,100,0,100,read
2026-10-05 16:10,trapani,train-station,6526,Luggage Storage Museum Of Illusions,2026-10-05,17,weekday,10,0,10,read
2026-10-05 16:10,trapani,city-center,6522,Luggage Storage Via Marconi,2026-10-05,17,weekday,100,0,100,read
2026-10-05 16:10,trapani,train-station,6458886,Luggage Storage Via Fardella,2026-10-05,17,weekday,20,0,20,read
2026-10-05 16:10,trapani,city-center,6310,Luggage Storage Funivia Erice,2026-10-05,17,weekday,25,0,25,read
2026-10-05 16:10,trapani,city-center,6280,Luggage Storage near Regional Museum,2026-10-05,17,weekday,100,0,100,read
2026-10-05 16:10,bergamo,bergamo-train-station,6000,Luggage Storage Bergamo Train Station,2026-10-05,17,weekday,45,5,40,read
2026-10-05 16:10,bergamo,citta-alta,7342,Luggage Storage Piazza Vecchia Bergamo Alta,2026-10-05,17,weekday,35,4,31,read
2026-10-05 16:10,bergamo,bergamo-train-station,6460152,Luggage Storage Bergamo Bus Station,2026-10-05,17,weekday,45,0,45,read
2026-10-05 16:10,bergamo,bergamo-train-station,6457968,Luggage Storage Bergamo Bus Station,2026-10-05,17,weekday,30,2,28,read
2026-10-05 16:10,bergamo,citta-alta,6965,Luggage Storage Bergamo Cathedral,2026-10-05,17,weekday,40,0,40,read
2026-10-05 16:10,bergamo,bergamo-train-station,6460154,Luggage Storage Paglia / Bergamo Station,2026-10-05,17,weekday,35,0,35,read
2026-10-05 16:10,bergamo,borgo-palazzo,6457978,Luggage Storage near Bergamo Bus Terminal,2026-10-05,17,weekday,20,0,20,read
2026-10-05 16:10,monopoli,city-center,6451706,Luggage Storage Monopoli City Center,2026-10-05,17,weekday,35,0,35,read
2026-10-05 16:10,monopoli,castello-carlo-v,6910,Luggage Storage Monopoli Porto Antico,2026-10-05,17,weekday,25,0,25,read
2026-10-05 16:10,monopoli,city-center,6451705,Luggage Storage Monopoli Railway Station,2026-10-05,17,weekday,40,0,40,read
2026-10-05 16:10,monopoli,city-center,6912,Luggage Storage Via S. Anna,2026-10-05,17,weekday,20,0,20,read
2026-10-05 16:10,monopoli,city-center,6456194,Luggage Storage Monopoli Railway Station,2026-10-05,17,weekday,40,4,36,read
2026-10-05 16:10,monopoli,city-center,6458662,Luggage Storage Porto Bianco,2026-10-05,17,weekday,20,0,20,read
2026-10-05 16:10,monopoli,city-center,6458612,Luggage Storage Cala Porta Vecchia,2026-10-05,17,weekday,30,0,30,read
2026-10-05 16:10,pompei,train-station,7143,Luggage Storage Pompei Scavi Villa Dei Misteri Station,2026-10-05,17,weekday,50,4,46,read
2026-10-05 16:10,pompei,train-station,3882,Luggage Storage Pompei Train Station,2026-10-05,17,weekday,100,6,94,read
2026-10-05 16:10,pompei,train-station,6474461,Luggage Storage Pompei Scavi Station,2026-10-05,17,weekday,20,0,20,read
2026-10-05 16:10,pompei,train-station,6470819,Luggage Storage Pompei Station,2026-10-05,17,weekday,100,0,100,read
2026-10-05 16:10,pompei,city-center,6452263,Luggage Storage near Pompei Santuario Station,2026-10-05,17,weekday,50,0,50,read
2026-10-05 16:10,pompei,city-center,6452047,Luggage Storage Stadio Bellucci,2026-10-05,17,weekday,20,0,20,read
2026-10-05 16:10,pompei,train-station,6451972,Luggage Storage Via Lepanto,2026-10-05,17,weekday,40,0,40,read
2026-10-05 16:10,reggio-calabria,center,5927,Luggage Storage Duomo Square,2026-10-05,17,weekday,50,2,48,read
2026-10-05 16:10,reggio-calabria,central-station,898,Luggage Storage Reggio Calabria Central Station,2026-10-05,17,weekday,30,0,30,read
2026-10-05 16:10,reggio-calabria,center,8936,Luggage Storage Pellaro Via Augusta,2026-10-05,17,weekday,100,0,100,read
2026-10-05 16:10,reggio-calabria,center,5957,Luggage Storage Museo Nazionale Bergamotto,2026-10-05,17,weekday,20,0,20,read
2026-10-05 16:10,reggio-calabria,catona,5951,Luggage Storage Reggio Di Calabria Catona,2026-10-05,17,weekday,100,0,100,read
2026-10-05 16:10,reggio-calabria,central-station,5950,Luggage Storage S. Caterina Station,2026-10-05,17,weekday,50,0,50,read
2026-10-05 16:10,reggio-calabria,villa-san-giovanni,5948,Luggage Storage Villa San Giovanni Station,2026-10-05,17,weekday,50,0,50,read
2026-10-05 16:10,reggio-calabria,center,5947,Luggage Storage Via De Nava,2026-10-05,17,weekday,200,0,200,read
2026-10-05 16:10,bolzano,bolzano-train-station,8088,Luggage Storage Bolzano Train Station,2026-10-05,17,weekday,60,7,53,read
2026-10-05 16:10,bolzano,waltherplatz,8090,Luggage Storage Bolzano Cathedral,2026-10-05,17,weekday,30,0,30,read
2026-10-05 16:10,bolzano,bolzano-train-station,6458005,Luggage Storage near South Tyrol Museum of Archaeology,2026-10-05,17,weekday,20,0,20,read
2026-10-05 16:10,bolzano,bolzano-train-station,6457943,Luggage Storage near Waltherplatz,2026-10-05,17,weekday,20,0,20,read
2026-10-05 16:10,bolzano,bolzano-train-station,6463173,Luggage Storage Bolzano Piazza Duomo,2026-10-05,17,weekday,50,1,49,read
2026-10-05 16:10,bolzano,palazzo-mercantile,8134,Luggage Storage Druso Stadium,2026-10-05,17,weekday,20,0,20,read
2026-10-05 16:10,bolzano,city-center,8125,Luggage Storage Corso Italia,2026-10-05,17,weekday,30,0,30,read
2026-10-05 16:10,brindisi,corso-garibaldi,877,Luggage Storage Corso Garibaldi,2026-10-05,17,weekday,45,0,45,read
2026-10-05 16:10,brindisi,city-centre,6458028,Luggage Storage Brindisi City Center,2026-10-05,17,weekday,30,3,27,read
2026-10-05 16:10,brindisi,central-station,6473492,Luggage Storage Piazza Cairoli / Brindisi Station,2026-10-05,17,weekday,200,0,200,read
2026-10-05 16:10,brindisi,central-station,6473179,Luggage Storage Brindisi Train Station,2026-10-05,17,weekday,70,3,67,read
2026-10-05 16:10,brindisi,central-station,6471163,Luggage Storage near Brindisi Station,2026-10-05,17,weekday,50,0,50,read
2026-10-05 16:10,brindisi,central-station,6460046,Luggage Storage Via Alfredo Cappellini / Brindisi Station,2026-10-05,17,weekday,100,0,100,read
2026-10-05 16:10,brindisi,central-station,6459667,Luggage Storage Brindisi Railway Station,2026-10-05,17,weekday,35,2,33,read
2026-10-05 16:10,ferrara,city-center,873,Luggage Storage Ferrara City Center,2026-10-05,17,weekday,15,0,15,read
2026-10-05 16:10,ferrara,railway-station,7252,Luggage Storage Ferrara Railway Station,2026-10-05,17,weekday,50,0,50,read
2026-10-05 16:10,ferrara,city-center,6451982,Luggage Storage Viale Cavour / Ferrara Castle,2026-10-05,17,weekday,50,0,50,read
2026-10-05 16:10,ferrara,railway-station,6452547,Luggage Storage Ferrara Train Station,2026-10-05,17,weekday,40,0,40,read
2026-10-05 16:10,ferrara,railway-station,6469743,Luggage Storage Ferrara Station,2026-10-05,17,weekday,50,0,50,read
2026-10-05 16:10,ferrara,railway-station,7269,Luggage Storage near Ferrara Train Station,2026-10-05,17,weekday,30,0,30,read
2026-10-05 16:10,ferrara,city-center,7260,Luggage Storage Cathedral Of Ferrara,2026-10-05,17,weekday,25,0,25,read
2026-10-05 16:10,ferrara,railway-station,6469734,Luggage Storage near Ferrara Station,2026-10-05,17,weekday,100,0,100,read
2026-10-05 16:10,ferrara,railway-station,6469608,Luggage Storage Via Porta Catena,2026-10-05,17,weekday,50,0,50,read
2026-10-05 16:10,trento,main-station,3884,Luggage Storage Trento Railway Station,2026-10-05,17,weekday,40,0,40,read
2026-10-05 16:10,trento,main-station,9976,Luggage Storage Torre Vanga,2026-10-05,17,weekday,35,0,35,read
2026-10-05 16:10,trento,main-station,9983,Luggage Storage Piazza Del Duomo Di Trento,2026-10-05,17,weekday,30,0,30,read
2026-10-05 16:10,trento,main-station,8028,Luggage Storage Buonconsiglio Castle Museum,2026-10-05,17,weekday,25,0,25,read
2026-10-05 16:10,trento,city-center,8012,Luggage Storage Piazza Cesare Battisti,2026-10-05,17,weekday,40,0,40,read
2026-10-05 16:10,trento,main-station,6461329,Luggage Storage Trento Train Station,2026-10-05,17,weekday,25,0,25,read
2026-10-05 16:10,trento,main-station,6456083,Luggage Storage Centa Brennero,2026-10-05,17,weekday,50,0,50,read
2026-10-05 16:10,trento,main-station,10017,Luggage Storage San Giuseppe Church,2026-10-05,17,weekday,10,0,10,read
2026-10-05 16:10,matera,city-center,6455071,Luggage Storage near Matera Centrale,2026-10-05,17,weekday,25,2,23,read
2026-10-05 16:10,matera,city-center,4314,Luggage Storage Matera Via Nazionale,2026-10-05,17,weekday,50,0,50,read
2026-10-05 16:10,matera,city-center,6451088,Luggage Storage Matera Belvedere Piazza Giovanni Pascoli,2026-10-05,17,weekday,30,0,30,read
2026-10-05 16:10,matera,city-center,6451089,Luggage Storage Palombaro Lungo / XX Settembre,2026-10-05,17,weekday,15,0,15,read
2026-10-05 16:10,matera,city-center,6451092,Luggage Storage Piazzetta Pascoli,2026-10-05,17,weekday,20,0,20,read
2026-10-05 16:10,matera,via-dei-messapi,6814,Luggage Storage Via Dei Messapi,2026-10-05,17,weekday,60,0,60,read
2026-10-05 16:10,matera,city-center,6453158,Luggage Storage near Stadio XXI Settembre,2026-10-05,17,weekday,20,0,20,read
2026-10-05 16:10,matera,city-center,6451075,Luggage Storage Via Annunziatella,2026-10-05,17,weekday,10,0,10,read
2026-10-05 16:10,messina,messina-centrale,9018,Luggage Storage Messina Train Station,2026-10-05,17,weekday,30,2,28,read
2026-10-05 16:10,messina,messina-centrale,6497,Luggage Storage Messina Centrale,2026-10-05,17,weekday,25,0,25,read
2026-10-05 16:10,messina,borgo-del-ringo,6508,Luggage Storage Piazza Castronovo,2026-10-05,17,weekday,30,0,30,read
2026-10-05 16:10,messina,messina-centrale,6504,Luggage Storage Church Of Saint Mary Of The Carmel,2026-10-05,17,weekday,15,0,15,read
2026-10-05 16:10,messina,messina-centrale,6471041,Luggage Storage Via Cannizzaro,2026-10-05,17,weekday,10,0,10,read
2026-10-05 16:10,messina,messina-centrale,6471038,Luggage Storage Messina Cathedral,2026-10-05,17,weekday,10,0,10,read
2026-10-05 16:10,messina,messina-centrale,6471037,Luggage Storage Villa Mazzini,2026-10-05,17,weekday,20,0,20,read
2026-10-05 16:10,messina,messina-centrale,6471036,Luggage Storage Muricello,2026-10-05,17,weekday,100,0,100,read
2026-10-05 16:10,modena,central-station,6400,Luggage Storage Modena Station,2026-10-05,17,weekday,40,,,unavailable
2026-10-05 16:10,modena,central-station,7720,Luggage Storage Teatro Michelangelo,2026-10-05,17,weekday,10,0,10,read
2026-10-05 16:10,modena,central-station,7712,Luggage Storage Modena Piazza Manzoni Station,2026-10-05,17,weekday,15,0,15,read
2026-10-05 16:10,modena,central-station,6459423,Luggage Storage near Palazzina Dei Giardini,2026-10-05,17,weekday,30,0,30,read
2026-10-05 16:10,modena,city-centre,6458405,Luggage Storage near Ducal Palace of Modena,2026-10-05,17,weekday,20,0,20,read
2026-10-05 16:10,modena,central-station,6458403,Luggage Storage Modena Railway Station,2026-10-05,17,weekday,45,0,45,read
2026-10-05 16:10,modena,central-station,6389,Luggage Storage Giardino Ducale Estense,2026-10-05,17,weekday,25,0,25,read
2026-10-05 16:10,modena,city-centre,6379,Luggage Storage Galleria Estense,2026-10-05,17,weekday,25,0,25,read
2026-10-05 16:10,agrigento,agrigento-train-staion,783,Luggage Storage Agrigento Train Station,2026-10-05,17,weekday,30,0,30,read
2026-10-05 16:10,agrigento,city-center,7148,Luggage Storage Agrigento Old Town,2026-10-05,17,weekday,50,0,50,read
2026-10-05 16:10,agrigento,city-center,7126,Luggage Storage Agrigento Bus Station,2026-10-05,17,weekday,20,0,20,read
2026-10-05 16:10,agrigento,agrigento-train-staion,6472980,Luggage Storage Agrigento Station 24/7,2026-10-05,17,weekday,50,0,50,read
2026-10-05 16:10,agrigento,agrigento-train-staion,6452753,Luggage Storage Agrigento Railway Station,2026-10-05,17,weekday,20,0,20,read
2026-10-05 16:10,agrigento,city-center,6452613,Luggage Storage Scalinata Degli Artisti,2026-10-05,17,weekday,50,0,50,read
2026-10-05 16:10,aosta,train-station,3895,Luggage Storage Transit Station Aosta,2026-10-05,17,weekday,65,0,65,read
2026-10-05 16:10,aosta,train-station,3864,Luggage Storage Aosta Train Station,2026-10-05,17,weekday,10,0,10,read
2026-10-05 16:10,aosta,city-center,6451191,Luggage Storage Aosta Railway Station,2026-10-05,17,weekday,100,0,100,read
2026-10-05 16:10,aosta,city-center,6451955,Luggage Storage Leper'S Tower,2026-10-05,17,weekday,20,0,20,read
2026-10-05 16:10,aosta,train-station,6451201,Luggage Storage Aosta Cathedral,2026-10-05,17,weekday,10,0,10,read
2026-10-05 16:10,brescia,train-station,6036,Luggage Storage Vittoria Metro Station,2026-10-05,17,weekday,10,0,10,read
2026-10-05 16:10,brescia,train-station,6469491,Luggage Storage Piazza della Vittoria,2026-10-05,17,weekday,20,0,20,read
2026-10-05 16:10,brescia,old-town,6049,Luggage Storage Brescia Old Cathedral,2026-10-05,17,weekday,15,0,15,read
2026-10-05 16:10,brescia,train-station,6030,Luggage Storage Torri Gemelle Park,2026-10-05,17,weekday,20,0,20,read
2026-10-05 16:10,como,city-center,1779,Luggage Storage Como City Center,2026-10-05,17,weekday,40,0,40,read
2026-10-05 16:10,como,city-center,7095,Luggage Storage Como Lago Station,2026-10-05,17,weekday,35,0,35,read
2026-10-05 16:10,como,city-center,6459749,Luggage Storage Duomo Di Como,2026-10-05,17,weekday,40,0,40,read
2026-10-05 16:10,como,como-lago-train-station,6459994,Luggage Storage Como Lago Train Station,2026-10-05,17,weekday,30,0,30,read
2026-10-05 16:10,como,city-center,7964,Luggage Storage near Como Borghi Railway Station,2026-10-05,17,weekday,40,0,40,read
2026-10-05 16:10,como,city-center,6473954,Luggage Storage near Como S. Giovanni Stn.,2026-10-05,17,weekday,10,0,10,read
2026-10-05 16:10,como,city-center,6473498,Luggage Storage Como S. Giovanni Station,2026-10-05,17,weekday,35,3,32,read
2026-10-05 16:10,monza,downtown,6200,Luggage Storage Monza City Center,2026-10-05,17,weekday,230,0,230,read
2026-10-05 16:10,monza,monza-train-station,6462144,Luggage Storage near Monza Station,2026-10-05,17,weekday,25,0,25,read
2026-10-05 16:10,monza,monza-train-station,6462159,Luggage Storage Via Cavour,2026-10-05,17,weekday,120,0,120,read
2026-10-05 16:10,monza,monza-train-station,6462143,Luggage Storage Monza Railway Station,2026-10-05,17,weekday,20,0,20,read
2026-10-05 16:10,parma,station,6460158,Luggage Storage Parma Railway Station,2026-10-05,17,weekday,20,0,20,read
2026-10-05 16:10,parma,station,6461734,Luggage Storage Parma Train Station,2026-10-05,17,weekday,20,0,20,read
2026-10-05 16:10,parma,city-center,6473550,Luggage Storage Arch of San Lazzaro,2026-10-05,17,weekday,10,0,10,read
2026-10-05 16:10,parma,station,6469974,Luggage Storage Parma Station,2026-10-05,17,weekday,20,0,20,read
2026-10-05 16:10,parma,station,6469925,Luggage Storage near Parma Station,2026-10-05,17,weekday,15,0,15,read
2026-10-05 16:10,parma,city-center,6462255,Luggage Storage near Governor's Palace,2026-10-05,17,weekday,20,0,20,read
2026-10-05 16:10,parma,city-center,6461414,Luggage Storage near Palazzo Marchi,2026-10-05,17,weekday,15,0,15,read
2026-10-05 16:10,polignano-a-mare,city-center,3509,Luggage Storage Lungomare Grotta Ardito,2026-10-05,17,weekday,15,0,15,read
2026-10-05 16:10,polignano-a-mare,central-station,6918,Luggage Storage Piazza Aldo Moro,2026-10-05,17,weekday,50,2,48,read
2026-10-05 16:10,polignano-a-mare,city-center,6315,Luggage Storage Pinocchio Park,2026-10-05,17,weekday,20,0,20,read
2026-10-05 16:10,polignano-a-mare,central-station,7442,Luggage Storage Lama Monachile,2026-10-05,17,weekday,40,0,40,read
2026-10-05 16:10,polignano-a-mare,central-station,6458257,Luggage Storage Polignano A Mare Railway Station,2026-10-05,17,weekday,20,0,20,read
2026-10-05 16:10,polignano-a-mare,city-center,6455631,Luggage Storage San Vito Beach,2026-10-05,17,weekday,10,10,0,full
2026-10-05 16:10,ravenna,main-station,1538,Luggage Storage Ravenna Train Station,2026-10-05,17,weekday,40,1,39,read
2026-10-05 16:10,ravenna,main-station,6453551,Luggage Storage Ravenna Station,2026-10-05,17,weekday,30,0,30,read
2026-10-05 16:10,ravenna,main-station,6461889,Luggage Storage near Ravenna Station,2026-10-05,17,weekday,20,3,17,read
2026-10-05 16:10,ravenna,main-station,6461479,Luggage Storage Ravenna Railway Station,2026-10-05,17,weekday,20,0,20,read
2026-10-05 16:10,ravenna,main-station,6453186,Luggage Storage Via Molinetto,2026-10-05,17,weekday,20,0,20,read
2026-10-05 16:10,savona,train-station,7722,Luggage Storage Savona Railway Station,2026-10-05,17,weekday,20,0,20,read
2026-10-05 16:10,savona,public-beach-lo-scaletto-dei-pescatori,6456768,Luggage Storage Lo Scaletto Dei Pescatori Beach,2026-10-05,17,weekday,20,0,20,read
2026-10-05 16:10,savona,savona-city-center,6461566,Luggage Storage Via XX Settembre,2026-10-05,17,weekday,20,0,20,read
2026-10-05 16:10,savona,savona-port,8043,Luggage Storage Priamar Fortress,2026-10-05,17,weekday,20,0,20,read
2026-10-05 16:10,savona,priamar-fortress,7730,Luggage Storage Savona Piazza Del Popolo,2026-10-05,17,weekday,50,0,50,read
2026-10-05 16:10,savona,savona-city-center,6470488,Luggage Storage Via Collodi,2026-10-05,17,weekday,10,0,10,read
2026-10-05 16:10,trieste,trieste-train-station,6451513,Luggage Storage Canal Grande,2026-10-05,17,weekday,50,0,50,read
2026-10-05 16:10,trieste,trieste-train-station,9042,Luggage Storage Trieste Railway Station,2026-10-05,17,weekday,10,0,10,read
2026-10-05 16:10,trieste,trieste-train-station,6451346,Luggage Storage Trieste Centrale,2026-10-05,17,weekday,30,7,23,read
2026-10-05 16:10,trieste,trieste-train-station,6451611,Luggage Storage Arco Di Riccardo,2026-10-05,17,weekday,60,0,60,read
2026-10-05 16:10,trieste,trieste-train-station,4952,Luggage Storage Canal Grande Di Trieste,2026-10-05,17,weekday,40,5,35,read
2026-10-05 16:10,ancona,ancona-train-station,458,Luggage Storage Ancona Train Station,2026-10-05,17,weekday,100,2,98,read
2026-10-05 16:10,ancona,ancona-train-station,6417,Luggage Storage Via Martiri Della Resistenza,2026-10-05,17,weekday,50,0,50,read
2026-10-05 16:10,ancona,ancona-train-station,3893,Luggage Storage Ancona Railway Station,2026-10-05,17,weekday,100,0,100,read
2026-10-05 16:10,ancona,ancona-train-station,5993,Luggage Storage Ugo Bassi Square,2026-10-05,17,weekday,15,0,15,read
2026-10-05 16:10,ancona,ancona-train-station,5983,Luggage Storage Cristo Divino Church,2026-10-05,17,weekday,15,0,15,read
2026-10-05 16:10,arezzo,city-center,9266,Luggage Storage Arezzo Railway Station,2026-10-05,17,weekday,50,0,50,read
2026-10-05 16:10,arezzo,city-center,9279,Luggage Storage Piazza Grande,2026-10-05,17,weekday,15,0,15,read
2026-10-05 16:10,arezzo,city-center,9278,Luggage Storage Porta Sant'Andrea,2026-10-05,17,weekday,30,0,30,read
2026-10-05 16:10,arezzo,arezzo-train-station,6451175,Luggage Storage Campo Di Marte / Arezzo Station,2026-10-05,17,weekday,25,0,25,read
2026-10-05 16:10,arezzo,city-center,9270,Luggage Storage Via Petrarca,2026-10-05,17,weekday,50,0,50,read
2026-10-05 16:10,arezzo,arezzo-train-station,6456122,Luggage Storage near Arezzo Station,2026-10-05,17,weekday,15,0,15,read
2026-10-05 16:10,caserta,royal-palace,2497,Luggage Storage Royal Palace,2026-10-05,17,weekday,50,,,unavailable
2026-10-05 16:10,caserta,city-center,6470092,Luggage Storage Caserta Railway Station,2026-10-05,17,weekday,10,0,10,read
2026-10-05 16:10,caserta,city-center,6470091,Luggage Storage Caserta Train Station,2026-10-05,17,weekday,100,0,100,read
2026-10-05 16:10,caserta,city-center,6470098,Luggage Storage near Caserta Bus Station,2026-10-05,17,weekday,20,0,20,read
2026-10-05 16:10,caserta,city-center,6470164,Luggage Storage Caserta Bus Station,2026-10-05,17,weekday,30,0,30,read
2026-10-05 16:10,caserta,city-center,6452180,Luggage Storage near Viale Beneduce,2026-10-05,17,weekday,20,0,20,read
2026-10-05 16:10,civitavecchia,railway-station,7383,Luggage Storage Civitavecchia Railway Station,2026-10-05,17,weekday,40,0,40,read
2026-10-05 16:10,civitavecchia,port,7384,Luggage Storage Civitavecchia Port Bus Charter,2026-10-05,17,weekday,30,0,30,read
2026-10-05 16:10,civitavecchia,civitavecchia-1,6451190,Luggage Storage Mercato Di Civitavecchia,2026-10-05,17,weekday,20,0,20,read
2026-10-05 16:10,civitavecchia,railway-station,6474441,Luggage Storage Piazza Vittorio Emanuele,2026-10-05,17,weekday,10,0,10,read
2026-10-05 16:10,civitavecchia,railway-station,6470146,Luggage Storage near Civitavecchia Station,2026-10-05,17,weekday,15,0,15,read
2026-10-05 16:10,gallipoli,gallipoli-station,6714,Luggage Storage Gallipoli Train Station,2026-10-05,17,weekday,30,0,30,read
2026-10-05 16:10,gallipoli,gallipoli-station,6525,Luggage Storage Gallipoli Port,2026-10-05,17,weekday,20,0,20,read
2026-10-05 16:10,gallipoli,gallipoli-station,6458940,Luggage Storage Corso Roma,2026-10-05,17,weekday,20,0,20,read
2026-10-05 16:10,gallipoli,gallipoli-station,6458939,Luggage Storage Lungomare Galileo Galilei,2026-10-05,17,weekday,20,0,20,read
2026-10-05 16:10,gallipoli,baia-verde,6458822,Luggage Storage Baia Verde,2026-10-05,17,weekday,35,0,35,read
2026-10-05 16:10,livorno,livorno-train-station,9547,Luggage Storage Livorno Centrale,2026-10-05,17,weekday,25,2,23,read
2026-10-05 16:10,livorno,livorno-train-station,3301,Luggage Storage Livorno Train Station,2026-10-05,17,weekday,20,1,19,read
2026-10-05 16:10,livorno,city-center,6451865,Luggage Storage Cisternone,2026-10-05,17,weekday,50,0,50,read
2026-10-05 16:10,livorno,city-center,6451828,Luggage Storage Piazza Mazzini,2026-10-05,17,weekday,20,0,20,read
2026-10-05 16:10,livorno,livorno-train-station,6469841,Luggage Storage Livorno Cathedral,2026-10-05,17,weekday,50,,,unavailable
2026-10-05 16:10,livorno,city-center,6451829,Luggage Storage Birthplace Amedeo Modigliani,2026-10-05,17,weekday,30,0,30,read
2026-10-05 16:10,padua,main-station,7276,Luggage Storage Padua Train Station,2026-10-05,17,weekday,50,0,50,read
2026-10-05 16:10,padua,city-center,2488,Luggage Storage Scrovegni Chapel,2026-10-05,17,weekday,25,0,25,read
2026-10-05 16:10,padua,main-station,6467981,Luggage Storage Padova Railway Station,2026-10-05,17,weekday,50,0,50,read
2026-10-05 16:10,padua,main-station,7281,Luggage Storage Via Sarpi,2026-10-05,17,weekday,60,0,60,read
2026-10-05 16:10,padua,city-center,6467957,Luggage Storage near Prato Della Valle,2026-10-05,17,weekday,50,0,50,read
2026-10-05 16:10,ragusa,ragusa-train-station,6452897,Luggage Storage Ragusa Train Station,2026-10-05,17,weekday,25,0,25,read
2026-10-05 16:10,ragusa,city-center,6452985,Luggage Storage near Ragusa Bus Terminal,2026-10-05,17,weekday,40,0,40,read
2026-10-05 16:10,ragusa,duomo-di-san-giorgio,6470857,Luggage Storage Chiesa di San Giuseppe,2026-10-05,17,weekday,10,0,10,read
2026-10-05 16:10,ragusa,city-center,6452978,Luggage Storage near Ragusa Cathedral,2026-10-05,17,weekday,10,0,10,read
2026-10-05 16:10,ragusa,city-center,6452840,Luggage Storage Duomo Di Ragusa,2026-10-05,17,weekday,10,0,10,read
2026-10-05 16:10,bressanone-brixen,train-station,9925,Luggage Storage Bressanone Railway Station,2026-10-05,17,weekday,30,1,29,read
2026-10-05 16:10,bressanone-brixen,bressanone-brixen-train-station,6461279,Luggage Storage near Bressanone Station,2026-10-05,17,weekday,20,1,19,read
2026-10-05 16:10,bressanone-brixen,bressanone-brixen-train-station,6461278,Luggage Storage Bressanone Train Station,2026-10-05,17,weekday,20,0,20,read
2026-10-05 16:10,bressanone-brixen,train-station,9946,Luggage Storage Bressanone Station,2026-10-05,17,weekday,20,0,20,read
2026-10-05 16:10,bressanone-brixen,bressanone-brixen-train-station,6461342,Luggage Storage near Forum Bressanone,2026-10-05,17,weekday,20,0,20,read
2026-10-05 16:10,cefalu,cefalu-transit-station,6644,Luggage Storage Cefalù Old Town,2026-10-05,17,weekday,35,1,34,read
2026-10-05 16:10,cefalu,city-center,2244,Luggage Storage near Cefalù Cathedral,2026-10-05,17,weekday,25,0,25,read
2026-10-05 16:10,cefalu,city-center,5092,Luggage Storage Rocca Di Cefalù,2026-10-05,17,weekday,30,0,30,read
2026-10-05 16:10,cefalu,cefalu-transit-station,6456584,Luggage Storage Cefalù Railway Station,2026-10-05,17,weekday,80,0,80,read
2026-10-05 16:10,imola,city-center,6453094,Luggage Storage Imola Train Station,2026-10-05,17,weekday,150,0,150,read
2026-10-05 16:10,imola,city-center,6467886,Luggage Storage Piazza Matteotti,2026-10-05,17,weekday,200,0,200,read
2026-10-05 16:10,imola,city-center,6453070,Luggage Storage Imola Piazza Matteotti,2026-10-05,17,weekday,20,0,20,read
2026-10-05 16:10,noto,porta-reale-o-ferdinandea,7164,Luggage Storage Porta Reale,2026-10-05,17,weekday,25,3,22,read
2026-10-05 16:10,noto,city-center,6453331,Luggage Storage near Noto Train Station,2026-10-05,17,weekday,20,0,20,read
2026-10-05 16:10,noto,porta-reale-o-ferdinandea,7097,Luggage Storage Via Salvemini,2026-10-05,17,weekday,20,0,20,read
2026-10-05 16:10,noto,city-center,6453513,Luggage Storage Via Napoli / Salvemini,2026-10-05,17,weekday,25,0,25,read
2026-10-05 16:10,noto,porta-reale-o-ferdinandea,6453050,Luggage Storage Villa Comunale Noto,2026-10-05,17,weekday,20,0,20,read
2026-10-05 16:10,sassari,city-center,7623,Luggage Storage Viale Dante,2026-10-05,17,weekday,20,0,20,read
2026-10-05 16:10,sassari,sassari-train-station,7526,Luggage Storage Viale Porto Torres,2026-10-05,17,weekday,20,0,20,read
2026-10-05 16:10,taranto,castello-aragonese,6852,Luggage Storage San Cataldo Cathedral,2026-10-05,17,weekday,50,,,unavailable
2026-10-05 16:10,taranto,sacello-romano,6455906,Luggage Storage Via Principe Amedeo,2026-10-05,17,weekday,10,0,10,read
2026-10-05 16:10,taranto,sacello-romano,6856,Luggage Storage Via Nitti,2026-10-05,17,weekday,40,0,40,read
2026-10-05 16:10,taranto,castello-aragonese,6848,Luggage Storage Giardini Piazza Garibaldi,2026-10-05,17,weekday,10,0,10,read
2026-10-05 16:10,treviso,treviso-train-station,806,Luggage Storage Treviso Train Station,2026-10-05,17,weekday,75,11,64,read
2026-10-05 16:10,treviso,city-center,2608,Luggage Storage Treviso City Center,2026-10-05,17,weekday,25,0,25,read
2026-10-05 16:10,treviso,treviso-train-station,8263,Luggage Storage Treviso Railway Station,2026-10-05,17,weekday,20,0,20,read
2026-10-05 16:10,treviso,city-center,8183,Luggage Storage Stadio Omobono Tenni,2026-10-05,17,weekday,20,0,20,read
2026-10-05 16:10,viareggio,train-station,7297,Luggage Storage Viareggio Train Station,2026-10-05,17,weekday,70,0,70,read
2026-10-05 16:10,viareggio,city-center,3327,Luggage Storage St Andrea Church,2026-10-05,17,weekday,40,0,40,read
2026-10-05 16:10,viareggio,train-station,6451814,Luggage Storage Piazza Piave,2026-10-05,17,weekday,30,0,30,read
2026-10-05 16:10,viareggio,city-center,6451851,Luggage Storage near Gamc,2026-10-05,17,weekday,25,0,25,read
2026-10-05 16:10,viareggio,city-center,6451810,Luggage Storage Viareggio Railway Station,2026-10-05,17,weekday,20,0,20,read
2026-10-05 16:10,assisi,city-center,8450,Luggage Storage Assisi Train Station,2026-10-05,17,weekday,60,11,49,read
2026-10-05 16:10,assisi,city-center,7307,Luggage Storage Basilica Di Santa Maria Degli Angeli,2026-10-05,17,weekday,25,0,25,read
2026-10-05 16:10,assisi,city-center,6466307,Luggage Storage Assisi Bus Station,2026-10-05,17,weekday,25,0,25,read
2026-10-05 16:10,caltanissetta,caltanissetta-centrale,7727,Luggage Storage Caltanissetta Train Station,2026-10-05,17,weekday,10,0,10,read
2026-10-05 16:10,caltanissetta,caltanissetta-old-town,7719,Luggage Storage Caltanissetta Old Town,2026-10-05,17,weekday,10,0,10,read
2026-10-05 16:10,caltanissetta,caltanissetta-centrale,7624,Luggage Storage Caltanissetta Centrale,2026-10-05,17,weekday,30,0,30,read
2026-10-05 16:10,cosenza,casa-di-galeazzo-di-tarsia,6794,Luggage Storage National Gallery Of Cosenza,2026-10-05,17,weekday,40,0,40,read
2026-10-05 16:10,cosenza,roges,7017,Luggage Storage Roges,2026-10-05,17,weekday,10,0,10,read
2026-10-05 16:10,cosenza,city-centre,6792,Luggage Storage Via Xxiv Maggio,2026-10-05,17,weekday,60,0,60,read
2026-10-05 16:10,cosenza,city-centre,6788,Luggage Storage Piazza Giacomo Mancini,2026-10-05,17,weekday,40,0,40,read
2026-10-05 16:10,cremona,city-center,3044,Luggage Storage Cremona Cathedral,2026-10-05,17,weekday,15,0,15,read
2026-10-05 16:10,cremona,cremona-train-station,6471042,Luggage Storage Cremona Bus Station,2026-10-05,17,weekday,30,0,30,read
2026-10-05 16:10,cremona,cremona-train-station,6471025,Luggage Storage Cremona Railway Station,2026-10-05,17,weekday,30,0,30,read
2026-10-05 16:10,cremona,city-center,6463199,Luggage Storage near Piazza Castello,2026-10-05,17,weekday,100,0,100,read
2026-10-05 16:10,giardini-naxos,city-center,6761,Luggage Storage St. John Beach,2026-10-05,17,weekday,25,0,25,read
2026-10-05 16:10,giardini-naxos,city-center,6453033,Luggage Storage Schisò Beach,2026-10-05,17,weekday,20,0,20,read
2026-10-05 16:10,ischia,port,4835,Luggage Storage Ischia Ferry Pier,2026-10-05,17,weekday,50,0,50,read
2026-10-05 16:10,ischia,port,6460634,Luggage Storage Ischia Ferry Terminal,2026-10-05,17,weekday,30,0,30,read
2026-10-05 16:10,ischia,forio-port,6453676,Luggage Storage Forio Port,2026-10-05,17,weekday,30,0,30,read
2026-10-05 16:10,ischia,port,4947,Luggage Storage Casamicciola Port,2026-10-05,17,weekday,50,0,50,read
2026-10-05 16:10,lecco,train-station,7995,Luggage Storage Lecco Train Station,2026-10-05,17,weekday,30,0,30,read
2026-10-05 16:10,lecco,lecco-train-station,6470300,Luggage Storage near Lake Como Museum,2026-10-05,17,weekday,10,0,10,read
2026-10-05 16:10,lecco,lecco-train-station,6470206,Luggage Storage Lecco Railway Station,2026-10-05,17,weekday,20,0,20,read
2026-10-05 16:10,olbia,train-station,7387,Luggage Storage Olbia Terranova Train Station,2026-10-05,17,weekday,100,2,98,read
2026-10-05 16:10,olbia,train-station,7388,Luggage Storage Olbia Railway Station,2026-10-05,17,weekday,55,0,55,read
2026-10-05 16:10,pavia,downtown,1289,Luggage Storage Downtown Pavia,2026-10-05,17,weekday,30,0,30,read
2026-10-05 16:10,pavia,pavia-train-station,9767,Luggage Storage Pavia Piazza Dante,2026-10-05,17,weekday,10,0,10,read
2026-10-05 16:10,pavia,pavia-train-station,6460851,Luggage Storage Pavia Train Station,2026-10-05,17,weekday,20,0,20,read
2026-10-05 16:10,porto-torres,city-center,5519,Luggage Storage Porto Torres Marittima,2026-10-05,17,weekday,100,0,100,read
2026-10-05 16:10,porto-torres,city-center,6456059,Luggage Storage Via Sassari,2026-10-05,17,weekday,30,0,30,read
2026-10-05 16:10,porto-torres,port,7593,Luggage Storage Porto Torres Port,2026-10-05,17,weekday,30,0,30,read
2026-10-05 16:10,rapallo,train-station,6452316,Luggage Storage Rapallo Railway Station,2026-10-05,17,weekday,30,0,30,read
2026-10-05 16:10,rapallo,train-station,7176,Luggage Storage Corso Goffredo Mameli,2026-10-05,17,weekday,30,0,30,read
2026-10-05 16:10,rapallo,rapallo-train-station,6470556,Luggage Storage near Rapallo Station,2026-10-05,17,weekday,35,0,35,read
2026-10-05 16:10,rapallo,rapallo-train-station,6461574,Luggage Storage Via S. Anna,2026-10-05,17,weekday,20,0,20,read
2026-10-05 16:10,riccione,city-center,6460160,Luggage Storage Riccione Train Station,2026-10-05,17,weekday,65,0,65,read
2026-10-05 16:10,riccione,city-center,6453440,Luggage Storage Viale Bellini,2026-10-05,17,weekday,30,0,30,read
2026-10-05 16:10,riccione,terme,6453417,Luggage Storage Riccione Terme,2026-10-05,17,weekday,10,0,10,read
2026-10-05 16:10,riccione,city-center,6453337,Luggage Storage Corso Fratelli Cervi,2026-10-05,17,weekday,10,0,10,read
2026-10-05 16:10,altamura,city-centre,6455041,Luggage Storage Church Of Saint Theresa,2026-10-05,17,weekday,10,0,10,read
2026-10-05 16:10,altamura,city-centre,6455033,Luggage Storage Altamura City Hall,2026-10-05,17,weekday,10,,,unavailable
2026-10-05 16:10,altamura,city-centre,6455015,Luggage Storage Altamura Old Town,2026-10-05,17,weekday,20,0,20,read
2026-10-05 16:10,amalfi,city-centre,9557,Luggage Storage Duomo Di Amalfi,2026-10-05,17,weekday,30,4,26,read
2026-10-05 16:10,amalfi,city-centre,7447,Luggage Storage Amalfi City Center,2026-10-05,17,weekday,50,0,50,read
2026-10-05 16:10,amalfi,city-centre,6460555,Luggage Storage Amalfi Port,2026-10-05,17,weekday,35,0,35,read
2026-10-05 16:10,castellammare-di-stabia,castellammare-di-stabia-train-station,5889,Luggage Storage near Castellammare Di Stabia Station,2026-10-05,17,weekday,300,0,300,read
2026-10-05 16:10,castellammare-di-stabia,castellammare-di-stabia-train-station,6451920,Luggage Storage Pioppaino Railway Station,2026-10-05,17,weekday,10,0,10,read
2026-10-05 16:10,castellammare-di-stabia,castellammare-di-stabia-train-station,5898,Luggage Storage Villa Comunale,2026-10-05,17,weekday,200,0,200,read
2026-10-05 16:10,desenzano,train-station,6267,Luggage Storage Desenzano Port,2026-10-05,17,weekday,50,0,50,read
2026-10-05 16:10,desenzano,train-station,6040,Luggage Storage Desenzano Del Garda Castle,2026-10-05,17,weekday,30,0,30,read
2026-10-05 16:10,desenzano,desenzano-train-station,6460741,Luggage Storage Desenzano Railway Station,2026-10-05,17,weekday,45,0,45,read
2026-10-05 16:10,donnalucata,city-centre,6452863,Luggage Storage Donnalucata Beach,2026-10-05,17,weekday,10,0,10,read
2026-10-05 16:10,donnalucata,city-centre,6452979,Luggage Storage near Donnalucata Beach,2026-10-05,17,weekday,10,0,10,read
2026-10-05 16:10,donnalucata,city-centre,6452846,Luggage Storage Lungomare Di Donnalucata,2026-10-05,17,weekday,20,0,20,read
2026-10-05 16:10,la-maddalena,la-maddalena-ferry-terminal,7660,Luggage Storage La Maddalena Ferry Terminal,2026-10-05,17,weekday,35,0,35,read
2026-10-05 16:10,la-maddalena,la-maddalena-ferry-terminal,6460822,Luggage Storage La Maddalena Port,2026-10-05,17,weekday,20,0,20,read
2026-10-05 16:10,la-maddalena,la-maddalena-ferry-terminal,6460785,Luggage Storage Via Cairoli,2026-10-05,17,weekday,20,0,20,read
2026-10-05 16:10,merano,merano-train-station,9956,Luggage Storage Merano Railway Station,2026-10-05,17,weekday,15,0,15,read
2026-10-05 16:10,merano,city-center,8052,Luggage Storage Terme Merano,2026-10-05,17,weekday,15,0,15,read
2026-10-05 16:10,merano,city-center,6469835,Luggage Storage Merano City Center,2026-10-05,17,weekday,15,0,15,read
2026-10-05 16:10,milazzo,port,6471045,Luggage Storage Via dei Mille,2026-10-05,17,weekday,200,0,200,read
2026-10-05 16:10,milazzo,port,3162,Luggage Storage Port,2026-10-05,17,weekday,20,0,20,read
2026-10-05 16:10,ostuni,city-centre,6876,Luggage Storage Ostuni Train Station,2026-10-05,17,weekday,50,4,46,read
2026-10-05 16:10,ostuni,city-centre,7028,Luggage Storage Colonna Di Sant'oronzo,2026-10-05,17,weekday,50,0,50,read
2026-10-05 16:10,ostuni,city-centre,6898,Luggage Storage Via Papa Giovanni Xxiii,2026-10-05,17,weekday,100,0,100,read
2026-10-05 16:10,pesaro,city-center,6453381,Luggage Storage near Pesaro Station,2026-10-05,17,weekday,100,0,100,read
2026-10-05 16:10,pesaro,city-center,6453382,Luggage Storage Pesaro Old Town,2026-10-05,17,weekday,100,0,100,read
2026-10-05 16:10,pesaro,city-center,6453347,Luggage Storage Palazzo Mosca,2026-10-05,17,weekday,10,0,10,read
2026-10-05 16:10,positano,chiesa-nuova,3961,Luggage Storage Positano Fornillo Beach,2026-10-05,17,weekday,20,0,20,read
2026-10-05 16:10,prato,prato-centrale,4478,Luggage Storage Prato City Center,2026-10-05,17,weekday,40,0,40,read
2026-10-05 16:10,prato,prato-centrale,6784,Luggage Storage Prato Centrale,2026-10-05,17,weekday,20,0,20,read
2026-10-05 16:10,prato,prato-centrale,6471185,Luggage Storage Prato Centrale Railway Station,2026-10-05,17,weekday,10,0,10,read
2026-10-05 16:10,reggio-emilia,railway-station,7858,Luggage Storage Reggio Emilia Train Station,2026-10-05,17,weekday,65,0,65,read
2026-10-05 16:10,reggio-emilia,reggio-emilia-old-town,7861,Luggage Storage Palazzo Magnani,2026-10-05,17,weekday,10,0,10,read
2026-10-05 16:10,sirmione,city-center,6452685,Luggage Storage Sirmione Castle,2026-10-05,17,weekday,30,0,30,read
2026-10-05 16:10,sirmione,porto-di-lugana,6859,Luggage Storage Porto Di Lugana,2026-10-05,17,weekday,100,0,100,read
2026-10-05 16:10,sirmione,city-center,9127,Luggage Storage Piazza Mercato,2026-10-05,17,weekday,20,0,20,read
2026-10-05 16:10,tirano,tirano-railway-station,6467810,Luggage Storage Tirano Train Station,2026-10-05,17,weekday,40,8,32,read
2026-10-05 16:10,tirano,tirano-railway-station,6469341,Luggage Storage Porta Poschiavina,2026-10-05,17,weekday,10,0,10,read
2026-10-05 16:10,vicenza,city-center,1530,Luggage Storage Piazza Castello,2026-10-05,17,weekday,40,0,40,read
2026-10-05 16:10,vicenza,main-station,6461412,Luggage Storage Vicenza Railway Station,2026-10-05,17,weekday,35,6,29,read
2026-10-05 16:10,vicenza,city-center,1526,Luggage Storage Vicenza City Center,2026-10-05,17,weekday,30,0,30,read
2026-10-05 16:10,alberobello,alberobello-train-station,6930,Luggage Storage Alberobello Train Station,2026-10-05,17,weekday,25,0,25,read
2026-10-05 16:10,alberobello,city-center,6455991,Luggage Storage Via Piave,2026-10-05,17,weekday,30,0,30,read
2026-10-05 16:10,asti,city-center,6451274,Luggage Storage Asti Cathedral,2026-10-05,17,weekday,15,0,15,read
2026-10-05 16:10,asti,city-center,6451277,Luggage Storage Palazzo Mazzetti,2026-10-05,17,weekday,15,0,15,read
2026-10-05 16:10,cervia,milano-marittima,6455105,Luggage Storage Viale Dante Alighieri,2026-10-05,17,weekday,10,0,10,read
2026-10-05 16:10,cervia,city-center,6461485,Luggage Storage Cervia City Center,2026-10-05,17,weekday,20,0,20,read
2026-10-05 16:10,elba,marina-di-campo,6460662,Luggage Storage Marina di Campo Beach,2026-10-05,17,weekday,20,0,20,read
2026-10-05 16:10,elba,procchio,6460661,Luggage Storage Procchio Beach,2026-10-05,17,weekday,20,0,20,read
2026-10-05 16:10,finale-ligure,city-center-finale-ligure,6470112,Luggage Storage Finale Ligure Railway Station,2026-10-05,17,weekday,30,0,30,read
2026-10-05 16:10,grosseto,city-centre,4415,Luggage Storage Grosseto Train Station,2026-10-05,17,weekday,30,0,30,read
2026-10-05 16:10,grosseto,city-centre,2054,Luggage Storage Grosseto City Centre,2026-10-05,17,weekday,20,0,20,read
2026-10-05 16:10,jesolo,lido-jesolo,6461178,Luggage Storage near Piazza Drago,2026-10-05,17,weekday,20,0,20,read
2026-10-05 16:10,jesolo,lido-jesolo,6455532,Luggage Storage Lido Di Jesolo,2026-10-05,17,weekday,20,0,20,read
2026-10-05 16:10,lamezia-terme,train-station,6452912,Luggage Storage Lamezia Terme Centrale,2026-10-05,17,weekday,30,0,30,read
2026-10-05 16:10,locorotondo,city-center,6456332,Luggage Storage Locorotondo Train Station,2026-10-05,17,weekday,50,0,50,read
2026-10-05 16:10,mantua,city-center,6385,Luggage Storage Social Theatre,2026-10-05,17,weekday,25,0,25,read
2026-10-05 16:10,marsala,train-station,7145,Luggage Storage Marsala Railway Station,2026-10-05,17,weekday,50,0,50,read
2026-10-05 16:10,marsala,porta-garibaldi,7150,Luggage Storage Porta Garibaldi,2026-10-05,17,weekday,30,0,30,read
2026-10-05 16:10,massa,city-center,6458344,Luggage Storage Massa Centro Railway Station,2026-10-05,17,weekday,20,0,20,read
2026-10-05 16:10,novara,novara-train-station,6462036,Luggage Storage Novara Train Station,2026-10-05,17,weekday,25,7,18,read
2026-10-05 16:10,novara,city-center,4822,Luggage Storage Novara City Center,2026-10-05,17,weekday,200,0,200,read
2026-10-05 16:10,potenza,city-center,6460018,Luggage Storage Potenza City Center,2026-10-05,17,weekday,100,0,100,read
2026-10-05 16:10,potenza,potenza-city-center,6459940,Luggage Storage Potenza Santa Maria,2026-10-05,17,weekday,20,0,20,read
2026-10-05 16:10,procida,port,4866,Luggage Storage Procida Port,2026-10-05,17,weekday,250,0,250,read
2026-10-05 16:10,rovereto,rovereto-train-station,6461330,Luggage Storage Rovereto Railway Station,2026-10-05,17,weekday,20,0,20,read
2026-10-05 16:10,sanremo,city-center,7763,Luggage Storage Sanremo City Center,2026-10-05,17,weekday,20,0,20,read
2026-10-05 16:10,sestri-levante,sestri-levante-train-station,6459775,Luggage Storage Sestri Levante City Center,2026-10-05,17,weekday,20,0,20,read
2026-10-05 16:10,stromboli,ferry-terminal,3958,Luggage Storage Stromboli Ferry Terminal,2026-10-05,17,weekday,20,0,20,read
2026-10-05 16:10,stromboli,ferry-terminal,6461846,Luggage Storage Scari Beach,2026-10-05,17,weekday,20,0,20,read
2026-10-05 16:10,taormina,city-centre,6533,Luggage Storage Taormina City Center,2026-10-05,17,weekday,50,0,50,read
2026-10-05 16:10,tivoli,villa-d-este,5904,Luggage Storage Church Of S. Michael Archangel,2026-10-05,17,weekday,20,0,20,read
2026-10-05 16:10,tropea,city-centre,6813,Luggage Storage Tropea City Center,2026-10-05,17,weekday,30,0,30,read
2026-10-05 16:10,ventimiglia,city-center-ventimiglia,6451656,Luggage Storage near Ventimiglia Railway Station,2026-10-05,17,weekday,100,0,100,read
2026-10-05 16:10,ventimiglia,city-center-ventimiglia,6469655,Luggage Storage Ventimiglia Railway Station,2026-10-05,17,weekday,50,0,50,read
2026-10-05 16:10,alessandria,tortona,6451902,Luggage Storage Via S. Marziano,2026-10-05,17,weekday,15,0,15,read
2026-10-05 16:10,angri,train-station,5405,Luggage Storage Angri Train Station,2026-10-05,17,weekday,50,0,50,read
2026-10-05 16:10,avellino,city-center,4998,Luggage Storage Avellino City Center,2026-10-05,17,weekday,100,0,100,read
2026-10-05 16:10,avola,city-center,6456894,Luggage Storage Avola City Center,2026-10-05,17,weekday,10,0,10,read
2026-10-05 16:10,boscotrecase,city-center,6457885,Luggage Storage Boscotrecase,2026-10-05,17,weekday,100,0,100,read
2026-10-05 16:10,camaiore,city-center,6451822,Luggage Storage Camaiore City Center,2026-10-05,17,weekday,50,0,50,read
2026-10-05 16:10,camogli,camogli-s-fruttuoso-train-station,6460394,Luggage Storage Camogli Train Station,2026-10-05,17,weekday,40,0,40,read
2026-10-05 16:10,castellammare-del-golfo,city-center,3883,Luggage Storage Castellammare Del Golfo City Center,2026-10-05,17,weekday,20,0,20,read
2026-10-05 16:10,catanzaro,fortuna,7917,Luggage Storage Catanzaro Railway Station,2026-10-05,17,weekday,10,0,10,read
2026-10-05 16:10,cecina,train-station,4417,Luggage Storage Cecina Station,2026-10-05,17,weekday,20,0,20,read
2026-10-05 16:10,chiavari,chiavari-train-station,6452398,Luggage Storage Chiavari Train Station,2026-10-05,17,weekday,20,0,20,read
2026-10-05 16:10,chioggia,sottomarina,6468348,Luggage Storage Sottomarina,2026-10-05,17,weekday,100,0,100,read
2026-10-05 16:10,corigliano-calabro,lungomare-di-schiavonea,8670,Luggage Storage Schiavonea Di Corigliano Calabro,2026-10-05,17,weekday,10,0,10,read
2026-10-05 16:10,crotone,crotone-lungomare,7933,Luggage Storage Corso Messina,2026-10-05,17,weekday,20,0,20,read
2026-10-05 16:10,forio-ischia,forio-beach,6454421,Luggage Storage near Forio Beach,2026-10-05,17,weekday,15,0,15,read
2026-10-05 16:10,gaeta,city-center,6452687,Luggage Storage Lungomare Di Gaeta,2026-10-05,17,weekday,20,0,20,read
2026-10-05 16:10,gorizia,gorizia-train-station,9040,Luggage Storage Gorizia Train Station,2026-10-05,17,weekday,25,1,24,read
2026-10-05 16:10,gravina-in-puglia,city-center,4532,Luggage Storage Gravina Sotterranea,2026-10-05,17,weekday,50,0,50,read
2026-10-05 16:10,isola-del-giglio,giglio-porto,2622,Luggage Storage Port,2026-10-05,17,weekday,30,0,30,read
2026-10-05 16:10,lampedusa,city-center,4829,Luggage Storage Lampedusa City Center,2026-10-05,17,weekday,50,0,50,read
2026-10-05 16:10,latina,city-center,5647,Luggage Storage Piazzale Trieste,2026-10-05,17,weekday,200,0,200,read
2026-10-05 16:10,maglie,old-town,2679,Luggage Storage Maglie Train Station,2026-10-05,17,weekday,10,0,10,read
2026-10-05 16:10,martina-franca,city-center,6455140,Luggage Storage Villa Garibaldi,2026-10-05,17,weekday,10,0,10,read
2026-10-05 16:10,mazara-del-vallo,train-station,5293,Luggage Storage Stazione Di Mazara Del Vallo,2026-10-05,17,weekday,10,0,10,read
2026-10-05 16:10,mira,mira-city-center,7736,Luggage Storage Mira Via Nazionale,2026-10-05,17,weekday,30,0,30,read
2026-10-05 16:10,modica,city-center,6452836,Luggage Storage Trenino Barocco Modica,2026-10-05,17,weekday,10,0,10,read
2026-10-05 16:10,otranto,city-center,6455686,Luggage Storage near Otranto Old Town,2026-10-05,17,weekday,100,0,100,read
2026-10-05 16:10,palau,palau-ferry-terminal,7657,Luggage Storage Palau Ferry Terminal,2026-10-05,17,weekday,20,0,20,read
2026-10-05 16:10,paola,paola-train-station,8993,Luggage Storage Paola Train Station,2026-10-05,17,weekday,10,0,10,read
2026-10-05 16:10,peschiera-del-garda,peschiera-del-garda-train-station,6460959,Luggage Storage Peschiera Del Garda Railway Station,2026-10-05,17,weekday,35,4,31,read
2026-10-05 16:10,piacenza,piacenza-train-station,6451173,Luggage Storage Piacenza Train Station,2026-10-05,17,weekday,25,0,25,read
2026-10-05 16:10,pistoia,pistoia-train-station,4475,Luggage Storage Pistoia Train Station,2026-10-05,17,weekday,25,0,25,read
2026-10-05 16:10,pizzo-calabro,city-center,6455065,Luggage Storage Pizzo City Center,2026-10-05,17,weekday,20,0,20,read
2026-10-05 16:10,ponza,giancos-beach,6460679,Luggage Storage Giancos Beach,2026-10-05,17,weekday,20,0,20,read
2026-10-05 16:10,portici,city-center,6453595,Luggage Storage Portici Corso Garibaldi,2026-10-05,17,weekday,50,0,50,read
2026-10-05 16:10,rho,railway-station,9314,Luggage Storage Church of Saint Victor Martyr,2026-10-05,17,weekday,20,0,20,read
2026-10-05 16:10,riomaggiore,riomaggiore-train-station,6459767,Luggage Storage Riomaggiore City Center,2026-10-05,17,weekday,35,1,34,read
2026-10-05 16:10,rivoli,city-centre,7166,Luggage Storage Corso Xxv Aprile,2026-10-05,17,weekday,20,0,20,read
2026-10-05 16:10,rovigo,rovigo-train-station,6457110,Luggage Storage Rovigo Train Station,2026-10-05,17,weekday,20,0,20,read
2026-10-05 16:10,san-teodoro,piazza-di-gallura,7389,Luggage Storage Piazza Di Gallura,2026-10-05,17,weekday,45,0,45,read
2026-10-05 16:10,san-vito-lo-capo,city-center,8336,Luggage Storage Santuario Di San Vito,2026-10-05,17,weekday,50,0,50,read
2026-10-05 16:10,scicli,city-center,6453837,Luggage Storage near Via Nazionale,2026-10-05,17,weekday,10,0,10,read
2026-10-05 16:10,terni,railway-station,4276,Luggage Storage Terni City Center,2026-10-05,17,weekday,300,0,300,read
2026-10-05 16:10,trani,trani-transit-station,6936,Luggage Storage Trani Port,2026-10-05,17,weekday,50,0,50,read
2026-10-05 16:10,varese,varese-train-station,3026,Luggage Storage Varese Fn Station,2026-10-05,17,weekday,20,0,20,read
2026-10-05 16:10,vasto,city-center,6452476,Luggage Storage Viale D'Annunzio,2026-10-05,17,weekday,10,0,10,read
2026-10-05 16:10,vico-del-gargano,city-center,7226,Luggage Storage City Center Vico Del Gargano,2026-10-05,17,weekday,10,0,10,read
2026-10-05 16:10,vigevano,city-center,6459516,Luggage Storage Corso Cavour,2026-10-05,17,weekday,20,0,20,read
2026-10-05 16:10,villasimius,viale-matteotti,6484,Luggage Storage Viale Matteotti,2026-10-05,17,weekday,10,0,10,read
2026-10-05 17:07,rome,termini,1109,Luggage Storage Termini,2026-10-05,18,weekday,300,32,268,read
2026-10-05 17:07,rome,termini,6453333,Luggage Storage Termini / Piazza Dei Cinquecento,2026-10-05,18,weekday,100,2,98,read
2026-10-05 17:07,rome,tiburtina,4763,Luggage Storage Tiburtina Terminal,2026-10-05,18,weekday,65,0,65,read
2026-10-05 17:07,rome,trastevere,913,Luggage Storage Viale Trastevere,2026-10-05,18,weekday,80,4,76,read
2026-10-05 17:07,rome,roma-vatican-museums,6459809,Luggage Storage near Vatican Museums,2026-10-05,18,weekday,50,0,50,read
2026-10-05 17:07,rome,tiburtina,4599,Luggage Storage Tiburtina Train Station,2026-10-05,18,weekday,80,2,78,read
2026-10-05 17:07,rome,ostiense,44,Luggage Storage Ostiense,2026-10-05,18,weekday,300,0,300,read
2026-10-05 17:07,rome,navona,21,Luggage Storage Navona,2026-10-05,18,weekday,100,0,100,read
2026-10-05 17:07,rome,termini,1352,Luggage Storage Termini Station,2026-10-05,18,weekday,60,2,58,read
2026-10-05 17:07,rome,vatican,4869,Luggage Storage Vatican City,2026-10-05,18,weekday,45,0,45,read
2026-10-05 17:07,rome,trevi,4738,Luggage Storage Trevi Fountain,2026-10-05,18,weekday,50,0,50,read
2026-10-05 17:07,rome,pantheon,57,Luggage Storage Pantheon - Rome Center,2026-10-05,18,weekday,300,0,300,read
2026-10-05 17:07,rome,san-giovanni,19,Luggage Storage S. Giovanni In Laterano,2026-10-05,18,weekday,300,0,300,read
2026-10-05 17:07,rome,trevi,6450924,Luggage Storage Piazza Barberini,2026-10-05,18,weekday,100,1,99,read
2026-10-05 17:07,rome,trastevere,5598,Luggage Storage Trastevere San Cosimato,2026-10-05,18,weekday,50,0,50,read
2026-10-05 17:07,rome,termini,5684,Luggage Storage Termini Rome,2026-10-05,18,weekday,50,10,40,read
2026-10-05 17:07,rome,pantheon,4900,Luggage Storage Teatro Argentina,2026-10-05,18,weekday,200,0,200,read
2026-10-05 17:07,rome,termini,4695,Luggage Storage Giolitti / Termini Station,2026-10-05,18,weekday,250,15,235,read
2026-10-05 17:07,rome,pantheon,5067,Luggage Storage Campo De Fiori,2026-10-05,18,weekday,40,1,39,read
2026-10-05 17:07,rome,trevi,6269,Luggage Storage Quirinal Palace,2026-10-05,18,weekday,35,0,35,read
2026-10-05 17:07,rome,s-pietro,4867,Luggage Storage Roma S.pietro Station,2026-10-05,18,weekday,25,0,25,read
2026-10-05 17:07,rome,navona,849,Luggage Storage Umberto I Bridge,2026-10-05,18,weekday,30,0,30,read
2026-10-05 17:07,rome,ostiense,1828,Luggage Storage Eataly,2026-10-05,18,weekday,30,0,30,read
2026-10-05 17:07,rome,san-giovanni,15,Luggage Storage S.giovanni,2026-10-05,18,weekday,300,0,300,read
2026-10-05 17:07,rome,piazza-del-popolo,9875,Luggage Storage Flaminio Train Station,2026-10-05,18,weekday,100,2,98,read
2026-10-05 17:07,rome,parioli,8885,Luggage Storage Mancini Bus Terminal,2026-10-05,18,weekday,20,0,20,read
2026-10-05 17:07,rome,piazza-campo-de-fiori,8669,Luggage Storage Piazza Campo De Fiori,2026-10-05,18,weekday,25,0,25,read
2026-10-05 17:07,rome,tiburtina,8637,Luggage Storage Monti Tiburtini Metro Station,2026-10-05,18,weekday,50,0,50,read
2026-10-05 17:07,rome,termini,7703,Luggage Storage Termini Railway Station,2026-10-05,18,weekday,100,1,99,read
2026-10-05 17:07,rome,esquilino,6984,Luggage Storage Manzoni Metro Station,2026-10-05,18,weekday,50,0,50,read
2026-10-05 17:07,rome,termini,6835,Luggage Storage Cipro Metro Station Area,2026-10-05,18,weekday,30,0,30,read
2026-10-05 17:07,rome,trastevere,6474541,Luggage Storage Via Albert Einstein / Marconi,2026-10-05,18,weekday,30,0,30,read
2026-10-05 17:07,rome,ottaviano,6474434,Luggage Storage Via Germanico / Vatican,2026-10-05,18,weekday,30,0,30,read
2026-10-05 17:07,rome,pantheon,6473158,Luggage Storage Pantheon,2026-10-05,18,weekday,12,9,3,read
2026-10-05 17:07,rome,roma-vatican-museums,6473149,Luggage Storage Via della Giuliana,2026-10-05,18,weekday,100,0,100,read
2026-10-05 17:07,rome,san-giovanni,6473098,Luggage Storage Viale Carlo Felice,2026-10-05,18,weekday,10,0,10,read
2026-10-05 17:07,rome,termini,6473095,Luggage Storage Viminale Bus Stop,2026-10-05,18,weekday,40,0,40,read
2026-10-05 17:07,rome,navona,6473024,Luggage Storage Via della Pace,2026-10-05,18,weekday,50,0,50,read
2026-10-05 17:07,rome,navona,6473023,Luggage Storage Fontana dei Quattro Fiumi,2026-10-05,18,weekday,60,0,60,read
2026-10-05 17:07,rome,navona,6473022,Luggage Storage Navona / Neptune Fountain,2026-10-05,18,weekday,60,0,60,read
2026-10-05 17:07,rome,colosseum,6473021,Luggage Storage Cavour / Ricci,2026-10-05,18,weekday,25,0,25,read
2026-10-05 17:07,rome,termini,6472962,Luggage Storage Termini / Amendola,2026-10-05,18,weekday,18,10,8,read
2026-10-05 17:07,rome,termini,6472955,Luggage Storage Milazzo / Termini Station,2026-10-05,18,weekday,100,0,100,read
2026-10-05 17:07,rome,termini,6472954,Luggage Storage Marsala / Milazzo,2026-10-05,18,weekday,100,1,99,read
2026-10-05 17:07,rome,termini,6472953,Luggage Storage Milazzo / Magenta,2026-10-05,18,weekday,100,0,100,read
2026-10-05 17:07,rome,pantheon,6472396,Luggage Storage near Pantheon,2026-10-05,18,weekday,35,0,35,read
2026-10-05 17:07,rome,flaminio,6472354,Luggage Storage near Piazza del Popolo,2026-10-05,18,weekday,50,0,50,read
2026-10-05 17:07,rome,termini,6471173,Luggage Storage Termini (Ma-Mb-Fs),2026-10-05,18,weekday,100,0,100,read
2026-10-05 17:07,rome,termini,6471145,Luggage Storage Via Marsala,2026-10-05,18,weekday,100,0,100,read
2026-10-05 17:07,rome,prati,6471093,Luggage Storage Cicerone / Cola di Rienzo,2026-10-05,18,weekday,25,0,25,read
2026-10-05 17:07,rome,ostiense,6470456,Luggage Storage Ostiense/Matteucci,2026-10-05,18,weekday,50,0,50,read
2026-10-05 17:07,rome,ostiense,6470455,Luggage Storage near Ostiense,2026-10-05,18,weekday,20,0,20,read
2026-10-05 17:07,rome,ostiense,6470454,Luggage Storage Basilica S. Paolo,2026-10-05,18,weekday,50,0,50,read
2026-10-05 17:07,rome,termini,6470329,Luggage Storage Manin / Termini,2026-10-05,18,weekday,30,0,30,read
2026-10-05 17:07,rome,Municipio-Roma-X,6470296,Luggage Storage Casal Palocco,2026-10-05,18,weekday,30,0,30,read
2026-10-05 17:07,rome,furio-camillo,6470292,Luggage Storage near Colli Albani Metro Station,2026-10-05,18,weekday,20,0,20,read
2026-10-05 17:07,rome,pigneto-prenestina,6470291,Luggage Storage Ponte Casilino,2026-10-05,18,weekday,50,0,50,read
2026-10-05 17:07,rome,san-giovanni,6470190,Luggage Storage Ponte Lungo Metro Station,2026-10-05,18,weekday,25,0,25,read
2026-10-05 17:07,rome,pigneto,6470156,Luggage Storage Pigneto Metro Station,2026-10-05,18,weekday,20,0,20,read
2026-10-05 17:07,rome,termini,6469828,Luggage Storage Piazza dell'Esquilino,2026-10-05,18,weekday,300,0,300,read
2026-10-05 17:07,rome,repubblica,6469637,Luggage Storage Via Quattro Fontane,2026-10-05,18,weekday,50,0,50,read
2026-10-05 17:07,rome,ostia-1,6468366,Luggage Storage Corso Duca di Genova,2026-10-05,18,weekday,40,0,40,read
2026-10-05 17:07,rome,prati,6468191,Luggage Storage Via degli Scipioni,2026-10-05,18,weekday,30,1,29,read
2026-10-05 17:07,rome,pantheon,6468018,Luggage Storage near Piazza del Gesù,2026-10-05,18,weekday,50,0,50,read
2026-10-05 17:07,rome,esquilino,6463301,Luggage Storage Vittorio Emanuele Metro Station,2026-10-05,18,weekday,20,0,20,read
2026-10-05 17:07,rome,esquilino,6463300,Luggage Storage Porta Maggiore,2026-10-05,18,weekday,30,0,30,read
2026-10-05 17:07,rome,san-lorenzo,6463191,Luggage Storage Piazza Dei Sanniti,2026-10-05,18,weekday,10,0,10,read
2026-10-05 17:07,rome,s-pietro,6463140,Luggage Storage near Paul VI Hall,2026-10-05,18,weekday,20,0,20,read
2026-10-05 17:07,rome,pantheon,6462317,Luggage Storage near Galleria Doria Pamphilj,2026-10-05,18,weekday,20,0,20,read
2026-10-05 17:07,rome,lepanto,6462316,Luggage Storage Roma Ottaviano,2026-10-05,18,weekday,35,0,35,read
2026-10-05 17:07,rome,repubblica,6462240,Luggage Storage Tritone/ Barberini,2026-10-05,18,weekday,40,0,40,read
2026-10-05 17:07,rome,colosseum,6462225,Luggage Storage Colosseo Transit Stop,2026-10-05,18,weekday,20,0,20,read
2026-10-05 17:07,rome,san-giovanni,6462224,Luggage Storage Porta S. Giovanni,2026-10-05,18,weekday,20,0,20,read
2026-10-05 17:07,rome,manzoni,6462223,Luggage Storage Via Emanuele Filiberto,2026-10-05,18,weekday,20,0,20,read
2026-10-05 17:07,rome,trastevere,6461932,Luggage Storage near Piazza Trilussa,2026-10-05,18,weekday,20,1,19,read
2026-10-05 17:07,rome,s-pietro,6461618,Luggage Storage near St. Angelo Bridge,2026-10-05,18,weekday,50,0,50,read
2026-10-05 17:07,rome,piazza-di-san-pietro-in-vincoli,6461425,Luggage Storage Cipro/Bragadin,2026-10-05,18,weekday,20,0,20,read
2026-10-05 17:07,rome,san-lorenzo,6460798,Luggage Storage Roma San Lorenzo,2026-10-05,18,weekday,20,0,20,read
2026-10-05 17:07,rome,termini,6460703,Luggage Storage Via Carlo Cattaneo,2026-10-05,18,weekday,20,0,20,read
2026-10-05 17:07,rome,primavalle,6460001,Luggage Storage Circonvallazione Cornelia,2026-10-05,18,weekday,50,0,50,read
2026-10-05 17:07,rome,termini,6459912,Luggage Storage Amendola / Termini Station,2026-10-05,18,weekday,20,0,20,read
2026-10-05 17:07,rome,santa-maria-maggiore,6459910,Luggage Storage Gioberti / Santa Maria Maggiore,2026-10-05,18,weekday,100,0,100,read
2026-10-05 17:07,rome,pantheon,6459743,Luggage Storage Basilica Sant'Andrea Della Valle,2026-10-05,18,weekday,20,0,20,read
2026-10-05 17:07,rome,repubblica,6459675,Luggage Storage Piazza Del Viminale,2026-10-05,18,weekday,25,0,25,read
2026-10-05 17:07,rome,quartiere-xii-gianicolense,6458599,Luggage Storage Donna Olimpia,2026-10-05,18,weekday,20,0,20,read
2026-10-05 17:07,rome,pantheon,6458567,Luggage Storage Piazza Dei Calcarari,2026-10-05,18,weekday,100,0,100,read
2026-10-05 17:07,rome,pantheon,6458442,Luggage Storage Vittorio Emanuele / Argentina,2026-10-05,18,weekday,40,0,40,read
2026-10-05 17:07,rome,primavalle,6458086,Luggage Storage Cannuta / Battistini,2026-10-05,18,weekday,30,0,30,read
2026-10-05 17:07,rome,repubblica,6458063,Luggage Storage Largo del Tritone,2026-10-05,18,weekday,50,0,50,read
2026-10-05 17:07,rome,rione-ix-pigna,6457939,Luggage Storage near Trevi Fountain,2026-10-05,18,weekday,50,0,50,read
2026-10-05 17:07,rome,castel-sant-angelo,6457822,Luggage Storage near Sant'Angelo Castle,2026-10-05,18,weekday,60,14,46,read
2026-10-05 17:07,rome,termini,6457601,Luggage Storage Amedeo / Termini,2026-10-05,18,weekday,20,0,20,read
2026-10-05 17:07,rome,esquilino,6457599,Luggage Storage Nuovo Mercato Esquilino,2026-10-05,18,weekday,35,0,35,read
2026-10-05 17:07,rome,vatican,6457407,Luggage Storage Ottaviano Metro Station,2026-10-05,18,weekday,15,0,15,read
2026-10-05 17:07,rome,termini,6457349,Luggage Storage Termini Metro Station,2026-10-05,18,weekday,45,2,43,read
2026-10-05 17:07,rome,esquilino,6457222,Luggage Storage Roma Porta Maggiore,2026-10-05,18,weekday,20,0,20,read
2026-10-05 17:07,rome,esquilino,6457185,Luggage Storage Basilica of San Giovanni in Laterano,2026-10-05,18,weekday,35,1,34,read
2026-10-05 17:07,rome,monti,6457113,Luggage Storage Urbana / Panisperna,2026-10-05,18,weekday,20,0,20,read
2026-10-05 17:07,rome,monti,6457108,Luggage Storage Roma Monti,2026-10-05,18,weekday,35,0,35,read
2026-10-05 17:07,rome,termini,6457058,Luggage Storage Basilica of Saint Pudentiana,2026-10-05,18,weekday,40,0,40,read
2026-10-05 17:07,rome,quartiere-xv-della-vittoria,6457040,Luggage Storage Piazzale Clodio,2026-10-05,18,weekday,20,0,20,read
2026-10-05 17:07,rome,san-giovanni,6457022,Luggage Storage Magna Grecia/Tuscolo,2026-10-05,18,weekday,35,0,35,read
2026-10-05 17:07,rome,pantheon,6456917,Luggage Storage Giubbonari / Cairoli,2026-10-05,18,weekday,20,0,20,read
2026-10-05 17:07,rome,piazza-campo-de-fiori,6456889,Luggage Storage Via Dei Giubbonari,2026-10-05,18,weekday,25,0,25,read
2026-10-05 17:07,rome,piazza-campo-de-fiori,6456888,Luggage Storage near Campo De' Fiori,2026-10-05,18,weekday,50,0,50,read
2026-10-05 17:07,rome,piazza-campo-de-fiori,6456886,Luggage Storage Theatre Of Pompey,2026-10-05,18,weekday,30,0,30,read
2026-10-05 17:07,rome,termini,6456879,Luggage Storage near Terme Di Diocleziano,2026-10-05,18,weekday,30,0,30,read
2026-10-05 17:07,rome,flaminio,6456650,Luggage Storage Mancini Bus Station,2026-10-05,18,weekday,25,0,25,read
2026-10-05 17:07,rome,piazza-di-san-pietro-in-vincoli,6456615,Luggage Storage Basilica Of San Pietro In Vincoli,2026-10-05,18,weekday,50,0,50,read
2026-10-05 17:07,rome,trastevere,6456514,Luggage Storage Piazza Testaccio,2026-10-05,18,weekday,50,0,50,read
2026-10-05 17:07,rome,garbatella,6456416,Luggage Storage Roma Ostiense,2026-10-05,18,weekday,50,0,50,read
2026-10-05 17:07,rome,furio-camillo,6456362,Luggage Storage Appio Latino / Satrico,2026-10-05,18,weekday,30,0,30,read
2026-10-05 17:07,rome,pantheon,6455957,Luggage Storage Spagna Metro Station,2026-10-05,18,weekday,35,0,35,read
2026-10-05 17:07,rome,collatino,6455729,Luggage Storage Casal Bruciato,2026-10-05,18,weekday,100,0,100,read
2026-10-05 17:07,rome,trastevere,6455283,Luggage Storage near Trastevere Station,2026-10-05,18,weekday,30,0,30,read
2026-10-05 17:07,rome,fiera-di-roma,6455074,Luggage Storage near Viale Dei Colli Portuensi,2026-10-05,18,weekday,30,0,30,read
2026-10-05 17:07,rome,lepanto,6454985,Luggage Storage Roma Flaminio,2026-10-05,18,weekday,25,0,25,read
2026-10-05 17:07,rome,nomentano,6454965,Luggage Storage Viale Ippocrate,2026-10-05,18,weekday,30,0,30,read
2026-10-05 17:07,rome,portuense,6454526,Luggage Storage Circonvallazione Gianicolense,2026-10-05,18,weekday,20,0,20,read
2026-10-05 17:07,rome,prati,6454471,Luggage Storage Viale Giulio Cesare,2026-10-05,18,weekday,40,0,40,read
2026-10-05 17:07,rome,trastevere,6454401,Luggage Storage Roma Trastevere Railway Station,2026-10-05,18,weekday,100,0,100,read
2026-10-05 17:07,rome,vatican,6454230,Luggage Storage near Vatican City,2026-10-05,18,weekday,30,0,30,read
2026-10-05 17:07,rome,nomentana,6454157,Luggage Storage near Via Antonio Silvani,2026-10-05,18,weekday,45,0,45,read
2026-10-05 17:07,rome,pantheon,6454062,Luggage Storage Corso Vittorio Emanuele II,2026-10-05,18,weekday,25,0,25,read
2026-10-05 17:07,rome,baldo-degli-ubaldi-station,6454059,Luggage Storage Cornelia Metro Station,2026-10-05,18,weekday,15,0,15,read
2026-10-05 17:07,rome,repubblica,6454032,Luggage Storage near Palazzo Delle Esposizioni,2026-10-05,18,weekday,50,0,50,read
2026-10-05 17:07,rome,largo-di-torre-argentina,6453995,Luggage Storage Roma Torre Argentina,2026-10-05,18,weekday,35,2,33,read
2026-10-05 17:07,rome,ottaviano,6453839,Luggage Storage Largo Trionfale / Ottaviano,2026-10-05,18,weekday,20,0,20,read
2026-10-05 17:07,rome,quartiere-xii-gianicolense,6453701,Luggage Storage Gianicolense/Ponte Bianco,2026-10-05,18,weekday,45,0,45,read
2026-10-05 17:07,rome,navona,6453616,Luggage Storage Piazza Navona,2026-10-05,18,weekday,30,0,30,read
2026-10-05 17:07,rome,termini,6453452,Luggage Storage Acquario Romano,2026-10-05,18,weekday,100,0,100,read
2026-10-05 17:07,rome,monti,6453079,Luggage Storage Via Urbana,2026-10-05,18,weekday,25,0,25,read
2026-10-05 17:07,rome,termini,6452726,Luggage Storage Gioberti Roma Termini,2026-10-05,18,weekday,100,0,100,read
2026-10-05 17:07,rome,esquilino,6452653,Luggage Storage Basilica Santa Maria Maggiore,2026-10-05,18,weekday,30,0,30,read
2026-10-05 17:07,rome,monti,6452651,Luggage Storage Cavour Metro Station,2026-10-05,18,weekday,25,0,25,read
2026-10-05 17:07,rome,parioli,6452625,Luggage Storage near Foro Italico,2026-10-05,18,weekday,45,0,45,read
2026-10-05 17:07,rome,garbatella,6452580,Luggage Storage near Circonvallazione Ostiense,2026-10-05,18,weekday,20,0,20,read
2026-10-05 17:07,rome,vatican,6452534,Luggage Storage Aurelia / Cavalleggeri,2026-10-05,18,weekday,35,1,34,read
2026-10-05 17:07,rome,vatican,6452533,Luggage Storage Passeggiata Del Gelsomino,2026-10-05,18,weekday,10,0,10,read
2026-10-05 17:07,rome,st-peter-basilica,6452532,Luggage Storage Porta Cavalleggeri,2026-10-05,18,weekday,35,0,35,read
2026-10-05 17:07,rome,cavour,6452487,Luggage Storage Roma Via Cavour,2026-10-05,18,weekday,50,0,50,read
2026-10-05 17:07,rome,termini,6452486,Luggage Storage near Museo Delle Illusioni,2026-10-05,18,weekday,25,0,25,read
2026-10-05 17:07,rome,prati,6452320,Luggage Storage Flaminio Metro Station,2026-10-05,18,weekday,50,0,50,read
2026-10-05 17:07,rome,bocca-della-verita,6452303,Luggage Storage Piazza Belli,2026-10-05,18,weekday,40,0,40,read
2026-10-05 17:07,rome,vatican,6452286,Luggage Storage Cipro Metro Station,2026-10-05,18,weekday,100,0,100,read
2026-10-05 17:07,rome,piazza-del-popolo,6452246,Luggage Storage near Roma Piazza Del Popolo,2026-10-05,18,weekday,55,0,55,read
2026-10-05 17:07,rome,termini,6452106,Luggage Storage Volturno/Cernaia,2026-10-05,18,weekday,25,0,25,read
2026-10-05 17:07,rome,tiburtina,6452073,Luggage Storage Via Lorenzo Il Magnifico / Tiburtina,2026-10-05,18,weekday,20,0,20,read
2026-10-05 17:07,rome,brancaccio,6452072,Luggage Storage Largo Brancaccio,2026-10-05,18,weekday,20,0,20,read
2026-10-05 17:07,rome,pantheon,6451949,Luggage Storage Jewish Ghetto,2026-10-05,18,weekday,50,0,50,read
2026-10-05 17:07,rome,manzoni,6451861,Luggage Storage near Manzoni Metro Station,2026-10-05,18,weekday,25,0,25,read
2026-10-05 17:07,rome,la-rustica,6451745,Luggage Storage La Rustica,2026-10-05,18,weekday,30,0,30,read
2026-10-05 17:07,rome,monti,6451743,Luggage Storage Via Filippo Turati / Termini,2026-10-05,18,weekday,100,0,100,read
2026-10-05 17:07,rome,vatican,6451676,Luggage Storage near Teatro Ghione,2026-10-05,18,weekday,100,0,100,read
2026-10-05 17:07,rome,monti,6451669,Luggage Storage near Via Cavour,2026-10-05,18,weekday,40,0,40,read
2026-10-05 17:07,rome,casal-monastero,6451633,Luggage Storage Casal Monastero,2026-10-05,18,weekday,100,0,100,read
2026-10-05 17:07,rome,vatican,6451625,Luggage Storage Borgo Pio,2026-10-05,18,weekday,100,0,100,read
2026-10-05 17:07,rome,vatican,6451603,Luggage Storage Circonvallazione Trionfale,2026-10-05,18,weekday,20,0,20,read
2026-10-05 17:07,rome,vatican,6451598,Luggage Storage Via Aurelia,2026-10-05,18,weekday,70,0,70,read
2026-10-05 17:07,rome,piazza-campo-de-fiori,6451596,Luggage Storage Roma Campo De' Fiori,2026-10-05,18,weekday,100,0,100,read
2026-10-05 17:07,rome,tiburtina,6451593,Luggage Storage Via Lorenzo Il Magnifico,2026-10-05,18,weekday,20,0,20,read
2026-10-05 17:07,rome,torre-maura,6451521,Luggage Storage Viale Antonio Ciamarra,2026-10-05,18,weekday,100,0,100,read
2026-10-05 17:07,rome,roman-forum,6451503,Luggage Storage Basilica Papale Di Santa Maria Maggiore,2026-10-05,18,weekday,80,0,80,read
2026-10-05 17:07,rome,vittorio-emanuele,6451424,Luggage Storage Roma Santa Maria Maggiore,2026-10-05,18,weekday,50,2,48,read
2026-10-05 17:07,rome,portuense,6450996,Luggage Storage Piazza Enrico Fermi,2026-10-05,18,weekday,20,0,20,read
2026-10-05 17:07,rome,pantheon,6450927,Luggage Storage Chiesa Di San Francesco A Ripa,2026-10-05,18,weekday,45,0,45,read
2026-10-05 17:07,rome,tiburtina,6235,Luggage Storage Via Della Lega Lombarda,2026-10-05,18,weekday,40,0,40,read
2026-10-05 17:07,rome,termini,5475,Luggage Storage National Museum Of Rome,2026-10-05,18,weekday,30,0,30,read
2026-10-05 17:07,rome,tiburtina,5339,Luggage Storage Roma Tiburtina,2026-10-05,18,weekday,15,0,15,read
2026-10-05 17:07,rome,trastevere,5086,Luggage Storage Piazza Scotti,2026-10-05,18,weekday,50,0,50,read
2026-10-05 17:07,rome,navona,4879,Luggage Storage Navona Square,2026-10-05,18,weekday,25,0,25,read
2026-10-05 17:07,rome,furio-camillo,4878,Luggage Storage Roma Tuscolana Station,2026-10-05,18,weekday,30,4,26,read
2026-10-05 17:07,rome,roma-stadio-olimpico,4875,Luggage Storage Maxxi Museum,2026-10-05,18,weekday,30,0,30,read
2026-10-05 17:07,rome,termini,4762,Luggage Storage Termini Metro Station,2026-10-05,18,weekday,300,0,300,read
2026-10-05 17:07,rome,esquilino,4733,Luggage Storage Esquilino,2026-10-05,18,weekday,200,0,200,read
2026-10-05 17:07,rome,trastevere,4643,Luggage Storage Via Angelo Tittoni,2026-10-05,18,weekday,25,0,25,read
2026-10-05 17:07,rome,trastevere,4606,Luggage Storage Piazza San Cosimato,2026-10-05,18,weekday,30,0,30,read
2026-10-05 17:07,rome,furio-camillo,4573,Luggage Storage Lodi Metro Station,2026-10-05,18,weekday,40,4,36,read
2026-10-05 17:07,rome,termini,4299,Luggage Storage Piazza Dei Cinquecento,2026-10-05,18,weekday,50,1,49,read
2026-10-05 17:07,rome,piazza-del-popolo,4253,Luggage Storage Flaminio,2026-10-05,18,weekday,60,1,59,read
2026-10-05 17:07,rome,trastevere,4247,Luggage Storage Trastevere,2026-10-05,18,weekday,50,0,50,read
2026-10-05 17:07,rome,colosseum,4124,Luggage Storage Colosseum,2026-10-05,18,weekday,50,0,50,read
2026-10-05 17:07,rome,repubblica,4060,Luggage Storage Repubblica Metro Station,2026-10-05,18,weekday,60,0,60,read
2026-10-05 17:07,rome,aventino,3992,Luggage Storage Aventino,2026-10-05,18,weekday,100,0,100,read
2026-10-05 17:07,rome,baldo-degli-ubaldi-station,3920,Luggage Storage Baldo Degli Ubaldi,2026-10-05,18,weekday,40,0,40,read
2026-10-05 17:07,rome,vatican,3850,Luggage Storage Vatican,2026-10-05,18,weekday,45,0,45,read
2026-10-05 17:07,rome,ciampino,3717,Luggage Storage Ciampino City Center,2026-10-05,18,weekday,50,0,50,read
2026-10-05 17:07,rome,tiburtina,3693,Luggage Storage Tiburtina,2026-10-05,18,weekday,20,0,20,read
2026-10-05 17:07,rome,monti,3571,Luggage Storage Monti,2026-10-05,18,weekday,40,0,40,read
2026-10-05 17:07,rome,castel-sant-angelo,3174,Luggage Storage Castel Sant'angelo,2026-10-05,18,weekday,50,0,50,read
2026-10-05 17:07,rome,vatican,2902,Luggage Storage Valle Aurelia,2026-10-05,18,weekday,45,0,45,read
2026-10-05 17:07,rome,ottaviano,1111,Luggage Storage Ottaviano,2026-10-05,18,weekday,30,2,28,read
2026-10-05 17:07,milan,milan-centrale-railway-station,5782,Luggage Storage Centrale FS,2026-10-05,18,weekday,100,17,83,read
2026-10-05 17:07,milan,porta-garibaldi-train-station,8939,Luggage Storage Porta Garibaldi Railway Station,2026-10-05,18,weekday,40,0,40,read
2026-10-05 17:07,milan,cadorna,9047,Luggage Storage Cadorna Railway Station,2026-10-05,18,weekday,200,4,196,read
2026-10-05 17:07,milan,milan-centrale-railway-station,3521,Luggage Storage Milan Centrale Train Station,2026-10-05,18,weekday,300,7,293,read
2026-10-05 17:07,milan,milan-centrale-railway-station,2299,Luggage Storage Central Station,2026-10-05,18,weekday,70,6,64,read
2026-10-05 17:07,milan,milan-centrale-railway-station,8929,Luggage Storage Lepetit / Milan Centrale,2026-10-05,18,weekday,120,1,119,read
2026-10-05 17:07,milan,porta-genova,9028,Luggage Storage Milano Porta Genova Railway Station,2026-10-05,18,weekday,65,0,65,read
2026-10-05 17:07,milan,porta-garibaldi-train-station,5776,Luggage Storage Garibaldi Fs,2026-10-05,18,weekday,30,0,30,read
2026-10-05 17:07,milan,san-siro-stadium,9464,Luggage Storage San Siro Stadium,2026-10-05,18,weekday,300,0,300,read
2026-10-05 17:07,milan,san-babila,2709,Luggage Storage San Babila,2026-10-05,18,weekday,50,6,44,read
2026-10-05 17:07,milan,milan-centrale-railway-station,5777,Luggage Storage Milano Centrale,2026-10-05,18,weekday,90,0,90,read
2026-10-05 17:07,milan,milan-centrale-railway-station,6451052,Luggage Storage Malpensa Shuttle / Milano Centrale,2026-10-05,18,weekday,50,0,50,read
2026-10-05 17:07,milan,porta-romana,9192,Luggage Storage Milano Porta Romana,2026-10-05,18,weekday,35,2,33,read
2026-10-05 17:07,milan,porta-romana,9099,Luggage Storage Crocetta Metro Station,2026-10-05,18,weekday,50,0,50,read
2026-10-05 17:07,milan,porta-genova,9049,Luggage Storage Navigli Darsena,2026-10-05,18,weekday,25,2,23,read
2026-10-05 17:07,milan,milan-centrale-railway-station,9024,Luggage Storage Viale Montello,2026-10-05,18,weekday,50,0,50,read
2026-10-05 17:07,milan,corso-buenos-aires,9020,Luggage Storage near Corso Buenos Aires,2026-10-05,18,weekday,20,0,20,read
2026-10-05 17:07,milan,santa-maria-delle-grazie,8990,Luggage Storage Piazza Virgilio / Cadorna,2026-10-05,18,weekday,35,0,35,read
2026-10-05 17:07,milan,bullona,8634,Luggage Storage Mac Mahon,2026-10-05,18,weekday,15,0,15,read
2026-10-05 17:07,milan,milan-centrale-railway-station,8338,Luggage Storage Milan Train Station,2026-10-05,18,weekday,100,0,100,read
2026-10-05 17:07,milan,milan-centrale-railway-station,6991,Luggage Storage Milano Porta Venezia,2026-10-05,18,weekday,45,1,44,read
2026-10-05 17:07,milan,porta-garibaldi-train-station,6956,Luggage Storage Maciachini Metro Station,2026-10-05,18,weekday,40,0,40,read
2026-10-05 17:07,milan,missori,6473109,Luggage Storage Colonne / Vetra,2026-10-05,18,weekday,40,0,40,read
2026-10-05 17:07,milan,san-babila,6471138,Luggage Storage Via Visconti Di Modrone,2026-10-05,18,weekday,10,0,10,read
2026-10-05 17:07,milan,milan-centrale-railway-station,6471137,Luggage Storage Centrale / Filzi,2026-10-05,18,weekday,100,2,98,read
2026-10-05 17:07,milan,politecnico-di-milano-campus-bovisa-la-masa,6470851,Luggage Storage Milano Bovisa,2026-10-05,18,weekday,20,0,20,read
2026-10-05 17:07,milan,santa-giulia,6470604,Luggage Storage Santa Giulia,2026-10-05,18,weekday,10,0,10,read
2026-10-05 17:07,milan,missori,6470560,Luggage Storage near Duomo Square,2026-10-05,18,weekday,40,0,40,read
2026-10-05 17:07,milan,santa-maria-delle-grazie,6470325,Luggage Storage Via de Amicis,2026-10-05,18,weekday,20,0,20,read
2026-10-05 17:07,milan,conchetta,6470318,Luggage Storage Via Conca del Naviglio,2026-10-05,18,weekday,25,0,25,read
2026-10-05 17:07,milan,missori,6470159,Luggage Storage Santa Sofia,2026-10-05,18,weekday,10,6,4,read
2026-10-05 17:07,milan,missori,6470158,Luggage Storage Missori / Corso Italia,2026-10-05,18,weekday,20,0,20,read
2026-10-05 17:07,milan,porta-ticinese,6469992,Luggage Storage near Bocconi University,2026-10-05,18,weekday,50,0,50,read
2026-10-05 17:07,milan,milan-centrale-railway-station,6469903,Luggage Storage Vitruvio / Centrale,2026-10-05,18,weekday,40,4,36,read
2026-10-05 17:07,milan,santa-maria-delle-grazie,6469852,Luggage Storage Cadorna Metro Station,2026-10-05,18,weekday,45,0,45,read
2026-10-05 17:07,milan,milan-centrale-railway-station,6469840,Luggage Storage Viale Andrea Doria,2026-10-05,18,weekday,40,0,40,read
2026-10-05 17:07,milan,porta-genova,6469638,Luggage Storage Navigli / Villoresi,2026-10-05,18,weekday,50,0,50,read
2026-10-05 17:07,milan,porta-venezia,6469498,Luggage Storage Piazza Otto Novembre,2026-10-05,18,weekday,35,0,35,read
2026-10-05 17:07,milan,porta-vittoria,6469435,Luggage Storage Milano Dateo,2026-10-05,18,weekday,20,0,20,read
2026-10-05 17:07,milan,via-torino-via-palla,6469337,Luggage Storage Via Varesina,2026-10-05,18,weekday,26,0,26,read
2026-10-05 17:07,milan,crescenzago,6469266,Luggage Storage Rovereto / Viale Monza,2026-10-05,18,weekday,20,0,20,read
2026-10-05 17:07,milan,porta-romana,6469207,Luggage Storage Piazzale Libia,2026-10-05,18,weekday,20,2,18,read
2026-10-05 17:07,milan,crescenzago,6468881,Luggage Storage Crescenzago Metro Station,2026-10-05,18,weekday,10,0,10,read
2026-10-05 17:07,milan,porta-venezia,6468851,Luggage Storage Susa Metro Station,2026-10-05,18,weekday,20,0,20,read
2026-10-05 17:07,milan,china-town-milan,6463324,Luggage Storage Arco della Pace,2026-10-05,18,weekday,35,0,35,read
2026-10-05 17:07,milan,navigli,6463299,Luggage Storage Corso S. Gottardo,2026-10-05,18,weekday,20,1,19,read
2026-10-05 17:07,milan,forlanini,6463280,Luggage Storage near Viale Corsica,2026-10-05,18,weekday,20,0,20,read
2026-10-05 17:07,milan,loreto,6463275,Luggage Storage Via Padova / Crescenzago,2026-10-05,18,weekday,20,0,20,read
2026-10-05 17:07,milan,missori,6463226,Luggage Storage Duomo M1 M3,2026-10-05,18,weekday,30,4,26,read
2026-10-05 17:07,milan,porta-romana,6463186,Luggage Storage Via Tito Livio,2026-10-05,18,weekday,20,0,20,read
2026-10-05 17:07,milan,milano-repubblica-station,6462258,Luggage Storage near Milano Repubblica,2026-10-05,18,weekday,20,0,20,read
2026-10-05 17:07,milan,lambrate,6461939,Luggage Storage Casoretto,2026-10-05,18,weekday,20,0,20,read
2026-10-05 17:07,milan,milan-centrale-railway-station,6461511,Luggage Storage Ponte Seveso / Centrale,2026-10-05,18,weekday,20,0,20,read
2026-10-05 17:07,milan,niguarda,6461262,Luggage Storage near Niguarda,2026-10-05,18,weekday,20,0,20,read
2026-10-05 17:07,milan,cerchiate,6460933,Luggage Storage Pero Cerchiate,2026-10-05,18,weekday,20,0,20,read
2026-10-05 17:07,milan,bullona,6460853,Luggage Storage Sonnino / Varesina,2026-10-05,18,weekday,20,0,20,read
2026-10-05 17:07,milan,porta-venezia,6460438,Luggage Storage near Milano Dateo,2026-10-05,18,weekday,40,0,40,read
2026-10-05 17:07,milan,porta-vittoria,6460436,Luggage Storage Porta Vittoria Railway Station,2026-10-05,18,weekday,20,0,20,read
2026-10-05 17:07,milan,assago,6460127,Luggage Storage Assago,2026-10-05,18,weekday,20,0,20,read
2026-10-05 17:07,milan,porta-venezia,6460099,Luggage Storage Porta Venezia Railway Station,2026-10-05,18,weekday,50,0,50,read
2026-10-05 17:07,milan,loreto,6459927,Luggage Storage near Viale Monza,2026-10-05,18,weekday,20,0,20,read
2026-10-05 17:07,milan,milan-centrale-railway-station,6459808,Luggage Storage Via Tonale / Centrale,2026-10-05,18,weekday,25,0,25,read
2026-10-05 17:07,milan,porta-venezia,6459747,Luggage Storage Via Bixio,2026-10-05,18,weekday,25,0,25,read
2026-10-05 17:07,milan,navigli,6459502,Luggage Storage Ripa Di Porta Ticinese,2026-10-05,18,weekday,35,4,31,read
2026-10-05 17:07,milan,bicocca,6459489,Luggage Storage Ponale,2026-10-05,18,weekday,20,0,20,read
2026-10-05 17:07,milan,zone-7-of-milan,6459488,Luggage Storage Via Rembrandt,2026-10-05,18,weekday,20,0,20,read
2026-10-05 17:07,milan,lambrate,6459487,Luggage Storage Via Porpora,2026-10-05,18,weekday,20,0,20,read
2026-10-05 17:07,milan,zone-7-of-milan,6459485,Luggage Storage Piazzale Brescia,2026-10-05,18,weekday,20,0,20,read
2026-10-05 17:07,milan,conchetta,6459434,Luggage Storage Arco Di Porta Ticinese,2026-10-05,18,weekday,20,0,20,read
2026-10-05 17:07,milan,rho,6459417,Luggage Storage Pero,2026-10-05,18,weekday,20,0,20,read
2026-10-05 17:07,milan,porta-ticinese,6459398,Luggage Storage Porta Ticinese,2026-10-05,18,weekday,20,0,20,read
2026-10-05 17:07,milan,porta-garibaldi,6459394,Luggage Storage Moscova metro station,2026-10-05,18,weekday,300,0,300,read
2026-10-05 17:07,milan,lambrate,6459387,Luggage Storage Rubattino,2026-10-05,18,weekday,20,0,20,read
2026-10-05 17:07,milan,porta-ticinese,6459373,Luggage Storage Colonne Di S.Lorenzo,2026-10-05,18,weekday,35,0,35,read
2026-10-05 17:07,milan,santa-maria-delle-grazie,6458625,Luggage Storage Bolivar Metro Station,2026-10-05,18,weekday,20,0,20,read
2026-10-05 17:07,milan,santa-maria-delle-grazie,6458624,Luggage Storage Via Solari,2026-10-05,18,weekday,20,0,20,read
2026-10-05 17:07,milan,santa-maria-delle-grazie,6458622,Luggage Storage near Gelsomini Metro Station,2026-10-05,18,weekday,20,0,20,read
2026-10-05 17:07,milan,porta-genova,6458616,Luggage Storage Conca Del Naviglio,2026-10-05,18,weekday,35,0,35,read
2026-10-05 17:07,milan,washington,6458560,Luggage Storage Wagner,2026-10-05,18,weekday,35,0,35,read
2026-10-05 17:07,milan,porta-garibaldi-train-station,6458366,Luggage Storage Porta Romana Railway Station,2026-10-05,18,weekday,20,0,20,read
2026-10-05 17:07,milan,milano-repubblica-station,6458359,Luggage Storage Milano Repubblica Train Station,2026-10-05,18,weekday,100,,,unavailable
2026-10-05 17:07,milan,loreto,6458170,Luggage Storage Loreto / Viale Abruzzi,2026-10-05,18,weekday,20,2,18,read
2026-10-05 17:07,milan,cairoli-subway-station,6458142,Luggage Storage Cairoli Metro Station,2026-10-05,18,weekday,45,0,45,read
2026-10-05 17:07,milan,milan-centrale-railway-station,6458107,Luggage Storage Scarlatti / Centrale,2026-10-05,18,weekday,20,0,20,read
2026-10-05 17:07,milan,guastalla,6458041,Luggage Storage Piazza 5 Giornate,2026-10-05,18,weekday,20,1,19,read
2026-10-05 17:07,milan,crescenzago,6457848,Luggage Storage Via Padova,2026-10-05,18,weekday,10,0,10,read
2026-10-05 17:07,milan,niguarda,6457565,Luggage Storage Milan Segnano,2026-10-05,18,weekday,20,0,20,read
2026-10-05 17:07,milan,porta-romana,6457366,Luggage Storage near Vittorio Formentano Park,2026-10-05,18,weekday,20,0,20,read
2026-10-05 17:07,milan,china-town,6457329,Luggage Storage Porta Volta,2026-10-05,18,weekday,20,0,20,read
2026-10-05 17:07,milan,san-siro-stadium,6457232,Luggage Storage San Siro Stadium Metro Station,2026-10-05,18,weekday,35,0,35,read
2026-10-05 17:07,milan,milan-centrale-railway-station,6456714,Luggage Storage near Mercato Centrale Milano,2026-10-05,18,weekday,50,0,50,read
2026-10-05 17:07,milan,milan-centrale-railway-station,6456603,Luggage Storage Milano Centrale / Tonale,2026-10-05,18,weekday,25,0,25,read
2026-10-05 17:07,milan,zone-7-of-milan,6456472,Luggage Storage Via Paravia,2026-10-05,18,weekday,20,0,20,read
2026-10-05 17:07,milan,via-visconti-di-modrone,6456414,Luggage Storage Palestro Metro Station,2026-10-05,18,weekday,25,0,25,read
2026-10-05 17:07,milan,porta-genova,6456385,Luggage Storage Vetra Metro Station,2026-10-05,18,weekday,45,0,45,read
2026-10-05 17:07,milan,malpensa-airport,6454307,Luggage Storage Corso Magenta,2026-10-05,18,weekday,100,0,100,read
2026-10-05 17:07,milan,milan-centrale-railway-station,6452789,Luggage Storage Settembrini / Caiazzo,2026-10-05,18,weekday,50,0,50,read
2026-10-05 17:07,milan,milan-centrale-railway-station,6452762,Luggage Storage Milano Centrale / Via Ponte Seveso,2026-10-05,18,weekday,55,7,48,read
2026-10-05 17:07,milan,loreto,6452657,Luggage Storage near Milan Centrale Railway Station,2026-10-05,18,weekday,30,0,30,read
2026-10-05 17:07,milan,porta-venezia,6452268,Luggage Storage Milano Risorgimento,2026-10-05,18,weekday,30,2,28,read
2026-10-05 17:07,milan,milan-centrale-railway-station,6452249,Luggage Storage Largo Rio De Janeiro,2026-10-05,18,weekday,25,0,25,read
2026-10-05 17:07,milan,lambrate,6452238,Luggage Storage near Politecnico Di Milano,2026-10-05,18,weekday,15,0,15,read
2026-10-05 17:07,milan,porta-venezia,6452094,Luggage Storage Milano Porta Vittoria,2026-10-05,18,weekday,35,0,35,read
2026-10-05 17:07,milan,milan-centrale-railway-station,6452075,Luggage Storage near Argonne Metro Station,2026-10-05,18,weekday,20,0,20,read
2026-10-05 17:07,milan,bullona,6452074,Luggage Storage Canonica / Corso Sempione,2026-10-05,18,weekday,25,2,23,read
2026-10-05 17:07,milan,casoretto,6452068,Luggage Storage Via Porpora / Casoretto,2026-10-05,18,weekday,10,1,9,read
2026-10-05 17:07,milan,villapizzone-railway-station,6451947,Luggage Storage Piazza Schiavone / Bovisa,2026-10-05,18,weekday,25,0,25,read
2026-10-05 17:07,milan,bullona,6451708,Luggage Storage Cenisio Metro Station,2026-10-05,18,weekday,100,0,100,read
2026-10-05 17:07,milan,milan-centrale-railway-station,6451399,Luggage Storage Museo Delle Illusioni,2026-10-05,18,weekday,30,0,30,read
2026-10-05 17:07,milan,piazza-gae-aulenti,6451041,Luggage Storage Milano Centrale / Via Tonale,2026-10-05,18,weekday,40,0,40,read
2026-10-05 17:07,milan,cologno-monzese,6262,Luggage Storage Cologno Sud,2026-10-05,18,weekday,100,0,100,read
2026-10-05 17:07,milan,lambrate,6255,Luggage Storage Lambrate Metro Station,2026-10-05,18,weekday,30,0,30,read
2026-10-05 17:07,milan,rogoredo-train-station,6212,Luggage Storage Milan Rogoredo,2026-10-05,18,weekday,50,0,50,read
2026-10-05 17:07,milan,casoretto,6081,Luggage Storage Piola Metro Station,2026-10-05,18,weekday,30,0,30,read
2026-10-05 17:07,milan,milan-centrale-railway-station,5778,Luggage Storage Vtrans Milano,2026-10-05,18,weekday,30,0,30,read
2026-10-05 17:07,milan,citylife,5775,Luggage Storage Lotto Metro Station,2026-10-05,18,weekday,25,0,25,read
2026-10-05 17:07,milan,milan-centrale-railway-station,5505,Luggage Storage near Milan Centrale Station,2026-10-05,18,weekday,40,0,40,read
2026-10-05 17:07,milan,china-town,5385,Luggage Storage Chinatown,2026-10-05,18,weekday,35,0,35,read
2026-10-05 17:07,milan,cerchiate,5084,Luggage Storage Cerchiate,2026-10-05,18,weekday,15,0,15,read
2026-10-05 17:07,milan,porta-romana,3083,Luggage Storage Porta Romana,2026-10-05,18,weekday,15,0,15,read
2026-10-05 17:07,milan,porta-romana,10022,Luggage Storage Brenta,2026-10-05,18,weekday,25,0,25,read
2026-10-05 17:07,naples,naples-centrale-train-station,188,Luggage Storage Naples Centrale,2026-10-05,18,weekday,300,0,300,read
2026-10-05 17:07,naples,naples-city-center,4186,Luggage Storage Naples Toledo Metro Station,2026-10-05,18,weekday,40,0,40,read
2026-10-05 17:07,naples,naples-centrale-train-station,1835,Luggage Storage Naples Train Station,2026-10-05,18,weekday,45,0,45,read
2026-10-05 17:07,naples,napoli-port,5226,Luggage Storage Castel Nuovo,2026-10-05,18,weekday,10,0,10,read
2026-10-05 17:07,naples,naples-centrale-train-station,5009,Luggage Storage Napoli P. Garibaldi Station,2026-10-05,18,weekday,45,4,41,read
2026-10-05 17:07,naples,naples-city-center,5681,Luggage Storage near Sansevero Chapel,2026-10-05,18,weekday,50,0,50,read
2026-10-05 17:07,naples,quartieri-spagnoli,6739,Luggage Storage near Galleria Umberto I,2026-10-05,18,weekday,45,1,44,read
2026-10-05 17:07,naples,naples-centrale-train-station,6458539,Luggage Storage Napoli Centrale,2026-10-05,18,weekday,70,0,70,read
2026-10-05 17:07,naples,dante,6470046,Luggage Storage near Dante Metro Station,2026-10-05,18,weekday,20,0,20,read
2026-10-05 17:07,naples,centro-storico,9563,Luggage Storage Piazza Cavour Metro Station,2026-10-05,18,weekday,50,0,50,read
2026-10-05 17:07,naples,naples-centrale-train-station,9407,Luggage Storage Garibaldi - Principe Umberto,2026-10-05,18,weekday,10,0,10,read
2026-10-05 17:07,naples,dante,9271,Luggage Storage Dante Metro Station,2026-10-05,18,weekday,30,0,30,read
2026-10-05 17:07,naples,naples-centrale-train-station,9254,Luggage Storage near Naples Centrale Railway Station,2026-10-05,18,weekday,25,0,25,read
2026-10-05 17:07,naples,napoli-porta-nolana,9071,Luggage Storage Duomo / Corso Umberto I,2026-10-05,18,weekday,60,0,60,read
2026-10-05 17:07,naples,vicaria,9003,Luggage Storage Arenaccia,2026-10-05,18,weekday,35,0,35,read
2026-10-05 17:07,naples,quartieri-spagnoli,8912,Luggage Storage Toledo / Quartieri Spagnoli,2026-10-05,18,weekday,50,0,50,read
2026-10-05 17:07,naples,napoli-porta-nolana,8419,Luggage Storage Duomo Metro Station,2026-10-05,18,weekday,50,0,50,read
2026-10-05 17:07,naples,naples-cathedral,804,Luggage Storage Roman Theater Of Neapolis,2026-10-05,18,weekday,30,0,30,read
2026-10-05 17:07,naples,naples-centrale-train-station,7899,Luggage Storage Via Palermo,2026-10-05,18,weekday,100,0,100,read
2026-10-05 17:07,naples,vomero,7875,Luggage Storage Stadio Collana,2026-10-05,18,weekday,40,0,40,read
2026-10-05 17:07,naples,naples-centrale-train-station,7182,Luggage Storage Piazza Garibaldi Metro Station,2026-10-05,18,weekday,50,0,50,read
2026-10-05 17:07,naples,posillipo,6721,Luggage Storage Posillipo,2026-10-05,18,weekday,50,0,50,read
2026-10-05 17:07,naples,mergellina-port,6717,Luggage Storage Via Piedigrotta,2026-10-05,18,weekday,50,0,50,read
2026-10-05 17:07,naples,naples-centrale-train-station,6712,Luggage Storage Naples Bus Station,2026-10-05,18,weekday,50,0,50,read
2026-10-05 17:07,naples,dante,6474128,Luggage Storage near Via Toledo,2026-10-05,18,weekday,40,1,39,read
2026-10-05 17:07,naples,bagnoli-agnano-terme,6473631,Luggage Storage Bagnoli Station,2026-10-05,18,weekday,30,0,30,read
2026-10-05 17:07,naples,vomero,6473629,Luggage Storage Arenella,2026-10-05,18,weekday,20,0,20,read
2026-10-05 17:07,naples,mergellina-port,6473529,Luggage Storage Chiaia / Arco Mirelli,2026-10-05,18,weekday,40,0,40,read
2026-10-05 17:07,naples,dante,6473515,Luggage Storage Dante Metro,2026-10-05,18,weekday,100,0,100,read
2026-10-05 17:07,naples,municipio,6473514,Luggage Storage near Naples Underground,2026-10-05,18,weekday,10,0,10,read
2026-10-05 17:07,naples,municipio,6473501,Luggage Storage near Acerra Station,2026-10-05,18,weekday,50,0,50,read
2026-10-05 17:07,naples,vomero,6473440,Luggage Storage Piazza Degli Artisti,2026-10-05,18,weekday,30,0,30,read
2026-10-05 17:07,naples,municipio,6473140,Luggage Storage De Cesare / Naples Underground,2026-10-05,18,weekday,10,0,10,read
2026-10-05 17:07,naples,napoli-porta-nolana,6473026,Luggage Storage Ranieri / Garibaldi,2026-10-05,18,weekday,10,0,10,read
2026-10-05 17:07,naples,universita,6472965,Luggage Storage Corso Umberto / Università,2026-10-05,18,weekday,15,0,15,read
2026-10-05 17:07,naples,municipio,6471162,Luggage Storage Port of Naples,2026-10-05,18,weekday,100,1,99,read
2026-10-05 17:07,naples,municipio,6471071,Luggage Storage Galleria Umberto I,2026-10-05,18,weekday,50,0,50,read
2026-10-05 17:07,naples,naples-centrale-train-station,6470853,Luggage Storage Corso Umberto / Porta Nolana,2026-10-05,18,weekday,100,0,100,read
2026-10-05 17:07,naples,municipio,6470807,Luggage Storage Piazza Plebiscito,2026-10-05,18,weekday,50,0,50,read
2026-10-05 17:07,naples,napoli-porta-nolana,6470755,Luggage Storage Piazzetta Forcella,2026-10-05,18,weekday,20,0,20,read
2026-10-05 17:07,naples,vomero,6470744,Luggage Storage Viale Michelangelo,2026-10-05,18,weekday,50,0,50,read
2026-10-05 17:07,naples,mergellina-port,6470131,Luggage Storage Piedigrotta - Torretta,2026-10-05,18,weekday,100,0,100,read
2026-10-05 17:07,naples,via-chiaia,6470110,Luggage Storage Chiaia,2026-10-05,18,weekday,100,0,100,read
2026-10-05 17:07,naples,via-chiaia,6470080,Luggage Storage Napoli Sotterranea,2026-10-05,18,weekday,20,0,20,read
2026-10-05 17:07,naples,via-chiaia,6470069,Luggage Storage Arco Mirelli Metro Station,2026-10-05,18,weekday,10,0,10,read
2026-10-05 17:07,naples,via-toledo,6470059,Luggage Storage Toledo Metro Station,2026-10-05,18,weekday,50,1,49,read
2026-10-05 17:07,naples,dante,6470045,Luggage Storage Montesanto,2026-10-05,18,weekday,30,0,30,read
2026-10-05 17:07,naples,naples-centrale-train-station,6467993,Luggage Storage Naples Centrale / Via Firenze,2026-10-05,18,weekday,40,0,40,read
2026-10-05 17:07,naples,via-toledo,6462124,Luggage Storage Via Toledo,2026-10-05,18,weekday,30,0,30,read
2026-10-05 17:07,naples,universita,6461871,Luggage Storage Molo Immacolatella Vecchia,2026-10-05,18,weekday,30,4,26,read
2026-10-05 17:07,naples,napoli-porta-nolana,6461598,Luggage Storage Napoli Centrale / Poerio,2026-10-05,18,weekday,100,0,100,read
2026-10-05 17:07,naples,naples-centrale-train-station,6461594,Luggage Storage Garibaldi / Principe Umberto,2026-10-05,18,weekday,60,0,60,read
2026-10-05 17:07,naples,naples-centrale-train-station,6461549,Luggage Storage Garibaldi - Volturno,2026-10-05,18,weekday,100,0,100,read
2026-10-05 17:07,naples,naples-centrale-train-station,6460818,Luggage Storage Napoli Centrale / Via Bologna,2026-10-05,18,weekday,100,0,100,read
2026-10-05 17:07,naples,piazza-cavour,6460747,Luggage Storage San Giovanni a Carbonara,2026-10-05,18,weekday,50,1,49,read
2026-10-05 17:07,naples,municipio,6460731,Luggage Storage Piazza Municipio,2026-10-05,18,weekday,20,2,18,read
2026-10-05 17:07,naples,napoli-porta-nolana,6460717,Luggage Storage Vespucci - Lucci,2026-10-05,18,weekday,15,0,15,read
2026-10-05 17:07,naples,universita,6460709,Luggage Storage near University Federico II,2026-10-05,18,weekday,100,0,100,read
2026-10-05 17:07,naples,naples-centrale-train-station,6460339,Luggage Storage Napoli Centrale / Corso Meridionale,2026-10-05,18,weekday,100,0,100,read
2026-10-05 17:07,naples,napoli-porta-nolana,6458722,Luggage Storage near Garibaldi,2026-10-05,18,weekday,50,0,50,read
2026-10-05 17:07,naples,centro-storico,6458639,Luggage Storage Naples Duomo,2026-10-05,18,weekday,20,0,20,read
2026-10-05 17:07,naples,naples-centrale-train-station,6458088,Luggage Storage Napoli Centrale Train Station,2026-10-05,18,weekday,40,1,39,read
2026-10-05 17:07,naples,porta-capuana,6457911,Luggage Storage Porta Capuana,2026-10-05,18,weekday,50,0,50,read
2026-10-05 17:07,naples,vomero,6457143,Luggage Storage near Salvator Rosa,2026-10-05,18,weekday,20,0,20,read
2026-10-05 17:07,naples,centro-storico,6456326,Luggage Storage near Sansevero Chapel Museum,2026-10-05,18,weekday,50,0,50,read
2026-10-05 17:07,naples,pomigliano-darco,6456322,Luggage Storage Pomigliano Public Park,2026-10-05,18,weekday,40,0,40,read
2026-10-05 17:07,naples,centro-storico,6456095,Luggage Storage Garibaldi / Porta Nolana,2026-10-05,18,weekday,20,0,20,read
2026-10-05 17:07,naples,naples-centrale-train-station,6454591,Luggage Storage Metropark Terminal Bus Station,2026-10-05,18,weekday,100,2,98,read
2026-10-05 17:07,naples,naples-city-center,6454538,Luggage Storage Montesanto Train Station,2026-10-05,18,weekday,50,0,50,read
2026-10-05 17:07,naples,napoli-porta-nolana,6454355,Luggage Storage Napoli Porta Nolana,2026-10-05,18,weekday,30,0,30,read
2026-10-05 17:07,naples,miano,6452747,Luggage Storage Miano,2026-10-05,18,weekday,100,0,100,read
2026-10-05 17:07,naples,rione-sanita,6452507,Luggage Storage Via Arenaccia,2026-10-05,18,weekday,50,0,50,read
2026-10-05 17:07,naples,centro-storico,6451783,Luggage Storage near Naples Archaeological Museum,2026-10-05,18,weekday,25,0,25,read
2026-10-05 17:07,naples,via-toledo,6451707,Luggage Storage Naples Ferry Terminal,2026-10-05,18,weekday,55,0,55,read
2026-10-05 17:07,naples,rione-sanita,6451396,Luggage Storage Rione Amicizia,2026-10-05,18,weekday,10,0,10,read
2026-10-05 17:07,naples,napoli-porta-nolana,6451372,Luggage Storage Piazza Principe Umberto,2026-10-05,18,weekday,50,0,50,read
2026-10-05 17:07,naples,dante,6451213,Luggage Storage Napoli Piazza Dante,2026-10-05,18,weekday,25,0,25,read
2026-10-05 17:07,naples,santa-lucia,6451165,Luggage Storage Via Santa Lucia,2026-10-05,18,weekday,20,0,20,read
2026-10-05 17:07,naples,napoli-porta-nolana,6451082,Luggage Storage Università Metro Station,2026-10-05,18,weekday,23,0,23,read
2026-10-05 17:07,naples,porta-capuana,6451076,Luggage Storage Metropark Napoli Centrale,2026-10-05,18,weekday,90,0,90,read
2026-10-05 17:07,naples,rione-sanita,6436,Luggage Storage Rione Sanità,2026-10-05,18,weekday,20,0,20,read
2026-10-05 17:07,naples,naples-city-center,5972,Luggage Storage Diana Theatre,2026-10-05,18,weekday,15,0,15,read
2026-10-05 17:07,naples,santa-lucia,5763,Luggage Storage Santa Lucia,2026-10-05,18,weekday,100,0,100,read
2026-10-05 17:07,naples,naples-cathedral,5702,Luggage Storage Napoli Piazza Cavour Transit Station,2026-10-05,18,weekday,35,3,32,read
2026-10-05 17:07,naples,naples-city-center,5468,Luggage Storage near Chiostro Di Santa Chiara,2026-10-05,18,weekday,50,0,50,read
2026-10-05 17:07,naples,universita,5195,Luggage Storage near Duomo Metro Station,2026-10-05,18,weekday,50,0,50,read
2026-10-05 17:07,naples,naples-airport,5163,Luggage Storage Naples Airport,2026-10-05,18,weekday,200,6,194,read
2026-10-05 17:07,naples,naples-centrale-train-station,5046,Luggage Storage Napoli Piazza Garibaldi,2026-10-05,18,weekday,50,0,50,read
2026-10-05 17:07,naples,naples-city-center,5040,Luggage Storage Piazza Cavour Station,2026-10-05,18,weekday,10,0,10,read
2026-10-05 17:07,naples,fuorigrotta,5037,Luggage Storage Fuorigrotta,2026-10-05,18,weekday,20,0,20,read
2026-10-05 17:07,naples,porta-capuana,4651,Luggage Storage Via Foria,2026-10-05,18,weekday,50,0,50,read
2026-10-05 17:07,naples,naples-centrale-train-station,4278,Luggage Storage Naples Piazza Garibaldi,2026-10-05,18,weekday,50,0,50,read
2026-10-05 17:07,naples,quattro-giornate-station,3952,Luggage Storage Quattro Giornate Station,2026-10-05,18,weekday,50,0,50,read
2026-10-05 17:07,naples,universita,3694,Luggage Storage Università Station,2026-10-05,18,weekday,20,0,20,read
2026-10-05 17:07,naples,san-lorenzo,3045,Luggage Storage Naples Underground,2026-10-05,18,weekday,20,0,20,read
2026-10-05 17:07,florence,santa-maria-novella,884,Luggage Storage Santa Maria Novella,2026-10-05,18,weekday,140,29,111,read
2026-10-05 17:07,florence,santa-maria-novella,6461689,Luggage Storage Galleria Commerciale Santa Maria Novella,2026-10-05,18,weekday,125,4,121,read
2026-10-05 17:07,florence,santa-maria-novella,2262,Luggage Storage Florence Train Station,2026-10-05,18,weekday,100,1,99,read
2026-10-05 17:07,florence,duomo,5001,Luggage Storage Florence Cathedral,2026-10-05,18,weekday,50,0,50,read
2026-10-05 17:07,florence,battistero-di-san-giovanni,6662,Luggage Storage Riccardi Medici Palace,2026-10-05,18,weekday,30,0,30,read
2026-10-05 17:07,florence,via-dell-albero,6453618,Luggage Storage Firenze Basilica Santa Maria Novella,2026-10-05,18,weekday,70,0,70,read
2026-10-05 17:07,florence,campo-di-marte,6458764,Luggage Storage Artemio Franchi Stadium,2026-10-05,18,weekday,35,0,35,read
2026-10-05 17:07,florence,basilica-of-santa-maria-novella,6459632,Luggage Storage Duomo of Florence,2026-10-05,18,weekday,10,1,9,read
2026-10-05 17:07,florence,pitti,3272,Luggage Storage near Pitti Palace,2026-10-05,18,weekday,50,0,50,read
2026-10-05 17:07,florence,santa-croce,6459634,Luggage Storage near Piazza della Signoria,2026-10-05,18,weekday,50,0,50,read
2026-10-05 17:07,florence,san-lorenzo,6661,Luggage Storage Central Market Square,2026-10-05,18,weekday,100,6,94,read
2026-10-05 17:07,florence,campo-di-marte,6461693,Luggage Storage Campo Marte Station,2026-10-05,18,weekday,35,0,35,read
2026-10-05 17:07,florence,san-marco-florence,9349,Luggage Storage Piazza San Marco,2026-10-05,18,weekday,25,0,25,read
2026-10-05 17:07,florence,san-lorenzo,9317,Luggage Storage Via Guelfa / Mercato Centrale,2026-10-05,18,weekday,30,0,30,read
2026-10-05 17:07,florence,rifredi,9286,Luggage Storage near Rifredi Railway Station,2026-10-05,18,weekday,10,0,10,read
2026-10-05 17:07,florence,rifredi,9282,Luggage Storage Piazza Dalmazia,2026-10-05,18,weekday,25,0,25,read
2026-10-05 17:07,florence,via-de-boni,8054,Luggage Storage Basilica Di San Lorenzo,2026-10-05,18,weekday,30,0,30,read
2026-10-05 17:07,florence,basilica-of-santa-maria-novella,6708,Luggage Storage Piazza Della Indipendenza,2026-10-05,18,weekday,15,0,15,read
2026-10-05 17:07,florence,basilica-di-santo-spirito,6693,Luggage Storage near Museo Novecento,2026-10-05,18,weekday,35,0,35,read
2026-10-05 17:07,florence,santa-croce,6473579,Luggage Storage near Uffizi Galleries,2026-10-05,18,weekday,25,0,25,read
2026-10-05 17:07,florence,santa-maria-novella,6471146,Luggage Storage Via Faenza / SMN,2026-10-05,18,weekday,30,0,30,read
2026-10-05 17:07,florence,santa-maria-novella,6471100,Luggage Storage Via Sant'Antonino,2026-10-05,18,weekday,10,0,10,read
2026-10-05 17:07,florence,santo-spirito,6471019,Luggage Storage Palazzo Pitti,2026-10-05,18,weekday,50,0,50,read
2026-10-05 17:07,florence,san-lorenzo,6470899,Luggage Storage Mercato Centrale Firenze,2026-10-05,18,weekday,30,0,30,read
2026-10-05 17:07,florence,porta-al-prato,6470874,Luggage Storage Porta al Prato,2026-10-05,18,weekday,100,0,100,read
2026-10-05 17:07,florence,santa-croce,6470821,Luggage Storage Santa Croce Church,2026-10-05,18,weekday,40,0,40,read
2026-10-05 17:07,florence,san-lorenzo,6470655,Luggage Storage San Lorenzo,2026-10-05,18,weekday,20,0,20,read
2026-10-05 17:07,florence,basilica-of-santa-maria-novella,6469938,Luggage Storage near Strozzi Palace,2026-10-05,18,weekday,30,0,30,read
2026-10-05 17:07,florence,santa-maria-novella,6469294,Luggage Storage San Frediano,2026-10-05,18,weekday,50,0,50,read
2026-10-05 17:07,florence,santa-croce,6467881,Luggage Storage near Sant'Ambrogio,2026-10-05,18,weekday,30,0,30,read
2026-10-05 17:07,florence,basilica-of-santa-maria-novella,6461934,Luggage Storage Via Ghibellina,2026-10-05,18,weekday,20,0,20,read
2026-10-05 17:07,florence,san-marco-florence,6461687,Luggage Storage Via Nazionale,2026-10-05,18,weekday,20,0,20,read
2026-10-05 17:07,florence,santa-maria-novella,6460996,Luggage Storage Smn Station / Largo Alinari,2026-10-05,18,weekday,100,2,98,read
2026-10-05 17:07,florence,basilica-of-santa-maria-novella,6460614,Luggage Storage Via Guelfa / Piazza San Marco,2026-10-05,18,weekday,30,0,30,read
2026-10-05 17:07,florence,santa-croce,6460461,Luggage Storage near Museum Of Illusions Florence,2026-10-05,18,weekday,35,0,35,read
2026-10-05 17:07,florence,santa-croce,6460434,Luggage Storage near Verdi Theatre,2026-10-05,18,weekday,35,0,35,read
2026-10-05 17:07,florence,santa-croce,6459866,Luggage Storage near Casa Buonarroti,2026-10-05,18,weekday,30,0,30,read
2026-10-05 17:07,florence,santo-spirito,6458479,Luggage Storage Ponte Vecchio,2026-10-05,18,weekday,40,0,40,read
2026-10-05 17:07,florence,porta-al-prato,6458372,Luggage Storage Via Baracca,2026-10-05,18,weekday,20,0,20,read
2026-10-05 17:07,florence,san-marco-florence,6458364,Luggage Storage Firenze San Marco,2026-10-05,18,weekday,20,0,20,read
2026-10-05 17:07,florence,santa-maria-novella,6458362,Luggage Storage near Florence Train Station,2026-10-05,18,weekday,30,7,23,read
2026-10-05 17:07,florence,santa-maria-novella,6458274,Luggage Storage Via Guelfa,2026-10-05,18,weekday,40,0,40,read
2026-10-05 17:07,florence,santa-maria-novella,6458270,Luggage Storage Santa Maria Novella Square,2026-10-05,18,weekday,10,0,10,read
2026-10-05 17:07,florence,district-1,6458204,Luggage Storage San Jacopino,2026-10-05,18,weekday,20,0,20,read
2026-10-05 17:07,florence,piazza-torquato-tasso,6458194,Luggage Storage Tasso Square,2026-10-05,18,weekday,35,0,35,read
2026-10-05 17:07,florence,porta-al-prato,6458173,Luggage Storage Porta Al Prato Railway Station,2026-10-05,18,weekday,20,0,20,read
2026-10-05 17:07,florence,stazione-via-panzani,6457073,Luggage Storage Medici Chapel,2026-10-05,18,weekday,30,0,30,read
2026-10-05 17:07,florence,florence-airport,6457071,Luggage Storage Via Reginaldo Giuliani,2026-10-05,18,weekday,30,0,30,read
2026-10-05 17:07,florence,basilica-of-santa-maria-novella,6457002,Luggage Storage Rosselli / Florence SMN,2026-10-05,18,weekday,40,0,40,read
2026-10-05 17:07,florence,florence-mercato-centrale,6456979,Luggage Storage near Market Central Square,2026-10-05,18,weekday,15,0,15,read
2026-10-05 17:07,florence,san-niccolo,6456271,Luggage Storage Viale Amendola,2026-10-05,18,weekday,25,0,25,read
2026-10-05 17:07,florence,santa-croce,6456146,Luggage Storage Pietrapiana / Salvemini,2026-10-05,18,weekday,30,0,30,read
2026-10-05 17:07,florence,fortezza-dal-basso,6454818,Luggage Storage Indipendenza / Ridolfi,2026-10-05,18,weekday,30,0,30,read
2026-10-05 17:07,florence,porta-al-prato,6435,Luggage Storage Piazza Della Stazione,2026-10-05,18,weekday,30,0,30,read
2026-10-05 17:07,florence,florence-city-center,4353,Luggage Storage near Sant'ambrogio Market,2026-10-05,18,weekday,20,0,20,read
2026-10-05 17:07,florence,santa-maria-novella,3216,Luggage Storage San Marco Square,2026-10-05,18,weekday,20,0,20,read
2026-10-05 17:07,florence,scandicci,100,Luggage Storage Scandicci,2026-10-05,18,weekday,300,0,300,read
2026-10-05 17:07,turin,museo-pietro-micca,7213,Luggage Storage Porta Susa Railway Station,2026-10-05,18,weekday,95,7,88,read
2026-10-05 17:07,turin,egyptian-museum,3013,Luggage Storage Egyptian Museum,2026-10-05,18,weekday,75,0,75,read
2026-10-05 17:07,turin,cit-turin,332,Luggage Storage Porta Susa,2026-10-05,18,weekday,300,0,300,read
2026-10-05 17:07,turin,stazione-porta-nuova,8889,Luggage Storage Porta Nuova Railway Station,2026-10-05,18,weekday,110,0,110,read
2026-10-05 17:07,turin,stazione-porta-nuova,7814,Luggage Storage Porta Nuova Train Station,2026-10-05,18,weekday,55,1,54,read
2026-10-05 17:07,turin,allianz-stadium,2987,Luggage Storage Juventus Stadium,2026-10-05,18,weekday,100,0,100,read
2026-10-05 17:07,turin,stazione-porta-nuova,3071,Luggage Storage Porta Nuova,2026-10-05,18,weekday,50,0,50,read
2026-10-05 17:07,turin,quadrilatero-romano,7178,Luggage Storage Porta Susa Train Station,2026-10-05,18,weekday,50,0,50,read
2026-10-05 17:07,turin,piazza-castello,8894,Luggage Storage Via Xx Settembre / Bertola,2026-10-05,18,weekday,55,4,51,read
2026-10-05 17:07,turin,porta-palazzo-market,7866,Luggage Storage Santuario Della Consolata,2026-10-05,18,weekday,100,0,100,read
2026-10-05 17:07,turin,stazione-porta-nuova,6459711,Luggage Storage Porta Nuova / Marconi,2026-10-05,18,weekday,35,0,35,read
2026-10-05 17:07,turin,national-cinema-museum,6451106,Luggage Storage Mole Di Torino,2026-10-05,18,weekday,30,0,30,read
2026-10-05 17:07,turin,galleria-sabauda,9143,Luggage Storage Xviii Dicembre Metro Station,2026-10-05,18,weekday,20,0,20,read
2026-10-05 17:07,turin,lingotto-fiere,8901,Luggage Storage Lingotto Metro Station,2026-10-05,18,weekday,50,0,50,read
2026-10-05 17:07,turin,palazzo-reale,8898,Luggage Storage Chapel Of The Merchants,2026-10-05,18,weekday,30,0,30,read
2026-10-05 17:07,turin,aurora,8891,Luggage Storage Corso Giulio Cesare / Ponte Mosca,2026-10-05,18,weekday,20,0,20,read
2026-10-05 17:07,turin,piazza-vittorio-veneto,8876,Luggage Storage Chiesa Di Santa Giulia,2026-10-05,18,weekday,20,0,20,read
2026-10-05 17:07,turin,city-center,8867,Luggage Storage Via Nizza,2026-10-05,18,weekday,25,0,25,read
2026-10-05 17:07,turin,torino-porta-susa,8858,Luggage Storage Corso Palermo,2026-10-05,18,weekday,10,0,10,read
2026-10-05 17:07,turin,torino-porta-susa,8843,Luggage Storage Re Umberto Metro Station,2026-10-05,18,weekday,35,0,35,read
2026-10-05 17:07,turin,crocetta,8687,Luggage Storage Corso Mediterraneo,2026-10-05,18,weekday,25,0,25,read
2026-10-05 17:07,turin,barriera-di-milano,8657,Luggage Storage Corso Giulio Cesare,2026-10-05,18,weekday,10,0,10,read
2026-10-05 17:07,turin,barriera-di-milano,8654,Luggage Storage Giardino Giuseppe Saragat,2026-10-05,18,weekday,10,0,10,read
2026-10-05 17:07,turin,stazione-porta-nuova,8621,Luggage Storage Borgo San Paolo,2026-10-05,18,weekday,10,0,10,read
2026-10-05 17:07,turin,parco-del-valentino,7793,Luggage Storage Corso Marconi,2026-10-05,18,weekday,10,0,10,read
2026-10-05 17:07,turin,stazione-porta-nuova,7760,Luggage Storage Castello Del Valentino,2026-10-05,18,weekday,30,0,30,read
2026-10-05 17:07,turin,stazione-porta-nuova,6473147,Luggage Storage Assietta / Porta Nuova,2026-10-05,18,weekday,50,0,50,read
2026-10-05 17:07,turin,stazione-porta-nuova,6473141,Luggage Storage Madama Cristina Bus Stop,2026-10-05,18,weekday,20,0,20,read
2026-10-05 17:07,turin,city-center,6472386,Luggage Storage Rossini Tram Stop,2026-10-05,18,weekday,40,0,40,read
2026-10-05 17:07,turin,stazione-porta-nuova,6470841,Luggage Storage Piazza Madama Cristina,2026-10-05,18,weekday,20,0,20,read
2026-10-05 17:07,turin,torino-porta-susa,6469902,Luggage Storage Piazza Sabotino,2026-10-05,18,weekday,20,0,20,read
2026-10-05 17:07,turin,santa-rita,6467968,Luggage Storage near Inalpi Arena,2026-10-05,18,weekday,35,0,35,read
2026-10-05 17:07,turin,quadrilatero,6467955,Luggage Storage Via Garibaldi,2026-10-05,18,weekday,25,0,25,read
2026-10-05 17:07,turin,lingotto,6467954,Luggage Storage Unione Sovietica / Buenos Aires,2026-10-05,18,weekday,15,0,15,read
2026-10-05 17:07,turin,lingotto,6467873,Luggage Storage Caserma Morelli,2026-10-05,18,weekday,20,0,20,read
2026-10-05 17:07,turin,city-center,6462378,Luggage Storage near Piazza Carlo Alberto,2026-10-05,18,weekday,25,0,25,read
2026-10-05 17:07,turin,lingotto,6460332,Luggage Storage near Torino Lingotto Railway Station,2026-10-05,18,weekday,30,0,30,read
2026-10-05 17:07,turin,cenisia,6456139,Luggage Storage Via Monginevro,2026-10-05,18,weekday,10,0,10,read
2026-10-05 17:07,turin,piazza-statuto,6452006,Luggage Storage Torino Piazza Statuto,2026-10-05,18,weekday,40,0,40,read
2026-10-05 17:07,turin,cenisia,3561,Luggage Storage Cenisia,2026-10-05,18,weekday,100,0,100,read
2026-10-05 17:07,turin,torino-dora,3383,Luggage Storage Torino Dora,2026-10-05,18,weekday,50,0,50,read
2026-10-05 17:07,turin,barriera-di-milano,3023,Luggage Storage Torino Rebaudengo Fossata,2026-10-05,18,weekday,20,0,20,read
2026-10-05 17:07,catania,catania-centrale,6560,Luggage Storage Catania Bus Station,2026-10-05,18,weekday,100,0,100,read
2026-10-05 17:07,catania,city-center,7081,Luggage Storage Fountain Of The Elephant,2026-10-05,18,weekday,40,5,35,read
2026-10-05 17:07,catania,city-center,3024,Luggage Storage Castello Ursino,2026-10-05,18,weekday,25,0,25,read
2026-10-05 17:07,catania,city-center,4344,Luggage Storage Piazza Stesicoro,2026-10-05,18,weekday,50,2,48,read
2026-10-05 17:07,catania,catania-centrale,6452503,Luggage Storage Catania Centrale Train Station,2026-10-05,18,weekday,30,0,30,read
2026-10-05 17:07,catania,city-center,6797,Luggage Storage Stesicoro Metro Station,2026-10-05,18,weekday,30,0,30,read
2026-10-05 17:07,catania,catania-centrale,7066,Luggage Storage Catania Railway Station,2026-10-05,18,weekday,20,0,20,read
2026-10-05 17:07,catania,city-center,7058,Luggage Storage Monastery Of San Nicolò L'arena,2026-10-05,18,weekday,25,0,25,read
2026-10-05 17:07,catania,catania-centrale,6577,Luggage Storage Via Archimede,2026-10-05,18,weekday,100,0,100,read
2026-10-05 17:07,catania,city-center,6473509,Luggage Storage Via Lago di Nicito,2026-10-05,18,weekday,10,0,10,read
2026-10-05 17:07,catania,city-center,6473139,Luggage Storage Ursino Castle,2026-10-05,18,weekday,50,0,50,read
2026-10-05 17:07,catania,catania-airport,6471153,Luggage Storage Catania Airport Area,2026-10-05,18,weekday,100,1,99,read
2026-10-05 17:07,catania,city-center,6471007,Luggage Storage Piazza Federico di Svevia,2026-10-05,18,weekday,25,0,25,read
2026-10-05 17:07,catania,porta-garibaldi,6470901,Luggage Storage near Castello Ursino,2026-10-05,18,weekday,50,0,50,read
2026-10-05 17:07,catania,city-center,6470896,Luggage Storage Greek - Roman Theatre,2026-10-05,18,weekday,30,0,30,read
2026-10-05 17:07,catania,porta-garibaldi,6461808,Luggage Storage Piazza del Risorgimento,2026-10-05,18,weekday,40,0,40,read
2026-10-05 17:07,catania,borgo-sanzio,6460804,Luggage Storage near Villa Bellini,2026-10-05,18,weekday,30,0,30,read
2026-10-05 17:07,catania,borgo-sanzio,6460361,Luggage Storage near Catania Stadium,2026-10-05,18,weekday,20,0,20,read
2026-10-05 17:07,catania,catania-centrale,6460060,Luggage Storage Catania Centrale Railway Station,2026-10-05,18,weekday,80,0,80,read
2026-10-05 17:07,catania,piazza-stesicoro,6459466,Luggage Storage Via Umberto I,2026-10-05,18,weekday,20,0,20,read
2026-10-05 17:07,catania,city-center,6459443,Luggage Storage Catania Porta Garibaldi,2026-10-05,18,weekday,30,0,30,read
2026-10-05 17:07,catania,piazza-stesicoro,6459415,Luggage Storage Etnea Sangiuliano,2026-10-05,18,weekday,20,0,20,read
2026-10-05 17:07,catania,city-center,6459389,Luggage Storage Vittorio Emanuele Ii / Plebiscito,2026-10-05,18,weekday,20,0,20,read
2026-10-05 17:07,catania,city-center,6459381,Luggage Storage near San Cristoforo,2026-10-05,18,weekday,20,0,20,read
2026-10-05 17:07,catania,city-center,6459362,Luggage Storage Catania Stadium,2026-10-05,18,weekday,20,0,20,read
2026-10-05 17:07,catania,borgo-sanzio,6458945,Luggage Storage Orto Botanico di Catania,2026-10-05,18,weekday,20,0,20,read
2026-10-05 17:07,catania,catania-centrale,6458942,Luggage Storage Via Vittorio Emanuele II,2026-10-05,18,weekday,20,3,17,read
2026-10-05 17:07,catania,catania-centrale,6456695,Luggage Storage Catania Bus Terminal,2026-10-05,18,weekday,20,3,17,read
2026-10-05 17:07,catania,university-of-catania,6456575,Luggage Storage near Teatro Massimo Bellini,2026-10-05,18,weekday,50,0,50,read
2026-10-05 17:07,catania,city-center,6456574,Luggage Storage Via Garibaldi,2026-10-05,18,weekday,30,0,30,read
2026-10-05 17:07,catania,catania-airport,6454786,Luggage Storage near Catania Airport,2026-10-05,18,weekday,50,4,46,read
2026-10-05 17:07,catania,city-center,6453899,Luggage Storage Catania Centrale,2026-10-05,18,weekday,35,3,32,read
2026-10-05 17:07,catania,catania-centrale,6452808,Luggage Storage near Catania Porto,2026-10-05,18,weekday,100,0,100,read
2026-10-05 17:07,catania,catania-centrale,6452780,Luggage Storage Giovanni Xxiii Metro Station,2026-10-05,18,weekday,25,0,25,read
2026-10-05 17:07,catania,university-of-catania,6452772,Luggage Storage Catania Porto,2026-10-05,18,weekday,25,0,25,read
2026-10-05 17:07,catania,city-center,6452283,Luggage Storage near Angelo Massimino Stadium,2026-10-05,18,weekday,50,0,50,read
2026-10-05 17:07,catania,borgo-sanzio,4210,Luggage Storage Borgo-sanzio,2026-10-05,18,weekday,150,0,150,read
2026-10-05 17:07,venice,santa-lucia-station,4896,Luggage Storage Venezia Santa Lucia Station,2026-10-05,18,weekday,140,20,120,read
2026-10-05 17:07,venice,rialto,149,Luggage Storage Rialto Bridge,2026-10-05,18,weekday,300,0,300,read
2026-10-05 17:07,venice,san-marco,1078,Luggage Storage San Marco,2026-10-05,18,weekday,45,0,45,read
2026-10-05 17:07,venice,santa-lucia-station,9596,Luggage Storage Venice Railway Station,2026-10-05,18,weekday,100,5,95,read
2026-10-05 17:07,venice,peggy-guggenheim-collection,4912,Luggage Storage S. Maria Del Giglio,2026-10-05,18,weekday,40,0,40,read
2026-10-05 17:07,venice,piazzale-roma,5722,Luggage Storage Piazzale Roma,2026-10-05,18,weekday,100,3,97,read
2026-10-05 17:07,venice,cannaregio,6292,Luggage Storage Ghetto Ebraico,2026-10-05,18,weekday,35,0,35,read
2026-10-05 17:07,venice,dorsoduro,4932,Luggage Storage near Ponte Degli Scalzi,2026-10-05,18,weekday,60,0,60,read
2026-10-05 17:07,venice,piazzale-roma,9579,Luggage Storage Piazzale Roma Terminal Bus,2026-10-05,18,weekday,55,5,50,read
2026-10-05 17:07,venice,biennale,4902,Luggage Storage Campo Bandiera E Moro,2026-10-05,18,weekday,50,0,50,read
2026-10-05 17:07,venice,giudecca,6452766,Luggage Storage Giudecca Palanca,2026-10-05,18,weekday,25,0,25,read
2026-10-05 17:07,venice,san-polo,9621,Luggage Storage Ponte San Polo,2026-10-05,18,weekday,30,0,30,read
2026-10-05 17:07,venice,venice-lido,9617,Luggage Storage Venezia Lido,2026-10-05,18,weekday,25,0,25,read
2026-10-05 17:07,venice,san-marco,9616,Luggage Storage Giardini Della Marinaressa,2026-10-05,18,weekday,25,0,25,read
2026-10-05 17:07,venice,city-center,9580,Luggage Storage Calle Dei Preti,2026-10-05,18,weekday,50,0,50,read
2026-10-05 17:07,venice,san-polo,6473647,Luggage Storage near Venice San Polo,2026-10-05,18,weekday,100,0,100,read
2026-10-05 17:07,venice,cannaregio,6472946,Luggage Storage San Geremia,2026-10-05,18,weekday,15,1,14,read
2026-10-05 17:07,venice,doge-s-palace,6472938,Luggage Storage S. Marco-San Zaccaria 'B',2026-10-05,18,weekday,50,3,47,read
2026-10-05 17:07,venice,cannaregio,6469821,Luggage Storage near Oratory of Crociferi,2026-10-05,18,weekday,100,3,97,read
2026-10-05 17:07,venice,venice-castello,6469788,Luggage Storage Church of Miracoli,2026-10-05,18,weekday,50,0,50,read
2026-10-05 17:07,venice,doge-s-palace,6469768,Luggage Storage Santa Maria Formosa Church,2026-10-05,18,weekday,100,0,100,read
2026-10-05 17:07,venice,constitution-bridge,6457620,Luggage Storage Venice Bus Terminal,2026-10-05,18,weekday,90,1,89,read
2026-10-05 17:07,venice,accademia-gallery,6452230,Luggage Storage Zattere Ferry Terminal,2026-10-05,18,weekday,65,2,63,read
2026-10-05 17:07,venice,venice-marco-polo-airport,6452148,Luggage Storage near Venice Marco Polo Area,2026-10-05,18,weekday,45,0,45,read
2026-10-05 17:07,venice,santa-croce,5723,Luggage Storage near Giardini Papadopoli,2026-10-05,18,weekday,20,0,20,read
2026-10-05 17:07,venice,brondolo,5305,Luggage Storage Brondolo,2026-10-05,18,weekday,200,0,200,read
2026-10-05 17:07,venice,city-center,4914,Luggage Storage San Polo,2026-10-05,18,weekday,20,0,20,read
2026-10-05 17:07,venice,santa-lucia-train-station,2852,Luggage Storage near Venice Bus Station,2026-10-05,18,weekday,15,0,15,read
2026-10-05 17:07,bari,bari-centrale-train-station,233,Luggage Storage Bari Centrale Train Station,2026-10-05,18,weekday,300,0,300,read
2026-10-05 17:07,bari,basilica-san-nicola,2325,Luggage Storage St. Nicholas Cathedral,2026-10-05,18,weekday,30,0,30,read
2026-10-05 17:07,bari,bari-centrale-train-station,6452171,Luggage Storage Bari Centrale Station,2026-10-05,18,weekday,100,4,96,read
2026-10-05 17:07,bari,bari-vecchia,6461890,Luggage Storage Basilica San Nicola,2026-10-05,18,weekday,100,5,95,read
2026-10-05 17:07,bari,bari-centrale-train-station,6455967,Luggage Storage near Castello Svevo Di Bari,2026-10-05,18,weekday,100,2,98,read
2026-10-05 17:07,bari,palazzo-fizzarotti,6459578,Luggage Storage near Palazzo Fizzarotti,2026-10-05,18,weekday,30,0,30,read
2026-10-05 17:07,bari,bari-centrale-train-station,7326,Luggage Storage Bari Centrale Stazione Fs,2026-10-05,18,weekday,35,0,35,read
2026-10-05 17:07,bari,city-center,9646,Luggage Storage near Palazzo Mincuzzi,2026-10-05,18,weekday,100,0,100,read
2026-10-05 17:07,bari,bari-centrale-train-station,9316,Luggage Storage Giardini Di Piazza Umberto I,2026-10-05,18,weekday,20,0,20,read
2026-10-05 17:07,bari,old-town,8639,Luggage Storage Fortino Di Sant'Antonio,2026-10-05,18,weekday,30,0,30,read
2026-10-05 17:07,bari,bari-centrale-train-station,6800,Luggage Storage Bari Train Station,2026-10-05,18,weekday,60,0,60,read
2026-10-05 17:07,bari,bari-centrale-train-station,6470157,Luggage Storage Cavour - Petroni,2026-10-05,18,weekday,100,0,100,read
2026-10-05 17:07,bari,bari-vecchia,6463189,Luggage Storage Crispi-Trevisani,2026-10-05,18,weekday,20,0,20,read
2026-10-05 17:07,bari,bari-centrale-train-station,6462370,Luggage Storage Corso Cavour / Centrale,2026-10-05,18,weekday,20,,,unavailable
2026-10-05 17:07,bari,bari-centrale-train-station,6461837,Luggage Storage Piazza Garibaldi,2026-10-05,18,weekday,35,0,35,read
2026-10-05 17:07,bari,bari-centrale-train-station,6461821,Luggage Storage Sella-Crisanzio,2026-10-05,18,weekday,20,0,20,read
2026-10-05 17:07,bari,bari-centrale-train-station,6460739,Luggage Storage Bari Bus Station,2026-10-05,18,weekday,20,3,17,read
2026-10-05 17:07,bari,bari-centrale-train-station,6460337,Luggage Storage Piazza Umberto I / Station,2026-10-05,18,weekday,100,0,100,read
2026-10-05 17:07,bari,bari-centrale-train-station,6459572,Luggage Storage Via Quintino Sella,2026-10-05,18,weekday,20,0,20,read
2026-10-05 17:07,bari,bari-centrale-train-station,6459558,Luggage Storage near Pinacoteca Metropolitana,2026-10-05,18,weekday,20,0,20,read
2026-10-05 17:07,bari,bari-centrale-train-station,6459542,Luggage Storage Bari Central Railway Station,2026-10-05,18,weekday,20,0,20,read
2026-10-05 17:07,bari,marconi,6457603,Luggage Storage Corso Sidney Sonnino,2026-10-05,18,weekday,20,0,20,read
2026-10-05 17:07,bari,bari-centrale-train-station,6455905,Luggage Storage near Giardini Piazza Umberto I,2026-10-05,18,weekday,10,0,10,read
2026-10-05 17:07,bari,bari-centrale-train-station,6455904,Luggage Storage near Bari Central Railway Station,2026-10-05,18,weekday,10,0,10,read
2026-10-05 17:07,bari,bari-centrale-train-station,6455593,Luggage Storage Piccinni-Cavour,2026-10-05,18,weekday,15,0,15,read
2026-10-05 17:07,bari,madonnella,6455296,Luggage Storage near Corso Sydney Sonnino,2026-10-05,18,weekday,25,0,25,read
2026-10-05 17:07,bari,madonnella,6455103,Luggage Storage near Bari Marconi Station,2026-10-05,18,weekday,55,0,55,read
2026-10-05 17:07,bari,altamura,6455039,Luggage Storage Altamura St Mary'S Cathedral,2026-10-05,18,weekday,10,0,10,read
2026-10-05 17:07,bari,teatro-petruzzelli,6454961,Luggage Storage Largo Eroi Del Mare,2026-10-05,18,weekday,35,2,33,read
2026-10-05 17:07,bari,quartiere-umbertino,6454957,Luggage Storage Quartiere Umbertino,2026-10-05,18,weekday,15,0,15,read
2026-10-05 17:07,bari,marconi,6454617,Luggage Storage near Via Napoli,2026-10-05,18,weekday,50,0,50,read
2026-10-05 17:07,bari,city-center,5825,Luggage Storage Petruzzelli Opera House,2026-10-05,18,weekday,300,0,300,read
2026-10-05 17:07,bari,city-center,5657,Luggage Storage Bari City Center,2026-10-05,18,weekday,100,0,100,read
2026-10-05 17:07,bari,teatro-petruzzelli,5234,Luggage Storage near Teatro Petruzzelli,2026-10-05,18,weekday,60,0,60,read
2026-10-05 17:07,bari,bari-centrale-train-station,3515,Luggage Storage Piazza Umberto I,2026-10-05,18,weekday,15,0,15,read
2026-10-05 17:07,bari,city-center,3420,Luggage Storage City Hall,2026-10-05,18,weekday,20,0,20,read
2026-10-05 17:07,bari,bari-centrale-train-station,2652,Luggage Storage Bari Railway Station,2026-10-05,18,weekday,300,0,300,read
2026-10-05 17:07,bari,fiera-del-levante,1377,Luggage Storage Via Napoli,2026-10-05,18,weekday,30,0,30,read
2026-10-05 17:07,palermo,palermo-centrale,6517,Luggage Storage Palermo Train Station,2026-10-05,18,weekday,90,4,86,read
2026-10-05 17:07,palermo,palermo-centrale,7233,Luggage Storage Palermo Central Station,2026-10-05,18,weekday,45,2,43,read
2026-10-05 17:07,palermo,palermo-city-center,2520,Luggage Storage Aragona Square,2026-10-05,18,weekday,40,0,40,read
2026-10-05 17:07,palermo,port-palermo,9162,Luggage Storage Palermo Notarbartolo Railway Station,2026-10-05,18,weekday,30,1,29,read
2026-10-05 17:07,palermo,palazzo-comitini,7142,Luggage Storage Church Of San Cataldo,2026-10-05,18,weekday,50,6,44,read
2026-10-05 17:07,palermo,palermo-city-center,7040,Luggage Storage Chiesa Del Gesù Di Casa Professa,2026-10-05,18,weekday,45,0,45,read
2026-10-05 17:07,palermo,port-palermo,6742,Luggage Storage Palermo Port,2026-10-05,18,weekday,100,0,100,read
2026-10-05 17:07,palermo,palermo-centrale,6474457,Luggage Storage near Palermo Station,2026-10-05,18,weekday,20,6,14,read
2026-10-05 17:07,palermo,port-palermo,6473031,Luggage Storage near Albero Falcone,2026-10-05,18,weekday,20,0,20,read
2026-10-05 17:07,palermo,settecannoli,6472361,Luggage Storage Settecannoli / Romagnolo,2026-10-05,18,weekday,50,0,50,read
2026-10-05 17:07,palermo,fiera,6469236,Luggage Storage Isola delle Femmine,2026-10-05,18,weekday,50,4,46,read
2026-10-05 17:07,palermo,historical-centre-of-palermo,6461679,Luggage Storage Palermo Old Town,2026-10-05,18,weekday,35,0,35,read
2026-10-05 17:07,palermo,mondello,6460855,Luggage Storage Mondello Port,2026-10-05,18,weekday,20,0,20,read
2026-10-05 17:07,palermo,piazza-verdi,6460692,Luggage Storage near Piazza Verdi,2026-10-05,18,weekday,40,1,39,read
2026-10-05 17:07,palermo,mont-di-pieta,6460282,Luggage Storage near Palermo Teatro Massimo,2026-10-05,18,weekday,20,0,20,read
2026-10-05 17:07,palermo,palermo-centrale,6458911,Luggage Storage near Piazza Giulio Cesare,2026-10-05,18,weekday,20,0,20,read
2026-10-05 17:07,palermo,palermo-centrale,6458874,Luggage Storage Palermo Centrale Train Station,2026-10-05,18,weekday,35,4,31,read
2026-10-05 17:07,palermo,mondello,6456875,Luggage Storage near Mondello,2026-10-05,18,weekday,20,0,20,read
2026-10-05 17:07,palermo,mont-di-pieta,6456648,Luggage Storage near Palermo Archeological Museum,2026-10-05,18,weekday,25,0,25,read
2026-10-05 17:07,palermo,palermo-city-center,6456643,Luggage Storage Palermo Palazzo Reale-Orleans,2026-10-05,18,weekday,45,0,45,read
2026-10-05 17:07,palermo,historical-centre-of-palermo,6456367,Luggage Storage near Catacombe Porta D'Ossuna,2026-10-05,18,weekday,25,,,unavailable
2026-10-05 17:07,palermo,palermo-city-center,6005,Luggage Storage Massimo Theater,2026-10-05,18,weekday,30,0,30,read
2026-10-05 17:07,palermo,palermo-city-center,5039,Luggage Storage City Center Palermo,2026-10-05,18,weekday,150,0,150,read
2026-10-05 17:07,bologna,bologna-centrale-railway-station,5280,Luggage Storage Bologna Centrale Station,2026-10-05,18,weekday,65,12,53,read
2026-10-05 17:07,bologna,two-towers,3914,Luggage Storage Two Towers Bologna,2026-10-05,18,weekday,40,0,40,read
2026-10-05 17:07,bologna,piazza-maggiore,9171,Luggage Storage Bologna Piazza Maggiore,2026-10-05,18,weekday,100,2,98,read
2026-10-05 17:07,bologna,bologna-city-center,9194,Luggage Storage La Piccola Venezia,2026-10-05,18,weekday,35,0,35,read
2026-10-05 17:07,bologna,piazza-maggiore,6450925,Luggage Storage Bologna Old Town,2026-10-05,18,weekday,100,0,100,read
2026-10-05 17:07,bologna,bologna-centrale-railway-station,9193,Luggage Storage Bologna Train Station,2026-10-05,18,weekday,100,0,100,read
2026-10-05 17:07,bologna,bologna-centrale-railway-station,6452157,Luggage Storage Bologna Centrale Train Station,2026-10-05,18,weekday,100,3,97,read
2026-10-05 17:07,bologna,bologna-city-center,9222,Luggage Storage Parco 11 Settembre,2026-10-05,18,weekday,30,0,30,read
2026-10-05 17:07,bologna,belvedere-mercato-delle-erbe,9308,Luggage Storage Piazza Malpighi,2026-10-05,18,weekday,30,4,26,read
2026-10-05 17:07,bologna,bologna-centrale-railway-station,6460518,Luggage Storage near Bologna Station,2026-10-05,18,weekday,55,1,54,read
2026-10-05 17:07,bologna,bologna-centrale-railway-station,6463282,Luggage Storage Via Amendola / Centrale,2026-10-05,18,weekday,50,0,50,read
2026-10-05 17:07,bologna,bologna-centrale-railway-station,6463294,Luggage Storage Via San Felice,2026-10-05,18,weekday,20,4,16,read
2026-10-05 17:07,bologna,bologna-centrale-railway-station,9233,Luggage Storage Porta Sant'isaia,2026-10-05,18,weekday,25,0,25,read
2026-10-05 17:07,bologna,la-piccola-venezia,9224,Luggage Storage Porta San Felice,2026-10-05,18,weekday,30,0,30,read
2026-10-05 17:07,bologna,bologna-centrale-railway-station,9155,Luggage Storage Bologna Railway Station,2026-10-05,18,weekday,10,0,10,read
2026-10-05 17:07,bologna,two-towers,7170,Luggage Storage near Teatro Duse,2026-10-05,18,weekday,20,0,20,read
2026-10-05 17:07,bologna,porta-castiglione,7053,Luggage Storage Porta Castiglione,2026-10-05,18,weekday,25,0,25,read
2026-10-05 17:07,bologna,piazza-maggiore,6473472,Luggage Storage Via Ugo Bassi,2026-10-05,18,weekday,300,0,300,read
2026-10-05 17:07,bologna,bologna-centrale-railway-station,6471155,Luggage Storage Via Mascarella,2026-10-05,18,weekday,100,0,100,read
2026-10-05 17:07,bologna,bologna-centrale-railway-station,6470836,Luggage Storage Via Serlio,2026-10-05,18,weekday,20,0,20,read
2026-10-05 17:07,bologna,bologna-university,6469447,Luggage Storage near Pinacoteca Nazionale,2026-10-05,18,weekday,30,0,30,read
2026-10-05 17:07,bologna,bologna-centrale-railway-station,6463307,Luggage Storage near Palazzo Pallavicini,2026-10-05,18,weekday,20,0,20,read
2026-10-05 17:07,bologna,bologna-centrale-railway-station,6463302,Luggage Storage Piazza Viii Agosto,2026-10-05,18,weekday,40,0,40,read
2026-10-05 17:07,bologna,bologna-university,6463291,Luggage Storage Strada Maggiore,2026-10-05,18,weekday,20,0,20,read
2026-10-05 17:07,bologna,bologna-university,6463290,Luggage Storage Mercato delle Erbe,2026-10-05,18,weekday,20,0,20,read
2026-10-05 17:07,bologna,bologna-centrale-railway-station,6463289,Luggage Storage Via San Vitale,2026-10-05,18,weekday,20,0,20,read
2026-10-05 17:07,bologna,stadio-senato-dall-aria,6460789,Luggage Storage Bologna Stadium,2026-10-05,18,weekday,50,0,50,read
2026-10-05 17:07,bologna,bologna-centrale-railway-station,6459421,Luggage Storage Matteotti / Bologna Centrale,2026-10-05,18,weekday,100,0,100,read
2026-10-05 17:07,bologna,san-donato,6458423,Luggage Storage near Bologna Fiere,2026-10-05,18,weekday,20,0,20,read
2026-10-05 17:07,pisa,pisa-centrale-train-station,151,Luggage Storage Pisa Centrale Station,2026-10-05,18,weekday,70,1,69,read
2026-10-05 17:07,pisa,pisa-piazza-del-duomo,7168,Luggage Storage Pisa San Rossore,2026-10-05,18,weekday,25,0,25,read
2026-10-05 17:07,pisa,pisa-centrale-train-station,3855,Luggage Storage Pisa Centrale,2026-10-05,18,weekday,40,0,40,read
2026-10-05 17:07,pisa,pisa-centrale-train-station,7633,Luggage Storage Pisa Train Station,2026-10-05,18,weekday,65,0,65,read
2026-10-05 17:07,pisa,pisa-centrale-train-station,6456937,Luggage Storage Pisa Centrale Train Station,2026-10-05,18,weekday,100,0,100,read
2026-10-05 17:07,pisa,santa-maria,6460935,Luggage Storage Lungarni Di Pisa,2026-10-05,18,weekday,20,0,20,read
2026-10-05 17:07,pisa,pisa-centrale-train-station,6459669,Luggage Storage Pisa Centrale Train Station,2026-10-05,18,weekday,45,0,45,read
2026-10-05 17:07,pisa,pisa-centrale-train-station,6456903,Luggage Storage Pisa Railway Station,2026-10-05,18,weekday,40,3,37,read
2026-10-05 17:07,pisa,pisa-piazza-del-duomo,6652,Luggage Storage Piazza Dante,2026-10-05,18,weekday,10,2,8,read
2026-10-05 17:07,pisa,tower-of-pisa,6623,Luggage Storage Baths Of Nero,2026-10-05,18,weekday,50,0,50,read
2026-10-05 17:07,pisa,pisa-centrale-train-station,6587,Luggage Storage Piazza Vittorio Emanuele Ii,2026-10-05,18,weekday,100,0,100,read
2026-10-05 17:07,pisa,tower-of-pisa,6474456,Luggage Storage Via S. Iacopo / Pisa S. Rossore,2026-10-05,18,weekday,20,0,20,read
2026-10-05 17:07,pisa,pisa-centrale-train-station,6471012,Luggage Storage Tower of Pisa,2026-10-05,18,weekday,200,0,200,read
2026-10-05 17:07,pisa,piazza-dei-cavalieri,6470657,Luggage Storage Piazza dei Cavalieri,2026-10-05,18,weekday,20,0,20,read
2026-10-05 17:07,pisa,pisa-centrale-train-station,6470612,Luggage Storage near Pisa Centrale,2026-10-05,18,weekday,50,0,50,read
2026-10-05 17:07,pisa,santa-maria,6469497,Luggage Storage S. Maria della Spina Church,2026-10-05,18,weekday,20,0,20,read
2026-10-05 17:07,pisa,pisa-centrale-train-station,6467880,Luggage Storage Pisa Centrale,2026-10-05,18,weekday,40,0,40,read
2026-10-05 17:07,pisa,pisa-centrale-train-station,6463207,Luggage Storage Gramsci / Centrale,2026-10-05,18,weekday,20,0,20,read
2026-10-05 17:07,pisa,pisa-centrale-train-station,6463206,Luggage Storage Pisa Station,2026-10-05,18,weekday,60,2,58,read
2026-10-05 17:07,pisa,santa-maria,6460737,Luggage Storage Piazza Dante Alighieri,2026-10-05,18,weekday,25,0,25,read
2026-10-05 17:07,pisa,santa-maria,6456938,Luggage Storage Chiesa di San Michele in Borgo,2026-10-05,18,weekday,50,0,50,read
2026-10-05 17:07,pisa,piazza-dei-cavalieri,6456928,Luggage Storage near Piazza dei Cavalieri,2026-10-05,18,weekday,30,30,0,full
2026-10-05 17:07,pisa,pisa-centrale-train-station,6456828,Luggage Storage Pisa Airport,2026-10-05,18,weekday,50,3,47,read
2026-10-05 17:07,cagliari,marina,974,Luggage Storage Cagliari Train Station,2026-10-05,18,weekday,45,0,45,read
2026-10-05 17:07,cagliari,marina,6459534,Luggage Storage Cagliari Marina,2026-10-05,18,weekday,20,0,20,read
2026-10-05 17:07,cagliari,marina,6459450,Luggage Storage Cagliari Port,2026-10-05,18,weekday,20,0,20,read
2026-10-05 17:07,cagliari,city-center,6503,Luggage Storage Via Cornalias,2026-10-05,18,weekday,20,0,20,read
2026-10-05 17:07,cagliari,bonaria,6486,Luggage Storage Stadio Amsicora,2026-10-05,18,weekday,10,0,10,read
2026-10-05 17:07,cagliari,stazione,6473152,Luggage Storage Cagliari Station 7/7,2026-10-05,18,weekday,30,0,30,read
2026-10-05 17:07,cagliari,marina,6473090,Luggage Storage Cagliari Ferry Terminal,2026-10-05,18,weekday,20,0,20,read
2026-10-05 17:07,cagliari,stazione,6473089,Luggage Storage Cagliari Railway Station,2026-10-05,18,weekday,20,6,14,read
2026-10-05 17:07,cagliari,marina,6472944,Luggage Storage Via Manno,2026-10-05,18,weekday,20,0,20,read
2026-10-05 17:07,cagliari,villanova,6459751,Luggage Storage Bastione / Sulis,2026-10-05,18,weekday,20,0,20,read
2026-10-05 17:07,cagliari,city-center,6459536,Luggage Storage Piazza S. Benedetto,2026-10-05,18,weekday,20,0,20,read
2026-10-05 17:07,cagliari,marina,6459518,Luggage Storage near Cagliari Port,2026-10-05,18,weekday,20,0,20,read
2026-10-05 17:07,cagliari,city-center,6459512,Luggage Storage San Benedetto Market,2026-10-05,18,weekday,20,0,20,read
2026-10-05 17:07,cagliari,marina,6459469,Luggage Storage Via dei Mille,2026-10-05,18,weekday,20,0,20,read
2026-10-05 17:07,cagliari,stazione,6458723,Luggage Storage Via Roma,2026-10-05,18,weekday,20,0,20,read
2026-10-05 17:07,cagliari,selargius,6457080,Luggage Storage Selargius,2026-10-05,18,weekday,25,0,25,read
2026-10-05 17:07,cagliari,city-center,6452802,Luggage Storage Pergolesi / San Benedetto,2026-10-05,18,weekday,10,0,10,read
2026-10-05 17:07,genoa,piazza-principe,147,Luggage Storage Genoa Principe Station,2026-10-05,18,weekday,300,0,300,read
2026-10-05 17:07,genoa,maddalena,6455518,Luggage Storage Genoa Porto Antico,2026-10-05,18,weekday,30,0,30,read
2026-10-05 17:07,genoa,genoa-port,6451159,Luggage Storage Genoa Port,2026-10-05,18,weekday,20,0,20,read
2026-10-05 17:07,genoa,genoa-port,6451167,Luggage Storage Genoa Ferry Terminal,2026-10-05,18,weekday,30,0,30,read
2026-10-05 17:07,genoa,piazza-de-ferrari,6451439,Luggage Storage Sarzano/Sant'Agostino Metro Station,2026-10-05,18,weekday,20,0,20,read
2026-10-05 17:07,genoa,orefici,6250,Luggage Storage Orefici,2026-10-05,18,weekday,15,0,15,read
2026-10-05 17:07,genoa,brignole,6469428,Luggage Storage Genova Brignole,2026-10-05,18,weekday,20,0,20,read
2026-10-05 17:07,genoa,brignole,6461596,Luggage Storage Brignole Railway Station,2026-10-05,18,weekday,20,0,20,read
2026-10-05 17:07,genoa,brignole,6459832,Luggage Storage near Marconi / Fiera,2026-10-05,18,weekday,20,2,18,read
2026-10-05 17:07,genoa,pegli,6455688,Luggage Storage Genova Pegli,2026-10-05,18,weekday,15,0,15,read
2026-10-05 17:07,genoa,maddalena,6451178,Luggage Storage near Via Garibaldi,2026-10-05,18,weekday,20,0,20,read
2026-10-05 17:07,lucca,lucca-train-station,551,Luggage Storage near Lucca Train Station,2026-10-05,18,weekday,150,0,150,read
2026-10-05 17:07,lucca,lucca-train-station,6456956,Luggage Storage Lucca Train Station,2026-10-05,18,weekday,120,0,120,read
2026-10-05 17:07,lucca,city-center,3344,Luggage Storage Piazza Dell'anfiteatro,2026-10-05,18,weekday,25,0,25,read
2026-10-05 17:07,lucca,city-center,6455648,Luggage Storage Chiesa Di San Michele In Foro,2026-10-05,18,weekday,50,0,50,read
2026-10-05 17:07,lucca,lucca-train-station,3346,Luggage Storage Lucca Railway Station,2026-10-05,18,weekday,150,0,150,read
2026-10-05 17:07,lucca,city-center,3692,Luggage Storage Lucca Old Town,2026-10-05,18,weekday,120,0,120,read
2026-10-05 17:07,lucca,lucca-train-station,6457066,Luggage Storage near Lucca Railway Station,2026-10-05,18,weekday,150,2,148,read
2026-10-05 17:07,lucca,city-center,3687,Luggage Storage Piazza Napoleone,2026-10-05,18,weekday,30,0,30,read
2026-10-05 17:07,lucca,lucca-train-station,6456553,Luggage Storage near Palazzo Ducale Di Lucca,2026-10-05,18,weekday,25,0,25,read
2026-10-05 17:07,verona,porta-nuova,423,Luggage Storage Porta Nuova,2026-10-05,18,weekday,300,0,300,read
2026-10-05 17:07,verona,juliet-s-house,2752,Luggage Storage Verona Old Town,2026-10-05,18,weekday,100,0,100,read
2026-10-05 17:07,verona,juliet-s-house,719,Luggage Storage Juliet's House,2026-10-05,18,weekday,30,0,30,read
2026-10-05 17:07,verona,citta-antica,9716,Luggage Storage Porta Borsari,2026-10-05,18,weekday,50,0,50,read
2026-10-05 17:07,verona,citta-antica,6457605,Luggage Storage Juliet's Balcony,2026-10-05,18,weekday,35,0,35,read
2026-10-05 17:07,verona,citta-antica,9668,Luggage Storage Castelvecchio,2026-10-05,18,weekday,30,1,29,read
2026-10-05 17:07,verona,cittadella,6461969,Luggage Storage Via Sciesa / Via Marconi,2026-10-05,18,weekday,30,0,30,read
2026-10-05 17:07,verona,avesa,6457679,Luggage Storage Piazza Avesa,2026-10-05,18,weekday,20,0,20,read
2026-10-05 17:07,verona,cittadella,6457597,Luggage Storage Stradone Porta Palio,2026-10-05,18,weekday,20,0,20,read
2026-10-05 17:07,verona,castelvecchio-museum,6403,Luggage Storage Via Della Casa,2026-10-05,18,weekday,40,0,40,read
2026-10-05 17:07,lecce,railway-station,6408,Luggage Storage Lecce Train Station,2026-10-05,18,weekday,70,0,70,read
2026-10-05 17:07,lecce,lecce-city-center,6406,Luggage Storage Gate Of Saint Blaise,2026-10-05,18,weekday,40,0,40,read
2026-10-05 17:07,lecce,lecce-city-center,875,Luggage Storage Lecce City Center,2026-10-05,18,weekday,30,0,30,read
2026-10-05 17:07,lecce,lecce-city-center,3826,Luggage Storage Lecce Old Town,2026-10-05,18,weekday,50,0,50,read
2026-10-05 17:07,lecce,railway-station,6459626,Luggage Storage near Lecce Railway Station,2026-10-05,18,weekday,20,0,20,read
2026-10-05 17:07,lecce,lecce-city-center,6459606,Luggage Storage near San Matteo Church,2026-10-05,18,weekday,20,0,20,read
2026-10-05 17:07,lecce,railway-station,6546,Luggage Storage Via Duca Degli Abruzzi,2026-10-05,18,weekday,10,0,10,read
2026-10-05 17:07,lecce,lecce-city-center,6474400,Luggage Storage near Lecce Cathedral,2026-10-05,18,weekday,25,0,25,read
2026-10-05 17:07,lecce,railway-station,6473516,Luggage Storage Lecce Old Town,2026-10-05,18,weekday,20,0,20,read
2026-10-05 17:07,lecce,lecce-city-center,6473480,Luggage Storage Via G.Argento,2026-10-05,18,weekday,100,0,100,read
2026-10-05 17:07,lecce,railway-station,6459622,Luggage Storage Viale Oronzo Quarta,2026-10-05,18,weekday,20,0,20,read
2026-10-05 17:07,lecce,railway-station,6459618,Luggage Storage Lecce Railway Station,2026-10-05,18,weekday,30,0,30,read
2026-10-05 17:07,lecce,lecce-city-center,3955,Luggage Storage Lecce Castle,2026-10-05,18,weekday,10,0,10,read
2026-10-05 17:07,lecce,lecce-city-center,3919,Luggage Storage Centrum,2026-10-05,18,weekday,30,0,30,read
2026-10-05 17:07,siena,siena-train-station,6452060,Luggage Storage Siena Railway Station,2026-10-05,18,weekday,35,3,32,read
2026-10-05 17:07,siena,city-center,3350,Luggage Storage Piazza Del Campo,2026-10-05,18,weekday,20,0,20,read
2026-10-05 17:07,siena,city-center,6455734,Luggage Storage Siena Piazza Del Campo,2026-10-05,18,weekday,50,0,50,read
2026-10-05 17:07,siena,istrice,6455701,Luggage Storage Piazza Del Sale,2026-10-05,18,weekday,50,0,50,read
2026-10-05 17:07,siena,city-center,6455693,Luggage Storage Siena Old Town,2026-10-05,18,weekday,50,0,50,read
2026-10-05 17:07,siena,lupa,7266,Luggage Storage Lupa,2026-10-05,18,weekday,25,0,25,read
2026-10-05 17:07,siena,lupa,6470608,Luggage Storage near Siena Stadium,2026-10-05,18,weekday,30,0,30,read
2026-10-05 17:07,siena,istrice,6461975,Luggage Storage Via Camollia,2026-10-05,18,weekday,20,0,20,read
2026-10-05 17:07,siena,city-center,6458450,Luggage Storage Piazza del Mercato,2026-10-05,18,weekday,12,0,12,read
2026-10-05 17:07,siena,city-center,6455728,Luggage Storage Piazza Salimbeni,2026-10-05,18,weekday,30,0,30,read
2026-10-05 17:07,siena,city-center,6455699,Luggage Storage near Palazzo Salimbeni,2026-10-05,18,weekday,100,0,100,read
2026-10-05 17:07,siena,city-center,6455697,Luggage Storage near Piazza Del Campo,2026-10-05,18,weekday,25,0,25,read
2026-10-05 17:07,siena,city-center,3524,Luggage Storage Piazza Gramsci,2026-10-05,18,weekday,15,0,15,read
2026-10-05 17:07,syracuse,station,6453001,Luggage Storage Siracusa Station,2026-10-05,18,weekday,40,0,40,read
2026-10-05 17:07,syracuse,station,6539,Luggage Storage Syracuse Railway Station,2026-10-05,18,weekday,30,0,30,read
2026-10-05 17:07,syracuse,station,6593,Luggage Storage Syracuse Bus Station,2026-10-05,18,weekday,20,0,20,read
2026-10-05 17:07,syracuse,yacht-lub-lakkios-marina-porto-piccolo-ortigia,6453048,Luggage Storage Via Cairoli,2026-10-05,18,weekday,25,0,25,read
2026-10-05 17:07,syracuse,augusta,7240,Luggage Storage Porta Spagnola,2026-10-05,18,weekday,20,0,20,read
2026-10-05 17:07,syracuse,station,6471913,Luggage Storage Corso Umberto I,2026-10-05,18,weekday,50,0,50,read
2026-10-05 17:07,syracuse,apollo-temple,6471008,Luggage Storage Syracuse Cathedral,2026-10-05,18,weekday,25,0,25,read
2026-10-05 17:07,rimini,rimini-train-station,226,Luggage Storage Rimini Train Station,2026-10-05,18,weekday,300,0,300,read
2026-10-05 17:07,rimini,lungomare-augusto-murri,3797,Luggage Storage Rimini Beach,2026-10-05,18,weekday,15,0,15,read
2026-10-05 17:07,rimini,lungomare-augusto-murri,6713,Luggage Storage Piazza Kennedy,2026-10-05,18,weekday,25,0,25,read
2026-10-05 17:07,rimini,city-center,6472266,Luggage Storage near Fellini Museum,2026-10-05,18,weekday,10,0,10,read
2026-10-05 17:07,rimini,federico-fellini-international-airport,6460885,Luggage Storage Rimini Miramare,2026-10-05,18,weekday,20,0,20,read
2026-10-05 17:07,rimini,city-center,6453599,Luggage Storage Castel Sismondo,2026-10-05,18,weekday,10,0,10,read
2026-10-05 17:07,rimini,federico-fellini-park,6453325,Luggage Storage Parco Fellini,2026-10-05,18,weekday,25,0,25,read
2026-10-05 17:07,rimini,city-center,6453323,Luggage Storage Aleardi,2026-10-05,18,weekday,12,0,12,read
2026-10-05 17:07,rimini,rimini-train-station,6453307,Luggage Storage Viale Nazario Sauro,2026-10-05,18,weekday,10,0,10,read
2026-10-05 17:07,rimini,bellariva,6453303,Luggage Storage Viale Regina Elena,2026-10-05,18,weekday,50,0,50,read
2026-10-05 17:07,rimini,rimini-train-station,6453291,Luggage Storage Via Roma / Station,2026-10-05,18,weekday,15,0,15,read
2026-10-05 17:07,rimini,city-center,6453271,Luggage Storage Parco Alcide Cervi,2026-10-05,18,weekday,10,0,10,read
2026-10-05 17:07,rimini,rimini-train-station,6452529,Luggage Storage Corso Giovanni XXIII,2026-10-05,18,weekday,50,0,50,read
2026-10-05 17:07,sorrento,sorrento-train-station,3868,Luggage Storage Sorrento Train Station,2026-10-05,18,weekday,50,0,50,read
2026-10-05 17:07,sorrento,city-center,2141,Luggage Storage Sorrento City Center,2026-10-05,18,weekday,50,0,50,read
2026-10-05 17:07,sorrento,sorrento-train-station,6579,Luggage Storage Piazza Tasso,2026-10-05,18,weekday,30,,,unavailable
2026-10-05 17:07,sorrento,sorrento-train-station,6461804,Luggage Storage Piazza Lauro,2026-10-05,18,weekday,30,0,30,read
2026-10-05 17:07,sorrento,sant-agnello,6459956,Luggage Storage Sant'Agnello,2026-10-05,18,weekday,20,0,20,read
2026-10-05 17:07,sorrento,city-center,6459906,Luggage Storage Tasso Square,2026-10-05,18,weekday,30,4,26,read
2026-10-05 17:07,sorrento,city-center,4682,Luggage Storage Parco Di Villa Fiorentino,2026-10-05,18,weekday,200,0,200,read
2026-10-05 17:07,salerno,salerno-train-station,640,Luggage Storage Salerno Train Station,2026-10-05,18,weekday,100,2,98,read
2026-10-05 17:07,salerno,salerno-train-station,7600,Luggage Storage Salerno Railway Station,2026-10-05,18,weekday,50,0,50,read
2026-10-05 17:07,salerno,city-centre,9130,Luggage Storage Duomo Di Salerno,2026-10-05,18,weekday,25,0,25,read
2026-10-05 17:07,salerno,salerno-train-station,9121,Luggage Storage Corso Vittorio Emanuele,2026-10-05,18,weekday,30,0,30,read
2026-10-05 17:07,salerno,salerno-train-station,6453379,Luggage Storage Medieval Aqueduct,2026-10-05,18,weekday,20,0,20,read
2026-10-05 17:07,salerno,salerno-train-station,6452764,Luggage Storage Corso Garibaldi / Salerno Station,2026-10-05,18,weekday,20,2,18,read
2026-10-05 17:07,salerno,city-centre,9129,Luggage Storage Salerno Villa Comunale,2026-10-05,18,weekday,20,0,20,read
2026-10-05 17:07,salerno,city-centre,6462046,Luggage Storage Salerno City Center,2026-10-05,18,weekday,20,2,18,read
2026-10-05 17:07,salerno,city-centre,6457737,Luggage Storage near Vernieri,2026-10-05,18,weekday,20,0,20,read
2026-10-05 17:07,salerno,salerno-train-station,5391,Luggage Storage Salerno Station,2026-10-05,18,weekday,100,0,100,read
2026-10-05 17:07,alghero,pivarada,7694,Luggage Storage Pivarada,2026-10-05,18,weekday,40,0,40,read
2026-10-05 17:07,alghero,alghero-train-station,7535,Luggage Storage Alghero Train Station,2026-10-05,18,weekday,45,0,45,read
2026-10-05 17:07,alghero,alghero-airport,6460125,Luggage Storage Alghero Airport,2026-10-05,18,weekday,30,4,26,read
2026-10-05 17:07,alghero,alghero-port,6460118,Luggage Storage Port / Via Garibaldi,2026-10-05,18,weekday,20,0,20,read
2026-10-05 17:07,alghero,pivarada,6458818,Luggage Storage Via Garibaldi / Port,2026-10-05,18,weekday,30,0,30,read
2026-10-05 17:07,la-spezia,la-spezia-centrale,1138,Luggage Storage La Spezia Centrale,2026-10-05,18,weekday,45,0,45,read
2026-10-05 17:07,la-spezia,la-spezia-centrale,6454717,Luggage Storage Viale Garibaldi,2026-10-05,18,weekday,100,0,100,read
2026-10-05 17:07,la-spezia,la-spezia-centrale,6816,Luggage Storage Via Del Prione,2026-10-05,18,weekday,40,0,40,read
2026-10-05 17:07,la-spezia,parco-dei-pesci,2790,Luggage Storage La Spezia Bus Station,2026-10-05,18,weekday,50,0,50,read
2026-10-05 17:07,la-spezia,la-spezia-centrale,6459753,Luggage Storage La Spezia Centrale FS,2026-10-05,18,weekday,20,0,20,read
2026-10-05 17:07,la-spezia,la-spezia-centrale,6459699,Luggage Storage La Spezia Station,2026-10-05,18,weekday,60,0,60,read
2026-10-05 17:07,la-spezia,la-spezia-centrale,6473536,Luggage Storage La Spezia Central Station,2026-10-05,18,weekday,50,0,50,read
2026-10-05 17:07,la-spezia,la-spezia-centrale,6461904,Luggage Storage La Spezia Old Town,2026-10-05,18,weekday,20,0,20,read
2026-10-05 17:07,la-spezia,la-spezia-centrale,6459737,Luggage Storage La Spezia Giardini Pubblici,2026-10-05,18,weekday,35,0,35,read
2026-10-05 17:07,la-spezia,migliarina,6456215,Luggage Storage near Viale Italia,2026-10-05,18,weekday,50,0,50,read
2026-10-05 17:07,mestre,mestre-train-station,5326,Luggage Storage Mestre Train Station,2026-10-05,18,weekday,100,5,95,read
2026-10-05 17:07,mestre,city-center,119,Luggage Storage Via Palazzo,2026-10-05,18,weekday,300,0,300,read
2026-10-05 17:07,mestre,city-center,6451464,Luggage Storage Museo M9 Mestre,2026-10-05,18,weekday,30,0,30,read
2026-10-05 17:07,mestre,mestre-train-station,4935,Luggage Storage Venezia Mestre Station,2026-10-05,18,weekday,25,0,25,read
2026-10-05 17:07,mestre,mestre-train-station,6452335,Luggage Storage near Corso Del Popolo,2026-10-05,18,weekday,10,0,10,read
2026-10-05 17:07,mestre,mestre-train-station,7707,Luggage Storage Mestre Railway Station,2026-10-05,18,weekday,25,0,25,read
2026-10-05 17:07,mestre,mestre-train-station,6458351,Luggage Storage Piave / Mestre Railway Station,2026-10-05,18,weekday,20,0,20,read
2026-10-05 17:07,mestre,city-center,6452163,Luggage Storage Via Cappuccina,2026-10-05,18,weekday,25,0,25,read
2026-10-05 17:07,mestre,mestre-train-station,6452152,Luggage Storage Mestre Via Piave,2026-10-05,18,weekday,20,0,20,read
2026-10-05 17:07,perugia,central-station,6460204,Luggage Storage Perugia Station 24H,2026-10-05,18,weekday,20,0,20,read
2026-10-05 17:07,perugia,central-station,1819,Luggage Storage Perugia Railway Station,2026-10-05,18,weekday,30,2,28,read
2026-10-05 17:07,perugia,piazza-della-repubblica,6060,Luggage Storage Rocca Paolina,2026-10-05,18,weekday,20,0,20,read
2026-10-05 17:07,perugia,central-station,2425,Luggage Storage Perugia Train Station,2026-10-05,18,weekday,30,2,28,read
2026-10-05 17:07,perugia,bus-station,7238,Luggage Storage Perugia Bus Station,2026-10-05,18,weekday,25,2,23,read
2026-10-05 17:07,perugia,central-station,7239,Luggage Storage Piazza Italia,2026-10-05,18,weekday,25,0,25,read
2026-10-05 17:07,perugia,piazza-iv-novembre,6466297,Luggage Storage near University For Foreigners,2026-10-05,18,weekday,30,0,30,read
2026-10-05 17:07,perugia,elce,5982,Luggage Storage near Giuditta Brozzetti Museum,2026-10-05,18,weekday,10,0,10,read
2026-10-05 17:07,perugia,elce,5980,Luggage Storage Via D'andreotto,2026-10-05,18,weekday,20,0,20,read
2026-10-05 17:07,perugia,piazza-della-repubblica,5043,Luggage Storage Parco Di Sant'anna,2026-10-05,18,weekday,10,0,10,read
2026-10-05 17:07,pescara,pescara-centrale-train-station,6461104,Luggage Storage Pescara Train Station,2026-10-05,18,weekday,35,3,32,read
2026-10-05 17:07,pescara,pescara-centrale-train-station,5992,Luggage Storage Clap Museum,2026-10-05,18,weekday,30,0,30,read
2026-10-05 17:07,pescara,pescara-centrale-train-station,6455983,Luggage Storage near Pescara Centrale,2026-10-05,18,weekday,10,0,10,read
2026-10-05 17:07,pescara,pescara-centrale-train-station,6452446,Luggage Storage near Pescara Centrale Railway Station,2026-10-05,18,weekday,10,0,10,read
2026-10-05 17:07,pescara,pescara-centrale-train-station,6455989,Luggage Storage Via Mazzini,2026-10-05,18,weekday,10,0,10,read
2026-10-05 17:07,pescara,pescara-centrale-train-station,6470765,Luggage Storage near Museo Ittico,2026-10-05,18,weekday,30,0,30,read
2026-10-05 17:07,pescara,pescara-centrale-train-station,6461064,Luggage Storage Pescara Terminal Bus,2026-10-05,18,weekday,20,0,20,read
2026-10-05 17:07,pescara,pescara-centrale-train-station,6461061,Luggage Storage Piazza Santa Caterina Da Siena,2026-10-05,18,weekday,20,0,20,read
2026-10-05 17:07,pescara,pescara-centrale-train-station,5973,Luggage Storage Public Beach,2026-10-05,18,weekday,40,0,40,read
2026-10-05 17:07,trapani,trapani-port,3363,Luggage Storage Trapani Ferry Terminal,2026-10-05,18,weekday,50,0,50,read
2026-10-05 17:07,trapani,trapani-port,227,Luggage Storage Trapani Port,2026-10-05,18,weekday,300,0,300,read
2026-10-05 17:07,trapani,trapani-port,4557,Luggage Storage Corso Italia,2026-10-05,18,weekday,50,0,50,read
2026-10-05 17:07,trapani,train-station,6526,Luggage Storage Museum Of Illusions,2026-10-05,18,weekday,10,0,10,read
2026-10-05 17:07,trapani,city-center,6522,Luggage Storage Via Marconi,2026-10-05,18,weekday,100,0,100,read
2026-10-05 17:07,trapani,train-station,6458886,Luggage Storage Via Fardella,2026-10-05,18,weekday,20,0,20,read
2026-10-05 17:07,trapani,city-center,6310,Luggage Storage Funivia Erice,2026-10-05,18,weekday,25,0,25,read
2026-10-05 17:07,trapani,city-center,6280,Luggage Storage near Regional Museum,2026-10-05,18,weekday,100,0,100,read
2026-10-05 17:07,bergamo,bergamo-train-station,6000,Luggage Storage Bergamo Train Station,2026-10-05,18,weekday,45,3,42,read
2026-10-05 17:07,bergamo,citta-alta,7342,Luggage Storage Piazza Vecchia Bergamo Alta,2026-10-05,18,weekday,35,4,31,read
2026-10-05 17:07,bergamo,bergamo-train-station,6457968,Luggage Storage Bergamo Bus Station,2026-10-05,18,weekday,30,2,28,read
2026-10-05 17:07,bergamo,citta-alta,6965,Luggage Storage Bergamo Cathedral,2026-10-05,18,weekday,40,0,40,read
2026-10-05 17:07,bergamo,bergamo-train-station,6460154,Luggage Storage Paglia / Bergamo Station,2026-10-05,18,weekday,35,0,35,read
2026-10-05 17:07,bergamo,borgo-palazzo,6457978,Luggage Storage near Bergamo Bus Terminal,2026-10-05,18,weekday,20,0,20,read
2026-10-05 17:07,monopoli,city-center,6451706,Luggage Storage Monopoli City Center,2026-10-05,18,weekday,35,0,35,read
2026-10-05 17:07,monopoli,castello-carlo-v,6910,Luggage Storage Monopoli Porto Antico,2026-10-05,18,weekday,25,0,25,read
2026-10-05 17:07,monopoli,city-center,6451705,Luggage Storage Monopoli Railway Station,2026-10-05,18,weekday,40,0,40,read
2026-10-05 17:07,monopoli,city-center,6912,Luggage Storage Via S. Anna,2026-10-05,18,weekday,20,0,20,read
2026-10-05 17:07,monopoli,city-center,6458662,Luggage Storage Porto Bianco,2026-10-05,18,weekday,20,0,20,read
2026-10-05 17:07,monopoli,city-center,6458612,Luggage Storage Cala Porta Vecchia,2026-10-05,18,weekday,30,0,30,read
2026-10-05 17:07,pompei,train-station,7143,Luggage Storage Pompei Scavi Villa Dei Misteri Station,2026-10-05,18,weekday,50,0,50,read
2026-10-05 17:07,pompei,train-station,3882,Luggage Storage Pompei Train Station,2026-10-05,18,weekday,100,4,96,read
2026-10-05 17:07,pompei,train-station,6474461,Luggage Storage Pompei Scavi Station,2026-10-05,18,weekday,20,0,20,read
2026-10-05 17:07,pompei,train-station,6470819,Luggage Storage Pompei Station,2026-10-05,18,weekday,100,0,100,read
2026-10-05 17:07,pompei,city-center,6452263,Luggage Storage near Pompei Santuario Station,2026-10-05,18,weekday,50,0,50,read
2026-10-05 17:07,pompei,city-center,6452047,Luggage Storage Stadio Bellucci,2026-10-05,18,weekday,20,0,20,read
2026-10-05 17:07,pompei,train-station,6451972,Luggage Storage Via Lepanto,2026-10-05,18,weekday,40,0,40,read
2026-10-05 17:07,reggio-calabria,center,5927,Luggage Storage Duomo Square,2026-10-05,18,weekday,50,2,48,read
2026-10-05 17:07,reggio-calabria,central-station,898,Luggage Storage Reggio Calabria Central Station,2026-10-05,18,weekday,30,0,30,read
2026-10-05 17:07,reggio-calabria,center,8936,Luggage Storage Pellaro Via Augusta,2026-10-05,18,weekday,100,0,100,read
2026-10-05 17:07,reggio-calabria,central-station,5950,Luggage Storage S. Caterina Station,2026-10-05,18,weekday,50,0,50,read
2026-10-05 17:07,reggio-calabria,villa-san-giovanni,5948,Luggage Storage Villa San Giovanni Station,2026-10-05,18,weekday,50,0,50,read
2026-10-05 17:07,bolzano,bolzano-train-station,8088,Luggage Storage Bolzano Train Station,2026-10-05,18,weekday,60,7,53,read
2026-10-05 17:07,bolzano,waltherplatz,8090,Luggage Storage Bolzano Cathedral,2026-10-05,18,weekday,30,0,30,read
2026-10-05 17:07,bolzano,bolzano-train-station,6458005,Luggage Storage near South Tyrol Museum of Archaeology,2026-10-05,18,weekday,20,0,20,read
2026-10-05 17:07,bolzano,bolzano-train-station,6457943,Luggage Storage near Waltherplatz,2026-10-05,18,weekday,20,0,20,read
2026-10-05 17:07,bolzano,bolzano-train-station,6463173,Luggage Storage Bolzano Piazza Duomo,2026-10-05,18,weekday,50,1,49,read
2026-10-05 17:07,bolzano,palazzo-mercantile,8134,Luggage Storage Druso Stadium,2026-10-05,18,weekday,20,0,20,read
2026-10-05 17:07,bolzano,city-center,8125,Luggage Storage Corso Italia,2026-10-05,18,weekday,30,0,30,read
2026-10-05 17:07,brindisi,corso-garibaldi,877,Luggage Storage Corso Garibaldi,2026-10-05,18,weekday,45,0,45,read
2026-10-05 17:07,brindisi,city-centre,6458028,Luggage Storage Brindisi City Center,2026-10-05,18,weekday,30,3,27,read
2026-10-05 17:07,brindisi,central-station,6473492,Luggage Storage Piazza Cairoli / Brindisi Station,2026-10-05,18,weekday,200,0,200,read
2026-10-05 17:07,brindisi,central-station,6473179,Luggage Storage Brindisi Train Station,2026-10-05,18,weekday,70,2,68,read
2026-10-05 17:07,brindisi,central-station,6471163,Luggage Storage near Brindisi Station,2026-10-05,18,weekday,50,0,50,read
2026-10-05 17:07,brindisi,central-station,6460046,Luggage Storage Via Alfredo Cappellini / Brindisi Station,2026-10-05,18,weekday,100,0,100,read
2026-10-05 17:07,brindisi,central-station,6459667,Luggage Storage Brindisi Railway Station,2026-10-05,18,weekday,35,0,35,read
2026-10-05 17:07,ferrara,city-center,873,Luggage Storage Ferrara City Center,2026-10-05,18,weekday,15,0,15,read
2026-10-05 17:07,ferrara,railway-station,7252,Luggage Storage Ferrara Railway Station,2026-10-05,18,weekday,50,0,50,read
2026-10-05 17:07,ferrara,city-center,6451982,Luggage Storage Viale Cavour / Ferrara Castle,2026-10-05,18,weekday,50,0,50,read
2026-10-05 17:07,ferrara,railway-station,6452547,Luggage Storage Ferrara Train Station,2026-10-05,18,weekday,40,0,40,read
2026-10-05 17:07,ferrara,railway-station,6469743,Luggage Storage Ferrara Station,2026-10-05,18,weekday,50,0,50,read
2026-10-05 17:07,ferrara,railway-station,7269,Luggage Storage near Ferrara Train Station,2026-10-05,18,weekday,30,0,30,read
2026-10-05 17:07,ferrara,city-center,7260,Luggage Storage Cathedral Of Ferrara,2026-10-05,18,weekday,25,0,25,read
2026-10-05 17:07,ferrara,railway-station,6469734,Luggage Storage near Ferrara Station,2026-10-05,18,weekday,100,0,100,read
2026-10-05 17:07,ferrara,railway-station,6469608,Luggage Storage Via Porta Catena,2026-10-05,18,weekday,50,0,50,read
2026-10-05 17:07,trento,main-station,3884,Luggage Storage Trento Railway Station,2026-10-05,18,weekday,40,0,40,read
2026-10-05 17:07,trento,main-station,9976,Luggage Storage Torre Vanga,2026-10-05,18,weekday,35,0,35,read
2026-10-05 17:07,trento,main-station,9983,Luggage Storage Piazza Del Duomo Di Trento,2026-10-05,18,weekday,30,0,30,read
2026-10-05 17:07,trento,main-station,8028,Luggage Storage Buonconsiglio Castle Museum,2026-10-05,18,weekday,25,0,25,read
2026-10-05 17:07,trento,main-station,6461329,Luggage Storage Trento Train Station,2026-10-05,18,weekday,25,0,25,read
2026-10-05 17:07,trento,main-station,6456083,Luggage Storage Centa Brennero,2026-10-05,18,weekday,50,0,50,read
2026-10-05 17:07,trento,main-station,10017,Luggage Storage San Giuseppe Church,2026-10-05,18,weekday,10,0,10,read
2026-10-05 17:07,matera,city-center,6455071,Luggage Storage near Matera Centrale,2026-10-05,18,weekday,25,2,23,read
2026-10-05 17:07,matera,city-center,4314,Luggage Storage Matera Via Nazionale,2026-10-05,18,weekday,50,0,50,read
2026-10-05 17:07,matera,city-center,6451088,Luggage Storage Matera Belvedere Piazza Giovanni Pascoli,2026-10-05,18,weekday,30,0,30,read
2026-10-05 17:07,matera,city-center,6451089,Luggage Storage Palombaro Lungo / XX Settembre,2026-10-05,18,weekday,15,0,15,read
2026-10-05 17:07,matera,city-center,6451092,Luggage Storage Piazzetta Pascoli,2026-10-05,18,weekday,20,0,20,read
2026-10-05 17:07,matera,via-dei-messapi,6814,Luggage Storage Via Dei Messapi,2026-10-05,18,weekday,60,0,60,read
2026-10-05 17:07,matera,city-center,6453158,Luggage Storage near Stadio XXI Settembre,2026-10-05,18,weekday,20,0,20,read
2026-10-05 17:07,matera,city-center,6451075,Luggage Storage Via Annunziatella,2026-10-05,18,weekday,10,0,10,read
2026-10-05 17:07,messina,messina-centrale,9018,Luggage Storage Messina Train Station,2026-10-05,18,weekday,30,2,28,read
2026-10-05 17:07,messina,messina-centrale,6497,Luggage Storage Messina Centrale,2026-10-05,18,weekday,25,0,25,read
2026-10-05 17:07,messina,messina-centrale,6504,Luggage Storage Church Of Saint Mary Of The Carmel,2026-10-05,18,weekday,15,0,15,read
2026-10-05 17:07,messina,messina-centrale,6471041,Luggage Storage Via Cannizzaro,2026-10-05,18,weekday,10,0,10,read
2026-10-05 17:07,messina,messina-centrale,6471038,Luggage Storage Messina Cathedral,2026-10-05,18,weekday,10,0,10,read
2026-10-05 17:07,messina,messina-centrale,6471037,Luggage Storage Villa Mazzini,2026-10-05,18,weekday,20,0,20,read
2026-10-05 17:07,messina,messina-centrale,6471036,Luggage Storage Muricello,2026-10-05,18,weekday,100,0,100,read
2026-10-05 17:07,modena,central-station,6400,Luggage Storage Modena Station,2026-10-05,18,weekday,40,,,unavailable
2026-10-05 17:07,modena,central-station,7720,Luggage Storage Teatro Michelangelo,2026-10-05,18,weekday,10,0,10,read
2026-10-05 17:07,modena,central-station,7712,Luggage Storage Modena Piazza Manzoni Station,2026-10-05,18,weekday,15,0,15,read
2026-10-05 17:07,modena,central-station,6459423,Luggage Storage near Palazzina Dei Giardini,2026-10-05,18,weekday,30,0,30,read
2026-10-05 17:07,modena,city-centre,6458405,Luggage Storage near Ducal Palace of Modena,2026-10-05,18,weekday,20,0,20,read
2026-10-05 17:07,modena,central-station,6458403,Luggage Storage Modena Railway Station,2026-10-05,18,weekday,45,0,45,read
2026-10-05 17:07,modena,central-station,6389,Luggage Storage Giardino Ducale Estense,2026-10-05,18,weekday,25,0,25,read
2026-10-05 17:07,modena,city-centre,6379,Luggage Storage Galleria Estense,2026-10-05,18,weekday,25,0,25,read
2026-10-05 17:07,agrigento,agrigento-train-staion,783,Luggage Storage Agrigento Train Station,2026-10-05,18,weekday,30,0,30,read
2026-10-05 17:07,agrigento,city-center,7148,Luggage Storage Agrigento Old Town,2026-10-05,18,weekday,50,0,50,read
2026-10-05 17:07,agrigento,city-center,7126,Luggage Storage Agrigento Bus Station,2026-10-05,18,weekday,20,0,20,read
2026-10-05 17:07,agrigento,agrigento-train-staion,6472980,Luggage Storage Agrigento Station 24/7,2026-10-05,18,weekday,50,0,50,read
2026-10-05 17:07,agrigento,agrigento-train-staion,6452753,Luggage Storage Agrigento Railway Station,2026-10-05,18,weekday,20,0,20,read
2026-10-05 17:07,agrigento,city-center,6452613,Luggage Storage Scalinata Degli Artisti,2026-10-05,18,weekday,50,0,50,read
2026-10-05 17:07,aosta,train-station,3895,Luggage Storage Transit Station Aosta,2026-10-05,18,weekday,65,0,65,read
2026-10-05 17:07,aosta,train-station,3864,Luggage Storage Aosta Train Station,2026-10-05,18,weekday,10,0,10,read
2026-10-05 17:07,aosta,city-center,6451191,Luggage Storage Aosta Railway Station,2026-10-05,18,weekday,100,0,100,read
2026-10-05 17:07,aosta,train-station,6451201,Luggage Storage Aosta Cathedral,2026-10-05,18,weekday,10,0,10,read
2026-10-05 17:07,brescia,train-station,6036,Luggage Storage Vittoria Metro Station,2026-10-05,18,weekday,10,0,10,read
2026-10-05 17:07,brescia,train-station,6469491,Luggage Storage Piazza della Vittoria,2026-10-05,18,weekday,20,0,20,read
2026-10-05 17:07,brescia,train-station,6030,Luggage Storage Torri Gemelle Park,2026-10-05,18,weekday,20,0,20,read
2026-10-05 17:07,como,city-center,6459749,Luggage Storage Duomo Di Como,2026-10-05,18,weekday,40,0,40,read
2026-10-05 17:07,como,como-lago-train-station,6459994,Luggage Storage Como Lago Train Station,2026-10-05,18,weekday,30,0,30,read
2026-10-05 17:07,como,city-center,7964,Luggage Storage near Como Borghi Railway Station,2026-10-05,18,weekday,40,0,40,read
2026-10-05 17:07,como,city-center,6473954,Luggage Storage near Como S. Giovanni Stn.,2026-10-05,18,weekday,10,0,10,read
2026-10-05 17:07,como,city-center,6473498,Luggage Storage Como S. Giovanni Station,2026-10-05,18,weekday,35,3,32,read
2026-10-05 17:07,monza,downtown,6200,Luggage Storage Monza City Center,2026-10-05,18,weekday,230,0,230,read
2026-10-05 17:07,monza,monza-train-station,6462144,Luggage Storage near Monza Station,2026-10-05,18,weekday,25,0,25,read
2026-10-05 17:07,monza,monza-train-station,6462159,Luggage Storage Via Cavour,2026-10-05,18,weekday,120,0,120,read
2026-10-05 17:07,monza,monza-train-station,6462143,Luggage Storage Monza Railway Station,2026-10-05,18,weekday,20,0,20,read
2026-10-05 17:07,parma,station,6460158,Luggage Storage Parma Railway Station,2026-10-05,18,weekday,20,0,20,read
2026-10-05 17:07,parma,station,6461734,Luggage Storage Parma Train Station,2026-10-05,18,weekday,20,0,20,read
2026-10-05 17:07,parma,city-center,6473550,Luggage Storage Arch of San Lazzaro,2026-10-05,18,weekday,10,0,10,read
2026-10-05 17:07,parma,station,6469925,Luggage Storage near Parma Station,2026-10-05,18,weekday,15,0,15,read
2026-10-05 17:07,parma,city-center,6462255,Luggage Storage near Governor's Palace,2026-10-05,18,weekday,20,0,20,read
2026-10-05 17:07,parma,city-center,6461414,Luggage Storage near Palazzo Marchi,2026-10-05,18,weekday,15,0,15,read
2026-10-05 17:07,polignano-a-mare,central-station,6918,Luggage Storage Piazza Aldo Moro,2026-10-05,18,weekday,50,2,48,read
2026-10-05 17:07,polignano-a-mare,city-center,6315,Luggage Storage Pinocchio Park,2026-10-05,18,weekday,20,0,20,read
2026-10-05 17:07,polignano-a-mare,central-station,7442,Luggage Storage Lama Monachile,2026-10-05,18,weekday,40,0,40,read
2026-10-05 17:07,polignano-a-mare,central-station,6458257,Luggage Storage Polignano A Mare Railway Station,2026-10-05,18,weekday,20,0,20,read
2026-10-05 17:07,polignano-a-mare,city-center,6455631,Luggage Storage San Vito Beach,2026-10-05,18,weekday,10,0,10,read
2026-10-05 17:07,ravenna,main-station,1538,Luggage Storage Ravenna Train Station,2026-10-05,18,weekday,40,0,40,read
2026-10-05 17:07,ravenna,main-station,6453551,Luggage Storage Ravenna Station,2026-10-05,18,weekday,30,0,30,read
2026-10-05 17:07,ravenna,main-station,6461889,Luggage Storage near Ravenna Station,2026-10-05,18,weekday,20,3,17,read
2026-10-05 17:07,ravenna,main-station,6461479,Luggage Storage Ravenna Railway Station,2026-10-05,18,weekday,20,0,20,read
2026-10-05 17:07,ravenna,main-station,6453186,Luggage Storage Via Molinetto,2026-10-05,18,weekday,20,0,20,read
2026-10-05 17:07,savona,train-station,7722,Luggage Storage Savona Railway Station,2026-10-05,18,weekday,20,0,20,read
2026-10-05 17:07,savona,public-beach-lo-scaletto-dei-pescatori,6456768,Luggage Storage Lo Scaletto Dei Pescatori Beach,2026-10-05,18,weekday,20,0,20,read
2026-10-05 17:07,savona,savona-city-center,6461566,Luggage Storage Via XX Settembre,2026-10-05,18,weekday,20,0,20,read
2026-10-05 17:07,savona,savona-city-center,6470488,Luggage Storage Via Collodi,2026-10-05,18,weekday,10,0,10,read
2026-10-05 17:07,trieste,trieste-train-station,9042,Luggage Storage Trieste Railway Station,2026-10-05,18,weekday,10,0,10,read
2026-10-05 17:07,trieste,trieste-train-station,6451346,Luggage Storage Trieste Centrale,2026-10-05,18,weekday,30,7,23,read
2026-10-05 17:07,trieste,trieste-train-station,6451611,Luggage Storage Arco Di Riccardo,2026-10-05,18,weekday,60,0,60,read
2026-10-05 17:07,trieste,trieste-train-station,4952,Luggage Storage Canal Grande Di Trieste,2026-10-05,18,weekday,40,5,35,read
2026-10-05 17:07,ancona,ancona-train-station,458,Luggage Storage Ancona Train Station,2026-10-05,18,weekday,100,2,98,read
2026-10-05 17:07,ancona,ancona-train-station,3893,Luggage Storage Ancona Railway Station,2026-10-05,18,weekday,100,0,100,read
2026-10-05 17:07,ancona,ancona-train-station,5993,Luggage Storage Ugo Bassi Square,2026-10-05,18,weekday,15,0,15,read
2026-10-05 17:07,ancona,ancona-train-station,5983,Luggage Storage Cristo Divino Church,2026-10-05,18,weekday,15,0,15,read
2026-10-05 17:07,arezzo,city-center,9266,Luggage Storage Arezzo Railway Station,2026-10-05,18,weekday,50,0,50,read
2026-10-05 17:07,arezzo,city-center,9279,Luggage Storage Piazza Grande,2026-10-05,18,weekday,15,0,15,read
2026-10-05 17:07,arezzo,city-center,9278,Luggage Storage Porta Sant'Andrea,2026-10-05,18,weekday,30,0,30,read
2026-10-05 17:07,arezzo,arezzo-train-station,6451175,Luggage Storage Campo Di Marte / Arezzo Station,2026-10-05,18,weekday,25,0,25,read
2026-10-05 17:07,arezzo,city-center,9270,Luggage Storage Via Petrarca,2026-10-05,18,weekday,50,0,50,read
2026-10-05 17:07,arezzo,arezzo-train-station,6456122,Luggage Storage near Arezzo Station,2026-10-05,18,weekday,15,0,15,read
2026-10-05 17:07,caserta,royal-palace,2497,Luggage Storage Royal Palace,2026-10-05,18,weekday,50,0,50,read
2026-10-05 17:07,caserta,city-center,6470092,Luggage Storage Caserta Railway Station,2026-10-05,18,weekday,10,0,10,read
2026-10-05 17:07,caserta,city-center,6470091,Luggage Storage Caserta Train Station,2026-10-05,18,weekday,100,0,100,read
2026-10-05 17:07,caserta,city-center,6470098,Luggage Storage near Caserta Bus Station,2026-10-05,18,weekday,20,0,20,read
2026-10-05 17:07,caserta,city-center,6470164,Luggage Storage Caserta Bus Station,2026-10-05,18,weekday,30,0,30,read
2026-10-05 17:07,caserta,city-center,6452180,Luggage Storage near Viale Beneduce,2026-10-05,18,weekday,20,0,20,read
2026-10-05 17:07,civitavecchia,railway-station,7383,Luggage Storage Civitavecchia Railway Station,2026-10-05,18,weekday,40,0,40,read
2026-10-05 17:07,civitavecchia,port,7384,Luggage Storage Civitavecchia Port Bus Charter,2026-10-05,18,weekday,30,0,30,read
2026-10-05 17:07,civitavecchia,civitavecchia-1,6451190,Luggage Storage Mercato Di Civitavecchia,2026-10-05,18,weekday,20,0,20,read
2026-10-05 17:07,civitavecchia,railway-station,6474441,Luggage Storage Piazza Vittorio Emanuele,2026-10-05,18,weekday,10,0,10,read
2026-10-05 17:07,civitavecchia,railway-station,6470146,Luggage Storage near Civitavecchia Station,2026-10-05,18,weekday,15,0,15,read
2026-10-05 17:07,gallipoli,gallipoli-station,6525,Luggage Storage Gallipoli Port,2026-10-05,18,weekday,20,0,20,read
2026-10-05 17:07,gallipoli,gallipoli-station,6458940,Luggage Storage Corso Roma,2026-10-05,18,weekday,20,0,20,read
2026-10-05 17:07,gallipoli,gallipoli-station,6458939,Luggage Storage Lungomare Galileo Galilei,2026-10-05,18,weekday,20,0,20,read
2026-10-05 17:07,gallipoli,baia-verde,6458822,Luggage Storage Baia Verde,2026-10-05,18,weekday,35,0,35,read
2026-10-05 17:07,livorno,livorno-train-station,9547,Luggage Storage Livorno Centrale,2026-10-05,18,weekday,25,0,25,read
2026-10-05 17:07,livorno,city-center,6451865,Luggage Storage Cisternone,2026-10-05,18,weekday,50,0,50,read
2026-10-05 17:07,livorno,city-center,6451828,Luggage Storage Piazza Mazzini,2026-10-05,18,weekday,20,0,20,read
2026-10-05 17:07,livorno,livorno-train-station,6469841,Luggage Storage Livorno Cathedral,2026-10-05,18,weekday,50,0,50,read
2026-10-05 17:07,livorno,city-center,6451829,Luggage Storage Birthplace Amedeo Modigliani,2026-10-05,18,weekday,30,0,30,read
2026-10-05 17:07,padua,main-station,7276,Luggage Storage Padua Train Station,2026-10-05,18,weekday,50,0,50,read
2026-10-05 17:07,padua,city-center,2488,Luggage Storage Scrovegni Chapel,2026-10-05,18,weekday,25,0,25,read
2026-10-05 17:07,padua,main-station,6467981,Luggage Storage Padova Railway Station,2026-10-05,18,weekday,50,0,50,read
2026-10-05 17:07,padua,main-station,7281,Luggage Storage Via Sarpi,2026-10-05,18,weekday,60,0,60,read
2026-10-05 17:07,padua,city-center,6467957,Luggage Storage near Prato Della Valle,2026-10-05,18,weekday,50,0,50,read
2026-10-05 17:07,ragusa,ragusa-train-station,6452897,Luggage Storage Ragusa Train Station,2026-10-05,18,weekday,25,0,25,read
2026-10-05 17:07,ragusa,city-center,6452985,Luggage Storage near Ragusa Bus Terminal,2026-10-05,18,weekday,40,0,40,read
2026-10-05 17:07,ragusa,duomo-di-san-giorgio,6470857,Luggage Storage Chiesa di San Giuseppe,2026-10-05,18,weekday,10,0,10,read
2026-10-05 17:07,ragusa,city-center,6452978,Luggage Storage near Ragusa Cathedral,2026-10-05,18,weekday,10,0,10,read
2026-10-05 17:07,ragusa,city-center,6452840,Luggage Storage Duomo Di Ragusa,2026-10-05,18,weekday,10,0,10,read
2026-10-05 17:07,bressanone-brixen,train-station,9925,Luggage Storage Bressanone Railway Station,2026-10-05,18,weekday,30,1,29,read
2026-10-05 17:07,bressanone-brixen,bressanone-brixen-train-station,6461279,Luggage Storage near Bressanone Station,2026-10-05,18,weekday,20,1,19,read
2026-10-05 17:07,bressanone-brixen,bressanone-brixen-train-station,6461278,Luggage Storage Bressanone Train Station,2026-10-05,18,weekday,20,0,20,read
2026-10-05 17:07,bressanone-brixen,bressanone-brixen-train-station,6461342,Luggage Storage near Forum Bressanone,2026-10-05,18,weekday,20,0,20,read
2026-10-05 17:07,cefalu,cefalu-transit-station,6644,Luggage Storage Cefalù Old Town,2026-10-05,18,weekday,35,1,34,read
2026-10-05 17:07,cefalu,city-center,5092,Luggage Storage Rocca Di Cefalù,2026-10-05,18,weekday,30,0,30,read
2026-10-05 17:07,cefalu,cefalu-transit-station,6456584,Luggage Storage Cefalù Railway Station,2026-10-05,18,weekday,80,0,80,read
2026-10-05 17:07,imola,city-center,6453094,Luggage Storage Imola Train Station,2026-10-05,18,weekday,150,0,150,read
2026-10-05 17:07,imola,city-center,6467886,Luggage Storage Piazza Matteotti,2026-10-05,18,weekday,200,0,200,read
2026-10-05 17:07,imola,city-center,6453070,Luggage Storage Imola Piazza Matteotti,2026-10-05,18,weekday,20,0,20,read
2026-10-05 17:07,noto,porta-reale-o-ferdinandea,7164,Luggage Storage Porta Reale,2026-10-05,18,weekday,25,3,22,read
2026-10-05 17:07,noto,city-center,6453331,Luggage Storage near Noto Train Station,2026-10-05,18,weekday,20,0,20,read
2026-10-05 17:07,noto,city-center,6453513,Luggage Storage Via Napoli / Salvemini,2026-10-05,18,weekday,25,0,25,read
2026-10-05 17:07,noto,porta-reale-o-ferdinandea,6453050,Luggage Storage Villa Comunale Noto,2026-10-05,18,weekday,20,0,20,read
2026-10-05 17:07,sassari,city-center,7623,Luggage Storage Viale Dante,2026-10-05,18,weekday,20,0,20,read
2026-10-05 17:07,sassari,sassari-train-station,7526,Luggage Storage Viale Porto Torres,2026-10-05,18,weekday,20,0,20,read
2026-10-05 17:07,taranto,castello-aragonese,6852,Luggage Storage San Cataldo Cathedral,2026-10-05,18,weekday,50,0,50,read
2026-10-05 17:07,taranto,sacello-romano,6455906,Luggage Storage Via Principe Amedeo,2026-10-05,18,weekday,10,0,10,read
2026-10-05 17:07,taranto,sacello-romano,6856,Luggage Storage Via Nitti,2026-10-05,18,weekday,40,0,40,read
2026-10-05 17:07,taranto,castello-aragonese,6848,Luggage Storage Giardini Piazza Garibaldi,2026-10-05,18,weekday,10,0,10,read
2026-10-05 17:07,treviso,treviso-train-station,806,Luggage Storage Treviso Train Station,2026-10-05,18,weekday,75,9,66,read
2026-10-05 17:07,treviso,treviso-train-station,8263,Luggage Storage Treviso Railway Station,2026-10-05,18,weekday,20,0,20,read
2026-10-05 17:07,treviso,city-center,8183,Luggage Storage Stadio Omobono Tenni,2026-10-05,18,weekday,20,0,20,read
2026-10-05 17:07,viareggio,train-station,7297,Luggage Storage Viareggio Train Station,2026-10-05,18,weekday,70,0,70,read
2026-10-05 17:07,viareggio,city-center,3327,Luggage Storage St Andrea Church,2026-10-05,18,weekday,40,0,40,read
2026-10-05 17:07,viareggio,train-station,6451814,Luggage Storage Piazza Piave,2026-10-05,18,weekday,30,0,30,read
2026-10-05 17:07,viareggio,city-center,6451851,Luggage Storage near Gamc,2026-10-05,18,weekday,25,0,25,read
2026-10-05 17:07,viareggio,city-center,6451810,Luggage Storage Viareggio Railway Station,2026-10-05,18,weekday,20,0,20,read
2026-10-05 17:07,assisi,city-center,8450,Luggage Storage Assisi Train Station,2026-10-05,18,weekday,60,4,56,read
2026-10-05 17:07,assisi,city-center,7307,Luggage Storage Basilica Di Santa Maria Degli Angeli,2026-10-05,18,weekday,25,0,25,read
2026-10-05 17:07,assisi,city-center,6466307,Luggage Storage Assisi Bus Station,2026-10-05,18,weekday,25,0,25,read
2026-10-05 17:07,caltanissetta,caltanissetta-centrale,7727,Luggage Storage Caltanissetta Train Station,2026-10-05,18,weekday,10,0,10,read
2026-10-05 17:07,caltanissetta,caltanissetta-old-town,7719,Luggage Storage Caltanissetta Old Town,2026-10-05,18,weekday,10,0,10,read
2026-10-05 17:07,caltanissetta,caltanissetta-centrale,7624,Luggage Storage Caltanissetta Centrale,2026-10-05,18,weekday,30,0,30,read
2026-10-05 17:07,cosenza,casa-di-galeazzo-di-tarsia,6794,Luggage Storage National Gallery Of Cosenza,2026-10-05,18,weekday,40,0,40,read
2026-10-05 17:07,cosenza,roges,7017,Luggage Storage Roges,2026-10-05,18,weekday,10,0,10,read
2026-10-05 17:07,cosenza,city-centre,6792,Luggage Storage Via Xxiv Maggio,2026-10-05,18,weekday,60,0,60,read
2026-10-05 17:07,cosenza,city-centre,6788,Luggage Storage Piazza Giacomo Mancini,2026-10-05,18,weekday,40,0,40,read
2026-10-05 17:07,cremona,city-center,3044,Luggage Storage Cremona Cathedral,2026-10-05,18,weekday,15,0,15,read
2026-10-05 17:07,cremona,cremona-train-station,6471042,Luggage Storage Cremona Bus Station,2026-10-05,18,weekday,30,0,30,read
2026-10-05 17:07,cremona,cremona-train-station,6471025,Luggage Storage Cremona Railway Station,2026-10-05,18,weekday,30,0,30,read
2026-10-05 17:07,giardini-naxos,city-center,6761,Luggage Storage St. John Beach,2026-10-05,18,weekday,25,0,25,read
2026-10-05 17:07,ischia,port,4835,Luggage Storage Ischia Ferry Pier,2026-10-05,18,weekday,50,0,50,read
2026-10-05 17:07,ischia,port,6460634,Luggage Storage Ischia Ferry Terminal,2026-10-05,18,weekday,30,0,30,read
2026-10-05 17:07,ischia,forio-port,6453676,Luggage Storage Forio Port,2026-10-05,18,weekday,30,0,30,read
2026-10-05 17:07,ischia,port,4947,Luggage Storage Casamicciola Port,2026-10-05,18,weekday,50,0,50,read
2026-10-05 17:07,lecco,train-station,7995,Luggage Storage Lecco Train Station,2026-10-05,18,weekday,30,0,30,read
2026-10-05 17:07,lecco,lecco-train-station,6470300,Luggage Storage near Lake Como Museum,2026-10-05,18,weekday,10,0,10,read
2026-10-05 17:07,lecco,lecco-train-station,6470206,Luggage Storage Lecco Railway Station,2026-10-05,18,weekday,20,0,20,read
2026-10-05 17:07,olbia,train-station,7387,Luggage Storage Olbia Terranova Train Station,2026-10-05,18,weekday,100,2,98,read
2026-10-05 17:07,olbia,train-station,7388,Luggage Storage Olbia Railway Station,2026-10-05,18,weekday,55,0,55,read
2026-10-05 17:07,pavia,downtown,1289,Luggage Storage Downtown Pavia,2026-10-05,18,weekday,30,0,30,read
2026-10-05 17:07,pavia,pavia-train-station,9767,Luggage Storage Pavia Piazza Dante,2026-10-05,18,weekday,10,0,10,read
2026-10-05 17:07,pavia,pavia-train-station,6460851,Luggage Storage Pavia Train Station,2026-10-05,18,weekday,20,0,20,read
2026-10-05 17:07,porto-torres,city-center,5519,Luggage Storage Porto Torres Marittima,2026-10-05,18,weekday,100,0,100,read
2026-10-05 17:07,porto-torres,city-center,6456059,Luggage Storage Via Sassari,2026-10-05,18,weekday,30,0,30,read
2026-10-05 17:07,porto-torres,port,7593,Luggage Storage Porto Torres Port,2026-10-05,18,weekday,30,0,30,read
2026-10-05 17:07,rapallo,train-station,6452316,Luggage Storage Rapallo Railway Station,2026-10-05,18,weekday,30,0,30,read
2026-10-05 17:07,rapallo,rapallo-train-station,6470556,Luggage Storage near Rapallo Station,2026-10-05,18,weekday,35,0,35,read
2026-10-05 17:07,rapallo,rapallo-train-station,6461574,Luggage Storage Via S. Anna,2026-10-05,18,weekday,20,0,20,read
2026-10-05 17:07,riccione,city-center,6460160,Luggage Storage Riccione Train Station,2026-10-05,18,weekday,65,0,65,read
2026-10-05 17:07,riccione,city-center,6453440,Luggage Storage Viale Bellini,2026-10-05,18,weekday,30,0,30,read
2026-10-05 17:07,riccione,terme,6453417,Luggage Storage Riccione Terme,2026-10-05,18,weekday,10,0,10,read
2026-10-05 17:07,riccione,city-center,6453337,Luggage Storage Corso Fratelli Cervi,2026-10-05,18,weekday,10,0,10,read
2026-10-05 17:07,altamura,city-centre,6455041,Luggage Storage Church Of Saint Theresa,2026-10-05,18,weekday,10,0,10,read
2026-10-05 17:07,altamura,city-centre,6455033,Luggage Storage Altamura City Hall,2026-10-05,18,weekday,10,,,unavailable
2026-10-05 17:07,altamura,city-centre,6455015,Luggage Storage Altamura Old Town,2026-10-05,18,weekday,20,0,20,read
2026-10-05 17:07,amalfi,city-centre,9557,Luggage Storage Duomo Di Amalfi,2026-10-05,18,weekday,30,4,26,read
2026-10-05 17:07,amalfi,city-centre,7447,Luggage Storage Amalfi City Center,2026-10-05,18,weekday,50,0,50,read
2026-10-05 17:07,amalfi,city-centre,6460555,Luggage Storage Amalfi Port,2026-10-05,18,weekday,35,0,35,read
2026-10-05 17:07,castellammare-di-stabia,castellammare-di-stabia-train-station,5889,Luggage Storage near Castellammare Di Stabia Station,2026-10-05,18,weekday,300,0,300,read
2026-10-05 17:07,castellammare-di-stabia,castellammare-di-stabia-train-station,6451920,Luggage Storage Pioppaino Railway Station,2026-10-05,18,weekday,10,0,10,read
2026-10-05 17:07,castellammare-di-stabia,castellammare-di-stabia-train-station,5898,Luggage Storage Villa Comunale,2026-10-05,18,weekday,200,0,200,read
2026-10-05 17:07,desenzano,train-station,6267,Luggage Storage Desenzano Port,2026-10-05,18,weekday,50,0,50,read
2026-10-05 17:07,desenzano,desenzano-train-station,6460741,Luggage Storage Desenzano Railway Station,2026-10-05,18,weekday,45,0,45,read
2026-10-05 17:07,donnalucata,city-centre,6452863,Luggage Storage Donnalucata Beach,2026-10-05,18,weekday,10,0,10,read
2026-10-05 17:07,donnalucata,city-centre,6452979,Luggage Storage near Donnalucata Beach,2026-10-05,18,weekday,10,0,10,read
2026-10-05 17:07,donnalucata,city-centre,6452846,Luggage Storage Lungomare Di Donnalucata,2026-10-05,18,weekday,20,0,20,read
2026-10-05 17:07,la-maddalena,la-maddalena-ferry-terminal,7660,Luggage Storage La Maddalena Ferry Terminal,2026-10-05,18,weekday,35,0,35,read
2026-10-05 17:07,la-maddalena,la-maddalena-ferry-terminal,6460822,Luggage Storage La Maddalena Port,2026-10-05,18,weekday,20,0,20,read
2026-10-05 17:07,la-maddalena,la-maddalena-ferry-terminal,6460785,Luggage Storage Via Cairoli,2026-10-05,18,weekday,20,0,20,read
2026-10-05 17:07,merano,city-center,6469835,Luggage Storage Merano City Center,2026-10-05,18,weekday,15,0,15,read
2026-10-05 17:07,milazzo,port,6471045,Luggage Storage Via dei Mille,2026-10-05,18,weekday,200,0,200,read
2026-10-05 17:07,milazzo,port,3162,Luggage Storage Port,2026-10-05,18,weekday,20,0,20,read
2026-10-05 17:07,ostuni,city-centre,6876,Luggage Storage Ostuni Train Station,2026-10-05,18,weekday,50,4,46,read
2026-10-05 17:07,ostuni,city-centre,6898,Luggage Storage Via Papa Giovanni Xxiii,2026-10-05,18,weekday,100,0,100,read
2026-10-05 17:07,pesaro,city-center,6453381,Luggage Storage near Pesaro Station,2026-10-05,18,weekday,100,0,100,read
2026-10-05 17:07,pesaro,city-center,6453382,Luggage Storage Pesaro Old Town,2026-10-05,18,weekday,100,0,100,read
2026-10-05 17:07,pesaro,city-center,6453347,Luggage Storage Palazzo Mosca,2026-10-05,18,weekday,10,0,10,read
2026-10-05 17:07,positano,chiesa-nuova,3961,Luggage Storage Positano Fornillo Beach,2026-10-05,18,weekday,20,0,20,read
2026-10-05 17:07,prato,prato-centrale,4478,Luggage Storage Prato City Center,2026-10-05,18,weekday,40,0,40,read
2026-10-05 17:07,prato,prato-centrale,6784,Luggage Storage Prato Centrale,2026-10-05,18,weekday,20,0,20,read
2026-10-05 17:07,prato,prato-centrale,6471185,Luggage Storage Prato Centrale Railway Station,2026-10-05,18,weekday,10,0,10,read
2026-10-05 17:07,reggio-emilia,railway-station,7858,Luggage Storage Reggio Emilia Train Station,2026-10-05,18,weekday,65,0,65,read
2026-10-05 17:07,reggio-emilia,reggio-emilia-old-town,7861,Luggage Storage Palazzo Magnani,2026-10-05,18,weekday,10,0,10,read
2026-10-05 17:07,sirmione,city-center,6452685,Luggage Storage Sirmione Castle,2026-10-05,18,weekday,30,0,30,read
2026-10-05 17:07,sirmione,porto-di-lugana,6859,Luggage Storage Porto Di Lugana,2026-10-05,18,weekday,100,0,100,read
2026-10-05 17:07,tirano,tirano-railway-station,6467810,Luggage Storage Tirano Train Station,2026-10-05,18,weekday,40,8,32,read
2026-10-05 17:07,vicenza,city-center,1530,Luggage Storage Piazza Castello,2026-10-05,18,weekday,40,0,40,read
2026-10-05 17:07,vicenza,main-station,6461412,Luggage Storage Vicenza Railway Station,2026-10-05,18,weekday,35,6,29,read
2026-10-05 17:07,vicenza,city-center,1526,Luggage Storage Vicenza City Center,2026-10-05,18,weekday,30,0,30,read
2026-10-05 17:07,alberobello,alberobello-train-station,6930,Luggage Storage Alberobello Train Station,2026-10-05,18,weekday,25,0,25,read
2026-10-05 17:07,alberobello,city-center,6455991,Luggage Storage Via Piave,2026-10-05,18,weekday,30,0,30,read
2026-10-05 17:07,asti,city-center,6451274,Luggage Storage Asti Cathedral,2026-10-05,18,weekday,15,0,15,read
2026-10-05 17:07,asti,city-center,6451277,Luggage Storage Palazzo Mazzetti,2026-10-05,18,weekday,15,0,15,read
2026-10-05 17:07,cervia,milano-marittima,6455105,Luggage Storage Viale Dante Alighieri,2026-10-05,18,weekday,10,0,10,read
2026-10-05 17:07,cervia,city-center,6461485,Luggage Storage Cervia City Center,2026-10-05,18,weekday,20,0,20,read
2026-10-05 17:07,elba,marina-di-campo,6460662,Luggage Storage Marina di Campo Beach,2026-10-05,18,weekday,20,0,20,read
2026-10-05 17:07,elba,procchio,6460661,Luggage Storage Procchio Beach,2026-10-05,18,weekday,20,0,20,read
2026-10-05 17:07,grosseto,city-centre,2054,Luggage Storage Grosseto City Centre,2026-10-05,18,weekday,20,0,20,read
2026-10-05 17:07,jesolo,lido-jesolo,6461178,Luggage Storage near Piazza Drago,2026-10-05,18,weekday,20,0,20,read
2026-10-05 17:07,jesolo,lido-jesolo,6455532,Luggage Storage Lido Di Jesolo,2026-10-05,18,weekday,20,0,20,read
2026-10-05 17:07,lamezia-terme,train-station,6452912,Luggage Storage Lamezia Terme Centrale,2026-10-05,18,weekday,30,0,30,read
2026-10-05 17:07,locorotondo,city-center,6456332,Luggage Storage Locorotondo Train Station,2026-10-05,18,weekday,50,0,50,read
2026-10-05 17:07,marsala,train-station,7145,Luggage Storage Marsala Railway Station,2026-10-05,18,weekday,50,0,50,read
2026-10-05 17:07,marsala,porta-garibaldi,7150,Luggage Storage Porta Garibaldi,2026-10-05,18,weekday,30,0,30,read
2026-10-05 17:07,massa,city-center,6458344,Luggage Storage Massa Centro Railway Station,2026-10-05,18,weekday,20,0,20,read
2026-10-05 17:07,novara,novara-train-station,6462036,Luggage Storage Novara Train Station,2026-10-05,18,weekday,25,7,18,read
2026-10-05 17:07,potenza,city-center,6460018,Luggage Storage Potenza City Center,2026-10-05,18,weekday,100,0,100,read
2026-10-05 17:07,potenza,potenza-city-center,6459940,Luggage Storage Potenza Santa Maria,2026-10-05,18,weekday,20,0,20,read
2026-10-05 17:07,procida,port,4866,Luggage Storage Procida Port,2026-10-05,18,weekday,250,0,250,read
2026-10-05 17:07,rovereto,rovereto-train-station,6461330,Luggage Storage Rovereto Railway Station,2026-10-05,18,weekday,20,0,20,read
2026-10-05 17:07,sanremo,city-center,7763,Luggage Storage Sanremo City Center,2026-10-05,18,weekday,20,0,20,read
2026-10-05 17:07,sestri-levante,sestri-levante-train-station,6459775,Luggage Storage Sestri Levante City Center,2026-10-05,18,weekday,20,0,20,read
2026-10-05 17:07,stromboli,ferry-terminal,3958,Luggage Storage Stromboli Ferry Terminal,2026-10-05,18,weekday,20,0,20,read
2026-10-05 17:07,stromboli,ferry-terminal,6461846,Luggage Storage Scari Beach,2026-10-05,18,weekday,20,0,20,read
2026-10-05 17:07,taormina,city-centre,6533,Luggage Storage Taormina City Center,2026-10-05,18,weekday,50,0,50,read
2026-10-05 17:07,taormina,city-centre,6472384,Luggage Storage Taormina Bus Terminal,2026-10-05,18,weekday,20,0,20,read
2026-10-05 17:07,tivoli,villa-d-este,5904,Luggage Storage Church Of S. Michael Archangel,2026-10-05,18,weekday,20,0,20,read
2026-10-05 17:07,tropea,city-centre,6813,Luggage Storage Tropea City Center,2026-10-05,18,weekday,30,0,30,read
2026-10-05 17:07,ventimiglia,city-center-ventimiglia,6451656,Luggage Storage near Ventimiglia Railway Station,2026-10-05,18,weekday,100,0,100,read
2026-10-05 17:07,ventimiglia,city-center-ventimiglia,6469655,Luggage Storage Ventimiglia Railway Station,2026-10-05,18,weekday,50,0,50,read
2026-10-05 17:07,alessandria,tortona,6451902,Luggage Storage Via S. Marziano,2026-10-05,18,weekday,15,0,15,read
2026-10-05 17:07,angri,train-station,5405,Luggage Storage Angri Train Station,2026-10-05,18,weekday,50,0,50,read
2026-10-05 17:07,avola,city-center,6456894,Luggage Storage Avola City Center,2026-10-05,18,weekday,10,0,10,read
2026-10-05 17:07,camaiore,city-center,6451822,Luggage Storage Camaiore City Center,2026-10-05,18,weekday,50,0,50,read
2026-10-05 17:07,camogli,camogli-s-fruttuoso-train-station,6460394,Luggage Storage Camogli Train Station,2026-10-05,18,weekday,40,0,40,read
2026-10-05 17:07,castellammare-del-golfo,city-center,3883,Luggage Storage Castellammare Del Golfo City Center,2026-10-05,18,weekday,20,0,20,read
2026-10-05 17:07,catanzaro,fortuna,7917,Luggage Storage Catanzaro Railway Station,2026-10-05,18,weekday,10,0,10,read
2026-10-05 17:07,cecina,train-station,4417,Luggage Storage Cecina Station,2026-10-05,18,weekday,20,0,20,read
2026-10-05 17:07,chiavari,chiavari-train-station,6452398,Luggage Storage Chiavari Train Station,2026-10-05,18,weekday,20,0,20,read
2026-10-05 17:07,chioggia,sottomarina,6468348,Luggage Storage Sottomarina,2026-10-05,18,weekday,100,0,100,read
2026-10-05 17:07,corigliano-calabro,lungomare-di-schiavonea,8670,Luggage Storage Schiavonea Di Corigliano Calabro,2026-10-05,18,weekday,10,0,10,read
2026-10-05 17:07,forio-ischia,forio-beach,6454421,Luggage Storage near Forio Beach,2026-10-05,18,weekday,15,0,15,read
2026-10-05 17:07,gaeta,city-center,6452687,Luggage Storage Lungomare Di Gaeta,2026-10-05,18,weekday,20,0,20,read
2026-10-05 17:07,gorizia,gorizia-train-station,9040,Luggage Storage Gorizia Train Station,2026-10-05,18,weekday,25,0,25,read
2026-10-05 17:07,gravina-in-puglia,city-center,4532,Luggage Storage Gravina Sotterranea,2026-10-05,18,weekday,50,0,50,read
2026-10-05 17:07,isola-del-giglio,giglio-porto,2622,Luggage Storage Port,2026-10-05,18,weekday,30,0,30,read
2026-10-05 17:07,lampedusa,city-center,4829,Luggage Storage Lampedusa City Center,2026-10-05,18,weekday,50,0,50,read
2026-10-05 17:07,maglie,old-town,2679,Luggage Storage Maglie Train Station,2026-10-05,18,weekday,10,0,10,read
2026-10-05 17:07,martina-franca,city-center,6455140,Luggage Storage Villa Garibaldi,2026-10-05,18,weekday,10,0,10,read
2026-10-05 17:07,mazara-del-vallo,train-station,5293,Luggage Storage Stazione Di Mazara Del Vallo,2026-10-05,18,weekday,10,0,10,read
2026-10-05 17:07,mira,mira-city-center,7736,Luggage Storage Mira Via Nazionale,2026-10-05,18,weekday,30,0,30,read
2026-10-05 17:07,modica,city-center,6452836,Luggage Storage Trenino Barocco Modica,2026-10-05,18,weekday,10,0,10,read
2026-10-05 17:07,otranto,city-center,6455686,Luggage Storage near Otranto Old Town,2026-10-05,18,weekday,100,0,100,read
2026-10-05 17:07,palau,palau-ferry-terminal,7657,Luggage Storage Palau Ferry Terminal,2026-10-05,18,weekday,20,0,20,read
2026-10-05 17:07,paola,paola-train-station,8993,Luggage Storage Paola Train Station,2026-10-05,18,weekday,10,0,10,read
2026-10-05 17:07,peschiera-del-garda,peschiera-del-garda-train-station,6460959,Luggage Storage Peschiera Del Garda Railway Station,2026-10-05,18,weekday,35,0,35,read
2026-10-05 17:07,piacenza,piacenza-train-station,6451173,Luggage Storage Piacenza Train Station,2026-10-05,18,weekday,25,0,25,read
2026-10-05 17:07,pistoia,pistoia-train-station,4475,Luggage Storage Pistoia Train Station,2026-10-05,18,weekday,25,0,25,read
2026-10-05 17:07,pizzo-calabro,city-center,6455065,Luggage Storage Pizzo City Center,2026-10-05,18,weekday,20,0,20,read
2026-10-05 17:07,ponza,giancos-beach,6460679,Luggage Storage Giancos Beach,2026-10-05,18,weekday,20,0,20,read
2026-10-05 17:07,portici,city-center,6453595,Luggage Storage Portici Corso Garibaldi,2026-10-05,18,weekday,50,0,50,read
2026-10-05 17:07,rho,railway-station,9314,Luggage Storage Church of Saint Victor Martyr,2026-10-05,18,weekday,20,0,20,read
2026-10-05 17:07,riomaggiore,riomaggiore-train-station,6459767,Luggage Storage Riomaggiore City Center,2026-10-05,18,weekday,35,1,34,read
2026-10-05 17:07,rivoli,city-centre,7166,Luggage Storage Corso Xxv Aprile,2026-10-05,18,weekday,20,0,20,read
2026-10-05 17:07,rovigo,rovigo-train-station,6457110,Luggage Storage Rovigo Train Station,2026-10-05,18,weekday,20,0,20,read
2026-10-05 17:07,san-teodoro,piazza-di-gallura,7389,Luggage Storage Piazza Di Gallura,2026-10-05,18,weekday,45,0,45,read
2026-10-05 17:07,san-vito-lo-capo,city-center,8336,Luggage Storage Santuario Di San Vito,2026-10-05,18,weekday,50,0,50,read
2026-10-05 17:07,scicli,city-center,6453837,Luggage Storage near Via Nazionale,2026-10-05,18,weekday,10,0,10,read
2026-10-05 17:07,trani,trani-transit-station,6936,Luggage Storage Trani Port,2026-10-05,18,weekday,50,0,50,read
2026-10-05 17:07,vico-del-gargano,city-center,7226,Luggage Storage City Center Vico Del Gargano,2026-10-05,18,weekday,10,0,10,read
2026-10-05 17:07,vigevano,city-center,6459516,Luggage Storage Corso Cavour,2026-10-05,18,weekday,20,0,20,read
2026-10-05 17:07,villasimius,viale-matteotti,6484,Luggage Storage Viale Matteotti,2026-10-05,18,weekday,10,0,10,read
2026-10-05 17:40,rome,termini,1109,Luggage Storage Termini,2026-10-05,18,weekday,300,32,268,read
2026-10-05 17:40,rome,termini,6453333,Luggage Storage Termini / Piazza Dei Cinquecento,2026-10-05,18,weekday,100,2,98,read
2026-10-05 17:40,rome,tiburtina,4763,Luggage Storage Tiburtina Terminal,2026-10-05,18,weekday,65,0,65,read
2026-10-05 17:40,rome,trastevere,913,Luggage Storage Viale Trastevere,2026-10-05,18,weekday,80,4,76,read
2026-10-05 17:40,rome,roma-vatican-museums,6459809,Luggage Storage near Vatican Museums,2026-10-05,18,weekday,50,0,50,read
2026-10-05 17:40,rome,tiburtina,4599,Luggage Storage Tiburtina Train Station,2026-10-05,18,weekday,80,2,78,read
2026-10-05 17:40,rome,ostiense,44,Luggage Storage Ostiense,2026-10-05,18,weekday,300,0,300,read
2026-10-05 17:40,rome,navona,21,Luggage Storage Navona,2026-10-05,18,weekday,100,0,100,read
2026-10-05 17:40,rome,termini,1352,Luggage Storage Termini Station,2026-10-05,18,weekday,60,2,58,read
2026-10-05 17:40,rome,vatican,4869,Luggage Storage Vatican City,2026-10-05,18,weekday,45,0,45,read
2026-10-05 17:40,rome,trevi,4738,Luggage Storage Trevi Fountain,2026-10-05,18,weekday,50,0,50,read
2026-10-05 17:40,rome,pantheon,57,Luggage Storage Pantheon - Rome Center,2026-10-05,18,weekday,300,0,300,read
2026-10-05 17:40,rome,san-giovanni,19,Luggage Storage S. Giovanni In Laterano,2026-10-05,18,weekday,300,0,300,read
2026-10-05 17:40,rome,trevi,6450924,Luggage Storage Piazza Barberini,2026-10-05,18,weekday,100,1,99,read
2026-10-05 17:40,rome,trastevere,5598,Luggage Storage Trastevere San Cosimato,2026-10-05,18,weekday,50,0,50,read
2026-10-05 17:40,rome,termini,5684,Luggage Storage Termini Rome,2026-10-05,18,weekday,50,10,40,read
2026-10-05 17:40,rome,pantheon,4900,Luggage Storage Teatro Argentina,2026-10-05,18,weekday,200,0,200,read
2026-10-05 17:40,rome,termini,4695,Luggage Storage Giolitti / Termini Station,2026-10-05,18,weekday,250,15,235,read
2026-10-05 17:40,rome,pantheon,5067,Luggage Storage Campo De Fiori,2026-10-05,18,weekday,40,1,39,read
2026-10-05 17:40,rome,trevi,6269,Luggage Storage Quirinal Palace,2026-10-05,18,weekday,35,0,35,read
2026-10-05 17:40,rome,s-pietro,4867,Luggage Storage Roma S.pietro Station,2026-10-05,18,weekday,25,0,25,read
2026-10-05 17:40,rome,navona,849,Luggage Storage Umberto I Bridge,2026-10-05,18,weekday,30,0,30,read
2026-10-05 17:40,rome,ostiense,1828,Luggage Storage Eataly,2026-10-05,18,weekday,30,0,30,read
2026-10-05 17:40,rome,san-giovanni,15,Luggage Storage S.giovanni,2026-10-05,18,weekday,300,0,300,read
2026-10-05 17:40,rome,piazza-del-popolo,9875,Luggage Storage Flaminio Train Station,2026-10-05,18,weekday,100,2,98,read
2026-10-05 17:40,rome,parioli,8885,Luggage Storage Mancini Bus Terminal,2026-10-05,18,weekday,20,0,20,read
2026-10-05 17:40,rome,piazza-campo-de-fiori,8669,Luggage Storage Piazza Campo De Fiori,2026-10-05,18,weekday,25,0,25,read
2026-10-05 17:40,rome,tiburtina,8637,Luggage Storage Monti Tiburtini Metro Station,2026-10-05,18,weekday,50,0,50,read
2026-10-05 17:40,rome,termini,7703,Luggage Storage Termini Railway Station,2026-10-05,18,weekday,100,0,100,read
2026-10-05 17:40,rome,esquilino,6984,Luggage Storage Manzoni Metro Station,2026-10-05,18,weekday,50,0,50,read
2026-10-05 17:40,rome,termini,6835,Luggage Storage Cipro Metro Station Area,2026-10-05,18,weekday,30,0,30,read
2026-10-05 17:40,rome,trastevere,6474541,Luggage Storage Via Albert Einstein / Marconi,2026-10-05,18,weekday,30,0,30,read
2026-10-05 17:40,rome,ottaviano,6474434,Luggage Storage Via Germanico / Vatican,2026-10-05,18,weekday,30,0,30,read
2026-10-05 17:40,rome,pantheon,6473158,Luggage Storage Pantheon,2026-10-05,18,weekday,12,5,7,read
2026-10-05 17:40,rome,roma-vatican-museums,6473149,Luggage Storage Via della Giuliana,2026-10-05,18,weekday,100,0,100,read
2026-10-05 17:40,rome,san-giovanni,6473098,Luggage Storage Viale Carlo Felice,2026-10-05,18,weekday,10,0,10,read
2026-10-05 17:40,rome,termini,6473095,Luggage Storage Viminale Bus Stop,2026-10-05,18,weekday,40,0,40,read
2026-10-05 17:40,rome,navona,6473024,Luggage Storage Via della Pace,2026-10-05,18,weekday,50,0,50,read
2026-10-05 17:40,rome,navona,6473023,Luggage Storage Fontana dei Quattro Fiumi,2026-10-05,18,weekday,60,0,60,read
2026-10-05 17:40,rome,navona,6473022,Luggage Storage Navona / Neptune Fountain,2026-10-05,18,weekday,60,0,60,read
2026-10-05 17:40,rome,colosseum,6473021,Luggage Storage Cavour / Ricci,2026-10-05,18,weekday,25,0,25,read
2026-10-05 17:40,rome,termini,6472962,Luggage Storage Termini / Amendola,2026-10-05,18,weekday,18,11,7,read
2026-10-05 17:40,rome,termini,6472955,Luggage Storage Milazzo / Termini Station,2026-10-05,18,weekday,100,0,100,read
2026-10-05 17:40,rome,termini,6472954,Luggage Storage Marsala / Milazzo,2026-10-05,18,weekday,100,1,99,read
2026-10-05 17:40,rome,termini,6472953,Luggage Storage Milazzo / Magenta,2026-10-05,18,weekday,100,0,100,read
2026-10-05 17:40,rome,pantheon,6472396,Luggage Storage near Pantheon,2026-10-05,18,weekday,35,0,35,read
2026-10-05 17:40,rome,flaminio,6472354,Luggage Storage near Piazza del Popolo,2026-10-05,18,weekday,50,0,50,read
2026-10-05 17:40,rome,termini,6471173,Luggage Storage Termini (Ma-Mb-Fs),2026-10-05,18,weekday,100,0,100,read
2026-10-05 17:40,rome,termini,6471145,Luggage Storage Via Marsala,2026-10-05,18,weekday,100,0,100,read
2026-10-05 17:40,rome,prati,6471093,Luggage Storage Cicerone / Cola di Rienzo,2026-10-05,18,weekday,25,0,25,read
2026-10-05 17:40,rome,ostiense,6470456,Luggage Storage Ostiense/Matteucci,2026-10-05,18,weekday,50,0,50,read
2026-10-05 17:40,rome,ostiense,6470455,Luggage Storage near Ostiense,2026-10-05,18,weekday,20,0,20,read
2026-10-05 17:40,rome,ostiense,6470454,Luggage Storage Basilica S. Paolo,2026-10-05,18,weekday,50,0,50,read
2026-10-05 17:40,rome,termini,6470329,Luggage Storage Manin / Termini,2026-10-05,18,weekday,30,0,30,read
2026-10-05 17:40,rome,Municipio-Roma-X,6470296,Luggage Storage Casal Palocco,2026-10-05,18,weekday,30,0,30,read
2026-10-05 17:40,rome,furio-camillo,6470292,Luggage Storage near Colli Albani Metro Station,2026-10-05,18,weekday,20,0,20,read
2026-10-05 17:40,rome,pigneto-prenestina,6470291,Luggage Storage Ponte Casilino,2026-10-05,18,weekday,50,0,50,read
2026-10-05 17:40,rome,san-giovanni,6470190,Luggage Storage Ponte Lungo Metro Station,2026-10-05,18,weekday,25,0,25,read
2026-10-05 17:40,rome,pigneto,6470156,Luggage Storage Pigneto Metro Station,2026-10-05,18,weekday,20,0,20,read
2026-10-05 17:40,rome,termini,6469828,Luggage Storage Piazza dell'Esquilino,2026-10-05,18,weekday,300,0,300,read
2026-10-05 17:40,rome,repubblica,6469637,Luggage Storage Via Quattro Fontane,2026-10-05,18,weekday,50,0,50,read
2026-10-05 17:40,rome,ostia-1,6468366,Luggage Storage Corso Duca di Genova,2026-10-05,18,weekday,40,0,40,read
2026-10-05 17:40,rome,prati,6468191,Luggage Storage Via degli Scipioni,2026-10-05,18,weekday,30,1,29,read
2026-10-05 17:40,rome,pantheon,6468018,Luggage Storage near Piazza del Gesù,2026-10-05,18,weekday,50,0,50,read
2026-10-05 17:40,rome,esquilino,6463301,Luggage Storage Vittorio Emanuele Metro Station,2026-10-05,18,weekday,20,0,20,read
2026-10-05 17:40,rome,esquilino,6463300,Luggage Storage Porta Maggiore,2026-10-05,18,weekday,30,0,30,read
2026-10-05 17:40,rome,san-lorenzo,6463191,Luggage Storage Piazza Dei Sanniti,2026-10-05,18,weekday,10,0,10,read
2026-10-05 17:40,rome,s-pietro,6463140,Luggage Storage near Paul VI Hall,2026-10-05,18,weekday,20,0,20,read
2026-10-05 17:40,rome,pantheon,6462317,Luggage Storage near Galleria Doria Pamphilj,2026-10-05,18,weekday,20,0,20,read
2026-10-05 17:40,rome,lepanto,6462316,Luggage Storage Roma Ottaviano,2026-10-05,18,weekday,35,0,35,read
2026-10-05 17:40,rome,repubblica,6462240,Luggage Storage Tritone/ Barberini,2026-10-05,18,weekday,40,0,40,read
2026-10-05 17:40,rome,colosseum,6462225,Luggage Storage Colosseo Transit Stop,2026-10-05,18,weekday,20,0,20,read
2026-10-05 17:40,rome,san-giovanni,6462224,Luggage Storage Porta S. Giovanni,2026-10-05,18,weekday,20,0,20,read
2026-10-05 17:40,rome,manzoni,6462223,Luggage Storage Via Emanuele Filiberto,2026-10-05,18,weekday,20,0,20,read
2026-10-05 17:40,rome,trastevere,6461932,Luggage Storage near Piazza Trilussa,2026-10-05,18,weekday,20,1,19,read
2026-10-05 17:40,rome,s-pietro,6461618,Luggage Storage near St. Angelo Bridge,2026-10-05,18,weekday,50,0,50,read
2026-10-05 17:40,rome,piazza-di-san-pietro-in-vincoli,6461425,Luggage Storage Cipro/Bragadin,2026-10-05,18,weekday,20,0,20,read
2026-10-05 17:40,rome,san-lorenzo,6460798,Luggage Storage Roma San Lorenzo,2026-10-05,18,weekday,20,0,20,read
2026-10-05 17:40,rome,termini,6460703,Luggage Storage Via Carlo Cattaneo,2026-10-05,18,weekday,20,0,20,read
2026-10-05 17:40,rome,primavalle,6460001,Luggage Storage Circonvallazione Cornelia,2026-10-05,18,weekday,50,0,50,read
2026-10-05 17:40,rome,termini,6459912,Luggage Storage Amendola / Termini Station,2026-10-05,18,weekday,20,0,20,read
2026-10-05 17:40,rome,santa-maria-maggiore,6459910,Luggage Storage Gioberti / Santa Maria Maggiore,2026-10-05,18,weekday,100,0,100,read
2026-10-05 17:40,rome,pantheon,6459743,Luggage Storage Basilica Sant'Andrea Della Valle,2026-10-05,18,weekday,20,0,20,read
2026-10-05 17:40,rome,repubblica,6459675,Luggage Storage Piazza Del Viminale,2026-10-05,18,weekday,25,0,25,read
2026-10-05 17:40,rome,quartiere-xii-gianicolense,6458599,Luggage Storage Donna Olimpia,2026-10-05,18,weekday,20,0,20,read
2026-10-05 17:40,rome,pantheon,6458567,Luggage Storage Piazza Dei Calcarari,2026-10-05,18,weekday,100,0,100,read
2026-10-05 17:40,rome,pantheon,6458442,Luggage Storage Vittorio Emanuele / Argentina,2026-10-05,18,weekday,40,0,40,read
2026-10-05 17:40,rome,primavalle,6458086,Luggage Storage Cannuta / Battistini,2026-10-05,18,weekday,30,0,30,read
2026-10-05 17:40,rome,repubblica,6458063,Luggage Storage Largo del Tritone,2026-10-05,18,weekday,50,0,50,read
2026-10-05 17:40,rome,rione-ix-pigna,6457939,Luggage Storage near Trevi Fountain,2026-10-05,18,weekday,50,0,50,read
2026-10-05 17:40,rome,castel-sant-angelo,6457822,Luggage Storage near Sant'Angelo Castle,2026-10-05,18,weekday,60,14,46,read
2026-10-05 17:40,rome,termini,6457601,Luggage Storage Amedeo / Termini,2026-10-05,18,weekday,20,0,20,read
2026-10-05 17:40,rome,esquilino,6457599,Luggage Storage Nuovo Mercato Esquilino,2026-10-05,18,weekday,35,0,35,read
2026-10-05 17:40,rome,vatican,6457407,Luggage Storage Ottaviano Metro Station,2026-10-05,18,weekday,15,0,15,read
2026-10-05 17:40,rome,termini,6457349,Luggage Storage Termini Metro Station,2026-10-05,18,weekday,45,3,42,read
2026-10-05 17:40,rome,esquilino,6457222,Luggage Storage Roma Porta Maggiore,2026-10-05,18,weekday,20,0,20,read
2026-10-05 17:40,rome,esquilino,6457185,Luggage Storage Basilica of San Giovanni in Laterano,2026-10-05,18,weekday,35,1,34,read
2026-10-05 17:40,rome,monti,6457113,Luggage Storage Urbana / Panisperna,2026-10-05,18,weekday,20,0,20,read
2026-10-05 17:40,rome,monti,6457108,Luggage Storage Roma Monti,2026-10-05,18,weekday,35,0,35,read
2026-10-05 17:40,rome,termini,6457058,Luggage Storage Basilica of Saint Pudentiana,2026-10-05,18,weekday,40,0,40,read
2026-10-05 17:40,rome,quartiere-xv-della-vittoria,6457040,Luggage Storage Piazzale Clodio,2026-10-05,18,weekday,20,0,20,read
2026-10-05 17:40,rome,san-giovanni,6457022,Luggage Storage Magna Grecia/Tuscolo,2026-10-05,18,weekday,35,0,35,read
2026-10-05 17:40,rome,pantheon,6456917,Luggage Storage Giubbonari / Cairoli,2026-10-05,18,weekday,20,0,20,read
2026-10-05 17:40,rome,piazza-campo-de-fiori,6456889,Luggage Storage Via Dei Giubbonari,2026-10-05,18,weekday,25,0,25,read
2026-10-05 17:40,rome,piazza-campo-de-fiori,6456888,Luggage Storage near Campo De' Fiori,2026-10-05,18,weekday,50,0,50,read
2026-10-05 17:40,rome,piazza-campo-de-fiori,6456886,Luggage Storage Theatre Of Pompey,2026-10-05,18,weekday,30,0,30,read
2026-10-05 17:40,rome,termini,6456879,Luggage Storage near Terme Di Diocleziano,2026-10-05,18,weekday,30,0,30,read
2026-10-05 17:40,rome,flaminio,6456650,Luggage Storage Mancini Bus Station,2026-10-05,18,weekday,25,0,25,read
2026-10-05 17:40,rome,piazza-di-san-pietro-in-vincoli,6456615,Luggage Storage Basilica Of San Pietro In Vincoli,2026-10-05,18,weekday,50,0,50,read
2026-10-05 17:40,rome,trastevere,6456514,Luggage Storage Piazza Testaccio,2026-10-05,18,weekday,50,0,50,read
2026-10-05 17:40,rome,garbatella,6456416,Luggage Storage Roma Ostiense,2026-10-05,18,weekday,50,0,50,read
2026-10-05 17:40,rome,furio-camillo,6456362,Luggage Storage Appio Latino / Satrico,2026-10-05,18,weekday,30,0,30,read
2026-10-05 17:40,rome,pantheon,6455957,Luggage Storage Spagna Metro Station,2026-10-05,18,weekday,35,0,35,read
2026-10-05 17:40,rome,collatino,6455729,Luggage Storage Casal Bruciato,2026-10-05,18,weekday,100,0,100,read
2026-10-05 17:40,rome,trastevere,6455283,Luggage Storage near Trastevere Station,2026-10-05,18,weekday,30,0,30,read
2026-10-05 17:40,rome,fiera-di-roma,6455074,Luggage Storage near Viale Dei Colli Portuensi,2026-10-05,18,weekday,30,0,30,read
2026-10-05 17:40,rome,lepanto,6454985,Luggage Storage Roma Flaminio,2026-10-05,18,weekday,25,0,25,read
2026-10-05 17:40,rome,nomentano,6454965,Luggage Storage Viale Ippocrate,2026-10-05,18,weekday,30,0,30,read
2026-10-05 17:40,rome,portuense,6454526,Luggage Storage Circonvallazione Gianicolense,2026-10-05,18,weekday,20,0,20,read
2026-10-05 17:40,rome,prati,6454471,Luggage Storage Viale Giulio Cesare,2026-10-05,18,weekday,40,0,40,read
2026-10-05 17:40,rome,trastevere,6454401,Luggage Storage Roma Trastevere Railway Station,2026-10-05,18,weekday,100,0,100,read
2026-10-05 17:40,rome,vatican,6454230,Luggage Storage near Vatican City,2026-10-05,18,weekday,30,0,30,read
2026-10-05 17:40,rome,nomentana,6454157,Luggage Storage near Via Antonio Silvani,2026-10-05,18,weekday,45,0,45,read
2026-10-05 17:40,rome,pantheon,6454062,Luggage Storage Corso Vittorio Emanuele II,2026-10-05,18,weekday,25,0,25,read
2026-10-05 17:40,rome,baldo-degli-ubaldi-station,6454059,Luggage Storage Cornelia Metro Station,2026-10-05,18,weekday,15,0,15,read
2026-10-05 17:40,rome,repubblica,6454032,Luggage Storage near Palazzo Delle Esposizioni,2026-10-05,18,weekday,50,0,50,read
2026-10-05 17:40,rome,largo-di-torre-argentina,6453995,Luggage Storage Roma Torre Argentina,2026-10-05,18,weekday,35,2,33,read
2026-10-05 17:40,rome,ottaviano,6453839,Luggage Storage Largo Trionfale / Ottaviano,2026-10-05,18,weekday,20,0,20,read
2026-10-05 17:40,rome,quartiere-xii-gianicolense,6453701,Luggage Storage Gianicolense/Ponte Bianco,2026-10-05,18,weekday,45,0,45,read
2026-10-05 17:40,rome,navona,6453616,Luggage Storage Piazza Navona,2026-10-05,18,weekday,30,0,30,read
2026-10-05 17:40,rome,termini,6453452,Luggage Storage Acquario Romano,2026-10-05,18,weekday,100,0,100,read
2026-10-05 17:40,rome,monti,6453079,Luggage Storage Via Urbana,2026-10-05,18,weekday,25,0,25,read
2026-10-05 17:40,rome,termini,6452726,Luggage Storage Gioberti Roma Termini,2026-10-05,18,weekday,100,0,100,read
2026-10-05 17:40,rome,esquilino,6452653,Luggage Storage Basilica Santa Maria Maggiore,2026-10-05,18,weekday,30,0,30,read
2026-10-05 17:40,rome,monti,6452651,Luggage Storage Cavour Metro Station,2026-10-05,18,weekday,25,0,25,read
2026-10-05 17:40,rome,parioli,6452625,Luggage Storage near Foro Italico,2026-10-05,18,weekday,45,0,45,read
2026-10-05 17:40,rome,garbatella,6452580,Luggage Storage near Circonvallazione Ostiense,2026-10-05,18,weekday,20,0,20,read
2026-10-05 17:40,rome,vatican,6452534,Luggage Storage Aurelia / Cavalleggeri,2026-10-05,18,weekday,35,1,34,read
2026-10-05 17:40,rome,vatican,6452533,Luggage Storage Passeggiata Del Gelsomino,2026-10-05,18,weekday,10,0,10,read
2026-10-05 17:40,rome,st-peter-basilica,6452532,Luggage Storage Porta Cavalleggeri,2026-10-05,18,weekday,35,0,35,read
2026-10-05 17:40,rome,cavour,6452487,Luggage Storage Roma Via Cavour,2026-10-05,18,weekday,50,0,50,read
2026-10-05 17:40,rome,termini,6452486,Luggage Storage near Museo Delle Illusioni,2026-10-05,18,weekday,25,0,25,read
2026-10-05 17:40,rome,prati,6452320,Luggage Storage Flaminio Metro Station,2026-10-05,18,weekday,50,0,50,read
2026-10-05 17:40,rome,bocca-della-verita,6452303,Luggage Storage Piazza Belli,2026-10-05,18,weekday,40,0,40,read
2026-10-05 17:40,rome,vatican,6452286,Luggage Storage Cipro Metro Station,2026-10-05,18,weekday,100,0,100,read
2026-10-05 17:40,rome,piazza-del-popolo,6452246,Luggage Storage near Roma Piazza Del Popolo,2026-10-05,18,weekday,55,0,55,read
2026-10-05 17:40,rome,termini,6452106,Luggage Storage Volturno/Cernaia,2026-10-05,18,weekday,25,0,25,read
2026-10-05 17:40,rome,tiburtina,6452073,Luggage Storage Via Lorenzo Il Magnifico / Tiburtina,2026-10-05,18,weekday,20,0,20,read
2026-10-05 17:40,rome,brancaccio,6452072,Luggage Storage Largo Brancaccio,2026-10-05,18,weekday,20,0,20,read
2026-10-05 17:40,rome,pantheon,6451949,Luggage Storage Jewish Ghetto,2026-10-05,18,weekday,50,0,50,read
2026-10-05 17:40,rome,manzoni,6451861,Luggage Storage near Manzoni Metro Station,2026-10-05,18,weekday,25,0,25,read
2026-10-05 17:40,rome,la-rustica,6451745,Luggage Storage La Rustica,2026-10-05,18,weekday,30,0,30,read
2026-10-05 17:40,rome,monti,6451743,Luggage Storage Via Filippo Turati / Termini,2026-10-05,18,weekday,100,0,100,read
2026-10-05 17:40,rome,vatican,6451676,Luggage Storage near Teatro Ghione,2026-10-05,18,weekday,100,0,100,read
2026-10-05 17:40,rome,monti,6451669,Luggage Storage near Via Cavour,2026-10-05,18,weekday,40,0,40,read
2026-10-05 17:40,rome,casal-monastero,6451633,Luggage Storage Casal Monastero,2026-10-05,18,weekday,100,0,100,read
2026-10-05 17:40,rome,vatican,6451625,Luggage Storage Borgo Pio,2026-10-05,18,weekday,100,0,100,read
2026-10-05 17:40,rome,vatican,6451603,Luggage Storage Circonvallazione Trionfale,2026-10-05,18,weekday,20,0,20,read
2026-10-05 17:40,rome,vatican,6451598,Luggage Storage Via Aurelia,2026-10-05,18,weekday,70,0,70,read
2026-10-05 17:40,rome,piazza-campo-de-fiori,6451596,Luggage Storage Roma Campo De' Fiori,2026-10-05,18,weekday,100,0,100,read
2026-10-05 17:40,rome,tiburtina,6451593,Luggage Storage Via Lorenzo Il Magnifico,2026-10-05,18,weekday,20,0,20,read
2026-10-05 17:40,rome,torre-maura,6451521,Luggage Storage Viale Antonio Ciamarra,2026-10-05,18,weekday,100,0,100,read
2026-10-05 17:40,rome,roman-forum,6451503,Luggage Storage Basilica Papale Di Santa Maria Maggiore,2026-10-05,18,weekday,80,0,80,read
2026-10-05 17:40,rome,vittorio-emanuele,6451424,Luggage Storage Roma Santa Maria Maggiore,2026-10-05,18,weekday,50,2,48,read
2026-10-05 17:40,rome,portuense,6450996,Luggage Storage Piazza Enrico Fermi,2026-10-05,18,weekday,20,0,20,read
2026-10-05 17:40,rome,pantheon,6450927,Luggage Storage Chiesa Di San Francesco A Ripa,2026-10-05,18,weekday,45,0,45,read
2026-10-05 17:40,rome,tiburtina,6235,Luggage Storage Via Della Lega Lombarda,2026-10-05,18,weekday,40,0,40,read
2026-10-05 17:40,rome,termini,5475,Luggage Storage National Museum Of Rome,2026-10-05,18,weekday,30,0,30,read
2026-10-05 17:40,rome,tiburtina,5339,Luggage Storage Roma Tiburtina,2026-10-05,18,weekday,15,0,15,read
2026-10-05 17:40,rome,trastevere,5086,Luggage Storage Piazza Scotti,2026-10-05,18,weekday,50,0,50,read
2026-10-05 17:40,rome,navona,4879,Luggage Storage Navona Square,2026-10-05,18,weekday,25,0,25,read
2026-10-05 17:40,rome,furio-camillo,4878,Luggage Storage Roma Tuscolana Station,2026-10-05,18,weekday,30,4,26,read
2026-10-05 17:40,rome,roma-stadio-olimpico,4875,Luggage Storage Maxxi Museum,2026-10-05,18,weekday,30,0,30,read
2026-10-05 17:40,rome,termini,4762,Luggage Storage Termini Metro Station,2026-10-05,18,weekday,300,0,300,read
2026-10-05 17:40,rome,esquilino,4733,Luggage Storage Esquilino,2026-10-05,18,weekday,200,0,200,read
2026-10-05 17:40,rome,trastevere,4643,Luggage Storage Via Angelo Tittoni,2026-10-05,18,weekday,25,0,25,read
2026-10-05 17:40,rome,trastevere,4606,Luggage Storage Piazza San Cosimato,2026-10-05,18,weekday,30,0,30,read
2026-10-05 17:40,rome,furio-camillo,4573,Luggage Storage Lodi Metro Station,2026-10-05,18,weekday,40,4,36,read
2026-10-05 17:40,rome,termini,4299,Luggage Storage Piazza Dei Cinquecento,2026-10-05,18,weekday,50,1,49,read
2026-10-05 17:40,rome,piazza-del-popolo,4253,Luggage Storage Flaminio,2026-10-05,18,weekday,60,1,59,read
2026-10-05 17:40,rome,trastevere,4247,Luggage Storage Trastevere,2026-10-05,18,weekday,50,0,50,read
2026-10-05 17:40,rome,colosseum,4124,Luggage Storage Colosseum,2026-10-05,18,weekday,50,0,50,read
2026-10-05 17:40,rome,repubblica,4060,Luggage Storage Repubblica Metro Station,2026-10-05,18,weekday,60,0,60,read
2026-10-05 17:40,rome,aventino,3992,Luggage Storage Aventino,2026-10-05,18,weekday,100,0,100,read
2026-10-05 17:40,rome,baldo-degli-ubaldi-station,3920,Luggage Storage Baldo Degli Ubaldi,2026-10-05,18,weekday,40,0,40,read
2026-10-05 17:40,rome,vatican,3850,Luggage Storage Vatican,2026-10-05,18,weekday,45,0,45,read
2026-10-05 17:40,rome,ciampino,3717,Luggage Storage Ciampino City Center,2026-10-05,18,weekday,50,0,50,read
2026-10-05 17:40,rome,tiburtina,3693,Luggage Storage Tiburtina,2026-10-05,18,weekday,20,0,20,read
2026-10-05 17:40,rome,monti,3571,Luggage Storage Monti,2026-10-05,18,weekday,40,0,40,read
2026-10-05 17:40,rome,castel-sant-angelo,3174,Luggage Storage Castel Sant'angelo,2026-10-05,18,weekday,50,0,50,read
2026-10-05 17:40,rome,vatican,2902,Luggage Storage Valle Aurelia,2026-10-05,18,weekday,45,0,45,read
2026-10-05 17:40,rome,ottaviano,1111,Luggage Storage Ottaviano,2026-10-05,18,weekday,30,2,28,read
2026-10-05 17:40,milan,milan-centrale-railway-station,5782,Luggage Storage Centrale FS,2026-10-05,18,weekday,100,16,84,read
2026-10-05 17:40,milan,porta-garibaldi-train-station,8939,Luggage Storage Porta Garibaldi Railway Station,2026-10-05,18,weekday,40,0,40,read
2026-10-05 17:40,milan,cadorna,9047,Luggage Storage Cadorna Railway Station,2026-10-05,18,weekday,200,2,198,read
2026-10-05 17:40,milan,milan-centrale-railway-station,3521,Luggage Storage Milan Centrale Train Station,2026-10-05,18,weekday,300,7,293,read
2026-10-05 17:40,milan,milan-centrale-railway-station,2299,Luggage Storage Central Station,2026-10-05,18,weekday,70,6,64,read
2026-10-05 17:40,milan,milan-centrale-railway-station,8929,Luggage Storage Lepetit / Milan Centrale,2026-10-05,18,weekday,120,1,119,read
2026-10-05 17:40,milan,porta-genova,9028,Luggage Storage Milano Porta Genova Railway Station,2026-10-05,18,weekday,65,0,65,read
2026-10-05 17:40,milan,porta-garibaldi-train-station,5776,Luggage Storage Garibaldi Fs,2026-10-05,18,weekday,30,0,30,read
2026-10-05 17:40,milan,san-siro-stadium,9464,Luggage Storage San Siro Stadium,2026-10-05,18,weekday,300,0,300,read
2026-10-05 17:40,milan,san-babila,2709,Luggage Storage San Babila,2026-10-05,18,weekday,50,6,44,read
2026-10-05 17:40,milan,milan-centrale-railway-station,5777,Luggage Storage Milano Centrale,2026-10-05,18,weekday,90,0,90,read
2026-10-05 17:40,milan,milan-centrale-railway-station,6451052,Luggage Storage Malpensa Shuttle / Milano Centrale,2026-10-05,18,weekday,50,0,50,read
2026-10-05 17:40,milan,porta-romana,9192,Luggage Storage Milano Porta Romana,2026-10-05,18,weekday,35,2,33,read
2026-10-05 17:40,milan,porta-romana,9099,Luggage Storage Crocetta Metro Station,2026-10-05,18,weekday,50,0,50,read
2026-10-05 17:40,milan,porta-genova,9049,Luggage Storage Navigli Darsena,2026-10-05,18,weekday,25,2,23,read
2026-10-05 17:40,milan,milan-centrale-railway-station,9024,Luggage Storage Viale Montello,2026-10-05,18,weekday,50,0,50,read
2026-10-05 17:40,milan,corso-buenos-aires,9020,Luggage Storage near Corso Buenos Aires,2026-10-05,18,weekday,20,0,20,read
2026-10-05 17:40,milan,santa-maria-delle-grazie,8990,Luggage Storage Piazza Virgilio / Cadorna,2026-10-05,18,weekday,35,1,34,read
2026-10-05 17:40,milan,bullona,8634,Luggage Storage Mac Mahon,2026-10-05,18,weekday,15,0,15,read
2026-10-05 17:40,milan,milan-centrale-railway-station,8338,Luggage Storage Milan Train Station,2026-10-05,18,weekday,100,0,100,read
2026-10-05 17:40,milan,milan-centrale-railway-station,6991,Luggage Storage Milano Porta Venezia,2026-10-05,18,weekday,45,1,44,read
2026-10-05 17:40,milan,porta-garibaldi-train-station,6956,Luggage Storage Maciachini Metro Station,2026-10-05,18,weekday,40,0,40,read
2026-10-05 17:40,milan,missori,6473109,Luggage Storage Colonne / Vetra,2026-10-05,18,weekday,40,0,40,read
2026-10-05 17:40,milan,san-babila,6471138,Luggage Storage Via Visconti Di Modrone,2026-10-05,18,weekday,10,0,10,read
2026-10-05 17:40,milan,milan-centrale-railway-station,6471137,Luggage Storage Centrale / Filzi,2026-10-05,18,weekday,100,2,98,read
2026-10-05 17:40,milan,politecnico-di-milano-campus-bovisa-la-masa,6470851,Luggage Storage Milano Bovisa,2026-10-05,18,weekday,20,0,20,read
2026-10-05 17:40,milan,santa-giulia,6470604,Luggage Storage Santa Giulia,2026-10-05,18,weekday,10,0,10,read
2026-10-05 17:40,milan,missori,6470560,Luggage Storage near Duomo Square,2026-10-05,18,weekday,40,0,40,read
2026-10-05 17:40,milan,santa-maria-delle-grazie,6470325,Luggage Storage Via de Amicis,2026-10-05,18,weekday,20,0,20,read
2026-10-05 17:40,milan,conchetta,6470318,Luggage Storage Via Conca del Naviglio,2026-10-05,18,weekday,25,0,25,read
2026-10-05 17:40,milan,missori,6470159,Luggage Storage Santa Sofia,2026-10-05,18,weekday,10,6,4,read
2026-10-05 17:40,milan,missori,6470158,Luggage Storage Missori / Corso Italia,2026-10-05,18,weekday,20,0,20,read
2026-10-05 17:40,milan,porta-ticinese,6469992,Luggage Storage near Bocconi University,2026-10-05,18,weekday,50,0,50,read
2026-10-05 17:40,milan,milan-centrale-railway-station,6469903,Luggage Storage Vitruvio / Centrale,2026-10-05,18,weekday,40,4,36,read
2026-10-05 17:40,milan,santa-maria-delle-grazie,6469852,Luggage Storage Cadorna Metro Station,2026-10-05,18,weekday,45,0,45,read
2026-10-05 17:40,milan,milan-centrale-railway-station,6469840,Luggage Storage Viale Andrea Doria,2026-10-05,18,weekday,40,0,40,read
2026-10-05 17:40,milan,porta-genova,6469638,Luggage Storage Navigli / Villoresi,2026-10-05,18,weekday,50,0,50,read
2026-10-05 17:40,milan,porta-venezia,6469498,Luggage Storage Piazza Otto Novembre,2026-10-05,18,weekday,35,0,35,read
2026-10-05 17:40,milan,porta-vittoria,6469435,Luggage Storage Milano Dateo,2026-10-05,18,weekday,20,0,20,read
2026-10-05 17:40,milan,via-torino-via-palla,6469337,Luggage Storage Via Varesina,2026-10-05,18,weekday,26,0,26,read
2026-10-05 17:40,milan,crescenzago,6469266,Luggage Storage Rovereto / Viale Monza,2026-10-05,18,weekday,20,0,20,read
2026-10-05 17:40,milan,porta-romana,6469207,Luggage Storage Piazzale Libia,2026-10-05,18,weekday,20,2,18,read
2026-10-05 17:40,milan,crescenzago,6468881,Luggage Storage Crescenzago Metro Station,2026-10-05,18,weekday,10,0,10,read
2026-10-05 17:40,milan,porta-venezia,6468851,Luggage Storage Susa Metro Station,2026-10-05,18,weekday,20,0,20,read
2026-10-05 17:40,milan,china-town-milan,6463324,Luggage Storage Arco della Pace,2026-10-05,18,weekday,35,0,35,read
2026-10-05 17:40,milan,navigli,6463299,Luggage Storage Corso S. Gottardo,2026-10-05,18,weekday,20,1,19,read
2026-10-05 17:40,milan,forlanini,6463280,Luggage Storage near Viale Corsica,2026-10-05,18,weekday,20,0,20,read
2026-10-05 17:40,milan,loreto,6463275,Luggage Storage Via Padova / Crescenzago,2026-10-05,18,weekday,20,0,20,read
2026-10-05 17:40,milan,missori,6463226,Luggage Storage Duomo M1 M3,2026-10-05,18,weekday,30,4,26,read
2026-10-05 17:40,milan,porta-romana,6463186,Luggage Storage Via Tito Livio,2026-10-05,18,weekday,20,0,20,read
2026-10-05 17:40,milan,milano-repubblica-station,6462258,Luggage Storage near Milano Repubblica,2026-10-05,18,weekday,20,0,20,read
2026-10-05 17:40,milan,lambrate,6461939,Luggage Storage Casoretto,2026-10-05,18,weekday,20,0,20,read
2026-10-05 17:40,milan,milan-centrale-railway-station,6461511,Luggage Storage Ponte Seveso / Centrale,2026-10-05,18,weekday,20,0,20,read
2026-10-05 17:40,milan,niguarda,6461262,Luggage Storage near Niguarda,2026-10-05,18,weekday,20,0,20,read
2026-10-05 17:40,milan,cerchiate,6460933,Luggage Storage Pero Cerchiate,2026-10-05,18,weekday,20,0,20,read
2026-10-05 17:40,milan,bullona,6460853,Luggage Storage Sonnino / Varesina,2026-10-05,18,weekday,20,0,20,read
2026-10-05 17:40,milan,porta-venezia,6460438,Luggage Storage near Milano Dateo,2026-10-05,18,weekday,40,0,40,read
2026-10-05 17:40,milan,porta-vittoria,6460436,Luggage Storage Porta Vittoria Railway Station,2026-10-05,18,weekday,20,0,20,read
2026-10-05 17:40,milan,assago,6460127,Luggage Storage Assago,2026-10-05,18,weekday,20,0,20,read
2026-10-05 17:40,milan,porta-venezia,6460099,Luggage Storage Porta Venezia Railway Station,2026-10-05,18,weekday,50,0,50,read
2026-10-05 17:40,milan,loreto,6459927,Luggage Storage near Viale Monza,2026-10-05,18,weekday,20,0,20,read
2026-10-05 17:40,milan,milan-centrale-railway-station,6459808,Luggage Storage Via Tonale / Centrale,2026-10-05,18,weekday,25,0,25,read
2026-10-05 17:40,milan,porta-venezia,6459747,Luggage Storage Via Bixio,2026-10-05,18,weekday,25,0,25,read
2026-10-05 17:40,milan,navigli,6459502,Luggage Storage Ripa Di Porta Ticinese,2026-10-05,18,weekday,35,4,31,read
2026-10-05 17:40,milan,bicocca,6459489,Luggage Storage Ponale,2026-10-05,18,weekday,20,0,20,read
2026-10-05 17:40,milan,zone-7-of-milan,6459488,Luggage Storage Via Rembrandt,2026-10-05,18,weekday,20,0,20,read
2026-10-05 17:40,milan,lambrate,6459487,Luggage Storage Via Porpora,2026-10-05,18,weekday,20,0,20,read
2026-10-05 17:40,milan,zone-7-of-milan,6459485,Luggage Storage Piazzale Brescia,2026-10-05,18,weekday,20,0,20,read
2026-10-05 17:40,milan,conchetta,6459434,Luggage Storage Arco Di Porta Ticinese,2026-10-05,18,weekday,20,0,20,read
2026-10-05 17:40,milan,rho,6459417,Luggage Storage Pero,2026-10-05,18,weekday,20,0,20,read
2026-10-05 17:40,milan,porta-ticinese,6459398,Luggage Storage Porta Ticinese,2026-10-05,18,weekday,20,0,20,read
2026-10-05 17:40,milan,porta-garibaldi,6459394,Luggage Storage Moscova metro station,2026-10-05,18,weekday,300,0,300,read
2026-10-05 17:40,milan,lambrate,6459387,Luggage Storage Rubattino,2026-10-05,18,weekday,20,0,20,read
2026-10-05 17:40,milan,porta-ticinese,6459373,Luggage Storage Colonne Di S.Lorenzo,2026-10-05,18,weekday,35,0,35,read
2026-10-05 17:40,milan,santa-maria-delle-grazie,6458625,Luggage Storage Bolivar Metro Station,2026-10-05,18,weekday,20,0,20,read
2026-10-05 17:40,milan,santa-maria-delle-grazie,6458624,Luggage Storage Via Solari,2026-10-05,18,weekday,20,0,20,read
2026-10-05 17:40,milan,santa-maria-delle-grazie,6458622,Luggage Storage near Gelsomini Metro Station,2026-10-05,18,weekday,20,0,20,read
2026-10-05 17:40,milan,porta-genova,6458616,Luggage Storage Conca Del Naviglio,2026-10-05,18,weekday,35,0,35,read
2026-10-05 17:40,milan,washington,6458560,Luggage Storage Wagner,2026-10-05,18,weekday,35,0,35,read
2026-10-05 17:40,milan,porta-garibaldi-train-station,6458366,Luggage Storage Porta Romana Railway Station,2026-10-05,18,weekday,20,0,20,read
2026-10-05 17:40,milan,milano-repubblica-station,6458359,Luggage Storage Milano Repubblica Train Station,2026-10-05,18,weekday,100,,,unavailable
2026-10-05 17:40,milan,loreto,6458170,Luggage Storage Loreto / Viale Abruzzi,2026-10-05,18,weekday,20,2,18,read
2026-10-05 17:40,milan,cairoli-subway-station,6458142,Luggage Storage Cairoli Metro Station,2026-10-05,18,weekday,45,0,45,read
2026-10-05 17:40,milan,milan-centrale-railway-station,6458107,Luggage Storage Scarlatti / Centrale,2026-10-05,18,weekday,20,0,20,read
2026-10-05 17:40,milan,guastalla,6458041,Luggage Storage Piazza 5 Giornate,2026-10-05,18,weekday,20,1,19,read
2026-10-05 17:40,milan,crescenzago,6457848,Luggage Storage Via Padova,2026-10-05,18,weekday,10,0,10,read
2026-10-05 17:40,milan,niguarda,6457565,Luggage Storage Milan Segnano,2026-10-05,18,weekday,20,0,20,read
2026-10-05 17:40,milan,porta-romana,6457366,Luggage Storage near Vittorio Formentano Park,2026-10-05,18,weekday,20,0,20,read
2026-10-05 17:40,milan,china-town,6457329,Luggage Storage Porta Volta,2026-10-05,18,weekday,20,0,20,read
2026-10-05 17:40,milan,san-siro-stadium,6457232,Luggage Storage San Siro Stadium Metro Station,2026-10-05,18,weekday,35,0,35,read
2026-10-05 17:40,milan,milan-centrale-railway-station,6456714,Luggage Storage near Mercato Centrale Milano,2026-10-05,18,weekday,50,0,50,read
2026-10-05 17:40,milan,milan-centrale-railway-station,6456603,Luggage Storage Milano Centrale / Tonale,2026-10-05,18,weekday,25,0,25,read
2026-10-05 17:40,milan,zone-7-of-milan,6456472,Luggage Storage Via Paravia,2026-10-05,18,weekday,20,0,20,read
2026-10-05 17:40,milan,via-visconti-di-modrone,6456414,Luggage Storage Palestro Metro Station,2026-10-05,18,weekday,25,0,25,read
2026-10-05 17:40,milan,porta-genova,6456385,Luggage Storage Vetra Metro Station,2026-10-05,18,weekday,45,0,45,read
2026-10-05 17:40,milan,malpensa-airport,6454307,Luggage Storage Corso Magenta,2026-10-05,18,weekday,100,0,100,read
2026-10-05 17:40,milan,milan-centrale-railway-station,6452789,Luggage Storage Settembrini / Caiazzo,2026-10-05,18,weekday,50,0,50,read
2026-10-05 17:40,milan,milan-centrale-railway-station,6452762,Luggage Storage Milano Centrale / Via Ponte Seveso,2026-10-05,18,weekday,55,7,48,read
2026-10-05 17:40,milan,loreto,6452657,Luggage Storage near Milan Centrale Railway Station,2026-10-05,18,weekday,30,0,30,read
2026-10-05 17:40,milan,porta-venezia,6452268,Luggage Storage Milano Risorgimento,2026-10-05,18,weekday,30,2,28,read
2026-10-05 17:40,milan,milan-centrale-railway-station,6452249,Luggage Storage Largo Rio De Janeiro,2026-10-05,18,weekday,25,0,25,read
2026-10-05 17:40,milan,lambrate,6452238,Luggage Storage near Politecnico Di Milano,2026-10-05,18,weekday,15,0,15,read
2026-10-05 17:40,milan,porta-venezia,6452094,Luggage Storage Milano Porta Vittoria,2026-10-05,18,weekday,35,0,35,read
2026-10-05 17:40,milan,milan-centrale-railway-station,6452075,Luggage Storage near Argonne Metro Station,2026-10-05,18,weekday,20,0,20,read
2026-10-05 17:40,milan,bullona,6452074,Luggage Storage Canonica / Corso Sempione,2026-10-05,18,weekday,25,2,23,read
2026-10-05 17:40,milan,casoretto,6452068,Luggage Storage Via Porpora / Casoretto,2026-10-05,18,weekday,10,1,9,read
2026-10-05 17:40,milan,villapizzone-railway-station,6451947,Luggage Storage Piazza Schiavone / Bovisa,2026-10-05,18,weekday,25,0,25,read
2026-10-05 17:40,milan,bullona,6451708,Luggage Storage Cenisio Metro Station,2026-10-05,18,weekday,100,0,100,read
2026-10-05 17:40,milan,milan-centrale-railway-station,6451399,Luggage Storage Museo Delle Illusioni,2026-10-05,18,weekday,30,0,30,read
2026-10-05 17:40,milan,piazza-gae-aulenti,6451041,Luggage Storage Milano Centrale / Via Tonale,2026-10-05,18,weekday,40,0,40,read
2026-10-05 17:40,milan,cologno-monzese,6262,Luggage Storage Cologno Sud,2026-10-05,18,weekday,100,0,100,read
2026-10-05 17:40,milan,lambrate,6255,Luggage Storage Lambrate Metro Station,2026-10-05,18,weekday,30,0,30,read
2026-10-05 17:40,milan,rogoredo-train-station,6212,Luggage Storage Milan Rogoredo,2026-10-05,18,weekday,50,0,50,read
2026-10-05 17:40,milan,casoretto,6081,Luggage Storage Piola Metro Station,2026-10-05,18,weekday,30,0,30,read
2026-10-05 17:40,milan,milan-centrale-railway-station,5778,Luggage Storage Vtrans Milano,2026-10-05,18,weekday,30,0,30,read
2026-10-05 17:40,milan,citylife,5775,Luggage Storage Lotto Metro Station,2026-10-05,18,weekday,25,0,25,read
2026-10-05 17:40,milan,milan-centrale-railway-station,5505,Luggage Storage near Milan Centrale Station,2026-10-05,18,weekday,40,0,40,read
2026-10-05 17:40,milan,china-town,5385,Luggage Storage Chinatown,2026-10-05,18,weekday,35,0,35,read
2026-10-05 17:40,milan,cerchiate,5084,Luggage Storage Cerchiate,2026-10-05,18,weekday,15,0,15,read
2026-10-05 17:40,milan,porta-romana,3083,Luggage Storage Porta Romana,2026-10-05,18,weekday,15,0,15,read
2026-10-05 17:40,milan,porta-romana,10022,Luggage Storage Brenta,2026-10-05,18,weekday,25,0,25,read
2026-10-05 17:40,naples,naples-centrale-train-station,188,Luggage Storage Naples Centrale,2026-10-05,18,weekday,300,0,300,read
2026-10-05 17:40,naples,naples-city-center,4186,Luggage Storage Naples Toledo Metro Station,2026-10-05,18,weekday,40,0,40,read
2026-10-05 17:40,naples,naples-centrale-train-station,1835,Luggage Storage Naples Train Station,2026-10-05,18,weekday,45,0,45,read
2026-10-05 17:40,naples,napoli-port,5226,Luggage Storage Castel Nuovo,2026-10-05,18,weekday,10,0,10,read
2026-10-05 17:40,naples,naples-centrale-train-station,5009,Luggage Storage Napoli P. Garibaldi Station,2026-10-05,18,weekday,45,4,41,read
2026-10-05 17:40,naples,naples-city-center,5681,Luggage Storage near Sansevero Chapel,2026-10-05,18,weekday,50,0,50,read
2026-10-05 17:40,naples,quartieri-spagnoli,6739,Luggage Storage near Galleria Umberto I,2026-10-05,18,weekday,45,1,44,read
2026-10-05 17:40,naples,naples-centrale-train-station,6458539,Luggage Storage Napoli Centrale,2026-10-05,18,weekday,70,0,70,read
2026-10-05 17:40,naples,dante,6470046,Luggage Storage near Dante Metro Station,2026-10-05,18,weekday,20,0,20,read
2026-10-05 17:40,naples,centro-storico,9563,Luggage Storage Piazza Cavour Metro Station,2026-10-05,18,weekday,50,0,50,read
2026-10-05 17:40,naples,naples-centrale-train-station,9407,Luggage Storage Garibaldi - Principe Umberto,2026-10-05,18,weekday,10,0,10,read
2026-10-05 17:40,naples,dante,9271,Luggage Storage Dante Metro Station,2026-10-05,18,weekday,30,0,30,read
2026-10-05 17:40,naples,naples-centrale-train-station,9254,Luggage Storage near Naples Centrale Railway Station,2026-10-05,18,weekday,25,0,25,read
2026-10-05 17:40,naples,napoli-porta-nolana,9071,Luggage Storage Duomo / Corso Umberto I,2026-10-05,18,weekday,60,0,60,read
2026-10-05 17:40,naples,vicaria,9003,Luggage Storage Arenaccia,2026-10-05,18,weekday,35,0,35,read
2026-10-05 17:40,naples,quartieri-spagnoli,8912,Luggage Storage Toledo / Quartieri Spagnoli,2026-10-05,18,weekday,50,0,50,read
2026-10-05 17:40,naples,napoli-porta-nolana,8419,Luggage Storage Duomo Metro Station,2026-10-05,18,weekday,50,0,50,read
2026-10-05 17:40,naples,naples-cathedral,804,Luggage Storage Roman Theater Of Neapolis,2026-10-05,18,weekday,30,0,30,read
2026-10-05 17:40,naples,naples-centrale-train-station,7899,Luggage Storage Via Palermo,2026-10-05,18,weekday,100,0,100,read
2026-10-05 17:40,naples,vomero,7875,Luggage Storage Stadio Collana,2026-10-05,18,weekday,40,0,40,read
2026-10-05 17:40,naples,naples-centrale-train-station,7182,Luggage Storage Piazza Garibaldi Metro Station,2026-10-05,18,weekday,50,0,50,read
2026-10-05 17:40,naples,posillipo,6721,Luggage Storage Posillipo,2026-10-05,18,weekday,50,0,50,read
2026-10-05 17:40,naples,mergellina-port,6717,Luggage Storage Via Piedigrotta,2026-10-05,18,weekday,50,0,50,read
2026-10-05 17:40,naples,naples-centrale-train-station,6712,Luggage Storage Naples Bus Station,2026-10-05,18,weekday,50,0,50,read
2026-10-05 17:40,naples,dante,6474128,Luggage Storage near Via Toledo,2026-10-05,18,weekday,40,1,39,read
2026-10-05 17:40,naples,bagnoli-agnano-terme,6473631,Luggage Storage Bagnoli Station,2026-10-05,18,weekday,30,0,30,read
2026-10-05 17:40,naples,vomero,6473629,Luggage Storage Arenella,2026-10-05,18,weekday,20,0,20,read
2026-10-05 17:40,naples,mergellina-port,6473529,Luggage Storage Chiaia / Arco Mirelli,2026-10-05,18,weekday,40,0,40,read
2026-10-05 17:40,naples,dante,6473515,Luggage Storage Dante Metro,2026-10-05,18,weekday,100,0,100,read
2026-10-05 17:40,naples,municipio,6473514,Luggage Storage near Naples Underground,2026-10-05,18,weekday,10,0,10,read
2026-10-05 17:40,naples,municipio,6473501,Luggage Storage near Acerra Station,2026-10-05,18,weekday,50,0,50,read
2026-10-05 17:40,naples,vomero,6473440,Luggage Storage Piazza Degli Artisti,2026-10-05,18,weekday,30,0,30,read
2026-10-05 17:40,naples,municipio,6473140,Luggage Storage De Cesare / Naples Underground,2026-10-05,18,weekday,10,0,10,read
2026-10-05 17:40,naples,napoli-porta-nolana,6473026,Luggage Storage Ranieri / Garibaldi,2026-10-05,18,weekday,10,0,10,read
2026-10-05 17:40,naples,universita,6472965,Luggage Storage Corso Umberto / Università,2026-10-05,18,weekday,15,0,15,read
2026-10-05 17:40,naples,municipio,6471162,Luggage Storage Port of Naples,2026-10-05,18,weekday,100,1,99,read
2026-10-05 17:40,naples,municipio,6471071,Luggage Storage Galleria Umberto I,2026-10-05,18,weekday,50,0,50,read
2026-10-05 17:40,naples,naples-centrale-train-station,6470853,Luggage Storage Corso Umberto / Porta Nolana,2026-10-05,18,weekday,100,0,100,read
2026-10-05 17:40,naples,municipio,6470807,Luggage Storage Piazza Plebiscito,2026-10-05,18,weekday,50,0,50,read
2026-10-05 17:40,naples,napoli-porta-nolana,6470755,Luggage Storage Piazzetta Forcella,2026-10-05,18,weekday,20,0,20,read
2026-10-05 17:40,naples,vomero,6470744,Luggage Storage Viale Michelangelo,2026-10-05,18,weekday,50,0,50,read
2026-10-05 17:40,naples,mergellina-port,6470131,Luggage Storage Piedigrotta - Torretta,2026-10-05,18,weekday,100,0,100,read
2026-10-05 17:40,naples,via-chiaia,6470110,Luggage Storage Chiaia,2026-10-05,18,weekday,100,0,100,read
2026-10-05 17:40,naples,via-chiaia,6470080,Luggage Storage Napoli Sotterranea,2026-10-05,18,weekday,20,0,20,read
2026-10-05 17:40,naples,via-chiaia,6470069,Luggage Storage Arco Mirelli Metro Station,2026-10-05,18,weekday,10,0,10,read
2026-10-05 17:40,naples,via-toledo,6470059,Luggage Storage Toledo Metro Station,2026-10-05,18,weekday,50,1,49,read
2026-10-05 17:40,naples,dante,6470045,Luggage Storage Montesanto,2026-10-05,18,weekday,30,0,30,read
2026-10-05 17:40,naples,naples-centrale-train-station,6467993,Luggage Storage Naples Centrale / Via Firenze,2026-10-05,18,weekday,40,0,40,read
2026-10-05 17:40,naples,via-toledo,6462124,Luggage Storage Via Toledo,2026-10-05,18,weekday,30,0,30,read
2026-10-05 17:40,naples,universita,6461871,Luggage Storage Molo Immacolatella Vecchia,2026-10-05,18,weekday,30,4,26,read
2026-10-05 17:40,naples,napoli-porta-nolana,6461598,Luggage Storage Napoli Centrale / Poerio,2026-10-05,18,weekday,100,0,100,read
2026-10-05 17:40,naples,naples-centrale-train-station,6461594,Luggage Storage Garibaldi / Principe Umberto,2026-10-05,18,weekday,60,0,60,read
2026-10-05 17:40,naples,naples-centrale-train-station,6461549,Luggage Storage Garibaldi - Volturno,2026-10-05,18,weekday,100,0,100,read
2026-10-05 17:40,naples,naples-centrale-train-station,6460818,Luggage Storage Napoli Centrale / Via Bologna,2026-10-05,18,weekday,100,0,100,read
2026-10-05 17:40,naples,piazza-cavour,6460747,Luggage Storage San Giovanni a Carbonara,2026-10-05,18,weekday,50,1,49,read
2026-10-05 17:40,naples,municipio,6460731,Luggage Storage Piazza Municipio,2026-10-05,18,weekday,20,2,18,read
2026-10-05 17:40,naples,napoli-porta-nolana,6460717,Luggage Storage Vespucci - Lucci,2026-10-05,18,weekday,15,0,15,read
2026-10-05 17:40,naples,universita,6460709,Luggage Storage near University Federico II,2026-10-05,18,weekday,100,0,100,read
2026-10-05 17:40,naples,naples-centrale-train-station,6460339,Luggage Storage Napoli Centrale / Corso Meridionale,2026-10-05,18,weekday,100,0,100,read
2026-10-05 17:40,naples,napoli-porta-nolana,6458722,Luggage Storage near Garibaldi,2026-10-05,18,weekday,50,0,50,read
2026-10-05 17:40,naples,centro-storico,6458639,Luggage Storage Naples Duomo,2026-10-05,18,weekday,20,0,20,read
2026-10-05 17:40,naples,naples-centrale-train-station,6458088,Luggage Storage Napoli Centrale Train Station,2026-10-05,18,weekday,40,1,39,read
2026-10-05 17:40,naples,porta-capuana,6457911,Luggage Storage Porta Capuana,2026-10-05,18,weekday,50,0,50,read
2026-10-05 17:40,naples,vomero,6457143,Luggage Storage near Salvator Rosa,2026-10-05,18,weekday,20,0,20,read
2026-10-05 17:40,naples,centro-storico,6456326,Luggage Storage near Sansevero Chapel Museum,2026-10-05,18,weekday,50,0,50,read
2026-10-05 17:40,naples,pomigliano-darco,6456322,Luggage Storage Pomigliano Public Park,2026-10-05,18,weekday,40,0,40,read
2026-10-05 17:40,naples,centro-storico,6456095,Luggage Storage Garibaldi / Porta Nolana,2026-10-05,18,weekday,20,0,20,read
2026-10-05 17:40,naples,naples-centrale-train-station,6454591,Luggage Storage Metropark Terminal Bus Station,2026-10-05,18,weekday,100,2,98,read
2026-10-05 17:40,naples,naples-city-center,6454538,Luggage Storage Montesanto Train Station,2026-10-05,18,weekday,50,0,50,read
2026-10-05 17:40,naples,napoli-porta-nolana,6454355,Luggage Storage Napoli Porta Nolana,2026-10-05,18,weekday,30,0,30,read
2026-10-05 17:40,naples,miano,6452747,Luggage Storage Miano,2026-10-05,18,weekday,100,0,100,read
2026-10-05 17:40,naples,rione-sanita,6452507,Luggage Storage Via Arenaccia,2026-10-05,18,weekday,50,0,50,read
2026-10-05 17:40,naples,centro-storico,6451783,Luggage Storage near Naples Archaeological Museum,2026-10-05,18,weekday,25,0,25,read
2026-10-05 17:40,naples,via-toledo,6451707,Luggage Storage Naples Ferry Terminal,2026-10-05,18,weekday,55,0,55,read
2026-10-05 17:40,naples,rione-sanita,6451396,Luggage Storage Rione Amicizia,2026-10-05,18,weekday,10,0,10,read
2026-10-05 17:40,naples,napoli-porta-nolana,6451372,Luggage Storage Piazza Principe Umberto,2026-10-05,18,weekday,50,0,50,read
2026-10-05 17:40,naples,dante,6451213,Luggage Storage Napoli Piazza Dante,2026-10-05,18,weekday,25,0,25,read
2026-10-05 17:40,naples,santa-lucia,6451165,Luggage Storage Via Santa Lucia,2026-10-05,18,weekday,20,0,20,read
2026-10-05 17:40,naples,napoli-porta-nolana,6451082,Luggage Storage Università Metro Station,2026-10-05,18,weekday,23,0,23,read
2026-10-05 17:40,naples,porta-capuana,6451076,Luggage Storage Metropark Napoli Centrale,2026-10-05,18,weekday,90,0,90,read
2026-10-05 17:40,naples,rione-sanita,6436,Luggage Storage Rione Sanità,2026-10-05,18,weekday,20,0,20,read
2026-10-05 17:40,naples,naples-city-center,5972,Luggage Storage Diana Theatre,2026-10-05,18,weekday,15,0,15,read
2026-10-05 17:40,naples,santa-lucia,5763,Luggage Storage Santa Lucia,2026-10-05,18,weekday,100,0,100,read
2026-10-05 17:40,naples,naples-cathedral,5702,Luggage Storage Napoli Piazza Cavour Transit Station,2026-10-05,18,weekday,35,3,32,read
2026-10-05 17:40,naples,naples-city-center,5468,Luggage Storage near Chiostro Di Santa Chiara,2026-10-05,18,weekday,50,0,50,read
2026-10-05 17:40,naples,universita,5195,Luggage Storage near Duomo Metro Station,2026-10-05,18,weekday,50,0,50,read
2026-10-05 17:40,naples,naples-airport,5163,Luggage Storage Naples Airport,2026-10-05,18,weekday,200,6,194,read
2026-10-05 17:40,naples,naples-centrale-train-station,5046,Luggage Storage Napoli Piazza Garibaldi,2026-10-05,18,weekday,50,0,50,read
2026-10-05 17:40,naples,naples-city-center,5040,Luggage Storage Piazza Cavour Station,2026-10-05,18,weekday,10,0,10,read
2026-10-05 17:40,naples,fuorigrotta,5037,Luggage Storage Fuorigrotta,2026-10-05,18,weekday,20,0,20,read
2026-10-05 17:40,naples,porta-capuana,4651,Luggage Storage Via Foria,2026-10-05,18,weekday,50,0,50,read
2026-10-05 17:40,naples,naples-centrale-train-station,4278,Luggage Storage Naples Piazza Garibaldi,2026-10-05,18,weekday,50,0,50,read
2026-10-05 17:40,naples,quattro-giornate-station,3952,Luggage Storage Quattro Giornate Station,2026-10-05,18,weekday,50,0,50,read
2026-10-05 17:40,naples,universita,3694,Luggage Storage Università Station,2026-10-05,18,weekday,20,0,20,read
2026-10-05 17:40,naples,san-lorenzo,3045,Luggage Storage Naples Underground,2026-10-05,18,weekday,20,0,20,read
2026-10-05 17:40,florence,santa-maria-novella,884,Luggage Storage Santa Maria Novella,2026-10-05,18,weekday,140,29,111,read
2026-10-05 17:40,florence,santa-maria-novella,6461689,Luggage Storage Galleria Commerciale Santa Maria Novella,2026-10-05,18,weekday,125,4,121,read
2026-10-05 17:40,florence,santa-maria-novella,2262,Luggage Storage Florence Train Station,2026-10-05,18,weekday,100,1,99,read
2026-10-05 17:40,florence,duomo,5001,Luggage Storage Florence Cathedral,2026-10-05,18,weekday,50,0,50,read
2026-10-05 17:40,florence,battistero-di-san-giovanni,6662,Luggage Storage Riccardi Medici Palace,2026-10-05,18,weekday,30,0,30,read
2026-10-05 17:40,florence,via-dell-albero,6453618,Luggage Storage Firenze Basilica Santa Maria Novella,2026-10-05,18,weekday,70,0,70,read
2026-10-05 17:40,florence,campo-di-marte,6458764,Luggage Storage Artemio Franchi Stadium,2026-10-05,18,weekday,35,0,35,read
2026-10-05 17:40,florence,basilica-of-santa-maria-novella,6459632,Luggage Storage Duomo of Florence,2026-10-05,18,weekday,10,1,9,read
2026-10-05 17:40,florence,pitti,3272,Luggage Storage near Pitti Palace,2026-10-05,18,weekday,50,0,50,read
2026-10-05 17:40,florence,santa-croce,6459634,Luggage Storage near Piazza della Signoria,2026-10-05,18,weekday,50,0,50,read
2026-10-05 17:40,florence,san-lorenzo,6661,Luggage Storage Central Market Square,2026-10-05,18,weekday,100,2,98,read
2026-10-05 17:40,florence,campo-di-marte,6461693,Luggage Storage Campo Marte Station,2026-10-05,18,weekday,35,0,35,read
2026-10-05 17:40,florence,san-marco-florence,9349,Luggage Storage Piazza San Marco,2026-10-05,18,weekday,25,0,25,read
2026-10-05 17:40,florence,san-lorenzo,9317,Luggage Storage Via Guelfa / Mercato Centrale,2026-10-05,18,weekday,30,0,30,read
2026-10-05 17:40,florence,rifredi,9286,Luggage Storage near Rifredi Railway Station,2026-10-05,18,weekday,10,0,10,read
2026-10-05 17:40,florence,rifredi,9282,Luggage Storage Piazza Dalmazia,2026-10-05,18,weekday,25,0,25,read
2026-10-05 17:40,florence,via-de-boni,8054,Luggage Storage Basilica Di San Lorenzo,2026-10-05,18,weekday,30,0,30,read
2026-10-05 17:40,florence,basilica-of-santa-maria-novella,6708,Luggage Storage Piazza Della Indipendenza,2026-10-05,18,weekday,15,0,15,read
2026-10-05 17:40,florence,basilica-di-santo-spirito,6693,Luggage Storage near Museo Novecento,2026-10-05,18,weekday,35,0,35,read
2026-10-05 17:40,florence,santa-croce,6473579,Luggage Storage near Uffizi Galleries,2026-10-05,18,weekday,25,0,25,read
2026-10-05 17:40,florence,santa-maria-novella,6471146,Luggage Storage Via Faenza / SMN,2026-10-05,18,weekday,30,0,30,read
2026-10-05 17:40,florence,santa-maria-novella,6471100,Luggage Storage Via Sant'Antonino,2026-10-05,18,weekday,10,0,10,read
2026-10-05 17:40,florence,santo-spirito,6471019,Luggage Storage Palazzo Pitti,2026-10-05,18,weekday,50,0,50,read
2026-10-05 17:40,florence,san-lorenzo,6470899,Luggage Storage Mercato Centrale Firenze,2026-10-05,18,weekday,30,0,30,read
2026-10-05 17:40,florence,porta-al-prato,6470874,Luggage Storage Porta al Prato,2026-10-05,18,weekday,100,0,100,read
2026-10-05 17:40,florence,santa-croce,6470821,Luggage Storage Santa Croce Church,2026-10-05,18,weekday,40,0,40,read
2026-10-05 17:40,florence,san-lorenzo,6470655,Luggage Storage San Lorenzo,2026-10-05,18,weekday,20,0,20,read
2026-10-05 17:40,florence,basilica-of-santa-maria-novella,6469938,Luggage Storage near Strozzi Palace,2026-10-05,18,weekday,30,0,30,read
2026-10-05 17:40,florence,santa-maria-novella,6469294,Luggage Storage San Frediano,2026-10-05,18,weekday,50,0,50,read
2026-10-05 17:40,florence,santa-croce,6467881,Luggage Storage near Sant'Ambrogio,2026-10-05,18,weekday,30,0,30,read
2026-10-05 17:40,florence,basilica-of-santa-maria-novella,6461934,Luggage Storage Via Ghibellina,2026-10-05,18,weekday,20,0,20,read
2026-10-05 17:40,florence,san-marco-florence,6461687,Luggage Storage Via Nazionale,2026-10-05,18,weekday,20,0,20,read
2026-10-05 17:40,florence,santa-maria-novella,6460996,Luggage Storage Smn Station / Largo Alinari,2026-10-05,18,weekday,100,2,98,read
2026-10-05 17:40,florence,basilica-of-santa-maria-novella,6460614,Luggage Storage Via Guelfa / Piazza San Marco,2026-10-05,18,weekday,30,0,30,read
2026-10-05 17:40,florence,santa-croce,6460461,Luggage Storage near Museum Of Illusions Florence,2026-10-05,18,weekday,35,0,35,read
2026-10-05 17:40,florence,santa-croce,6460434,Luggage Storage near Verdi Theatre,2026-10-05,18,weekday,35,0,35,read
2026-10-05 17:40,florence,santa-croce,6459866,Luggage Storage near Casa Buonarroti,2026-10-05,18,weekday,30,0,30,read
2026-10-05 17:40,florence,santo-spirito,6458479,Luggage Storage Ponte Vecchio,2026-10-05,18,weekday,40,0,40,read
2026-10-05 17:40,florence,porta-al-prato,6458372,Luggage Storage Via Baracca,2026-10-05,18,weekday,20,0,20,read
2026-10-05 17:40,florence,san-marco-florence,6458364,Luggage Storage Firenze San Marco,2026-10-05,18,weekday,20,0,20,read
2026-10-05 17:40,florence,santa-maria-novella,6458362,Luggage Storage near Florence Train Station,2026-10-05,18,weekday,30,7,23,read
2026-10-05 17:40,florence,santa-maria-novella,6458274,Luggage Storage Via Guelfa,2026-10-05,18,weekday,40,0,40,read
2026-10-05 17:40,florence,santa-maria-novella,6458270,Luggage Storage Santa Maria Novella Square,2026-10-05,18,weekday,10,0,10,read
2026-10-05 17:40,florence,district-1,6458204,Luggage Storage San Jacopino,2026-10-05,18,weekday,20,0,20,read
2026-10-05 17:40,florence,piazza-torquato-tasso,6458194,Luggage Storage Tasso Square,2026-10-05,18,weekday,35,0,35,read
2026-10-05 17:40,florence,porta-al-prato,6458173,Luggage Storage Porta Al Prato Railway Station,2026-10-05,18,weekday,20,0,20,read
2026-10-05 17:40,florence,stazione-via-panzani,6457073,Luggage Storage Medici Chapel,2026-10-05,18,weekday,30,0,30,read
2026-10-05 17:40,florence,florence-airport,6457071,Luggage Storage Via Reginaldo Giuliani,2026-10-05,18,weekday,30,0,30,read
2026-10-05 17:40,florence,basilica-of-santa-maria-novella,6457002,Luggage Storage Rosselli / Florence SMN,2026-10-05,18,weekday,40,0,40,read
2026-10-05 17:40,florence,florence-mercato-centrale,6456979,Luggage Storage near Market Central Square,2026-10-05,18,weekday,15,0,15,read
2026-10-05 17:40,florence,san-niccolo,6456271,Luggage Storage Viale Amendola,2026-10-05,18,weekday,25,0,25,read
2026-10-05 17:40,florence,santa-croce,6456146,Luggage Storage Pietrapiana / Salvemini,2026-10-05,18,weekday,30,0,30,read
2026-10-05 17:40,florence,fortezza-dal-basso,6454818,Luggage Storage Indipendenza / Ridolfi,2026-10-05,18,weekday,30,0,30,read
2026-10-05 17:40,florence,porta-al-prato,6435,Luggage Storage Piazza Della Stazione,2026-10-05,18,weekday,30,0,30,read
2026-10-05 17:40,florence,florence-city-center,4353,Luggage Storage near Sant'ambrogio Market,2026-10-05,18,weekday,20,0,20,read
2026-10-05 17:40,florence,santa-maria-novella,3216,Luggage Storage San Marco Square,2026-10-05,18,weekday,20,0,20,read
2026-10-05 17:40,florence,scandicci,100,Luggage Storage Scandicci,2026-10-05,18,weekday,300,0,300,read
2026-10-05 17:40,turin,museo-pietro-micca,7213,Luggage Storage Porta Susa Railway Station,2026-10-05,18,weekday,95,7,88,read
2026-10-05 17:40,turin,egyptian-museum,3013,Luggage Storage Egyptian Museum,2026-10-05,18,weekday,75,0,75,read
2026-10-05 17:40,turin,cit-turin,332,Luggage Storage Porta Susa,2026-10-05,18,weekday,300,0,300,read
2026-10-05 17:40,turin,stazione-porta-nuova,8889,Luggage Storage Porta Nuova Railway Station,2026-10-05,18,weekday,110,0,110,read
2026-10-05 17:40,turin,stazione-porta-nuova,7814,Luggage Storage Porta Nuova Train Station,2026-10-05,18,weekday,55,1,54,read
2026-10-05 17:40,turin,allianz-stadium,2987,Luggage Storage Juventus Stadium,2026-10-05,18,weekday,100,0,100,read
2026-10-05 17:40,turin,stazione-porta-nuova,3071,Luggage Storage Porta Nuova,2026-10-05,18,weekday,50,0,50,read
2026-10-05 17:40,turin,quadrilatero-romano,7178,Luggage Storage Porta Susa Train Station,2026-10-05,18,weekday,50,0,50,read
2026-10-05 17:40,turin,piazza-castello,8894,Luggage Storage Via Xx Settembre / Bertola,2026-10-05,18,weekday,55,4,51,read
2026-10-05 17:40,turin,porta-palazzo-market,7866,Luggage Storage Santuario Della Consolata,2026-10-05,18,weekday,100,0,100,read
2026-10-05 17:40,turin,stazione-porta-nuova,6459711,Luggage Storage Porta Nuova / Marconi,2026-10-05,18,weekday,35,0,35,read
2026-10-05 17:40,turin,national-cinema-museum,6451106,Luggage Storage Mole Di Torino,2026-10-05,18,weekday,30,0,30,read
2026-10-05 17:40,turin,galleria-sabauda,9143,Luggage Storage Xviii Dicembre Metro Station,2026-10-05,18,weekday,20,0,20,read
2026-10-05 17:40,turin,lingotto-fiere,8901,Luggage Storage Lingotto Metro Station,2026-10-05,18,weekday,50,0,50,read
2026-10-05 17:40,turin,palazzo-reale,8898,Luggage Storage Chapel Of The Merchants,2026-10-05,18,weekday,30,0,30,read
2026-10-05 17:40,turin,aurora,8891,Luggage Storage Corso Giulio Cesare / Ponte Mosca,2026-10-05,18,weekday,20,0,20,read
2026-10-05 17:40,turin,piazza-vittorio-veneto,8876,Luggage Storage Chiesa Di Santa Giulia,2026-10-05,18,weekday,20,0,20,read
2026-10-05 17:40,turin,city-center,8867,Luggage Storage Via Nizza,2026-10-05,18,weekday,25,0,25,read
2026-10-05 17:40,turin,torino-porta-susa,8858,Luggage Storage Corso Palermo,2026-10-05,18,weekday,10,0,10,read
2026-10-05 17:40,turin,torino-porta-susa,8843,Luggage Storage Re Umberto Metro Station,2026-10-05,18,weekday,35,0,35,read
2026-10-05 17:40,turin,crocetta,8687,Luggage Storage Corso Mediterraneo,2026-10-05,18,weekday,25,0,25,read
2026-10-05 17:40,turin,barriera-di-milano,8657,Luggage Storage Corso Giulio Cesare,2026-10-05,18,weekday,10,0,10,read
2026-10-05 17:40,turin,barriera-di-milano,8654,Luggage Storage Giardino Giuseppe Saragat,2026-10-05,18,weekday,10,0,10,read
2026-10-05 17:40,turin,stazione-porta-nuova,8621,Luggage Storage Borgo San Paolo,2026-10-05,18,weekday,10,0,10,read
2026-10-05 17:40,turin,parco-del-valentino,7793,Luggage Storage Corso Marconi,2026-10-05,18,weekday,10,0,10,read
2026-10-05 17:40,turin,stazione-porta-nuova,7760,Luggage Storage Castello Del Valentino,2026-10-05,18,weekday,30,0,30,read
2026-10-05 17:40,turin,stazione-porta-nuova,6473147,Luggage Storage Assietta / Porta Nuova,2026-10-05,18,weekday,50,0,50,read
2026-10-05 17:40,turin,stazione-porta-nuova,6473141,Luggage Storage Madama Cristina Bus Stop,2026-10-05,18,weekday,20,0,20,read
2026-10-05 17:40,turin,city-center,6472386,Luggage Storage Rossini Tram Stop,2026-10-05,18,weekday,40,0,40,read
2026-10-05 17:40,turin,stazione-porta-nuova,6470841,Luggage Storage Piazza Madama Cristina,2026-10-05,18,weekday,20,0,20,read
2026-10-05 17:40,turin,torino-porta-susa,6469902,Luggage Storage Piazza Sabotino,2026-10-05,18,weekday,20,0,20,read
2026-10-05 17:40,turin,santa-rita,6467968,Luggage Storage near Inalpi Arena,2026-10-05,18,weekday,35,0,35,read
2026-10-05 17:40,turin,quadrilatero,6467955,Luggage Storage Via Garibaldi,2026-10-05,18,weekday,25,0,25,read
2026-10-05 17:40,turin,lingotto,6467954,Luggage Storage Unione Sovietica / Buenos Aires,2026-10-05,18,weekday,15,0,15,read
2026-10-05 17:40,turin,lingotto,6467873,Luggage Storage Caserma Morelli,2026-10-05,18,weekday,20,0,20,read
2026-10-05 17:40,turin,city-center,6462378,Luggage Storage near Piazza Carlo Alberto,2026-10-05,18,weekday,25,0,25,read
2026-10-05 17:40,turin,lingotto,6460332,Luggage Storage near Torino Lingotto Railway Station,2026-10-05,18,weekday,30,0,30,read
2026-10-05 17:40,turin,cenisia,6456139,Luggage Storage Via Monginevro,2026-10-05,18,weekday,10,0,10,read
2026-10-05 17:40,turin,piazza-statuto,6452006,Luggage Storage Torino Piazza Statuto,2026-10-05,18,weekday,40,0,40,read
2026-10-05 17:40,turin,cenisia,3561,Luggage Storage Cenisia,2026-10-05,18,weekday,100,0,100,read
2026-10-05 17:40,turin,torino-dora,3383,Luggage Storage Torino Dora,2026-10-05,18,weekday,50,0,50,read
2026-10-05 17:40,turin,barriera-di-milano,3023,Luggage Storage Torino Rebaudengo Fossata,2026-10-05,18,weekday,20,0,20,read
2026-10-05 17:40,catania,catania-centrale,6560,Luggage Storage Catania Bus Station,2026-10-05,18,weekday,100,0,100,read
2026-10-05 17:40,catania,city-center,7081,Luggage Storage Fountain Of The Elephant,2026-10-05,18,weekday,40,5,35,read
2026-10-05 17:40,catania,city-center,3024,Luggage Storage Castello Ursino,2026-10-05,18,weekday,25,0,25,read
2026-10-05 17:40,catania,city-center,4344,Luggage Storage Piazza Stesicoro,2026-10-05,18,weekday,50,2,48,read
2026-10-05 17:40,catania,catania-centrale,6452503,Luggage Storage Catania Centrale Train Station,2026-10-05,18,weekday,30,0,30,read
2026-10-05 17:40,catania,city-center,6797,Luggage Storage Stesicoro Metro Station,2026-10-05,18,weekday,30,0,30,read
2026-10-05 17:40,catania,catania-centrale,7066,Luggage Storage Catania Railway Station,2026-10-05,18,weekday,20,0,20,read
2026-10-05 17:40,catania,city-center,7058,Luggage Storage Monastery Of San Nicolò L'arena,2026-10-05,18,weekday,25,0,25,read
2026-10-05 17:40,catania,catania-centrale,6577,Luggage Storage Via Archimede,2026-10-05,18,weekday,100,0,100,read
2026-10-05 17:40,catania,city-center,6473509,Luggage Storage Via Lago di Nicito,2026-10-05,18,weekday,10,0,10,read
2026-10-05 17:40,catania,city-center,6473139,Luggage Storage Ursino Castle,2026-10-05,18,weekday,50,0,50,read
2026-10-05 17:40,catania,catania-airport,6471153,Luggage Storage Catania Airport Area,2026-10-05,18,weekday,100,1,99,read
2026-10-05 17:40,catania,city-center,6471007,Luggage Storage Piazza Federico di Svevia,2026-10-05,18,weekday,25,0,25,read
2026-10-05 17:40,catania,porta-garibaldi,6470901,Luggage Storage near Castello Ursino,2026-10-05,18,weekday,50,0,50,read
2026-10-05 17:40,catania,city-center,6470896,Luggage Storage Greek - Roman Theatre,2026-10-05,18,weekday,30,0,30,read
2026-10-05 17:40,catania,porta-garibaldi,6461808,Luggage Storage Piazza del Risorgimento,2026-10-05,18,weekday,40,0,40,read
2026-10-05 17:40,catania,borgo-sanzio,6460804,Luggage Storage near Villa Bellini,2026-10-05,18,weekday,30,0,30,read
2026-10-05 17:40,catania,borgo-sanzio,6460361,Luggage Storage near Catania Stadium,2026-10-05,18,weekday,20,0,20,read
2026-10-05 17:40,catania,catania-centrale,6460060,Luggage Storage Catania Centrale Railway Station,2026-10-05,18,weekday,80,0,80,read
2026-10-05 17:40,catania,piazza-stesicoro,6459466,Luggage Storage Via Umberto I,2026-10-05,18,weekday,20,0,20,read
2026-10-05 17:40,catania,city-center,6459443,Luggage Storage Catania Porta Garibaldi,2026-10-05,18,weekday,30,0,30,read
2026-10-05 17:40,catania,piazza-stesicoro,6459415,Luggage Storage Etnea Sangiuliano,2026-10-05,18,weekday,20,0,20,read
2026-10-05 17:40,catania,city-center,6459389,Luggage Storage Vittorio Emanuele Ii / Plebiscito,2026-10-05,18,weekday,20,0,20,read
2026-10-05 17:40,catania,city-center,6459381,Luggage Storage near San Cristoforo,2026-10-05,18,weekday,20,0,20,read
2026-10-05 17:40,catania,city-center,6459362,Luggage Storage Catania Stadium,2026-10-05,18,weekday,20,0,20,read
2026-10-05 17:40,catania,borgo-sanzio,6458945,Luggage Storage Orto Botanico di Catania,2026-10-05,18,weekday,20,0,20,read
2026-10-05 17:40,catania,catania-centrale,6458942,Luggage Storage Via Vittorio Emanuele II,2026-10-05,18,weekday,20,3,17,read
2026-10-05 17:40,catania,catania-centrale,6456695,Luggage Storage Catania Bus Terminal,2026-10-05,18,weekday,20,3,17,read
2026-10-05 17:40,catania,university-of-catania,6456575,Luggage Storage near Teatro Massimo Bellini,2026-10-05,18,weekday,50,0,50,read
2026-10-05 17:40,catania,city-center,6456574,Luggage Storage Via Garibaldi,2026-10-05,18,weekday,30,0,30,read
2026-10-05 17:40,catania,catania-airport,6454786,Luggage Storage near Catania Airport,2026-10-05,18,weekday,50,4,46,read
2026-10-05 17:40,catania,city-center,6453899,Luggage Storage Catania Centrale,2026-10-05,18,weekday,35,3,32,read
2026-10-05 17:40,catania,catania-centrale,6452808,Luggage Storage near Catania Porto,2026-10-05,18,weekday,100,0,100,read
2026-10-05 17:40,catania,catania-centrale,6452780,Luggage Storage Giovanni Xxiii Metro Station,2026-10-05,18,weekday,25,0,25,read
2026-10-05 17:40,catania,university-of-catania,6452772,Luggage Storage Catania Porto,2026-10-05,18,weekday,25,0,25,read
2026-10-05 17:40,catania,city-center,6452283,Luggage Storage near Angelo Massimino Stadium,2026-10-05,18,weekday,50,0,50,read
2026-10-05 17:40,catania,borgo-sanzio,4210,Luggage Storage Borgo-sanzio,2026-10-05,18,weekday,150,0,150,read
2026-10-05 17:40,venice,santa-lucia-station,4896,Luggage Storage Venezia Santa Lucia Station,2026-10-05,18,weekday,140,20,120,read
2026-10-05 17:40,venice,rialto,149,Luggage Storage Rialto Bridge,2026-10-05,18,weekday,300,0,300,read
2026-10-05 17:40,venice,san-marco,1078,Luggage Storage San Marco,2026-10-05,18,weekday,45,0,45,read
2026-10-05 17:40,venice,santa-lucia-station,9596,Luggage Storage Venice Railway Station,2026-10-05,18,weekday,100,5,95,read
2026-10-05 17:40,venice,peggy-guggenheim-collection,4912,Luggage Storage S. Maria Del Giglio,2026-10-05,18,weekday,40,0,40,read
2026-10-05 17:40,venice,piazzale-roma,5722,Luggage Storage Piazzale Roma,2026-10-05,18,weekday,100,3,97,read
2026-10-05 17:40,venice,cannaregio,6292,Luggage Storage Ghetto Ebraico,2026-10-05,18,weekday,35,0,35,read
2026-10-05 17:40,venice,dorsoduro,4932,Luggage Storage near Ponte Degli Scalzi,2026-10-05,18,weekday,60,0,60,read
2026-10-05 17:40,venice,piazzale-roma,9579,Luggage Storage Piazzale Roma Terminal Bus,2026-10-05,18,weekday,55,5,50,read
2026-10-05 17:40,venice,biennale,4902,Luggage Storage Campo Bandiera E Moro,2026-10-05,18,weekday,50,0,50,read
2026-10-05 17:40,venice,giudecca,6452766,Luggage Storage Giudecca Palanca,2026-10-05,18,weekday,25,0,25,read
2026-10-05 17:40,venice,san-polo,9621,Luggage Storage Ponte San Polo,2026-10-05,18,weekday,30,0,30,read
2026-10-05 17:40,venice,venice-lido,9617,Luggage Storage Venezia Lido,2026-10-05,18,weekday,25,0,25,read
2026-10-05 17:40,venice,san-marco,9616,Luggage Storage Giardini Della Marinaressa,2026-10-05,18,weekday,25,0,25,read
2026-10-05 17:40,venice,city-center,9580,Luggage Storage Calle Dei Preti,2026-10-05,18,weekday,50,0,50,read
2026-10-05 17:40,venice,san-polo,6473647,Luggage Storage near Venice San Polo,2026-10-05,18,weekday,100,0,100,read
2026-10-05 17:40,venice,cannaregio,6472946,Luggage Storage San Geremia,2026-10-05,18,weekday,15,1,14,read
2026-10-05 17:40,venice,doge-s-palace,6472938,Luggage Storage S. Marco-San Zaccaria 'B',2026-10-05,18,weekday,50,3,47,read
2026-10-05 17:40,venice,cannaregio,6469821,Luggage Storage near Oratory of Crociferi,2026-10-05,18,weekday,100,3,97,read
2026-10-05 17:40,venice,venice-castello,6469788,Luggage Storage Church of Miracoli,2026-10-05,18,weekday,50,0,50,read
2026-10-05 17:40,venice,doge-s-palace,6469768,Luggage Storage Santa Maria Formosa Church,2026-10-05,18,weekday,100,0,100,read
2026-10-05 17:40,venice,constitution-bridge,6457620,Luggage Storage Venice Bus Terminal,2026-10-05,18,weekday,90,1,89,read
2026-10-05 17:40,venice,accademia-gallery,6452230,Luggage Storage Zattere Ferry Terminal,2026-10-05,18,weekday,65,2,63,read
2026-10-05 17:40,venice,venice-marco-polo-airport,6452148,Luggage Storage near Venice Marco Polo Area,2026-10-05,18,weekday,45,0,45,read
2026-10-05 17:40,venice,santa-croce,5723,Luggage Storage near Giardini Papadopoli,2026-10-05,18,weekday,20,0,20,read
2026-10-05 17:40,venice,brondolo,5305,Luggage Storage Brondolo,2026-10-05,18,weekday,200,0,200,read
2026-10-05 17:40,venice,city-center,4914,Luggage Storage San Polo,2026-10-05,18,weekday,20,0,20,read
2026-10-05 17:40,venice,santa-lucia-train-station,2852,Luggage Storage near Venice Bus Station,2026-10-05,18,weekday,15,0,15,read
2026-10-05 17:40,bari,bari-centrale-train-station,233,Luggage Storage Bari Centrale Train Station,2026-10-05,18,weekday,300,0,300,read
2026-10-05 17:40,bari,basilica-san-nicola,2325,Luggage Storage St. Nicholas Cathedral,2026-10-05,18,weekday,30,0,30,read
2026-10-05 17:40,bari,bari-centrale-train-station,6452171,Luggage Storage Bari Centrale Station,2026-10-05,18,weekday,100,4,96,read
2026-10-05 17:40,bari,bari-vecchia,6461890,Luggage Storage Basilica San Nicola,2026-10-05,18,weekday,100,5,95,read
2026-10-05 17:40,bari,bari-centrale-train-station,6455967,Luggage Storage near Castello Svevo Di Bari,2026-10-05,18,weekday,100,2,98,read
2026-10-05 17:40,bari,palazzo-fizzarotti,6459578,Luggage Storage near Palazzo Fizzarotti,2026-10-05,18,weekday,30,0,30,read
2026-10-05 17:40,bari,bari-centrale-train-station,7326,Luggage Storage Bari Centrale Stazione Fs,2026-10-05,18,weekday,35,0,35,read
2026-10-05 17:40,bari,city-center,9646,Luggage Storage near Palazzo Mincuzzi,2026-10-05,18,weekday,100,0,100,read
2026-10-05 17:40,bari,bari-centrale-train-station,9316,Luggage Storage Giardini Di Piazza Umberto I,2026-10-05,18,weekday,20,0,20,read
2026-10-05 17:40,bari,old-town,8639,Luggage Storage Fortino Di Sant'Antonio,2026-10-05,18,weekday,30,0,30,read
2026-10-05 17:40,bari,bari-centrale-train-station,6800,Luggage Storage Bari Train Station,2026-10-05,18,weekday,60,0,60,read
2026-10-05 17:40,bari,bari-centrale-train-station,6470157,Luggage Storage Cavour - Petroni,2026-10-05,18,weekday,100,0,100,read
2026-10-05 17:40,bari,bari-vecchia,6463189,Luggage Storage Crispi-Trevisani,2026-10-05,18,weekday,20,0,20,read
2026-10-05 17:40,bari,bari-centrale-train-station,6462370,Luggage Storage Corso Cavour / Centrale,2026-10-05,18,weekday,20,,,unavailable
2026-10-05 17:40,bari,bari-centrale-train-station,6461837,Luggage Storage Piazza Garibaldi,2026-10-05,18,weekday,35,0,35,read
2026-10-05 17:40,bari,bari-centrale-train-station,6461821,Luggage Storage Sella-Crisanzio,2026-10-05,18,weekday,20,0,20,read
2026-10-05 17:40,bari,bari-centrale-train-station,6460739,Luggage Storage Bari Bus Station,2026-10-05,18,weekday,20,3,17,read
2026-10-05 17:40,bari,bari-centrale-train-station,6460337,Luggage Storage Piazza Umberto I / Station,2026-10-05,18,weekday,100,0,100,read
2026-10-05 17:40,bari,bari-centrale-train-station,6459572,Luggage Storage Via Quintino Sella,2026-10-05,18,weekday,20,0,20,read
2026-10-05 17:40,bari,bari-centrale-train-station,6459558,Luggage Storage near Pinacoteca Metropolitana,2026-10-05,18,weekday,20,0,20,read
2026-10-05 17:40,bari,bari-centrale-train-station,6459542,Luggage Storage Bari Central Railway Station,2026-10-05,18,weekday,20,0,20,read
2026-10-05 17:40,bari,marconi,6457603,Luggage Storage Corso Sidney Sonnino,2026-10-05,18,weekday,20,0,20,read
2026-10-05 17:40,bari,bari-centrale-train-station,6455905,Luggage Storage near Giardini Piazza Umberto I,2026-10-05,18,weekday,10,0,10,read
2026-10-05 17:40,bari,bari-centrale-train-station,6455904,Luggage Storage near Bari Central Railway Station,2026-10-05,18,weekday,10,0,10,read
2026-10-05 17:40,bari,bari-centrale-train-station,6455593,Luggage Storage Piccinni-Cavour,2026-10-05,18,weekday,15,0,15,read
2026-10-05 17:40,bari,madonnella,6455296,Luggage Storage near Corso Sydney Sonnino,2026-10-05,18,weekday,25,0,25,read
2026-10-05 17:40,bari,madonnella,6455103,Luggage Storage near Bari Marconi Station,2026-10-05,18,weekday,55,0,55,read
2026-10-05 17:40,bari,altamura,6455039,Luggage Storage Altamura St Mary'S Cathedral,2026-10-05,18,weekday,10,0,10,read
2026-10-05 17:40,bari,teatro-petruzzelli,6454961,Luggage Storage Largo Eroi Del Mare,2026-10-05,18,weekday,35,0,35,read
2026-10-05 17:40,bari,quartiere-umbertino,6454957,Luggage Storage Quartiere Umbertino,2026-10-05,18,weekday,15,0,15,read
2026-10-05 17:40,bari,marconi,6454617,Luggage Storage near Via Napoli,2026-10-05,18,weekday,50,0,50,read
2026-10-05 17:40,bari,city-center,5825,Luggage Storage Petruzzelli Opera House,2026-10-05,18,weekday,300,0,300,read
2026-10-05 17:40,bari,city-center,5657,Luggage Storage Bari City Center,2026-10-05,18,weekday,100,0,100,read
2026-10-05 17:40,bari,teatro-petruzzelli,5234,Luggage Storage near Teatro Petruzzelli,2026-10-05,18,weekday,60,0,60,read
2026-10-05 17:40,bari,bari-centrale-train-station,3515,Luggage Storage Piazza Umberto I,2026-10-05,18,weekday,15,0,15,read
2026-10-05 17:40,bari,city-center,3420,Luggage Storage City Hall,2026-10-05,18,weekday,20,0,20,read
2026-10-05 17:40,bari,bari-centrale-train-station,2652,Luggage Storage Bari Railway Station,2026-10-05,18,weekday,300,0,300,read
2026-10-05 17:40,bari,fiera-del-levante,1377,Luggage Storage Via Napoli,2026-10-05,18,weekday,30,0,30,read
2026-10-05 17:40,palermo,palermo-centrale,6517,Luggage Storage Palermo Train Station,2026-10-05,18,weekday,90,4,86,read
2026-10-05 17:40,palermo,palermo-centrale,7233,Luggage Storage Palermo Central Station,2026-10-05,18,weekday,45,2,43,read
2026-10-05 17:40,palermo,palermo-city-center,2520,Luggage Storage Aragona Square,2026-10-05,18,weekday,40,0,40,read
2026-10-05 17:40,palermo,port-palermo,9162,Luggage Storage Palermo Notarbartolo Railway Station,2026-10-05,18,weekday,30,1,29,read
2026-10-05 17:40,palermo,palazzo-comitini,7142,Luggage Storage Church Of San Cataldo,2026-10-05,18,weekday,50,6,44,read
2026-10-05 17:40,palermo,palermo-city-center,7040,Luggage Storage Chiesa Del Gesù Di Casa Professa,2026-10-05,18,weekday,45,0,45,read
2026-10-05 17:40,palermo,port-palermo,6742,Luggage Storage Palermo Port,2026-10-05,18,weekday,100,0,100,read
2026-10-05 17:40,palermo,palermo-centrale,6474457,Luggage Storage near Palermo Station,2026-10-05,18,weekday,20,6,14,read
2026-10-05 17:40,palermo,port-palermo,6473031,Luggage Storage near Albero Falcone,2026-10-05,18,weekday,20,0,20,read
2026-10-05 17:40,palermo,settecannoli,6472361,Luggage Storage Settecannoli / Romagnolo,2026-10-05,18,weekday,50,0,50,read
2026-10-05 17:40,palermo,fiera,6469236,Luggage Storage Isola delle Femmine,2026-10-05,18,weekday,50,0,50,read
2026-10-05 17:40,palermo,historical-centre-of-palermo,6461679,Luggage Storage Palermo Old Town,2026-10-05,18,weekday,35,0,35,read
2026-10-05 17:40,palermo,mondello,6460855,Luggage Storage Mondello Port,2026-10-05,18,weekday,20,0,20,read
2026-10-05 17:40,palermo,piazza-verdi,6460692,Luggage Storage near Piazza Verdi,2026-10-05,18,weekday,40,1,39,read
2026-10-05 17:40,palermo,mont-di-pieta,6460282,Luggage Storage near Palermo Teatro Massimo,2026-10-05,18,weekday,20,0,20,read
2026-10-05 17:40,palermo,palermo-centrale,6458911,Luggage Storage near Piazza Giulio Cesare,2026-10-05,18,weekday,20,0,20,read
2026-10-05 17:40,palermo,palermo-centrale,6458874,Luggage Storage Palermo Centrale Train Station,2026-10-05,18,weekday,35,4,31,read
2026-10-05 17:40,palermo,mondello,6456875,Luggage Storage near Mondello,2026-10-05,18,weekday,20,0,20,read
2026-10-05 17:40,palermo,mont-di-pieta,6456648,Luggage Storage near Palermo Archeological Museum,2026-10-05,18,weekday,25,0,25,read
2026-10-05 17:40,palermo,palermo-city-center,6456643,Luggage Storage Palermo Palazzo Reale-Orleans,2026-10-05,18,weekday,45,0,45,read
2026-10-05 17:40,palermo,historical-centre-of-palermo,6456367,Luggage Storage near Catacombe Porta D'Ossuna,2026-10-05,18,weekday,25,,,unavailable
2026-10-05 17:40,palermo,palermo-city-center,6005,Luggage Storage Massimo Theater,2026-10-05,18,weekday,30,0,30,read
2026-10-05 17:40,palermo,palermo-city-center,5039,Luggage Storage City Center Palermo,2026-10-05,18,weekday,150,0,150,read
2026-10-05 17:40,bologna,bologna-centrale-railway-station,5280,Luggage Storage Bologna Centrale Station,2026-10-05,18,weekday,65,12,53,read
2026-10-05 17:40,bologna,two-towers,3914,Luggage Storage Two Towers Bologna,2026-10-05,18,weekday,40,0,40,read
2026-10-05 17:40,bologna,piazza-maggiore,9171,Luggage Storage Bologna Piazza Maggiore,2026-10-05,18,weekday,100,2,98,read
2026-10-05 17:40,bologna,bologna-city-center,9194,Luggage Storage La Piccola Venezia,2026-10-05,18,weekday,35,0,35,read
2026-10-05 17:40,bologna,piazza-maggiore,6450925,Luggage Storage Bologna Old Town,2026-10-05,18,weekday,100,0,100,read
2026-10-05 17:40,bologna,bologna-centrale-railway-station,9193,Luggage Storage Bologna Train Station,2026-10-05,18,weekday,100,0,100,read
2026-10-05 17:40,bologna,bologna-centrale-railway-station,6452157,Luggage Storage Bologna Centrale Train Station,2026-10-05,18,weekday,100,2,98,read
2026-10-05 17:40,bologna,bologna-city-center,9222,Luggage Storage Parco 11 Settembre,2026-10-05,18,weekday,30,0,30,read
2026-10-05 17:40,bologna,belvedere-mercato-delle-erbe,9308,Luggage Storage Piazza Malpighi,2026-10-05,18,weekday,30,4,26,read
2026-10-05 17:40,bologna,bologna-centrale-railway-station,6460518,Luggage Storage near Bologna Station,2026-10-05,18,weekday,55,1,54,read
2026-10-05 17:40,bologna,bologna-centrale-railway-station,6463282,Luggage Storage Via Amendola / Centrale,2026-10-05,18,weekday,50,0,50,read
2026-10-05 17:40,bologna,bologna-centrale-railway-station,6463294,Luggage Storage Via San Felice,2026-10-05,18,weekday,20,4,16,read
2026-10-05 17:40,bologna,bologna-centrale-railway-station,9233,Luggage Storage Porta Sant'isaia,2026-10-05,18,weekday,25,0,25,read
2026-10-05 17:40,bologna,la-piccola-venezia,9224,Luggage Storage Porta San Felice,2026-10-05,18,weekday,30,0,30,read
2026-10-05 17:40,bologna,bologna-centrale-railway-station,9155,Luggage Storage Bologna Railway Station,2026-10-05,18,weekday,10,0,10,read
2026-10-05 17:40,bologna,two-towers,7170,Luggage Storage near Teatro Duse,2026-10-05,18,weekday,20,0,20,read
2026-10-05 17:40,bologna,porta-castiglione,7053,Luggage Storage Porta Castiglione,2026-10-05,18,weekday,25,0,25,read
2026-10-05 17:40,bologna,piazza-maggiore,6473472,Luggage Storage Via Ugo Bassi,2026-10-05,18,weekday,300,0,300,read
2026-10-05 17:40,bologna,bologna-centrale-railway-station,6471155,Luggage Storage Via Mascarella,2026-10-05,18,weekday,100,0,100,read
2026-10-05 17:40,bologna,bologna-centrale-railway-station,6470836,Luggage Storage Via Serlio,2026-10-05,18,weekday,20,0,20,read
2026-10-05 17:40,bologna,bologna-university,6469447,Luggage Storage near Pinacoteca Nazionale,2026-10-05,18,weekday,30,0,30,read
2026-10-05 17:40,bologna,bologna-centrale-railway-station,6463307,Luggage Storage near Palazzo Pallavicini,2026-10-05,18,weekday,20,0,20,read
2026-10-05 17:40,bologna,bologna-centrale-railway-station,6463302,Luggage Storage Piazza Viii Agosto,2026-10-05,18,weekday,40,0,40,read
2026-10-05 17:40,bologna,bologna-university,6463291,Luggage Storage Strada Maggiore,2026-10-05,18,weekday,20,0,20,read
2026-10-05 17:40,bologna,bologna-university,6463290,Luggage Storage Mercato delle Erbe,2026-10-05,18,weekday,20,0,20,read
2026-10-05 17:40,bologna,bologna-centrale-railway-station,6463289,Luggage Storage Via San Vitale,2026-10-05,18,weekday,20,0,20,read
2026-10-05 17:40,bologna,stadio-senato-dall-aria,6460789,Luggage Storage Bologna Stadium,2026-10-05,18,weekday,50,0,50,read
2026-10-05 17:40,bologna,bologna-centrale-railway-station,6459421,Luggage Storage Matteotti / Bologna Centrale,2026-10-05,18,weekday,100,0,100,read
2026-10-05 17:40,bologna,san-donato,6458423,Luggage Storage near Bologna Fiere,2026-10-05,18,weekday,20,0,20,read
2026-10-05 17:40,pisa,pisa-centrale-train-station,151,Luggage Storage Pisa Centrale Station,2026-10-05,18,weekday,70,1,69,read
2026-10-05 17:40,pisa,pisa-piazza-del-duomo,7168,Luggage Storage Pisa San Rossore,2026-10-05,18,weekday,25,0,25,read
2026-10-05 17:40,pisa,pisa-centrale-train-station,3855,Luggage Storage Pisa Centrale,2026-10-05,18,weekday,40,0,40,read
2026-10-05 17:40,pisa,pisa-centrale-train-station,7633,Luggage Storage Pisa Train Station,2026-10-05,18,weekday,65,0,65,read
2026-10-05 17:40,pisa,pisa-centrale-train-station,6456937,Luggage Storage Pisa Centrale Train Station,2026-10-05,18,weekday,100,0,100,read
2026-10-05 17:40,pisa,santa-maria,6460935,Luggage Storage Lungarni Di Pisa,2026-10-05,18,weekday,20,0,20,read
2026-10-05 17:40,pisa,pisa-centrale-train-station,6459669,Luggage Storage Pisa Centrale Train Station,2026-10-05,18,weekday,45,0,45,read
2026-10-05 17:40,pisa,pisa-centrale-train-station,6456903,Luggage Storage Pisa Railway Station,2026-10-05,18,weekday,40,3,37,read
2026-10-05 17:40,pisa,pisa-piazza-del-duomo,6652,Luggage Storage Piazza Dante,2026-10-05,18,weekday,10,2,8,read
2026-10-05 17:40,pisa,tower-of-pisa,6623,Luggage Storage Baths Of Nero,2026-10-05,18,weekday,50,0,50,read
2026-10-05 17:40,pisa,pisa-centrale-train-station,6587,Luggage Storage Piazza Vittorio Emanuele Ii,2026-10-05,18,weekday,100,0,100,read
2026-10-05 17:40,pisa,tower-of-pisa,6474456,Luggage Storage Via S. Iacopo / Pisa S. Rossore,2026-10-05,18,weekday,20,0,20,read
2026-10-05 17:40,pisa,pisa-centrale-train-station,6471012,Luggage Storage Tower of Pisa,2026-10-05,18,weekday,200,0,200,read
2026-10-05 17:40,pisa,piazza-dei-cavalieri,6470657,Luggage Storage Piazza dei Cavalieri,2026-10-05,18,weekday,20,0,20,read
2026-10-05 17:40,pisa,pisa-centrale-train-station,6470612,Luggage Storage near Pisa Centrale,2026-10-05,18,weekday,50,0,50,read
2026-10-05 17:40,pisa,santa-maria,6469497,Luggage Storage S. Maria della Spina Church,2026-10-05,18,weekday,20,0,20,read
2026-10-05 17:40,pisa,pisa-centrale-train-station,6467880,Luggage Storage Pisa Centrale,2026-10-05,18,weekday,40,0,40,read
2026-10-05 17:40,pisa,pisa-centrale-train-station,6463207,Luggage Storage Gramsci / Centrale,2026-10-05,18,weekday,20,0,20,read
2026-10-05 17:40,pisa,pisa-centrale-train-station,6463206,Luggage Storage Pisa Station,2026-10-05,18,weekday,60,2,58,read
2026-10-05 17:40,pisa,santa-maria,6460737,Luggage Storage Piazza Dante Alighieri,2026-10-05,18,weekday,25,0,25,read
2026-10-05 17:40,pisa,santa-maria,6456938,Luggage Storage Chiesa di San Michele in Borgo,2026-10-05,18,weekday,50,0,50,read
2026-10-05 17:40,pisa,piazza-dei-cavalieri,6456928,Luggage Storage near Piazza dei Cavalieri,2026-10-05,18,weekday,30,30,0,full
2026-10-05 17:40,pisa,pisa-centrale-train-station,6456828,Luggage Storage Pisa Airport,2026-10-05,18,weekday,50,3,47,read
2026-10-05 17:40,cagliari,marina,974,Luggage Storage Cagliari Train Station,2026-10-05,18,weekday,45,0,45,read
2026-10-05 17:40,cagliari,marina,6459534,Luggage Storage Cagliari Marina,2026-10-05,18,weekday,20,0,20,read
2026-10-05 17:40,cagliari,marina,6459450,Luggage Storage Cagliari Port,2026-10-05,18,weekday,20,0,20,read
2026-10-05 17:40,cagliari,city-center,6503,Luggage Storage Via Cornalias,2026-10-05,18,weekday,20,0,20,read
2026-10-05 17:40,cagliari,bonaria,6486,Luggage Storage Stadio Amsicora,2026-10-05,18,weekday,10,0,10,read
2026-10-05 17:40,cagliari,stazione,6473152,Luggage Storage Cagliari Station 7/7,2026-10-05,18,weekday,30,0,30,read
2026-10-05 17:40,cagliari,marina,6473090,Luggage Storage Cagliari Ferry Terminal,2026-10-05,18,weekday,20,0,20,read
2026-10-05 17:40,cagliari,stazione,6473089,Luggage Storage Cagliari Railway Station,2026-10-05,18,weekday,20,6,14,read
2026-10-05 17:40,cagliari,marina,6472944,Luggage Storage Via Manno,2026-10-05,18,weekday,20,0,20,read
2026-10-05 17:40,cagliari,villanova,6459751,Luggage Storage Bastione / Sulis,2026-10-05,18,weekday,20,0,20,read
2026-10-05 17:40,cagliari,city-center,6459536,Luggage Storage Piazza S. Benedetto,2026-10-05,18,weekday,20,0,20,read
2026-10-05 17:40,cagliari,marina,6459518,Luggage Storage near Cagliari Port,2026-10-05,18,weekday,20,0,20,read
2026-10-05 17:40,cagliari,city-center,6459512,Luggage Storage San Benedetto Market,2026-10-05,18,weekday,20,0,20,read
2026-10-05 17:40,cagliari,marina,6459469,Luggage Storage Via dei Mille,2026-10-05,18,weekday,20,0,20,read
2026-10-05 17:40,cagliari,stazione,6458723,Luggage Storage Via Roma,2026-10-05,18,weekday,20,0,20,read
2026-10-05 17:40,cagliari,selargius,6457080,Luggage Storage Selargius,2026-10-05,18,weekday,25,0,25,read
2026-10-05 17:40,cagliari,city-center,6452802,Luggage Storage Pergolesi / San Benedetto,2026-10-05,18,weekday,10,0,10,read
2026-10-05 17:40,genoa,piazza-principe,147,Luggage Storage Genoa Principe Station,2026-10-05,18,weekday,300,0,300,read
2026-10-05 17:40,genoa,maddalena,6455518,Luggage Storage Genoa Porto Antico,2026-10-05,18,weekday,30,0,30,read
2026-10-05 17:40,genoa,genoa-port,6451159,Luggage Storage Genoa Port,2026-10-05,18,weekday,20,0,20,read
2026-10-05 17:40,genoa,genoa-port,6451167,Luggage Storage Genoa Ferry Terminal,2026-10-05,18,weekday,30,0,30,read
2026-10-05 17:40,genoa,piazza-de-ferrari,6451439,Luggage Storage Sarzano/Sant'Agostino Metro Station,2026-10-05,18,weekday,20,0,20,read
2026-10-05 17:40,genoa,orefici,6250,Luggage Storage Orefici,2026-10-05,18,weekday,15,0,15,read
2026-10-05 17:40,genoa,brignole,6469428,Luggage Storage Genova Brignole,2026-10-05,18,weekday,20,0,20,read
2026-10-05 17:40,genoa,brignole,6461596,Luggage Storage Brignole Railway Station,2026-10-05,18,weekday,20,0,20,read
2026-10-05 17:40,genoa,brignole,6459832,Luggage Storage near Marconi / Fiera,2026-10-05,18,weekday,20,0,20,read
2026-10-05 17:40,genoa,pegli,6455688,Luggage Storage Genova Pegli,2026-10-05,18,weekday,15,0,15,read
2026-10-05 17:40,genoa,maddalena,6451178,Luggage Storage near Via Garibaldi,2026-10-05,18,weekday,20,0,20,read
2026-10-05 17:40,lucca,lucca-train-station,551,Luggage Storage near Lucca Train Station,2026-10-05,18,weekday,150,0,150,read
2026-10-05 17:40,lucca,lucca-train-station,6456956,Luggage Storage Lucca Train Station,2026-10-05,18,weekday,120,0,120,read
2026-10-05 17:40,lucca,city-center,3344,Luggage Storage Piazza Dell'anfiteatro,2026-10-05,18,weekday,25,0,25,read
2026-10-05 17:40,lucca,city-center,6455648,Luggage Storage Chiesa Di San Michele In Foro,2026-10-05,18,weekday,50,0,50,read
2026-10-05 17:40,lucca,lucca-train-station,3346,Luggage Storage Lucca Railway Station,2026-10-05,18,weekday,150,0,150,read
2026-10-05 17:40,lucca,city-center,3692,Luggage Storage Lucca Old Town,2026-10-05,18,weekday,120,0,120,read
2026-10-05 17:40,lucca,lucca-train-station,6457066,Luggage Storage near Lucca Railway Station,2026-10-05,18,weekday,150,2,148,read
2026-10-05 17:40,lucca,city-center,3687,Luggage Storage Piazza Napoleone,2026-10-05,18,weekday,30,0,30,read
2026-10-05 17:40,lucca,lucca-train-station,6456553,Luggage Storage near Palazzo Ducale Di Lucca,2026-10-05,18,weekday,25,0,25,read
2026-10-05 17:40,verona,porta-nuova,423,Luggage Storage Porta Nuova,2026-10-05,18,weekday,300,0,300,read
2026-10-05 17:40,verona,juliet-s-house,2752,Luggage Storage Verona Old Town,2026-10-05,18,weekday,100,0,100,read
2026-10-05 17:40,verona,juliet-s-house,719,Luggage Storage Juliet's House,2026-10-05,18,weekday,30,0,30,read
2026-10-05 17:40,verona,citta-antica,9716,Luggage Storage Porta Borsari,2026-10-05,18,weekday,50,0,50,read
2026-10-05 17:40,verona,citta-antica,6457605,Luggage Storage Juliet's Balcony,2026-10-05,18,weekday,35,0,35,read
2026-10-05 17:40,verona,citta-antica,9668,Luggage Storage Castelvecchio,2026-10-05,18,weekday,30,1,29,read
2026-10-05 17:40,verona,cittadella,6461969,Luggage Storage Via Sciesa / Via Marconi,2026-10-05,18,weekday,30,0,30,read
2026-10-05 17:40,verona,avesa,6457679,Luggage Storage Piazza Avesa,2026-10-05,18,weekday,20,0,20,read
2026-10-05 17:40,verona,cittadella,6457597,Luggage Storage Stradone Porta Palio,2026-10-05,18,weekday,20,0,20,read
2026-10-05 17:40,verona,castelvecchio-museum,6403,Luggage Storage Via Della Casa,2026-10-05,18,weekday,40,0,40,read
2026-10-05 17:40,lecce,railway-station,6408,Luggage Storage Lecce Train Station,2026-10-05,18,weekday,70,0,70,read
2026-10-05 17:40,lecce,lecce-city-center,6406,Luggage Storage Gate Of Saint Blaise,2026-10-05,18,weekday,40,0,40,read
2026-10-05 17:40,lecce,lecce-city-center,875,Luggage Storage Lecce City Center,2026-10-05,18,weekday,30,0,30,read
2026-10-05 17:40,lecce,lecce-city-center,3826,Luggage Storage Lecce Old Town,2026-10-05,18,weekday,50,0,50,read
2026-10-05 17:40,lecce,railway-station,6459626,Luggage Storage near Lecce Railway Station,2026-10-05,18,weekday,20,0,20,read
2026-10-05 17:40,lecce,lecce-city-center,6459606,Luggage Storage near San Matteo Church,2026-10-05,18,weekday,20,0,20,read
2026-10-05 17:40,lecce,railway-station,6546,Luggage Storage Via Duca Degli Abruzzi,2026-10-05,18,weekday,10,0,10,read
2026-10-05 17:40,lecce,lecce-city-center,6474400,Luggage Storage near Lecce Cathedral,2026-10-05,18,weekday,25,0,25,read
2026-10-05 17:40,lecce,railway-station,6473516,Luggage Storage Lecce Old Town,2026-10-05,18,weekday,20,0,20,read
2026-10-05 17:40,lecce,lecce-city-center,6473480,Luggage Storage Via G.Argento,2026-10-05,18,weekday,100,0,100,read
2026-10-05 17:40,lecce,railway-station,6459622,Luggage Storage Viale Oronzo Quarta,2026-10-05,18,weekday,20,0,20,read
2026-10-05 17:40,lecce,railway-station,6459618,Luggage Storage Lecce Railway Station,2026-10-05,18,weekday,30,0,30,read
2026-10-05 17:40,lecce,lecce-city-center,3955,Luggage Storage Lecce Castle,2026-10-05,18,weekday,10,0,10,read
2026-10-05 17:40,lecce,lecce-city-center,3919,Luggage Storage Centrum,2026-10-05,18,weekday,30,0,30,read
2026-10-05 17:40,siena,siena-train-station,6452060,Luggage Storage Siena Railway Station,2026-10-05,18,weekday,35,0,35,read
2026-10-05 17:40,siena,city-center,3350,Luggage Storage Piazza Del Campo,2026-10-05,18,weekday,20,0,20,read
2026-10-05 17:40,siena,city-center,6455734,Luggage Storage Siena Piazza Del Campo,2026-10-05,18,weekday,50,0,50,read
2026-10-05 17:40,siena,istrice,6455701,Luggage Storage Piazza Del Sale,2026-10-05,18,weekday,50,0,50,read
2026-10-05 17:40,siena,city-center,6455693,Luggage Storage Siena Old Town,2026-10-05,18,weekday,50,0,50,read
2026-10-05 17:40,siena,lupa,7266,Luggage Storage Lupa,2026-10-05,18,weekday,25,0,25,read
2026-10-05 17:40,siena,lupa,6470608,Luggage Storage near Siena Stadium,2026-10-05,18,weekday,30,0,30,read
2026-10-05 17:40,siena,istrice,6461975,Luggage Storage Via Camollia,2026-10-05,18,weekday,20,0,20,read
2026-10-05 17:40,siena,city-center,6458450,Luggage Storage Piazza del Mercato,2026-10-05,18,weekday,12,0,12,read
2026-10-05 17:40,siena,city-center,6455728,Luggage Storage Piazza Salimbeni,2026-10-05,18,weekday,30,0,30,read
2026-10-05 17:40,siena,city-center,6455699,Luggage Storage near Palazzo Salimbeni,2026-10-05,18,weekday,100,0,100,read
2026-10-05 17:40,siena,city-center,6455697,Luggage Storage near Piazza Del Campo,2026-10-05,18,weekday,25,0,25,read
2026-10-05 17:40,siena,city-center,3524,Luggage Storage Piazza Gramsci,2026-10-05,18,weekday,15,0,15,read
2026-10-05 17:40,syracuse,station,6453001,Luggage Storage Siracusa Station,2026-10-05,18,weekday,40,0,40,read
2026-10-05 17:40,syracuse,station,6539,Luggage Storage Syracuse Railway Station,2026-10-05,18,weekday,30,0,30,read
2026-10-05 17:40,syracuse,station,6593,Luggage Storage Syracuse Bus Station,2026-10-05,18,weekday,20,0,20,read
2026-10-05 17:40,syracuse,yacht-lub-lakkios-marina-porto-piccolo-ortigia,6453048,Luggage Storage Via Cairoli,2026-10-05,18,weekday,25,0,25,read
2026-10-05 17:40,syracuse,augusta,7240,Luggage Storage Porta Spagnola,2026-10-05,18,weekday,20,0,20,read
2026-10-05 17:40,syracuse,station,6471913,Luggage Storage Corso Umberto I,2026-10-05,18,weekday,50,0,50,read
2026-10-05 17:40,syracuse,apollo-temple,6471008,Luggage Storage Syracuse Cathedral,2026-10-05,18,weekday,25,0,25,read
2026-10-05 17:40,rimini,rimini-train-station,226,Luggage Storage Rimini Train Station,2026-10-05,18,weekday,300,0,300,read
2026-10-05 17:40,rimini,lungomare-augusto-murri,3797,Luggage Storage Rimini Beach,2026-10-05,18,weekday,15,0,15,read
2026-10-05 17:40,rimini,lungomare-augusto-murri,6713,Luggage Storage Piazza Kennedy,2026-10-05,18,weekday,25,0,25,read
2026-10-05 17:40,rimini,city-center,6472266,Luggage Storage near Fellini Museum,2026-10-05,18,weekday,10,0,10,read
2026-10-05 17:40,rimini,federico-fellini-international-airport,6460885,Luggage Storage Rimini Miramare,2026-10-05,18,weekday,20,0,20,read
2026-10-05 17:40,rimini,city-center,6453599,Luggage Storage Castel Sismondo,2026-10-05,18,weekday,10,0,10,read
2026-10-05 17:40,rimini,federico-fellini-park,6453325,Luggage Storage Parco Fellini,2026-10-05,18,weekday,25,0,25,read
2026-10-05 17:40,rimini,city-center,6453323,Luggage Storage Aleardi,2026-10-05,18,weekday,12,0,12,read
2026-10-05 17:40,rimini,rimini-train-station,6453307,Luggage Storage Viale Nazario Sauro,2026-10-05,18,weekday,10,0,10,read
2026-10-05 17:40,rimini,bellariva,6453303,Luggage Storage Viale Regina Elena,2026-10-05,18,weekday,50,0,50,read
2026-10-05 17:40,rimini,rimini-train-station,6453291,Luggage Storage Via Roma / Station,2026-10-05,18,weekday,15,0,15,read
2026-10-05 17:40,rimini,city-center,6453271,Luggage Storage Parco Alcide Cervi,2026-10-05,18,weekday,10,0,10,read
2026-10-05 17:40,rimini,rimini-train-station,6452529,Luggage Storage Corso Giovanni XXIII,2026-10-05,18,weekday,50,0,50,read
2026-10-05 17:40,sorrento,sorrento-train-station,3868,Luggage Storage Sorrento Train Station,2026-10-05,18,weekday,50,0,50,read
2026-10-05 17:40,sorrento,city-center,2141,Luggage Storage Sorrento City Center,2026-10-05,18,weekday,50,0,50,read
2026-10-05 17:40,sorrento,sorrento-train-station,6579,Luggage Storage Piazza Tasso,2026-10-05,18,weekday,30,,,unavailable
2026-10-05 17:40,sorrento,sorrento-train-station,6461804,Luggage Storage Piazza Lauro,2026-10-05,18,weekday,30,0,30,read
2026-10-05 17:40,sorrento,sant-agnello,6459956,Luggage Storage Sant'Agnello,2026-10-05,18,weekday,20,0,20,read
2026-10-05 17:40,sorrento,city-center,6459906,Luggage Storage Tasso Square,2026-10-05,18,weekday,30,4,26,read
2026-10-05 17:40,sorrento,city-center,4682,Luggage Storage Parco Di Villa Fiorentino,2026-10-05,18,weekday,200,0,200,read
2026-10-05 17:40,salerno,salerno-train-station,640,Luggage Storage Salerno Train Station,2026-10-05,18,weekday,100,2,98,read
2026-10-05 17:40,salerno,salerno-train-station,7600,Luggage Storage Salerno Railway Station,2026-10-05,18,weekday,50,0,50,read
2026-10-05 17:40,salerno,city-centre,9130,Luggage Storage Duomo Di Salerno,2026-10-05,18,weekday,25,0,25,read
2026-10-05 17:40,salerno,salerno-train-station,9121,Luggage Storage Corso Vittorio Emanuele,2026-10-05,18,weekday,30,0,30,read
2026-10-05 17:40,salerno,salerno-train-station,6453379,Luggage Storage Medieval Aqueduct,2026-10-05,18,weekday,20,0,20,read
2026-10-05 17:40,salerno,salerno-train-station,6452764,Luggage Storage Corso Garibaldi / Salerno Station,2026-10-05,18,weekday,20,2,18,read
2026-10-05 17:40,salerno,city-centre,9129,Luggage Storage Salerno Villa Comunale,2026-10-05,18,weekday,20,0,20,read
2026-10-05 17:40,salerno,city-centre,6462046,Luggage Storage Salerno City Center,2026-10-05,18,weekday,20,2,18,read
2026-10-05 17:40,salerno,city-centre,6457737,Luggage Storage near Vernieri,2026-10-05,18,weekday,20,0,20,read
2026-10-05 17:40,salerno,salerno-train-station,5391,Luggage Storage Salerno Station,2026-10-05,18,weekday,100,0,100,read
2026-10-05 17:40,alghero,pivarada,7694,Luggage Storage Pivarada,2026-10-05,18,weekday,40,0,40,read
2026-10-05 17:40,alghero,alghero-train-station,7535,Luggage Storage Alghero Train Station,2026-10-05,18,weekday,45,0,45,read
2026-10-05 17:40,alghero,alghero-airport,6460125,Luggage Storage Alghero Airport,2026-10-05,18,weekday,30,4,26,read
2026-10-05 17:40,alghero,alghero-port,6460118,Luggage Storage Port / Via Garibaldi,2026-10-05,18,weekday,20,0,20,read
2026-10-05 17:40,alghero,pivarada,6458818,Luggage Storage Via Garibaldi / Port,2026-10-05,18,weekday,30,0,30,read
2026-10-05 17:40,la-spezia,la-spezia-centrale,1138,Luggage Storage La Spezia Centrale,2026-10-05,18,weekday,45,0,45,read
2026-10-05 17:40,la-spezia,la-spezia-centrale,6454717,Luggage Storage Viale Garibaldi,2026-10-05,18,weekday,100,0,100,read
2026-10-05 17:40,la-spezia,la-spezia-centrale,6816,Luggage Storage Via Del Prione,2026-10-05,18,weekday,40,0,40,read
2026-10-05 17:40,la-spezia,parco-dei-pesci,2790,Luggage Storage La Spezia Bus Station,2026-10-05,18,weekday,50,0,50,read
2026-10-05 17:40,la-spezia,la-spezia-centrale,6459753,Luggage Storage La Spezia Centrale FS,2026-10-05,18,weekday,20,0,20,read
2026-10-05 17:40,la-spezia,la-spezia-centrale,6459699,Luggage Storage La Spezia Station,2026-10-05,18,weekday,60,0,60,read
2026-10-05 17:40,la-spezia,la-spezia-centrale,6473536,Luggage Storage La Spezia Central Station,2026-10-05,18,weekday,50,0,50,read
2026-10-05 17:40,la-spezia,la-spezia-centrale,6461904,Luggage Storage La Spezia Old Town,2026-10-05,18,weekday,20,0,20,read
2026-10-05 17:40,la-spezia,la-spezia-centrale,6459737,Luggage Storage La Spezia Giardini Pubblici,2026-10-05,18,weekday,35,0,35,read
2026-10-05 17:40,la-spezia,migliarina,6456215,Luggage Storage near Viale Italia,2026-10-05,18,weekday,50,0,50,read
2026-10-05 17:40,mestre,mestre-train-station,5326,Luggage Storage Mestre Train Station,2026-10-05,18,weekday,100,5,95,read
2026-10-05 17:40,mestre,city-center,119,Luggage Storage Via Palazzo,2026-10-05,18,weekday,300,0,300,read
2026-10-05 17:40,mestre,city-center,6451464,Luggage Storage Museo M9 Mestre,2026-10-05,18,weekday,30,0,30,read
2026-10-05 17:40,mestre,mestre-train-station,4935,Luggage Storage Venezia Mestre Station,2026-10-05,18,weekday,25,0,25,read
2026-10-05 17:40,mestre,mestre-train-station,6452335,Luggage Storage near Corso Del Popolo,2026-10-05,18,weekday,10,0,10,read
2026-10-05 17:40,mestre,mestre-train-station,7707,Luggage Storage Mestre Railway Station,2026-10-05,18,weekday,25,0,25,read
2026-10-05 17:40,mestre,mestre-train-station,6458351,Luggage Storage Piave / Mestre Railway Station,2026-10-05,18,weekday,20,0,20,read
2026-10-05 17:40,mestre,city-center,6452163,Luggage Storage Via Cappuccina,2026-10-05,18,weekday,25,0,25,read
2026-10-05 17:40,mestre,mestre-train-station,6452152,Luggage Storage Mestre Via Piave,2026-10-05,18,weekday,20,0,20,read
2026-10-05 17:40,perugia,central-station,6460204,Luggage Storage Perugia Station 24H,2026-10-05,18,weekday,20,0,20,read
2026-10-05 17:40,perugia,central-station,1819,Luggage Storage Perugia Railway Station,2026-10-05,18,weekday,30,2,28,read
2026-10-05 17:40,perugia,piazza-della-repubblica,6060,Luggage Storage Rocca Paolina,2026-10-05,18,weekday,20,0,20,read
2026-10-05 17:40,perugia,central-station,2425,Luggage Storage Perugia Train Station,2026-10-05,18,weekday,30,2,28,read
2026-10-05 17:40,perugia,bus-station,7238,Luggage Storage Perugia Bus Station,2026-10-05,18,weekday,25,2,23,read
2026-10-05 17:40,perugia,central-station,7239,Luggage Storage Piazza Italia,2026-10-05,18,weekday,25,0,25,read
2026-10-05 17:40,perugia,piazza-iv-novembre,6466297,Luggage Storage near University For Foreigners,2026-10-05,18,weekday,30,0,30,read
2026-10-05 17:40,perugia,elce,5982,Luggage Storage near Giuditta Brozzetti Museum,2026-10-05,18,weekday,10,0,10,read
2026-10-05 17:40,perugia,elce,5980,Luggage Storage Via D'andreotto,2026-10-05,18,weekday,20,0,20,read
2026-10-05 17:40,perugia,piazza-della-repubblica,5043,Luggage Storage Parco Di Sant'anna,2026-10-05,18,weekday,10,0,10,read
2026-10-05 17:40,pescara,pescara-centrale-train-station,6461104,Luggage Storage Pescara Train Station,2026-10-05,18,weekday,35,3,32,read
2026-10-05 17:40,pescara,pescara-centrale-train-station,5992,Luggage Storage Clap Museum,2026-10-05,18,weekday,30,0,30,read
2026-10-05 17:40,pescara,pescara-centrale-train-station,6455983,Luggage Storage near Pescara Centrale,2026-10-05,18,weekday,10,0,10,read
2026-10-05 17:40,pescara,pescara-centrale-train-station,6452446,Luggage Storage near Pescara Centrale Railway Station,2026-10-05,18,weekday,10,0,10,read
2026-10-05 17:40,pescara,pescara-centrale-train-station,6455989,Luggage Storage Via Mazzini,2026-10-05,18,weekday,10,0,10,read
2026-10-05 17:40,pescara,pescara-centrale-train-station,6470765,Luggage Storage near Museo Ittico,2026-10-05,18,weekday,30,0,30,read
2026-10-05 17:40,pescara,pescara-centrale-train-station,6461064,Luggage Storage Pescara Terminal Bus,2026-10-05,18,weekday,20,0,20,read
2026-10-05 17:40,pescara,pescara-centrale-train-station,6461061,Luggage Storage Piazza Santa Caterina Da Siena,2026-10-05,18,weekday,20,0,20,read
2026-10-05 17:40,pescara,pescara-centrale-train-station,5973,Luggage Storage Public Beach,2026-10-05,18,weekday,40,0,40,read
2026-10-05 17:40,trapani,trapani-port,3363,Luggage Storage Trapani Ferry Terminal,2026-10-05,18,weekday,50,0,50,read
2026-10-05 17:40,trapani,trapani-port,227,Luggage Storage Trapani Port,2026-10-05,18,weekday,300,0,300,read
2026-10-05 17:40,trapani,trapani-port,4557,Luggage Storage Corso Italia,2026-10-05,18,weekday,50,0,50,read
2026-10-05 17:40,trapani,train-station,6526,Luggage Storage Museum Of Illusions,2026-10-05,18,weekday,10,0,10,read
2026-10-05 17:40,trapani,city-center,6522,Luggage Storage Via Marconi,2026-10-05,18,weekday,100,0,100,read
2026-10-05 17:40,trapani,train-station,6458886,Luggage Storage Via Fardella,2026-10-05,18,weekday,20,0,20,read
2026-10-05 17:40,trapani,city-center,6310,Luggage Storage Funivia Erice,2026-10-05,18,weekday,25,0,25,read
2026-10-05 17:40,trapani,city-center,6280,Luggage Storage near Regional Museum,2026-10-05,18,weekday,100,0,100,read
2026-10-05 17:40,bergamo,bergamo-train-station,6000,Luggage Storage Bergamo Train Station,2026-10-05,18,weekday,45,3,42,read
2026-10-05 17:40,bergamo,citta-alta,7342,Luggage Storage Piazza Vecchia Bergamo Alta,2026-10-05,18,weekday,35,2,33,read
2026-10-05 17:40,bergamo,bergamo-train-station,6457968,Luggage Storage Bergamo Bus Station,2026-10-05,18,weekday,30,0,30,read
2026-10-05 17:40,bergamo,citta-alta,6965,Luggage Storage Bergamo Cathedral,2026-10-05,18,weekday,40,0,40,read
2026-10-05 17:40,bergamo,bergamo-train-station,6460154,Luggage Storage Paglia / Bergamo Station,2026-10-05,18,weekday,35,0,35,read
2026-10-05 17:40,bergamo,borgo-palazzo,6457978,Luggage Storage near Bergamo Bus Terminal,2026-10-05,18,weekday,20,0,20,read
2026-10-05 17:40,monopoli,city-center,6451706,Luggage Storage Monopoli City Center,2026-10-05,18,weekday,35,0,35,read
2026-10-05 17:40,monopoli,castello-carlo-v,6910,Luggage Storage Monopoli Porto Antico,2026-10-05,18,weekday,25,0,25,read
2026-10-05 17:40,monopoli,city-center,6451705,Luggage Storage Monopoli Railway Station,2026-10-05,18,weekday,40,0,40,read
2026-10-05 17:40,monopoli,city-center,6912,Luggage Storage Via S. Anna,2026-10-05,18,weekday,20,0,20,read
2026-10-05 17:40,monopoli,city-center,6458662,Luggage Storage Porto Bianco,2026-10-05,18,weekday,20,0,20,read
2026-10-05 17:40,monopoli,city-center,6458612,Luggage Storage Cala Porta Vecchia,2026-10-05,18,weekday,30,0,30,read
2026-10-05 17:40,pompei,train-station,7143,Luggage Storage Pompei Scavi Villa Dei Misteri Station,2026-10-05,18,weekday,50,0,50,read
2026-10-05 17:40,pompei,train-station,3882,Luggage Storage Pompei Train Station,2026-10-05,18,weekday,100,4,96,read
2026-10-05 17:40,pompei,train-station,6474461,Luggage Storage Pompei Scavi Station,2026-10-05,18,weekday,20,0,20,read
2026-10-05 17:40,pompei,train-station,6470819,Luggage Storage Pompei Station,2026-10-05,18,weekday,100,0,100,read
2026-10-05 17:40,pompei,city-center,6452263,Luggage Storage near Pompei Santuario Station,2026-10-05,18,weekday,50,0,50,read
2026-10-05 17:40,pompei,city-center,6452047,Luggage Storage Stadio Bellucci,2026-10-05,18,weekday,20,0,20,read
2026-10-05 17:40,pompei,train-station,6451972,Luggage Storage Via Lepanto,2026-10-05,18,weekday,40,0,40,read
2026-10-05 17:40,reggio-calabria,center,5927,Luggage Storage Duomo Square,2026-10-05,18,weekday,50,2,48,read
2026-10-05 17:40,reggio-calabria,central-station,898,Luggage Storage Reggio Calabria Central Station,2026-10-05,18,weekday,30,0,30,read
2026-10-05 17:40,reggio-calabria,center,8936,Luggage Storage Pellaro Via Augusta,2026-10-05,18,weekday,100,0,100,read
2026-10-05 17:40,reggio-calabria,central-station,5950,Luggage Storage S. Caterina Station,2026-10-05,18,weekday,50,0,50,read
2026-10-05 17:40,reggio-calabria,villa-san-giovanni,5948,Luggage Storage Villa San Giovanni Station,2026-10-05,18,weekday,50,0,50,read
2026-10-05 17:40,bolzano,bolzano-train-station,8088,Luggage Storage Bolzano Train Station,2026-10-05,18,weekday,60,7,53,read
2026-10-05 17:40,bolzano,waltherplatz,8090,Luggage Storage Bolzano Cathedral,2026-10-05,18,weekday,30,0,30,read
2026-10-05 17:40,bolzano,bolzano-train-station,6458005,Luggage Storage near South Tyrol Museum of Archaeology,2026-10-05,18,weekday,20,0,20,read
2026-10-05 17:40,bolzano,bolzano-train-station,6457943,Luggage Storage near Waltherplatz,2026-10-05,18,weekday,20,0,20,read
2026-10-05 17:40,bolzano,bolzano-train-station,6463173,Luggage Storage Bolzano Piazza Duomo,2026-10-05,18,weekday,50,1,49,read
2026-10-05 17:40,bolzano,palazzo-mercantile,8134,Luggage Storage Druso Stadium,2026-10-05,18,weekday,20,0,20,read
2026-10-05 17:40,bolzano,city-center,8125,Luggage Storage Corso Italia,2026-10-05,18,weekday,30,0,30,read
2026-10-05 17:40,brindisi,corso-garibaldi,877,Luggage Storage Corso Garibaldi,2026-10-05,18,weekday,45,0,45,read
2026-10-05 17:40,brindisi,city-centre,6458028,Luggage Storage Brindisi City Center,2026-10-05,18,weekday,30,3,27,read
2026-10-05 17:40,brindisi,central-station,6473492,Luggage Storage Piazza Cairoli / Brindisi Station,2026-10-05,18,weekday,200,0,200,read
2026-10-05 17:40,brindisi,central-station,6473179,Luggage Storage Brindisi Train Station,2026-10-05,18,weekday,70,2,68,read
2026-10-05 17:40,brindisi,central-station,6471163,Luggage Storage near Brindisi Station,2026-10-05,18,weekday,50,0,50,read
2026-10-05 17:40,brindisi,central-station,6460046,Luggage Storage Via Alfredo Cappellini / Brindisi Station,2026-10-05,18,weekday,100,0,100,read
2026-10-05 17:40,brindisi,central-station,6459667,Luggage Storage Brindisi Railway Station,2026-10-05,18,weekday,35,0,35,read
2026-10-05 17:40,ferrara,city-center,873,Luggage Storage Ferrara City Center,2026-10-05,18,weekday,15,0,15,read
2026-10-05 17:40,ferrara,railway-station,7252,Luggage Storage Ferrara Railway Station,2026-10-05,18,weekday,50,0,50,read
2026-10-05 17:40,ferrara,city-center,6451982,Luggage Storage Viale Cavour / Ferrara Castle,2026-10-05,18,weekday,50,0,50,read
2026-10-05 17:40,ferrara,railway-station,6452547,Luggage Storage Ferrara Train Station,2026-10-05,18,weekday,40,0,40,read
2026-10-05 17:40,ferrara,railway-station,6469743,Luggage Storage Ferrara Station,2026-10-05,18,weekday,50,0,50,read
2026-10-05 17:40,ferrara,railway-station,7269,Luggage Storage near Ferrara Train Station,2026-10-05,18,weekday,30,0,30,read
2026-10-05 17:40,ferrara,city-center,7260,Luggage Storage Cathedral Of Ferrara,2026-10-05,18,weekday,25,0,25,read
2026-10-05 17:40,ferrara,railway-station,6469734,Luggage Storage near Ferrara Station,2026-10-05,18,weekday,100,0,100,read
2026-10-05 17:40,ferrara,railway-station,6469608,Luggage Storage Via Porta Catena,2026-10-05,18,weekday,50,0,50,read
2026-10-05 17:40,trento,main-station,3884,Luggage Storage Trento Railway Station,2026-10-05,18,weekday,40,0,40,read
2026-10-05 17:40,trento,main-station,9976,Luggage Storage Torre Vanga,2026-10-05,18,weekday,35,0,35,read
2026-10-05 17:40,trento,main-station,9983,Luggage Storage Piazza Del Duomo Di Trento,2026-10-05,18,weekday,30,0,30,read
2026-10-05 17:40,trento,main-station,8028,Luggage Storage Buonconsiglio Castle Museum,2026-10-05,18,weekday,25,0,25,read
2026-10-05 17:40,trento,main-station,6461329,Luggage Storage Trento Train Station,2026-10-05,18,weekday,25,0,25,read
2026-10-05 17:40,trento,main-station,6456083,Luggage Storage Centa Brennero,2026-10-05,18,weekday,50,0,50,read
2026-10-05 17:40,trento,main-station,10017,Luggage Storage San Giuseppe Church,2026-10-05,18,weekday,10,0,10,read
2026-10-05 17:40,matera,city-center,6455071,Luggage Storage near Matera Centrale,2026-10-05,18,weekday,25,2,23,read
2026-10-05 17:40,matera,city-center,4314,Luggage Storage Matera Via Nazionale,2026-10-05,18,weekday,50,0,50,read
2026-10-05 17:40,matera,city-center,6451088,Luggage Storage Matera Belvedere Piazza Giovanni Pascoli,2026-10-05,18,weekday,30,0,30,read
2026-10-05 17:40,matera,city-center,6451089,Luggage Storage Palombaro Lungo / XX Settembre,2026-10-05,18,weekday,15,0,15,read
2026-10-05 17:40,matera,city-center,6451092,Luggage Storage Piazzetta Pascoli,2026-10-05,18,weekday,20,0,20,read
2026-10-05 17:40,matera,via-dei-messapi,6814,Luggage Storage Via Dei Messapi,2026-10-05,18,weekday,60,0,60,read
2026-10-05 17:40,matera,city-center,6453158,Luggage Storage near Stadio XXI Settembre,2026-10-05,18,weekday,20,0,20,read
2026-10-05 17:40,matera,city-center,6451075,Luggage Storage Via Annunziatella,2026-10-05,18,weekday,10,0,10,read
2026-10-05 17:40,messina,messina-centrale,9018,Luggage Storage Messina Train Station,2026-10-05,18,weekday,30,2,28,read
2026-10-05 17:40,messina,messina-centrale,6497,Luggage Storage Messina Centrale,2026-10-05,18,weekday,25,0,25,read
2026-10-05 17:40,messina,messina-centrale,6504,Luggage Storage Church Of Saint Mary Of The Carmel,2026-10-05,18,weekday,15,0,15,read
2026-10-05 17:40,messina,messina-centrale,6471041,Luggage Storage Via Cannizzaro,2026-10-05,18,weekday,10,0,10,read
2026-10-05 17:40,messina,messina-centrale,6471038,Luggage Storage Messina Cathedral,2026-10-05,18,weekday,10,0,10,read
2026-10-05 17:40,messina,messina-centrale,6471037,Luggage Storage Villa Mazzini,2026-10-05,18,weekday,20,0,20,read
2026-10-05 17:40,messina,messina-centrale,6471036,Luggage Storage Muricello,2026-10-05,18,weekday,100,0,100,read
2026-10-05 17:40,modena,central-station,6400,Luggage Storage Modena Station,2026-10-05,18,weekday,40,,,unavailable
2026-10-05 17:40,modena,central-station,7720,Luggage Storage Teatro Michelangelo,2026-10-05,18,weekday,10,0,10,read
2026-10-05 17:40,modena,central-station,7712,Luggage Storage Modena Piazza Manzoni Station,2026-10-05,18,weekday,15,0,15,read
2026-10-05 17:40,modena,central-station,6459423,Luggage Storage near Palazzina Dei Giardini,2026-10-05,18,weekday,30,0,30,read
2026-10-05 17:40,modena,city-centre,6458405,Luggage Storage near Ducal Palace of Modena,2026-10-05,18,weekday,20,0,20,read
2026-10-05 17:40,modena,central-station,6458403,Luggage Storage Modena Railway Station,2026-10-05,18,weekday,45,0,45,read
2026-10-05 17:40,modena,central-station,6389,Luggage Storage Giardino Ducale Estense,2026-10-05,18,weekday,25,0,25,read
2026-10-05 17:40,modena,city-centre,6379,Luggage Storage Galleria Estense,2026-10-05,18,weekday,25,0,25,read
2026-10-05 17:40,agrigento,agrigento-train-staion,783,Luggage Storage Agrigento Train Station,2026-10-05,18,weekday,30,0,30,read
2026-10-05 17:40,agrigento,city-center,7148,Luggage Storage Agrigento Old Town,2026-10-05,18,weekday,50,0,50,read
2026-10-05 17:40,agrigento,city-center,7126,Luggage Storage Agrigento Bus Station,2026-10-05,18,weekday,20,0,20,read
2026-10-05 17:40,agrigento,agrigento-train-staion,6472980,Luggage Storage Agrigento Station 24/7,2026-10-05,18,weekday,50,0,50,read
2026-10-05 17:40,agrigento,agrigento-train-staion,6452753,Luggage Storage Agrigento Railway Station,2026-10-05,18,weekday,20,0,20,read
2026-10-05 17:40,agrigento,city-center,6452613,Luggage Storage Scalinata Degli Artisti,2026-10-05,18,weekday,50,0,50,read
2026-10-05 17:40,aosta,train-station,3895,Luggage Storage Transit Station Aosta,2026-10-05,18,weekday,65,0,65,read
2026-10-05 17:40,aosta,train-station,3864,Luggage Storage Aosta Train Station,2026-10-05,18,weekday,10,0,10,read
2026-10-05 17:40,aosta,city-center,6451191,Luggage Storage Aosta Railway Station,2026-10-05,18,weekday,100,0,100,read
2026-10-05 17:40,aosta,train-station,6451201,Luggage Storage Aosta Cathedral,2026-10-05,18,weekday,10,0,10,read
2026-10-05 17:40,brescia,train-station,6036,Luggage Storage Vittoria Metro Station,2026-10-05,18,weekday,10,0,10,read
2026-10-05 17:40,brescia,train-station,6469491,Luggage Storage Piazza della Vittoria,2026-10-05,18,weekday,20,0,20,read
2026-10-05 17:40,brescia,train-station,6030,Luggage Storage Torri Gemelle Park,2026-10-05,18,weekday,20,0,20,read
2026-10-05 17:40,como,city-center,6459749,Luggage Storage Duomo Di Como,2026-10-05,18,weekday,40,0,40,read
2026-10-05 17:40,como,como-lago-train-station,6459994,Luggage Storage Como Lago Train Station,2026-10-05,18,weekday,30,0,30,read
2026-10-05 17:40,como,city-center,7964,Luggage Storage near Como Borghi Railway Station,2026-10-05,18,weekday,40,0,40,read
2026-10-05 17:40,como,city-center,6473954,Luggage Storage near Como S. Giovanni Stn.,2026-10-05,18,weekday,10,0,10,read
2026-10-05 17:40,como,city-center,6473498,Luggage Storage Como S. Giovanni Station,2026-10-05,18,weekday,35,3,32,read
2026-10-05 17:40,monza,downtown,6200,Luggage Storage Monza City Center,2026-10-05,18,weekday,230,0,230,read
2026-10-05 17:40,monza,monza-train-station,6462144,Luggage Storage near Monza Station,2026-10-05,18,weekday,25,0,25,read
2026-10-05 17:40,monza,monza-train-station,6462159,Luggage Storage Via Cavour,2026-10-05,18,weekday,120,0,120,read
2026-10-05 17:40,monza,monza-train-station,6462143,Luggage Storage Monza Railway Station,2026-10-05,18,weekday,20,0,20,read
2026-10-05 17:40,parma,station,6460158,Luggage Storage Parma Railway Station,2026-10-05,18,weekday,20,0,20,read
2026-10-05 17:40,parma,station,6461734,Luggage Storage Parma Train Station,2026-10-05,18,weekday,20,0,20,read
2026-10-05 17:40,parma,city-center,6473550,Luggage Storage Arch of San Lazzaro,2026-10-05,18,weekday,10,0,10,read
2026-10-05 17:40,parma,station,6469925,Luggage Storage near Parma Station,2026-10-05,18,weekday,15,0,15,read
2026-10-05 17:40,parma,city-center,6462255,Luggage Storage near Governor's Palace,2026-10-05,18,weekday,20,0,20,read
2026-10-05 17:40,parma,city-center,6461414,Luggage Storage near Palazzo Marchi,2026-10-05,18,weekday,15,0,15,read
2026-10-05 17:40,polignano-a-mare,central-station,6918,Luggage Storage Piazza Aldo Moro,2026-10-05,18,weekday,50,2,48,read
2026-10-05 17:40,polignano-a-mare,city-center,6315,Luggage Storage Pinocchio Park,2026-10-05,18,weekday,20,0,20,read
2026-10-05 17:40,polignano-a-mare,central-station,7442,Luggage Storage Lama Monachile,2026-10-05,18,weekday,40,0,40,read
2026-10-05 17:40,polignano-a-mare,central-station,6458257,Luggage Storage Polignano A Mare Railway Station,2026-10-05,18,weekday,20,0,20,read
2026-10-05 17:40,polignano-a-mare,city-center,6455631,Luggage Storage San Vito Beach,2026-10-05,18,weekday,10,0,10,read
2026-10-05 17:40,ravenna,main-station,1538,Luggage Storage Ravenna Train Station,2026-10-05,18,weekday,40,0,40,read
2026-10-05 17:40,ravenna,main-station,6453551,Luggage Storage Ravenna Station,2026-10-05,18,weekday,30,0,30,read
2026-10-05 17:40,ravenna,main-station,6461889,Luggage Storage near Ravenna Station,2026-10-05,18,weekday,20,3,17,read
2026-10-05 17:40,ravenna,main-station,6461479,Luggage Storage Ravenna Railway Station,2026-10-05,18,weekday,20,0,20,read
2026-10-05 17:40,ravenna,main-station,6453186,Luggage Storage Via Molinetto,2026-10-05,18,weekday,20,0,20,read
2026-10-05 17:40,savona,train-station,7722,Luggage Storage Savona Railway Station,2026-10-05,18,weekday,20,0,20,read
2026-10-05 17:40,savona,public-beach-lo-scaletto-dei-pescatori,6456768,Luggage Storage Lo Scaletto Dei Pescatori Beach,2026-10-05,18,weekday,20,0,20,read
2026-10-05 17:40,savona,savona-city-center,6461566,Luggage Storage Via XX Settembre,2026-10-05,18,weekday,20,0,20,read
2026-10-05 17:40,savona,savona-city-center,6470488,Luggage Storage Via Collodi,2026-10-05,18,weekday,10,0,10,read
2026-10-05 17:40,trieste,trieste-train-station,9042,Luggage Storage Trieste Railway Station,2026-10-05,18,weekday,10,0,10,read
2026-10-05 17:40,trieste,trieste-train-station,6451346,Luggage Storage Trieste Centrale,2026-10-05,18,weekday,30,7,23,read
2026-10-05 17:40,trieste,trieste-train-station,6451611,Luggage Storage Arco Di Riccardo,2026-10-05,18,weekday,60,0,60,read
2026-10-05 17:40,trieste,trieste-train-station,4952,Luggage Storage Canal Grande Di Trieste,2026-10-05,18,weekday,40,5,35,read
2026-10-05 17:40,ancona,ancona-train-station,458,Luggage Storage Ancona Train Station,2026-10-05,18,weekday,100,2,98,read
2026-10-05 17:40,ancona,ancona-train-station,3893,Luggage Storage Ancona Railway Station,2026-10-05,18,weekday,100,0,100,read
2026-10-05 17:40,ancona,ancona-train-station,5993,Luggage Storage Ugo Bassi Square,2026-10-05,18,weekday,15,0,15,read
2026-10-05 17:40,ancona,ancona-train-station,5983,Luggage Storage Cristo Divino Church,2026-10-05,18,weekday,15,0,15,read
2026-10-05 17:40,arezzo,city-center,9266,Luggage Storage Arezzo Railway Station,2026-10-05,18,weekday,50,0,50,read
2026-10-05 17:40,arezzo,city-center,9279,Luggage Storage Piazza Grande,2026-10-05,18,weekday,15,0,15,read
2026-10-05 17:40,arezzo,city-center,9278,Luggage Storage Porta Sant'Andrea,2026-10-05,18,weekday,30,0,30,read
2026-10-05 17:40,arezzo,arezzo-train-station,6451175,Luggage Storage Campo Di Marte / Arezzo Station,2026-10-05,18,weekday,25,0,25,read
2026-10-05 17:40,arezzo,city-center,9270,Luggage Storage Via Petrarca,2026-10-05,18,weekday,50,0,50,read
2026-10-05 17:40,arezzo,arezzo-train-station,6456122,Luggage Storage near Arezzo Station,2026-10-05,18,weekday,15,0,15,read
2026-10-05 17:40,caserta,royal-palace,2497,Luggage Storage Royal Palace,2026-10-05,18,weekday,50,0,50,read
2026-10-05 17:40,caserta,city-center,6470092,Luggage Storage Caserta Railway Station,2026-10-05,18,weekday,10,0,10,read
2026-10-05 17:40,caserta,city-center,6470091,Luggage Storage Caserta Train Station,2026-10-05,18,weekday,100,0,100,read
2026-10-05 17:40,caserta,city-center,6470098,Luggage Storage near Caserta Bus Station,2026-10-05,18,weekday,20,0,20,read
2026-10-05 17:40,caserta,city-center,6470164,Luggage Storage Caserta Bus Station,2026-10-05,18,weekday,30,0,30,read
2026-10-05 17:40,caserta,city-center,6452180,Luggage Storage near Viale Beneduce,2026-10-05,18,weekday,20,0,20,read
2026-10-05 17:40,civitavecchia,railway-station,7383,Luggage Storage Civitavecchia Railway Station,2026-10-05,18,weekday,40,0,40,read
2026-10-05 17:40,civitavecchia,port,7384,Luggage Storage Civitavecchia Port Bus Charter,2026-10-05,18,weekday,30,0,30,read
2026-10-05 17:40,civitavecchia,civitavecchia-1,6451190,Luggage Storage Mercato Di Civitavecchia,2026-10-05,18,weekday,20,0,20,read
2026-10-05 17:40,civitavecchia,railway-station,6474441,Luggage Storage Piazza Vittorio Emanuele,2026-10-05,18,weekday,10,0,10,read
2026-10-05 17:40,civitavecchia,railway-station,6470146,Luggage Storage near Civitavecchia Station,2026-10-05,18,weekday,15,0,15,read
2026-10-05 17:40,gallipoli,gallipoli-station,6525,Luggage Storage Gallipoli Port,2026-10-05,18,weekday,20,0,20,read
2026-10-05 17:40,gallipoli,gallipoli-station,6458940,Luggage Storage Corso Roma,2026-10-05,18,weekday,20,0,20,read
2026-10-05 17:40,gallipoli,gallipoli-station,6458939,Luggage Storage Lungomare Galileo Galilei,2026-10-05,18,weekday,20,0,20,read
2026-10-05 17:40,gallipoli,baia-verde,6458822,Luggage Storage Baia Verde,2026-10-05,18,weekday,35,0,35,read
2026-10-05 17:40,livorno,livorno-train-station,9547,Luggage Storage Livorno Centrale,2026-10-05,18,weekday,25,0,25,read
2026-10-05 17:40,livorno,city-center,6451865,Luggage Storage Cisternone,2026-10-05,18,weekday,50,0,50,read
2026-10-05 17:40,livorno,city-center,6451828,Luggage Storage Piazza Mazzini,2026-10-05,18,weekday,20,0,20,read
2026-10-05 17:40,livorno,livorno-train-station,6469841,Luggage Storage Livorno Cathedral,2026-10-05,18,weekday,50,0,50,read
2026-10-05 17:40,livorno,city-center,6451829,Luggage Storage Birthplace Amedeo Modigliani,2026-10-05,18,weekday,30,0,30,read
2026-10-05 17:40,padua,main-station,7276,Luggage Storage Padua Train Station,2026-10-05,18,weekday,50,0,50,read
2026-10-05 17:40,padua,city-center,2488,Luggage Storage Scrovegni Chapel,2026-10-05,18,weekday,25,0,25,read
2026-10-05 17:40,padua,main-station,6467981,Luggage Storage Padova Railway Station,2026-10-05,18,weekday,50,0,50,read
2026-10-05 17:40,padua,main-station,7281,Luggage Storage Via Sarpi,2026-10-05,18,weekday,60,0,60,read
2026-10-05 17:40,padua,city-center,6467957,Luggage Storage near Prato Della Valle,2026-10-05,18,weekday,50,0,50,read
2026-10-05 17:40,ragusa,ragusa-train-station,6452897,Luggage Storage Ragusa Train Station,2026-10-05,18,weekday,25,0,25,read
2026-10-05 17:40,ragusa,city-center,6452985,Luggage Storage near Ragusa Bus Terminal,2026-10-05,18,weekday,40,0,40,read
2026-10-05 17:40,ragusa,duomo-di-san-giorgio,6470857,Luggage Storage Chiesa di San Giuseppe,2026-10-05,18,weekday,10,0,10,read
2026-10-05 17:40,ragusa,city-center,6452978,Luggage Storage near Ragusa Cathedral,2026-10-05,18,weekday,10,0,10,read
2026-10-05 17:40,ragusa,city-center,6452840,Luggage Storage Duomo Di Ragusa,2026-10-05,18,weekday,10,0,10,read
2026-10-05 17:40,bressanone-brixen,train-station,9925,Luggage Storage Bressanone Railway Station,2026-10-05,18,weekday,30,1,29,read
2026-10-05 17:40,bressanone-brixen,bressanone-brixen-train-station,6461279,Luggage Storage near Bressanone Station,2026-10-05,18,weekday,20,1,19,read
2026-10-05 17:40,bressanone-brixen,bressanone-brixen-train-station,6461278,Luggage Storage Bressanone Train Station,2026-10-05,18,weekday,20,0,20,read
2026-10-05 17:40,bressanone-brixen,bressanone-brixen-train-station,6461342,Luggage Storage near Forum Bressanone,2026-10-05,18,weekday,20,0,20,read
2026-10-05 17:40,cefalu,cefalu-transit-station,6644,Luggage Storage Cefalù Old Town,2026-10-05,18,weekday,35,1,34,read
2026-10-05 17:40,cefalu,city-center,5092,Luggage Storage Rocca Di Cefalù,2026-10-05,18,weekday,30,0,30,read
2026-10-05 17:40,cefalu,cefalu-transit-station,6456584,Luggage Storage Cefalù Railway Station,2026-10-05,18,weekday,80,0,80,read
2026-10-05 17:40,imola,city-center,6453094,Luggage Storage Imola Train Station,2026-10-05,18,weekday,150,0,150,read
2026-10-05 17:40,imola,city-center,6467886,Luggage Storage Piazza Matteotti,2026-10-05,18,weekday,200,0,200,read
2026-10-05 17:40,imola,city-center,6453070,Luggage Storage Imola Piazza Matteotti,2026-10-05,18,weekday,20,0,20,read
2026-10-05 17:40,noto,porta-reale-o-ferdinandea,7164,Luggage Storage Porta Reale,2026-10-05,18,weekday,25,0,25,read
2026-10-05 17:40,noto,city-center,6453331,Luggage Storage near Noto Train Station,2026-10-05,18,weekday,20,0,20,read
2026-10-05 17:40,noto,city-center,6453513,Luggage Storage Via Napoli / Salvemini,2026-10-05,18,weekday,25,0,25,read
2026-10-05 17:40,noto,porta-reale-o-ferdinandea,6453050,Luggage Storage Villa Comunale Noto,2026-10-05,18,weekday,20,0,20,read
2026-10-05 17:40,sassari,city-center,7623,Luggage Storage Viale Dante,2026-10-05,18,weekday,20,0,20,read
2026-10-05 17:40,sassari,sassari-train-station,7526,Luggage Storage Viale Porto Torres,2026-10-05,18,weekday,20,0,20,read
2026-10-05 17:40,taranto,castello-aragonese,6852,Luggage Storage San Cataldo Cathedral,2026-10-05,18,weekday,50,0,50,read
2026-10-05 17:40,taranto,sacello-romano,6455906,Luggage Storage Via Principe Amedeo,2026-10-05,18,weekday,10,0,10,read
2026-10-05 17:40,taranto,sacello-romano,6856,Luggage Storage Via Nitti,2026-10-05,18,weekday,40,0,40,read
2026-10-05 17:40,taranto,castello-aragonese,6848,Luggage Storage Giardini Piazza Garibaldi,2026-10-05,18,weekday,10,0,10,read
2026-10-05 17:40,treviso,treviso-train-station,806,Luggage Storage Treviso Train Station,2026-10-05,18,weekday,75,7,68,read
2026-10-05 17:40,treviso,treviso-train-station,8263,Luggage Storage Treviso Railway Station,2026-10-05,18,weekday,20,0,20,read
2026-10-05 17:40,treviso,city-center,8183,Luggage Storage Stadio Omobono Tenni,2026-10-05,18,weekday,20,0,20,read
2026-10-05 17:40,viareggio,train-station,7297,Luggage Storage Viareggio Train Station,2026-10-05,18,weekday,70,0,70,read
2026-10-05 17:40,viareggio,city-center,3327,Luggage Storage St Andrea Church,2026-10-05,18,weekday,40,0,40,read
2026-10-05 17:40,viareggio,train-station,6451814,Luggage Storage Piazza Piave,2026-10-05,18,weekday,30,0,30,read
2026-10-05 17:40,viareggio,city-center,6451851,Luggage Storage near Gamc,2026-10-05,18,weekday,25,0,25,read
2026-10-05 17:40,viareggio,city-center,6451810,Luggage Storage Viareggio Railway Station,2026-10-05,18,weekday,20,0,20,read
2026-10-05 17:40,assisi,city-center,8450,Luggage Storage Assisi Train Station,2026-10-05,18,weekday,60,4,56,read
2026-10-05 17:40,assisi,city-center,7307,Luggage Storage Basilica Di Santa Maria Degli Angeli,2026-10-05,18,weekday,25,0,25,read
2026-10-05 17:40,assisi,city-center,6466307,Luggage Storage Assisi Bus Station,2026-10-05,18,weekday,25,0,25,read
2026-10-05 17:40,caltanissetta,caltanissetta-centrale,7727,Luggage Storage Caltanissetta Train Station,2026-10-05,18,weekday,10,0,10,read
2026-10-05 17:40,caltanissetta,caltanissetta-old-town,7719,Luggage Storage Caltanissetta Old Town,2026-10-05,18,weekday,10,0,10,read
2026-10-05 17:40,caltanissetta,caltanissetta-centrale,7624,Luggage Storage Caltanissetta Centrale,2026-10-05,18,weekday,30,0,30,read
2026-10-05 17:40,cosenza,casa-di-galeazzo-di-tarsia,6794,Luggage Storage National Gallery Of Cosenza,2026-10-05,18,weekday,40,0,40,read
2026-10-05 17:40,cosenza,roges,7017,Luggage Storage Roges,2026-10-05,18,weekday,10,0,10,read
2026-10-05 17:40,cosenza,city-centre,6792,Luggage Storage Via Xxiv Maggio,2026-10-05,18,weekday,60,0,60,read
2026-10-05 17:40,cosenza,city-centre,6788,Luggage Storage Piazza Giacomo Mancini,2026-10-05,18,weekday,40,0,40,read
2026-10-05 17:40,cremona,city-center,3044,Luggage Storage Cremona Cathedral,2026-10-05,18,weekday,15,0,15,read
2026-10-05 17:40,cremona,cremona-train-station,6471042,Luggage Storage Cremona Bus Station,2026-10-05,18,weekday,30,0,30,read
2026-10-05 17:40,cremona,cremona-train-station,6471025,Luggage Storage Cremona Railway Station,2026-10-05,18,weekday,30,0,30,read
2026-10-05 17:40,giardini-naxos,city-center,6761,Luggage Storage St. John Beach,2026-10-05,18,weekday,25,0,25,read
2026-10-05 17:40,ischia,port,4835,Luggage Storage Ischia Ferry Pier,2026-10-05,18,weekday,50,0,50,read
2026-10-05 17:40,ischia,port,6460634,Luggage Storage Ischia Ferry Terminal,2026-10-05,18,weekday,30,0,30,read
2026-10-05 17:40,ischia,forio-port,6453676,Luggage Storage Forio Port,2026-10-05,18,weekday,30,0,30,read
2026-10-05 17:40,ischia,port,4947,Luggage Storage Casamicciola Port,2026-10-05,18,weekday,50,0,50,read
2026-10-05 17:40,lecco,train-station,7995,Luggage Storage Lecco Train Station,2026-10-05,18,weekday,30,0,30,read
2026-10-05 17:40,lecco,lecco-train-station,6470300,Luggage Storage near Lake Como Museum,2026-10-05,18,weekday,10,0,10,read
2026-10-05 17:40,lecco,lecco-train-station,6470206,Luggage Storage Lecco Railway Station,2026-10-05,18,weekday,20,0,20,read
2026-10-05 17:40,olbia,train-station,7387,Luggage Storage Olbia Terranova Train Station,2026-10-05,18,weekday,100,2,98,read
2026-10-05 17:40,olbia,train-station,7388,Luggage Storage Olbia Railway Station,2026-10-05,18,weekday,55,0,55,read
2026-10-05 17:40,pavia,downtown,1289,Luggage Storage Downtown Pavia,2026-10-05,18,weekday,30,0,30,read
2026-10-05 17:40,pavia,pavia-train-station,9767,Luggage Storage Pavia Piazza Dante,2026-10-05,18,weekday,10,0,10,read
2026-10-05 17:40,pavia,pavia-train-station,6460851,Luggage Storage Pavia Train Station,2026-10-05,18,weekday,20,0,20,read
2026-10-05 17:40,porto-torres,city-center,5519,Luggage Storage Porto Torres Marittima,2026-10-05,18,weekday,100,0,100,read
2026-10-05 17:40,porto-torres,city-center,6456059,Luggage Storage Via Sassari,2026-10-05,18,weekday,30,0,30,read
2026-10-05 17:40,porto-torres,port,7593,Luggage Storage Porto Torres Port,2026-10-05,18,weekday,30,0,30,read
2026-10-05 17:40,rapallo,train-station,6452316,Luggage Storage Rapallo Railway Station,2026-10-05,18,weekday,30,0,30,read
2026-10-05 17:40,rapallo,rapallo-train-station,6470556,Luggage Storage near Rapallo Station,2026-10-05,18,weekday,35,0,35,read
2026-10-05 17:40,rapallo,rapallo-train-station,6461574,Luggage Storage Via S. Anna,2026-10-05,18,weekday,20,0,20,read
2026-10-05 17:40,riccione,city-center,6460160,Luggage Storage Riccione Train Station,2026-10-05,18,weekday,65,0,65,read
2026-10-05 17:40,riccione,city-center,6453440,Luggage Storage Viale Bellini,2026-10-05,18,weekday,30,0,30,read
2026-10-05 17:40,riccione,terme,6453417,Luggage Storage Riccione Terme,2026-10-05,18,weekday,10,0,10,read
2026-10-05 17:40,riccione,city-center,6453337,Luggage Storage Corso Fratelli Cervi,2026-10-05,18,weekday,10,0,10,read
2026-10-05 17:40,altamura,city-centre,6455041,Luggage Storage Church Of Saint Theresa,2026-10-05,18,weekday,10,0,10,read
2026-10-05 17:40,altamura,city-centre,6455033,Luggage Storage Altamura City Hall,2026-10-05,18,weekday,10,,,unavailable
2026-10-05 17:40,altamura,city-centre,6455015,Luggage Storage Altamura Old Town,2026-10-05,18,weekday,20,0,20,read
2026-10-05 17:40,amalfi,city-centre,9557,Luggage Storage Duomo Di Amalfi,2026-10-05,18,weekday,30,4,26,read
2026-10-05 17:40,amalfi,city-centre,7447,Luggage Storage Amalfi City Center,2026-10-05,18,weekday,50,0,50,read
2026-10-05 17:40,amalfi,city-centre,6460555,Luggage Storage Amalfi Port,2026-10-05,18,weekday,35,0,35,read
2026-10-05 17:40,castellammare-di-stabia,castellammare-di-stabia-train-station,5889,Luggage Storage near Castellammare Di Stabia Station,2026-10-05,18,weekday,300,0,300,read
2026-10-05 17:40,castellammare-di-stabia,castellammare-di-stabia-train-station,6451920,Luggage Storage Pioppaino Railway Station,2026-10-05,18,weekday,10,0,10,read
2026-10-05 17:40,castellammare-di-stabia,castellammare-di-stabia-train-station,5898,Luggage Storage Villa Comunale,2026-10-05,18,weekday,200,0,200,read
2026-10-05 17:40,desenzano,train-station,6267,Luggage Storage Desenzano Port,2026-10-05,18,weekday,50,0,50,read
2026-10-05 17:40,desenzano,desenzano-train-station,6460741,Luggage Storage Desenzano Railway Station,2026-10-05,18,weekday,45,0,45,read
2026-10-05 17:40,donnalucata,city-centre,6452863,Luggage Storage Donnalucata Beach,2026-10-05,18,weekday,10,0,10,read
2026-10-05 17:40,donnalucata,city-centre,6452979,Luggage Storage near Donnalucata Beach,2026-10-05,18,weekday,10,0,10,read
2026-10-05 17:40,donnalucata,city-centre,6452846,Luggage Storage Lungomare Di Donnalucata,2026-10-05,18,weekday,20,0,20,read
2026-10-05 17:40,la-maddalena,la-maddalena-ferry-terminal,7660,Luggage Storage La Maddalena Ferry Terminal,2026-10-05,18,weekday,35,0,35,read
2026-10-05 17:40,la-maddalena,la-maddalena-ferry-terminal,6460822,Luggage Storage La Maddalena Port,2026-10-05,18,weekday,20,0,20,read
2026-10-05 17:40,la-maddalena,la-maddalena-ferry-terminal,6460785,Luggage Storage Via Cairoli,2026-10-05,18,weekday,20,0,20,read
2026-10-05 17:40,merano,city-center,6469835,Luggage Storage Merano City Center,2026-10-05,18,weekday,15,0,15,read
2026-10-05 17:40,milazzo,port,6471045,Luggage Storage Via dei Mille,2026-10-05,18,weekday,200,0,200,read
2026-10-05 17:40,milazzo,port,3162,Luggage Storage Port,2026-10-05,18,weekday,20,0,20,read
2026-10-05 17:40,ostuni,city-centre,6876,Luggage Storage Ostuni Train Station,2026-10-05,18,weekday,50,0,50,read
2026-10-05 17:40,ostuni,city-centre,6898,Luggage Storage Via Papa Giovanni Xxiii,2026-10-05,18,weekday,100,0,100,read
2026-10-05 17:40,pesaro,city-center,6453381,Luggage Storage near Pesaro Station,2026-10-05,18,weekday,100,0,100,read
2026-10-05 17:40,pesaro,city-center,6453382,Luggage Storage Pesaro Old Town,2026-10-05,18,weekday,100,0,100,read
2026-10-05 17:40,pesaro,city-center,6453347,Luggage Storage Palazzo Mosca,2026-10-05,18,weekday,10,0,10,read
2026-10-05 17:40,positano,chiesa-nuova,3961,Luggage Storage Positano Fornillo Beach,2026-10-05,18,weekday,20,0,20,read
2026-10-05 17:40,prato,prato-centrale,4478,Luggage Storage Prato City Center,2026-10-05,18,weekday,40,0,40,read
2026-10-05 17:40,prato,prato-centrale,6784,Luggage Storage Prato Centrale,2026-10-05,18,weekday,20,0,20,read
2026-10-05 17:40,prato,prato-centrale,6471185,Luggage Storage Prato Centrale Railway Station,2026-10-05,18,weekday,10,0,10,read
2026-10-05 17:40,reggio-emilia,railway-station,7858,Luggage Storage Reggio Emilia Train Station,2026-10-05,18,weekday,65,0,65,read
2026-10-05 17:40,reggio-emilia,reggio-emilia-old-town,7861,Luggage Storage Palazzo Magnani,2026-10-05,18,weekday,10,0,10,read
2026-10-05 17:40,sirmione,city-center,6452685,Luggage Storage Sirmione Castle,2026-10-05,18,weekday,30,0,30,read
2026-10-05 17:40,sirmione,porto-di-lugana,6859,Luggage Storage Porto Di Lugana,2026-10-05,18,weekday,100,0,100,read
2026-10-05 17:40,tirano,tirano-railway-station,6467810,Luggage Storage Tirano Train Station,2026-10-05,18,weekday,40,8,32,read
2026-10-05 17:40,vicenza,city-center,1530,Luggage Storage Piazza Castello,2026-10-05,18,weekday,40,0,40,read
2026-10-05 17:40,vicenza,main-station,6461412,Luggage Storage Vicenza Railway Station,2026-10-05,18,weekday,35,6,29,read
2026-10-05 17:40,vicenza,city-center,1526,Luggage Storage Vicenza City Center,2026-10-05,18,weekday,30,0,30,read
2026-10-05 17:40,alberobello,alberobello-train-station,6930,Luggage Storage Alberobello Train Station,2026-10-05,18,weekday,25,0,25,read
2026-10-05 17:40,alberobello,city-center,6455991,Luggage Storage Via Piave,2026-10-05,18,weekday,30,0,30,read
2026-10-05 17:40,asti,city-center,6451274,Luggage Storage Asti Cathedral,2026-10-05,18,weekday,15,0,15,read
2026-10-05 17:40,asti,city-center,6451277,Luggage Storage Palazzo Mazzetti,2026-10-05,18,weekday,15,0,15,read
2026-10-05 17:40,cervia,milano-marittima,6455105,Luggage Storage Viale Dante Alighieri,2026-10-05,18,weekday,10,0,10,read
2026-10-05 17:40,cervia,city-center,6461485,Luggage Storage Cervia City Center,2026-10-05,18,weekday,20,0,20,read
2026-10-05 17:40,elba,marina-di-campo,6460662,Luggage Storage Marina di Campo Beach,2026-10-05,18,weekday,20,0,20,read
2026-10-05 17:40,elba,procchio,6460661,Luggage Storage Procchio Beach,2026-10-05,18,weekday,20,0,20,read
2026-10-05 17:40,grosseto,city-centre,2054,Luggage Storage Grosseto City Centre,2026-10-05,18,weekday,20,0,20,read
2026-10-05 17:40,jesolo,lido-jesolo,6461178,Luggage Storage near Piazza Drago,2026-10-05,18,weekday,20,0,20,read
2026-10-05 17:40,jesolo,lido-jesolo,6455532,Luggage Storage Lido Di Jesolo,2026-10-05,18,weekday,20,0,20,read
2026-10-05 17:40,lamezia-terme,train-station,6452912,Luggage Storage Lamezia Terme Centrale,2026-10-05,18,weekday,30,0,30,read
2026-10-05 17:40,locorotondo,city-center,6456332,Luggage Storage Locorotondo Train Station,2026-10-05,18,weekday,50,0,50,read
2026-10-05 17:40,marsala,train-station,7145,Luggage Storage Marsala Railway Station,2026-10-05,18,weekday,50,0,50,read
2026-10-05 17:40,marsala,porta-garibaldi,7150,Luggage Storage Porta Garibaldi,2026-10-05,18,weekday,30,0,30,read
2026-10-05 17:40,massa,city-center,6458344,Luggage Storage Massa Centro Railway Station,2026-10-05,18,weekday,20,0,20,read
2026-10-05 17:40,novara,novara-train-station,6462036,Luggage Storage Novara Train Station,2026-10-05,18,weekday,25,7,18,read
2026-10-05 17:40,potenza,city-center,6460018,Luggage Storage Potenza City Center,2026-10-05,18,weekday,100,0,100,read
2026-10-05 17:40,potenza,potenza-city-center,6459940,Luggage Storage Potenza Santa Maria,2026-10-05,18,weekday,20,0,20,read
2026-10-05 17:40,procida,port,4866,Luggage Storage Procida Port,2026-10-05,18,weekday,250,0,250,read
2026-10-05 17:40,rovereto,rovereto-train-station,6461330,Luggage Storage Rovereto Railway Station,2026-10-05,18,weekday,20,0,20,read
2026-10-05 17:40,sanremo,city-center,7763,Luggage Storage Sanremo City Center,2026-10-05,18,weekday,20,0,20,read
2026-10-05 17:40,sestri-levante,sestri-levante-train-station,6459775,Luggage Storage Sestri Levante City Center,2026-10-05,18,weekday,20,0,20,read
2026-10-05 17:40,stromboli,ferry-terminal,3958,Luggage Storage Stromboli Ferry Terminal,2026-10-05,18,weekday,20,0,20,read
2026-10-05 17:40,stromboli,ferry-terminal,6461846,Luggage Storage Scari Beach,2026-10-05,18,weekday,20,0,20,read
2026-10-05 17:40,taormina,city-centre,6533,Luggage Storage Taormina City Center,2026-10-05,18,weekday,50,0,50,read
2026-10-05 17:40,taormina,city-centre,6472384,Luggage Storage Taormina Bus Terminal,2026-10-05,18,weekday,20,0,20,read
2026-10-05 17:40,tivoli,villa-d-este,5904,Luggage Storage Church Of S. Michael Archangel,2026-10-05,18,weekday,20,0,20,read
2026-10-05 17:40,tropea,city-centre,6813,Luggage Storage Tropea City Center,2026-10-05,18,weekday,30,0,30,read
2026-10-05 17:40,ventimiglia,city-center-ventimiglia,6451656,Luggage Storage near Ventimiglia Railway Station,2026-10-05,18,weekday,100,0,100,read
2026-10-05 17:40,ventimiglia,city-center-ventimiglia,6469655,Luggage Storage Ventimiglia Railway Station,2026-10-05,18,weekday,50,0,50,read
2026-10-05 17:40,alessandria,tortona,6451902,Luggage Storage Via S. Marziano,2026-10-05,18,weekday,15,0,15,read
2026-10-05 17:40,angri,train-station,5405,Luggage Storage Angri Train Station,2026-10-05,18,weekday,50,0,50,read
2026-10-05 17:40,avola,city-center,6456894,Luggage Storage Avola City Center,2026-10-05,18,weekday,10,0,10,read
2026-10-05 17:40,camaiore,city-center,6451822,Luggage Storage Camaiore City Center,2026-10-05,18,weekday,50,0,50,read
2026-10-05 17:40,camogli,camogli-s-fruttuoso-train-station,6460394,Luggage Storage Camogli Train Station,2026-10-05,18,weekday,40,0,40,read
2026-10-05 17:40,castellammare-del-golfo,city-center,3883,Luggage Storage Castellammare Del Golfo City Center,2026-10-05,18,weekday,20,0,20,read
2026-10-05 17:40,catanzaro,fortuna,7917,Luggage Storage Catanzaro Railway Station,2026-10-05,18,weekday,10,0,10,read
2026-10-05 17:40,cecina,train-station,4417,Luggage Storage Cecina Station,2026-10-05,18,weekday,20,0,20,read
2026-10-05 17:40,chiavari,chiavari-train-station,6452398,Luggage Storage Chiavari Train Station,2026-10-05,18,weekday,20,0,20,read
2026-10-05 17:40,chioggia,sottomarina,6468348,Luggage Storage Sottomarina,2026-10-05,18,weekday,100,0,100,read
2026-10-05 17:40,corigliano-calabro,lungomare-di-schiavonea,8670,Luggage Storage Schiavonea Di Corigliano Calabro,2026-10-05,18,weekday,10,0,10,read
2026-10-05 17:40,forio-ischia,forio-beach,6454421,Luggage Storage near Forio Beach,2026-10-05,18,weekday,15,0,15,read
2026-10-05 17:40,gaeta,city-center,6452687,Luggage Storage Lungomare Di Gaeta,2026-10-05,18,weekday,20,0,20,read
2026-10-05 17:40,gorizia,gorizia-train-station,9040,Luggage Storage Gorizia Train Station,2026-10-05,18,weekday,25,0,25,read
2026-10-05 17:40,gravina-in-puglia,city-center,4532,Luggage Storage Gravina Sotterranea,2026-10-05,18,weekday,50,0,50,read
2026-10-05 17:40,isola-del-giglio,giglio-porto,2622,Luggage Storage Port,2026-10-05,18,weekday,30,0,30,read
2026-10-05 17:40,lampedusa,city-center,4829,Luggage Storage Lampedusa City Center,2026-10-05,18,weekday,50,0,50,read
2026-10-05 17:40,maglie,old-town,2679,Luggage Storage Maglie Train Station,2026-10-05,18,weekday,10,0,10,read
2026-10-05 17:40,martina-franca,city-center,6455140,Luggage Storage Villa Garibaldi,2026-10-05,18,weekday,10,0,10,read
2026-10-05 17:40,mazara-del-vallo,train-station,5293,Luggage Storage Stazione Di Mazara Del Vallo,2026-10-05,18,weekday,10,0,10,read
2026-10-05 17:40,mira,mira-city-center,7736,Luggage Storage Mira Via Nazionale,2026-10-05,18,weekday,30,0,30,read
2026-10-05 17:40,modica,city-center,6452836,Luggage Storage Trenino Barocco Modica,2026-10-05,18,weekday,10,0,10,read
2026-10-05 17:40,otranto,city-center,6455686,Luggage Storage near Otranto Old Town,2026-10-05,18,weekday,100,0,100,read
2026-10-05 17:40,palau,palau-ferry-terminal,7657,Luggage Storage Palau Ferry Terminal,2026-10-05,18,weekday,20,0,20,read
2026-10-05 17:40,paola,paola-train-station,8993,Luggage Storage Paola Train Station,2026-10-05,18,weekday,10,0,10,read
2026-10-05 17:40,peschiera-del-garda,peschiera-del-garda-train-station,6460959,Luggage Storage Peschiera Del Garda Railway Station,2026-10-05,18,weekday,35,0,35,read
2026-10-05 17:40,piacenza,piacenza-train-station,6451173,Luggage Storage Piacenza Train Station,2026-10-05,18,weekday,25,0,25,read
2026-10-05 17:40,pistoia,pistoia-train-station,4475,Luggage Storage Pistoia Train Station,2026-10-05,18,weekday,25,0,25,read
2026-10-05 17:40,pizzo-calabro,city-center,6455065,Luggage Storage Pizzo City Center,2026-10-05,18,weekday,20,0,20,read
2026-10-05 17:40,ponza,giancos-beach,6460679,Luggage Storage Giancos Beach,2026-10-05,18,weekday,20,0,20,read
2026-10-05 17:40,portici,city-center,6453595,Luggage Storage Portici Corso Garibaldi,2026-10-05,18,weekday,50,0,50,read
2026-10-05 17:40,rho,railway-station,9314,Luggage Storage Church of Saint Victor Martyr,2026-10-05,18,weekday,20,0,20,read
2026-10-05 17:40,riomaggiore,riomaggiore-train-station,6459767,Luggage Storage Riomaggiore City Center,2026-10-05,18,weekday,35,1,34,read
2026-10-05 17:40,rivoli,city-centre,7166,Luggage Storage Corso Xxv Aprile,2026-10-05,18,weekday,20,0,20,read
2026-10-05 17:40,rovigo,rovigo-train-station,6457110,Luggage Storage Rovigo Train Station,2026-10-05,18,weekday,20,0,20,read
2026-10-05 17:40,san-teodoro,piazza-di-gallura,7389,Luggage Storage Piazza Di Gallura,2026-10-05,18,weekday,45,0,45,read
2026-10-05 17:40,san-vito-lo-capo,city-center,8336,Luggage Storage Santuario Di San Vito,2026-10-05,18,weekday,50,0,50,read
2026-10-05 17:40,scicli,city-center,6453837,Luggage Storage near Via Nazionale,2026-10-05,18,weekday,10,0,10,read
2026-10-05 17:40,trani,trani-transit-station,6936,Luggage Storage Trani Port,2026-10-05,18,weekday,50,0,50,read
2026-10-05 17:40,vico-del-gargano,city-center,7226,Luggage Storage City Center Vico Del Gargano,2026-10-05,18,weekday,10,0,10,read
2026-10-05 17:40,vigevano,city-center,6459516,Luggage Storage Corso Cavour,2026-10-05,18,weekday,20,0,20,read
2026-10-05 17:40,villasimius,viale-matteotti,6484,Luggage Storage Viale Matteotti,2026-10-05,18,weekday,10,0,10,read
2026-10-05 18:08,rome,termini,1109,Luggage Storage Termini,2026-10-05,19,weekday,300,27,273,read
2026-10-05 18:08,rome,termini,6453333,Luggage Storage Termini / Piazza Dei Cinquecento,2026-10-05,19,weekday,100,2,98,read
2026-10-05 18:08,rome,trastevere,913,Luggage Storage Viale Trastevere,2026-10-05,19,weekday,80,4,76,read
2026-10-05 18:08,rome,roma-vatican-museums,6459809,Luggage Storage near Vatican Museums,2026-10-05,19,weekday,50,0,50,read
2026-10-05 18:08,rome,tiburtina,4599,Luggage Storage Tiburtina Train Station,2026-10-05,19,weekday,80,0,80,read
2026-10-05 18:08,rome,navona,21,Luggage Storage Navona,2026-10-05,19,weekday,100,0,100,read
2026-10-05 18:08,rome,termini,1352,Luggage Storage Termini Station,2026-10-05,19,weekday,60,2,58,read
2026-10-05 18:08,rome,vatican,4869,Luggage Storage Vatican City,2026-10-05,19,weekday,45,0,45,read
2026-10-05 18:08,rome,pantheon,57,Luggage Storage Pantheon - Rome Center,2026-10-05,19,weekday,300,0,300,read
2026-10-05 18:08,rome,san-giovanni,19,Luggage Storage S. Giovanni In Laterano,2026-10-05,19,weekday,300,0,300,read
2026-10-05 18:08,rome,trevi,6450924,Luggage Storage Piazza Barberini,2026-10-05,19,weekday,100,1,99,read
2026-10-05 18:08,rome,trastevere,5598,Luggage Storage Trastevere San Cosimato,2026-10-05,19,weekday,50,0,50,read
2026-10-05 18:08,rome,termini,5684,Luggage Storage Termini Rome,2026-10-05,19,weekday,50,5,45,read
2026-10-05 18:08,rome,pantheon,4900,Luggage Storage Teatro Argentina,2026-10-05,19,weekday,200,0,200,read
2026-10-05 18:08,rome,termini,4695,Luggage Storage Giolitti / Termini Station,2026-10-05,19,weekday,250,5,245,read
2026-10-05 18:08,rome,pantheon,5067,Luggage Storage Campo De Fiori,2026-10-05,19,weekday,40,1,39,read
2026-10-05 18:08,rome,s-pietro,4867,Luggage Storage Roma S.pietro Station,2026-10-05,19,weekday,25,0,25,read
2026-10-05 18:08,rome,ostiense,1828,Luggage Storage Eataly,2026-10-05,19,weekday,30,0,30,read
2026-10-05 18:08,rome,san-giovanni,15,Luggage Storage S.giovanni,2026-10-05,19,weekday,300,0,300,read
2026-10-05 18:08,rome,piazza-del-popolo,9875,Luggage Storage Flaminio Train Station,2026-10-05,19,weekday,100,2,98,read
2026-10-05 18:08,rome,parioli,8885,Luggage Storage Mancini Bus Terminal,2026-10-05,19,weekday,20,0,20,read
2026-10-05 18:08,rome,tiburtina,8637,Luggage Storage Monti Tiburtini Metro Station,2026-10-05,19,weekday,50,0,50,read
2026-10-05 18:08,rome,termini,7703,Luggage Storage Termini Railway Station,2026-10-05,19,weekday,100,0,100,read
2026-10-05 18:08,rome,esquilino,6984,Luggage Storage Manzoni Metro Station,2026-10-05,19,weekday,50,0,50,read
2026-10-05 18:08,rome,trastevere,6474541,Luggage Storage Via Albert Einstein / Marconi,2026-10-05,19,weekday,30,0,30,read
2026-10-05 18:08,rome,ottaviano,6474434,Luggage Storage Via Germanico / Vatican,2026-10-05,19,weekday,30,0,30,read
2026-10-05 18:08,rome,san-giovanni,6473098,Luggage Storage Viale Carlo Felice,2026-10-05,19,weekday,10,0,10,read
2026-10-05 18:08,rome,termini,6473095,Luggage Storage Viminale Bus Stop,2026-10-05,19,weekday,40,0,40,read
2026-10-05 18:08,rome,navona,6473024,Luggage Storage Via della Pace,2026-10-05,19,weekday,50,0,50,read
2026-10-05 18:08,rome,navona,6473023,Luggage Storage Fontana dei Quattro Fiumi,2026-10-05,19,weekday,60,0,60,read
2026-10-05 18:08,rome,navona,6473022,Luggage Storage Navona / Neptune Fountain,2026-10-05,19,weekday,60,0,60,read
2026-10-05 18:08,rome,colosseum,6473021,Luggage Storage Cavour / Ricci,2026-10-05,19,weekday,25,0,25,read
2026-10-05 18:08,rome,termini,6472962,Luggage Storage Termini / Amendola,2026-10-05,19,weekday,18,12,6,read
2026-10-05 18:08,rome,termini,6472955,Luggage Storage Milazzo / Termini Station,2026-10-05,19,weekday,100,0,100,read
2026-10-05 18:08,rome,termini,6472954,Luggage Storage Marsala / Milazzo,2026-10-05,19,weekday,100,1,99,read
2026-10-05 18:08,rome,termini,6472953,Luggage Storage Milazzo / Magenta,2026-10-05,19,weekday,100,0,100,read
2026-10-05 18:08,rome,pantheon,6472396,Luggage Storage near Pantheon,2026-10-05,19,weekday,35,0,35,read
2026-10-05 18:08,rome,flaminio,6472354,Luggage Storage near Piazza del Popolo,2026-10-05,19,weekday,50,0,50,read
2026-10-05 18:08,rome,termini,6471173,Luggage Storage Termini (Ma-Mb-Fs),2026-10-05,19,weekday,100,0,100,read
2026-10-05 18:08,rome,termini,6471145,Luggage Storage Via Marsala,2026-10-05,19,weekday,100,0,100,read
2026-10-05 18:08,rome,ostiense,6470456,Luggage Storage Ostiense/Matteucci,2026-10-05,19,weekday,50,0,50,read
2026-10-05 18:08,rome,ostiense,6470455,Luggage Storage near Ostiense,2026-10-05,19,weekday,20,0,20,read
2026-10-05 18:08,rome,ostiense,6470454,Luggage Storage Basilica S. Paolo,2026-10-05,19,weekday,50,0,50,read
2026-10-05 18:08,rome,termini,6470329,Luggage Storage Manin / Termini,2026-10-05,19,weekday,30,0,30,read
2026-10-05 18:08,rome,Municipio-Roma-X,6470296,Luggage Storage Casal Palocco,2026-10-05,19,weekday,30,0,30,read
2026-10-05 18:08,rome,termini,6469828,Luggage Storage Piazza dell'Esquilino,2026-10-05,19,weekday,300,0,300,read
2026-10-05 18:08,rome,repubblica,6469637,Luggage Storage Via Quattro Fontane,2026-10-05,19,weekday,50,0,50,read
2026-10-05 18:08,rome,ostia-1,6468366,Luggage Storage Corso Duca di Genova,2026-10-05,19,weekday,40,0,40,read
2026-10-05 18:08,rome,prati,6468191,Luggage Storage Via degli Scipioni,2026-10-05,19,weekday,30,1,29,read
2026-10-05 18:08,rome,pantheon,6468018,Luggage Storage near Piazza del Gesù,2026-10-05,19,weekday,50,0,50,read
2026-10-05 18:08,rome,esquilino,6463301,Luggage Storage Vittorio Emanuele Metro Station,2026-10-05,19,weekday,20,0,20,read
2026-10-05 18:08,rome,esquilino,6463300,Luggage Storage Porta Maggiore,2026-10-05,19,weekday,30,0,30,read
2026-10-05 18:08,rome,s-pietro,6463140,Luggage Storage near Paul VI Hall,2026-10-05,19,weekday,20,0,20,read
2026-10-05 18:08,rome,pantheon,6462317,Luggage Storage near Galleria Doria Pamphilj,2026-10-05,19,weekday,20,0,20,read
2026-10-05 18:08,rome,lepanto,6462316,Luggage Storage Roma Ottaviano,2026-10-05,19,weekday,35,0,35,read
2026-10-05 18:08,rome,repubblica,6462240,Luggage Storage Tritone/ Barberini,2026-10-05,19,weekday,40,0,40,read
2026-10-05 18:08,rome,manzoni,6462223,Luggage Storage Via Emanuele Filiberto,2026-10-05,19,weekday,20,0,20,read
2026-10-05 18:08,rome,trastevere,6461932,Luggage Storage near Piazza Trilussa,2026-10-05,19,weekday,20,1,19,read
2026-10-05 18:08,rome,s-pietro,6461618,Luggage Storage near St. Angelo Bridge,2026-10-05,19,weekday,50,0,50,read
2026-10-05 18:08,rome,piazza-di-san-pietro-in-vincoli,6461425,Luggage Storage Cipro/Bragadin,2026-10-05,19,weekday,20,0,20,read
2026-10-05 18:08,rome,san-lorenzo,6460798,Luggage Storage Roma San Lorenzo,2026-10-05,19,weekday,20,0,20,read
2026-10-05 18:08,rome,termini,6460703,Luggage Storage Via Carlo Cattaneo,2026-10-05,19,weekday,20,0,20,read
2026-10-05 18:08,rome,primavalle,6460001,Luggage Storage Circonvallazione Cornelia,2026-10-05,19,weekday,50,0,50,read
2026-10-05 18:08,rome,termini,6459912,Luggage Storage Amendola / Termini Station,2026-10-05,19,weekday,20,0,20,read
2026-10-05 18:08,rome,santa-maria-maggiore,6459910,Luggage Storage Gioberti / Santa Maria Maggiore,2026-10-05,19,weekday,100,0,100,read
2026-10-05 18:08,rome,pantheon,6459743,Luggage Storage Basilica Sant'Andrea Della Valle,2026-10-05,19,weekday,20,0,20,read
2026-10-05 18:08,rome,repubblica,6459675,Luggage Storage Piazza Del Viminale,2026-10-05,19,weekday,25,0,25,read
2026-10-05 18:08,rome,pantheon,6458442,Luggage Storage Vittorio Emanuele / Argentina,2026-10-05,19,weekday,40,0,40,read
2026-10-05 18:08,rome,primavalle,6458086,Luggage Storage Cannuta / Battistini,2026-10-05,19,weekday,30,0,30,read
2026-10-05 18:08,rome,castel-sant-angelo,6457822,Luggage Storage near Sant'Angelo Castle,2026-10-05,19,weekday,60,12,48,read
2026-10-05 18:08,rome,termini,6457601,Luggage Storage Amedeo / Termini,2026-10-05,19,weekday,20,0,20,read
2026-10-05 18:08,rome,esquilino,6457599,Luggage Storage Nuovo Mercato Esquilino,2026-10-05,19,weekday,35,0,35,read
2026-10-05 18:08,rome,vatican,6457407,Luggage Storage Ottaviano Metro Station,2026-10-05,19,weekday,15,0,15,read
2026-10-05 18:08,rome,termini,6457349,Luggage Storage Termini Metro Station,2026-10-05,19,weekday,45,1,44,read
2026-10-05 18:08,rome,esquilino,6457222,Luggage Storage Roma Porta Maggiore,2026-10-05,19,weekday,20,0,20,read
2026-10-05 18:08,rome,esquilino,6457185,Luggage Storage Basilica of San Giovanni in Laterano,2026-10-05,19,weekday,35,1,34,read
2026-10-05 18:08,rome,monti,6457113,Luggage Storage Urbana / Panisperna,2026-10-05,19,weekday,20,0,20,read
2026-10-05 18:08,rome,monti,6457108,Luggage Storage Roma Monti,2026-10-05,19,weekday,35,0,35,read
2026-10-05 18:08,rome,termini,6457058,Luggage Storage Basilica of Saint Pudentiana,2026-10-05,19,weekday,40,0,40,read
2026-10-05 18:08,rome,piazza-campo-de-fiori,6456889,Luggage Storage Via Dei Giubbonari,2026-10-05,19,weekday,25,0,25,read
2026-10-05 18:08,rome,piazza-campo-de-fiori,6456888,Luggage Storage near Campo De' Fiori,2026-10-05,19,weekday,50,0,50,read
2026-10-05 18:08,rome,piazza-campo-de-fiori,6456886,Luggage Storage Theatre Of Pompey,2026-10-05,19,weekday,30,0,30,read
2026-10-05 18:08,rome,trastevere,6456815,Luggage Storage Testaccio,2026-10-05,19,weekday,25,0,25,read
2026-10-05 18:08,rome,flaminio,6456650,Luggage Storage Mancini Bus Station,2026-10-05,19,weekday,25,0,25,read
2026-10-05 18:08,rome,piazza-di-san-pietro-in-vincoli,6456615,Luggage Storage Basilica Of San Pietro In Vincoli,2026-10-05,19,weekday,50,0,50,read
2026-10-05 18:08,rome,garbatella,6456416,Luggage Storage Roma Ostiense,2026-10-05,19,weekday,50,0,50,read
2026-10-05 18:08,rome,furio-camillo,6456362,Luggage Storage Appio Latino / Satrico,2026-10-05,19,weekday,30,0,30,read
2026-10-05 18:08,rome,pantheon,6455957,Luggage Storage Spagna Metro Station,2026-10-05,19,weekday,35,0,35,read
2026-10-05 18:08,rome,trastevere,6455283,Luggage Storage near Trastevere Station,2026-10-05,19,weekday,30,0,30,read
2026-10-05 18:08,rome,fiera-di-roma,6455074,Luggage Storage near Viale Dei Colli Portuensi,2026-10-05,19,weekday,30,0,30,read
2026-10-05 18:08,rome,lepanto,6454985,Luggage Storage Roma Flaminio,2026-10-05,19,weekday,25,0,25,read
2026-10-05 18:08,rome,portuense,6454526,Luggage Storage Circonvallazione Gianicolense,2026-10-05,19,weekday,20,0,20,read
2026-10-05 18:08,rome,prati,6454471,Luggage Storage Viale Giulio Cesare,2026-10-05,19,weekday,40,0,40,read
2026-10-05 18:08,rome,trastevere,6454401,Luggage Storage Roma Trastevere Railway Station,2026-10-05,19,weekday,100,0,100,read
2026-10-05 18:08,rome,vatican,6454230,Luggage Storage near Vatican City,2026-10-05,19,weekday,30,0,30,read
2026-10-05 18:08,rome,baldo-degli-ubaldi-station,6454059,Luggage Storage Cornelia Metro Station,2026-10-05,19,weekday,15,0,15,read
2026-10-05 18:08,rome,repubblica,6454032,Luggage Storage near Palazzo Delle Esposizioni,2026-10-05,19,weekday,50,0,50,read
2026-10-05 18:08,rome,largo-di-torre-argentina,6453995,Luggage Storage Roma Torre Argentina,2026-10-05,19,weekday,35,0,35,read
2026-10-05 18:08,rome,quartiere-xii-gianicolense,6453701,Luggage Storage Gianicolense/Ponte Bianco,2026-10-05,19,weekday,45,0,45,read
2026-10-05 18:08,rome,navona,6453616,Luggage Storage Piazza Navona,2026-10-05,19,weekday,30,0,30,read
2026-10-05 18:08,rome,termini,6453452,Luggage Storage Acquario Romano,2026-10-05,19,weekday,100,0,100,read
2026-10-05 18:08,rome,termini,6452726,Luggage Storage Gioberti Roma Termini,2026-10-05,19,weekday,100,0,100,read
2026-10-05 18:08,rome,esquilino,6452653,Luggage Storage Basilica Santa Maria Maggiore,2026-10-05,19,weekday,30,0,30,read
2026-10-05 18:08,rome,parioli,6452625,Luggage Storage near Foro Italico,2026-10-05,19,weekday,45,0,45,read
2026-10-05 18:08,rome,vatican,6452534,Luggage Storage Aurelia / Cavalleggeri,2026-10-05,19,weekday,35,1,34,read
2026-10-05 18:08,rome,vatican,6452533,Luggage Storage Passeggiata Del Gelsomino,2026-10-05,19,weekday,10,0,10,read
2026-10-05 18:08,rome,st-peter-basilica,6452532,Luggage Storage Porta Cavalleggeri,2026-10-05,19,weekday,35,0,35,read
2026-10-05 18:08,rome,cavour,6452487,Luggage Storage Roma Via Cavour,2026-10-05,19,weekday,50,0,50,read
2026-10-05 18:08,rome,termini,6452486,Luggage Storage near Museo Delle Illusioni,2026-10-05,19,weekday,25,0,25,read
2026-10-05 18:08,rome,prati,6452320,Luggage Storage Flaminio Metro Station,2026-10-05,19,weekday,50,0,50,read
2026-10-05 18:08,rome,bocca-della-verita,6452303,Luggage Storage Piazza Belli,2026-10-05,19,weekday,40,4,36,read
2026-10-05 18:08,rome,piazza-del-popolo,6452246,Luggage Storage near Roma Piazza Del Popolo,2026-10-05,19,weekday,55,0,55,read
2026-10-05 18:08,rome,termini,6452106,Luggage Storage Volturno/Cernaia,2026-10-05,19,weekday,25,0,25,read
2026-10-05 18:08,rome,brancaccio,6452072,Luggage Storage Largo Brancaccio,2026-10-05,19,weekday,20,0,20,read
2026-10-05 18:08,rome,monti,6451743,Luggage Storage Via Filippo Turati / Termini,2026-10-05,19,weekday,100,0,100,read
2026-10-05 18:08,rome,vatican,6451676,Luggage Storage near Teatro Ghione,2026-10-05,19,weekday,100,0,100,read
2026-10-05 18:08,rome,monti,6451669,Luggage Storage near Via Cavour,2026-10-05,19,weekday,40,0,40,read
2026-10-05 18:08,rome,vatican,6451625,Luggage Storage Borgo Pio,2026-10-05,19,weekday,100,0,100,read
2026-10-05 18:08,rome,vatican,6451598,Luggage Storage Via Aurelia,2026-10-05,19,weekday,70,0,70,read
2026-10-05 18:08,rome,piazza-campo-de-fiori,6451596,Luggage Storage Roma Campo De' Fiori,2026-10-05,19,weekday,100,0,100,read
2026-10-05 18:08,rome,tiburtina,6451593,Luggage Storage Via Lorenzo Il Magnifico,2026-10-05,19,weekday,20,0,20,read
2026-10-05 18:08,rome,torre-maura,6451521,Luggage Storage Viale Antonio Ciamarra,2026-10-05,19,weekday,100,0,100,read
2026-10-05 18:08,rome,roman-forum,6451503,Luggage Storage Basilica Papale Di Santa Maria Maggiore,2026-10-05,19,weekday,80,0,80,read
2026-10-05 18:08,rome,vittorio-emanuele,6451424,Luggage Storage Roma Santa Maria Maggiore,2026-10-05,19,weekday,50,2,48,read
2026-10-05 18:08,rome,portuense,6450996,Luggage Storage Piazza Enrico Fermi,2026-10-05,19,weekday,20,0,20,read
2026-10-05 18:08,rome,tiburtina,6235,Luggage Storage Via Della Lega Lombarda,2026-10-05,19,weekday,40,0,40,read
2026-10-05 18:08,rome,termini,5475,Luggage Storage National Museum Of Rome,2026-10-05,19,weekday,30,0,30,read
2026-10-05 18:08,rome,trastevere,5086,Luggage Storage Piazza Scotti,2026-10-05,19,weekday,50,0,50,read
2026-10-05 18:08,rome,roma-stadio-olimpico,4875,Luggage Storage Maxxi Museum,2026-10-05,19,weekday,30,0,30,read
2026-10-05 18:08,rome,termini,4762,Luggage Storage Termini Metro Station,2026-10-05,19,weekday,300,0,300,read
2026-10-05 18:08,rome,trastevere,4643,Luggage Storage Via Angelo Tittoni,2026-10-05,19,weekday,25,0,25,read
2026-10-05 18:08,rome,trastevere,4606,Luggage Storage Piazza San Cosimato,2026-10-05,19,weekday,30,0,30,read
2026-10-05 18:08,rome,termini,4299,Luggage Storage Piazza Dei Cinquecento,2026-10-05,19,weekday,50,1,49,read
2026-10-05 18:08,rome,piazza-del-popolo,4253,Luggage Storage Flaminio,2026-10-05,19,weekday,60,0,60,read
2026-10-05 18:08,rome,colosseum,4124,Luggage Storage Colosseum,2026-10-05,19,weekday,50,0,50,read
2026-10-05 18:08,rome,repubblica,4060,Luggage Storage Repubblica Metro Station,2026-10-05,19,weekday,60,0,60,read
2026-10-05 18:08,rome,aventino,3992,Luggage Storage Aventino,2026-10-05,19,weekday,100,0,100,read
2026-10-05 18:08,rome,vatican,3850,Luggage Storage Vatican,2026-10-05,19,weekday,45,0,45,read
2026-10-05 18:08,rome,castel-sant-angelo,3174,Luggage Storage Castel Sant'angelo,2026-10-05,19,weekday,50,0,50,read
2026-10-05 18:08,rome,ottaviano,1111,Luggage Storage Ottaviano,2026-10-05,19,weekday,30,2,28,read
2026-10-05 18:08,milan,milan-centrale-railway-station,3521,Luggage Storage Milan Centrale Train Station,2026-10-05,19,weekday,300,7,293,read
2026-10-05 18:08,milan,duomo,6452080,Luggage Storage Duomo Milano Metro Station,2026-10-05,19,weekday,75,0,75,read
2026-10-05 18:08,milan,porta-genova,9028,Luggage Storage Milano Porta Genova Railway Station,2026-10-05,19,weekday,65,0,65,read
2026-10-05 18:08,milan,san-siro-stadium,9464,Luggage Storage San Siro Stadium,2026-10-05,19,weekday,300,0,300,read
2026-10-05 18:08,milan,san-babila,2709,Luggage Storage San Babila,2026-10-05,19,weekday,50,6,44,read
2026-10-05 18:08,milan,milan-centrale-railway-station,5777,Luggage Storage Milano Centrale,2026-10-05,19,weekday,90,0,90,read
2026-10-05 18:08,milan,milan-centrale-railway-station,6451052,Luggage Storage Malpensa Shuttle / Milano Centrale,2026-10-05,19,weekday,50,0,50,read
2026-10-05 18:08,milan,porta-romana,9192,Luggage Storage Milano Porta Romana,2026-10-05,19,weekday,35,2,33,read
2026-10-05 18:08,milan,porta-romana,9099,Luggage Storage Crocetta Metro Station,2026-10-05,19,weekday,50,0,50,read
2026-10-05 18:08,milan,porta-genova,9049,Luggage Storage Navigli Darsena,2026-10-05,19,weekday,25,2,23,read
2026-10-05 18:08,milan,corso-buenos-aires,9020,Luggage Storage near Corso Buenos Aires,2026-10-05,19,weekday,20,0,20,read
2026-10-05 18:08,milan,milan-centrale-railway-station,8338,Luggage Storage Milan Train Station,2026-10-05,19,weekday,100,0,100,read
2026-10-05 18:08,milan,milan-centrale-railway-station,6991,Luggage Storage Milano Porta Venezia,2026-10-05,19,weekday,45,1,44,read
2026-10-05 18:08,milan,porta-garibaldi-train-station,6956,Luggage Storage Maciachini Metro Station,2026-10-05,19,weekday,40,0,40,read
2026-10-05 18:08,milan,missori,6473109,Luggage Storage Colonne / Vetra,2026-10-05,19,weekday,40,0,40,read
2026-10-05 18:08,milan,san-babila,6471138,Luggage Storage Via Visconti Di Modrone,2026-10-05,19,weekday,10,0,10,read
2026-10-05 18:08,milan,milan-centrale-railway-station,6471137,Luggage Storage Centrale / Filzi,2026-10-05,19,weekday,100,2,98,read
2026-10-05 18:08,milan,politecnico-di-milano-campus-bovisa-la-masa,6470851,Luggage Storage Milano Bovisa,2026-10-05,19,weekday,20,0,20,read
2026-10-05 18:08,milan,santa-giulia,6470604,Luggage Storage Santa Giulia,2026-10-05,19,weekday,10,0,10,read
2026-10-05 18:08,milan,missori,6470560,Luggage Storage near Duomo Square,2026-10-05,19,weekday,40,0,40,read
2026-10-05 18:08,milan,conchetta,6470318,Luggage Storage Via Conca del Naviglio,2026-10-05,19,weekday,25,0,25,read
2026-10-05 18:08,milan,missori,6470159,Luggage Storage Santa Sofia,2026-10-05,19,weekday,10,5,5,read
2026-10-05 18:08,milan,missori,6470158,Luggage Storage Missori / Corso Italia,2026-10-05,19,weekday,20,0,20,read
2026-10-05 18:08,milan,porta-ticinese,6469992,Luggage Storage near Bocconi University,2026-10-05,19,weekday,50,0,50,read
2026-10-05 18:08,milan,milan-centrale-railway-station,6469903,Luggage Storage Vitruvio / Centrale,2026-10-05,19,weekday,40,4,36,read
2026-10-05 18:08,milan,santa-maria-delle-grazie,6469852,Luggage Storage Cadorna Metro Station,2026-10-05,19,weekday,45,0,45,read
2026-10-05 18:08,milan,milan-centrale-railway-station,6469840,Luggage Storage Viale Andrea Doria,2026-10-05,19,weekday,40,0,40,read
2026-10-05 18:08,milan,porta-genova,6469638,Luggage Storage Navigli / Villoresi,2026-10-05,19,weekday,50,0,50,read
2026-10-05 18:08,milan,porta-venezia,6469498,Luggage Storage Piazza Otto Novembre,2026-10-05,19,weekday,35,0,35,read
2026-10-05 18:08,milan,porta-vittoria,6469435,Luggage Storage Milano Dateo,2026-10-05,19,weekday,20,0,20,read
2026-10-05 18:08,milan,via-torino-via-palla,6469337,Luggage Storage Via Varesina,2026-10-05,19,weekday,26,0,26,read
2026-10-05 18:08,milan,crescenzago,6469266,Luggage Storage Rovereto / Viale Monza,2026-10-05,19,weekday,20,0,20,read
2026-10-05 18:08,milan,porta-romana,6469207,Luggage Storage Piazzale Libia,2026-10-05,19,weekday,20,0,20,read
2026-10-05 18:08,milan,porta-venezia,6468851,Luggage Storage Susa Metro Station,2026-10-05,19,weekday,20,0,20,read
2026-10-05 18:08,milan,china-town-milan,6463324,Luggage Storage Arco della Pace,2026-10-05,19,weekday,35,0,35,read
2026-10-05 18:08,milan,navigli,6463299,Luggage Storage Corso S. Gottardo,2026-10-05,19,weekday,20,1,19,read
2026-10-05 18:08,milan,forlanini,6463280,Luggage Storage near Viale Corsica,2026-10-05,19,weekday,20,0,20,read
2026-10-05 18:08,milan,loreto,6463275,Luggage Storage Via Padova / Crescenzago,2026-10-05,19,weekday,20,0,20,read
2026-10-05 18:08,milan,missori,6463226,Luggage Storage Duomo M1 M3,2026-10-05,19,weekday,30,4,26,read
2026-10-05 18:08,milan,milano-repubblica-station,6462258,Luggage Storage near Milano Repubblica,2026-10-05,19,weekday,20,0,20,read
2026-10-05 18:08,milan,milan-centrale-railway-station,6461511,Luggage Storage Ponte Seveso / Centrale,2026-10-05,19,weekday,20,0,20,read
2026-10-05 18:08,milan,cerchiate,6460933,Luggage Storage Pero Cerchiate,2026-10-05,19,weekday,20,0,20,read
2026-10-05 18:08,milan,bullona,6460853,Luggage Storage Sonnino / Varesina,2026-10-05,19,weekday,20,0,20,read
2026-10-05 18:08,milan,porta-vittoria,6460436,Luggage Storage Porta Vittoria Railway Station,2026-10-05,19,weekday,20,0,20,read
2026-10-05 18:08,milan,assago,6460127,Luggage Storage Assago,2026-10-05,19,weekday,20,0,20,read
2026-10-05 18:08,milan,porta-venezia,6460099,Luggage Storage Porta Venezia Railway Station,2026-10-05,19,weekday,50,0,50,read
2026-10-05 18:08,milan,loreto,6459927,Luggage Storage near Viale Monza,2026-10-05,19,weekday,20,0,20,read
2026-10-05 18:08,milan,milan-centrale-railway-station,6459808,Luggage Storage Via Tonale / Centrale,2026-10-05,19,weekday,25,0,25,read
2026-10-05 18:08,milan,navigli,6459502,Luggage Storage Ripa Di Porta Ticinese,2026-10-05,19,weekday,35,4,31,read
2026-10-05 18:08,milan,bicocca,6459489,Luggage Storage Ponale,2026-10-05,19,weekday,20,0,20,read
2026-10-05 18:08,milan,zone-7-of-milan,6459488,Luggage Storage Via Rembrandt,2026-10-05,19,weekday,20,0,20,read
2026-10-05 18:08,milan,lambrate,6459487,Luggage Storage Via Porpora,2026-10-05,19,weekday,20,0,20,read
2026-10-05 18:08,milan,zone-7-of-milan,6459485,Luggage Storage Piazzale Brescia,2026-10-05,19,weekday,20,0,20,read
2026-10-05 18:08,milan,conchetta,6459434,Luggage Storage Arco Di Porta Ticinese,2026-10-05,19,weekday,20,0,20,read
2026-10-05 18:08,milan,rho,6459417,Luggage Storage Pero,2026-10-05,19,weekday,20,0,20,read
2026-10-05 18:08,milan,porta-ticinese,6459398,Luggage Storage Porta Ticinese,2026-10-05,19,weekday,20,0,20,read
2026-10-05 18:08,milan,lambrate,6459387,Luggage Storage Rubattino,2026-10-05,19,weekday,20,0,20,read
2026-10-05 18:08,milan,porta-ticinese,6459373,Luggage Storage Colonne Di S.Lorenzo,2026-10-05,19,weekday,35,0,35,read
2026-10-05 18:08,milan,santa-maria-delle-grazie,6458625,Luggage Storage Bolivar Metro Station,2026-10-05,19,weekday,20,0,20,read
2026-10-05 18:08,milan,santa-maria-delle-grazie,6458624,Luggage Storage Via Solari,2026-10-05,19,weekday,20,0,20,read
2026-10-05 18:08,milan,porta-genova,6458616,Luggage Storage Conca Del Naviglio,2026-10-05,19,weekday,35,0,35,read
2026-10-05 18:08,milan,washington,6458560,Luggage Storage Wagner,2026-10-05,19,weekday,35,0,35,read
2026-10-05 18:08,milan,porta-garibaldi-train-station,6458366,Luggage Storage Porta Romana Railway Station,2026-10-05,19,weekday,20,0,20,read
2026-10-05 18:08,milan,milano-repubblica-station,6458359,Luggage Storage Milano Repubblica Train Station,2026-10-05,19,weekday,100,0,100,read
2026-10-05 18:08,milan,milan-centrale-railway-station,6458107,Luggage Storage Scarlatti / Centrale,2026-10-05,19,weekday,20,0,20,read
2026-10-05 18:08,milan,crescenzago,6457848,Luggage Storage Via Padova,2026-10-05,19,weekday,10,0,10,read
2026-10-05 18:08,milan,niguarda,6457565,Luggage Storage Milan Segnano,2026-10-05,19,weekday,20,0,20,read
2026-10-05 18:08,milan,porta-romana,6457366,Luggage Storage near Vittorio Formentano Park,2026-10-05,19,weekday,20,0,20,read
2026-10-05 18:08,milan,san-siro-stadium,6457232,Luggage Storage San Siro Stadium Metro Station,2026-10-05,19,weekday,35,0,35,read
2026-10-05 18:08,milan,milan-centrale-railway-station,6456714,Luggage Storage near Mercato Centrale Milano,2026-10-05,19,weekday,50,0,50,read
2026-10-05 18:08,milan,malpensa-airport,6454307,Luggage Storage Corso Magenta,2026-10-05,19,weekday,100,0,100,read
2026-10-05 18:08,milan,milan-centrale-railway-station,6452789,Luggage Storage Settembrini / Caiazzo,2026-10-05,19,weekday,50,0,50,read
2026-10-05 18:08,milan,milan-centrale-railway-station,6452762,Luggage Storage Milano Centrale / Via Ponte Seveso,2026-10-05,19,weekday,55,7,48,read
2026-10-05 18:08,milan,porta-venezia,6452268,Luggage Storage Milano Risorgimento,2026-10-05,19,weekday,30,2,28,read
2026-10-05 18:08,milan,piazza-gae-aulenti,6451041,Luggage Storage Milano Centrale / Via Tonale,2026-10-05,19,weekday,40,0,40,read
2026-10-05 18:08,milan,cologno-monzese,6262,Luggage Storage Cologno Sud,2026-10-05,19,weekday,100,0,100,read
2026-10-05 18:08,milan,lambrate,6255,Luggage Storage Lambrate Metro Station,2026-10-05,19,weekday,30,0,30,read
2026-10-05 18:08,milan,rogoredo-train-station,6212,Luggage Storage Milan Rogoredo,2026-10-05,19,weekday,50,0,50,read
2026-10-05 18:08,milan,milan-centrale-railway-station,5505,Luggage Storage near Milan Centrale Station,2026-10-05,19,weekday,40,0,40,read
2026-10-05 18:08,milan,porta-romana,10022,Luggage Storage Brenta,2026-10-05,19,weekday,25,0,25,read
2026-10-05 18:08,naples,naples-centrale-train-station,188,Luggage Storage Naples Centrale,2026-10-05,19,weekday,300,0,300,read
2026-10-05 18:08,naples,naples-city-center,4186,Luggage Storage Naples Toledo Metro Station,2026-10-05,19,weekday,40,0,40,read
2026-10-05 18:08,naples,naples-centrale-train-station,1835,Luggage Storage Naples Train Station,2026-10-05,19,weekday,45,0,45,read
2026-10-05 18:08,naples,napoli-port,5226,Luggage Storage Castel Nuovo,2026-10-05,19,weekday,10,0,10,read
2026-10-05 18:08,naples,naples-centrale-train-station,5009,Luggage Storage Napoli P. Garibaldi Station,2026-10-05,19,weekday,45,4,41,read
2026-10-05 18:08,naples,naples-city-center,5681,Luggage Storage near Sansevero Chapel,2026-10-05,19,weekday,50,0,50,read
2026-10-05 18:08,naples,quartieri-spagnoli,6739,Luggage Storage near Galleria Umberto I,2026-10-05,19,weekday,45,0,45,read
2026-10-05 18:08,naples,naples-centrale-train-station,6458539,Luggage Storage Napoli Centrale,2026-10-05,19,weekday,70,0,70,read
2026-10-05 18:08,naples,dante,6470046,Luggage Storage near Dante Metro Station,2026-10-05,19,weekday,20,0,20,read
2026-10-05 18:08,naples,centro-storico,9563,Luggage Storage Piazza Cavour Metro Station,2026-10-05,19,weekday,50,0,50,read
2026-10-05 18:08,naples,dante,9271,Luggage Storage Dante Metro Station,2026-10-05,19,weekday,30,0,30,read
2026-10-05 18:08,naples,napoli-porta-nolana,9071,Luggage Storage Duomo / Corso Umberto I,2026-10-05,19,weekday,60,0,60,read
2026-10-05 18:08,naples,quartieri-spagnoli,8912,Luggage Storage Toledo / Quartieri Spagnoli,2026-10-05,19,weekday,50,0,50,read
2026-10-05 18:08,naples,napoli-porta-nolana,8419,Luggage Storage Duomo Metro Station,2026-10-05,19,weekday,50,0,50,read
2026-10-05 18:08,naples,naples-centrale-train-station,7899,Luggage Storage Via Palermo,2026-10-05,19,weekday,100,0,100,read
2026-10-05 18:08,naples,vomero,7875,Luggage Storage Stadio Collana,2026-10-05,19,weekday,40,0,40,read
2026-10-05 18:08,naples,mergellina-port,6717,Luggage Storage Via Piedigrotta,2026-10-05,19,weekday,50,0,50,read
2026-10-05 18:08,naples,dante,6474128,Luggage Storage near Via Toledo,2026-10-05,19,weekday,40,1,39,read
2026-10-05 18:08,naples,bagnoli-agnano-terme,6473631,Luggage Storage Bagnoli Station,2026-10-05,19,weekday,30,0,30,read
2026-10-05 18:08,naples,vomero,6473629,Luggage Storage Arenella,2026-10-05,19,weekday,20,0,20,read
2026-10-05 18:08,naples,municipio,6473514,Luggage Storage near Naples Underground,2026-10-05,19,weekday,10,0,10,read
2026-10-05 18:08,naples,municipio,6473501,Luggage Storage near Acerra Station,2026-10-05,19,weekday,50,0,50,read
2026-10-05 18:08,naples,vomero,6473440,Luggage Storage Piazza Degli Artisti,2026-10-05,19,weekday,30,0,30,read
2026-10-05 18:08,naples,municipio,6473140,Luggage Storage De Cesare / Naples Underground,2026-10-05,19,weekday,10,0,10,read
2026-10-05 18:08,naples,napoli-porta-nolana,6473026,Luggage Storage Ranieri / Garibaldi,2026-10-05,19,weekday,10,0,10,read
2026-10-05 18:08,naples,municipio,6471162,Luggage Storage Port of Naples,2026-10-05,19,weekday,100,1,99,read
2026-10-05 18:08,naples,naples-centrale-train-station,6470853,Luggage Storage Corso Umberto / Porta Nolana,2026-10-05,19,weekday,100,0,100,read
2026-10-05 18:08,naples,municipio,6470807,Luggage Storage Piazza Plebiscito,2026-10-05,19,weekday,50,0,50,read
2026-10-05 18:08,naples,napoli-porta-nolana,6470755,Luggage Storage Piazzetta Forcella,2026-10-05,19,weekday,20,0,20,read
2026-10-05 18:08,naples,vomero,6470744,Luggage Storage Viale Michelangelo,2026-10-05,19,weekday,50,0,50,read
2026-10-05 18:08,naples,via-chiaia,6470110,Luggage Storage Chiaia,2026-10-05,19,weekday,100,0,100,read
2026-10-05 18:08,naples,via-chiaia,6470080,Luggage Storage Napoli Sotterranea,2026-10-05,19,weekday,20,0,20,read
2026-10-05 18:08,naples,via-toledo,6470059,Luggage Storage Toledo Metro Station,2026-10-05,19,weekday,50,1,49,read
2026-10-05 18:08,naples,dante,6470045,Luggage Storage Montesanto,2026-10-05,19,weekday,30,0,30,read
2026-10-05 18:08,naples,naples-centrale-train-station,6467993,Luggage Storage Naples Centrale / Via Firenze,2026-10-05,19,weekday,40,0,40,read
2026-10-05 18:08,naples,via-toledo,6462124,Luggage Storage Via Toledo,2026-10-05,19,weekday,30,0,30,read
2026-10-05 18:08,naples,universita,6461871,Luggage Storage Molo Immacolatella Vecchia,2026-10-05,19,weekday,30,4,26,read
2026-10-05 18:08,naples,napoli-porta-nolana,6461598,Luggage Storage Napoli Centrale / Poerio,2026-10-05,19,weekday,100,0,100,read
2026-10-05 18:08,naples,naples-centrale-train-station,6461549,Luggage Storage Garibaldi - Volturno,2026-10-05,19,weekday,100,0,100,read
2026-10-05 18:08,naples,naples-centrale-train-station,6460818,Luggage Storage Napoli Centrale / Via Bologna,2026-10-05,19,weekday,100,0,100,read
2026-10-05 18:08,naples,universita,6460709,Luggage Storage near University Federico II,2026-10-05,19,weekday,100,0,100,read
2026-10-05 18:08,naples,naples-centrale-train-station,6460339,Luggage Storage Napoli Centrale / Corso Meridionale,2026-10-05,19,weekday,100,0,100,read
2026-10-05 18:08,naples,napoli-porta-nolana,6458722,Luggage Storage near Garibaldi,2026-10-05,19,weekday,50,0,50,read
2026-10-05 18:08,naples,naples-centrale-train-station,6458088,Luggage Storage Napoli Centrale Train Station,2026-10-05,19,weekday,40,1,39,read
2026-10-05 18:08,naples,porta-capuana,6457911,Luggage Storage Porta Capuana,2026-10-05,19,weekday,50,0,50,read
2026-10-05 18:08,naples,centro-storico,6456326,Luggage Storage near Sansevero Chapel Museum,2026-10-05,19,weekday,50,0,50,read
2026-10-05 18:08,naples,pomigliano-darco,6456322,Luggage Storage Pomigliano Public Park,2026-10-05,19,weekday,40,0,40,read
2026-10-05 18:08,naples,centro-storico,6456095,Luggage Storage Garibaldi / Porta Nolana,2026-10-05,19,weekday,20,0,20,read
2026-10-05 18:08,naples,naples-centrale-train-station,6454591,Luggage Storage Metropark Terminal Bus Station,2026-10-05,19,weekday,100,0,100,read
2026-10-05 18:08,naples,naples-city-center,6454538,Luggage Storage Montesanto Train Station,2026-10-05,19,weekday,50,0,50,read
2026-10-05 18:08,naples,napoli-porta-nolana,6454355,Luggage Storage Napoli Porta Nolana,2026-10-05,19,weekday,30,0,30,read
2026-10-05 18:08,naples,miano,6452747,Luggage Storage Miano,2026-10-05,19,weekday,100,0,100,read
2026-10-05 18:08,naples,rione-sanita,6452507,Luggage Storage Via Arenaccia,2026-10-05,19,weekday,50,0,50,read
2026-10-05 18:08,naples,centro-storico,6451783,Luggage Storage near Naples Archaeological Museum,2026-10-05,19,weekday,25,0,25,read
2026-10-05 18:08,naples,via-toledo,6451707,Luggage Storage Naples Ferry Terminal,2026-10-05,19,weekday,55,0,55,read
2026-10-05 18:08,naples,napoli-porta-nolana,6451372,Luggage Storage Piazza Principe Umberto,2026-10-05,19,weekday,50,0,50,read
2026-10-05 18:08,naples,dante,6451213,Luggage Storage Napoli Piazza Dante,2026-10-05,19,weekday,25,0,25,read
2026-10-05 18:08,naples,napoli-porta-nolana,6451082,Luggage Storage Università Metro Station,2026-10-05,19,weekday,23,0,23,read
2026-10-05 18:08,naples,porta-capuana,6451076,Luggage Storage Metropark Napoli Centrale,2026-10-05,19,weekday,90,0,90,read
2026-10-05 18:08,naples,naples-city-center,5972,Luggage Storage Diana Theatre,2026-10-05,19,weekday,15,0,15,read
2026-10-05 18:08,naples,santa-lucia,5763,Luggage Storage Santa Lucia,2026-10-05,19,weekday,100,0,100,read
2026-10-05 18:08,naples,naples-cathedral,5702,Luggage Storage Napoli Piazza Cavour Transit Station,2026-10-05,19,weekday,35,0,35,read
2026-10-05 18:08,naples,naples-city-center,5468,Luggage Storage near Chiostro Di Santa Chiara,2026-10-05,19,weekday,50,0,50,read
2026-10-05 18:08,naples,universita,5195,Luggage Storage near Duomo Metro Station,2026-10-05,19,weekday,50,0,50,read
2026-10-05 18:08,naples,naples-airport,5163,Luggage Storage Naples Airport,2026-10-05,19,weekday,200,4,196,read
2026-10-05 18:08,naples,naples-centrale-train-station,5046,Luggage Storage Napoli Piazza Garibaldi,2026-10-05,19,weekday,50,0,50,read
2026-10-05 18:08,naples,naples-centrale-train-station,4278,Luggage Storage Naples Piazza Garibaldi,2026-10-05,19,weekday,50,0,50,read
2026-10-05 18:08,florence,santa-maria-novella,884,Luggage Storage Santa Maria Novella,2026-10-05,19,weekday,140,21,119,read
2026-10-05 18:08,florence,santa-maria-novella,2262,Luggage Storage Florence Train Station,2026-10-05,19,weekday,100,1,99,read
2026-10-05 18:08,florence,duomo,5001,Luggage Storage Florence Cathedral,2026-10-05,19,weekday,50,0,50,read
2026-10-05 18:08,florence,battistero-di-san-giovanni,6662,Luggage Storage Riccardi Medici Palace,2026-10-05,19,weekday,30,0,30,read
2026-10-05 18:08,florence,via-dell-albero,6453618,Luggage Storage Firenze Basilica Santa Maria Novella,2026-10-05,19,weekday,70,0,70,read
2026-10-05 18:08,florence,campo-di-marte,6458764,Luggage Storage Artemio Franchi Stadium,2026-10-05,19,weekday,35,0,35,read
2026-10-05 18:08,florence,basilica-of-santa-maria-novella,6459632,Luggage Storage Duomo of Florence,2026-10-05,19,weekday,10,1,9,read
2026-10-05 18:08,florence,pitti,3272,Luggage Storage near Pitti Palace,2026-10-05,19,weekday,50,0,50,read
2026-10-05 18:08,florence,santa-croce,6459634,Luggage Storage near Piazza della Signoria,2026-10-05,19,weekday,50,0,50,read
2026-10-05 18:08,florence,campo-di-marte,6461693,Luggage Storage Campo Marte Station,2026-10-05,19,weekday,35,0,35,read
2026-10-05 18:08,florence,san-lorenzo,9317,Luggage Storage Via Guelfa / Mercato Centrale,2026-10-05,19,weekday,30,0,30,read
2026-10-05 18:08,florence,via-de-boni,8054,Luggage Storage Basilica Di San Lorenzo,2026-10-05,19,weekday,30,0,30,read
2026-10-05 18:08,florence,basilica-of-santa-maria-novella,6708,Luggage Storage Piazza Della Indipendenza,2026-10-05,19,weekday,15,0,15,read
2026-10-05 18:08,florence,basilica-di-santo-spirito,6693,Luggage Storage near Museo Novecento,2026-10-05,19,weekday,35,0,35,read
2026-10-05 18:08,florence,santa-croce,6473579,Luggage Storage near Uffizi Galleries,2026-10-05,19,weekday,25,0,25,read
2026-10-05 18:08,florence,santa-maria-novella,6471146,Luggage Storage Via Faenza / SMN,2026-10-05,19,weekday,30,0,30,read
2026-10-05 18:08,florence,santa-maria-novella,6471100,Luggage Storage Via Sant'Antonino,2026-10-05,19,weekday,10,0,10,read
2026-10-05 18:08,florence,santo-spirito,6471019,Luggage Storage Palazzo Pitti,2026-10-05,19,weekday,50,0,50,read
2026-10-05 18:08,florence,san-lorenzo,6470899,Luggage Storage Mercato Centrale Firenze,2026-10-05,19,weekday,30,0,30,read
2026-10-05 18:08,florence,porta-al-prato,6470874,Luggage Storage Porta al Prato,2026-10-05,19,weekday,100,0,100,read
2026-10-05 18:08,florence,santa-croce,6470821,Luggage Storage Santa Croce Church,2026-10-05,19,weekday,40,0,40,read
2026-10-05 18:08,florence,san-lorenzo,6470655,Luggage Storage San Lorenzo,2026-10-05,19,weekday,20,0,20,read
2026-10-05 18:08,florence,basilica-of-santa-maria-novella,6469938,Luggage Storage near Strozzi Palace,2026-10-05,19,weekday,30,0,30,read
2026-10-05 18:08,florence,santa-maria-novella,6469294,Luggage Storage San Frediano,2026-10-05,19,weekday,50,0,50,read
2026-10-05 18:08,florence,santa-croce,6467881,Luggage Storage near Sant'Ambrogio,2026-10-05,19,weekday,30,0,30,read
2026-10-05 18:08,florence,basilica-of-santa-maria-novella,6461934,Luggage Storage Via Ghibellina,2026-10-05,19,weekday,20,0,20,read
2026-10-05 18:08,florence,san-marco-florence,6461687,Luggage Storage Via Nazionale,2026-10-05,19,weekday,20,0,20,read
2026-10-05 18:08,florence,santa-maria-novella,6460996,Luggage Storage Smn Station / Largo Alinari,2026-10-05,19,weekday,100,2,98,read
2026-10-05 18:08,florence,santa-croce,6460461,Luggage Storage near Museum Of Illusions Florence,2026-10-05,19,weekday,35,0,35,read
2026-10-05 18:08,florence,santa-croce,6460434,Luggage Storage near Verdi Theatre,2026-10-05,19,weekday,35,0,35,read
2026-10-05 18:08,florence,santo-spirito,6458479,Luggage Storage Ponte Vecchio,2026-10-05,19,weekday,40,0,40,read
2026-10-05 18:08,florence,san-marco-florence,6458364,Luggage Storage Firenze San Marco,2026-10-05,19,weekday,20,0,20,read
2026-10-05 18:08,florence,santa-maria-novella,6458362,Luggage Storage near Florence Train Station,2026-10-05,19,weekday,30,7,23,read
2026-10-05 18:08,florence,santa-maria-novella,6458274,Luggage Storage Via Guelfa,2026-10-05,19,weekday,40,0,40,read
2026-10-05 18:08,florence,santa-maria-novella,6458270,Luggage Storage Santa Maria Novella Square,2026-10-05,19,weekday,10,0,10,read
2026-10-05 18:08,florence,district-1,6458204,Luggage Storage San Jacopino,2026-10-05,19,weekday,20,0,20,read
2026-10-05 18:08,florence,porta-al-prato,6458173,Luggage Storage Porta Al Prato Railway Station,2026-10-05,19,weekday,20,0,20,read
2026-10-05 18:08,florence,stazione-via-panzani,6457073,Luggage Storage Medici Chapel,2026-10-05,19,weekday,30,0,30,read
2026-10-05 18:08,florence,basilica-of-santa-maria-novella,6457002,Luggage Storage Rosselli / Florence SMN,2026-10-05,19,weekday,40,0,40,read
2026-10-05 18:08,florence,santa-maria-novella,3216,Luggage Storage San Marco Square,2026-10-05,19,weekday,20,0,20,read
2026-10-05 18:08,florence,scandicci,100,Luggage Storage Scandicci,2026-10-05,19,weekday,300,0,300,read
2026-10-05 18:08,turin,museo-pietro-micca,7213,Luggage Storage Porta Susa Railway Station,2026-10-05,19,weekday,95,4,91,read
2026-10-05 18:08,turin,egyptian-museum,3013,Luggage Storage Egyptian Museum,2026-10-05,19,weekday,75,0,75,read
2026-10-05 18:08,turin,stazione-porta-nuova,8889,Luggage Storage Porta Nuova Railway Station,2026-10-05,19,weekday,110,0,110,read
2026-10-05 18:08,turin,allianz-stadium,2987,Luggage Storage Juventus Stadium,2026-10-05,19,weekday,100,0,100,read
2026-10-05 18:08,turin,quadrilatero-romano,7178,Luggage Storage Porta Susa Train Station,2026-10-05,19,weekday,50,0,50,read
2026-10-05 18:08,turin,stazione-porta-nuova,6459711,Luggage Storage Porta Nuova / Marconi,2026-10-05,19,weekday,35,0,35,read
2026-10-05 18:08,turin,palazzo-reale,8898,Luggage Storage Chapel Of The Merchants,2026-10-05,19,weekday,30,0,30,read
2026-10-05 18:08,turin,aurora,8891,Luggage Storage Corso Giulio Cesare / Ponte Mosca,2026-10-05,19,weekday,20,0,20,read
2026-10-05 18:08,turin,city-center,8867,Luggage Storage Via Nizza,2026-10-05,19,weekday,25,0,25,read
2026-10-05 18:08,turin,torino-porta-susa,8858,Luggage Storage Corso Palermo,2026-10-05,19,weekday,10,0,10,read
2026-10-05 18:08,turin,stazione-porta-nuova,7760,Luggage Storage Castello Del Valentino,2026-10-05,19,weekday,30,0,30,read
2026-10-05 18:08,turin,stazione-porta-nuova,6473141,Luggage Storage Madama Cristina Bus Stop,2026-10-05,19,weekday,20,0,20,read
2026-10-05 18:08,turin,city-center,6472386,Luggage Storage Rossini Tram Stop,2026-10-05,19,weekday,40,0,40,read
2026-10-05 18:08,turin,stazione-porta-nuova,6470841,Luggage Storage Piazza Madama Cristina,2026-10-05,19,weekday,20,0,20,read
2026-10-05 18:08,turin,santa-rita,6467968,Luggage Storage near Inalpi Arena,2026-10-05,19,weekday,35,0,35,read
2026-10-05 18:08,turin,lingotto,6467954,Luggage Storage Unione Sovietica / Buenos Aires,2026-10-05,19,weekday,15,0,15,read
2026-10-05 18:08,turin,lingotto,6460332,Luggage Storage near Torino Lingotto Railway Station,2026-10-05,19,weekday,30,0,30,read
2026-10-05 18:08,turin,torino-dora,3383,Luggage Storage Torino Dora,2026-10-05,19,weekday,50,0,50,read
2026-10-05 18:08,catania,catania-centrale,6560,Luggage Storage Catania Bus Station,2026-10-05,19,weekday,100,0,100,read
2026-10-05 18:08,catania,city-center,7081,Luggage Storage Fountain Of The Elephant,2026-10-05,19,weekday,40,1,39,read
2026-10-05 18:08,catania,city-center,4344,Luggage Storage Piazza Stesicoro,2026-10-05,19,weekday,50,2,48,read
2026-10-05 18:08,catania,catania-centrale,6452503,Luggage Storage Catania Centrale Train Station,2026-10-05,19,weekday,30,0,30,read
2026-10-05 18:08,catania,city-center,6797,Luggage Storage Stesicoro Metro Station,2026-10-05,19,weekday,30,0,30,read
2026-10-05 18:08,catania,catania-centrale,7066,Luggage Storage Catania Railway Station,2026-10-05,19,weekday,20,0,20,read
2026-10-05 18:08,catania,city-center,7058,Luggage Storage Monastery Of San Nicolò L'arena,2026-10-05,19,weekday,25,0,25,read
2026-10-05 18:08,catania,catania-centrale,6577,Luggage Storage Via Archimede,2026-10-05,19,weekday,100,0,100,read
2026-10-05 18:08,catania,city-center,6473509,Luggage Storage Via Lago di Nicito,2026-10-05,19,weekday,10,0,10,read
2026-10-05 18:08,catania,catania-airport,6471153,Luggage Storage Catania Airport Area,2026-10-05,19,weekday,100,1,99,read
2026-10-05 18:08,catania,porta-garibaldi,6470901,Luggage Storage near Castello Ursino,2026-10-05,19,weekday,50,0,50,read
2026-10-05 18:08,catania,city-center,6470896,Luggage Storage Greek - Roman Theatre,2026-10-05,19,weekday,30,0,30,read
2026-10-05 18:08,catania,borgo-sanzio,6460804,Luggage Storage near Villa Bellini,2026-10-05,19,weekday,30,0,30,read
2026-10-05 18:08,catania,piazza-stesicoro,6459466,Luggage Storage Via Umberto I,2026-10-05,19,weekday,20,0,20,read
2026-10-05 18:08,catania,piazza-stesicoro,6459415,Luggage Storage Etnea Sangiuliano,2026-10-05,19,weekday,20,0,20,read
2026-10-05 18:08,catania,city-center,6459389,Luggage Storage Vittorio Emanuele Ii / Plebiscito,2026-10-05,19,weekday,20,0,20,read
2026-10-05 18:08,catania,city-center,6459381,Luggage Storage near San Cristoforo,2026-10-05,19,weekday,20,0,20,read
2026-10-05 18:08,catania,city-center,6459362,Luggage Storage Catania Stadium,2026-10-05,19,weekday,20,0,20,read
2026-10-05 18:08,catania,borgo-sanzio,6458945,Luggage Storage Orto Botanico di Catania,2026-10-05,19,weekday,20,0,20,read
2026-10-05 18:08,catania,catania-centrale,6458942,Luggage Storage Via Vittorio Emanuele II,2026-10-05,19,weekday,20,3,17,read
2026-10-05 18:08,catania,catania-centrale,6456695,Luggage Storage Catania Bus Terminal,2026-10-05,19,weekday,20,3,17,read
2026-10-05 18:08,catania,university-of-catania,6456575,Luggage Storage near Teatro Massimo Bellini,2026-10-05,19,weekday,50,0,50,read
2026-10-05 18:08,catania,city-center,6456574,Luggage Storage Via Garibaldi,2026-10-05,19,weekday,30,0,30,read
2026-10-05 18:08,catania,catania-airport,6454786,Luggage Storage near Catania Airport,2026-10-05,19,weekday,50,2,48,read
2026-10-05 18:08,catania,city-center,6453899,Luggage Storage Catania Centrale,2026-10-05,19,weekday,35,3,32,read
2026-10-05 18:08,catania,catania-centrale,6452780,Luggage Storage Giovanni Xxiii Metro Station,2026-10-05,19,weekday,25,0,25,read
2026-10-05 18:08,catania,city-center,6452283,Luggage Storage near Angelo Massimino Stadium,2026-10-05,19,weekday,50,0,50,read
2026-10-05 18:08,catania,borgo-sanzio,4210,Luggage Storage Borgo-sanzio,2026-10-05,19,weekday,150,0,150,read
2026-10-05 18:08,venice,santa-lucia-station,4896,Luggage Storage Venezia Santa Lucia Station,2026-10-05,19,weekday,140,16,124,read
2026-10-05 18:08,venice,rialto,149,Luggage Storage Rialto Bridge,2026-10-05,19,weekday,300,0,300,read
2026-10-05 18:08,venice,peggy-guggenheim-collection,4912,Luggage Storage S. Maria Del Giglio,2026-10-05,19,weekday,40,0,40,read
2026-10-05 18:08,venice,piazzale-roma,5722,Luggage Storage Piazzale Roma,2026-10-05,19,weekday,100,3,97,read
2026-10-05 18:08,venice,cannaregio,6292,Luggage Storage Ghetto Ebraico,2026-10-05,19,weekday,35,0,35,read
2026-10-05 18:08,venice,dorsoduro,4932,Luggage Storage near Ponte Degli Scalzi,2026-10-05,19,weekday,60,0,60,read
2026-10-05 18:08,venice,piazzale-roma,9579,Luggage Storage Piazzale Roma Terminal Bus,2026-10-05,19,weekday,55,0,55,read
2026-10-05 18:08,venice,biennale,4902,Luggage Storage Campo Bandiera E Moro,2026-10-05,19,weekday,50,0,50,read
2026-10-05 18:08,venice,san-polo,6473647,Luggage Storage near Venice San Polo,2026-10-05,19,weekday,100,0,100,read
2026-10-05 18:08,venice,cannaregio,6472946,Luggage Storage San Geremia,2026-10-05,19,weekday,15,1,14,read
2026-10-05 18:08,venice,doge-s-palace,6472938,Luggage Storage S. Marco-San Zaccaria 'B',2026-10-05,19,weekday,50,0,50,read
2026-10-05 18:08,venice,cannaregio,6469821,Luggage Storage near Oratory of Crociferi,2026-10-05,19,weekday,100,3,97,read
2026-10-05 18:08,venice,venice-castello,6469788,Luggage Storage Church of Miracoli,2026-10-05,19,weekday,50,0,50,read
2026-10-05 18:08,venice,doge-s-palace,6469768,Luggage Storage Santa Maria Formosa Church,2026-10-05,19,weekday,100,0,100,read
2026-10-05 18:08,venice,accademia-gallery,6452230,Luggage Storage Zattere Ferry Terminal,2026-10-05,19,weekday,65,0,65,read
2026-10-05 18:08,venice,venice-marco-polo-airport,6452148,Luggage Storage near Venice Marco Polo Area,2026-10-05,19,weekday,45,0,45,read
2026-10-05 18:08,bari,bari-centrale-train-station,233,Luggage Storage Bari Centrale Train Station,2026-10-05,19,weekday,300,0,300,read
2026-10-05 18:08,bari,bari-centrale-train-station,6452171,Luggage Storage Bari Centrale Station,2026-10-05,19,weekday,100,3,97,read
2026-10-05 18:08,bari,bari-vecchia,6461890,Luggage Storage Basilica San Nicola,2026-10-05,19,weekday,100,3,97,read
2026-10-05 18:08,bari,bari-centrale-train-station,6455967,Luggage Storage near Castello Svevo Di Bari,2026-10-05,19,weekday,100,1,99,read
2026-10-05 18:08,bari,palazzo-fizzarotti,6459578,Luggage Storage near Palazzo Fizzarotti,2026-10-05,19,weekday,30,0,30,read
2026-10-05 18:08,bari,bari-centrale-train-station,7326,Luggage Storage Bari Centrale Stazione Fs,2026-10-05,19,weekday,35,0,35,read
2026-10-05 18:08,bari,city-center,9646,Luggage Storage near Palazzo Mincuzzi,2026-10-05,19,weekday,100,0,100,read
2026-10-05 18:08,bari,old-town,8639,Luggage Storage Fortino Di Sant'Antonio,2026-10-05,19,weekday,30,0,30,read
2026-10-05 18:08,bari,bari-centrale-train-station,6800,Luggage Storage Bari Train Station,2026-10-05,19,weekday,60,0,60,read
2026-10-05 18:08,bari,bari-centrale-train-station,6470157,Luggage Storage Cavour - Petroni,2026-10-05,19,weekday,100,0,100,read
2026-10-05 18:08,bari,bari-vecchia,6463189,Luggage Storage Crispi-Trevisani,2026-10-05,19,weekday,20,0,20,read
2026-10-05 18:08,bari,bari-centrale-train-station,6462370,Luggage Storage Corso Cavour / Centrale,2026-10-05,19,weekday,20,0,20,read
2026-10-05 18:08,bari,bari-centrale-train-station,6461837,Luggage Storage Piazza Garibaldi,2026-10-05,19,weekday,35,0,35,read
2026-10-05 18:08,bari,bari-centrale-train-station,6461821,Luggage Storage Sella-Crisanzio,2026-10-05,19,weekday,20,0,20,read
2026-10-05 18:08,bari,bari-centrale-train-station,6460739,Luggage Storage Bari Bus Station,2026-10-05,19,weekday,20,3,17,read
2026-10-05 18:08,bari,bari-centrale-train-station,6460337,Luggage Storage Piazza Umberto I / Station,2026-10-05,19,weekday,100,0,100,read
2026-10-05 18:08,bari,bari-centrale-train-station,6459572,Luggage Storage Via Quintino Sella,2026-10-05,19,weekday,20,0,20,read
2026-10-05 18:08,bari,bari-centrale-train-station,6459558,Luggage Storage near Pinacoteca Metropolitana,2026-10-05,19,weekday,20,0,20,read
2026-10-05 18:08,bari,bari-centrale-train-station,6459542,Luggage Storage Bari Central Railway Station,2026-10-05,19,weekday,20,0,20,read
2026-10-05 18:08,bari,marconi,6457603,Luggage Storage Corso Sidney Sonnino,2026-10-05,19,weekday,20,0,20,read
2026-10-05 18:08,bari,bari-centrale-train-station,6455905,Luggage Storage near Giardini Piazza Umberto I,2026-10-05,19,weekday,10,0,10,read
2026-10-05 18:08,bari,bari-centrale-train-station,6455904,Luggage Storage near Bari Central Railway Station,2026-10-05,19,weekday,10,0,10,read
2026-10-05 18:08,bari,bari-centrale-train-station,6455593,Luggage Storage Piccinni-Cavour,2026-10-05,19,weekday,15,0,15,read
2026-10-05 18:08,bari,madonnella,6455296,Luggage Storage near Corso Sydney Sonnino,2026-10-05,19,weekday,25,0,25,read
2026-10-05 18:08,bari,madonnella,6455103,Luggage Storage near Bari Marconi Station,2026-10-05,19,weekday,55,0,55,read
2026-10-05 18:08,bari,altamura,6455039,Luggage Storage Altamura St Mary'S Cathedral,2026-10-05,19,weekday,10,0,10,read
2026-10-05 18:08,bari,marconi,6454617,Luggage Storage near Via Napoli,2026-10-05,19,weekday,50,0,50,read
2026-10-05 18:08,bari,city-center,5825,Luggage Storage Petruzzelli Opera House,2026-10-05,19,weekday,300,0,300,read
2026-10-05 18:08,bari,city-center,5657,Luggage Storage Bari City Center,2026-10-05,19,weekday,100,0,100,read
2026-10-05 18:08,bari,teatro-petruzzelli,5234,Luggage Storage near Teatro Petruzzelli,2026-10-05,19,weekday,60,0,60,read
2026-10-05 18:08,bari,bari-centrale-train-station,3515,Luggage Storage Piazza Umberto I,2026-10-05,19,weekday,15,0,15,read
2026-10-05 18:08,bari,fiera-del-levante,1377,Luggage Storage Via Napoli,2026-10-05,19,weekday,30,0,30,read
2026-10-05 18:08,palermo,palazzo-comitini,7142,Luggage Storage Church Of San Cataldo,2026-10-05,19,weekday,50,0,50,read
2026-10-05 18:08,palermo,palermo-city-center,7040,Luggage Storage Chiesa Del Gesù Di Casa Professa,2026-10-05,19,weekday,45,0,45,read
2026-10-05 18:08,palermo,port-palermo,6742,Luggage Storage Palermo Port,2026-10-05,19,weekday,100,0,100,read
2026-10-05 18:08,palermo,palermo-centrale,6474457,Luggage Storage near Palermo Station,2026-10-05,19,weekday,20,4,16,read
2026-10-05 18:08,palermo,settecannoli,6472361,Luggage Storage Settecannoli / Romagnolo,2026-10-05,19,weekday,50,0,50,read
2026-10-05 18:08,palermo,historical-centre-of-palermo,6461679,Luggage Storage Palermo Old Town,2026-10-05,19,weekday,35,0,35,read
2026-10-05 18:08,palermo,mondello,6460855,Luggage Storage Mondello Port,2026-10-05,19,weekday,20,0,20,read
2026-10-05 18:08,palermo,palermo-centrale,6458911,Luggage Storage near Piazza Giulio Cesare,2026-10-05,19,weekday,20,0,20,read
2026-10-05 18:08,palermo,palermo-centrale,6458874,Luggage Storage Palermo Centrale Train Station,2026-10-05,19,weekday,35,4,31,read
2026-10-05 18:08,palermo,historical-centre-of-palermo,6456367,Luggage Storage near Catacombe Porta D'Ossuna,2026-10-05,19,weekday,25,0,25,read
2026-10-05 18:08,palermo,palermo-city-center,6005,Luggage Storage Massimo Theater,2026-10-05,19,weekday,30,0,30,read
2026-10-05 18:08,palermo,palermo-city-center,5039,Luggage Storage City Center Palermo,2026-10-05,19,weekday,150,0,150,read
2026-10-05 18:08,bologna,bologna-centrale-railway-station,5280,Luggage Storage Bologna Centrale Station,2026-10-05,19,weekday,65,11,54,read
2026-10-05 18:08,bologna,bologna-centrale-railway-station,6452157,Luggage Storage Bologna Centrale Train Station,2026-10-05,19,weekday,100,0,100,read
2026-10-05 18:08,bologna,bologna-city-center,9222,Luggage Storage Parco 11 Settembre,2026-10-05,19,weekday,30,0,30,read
2026-10-05 18:08,bologna,bologna-centrale-railway-station,6460518,Luggage Storage near Bologna Station,2026-10-05,19,weekday,55,2,53,read
2026-10-05 18:08,bologna,bologna-centrale-railway-station,6463282,Luggage Storage Via Amendola / Centrale,2026-10-05,19,weekday,50,0,50,read
2026-10-05 18:08,bologna,bologna-centrale-railway-station,6463294,Luggage Storage Via San Felice,2026-10-05,19,weekday,20,0,20,read
2026-10-05 18:08,bologna,bologna-centrale-railway-station,9233,Luggage Storage Porta Sant'isaia,2026-10-05,19,weekday,25,0,25,read
2026-10-05 18:08,bologna,bologna-centrale-railway-station,9155,Luggage Storage Bologna Railway Station,2026-10-05,19,weekday,10,0,10,read
2026-10-05 18:08,bologna,two-towers,7170,Luggage Storage near Teatro Duse,2026-10-05,19,weekday,20,0,20,read
2026-10-05 18:08,bologna,porta-castiglione,7053,Luggage Storage Porta Castiglione,2026-10-05,19,weekday,25,0,25,read
2026-10-05 18:08,bologna,piazza-maggiore,6473472,Luggage Storage Via Ugo Bassi,2026-10-05,19,weekday,300,0,300,read
2026-10-05 18:08,bologna,bologna-centrale-railway-station,6463307,Luggage Storage near Palazzo Pallavicini,2026-10-05,19,weekday,20,0,20,read
2026-10-05 18:08,bologna,bologna-centrale-railway-station,6463302,Luggage Storage Piazza Viii Agosto,2026-10-05,19,weekday,40,0,40,read
2026-10-05 18:08,bologna,bologna-university,6463291,Luggage Storage Strada Maggiore,2026-10-05,19,weekday,20,0,20,read
2026-10-05 18:08,bologna,bologna-university,6463290,Luggage Storage Mercato delle Erbe,2026-10-05,19,weekday,20,0,20,read
2026-10-05 18:08,bologna,bologna-centrale-railway-station,6463289,Luggage Storage Via San Vitale,2026-10-05,19,weekday,20,0,20,read
2026-10-05 18:08,bologna,stadio-senato-dall-aria,6460789,Luggage Storage Bologna Stadium,2026-10-05,19,weekday,50,0,50,read
2026-10-05 18:08,bologna,bologna-centrale-railway-station,6459421,Luggage Storage Matteotti / Bologna Centrale,2026-10-05,19,weekday,100,0,100,read
2026-10-05 18:08,bologna,san-donato,6458423,Luggage Storage near Bologna Fiere,2026-10-05,19,weekday,20,0,20,read
2026-10-05 18:08,pisa,pisa-centrale-train-station,151,Luggage Storage Pisa Centrale Station,2026-10-05,19,weekday,70,1,69,read
2026-10-05 18:08,pisa,pisa-piazza-del-duomo,7168,Luggage Storage Pisa San Rossore,2026-10-05,19,weekday,25,0,25,read
2026-10-05 18:08,pisa,pisa-centrale-train-station,3855,Luggage Storage Pisa Centrale,2026-10-05,19,weekday,40,0,40,read
2026-10-05 18:08,pisa,pisa-centrale-train-station,7633,Luggage Storage Pisa Train Station,2026-10-05,19,weekday,65,0,65,read
2026-10-05 18:08,pisa,pisa-centrale-train-station,6456937,Luggage Storage Pisa Centrale Train Station,2026-10-05,19,weekday,100,0,100,read
2026-10-05 18:08,pisa,santa-maria,6460935,Luggage Storage Lungarni Di Pisa,2026-10-05,19,weekday,20,0,20,read
2026-10-05 18:08,pisa,pisa-centrale-train-station,6459669,Luggage Storage Pisa Centrale Train Station,2026-10-05,19,weekday,45,0,45,read
2026-10-05 18:08,pisa,pisa-centrale-train-station,6456903,Luggage Storage Pisa Railway Station,2026-10-05,19,weekday,40,3,37,read
2026-10-05 18:08,pisa,pisa-piazza-del-duomo,6652,Luggage Storage Piazza Dante,2026-10-05,19,weekday,10,2,8,read
2026-10-05 18:08,pisa,tower-of-pisa,6623,Luggage Storage Baths Of Nero,2026-10-05,19,weekday,50,0,50,read
2026-10-05 18:08,pisa,tower-of-pisa,6474456,Luggage Storage Via S. Iacopo / Pisa S. Rossore,2026-10-05,19,weekday,20,0,20,read
2026-10-05 18:08,pisa,pisa-centrale-train-station,6471012,Luggage Storage Tower of Pisa,2026-10-05,19,weekday,200,0,200,read
2026-10-05 18:08,pisa,piazza-dei-cavalieri,6470657,Luggage Storage Piazza dei Cavalieri,2026-10-05,19,weekday,20,0,20,read
2026-10-05 18:08,pisa,pisa-centrale-train-station,6470612,Luggage Storage near Pisa Centrale,2026-10-05,19,weekday,50,0,50,read
2026-10-05 18:08,pisa,santa-maria,6469497,Luggage Storage S. Maria della Spina Church,2026-10-05,19,weekday,20,0,20,read
2026-10-05 18:08,pisa,pisa-centrale-train-station,6467880,Luggage Storage Pisa Centrale,2026-10-05,19,weekday,40,0,40,read
2026-10-05 18:08,pisa,pisa-centrale-train-station,6463207,Luggage Storage Gramsci / Centrale,2026-10-05,19,weekday,20,0,20,read
2026-10-05 18:08,pisa,pisa-centrale-train-station,6463206,Luggage Storage Pisa Station,2026-10-05,19,weekday,60,0,60,read
2026-10-05 18:08,pisa,santa-maria,6460737,Luggage Storage Piazza Dante Alighieri,2026-10-05,19,weekday,25,0,25,read
2026-10-05 18:08,pisa,piazza-dei-cavalieri,6456928,Luggage Storage near Piazza dei Cavalieri,2026-10-05,19,weekday,30,30,0,full
2026-10-05 18:08,pisa,pisa-centrale-train-station,6456828,Luggage Storage Pisa Airport,2026-10-05,19,weekday,50,3,47,read
2026-10-05 18:08,cagliari,marina,974,Luggage Storage Cagliari Train Station,2026-10-05,19,weekday,45,0,45,read
2026-10-05 18:08,cagliari,marina,6459534,Luggage Storage Cagliari Marina,2026-10-05,19,weekday,20,0,20,read
2026-10-05 18:08,cagliari,marina,6459450,Luggage Storage Cagliari Port,2026-10-05,19,weekday,20,0,20,read
2026-10-05 18:08,cagliari,bonaria,6486,Luggage Storage Stadio Amsicora,2026-10-05,19,weekday,10,0,10,read
2026-10-05 18:08,cagliari,stazione,6473152,Luggage Storage Cagliari Station 7/7,2026-10-05,19,weekday,30,0,30,read
2026-10-05 18:08,cagliari,marina,6473090,Luggage Storage Cagliari Ferry Terminal,2026-10-05,19,weekday,20,0,20,read
2026-10-05 18:08,cagliari,stazione,6473089,Luggage Storage Cagliari Railway Station,2026-10-05,19,weekday,20,0,20,read
2026-10-05 18:08,cagliari,marina,6472944,Luggage Storage Via Manno,2026-10-05,19,weekday,20,0,20,read
2026-10-05 18:08,cagliari,villanova,6459751,Luggage Storage Bastione / Sulis,2026-10-05,19,weekday,20,0,20,read
2026-10-05 18:08,cagliari,city-center,6459536,Luggage Storage Piazza S. Benedetto,2026-10-05,19,weekday,20,0,20,read
2026-10-05 18:08,cagliari,marina,6459518,Luggage Storage near Cagliari Port,2026-10-05,19,weekday,20,0,20,read
2026-10-05 18:08,cagliari,city-center,6459512,Luggage Storage San Benedetto Market,2026-10-05,19,weekday,20,0,20,read
2026-10-05 18:08,cagliari,marina,6459469,Luggage Storage Via dei Mille,2026-10-05,19,weekday,20,0,20,read
2026-10-05 18:08,cagliari,stazione,6458723,Luggage Storage Via Roma,2026-10-05,19,weekday,20,0,20,read
2026-10-05 18:08,cagliari,selargius,6457080,Luggage Storage Selargius,2026-10-05,19,weekday,25,0,25,read
2026-10-05 18:08,genoa,piazza-principe,147,Luggage Storage Genoa Principe Station,2026-10-05,19,weekday,300,0,300,read
2026-10-05 18:08,genoa,maddalena,6455518,Luggage Storage Genoa Porto Antico,2026-10-05,19,weekday,30,0,30,read
2026-10-05 18:08,genoa,genoa-port,6451159,Luggage Storage Genoa Port,2026-10-05,19,weekday,20,0,20,read
2026-10-05 18:08,genoa,genoa-port,6451167,Luggage Storage Genoa Ferry Terminal,2026-10-05,19,weekday,30,0,30,read
2026-10-05 18:08,genoa,brignole,6469428,Luggage Storage Genova Brignole,2026-10-05,19,weekday,20,0,20,read
2026-10-05 18:08,genoa,brignole,6459832,Luggage Storage near Marconi / Fiera,2026-10-05,19,weekday,20,0,20,read
2026-10-05 18:08,genoa,maddalena,6451178,Luggage Storage near Via Garibaldi,2026-10-05,19,weekday,20,0,20,read
2026-10-05 18:08,lucca,city-center,6455648,Luggage Storage Chiesa Di San Michele In Foro,2026-10-05,19,weekday,50,0,50,read
2026-10-05 18:08,lucca,lucca-train-station,3346,Luggage Storage Lucca Railway Station,2026-10-05,19,weekday,150,0,150,read
2026-10-05 18:08,lucca,city-center,3692,Luggage Storage Lucca Old Town,2026-10-05,19,weekday,120,0,120,read
2026-10-05 18:08,lucca,lucca-train-station,6457066,Luggage Storage near Lucca Railway Station,2026-10-05,19,weekday,150,2,148,read
2026-10-05 18:08,lucca,city-center,3687,Luggage Storage Piazza Napoleone,2026-10-05,19,weekday,30,0,30,read
2026-10-05 18:08,verona,citta-antica,6457605,Luggage Storage Juliet's Balcony,2026-10-05,19,weekday,35,0,35,read
2026-10-05 18:08,verona,avesa,6457679,Luggage Storage Piazza Avesa,2026-10-05,19,weekday,20,0,20,read
2026-10-05 18:08,verona,cittadella,6457597,Luggage Storage Stradone Porta Palio,2026-10-05,19,weekday,20,0,20,read
2026-10-05 18:08,lecce,railway-station,6408,Luggage Storage Lecce Train Station,2026-10-05,19,weekday,70,0,70,read
2026-10-05 18:08,lecce,lecce-city-center,875,Luggage Storage Lecce City Center,2026-10-05,19,weekday,30,0,30,read
2026-10-05 18:08,lecce,lecce-city-center,3826,Luggage Storage Lecce Old Town,2026-10-05,19,weekday,50,0,50,read
2026-10-05 18:08,lecce,railway-station,6459626,Luggage Storage near Lecce Railway Station,2026-10-05,19,weekday,20,0,20,read
2026-10-05 18:08,lecce,lecce-city-center,6459606,Luggage Storage near San Matteo Church,2026-10-05,19,weekday,20,0,20,read
2026-10-05 18:08,lecce,railway-station,6546,Luggage Storage Via Duca Degli Abruzzi,2026-10-05,19,weekday,10,0,10,read
2026-10-05 18:08,lecce,lecce-city-center,6474400,Luggage Storage near Lecce Cathedral,2026-10-05,19,weekday,25,0,25,read
2026-10-05 18:08,lecce,railway-station,6473516,Luggage Storage Lecce Old Town,2026-10-05,19,weekday,20,0,20,read
2026-10-05 18:08,lecce,lecce-city-center,6473480,Luggage Storage Via G.Argento,2026-10-05,19,weekday,100,0,100,read
2026-10-05 18:08,lecce,railway-station,6459622,Luggage Storage Viale Oronzo Quarta,2026-10-05,19,weekday,20,0,20,read
2026-10-05 18:08,lecce,railway-station,6459618,Luggage Storage Lecce Railway Station,2026-10-05,19,weekday,30,0,30,read
2026-10-05 18:08,lecce,lecce-city-center,3955,Luggage Storage Lecce Castle,2026-10-05,19,weekday,10,0,10,read
2026-10-05 18:08,siena,istrice,6455701,Luggage Storage Piazza Del Sale,2026-10-05,19,weekday,50,0,50,read
2026-10-05 18:08,siena,city-center,6455693,Luggage Storage Siena Old Town,2026-10-05,19,weekday,50,0,50,read
2026-10-05 18:08,siena,lupa,6470608,Luggage Storage near Siena Stadium,2026-10-05,19,weekday,30,0,30,read
2026-10-05 18:08,siena,istrice,6461975,Luggage Storage Via Camollia,2026-10-05,19,weekday,20,0,20,read
2026-10-05 18:08,siena,city-center,6455697,Luggage Storage near Piazza Del Campo,2026-10-05,19,weekday,25,0,25,read
2026-10-05 18:08,syracuse,station,6453001,Luggage Storage Siracusa Station,2026-10-05,19,weekday,40,0,40,read
2026-10-05 18:08,syracuse,station,6539,Luggage Storage Syracuse Railway Station,2026-10-05,19,weekday,30,0,30,read
2026-10-05 18:08,syracuse,yacht-lub-lakkios-marina-porto-piccolo-ortigia,6453048,Luggage Storage Via Cairoli,2026-10-05,19,weekday,25,0,25,read
2026-10-05 18:08,syracuse,station,6471913,Luggage Storage Corso Umberto I,2026-10-05,19,weekday,50,0,50,read
2026-10-05 18:08,syracuse,apollo-temple,6471008,Luggage Storage Syracuse Cathedral,2026-10-05,19,weekday,25,0,25,read
2026-10-05 18:08,rimini,rimini-train-station,226,Luggage Storage Rimini Train Station,2026-10-05,19,weekday,300,0,300,read
2026-10-05 18:08,rimini,lungomare-augusto-murri,3797,Luggage Storage Rimini Beach,2026-10-05,19,weekday,15,0,15,read
2026-10-05 18:08,rimini,city-center,6472266,Luggage Storage near Fellini Museum,2026-10-05,19,weekday,10,0,10,read
2026-10-05 18:08,rimini,federico-fellini-international-airport,6460885,Luggage Storage Rimini Miramare,2026-10-05,19,weekday,20,0,20,read
2026-10-05 18:08,rimini,city-center,6453599,Luggage Storage Castel Sismondo,2026-10-05,19,weekday,10,0,10,read
2026-10-05 18:08,rimini,federico-fellini-park,6453325,Luggage Storage Parco Fellini,2026-10-05,19,weekday,25,0,25,read
2026-10-05 18:08,rimini,bellariva,6453303,Luggage Storage Viale Regina Elena,2026-10-05,19,weekday,50,0,50,read
2026-10-05 18:08,rimini,rimini-train-station,6452529,Luggage Storage Corso Giovanni XXIII,2026-10-05,19,weekday,50,0,50,read
2026-10-05 18:08,sorrento,sorrento-train-station,6579,Luggage Storage Piazza Tasso,2026-10-05,19,weekday,30,,,unavailable
2026-10-05 18:08,sorrento,sorrento-train-station,6461804,Luggage Storage Piazza Lauro,2026-10-05,19,weekday,30,0,30,read
2026-10-05 18:08,sorrento,sant-agnello,6459956,Luggage Storage Sant'Agnello,2026-10-05,19,weekday,20,0,20,read
2026-10-05 18:08,sorrento,city-center,4682,Luggage Storage Parco Di Villa Fiorentino,2026-10-05,19,weekday,200,0,200,read
2026-10-05 18:08,salerno,salerno-train-station,640,Luggage Storage Salerno Train Station,2026-10-05,19,weekday,100,2,98,read
2026-10-05 18:08,salerno,city-centre,9130,Luggage Storage Duomo Di Salerno,2026-10-05,19,weekday,25,0,25,read
2026-10-05 18:08,salerno,salerno-train-station,6453379,Luggage Storage Medieval Aqueduct,2026-10-05,19,weekday,20,0,20,read
2026-10-05 18:08,salerno,city-centre,9129,Luggage Storage Salerno Villa Comunale,2026-10-05,19,weekday,20,0,20,read
2026-10-05 18:08,salerno,city-centre,6462046,Luggage Storage Salerno City Center,2026-10-05,19,weekday,20,2,18,read
2026-10-05 18:08,salerno,city-centre,6457737,Luggage Storage near Vernieri,2026-10-05,19,weekday,20,0,20,read
2026-10-05 18:08,alghero,pivarada,7694,Luggage Storage Pivarada,2026-10-05,19,weekday,40,0,40,read
2026-10-05 18:08,alghero,alghero-train-station,7535,Luggage Storage Alghero Train Station,2026-10-05,19,weekday,45,0,45,read
2026-10-05 18:08,la-spezia,la-spezia-centrale,1138,Luggage Storage La Spezia Centrale,2026-10-05,19,weekday,45,0,45,read
2026-10-05 18:08,la-spezia,la-spezia-centrale,6816,Luggage Storage Via Del Prione,2026-10-05,19,weekday,40,0,40,read
2026-10-05 18:08,la-spezia,la-spezia-centrale,6459753,Luggage Storage La Spezia Centrale FS,2026-10-05,19,weekday,20,0,20,read
2026-10-05 18:08,la-spezia,la-spezia-centrale,6459699,Luggage Storage La Spezia Station,2026-10-05,19,weekday,60,0,60,read
2026-10-05 18:08,la-spezia,la-spezia-centrale,6473536,Luggage Storage La Spezia Central Station,2026-10-05,19,weekday,50,0,50,read
2026-10-05 18:08,la-spezia,la-spezia-centrale,6461904,Luggage Storage La Spezia Old Town,2026-10-05,19,weekday,20,0,20,read
2026-10-05 18:08,la-spezia,la-spezia-centrale,6459737,Luggage Storage La Spezia Giardini Pubblici,2026-10-05,19,weekday,35,0,35,read
2026-10-05 18:08,mestre,mestre-train-station,5326,Luggage Storage Mestre Train Station,2026-10-05,19,weekday,100,5,95,read
2026-10-05 18:08,mestre,city-center,119,Luggage Storage Via Palazzo,2026-10-05,19,weekday,300,0,300,read
2026-10-05 18:08,mestre,city-center,6451464,Luggage Storage Museo M9 Mestre,2026-10-05,19,weekday,30,0,30,read
2026-10-05 18:08,mestre,mestre-train-station,4935,Luggage Storage Venezia Mestre Station,2026-10-05,19,weekday,25,0,25,read
2026-10-05 18:08,mestre,mestre-train-station,6452335,Luggage Storage near Corso Del Popolo,2026-10-05,19,weekday,10,0,10,read
2026-10-05 18:08,mestre,mestre-train-station,7707,Luggage Storage Mestre Railway Station,2026-10-05,19,weekday,25,0,25,read
2026-10-05 18:08,mestre,city-center,6452163,Luggage Storage Via Cappuccina,2026-10-05,19,weekday,25,0,25,read
2026-10-05 18:08,perugia,central-station,6460204,Luggage Storage Perugia Station 24H,2026-10-05,19,weekday,20,0,20,read
2026-10-05 18:08,perugia,central-station,1819,Luggage Storage Perugia Railway Station,2026-10-05,19,weekday,30,2,28,read
2026-10-05 18:08,perugia,bus-station,7238,Luggage Storage Perugia Bus Station,2026-10-05,19,weekday,25,2,23,read
2026-10-05 18:08,perugia,piazza-iv-novembre,6466297,Luggage Storage near University For Foreigners,2026-10-05,19,weekday,30,0,30,read
2026-10-05 18:08,perugia,elce,5980,Luggage Storage Via D'andreotto,2026-10-05,19,weekday,20,0,20,read
2026-10-05 18:08,pescara,pescara-centrale-train-station,6461104,Luggage Storage Pescara Train Station,2026-10-05,19,weekday,35,3,32,read
2026-10-05 18:08,pescara,pescara-centrale-train-station,5992,Luggage Storage Clap Museum,2026-10-05,19,weekday,30,0,30,read
2026-10-05 18:08,pescara,pescara-centrale-train-station,6455983,Luggage Storage near Pescara Centrale,2026-10-05,19,weekday,10,0,10,read
2026-10-05 18:08,pescara,pescara-centrale-train-station,6470765,Luggage Storage near Museo Ittico,2026-10-05,19,weekday,30,0,30,read
2026-10-05 18:08,pescara,pescara-centrale-train-station,6461064,Luggage Storage Pescara Terminal Bus,2026-10-05,19,weekday,20,0,20,read
2026-10-05 18:08,pescara,pescara-centrale-train-station,6461061,Luggage Storage Piazza Santa Caterina Da Siena,2026-10-05,19,weekday,20,0,20,read
2026-10-05 18:08,trapani,trapani-port,3363,Luggage Storage Trapani Ferry Terminal,2026-10-05,19,weekday,50,0,50,read
2026-10-05 18:08,trapani,trapani-port,227,Luggage Storage Trapani Port,2026-10-05,19,weekday,300,0,300,read
2026-10-05 18:08,trapani,trapani-port,4557,Luggage Storage Corso Italia,2026-10-05,19,weekday,50,0,50,read
2026-10-05 18:08,trapani,train-station,6526,Luggage Storage Museum Of Illusions,2026-10-05,19,weekday,10,0,10,read
2026-10-05 18:08,trapani,city-center,6522,Luggage Storage Via Marconi,2026-10-05,19,weekday,100,0,100,read
2026-10-05 18:08,trapani,train-station,6458886,Luggage Storage Via Fardella,2026-10-05,19,weekday,20,0,20,read
2026-10-05 18:08,trapani,city-center,6310,Luggage Storage Funivia Erice,2026-10-05,19,weekday,25,0,25,read
2026-10-05 18:08,bergamo,bergamo-train-station,6000,Luggage Storage Bergamo Train Station,2026-10-05,19,weekday,45,3,42,read
2026-10-05 18:08,bergamo,bergamo-train-station,6460154,Luggage Storage Paglia / Bergamo Station,2026-10-05,19,weekday,35,0,35,read
2026-10-05 18:08,monopoli,city-center,6451706,Luggage Storage Monopoli City Center,2026-10-05,19,weekday,35,0,35,read
2026-10-05 18:08,monopoli,castello-carlo-v,6910,Luggage Storage Monopoli Porto Antico,2026-10-05,19,weekday,25,0,25,read
2026-10-05 18:08,monopoli,city-center,6912,Luggage Storage Via S. Anna,2026-10-05,19,weekday,20,0,20,read
2026-10-05 18:08,pompei,train-station,7143,Luggage Storage Pompei Scavi Villa Dei Misteri Station,2026-10-05,19,weekday,50,0,50,read
2026-10-05 18:08,pompei,city-center,6452263,Luggage Storage near Pompei Santuario Station,2026-10-05,19,weekday,50,0,50,read
2026-10-05 18:08,pompei,city-center,6452047,Luggage Storage Stadio Bellucci,2026-10-05,19,weekday,20,0,20,read
2026-10-05 18:08,reggio-calabria,villa-san-giovanni,5948,Luggage Storage Villa San Giovanni Station,2026-10-05,19,weekday,50,0,50,read
2026-10-05 18:08,bolzano,bolzano-train-station,8088,Luggage Storage Bolzano Train Station,2026-10-05,19,weekday,60,7,53,read
2026-10-05 18:08,bolzano,waltherplatz,8090,Luggage Storage Bolzano Cathedral,2026-10-05,19,weekday,30,0,30,read
2026-10-05 18:08,bolzano,bolzano-train-station,6458005,Luggage Storage near South Tyrol Museum of Archaeology,2026-10-05,19,weekday,20,0,20,read
2026-10-05 18:08,bolzano,bolzano-train-station,6457943,Luggage Storage near Waltherplatz,2026-10-05,19,weekday,20,0,20,read
2026-10-05 18:08,bolzano,bolzano-train-station,6463173,Luggage Storage Bolzano Piazza Duomo,2026-10-05,19,weekday,50,1,49,read
2026-10-05 18:08,bolzano,palazzo-mercantile,8134,Luggage Storage Druso Stadium,2026-10-05,19,weekday,20,0,20,read
2026-10-05 18:08,bolzano,city-center,8125,Luggage Storage Corso Italia,2026-10-05,19,weekday,30,0,30,read
2026-10-05 18:08,brindisi,corso-garibaldi,877,Luggage Storage Corso Garibaldi,2026-10-05,19,weekday,45,0,45,read
2026-10-05 18:08,brindisi,city-centre,6458028,Luggage Storage Brindisi City Center,2026-10-05,19,weekday,30,0,30,read
2026-10-05 18:08,brindisi,central-station,6473492,Luggage Storage Piazza Cairoli / Brindisi Station,2026-10-05,19,weekday,200,0,200,read
2026-10-05 18:08,brindisi,central-station,6473179,Luggage Storage Brindisi Train Station,2026-10-05,19,weekday,70,0,70,read
2026-10-05 18:08,brindisi,central-station,6471163,Luggage Storage near Brindisi Station,2026-10-05,19,weekday,50,0,50,read
2026-10-05 18:08,brindisi,central-station,6459667,Luggage Storage Brindisi Railway Station,2026-10-05,19,weekday,35,0,35,read
2026-10-05 18:08,ferrara,city-center,873,Luggage Storage Ferrara City Center,2026-10-05,19,weekday,15,0,15,read
2026-10-05 18:08,ferrara,railway-station,7252,Luggage Storage Ferrara Railway Station,2026-10-05,19,weekday,50,0,50,read
2026-10-05 18:08,ferrara,city-center,6451982,Luggage Storage Viale Cavour / Ferrara Castle,2026-10-05,19,weekday,50,0,50,read
2026-10-05 18:08,ferrara,railway-station,6469743,Luggage Storage Ferrara Station,2026-10-05,19,weekday,50,0,50,read
2026-10-05 18:08,ferrara,railway-station,6469734,Luggage Storage near Ferrara Station,2026-10-05,19,weekday,100,0,100,read
2026-10-05 18:08,trento,main-station,3884,Luggage Storage Trento Railway Station,2026-10-05,19,weekday,40,0,40,read
2026-10-05 18:08,trento,main-station,9976,Luggage Storage Torre Vanga,2026-10-05,19,weekday,35,0,35,read
2026-10-05 18:08,trento,main-station,6461329,Luggage Storage Trento Train Station,2026-10-05,19,weekday,25,0,25,read
2026-10-05 18:08,trento,main-station,6456083,Luggage Storage Centa Brennero,2026-10-05,19,weekday,50,0,50,read
2026-10-05 18:08,trento,main-station,10017,Luggage Storage San Giuseppe Church,2026-10-05,19,weekday,10,0,10,read
2026-10-05 18:08,matera,city-center,6455071,Luggage Storage near Matera Centrale,2026-10-05,19,weekday,25,0,25,read
2026-10-05 18:08,matera,city-center,6451089,Luggage Storage Palombaro Lungo / XX Settembre,2026-10-05,19,weekday,15,0,15,read
2026-10-05 18:08,matera,city-center,6451092,Luggage Storage Piazzetta Pascoli,2026-10-05,19,weekday,20,0,20,read
2026-10-05 18:08,matera,via-dei-messapi,6814,Luggage Storage Via Dei Messapi,2026-10-05,19,weekday,60,0,60,read
2026-10-05 18:08,matera,city-center,6453158,Luggage Storage near Stadio XXI Settembre,2026-10-05,19,weekday,20,0,20,read
2026-10-05 18:08,matera,city-center,6451075,Luggage Storage Via Annunziatella,2026-10-05,19,weekday,10,0,10,read
2026-10-05 18:08,messina,messina-centrale,9018,Luggage Storage Messina Train Station,2026-10-05,19,weekday,30,2,28,read
2026-10-05 18:08,messina,messina-centrale,6497,Luggage Storage Messina Centrale,2026-10-05,19,weekday,25,0,25,read
2026-10-05 18:08,messina,messina-centrale,6504,Luggage Storage Church Of Saint Mary Of The Carmel,2026-10-05,19,weekday,15,0,15,read
2026-10-05 18:08,messina,messina-centrale,6471041,Luggage Storage Via Cannizzaro,2026-10-05,19,weekday,10,0,10,read
2026-10-05 18:08,messina,messina-centrale,6471038,Luggage Storage Messina Cathedral,2026-10-05,19,weekday,10,0,10,read
2026-10-05 18:08,messina,messina-centrale,6471037,Luggage Storage Villa Mazzini,2026-10-05,19,weekday,20,0,20,read
2026-10-05 18:08,messina,messina-centrale,6471036,Luggage Storage Muricello,2026-10-05,19,weekday,100,0,100,read
2026-10-05 18:08,modena,central-station,6400,Luggage Storage Modena Station,2026-10-05,19,weekday,40,0,40,read
2026-10-05 18:08,modena,central-station,6459423,Luggage Storage near Palazzina Dei Giardini,2026-10-05,19,weekday,30,0,30,read
2026-10-05 18:08,modena,central-station,6458403,Luggage Storage Modena Railway Station,2026-10-05,19,weekday,45,0,45,read
2026-10-05 18:08,agrigento,agrigento-train-staion,783,Luggage Storage Agrigento Train Station,2026-10-05,19,weekday,30,0,30,read
2026-10-05 18:08,agrigento,city-center,7148,Luggage Storage Agrigento Old Town,2026-10-05,19,weekday,50,0,50,read
2026-10-05 18:08,agrigento,city-center,7126,Luggage Storage Agrigento Bus Station,2026-10-05,19,weekday,20,0,20,read
2026-10-05 18:08,agrigento,agrigento-train-staion,6472980,Luggage Storage Agrigento Station 24/7,2026-10-05,19,weekday,50,0,50,read
2026-10-05 18:08,agrigento,city-center,6452613,Luggage Storage Scalinata Degli Artisti,2026-10-05,19,weekday,50,0,50,read
2026-10-05 18:08,aosta,train-station,3864,Luggage Storage Aosta Train Station,2026-10-05,19,weekday,10,0,10,read
2026-10-05 18:08,aosta,city-center,6451191,Luggage Storage Aosta Railway Station,2026-10-05,19,weekday,100,0,100,read
2026-10-05 18:08,brescia,train-station,6469491,Luggage Storage Piazza della Vittoria,2026-10-05,19,weekday,20,0,20,read
2026-10-05 18:08,como,city-center,6459749,Luggage Storage Duomo Di Como,2026-10-05,19,weekday,40,0,40,read
2026-10-05 18:08,como,como-lago-train-station,6459994,Luggage Storage Como Lago Train Station,2026-10-05,19,weekday,30,0,30,read
2026-10-05 18:08,como,city-center,7964,Luggage Storage near Como Borghi Railway Station,2026-10-05,19,weekday,40,0,40,read
2026-10-05 18:08,como,city-center,6473954,Luggage Storage near Como S. Giovanni Stn.,2026-10-05,19,weekday,10,0,10,read
2026-10-05 18:08,como,city-center,6473498,Luggage Storage Como S. Giovanni Station,2026-10-05,19,weekday,35,0,35,read
2026-10-05 18:08,monza,downtown,6200,Luggage Storage Monza City Center,2026-10-05,19,weekday,230,0,230,read
2026-10-05 18:08,monza,monza-train-station,6462144,Luggage Storage near Monza Station,2026-10-05,19,weekday,25,0,25,read
2026-10-05 18:08,monza,monza-train-station,6462159,Luggage Storage Via Cavour,2026-10-05,19,weekday,120,0,120,read
2026-10-05 18:08,monza,monza-train-station,6462143,Luggage Storage Monza Railway Station,2026-10-05,19,weekday,20,0,20,read
2026-10-05 18:08,parma,station,6460158,Luggage Storage Parma Railway Station,2026-10-05,19,weekday,20,0,20,read
2026-10-05 18:08,parma,city-center,6473550,Luggage Storage Arch of San Lazzaro,2026-10-05,19,weekday,10,0,10,read
2026-10-05 18:08,polignano-a-mare,central-station,6918,Luggage Storage Piazza Aldo Moro,2026-10-05,19,weekday,50,2,48,read
2026-10-05 18:08,polignano-a-mare,city-center,6315,Luggage Storage Pinocchio Park,2026-10-05,19,weekday,20,0,20,read
2026-10-05 18:08,polignano-a-mare,central-station,7442,Luggage Storage Lama Monachile,2026-10-05,19,weekday,40,0,40,read
2026-10-05 18:08,polignano-a-mare,central-station,6458257,Luggage Storage Polignano A Mare Railway Station,2026-10-05,19,weekday,20,0,20,read
2026-10-05 18:08,polignano-a-mare,city-center,6455631,Luggage Storage San Vito Beach,2026-10-05,19,weekday,10,0,10,read
2026-10-05 18:08,ravenna,main-station,6453551,Luggage Storage Ravenna Station,2026-10-05,19,weekday,30,0,30,read
2026-10-05 18:08,ravenna,main-station,6461479,Luggage Storage Ravenna Railway Station,2026-10-05,19,weekday,20,0,20,read
2026-10-05 18:08,ravenna,main-station,6453186,Luggage Storage Via Molinetto,2026-10-05,19,weekday,20,0,20,read
2026-10-05 18:08,savona,public-beach-lo-scaletto-dei-pescatori,6456768,Luggage Storage Lo Scaletto Dei Pescatori Beach,2026-10-05,19,weekday,20,0,20,read
2026-10-05 18:08,savona,savona-city-center,6461566,Luggage Storage Via XX Settembre,2026-10-05,19,weekday,20,0,20,read
2026-10-05 18:08,trieste,trieste-train-station,6451346,Luggage Storage Trieste Centrale,2026-10-05,19,weekday,30,7,23,read
2026-10-05 18:08,trieste,trieste-train-station,6451611,Luggage Storage Arco Di Riccardo,2026-10-05,19,weekday,60,0,60,read
2026-10-05 18:08,ancona,ancona-train-station,458,Luggage Storage Ancona Train Station,2026-10-05,19,weekday,100,2,98,read
2026-10-05 18:08,ancona,ancona-train-station,3893,Luggage Storage Ancona Railway Station,2026-10-05,19,weekday,100,0,100,read
2026-10-05 18:08,ancona,ancona-train-station,5993,Luggage Storage Ugo Bassi Square,2026-10-05,19,weekday,15,0,15,read
2026-10-05 18:08,arezzo,city-center,9266,Luggage Storage Arezzo Railway Station,2026-10-05,19,weekday,50,0,50,read
2026-10-05 18:08,arezzo,arezzo-train-station,6451175,Luggage Storage Campo Di Marte / Arezzo Station,2026-10-05,19,weekday,25,0,25,read
2026-10-05 18:08,caserta,royal-palace,2497,Luggage Storage Royal Palace,2026-10-05,19,weekday,50,0,50,read
2026-10-05 18:08,caserta,city-center,6470092,Luggage Storage Caserta Railway Station,2026-10-05,19,weekday,10,0,10,read
2026-10-05 18:08,caserta,city-center,6470091,Luggage Storage Caserta Train Station,2026-10-05,19,weekday,100,0,100,read
2026-10-05 18:08,caserta,city-center,6470098,Luggage Storage near Caserta Bus Station,2026-10-05,19,weekday,20,0,20,read
2026-10-05 18:08,caserta,city-center,6470164,Luggage Storage Caserta Bus Station,2026-10-05,19,weekday,30,0,30,read
2026-10-05 18:08,civitavecchia,railway-station,7383,Luggage Storage Civitavecchia Railway Station,2026-10-05,19,weekday,40,0,40,read
2026-10-05 18:08,civitavecchia,civitavecchia-1,6451190,Luggage Storage Mercato Di Civitavecchia,2026-10-05,19,weekday,20,0,20,read
2026-10-05 18:08,civitavecchia,railway-station,6474441,Luggage Storage Piazza Vittorio Emanuele,2026-10-05,19,weekday,10,0,10,read
2026-10-05 18:08,civitavecchia,railway-station,6470146,Luggage Storage near Civitavecchia Station,2026-10-05,19,weekday,15,0,15,read
2026-10-05 18:08,gallipoli,gallipoli-station,6525,Luggage Storage Gallipoli Port,2026-10-05,19,weekday,20,0,20,read
2026-10-05 18:08,gallipoli,gallipoli-station,6458940,Luggage Storage Corso Roma,2026-10-05,19,weekday,20,0,20,read
2026-10-05 18:08,gallipoli,gallipoli-station,6458939,Luggage Storage Lungomare Galileo Galilei,2026-10-05,19,weekday,20,0,20,read
2026-10-05 18:08,livorno,livorno-train-station,9547,Luggage Storage Livorno Centrale,2026-10-05,19,weekday,25,0,25,read
2026-10-05 18:08,livorno,city-center,6451865,Luggage Storage Cisternone,2026-10-05,19,weekday,50,0,50,read
2026-10-05 18:08,livorno,livorno-train-station,6469841,Luggage Storage Livorno Cathedral,2026-10-05,19,weekday,50,0,50,read
2026-10-05 18:08,padua,main-station,7276,Luggage Storage Padua Train Station,2026-10-05,19,weekday,50,0,50,read
2026-10-05 18:08,padua,main-station,6467981,Luggage Storage Padova Railway Station,2026-10-05,19,weekday,50,0,50,read
2026-10-05 18:08,padua,main-station,7281,Luggage Storage Via Sarpi,2026-10-05,19,weekday,60,0,60,read
2026-10-05 18:08,padua,city-center,6467957,Luggage Storage near Prato Della Valle,2026-10-05,19,weekday,50,0,50,read
2026-10-05 18:08,ragusa,ragusa-train-station,6452897,Luggage Storage Ragusa Train Station,2026-10-05,19,weekday,25,0,25,read
2026-10-05 18:08,ragusa,city-center,6452985,Luggage Storage near Ragusa Bus Terminal,2026-10-05,19,weekday,40,0,40,read
2026-10-05 18:08,ragusa,city-center,6452978,Luggage Storage near Ragusa Cathedral,2026-10-05,19,weekday,10,0,10,read
2026-10-05 18:08,ragusa,city-center,6452840,Luggage Storage Duomo Di Ragusa,2026-10-05,19,weekday,10,0,10,read
2026-10-05 18:08,cefalu,cefalu-transit-station,6644,Luggage Storage Cefalù Old Town,2026-10-05,19,weekday,35,1,34,read
2026-10-05 18:08,cefalu,city-center,5092,Luggage Storage Rocca Di Cefalù,2026-10-05,19,weekday,30,0,30,read
2026-10-05 18:08,imola,city-center,6467886,Luggage Storage Piazza Matteotti,2026-10-05,19,weekday,200,0,200,read
2026-10-05 18:08,noto,porta-reale-o-ferdinandea,7164,Luggage Storage Porta Reale,2026-10-05,19,weekday,25,0,25,read
2026-10-05 18:08,noto,city-center,6453331,Luggage Storage near Noto Train Station,2026-10-05,19,weekday,20,0,20,read
2026-10-05 18:08,noto,porta-reale-o-ferdinandea,6453050,Luggage Storage Villa Comunale Noto,2026-10-05,19,weekday,20,0,20,read
2026-10-05 18:08,sassari,city-center,7623,Luggage Storage Viale Dante,2026-10-05,19,weekday,20,0,20,read
2026-10-05 18:08,sassari,sassari-train-station,7526,Luggage Storage Viale Porto Torres,2026-10-05,19,weekday,20,0,20,read
2026-10-05 18:08,taranto,castello-aragonese,6852,Luggage Storage San Cataldo Cathedral,2026-10-05,19,weekday,50,0,50,read
2026-10-05 18:08,taranto,sacello-romano,6455906,Luggage Storage Via Principe Amedeo,2026-10-05,19,weekday,10,0,10,read
2026-10-05 18:08,taranto,sacello-romano,6856,Luggage Storage Via Nitti,2026-10-05,19,weekday,40,0,40,read
2026-10-05 18:08,taranto,castello-aragonese,6848,Luggage Storage Giardini Piazza Garibaldi,2026-10-05,19,weekday,10,0,10,read
2026-10-05 18:08,treviso,treviso-train-station,806,Luggage Storage Treviso Train Station,2026-10-05,19,weekday,75,2,73,read
2026-10-05 18:08,viareggio,train-station,7297,Luggage Storage Viareggio Train Station,2026-10-05,19,weekday,70,0,70,read
2026-10-05 18:08,viareggio,city-center,3327,Luggage Storage St Andrea Church,2026-10-05,19,weekday,40,0,40,read
2026-10-05 18:08,viareggio,train-station,6451814,Luggage Storage Piazza Piave,2026-10-05,19,weekday,30,0,30,read
2026-10-05 18:08,assisi,city-center,7307,Luggage Storage Basilica Di Santa Maria Degli Angeli,2026-10-05,19,weekday,25,0,25,read
2026-10-05 18:08,assisi,city-center,6466307,Luggage Storage Assisi Bus Station,2026-10-05,19,weekday,25,0,25,read
2026-10-05 18:08,caltanissetta,caltanissetta-centrale,7727,Luggage Storage Caltanissetta Train Station,2026-10-05,19,weekday,10,0,10,read
2026-10-05 18:08,caltanissetta,caltanissetta-old-town,7719,Luggage Storage Caltanissetta Old Town,2026-10-05,19,weekday,10,0,10,read
2026-10-05 18:08,caltanissetta,caltanissetta-centrale,7624,Luggage Storage Caltanissetta Centrale,2026-10-05,19,weekday,30,0,30,read
2026-10-05 18:08,cosenza,city-centre,6788,Luggage Storage Piazza Giacomo Mancini,2026-10-05,19,weekday,40,0,40,read
2026-10-05 18:08,cremona,cremona-train-station,6471042,Luggage Storage Cremona Bus Station,2026-10-05,19,weekday,30,0,30,read
2026-10-05 18:08,cremona,cremona-train-station,6471025,Luggage Storage Cremona Railway Station,2026-10-05,19,weekday,30,0,30,read
2026-10-05 18:08,ischia,port,6460634,Luggage Storage Ischia Ferry Terminal,2026-10-05,19,weekday,30,0,30,read
2026-10-05 18:08,lecco,train-station,7995,Luggage Storage Lecco Train Station,2026-10-05,19,weekday,30,0,30,read
2026-10-05 18:08,lecco,lecco-train-station,6470300,Luggage Storage near Lake Como Museum,2026-10-05,19,weekday,10,0,10,read
2026-10-05 18:08,lecco,lecco-train-station,6470206,Luggage Storage Lecco Railway Station,2026-10-05,19,weekday,20,0,20,read
2026-10-05 18:08,olbia,train-station,7387,Luggage Storage Olbia Terranova Train Station,2026-10-05,19,weekday,100,2,98,read
2026-10-05 18:08,olbia,train-station,7388,Luggage Storage Olbia Railway Station,2026-10-05,19,weekday,55,0,55,read
2026-10-05 18:08,pavia,pavia-train-station,6460851,Luggage Storage Pavia Train Station,2026-10-05,19,weekday,20,0,20,read
2026-10-05 18:08,porto-torres,city-center,5519,Luggage Storage Porto Torres Marittima,2026-10-05,19,weekday,100,0,100,read
2026-10-05 18:08,porto-torres,port,7593,Luggage Storage Porto Torres Port,2026-10-05,19,weekday,30,0,30,read
2026-10-05 18:08,rapallo,train-station,6452316,Luggage Storage Rapallo Railway Station,2026-10-05,19,weekday,30,0,30,read
2026-10-05 18:08,riccione,city-center,6460160,Luggage Storage Riccione Train Station,2026-10-05,19,weekday,65,0,65,read
2026-10-05 18:08,riccione,city-center,6453440,Luggage Storage Viale Bellini,2026-10-05,19,weekday,30,0,30,read
2026-10-05 18:08,riccione,terme,6453417,Luggage Storage Riccione Terme,2026-10-05,19,weekday,10,0,10,read
2026-10-05 18:08,altamura,city-centre,6455041,Luggage Storage Church Of Saint Theresa,2026-10-05,19,weekday,10,0,10,read
2026-10-05 18:08,altamura,city-centre,6455033,Luggage Storage Altamura City Hall,2026-10-05,19,weekday,10,0,10,read
2026-10-05 18:08,altamura,city-centre,6455015,Luggage Storage Altamura Old Town,2026-10-05,19,weekday,20,0,20,read
2026-10-05 18:08,amalfi,city-centre,9557,Luggage Storage Duomo Di Amalfi,2026-10-05,19,weekday,30,4,26,read
2026-10-05 18:08,amalfi,city-centre,7447,Luggage Storage Amalfi City Center,2026-10-05,19,weekday,50,0,50,read
2026-10-05 18:08,castellammare-di-stabia,castellammare-di-stabia-train-station,5889,Luggage Storage near Castellammare Di Stabia Station,2026-10-05,19,weekday,300,0,300,read
2026-10-05 18:08,castellammare-di-stabia,castellammare-di-stabia-train-station,6451920,Luggage Storage Pioppaino Railway Station,2026-10-05,19,weekday,10,0,10,read
2026-10-05 18:08,castellammare-di-stabia,castellammare-di-stabia-train-station,5898,Luggage Storage Villa Comunale,2026-10-05,19,weekday,200,0,200,read
2026-10-05 18:08,desenzano,train-station,6267,Luggage Storage Desenzano Port,2026-10-05,19,weekday,50,0,50,read
2026-10-05 18:08,donnalucata,city-centre,6452863,Luggage Storage Donnalucata Beach,2026-10-05,19,weekday,10,0,10,read
2026-10-05 18:08,donnalucata,city-centre,6452979,Luggage Storage near Donnalucata Beach,2026-10-05,19,weekday,10,0,10,read
2026-10-05 18:08,donnalucata,city-centre,6452846,Luggage Storage Lungomare Di Donnalucata,2026-10-05,19,weekday,20,0,20,read
2026-10-05 18:08,la-maddalena,la-maddalena-ferry-terminal,6460822,Luggage Storage La Maddalena Port,2026-10-05,19,weekday,20,0,20,read
2026-10-05 18:08,la-maddalena,la-maddalena-ferry-terminal,6460785,Luggage Storage Via Cairoli,2026-10-05,19,weekday,20,0,20,read
2026-10-05 18:08,merano,city-center,6469835,Luggage Storage Merano City Center,2026-10-05,19,weekday,15,0,15,read
2026-10-05 18:08,milazzo,port,6471045,Luggage Storage Via dei Mille,2026-10-05,19,weekday,200,0,200,read
2026-10-05 18:08,ostuni,city-centre,6876,Luggage Storage Ostuni Train Station,2026-10-05,19,weekday,50,0,50,read
2026-10-05 18:08,ostuni,city-centre,6898,Luggage Storage Via Papa Giovanni Xxiii,2026-10-05,19,weekday,100,0,100,read
2026-10-05 18:08,pesaro,city-center,6453381,Luggage Storage near Pesaro Station,2026-10-05,19,weekday,100,0,100,read
2026-10-05 18:08,pesaro,city-center,6453382,Luggage Storage Pesaro Old Town,2026-10-05,19,weekday,100,0,100,read
2026-10-05 18:08,prato,prato-centrale,4478,Luggage Storage Prato City Center,2026-10-05,19,weekday,40,0,40,read
2026-10-05 18:08,reggio-emilia,railway-station,7858,Luggage Storage Reggio Emilia Train Station,2026-10-05,19,weekday,65,0,65,read
2026-10-05 18:08,sirmione,city-center,6452685,Luggage Storage Sirmione Castle,2026-10-05,19,weekday,30,0,30,read
2026-10-05 18:08,tirano,tirano-railway-station,6467810,Luggage Storage Tirano Train Station,2026-10-05,19,weekday,40,2,38,read
2026-10-05 18:08,vicenza,city-center,1530,Luggage Storage Piazza Castello,2026-10-05,19,weekday,40,0,40,read
2026-10-05 18:08,vicenza,city-center,1526,Luggage Storage Vicenza City Center,2026-10-05,19,weekday,30,0,30,read
2026-10-05 18:08,alberobello,alberobello-train-station,6930,Luggage Storage Alberobello Train Station,2026-10-05,19,weekday,25,0,25,read
2026-10-05 18:08,alberobello,city-center,6455991,Luggage Storage Via Piave,2026-10-05,19,weekday,30,0,30,read
2026-10-05 18:08,cervia,milano-marittima,6455105,Luggage Storage Viale Dante Alighieri,2026-10-05,19,weekday,10,0,10,read
2026-10-05 18:08,cervia,city-center,6461485,Luggage Storage Cervia City Center,2026-10-05,19,weekday,20,0,20,read
2026-10-05 18:08,elba,marina-di-campo,6460662,Luggage Storage Marina di Campo Beach,2026-10-05,19,weekday,20,0,20,read
2026-10-05 18:08,elba,procchio,6460661,Luggage Storage Procchio Beach,2026-10-05,19,weekday,20,0,20,read
2026-10-05 18:08,jesolo,lido-jesolo,6461178,Luggage Storage near Piazza Drago,2026-10-05,19,weekday,20,0,20,read
2026-10-05 18:08,lamezia-terme,train-station,6452912,Luggage Storage Lamezia Terme Centrale,2026-10-05,19,weekday,30,0,30,read
2026-10-05 18:08,marsala,porta-garibaldi,7150,Luggage Storage Porta Garibaldi,2026-10-05,19,weekday,30,0,30,read
2026-10-05 18:08,massa,city-center,6458344,Luggage Storage Massa Centro Railway Station,2026-10-05,19,weekday,20,0,20,read
2026-10-05 18:08,novara,novara-train-station,6462036,Luggage Storage Novara Train Station,2026-10-05,19,weekday,25,7,18,read
2026-10-05 18:08,potenza,city-center,6460018,Luggage Storage Potenza City Center,2026-10-05,19,weekday,100,0,100,read
2026-10-05 18:08,potenza,potenza-city-center,6459940,Luggage Storage Potenza Santa Maria,2026-10-05,19,weekday,20,0,20,read
2026-10-05 18:08,sanremo,city-center,7763,Luggage Storage Sanremo City Center,2026-10-05,19,weekday,20,0,20,read
2026-10-05 18:08,sestri-levante,sestri-levante-train-station,6459775,Luggage Storage Sestri Levante City Center,2026-10-05,19,weekday,20,0,20,read
2026-10-05 18:08,stromboli,ferry-terminal,3958,Luggage Storage Stromboli Ferry Terminal,2026-10-05,19,weekday,20,0,20,read
2026-10-05 18:08,stromboli,ferry-terminal,6461846,Luggage Storage Scari Beach,2026-10-05,19,weekday,20,0,20,read
2026-10-05 18:08,taormina,city-centre,6533,Luggage Storage Taormina City Center,2026-10-05,19,weekday,50,0,50,read
2026-10-05 18:08,taormina,city-centre,6472384,Luggage Storage Taormina Bus Terminal,2026-10-05,19,weekday,20,0,20,read
2026-10-05 18:08,tropea,city-centre,6813,Luggage Storage Tropea City Center,2026-10-05,19,weekday,30,0,30,read
2026-10-05 18:08,ventimiglia,city-center-ventimiglia,6469655,Luggage Storage Ventimiglia Railway Station,2026-10-05,19,weekday,50,0,50,read
2026-10-05 18:08,alessandria,tortona,6451902,Luggage Storage Via S. Marziano,2026-10-05,19,weekday,15,0,15,read
2026-10-05 18:08,angri,train-station,5405,Luggage Storage Angri Train Station,2026-10-05,19,weekday,50,0,50,read
2026-10-05 18:08,chiavari,chiavari-train-station,6452398,Luggage Storage Chiavari Train Station,2026-10-05,19,weekday,20,0,20,read
2026-10-05 18:08,gaeta,city-center,6452687,Luggage Storage Lungomare Di Gaeta,2026-10-05,19,weekday,20,0,20,read
2026-10-05 18:08,gravina-in-puglia,city-center,4532,Luggage Storage Gravina Sotterranea,2026-10-05,19,weekday,50,0,50,read
2026-10-05 18:08,maglie,old-town,2679,Luggage Storage Maglie Train Station,2026-10-05,19,weekday,10,0,10,read
2026-10-05 18:08,martina-franca,city-center,6455140,Luggage Storage Villa Garibaldi,2026-10-05,19,weekday,10,0,10,read
2026-10-05 18:08,mazara-del-vallo,train-station,5293,Luggage Storage Stazione Di Mazara Del Vallo,2026-10-05,19,weekday,10,0,10,read
2026-10-05 18:08,mira,mira-city-center,7736,Luggage Storage Mira Via Nazionale,2026-10-05,19,weekday,30,0,30,read
2026-10-05 18:08,modica,city-center,6452836,Luggage Storage Trenino Barocco Modica,2026-10-05,19,weekday,10,0,10,read
2026-10-05 18:08,otranto,city-center,6455686,Luggage Storage near Otranto Old Town,2026-10-05,19,weekday,100,0,100,read
2026-10-05 18:08,palau,palau-ferry-terminal,7657,Luggage Storage Palau Ferry Terminal,2026-10-05,19,weekday,20,0,20,read
2026-10-05 18:08,piacenza,piacenza-train-station,6451173,Luggage Storage Piacenza Train Station,2026-10-05,19,weekday,25,0,25,read
2026-10-05 18:08,pizzo-calabro,city-center,6455065,Luggage Storage Pizzo City Center,2026-10-05,19,weekday,20,0,20,read
2026-10-05 18:08,ponza,giancos-beach,6460679,Luggage Storage Giancos Beach,2026-10-05,19,weekday,20,0,20,read
2026-10-05 18:08,portici,city-center,6453595,Luggage Storage Portici Corso Garibaldi,2026-10-05,19,weekday,50,0,50,read
2026-10-05 18:08,riomaggiore,riomaggiore-train-station,6459767,Luggage Storage Riomaggiore City Center,2026-10-05,19,weekday,35,1,34,read
2026-10-05 18:08,san-teodoro,piazza-di-gallura,7389,Luggage Storage Piazza Di Gallura,2026-10-05,19,weekday,45,0,45,read
2026-10-05 18:08,san-vito-lo-capo,city-center,8336,Luggage Storage Santuario Di San Vito,2026-10-05,19,weekday,50,0,50,read
2026-10-05 18:08,scicli,city-center,6453837,Luggage Storage near Via Nazionale,2026-10-05,19,weekday,10,0,10,read
2026-10-05 18:08,trani,trani-transit-station,6936,Luggage Storage Trani Port,2026-10-05,19,weekday,50,0,50,read
2026-10-05 18:08,vico-del-gargano,city-center,7226,Luggage Storage City Center Vico Del Gargano,2026-10-05,19,weekday,10,0,10,read
2026-10-05 18:08,vigevano,city-center,6459516,Luggage Storage Corso Cavour,2026-10-05,19,weekday,20,0,20,read
2026-10-05 18:08,villasimius,viale-matteotti,6484,Luggage Storage Viale Matteotti,2026-10-05,19,weekday,10,0,10,read
2026-10-05 19:09,rome,termini,1109,Luggage Storage Termini,2026-10-05,20,weekday,300,23,277,read
2026-10-05 19:09,rome,termini,6453333,Luggage Storage Termini / Piazza Dei Cinquecento,2026-10-05,20,weekday,100,2,98,read
2026-10-05 19:09,rome,trastevere,913,Luggage Storage Viale Trastevere,2026-10-05,20,weekday,80,2,78,read
2026-10-05 19:09,rome,roma-vatican-museums,6459809,Luggage Storage near Vatican Museums,2026-10-05,20,weekday,50,0,50,read
2026-10-05 19:09,rome,navona,21,Luggage Storage Navona,2026-10-05,20,weekday,100,0,100,read
2026-10-05 19:09,rome,termini,1352,Luggage Storage Termini Station,2026-10-05,20,weekday,60,2,58,read
2026-10-05 19:09,rome,vatican,4869,Luggage Storage Vatican City,2026-10-05,20,weekday,45,0,45,read
2026-10-05 19:09,rome,trevi,6450924,Luggage Storage Piazza Barberini,2026-10-05,20,weekday,100,1,99,read
2026-10-05 19:09,rome,trastevere,5598,Luggage Storage Trastevere San Cosimato,2026-10-05,20,weekday,50,0,50,read
2026-10-05 19:09,rome,termini,5684,Luggage Storage Termini Rome,2026-10-05,20,weekday,50,3,47,read
2026-10-05 19:09,rome,termini,4695,Luggage Storage Giolitti / Termini Station,2026-10-05,20,weekday,250,1,249,read
2026-10-05 19:09,rome,pantheon,5067,Luggage Storage Campo De Fiori,2026-10-05,20,weekday,40,1,39,read
2026-10-05 19:09,rome,san-giovanni,15,Luggage Storage S.giovanni,2026-10-05,20,weekday,300,0,300,read
2026-10-05 19:09,rome,piazza-del-popolo,9875,Luggage Storage Flaminio Train Station,2026-10-05,20,weekday,100,0,100,read
2026-10-05 19:09,rome,tiburtina,8637,Luggage Storage Monti Tiburtini Metro Station,2026-10-05,20,weekday,50,0,50,read
2026-10-05 19:09,rome,termini,7703,Luggage Storage Termini Railway Station,2026-10-05,20,weekday,100,0,100,read
2026-10-05 19:09,rome,esquilino,6984,Luggage Storage Manzoni Metro Station,2026-10-05,20,weekday,50,0,50,read
2026-10-05 19:09,rome,trastevere,6474541,Luggage Storage Via Albert Einstein / Marconi,2026-10-05,20,weekday,30,0,30,read
2026-10-05 19:09,rome,termini,6473095,Luggage Storage Viminale Bus Stop,2026-10-05,20,weekday,40,0,40,read
2026-10-05 19:09,rome,navona,6473024,Luggage Storage Via della Pace,2026-10-05,20,weekday,50,0,50,read
2026-10-05 19:09,rome,navona,6473023,Luggage Storage Fontana dei Quattro Fiumi,2026-10-05,20,weekday,60,0,60,read
2026-10-05 19:09,rome,navona,6473022,Luggage Storage Navona / Neptune Fountain,2026-10-05,20,weekday,60,0,60,read
2026-10-05 19:09,rome,colosseum,6473021,Luggage Storage Cavour / Ricci,2026-10-05,20,weekday,25,0,25,read
2026-10-05 19:09,rome,termini,6472962,Luggage Storage Termini / Amendola,2026-10-05,20,weekday,18,5,13,read
2026-10-05 19:09,rome,termini,6472955,Luggage Storage Milazzo / Termini Station,2026-10-05,20,weekday,100,0,100,read
2026-10-05 19:09,rome,termini,6472954,Luggage Storage Marsala / Milazzo,2026-10-05,20,weekday,100,1,99,read
2026-10-05 19:09,rome,termini,6472953,Luggage Storage Milazzo / Magenta,2026-10-05,20,weekday,100,0,100,read
2026-10-05 19:09,rome,pantheon,6472396,Luggage Storage near Pantheon,2026-10-05,20,weekday,35,0,35,read
2026-10-05 19:09,rome,flaminio,6472354,Luggage Storage near Piazza del Popolo,2026-10-05,20,weekday,50,0,50,read
2026-10-05 19:09,rome,termini,6471173,Luggage Storage Termini (Ma-Mb-Fs),2026-10-05,20,weekday,100,0,100,read
2026-10-05 19:09,rome,ostiense,6470456,Luggage Storage Ostiense/Matteucci,2026-10-05,20,weekday,50,0,50,read
2026-10-05 19:09,rome,ostiense,6470454,Luggage Storage Basilica S. Paolo,2026-10-05,20,weekday,50,0,50,read
2026-10-05 19:09,rome,termini,6470329,Luggage Storage Manin / Termini,2026-10-05,20,weekday,30,0,30,read
2026-10-05 19:09,rome,Municipio-Roma-X,6470296,Luggage Storage Casal Palocco,2026-10-05,20,weekday,30,0,30,read
2026-10-05 19:09,rome,termini,6469828,Luggage Storage Piazza dell'Esquilino,2026-10-05,20,weekday,300,0,300,read
2026-10-05 19:09,rome,repubblica,6469637,Luggage Storage Via Quattro Fontane,2026-10-05,20,weekday,50,0,50,read
2026-10-05 19:09,rome,ostia-1,6468366,Luggage Storage Corso Duca di Genova,2026-10-05,20,weekday,40,0,40,read
2026-10-05 19:09,rome,prati,6468191,Luggage Storage Via degli Scipioni,2026-10-05,20,weekday,30,0,30,read
2026-10-05 19:09,rome,pantheon,6468018,Luggage Storage near Piazza del Gesù,2026-10-05,20,weekday,50,0,50,read
2026-10-05 19:09,rome,s-pietro,6463140,Luggage Storage near Paul VI Hall,2026-10-05,20,weekday,20,0,20,read
2026-10-05 19:09,rome,pantheon,6462317,Luggage Storage near Galleria Doria Pamphilj,2026-10-05,20,weekday,20,0,20,read
2026-10-05 19:09,rome,lepanto,6462316,Luggage Storage Roma Ottaviano,2026-10-05,20,weekday,35,0,35,read
2026-10-05 19:09,rome,repubblica,6462240,Luggage Storage Tritone/ Barberini,2026-10-05,20,weekday,40,0,40,read
2026-10-05 19:09,rome,manzoni,6462223,Luggage Storage Via Emanuele Filiberto,2026-10-05,20,weekday,20,0,20,read
2026-10-05 19:09,rome,trastevere,6461932,Luggage Storage near Piazza Trilussa,2026-10-05,20,weekday,20,1,19,read
2026-10-05 19:09,rome,s-pietro,6461618,Luggage Storage near St. Angelo Bridge,2026-10-05,20,weekday,50,0,50,read
2026-10-05 19:09,rome,piazza-di-san-pietro-in-vincoli,6461425,Luggage Storage Cipro/Bragadin,2026-10-05,20,weekday,20,0,20,read
2026-10-05 19:09,rome,san-lorenzo,6460798,Luggage Storage Roma San Lorenzo,2026-10-05,20,weekday,20,0,20,read
2026-10-05 19:09,rome,termini,6460703,Luggage Storage Via Carlo Cattaneo,2026-10-05,20,weekday,20,0,20,read
2026-10-05 19:09,rome,primavalle,6460001,Luggage Storage Circonvallazione Cornelia,2026-10-05,20,weekday,50,0,50,read
2026-10-05 19:09,rome,termini,6459912,Luggage Storage Amendola / Termini Station,2026-10-05,20,weekday,20,0,20,read
2026-10-05 19:09,rome,santa-maria-maggiore,6459910,Luggage Storage Gioberti / Santa Maria Maggiore,2026-10-05,20,weekday,100,0,100,read
2026-10-05 19:09,rome,pantheon,6459743,Luggage Storage Basilica Sant'Andrea Della Valle,2026-10-05,20,weekday,20,0,20,read
2026-10-05 19:09,rome,repubblica,6459675,Luggage Storage Piazza Del Viminale,2026-10-05,20,weekday,25,0,25,read
2026-10-05 19:09,rome,pantheon,6458442,Luggage Storage Vittorio Emanuele / Argentina,2026-10-05,20,weekday,40,0,40,read
2026-10-05 19:09,rome,primavalle,6458086,Luggage Storage Cannuta / Battistini,2026-10-05,20,weekday,30,0,30,read
2026-10-05 19:09,rome,termini,6457601,Luggage Storage Amedeo / Termini,2026-10-05,20,weekday,20,0,20,read
2026-10-05 19:09,rome,vatican,6457407,Luggage Storage Ottaviano Metro Station,2026-10-05,20,weekday,15,0,15,read
2026-10-05 19:09,rome,termini,6457349,Luggage Storage Termini Metro Station,2026-10-05,20,weekday,45,1,44,read
2026-10-05 19:09,rome,esquilino,6457222,Luggage Storage Roma Porta Maggiore,2026-10-05,20,weekday,20,0,20,read
2026-10-05 19:09,rome,esquilino,6457185,Luggage Storage Basilica of San Giovanni in Laterano,2026-10-05,20,weekday,35,1,34,read
2026-10-05 19:09,rome,monti,6457113,Luggage Storage Urbana / Panisperna,2026-10-05,20,weekday,20,0,20,read
2026-10-05 19:09,rome,monti,6457108,Luggage Storage Roma Monti,2026-10-05,20,weekday,35,0,35,read
2026-10-05 19:09,rome,termini,6457058,Luggage Storage Basilica of Saint Pudentiana,2026-10-05,20,weekday,40,0,40,read
2026-10-05 19:09,rome,piazza-campo-de-fiori,6456889,Luggage Storage Via Dei Giubbonari,2026-10-05,20,weekday,25,0,25,read
2026-10-05 19:09,rome,piazza-campo-de-fiori,6456888,Luggage Storage near Campo De' Fiori,2026-10-05,20,weekday,50,0,50,read
2026-10-05 19:09,rome,piazza-campo-de-fiori,6456886,Luggage Storage Theatre Of Pompey,2026-10-05,20,weekday,30,0,30,read
2026-10-05 19:09,rome,trastevere,6456815,Luggage Storage Testaccio,2026-10-05,20,weekday,25,0,25,read
2026-10-05 19:09,rome,piazza-di-san-pietro-in-vincoli,6456615,Luggage Storage Basilica Of San Pietro In Vincoli,2026-10-05,20,weekday,50,0,50,read
2026-10-05 19:09,rome,garbatella,6456416,Luggage Storage Roma Ostiense,2026-10-05,20,weekday,50,0,50,read
2026-10-05 19:09,rome,pantheon,6455957,Luggage Storage Spagna Metro Station,2026-10-05,20,weekday,35,0,35,read
2026-10-05 19:09,rome,fiera-di-roma,6455074,Luggage Storage near Viale Dei Colli Portuensi,2026-10-05,20,weekday,30,0,30,read
2026-10-05 19:09,rome,lepanto,6454985,Luggage Storage Roma Flaminio,2026-10-05,20,weekday,25,0,25,read
2026-10-05 19:09,rome,portuense,6454526,Luggage Storage Circonvallazione Gianicolense,2026-10-05,20,weekday,20,0,20,read
2026-10-05 19:09,rome,prati,6454471,Luggage Storage Viale Giulio Cesare,2026-10-05,20,weekday,40,0,40,read
2026-10-05 19:09,rome,vatican,6454230,Luggage Storage near Vatican City,2026-10-05,20,weekday,30,0,30,read
2026-10-05 19:09,rome,baldo-degli-ubaldi-station,6454059,Luggage Storage Cornelia Metro Station,2026-10-05,20,weekday,15,0,15,read
2026-10-05 19:09,rome,repubblica,6454032,Luggage Storage near Palazzo Delle Esposizioni,2026-10-05,20,weekday,50,0,50,read
2026-10-05 19:09,rome,largo-di-torre-argentina,6453995,Luggage Storage Roma Torre Argentina,2026-10-05,20,weekday,35,0,35,read
2026-10-05 19:09,rome,navona,6453616,Luggage Storage Piazza Navona,2026-10-05,20,weekday,30,0,30,read
2026-10-05 19:09,rome,termini,6453452,Luggage Storage Acquario Romano,2026-10-05,20,weekday,100,0,100,read
2026-10-05 19:09,rome,termini,6452726,Luggage Storage Gioberti Roma Termini,2026-10-05,20,weekday,100,0,100,read
2026-10-05 19:09,rome,parioli,6452625,Luggage Storage near Foro Italico,2026-10-05,20,weekday,45,0,45,read
2026-10-05 19:09,rome,vatican,6452534,Luggage Storage Aurelia / Cavalleggeri,2026-10-05,20,weekday,35,1,34,read
2026-10-05 19:09,rome,vatican,6452533,Luggage Storage Passeggiata Del Gelsomino,2026-10-05,20,weekday,10,0,10,read
2026-10-05 19:09,rome,st-peter-basilica,6452532,Luggage Storage Porta Cavalleggeri,2026-10-05,20,weekday,35,0,35,read
2026-10-05 19:09,rome,cavour,6452487,Luggage Storage Roma Via Cavour,2026-10-05,20,weekday,50,0,50,read
2026-10-05 19:09,rome,termini,6452486,Luggage Storage near Museo Delle Illusioni,2026-10-05,20,weekday,25,0,25,read
2026-10-05 19:09,rome,prati,6452320,Luggage Storage Flaminio Metro Station,2026-10-05,20,weekday,50,0,50,read
2026-10-05 19:09,rome,bocca-della-verita,6452303,Luggage Storage Piazza Belli,2026-10-05,20,weekday,40,0,40,read
2026-10-05 19:09,rome,brancaccio,6452072,Luggage Storage Largo Brancaccio,2026-10-05,20,weekday,20,0,20,read
2026-10-05 19:09,rome,monti,6451743,Luggage Storage Via Filippo Turati / Termini,2026-10-05,20,weekday,100,0,100,read
2026-10-05 19:09,rome,vatican,6451676,Luggage Storage near Teatro Ghione,2026-10-05,20,weekday,100,0,100,read
2026-10-05 19:09,rome,monti,6451669,Luggage Storage near Via Cavour,2026-10-05,20,weekday,40,0,40,read
2026-10-05 19:09,rome,vatican,6451598,Luggage Storage Via Aurelia,2026-10-05,20,weekday,70,0,70,read
2026-10-05 19:09,rome,piazza-campo-de-fiori,6451596,Luggage Storage Roma Campo De' Fiori,2026-10-05,20,weekday,100,0,100,read
2026-10-05 19:09,rome,roman-forum,6451503,Luggage Storage Basilica Papale Di Santa Maria Maggiore,2026-10-05,20,weekday,80,0,80,read
2026-10-05 19:09,rome,vittorio-emanuele,6451424,Luggage Storage Roma Santa Maria Maggiore,2026-10-05,20,weekday,50,2,48,read
2026-10-05 19:09,rome,tiburtina,6235,Luggage Storage Via Della Lega Lombarda,2026-10-05,20,weekday,40,0,40,read
2026-10-05 19:09,rome,termini,5475,Luggage Storage National Museum Of Rome,2026-10-05,20,weekday,30,0,30,read
2026-10-05 19:09,rome,trastevere,5086,Luggage Storage Piazza Scotti,2026-10-05,20,weekday,50,0,50,read
2026-10-05 19:09,rome,termini,4762,Luggage Storage Termini Metro Station,2026-10-05,20,weekday,300,0,300,read
2026-10-05 19:09,rome,trastevere,4643,Luggage Storage Via Angelo Tittoni,2026-10-05,20,weekday,25,0,25,read
2026-10-05 19:09,rome,trastevere,4606,Luggage Storage Piazza San Cosimato,2026-10-05,20,weekday,30,0,30,read
2026-10-05 19:09,rome,termini,4299,Luggage Storage Piazza Dei Cinquecento,2026-10-05,20,weekday,50,1,49,read
2026-10-05 19:09,rome,piazza-del-popolo,4253,Luggage Storage Flaminio,2026-10-05,20,weekday,60,0,60,read
2026-10-05 19:09,rome,repubblica,4060,Luggage Storage Repubblica Metro Station,2026-10-05,20,weekday,60,0,60,read
2026-10-05 19:09,rome,aventino,3992,Luggage Storage Aventino,2026-10-05,20,weekday,100,0,100,read
2026-10-05 19:09,rome,castel-sant-angelo,3174,Luggage Storage Castel Sant'angelo,2026-10-05,20,weekday,50,0,50,read
2026-10-05 19:09,rome,ottaviano,1111,Luggage Storage Ottaviano,2026-10-05,20,weekday,30,0,30,read
2026-10-05 19:09,milan,milan-centrale-railway-station,3521,Luggage Storage Milan Centrale Train Station,2026-10-05,20,weekday,300,7,293,read
2026-10-05 19:09,milan,porta-genova,9028,Luggage Storage Milano Porta Genova Railway Station,2026-10-05,20,weekday,65,0,65,read
2026-10-05 19:09,milan,san-siro-stadium,9464,Luggage Storage San Siro Stadium,2026-10-05,20,weekday,300,0,300,read
2026-10-05 19:09,milan,san-babila,2709,Luggage Storage San Babila,2026-10-05,20,weekday,50,4,46,read
2026-10-05 19:09,milan,milan-centrale-railway-station,5777,Luggage Storage Milano Centrale,2026-10-05,20,weekday,90,0,90,read
2026-10-05 19:09,milan,milan-centrale-railway-station,6451052,Luggage Storage Malpensa Shuttle / Milano Centrale,2026-10-05,20,weekday,50,0,50,read
2026-10-05 19:09,milan,porta-romana,9192,Luggage Storage Milano Porta Romana,2026-10-05,20,weekday,35,2,33,read
2026-10-05 19:09,milan,corso-buenos-aires,9020,Luggage Storage near Corso Buenos Aires,2026-10-05,20,weekday,20,0,20,read
2026-10-05 19:09,milan,milan-centrale-railway-station,6991,Luggage Storage Milano Porta Venezia,2026-10-05,20,weekday,45,1,44,read
2026-10-05 19:09,milan,porta-garibaldi-train-station,6956,Luggage Storage Maciachini Metro Station,2026-10-05,20,weekday,40,0,40,read
2026-10-05 19:09,milan,missori,6473109,Luggage Storage Colonne / Vetra,2026-10-05,20,weekday,40,0,40,read
2026-10-05 19:09,milan,san-babila,6471138,Luggage Storage Via Visconti Di Modrone,2026-10-05,20,weekday,10,0,10,read
2026-10-05 19:09,milan,milan-centrale-railway-station,6471137,Luggage Storage Centrale / Filzi,2026-10-05,20,weekday,100,2,98,read
2026-10-05 19:09,milan,politecnico-di-milano-campus-bovisa-la-masa,6470851,Luggage Storage Milano Bovisa,2026-10-05,20,weekday,20,0,20,read
2026-10-05 19:09,milan,santa-giulia,6470604,Luggage Storage Santa Giulia,2026-10-05,20,weekday,10,0,10,read
2026-10-05 19:09,milan,conchetta,6470318,Luggage Storage Via Conca del Naviglio,2026-10-05,20,weekday,25,0,25,read
2026-10-05 19:09,milan,missori,6470159,Luggage Storage Santa Sofia,2026-10-05,20,weekday,10,6,4,read
2026-10-05 19:09,milan,missori,6470158,Luggage Storage Missori / Corso Italia,2026-10-05,20,weekday,20,0,20,read
2026-10-05 19:09,milan,milan-centrale-railway-station,6469903,Luggage Storage Vitruvio / Centrale,2026-10-05,20,weekday,40,0,40,read
2026-10-05 19:09,milan,santa-maria-delle-grazie,6469852,Luggage Storage Cadorna Metro Station,2026-10-05,20,weekday,45,0,45,read
2026-10-05 19:09,milan,porta-venezia,6469498,Luggage Storage Piazza Otto Novembre,2026-10-05,20,weekday,35,0,35,read
2026-10-05 19:09,milan,via-torino-via-palla,6469337,Luggage Storage Via Varesina,2026-10-05,20,weekday,26,0,26,read
2026-10-05 19:09,milan,crescenzago,6469266,Luggage Storage Rovereto / Viale Monza,2026-10-05,20,weekday,20,0,20,read
2026-10-05 19:09,milan,porta-romana,6469207,Luggage Storage Piazzale Libia,2026-10-05,20,weekday,20,0,20,read
2026-10-05 19:09,milan,porta-venezia,6468851,Luggage Storage Susa Metro Station,2026-10-05,20,weekday,20,0,20,read
2026-10-05 19:09,milan,china-town-milan,6463324,Luggage Storage Arco della Pace,2026-10-05,20,weekday,35,0,35,read
2026-10-05 19:09,milan,navigli,6463299,Luggage Storage Corso S. Gottardo,2026-10-05,20,weekday,20,1,19,read
2026-10-05 19:09,milan,forlanini,6463280,Luggage Storage near Viale Corsica,2026-10-05,20,weekday,20,0,20,read
2026-10-05 19:09,milan,loreto,6463275,Luggage Storage Via Padova / Crescenzago,2026-10-05,20,weekday,20,0,20,read
2026-10-05 19:09,milan,milano-repubblica-station,6462258,Luggage Storage near Milano Repubblica,2026-10-05,20,weekday,20,0,20,read
2026-10-05 19:09,milan,milan-centrale-railway-station,6461511,Luggage Storage Ponte Seveso / Centrale,2026-10-05,20,weekday,20,0,20,read
2026-10-05 19:09,milan,bullona,6460853,Luggage Storage Sonnino / Varesina,2026-10-05,20,weekday,20,0,20,read
2026-10-05 19:09,milan,assago,6460127,Luggage Storage Assago,2026-10-05,20,weekday,20,0,20,read
2026-10-05 19:09,milan,porta-venezia,6460099,Luggage Storage Porta Venezia Railway Station,2026-10-05,20,weekday,50,0,50,read
2026-10-05 19:09,milan,loreto,6459927,Luggage Storage near Viale Monza,2026-10-05,20,weekday,20,0,20,read
2026-10-05 19:09,milan,milan-centrale-railway-station,6459808,Luggage Storage Via Tonale / Centrale,2026-10-05,20,weekday,25,0,25,read
2026-10-05 19:09,milan,navigli,6459502,Luggage Storage Ripa Di Porta Ticinese,2026-10-05,20,weekday,35,4,31,read
2026-10-05 19:09,milan,bicocca,6459489,Luggage Storage Ponale,2026-10-05,20,weekday,20,0,20,read
2026-10-05 19:09,milan,zone-7-of-milan,6459488,Luggage Storage Via Rembrandt,2026-10-05,20,weekday,20,0,20,read
2026-10-05 19:09,milan,lambrate,6459487,Luggage Storage Via Porpora,2026-10-05,20,weekday,20,0,20,read
2026-10-05 19:09,milan,zone-7-of-milan,6459485,Luggage Storage Piazzale Brescia,2026-10-05,20,weekday,20,0,20,read
2026-10-05 19:09,milan,rho,6459417,Luggage Storage Pero,2026-10-05,20,weekday,20,0,20,read
2026-10-05 19:09,milan,porta-ticinese,6459398,Luggage Storage Porta Ticinese,2026-10-05,20,weekday,20,0,20,read
2026-10-05 19:09,milan,lambrate,6459387,Luggage Storage Rubattino,2026-10-05,20,weekday,20,0,20,read
2026-10-05 19:09,milan,santa-maria-delle-grazie,6458625,Luggage Storage Bolivar Metro Station,2026-10-05,20,weekday,20,0,20,read
2026-10-05 19:09,milan,santa-maria-delle-grazie,6458624,Luggage Storage Via Solari,2026-10-05,20,weekday,20,0,20,read
2026-10-05 19:09,milan,porta-genova,6458616,Luggage Storage Conca Del Naviglio,2026-10-05,20,weekday,35,0,35,read
2026-10-05 19:09,milan,washington,6458560,Luggage Storage Wagner,2026-10-05,20,weekday,35,0,35,read
2026-10-05 19:09,milan,milano-repubblica-station,6458359,Luggage Storage Milano Repubblica Train Station,2026-10-05,20,weekday,100,0,100,read
2026-10-05 19:09,milan,milan-centrale-railway-station,6458107,Luggage Storage Scarlatti / Centrale,2026-10-05,20,weekday,20,0,20,read
2026-10-05 19:09,milan,crescenzago,6457848,Luggage Storage Via Padova,2026-10-05,20,weekday,10,0,10,read
2026-10-05 19:09,milan,niguarda,6457565,Luggage Storage Milan Segnano,2026-10-05,20,weekday,20,0,20,read
2026-10-05 19:09,milan,porta-romana,6457366,Luggage Storage near Vittorio Formentano Park,2026-10-05,20,weekday,20,0,20,read
2026-10-05 19:09,milan,san-siro-stadium,6457232,Luggage Storage San Siro Stadium Metro Station,2026-10-05,20,weekday,35,0,35,read
2026-10-05 19:09,milan,milan-centrale-railway-station,6456714,Luggage Storage near Mercato Centrale Milano,2026-10-05,20,weekday,50,0,50,read
2026-10-05 19:09,milan,malpensa-airport,6454307,Luggage Storage Corso Magenta,2026-10-05,20,weekday,100,0,100,read
2026-10-05 19:09,milan,milan-centrale-railway-station,6452789,Luggage Storage Settembrini / Caiazzo,2026-10-05,20,weekday,50,0,50,read
2026-10-05 19:09,milan,milan-centrale-railway-station,6452762,Luggage Storage Milano Centrale / Via Ponte Seveso,2026-10-05,20,weekday,55,6,49,read
2026-10-05 19:09,milan,porta-venezia,6452268,Luggage Storage Milano Risorgimento,2026-10-05,20,weekday,30,2,28,read
2026-10-05 19:09,milan,piazza-gae-aulenti,6451041,Luggage Storage Milano Centrale / Via Tonale,2026-10-05,20,weekday,40,0,40,read
2026-10-05 19:09,milan,milan-centrale-railway-station,5505,Luggage Storage near Milan Centrale Station,2026-10-05,20,weekday,40,0,40,read
2026-10-05 19:09,naples,naples-centrale-train-station,188,Luggage Storage Naples Centrale,2026-10-05,20,weekday,300,0,300,read
2026-10-05 19:09,naples,naples-centrale-train-station,1835,Luggage Storage Naples Train Station,2026-10-05,20,weekday,45,0,45,read
2026-10-05 19:09,naples,naples-centrale-train-station,5009,Luggage Storage Napoli P. Garibaldi Station,2026-10-05,20,weekday,45,3,42,read
2026-10-05 19:09,naples,naples-city-center,5681,Luggage Storage near Sansevero Chapel,2026-10-05,20,weekday,50,0,50,read
2026-10-05 19:09,naples,naples-centrale-train-station,6458539,Luggage Storage Napoli Centrale,2026-10-05,20,weekday,70,0,70,read
2026-10-05 19:09,naples,napoli-porta-nolana,9071,Luggage Storage Duomo / Corso Umberto I,2026-10-05,20,weekday,60,0,60,read
2026-10-05 19:09,naples,mergellina-port,6717,Luggage Storage Via Piedigrotta,2026-10-05,20,weekday,50,0,50,read
2026-10-05 19:09,naples,bagnoli-agnano-terme,6473631,Luggage Storage Bagnoli Station,2026-10-05,20,weekday,30,0,30,read
2026-10-05 19:09,naples,vomero,6473629,Luggage Storage Arenella,2026-10-05,20,weekday,20,0,20,read
2026-10-05 19:09,naples,municipio,6473514,Luggage Storage near Naples Underground,2026-10-05,20,weekday,10,0,10,read
2026-10-05 19:09,naples,municipio,6473501,Luggage Storage near Acerra Station,2026-10-05,20,weekday,50,0,50,read
2026-10-05 19:09,naples,vomero,6473440,Luggage Storage Piazza Degli Artisti,2026-10-05,20,weekday,30,0,30,read
2026-10-05 19:09,naples,municipio,6473140,Luggage Storage De Cesare / Naples Underground,2026-10-05,20,weekday,10,0,10,read
2026-10-05 19:09,naples,napoli-porta-nolana,6473026,Luggage Storage Ranieri / Garibaldi,2026-10-05,20,weekday,10,0,10,read
2026-10-05 19:09,naples,municipio,6471162,Luggage Storage Port of Naples,2026-10-05,20,weekday,100,1,99,read
2026-10-05 19:09,naples,naples-centrale-train-station,6470853,Luggage Storage Corso Umberto / Porta Nolana,2026-10-05,20,weekday,100,0,100,read
2026-10-05 19:09,naples,municipio,6470807,Luggage Storage Piazza Plebiscito,2026-10-05,20,weekday,50,0,50,read
2026-10-05 19:09,naples,via-chiaia,6470110,Luggage Storage Chiaia,2026-10-05,20,weekday,100,0,100,read
2026-10-05 19:09,naples,via-chiaia,6470080,Luggage Storage Napoli Sotterranea,2026-10-05,20,weekday,20,0,20,read
2026-10-05 19:09,naples,via-toledo,6470059,Luggage Storage Toledo Metro Station,2026-10-05,20,weekday,50,1,49,read
2026-10-05 19:09,naples,universita,6461871,Luggage Storage Molo Immacolatella Vecchia,2026-10-05,20,weekday,30,4,26,read
2026-10-05 19:09,naples,naples-centrale-train-station,6461549,Luggage Storage Garibaldi - Volturno,2026-10-05,20,weekday,100,0,100,read
2026-10-05 19:09,naples,naples-centrale-train-station,6460818,Luggage Storage Napoli Centrale / Via Bologna,2026-10-05,20,weekday,100,0,100,read
2026-10-05 19:09,naples,naples-centrale-train-station,6458088,Luggage Storage Napoli Centrale Train Station,2026-10-05,20,weekday,40,1,39,read
2026-10-05 19:09,naples,porta-capuana,6457911,Luggage Storage Porta Capuana,2026-10-05,20,weekday,50,0,50,read
2026-10-05 19:09,naples,centro-storico,6456326,Luggage Storage near Sansevero Chapel Museum,2026-10-05,20,weekday,50,0,50,read
2026-10-05 19:09,naples,naples-centrale-train-station,6454591,Luggage Storage Metropark Terminal Bus Station,2026-10-05,20,weekday,100,0,100,read
2026-10-05 19:09,naples,miano,6452747,Luggage Storage Miano,2026-10-05,20,weekday,100,0,100,read
2026-10-05 19:09,naples,rione-sanita,6452507,Luggage Storage Via Arenaccia,2026-10-05,20,weekday,50,0,50,read
2026-10-05 19:09,naples,via-toledo,6451707,Luggage Storage Naples Ferry Terminal,2026-10-05,20,weekday,55,0,55,read
2026-10-05 19:09,naples,dante,6451213,Luggage Storage Napoli Piazza Dante,2026-10-05,20,weekday,25,0,25,read
2026-10-05 19:09,naples,naples-city-center,5972,Luggage Storage Diana Theatre,2026-10-05,20,weekday,15,0,15,read
2026-10-05 19:09,naples,santa-lucia,5763,Luggage Storage Santa Lucia,2026-10-05,20,weekday,100,0,100,read
2026-10-05 19:09,naples,universita,5195,Luggage Storage near Duomo Metro Station,2026-10-05,20,weekday,50,0,50,read
2026-10-05 19:09,naples,naples-airport,5163,Luggage Storage Naples Airport,2026-10-05,20,weekday,200,4,196,read
2026-10-05 19:09,naples,naples-centrale-train-station,5046,Luggage Storage Napoli Piazza Garibaldi,2026-10-05,20,weekday,50,0,50,read
2026-10-05 19:09,florence,santa-maria-novella,884,Luggage Storage Santa Maria Novella,2026-10-05,20,weekday,140,21,119,read
2026-10-05 19:09,florence,santa-maria-novella,2262,Luggage Storage Florence Train Station,2026-10-05,20,weekday,100,0,100,read
2026-10-05 19:09,florence,duomo,5001,Luggage Storage Florence Cathedral,2026-10-05,20,weekday,50,0,50,read
2026-10-05 19:09,florence,battistero-di-san-giovanni,6662,Luggage Storage Riccardi Medici Palace,2026-10-05,20,weekday,30,0,30,read
2026-10-05 19:09,florence,campo-di-marte,6458764,Luggage Storage Artemio Franchi Stadium,2026-10-05,20,weekday,35,0,35,read
2026-10-05 19:09,florence,basilica-of-santa-maria-novella,6459632,Luggage Storage Duomo of Florence,2026-10-05,20,weekday,10,1,9,read
2026-10-05 19:09,florence,pitti,3272,Luggage Storage near Pitti Palace,2026-10-05,20,weekday,50,0,50,read
2026-10-05 19:09,florence,campo-di-marte,6461693,Luggage Storage Campo Marte Station,2026-10-05,20,weekday,35,0,35,read
2026-10-05 19:09,florence,san-lorenzo,9317,Luggage Storage Via Guelfa / Mercato Centrale,2026-10-05,20,weekday,30,0,30,read
2026-10-05 19:09,florence,via-de-boni,8054,Luggage Storage Basilica Di San Lorenzo,2026-10-05,20,weekday,30,0,30,read
2026-10-05 19:09,florence,santa-maria-novella,6471146,Luggage Storage Via Faenza / SMN,2026-10-05,20,weekday,30,0,30,read
2026-10-05 19:09,florence,santo-spirito,6471019,Luggage Storage Palazzo Pitti,2026-10-05,20,weekday,50,0,50,read
2026-10-05 19:09,florence,porta-al-prato,6470874,Luggage Storage Porta al Prato,2026-10-05,20,weekday,100,0,100,read
2026-10-05 19:09,florence,santa-croce,6470821,Luggage Storage Santa Croce Church,2026-10-05,20,weekday,40,0,40,read
2026-10-05 19:09,florence,basilica-of-santa-maria-novella,6469938,Luggage Storage near Strozzi Palace,2026-10-05,20,weekday,30,0,30,read
2026-10-05 19:09,florence,santa-croce,6467881,Luggage Storage near Sant'Ambrogio,2026-10-05,20,weekday,30,0,30,read
2026-10-05 19:09,florence,basilica-of-santa-maria-novella,6461934,Luggage Storage Via Ghibellina,2026-10-05,20,weekday,20,0,20,read
2026-10-05 19:09,florence,santa-maria-novella,6460996,Luggage Storage Smn Station / Largo Alinari,2026-10-05,20,weekday,100,2,98,read
2026-10-05 19:09,florence,santa-croce,6460461,Luggage Storage near Museum Of Illusions Florence,2026-10-05,20,weekday,35,0,35,read
2026-10-05 19:09,florence,santa-croce,6460434,Luggage Storage near Verdi Theatre,2026-10-05,20,weekday,35,0,35,read
2026-10-05 19:09,florence,san-marco-florence,6458364,Luggage Storage Firenze San Marco,2026-10-05,20,weekday,20,0,20,read
2026-10-05 19:09,florence,santa-maria-novella,6458362,Luggage Storage near Florence Train Station,2026-10-05,20,weekday,30,2,28,read
2026-10-05 19:09,florence,district-1,6458204,Luggage Storage San Jacopino,2026-10-05,20,weekday,20,0,20,read
2026-10-05 19:09,florence,porta-al-prato,6458173,Luggage Storage Porta Al Prato Railway Station,2026-10-05,20,weekday,20,0,20,read
2026-10-05 19:09,florence,stazione-via-panzani,6457073,Luggage Storage Medici Chapel,2026-10-05,20,weekday,30,0,30,read
2026-10-05 19:09,florence,santa-maria-novella,3216,Luggage Storage San Marco Square,2026-10-05,20,weekday,20,0,20,read
2026-10-05 19:09,turin,museo-pietro-micca,7213,Luggage Storage Porta Susa Railway Station,2026-10-05,20,weekday,95,0,95,read
2026-10-05 19:09,turin,egyptian-museum,3013,Luggage Storage Egyptian Museum,2026-10-05,20,weekday,75,0,75,read
2026-10-05 19:09,turin,allianz-stadium,2987,Luggage Storage Juventus Stadium,2026-10-05,20,weekday,100,0,100,read
2026-10-05 19:09,turin,palazzo-reale,8898,Luggage Storage Chapel Of The Merchants,2026-10-05,20,weekday,30,0,30,read
2026-10-05 19:09,turin,aurora,8891,Luggage Storage Corso Giulio Cesare / Ponte Mosca,2026-10-05,20,weekday,20,0,20,read
2026-10-05 19:09,turin,stazione-porta-nuova,7760,Luggage Storage Castello Del Valentino,2026-10-05,20,weekday,30,0,30,read
2026-10-05 19:09,turin,stazione-porta-nuova,6473141,Luggage Storage Madama Cristina Bus Stop,2026-10-05,20,weekday,20,0,20,read
2026-10-05 19:09,turin,city-center,6472386,Luggage Storage Rossini Tram Stop,2026-10-05,20,weekday,40,0,40,read
2026-10-05 19:09,turin,stazione-porta-nuova,6470841,Luggage Storage Piazza Madama Cristina,2026-10-05,20,weekday,20,0,20,read
2026-10-05 19:09,turin,lingotto,6460332,Luggage Storage near Torino Lingotto Railway Station,2026-10-05,20,weekday,30,0,30,read
2026-10-05 19:09,catania,catania-centrale,6560,Luggage Storage Catania Bus Station,2026-10-05,20,weekday,100,0,100,read
2026-10-05 19:09,catania,city-center,4344,Luggage Storage Piazza Stesicoro,2026-10-05,20,weekday,50,0,50,read
2026-10-05 19:09,catania,catania-centrale,7066,Luggage Storage Catania Railway Station,2026-10-05,20,weekday,20,0,20,read
2026-10-05 19:09,catania,city-center,6473509,Luggage Storage Via Lago di Nicito,2026-10-05,20,weekday,10,0,10,read
2026-10-05 19:09,catania,catania-airport,6471153,Luggage Storage Catania Airport Area,2026-10-05,20,weekday,100,1,99,read
2026-10-05 19:09,catania,porta-garibaldi,6470901,Luggage Storage near Castello Ursino,2026-10-05,20,weekday,50,0,50,read
2026-10-05 19:09,catania,city-center,6470896,Luggage Storage Greek - Roman Theatre,2026-10-05,20,weekday,30,0,30,read
2026-10-05 19:09,catania,piazza-stesicoro,6459415,Luggage Storage Etnea Sangiuliano,2026-10-05,20,weekday,20,0,20,read
2026-10-05 19:09,catania,city-center,6459381,Luggage Storage near San Cristoforo,2026-10-05,20,weekday,20,0,20,read
2026-10-05 19:09,catania,city-center,6459362,Luggage Storage Catania Stadium,2026-10-05,20,weekday,20,0,20,read
2026-10-05 19:09,catania,borgo-sanzio,6458945,Luggage Storage Orto Botanico di Catania,2026-10-05,20,weekday,20,0,20,read
2026-10-05 19:09,catania,catania-centrale,6456695,Luggage Storage Catania Bus Terminal,2026-10-05,20,weekday,20,3,17,read
2026-10-05 19:09,catania,catania-airport,6454786,Luggage Storage near Catania Airport,2026-10-05,20,weekday,50,2,48,read
2026-10-05 19:09,catania,city-center,6453899,Luggage Storage Catania Centrale,2026-10-05,20,weekday,35,3,32,read
2026-10-05 19:09,catania,catania-centrale,6452780,Luggage Storage Giovanni Xxiii Metro Station,2026-10-05,20,weekday,25,0,25,read
2026-10-05 19:09,catania,borgo-sanzio,4210,Luggage Storage Borgo-sanzio,2026-10-05,20,weekday,150,0,150,read
2026-10-05 19:09,venice,rialto,149,Luggage Storage Rialto Bridge,2026-10-05,20,weekday,300,0,300,read
2026-10-05 19:09,venice,piazzale-roma,5722,Luggage Storage Piazzale Roma,2026-10-05,20,weekday,100,3,97,read
2026-10-05 19:09,venice,cannaregio,6292,Luggage Storage Ghetto Ebraico,2026-10-05,20,weekday,35,0,35,read
2026-10-05 19:09,venice,dorsoduro,4932,Luggage Storage near Ponte Degli Scalzi,2026-10-05,20,weekday,60,0,60,read
2026-10-05 19:09,venice,piazzale-roma,9579,Luggage Storage Piazzale Roma Terminal Bus,2026-10-05,20,weekday,55,0,55,read
2026-10-05 19:09,venice,biennale,4902,Luggage Storage Campo Bandiera E Moro,2026-10-05,20,weekday,50,0,50,read
2026-10-05 19:09,venice,cannaregio,6472946,Luggage Storage San Geremia,2026-10-05,20,weekday,15,0,15,read
2026-10-05 19:09,venice,doge-s-palace,6472938,Luggage Storage S. Marco-San Zaccaria 'B',2026-10-05,20,weekday,50,0,50,read
2026-10-05 19:09,venice,cannaregio,6469821,Luggage Storage near Oratory of Crociferi,2026-10-05,20,weekday,100,3,97,read
2026-10-05 19:09,venice,venice-castello,6469788,Luggage Storage Church of Miracoli,2026-10-05,20,weekday,50,0,50,read
2026-10-05 19:09,venice,accademia-gallery,6452230,Luggage Storage Zattere Ferry Terminal,2026-10-05,20,weekday,65,0,65,read
2026-10-05 19:09,venice,venice-marco-polo-airport,6452148,Luggage Storage near Venice Marco Polo Area,2026-10-05,20,weekday,45,0,45,read
2026-10-05 19:09,bari,bari-centrale-train-station,233,Luggage Storage Bari Centrale Train Station,2026-10-05,20,weekday,300,0,300,read
2026-10-05 19:09,bari,bari-vecchia,6461890,Luggage Storage Basilica San Nicola,2026-10-05,20,weekday,100,0,100,read
2026-10-05 19:09,bari,old-town,8639,Luggage Storage Fortino Di Sant'Antonio,2026-10-05,20,weekday,30,0,30,read
2026-10-05 19:09,bari,bari-centrale-train-station,6470157,Luggage Storage Cavour - Petroni,2026-10-05,20,weekday,100,0,100,read
2026-10-05 19:09,bari,bari-centrale-train-station,6462370,Luggage Storage Corso Cavour / Centrale,2026-10-05,20,weekday,20,0,20,read
2026-10-05 19:09,bari,bari-centrale-train-station,6461837,Luggage Storage Piazza Garibaldi,2026-10-05,20,weekday,35,0,35,read
2026-10-05 19:09,bari,bari-centrale-train-station,6461821,Luggage Storage Sella-Crisanzio,2026-10-05,20,weekday,20,0,20,read
2026-10-05 19:09,bari,bari-centrale-train-station,6460739,Luggage Storage Bari Bus Station,2026-10-05,20,weekday,20,3,17,read
2026-10-05 19:09,bari,bari-centrale-train-station,6459572,Luggage Storage Via Quintino Sella,2026-10-05,20,weekday,20,0,20,read
2026-10-05 19:09,bari,bari-centrale-train-station,6459558,Luggage Storage near Pinacoteca Metropolitana,2026-10-05,20,weekday,20,0,20,read
2026-10-05 19:09,bari,bari-centrale-train-station,6459542,Luggage Storage Bari Central Railway Station,2026-10-05,20,weekday,20,0,20,read
2026-10-05 19:09,bari,bari-centrale-train-station,6455593,Luggage Storage Piccinni-Cavour,2026-10-05,20,weekday,15,0,15,read
2026-10-05 19:09,bari,madonnella,6455296,Luggage Storage near Corso Sydney Sonnino,2026-10-05,20,weekday,25,0,25,read
2026-10-05 19:09,bari,madonnella,6455103,Luggage Storage near Bari Marconi Station,2026-10-05,20,weekday,55,0,55,read
2026-10-05 19:09,bari,altamura,6455039,Luggage Storage Altamura St Mary'S Cathedral,2026-10-05,20,weekday,10,0,10,read
2026-10-05 19:09,bari,bari-centrale-train-station,3515,Luggage Storage Piazza Umberto I,2026-10-05,20,weekday,15,0,15,read
2026-10-05 19:09,bari,fiera-del-levante,1377,Luggage Storage Via Napoli,2026-10-05,20,weekday,30,0,30,read
2026-10-05 19:09,palermo,palermo-city-center,7040,Luggage Storage Chiesa Del Gesù Di Casa Professa,2026-10-05,20,weekday,45,0,45,read
2026-10-05 19:09,palermo,palermo-centrale,6458911,Luggage Storage near Piazza Giulio Cesare,2026-10-05,20,weekday,20,0,20,read
2026-10-05 19:09,palermo,palermo-centrale,6458874,Luggage Storage Palermo Centrale Train Station,2026-10-05,20,weekday,35,0,35,read
2026-10-05 19:09,palermo,historical-centre-of-palermo,6456367,Luggage Storage near Catacombe Porta D'Ossuna,2026-10-05,20,weekday,25,0,25,read
2026-10-05 19:09,bologna,bologna-centrale-railway-station,6460518,Luggage Storage near Bologna Station,2026-10-05,20,weekday,55,2,53,read
2026-10-05 19:09,bologna,bologna-centrale-railway-station,6463294,Luggage Storage Via San Felice,2026-10-05,20,weekday,20,0,20,read
2026-10-05 19:09,bologna,two-towers,7170,Luggage Storage near Teatro Duse,2026-10-05,20,weekday,20,0,20,read
2026-10-05 19:09,bologna,piazza-maggiore,6473472,Luggage Storage Via Ugo Bassi,2026-10-05,20,weekday,300,0,300,read
2026-10-05 19:09,bologna,bologna-centrale-railway-station,6463307,Luggage Storage near Palazzo Pallavicini,2026-10-05,20,weekday,20,0,20,read
2026-10-05 19:09,bologna,stadio-senato-dall-aria,6460789,Luggage Storage Bologna Stadium,2026-10-05,20,weekday,50,1,49,read
2026-10-05 19:09,bologna,san-donato,6458423,Luggage Storage near Bologna Fiere,2026-10-05,20,weekday,20,0,20,read
2026-10-05 19:09,pisa,pisa-piazza-del-duomo,7168,Luggage Storage Pisa San Rossore,2026-10-05,20,weekday,25,0,25,read
2026-10-05 19:09,pisa,pisa-centrale-train-station,3855,Luggage Storage Pisa Centrale,2026-10-05,20,weekday,40,0,40,read
2026-10-05 19:09,pisa,santa-maria,6460935,Luggage Storage Lungarni Di Pisa,2026-10-05,20,weekday,20,0,20,read
2026-10-05 19:09,pisa,pisa-centrale-train-station,6459669,Luggage Storage Pisa Centrale Train Station,2026-10-05,20,weekday,45,0,45,read
2026-10-05 19:09,pisa,pisa-piazza-del-duomo,6652,Luggage Storage Piazza Dante,2026-10-05,20,weekday,10,2,8,read
2026-10-05 19:09,pisa,pisa-centrale-train-station,6471012,Luggage Storage Tower of Pisa,2026-10-05,20,weekday,200,0,200,read
2026-10-05 19:09,pisa,piazza-dei-cavalieri,6470657,Luggage Storage Piazza dei Cavalieri,2026-10-05,20,weekday,20,0,20,read
2026-10-05 19:09,pisa,pisa-centrale-train-station,6470612,Luggage Storage near Pisa Centrale,2026-10-05,20,weekday,50,0,50,read
2026-10-05 19:09,pisa,santa-maria,6469497,Luggage Storage S. Maria della Spina Church,2026-10-05,20,weekday,20,0,20,read
2026-10-05 19:09,pisa,pisa-centrale-train-station,6467880,Luggage Storage Pisa Centrale,2026-10-05,20,weekday,40,0,40,read
2026-10-05 19:09,pisa,pisa-centrale-train-station,6463207,Luggage Storage Gramsci / Centrale,2026-10-05,20,weekday,20,0,20,read
2026-10-05 19:09,pisa,pisa-centrale-train-station,6463206,Luggage Storage Pisa Station,2026-10-05,20,weekday,60,0,60,read
2026-10-05 19:09,pisa,santa-maria,6460737,Luggage Storage Piazza Dante Alighieri,2026-10-05,20,weekday,25,0,25,read
2026-10-05 19:09,pisa,piazza-dei-cavalieri,6456928,Luggage Storage near Piazza dei Cavalieri,2026-10-05,20,weekday,30,30,0,full
2026-10-05 19:09,pisa,pisa-centrale-train-station,6456828,Luggage Storage Pisa Airport,2026-10-05,20,weekday,50,3,47,read
2026-10-05 19:09,cagliari,marina,974,Luggage Storage Cagliari Train Station,2026-10-05,20,weekday,45,0,45,read
2026-10-05 19:09,cagliari,marina,6459534,Luggage Storage Cagliari Marina,2026-10-05,20,weekday,20,0,20,read
2026-10-05 19:09,cagliari,stazione,6473152,Luggage Storage Cagliari Station 7/7,2026-10-05,20,weekday,30,0,30,read
2026-10-05 19:09,cagliari,marina,6473090,Luggage Storage Cagliari Ferry Terminal,2026-10-05,20,weekday,20,0,20,read
2026-10-05 19:09,cagliari,stazione,6473089,Luggage Storage Cagliari Railway Station,2026-10-05,20,weekday,20,0,20,read
2026-10-05 19:09,cagliari,villanova,6459751,Luggage Storage Bastione / Sulis,2026-10-05,20,weekday,20,0,20,read
2026-10-05 19:09,cagliari,city-center,6459536,Luggage Storage Piazza S. Benedetto,2026-10-05,20,weekday,20,0,20,read
2026-10-05 19:09,cagliari,marina,6459518,Luggage Storage near Cagliari Port,2026-10-05,20,weekday,20,0,20,read
2026-10-05 19:09,genoa,piazza-principe,147,Luggage Storage Genoa Principe Station,2026-10-05,20,weekday,300,0,300,read
2026-10-05 19:09,genoa,genoa-port,6451159,Luggage Storage Genoa Port,2026-10-05,20,weekday,20,0,20,read
2026-10-05 19:09,genoa,genoa-port,6451167,Luggage Storage Genoa Ferry Terminal,2026-10-05,20,weekday,30,0,30,read
2026-10-05 19:09,genoa,brignole,6459832,Luggage Storage near Marconi / Fiera,2026-10-05,20,weekday,20,1,19,read
2026-10-05 19:09,lucca,city-center,6455648,Luggage Storage Chiesa Di San Michele In Foro,2026-10-05,20,weekday,50,0,50,read
2026-10-05 19:09,lucca,city-center,3692,Luggage Storage Lucca Old Town,2026-10-05,20,weekday,120,0,120,read
2026-10-05 19:09,lucca,lucca-train-station,6457066,Luggage Storage near Lucca Railway Station,2026-10-05,20,weekday,150,0,150,read
2026-10-05 19:09,verona,citta-antica,6457605,Luggage Storage Juliet's Balcony,2026-10-05,20,weekday,35,0,35,read
2026-10-05 19:09,lecce,railway-station,6408,Luggage Storage Lecce Train Station,2026-10-05,20,weekday,70,1,69,read
2026-10-05 19:09,lecce,railway-station,6459626,Luggage Storage near Lecce Railway Station,2026-10-05,20,weekday,20,0,20,read
2026-10-05 19:09,lecce,railway-station,6473516,Luggage Storage Lecce Old Town,2026-10-05,20,weekday,20,0,20,read
2026-10-05 19:09,lecce,railway-station,6459618,Luggage Storage Lecce Railway Station,2026-10-05,20,weekday,30,0,30,read
2026-10-05 19:09,siena,istrice,6455701,Luggage Storage Piazza Del Sale,2026-10-05,20,weekday,50,0,50,read
2026-10-05 19:09,siena,lupa,6470608,Luggage Storage near Siena Stadium,2026-10-05,20,weekday,30,0,30,read
2026-10-05 19:09,syracuse,station,6453001,Luggage Storage Siracusa Station,2026-10-05,20,weekday,40,0,40,read
2026-10-05 19:09,syracuse,station,6539,Luggage Storage Syracuse Railway Station,2026-10-05,20,weekday,30,0,30,read
2026-10-05 19:09,syracuse,yacht-lub-lakkios-marina-porto-piccolo-ortigia,6453048,Luggage Storage Via Cairoli,2026-10-05,20,weekday,25,0,25,read
2026-10-05 19:09,syracuse,station,6471913,Luggage Storage Corso Umberto I,2026-10-05,20,weekday,50,0,50,read
2026-10-05 19:09,syracuse,apollo-temple,6471008,Luggage Storage Syracuse Cathedral,2026-10-05,20,weekday,25,0,25,read
2026-10-05 19:09,rimini,rimini-train-station,226,Luggage Storage Rimini Train Station,2026-10-05,20,weekday,300,0,300,read
2026-10-05 19:09,rimini,lungomare-augusto-murri,3797,Luggage Storage Rimini Beach,2026-10-05,20,weekday,15,0,15,read
2026-10-05 19:09,rimini,city-center,6472266,Luggage Storage near Fellini Museum,2026-10-05,20,weekday,10,0,10,read
2026-10-05 19:09,rimini,federico-fellini-international-airport,6460885,Luggage Storage Rimini Miramare,2026-10-05,20,weekday,20,0,20,read
2026-10-05 19:09,rimini,federico-fellini-park,6453325,Luggage Storage Parco Fellini,2026-10-05,20,weekday,25,0,25,read
2026-10-05 19:09,rimini,bellariva,6453303,Luggage Storage Viale Regina Elena,2026-10-05,20,weekday,50,0,50,read
2026-10-05 19:09,rimini,rimini-train-station,6452529,Luggage Storage Corso Giovanni XXIII,2026-10-05,20,weekday,50,0,50,read
2026-10-05 19:09,sorrento,sorrento-train-station,6579,Luggage Storage Piazza Tasso,2026-10-05,20,weekday,30,,,unavailable
2026-10-05 19:09,sorrento,sant-agnello,6459956,Luggage Storage Sant'Agnello,2026-10-05,20,weekday,20,0,20,read
2026-10-05 19:09,salerno,salerno-train-station,640,Luggage Storage Salerno Train Station,2026-10-05,20,weekday,100,2,98,read
2026-10-05 19:09,salerno,city-centre,9130,Luggage Storage Duomo Di Salerno,2026-10-05,20,weekday,25,0,25,read
2026-10-05 19:09,salerno,salerno-train-station,6453379,Luggage Storage Medieval Aqueduct,2026-10-05,20,weekday,20,0,20,read
2026-10-05 19:09,salerno,city-centre,9129,Luggage Storage Salerno Villa Comunale,2026-10-05,20,weekday,20,0,20,read
2026-10-05 19:09,la-spezia,la-spezia-centrale,6816,Luggage Storage Via Del Prione,2026-10-05,20,weekday,40,0,40,read
2026-10-05 19:09,la-spezia,la-spezia-centrale,6459753,Luggage Storage La Spezia Centrale FS,2026-10-05,20,weekday,20,0,20,read
2026-10-05 19:09,la-spezia,la-spezia-centrale,6459699,Luggage Storage La Spezia Station,2026-10-05,20,weekday,60,0,60,read
2026-10-05 19:09,la-spezia,la-spezia-centrale,6459737,Luggage Storage La Spezia Giardini Pubblici,2026-10-05,20,weekday,35,0,35,read
2026-10-05 19:09,mestre,mestre-train-station,5326,Luggage Storage Mestre Train Station,2026-10-05,20,weekday,100,5,95,read
2026-10-05 19:09,mestre,city-center,119,Luggage Storage Via Palazzo,2026-10-05,20,weekday,300,0,300,read
2026-10-05 19:09,mestre,mestre-train-station,4935,Luggage Storage Venezia Mestre Station,2026-10-05,20,weekday,25,0,25,read
2026-10-05 19:09,perugia,central-station,6460204,Luggage Storage Perugia Station 24H,2026-10-05,20,weekday,20,0,20,read
2026-10-05 19:09,perugia,piazza-iv-novembre,6466297,Luggage Storage near University For Foreigners,2026-10-05,20,weekday,30,0,30,read
2026-10-05 19:09,pescara,pescara-centrale-train-station,6461104,Luggage Storage Pescara Train Station,2026-10-05,20,weekday,35,3,32,read
2026-10-05 19:09,pescara,pescara-centrale-train-station,6470765,Luggage Storage near Museo Ittico,2026-10-05,20,weekday,30,0,30,read
2026-10-05 19:09,pescara,pescara-centrale-train-station,6461064,Luggage Storage Pescara Terminal Bus,2026-10-05,20,weekday,20,0,20,read
2026-10-05 19:09,monopoli,castello-carlo-v,6910,Luggage Storage Monopoli Porto Antico,2026-10-05,20,weekday,25,0,25,read
2026-10-05 19:09,reggio-calabria,villa-san-giovanni,5948,Luggage Storage Villa San Giovanni Station,2026-10-05,20,weekday,50,0,50,read
2026-10-05 19:09,bolzano,bolzano-train-station,6458005,Luggage Storage near South Tyrol Museum of Archaeology,2026-10-05,20,weekday,20,0,20,read
2026-10-05 19:09,bolzano,bolzano-train-station,6457943,Luggage Storage near Waltherplatz,2026-10-05,20,weekday,20,0,20,read
2026-10-05 19:09,bolzano,bolzano-train-station,6463173,Luggage Storage Bolzano Piazza Duomo,2026-10-05,20,weekday,50,1,49,read
2026-10-05 19:09,bolzano,palazzo-mercantile,8134,Luggage Storage Druso Stadium,2026-10-05,20,weekday,20,0,20,read
2026-10-05 19:09,brindisi,central-station,6473492,Luggage Storage Piazza Cairoli / Brindisi Station,2026-10-05,20,weekday,200,0,200,read
2026-10-05 19:09,brindisi,central-station,6473179,Luggage Storage Brindisi Train Station,2026-10-05,20,weekday,70,0,70,read
2026-10-05 19:09,ferrara,city-center,873,Luggage Storage Ferrara City Center,2026-10-05,20,weekday,15,0,15,read
2026-10-05 19:09,ferrara,city-center,6451982,Luggage Storage Viale Cavour / Ferrara Castle,2026-10-05,20,weekday,50,0,50,read
2026-10-05 19:09,ferrara,railway-station,6469734,Luggage Storage near Ferrara Station,2026-10-05,20,weekday,100,0,100,read
2026-10-05 19:09,trento,main-station,3884,Luggage Storage Trento Railway Station,2026-10-05,20,weekday,40,0,40,read
2026-10-05 19:09,trento,main-station,10017,Luggage Storage San Giuseppe Church,2026-10-05,20,weekday,10,0,10,read
2026-10-05 19:09,matera,city-center,6455071,Luggage Storage near Matera Centrale,2026-10-05,20,weekday,25,0,25,read
2026-10-05 19:09,matera,city-center,6451089,Luggage Storage Palombaro Lungo / XX Settembre,2026-10-05,20,weekday,15,0,15,read
2026-10-05 19:09,matera,via-dei-messapi,6814,Luggage Storage Via Dei Messapi,2026-10-05,20,weekday,60,0,60,read
2026-10-05 19:09,messina,messina-centrale,6471041,Luggage Storage Via Cannizzaro,2026-10-05,20,weekday,10,0,10,read
2026-10-05 19:09,modena,central-station,6400,Luggage Storage Modena Station,2026-10-05,20,weekday,40,0,40,read
2026-10-05 19:09,modena,central-station,6458403,Luggage Storage Modena Railway Station,2026-10-05,20,weekday,45,0,45,read
2026-10-05 19:09,aosta,train-station,3864,Luggage Storage Aosta Train Station,2026-10-05,20,weekday,10,0,10,read
2026-10-05 19:09,aosta,city-center,6451191,Luggage Storage Aosta Railway Station,2026-10-05,20,weekday,100,0,100,read
2026-10-05 19:09,brescia,train-station,6469491,Luggage Storage Piazza della Vittoria,2026-10-05,20,weekday,20,0,20,read
2026-10-05 19:09,como,como-lago-train-station,6459994,Luggage Storage Como Lago Train Station,2026-10-05,20,weekday,30,0,30,read
2026-10-05 19:09,como,city-center,6473954,Luggage Storage near Como S. Giovanni Stn.,2026-10-05,20,weekday,10,0,10,read
2026-10-05 19:09,parma,city-center,6473550,Luggage Storage Arch of San Lazzaro,2026-10-05,20,weekday,10,0,10,read
2026-10-05 19:09,polignano-a-mare,central-station,7442,Luggage Storage Lama Monachile,2026-10-05,20,weekday,40,0,40,read
2026-10-05 19:09,polignano-a-mare,city-center,6455631,Luggage Storage San Vito Beach,2026-10-05,20,weekday,10,0,10,read
2026-10-05 19:09,ravenna,main-station,6461479,Luggage Storage Ravenna Railway Station,2026-10-05,20,weekday,20,0,20,read
2026-10-05 19:09,ravenna,main-station,6453186,Luggage Storage Via Molinetto,2026-10-05,20,weekday,20,0,20,read
2026-10-05 19:09,savona,public-beach-lo-scaletto-dei-pescatori,6456768,Luggage Storage Lo Scaletto Dei Pescatori Beach,2026-10-05,20,weekday,20,0,20,read
2026-10-05 19:09,savona,savona-city-center,6461566,Luggage Storage Via XX Settembre,2026-10-05,20,weekday,20,0,20,read
2026-10-05 19:09,trieste,trieste-train-station,6451346,Luggage Storage Trieste Centrale,2026-10-05,20,weekday,30,6,24,read
2026-10-05 19:09,trieste,trieste-train-station,6451611,Luggage Storage Arco Di Riccardo,2026-10-05,20,weekday,60,0,60,read
2026-10-05 19:09,ancona,ancona-train-station,458,Luggage Storage Ancona Train Station,2026-10-05,20,weekday,100,2,98,read
2026-10-05 19:09,ancona,ancona-train-station,3893,Luggage Storage Ancona Railway Station,2026-10-05,20,weekday,100,0,100,read
2026-10-05 19:09,arezzo,city-center,9266,Luggage Storage Arezzo Railway Station,2026-10-05,20,weekday,50,0,50,read
2026-10-05 19:09,civitavecchia,railway-station,7383,Luggage Storage Civitavecchia Railway Station,2026-10-05,20,weekday,40,0,40,read
2026-10-05 19:09,civitavecchia,railway-station,6474441,Luggage Storage Piazza Vittorio Emanuele,2026-10-05,20,weekday,10,0,10,read
2026-10-05 19:09,civitavecchia,railway-station,6470146,Luggage Storage near Civitavecchia Station,2026-10-05,20,weekday,15,0,15,read
2026-10-05 19:09,gallipoli,gallipoli-station,6525,Luggage Storage Gallipoli Port,2026-10-05,20,weekday,20,0,20,read
2026-10-05 19:09,livorno,livorno-train-station,6469841,Luggage Storage Livorno Cathedral,2026-10-05,20,weekday,50,0,50,read
2026-10-05 19:09,padua,main-station,7281,Luggage Storage Via Sarpi,2026-10-05,20,weekday,60,0,60,read
2026-10-05 19:09,ragusa,city-center,6452978,Luggage Storage near Ragusa Cathedral,2026-10-05,20,weekday,10,0,10,read
2026-10-05 19:09,ragusa,city-center,6452840,Luggage Storage Duomo Di Ragusa,2026-10-05,20,weekday,10,0,10,read
2026-10-05 19:09,cefalu,cefalu-transit-station,6644,Luggage Storage Cefalù Old Town,2026-10-05,20,weekday,35,1,34,read
2026-10-05 19:09,imola,city-center,6467886,Luggage Storage Piazza Matteotti,2026-10-05,20,weekday,200,0,200,read
2026-10-05 19:09,noto,city-center,6453331,Luggage Storage near Noto Train Station,2026-10-05,20,weekday,20,0,20,read
2026-10-05 19:09,sassari,city-center,7623,Luggage Storage Viale Dante,2026-10-05,20,weekday,20,0,20,read
2026-10-05 19:09,taranto,castello-aragonese,6852,Luggage Storage San Cataldo Cathedral,2026-10-05,20,weekday,50,0,50,read
2026-10-05 19:09,viareggio,train-station,7297,Luggage Storage Viareggio Train Station,2026-10-05,20,weekday,70,0,70,read
2026-10-05 19:09,viareggio,train-station,6451814,Luggage Storage Piazza Piave,2026-10-05,20,weekday,30,0,30,read
2026-10-05 19:09,assisi,city-center,7307,Luggage Storage Basilica Di Santa Maria Degli Angeli,2026-10-05,20,weekday,25,0,25,read
2026-10-05 19:09,assisi,city-center,6466307,Luggage Storage Assisi Bus Station,2026-10-05,20,weekday,25,0,25,read
2026-10-05 19:09,caltanissetta,caltanissetta-centrale,7727,Luggage Storage Caltanissetta Train Station,2026-10-05,20,weekday,10,0,10,read
2026-10-05 19:09,caltanissetta,caltanissetta-old-town,7719,Luggage Storage Caltanissetta Old Town,2026-10-05,20,weekday,10,0,10,read
2026-10-05 19:09,caltanissetta,caltanissetta-centrale,7624,Luggage Storage Caltanissetta Centrale,2026-10-05,20,weekday,30,0,30,read
2026-10-05 19:09,lecco,lecco-train-station,6470206,Luggage Storage Lecco Railway Station,2026-10-05,20,weekday,20,0,20,read
2026-10-05 19:09,olbia,train-station,7387,Luggage Storage Olbia Terranova Train Station,2026-10-05,20,weekday,100,2,98,read
2026-10-05 19:09,pavia,pavia-train-station,6460851,Luggage Storage Pavia Train Station,2026-10-05,20,weekday,20,0,20,read
2026-10-05 19:09,rapallo,train-station,6452316,Luggage Storage Rapallo Railway Station,2026-10-05,20,weekday,30,0,30,read
2026-10-05 19:09,riccione,city-center,6460160,Luggage Storage Riccione Train Station,2026-10-05,20,weekday,65,0,65,read
2026-10-05 19:09,riccione,city-center,6453440,Luggage Storage Viale Bellini,2026-10-05,20,weekday,30,0,30,read
2026-10-05 19:09,riccione,terme,6453417,Luggage Storage Riccione Terme,2026-10-05,20,weekday,10,0,10,read
2026-10-05 19:09,altamura,city-centre,6455033,Luggage Storage Altamura City Hall,2026-10-05,20,weekday,10,0,10,read
2026-10-05 19:09,altamura,city-centre,6455015,Luggage Storage Altamura Old Town,2026-10-05,20,weekday,20,0,20,read
2026-10-05 19:09,amalfi,city-centre,7447,Luggage Storage Amalfi City Center,2026-10-05,20,weekday,50,0,50,read
2026-10-05 19:09,castellammare-di-stabia,castellammare-di-stabia-train-station,5889,Luggage Storage near Castellammare Di Stabia Station,2026-10-05,20,weekday,300,0,300,read
2026-10-05 19:09,castellammare-di-stabia,castellammare-di-stabia-train-station,5898,Luggage Storage Villa Comunale,2026-10-05,20,weekday,200,0,200,read
2026-10-05 19:09,donnalucata,city-centre,6452863,Luggage Storage Donnalucata Beach,2026-10-05,20,weekday,10,0,10,read
2026-10-05 19:09,donnalucata,city-centre,6452979,Luggage Storage near Donnalucata Beach,2026-10-05,20,weekday,10,0,10,read
2026-10-05 19:09,la-maddalena,la-maddalena-ferry-terminal,6460785,Luggage Storage Via Cairoli,2026-10-05,20,weekday,20,0,20,read
2026-10-05 19:09,merano,city-center,6469835,Luggage Storage Merano City Center,2026-10-05,20,weekday,15,0,15,read
2026-10-05 19:09,milazzo,port,6471045,Luggage Storage Via dei Mille,2026-10-05,20,weekday,200,0,200,read
2026-10-05 19:09,ostuni,city-centre,6876,Luggage Storage Ostuni Train Station,2026-10-05,20,weekday,50,0,50,read
2026-10-05 19:09,ostuni,city-centre,6898,Luggage Storage Via Papa Giovanni Xxiii,2026-10-05,20,weekday,100,0,100,read
2026-10-05 19:09,pesaro,city-center,6453382,Luggage Storage Pesaro Old Town,2026-10-05,20,weekday,100,0,100,read
2026-10-05 19:09,prato,prato-centrale,4478,Luggage Storage Prato City Center,2026-10-05,20,weekday,40,0,40,read
2026-10-05 19:09,reggio-emilia,railway-station,7858,Luggage Storage Reggio Emilia Train Station,2026-10-05,20,weekday,65,0,65,read
2026-10-05 19:09,sirmione,city-center,6452685,Luggage Storage Sirmione Castle,2026-10-05,20,weekday,30,0,30,read
2026-10-05 19:09,tirano,tirano-railway-station,6467810,Luggage Storage Tirano Train Station,2026-10-05,20,weekday,40,2,38,read
2026-10-05 19:09,cervia,milano-marittima,6455105,Luggage Storage Viale Dante Alighieri,2026-10-05,20,weekday,10,0,10,read
2026-10-05 19:09,cervia,city-center,6461485,Luggage Storage Cervia City Center,2026-10-05,20,weekday,20,0,20,read
2026-10-05 19:09,elba,marina-di-campo,6460662,Luggage Storage Marina di Campo Beach,2026-10-05,20,weekday,20,0,20,read
2026-10-05 19:09,elba,procchio,6460661,Luggage Storage Procchio Beach,2026-10-05,20,weekday,20,0,20,read
2026-10-05 19:09,jesolo,lido-jesolo,6461178,Luggage Storage near Piazza Drago,2026-10-05,20,weekday,20,0,20,read
2026-10-05 19:09,lamezia-terme,train-station,6452912,Luggage Storage Lamezia Terme Centrale,2026-10-05,20,weekday,30,0,30,read
2026-10-05 19:09,novara,novara-train-station,6462036,Luggage Storage Novara Train Station,2026-10-05,20,weekday,25,7,18,read
2026-10-05 19:09,potenza,potenza-city-center,6459940,Luggage Storage Potenza Santa Maria,2026-10-05,20,weekday,20,0,20,read
2026-10-05 19:09,sanremo,city-center,7763,Luggage Storage Sanremo City Center,2026-10-05,20,weekday,20,0,20,read
2026-10-05 19:09,sestri-levante,sestri-levante-train-station,6459775,Luggage Storage Sestri Levante City Center,2026-10-05,20,weekday,20,0,20,read
2026-10-05 19:09,stromboli,ferry-terminal,6461846,Luggage Storage Scari Beach,2026-10-05,20,weekday,20,0,20,read
2026-10-05 19:09,taormina,city-centre,6472384,Luggage Storage Taormina Bus Terminal,2026-10-05,20,weekday,20,0,20,read
2026-10-05 19:09,ventimiglia,city-center-ventimiglia,6469655,Luggage Storage Ventimiglia Railway Station,2026-10-05,20,weekday,50,0,50,read
2026-10-05 19:09,alessandria,tortona,6451902,Luggage Storage Via S. Marziano,2026-10-05,20,weekday,15,0,15,read
2026-10-05 19:09,chiavari,chiavari-train-station,6452398,Luggage Storage Chiavari Train Station,2026-10-05,20,weekday,20,0,20,read
2026-10-05 19:09,gaeta,city-center,6452687,Luggage Storage Lungomare Di Gaeta,2026-10-05,20,weekday,20,0,20,read
2026-10-05 19:09,martina-franca,city-center,6455140,Luggage Storage Villa Garibaldi,2026-10-05,20,weekday,10,0,10,read
2026-10-05 19:09,mazara-del-vallo,train-station,5293,Luggage Storage Stazione Di Mazara Del Vallo,2026-10-05,20,weekday,10,0,10,read
2026-10-05 19:09,modica,city-center,6452836,Luggage Storage Trenino Barocco Modica,2026-10-05,20,weekday,10,0,10,read
2026-10-05 19:09,riomaggiore,riomaggiore-train-station,6459767,Luggage Storage Riomaggiore City Center,2026-10-05,20,weekday,35,1,34,read
2026-10-05 19:09,scicli,city-center,6453837,Luggage Storage near Via Nazionale,2026-10-05,20,weekday,10,0,10,read
2026-10-05 19:09,trani,trani-transit-station,6936,Luggage Storage Trani Port,2026-10-05,20,weekday,50,0,50,read
2026-10-05 19:09,vico-del-gargano,city-center,7226,Luggage Storage City Center Vico Del Gargano,2026-10-05,20,weekday,10,0,10,read
2026-10-05 19:09,vigevano,city-center,6459516,Luggage Storage Corso Cavour,2026-10-05,20,weekday,20,0,20,read
