rilevato_il,giorno,giorno_sett,tipo_giorno,circolo,slug,campo,copertura,inizio,fascia,stato,prezzo_90,prezzo_60
2026-09-17 20:09,2026-09-17,Thu,feriale,Sporting Club Mestre,sporting-club-mestre,Campo Giallo,scoperto,20:30,sera,occupato,,
2026-09-17 20:09,2026-09-17,Thu,feriale,Sporting Club Mestre,sporting-club-mestre,Campo Giallo,scoperto,21:00,sera,occupato,,
2026-09-17 20:09,2026-09-17,Thu,feriale,Sporting Club Mestre,sporting-club-mestre,Campo Giallo,scoperto,21:30,sera,occupato,,
2026-09-17 20:09,2026-09-17,Thu,feriale,Sporting Club Mestre,sporting-club-mestre,Campo Giallo,scoperto,22:00,sera,occupato,,
2026-09-17 20:09,2026-09-17,Thu,feriale,Sporting Club Mestre,sporting-club-mestre,Campo Rosso,scoperto,20:30,sera,occupato,,
2026-09-17 20:09,2026-09-17,Thu,feriale,Sporting Club Mestre,sporting-club-mestre,Campo Rosso,scoperto,21:00,sera,occupato,,
2026-09-17 20:09,2026-09-17,Thu,feriale,Sporting Club Mestre,sporting-club-mestre,Campo Rosso,scoperto,21:30,sera,occupato,,
2026-09-17 20:09,2026-09-17,Thu,feriale,Sporting Club Mestre,sporting-club-mestre,Campo Rosso,scoperto,22:00,sera,occupato,,
2026-09-17 20:09,2026-09-17,Thu,feriale,Sporting Club Mestre,sporting-club-mestre,campo coperto 1,coperto,20:30,sera,occupato,,
2026-09-17 20:09,2026-09-17,Thu,feriale,Sporting Club Mestre,sporting-club-mestre,campo coperto 1,coperto,21:00,sera,occupato,,
2026-09-17 20:09,2026-09-17,Thu,feriale,Sporting Club Mestre,sporting-club-mestre,campo coperto 1,coperto,21:30,sera,occupato,,
2026-09-17 20:09,2026-09-17,Thu,feriale,Sporting Club Mestre,sporting-club-mestre,campo coperto 1,coperto,22:00,sera,occupato,,
2026-09-17 20:09,2026-09-17,Thu,feriale,Sporting Club Mestre,sporting-club-mestre,campo coperto 2,coperto,20:30,sera,occupato,,
2026-09-17 20:09,2026-09-17,Thu,feriale,Sporting Club Mestre,sporting-club-mestre,campo coperto 2,coperto,21:00,sera,occupato,,
2026-09-17 20:09,2026-09-17,Thu,feriale,Sporting Club Mestre,sporting-club-mestre,campo coperto 2,coperto,21:30,sera,occupato,,
2026-09-17 20:09,2026-09-17,Thu,feriale,Sporting Club Mestre,sporting-club-mestre,campo coperto 2,coperto,22:00,sera,occupato,,
2026-09-17 20:09,2026-09-17,Thu,feriale,Aquafit Padel,aquafit-padel,Padel 1,scoperto,20:30,sera,libero,,
2026-09-17 20:09,2026-09-17,Thu,feriale,Aquafit Padel,aquafit-padel,Padel 1,scoperto,21:00,sera,libero,,
2026-09-17 20:09,2026-09-17,Thu,feriale,Aquafit Padel,aquafit-padel,Padel 1,scoperto,21:30,sera,occupato,,
2026-09-17 20:09,2026-09-17,Thu,feriale,Aquafit Padel,aquafit-padel,Padel 1,scoperto,22:00,sera,occupato,,
2026-09-17 20:09,2026-09-17,Thu,feriale,Aquafit Padel,aquafit-padel,Padel 2,scoperto,20:30,sera,libero,,
2026-09-17 20:09,2026-09-17,Thu,feriale,Aquafit Padel,aquafit-padel,Padel 2,scoperto,21:00,sera,libero,,
2026-09-17 20:09,2026-09-17,Thu,feriale,Aquafit Padel,aquafit-padel,Padel 2,scoperto,21:30,sera,occupato,,
2026-09-17 20:09,2026-09-17,Thu,feriale,Aquafit Padel,aquafit-padel,Padel 2,scoperto,22:00,sera,occupato,,
2026-09-17 20:09,2026-09-17,Thu,feriale,SPH - Venezia,sph-venezia,Campo 1,coperto,20:30,sera,libero,,40 EUR
2026-09-17 20:09,2026-09-17,Thu,feriale,SPH - Venezia,sph-venezia,Campo 1,coperto,21:00,sera,libero,,
2026-09-17 20:09,2026-09-17,Thu,feriale,SPH - Venezia,sph-venezia,Campo 1,coperto,21:30,sera,occupato,,
2026-09-17 20:09,2026-09-17,Thu,feriale,SPH - Venezia,sph-venezia,Campo 1,coperto,22:00,sera,occupato,,
2026-09-17 20:09,2026-09-17,Thu,feriale,SPH - Venezia,sph-venezia,Campo 2,coperto,20:30,sera,libero,,
2026-09-17 20:09,2026-09-17,Thu,feriale,SPH - Venezia,sph-venezia,Campo 2,coperto,21:00,sera,libero,,
2026-09-17 20:09,2026-09-17,Thu,feriale,SPH - Venezia,sph-venezia,Campo 2,coperto,21:30,sera,occupato,,
2026-09-17 20:09,2026-09-17,Thu,feriale,SPH - Venezia,sph-venezia,Campo 2,coperto,22:00,sera,occupato,,
2026-09-17 20:09,2026-09-17,Thu,feriale,SPH - Venezia,sph-venezia,Campo 3,coperto,20:30,sera,occupato,,
2026-09-17 20:09,2026-09-17,Thu,feriale,SPH - Venezia,sph-venezia,Campo 3,coperto,21:00,sera,occupato,,
2026-09-17 20:09,2026-09-17,Thu,feriale,SPH - Venezia,sph-venezia,Campo 3,coperto,21:30,sera,occupato,,
2026-09-17 20:09,2026-09-17,Thu,feriale,SPH - Venezia,sph-venezia,Campo 3,coperto,22:00,sera,occupato,,
2026-09-17 20:09,2026-09-17,Thu,feriale,SPH - Venezia,sph-venezia,Campo 4 | B3 Capital,coperto,20:30,sera,occupato,,
2026-09-17 20:09,2026-09-17,Thu,feriale,SPH - Venezia,sph-venezia,Campo 4 | B3 Capital,coperto,21:00,sera,occupato,,
2026-09-17 20:09,2026-09-17,Thu,feriale,SPH - Venezia,sph-venezia,Campo 4 | B3 Capital,coperto,21:30,sera,occupato,,
2026-09-17 20:09,2026-09-17,Thu,feriale,SPH - Venezia,sph-venezia,Campo 4 | B3 Capital,coperto,22:00,sera,occupato,,
2026-09-17 20:09,2026-09-17,Thu,feriale,SPH - Venezia,sph-venezia,Campo 5 | Bassetto Impianti,coperto,20:30,sera,libero,,
2026-09-17 20:09,2026-09-17,Thu,feriale,SPH - Venezia,sph-venezia,Campo 5 | Bassetto Impianti,coperto,21:00,sera,libero,,
2026-09-17 20:09,2026-09-17,Thu,feriale,SPH - Venezia,sph-venezia,Campo 5 | Bassetto Impianti,coperto,21:30,sera,occupato,,
2026-09-17 20:09,2026-09-17,Thu,feriale,SPH - Venezia,sph-venezia,Campo 5 | Bassetto Impianti,coperto,22:00,sera,occupato,,
2026-09-17 20:09,2026-09-17,Thu,feriale,Padel Treviso,padel-treviso,1 Esterno,scoperto,20:30,sera,occupato,,
2026-09-17 20:09,2026-09-17,Thu,feriale,Padel Treviso,padel-treviso,1 Esterno,scoperto,21:00,sera,occupato,,
2026-09-17 20:09,2026-09-17,Thu,feriale,Padel Treviso,padel-treviso,1 Esterno,scoperto,21:30,sera,occupato,,
2026-09-17 20:09,2026-09-17,Thu,feriale,Padel Treviso,padel-treviso,1 Esterno,scoperto,22:00,sera,occupato,,
2026-09-17 20:09,2026-09-17,Thu,feriale,Padel Treviso,padel-treviso,2 Esterno,scoperto,20:30,sera,libero,,
2026-09-17 20:09,2026-09-17,Thu,feriale,Padel Treviso,padel-treviso,2 Esterno,scoperto,21:00,sera,libero,,
2026-09-17 20:09,2026-09-17,Thu,feriale,Padel Treviso,padel-treviso,2 Esterno,scoperto,21:30,sera,occupato,,
2026-09-17 20:09,2026-09-17,Thu,feriale,Padel Treviso,padel-treviso,2 Esterno,scoperto,22:00,sera,occupato,,
2026-09-17 20:09,2026-09-17,Thu,feriale,Padel Treviso,padel-treviso,3 COPERTO,coperto,20:30,sera,libero,,
2026-09-17 20:09,2026-09-17,Thu,feriale,Padel Treviso,padel-treviso,3 COPERTO,coperto,21:00,sera,libero,,
2026-09-17 20:09,2026-09-17,Thu,feriale,Padel Treviso,padel-treviso,3 COPERTO,coperto,21:30,sera,occupato,,
2026-09-17 20:09,2026-09-17,Thu,feriale,Padel Treviso,padel-treviso,3 COPERTO,coperto,22:00,sera,occupato,,
2026-09-17 20:09,2026-09-17,Thu,feriale,Padel Treviso,padel-treviso,4 COPERTO,coperto,20:30,sera,libero,,
2026-09-17 20:09,2026-09-17,Thu,feriale,Padel Treviso,padel-treviso,4 COPERTO,coperto,21:00,sera,libero,,
2026-09-17 20:09,2026-09-17,Thu,feriale,Padel Treviso,padel-treviso,4 COPERTO,coperto,21:30,sera,occupato,,
2026-09-17 20:09,2026-09-17,Thu,feriale,Padel Treviso,padel-treviso,4 COPERTO,coperto,22:00,sera,occupato,,
2026-09-17 20:09,2026-09-17,Thu,feriale,Padel Treviso,padel-treviso,Kuikma Indoor,coperto,20:30,sera,occupato,,
2026-09-17 20:09,2026-09-17,Thu,feriale,Padel Treviso,padel-treviso,Kuikma Indoor,coperto,21:00,sera,occupato,,
2026-09-17 20:09,2026-09-17,Thu,feriale,Padel Treviso,padel-treviso,Kuikma Indoor,coperto,21:30,sera,occupato,,
2026-09-17 20:09,2026-09-17,Thu,feriale,Padel Treviso,padel-treviso,Kuikma Indoor,coperto,22:00,sera,occupato,,
2026-09-17 20:09,2026-09-17,Thu,feriale,Padel Treviso,padel-treviso,6 Indoor,coperto,20:30,sera,occupato,,
2026-09-17 20:09,2026-09-17,Thu,feriale,Padel Treviso,padel-treviso,6 Indoor,coperto,21:00,sera,occupato,,
2026-09-17 20:09,2026-09-17,Thu,feriale,Padel Treviso,padel-treviso,6 Indoor,coperto,21:30,sera,occupato,,
2026-09-17 20:09,2026-09-17,Thu,feriale,Padel Treviso,padel-treviso,6 Indoor,coperto,22:00,sera,occupato,,
2026-09-17 20:09,2026-09-17,Thu,feriale,Padel Treviso,padel-treviso,My Gym City Indoor,coperto,20:30,sera,libero,,
2026-09-17 20:09,2026-09-17,Thu,feriale,Padel Treviso,padel-treviso,My Gym City Indoor,coperto,21:00,sera,occupato,,
2026-09-17 20:09,2026-09-17,Thu,feriale,Padel Treviso,padel-treviso,My Gym City Indoor,coperto,21:30,sera,occupato,,
2026-09-17 20:09,2026-09-17,Thu,feriale,Padel Treviso,padel-treviso,My Gym City Indoor,coperto,22:00,sera,occupato,,
2026-09-17 20:09,2026-09-17,Thu,feriale,Padel Treviso,padel-treviso,8 Esterno,scoperto,20:30,sera,libero,,
2026-09-17 20:09,2026-09-17,Thu,feriale,Padel Treviso,padel-treviso,8 Esterno,scoperto,21:00,sera,occupato,,
2026-09-17 20:09,2026-09-17,Thu,feriale,Padel Treviso,padel-treviso,8 Esterno,scoperto,21:30,sera,occupato,,
2026-09-17 20:09,2026-09-17,Thu,feriale,Padel Treviso,padel-treviso,8 Esterno,scoperto,22:00,sera,occupato,,
2026-09-17 20:09,2026-09-17,Thu,feriale,Padel Treviso,padel-treviso,9 Gioielleria Minotto Istrana,coperto,20:30,sera,occupato,,
2026-09-17 20:09,2026-09-17,Thu,feriale,Padel Treviso,padel-treviso,9 Gioielleria Minotto Istrana,coperto,21:00,sera,occupato,,
2026-09-17 20:09,2026-09-17,Thu,feriale,Padel Treviso,padel-treviso,9 Gioielleria Minotto Istrana,coperto,21:30,sera,occupato,,
2026-09-17 20:09,2026-09-17,Thu,feriale,Padel Treviso,padel-treviso,9 Gioielleria Minotto Istrana,coperto,22:00,sera,occupato,,
2026-09-17 20:09,2026-09-17,Thu,feriale,Padel Treviso,padel-treviso,10 Gioielleria Minotto Istrana,coperto,20:30,sera,occupato,,
2026-09-17 20:09,2026-09-17,Thu,feriale,Padel Treviso,padel-treviso,10 Gioielleria Minotto Istrana,coperto,21:00,sera,occupato,,
2026-09-17 20:09,2026-09-17,Thu,feriale,Padel Treviso,padel-treviso,10 Gioielleria Minotto Istrana,coperto,21:30,sera,occupato,,
2026-09-17 20:09,2026-09-17,Thu,feriale,Padel Treviso,padel-treviso,10 Gioielleria Minotto Istrana,coperto,22:00,sera,occupato,,
2026-09-17 20:09,2026-09-17,Thu,feriale,Padel Treviso,padel-treviso,Singolo A Esterno,scoperto,20:30,sera,occupato,,
2026-09-17 20:09,2026-09-17,Thu,feriale,Padel Treviso,padel-treviso,Singolo A Esterno,scoperto,21:00,sera,occupato,,
2026-09-17 20:09,2026-09-17,Thu,feriale,Padel Treviso,padel-treviso,Singolo A Esterno,scoperto,21:30,sera,occupato,,
2026-09-17 20:09,2026-09-17,Thu,feriale,Padel Treviso,padel-treviso,Singolo A Esterno,scoperto,22:00,sera,occupato,,
2026-09-17 20:09,2026-09-17,Thu,feriale,Padel Treviso,padel-treviso,Singolo B Esterno,scoperto,20:30,sera,occupato,,
2026-09-17 20:09,2026-09-17,Thu,feriale,Padel Treviso,padel-treviso,Singolo B Esterno,scoperto,21:00,sera,occupato,,
2026-09-17 20:09,2026-09-17,Thu,feriale,Padel Treviso,padel-treviso,Singolo B Esterno,scoperto,21:30,sera,occupato,,
2026-09-17 20:09,2026-09-17,Thu,feriale,Padel Treviso,padel-treviso,Singolo B Esterno,scoperto,22:00,sera,occupato,,
2026-09-17 20:09,2026-09-17,Thu,feriale,Altino Sport Village,altino-sport-village,Padel 1,coperto,20:30,sera,libero,,
2026-09-17 20:09,2026-09-17,Thu,feriale,Altino Sport Village,altino-sport-village,Padel 1,coperto,21:00,sera,occupato,,
2026-09-17 20:09,2026-09-17,Thu,feriale,Altino Sport Village,altino-sport-village,Padel 1,coperto,21:30,sera,occupato,,
2026-09-17 20:09,2026-09-17,Thu,feriale,Altino Sport Village,altino-sport-village,Padel 1,coperto,22:00,sera,occupato,,
2026-09-17 20:09,2026-09-17,Thu,feriale,Altino Sport Village,altino-sport-village,Padel 2,coperto,20:30,sera,libero,,
2026-09-17 20:09,2026-09-17,Thu,feriale,Altino Sport Village,altino-sport-village,Padel 2,coperto,21:00,sera,occupato,,
2026-09-17 20:09,2026-09-17,Thu,feriale,Altino Sport Village,altino-sport-village,Padel 2,coperto,21:30,sera,occupato,,
2026-09-17 20:09,2026-09-17,Thu,feriale,Altino Sport Village,altino-sport-village,Padel 2,coperto,22:00,sera,occupato,,
2026-09-17 20:09,2026-09-17,Thu,feriale,Barchessa Padel e Pikleball,barchessa-pickleball,PADEL 1,coperto,20:30,sera,occupato,,
2026-09-17 20:09,2026-09-17,Thu,feriale,Barchessa Padel e Pikleball,barchessa-pickleball,PADEL 1,coperto,21:00,sera,occupato,,
2026-09-17 20:09,2026-09-17,Thu,feriale,Barchessa Padel e Pikleball,barchessa-pickleball,PADEL 1,coperto,21:30,sera,occupato,,
2026-09-17 20:09,2026-09-17,Thu,feriale,Barchessa Padel e Pikleball,barchessa-pickleball,PADEL 1,coperto,22:00,sera,occupato,,
2026-09-17 20:09,2026-09-17,Thu,feriale,Barchessa Padel e Pikleball,barchessa-pickleball,PADEL  2,coperto,20:30,sera,occupato,,
2026-09-17 20:09,2026-09-17,Thu,feriale,Barchessa Padel e Pikleball,barchessa-pickleball,PADEL  2,coperto,21:00,sera,occupato,,
2026-09-17 20:09,2026-09-17,Thu,feriale,Barchessa Padel e Pikleball,barchessa-pickleball,PADEL  2,coperto,21:30,sera,occupato,,
2026-09-17 20:09,2026-09-17,Thu,feriale,Barchessa Padel e Pikleball,barchessa-pickleball,PADEL  2,coperto,22:00,sera,occupato,,
2026-09-17 20:09,2026-09-17,Thu,feriale,Barchessa Padel e Pikleball,barchessa-pickleball,PADEL  3,coperto,20:30,sera,occupato,,
2026-09-17 20:09,2026-09-17,Thu,feriale,Barchessa Padel e Pikleball,barchessa-pickleball,PADEL  3,coperto,21:00,sera,occupato,,
2026-09-17 20:09,2026-09-17,Thu,feriale,Barchessa Padel e Pikleball,barchessa-pickleball,PADEL  3,coperto,21:30,sera,occupato,,
2026-09-17 20:09,2026-09-17,Thu,feriale,Barchessa Padel e Pikleball,barchessa-pickleball,PADEL  3,coperto,22:00,sera,occupato,,
2026-09-17 20:09,2026-09-17,Thu,feriale,H-FARM CAMPUS,h-farm-campus,Padel 1,scoperto,20:30,sera,occupato,,
2026-09-17 20:09,2026-09-17,Thu,feriale,H-FARM CAMPUS,h-farm-campus,Padel 1,scoperto,21:00,sera,occupato,,
2026-09-17 20:09,2026-09-17,Thu,feriale,H-FARM CAMPUS,h-farm-campus,Padel 1,scoperto,21:30,sera,occupato,,
2026-09-17 20:09,2026-09-17,Thu,feriale,H-FARM CAMPUS,h-farm-campus,Padel 2,scoperto,20:30,sera,occupato,,
2026-09-17 20:09,2026-09-17,Thu,feriale,H-FARM CAMPUS,h-farm-campus,Padel 2,scoperto,21:00,sera,occupato,,
2026-09-17 20:09,2026-09-17,Thu,feriale,H-FARM CAMPUS,h-farm-campus,Padel 2,scoperto,21:30,sera,occupato,,
2026-09-17 20:09,2026-09-17,Thu,feriale,SPH - Treviso Sporting,sph-treviso-sporting,Campo 4,coperto,20:30,sera,occupato,,
2026-09-17 20:09,2026-09-17,Thu,feriale,SPH - Treviso Sporting,sph-treviso-sporting,Campo 4,coperto,21:00,sera,occupato,,
2026-09-17 20:09,2026-09-17,Thu,feriale,SPH - Treviso Sporting,sph-treviso-sporting,Campo 4,coperto,21:30,sera,occupato,,
2026-09-17 20:09,2026-09-17,Thu,feriale,SPH - Treviso Sporting,sph-treviso-sporting,Campo 4,coperto,22:00,sera,occupato,,
2026-09-17 20:09,2026-09-17,Thu,feriale,SPH - Treviso Sporting,sph-treviso-sporting,Campo 5,coperto,20:30,sera,occupato,,
2026-09-17 20:09,2026-09-17,Thu,feriale,SPH - Treviso Sporting,sph-treviso-sporting,Campo 5,coperto,21:00,sera,occupato,,
2026-09-17 20:09,2026-09-17,Thu,feriale,SPH - Treviso Sporting,sph-treviso-sporting,Campo 5,coperto,21:30,sera,occupato,,
2026-09-17 20:09,2026-09-17,Thu,feriale,SPH - Treviso Sporting,sph-treviso-sporting,Campo 5,coperto,22:00,sera,occupato,,
2026-09-17 20:09,2026-09-17,Thu,feriale,SPH - Treviso Sporting,sph-treviso-sporting,Campo 6,coperto,20:30,sera,occupato,,
2026-09-17 20:09,2026-09-17,Thu,feriale,SPH - Treviso Sporting,sph-treviso-sporting,Campo 6,coperto,21:00,sera,occupato,,
2026-09-17 20:09,2026-09-17,Thu,feriale,SPH - Treviso Sporting,sph-treviso-sporting,Campo 6,coperto,21:30,sera,occupato,,
2026-09-17 20:09,2026-09-17,Thu,feriale,SPH - Treviso Sporting,sph-treviso-sporting,Campo 6,coperto,22:00,sera,occupato,,
2026-09-17 20:09,2026-09-17,Thu,feriale,SPH - Treviso Sporting,sph-treviso-sporting,Campo 7,coperto,20:30,sera,occupato,,
2026-09-17 20:09,2026-09-17,Thu,feriale,SPH - Treviso Sporting,sph-treviso-sporting,Campo 7,coperto,21:00,sera,occupato,,
2026-09-17 20:09,2026-09-17,Thu,feriale,SPH - Treviso Sporting,sph-treviso-sporting,Campo 7,coperto,21:30,sera,occupato,,
2026-09-17 20:09,2026-09-17,Thu,feriale,SPH - Treviso Sporting,sph-treviso-sporting,Campo 7,coperto,22:00,sera,occupato,,
2026-09-17 20:09,2026-09-17,Thu,feriale,SPH - Treviso Sporting,sph-treviso-sporting,Campo 1,scoperto,20:30,sera,occupato,,
2026-09-17 20:09,2026-09-17,Thu,feriale,SPH - Treviso Sporting,sph-treviso-sporting,Campo 1,scoperto,21:00,sera,occupato,,
2026-09-17 20:09,2026-09-17,Thu,feriale,SPH - Treviso Sporting,sph-treviso-sporting,Campo 1,scoperto,21:30,sera,occupato,,
2026-09-17 20:09,2026-09-17,Thu,feriale,SPH - Treviso Sporting,sph-treviso-sporting,Campo 1,scoperto,22:00,sera,occupato,,
2026-09-17 20:09,2026-09-17,Thu,feriale,SPH - Treviso Sporting,sph-treviso-sporting,Campo 2,scoperto,20:30,sera,occupato,,
2026-09-17 20:09,2026-09-17,Thu,feriale,SPH - Treviso Sporting,sph-treviso-sporting,Campo 2,scoperto,21:00,sera,occupato,,
2026-09-17 20:09,2026-09-17,Thu,feriale,SPH - Treviso Sporting,sph-treviso-sporting,Campo 2,scoperto,21:30,sera,occupato,,
2026-09-17 20:09,2026-09-17,Thu,feriale,SPH - Treviso Sporting,sph-treviso-sporting,Campo 2,scoperto,22:00,sera,occupato,,
2026-09-17 20:09,2026-09-17,Thu,feriale,SPH - Treviso Sporting,sph-treviso-sporting,Campo 3,scoperto,20:30,sera,occupato,,
2026-09-17 20:09,2026-09-17,Thu,feriale,SPH - Treviso Sporting,sph-treviso-sporting,Campo 3,scoperto,21:00,sera,occupato,,
2026-09-17 20:09,2026-09-17,Thu,feriale,SPH - Treviso Sporting,sph-treviso-sporting,Campo 3,scoperto,21:30,sera,occupato,,
2026-09-17 20:09,2026-09-17,Thu,feriale,SPH - Treviso Sporting,sph-treviso-sporting,Campo 3,scoperto,22:00,sera,occupato,,
2026-09-17 20:09,2026-09-17,Thu,feriale,Marina Sporting,marina-sporting,Padel 1,scoperto,20:30,sera,occupato,,
2026-09-17 20:09,2026-09-17,Thu,feriale,Marina Sporting,marina-sporting,Padel 1,scoperto,21:00,sera,occupato,,
2026-09-17 20:09,2026-09-17,Thu,feriale,Marina Sporting,marina-sporting,Padel 1,scoperto,21:30,sera,occupato,,
2026-09-17 20:09,2026-09-17,Thu,feriale,Marina Sporting,marina-sporting,Padel 2,scoperto,20:30,sera,occupato,,
2026-09-17 20:09,2026-09-17,Thu,feriale,Marina Sporting,marina-sporting,Padel 2,scoperto,21:00,sera,occupato,,
2026-09-17 20:09,2026-09-17,Thu,feriale,Marina Sporting,marina-sporting,Padel 2,scoperto,21:30,sera,occupato,,
2026-09-18 10:04,2026-09-18,Fri,feriale,Sporting Club Mestre,sporting-club-mestre,Campo Giallo,scoperto,10:30,mattina,libero,32 EUR,24 EUR
2026-09-18 10:04,2026-09-18,Fri,feriale,Sporting Club Mestre,sporting-club-mestre,Campo Giallo,scoperto,11:00,mattina,libero,32 EUR,24 EUR
2026-09-18 10:04,2026-09-18,Fri,feriale,Sporting Club Mestre,sporting-club-mestre,Campo Giallo,scoperto,11:30,mattina,libero,32 EUR,24 EUR
2026-09-18 10:04,2026-09-18,Fri,feriale,Sporting Club Mestre,sporting-club-mestre,Campo Giallo,scoperto,12:00,pranzo,libero,32 EUR,24 EUR
2026-09-18 10:04,2026-09-18,Fri,feriale,Sporting Club Mestre,sporting-club-mestre,Campo Rosso,scoperto,10:30,mattina,occupato,,
2026-09-18 10:04,2026-09-18,Fri,feriale,Sporting Club Mestre,sporting-club-mestre,Campo Rosso,scoperto,11:00,mattina,occupato,,
2026-09-18 10:04,2026-09-18,Fri,feriale,Sporting Club Mestre,sporting-club-mestre,Campo Rosso,scoperto,11:30,mattina,occupato,,
2026-09-18 10:04,2026-09-18,Fri,feriale,Sporting Club Mestre,sporting-club-mestre,Campo Rosso,scoperto,12:00,pranzo,occupato,,
2026-09-18 10:04,2026-09-18,Fri,feriale,Sporting Club Mestre,sporting-club-mestre,campo coperto 1,coperto,10:30,mattina,libero,,
2026-09-18 10:04,2026-09-18,Fri,feriale,Sporting Club Mestre,sporting-club-mestre,campo coperto 1,coperto,11:00,mattina,libero,,
2026-09-18 10:04,2026-09-18,Fri,feriale,Sporting Club Mestre,sporting-club-mestre,campo coperto 1,coperto,11:30,mattina,libero,40 EUR,
2026-09-18 10:04,2026-09-18,Fri,feriale,Sporting Club Mestre,sporting-club-mestre,campo coperto 1,coperto,12:00,pranzo,libero,,
2026-09-18 10:04,2026-09-18,Fri,feriale,Sporting Club Mestre,sporting-club-mestre,campo coperto 2,coperto,10:30,mattina,libero,,
2026-09-18 10:04,2026-09-18,Fri,feriale,Sporting Club Mestre,sporting-club-mestre,campo coperto 2,coperto,11:00,mattina,libero,,
2026-09-18 10:04,2026-09-18,Fri,feriale,Sporting Club Mestre,sporting-club-mestre,campo coperto 2,coperto,11:30,mattina,libero,40 EUR,
2026-09-18 10:04,2026-09-18,Fri,feriale,Sporting Club Mestre,sporting-club-mestre,campo coperto 2,coperto,12:00,pranzo,libero,,
2026-09-18 10:04,2026-09-18,Fri,feriale,Padel by FitUP di Zero Branco,padel-by-fitup-di-zero-branco,Padel by FitUP 1,coperto,10:30,mattina,libero,40 EUR,
2026-09-18 10:04,2026-09-18,Fri,feriale,Padel by FitUP di Zero Branco,padel-by-fitup-di-zero-branco,Padel by FitUP 1,coperto,11:00,mattina,libero,40 EUR,
2026-09-18 10:04,2026-09-18,Fri,feriale,Padel by FitUP di Zero Branco,padel-by-fitup-di-zero-branco,Padel by FitUP 1,coperto,11:30,mattina,libero,40 EUR,
2026-09-18 10:04,2026-09-18,Fri,feriale,Padel by FitUP di Zero Branco,padel-by-fitup-di-zero-branco,Padel by FitUP 1,coperto,12:00,pranzo,libero,40 EUR,
2026-09-18 10:04,2026-09-18,Fri,feriale,Aquafit Padel,aquafit-padel,Padel 1,scoperto,10:30,mattina,libero,40 EUR,
2026-09-18 10:04,2026-09-18,Fri,feriale,Aquafit Padel,aquafit-padel,Padel 1,scoperto,11:00,mattina,libero,40 EUR,
2026-09-18 10:04,2026-09-18,Fri,feriale,Aquafit Padel,aquafit-padel,Padel 1,scoperto,11:30,mattina,libero,40 EUR,
2026-09-18 10:04,2026-09-18,Fri,feriale,Aquafit Padel,aquafit-padel,Padel 1,scoperto,12:00,pranzo,libero,40 EUR,
2026-09-18 10:04,2026-09-18,Fri,feriale,Aquafit Padel,aquafit-padel,Padel 2,scoperto,10:30,mattina,libero,40 EUR,32 EUR
2026-09-18 10:04,2026-09-18,Fri,feriale,Aquafit Padel,aquafit-padel,Padel 2,scoperto,11:00,mattina,libero,40 EUR,32 EUR
2026-09-18 10:04,2026-09-18,Fri,feriale,Aquafit Padel,aquafit-padel,Padel 2,scoperto,11:30,mattina,libero,40 EUR,32 EUR
2026-09-18 10:04,2026-09-18,Fri,feriale,Aquafit Padel,aquafit-padel,Padel 2,scoperto,12:00,pranzo,libero,40 EUR,32 EUR
2026-09-18 10:04,2026-09-18,Fri,feriale,SPH - Venezia,sph-venezia,Campo 1,coperto,10:30,mattina,occupato,,
2026-09-18 10:04,2026-09-18,Fri,feriale,SPH - Venezia,sph-venezia,Campo 1,coperto,11:00,mattina,occupato,,
2026-09-18 10:04,2026-09-18,Fri,feriale,SPH - Venezia,sph-venezia,Campo 1,coperto,11:30,mattina,occupato,,
2026-09-18 10:04,2026-09-18,Fri,feriale,SPH - Venezia,sph-venezia,Campo 1,coperto,12:00,pranzo,libero,48 EUR,32 EUR
2026-09-18 10:04,2026-09-18,Fri,feriale,SPH - Venezia,sph-venezia,Campo 2,coperto,10:30,mattina,libero,48 EUR,32 EUR
2026-09-18 10:04,2026-09-18,Fri,feriale,SPH - Venezia,sph-venezia,Campo 2,coperto,11:00,mattina,libero,48 EUR,32 EUR
2026-09-18 10:04,2026-09-18,Fri,feriale,SPH - Venezia,sph-venezia,Campo 2,coperto,11:30,mattina,libero,,32 EUR
2026-09-18 10:04,2026-09-18,Fri,feriale,SPH - Venezia,sph-venezia,Campo 2,coperto,12:00,pranzo,libero,,
2026-09-18 10:04,2026-09-18,Fri,feriale,SPH - Venezia,sph-venezia,Campo 3,coperto,10:30,mattina,libero,48 EUR,32 EUR
2026-09-18 10:04,2026-09-18,Fri,feriale,SPH - Venezia,sph-venezia,Campo 3,coperto,11:00,mattina,libero,48 EUR,32 EUR
2026-09-18 10:04,2026-09-18,Fri,feriale,SPH - Venezia,sph-venezia,Campo 3,coperto,11:30,mattina,libero,48 EUR,32 EUR
2026-09-18 10:04,2026-09-18,Fri,feriale,SPH - Venezia,sph-venezia,Campo 3,coperto,12:00,pranzo,libero,48 EUR,32 EUR
2026-09-18 10:04,2026-09-18,Fri,feriale,SPH - Venezia,sph-venezia,Campo 4 | B3 Capital,coperto,10:30,mattina,libero,48 EUR,32 EUR
2026-09-18 10:04,2026-09-18,Fri,feriale,SPH - Venezia,sph-venezia,Campo 4 | B3 Capital,coperto,11:00,mattina,libero,48 EUR,32 EUR
2026-09-18 10:04,2026-09-18,Fri,feriale,SPH - Venezia,sph-venezia,Campo 4 | B3 Capital,coperto,11:30,mattina,libero,48 EUR,32 EUR
2026-09-18 10:04,2026-09-18,Fri,feriale,SPH - Venezia,sph-venezia,Campo 4 | B3 Capital,coperto,12:00,pranzo,libero,48 EUR,32 EUR
2026-09-18 10:04,2026-09-18,Fri,feriale,SPH - Venezia,sph-venezia,Campo 5 | Bassetto Impianti,coperto,10:30,mattina,libero,,32 EUR
2026-09-18 10:04,2026-09-18,Fri,feriale,SPH - Venezia,sph-venezia,Campo 5 | Bassetto Impianti,coperto,11:00,mattina,libero,,
2026-09-18 10:04,2026-09-18,Fri,feriale,SPH - Venezia,sph-venezia,Campo 5 | Bassetto Impianti,coperto,11:30,mattina,occupato,,
2026-09-18 10:04,2026-09-18,Fri,feriale,SPH - Venezia,sph-venezia,Campo 5 | Bassetto Impianti,coperto,12:00,pranzo,occupato,,
2026-09-18 10:04,2026-09-18,Fri,feriale,Padel Treviso,padel-treviso,1 Esterno,scoperto,10:30,mattina,libero,40 EUR,32 EUR
2026-09-18 10:04,2026-09-18,Fri,feriale,Padel Treviso,padel-treviso,1 Esterno,scoperto,11:00,mattina,libero,40 EUR,32 EUR
2026-09-18 10:04,2026-09-18,Fri,feriale,Padel Treviso,padel-treviso,1 Esterno,scoperto,11:30,mattina,libero,40 EUR,32 EUR
2026-09-18 10:04,2026-09-18,Fri,feriale,Padel Treviso,padel-treviso,1 Esterno,scoperto,12:00,pranzo,libero,40 EUR,32 EUR
2026-09-18 10:04,2026-09-18,Fri,feriale,Padel Treviso,padel-treviso,2 Esterno,scoperto,10:30,mattina,libero,40 EUR,
2026-09-18 10:04,2026-09-18,Fri,feriale,Padel Treviso,padel-treviso,2 Esterno,scoperto,11:00,mattina,libero,40 EUR,
2026-09-18 10:04,2026-09-18,Fri,feriale,Padel Treviso,padel-treviso,2 Esterno,scoperto,11:30,mattina,libero,,
2026-09-18 10:04,2026-09-18,Fri,feriale,Padel Treviso,padel-treviso,2 Esterno,scoperto,12:00,pranzo,libero,,
2026-09-18 10:04,2026-09-18,Fri,feriale,Padel Treviso,padel-treviso,3 COPERTO,coperto,10:30,mattina,libero,56 EUR,
2026-09-18 10:04,2026-09-18,Fri,feriale,Padel Treviso,padel-treviso,3 COPERTO,coperto,11:00,mattina,libero,56 EUR,
2026-09-18 10:04,2026-09-18,Fri,feriale,Padel Treviso,padel-treviso,3 COPERTO,coperto,11:30,mattina,libero,56 EUR,
2026-09-18 10:04,2026-09-18,Fri,feriale,Padel Treviso,padel-treviso,3 COPERTO,coperto,12:00,pranzo,libero,56 EUR,
2026-09-18 10:04,2026-09-18,Fri,feriale,Padel Treviso,padel-treviso,4 COPERTO,coperto,10:30,mattina,libero,56 EUR,
2026-09-18 10:04,2026-09-18,Fri,feriale,Padel Treviso,padel-treviso,4 COPERTO,coperto,11:00,mattina,libero,56 EUR,
2026-09-18 10:04,2026-09-18,Fri,feriale,Padel Treviso,padel-treviso,4 COPERTO,coperto,11:30,mattina,libero,56 EUR,
2026-09-18 10:04,2026-09-18,Fri,feriale,Padel Treviso,padel-treviso,4 COPERTO,coperto,12:00,pranzo,libero,56 EUR,
2026-09-18 10:04,2026-09-18,Fri,feriale,Padel Treviso,padel-treviso,Kuikma Indoor,coperto,10:30,mattina,libero,56 EUR,
2026-09-18 10:04,2026-09-18,Fri,feriale,Padel Treviso,padel-treviso,Kuikma Indoor,coperto,11:00,mattina,libero,56 EUR,
2026-09-18 10:04,2026-09-18,Fri,feriale,Padel Treviso,padel-treviso,Kuikma Indoor,coperto,11:30,mattina,libero,56 EUR,
2026-09-18 10:04,2026-09-18,Fri,feriale,Padel Treviso,padel-treviso,Kuikma Indoor,coperto,12:00,pranzo,libero,,
2026-09-18 10:04,2026-09-18,Fri,feriale,Padel Treviso,padel-treviso,6 Indoor,coperto,10:30,mattina,libero,56 EUR,
2026-09-18 10:04,2026-09-18,Fri,feriale,Padel Treviso,padel-treviso,6 Indoor,coperto,11:00,mattina,libero,56 EUR,
2026-09-18 10:04,2026-09-18,Fri,feriale,Padel Treviso,padel-treviso,6 Indoor,coperto,11:30,mattina,libero,56 EUR,
2026-09-18 10:04,2026-09-18,Fri,feriale,Padel Treviso,padel-treviso,6 Indoor,coperto,12:00,pranzo,libero,56 EUR,
2026-09-18 10:04,2026-09-18,Fri,feriale,Padel Treviso,padel-treviso,My Gym City Indoor,coperto,10:30,mattina,libero,56 EUR,
2026-09-18 10:04,2026-09-18,Fri,feriale,Padel Treviso,padel-treviso,My Gym City Indoor,coperto,11:00,mattina,libero,56 EUR,
2026-09-18 10:04,2026-09-18,Fri,feriale,Padel Treviso,padel-treviso,My Gym City Indoor,coperto,11:30,mattina,libero,56 EUR,
2026-09-18 10:04,2026-09-18,Fri,feriale,Padel Treviso,padel-treviso,My Gym City Indoor,coperto,12:00,pranzo,libero,56 EUR,
2026-09-18 10:04,2026-09-18,Fri,feriale,Padel Treviso,padel-treviso,8 Esterno,scoperto,10:30,mattina,libero,40 EUR,
2026-09-18 10:04,2026-09-18,Fri,feriale,Padel Treviso,padel-treviso,8 Esterno,scoperto,11:00,mattina,libero,,
2026-09-18 10:04,2026-09-18,Fri,feriale,Padel Treviso,padel-treviso,8 Esterno,scoperto,11:30,mattina,libero,,
2026-09-18 10:04,2026-09-18,Fri,feriale,Padel Treviso,padel-treviso,8 Esterno,scoperto,12:00,pranzo,libero,40 EUR,
2026-09-18 10:04,2026-09-18,Fri,feriale,Padel Treviso,padel-treviso,9 Gioielleria Minotto Istrana,coperto,10:30,mattina,libero,,
2026-09-18 10:04,2026-09-18,Fri,feriale,Padel Treviso,padel-treviso,9 Gioielleria Minotto Istrana,coperto,11:00,mattina,libero,,
2026-09-18 10:04,2026-09-18,Fri,feriale,Padel Treviso,padel-treviso,9 Gioielleria Minotto Istrana,coperto,11:30,mattina,libero,56 EUR,
2026-09-18 10:04,2026-09-18,Fri,feriale,Padel Treviso,padel-treviso,9 Gioielleria Minotto Istrana,coperto,12:00,pranzo,libero,,
2026-09-18 10:04,2026-09-18,Fri,feriale,Padel Treviso,padel-treviso,10 Gioielleria Minotto Istrana,coperto,10:30,mattina,libero,,
2026-09-18 10:04,2026-09-18,Fri,feriale,Padel Treviso,padel-treviso,10 Gioielleria Minotto Istrana,coperto,11:00,mattina,libero,,
2026-09-18 10:04,2026-09-18,Fri,feriale,Padel Treviso,padel-treviso,10 Gioielleria Minotto Istrana,coperto,11:30,mattina,libero,56 EUR,
2026-09-18 10:04,2026-09-18,Fri,feriale,Padel Treviso,padel-treviso,10 Gioielleria Minotto Istrana,coperto,12:00,pranzo,libero,,
2026-09-18 10:04,2026-09-18,Fri,feriale,Padel Treviso,padel-treviso,Singolo A Esterno,scoperto,10:30,mattina,libero,24 EUR,20 EUR
2026-09-18 10:04,2026-09-18,Fri,feriale,Padel Treviso,padel-treviso,Singolo A Esterno,scoperto,11:00,mattina,libero,24 EUR,20 EUR
2026-09-18 10:04,2026-09-18,Fri,feriale,Padel Treviso,padel-treviso,Singolo A Esterno,scoperto,11:30,mattina,libero,24 EUR,20 EUR
2026-09-18 10:04,2026-09-18,Fri,feriale,Padel Treviso,padel-treviso,Singolo A Esterno,scoperto,12:00,pranzo,libero,24 EUR,20 EUR
2026-09-18 10:04,2026-09-18,Fri,feriale,Padel Treviso,padel-treviso,Singolo B Esterno,scoperto,10:30,mattina,libero,24 EUR,20 EUR
2026-09-18 10:04,2026-09-18,Fri,feriale,Padel Treviso,padel-treviso,Singolo B Esterno,scoperto,11:00,mattina,libero,24 EUR,20 EUR
2026-09-18 10:04,2026-09-18,Fri,feriale,Padel Treviso,padel-treviso,Singolo B Esterno,scoperto,11:30,mattina,libero,24 EUR,20 EUR
2026-09-18 10:04,2026-09-18,Fri,feriale,Padel Treviso,padel-treviso,Singolo B Esterno,scoperto,12:00,pranzo,libero,24 EUR,20 EUR
2026-09-18 10:04,2026-09-18,Fri,feriale,Altino Sport Village,altino-sport-village,Padel 1,coperto,10:30,mattina,libero,30 EUR,30 EUR
2026-09-18 10:04,2026-09-18,Fri,feriale,Altino Sport Village,altino-sport-village,Padel 1,coperto,11:00,mattina,libero,30 EUR,30 EUR
2026-09-18 10:04,2026-09-18,Fri,feriale,Altino Sport Village,altino-sport-village,Padel 1,coperto,11:30,mattina,libero,30 EUR,30 EUR
2026-09-18 10:04,2026-09-18,Fri,feriale,Altino Sport Village,altino-sport-village,Padel 1,coperto,12:00,pranzo,libero,30 EUR,30 EUR
2026-09-18 10:04,2026-09-18,Fri,feriale,Altino Sport Village,altino-sport-village,Padel 2,coperto,10:30,mattina,libero,,30 EUR
2026-09-18 10:04,2026-09-18,Fri,feriale,Altino Sport Village,altino-sport-village,Padel 2,coperto,11:00,mattina,libero,30 EUR,
2026-09-18 10:04,2026-09-18,Fri,feriale,Altino Sport Village,altino-sport-village,Padel 2,coperto,11:30,mattina,libero,,30 EUR
2026-09-18 10:04,2026-09-18,Fri,feriale,Altino Sport Village,altino-sport-village,Padel 2,coperto,12:00,pranzo,libero,,
2026-09-18 10:04,2026-09-18,Fri,feriale,Barchessa Padel e Pikleball,barchessa-pickleball,PADEL 1,coperto,10:30,mattina,libero,40 EUR,27 EUR
2026-09-18 10:04,2026-09-18,Fri,feriale,Barchessa Padel e Pikleball,barchessa-pickleball,PADEL 1,coperto,11:00,mattina,libero,40 EUR,27 EUR
2026-09-18 10:04,2026-09-18,Fri,feriale,Barchessa Padel e Pikleball,barchessa-pickleball,PADEL 1,coperto,11:30,mattina,libero,40 EUR,27 EUR
2026-09-18 10:04,2026-09-18,Fri,feriale,Barchessa Padel e Pikleball,barchessa-pickleball,PADEL 1,coperto,12:00,pranzo,libero,40 EUR,27 EUR
2026-09-18 10:04,2026-09-18,Fri,feriale,Barchessa Padel e Pikleball,barchessa-pickleball,PADEL  2,coperto,10:30,mattina,libero,40 EUR,27 EUR
2026-09-18 10:04,2026-09-18,Fri,feriale,Barchessa Padel e Pikleball,barchessa-pickleball,PADEL  2,coperto,11:00,mattina,libero,40 EUR,27 EUR
2026-09-18 10:04,2026-09-18,Fri,feriale,Barchessa Padel e Pikleball,barchessa-pickleball,PADEL  2,coperto,11:30,mattina,libero,40 EUR,27 EUR
2026-09-18 10:04,2026-09-18,Fri,feriale,Barchessa Padel e Pikleball,barchessa-pickleball,PADEL  2,coperto,12:00,pranzo,libero,40 EUR,27 EUR
2026-09-18 10:04,2026-09-18,Fri,feriale,Barchessa Padel e Pikleball,barchessa-pickleball,PADEL  3,coperto,10:30,mattina,libero,40 EUR,27 EUR
2026-09-18 10:04,2026-09-18,Fri,feriale,Barchessa Padel e Pikleball,barchessa-pickleball,PADEL  3,coperto,11:00,mattina,libero,40 EUR,27 EUR
2026-09-18 10:04,2026-09-18,Fri,feriale,Barchessa Padel e Pikleball,barchessa-pickleball,PADEL  3,coperto,11:30,mattina,libero,40 EUR,27 EUR
2026-09-18 10:04,2026-09-18,Fri,feriale,Barchessa Padel e Pikleball,barchessa-pickleball,PADEL  3,coperto,12:00,pranzo,libero,40 EUR,27 EUR
2026-09-18 10:04,2026-09-18,Fri,feriale,SPH - Treviso Sporting,sph-treviso-sporting,Campo 4,coperto,10:30,mattina,libero,40 EUR,28 EUR
2026-09-18 10:04,2026-09-18,Fri,feriale,SPH - Treviso Sporting,sph-treviso-sporting,Campo 4,coperto,11:00,mattina,libero,40 EUR,28 EUR
2026-09-18 10:04,2026-09-18,Fri,feriale,SPH - Treviso Sporting,sph-treviso-sporting,Campo 4,coperto,11:30,mattina,libero,40 EUR,28 EUR
2026-09-18 10:04,2026-09-18,Fri,feriale,SPH - Treviso Sporting,sph-treviso-sporting,Campo 4,coperto,12:00,pranzo,libero,43.34 EUR,28 EUR
2026-09-18 10:04,2026-09-18,Fri,feriale,SPH - Treviso Sporting,sph-treviso-sporting,Campo 5,coperto,10:30,mattina,libero,40 EUR,28 EUR
2026-09-18 10:04,2026-09-18,Fri,feriale,SPH - Treviso Sporting,sph-treviso-sporting,Campo 5,coperto,11:00,mattina,libero,40 EUR,28 EUR
2026-09-18 10:04,2026-09-18,Fri,feriale,SPH - Treviso Sporting,sph-treviso-sporting,Campo 5,coperto,11:30,mattina,libero,40 EUR,28 EUR
2026-09-18 10:04,2026-09-18,Fri,feriale,SPH - Treviso Sporting,sph-treviso-sporting,Campo 5,coperto,12:00,pranzo,libero,43.34 EUR,28 EUR
2026-09-18 10:04,2026-09-18,Fri,feriale,SPH - Treviso Sporting,sph-treviso-sporting,Campo 6,coperto,10:30,mattina,libero,40 EUR,28 EUR
2026-09-18 10:04,2026-09-18,Fri,feriale,SPH - Treviso Sporting,sph-treviso-sporting,Campo 6,coperto,11:00,mattina,libero,40 EUR,28 EUR
2026-09-18 10:04,2026-09-18,Fri,feriale,SPH - Treviso Sporting,sph-treviso-sporting,Campo 6,coperto,11:30,mattina,libero,40 EUR,28 EUR
2026-09-18 10:04,2026-09-18,Fri,feriale,SPH - Treviso Sporting,sph-treviso-sporting,Campo 6,coperto,12:00,pranzo,libero,43.34 EUR,28 EUR
2026-09-18 10:04,2026-09-18,Fri,feriale,SPH - Treviso Sporting,sph-treviso-sporting,Campo 7,coperto,10:30,mattina,libero,40 EUR,28 EUR
2026-09-18 10:04,2026-09-18,Fri,feriale,SPH - Treviso Sporting,sph-treviso-sporting,Campo 7,coperto,11:00,mattina,libero,40 EUR,28 EUR
2026-09-18 10:04,2026-09-18,Fri,feriale,SPH - Treviso Sporting,sph-treviso-sporting,Campo 7,coperto,11:30,mattina,libero,40 EUR,28 EUR
2026-09-18 10:04,2026-09-18,Fri,feriale,SPH - Treviso Sporting,sph-treviso-sporting,Campo 7,coperto,12:00,pranzo,libero,43.34 EUR,28 EUR
2026-09-18 10:04,2026-09-18,Fri,feriale,SPH - Treviso Sporting,sph-treviso-sporting,Campo 1,scoperto,10:30,mattina,libero,40 EUR,28 EUR
2026-09-18 10:04,2026-09-18,Fri,feriale,SPH - Treviso Sporting,sph-treviso-sporting,Campo 1,scoperto,11:00,mattina,libero,40 EUR,28 EUR
2026-09-18 10:04,2026-09-18,Fri,feriale,SPH - Treviso Sporting,sph-treviso-sporting,Campo 1,scoperto,11:30,mattina,libero,40 EUR,28 EUR
2026-09-18 10:04,2026-09-18,Fri,feriale,SPH - Treviso Sporting,sph-treviso-sporting,Campo 1,scoperto,12:00,pranzo,libero,40 EUR,28 EUR
2026-09-18 10:04,2026-09-18,Fri,feriale,SPH - Treviso Sporting,sph-treviso-sporting,Campo 2,scoperto,10:30,mattina,libero,40 EUR,28 EUR
2026-09-18 10:04,2026-09-18,Fri,feriale,SPH - Treviso Sporting,sph-treviso-sporting,Campo 2,scoperto,11:00,mattina,libero,40 EUR,28 EUR
2026-09-18 10:04,2026-09-18,Fri,feriale,SPH - Treviso Sporting,sph-treviso-sporting,Campo 2,scoperto,11:30,mattina,libero,40 EUR,28 EUR
2026-09-18 10:04,2026-09-18,Fri,feriale,SPH - Treviso Sporting,sph-treviso-sporting,Campo 2,scoperto,12:00,pranzo,libero,40 EUR,28 EUR
2026-09-18 10:04,2026-09-18,Fri,feriale,SPH - Treviso Sporting,sph-treviso-sporting,Campo 3,scoperto,10:30,mattina,libero,40 EUR,28 EUR
2026-09-18 10:04,2026-09-18,Fri,feriale,SPH - Treviso Sporting,sph-treviso-sporting,Campo 3,scoperto,11:00,mattina,libero,40 EUR,28 EUR
2026-09-18 10:04,2026-09-18,Fri,feriale,SPH - Treviso Sporting,sph-treviso-sporting,Campo 3,scoperto,11:30,mattina,libero,40 EUR,28 EUR
2026-09-18 10:04,2026-09-18,Fri,feriale,SPH - Treviso Sporting,sph-treviso-sporting,Campo 3,scoperto,12:00,pranzo,libero,40 EUR,28 EUR
2026-09-18 10:04,2026-09-18,Fri,feriale,Marina Sporting,marina-sporting,Padel 1,scoperto,10:30,mattina,occupato,,
2026-09-18 10:04,2026-09-18,Fri,feriale,Marina Sporting,marina-sporting,Padel 1,scoperto,11:00,mattina,occupato,,
2026-09-18 10:04,2026-09-18,Fri,feriale,Marina Sporting,marina-sporting,Padel 1,scoperto,11:30,mattina,occupato,,
2026-09-18 10:04,2026-09-18,Fri,feriale,Marina Sporting,marina-sporting,Padel 1,scoperto,12:00,pranzo,occupato,,
2026-09-18 10:04,2026-09-18,Fri,feriale,Marina Sporting,marina-sporting,Padel 2,scoperto,10:30,mattina,occupato,,
2026-09-18 10:04,2026-09-18,Fri,feriale,Marina Sporting,marina-sporting,Padel 2,scoperto,11:00,mattina,occupato,,
2026-09-18 10:04,2026-09-18,Fri,feriale,Marina Sporting,marina-sporting,Padel 2,scoperto,11:30,mattina,occupato,,
2026-09-18 10:04,2026-09-18,Fri,feriale,Marina Sporting,marina-sporting,Padel 2,scoperto,12:00,pranzo,occupato,,
2026-09-18 12:14,2026-09-18,Fri,feriale,Sporting Club Mestre,sporting-club-mestre,Campo Giallo,scoperto,12:30,pranzo,libero,32 EUR,24 EUR
2026-09-18 12:14,2026-09-18,Fri,feriale,Sporting Club Mestre,sporting-club-mestre,Campo Giallo,scoperto,13:00,pranzo,libero,32 EUR,24 EUR
2026-09-18 12:14,2026-09-18,Fri,feriale,Sporting Club Mestre,sporting-club-mestre,Campo Giallo,scoperto,13:30,pranzo,libero,32 EUR,24 EUR
2026-09-18 12:14,2026-09-18,Fri,feriale,Sporting Club Mestre,sporting-club-mestre,Campo Giallo,scoperto,14:00,pomeriggio,libero,32 EUR,24 EUR
2026-09-18 12:14,2026-09-18,Fri,feriale,Sporting Club Mestre,sporting-club-mestre,Campo Rosso,scoperto,12:30,pranzo,occupato,,
2026-09-18 12:14,2026-09-18,Fri,feriale,Sporting Club Mestre,sporting-club-mestre,Campo Rosso,scoperto,13:00,pranzo,occupato,,
2026-09-18 12:14,2026-09-18,Fri,feriale,Sporting Club Mestre,sporting-club-mestre,Campo Rosso,scoperto,13:30,pranzo,occupato,,
2026-09-18 12:14,2026-09-18,Fri,feriale,Sporting Club Mestre,sporting-club-mestre,Campo Rosso,scoperto,14:00,pomeriggio,occupato,,
2026-09-18 12:14,2026-09-18,Fri,feriale,Sporting Club Mestre,sporting-club-mestre,campo coperto 1,coperto,12:30,pranzo,occupato,,
2026-09-18 12:14,2026-09-18,Fri,feriale,Sporting Club Mestre,sporting-club-mestre,campo coperto 1,coperto,13:00,pranzo,occupato,,
2026-09-18 12:14,2026-09-18,Fri,feriale,Sporting Club Mestre,sporting-club-mestre,campo coperto 1,coperto,13:30,pranzo,occupato,,
2026-09-18 12:14,2026-09-18,Fri,feriale,Sporting Club Mestre,sporting-club-mestre,campo coperto 1,coperto,14:00,pomeriggio,occupato,,
2026-09-18 12:14,2026-09-18,Fri,feriale,Sporting Club Mestre,sporting-club-mestre,campo coperto 2,coperto,12:30,pranzo,occupato,,
2026-09-18 12:14,2026-09-18,Fri,feriale,Sporting Club Mestre,sporting-club-mestre,campo coperto 2,coperto,13:00,pranzo,libero,40 EUR,
2026-09-18 12:14,2026-09-18,Fri,feriale,Sporting Club Mestre,sporting-club-mestre,campo coperto 2,coperto,13:30,pranzo,libero,,
2026-09-18 12:14,2026-09-18,Fri,feriale,Sporting Club Mestre,sporting-club-mestre,campo coperto 2,coperto,14:00,pomeriggio,libero,,
2026-09-18 12:14,2026-09-18,Fri,feriale,Padel by FitUP di Zero Branco,padel-by-fitup-di-zero-branco,Padel by FitUP 1,coperto,12:30,pranzo,libero,40 EUR,
2026-09-18 12:14,2026-09-18,Fri,feriale,Padel by FitUP di Zero Branco,padel-by-fitup-di-zero-branco,Padel by FitUP 1,coperto,13:00,pranzo,libero,40 EUR,
2026-09-18 12:14,2026-09-18,Fri,feriale,Padel by FitUP di Zero Branco,padel-by-fitup-di-zero-branco,Padel by FitUP 1,coperto,13:30,pranzo,libero,40 EUR,
2026-09-18 12:14,2026-09-18,Fri,feriale,Padel by FitUP di Zero Branco,padel-by-fitup-di-zero-branco,Padel by FitUP 1,coperto,14:00,pomeriggio,libero,40 EUR,
2026-09-18 12:14,2026-09-18,Fri,feriale,Aquafit Padel,aquafit-padel,Padel 1,scoperto,12:30,pranzo,libero,40 EUR,
2026-09-18 12:14,2026-09-18,Fri,feriale,Aquafit Padel,aquafit-padel,Padel 1,scoperto,13:00,pranzo,libero,40 EUR,
2026-09-18 12:14,2026-09-18,Fri,feriale,Aquafit Padel,aquafit-padel,Padel 1,scoperto,13:30,pranzo,libero,40 EUR,
2026-09-18 12:14,2026-09-18,Fri,feriale,Aquafit Padel,aquafit-padel,Padel 1,scoperto,14:00,pomeriggio,libero,40 EUR,
2026-09-18 12:14,2026-09-18,Fri,feriale,Aquafit Padel,aquafit-padel,Padel 2,scoperto,12:30,pranzo,libero,40 EUR,32 EUR
2026-09-18 12:14,2026-09-18,Fri,feriale,Aquafit Padel,aquafit-padel,Padel 2,scoperto,13:00,pranzo,libero,40 EUR,32 EUR
2026-09-18 12:14,2026-09-18,Fri,feriale,Aquafit Padel,aquafit-padel,Padel 2,scoperto,13:30,pranzo,libero,40 EUR,29.34 EUR
2026-09-18 12:14,2026-09-18,Fri,feriale,Aquafit Padel,aquafit-padel,Padel 2,scoperto,14:00,pomeriggio,libero,40 EUR,
2026-09-18 12:14,2026-09-18,Fri,feriale,SPH - Venezia,sph-venezia,Campo 1,coperto,12:30,pranzo,libero,48 EUR,32 EUR
2026-09-18 12:14,2026-09-18,Fri,feriale,SPH - Venezia,sph-venezia,Campo 1,coperto,13:00,pranzo,libero,48 EUR,32 EUR
2026-09-18 12:14,2026-09-18,Fri,feriale,SPH - Venezia,sph-venezia,Campo 1,coperto,13:30,pranzo,libero,48 EUR,32 EUR
2026-09-18 12:14,2026-09-18,Fri,feriale,SPH - Venezia,sph-venezia,Campo 1,coperto,14:00,pomeriggio,libero,,32 EUR
2026-09-18 12:14,2026-09-18,Fri,feriale,SPH - Venezia,sph-venezia,Campo 2,coperto,12:30,pranzo,occupato,,
2026-09-18 12:14,2026-09-18,Fri,feriale,SPH - Venezia,sph-venezia,Campo 2,coperto,13:00,pranzo,occupato,,
2026-09-18 12:14,2026-09-18,Fri,feriale,SPH - Venezia,sph-venezia,Campo 2,coperto,13:30,pranzo,occupato,,
2026-09-18 12:14,2026-09-18,Fri,feriale,SPH - Venezia,sph-venezia,Campo 2,coperto,14:00,pomeriggio,occupato,,
2026-09-18 12:14,2026-09-18,Fri,feriale,SPH - Venezia,sph-venezia,Campo 3,coperto,12:30,pranzo,libero,48 EUR,32 EUR
2026-09-18 12:14,2026-09-18,Fri,feriale,SPH - Venezia,sph-venezia,Campo 3,coperto,13:00,pranzo,libero,48 EUR,32 EUR
2026-09-18 12:14,2026-09-18,Fri,feriale,SPH - Venezia,sph-venezia,Campo 3,coperto,13:30,pranzo,libero,48 EUR,32 EUR
2026-09-18 12:14,2026-09-18,Fri,feriale,SPH - Venezia,sph-venezia,Campo 3,coperto,14:00,pomeriggio,libero,48 EUR,32 EUR
2026-09-18 12:14,2026-09-18,Fri,feriale,SPH - Venezia,sph-venezia,Campo 4 | B3 Capital,coperto,12:30,pranzo,libero,48 EUR,32 EUR
2026-09-18 12:14,2026-09-18,Fri,feriale,SPH - Venezia,sph-venezia,Campo 4 | B3 Capital,coperto,13:00,pranzo,libero,,32 EUR
2026-09-18 12:14,2026-09-18,Fri,feriale,SPH - Venezia,sph-venezia,Campo 4 | B3 Capital,coperto,13:30,pranzo,libero,48 EUR,
2026-09-18 12:14,2026-09-18,Fri,feriale,SPH - Venezia,sph-venezia,Campo 4 | B3 Capital,coperto,14:00,pomeriggio,libero,,32 EUR
2026-09-18 12:14,2026-09-18,Fri,feriale,SPH - Venezia,sph-venezia,Campo 5 | Bassetto Impianti,coperto,12:30,pranzo,occupato,,
2026-09-18 12:14,2026-09-18,Fri,feriale,SPH - Venezia,sph-venezia,Campo 5 | Bassetto Impianti,coperto,13:00,pranzo,libero,48 EUR,32 EUR
2026-09-18 12:14,2026-09-18,Fri,feriale,SPH - Venezia,sph-venezia,Campo 5 | Bassetto Impianti,coperto,13:30,pranzo,libero,48 EUR,32 EUR
2026-09-18 12:14,2026-09-18,Fri,feriale,SPH - Venezia,sph-venezia,Campo 5 | Bassetto Impianti,coperto,14:00,pomeriggio,libero,48 EUR,32 EUR
2026-09-18 12:14,2026-09-18,Fri,feriale,Padel Treviso,padel-treviso,1 Esterno,scoperto,12:30,pranzo,libero,40 EUR,32 EUR
2026-09-18 12:14,2026-09-18,Fri,feriale,Padel Treviso,padel-treviso,1 Esterno,scoperto,13:00,pranzo,libero,40 EUR,32 EUR
2026-09-18 12:14,2026-09-18,Fri,feriale,Padel Treviso,padel-treviso,1 Esterno,scoperto,13:30,pranzo,libero,40 EUR,32 EUR
2026-09-18 12:14,2026-09-18,Fri,feriale,Padel Treviso,padel-treviso,1 Esterno,scoperto,14:00,pomeriggio,libero,40 EUR,32 EUR
2026-09-18 12:14,2026-09-18,Fri,feriale,Padel Treviso,padel-treviso,2 Esterno,scoperto,12:30,pranzo,libero,40 EUR,
2026-09-18 12:14,2026-09-18,Fri,feriale,Padel Treviso,padel-treviso,2 Esterno,scoperto,13:00,pranzo,libero,,
2026-09-18 12:14,2026-09-18,Fri,feriale,Padel Treviso,padel-treviso,2 Esterno,scoperto,13:30,pranzo,libero,,
2026-09-18 12:14,2026-09-18,Fri,feriale,Padel Treviso,padel-treviso,2 Esterno,scoperto,14:00,pomeriggio,libero,40 EUR,
2026-09-18 12:14,2026-09-18,Fri,feriale,Padel Treviso,padel-treviso,3 COPERTO,coperto,12:30,pranzo,libero,56 EUR,
2026-09-18 12:14,2026-09-18,Fri,feriale,Padel Treviso,padel-treviso,3 COPERTO,coperto,13:00,pranzo,libero,56 EUR,
2026-09-18 12:14,2026-09-18,Fri,feriale,Padel Treviso,padel-treviso,3 COPERTO,coperto,13:30,pranzo,libero,56 EUR,
2026-09-18 12:14,2026-09-18,Fri,feriale,Padel Treviso,padel-treviso,3 COPERTO,coperto,14:00,pomeriggio,libero,,
2026-09-18 12:14,2026-09-18,Fri,feriale,Padel Treviso,padel-treviso,4 COPERTO,coperto,12:30,pranzo,libero,56 EUR,
2026-09-18 12:14,2026-09-18,Fri,feriale,Padel Treviso,padel-treviso,4 COPERTO,coperto,13:00,pranzo,libero,56 EUR,
2026-09-18 12:14,2026-09-18,Fri,feriale,Padel Treviso,padel-treviso,4 COPERTO,coperto,13:30,pranzo,libero,,
2026-09-18 12:14,2026-09-18,Fri,feriale,Padel Treviso,padel-treviso,4 COPERTO,coperto,14:00,pomeriggio,libero,,
2026-09-18 12:14,2026-09-18,Fri,feriale,Padel Treviso,padel-treviso,Kuikma Indoor,coperto,12:30,pranzo,occupato,,
2026-09-18 12:14,2026-09-18,Fri,feriale,Padel Treviso,padel-treviso,Kuikma Indoor,coperto,13:00,pranzo,occupato,,
2026-09-18 12:14,2026-09-18,Fri,feriale,Padel Treviso,padel-treviso,Kuikma Indoor,coperto,13:30,pranzo,occupato,,
2026-09-18 12:14,2026-09-18,Fri,feriale,Padel Treviso,padel-treviso,Kuikma Indoor,coperto,14:00,pomeriggio,occupato,,
2026-09-18 12:14,2026-09-18,Fri,feriale,Padel Treviso,padel-treviso,6 Indoor,coperto,12:30,pranzo,libero,,
2026-09-18 12:14,2026-09-18,Fri,feriale,Padel Treviso,padel-treviso,6 Indoor,coperto,13:00,pranzo,libero,,
2026-09-18 12:14,2026-09-18,Fri,feriale,Padel Treviso,padel-treviso,6 Indoor,coperto,13:30,pranzo,libero,56 EUR,
2026-09-18 12:14,2026-09-18,Fri,feriale,Padel Treviso,padel-treviso,6 Indoor,coperto,14:00,pomeriggio,libero,,
2026-09-18 12:14,2026-09-18,Fri,feriale,Padel Treviso,padel-treviso,My Gym City Indoor,coperto,12:30,pranzo,libero,,
2026-09-18 12:14,2026-09-18,Fri,feriale,Padel Treviso,padel-treviso,My Gym City Indoor,coperto,13:00,pranzo,libero,,
2026-09-18 12:14,2026-09-18,Fri,feriale,Padel Treviso,padel-treviso,My Gym City Indoor,coperto,13:30,pranzo,libero,56 EUR,
2026-09-18 12:14,2026-09-18,Fri,feriale,Padel Treviso,padel-treviso,My Gym City Indoor,coperto,14:00,pomeriggio,libero,,
2026-09-18 12:14,2026-09-18,Fri,feriale,Padel Treviso,padel-treviso,8 Esterno,scoperto,12:30,pranzo,libero,,
2026-09-18 12:14,2026-09-18,Fri,feriale,Padel Treviso,padel-treviso,8 Esterno,scoperto,13:00,pranzo,libero,,
2026-09-18 12:14,2026-09-18,Fri,feriale,Padel Treviso,padel-treviso,8 Esterno,scoperto,13:30,pranzo,libero,40 EUR,
2026-09-18 12:14,2026-09-18,Fri,feriale,Padel Treviso,padel-treviso,8 Esterno,scoperto,14:00,pomeriggio,libero,,
2026-09-18 12:14,2026-09-18,Fri,feriale,Padel Treviso,padel-treviso,9 Gioielleria Minotto Istrana,coperto,12:30,pranzo,occupato,,
2026-09-18 12:14,2026-09-18,Fri,feriale,Padel Treviso,padel-treviso,9 Gioielleria Minotto Istrana,coperto,13:00,pranzo,libero,56 EUR,
2026-09-18 12:14,2026-09-18,Fri,feriale,Padel Treviso,padel-treviso,9 Gioielleria Minotto Istrana,coperto,13:30,pranzo,libero,,
2026-09-18 12:14,2026-09-18,Fri,feriale,Padel Treviso,padel-treviso,9 Gioielleria Minotto Istrana,coperto,14:00,pomeriggio,libero,,
2026-09-18 12:14,2026-09-18,Fri,feriale,Padel Treviso,padel-treviso,10 Gioielleria Minotto Istrana,coperto,12:30,pranzo,occupato,,
2026-09-18 12:14,2026-09-18,Fri,feriale,Padel Treviso,padel-treviso,10 Gioielleria Minotto Istrana,coperto,13:00,pranzo,libero,56 EUR,
2026-09-18 12:14,2026-09-18,Fri,feriale,Padel Treviso,padel-treviso,10 Gioielleria Minotto Istrana,coperto,13:30,pranzo,libero,,
2026-09-18 12:14,2026-09-18,Fri,feriale,Padel Treviso,padel-treviso,10 Gioielleria Minotto Istrana,coperto,14:00,pomeriggio,libero,,
2026-09-18 12:14,2026-09-18,Fri,feriale,Padel Treviso,padel-treviso,Singolo A Esterno,scoperto,12:30,pranzo,libero,24 EUR,20 EUR
2026-09-18 12:14,2026-09-18,Fri,feriale,Padel Treviso,padel-treviso,Singolo A Esterno,scoperto,13:00,pranzo,libero,24 EUR,20 EUR
2026-09-18 12:14,2026-09-18,Fri,feriale,Padel Treviso,padel-treviso,Singolo A Esterno,scoperto,13:30,pranzo,libero,24 EUR,20 EUR
2026-09-18 12:14,2026-09-18,Fri,feriale,Padel Treviso,padel-treviso,Singolo A Esterno,scoperto,14:00,pomeriggio,libero,,20 EUR
2026-09-18 12:14,2026-09-18,Fri,feriale,Padel Treviso,padel-treviso,Singolo B Esterno,scoperto,12:30,pranzo,libero,24 EUR,20 EUR
2026-09-18 12:14,2026-09-18,Fri,feriale,Padel Treviso,padel-treviso,Singolo B Esterno,scoperto,13:00,pranzo,libero,,20 EUR
2026-09-18 12:14,2026-09-18,Fri,feriale,Padel Treviso,padel-treviso,Singolo B Esterno,scoperto,13:30,pranzo,libero,24 EUR,
2026-09-18 12:14,2026-09-18,Fri,feriale,Padel Treviso,padel-treviso,Singolo B Esterno,scoperto,14:00,pomeriggio,libero,,20 EUR
2026-09-18 12:14,2026-09-18,Fri,feriale,Altino Sport Village,altino-sport-village,Padel 1,coperto,12:30,pranzo,libero,30 EUR,30 EUR
2026-09-18 12:14,2026-09-18,Fri,feriale,Altino Sport Village,altino-sport-village,Padel 1,coperto,13:00,pranzo,libero,30 EUR,30 EUR
2026-09-18 12:14,2026-09-18,Fri,feriale,Altino Sport Village,altino-sport-village,Padel 1,coperto,13:30,pranzo,libero,30 EUR,30 EUR
2026-09-18 12:14,2026-09-18,Fri,feriale,Altino Sport Village,altino-sport-village,Padel 1,coperto,14:00,pomeriggio,libero,30 EUR,30 EUR
2026-09-18 12:14,2026-09-18,Fri,feriale,Altino Sport Village,altino-sport-village,Padel 2,coperto,12:30,pranzo,occupato,,
2026-09-18 12:14,2026-09-18,Fri,feriale,Altino Sport Village,altino-sport-village,Padel 2,coperto,13:00,pranzo,occupato,,
2026-09-18 12:14,2026-09-18,Fri,feriale,Altino Sport Village,altino-sport-village,Padel 2,coperto,13:30,pranzo,libero,30 EUR,30 EUR
2026-09-18 12:14,2026-09-18,Fri,feriale,Altino Sport Village,altino-sport-village,Padel 2,coperto,14:00,pomeriggio,libero,,
2026-09-18 12:14,2026-09-18,Fri,feriale,Barchessa Padel e Pikleball,barchessa-pickleball,PADEL 1,coperto,12:30,pranzo,libero,40 EUR,27 EUR
2026-09-18 12:14,2026-09-18,Fri,feriale,Barchessa Padel e Pikleball,barchessa-pickleball,PADEL 1,coperto,13:00,pranzo,libero,40 EUR,27 EUR
2026-09-18 12:14,2026-09-18,Fri,feriale,Barchessa Padel e Pikleball,barchessa-pickleball,PADEL 1,coperto,13:30,pranzo,libero,40 EUR,27 EUR
2026-09-18 12:14,2026-09-18,Fri,feriale,Barchessa Padel e Pikleball,barchessa-pickleball,PADEL 1,coperto,14:00,pomeriggio,libero,40 EUR,27 EUR
2026-09-18 12:14,2026-09-18,Fri,feriale,Barchessa Padel e Pikleball,barchessa-pickleball,PADEL  2,coperto,12:30,pranzo,libero,40 EUR,27 EUR
2026-09-18 12:14,2026-09-18,Fri,feriale,Barchessa Padel e Pikleball,barchessa-pickleball,PADEL  2,coperto,13:00,pranzo,libero,40 EUR,27 EUR
2026-09-18 12:14,2026-09-18,Fri,feriale,Barchessa Padel e Pikleball,barchessa-pickleball,PADEL  2,coperto,13:30,pranzo,libero,40 EUR,27 EUR
2026-09-18 12:14,2026-09-18,Fri,feriale,Barchessa Padel e Pikleball,barchessa-pickleball,PADEL  2,coperto,14:00,pomeriggio,libero,40 EUR,27 EUR
2026-09-18 12:14,2026-09-18,Fri,feriale,Barchessa Padel e Pikleball,barchessa-pickleball,PADEL  3,coperto,12:30,pranzo,libero,40 EUR,27 EUR
2026-09-18 12:14,2026-09-18,Fri,feriale,Barchessa Padel e Pikleball,barchessa-pickleball,PADEL  3,coperto,13:00,pranzo,libero,,27 EUR
2026-09-18 12:14,2026-09-18,Fri,feriale,Barchessa Padel e Pikleball,barchessa-pickleball,PADEL  3,coperto,13:30,pranzo,libero,,
2026-09-18 12:14,2026-09-18,Fri,feriale,Barchessa Padel e Pikleball,barchessa-pickleball,PADEL  3,coperto,14:00,pomeriggio,occupato,,
2026-09-18 12:14,2026-09-18,Fri,feriale,SPH - Treviso Sporting,sph-treviso-sporting,Campo 4,coperto,12:30,pranzo,libero,46.66 EUR,31 EUR
2026-09-18 12:14,2026-09-18,Fri,feriale,SPH - Treviso Sporting,sph-treviso-sporting,Campo 4,coperto,13:00,pranzo,libero,50 EUR,34 EUR
2026-09-18 12:14,2026-09-18,Fri,feriale,SPH - Treviso Sporting,sph-treviso-sporting,Campo 4,coperto,13:30,pranzo,libero,50 EUR,34 EUR
2026-09-18 12:14,2026-09-18,Fri,feriale,SPH - Treviso Sporting,sph-treviso-sporting,Campo 4,coperto,14:00,pomeriggio,libero,50 EUR,34 EUR
2026-09-18 12:14,2026-09-18,Fri,feriale,SPH - Treviso Sporting,sph-treviso-sporting,Campo 5,coperto,12:30,pranzo,libero,46.66 EUR,31 EUR
2026-09-18 12:14,2026-09-18,Fri,feriale,SPH - Treviso Sporting,sph-treviso-sporting,Campo 5,coperto,13:00,pranzo,libero,50 EUR,34 EUR
2026-09-18 12:14,2026-09-18,Fri,feriale,SPH - Treviso Sporting,sph-treviso-sporting,Campo 5,coperto,13:30,pranzo,libero,50 EUR,34 EUR
2026-09-18 12:14,2026-09-18,Fri,feriale,SPH - Treviso Sporting,sph-treviso-sporting,Campo 5,coperto,14:00,pomeriggio,libero,50 EUR,34 EUR
2026-09-18 12:14,2026-09-18,Fri,feriale,SPH - Treviso Sporting,sph-treviso-sporting,Campo 6,coperto,12:30,pranzo,libero,46.66 EUR,31 EUR
2026-09-18 12:14,2026-09-18,Fri,feriale,SPH - Treviso Sporting,sph-treviso-sporting,Campo 6,coperto,13:00,pranzo,libero,50 EUR,34 EUR
2026-09-18 12:14,2026-09-18,Fri,feriale,SPH - Treviso Sporting,sph-treviso-sporting,Campo 6,coperto,13:30,pranzo,libero,50 EUR,34 EUR
2026-09-18 12:14,2026-09-18,Fri,feriale,SPH - Treviso Sporting,sph-treviso-sporting,Campo 6,coperto,14:00,pomeriggio,libero,50 EUR,34 EUR
2026-09-18 12:14,2026-09-18,Fri,feriale,SPH - Treviso Sporting,sph-treviso-sporting,Campo 7,coperto,12:30,pranzo,libero,46.66 EUR,31 EUR
2026-09-18 12:14,2026-09-18,Fri,feriale,SPH - Treviso Sporting,sph-treviso-sporting,Campo 7,coperto,13:00,pranzo,libero,50 EUR,34 EUR
2026-09-18 12:14,2026-09-18,Fri,feriale,SPH - Treviso Sporting,sph-treviso-sporting,Campo 7,coperto,13:30,pranzo,libero,,34 EUR
2026-09-18 12:14,2026-09-18,Fri,feriale,SPH - Treviso Sporting,sph-treviso-sporting,Campo 7,coperto,14:00,pomeriggio,libero,,
2026-09-18 12:14,2026-09-18,Fri,feriale,SPH - Treviso Sporting,sph-treviso-sporting,Campo 1,scoperto,12:30,pranzo,libero,40 EUR,28 EUR
2026-09-18 12:14,2026-09-18,Fri,feriale,SPH - Treviso Sporting,sph-treviso-sporting,Campo 1,scoperto,13:00,pranzo,libero,40 EUR,28 EUR
2026-09-18 12:14,2026-09-18,Fri,feriale,SPH - Treviso Sporting,sph-treviso-sporting,Campo 1,scoperto,13:30,pranzo,libero,40 EUR,28 EUR
2026-09-18 12:14,2026-09-18,Fri,feriale,SPH - Treviso Sporting,sph-treviso-sporting,Campo 1,scoperto,14:00,pomeriggio,libero,40 EUR,28 EUR
2026-09-18 12:14,2026-09-18,Fri,feriale,SPH - Treviso Sporting,sph-treviso-sporting,Campo 2,scoperto,12:30,pranzo,libero,40 EUR,28 EUR
2026-09-18 12:14,2026-09-18,Fri,feriale,SPH - Treviso Sporting,sph-treviso-sporting,Campo 2,scoperto,13:00,pranzo,libero,40 EUR,28 EUR
2026-09-18 12:14,2026-09-18,Fri,feriale,SPH - Treviso Sporting,sph-treviso-sporting,Campo 2,scoperto,13:30,pranzo,libero,40 EUR,28 EUR
2026-09-18 12:14,2026-09-18,Fri,feriale,SPH - Treviso Sporting,sph-treviso-sporting,Campo 2,scoperto,14:00,pomeriggio,libero,,28 EUR
2026-09-18 12:14,2026-09-18,Fri,feriale,SPH - Treviso Sporting,sph-treviso-sporting,Campo 3,scoperto,12:30,pranzo,libero,40 EUR,28 EUR
2026-09-18 12:14,2026-09-18,Fri,feriale,SPH - Treviso Sporting,sph-treviso-sporting,Campo 3,scoperto,13:00,pranzo,libero,40 EUR,28 EUR
2026-09-18 12:14,2026-09-18,Fri,feriale,SPH - Treviso Sporting,sph-treviso-sporting,Campo 3,scoperto,13:30,pranzo,libero,,28 EUR
2026-09-18 12:14,2026-09-18,Fri,feriale,SPH - Treviso Sporting,sph-treviso-sporting,Campo 3,scoperto,14:00,pomeriggio,libero,40 EUR,
2026-09-18 12:14,2026-09-18,Fri,feriale,Marina Sporting,marina-sporting,Padel 1,scoperto,12:30,pranzo,occupato,,
2026-09-18 12:14,2026-09-18,Fri,feriale,Marina Sporting,marina-sporting,Padel 1,scoperto,13:00,pranzo,occupato,,
2026-09-18 12:14,2026-09-18,Fri,feriale,Marina Sporting,marina-sporting,Padel 1,scoperto,13:30,pranzo,occupato,,
2026-09-18 12:14,2026-09-18,Fri,feriale,Marina Sporting,marina-sporting,Padel 1,scoperto,14:00,pomeriggio,occupato,,
2026-09-18 12:14,2026-09-18,Fri,feriale,Marina Sporting,marina-sporting,Padel 2,scoperto,12:30,pranzo,occupato,,
2026-09-18 12:14,2026-09-18,Fri,feriale,Marina Sporting,marina-sporting,Padel 2,scoperto,13:00,pranzo,libero,44 EUR,
2026-09-18 12:14,2026-09-18,Fri,feriale,Marina Sporting,marina-sporting,Padel 2,scoperto,13:30,pranzo,libero,,
2026-09-18 12:14,2026-09-18,Fri,feriale,Marina Sporting,marina-sporting,Padel 2,scoperto,14:00,pomeriggio,libero,,
2026-09-18 14:59,2026-09-18,Fri,feriale,Sporting Club Mestre,sporting-club-mestre,Campo Giallo,scoperto,15:00,pomeriggio,libero,33.33 EUR,24 EUR
2026-09-18 14:59,2026-09-18,Fri,feriale,Sporting Club Mestre,sporting-club-mestre,Campo Giallo,scoperto,15:30,pomeriggio,libero,34.67 EUR,24 EUR
2026-09-18 14:59,2026-09-18,Fri,feriale,Sporting Club Mestre,sporting-club-mestre,Campo Giallo,scoperto,16:00,pomeriggio,libero,36 EUR,24 EUR
2026-09-18 14:59,2026-09-18,Fri,feriale,Sporting Club Mestre,sporting-club-mestre,Campo Giallo,scoperto,16:30,pomeriggio,libero,36 EUR,24 EUR
2026-09-18 14:59,2026-09-18,Fri,feriale,Sporting Club Mestre,sporting-club-mestre,Campo Rosso,scoperto,15:00,pomeriggio,occupato,,
2026-09-18 14:59,2026-09-18,Fri,feriale,Sporting Club Mestre,sporting-club-mestre,Campo Rosso,scoperto,15:30,pomeriggio,occupato,,
2026-09-18 14:59,2026-09-18,Fri,feriale,Sporting Club Mestre,sporting-club-mestre,Campo Rosso,scoperto,16:00,pomeriggio,occupato,,
2026-09-18 14:59,2026-09-18,Fri,feriale,Sporting Club Mestre,sporting-club-mestre,Campo Rosso,scoperto,16:30,pomeriggio,occupato,,
2026-09-18 14:59,2026-09-18,Fri,feriale,Sporting Club Mestre,sporting-club-mestre,campo coperto 1,coperto,15:00,pomeriggio,occupato,,
2026-09-18 14:59,2026-09-18,Fri,feriale,Sporting Club Mestre,sporting-club-mestre,campo coperto 1,coperto,15:30,pomeriggio,occupato,,
2026-09-18 14:59,2026-09-18,Fri,feriale,Sporting Club Mestre,sporting-club-mestre,campo coperto 1,coperto,16:00,pomeriggio,occupato,,
2026-09-18 14:59,2026-09-18,Fri,feriale,Sporting Club Mestre,sporting-club-mestre,campo coperto 1,coperto,16:30,pomeriggio,occupato,,
2026-09-18 14:59,2026-09-18,Fri,feriale,Sporting Club Mestre,sporting-club-mestre,campo coperto 2,coperto,15:00,pomeriggio,libero,,
2026-09-18 14:59,2026-09-18,Fri,feriale,Sporting Club Mestre,sporting-club-mestre,campo coperto 2,coperto,15:30,pomeriggio,libero,,
2026-09-18 14:59,2026-09-18,Fri,feriale,Sporting Club Mestre,sporting-club-mestre,campo coperto 2,coperto,16:00,pomeriggio,libero,40 EUR,
2026-09-18 14:59,2026-09-18,Fri,feriale,Sporting Club Mestre,sporting-club-mestre,campo coperto 2,coperto,16:30,pomeriggio,libero,,
2026-09-18 14:59,2026-09-18,Fri,feriale,Padel by FitUP di Zero Branco,padel-by-fitup-di-zero-branco,Padel by FitUP 1,coperto,15:00,pomeriggio,libero,40 EUR,
2026-09-18 14:59,2026-09-18,Fri,feriale,Padel by FitUP di Zero Branco,padel-by-fitup-di-zero-branco,Padel by FitUP 1,coperto,15:30,pomeriggio,libero,40 EUR,
2026-09-18 14:59,2026-09-18,Fri,feriale,Padel by FitUP di Zero Branco,padel-by-fitup-di-zero-branco,Padel by FitUP 1,coperto,16:00,pomeriggio,libero,40 EUR,
2026-09-18 14:59,2026-09-18,Fri,feriale,Padel by FitUP di Zero Branco,padel-by-fitup-di-zero-branco,Padel by FitUP 1,coperto,16:30,pomeriggio,libero,40 EUR,
2026-09-18 14:59,2026-09-18,Fri,feriale,Aquafit Padel,aquafit-padel,Padel 1,scoperto,15:00,pomeriggio,libero,,
2026-09-18 14:59,2026-09-18,Fri,feriale,Aquafit Padel,aquafit-padel,Padel 1,scoperto,15:30,pomeriggio,libero,,
2026-09-18 14:59,2026-09-18,Fri,feriale,Aquafit Padel,aquafit-padel,Padel 1,scoperto,16:00,pomeriggio,occupato,,
2026-09-18 14:59,2026-09-18,Fri,feriale,Aquafit Padel,aquafit-padel,Padel 1,scoperto,16:30,pomeriggio,occupato,,
2026-09-18 14:59,2026-09-18,Fri,feriale,Aquafit Padel,aquafit-padel,Padel 2,scoperto,15:00,pomeriggio,libero,40 EUR,
2026-09-18 14:59,2026-09-18,Fri,feriale,Aquafit Padel,aquafit-padel,Padel 2,scoperto,15:30,pomeriggio,libero,40 EUR,
2026-09-18 14:59,2026-09-18,Fri,feriale,Aquafit Padel,aquafit-padel,Padel 2,scoperto,16:00,pomeriggio,libero,,
2026-09-18 14:59,2026-09-18,Fri,feriale,Aquafit Padel,aquafit-padel,Padel 2,scoperto,16:30,pomeriggio,libero,,
2026-09-18 14:59,2026-09-18,Fri,feriale,SPH - Venezia,sph-venezia,Campo 1,coperto,15:00,pomeriggio,occupato,,
2026-09-18 14:59,2026-09-18,Fri,feriale,SPH - Venezia,sph-venezia,Campo 1,coperto,15:30,pomeriggio,occupato,,
2026-09-18 14:59,2026-09-18,Fri,feriale,SPH - Venezia,sph-venezia,Campo 1,coperto,16:00,pomeriggio,occupato,,
2026-09-18 14:59,2026-09-18,Fri,feriale,SPH - Venezia,sph-venezia,Campo 1,coperto,16:30,pomeriggio,occupato,,
2026-09-18 14:59,2026-09-18,Fri,feriale,SPH - Venezia,sph-venezia,Campo 2,coperto,15:00,pomeriggio,occupato,,
2026-09-18 14:59,2026-09-18,Fri,feriale,SPH - Venezia,sph-venezia,Campo 2,coperto,15:30,pomeriggio,occupato,,
2026-09-18 14:59,2026-09-18,Fri,feriale,SPH - Venezia,sph-venezia,Campo 2,coperto,16:00,pomeriggio,occupato,,
2026-09-18 14:59,2026-09-18,Fri,feriale,SPH - Venezia,sph-venezia,Campo 2,coperto,16:30,pomeriggio,occupato,,
2026-09-18 14:59,2026-09-18,Fri,feriale,SPH - Venezia,sph-venezia,Campo 3,coperto,15:00,pomeriggio,libero,48 EUR,
2026-09-18 14:59,2026-09-18,Fri,feriale,SPH - Venezia,sph-venezia,Campo 3,coperto,15:30,pomeriggio,libero,,32 EUR
2026-09-18 14:59,2026-09-18,Fri,feriale,SPH - Venezia,sph-venezia,Campo 3,coperto,16:00,pomeriggio,libero,,
2026-09-18 14:59,2026-09-18,Fri,feriale,SPH - Venezia,sph-venezia,Campo 3,coperto,16:30,pomeriggio,occupato,,
2026-09-18 14:59,2026-09-18,Fri,feriale,SPH - Venezia,sph-venezia,Campo 4 | B3 Capital,coperto,15:00,pomeriggio,occupato,,
2026-09-18 14:59,2026-09-18,Fri,feriale,SPH - Venezia,sph-venezia,Campo 4 | B3 Capital,coperto,15:30,pomeriggio,occupato,,
2026-09-18 14:59,2026-09-18,Fri,feriale,SPH - Venezia,sph-venezia,Campo 4 | B3 Capital,coperto,16:00,pomeriggio,occupato,,
2026-09-18 14:59,2026-09-18,Fri,feriale,SPH - Venezia,sph-venezia,Campo 4 | B3 Capital,coperto,16:30,pomeriggio,occupato,,
2026-09-18 14:59,2026-09-18,Fri,feriale,SPH - Venezia,sph-venezia,Campo 5 | Bassetto Impianti,coperto,15:00,pomeriggio,libero,,32 EUR
2026-09-18 14:59,2026-09-18,Fri,feriale,SPH - Venezia,sph-venezia,Campo 5 | Bassetto Impianti,coperto,15:30,pomeriggio,libero,,
2026-09-18 14:59,2026-09-18,Fri,feriale,SPH - Venezia,sph-venezia,Campo 5 | Bassetto Impianti,coperto,16:00,pomeriggio,occupato,,
2026-09-18 14:59,2026-09-18,Fri,feriale,SPH - Venezia,sph-venezia,Campo 5 | Bassetto Impianti,coperto,16:30,pomeriggio,occupato,,
2026-09-18 16:00,2026-09-18,Fri,feriale,Sporting Club Mestre,sporting-club-mestre,Campo Giallo,scoperto,16:30,pomeriggio,libero,36 EUR,24 EUR
2026-09-18 16:00,2026-09-18,Fri,feriale,Sporting Club Mestre,sporting-club-mestre,Campo Giallo,scoperto,17:00,pomeriggio,libero,36 EUR,24 EUR
2026-09-18 16:00,2026-09-18,Fri,feriale,Sporting Club Mestre,sporting-club-mestre,Campo Giallo,scoperto,17:30,pomeriggio,libero,36 EUR,24 EUR
2026-09-18 16:00,2026-09-18,Fri,feriale,Sporting Club Mestre,sporting-club-mestre,Campo Giallo,scoperto,18:00,sera,libero,36 EUR,24 EUR
2026-09-18 16:00,2026-09-18,Fri,feriale,Sporting Club Mestre,sporting-club-mestre,Campo Rosso,scoperto,16:30,pomeriggio,occupato,,
2026-09-18 16:00,2026-09-18,Fri,feriale,Sporting Club Mestre,sporting-club-mestre,Campo Rosso,scoperto,17:00,pomeriggio,occupato,,
2026-09-18 16:00,2026-09-18,Fri,feriale,Sporting Club Mestre,sporting-club-mestre,Campo Rosso,scoperto,17:30,pomeriggio,occupato,,
2026-09-18 16:00,2026-09-18,Fri,feriale,Sporting Club Mestre,sporting-club-mestre,Campo Rosso,scoperto,18:00,sera,occupato,,
2026-09-18 16:00,2026-09-18,Fri,feriale,Sporting Club Mestre,sporting-club-mestre,campo coperto 1,coperto,16:30,pomeriggio,occupato,,
2026-09-18 16:00,2026-09-18,Fri,feriale,Sporting Club Mestre,sporting-club-mestre,campo coperto 1,coperto,17:00,pomeriggio,occupato,,
2026-09-18 16:00,2026-09-18,Fri,feriale,Sporting Club Mestre,sporting-club-mestre,campo coperto 1,coperto,17:30,pomeriggio,occupato,,
2026-09-18 16:00,2026-09-18,Fri,feriale,Sporting Club Mestre,sporting-club-mestre,campo coperto 1,coperto,18:00,sera,occupato,,
2026-09-18 16:00,2026-09-18,Fri,feriale,Sporting Club Mestre,sporting-club-mestre,campo coperto 2,coperto,16:30,pomeriggio,libero,,
2026-09-18 16:00,2026-09-18,Fri,feriale,Sporting Club Mestre,sporting-club-mestre,campo coperto 2,coperto,17:00,pomeriggio,libero,,
2026-09-18 16:00,2026-09-18,Fri,feriale,Sporting Club Mestre,sporting-club-mestre,campo coperto 2,coperto,17:30,pomeriggio,libero,40 EUR,
2026-09-18 16:00,2026-09-18,Fri,feriale,Sporting Club Mestre,sporting-club-mestre,campo coperto 2,coperto,18:00,sera,libero,,
2026-09-18 16:00,2026-09-18,Fri,feriale,Padel by FitUP di Zero Branco,padel-by-fitup-di-zero-branco,Padel by FitUP 1,coperto,16:30,pomeriggio,libero,40 EUR,
2026-09-18 16:00,2026-09-18,Fri,feriale,Padel by FitUP di Zero Branco,padel-by-fitup-di-zero-branco,Padel by FitUP 1,coperto,17:00,pomeriggio,libero,40 EUR,
2026-09-18 16:00,2026-09-18,Fri,feriale,Padel by FitUP di Zero Branco,padel-by-fitup-di-zero-branco,Padel by FitUP 1,coperto,17:30,pomeriggio,libero,,
2026-09-18 16:00,2026-09-18,Fri,feriale,Padel by FitUP di Zero Branco,padel-by-fitup-di-zero-branco,Padel by FitUP 1,coperto,18:00,sera,libero,,
2026-09-18 18:00,2026-09-18,Fri,feriale,Sporting Club Mestre,sporting-club-mestre,Campo Giallo,scoperto,18:30,sera,libero,36 EUR,24 EUR
2026-09-18 18:00,2026-09-18,Fri,feriale,Sporting Club Mestre,sporting-club-mestre,Campo Giallo,scoperto,19:00,sera,libero,,24 EUR
2026-09-18 18:00,2026-09-18,Fri,feriale,Sporting Club Mestre,sporting-club-mestre,Campo Giallo,scoperto,19:30,sera,libero,36 EUR,
2026-09-18 18:00,2026-09-18,Fri,feriale,Sporting Club Mestre,sporting-club-mestre,Campo Giallo,scoperto,20:00,sera,libero,,24 EUR
2026-09-18 18:00,2026-09-18,Fri,feriale,Sporting Club Mestre,sporting-club-mestre,Campo Rosso,scoperto,18:30,sera,occupato,,
2026-09-18 18:00,2026-09-18,Fri,feriale,Sporting Club Mestre,sporting-club-mestre,Campo Rosso,scoperto,19:00,sera,occupato,,
2026-09-18 18:00,2026-09-18,Fri,feriale,Sporting Club Mestre,sporting-club-mestre,Campo Rosso,scoperto,19:30,sera,occupato,,
2026-09-18 18:00,2026-09-18,Fri,feriale,Sporting Club Mestre,sporting-club-mestre,Campo Rosso,scoperto,20:00,sera,occupato,,
2026-09-18 18:00,2026-09-18,Fri,feriale,Sporting Club Mestre,sporting-club-mestre,campo coperto 1,coperto,18:30,sera,occupato,,
2026-09-18 18:00,2026-09-18,Fri,feriale,Sporting Club Mestre,sporting-club-mestre,campo coperto 1,coperto,19:00,sera,occupato,,
2026-09-18 18:00,2026-09-18,Fri,feriale,Sporting Club Mestre,sporting-club-mestre,campo coperto 1,coperto,19:30,sera,occupato,,
2026-09-18 18:00,2026-09-18,Fri,feriale,Sporting Club Mestre,sporting-club-mestre,campo coperto 1,coperto,20:00,sera,occupato,,
2026-09-18 18:00,2026-09-18,Fri,feriale,Sporting Club Mestre,sporting-club-mestre,campo coperto 2,coperto,18:30,sera,libero,,
2026-09-18 18:00,2026-09-18,Fri,feriale,Sporting Club Mestre,sporting-club-mestre,campo coperto 2,coperto,19:00,sera,libero,40 EUR,
2026-09-18 18:00,2026-09-18,Fri,feriale,Sporting Club Mestre,sporting-club-mestre,campo coperto 2,coperto,19:30,sera,libero,,
2026-09-18 18:00,2026-09-18,Fri,feriale,Sporting Club Mestre,sporting-club-mestre,campo coperto 2,coperto,20:00,sera,libero,,
2026-09-18 18:00,2026-09-18,Fri,feriale,Padel by FitUP di Zero Branco,padel-by-fitup-di-zero-branco,Padel by FitUP 1,coperto,18:30,sera,occupato,,
2026-09-18 18:00,2026-09-18,Fri,feriale,Padel by FitUP di Zero Branco,padel-by-fitup-di-zero-branco,Padel by FitUP 1,coperto,19:00,sera,occupato,,
2026-09-18 18:00,2026-09-18,Fri,feriale,Padel by FitUP di Zero Branco,padel-by-fitup-di-zero-branco,Padel by FitUP 1,coperto,19:30,sera,occupato,,
2026-09-18 18:00,2026-09-18,Fri,feriale,Padel by FitUP di Zero Branco,padel-by-fitup-di-zero-branco,Padel by FitUP 1,coperto,20:00,sera,occupato,,
2026-09-18 18:00,2026-09-18,Fri,feriale,Aquafit Padel,aquafit-padel,Padel 1,scoperto,18:30,sera,libero,40 EUR,
2026-09-18 18:00,2026-09-18,Fri,feriale,Aquafit Padel,aquafit-padel,Padel 1,scoperto,19:00,sera,libero,40 EUR,
2026-09-18 18:00,2026-09-18,Fri,feriale,Aquafit Padel,aquafit-padel,Padel 1,scoperto,19:30,sera,libero,40 EUR,
2026-09-18 18:00,2026-09-18,Fri,feriale,Aquafit Padel,aquafit-padel,Padel 1,scoperto,20:00,sera,libero,40 EUR,
2026-09-18 18:00,2026-09-18,Fri,feriale,Aquafit Padel,aquafit-padel,Padel 2,scoperto,18:30,sera,libero,40 EUR,
2026-09-18 18:00,2026-09-18,Fri,feriale,Aquafit Padel,aquafit-padel,Padel 2,scoperto,19:00,sera,libero,40 EUR,
2026-09-18 18:00,2026-09-18,Fri,feriale,Aquafit Padel,aquafit-padel,Padel 2,scoperto,19:30,sera,libero,40 EUR,
2026-09-18 18:00,2026-09-18,Fri,feriale,Aquafit Padel,aquafit-padel,Padel 2,scoperto,20:00,sera,libero,40 EUR,
2026-09-18 18:00,2026-09-18,Fri,feriale,SPH - Venezia,sph-venezia,Campo 1,coperto,18:30,sera,occupato,,
2026-09-18 18:00,2026-09-18,Fri,feriale,SPH - Venezia,sph-venezia,Campo 1,coperto,19:00,sera,occupato,,
2026-09-18 18:00,2026-09-18,Fri,feriale,SPH - Venezia,sph-venezia,Campo 1,coperto,19:30,sera,occupato,,
2026-09-18 18:00,2026-09-18,Fri,feriale,SPH - Venezia,sph-venezia,Campo 1,coperto,20:00,sera,occupato,,
2026-09-18 18:00,2026-09-18,Fri,feriale,SPH - Venezia,sph-venezia,Campo 2,coperto,18:30,sera,libero,60 EUR,
2026-09-18 18:00,2026-09-18,Fri,feriale,SPH - Venezia,sph-venezia,Campo 2,coperto,19:00,sera,libero,60 EUR,
2026-09-18 18:00,2026-09-18,Fri,feriale,SPH - Venezia,sph-venezia,Campo 2,coperto,19:30,sera,libero,,
2026-09-18 18:00,2026-09-18,Fri,feriale,SPH - Venezia,sph-venezia,Campo 2,coperto,20:00,sera,libero,60 EUR,
2026-09-18 18:00,2026-09-18,Fri,feriale,SPH - Venezia,sph-venezia,Campo 3,coperto,18:30,sera,libero,,
2026-09-18 18:00,2026-09-18,Fri,feriale,SPH - Venezia,sph-venezia,Campo 3,coperto,19:00,sera,libero,,
2026-09-18 18:00,2026-09-18,Fri,feriale,SPH - Venezia,sph-venezia,Campo 3,coperto,19:30,sera,occupato,,
2026-09-18 18:00,2026-09-18,Fri,feriale,SPH - Venezia,sph-venezia,Campo 3,coperto,20:00,sera,libero,60 EUR,
2026-09-18 18:00,2026-09-18,Fri,feriale,SPH - Venezia,sph-venezia,Campo 4 | B3 Capital,coperto,18:30,sera,occupato,,
2026-09-18 18:00,2026-09-18,Fri,feriale,SPH - Venezia,sph-venezia,Campo 4 | B3 Capital,coperto,19:00,sera,libero,48 EUR,32 EUR
2026-09-18 18:00,2026-09-18,Fri,feriale,SPH - Venezia,sph-venezia,Campo 4 | B3 Capital,coperto,19:30,sera,libero,,
2026-09-18 18:00,2026-09-18,Fri,feriale,SPH - Venezia,sph-venezia,Campo 4 | B3 Capital,coperto,20:00,sera,libero,52 EUR,
2026-09-18 18:00,2026-09-18,Fri,feriale,SPH - Venezia,sph-venezia,Campo 5 | Bassetto Impianti,coperto,18:30,sera,libero,,
2026-09-18 18:00,2026-09-18,Fri,feriale,SPH - Venezia,sph-venezia,Campo 5 | Bassetto Impianti,coperto,19:00,sera,libero,60 EUR,
2026-09-18 18:00,2026-09-18,Fri,feriale,SPH - Venezia,sph-venezia,Campo 5 | Bassetto Impianti,coperto,19:30,sera,libero,,
2026-09-18 18:00,2026-09-18,Fri,feriale,SPH - Venezia,sph-venezia,Campo 5 | Bassetto Impianti,coperto,20:00,sera,libero,60 EUR,
2026-09-18 18:00,2026-09-18,Fri,feriale,Padel Treviso,padel-treviso,1 Esterno,scoperto,18:30,sera,occupato,,
2026-09-18 18:00,2026-09-18,Fri,feriale,Padel Treviso,padel-treviso,1 Esterno,scoperto,19:00,sera,libero,40 EUR,
2026-09-18 18:00,2026-09-18,Fri,feriale,Padel Treviso,padel-treviso,1 Esterno,scoperto,19:30,sera,libero,,
2026-09-18 18:00,2026-09-18,Fri,feriale,Padel Treviso,padel-treviso,1 Esterno,scoperto,20:00,sera,libero,,
2026-09-18 18:00,2026-09-18,Fri,feriale,Padel Treviso,padel-treviso,2 Esterno,scoperto,18:30,sera,libero,40 EUR,
2026-09-18 18:00,2026-09-18,Fri,feriale,Padel Treviso,padel-treviso,2 Esterno,scoperto,19:00,sera,libero,,
2026-09-18 18:00,2026-09-18,Fri,feriale,Padel Treviso,padel-treviso,2 Esterno,scoperto,19:30,sera,libero,,
2026-09-18 18:00,2026-09-18,Fri,feriale,Padel Treviso,padel-treviso,2 Esterno,scoperto,20:00,sera,libero,40 EUR,
2026-09-18 18:00,2026-09-18,Fri,feriale,Padel Treviso,padel-treviso,3 COPERTO,coperto,18:30,sera,occupato,,
2026-09-18 18:00,2026-09-18,Fri,feriale,Padel Treviso,padel-treviso,3 COPERTO,coperto,19:00,sera,occupato,,
2026-09-18 18:00,2026-09-18,Fri,feriale,Padel Treviso,padel-treviso,3 COPERTO,coperto,19:30,sera,libero,56 EUR,
2026-09-18 18:00,2026-09-18,Fri,feriale,Padel Treviso,padel-treviso,3 COPERTO,coperto,20:00,sera,libero,56 EUR,
2026-09-18 18:00,2026-09-18,Fri,feriale,Padel Treviso,padel-treviso,4 COPERTO,coperto,18:30,sera,occupato,,
2026-09-18 18:00,2026-09-18,Fri,feriale,Padel Treviso,padel-treviso,4 COPERTO,coperto,19:00,sera,occupato,,
2026-09-18 18:00,2026-09-18,Fri,feriale,Padel Treviso,padel-treviso,4 COPERTO,coperto,19:30,sera,libero,56 EUR,
2026-09-18 18:00,2026-09-18,Fri,feriale,Padel Treviso,padel-treviso,4 COPERTO,coperto,20:00,sera,libero,56 EUR,
2026-09-18 18:00,2026-09-18,Fri,feriale,Padel Treviso,padel-treviso,Kuikma Indoor,coperto,18:30,sera,occupato,,
2026-09-18 18:00,2026-09-18,Fri,feriale,Padel Treviso,padel-treviso,Kuikma Indoor,coperto,19:00,sera,occupato,,
2026-09-18 18:00,2026-09-18,Fri,feriale,Padel Treviso,padel-treviso,Kuikma Indoor,coperto,19:30,sera,occupato,,
2026-09-18 18:00,2026-09-18,Fri,feriale,Padel Treviso,padel-treviso,Kuikma Indoor,coperto,20:00,sera,occupato,,
2026-09-18 18:00,2026-09-18,Fri,feriale,Padel Treviso,padel-treviso,6 Indoor,coperto,18:30,sera,libero,,
2026-09-18 18:00,2026-09-18,Fri,feriale,Padel Treviso,padel-treviso,6 Indoor,coperto,19:00,sera,libero,,
2026-09-18 18:00,2026-09-18,Fri,feriale,Padel Treviso,padel-treviso,6 Indoor,coperto,19:30,sera,occupato,,
2026-09-18 18:00,2026-09-18,Fri,feriale,Padel Treviso,padel-treviso,6 Indoor,coperto,20:00,sera,occupato,,
2026-09-18 18:00,2026-09-18,Fri,feriale,Padel Treviso,padel-treviso,My Gym City Indoor,coperto,18:30,sera,libero,,
2026-09-18 18:00,2026-09-18,Fri,feriale,Padel Treviso,padel-treviso,My Gym City Indoor,coperto,19:00,sera,libero,,
2026-09-18 18:00,2026-09-18,Fri,feriale,Padel Treviso,padel-treviso,My Gym City Indoor,coperto,19:30,sera,libero,56 EUR,
2026-09-18 18:00,2026-09-18,Fri,feriale,Padel Treviso,padel-treviso,My Gym City Indoor,coperto,20:00,sera,libero,,
2026-09-18 18:00,2026-09-18,Fri,feriale,Padel Treviso,padel-treviso,8 Esterno,scoperto,18:30,sera,libero,,
2026-09-18 18:00,2026-09-18,Fri,feriale,Padel Treviso,padel-treviso,8 Esterno,scoperto,19:00,sera,libero,,
2026-09-18 18:00,2026-09-18,Fri,feriale,Padel Treviso,padel-treviso,8 Esterno,scoperto,19:30,sera,libero,40 EUR,
2026-09-18 18:00,2026-09-18,Fri,feriale,Padel Treviso,padel-treviso,8 Esterno,scoperto,20:00,sera,libero,,
2026-09-18 18:00,2026-09-18,Fri,feriale,Padel Treviso,padel-treviso,9 Gioielleria Minotto Istrana,coperto,18:30,sera,libero,,
2026-09-18 18:00,2026-09-18,Fri,feriale,Padel Treviso,padel-treviso,9 Gioielleria Minotto Istrana,coperto,19:00,sera,occupato,,
2026-09-18 18:00,2026-09-18,Fri,feriale,Padel Treviso,padel-treviso,9 Gioielleria Minotto Istrana,coperto,19:30,sera,occupato,,
2026-09-18 18:00,2026-09-18,Fri,feriale,Padel Treviso,padel-treviso,9 Gioielleria Minotto Istrana,coperto,20:00,sera,occupato,,
2026-09-18 18:00,2026-09-18,Fri,feriale,Padel Treviso,padel-treviso,10 Gioielleria Minotto Istrana,coperto,18:30,sera,occupato,,
2026-09-18 18:00,2026-09-18,Fri,feriale,Padel Treviso,padel-treviso,10 Gioielleria Minotto Istrana,coperto,19:00,sera,occupato,,
2026-09-18 18:00,2026-09-18,Fri,feriale,Padel Treviso,padel-treviso,10 Gioielleria Minotto Istrana,coperto,19:30,sera,occupato,,
2026-09-18 18:00,2026-09-18,Fri,feriale,Padel Treviso,padel-treviso,10 Gioielleria Minotto Istrana,coperto,20:00,sera,occupato,,
2026-09-18 18:00,2026-09-18,Fri,feriale,Padel Treviso,padel-treviso,Singolo A Esterno,scoperto,18:30,sera,occupato,,
2026-09-18 18:00,2026-09-18,Fri,feriale,Padel Treviso,padel-treviso,Singolo A Esterno,scoperto,19:00,sera,occupato,,
2026-09-18 18:00,2026-09-18,Fri,feriale,Padel Treviso,padel-treviso,Singolo A Esterno,scoperto,19:30,sera,libero,,20 EUR
2026-09-18 18:00,2026-09-18,Fri,feriale,Padel Treviso,padel-treviso,Singolo A Esterno,scoperto,20:00,sera,libero,,
2026-09-18 18:00,2026-09-18,Fri,feriale,Padel Treviso,padel-treviso,Singolo B Esterno,scoperto,18:30,sera,occupato,,
2026-09-18 18:00,2026-09-18,Fri,feriale,Padel Treviso,padel-treviso,Singolo B Esterno,scoperto,19:00,sera,libero,24 EUR,
2026-09-18 18:00,2026-09-18,Fri,feriale,Padel Treviso,padel-treviso,Singolo B Esterno,scoperto,19:30,sera,libero,,
2026-09-18 18:00,2026-09-18,Fri,feriale,Padel Treviso,padel-treviso,Singolo B Esterno,scoperto,20:00,sera,libero,,
2026-09-18 18:00,2026-09-18,Fri,feriale,Altino Sport Village,altino-sport-village,Padel 1,coperto,18:30,sera,libero,,
2026-09-18 18:00,2026-09-18,Fri,feriale,Altino Sport Village,altino-sport-village,Padel 1,coperto,19:00,sera,libero,,40 EUR
2026-09-18 18:00,2026-09-18,Fri,feriale,Altino Sport Village,altino-sport-village,Padel 1,coperto,19:30,sera,libero,50 EUR,
2026-09-18 18:00,2026-09-18,Fri,feriale,Altino Sport Village,altino-sport-village,Padel 1,coperto,20:00,sera,libero,,40 EUR
2026-09-18 18:00,2026-09-18,Fri,feriale,Altino Sport Village,altino-sport-village,Padel 2,coperto,18:30,sera,occupato,,
2026-09-18 18:00,2026-09-18,Fri,feriale,Altino Sport Village,altino-sport-village,Padel 2,coperto,19:00,sera,occupato,,
2026-09-18 18:00,2026-09-18,Fri,feriale,Altino Sport Village,altino-sport-village,Padel 2,coperto,19:30,sera,libero,50 EUR,
2026-09-18 18:00,2026-09-18,Fri,feriale,Altino Sport Village,altino-sport-village,Padel 2,coperto,20:00,sera,libero,,
2026-09-18 18:00,2026-09-18,Fri,feriale,Barchessa Padel e Pikleball,barchessa-pickleball,PADEL 1,coperto,18:30,sera,occupato,,
2026-09-18 18:00,2026-09-18,Fri,feriale,Barchessa Padel e Pikleball,barchessa-pickleball,PADEL 1,coperto,19:00,sera,occupato,,
2026-09-18 18:00,2026-09-18,Fri,feriale,Barchessa Padel e Pikleball,barchessa-pickleball,PADEL 1,coperto,19:30,sera,occupato,,
2026-09-18 18:00,2026-09-18,Fri,feriale,Barchessa Padel e Pikleball,barchessa-pickleball,PADEL 1,coperto,20:00,sera,occupato,,
2026-09-18 18:00,2026-09-18,Fri,feriale,Barchessa Padel e Pikleball,barchessa-pickleball,PADEL  2,coperto,18:30,sera,occupato,,
2026-09-18 18:00,2026-09-18,Fri,feriale,Barchessa Padel e Pikleball,barchessa-pickleball,PADEL  2,coperto,19:00,sera,occupato,,
2026-09-18 18:00,2026-09-18,Fri,feriale,Barchessa Padel e Pikleball,barchessa-pickleball,PADEL  2,coperto,19:30,sera,occupato,,
2026-09-18 18:00,2026-09-18,Fri,feriale,Barchessa Padel e Pikleball,barchessa-pickleball,PADEL  2,coperto,20:00,sera,occupato,,
2026-09-18 18:00,2026-09-18,Fri,feriale,Barchessa Padel e Pikleball,barchessa-pickleball,PADEL  3,coperto,18:30,sera,occupato,,
2026-09-18 18:00,2026-09-18,Fri,feriale,Barchessa Padel e Pikleball,barchessa-pickleball,PADEL  3,coperto,19:00,sera,occupato,,
2026-09-18 18:00,2026-09-18,Fri,feriale,Barchessa Padel e Pikleball,barchessa-pickleball,PADEL  3,coperto,19:30,sera,occupato,,
2026-09-18 18:00,2026-09-18,Fri,feriale,Barchessa Padel e Pikleball,barchessa-pickleball,PADEL  3,coperto,20:00,sera,occupato,,
2026-09-18 18:00,2026-09-18,Fri,feriale,H-FARM CAMPUS,h-farm-campus,Padel 1,scoperto,18:30,sera,libero,85 EUR,
2026-09-18 18:00,2026-09-18,Fri,feriale,H-FARM CAMPUS,h-farm-campus,Padel 1,scoperto,19:00,sera,libero,,
2026-09-18 18:00,2026-09-18,Fri,feriale,H-FARM CAMPUS,h-farm-campus,Padel 1,scoperto,19:30,sera,libero,,
2026-09-18 18:00,2026-09-18,Fri,feriale,H-FARM CAMPUS,h-farm-campus,Padel 1,scoperto,20:00,sera,occupato,,
2026-09-18 18:00,2026-09-18,Fri,feriale,H-FARM CAMPUS,h-farm-campus,Padel 2,scoperto,18:30,sera,libero,85 EUR,
2026-09-18 18:00,2026-09-18,Fri,feriale,H-FARM CAMPUS,h-farm-campus,Padel 2,scoperto,19:00,sera,libero,,
2026-09-18 18:00,2026-09-18,Fri,feriale,H-FARM CAMPUS,h-farm-campus,Padel 2,scoperto,19:30,sera,libero,,
2026-09-18 18:00,2026-09-18,Fri,feriale,H-FARM CAMPUS,h-farm-campus,Padel 2,scoperto,20:00,sera,occupato,,
2026-09-18 18:00,2026-09-18,Fri,feriale,SPH - Treviso Sporting,sph-treviso-sporting,Campo 4,coperto,18:30,sera,occupato,,
2026-09-18 18:00,2026-09-18,Fri,feriale,SPH - Treviso Sporting,sph-treviso-sporting,Campo 4,coperto,19:00,sera,libero,50 EUR,
2026-09-18 18:00,2026-09-18,Fri,feriale,SPH - Treviso Sporting,sph-treviso-sporting,Campo 4,coperto,19:30,sera,libero,,
2026-09-18 18:00,2026-09-18,Fri,feriale,SPH - Treviso Sporting,sph-treviso-sporting,Campo 4,coperto,20:00,sera,libero,,
2026-09-18 18:00,2026-09-18,Fri,feriale,SPH - Treviso Sporting,sph-treviso-sporting,Campo 5,coperto,18:30,sera,occupato,,
2026-09-18 18:00,2026-09-18,Fri,feriale,SPH - Treviso Sporting,sph-treviso-sporting,Campo 5,coperto,19:00,sera,occupato,,
2026-09-18 18:00,2026-09-18,Fri,feriale,SPH - Treviso Sporting,sph-treviso-sporting,Campo 5,coperto,19:30,sera,occupato,,
2026-09-18 18:00,2026-09-18,Fri,feriale,SPH - Treviso Sporting,sph-treviso-sporting,Campo 5,coperto,20:00,sera,occupato,,
2026-09-18 18:00,2026-09-18,Fri,feriale,SPH - Treviso Sporting,sph-treviso-sporting,Campo 6,coperto,18:30,sera,occupato,,
2026-09-18 18:00,2026-09-18,Fri,feriale,SPH - Treviso Sporting,sph-treviso-sporting,Campo 6,coperto,19:00,sera,occupato,,
2026-09-18 18:00,2026-09-18,Fri,feriale,SPH - Treviso Sporting,sph-treviso-sporting,Campo 6,coperto,19:30,sera,occupato,,
2026-09-18 18:00,2026-09-18,Fri,feriale,SPH - Treviso Sporting,sph-treviso-sporting,Campo 6,coperto,20:00,sera,occupato,,
2026-09-18 18:00,2026-09-18,Fri,feriale,SPH - Treviso Sporting,sph-treviso-sporting,Campo 7,coperto,18:30,sera,occupato,,
2026-09-18 18:00,2026-09-18,Fri,feriale,SPH - Treviso Sporting,sph-treviso-sporting,Campo 7,coperto,19:00,sera,occupato,,
2026-09-18 18:00,2026-09-18,Fri,feriale,SPH - Treviso Sporting,sph-treviso-sporting,Campo 7,coperto,19:30,sera,occupato,,
2026-09-18 18:00,2026-09-18,Fri,feriale,SPH - Treviso Sporting,sph-treviso-sporting,Campo 7,coperto,20:00,sera,occupato,,
2026-09-18 18:00,2026-09-18,Fri,feriale,SPH - Treviso Sporting,sph-treviso-sporting,Campo 1,scoperto,18:30,sera,libero,,
2026-09-18 18:00,2026-09-18,Fri,feriale,SPH - Treviso Sporting,sph-treviso-sporting,Campo 1,scoperto,19:00,sera,libero,48 EUR,
2026-09-18 18:00,2026-09-18,Fri,feriale,SPH - Treviso Sporting,sph-treviso-sporting,Campo 1,scoperto,19:30,sera,libero,,
2026-09-18 18:00,2026-09-18,Fri,feriale,SPH - Treviso Sporting,sph-treviso-sporting,Campo 1,scoperto,20:00,sera,libero,,
2026-09-18 18:00,2026-09-18,Fri,feriale,SPH - Treviso Sporting,sph-treviso-sporting,Campo 2,scoperto,18:30,sera,libero,,
2026-09-18 18:00,2026-09-18,Fri,feriale,SPH - Treviso Sporting,sph-treviso-sporting,Campo 2,scoperto,19:00,sera,libero,48 EUR,
2026-09-18 18:00,2026-09-18,Fri,feriale,SPH - Treviso Sporting,sph-treviso-sporting,Campo 2,scoperto,19:30,sera,libero,,
2026-09-18 18:00,2026-09-18,Fri,feriale,SPH - Treviso Sporting,sph-treviso-sporting,Campo 2,scoperto,20:00,sera,libero,,
2026-09-18 18:00,2026-09-18,Fri,feriale,SPH - Treviso Sporting,sph-treviso-sporting,Campo 3,scoperto,18:30,sera,libero,48 EUR,
2026-09-18 18:00,2026-09-18,Fri,feriale,SPH - Treviso Sporting,sph-treviso-sporting,Campo 3,scoperto,19:00,sera,libero,,
2026-09-18 18:00,2026-09-18,Fri,feriale,SPH - Treviso Sporting,sph-treviso-sporting,Campo 3,scoperto,19:30,sera,libero,,
2026-09-18 18:00,2026-09-18,Fri,feriale,SPH - Treviso Sporting,sph-treviso-sporting,Campo 3,scoperto,20:00,sera,occupato,,
2026-09-18 18:00,2026-09-18,Fri,feriale,Marina Sporting,marina-sporting,Padel 1,scoperto,18:30,sera,libero,,
2026-09-18 18:00,2026-09-18,Fri,feriale,Marina Sporting,marina-sporting,Padel 1,scoperto,19:00,sera,occupato,,
2026-09-18 18:00,2026-09-18,Fri,feriale,Marina Sporting,marina-sporting,Padel 1,scoperto,19:30,sera,occupato,,
2026-09-18 18:00,2026-09-18,Fri,feriale,Marina Sporting,marina-sporting,Padel 1,scoperto,20:00,sera,occupato,,
2026-09-18 18:00,2026-09-18,Fri,feriale,Marina Sporting,marina-sporting,Padel 2,scoperto,18:30,sera,libero,,
2026-09-18 18:00,2026-09-18,Fri,feriale,Marina Sporting,marina-sporting,Padel 2,scoperto,19:00,sera,occupato,,
2026-09-18 18:00,2026-09-18,Fri,feriale,Marina Sporting,marina-sporting,Padel 2,scoperto,19:30,sera,occupato,,
2026-09-18 18:00,2026-09-18,Fri,feriale,Marina Sporting,marina-sporting,Padel 2,scoperto,20:00,sera,occupato,,
2026-09-18 21:54,2026-09-18,Fri,feriale,Sporting Club Mestre,sporting-club-mestre,Campo Giallo,scoperto,22:00,sera,occupato,,
2026-09-18 21:54,2026-09-18,Fri,feriale,Sporting Club Mestre,sporting-club-mestre,Campo Giallo,scoperto,22:30,sera,occupato,,
2026-09-18 21:54,2026-09-18,Fri,feriale,Sporting Club Mestre,sporting-club-mestre,Campo Rosso,scoperto,22:00,sera,occupato,,
2026-09-18 21:54,2026-09-18,Fri,feriale,Sporting Club Mestre,sporting-club-mestre,Campo Rosso,scoperto,22:30,sera,occupato,,
2026-09-18 21:54,2026-09-18,Fri,feriale,Sporting Club Mestre,sporting-club-mestre,campo coperto 1,coperto,22:00,sera,occupato,,
2026-09-18 21:54,2026-09-18,Fri,feriale,Sporting Club Mestre,sporting-club-mestre,campo coperto 1,coperto,22:30,sera,occupato,,
2026-09-18 21:54,2026-09-18,Fri,feriale,Sporting Club Mestre,sporting-club-mestre,campo coperto 2,coperto,22:00,sera,occupato,,
2026-09-18 21:54,2026-09-18,Fri,feriale,Sporting Club Mestre,sporting-club-mestre,campo coperto 2,coperto,22:30,sera,occupato,,
2026-09-18 21:54,2026-09-18,Fri,feriale,Aquafit Padel,aquafit-padel,Padel 1,scoperto,22:00,sera,occupato,,
2026-09-18 21:54,2026-09-18,Fri,feriale,Aquafit Padel,aquafit-padel,Padel 1,scoperto,22:30,sera,occupato,,
2026-09-18 21:54,2026-09-18,Fri,feriale,Aquafit Padel,aquafit-padel,Padel 1,scoperto,23:00,sera,occupato,,
2026-09-18 21:54,2026-09-18,Fri,feriale,Aquafit Padel,aquafit-padel,Padel 1,scoperto,23:30,sera,occupato,,
2026-09-18 21:54,2026-09-18,Fri,feriale,Aquafit Padel,aquafit-padel,Padel 2,scoperto,22:00,sera,occupato,,
2026-09-18 21:54,2026-09-18,Fri,feriale,Aquafit Padel,aquafit-padel,Padel 2,scoperto,22:30,sera,occupato,,
2026-09-18 21:54,2026-09-18,Fri,feriale,Aquafit Padel,aquafit-padel,Padel 2,scoperto,23:00,sera,occupato,,
2026-09-18 21:54,2026-09-18,Fri,feriale,Aquafit Padel,aquafit-padel,Padel 2,scoperto,23:30,sera,occupato,,
2026-09-18 21:54,2026-09-18,Fri,feriale,SPH - Venezia,sph-venezia,Campo 1,coperto,22:00,sera,occupato,,
2026-09-18 21:54,2026-09-18,Fri,feriale,SPH - Venezia,sph-venezia,Campo 1,coperto,22:30,sera,occupato,,
2026-09-18 21:54,2026-09-18,Fri,feriale,SPH - Venezia,sph-venezia,Campo 1,coperto,23:00,sera,occupato,,
2026-09-18 21:54,2026-09-18,Fri,feriale,SPH - Venezia,sph-venezia,Campo 2,coperto,22:00,sera,occupato,,
2026-09-18 21:54,2026-09-18,Fri,feriale,SPH - Venezia,sph-venezia,Campo 2,coperto,22:30,sera,occupato,,
2026-09-18 21:54,2026-09-18,Fri,feriale,SPH - Venezia,sph-venezia,Campo 2,coperto,23:00,sera,occupato,,
2026-09-18 21:54,2026-09-18,Fri,feriale,SPH - Venezia,sph-venezia,Campo 3,coperto,22:00,sera,occupato,,
2026-09-18 21:54,2026-09-18,Fri,feriale,SPH - Venezia,sph-venezia,Campo 3,coperto,22:30,sera,occupato,,
2026-09-18 21:54,2026-09-18,Fri,feriale,SPH - Venezia,sph-venezia,Campo 3,coperto,23:00,sera,occupato,,
2026-09-18 21:54,2026-09-18,Fri,feriale,SPH - Venezia,sph-venezia,Campo 4 | B3 Capital,coperto,22:00,sera,occupato,,
2026-09-18 21:54,2026-09-18,Fri,feriale,SPH - Venezia,sph-venezia,Campo 4 | B3 Capital,coperto,22:30,sera,occupato,,
2026-09-18 21:54,2026-09-18,Fri,feriale,SPH - Venezia,sph-venezia,Campo 4 | B3 Capital,coperto,23:00,sera,occupato,,
2026-09-18 21:54,2026-09-18,Fri,feriale,SPH - Venezia,sph-venezia,Campo 5 | Bassetto Impianti,coperto,22:00,sera,occupato,,
2026-09-18 21:54,2026-09-18,Fri,feriale,SPH - Venezia,sph-venezia,Campo 5 | Bassetto Impianti,coperto,22:30,sera,occupato,,
2026-09-18 21:54,2026-09-18,Fri,feriale,SPH - Venezia,sph-venezia,Campo 5 | Bassetto Impianti,coperto,23:00,sera,occupato,,
2026-09-18 21:54,2026-09-18,Fri,feriale,Padel Treviso,padel-treviso,1 Esterno,scoperto,22:00,sera,occupato,,
2026-09-18 21:54,2026-09-18,Fri,feriale,Padel Treviso,padel-treviso,1 Esterno,scoperto,22:30,sera,occupato,,
2026-09-18 21:54,2026-09-18,Fri,feriale,Padel Treviso,padel-treviso,1 Esterno,scoperto,23:00,sera,occupato,,
2026-09-18 21:54,2026-09-18,Fri,feriale,Padel Treviso,padel-treviso,1 Esterno,scoperto,23:30,sera,occupato,,
2026-09-18 21:54,2026-09-18,Fri,feriale,Padel Treviso,padel-treviso,2 Esterno,scoperto,22:00,sera,occupato,,
2026-09-18 21:54,2026-09-18,Fri,feriale,Padel Treviso,padel-treviso,2 Esterno,scoperto,22:30,sera,occupato,,
2026-09-18 21:54,2026-09-18,Fri,feriale,Padel Treviso,padel-treviso,2 Esterno,scoperto,23:00,sera,occupato,,
2026-09-18 21:54,2026-09-18,Fri,feriale,Padel Treviso,padel-treviso,2 Esterno,scoperto,23:30,sera,occupato,,
2026-09-18 21:54,2026-09-18,Fri,feriale,Padel Treviso,padel-treviso,3 COPERTO,coperto,22:00,sera,occupato,,
2026-09-18 21:54,2026-09-18,Fri,feriale,Padel Treviso,padel-treviso,3 COPERTO,coperto,22:30,sera,occupato,,
2026-09-18 21:54,2026-09-18,Fri,feriale,Padel Treviso,padel-treviso,3 COPERTO,coperto,23:00,sera,occupato,,
2026-09-18 21:54,2026-09-18,Fri,feriale,Padel Treviso,padel-treviso,3 COPERTO,coperto,23:30,sera,occupato,,
2026-09-18 21:54,2026-09-18,Fri,feriale,Padel Treviso,padel-treviso,4 COPERTO,coperto,22:00,sera,occupato,,
2026-09-18 21:54,2026-09-18,Fri,feriale,Padel Treviso,padel-treviso,4 COPERTO,coperto,22:30,sera,occupato,,
2026-09-18 21:54,2026-09-18,Fri,feriale,Padel Treviso,padel-treviso,4 COPERTO,coperto,23:00,sera,occupato,,
2026-09-18 21:54,2026-09-18,Fri,feriale,Padel Treviso,padel-treviso,4 COPERTO,coperto,23:30,sera,occupato,,
2026-09-18 21:54,2026-09-18,Fri,feriale,Padel Treviso,padel-treviso,Kuikma Indoor,coperto,22:00,sera,occupato,,
2026-09-18 21:54,2026-09-18,Fri,feriale,Padel Treviso,padel-treviso,Kuikma Indoor,coperto,22:30,sera,occupato,,
2026-09-18 21:54,2026-09-18,Fri,feriale,Padel Treviso,padel-treviso,Kuikma Indoor,coperto,23:00,sera,occupato,,
2026-09-18 21:54,2026-09-18,Fri,feriale,Padel Treviso,padel-treviso,Kuikma Indoor,coperto,23:30,sera,occupato,,
2026-09-18 21:54,2026-09-18,Fri,feriale,Padel Treviso,padel-treviso,6 Indoor,coperto,22:00,sera,occupato,,
2026-09-18 21:54,2026-09-18,Fri,feriale,Padel Treviso,padel-treviso,6 Indoor,coperto,22:30,sera,occupato,,
2026-09-18 21:54,2026-09-18,Fri,feriale,Padel Treviso,padel-treviso,6 Indoor,coperto,23:00,sera,occupato,,
2026-09-18 21:54,2026-09-18,Fri,feriale,Padel Treviso,padel-treviso,6 Indoor,coperto,23:30,sera,occupato,,
2026-09-18 21:54,2026-09-18,Fri,feriale,Padel Treviso,padel-treviso,My Gym City Indoor,coperto,22:00,sera,occupato,,
2026-09-18 21:54,2026-09-18,Fri,feriale,Padel Treviso,padel-treviso,My Gym City Indoor,coperto,22:30,sera,occupato,,
2026-09-18 21:54,2026-09-18,Fri,feriale,Padel Treviso,padel-treviso,My Gym City Indoor,coperto,23:00,sera,occupato,,
2026-09-18 21:54,2026-09-18,Fri,feriale,Padel Treviso,padel-treviso,My Gym City Indoor,coperto,23:30,sera,occupato,,
2026-09-18 21:54,2026-09-18,Fri,feriale,Padel Treviso,padel-treviso,8 Esterno,scoperto,22:00,sera,occupato,,
2026-09-18 21:54,2026-09-18,Fri,feriale,Padel Treviso,padel-treviso,8 Esterno,scoperto,22:30,sera,occupato,,
2026-09-18 21:54,2026-09-18,Fri,feriale,Padel Treviso,padel-treviso,8 Esterno,scoperto,23:00,sera,occupato,,
2026-09-18 21:54,2026-09-18,Fri,feriale,Padel Treviso,padel-treviso,8 Esterno,scoperto,23:30,sera,occupato,,
2026-09-18 21:54,2026-09-18,Fri,feriale,Padel Treviso,padel-treviso,9 Gioielleria Minotto Istrana,coperto,22:00,sera,occupato,,
2026-09-18 21:54,2026-09-18,Fri,feriale,Padel Treviso,padel-treviso,9 Gioielleria Minotto Istrana,coperto,22:30,sera,occupato,,
2026-09-18 21:54,2026-09-18,Fri,feriale,Padel Treviso,padel-treviso,9 Gioielleria Minotto Istrana,coperto,23:00,sera,occupato,,
2026-09-18 21:54,2026-09-18,Fri,feriale,Padel Treviso,padel-treviso,9 Gioielleria Minotto Istrana,coperto,23:30,sera,occupato,,
2026-09-18 21:54,2026-09-18,Fri,feriale,Padel Treviso,padel-treviso,10 Gioielleria Minotto Istrana,coperto,22:00,sera,occupato,,
2026-09-18 21:54,2026-09-18,Fri,feriale,Padel Treviso,padel-treviso,10 Gioielleria Minotto Istrana,coperto,22:30,sera,occupato,,
2026-09-18 21:54,2026-09-18,Fri,feriale,Padel Treviso,padel-treviso,10 Gioielleria Minotto Istrana,coperto,23:00,sera,occupato,,
2026-09-18 21:54,2026-09-18,Fri,feriale,Padel Treviso,padel-treviso,10 Gioielleria Minotto Istrana,coperto,23:30,sera,occupato,,
2026-09-18 21:54,2026-09-18,Fri,feriale,Padel Treviso,padel-treviso,Singolo A Esterno,scoperto,22:00,sera,occupato,,
2026-09-18 21:54,2026-09-18,Fri,feriale,Padel Treviso,padel-treviso,Singolo A Esterno,scoperto,22:30,sera,occupato,,
2026-09-18 21:54,2026-09-18,Fri,feriale,Padel Treviso,padel-treviso,Singolo A Esterno,scoperto,23:00,sera,occupato,,
2026-09-18 21:54,2026-09-18,Fri,feriale,Padel Treviso,padel-treviso,Singolo A Esterno,scoperto,23:30,sera,occupato,,
2026-09-18 21:54,2026-09-18,Fri,feriale,Padel Treviso,padel-treviso,Singolo B Esterno,scoperto,22:00,sera,occupato,,
2026-09-18 21:54,2026-09-18,Fri,feriale,Padel Treviso,padel-treviso,Singolo B Esterno,scoperto,22:30,sera,occupato,,
2026-09-18 21:54,2026-09-18,Fri,feriale,Padel Treviso,padel-treviso,Singolo B Esterno,scoperto,23:00,sera,occupato,,
2026-09-18 21:54,2026-09-18,Fri,feriale,Padel Treviso,padel-treviso,Singolo B Esterno,scoperto,23:30,sera,occupato,,
2026-09-18 21:54,2026-09-18,Fri,feriale,Altino Sport Village,altino-sport-village,Padel 1,coperto,22:00,sera,occupato,,
2026-09-18 21:54,2026-09-18,Fri,feriale,Altino Sport Village,altino-sport-village,Padel 1,coperto,22:30,sera,occupato,,
2026-09-18 21:54,2026-09-18,Fri,feriale,Altino Sport Village,altino-sport-village,Padel 1,coperto,23:00,sera,occupato,,
2026-09-18 21:54,2026-09-18,Fri,feriale,Altino Sport Village,altino-sport-village,Padel 2,coperto,22:00,sera,occupato,,
2026-09-18 21:54,2026-09-18,Fri,feriale,Altino Sport Village,altino-sport-village,Padel 2,coperto,22:30,sera,occupato,,
2026-09-18 21:54,2026-09-18,Fri,feriale,Altino Sport Village,altino-sport-village,Padel 2,coperto,23:00,sera,occupato,,
2026-09-18 21:54,2026-09-18,Fri,feriale,Barchessa Padel e Pikleball,barchessa-pickleball,PADEL 1,coperto,22:00,sera,occupato,,
2026-09-18 21:54,2026-09-18,Fri,feriale,Barchessa Padel e Pikleball,barchessa-pickleball,PADEL  2,coperto,22:00,sera,occupato,,
2026-09-18 21:54,2026-09-18,Fri,feriale,Barchessa Padel e Pikleball,barchessa-pickleball,PADEL  3,coperto,22:00,sera,occupato,,
2026-09-18 21:54,2026-09-18,Fri,feriale,SPH - Treviso Sporting,sph-treviso-sporting,Campo 4,coperto,22:00,sera,occupato,,
2026-09-18 21:54,2026-09-18,Fri,feriale,SPH - Treviso Sporting,sph-treviso-sporting,Campo 4,coperto,22:30,sera,occupato,,
2026-09-18 21:54,2026-09-18,Fri,feriale,SPH - Treviso Sporting,sph-treviso-sporting,Campo 5,coperto,22:00,sera,occupato,,
2026-09-18 21:54,2026-09-18,Fri,feriale,SPH - Treviso Sporting,sph-treviso-sporting,Campo 5,coperto,22:30,sera,occupato,,
2026-09-18 21:54,2026-09-18,Fri,feriale,SPH - Treviso Sporting,sph-treviso-sporting,Campo 6,coperto,22:00,sera,occupato,,
2026-09-18 21:54,2026-09-18,Fri,feriale,SPH - Treviso Sporting,sph-treviso-sporting,Campo 6,coperto,22:30,sera,occupato,,
2026-09-18 21:54,2026-09-18,Fri,feriale,SPH - Treviso Sporting,sph-treviso-sporting,Campo 7,coperto,22:00,sera,occupato,,
2026-09-18 21:54,2026-09-18,Fri,feriale,SPH - Treviso Sporting,sph-treviso-sporting,Campo 7,coperto,22:30,sera,occupato,,
2026-09-18 21:54,2026-09-18,Fri,feriale,SPH - Treviso Sporting,sph-treviso-sporting,Campo 1,scoperto,22:00,sera,occupato,,
2026-09-18 21:54,2026-09-18,Fri,feriale,SPH - Treviso Sporting,sph-treviso-sporting,Campo 1,scoperto,22:30,sera,occupato,,
2026-09-18 21:54,2026-09-18,Fri,feriale,SPH - Treviso Sporting,sph-treviso-sporting,Campo 2,scoperto,22:00,sera,occupato,,
2026-09-18 21:54,2026-09-18,Fri,feriale,SPH - Treviso Sporting,sph-treviso-sporting,Campo 2,scoperto,22:30,sera,occupato,,
2026-09-18 21:54,2026-09-18,Fri,feriale,SPH - Treviso Sporting,sph-treviso-sporting,Campo 3,scoperto,22:00,sera,occupato,,
2026-09-18 21:54,2026-09-18,Fri,feriale,SPH - Treviso Sporting,sph-treviso-sporting,Campo 3,scoperto,22:30,sera,occupato,,
2026-09-19 10:54,2026-09-19,Sat,festivo,Sporting Club Mestre,sporting-club-mestre,Campo Giallo,scoperto,11:00,mattina,occupato,,
2026-09-19 10:54,2026-09-19,Sat,festivo,Sporting Club Mestre,sporting-club-mestre,Campo Giallo,scoperto,11:30,mattina,occupato,,
2026-09-19 10:54,2026-09-19,Sat,festivo,Sporting Club Mestre,sporting-club-mestre,Campo Giallo,scoperto,12:00,pranzo,libero,32 EUR,24 EUR
2026-09-19 10:54,2026-09-19,Sat,festivo,Sporting Club Mestre,sporting-club-mestre,Campo Giallo,scoperto,12:30,pranzo,libero,32 EUR,24 EUR
2026-09-19 10:54,2026-09-19,Sat,festivo,Sporting Club Mestre,sporting-club-mestre,Campo Rosso,scoperto,11:00,mattina,occupato,,
2026-09-19 10:54,2026-09-19,Sat,festivo,Sporting Club Mestre,sporting-club-mestre,Campo Rosso,scoperto,11:30,mattina,occupato,,
2026-09-19 10:54,2026-09-19,Sat,festivo,Sporting Club Mestre,sporting-club-mestre,Campo Rosso,scoperto,12:00,pranzo,occupato,,
2026-09-19 10:54,2026-09-19,Sat,festivo,Sporting Club Mestre,sporting-club-mestre,Campo Rosso,scoperto,12:30,pranzo,occupato,,
2026-09-19 10:54,2026-09-19,Sat,festivo,Sporting Club Mestre,sporting-club-mestre,campo coperto 1,coperto,11:00,mattina,libero,,
2026-09-19 10:54,2026-09-19,Sat,festivo,Sporting Club Mestre,sporting-club-mestre,campo coperto 1,coperto,11:30,mattina,libero,40 EUR,
2026-09-19 10:54,2026-09-19,Sat,festivo,Sporting Club Mestre,sporting-club-mestre,campo coperto 1,coperto,12:00,pranzo,libero,,
2026-09-19 10:54,2026-09-19,Sat,festivo,Sporting Club Mestre,sporting-club-mestre,campo coperto 1,coperto,12:30,pranzo,libero,,
2026-09-19 10:54,2026-09-19,Sat,festivo,Sporting Club Mestre,sporting-club-mestre,campo coperto 2,coperto,11:00,mattina,libero,,
2026-09-19 10:54,2026-09-19,Sat,festivo,Sporting Club Mestre,sporting-club-mestre,campo coperto 2,coperto,11:30,mattina,libero,40 EUR,
2026-09-19 10:54,2026-09-19,Sat,festivo,Sporting Club Mestre,sporting-club-mestre,campo coperto 2,coperto,12:00,pranzo,libero,,
2026-09-19 10:54,2026-09-19,Sat,festivo,Sporting Club Mestre,sporting-club-mestre,campo coperto 2,coperto,12:30,pranzo,libero,,
2026-09-19 10:54,2026-09-19,Sat,festivo,Padel by FitUP di Zero Branco,padel-by-fitup-di-zero-branco,Padel by FitUP 1,coperto,11:00,mattina,occupato,,
2026-09-19 10:54,2026-09-19,Sat,festivo,Padel by FitUP di Zero Branco,padel-by-fitup-di-zero-branco,Padel by FitUP 1,coperto,11:30,mattina,occupato,,
2026-09-19 10:54,2026-09-19,Sat,festivo,Padel by FitUP di Zero Branco,padel-by-fitup-di-zero-branco,Padel by FitUP 1,coperto,12:00,pranzo,occupato,,
2026-09-19 10:54,2026-09-19,Sat,festivo,Padel by FitUP di Zero Branco,padel-by-fitup-di-zero-branco,Padel by FitUP 1,coperto,12:30,pranzo,occupato,,
2026-09-19 10:54,2026-09-19,Sat,festivo,Aquafit Padel,aquafit-padel,Padel 1,scoperto,11:00,mattina,occupato,,
2026-09-19 10:54,2026-09-19,Sat,festivo,Aquafit Padel,aquafit-padel,Padel 1,scoperto,11:30,mattina,occupato,,
2026-09-19 10:54,2026-09-19,Sat,festivo,Aquafit Padel,aquafit-padel,Padel 1,scoperto,12:00,pranzo,occupato,,
2026-09-19 10:54,2026-09-19,Sat,festivo,Aquafit Padel,aquafit-padel,Padel 1,scoperto,12:30,pranzo,occupato,,
2026-09-19 10:54,2026-09-19,Sat,festivo,Aquafit Padel,aquafit-padel,Padel 2,scoperto,11:00,mattina,occupato,,
2026-09-19 10:54,2026-09-19,Sat,festivo,Aquafit Padel,aquafit-padel,Padel 2,scoperto,11:30,mattina,occupato,,
2026-09-19 10:54,2026-09-19,Sat,festivo,Aquafit Padel,aquafit-padel,Padel 2,scoperto,12:00,pranzo,occupato,,
2026-09-19 10:54,2026-09-19,Sat,festivo,Aquafit Padel,aquafit-padel,Padel 2,scoperto,12:30,pranzo,occupato,,
2026-09-19 10:54,2026-09-19,Sat,festivo,SPH - Venezia,sph-venezia,Campo 1,coperto,11:00,mattina,occupato,,
2026-09-19 10:54,2026-09-19,Sat,festivo,SPH - Venezia,sph-venezia,Campo 1,coperto,11:30,mattina,occupato,,
2026-09-19 10:54,2026-09-19,Sat,festivo,SPH - Venezia,sph-venezia,Campo 1,coperto,12:00,pranzo,libero,48 EUR,32 EUR
2026-09-19 10:54,2026-09-19,Sat,festivo,SPH - Venezia,sph-venezia,Campo 1,coperto,12:30,pranzo,libero,,
2026-09-19 10:54,2026-09-19,Sat,festivo,SPH - Venezia,sph-venezia,Campo 2,coperto,11:00,mattina,libero,48 EUR,32 EUR
2026-09-19 10:54,2026-09-19,Sat,festivo,SPH - Venezia,sph-venezia,Campo 2,coperto,11:30,mattina,libero,48 EUR,32 EUR
2026-09-19 10:54,2026-09-19,Sat,festivo,SPH - Venezia,sph-venezia,Campo 2,coperto,12:00,pranzo,libero,48 EUR,32 EUR
2026-09-19 10:54,2026-09-19,Sat,festivo,SPH - Venezia,sph-venezia,Campo 2,coperto,12:30,pranzo,libero,48 EUR,32 EUR
2026-09-19 10:54,2026-09-19,Sat,festivo,SPH - Venezia,sph-venezia,Campo 3,coperto,11:00,mattina,libero,48 EUR,32 EUR
2026-09-19 10:54,2026-09-19,Sat,festivo,SPH - Venezia,sph-venezia,Campo 3,coperto,11:30,mattina,libero,48 EUR,32 EUR
2026-09-19 10:54,2026-09-19,Sat,festivo,SPH - Venezia,sph-venezia,Campo 3,coperto,12:00,pranzo,libero,48 EUR,32 EUR
2026-09-19 10:54,2026-09-19,Sat,festivo,SPH - Venezia,sph-venezia,Campo 3,coperto,12:30,pranzo,libero,48 EUR,32 EUR
2026-09-19 10:54,2026-09-19,Sat,festivo,SPH - Venezia,sph-venezia,Campo 4 | B3 Capital,coperto,11:00,mattina,libero,48 EUR,32 EUR
2026-09-19 10:54,2026-09-19,Sat,festivo,SPH - Venezia,sph-venezia,Campo 4 | B3 Capital,coperto,11:30,mattina,libero,48 EUR,32 EUR
2026-09-19 10:54,2026-09-19,Sat,festivo,SPH - Venezia,sph-venezia,Campo 4 | B3 Capital,coperto,12:00,pranzo,libero,48 EUR,32 EUR
2026-09-19 10:54,2026-09-19,Sat,festivo,SPH - Venezia,sph-venezia,Campo 4 | B3 Capital,coperto,12:30,pranzo,libero,48 EUR,32 EUR
2026-09-19 10:54,2026-09-19,Sat,festivo,SPH - Venezia,sph-venezia,Campo 5 | Bassetto Impianti,coperto,11:00,mattina,libero,,32 EUR
2026-09-19 10:54,2026-09-19,Sat,festivo,SPH - Venezia,sph-venezia,Campo 5 | Bassetto Impianti,coperto,11:30,mattina,libero,48 EUR,
2026-09-19 10:54,2026-09-19,Sat,festivo,SPH - Venezia,sph-venezia,Campo 5 | Bassetto Impianti,coperto,12:00,pranzo,libero,,32 EUR
2026-09-19 10:54,2026-09-19,Sat,festivo,SPH - Venezia,sph-venezia,Campo 5 | Bassetto Impianti,coperto,12:30,pranzo,libero,,
2026-09-19 10:54,2026-09-19,Sat,festivo,Padel Treviso,padel-treviso,1 Esterno,scoperto,11:00,mattina,libero,40 EUR,32 EUR
2026-09-19 10:54,2026-09-19,Sat,festivo,Padel Treviso,padel-treviso,1 Esterno,scoperto,11:30,mattina,libero,40 EUR,32 EUR
2026-09-19 10:54,2026-09-19,Sat,festivo,Padel Treviso,padel-treviso,1 Esterno,scoperto,12:00,pranzo,libero,40 EUR,32 EUR
2026-09-19 10:54,2026-09-19,Sat,festivo,Padel Treviso,padel-treviso,1 Esterno,scoperto,12:30,pranzo,libero,40 EUR,32 EUR
2026-09-19 10:54,2026-09-19,Sat,festivo,Padel Treviso,padel-treviso,2 Esterno,scoperto,11:00,mattina,libero,40 EUR,
2026-09-19 10:54,2026-09-19,Sat,festivo,Padel Treviso,padel-treviso,2 Esterno,scoperto,11:30,mattina,libero,,
2026-09-19 10:54,2026-09-19,Sat,festivo,Padel Treviso,padel-treviso,2 Esterno,scoperto,12:00,pranzo,libero,,
2026-09-19 10:54,2026-09-19,Sat,festivo,Padel Treviso,padel-treviso,2 Esterno,scoperto,12:30,pranzo,libero,40 EUR,
2026-09-19 10:54,2026-09-19,Sat,festivo,Padel Treviso,padel-treviso,3 COPERTO,coperto,11:00,mattina,libero,56 EUR,
2026-09-19 10:54,2026-09-19,Sat,festivo,Padel Treviso,padel-treviso,3 COPERTO,coperto,11:30,mattina,libero,,
2026-09-19 10:54,2026-09-19,Sat,festivo,Padel Treviso,padel-treviso,3 COPERTO,coperto,12:00,pranzo,libero,,
2026-09-19 10:54,2026-09-19,Sat,festivo,Padel Treviso,padel-treviso,3 COPERTO,coperto,12:30,pranzo,libero,56 EUR,
2026-09-19 10:54,2026-09-19,Sat,festivo,Padel Treviso,padel-treviso,4 COPERTO,coperto,11:00,mattina,libero,56 EUR,
2026-09-19 10:54,2026-09-19,Sat,festivo,Padel Treviso,padel-treviso,4 COPERTO,coperto,11:30,mattina,libero,,
2026-09-19 10:54,2026-09-19,Sat,festivo,Padel Treviso,padel-treviso,4 COPERTO,coperto,12:00,pranzo,libero,,
2026-09-19 10:54,2026-09-19,Sat,festivo,Padel Treviso,padel-treviso,4 COPERTO,coperto,12:30,pranzo,libero,56 EUR,
2026-09-19 10:54,2026-09-19,Sat,festivo,Padel Treviso,padel-treviso,Kuikma Indoor,coperto,11:00,mattina,libero,,
2026-09-19 10:54,2026-09-19,Sat,festivo,Padel Treviso,padel-treviso,Kuikma Indoor,coperto,11:30,mattina,libero,,
2026-09-19 10:54,2026-09-19,Sat,festivo,Padel Treviso,padel-treviso,Kuikma Indoor,coperto,12:00,pranzo,libero,56 EUR,
2026-09-19 10:54,2026-09-19,Sat,festivo,Padel Treviso,padel-treviso,Kuikma Indoor,coperto,12:30,pranzo,libero,,
2026-09-19 10:54,2026-09-19,Sat,festivo,Padel Treviso,padel-treviso,6 Indoor,coperto,11:00,mattina,libero,,
2026-09-19 10:54,2026-09-19,Sat,festivo,Padel Treviso,padel-treviso,6 Indoor,coperto,11:30,mattina,libero,,
2026-09-19 10:54,2026-09-19,Sat,festivo,Padel Treviso,padel-treviso,6 Indoor,coperto,12:00,pranzo,libero,56 EUR,
2026-09-19 10:54,2026-09-19,Sat,festivo,Padel Treviso,padel-treviso,6 Indoor,coperto,12:30,pranzo,libero,,
2026-09-19 10:54,2026-09-19,Sat,festivo,Padel Treviso,padel-treviso,My Gym City Indoor,coperto,11:00,mattina,libero,,
2026-09-19 10:54,2026-09-19,Sat,festivo,Padel Treviso,padel-treviso,My Gym City Indoor,coperto,11:30,mattina,libero,,
2026-09-19 10:54,2026-09-19,Sat,festivo,Padel Treviso,padel-treviso,My Gym City Indoor,coperto,12:00,pranzo,libero,56 EUR,
2026-09-19 10:54,2026-09-19,Sat,festivo,Padel Treviso,padel-treviso,My Gym City Indoor,coperto,12:30,pranzo,libero,,
2026-09-19 10:54,2026-09-19,Sat,festivo,Padel Treviso,padel-treviso,8 Esterno,scoperto,11:00,mattina,libero,,
2026-09-19 10:54,2026-09-19,Sat,festivo,Padel Treviso,padel-treviso,8 Esterno,scoperto,11:30,mattina,libero,,
2026-09-19 10:54,2026-09-19,Sat,festivo,Padel Treviso,padel-treviso,8 Esterno,scoperto,12:00,pranzo,libero,40 EUR,
2026-09-19 10:54,2026-09-19,Sat,festivo,Padel Treviso,padel-treviso,8 Esterno,scoperto,12:30,pranzo,libero,,
2026-09-19 10:54,2026-09-19,Sat,festivo,Padel Treviso,padel-treviso,9 Gioielleria Minotto Istrana,coperto,11:00,mattina,libero,,
2026-09-19 10:54,2026-09-19,Sat,festivo,Padel Treviso,padel-treviso,9 Gioielleria Minotto Istrana,coperto,11:30,mattina,libero,56 EUR,
2026-09-19 10:54,2026-09-19,Sat,festivo,Padel Treviso,padel-treviso,9 Gioielleria Minotto Istrana,coperto,12:00,pranzo,libero,,
2026-09-19 10:54,2026-09-19,Sat,festivo,Padel Treviso,padel-treviso,9 Gioielleria Minotto Istrana,coperto,12:30,pranzo,libero,,
2026-09-19 10:54,2026-09-19,Sat,festivo,Padel Treviso,padel-treviso,10 Gioielleria Minotto Istrana,coperto,11:00,mattina,occupato,,
2026-09-19 10:54,2026-09-19,Sat,festivo,Padel Treviso,padel-treviso,10 Gioielleria Minotto Istrana,coperto,11:30,mattina,libero,56 EUR,
2026-09-19 10:54,2026-09-19,Sat,festivo,Padel Treviso,padel-treviso,10 Gioielleria Minotto Istrana,coperto,12:00,pranzo,libero,,
2026-09-19 10:54,2026-09-19,Sat,festivo,Padel Treviso,padel-treviso,10 Gioielleria Minotto Istrana,coperto,12:30,pranzo,libero,,
2026-09-19 10:54,2026-09-19,Sat,festivo,Padel Treviso,padel-treviso,Singolo A Esterno,scoperto,11:00,mattina,libero,,
2026-09-19 10:54,2026-09-19,Sat,festivo,Padel Treviso,padel-treviso,Singolo A Esterno,scoperto,11:30,mattina,libero,24 EUR,20 EUR
2026-09-19 10:54,2026-09-19,Sat,festivo,Padel Treviso,padel-treviso,Singolo A Esterno,scoperto,12:00,pranzo,libero,24 EUR,20 EUR
2026-09-19 10:54,2026-09-19,Sat,festivo,Padel Treviso,padel-treviso,Singolo A Esterno,scoperto,12:30,pranzo,libero,24 EUR,20 EUR
2026-09-19 10:54,2026-09-19,Sat,festivo,Padel Treviso,padel-treviso,Singolo B Esterno,scoperto,11:00,mattina,libero,24 EUR,20 EUR
2026-09-19 10:54,2026-09-19,Sat,festivo,Padel Treviso,padel-treviso,Singolo B Esterno,scoperto,11:30,mattina,libero,24 EUR,20 EUR
2026-09-19 10:54,2026-09-19,Sat,festivo,Padel Treviso,padel-treviso,Singolo B Esterno,scoperto,12:00,pranzo,libero,,20 EUR
2026-09-19 10:54,2026-09-19,Sat,festivo,Padel Treviso,padel-treviso,Singolo B Esterno,scoperto,12:30,pranzo,libero,24 EUR,
2026-09-19 10:54,2026-09-19,Sat,festivo,Altino Sport Village,altino-sport-village,Padel 1,coperto,11:00,mattina,libero,,40 EUR
2026-09-19 10:54,2026-09-19,Sat,festivo,Altino Sport Village,altino-sport-village,Padel 1,coperto,11:30,mattina,libero,,
2026-09-19 10:54,2026-09-19,Sat,festivo,Altino Sport Village,altino-sport-village,Padel 1,coperto,12:00,pranzo,occupato,,
2026-09-19 10:54,2026-09-19,Sat,festivo,Altino Sport Village,altino-sport-village,Padel 1,coperto,12:30,pranzo,occupato,,
2026-09-19 10:54,2026-09-19,Sat,festivo,Altino Sport Village,altino-sport-village,Padel 2,coperto,11:00,mattina,libero,,40 EUR
2026-09-19 10:54,2026-09-19,Sat,festivo,Altino Sport Village,altino-sport-village,Padel 2,coperto,11:30,mattina,libero,,
2026-09-19 10:54,2026-09-19,Sat,festivo,Altino Sport Village,altino-sport-village,Padel 2,coperto,12:00,pranzo,occupato,,
2026-09-19 10:54,2026-09-19,Sat,festivo,Altino Sport Village,altino-sport-village,Padel 2,coperto,12:30,pranzo,occupato,,
2026-09-19 10:54,2026-09-19,Sat,festivo,Barchessa Padel e Pikleball,barchessa-pickleball,PADEL 1,coperto,11:00,mattina,libero,40 EUR,27 EUR
2026-09-19 10:54,2026-09-19,Sat,festivo,Barchessa Padel e Pikleball,barchessa-pickleball,PADEL 1,coperto,11:30,mattina,libero,40 EUR,27 EUR
2026-09-19 10:54,2026-09-19,Sat,festivo,Barchessa Padel e Pikleball,barchessa-pickleball,PADEL 1,coperto,12:00,pranzo,libero,,27 EUR
2026-09-19 10:54,2026-09-19,Sat,festivo,Barchessa Padel e Pikleball,barchessa-pickleball,PADEL 1,coperto,12:30,pranzo,libero,,
2026-09-19 10:54,2026-09-19,Sat,festivo,Barchessa Padel e Pikleball,barchessa-pickleball,PADEL  2,coperto,11:00,mattina,libero,40 EUR,27 EUR
2026-09-19 10:54,2026-09-19,Sat,festivo,Barchessa Padel e Pikleball,barchessa-pickleball,PADEL  2,coperto,11:30,mattina,libero,40 EUR,27 EUR
2026-09-19 10:54,2026-09-19,Sat,festivo,Barchessa Padel e Pikleball,barchessa-pickleball,PADEL  2,coperto,12:00,pranzo,libero,40 EUR,27 EUR
2026-09-19 10:54,2026-09-19,Sat,festivo,Barchessa Padel e Pikleball,barchessa-pickleball,PADEL  2,coperto,12:30,pranzo,libero,40 EUR,27 EUR
2026-09-19 10:54,2026-09-19,Sat,festivo,Barchessa Padel e Pikleball,barchessa-pickleball,PADEL  3,coperto,11:00,mattina,libero,40 EUR,27 EUR
2026-09-19 10:54,2026-09-19,Sat,festivo,Barchessa Padel e Pikleball,barchessa-pickleball,PADEL  3,coperto,11:30,mattina,libero,,27 EUR
2026-09-19 10:54,2026-09-19,Sat,festivo,Barchessa Padel e Pikleball,barchessa-pickleball,PADEL  3,coperto,12:00,pranzo,libero,,
2026-09-19 10:54,2026-09-19,Sat,festivo,Barchessa Padel e Pikleball,barchessa-pickleball,PADEL  3,coperto,12:30,pranzo,occupato,,
2026-09-19 10:54,2026-09-19,Sat,festivo,H-FARM CAMPUS,h-farm-campus,Padel 1,scoperto,11:00,mattina,libero,80 EUR,
2026-09-19 10:54,2026-09-19,Sat,festivo,H-FARM CAMPUS,h-farm-campus,Padel 1,scoperto,11:30,mattina,libero,80 EUR,
2026-09-19 10:54,2026-09-19,Sat,festivo,H-FARM CAMPUS,h-farm-campus,Padel 1,scoperto,12:00,pranzo,libero,80 EUR,
2026-09-19 10:54,2026-09-19,Sat,festivo,H-FARM CAMPUS,h-farm-campus,Padel 1,scoperto,12:30,pranzo,libero,80 EUR,
2026-09-19 10:54,2026-09-19,Sat,festivo,H-FARM CAMPUS,h-farm-campus,Padel 2,scoperto,11:00,mattina,libero,80 EUR,
2026-09-19 10:54,2026-09-19,Sat,festivo,H-FARM CAMPUS,h-farm-campus,Padel 2,scoperto,11:30,mattina,libero,80 EUR,
2026-09-19 10:54,2026-09-19,Sat,festivo,H-FARM CAMPUS,h-farm-campus,Padel 2,scoperto,12:00,pranzo,libero,80 EUR,
2026-09-19 10:54,2026-09-19,Sat,festivo,H-FARM CAMPUS,h-farm-campus,Padel 2,scoperto,12:30,pranzo,libero,80 EUR,
2026-09-19 10:54,2026-09-19,Sat,festivo,SPH - Treviso Sporting,sph-treviso-sporting,Campo 4,coperto,11:00,mattina,libero,,
2026-09-19 10:54,2026-09-19,Sat,festivo,SPH - Treviso Sporting,sph-treviso-sporting,Campo 4,coperto,11:30,mattina,libero,,
2026-09-19 10:54,2026-09-19,Sat,festivo,SPH - Treviso Sporting,sph-treviso-sporting,Campo 4,coperto,12:00,pranzo,libero,,36 EUR
2026-09-19 10:54,2026-09-19,Sat,festivo,SPH - Treviso Sporting,sph-treviso-sporting,Campo 4,coperto,12:30,pranzo,libero,50 EUR,
2026-09-19 10:54,2026-09-19,Sat,festivo,SPH - Treviso Sporting,sph-treviso-sporting,Campo 5,coperto,11:00,mattina,libero,,
2026-09-19 10:54,2026-09-19,Sat,festivo,SPH - Treviso Sporting,sph-treviso-sporting,Campo 5,coperto,11:30,mattina,libero,,
2026-09-19 10:54,2026-09-19,Sat,festivo,SPH - Treviso Sporting,sph-treviso-sporting,Campo 5,coperto,12:00,pranzo,libero,50 EUR,36 EUR
2026-09-19 10:54,2026-09-19,Sat,festivo,SPH - Treviso Sporting,sph-treviso-sporting,Campo 5,coperto,12:30,pranzo,libero,50 EUR,36 EUR
2026-09-19 10:54,2026-09-19,Sat,festivo,SPH - Treviso Sporting,sph-treviso-sporting,Campo 6,coperto,11:00,mattina,libero,,
2026-09-19 10:54,2026-09-19,Sat,festivo,SPH - Treviso Sporting,sph-treviso-sporting,Campo 6,coperto,11:30,mattina,libero,50 EUR,36 EUR
2026-09-19 10:54,2026-09-19,Sat,festivo,SPH - Treviso Sporting,sph-treviso-sporting,Campo 6,coperto,12:00,pranzo,libero,50 EUR,36 EUR
2026-09-19 10:54,2026-09-19,Sat,festivo,SPH - Treviso Sporting,sph-treviso-sporting,Campo 6,coperto,12:30,pranzo,libero,50 EUR,36 EUR
2026-09-19 10:54,2026-09-19,Sat,festivo,SPH - Treviso Sporting,sph-treviso-sporting,Campo 7,coperto,11:00,mattina,libero,,
2026-09-19 10:54,2026-09-19,Sat,festivo,SPH - Treviso Sporting,sph-treviso-sporting,Campo 7,coperto,11:30,mattina,libero,50 EUR,36 EUR
2026-09-19 10:54,2026-09-19,Sat,festivo,SPH - Treviso Sporting,sph-treviso-sporting,Campo 7,coperto,12:00,pranzo,libero,50 EUR,36 EUR
2026-09-19 10:54,2026-09-19,Sat,festivo,SPH - Treviso Sporting,sph-treviso-sporting,Campo 7,coperto,12:30,pranzo,libero,50 EUR,36 EUR
2026-09-19 10:54,2026-09-19,Sat,festivo,SPH - Treviso Sporting,sph-treviso-sporting,Campo 1,scoperto,11:00,mattina,libero,,
2026-09-19 10:54,2026-09-19,Sat,festivo,SPH - Treviso Sporting,sph-treviso-sporting,Campo 1,scoperto,11:30,mattina,libero,,
2026-09-19 10:54,2026-09-19,Sat,festivo,SPH - Treviso Sporting,sph-treviso-sporting,Campo 1,scoperto,12:00,pranzo,libero,40 EUR,28 EUR
2026-09-19 10:54,2026-09-19,Sat,festivo,SPH - Treviso Sporting,sph-treviso-sporting,Campo 1,scoperto,12:30,pranzo,libero,40 EUR,28 EUR
2026-09-19 10:54,2026-09-19,Sat,festivo,SPH - Treviso Sporting,sph-treviso-sporting,Campo 2,scoperto,11:00,mattina,libero,,
2026-09-19 10:54,2026-09-19,Sat,festivo,SPH - Treviso Sporting,sph-treviso-sporting,Campo 2,scoperto,11:30,mattina,libero,,
2026-09-19 10:54,2026-09-19,Sat,festivo,SPH - Treviso Sporting,sph-treviso-sporting,Campo 2,scoperto,12:00,pranzo,libero,40 EUR,28 EUR
2026-09-19 10:54,2026-09-19,Sat,festivo,SPH - Treviso Sporting,sph-treviso-sporting,Campo 2,scoperto,12:30,pranzo,libero,40 EUR,28 EUR
2026-09-19 10:54,2026-09-19,Sat,festivo,SPH - Treviso Sporting,sph-treviso-sporting,Campo 3,scoperto,11:00,mattina,libero,,
2026-09-19 10:54,2026-09-19,Sat,festivo,SPH - Treviso Sporting,sph-treviso-sporting,Campo 3,scoperto,11:30,mattina,libero,40 EUR,28 EUR
2026-09-19 10:54,2026-09-19,Sat,festivo,SPH - Treviso Sporting,sph-treviso-sporting,Campo 3,scoperto,12:00,pranzo,libero,40 EUR,28 EUR
2026-09-19 10:54,2026-09-19,Sat,festivo,SPH - Treviso Sporting,sph-treviso-sporting,Campo 3,scoperto,12:30,pranzo,libero,40 EUR,28 EUR
2026-09-19 10:54,2026-09-19,Sat,festivo,Marina Sporting,marina-sporting,Padel 1,scoperto,11:00,mattina,occupato,,
2026-09-19 10:54,2026-09-19,Sat,festivo,Marina Sporting,marina-sporting,Padel 1,scoperto,11:30,mattina,occupato,,
2026-09-19 10:54,2026-09-19,Sat,festivo,Marina Sporting,marina-sporting,Padel 1,scoperto,12:00,pranzo,occupato,,
2026-09-19 10:54,2026-09-19,Sat,festivo,Marina Sporting,marina-sporting,Padel 1,scoperto,12:30,pranzo,occupato,,
2026-09-19 10:54,2026-09-19,Sat,festivo,Marina Sporting,marina-sporting,Padel 2,scoperto,11:00,mattina,occupato,,
2026-09-19 10:54,2026-09-19,Sat,festivo,Marina Sporting,marina-sporting,Padel 2,scoperto,11:30,mattina,occupato,,
2026-09-19 10:54,2026-09-19,Sat,festivo,Marina Sporting,marina-sporting,Padel 2,scoperto,12:00,pranzo,occupato,,
2026-09-19 10:54,2026-09-19,Sat,festivo,Marina Sporting,marina-sporting,Padel 2,scoperto,12:30,pranzo,occupato,,
2026-09-20 12:00,2026-09-20,Sun,festivo,Sporting Club Mestre,sporting-club-mestre,Campo Giallo,scoperto,12:30,pranzo,libero,32 EUR,24 EUR
2026-09-20 12:00,2026-09-20,Sun,festivo,Sporting Club Mestre,sporting-club-mestre,Campo Giallo,scoperto,13:00,pranzo,libero,32 EUR,24 EUR
2026-09-20 12:00,2026-09-20,Sun,festivo,Sporting Club Mestre,sporting-club-mestre,Campo Giallo,scoperto,13:30,pranzo,libero,32 EUR,24 EUR
2026-09-20 12:00,2026-09-20,Sun,festivo,Sporting Club Mestre,sporting-club-mestre,Campo Giallo,scoperto,14:00,pomeriggio,libero,32 EUR,24 EUR
2026-09-20 12:00,2026-09-20,Sun,festivo,Sporting Club Mestre,sporting-club-mestre,Campo Rosso,scoperto,12:30,pranzo,occupato,,
2026-09-20 12:00,2026-09-20,Sun,festivo,Sporting Club Mestre,sporting-club-mestre,Campo Rosso,scoperto,13:00,pranzo,occupato,,
2026-09-20 12:00,2026-09-20,Sun,festivo,Sporting Club Mestre,sporting-club-mestre,Campo Rosso,scoperto,13:30,pranzo,occupato,,
2026-09-20 12:00,2026-09-20,Sun,festivo,Sporting Club Mestre,sporting-club-mestre,Campo Rosso,scoperto,14:00,pomeriggio,occupato,,
2026-09-20 12:00,2026-09-20,Sun,festivo,Sporting Club Mestre,sporting-club-mestre,campo coperto 1,coperto,12:30,pranzo,libero,,
2026-09-20 12:00,2026-09-20,Sun,festivo,Sporting Club Mestre,sporting-club-mestre,campo coperto 1,coperto,13:00,pranzo,occupato,,
2026-09-20 12:00,2026-09-20,Sun,festivo,Sporting Club Mestre,sporting-club-mestre,campo coperto 1,coperto,13:30,pranzo,occupato,,
2026-09-20 12:00,2026-09-20,Sun,festivo,Sporting Club Mestre,sporting-club-mestre,campo coperto 1,coperto,14:00,pomeriggio,occupato,,
2026-09-20 12:00,2026-09-20,Sun,festivo,Sporting Club Mestre,sporting-club-mestre,campo coperto 2,coperto,12:30,pranzo,libero,,
2026-09-20 12:00,2026-09-20,Sun,festivo,Sporting Club Mestre,sporting-club-mestre,campo coperto 2,coperto,13:00,pranzo,libero,40 EUR,
2026-09-20 12:00,2026-09-20,Sun,festivo,Sporting Club Mestre,sporting-club-mestre,campo coperto 2,coperto,13:30,pranzo,libero,,
2026-09-20 12:00,2026-09-20,Sun,festivo,Sporting Club Mestre,sporting-club-mestre,campo coperto 2,coperto,14:00,pomeriggio,libero,,
2026-09-20 12:00,2026-09-20,Sun,festivo,Aquafit Padel,aquafit-padel,Padel 1,scoperto,12:30,pranzo,occupato,,
2026-09-20 12:00,2026-09-20,Sun,festivo,Aquafit Padel,aquafit-padel,Padel 1,scoperto,13:00,pranzo,occupato,,
2026-09-20 12:00,2026-09-20,Sun,festivo,Aquafit Padel,aquafit-padel,Padel 1,scoperto,13:30,pranzo,occupato,,
2026-09-20 12:00,2026-09-20,Sun,festivo,Aquafit Padel,aquafit-padel,Padel 1,scoperto,14:00,pomeriggio,occupato,,
2026-09-20 12:00,2026-09-20,Sun,festivo,Aquafit Padel,aquafit-padel,Padel 2,scoperto,12:30,pranzo,occupato,,
2026-09-20 12:00,2026-09-20,Sun,festivo,Aquafit Padel,aquafit-padel,Padel 2,scoperto,13:00,pranzo,occupato,,
2026-09-20 12:00,2026-09-20,Sun,festivo,Aquafit Padel,aquafit-padel,Padel 2,scoperto,13:30,pranzo,occupato,,
2026-09-20 12:00,2026-09-20,Sun,festivo,Aquafit Padel,aquafit-padel,Padel 2,scoperto,14:00,pomeriggio,occupato,,
2026-09-20 12:00,2026-09-20,Sun,festivo,SPH - Venezia,sph-venezia,Campo 1,coperto,12:30,pranzo,libero,48 EUR,32 EUR
2026-09-20 12:00,2026-09-20,Sun,festivo,SPH - Venezia,sph-venezia,Campo 1,coperto,13:00,pranzo,libero,48 EUR,32 EUR
2026-09-20 12:00,2026-09-20,Sun,festivo,SPH - Venezia,sph-venezia,Campo 1,coperto,13:30,pranzo,libero,48 EUR,32 EUR
2026-09-20 12:00,2026-09-20,Sun,festivo,SPH - Venezia,sph-venezia,Campo 1,coperto,14:00,pomeriggio,libero,48 EUR,32 EUR
2026-09-20 12:00,2026-09-20,Sun,festivo,SPH - Venezia,sph-venezia,Campo 2,coperto,12:30,pranzo,occupato,,
2026-09-20 12:00,2026-09-20,Sun,festivo,SPH - Venezia,sph-venezia,Campo 2,coperto,13:00,pranzo,occupato,,
2026-09-20 12:00,2026-09-20,Sun,festivo,SPH - Venezia,sph-venezia,Campo 2,coperto,13:30,pranzo,occupato,,
2026-09-20 12:00,2026-09-20,Sun,festivo,SPH - Venezia,sph-venezia,Campo 2,coperto,14:00,pomeriggio,occupato,,
2026-09-20 12:00,2026-09-20,Sun,festivo,SPH - Venezia,sph-venezia,Campo 3,coperto,12:30,pranzo,libero,48 EUR,32 EUR
2026-09-20 12:00,2026-09-20,Sun,festivo,SPH - Venezia,sph-venezia,Campo 3,coperto,13:00,pranzo,libero,48 EUR,32 EUR
2026-09-20 12:00,2026-09-20,Sun,festivo,SPH - Venezia,sph-venezia,Campo 3,coperto,13:30,pranzo,libero,48 EUR,32 EUR
2026-09-20 12:00,2026-09-20,Sun,festivo,SPH - Venezia,sph-venezia,Campo 3,coperto,14:00,pomeriggio,libero,48 EUR,32 EUR
2026-09-20 12:00,2026-09-20,Sun,festivo,SPH - Venezia,sph-venezia,Campo 4 | B3 Capital,coperto,12:30,pranzo,libero,48 EUR,32 EUR
2026-09-20 12:00,2026-09-20,Sun,festivo,SPH - Venezia,sph-venezia,Campo 4 | B3 Capital,coperto,13:00,pranzo,libero,48 EUR,32 EUR
2026-09-20 12:00,2026-09-20,Sun,festivo,SPH - Venezia,sph-venezia,Campo 4 | B3 Capital,coperto,13:30,pranzo,libero,48 EUR,32 EUR
2026-09-20 12:00,2026-09-20,Sun,festivo,SPH - Venezia,sph-venezia,Campo 4 | B3 Capital,coperto,14:00,pomeriggio,libero,48 EUR,32 EUR
2026-09-20 12:00,2026-09-20,Sun,festivo,SPH - Venezia,sph-venezia,Campo 5 | Bassetto Impianti,coperto,12:30,pranzo,libero,48 EUR,32 EUR
2026-09-20 12:00,2026-09-20,Sun,festivo,SPH - Venezia,sph-venezia,Campo 5 | Bassetto Impianti,coperto,13:00,pranzo,libero,48 EUR,32 EUR
2026-09-20 12:00,2026-09-20,Sun,festivo,SPH - Venezia,sph-venezia,Campo 5 | Bassetto Impianti,coperto,13:30,pranzo,libero,48 EUR,32 EUR
2026-09-20 12:00,2026-09-20,Sun,festivo,SPH - Venezia,sph-venezia,Campo 5 | Bassetto Impianti,coperto,14:00,pomeriggio,libero,48 EUR,32 EUR
2026-09-20 12:00,2026-09-20,Sun,festivo,Padel Treviso,padel-treviso,1 Esterno,scoperto,12:30,pranzo,libero,40 EUR,32 EUR
2026-09-20 12:00,2026-09-20,Sun,festivo,Padel Treviso,padel-treviso,1 Esterno,scoperto,13:00,pranzo,libero,40 EUR,32 EUR
2026-09-20 12:00,2026-09-20,Sun,festivo,Padel Treviso,padel-treviso,1 Esterno,scoperto,13:30,pranzo,libero,40 EUR,32 EUR
2026-09-20 12:00,2026-09-20,Sun,festivo,Padel Treviso,padel-treviso,1 Esterno,scoperto,14:00,pomeriggio,libero,40 EUR,32 EUR
2026-09-20 12:00,2026-09-20,Sun,festivo,Padel Treviso,padel-treviso,2 Esterno,scoperto,12:30,pranzo,occupato,,
2026-09-20 12:00,2026-09-20,Sun,festivo,Padel Treviso,padel-treviso,2 Esterno,scoperto,13:00,pranzo,occupato,,
2026-09-20 12:00,2026-09-20,Sun,festivo,Padel Treviso,padel-treviso,2 Esterno,scoperto,13:30,pranzo,occupato,,
2026-09-20 12:00,2026-09-20,Sun,festivo,Padel Treviso,padel-treviso,2 Esterno,scoperto,14:00,pomeriggio,occupato,,
2026-09-20 12:00,2026-09-20,Sun,festivo,Padel Treviso,padel-treviso,3 COPERTO,coperto,12:30,pranzo,libero,56 EUR,
2026-09-20 12:00,2026-09-20,Sun,festivo,Padel Treviso,padel-treviso,3 COPERTO,coperto,13:00,pranzo,libero,,
2026-09-20 12:00,2026-09-20,Sun,festivo,Padel Treviso,padel-treviso,3 COPERTO,coperto,13:30,pranzo,libero,,
2026-09-20 12:00,2026-09-20,Sun,festivo,Padel Treviso,padel-treviso,3 COPERTO,coperto,14:00,pomeriggio,libero,56 EUR,
2026-09-20 12:00,2026-09-20,Sun,festivo,Padel Treviso,padel-treviso,4 COPERTO,coperto,12:30,pranzo,libero,56 EUR,
2026-09-20 12:00,2026-09-20,Sun,festivo,Padel Treviso,padel-treviso,4 COPERTO,coperto,13:00,pranzo,libero,,
2026-09-20 12:00,2026-09-20,Sun,festivo,Padel Treviso,padel-treviso,4 COPERTO,coperto,13:30,pranzo,libero,,
2026-09-20 12:00,2026-09-20,Sun,festivo,Padel Treviso,padel-treviso,4 COPERTO,coperto,14:00,pomeriggio,libero,56 EUR,
2026-09-20 12:00,2026-09-20,Sun,festivo,Padel Treviso,padel-treviso,Kuikma Indoor,coperto,12:30,pranzo,libero,,
2026-09-20 12:00,2026-09-20,Sun,festivo,Padel Treviso,padel-treviso,Kuikma Indoor,coperto,13:00,pranzo,libero,,
2026-09-20 12:00,2026-09-20,Sun,festivo,Padel Treviso,padel-treviso,Kuikma Indoor,coperto,13:30,pranzo,libero,56 EUR,
2026-09-20 12:00,2026-09-20,Sun,festivo,Padel Treviso,padel-treviso,Kuikma Indoor,coperto,14:00,pomeriggio,libero,,
2026-09-20 12:00,2026-09-20,Sun,festivo,Padel Treviso,padel-treviso,6 Indoor,coperto,12:30,pranzo,libero,,
2026-09-20 12:00,2026-09-20,Sun,festivo,Padel Treviso,padel-treviso,6 Indoor,coperto,13:00,pranzo,libero,,
2026-09-20 12:00,2026-09-20,Sun,festivo,Padel Treviso,padel-treviso,6 Indoor,coperto,13:30,pranzo,occupato,,
2026-09-20 12:00,2026-09-20,Sun,festivo,Padel Treviso,padel-treviso,6 Indoor,coperto,14:00,pomeriggio,occupato,,
2026-09-20 12:00,2026-09-20,Sun,festivo,Padel Treviso,padel-treviso,My Gym City Indoor,coperto,12:30,pranzo,libero,,
2026-09-20 12:00,2026-09-20,Sun,festivo,Padel Treviso,padel-treviso,My Gym City Indoor,coperto,13:00,pranzo,libero,,
2026-09-20 12:00,2026-09-20,Sun,festivo,Padel Treviso,padel-treviso,My Gym City Indoor,coperto,13:30,pranzo,libero,56 EUR,
2026-09-20 12:00,2026-09-20,Sun,festivo,Padel Treviso,padel-treviso,My Gym City Indoor,coperto,14:00,pomeriggio,libero,,
2026-09-20 12:00,2026-09-20,Sun,festivo,Padel Treviso,padel-treviso,8 Esterno,scoperto,12:30,pranzo,libero,,
2026-09-20 12:00,2026-09-20,Sun,festivo,Padel Treviso,padel-treviso,8 Esterno,scoperto,13:00,pranzo,libero,,
2026-09-20 12:00,2026-09-20,Sun,festivo,Padel Treviso,padel-treviso,8 Esterno,scoperto,13:30,pranzo,libero,40 EUR,
2026-09-20 12:00,2026-09-20,Sun,festivo,Padel Treviso,padel-treviso,8 Esterno,scoperto,14:00,pomeriggio,libero,,
2026-09-20 12:00,2026-09-20,Sun,festivo,Padel Treviso,padel-treviso,9 Gioielleria Minotto Istrana,coperto,12:30,pranzo,libero,,
2026-09-20 12:00,2026-09-20,Sun,festivo,Padel Treviso,padel-treviso,9 Gioielleria Minotto Istrana,coperto,13:00,pranzo,libero,56 EUR,
2026-09-20 12:00,2026-09-20,Sun,festivo,Padel Treviso,padel-treviso,9 Gioielleria Minotto Istrana,coperto,13:30,pranzo,libero,,
2026-09-20 12:00,2026-09-20,Sun,festivo,Padel Treviso,padel-treviso,9 Gioielleria Minotto Istrana,coperto,14:00,pomeriggio,libero,,
2026-09-20 12:00,2026-09-20,Sun,festivo,Padel Treviso,padel-treviso,10 Gioielleria Minotto Istrana,coperto,12:30,pranzo,libero,,
2026-09-20 12:00,2026-09-20,Sun,festivo,Padel Treviso,padel-treviso,10 Gioielleria Minotto Istrana,coperto,13:00,pranzo,libero,56 EUR,
2026-09-20 12:00,2026-09-20,Sun,festivo,Padel Treviso,padel-treviso,10 Gioielleria Minotto Istrana,coperto,13:30,pranzo,libero,,
2026-09-20 12:00,2026-09-20,Sun,festivo,Padel Treviso,padel-treviso,10 Gioielleria Minotto Istrana,coperto,14:00,pomeriggio,libero,,
2026-09-20 12:00,2026-09-20,Sun,festivo,Padel Treviso,padel-treviso,Singolo A Esterno,scoperto,12:30,pranzo,libero,24 EUR,20 EUR
2026-09-20 12:00,2026-09-20,Sun,festivo,Padel Treviso,padel-treviso,Singolo A Esterno,scoperto,13:00,pranzo,libero,24 EUR,20 EUR
2026-09-20 12:00,2026-09-20,Sun,festivo,Padel Treviso,padel-treviso,Singolo A Esterno,scoperto,13:30,pranzo,libero,24 EUR,20 EUR
2026-09-20 12:00,2026-09-20,Sun,festivo,Padel Treviso,padel-treviso,Singolo A Esterno,scoperto,14:00,pomeriggio,libero,24 EUR,20 EUR
2026-09-20 12:00,2026-09-20,Sun,festivo,Padel Treviso,padel-treviso,Singolo B Esterno,scoperto,12:30,pranzo,libero,24 EUR,20 EUR
2026-09-20 12:00,2026-09-20,Sun,festivo,Padel Treviso,padel-treviso,Singolo B Esterno,scoperto,13:00,pranzo,libero,24 EUR,20 EUR
2026-09-20 12:00,2026-09-20,Sun,festivo,Padel Treviso,padel-treviso,Singolo B Esterno,scoperto,13:30,pranzo,libero,24 EUR,20 EUR
2026-09-20 12:00,2026-09-20,Sun,festivo,Padel Treviso,padel-treviso,Singolo B Esterno,scoperto,14:00,pomeriggio,libero,24 EUR,20 EUR
2026-09-20 14:00,2026-09-20,Sun,festivo,Sporting Club Mestre,sporting-club-mestre,Campo Giallo,scoperto,14:30,pomeriggio,libero,,24 EUR
2026-09-20 14:00,2026-09-20,Sun,festivo,Sporting Club Mestre,sporting-club-mestre,Campo Giallo,scoperto,15:00,pomeriggio,libero,,
2026-09-20 14:00,2026-09-20,Sun,festivo,Sporting Club Mestre,sporting-club-mestre,Campo Giallo,scoperto,15:30,pomeriggio,occupato,,
2026-09-20 14:00,2026-09-20,Sun,festivo,Sporting Club Mestre,sporting-club-mestre,Campo Giallo,scoperto,16:00,pomeriggio,occupato,,
2026-09-20 14:00,2026-09-20,Sun,festivo,Sporting Club Mestre,sporting-club-mestre,Campo Rosso,scoperto,14:30,pomeriggio,occupato,,
2026-09-20 14:00,2026-09-20,Sun,festivo,Sporting Club Mestre,sporting-club-mestre,Campo Rosso,scoperto,15:00,pomeriggio,occupato,,
2026-09-20 14:00,2026-09-20,Sun,festivo,Sporting Club Mestre,sporting-club-mestre,Campo Rosso,scoperto,15:30,pomeriggio,occupato,,
2026-09-20 14:00,2026-09-20,Sun,festivo,Sporting Club Mestre,sporting-club-mestre,Campo Rosso,scoperto,16:00,pomeriggio,occupato,,
2026-09-20 14:00,2026-09-20,Sun,festivo,Sporting Club Mestre,sporting-club-mestre,campo coperto 1,coperto,14:30,pomeriggio,occupato,,
2026-09-20 14:00,2026-09-20,Sun,festivo,Sporting Club Mestre,sporting-club-mestre,campo coperto 1,coperto,15:00,pomeriggio,occupato,,
2026-09-20 14:00,2026-09-20,Sun,festivo,Sporting Club Mestre,sporting-club-mestre,campo coperto 1,coperto,15:30,pomeriggio,occupato,,
2026-09-20 14:00,2026-09-20,Sun,festivo,Sporting Club Mestre,sporting-club-mestre,campo coperto 1,coperto,16:00,pomeriggio,occupato,,
2026-09-20 14:00,2026-09-20,Sun,festivo,Sporting Club Mestre,sporting-club-mestre,campo coperto 2,coperto,14:30,pomeriggio,occupato,,
2026-09-20 14:00,2026-09-20,Sun,festivo,Sporting Club Mestre,sporting-club-mestre,campo coperto 2,coperto,15:00,pomeriggio,occupato,,
2026-09-20 14:00,2026-09-20,Sun,festivo,Sporting Club Mestre,sporting-club-mestre,campo coperto 2,coperto,15:30,pomeriggio,occupato,,
2026-09-20 14:00,2026-09-20,Sun,festivo,Sporting Club Mestre,sporting-club-mestre,campo coperto 2,coperto,16:00,pomeriggio,occupato,,
2026-09-20 14:00,2026-09-20,Sun,festivo,Aquafit Padel,aquafit-padel,Padel 1,scoperto,14:30,pomeriggio,occupato,,
2026-09-20 14:00,2026-09-20,Sun,festivo,Aquafit Padel,aquafit-padel,Padel 1,scoperto,15:00,pomeriggio,occupato,,
2026-09-20 14:00,2026-09-20,Sun,festivo,Aquafit Padel,aquafit-padel,Padel 1,scoperto,15:30,pomeriggio,occupato,,
2026-09-20 14:00,2026-09-20,Sun,festivo,Aquafit Padel,aquafit-padel,Padel 1,scoperto,16:00,pomeriggio,occupato,,
2026-09-20 14:00,2026-09-20,Sun,festivo,Aquafit Padel,aquafit-padel,Padel 2,scoperto,14:30,pomeriggio,occupato,,
2026-09-20 14:00,2026-09-20,Sun,festivo,Aquafit Padel,aquafit-padel,Padel 2,scoperto,15:00,pomeriggio,occupato,,
2026-09-20 14:00,2026-09-20,Sun,festivo,Aquafit Padel,aquafit-padel,Padel 2,scoperto,15:30,pomeriggio,occupato,,
2026-09-20 14:00,2026-09-20,Sun,festivo,Aquafit Padel,aquafit-padel,Padel 2,scoperto,16:00,pomeriggio,occupato,,
2026-09-20 14:00,2026-09-20,Sun,festivo,SPH - Venezia,sph-venezia,Campo 1,coperto,14:30,pomeriggio,libero,48 EUR,32 EUR
2026-09-20 14:00,2026-09-20,Sun,festivo,SPH - Venezia,sph-venezia,Campo 1,coperto,15:00,pomeriggio,libero,48 EUR,32 EUR
2026-09-20 14:00,2026-09-20,Sun,festivo,SPH - Venezia,sph-venezia,Campo 1,coperto,15:30,pomeriggio,libero,48 EUR,32 EUR
2026-09-20 14:00,2026-09-20,Sun,festivo,SPH - Venezia,sph-venezia,Campo 1,coperto,16:00,pomeriggio,libero,48 EUR,32 EUR
2026-09-20 14:00,2026-09-20,Sun,festivo,SPH - Venezia,sph-venezia,Campo 2,coperto,14:30,pomeriggio,occupato,,
2026-09-20 14:00,2026-09-20,Sun,festivo,SPH - Venezia,sph-venezia,Campo 2,coperto,15:00,pomeriggio,occupato,,
2026-09-20 14:00,2026-09-20,Sun,festivo,SPH - Venezia,sph-venezia,Campo 2,coperto,15:30,pomeriggio,occupato,,
2026-09-20 14:00,2026-09-20,Sun,festivo,SPH - Venezia,sph-venezia,Campo 2,coperto,16:00,pomeriggio,libero,48 EUR,32 EUR
2026-09-20 14:00,2026-09-20,Sun,festivo,SPH - Venezia,sph-venezia,Campo 3,coperto,14:30,pomeriggio,libero,48 EUR,32 EUR
2026-09-20 14:00,2026-09-20,Sun,festivo,SPH - Venezia,sph-venezia,Campo 3,coperto,15:00,pomeriggio,libero,48 EUR,32 EUR
2026-09-20 14:00,2026-09-20,Sun,festivo,SPH - Venezia,sph-venezia,Campo 3,coperto,15:30,pomeriggio,libero,48 EUR,32 EUR
2026-09-20 14:00,2026-09-20,Sun,festivo,SPH - Venezia,sph-venezia,Campo 3,coperto,16:00,pomeriggio,libero,48 EUR,32 EUR
2026-09-20 14:00,2026-09-20,Sun,festivo,SPH - Venezia,sph-venezia,Campo 4 | B3 Capital,coperto,14:30,pomeriggio,libero,48 EUR,32 EUR
2026-09-20 14:00,2026-09-20,Sun,festivo,SPH - Venezia,sph-venezia,Campo 4 | B3 Capital,coperto,15:00,pomeriggio,libero,48 EUR,32 EUR
2026-09-20 14:00,2026-09-20,Sun,festivo,SPH - Venezia,sph-venezia,Campo 4 | B3 Capital,coperto,15:30,pomeriggio,libero,48 EUR,32 EUR
2026-09-20 14:00,2026-09-20,Sun,festivo,SPH - Venezia,sph-venezia,Campo 4 | B3 Capital,coperto,16:00,pomeriggio,libero,48 EUR,32 EUR
2026-09-20 14:00,2026-09-20,Sun,festivo,SPH - Venezia,sph-venezia,Campo 5 | Bassetto Impianti,coperto,14:30,pomeriggio,libero,48 EUR,32 EUR
2026-09-20 14:00,2026-09-20,Sun,festivo,SPH - Venezia,sph-venezia,Campo 5 | Bassetto Impianti,coperto,15:00,pomeriggio,libero,48 EUR,32 EUR
2026-09-20 14:00,2026-09-20,Sun,festivo,SPH - Venezia,sph-venezia,Campo 5 | Bassetto Impianti,coperto,15:30,pomeriggio,libero,48 EUR,32 EUR
2026-09-20 14:00,2026-09-20,Sun,festivo,SPH - Venezia,sph-venezia,Campo 5 | Bassetto Impianti,coperto,16:00,pomeriggio,libero,48 EUR,32 EUR
2026-09-20 14:00,2026-09-20,Sun,festivo,Padel Treviso,padel-treviso,1 Esterno,scoperto,14:30,pomeriggio,libero,40 EUR,32 EUR
2026-09-20 14:00,2026-09-20,Sun,festivo,Padel Treviso,padel-treviso,1 Esterno,scoperto,15:00,pomeriggio,libero,40 EUR,32 EUR
2026-09-20 14:00,2026-09-20,Sun,festivo,Padel Treviso,padel-treviso,1 Esterno,scoperto,15:30,pomeriggio,libero,40 EUR,32 EUR
2026-09-20 14:00,2026-09-20,Sun,festivo,Padel Treviso,padel-treviso,1 Esterno,scoperto,16:00,pomeriggio,libero,,32 EUR
2026-09-20 14:00,2026-09-20,Sun,festivo,Padel Treviso,padel-treviso,2 Esterno,scoperto,14:30,pomeriggio,occupato,,
2026-09-20 14:00,2026-09-20,Sun,festivo,Padel Treviso,padel-treviso,2 Esterno,scoperto,15:00,pomeriggio,occupato,,
2026-09-20 14:00,2026-09-20,Sun,festivo,Padel Treviso,padel-treviso,2 Esterno,scoperto,15:30,pomeriggio,libero,40 EUR,
2026-09-20 14:00,2026-09-20,Sun,festivo,Padel Treviso,padel-treviso,2 Esterno,scoperto,16:00,pomeriggio,libero,,
2026-09-20 14:00,2026-09-20,Sun,festivo,Padel Treviso,padel-treviso,3 COPERTO,coperto,14:30,pomeriggio,libero,,
2026-09-20 14:00,2026-09-20,Sun,festivo,Padel Treviso,padel-treviso,3 COPERTO,coperto,15:00,pomeriggio,libero,,
2026-09-20 14:00,2026-09-20,Sun,festivo,Padel Treviso,padel-treviso,3 COPERTO,coperto,15:30,pomeriggio,libero,56 EUR,
2026-09-20 14:00,2026-09-20,Sun,festivo,Padel Treviso,padel-treviso,3 COPERTO,coperto,16:00,pomeriggio,libero,,
2026-09-20 14:00,2026-09-20,Sun,festivo,Padel Treviso,padel-treviso,4 COPERTO,coperto,14:30,pomeriggio,libero,,
2026-09-20 14:00,2026-09-20,Sun,festivo,Padel Treviso,padel-treviso,4 COPERTO,coperto,15:00,pomeriggio,libero,,
2026-09-20 14:00,2026-09-20,Sun,festivo,Padel Treviso,padel-treviso,4 COPERTO,coperto,15:30,pomeriggio,libero,56 EUR,
2026-09-20 14:00,2026-09-20,Sun,festivo,Padel Treviso,padel-treviso,4 COPERTO,coperto,16:00,pomeriggio,libero,,
2026-09-20 14:00,2026-09-20,Sun,festivo,Padel Treviso,padel-treviso,Kuikma Indoor,coperto,14:30,pomeriggio,libero,,
2026-09-20 14:00,2026-09-20,Sun,festivo,Padel Treviso,padel-treviso,Kuikma Indoor,coperto,15:00,pomeriggio,libero,56 EUR,
2026-09-20 14:00,2026-09-20,Sun,festivo,Padel Treviso,padel-treviso,Kuikma Indoor,coperto,15:30,pomeriggio,libero,,
2026-09-20 14:00,2026-09-20,Sun,festivo,Padel Treviso,padel-treviso,Kuikma Indoor,coperto,16:00,pomeriggio,libero,,
2026-09-20 14:00,2026-09-20,Sun,festivo,Padel Treviso,padel-treviso,6 Indoor,coperto,14:30,pomeriggio,occupato,,
2026-09-20 14:00,2026-09-20,Sun,festivo,Padel Treviso,padel-treviso,6 Indoor,coperto,15:00,pomeriggio,occupato,,
2026-09-20 14:00,2026-09-20,Sun,festivo,Padel Treviso,padel-treviso,6 Indoor,coperto,15:30,pomeriggio,occupato,,
2026-09-20 14:00,2026-09-20,Sun,festivo,Padel Treviso,padel-treviso,6 Indoor,coperto,16:00,pomeriggio,occupato,,
2026-09-20 14:00,2026-09-20,Sun,festivo,Padel Treviso,padel-treviso,My Gym City Indoor,coperto,14:30,pomeriggio,libero,,
2026-09-20 14:00,2026-09-20,Sun,festivo,Padel Treviso,padel-treviso,My Gym City Indoor,coperto,15:00,pomeriggio,libero,56 EUR,
2026-09-20 14:00,2026-09-20,Sun,festivo,Padel Treviso,padel-treviso,My Gym City Indoor,coperto,15:30,pomeriggio,libero,,
2026-09-20 14:00,2026-09-20,Sun,festivo,Padel Treviso,padel-treviso,My Gym City Indoor,coperto,16:00,pomeriggio,libero,,
2026-09-20 14:00,2026-09-20,Sun,festivo,Padel Treviso,padel-treviso,8 Esterno,scoperto,14:30,pomeriggio,libero,,
2026-09-20 14:00,2026-09-20,Sun,festivo,Padel Treviso,padel-treviso,8 Esterno,scoperto,15:00,pomeriggio,occupato,,
2026-09-20 14:00,2026-09-20,Sun,festivo,Padel Treviso,padel-treviso,8 Esterno,scoperto,15:30,pomeriggio,occupato,,
2026-09-20 14:00,2026-09-20,Sun,festivo,Padel Treviso,padel-treviso,8 Esterno,scoperto,16:00,pomeriggio,occupato,,
2026-09-20 14:00,2026-09-20,Sun,festivo,Padel Treviso,padel-treviso,9 Gioielleria Minotto Istrana,coperto,14:30,pomeriggio,libero,56 EUR,
2026-09-20 14:00,2026-09-20,Sun,festivo,Padel Treviso,padel-treviso,9 Gioielleria Minotto Istrana,coperto,15:00,pomeriggio,libero,,
2026-09-20 14:00,2026-09-20,Sun,festivo,Padel Treviso,padel-treviso,9 Gioielleria Minotto Istrana,coperto,15:30,pomeriggio,libero,,
2026-09-20 14:00,2026-09-20,Sun,festivo,Padel Treviso,padel-treviso,9 Gioielleria Minotto Istrana,coperto,16:00,pomeriggio,libero,56 EUR,
2026-09-20 14:00,2026-09-20,Sun,festivo,Padel Treviso,padel-treviso,10 Gioielleria Minotto Istrana,coperto,14:30,pomeriggio,libero,56 EUR,
2026-09-20 14:00,2026-09-20,Sun,festivo,Padel Treviso,padel-treviso,10 Gioielleria Minotto Istrana,coperto,15:00,pomeriggio,libero,,
2026-09-20 14:00,2026-09-20,Sun,festivo,Padel Treviso,padel-treviso,10 Gioielleria Minotto Istrana,coperto,15:30,pomeriggio,libero,,
2026-09-20 14:00,2026-09-20,Sun,festivo,Padel Treviso,padel-treviso,10 Gioielleria Minotto Istrana,coperto,16:00,pomeriggio,libero,56 EUR,
2026-09-20 14:00,2026-09-20,Sun,festivo,Padel Treviso,padel-treviso,Singolo A Esterno,scoperto,14:30,pomeriggio,libero,24 EUR,
2026-09-20 14:00,2026-09-20,Sun,festivo,Padel Treviso,padel-treviso,Singolo A Esterno,scoperto,15:00,pomeriggio,libero,,20 EUR
2026-09-20 14:00,2026-09-20,Sun,festivo,Padel Treviso,padel-treviso,Singolo A Esterno,scoperto,15:30,pomeriggio,libero,,
2026-09-20 14:00,2026-09-20,Sun,festivo,Padel Treviso,padel-treviso,Singolo A Esterno,scoperto,16:00,pomeriggio,occupato,,
2026-09-20 14:00,2026-09-20,Sun,festivo,Padel Treviso,padel-treviso,Singolo B Esterno,scoperto,14:30,pomeriggio,libero,24 EUR,20 EUR
2026-09-20 14:00,2026-09-20,Sun,festivo,Padel Treviso,padel-treviso,Singolo B Esterno,scoperto,15:00,pomeriggio,libero,24 EUR,20 EUR
2026-09-20 14:00,2026-09-20,Sun,festivo,Padel Treviso,padel-treviso,Singolo B Esterno,scoperto,15:30,pomeriggio,libero,24 EUR,20 EUR
2026-09-20 14:00,2026-09-20,Sun,festivo,Padel Treviso,padel-treviso,Singolo B Esterno,scoperto,16:00,pomeriggio,libero,,20 EUR
2026-09-20 14:00,2026-09-20,Sun,festivo,Altino Sport Village,altino-sport-village,Padel 1,coperto,14:30,pomeriggio,libero,,
2026-09-20 14:00,2026-09-20,Sun,festivo,Altino Sport Village,altino-sport-village,Padel 1,coperto,15:00,pomeriggio,occupato,,
2026-09-20 14:00,2026-09-20,Sun,festivo,Altino Sport Village,altino-sport-village,Padel 1,coperto,15:30,pomeriggio,occupato,,
2026-09-20 14:00,2026-09-20,Sun,festivo,Altino Sport Village,altino-sport-village,Padel 1,coperto,16:00,pomeriggio,libero,,40 EUR
2026-09-20 14:00,2026-09-20,Sun,festivo,Altino Sport Village,altino-sport-village,Padel 2,coperto,14:30,pomeriggio,libero,50 EUR,40 EUR
2026-09-20 14:00,2026-09-20,Sun,festivo,Altino Sport Village,altino-sport-village,Padel 2,coperto,15:00,pomeriggio,libero,50 EUR,40 EUR
2026-09-20 14:00,2026-09-20,Sun,festivo,Altino Sport Village,altino-sport-village,Padel 2,coperto,15:30,pomeriggio,libero,50 EUR,40 EUR
2026-09-20 14:00,2026-09-20,Sun,festivo,Altino Sport Village,altino-sport-village,Padel 2,coperto,16:00,pomeriggio,libero,,40 EUR
2026-09-20 14:00,2026-09-20,Sun,festivo,Barchessa Padel e Pikleball,barchessa-pickleball,PADEL 1,coperto,14:30,pomeriggio,occupato,,
2026-09-20 14:00,2026-09-20,Sun,festivo,Barchessa Padel e Pikleball,barchessa-pickleball,PADEL 1,coperto,15:00,pomeriggio,occupato,,
2026-09-20 14:00,2026-09-20,Sun,festivo,Barchessa Padel e Pikleball,barchessa-pickleball,PADEL 1,coperto,15:30,pomeriggio,occupato,,
2026-09-20 14:00,2026-09-20,Sun,festivo,Barchessa Padel e Pikleball,barchessa-pickleball,PADEL 1,coperto,16:00,pomeriggio,occupato,,
2026-09-20 14:00,2026-09-20,Sun,festivo,Barchessa Padel e Pikleball,barchessa-pickleball,PADEL  2,coperto,14:30,pomeriggio,libero,40 EUR,27 EUR
2026-09-20 14:00,2026-09-20,Sun,festivo,Barchessa Padel e Pikleball,barchessa-pickleball,PADEL  2,coperto,15:00,pomeriggio,libero,,27 EUR
2026-09-20 14:00,2026-09-20,Sun,festivo,Barchessa Padel e Pikleball,barchessa-pickleball,PADEL  2,coperto,15:30,pomeriggio,libero,,
2026-09-20 14:00,2026-09-20,Sun,festivo,Barchessa Padel e Pikleball,barchessa-pickleball,PADEL  2,coperto,16:00,pomeriggio,occupato,,
2026-09-20 14:00,2026-09-20,Sun,festivo,Barchessa Padel e Pikleball,barchessa-pickleball,PADEL  3,coperto,14:30,pomeriggio,libero,40 EUR,27 EUR
2026-09-20 14:00,2026-09-20,Sun,festivo,Barchessa Padel e Pikleball,barchessa-pickleball,PADEL  3,coperto,15:00,pomeriggio,libero,,27 EUR
2026-09-20 14:00,2026-09-20,Sun,festivo,Barchessa Padel e Pikleball,barchessa-pickleball,PADEL  3,coperto,15:30,pomeriggio,libero,,
2026-09-20 14:00,2026-09-20,Sun,festivo,Barchessa Padel e Pikleball,barchessa-pickleball,PADEL  3,coperto,16:00,pomeriggio,occupato,,
2026-09-20 14:00,2026-09-20,Sun,festivo,H-FARM CAMPUS,h-farm-campus,Padel 1,scoperto,14:30,pomeriggio,libero,80 EUR,
2026-09-20 14:00,2026-09-20,Sun,festivo,H-FARM CAMPUS,h-farm-campus,Padel 1,scoperto,15:00,pomeriggio,libero,80 EUR,
2026-09-20 14:00,2026-09-20,Sun,festivo,H-FARM CAMPUS,h-farm-campus,Padel 1,scoperto,15:30,pomeriggio,libero,80 EUR,
2026-09-20 14:00,2026-09-20,Sun,festivo,H-FARM CAMPUS,h-farm-campus,Padel 1,scoperto,16:00,pomeriggio,libero,80 EUR,
2026-09-20 14:00,2026-09-20,Sun,festivo,H-FARM CAMPUS,h-farm-campus,Padel 2,scoperto,14:30,pomeriggio,libero,80 EUR,
2026-09-20 14:00,2026-09-20,Sun,festivo,H-FARM CAMPUS,h-farm-campus,Padel 2,scoperto,15:00,pomeriggio,libero,80 EUR,
2026-09-20 14:00,2026-09-20,Sun,festivo,H-FARM CAMPUS,h-farm-campus,Padel 2,scoperto,15:30,pomeriggio,libero,80 EUR,
2026-09-20 14:00,2026-09-20,Sun,festivo,H-FARM CAMPUS,h-farm-campus,Padel 2,scoperto,16:00,pomeriggio,libero,80 EUR,
2026-09-20 14:00,2026-09-20,Sun,festivo,SPH - Treviso Sporting,sph-treviso-sporting,Campo 4,coperto,14:30,pomeriggio,libero,50 EUR,36 EUR
2026-09-20 14:00,2026-09-20,Sun,festivo,SPH - Treviso Sporting,sph-treviso-sporting,Campo 4,coperto,15:00,pomeriggio,libero,50 EUR,36 EUR
2026-09-20 14:00,2026-09-20,Sun,festivo,SPH - Treviso Sporting,sph-treviso-sporting,Campo 4,coperto,15:30,pomeriggio,libero,,36 EUR
2026-09-20 14:00,2026-09-20,Sun,festivo,SPH - Treviso Sporting,sph-treviso-sporting,Campo 4,coperto,16:00,pomeriggio,libero,50 EUR,
2026-09-20 14:00,2026-09-20,Sun,festivo,SPH - Treviso Sporting,sph-treviso-sporting,Campo 5,coperto,14:30,pomeriggio,libero,,
2026-09-20 14:00,2026-09-20,Sun,festivo,SPH - Treviso Sporting,sph-treviso-sporting,Campo 5,coperto,15:00,pomeriggio,occupato,,
2026-09-20 14:00,2026-09-20,Sun,festivo,SPH - Treviso Sporting,sph-treviso-sporting,Campo 5,coperto,15:30,pomeriggio,occupato,,
2026-09-20 14:00,2026-09-20,Sun,festivo,SPH - Treviso Sporting,sph-treviso-sporting,Campo 5,coperto,16:00,pomeriggio,occupato,,
2026-09-20 14:00,2026-09-20,Sun,festivo,SPH - Treviso Sporting,sph-treviso-sporting,Campo 6,coperto,14:30,pomeriggio,libero,50 EUR,36 EUR
2026-09-20 14:00,2026-09-20,Sun,festivo,SPH - Treviso Sporting,sph-treviso-sporting,Campo 6,coperto,15:00,pomeriggio,libero,50 EUR,36 EUR
2026-09-20 14:00,2026-09-20,Sun,festivo,SPH - Treviso Sporting,sph-treviso-sporting,Campo 6,coperto,15:30,pomeriggio,libero,,36 EUR
2026-09-20 14:00,2026-09-20,Sun,festivo,SPH - Treviso Sporting,sph-treviso-sporting,Campo 6,coperto,16:00,pomeriggio,libero,50 EUR,
2026-09-20 14:00,2026-09-20,Sun,festivo,SPH - Treviso Sporting,sph-treviso-sporting,Campo 7,coperto,14:30,pomeriggio,libero,50 EUR,36 EUR
2026-09-20 14:00,2026-09-20,Sun,festivo,SPH - Treviso Sporting,sph-treviso-sporting,Campo 7,coperto,15:00,pomeriggio,libero,50 EUR,36 EUR
2026-09-20 14:00,2026-09-20,Sun,festivo,SPH - Treviso Sporting,sph-treviso-sporting,Campo 7,coperto,15:30,pomeriggio,libero,,36 EUR
2026-09-20 14:00,2026-09-20,Sun,festivo,SPH - Treviso Sporting,sph-treviso-sporting,Campo 7,coperto,16:00,pomeriggio,libero,50 EUR,
2026-09-20 14:00,2026-09-20,Sun,festivo,SPH - Treviso Sporting,sph-treviso-sporting,Campo 1,scoperto,14:30,pomeriggio,libero,40 EUR,28 EUR
2026-09-20 14:00,2026-09-20,Sun,festivo,SPH - Treviso Sporting,sph-treviso-sporting,Campo 1,scoperto,15:00,pomeriggio,libero,40 EUR,28 EUR
2026-09-20 14:00,2026-09-20,Sun,festivo,SPH - Treviso Sporting,sph-treviso-sporting,Campo 1,scoperto,15:30,pomeriggio,libero,,28 EUR
2026-09-20 14:00,2026-09-20,Sun,festivo,SPH - Treviso Sporting,sph-treviso-sporting,Campo 1,scoperto,16:00,pomeriggio,libero,40 EUR,
2026-09-20 14:00,2026-09-20,Sun,festivo,SPH - Treviso Sporting,sph-treviso-sporting,Campo 2,scoperto,14:30,pomeriggio,libero,40 EUR,28 EUR
2026-09-20 14:00,2026-09-20,Sun,festivo,SPH - Treviso Sporting,sph-treviso-sporting,Campo 2,scoperto,15:00,pomeriggio,libero,40 EUR,28 EUR
2026-09-20 14:00,2026-09-20,Sun,festivo,SPH - Treviso Sporting,sph-treviso-sporting,Campo 2,scoperto,15:30,pomeriggio,libero,,28 EUR
2026-09-20 14:00,2026-09-20,Sun,festivo,SPH - Treviso Sporting,sph-treviso-sporting,Campo 2,scoperto,16:00,pomeriggio,libero,40 EUR,
2026-09-20 14:00,2026-09-20,Sun,festivo,SPH - Treviso Sporting,sph-treviso-sporting,Campo 3,scoperto,14:30,pomeriggio,libero,40 EUR,28 EUR
2026-09-20 14:00,2026-09-20,Sun,festivo,SPH - Treviso Sporting,sph-treviso-sporting,Campo 3,scoperto,15:00,pomeriggio,libero,40 EUR,28 EUR
2026-09-20 14:00,2026-09-20,Sun,festivo,SPH - Treviso Sporting,sph-treviso-sporting,Campo 3,scoperto,15:30,pomeriggio,libero,,28 EUR
2026-09-20 14:00,2026-09-20,Sun,festivo,SPH - Treviso Sporting,sph-treviso-sporting,Campo 3,scoperto,16:00,pomeriggio,libero,40 EUR,
2026-09-20 14:00,2026-09-20,Sun,festivo,Marina Sporting,marina-sporting,Padel 1,scoperto,14:30,pomeriggio,libero,44 EUR,
2026-09-20 14:00,2026-09-20,Sun,festivo,Marina Sporting,marina-sporting,Padel 1,scoperto,15:00,pomeriggio,libero,,
2026-09-20 14:00,2026-09-20,Sun,festivo,Marina Sporting,marina-sporting,Padel 1,scoperto,15:30,pomeriggio,libero,,
2026-09-20 14:00,2026-09-20,Sun,festivo,Marina Sporting,marina-sporting,Padel 1,scoperto,16:00,pomeriggio,libero,44 EUR,
2026-09-20 14:00,2026-09-20,Sun,festivo,Marina Sporting,marina-sporting,Padel 2,scoperto,14:30,pomeriggio,libero,44 EUR,
2026-09-20 14:00,2026-09-20,Sun,festivo,Marina Sporting,marina-sporting,Padel 2,scoperto,15:00,pomeriggio,libero,,
2026-09-20 14:00,2026-09-20,Sun,festivo,Marina Sporting,marina-sporting,Padel 2,scoperto,15:30,pomeriggio,libero,,
2026-09-20 14:00,2026-09-20,Sun,festivo,Marina Sporting,marina-sporting,Padel 2,scoperto,16:00,pomeriggio,libero,44 EUR,
2026-09-20 16:00,2026-09-20,Sun,festivo,Sporting Club Mestre,sporting-club-mestre,Campo Giallo,scoperto,16:30,pomeriggio,occupato,,
2026-09-20 16:00,2026-09-20,Sun,festivo,Sporting Club Mestre,sporting-club-mestre,Campo Giallo,scoperto,17:00,pomeriggio,occupato,,
2026-09-20 16:00,2026-09-20,Sun,festivo,Sporting Club Mestre,sporting-club-mestre,Campo Giallo,scoperto,17:30,pomeriggio,occupato,,
2026-09-20 16:00,2026-09-20,Sun,festivo,Sporting Club Mestre,sporting-club-mestre,Campo Giallo,scoperto,18:00,sera,occupato,,
2026-09-20 16:00,2026-09-20,Sun,festivo,Sporting Club Mestre,sporting-club-mestre,Campo Rosso,scoperto,16:30,pomeriggio,occupato,,
2026-09-20 16:00,2026-09-20,Sun,festivo,Sporting Club Mestre,sporting-club-mestre,Campo Rosso,scoperto,17:00,pomeriggio,occupato,,
2026-09-20 16:00,2026-09-20,Sun,festivo,Sporting Club Mestre,sporting-club-mestre,Campo Rosso,scoperto,17:30,pomeriggio,occupato,,
2026-09-20 16:00,2026-09-20,Sun,festivo,Sporting Club Mestre,sporting-club-mestre,Campo Rosso,scoperto,18:00,sera,occupato,,
2026-09-20 16:00,2026-09-20,Sun,festivo,Sporting Club Mestre,sporting-club-mestre,campo coperto 1,coperto,16:30,pomeriggio,occupato,,
2026-09-20 16:00,2026-09-20,Sun,festivo,Sporting Club Mestre,sporting-club-mestre,campo coperto 1,coperto,17:00,pomeriggio,occupato,,
2026-09-20 16:00,2026-09-20,Sun,festivo,Sporting Club Mestre,sporting-club-mestre,campo coperto 1,coperto,17:30,pomeriggio,occupato,,
2026-09-20 16:00,2026-09-20,Sun,festivo,Sporting Club Mestre,sporting-club-mestre,campo coperto 1,coperto,18:00,sera,occupato,,
2026-09-20 16:00,2026-09-20,Sun,festivo,Sporting Club Mestre,sporting-club-mestre,campo coperto 2,coperto,16:30,pomeriggio,occupato,,
2026-09-20 16:00,2026-09-20,Sun,festivo,Sporting Club Mestre,sporting-club-mestre,campo coperto 2,coperto,17:00,pomeriggio,occupato,,
2026-09-20 16:00,2026-09-20,Sun,festivo,Sporting Club Mestre,sporting-club-mestre,campo coperto 2,coperto,17:30,pomeriggio,occupato,,
2026-09-20 16:00,2026-09-20,Sun,festivo,Sporting Club Mestre,sporting-club-mestre,campo coperto 2,coperto,18:00,sera,occupato,,
2026-09-20 16:00,2026-09-20,Sun,festivo,Aquafit Padel,aquafit-padel,Padel 1,scoperto,16:30,pomeriggio,occupato,,
2026-09-20 16:00,2026-09-20,Sun,festivo,Aquafit Padel,aquafit-padel,Padel 1,scoperto,17:00,pomeriggio,occupato,,
2026-09-20 16:00,2026-09-20,Sun,festivo,Aquafit Padel,aquafit-padel,Padel 1,scoperto,17:30,pomeriggio,occupato,,
2026-09-20 16:00,2026-09-20,Sun,festivo,Aquafit Padel,aquafit-padel,Padel 2,scoperto,16:30,pomeriggio,occupato,,
2026-09-20 16:00,2026-09-20,Sun,festivo,Aquafit Padel,aquafit-padel,Padel 2,scoperto,17:00,pomeriggio,occupato,,
2026-09-20 16:00,2026-09-20,Sun,festivo,Aquafit Padel,aquafit-padel,Padel 2,scoperto,17:30,pomeriggio,occupato,,
2026-09-20 16:00,2026-09-20,Sun,festivo,SPH - Venezia,sph-venezia,Campo 1,coperto,16:30,pomeriggio,libero,48 EUR,32 EUR
2026-09-20 16:00,2026-09-20,Sun,festivo,SPH - Venezia,sph-venezia,Campo 1,coperto,17:00,pomeriggio,libero,,32 EUR
2026-09-20 16:00,2026-09-20,Sun,festivo,SPH - Venezia,sph-venezia,Campo 1,coperto,17:30,pomeriggio,libero,,
2026-09-20 16:00,2026-09-20,Sun,festivo,SPH - Venezia,sph-venezia,Campo 1,coperto,18:00,sera,occupato,,
2026-09-20 16:00,2026-09-20,Sun,festivo,SPH - Venezia,sph-venezia,Campo 2,coperto,16:30,pomeriggio,libero,48 EUR,32 EUR
2026-09-20 16:00,2026-09-20,Sun,festivo,SPH - Venezia,sph-venezia,Campo 2,coperto,17:00,pomeriggio,libero,,32 EUR
2026-09-20 16:00,2026-09-20,Sun,festivo,SPH - Venezia,sph-venezia,Campo 2,coperto,17:30,pomeriggio,libero,,
2026-09-20 16:00,2026-09-20,Sun,festivo,SPH - Venezia,sph-venezia,Campo 2,coperto,18:00,sera,occupato,,
2026-09-20 16:00,2026-09-20,Sun,festivo,SPH - Venezia,sph-venezia,Campo 3,coperto,16:30,pomeriggio,libero,48 EUR,32 EUR
2026-09-20 16:00,2026-09-20,Sun,festivo,SPH - Venezia,sph-venezia,Campo 3,coperto,17:00,pomeriggio,libero,,32 EUR
2026-09-20 16:00,2026-09-20,Sun,festivo,SPH - Venezia,sph-venezia,Campo 3,coperto,17:30,pomeriggio,libero,,
2026-09-20 16:00,2026-09-20,Sun,festivo,SPH - Venezia,sph-venezia,Campo 3,coperto,18:00,sera,occupato,,
2026-09-20 16:00,2026-09-20,Sun,festivo,SPH - Venezia,sph-venezia,Campo 4 | B3 Capital,coperto,16:30,pomeriggio,libero,48 EUR,32 EUR
2026-09-20 16:00,2026-09-20,Sun,festivo,SPH - Venezia,sph-venezia,Campo 4 | B3 Capital,coperto,17:00,pomeriggio,libero,,32 EUR
2026-09-20 16:00,2026-09-20,Sun,festivo,SPH - Venezia,sph-venezia,Campo 4 | B3 Capital,coperto,17:30,pomeriggio,libero,,
2026-09-20 16:00,2026-09-20,Sun,festivo,SPH - Venezia,sph-venezia,Campo 4 | B3 Capital,coperto,18:00,sera,occupato,,
2026-09-20 16:00,2026-09-20,Sun,festivo,SPH - Venezia,sph-venezia,Campo 5 | Bassetto Impianti,coperto,16:30,pomeriggio,libero,48 EUR,32 EUR
2026-09-20 16:00,2026-09-20,Sun,festivo,SPH - Venezia,sph-venezia,Campo 5 | Bassetto Impianti,coperto,17:00,pomeriggio,libero,,32 EUR
2026-09-20 16:00,2026-09-20,Sun,festivo,SPH - Venezia,sph-venezia,Campo 5 | Bassetto Impianti,coperto,17:30,pomeriggio,libero,,
2026-09-20 16:00,2026-09-20,Sun,festivo,SPH - Venezia,sph-venezia,Campo 5 | Bassetto Impianti,coperto,18:00,sera,occupato,,
2026-09-20 16:00,2026-09-20,Sun,festivo,Padel Treviso,padel-treviso,1 Esterno,scoperto,16:30,pomeriggio,libero,40 EUR,
2026-09-20 16:00,2026-09-20,Sun,festivo,Padel Treviso,padel-treviso,1 Esterno,scoperto,17:00,pomeriggio,libero,,32 EUR
2026-09-20 16:00,2026-09-20,Sun,festivo,Padel Treviso,padel-treviso,1 Esterno,scoperto,17:30,pomeriggio,libero,,
2026-09-20 16:00,2026-09-20,Sun,festivo,Padel Treviso,padel-treviso,1 Esterno,scoperto,18:00,sera,occupato,,
2026-09-20 16:00,2026-09-20,Sun,festivo,Padel Treviso,padel-treviso,2 Esterno,scoperto,16:30,pomeriggio,occupato,,
2026-09-20 16:00,2026-09-20,Sun,festivo,Padel Treviso,padel-treviso,2 Esterno,scoperto,17:00,pomeriggio,occupato,,
2026-09-20 16:00,2026-09-20,Sun,festivo,Padel Treviso,padel-treviso,2 Esterno,scoperto,17:30,pomeriggio,occupato,,
2026-09-20 16:00,2026-09-20,Sun,festivo,Padel Treviso,padel-treviso,2 Esterno,scoperto,18:00,sera,occupato,,
2026-09-20 16:00,2026-09-20,Sun,festivo,Padel Treviso,padel-treviso,3 COPERTO,coperto,16:30,pomeriggio,libero,,
2026-09-20 16:00,2026-09-20,Sun,festivo,Padel Treviso,padel-treviso,3 COPERTO,coperto,17:00,pomeriggio,occupato,,
2026-09-20 16:00,2026-09-20,Sun,festivo,Padel Treviso,padel-treviso,3 COPERTO,coperto,17:30,pomeriggio,occupato,,
2026-09-20 16:00,2026-09-20,Sun,festivo,Padel Treviso,padel-treviso,3 COPERTO,coperto,18:00,sera,occupato,,
2026-09-20 16:00,2026-09-20,Sun,festivo,Padel Treviso,padel-treviso,4 COPERTO,coperto,16:30,pomeriggio,libero,,
2026-09-20 16:00,2026-09-20,Sun,festivo,Padel Treviso,padel-treviso,4 COPERTO,coperto,17:00,pomeriggio,occupato,,
2026-09-20 16:00,2026-09-20,Sun,festivo,Padel Treviso,padel-treviso,4 COPERTO,coperto,17:30,pomeriggio,occupato,,
2026-09-20 16:00,2026-09-20,Sun,festivo,Padel Treviso,padel-treviso,4 COPERTO,coperto,18:00,sera,occupato,,
2026-09-20 16:00,2026-09-20,Sun,festivo,Padel Treviso,padel-treviso,Kuikma Indoor,coperto,16:30,pomeriggio,libero,56 EUR,
2026-09-20 16:00,2026-09-20,Sun,festivo,Padel Treviso,padel-treviso,Kuikma Indoor,coperto,17:00,pomeriggio,libero,,
2026-09-20 16:00,2026-09-20,Sun,festivo,Padel Treviso,padel-treviso,Kuikma Indoor,coperto,17:30,pomeriggio,libero,,
2026-09-20 16:00,2026-09-20,Sun,festivo,Padel Treviso,padel-treviso,Kuikma Indoor,coperto,18:00,sera,occupato,,
2026-09-20 16:00,2026-09-20,Sun,festivo,Padel Treviso,padel-treviso,6 Indoor,coperto,16:30,pomeriggio,libero,56 EUR,
2026-09-20 16:00,2026-09-20,Sun,festivo,Padel Treviso,padel-treviso,6 Indoor,coperto,17:00,pomeriggio,libero,,
2026-09-20 16:00,2026-09-20,Sun,festivo,Padel Treviso,padel-treviso,6 Indoor,coperto,17:30,pomeriggio,libero,,
2026-09-20 16:00,2026-09-20,Sun,festivo,Padel Treviso,padel-treviso,6 Indoor,coperto,18:00,sera,occupato,,
2026-09-20 16:00,2026-09-20,Sun,festivo,Padel Treviso,padel-treviso,My Gym City Indoor,coperto,16:30,pomeriggio,libero,56 EUR,
2026-09-20 16:00,2026-09-20,Sun,festivo,Padel Treviso,padel-treviso,My Gym City Indoor,coperto,17:00,pomeriggio,libero,,
2026-09-20 16:00,2026-09-20,Sun,festivo,Padel Treviso,padel-treviso,My Gym City Indoor,coperto,17:30,pomeriggio,libero,,
2026-09-20 16:00,2026-09-20,Sun,festivo,Padel Treviso,padel-treviso,My Gym City Indoor,coperto,18:00,sera,occupato,,
2026-09-20 16:00,2026-09-20,Sun,festivo,Padel Treviso,padel-treviso,8 Esterno,scoperto,16:30,pomeriggio,occupato,,
2026-09-20 16:00,2026-09-20,Sun,festivo,Padel Treviso,padel-treviso,8 Esterno,scoperto,17:00,pomeriggio,occupato,,
2026-09-20 16:00,2026-09-20,Sun,festivo,Padel Treviso,padel-treviso,8 Esterno,scoperto,17:30,pomeriggio,occupato,,
2026-09-20 16:00,2026-09-20,Sun,festivo,Padel Treviso,padel-treviso,8 Esterno,scoperto,18:00,sera,occupato,,
2026-09-20 16:00,2026-09-20,Sun,festivo,Padel Treviso,padel-treviso,9 Gioielleria Minotto Istrana,coperto,16:30,pomeriggio,occupato,,
2026-09-20 16:00,2026-09-20,Sun,festivo,Padel Treviso,padel-treviso,9 Gioielleria Minotto Istrana,coperto,17:00,pomeriggio,occupato,,
2026-09-20 16:00,2026-09-20,Sun,festivo,Padel Treviso,padel-treviso,9 Gioielleria Minotto Istrana,coperto,17:30,pomeriggio,occupato,,
2026-09-20 16:00,2026-09-20,Sun,festivo,Padel Treviso,padel-treviso,9 Gioielleria Minotto Istrana,coperto,18:00,sera,occupato,,
2026-09-20 16:00,2026-09-20,Sun,festivo,Padel Treviso,padel-treviso,10 Gioielleria Minotto Istrana,coperto,16:30,pomeriggio,libero,,
2026-09-20 16:00,2026-09-20,Sun,festivo,Padel Treviso,padel-treviso,10 Gioielleria Minotto Istrana,coperto,17:00,pomeriggio,libero,,
2026-09-20 16:00,2026-09-20,Sun,festivo,Padel Treviso,padel-treviso,10 Gioielleria Minotto Istrana,coperto,17:30,pomeriggio,occupato,,
2026-09-20 16:00,2026-09-20,Sun,festivo,Padel Treviso,padel-treviso,10 Gioielleria Minotto Istrana,coperto,18:00,sera,occupato,,
2026-09-20 16:00,2026-09-20,Sun,festivo,Padel Treviso,padel-treviso,Singolo A Esterno,scoperto,16:30,pomeriggio,occupato,,
2026-09-20 16:00,2026-09-20,Sun,festivo,Padel Treviso,padel-treviso,Singolo A Esterno,scoperto,17:00,pomeriggio,occupato,,
2026-09-20 16:00,2026-09-20,Sun,festivo,Padel Treviso,padel-treviso,Singolo A Esterno,scoperto,17:30,pomeriggio,occupato,,
2026-09-20 16:00,2026-09-20,Sun,festivo,Padel Treviso,padel-treviso,Singolo A Esterno,scoperto,18:00,sera,occupato,,
2026-09-20 16:00,2026-09-20,Sun,festivo,Padel Treviso,padel-treviso,Singolo B Esterno,scoperto,16:30,pomeriggio,libero,24 EUR,
2026-09-20 16:00,2026-09-20,Sun,festivo,Padel Treviso,padel-treviso,Singolo B Esterno,scoperto,17:00,pomeriggio,libero,,20 EUR
2026-09-20 16:00,2026-09-20,Sun,festivo,Padel Treviso,padel-treviso,Singolo B Esterno,scoperto,17:30,pomeriggio,libero,,
2026-09-20 16:00,2026-09-20,Sun,festivo,Padel Treviso,padel-treviso,Singolo B Esterno,scoperto,18:00,sera,occupato,,
2026-09-20 16:00,2026-09-20,Sun,festivo,Altino Sport Village,altino-sport-village,Padel 1,coperto,16:30,pomeriggio,libero,,
2026-09-20 16:00,2026-09-20,Sun,festivo,Altino Sport Village,altino-sport-village,Padel 1,coperto,17:00,pomeriggio,libero,,40 EUR
2026-09-20 16:00,2026-09-20,Sun,festivo,Altino Sport Village,altino-sport-village,Padel 1,coperto,17:30,pomeriggio,libero,,
2026-09-20 16:00,2026-09-20,Sun,festivo,Altino Sport Village,altino-sport-village,Padel 1,coperto,18:00,sera,occupato,,
2026-09-20 16:00,2026-09-20,Sun,festivo,Altino Sport Village,altino-sport-village,Padel 2,coperto,16:30,pomeriggio,libero,50 EUR,
2026-09-20 16:00,2026-09-20,Sun,festivo,Altino Sport Village,altino-sport-village,Padel 2,coperto,17:00,pomeriggio,libero,,40 EUR
2026-09-20 16:00,2026-09-20,Sun,festivo,Altino Sport Village,altino-sport-village,Padel 2,coperto,17:30,pomeriggio,libero,,
2026-09-20 16:00,2026-09-20,Sun,festivo,Altino Sport Village,altino-sport-village,Padel 2,coperto,18:00,sera,occupato,,
2026-09-20 16:00,2026-09-20,Sun,festivo,Barchessa Padel e Pikleball,barchessa-pickleball,PADEL 1,coperto,16:30,pomeriggio,occupato,,
2026-09-20 16:00,2026-09-20,Sun,festivo,Barchessa Padel e Pikleball,barchessa-pickleball,PADEL 1,coperto,17:00,pomeriggio,occupato,,
2026-09-20 16:00,2026-09-20,Sun,festivo,Barchessa Padel e Pikleball,barchessa-pickleball,PADEL 1,coperto,17:30,pomeriggio,occupato,,
2026-09-20 16:00,2026-09-20,Sun,festivo,Barchessa Padel e Pikleball,barchessa-pickleball,PADEL 1,coperto,18:00,sera,occupato,,
2026-09-20 16:00,2026-09-20,Sun,festivo,Barchessa Padel e Pikleball,barchessa-pickleball,PADEL  2,coperto,16:30,pomeriggio,occupato,,
2026-09-20 16:00,2026-09-20,Sun,festivo,Barchessa Padel e Pikleball,barchessa-pickleball,PADEL  2,coperto,17:00,pomeriggio,occupato,,
2026-09-20 16:00,2026-09-20,Sun,festivo,Barchessa Padel e Pikleball,barchessa-pickleball,PADEL  2,coperto,17:30,pomeriggio,occupato,,
2026-09-20 16:00,2026-09-20,Sun,festivo,Barchessa Padel e Pikleball,barchessa-pickleball,PADEL  2,coperto,18:00,sera,occupato,,
2026-09-20 16:00,2026-09-20,Sun,festivo,Barchessa Padel e Pikleball,barchessa-pickleball,PADEL  3,coperto,16:30,pomeriggio,occupato,,
2026-09-20 16:00,2026-09-20,Sun,festivo,Barchessa Padel e Pikleball,barchessa-pickleball,PADEL  3,coperto,17:00,pomeriggio,occupato,,
2026-09-20 16:00,2026-09-20,Sun,festivo,Barchessa Padel e Pikleball,barchessa-pickleball,PADEL  3,coperto,17:30,pomeriggio,occupato,,
2026-09-20 16:00,2026-09-20,Sun,festivo,Barchessa Padel e Pikleball,barchessa-pickleball,PADEL  3,coperto,18:00,sera,occupato,,
2026-09-20 16:00,2026-09-20,Sun,festivo,H-FARM CAMPUS,h-farm-campus,Padel 1,scoperto,16:30,pomeriggio,libero,80 EUR,
2026-09-20 16:00,2026-09-20,Sun,festivo,H-FARM CAMPUS,h-farm-campus,Padel 1,scoperto,17:00,pomeriggio,libero,81.66 EUR,
2026-09-20 16:00,2026-09-20,Sun,festivo,H-FARM CAMPUS,h-farm-campus,Padel 1,scoperto,17:30,pomeriggio,libero,83.34 EUR,
2026-09-20 16:00,2026-09-20,Sun,festivo,H-FARM CAMPUS,h-farm-campus,Padel 1,scoperto,18:00,sera,libero,85 EUR,
2026-09-20 16:00,2026-09-20,Sun,festivo,H-FARM CAMPUS,h-farm-campus,Padel 2,scoperto,16:30,pomeriggio,libero,80 EUR,
2026-09-20 16:00,2026-09-20,Sun,festivo,H-FARM CAMPUS,h-farm-campus,Padel 2,scoperto,17:00,pomeriggio,libero,81.66 EUR,
2026-09-20 16:00,2026-09-20,Sun,festivo,H-FARM CAMPUS,h-farm-campus,Padel 2,scoperto,17:30,pomeriggio,libero,83.34 EUR,
2026-09-20 16:00,2026-09-20,Sun,festivo,H-FARM CAMPUS,h-farm-campus,Padel 2,scoperto,18:00,sera,libero,85 EUR,
2026-09-20 16:00,2026-09-20,Sun,festivo,SPH - Treviso Sporting,sph-treviso-sporting,Campo 4,coperto,16:30,pomeriggio,libero,,36 EUR
2026-09-20 16:00,2026-09-20,Sun,festivo,SPH - Treviso Sporting,sph-treviso-sporting,Campo 4,coperto,17:00,pomeriggio,libero,,
2026-09-20 16:00,2026-09-20,Sun,festivo,SPH - Treviso Sporting,sph-treviso-sporting,Campo 4,coperto,17:30,pomeriggio,occupato,,
2026-09-20 16:00,2026-09-20,Sun,festivo,SPH - Treviso Sporting,sph-treviso-sporting,Campo 4,coperto,18:00,sera,occupato,,
2026-09-20 16:00,2026-09-20,Sun,festivo,SPH - Treviso Sporting,sph-treviso-sporting,Campo 5,coperto,16:30,pomeriggio,libero,,36 EUR
2026-09-20 16:00,2026-09-20,Sun,festivo,SPH - Treviso Sporting,sph-treviso-sporting,Campo 5,coperto,17:00,pomeriggio,libero,,
2026-09-20 16:00,2026-09-20,Sun,festivo,SPH - Treviso Sporting,sph-treviso-sporting,Campo 5,coperto,17:30,pomeriggio,occupato,,
2026-09-20 16:00,2026-09-20,Sun,festivo,SPH - Treviso Sporting,sph-treviso-sporting,Campo 5,coperto,18:00,sera,occupato,,
2026-09-20 16:00,2026-09-20,Sun,festivo,SPH - Treviso Sporting,sph-treviso-sporting,Campo 6,coperto,16:30,pomeriggio,occupato,,
2026-09-20 16:00,2026-09-20,Sun,festivo,SPH - Treviso Sporting,sph-treviso-sporting,Campo 6,coperto,17:00,pomeriggio,occupato,,
2026-09-20 16:00,2026-09-20,Sun,festivo,SPH - Treviso Sporting,sph-treviso-sporting,Campo 6,coperto,17:30,pomeriggio,occupato,,
2026-09-20 16:00,2026-09-20,Sun,festivo,SPH - Treviso Sporting,sph-treviso-sporting,Campo 6,coperto,18:00,sera,occupato,,
2026-09-20 16:00,2026-09-20,Sun,festivo,SPH - Treviso Sporting,sph-treviso-sporting,Campo 7,coperto,16:30,pomeriggio,libero,,36 EUR
2026-09-20 16:00,2026-09-20,Sun,festivo,SPH - Treviso Sporting,sph-treviso-sporting,Campo 7,coperto,17:00,pomeriggio,libero,,
2026-09-20 16:00,2026-09-20,Sun,festivo,SPH - Treviso Sporting,sph-treviso-sporting,Campo 7,coperto,17:30,pomeriggio,occupato,,
2026-09-20 16:00,2026-09-20,Sun,festivo,SPH - Treviso Sporting,sph-treviso-sporting,Campo 7,coperto,18:00,sera,occupato,,
2026-09-20 16:00,2026-09-20,Sun,festivo,SPH - Treviso Sporting,sph-treviso-sporting,Campo 1,scoperto,16:30,pomeriggio,libero,,28 EUR
2026-09-20 16:00,2026-09-20,Sun,festivo,SPH - Treviso Sporting,sph-treviso-sporting,Campo 1,scoperto,17:00,pomeriggio,libero,,
2026-09-20 16:00,2026-09-20,Sun,festivo,SPH - Treviso Sporting,sph-treviso-sporting,Campo 1,scoperto,17:30,pomeriggio,occupato,,
2026-09-20 16:00,2026-09-20,Sun,festivo,SPH - Treviso Sporting,sph-treviso-sporting,Campo 1,scoperto,18:00,sera,occupato,,
2026-09-20 16:00,2026-09-20,Sun,festivo,SPH - Treviso Sporting,sph-treviso-sporting,Campo 2,scoperto,16:30,pomeriggio,libero,,28 EUR
2026-09-20 16:00,2026-09-20,Sun,festivo,SPH - Treviso Sporting,sph-treviso-sporting,Campo 2,scoperto,17:00,pomeriggio,libero,,
2026-09-20 16:00,2026-09-20,Sun,festivo,SPH - Treviso Sporting,sph-treviso-sporting,Campo 2,scoperto,17:30,pomeriggio,occupato,,
2026-09-20 16:00,2026-09-20,Sun,festivo,SPH - Treviso Sporting,sph-treviso-sporting,Campo 2,scoperto,18:00,sera,occupato,,
2026-09-20 16:00,2026-09-20,Sun,festivo,SPH - Treviso Sporting,sph-treviso-sporting,Campo 3,scoperto,16:30,pomeriggio,libero,,28 EUR
2026-09-20 16:00,2026-09-20,Sun,festivo,SPH - Treviso Sporting,sph-treviso-sporting,Campo 3,scoperto,17:00,pomeriggio,libero,,
2026-09-20 16:00,2026-09-20,Sun,festivo,SPH - Treviso Sporting,sph-treviso-sporting,Campo 3,scoperto,17:30,pomeriggio,occupato,,
2026-09-20 16:00,2026-09-20,Sun,festivo,SPH - Treviso Sporting,sph-treviso-sporting,Campo 3,scoperto,18:00,sera,occupato,,
2026-09-20 16:00,2026-09-20,Sun,festivo,Marina Sporting,marina-sporting,Padel 1,scoperto,16:30,pomeriggio,libero,,
2026-09-20 16:00,2026-09-20,Sun,festivo,Marina Sporting,marina-sporting,Padel 1,scoperto,17:00,pomeriggio,libero,,
2026-09-20 16:00,2026-09-20,Sun,festivo,Marina Sporting,marina-sporting,Padel 1,scoperto,17:30,pomeriggio,libero,44 EUR,
2026-09-20 16:00,2026-09-20,Sun,festivo,Marina Sporting,marina-sporting,Padel 1,scoperto,18:00,sera,libero,,
2026-09-20 16:00,2026-09-20,Sun,festivo,Marina Sporting,marina-sporting,Padel 2,scoperto,16:30,pomeriggio,libero,,
2026-09-20 16:00,2026-09-20,Sun,festivo,Marina Sporting,marina-sporting,Padel 2,scoperto,17:00,pomeriggio,libero,,
2026-09-20 16:00,2026-09-20,Sun,festivo,Marina Sporting,marina-sporting,Padel 2,scoperto,17:30,pomeriggio,libero,44 EUR,
2026-09-20 16:00,2026-09-20,Sun,festivo,Marina Sporting,marina-sporting,Padel 2,scoperto,18:00,sera,libero,,
2026-09-20 18:32,2026-09-20,Sun,festivo,SPH - Venezia,sph-venezia,Campo 1,coperto,19:00,sera,occupato,,
2026-09-20 18:32,2026-09-20,Sun,festivo,SPH - Venezia,sph-venezia,Campo 1,coperto,19:30,sera,occupato,,
2026-09-20 18:32,2026-09-20,Sun,festivo,SPH - Venezia,sph-venezia,Campo 1,coperto,20:00,sera,occupato,,
2026-09-20 18:32,2026-09-20,Sun,festivo,SPH - Venezia,sph-venezia,Campo 2,coperto,19:00,sera,occupato,,
2026-09-20 18:32,2026-09-20,Sun,festivo,SPH - Venezia,sph-venezia,Campo 2,coperto,19:30,sera,occupato,,
2026-09-20 18:32,2026-09-20,Sun,festivo,SPH - Venezia,sph-venezia,Campo 2,coperto,20:00,sera,occupato,,
2026-09-20 18:32,2026-09-20,Sun,festivo,SPH - Venezia,sph-venezia,Campo 3,coperto,19:00,sera,occupato,,
2026-09-20 18:32,2026-09-20,Sun,festivo,SPH - Venezia,sph-venezia,Campo 3,coperto,19:30,sera,occupato,,
2026-09-20 18:32,2026-09-20,Sun,festivo,SPH - Venezia,sph-venezia,Campo 3,coperto,20:00,sera,occupato,,
2026-09-20 18:32,2026-09-20,Sun,festivo,SPH - Venezia,sph-venezia,Campo 4 | B3 Capital,coperto,19:00,sera,occupato,,
2026-09-20 18:32,2026-09-20,Sun,festivo,SPH - Venezia,sph-venezia,Campo 4 | B3 Capital,coperto,19:30,sera,occupato,,
2026-09-20 18:32,2026-09-20,Sun,festivo,SPH - Venezia,sph-venezia,Campo 4 | B3 Capital,coperto,20:00,sera,occupato,,
2026-09-20 18:32,2026-09-20,Sun,festivo,SPH - Venezia,sph-venezia,Campo 5 | Bassetto Impianti,coperto,19:00,sera,occupato,,
2026-09-20 18:32,2026-09-20,Sun,festivo,SPH - Venezia,sph-venezia,Campo 5 | Bassetto Impianti,coperto,19:30,sera,occupato,,
2026-09-20 18:32,2026-09-20,Sun,festivo,SPH - Venezia,sph-venezia,Campo 5 | Bassetto Impianti,coperto,20:00,sera,occupato,,
2026-09-20 18:32,2026-09-20,Sun,festivo,Padel Treviso,padel-treviso,1 Esterno,scoperto,19:00,sera,occupato,,
2026-09-20 18:32,2026-09-20,Sun,festivo,Padel Treviso,padel-treviso,1 Esterno,scoperto,19:30,sera,occupato,,
2026-09-20 18:32,2026-09-20,Sun,festivo,Padel Treviso,padel-treviso,2 Esterno,scoperto,19:00,sera,occupato,,
2026-09-20 18:32,2026-09-20,Sun,festivo,Padel Treviso,padel-treviso,2 Esterno,scoperto,19:30,sera,occupato,,
2026-09-20 18:32,2026-09-20,Sun,festivo,Padel Treviso,padel-treviso,3 COPERTO,coperto,19:00,sera,occupato,,
2026-09-20 18:32,2026-09-20,Sun,festivo,Padel Treviso,padel-treviso,3 COPERTO,coperto,19:30,sera,occupato,,
2026-09-20 18:32,2026-09-20,Sun,festivo,Padel Treviso,padel-treviso,4 COPERTO,coperto,19:00,sera,occupato,,
2026-09-20 18:32,2026-09-20,Sun,festivo,Padel Treviso,padel-treviso,4 COPERTO,coperto,19:30,sera,occupato,,
2026-09-20 18:32,2026-09-20,Sun,festivo,Padel Treviso,padel-treviso,Kuikma Indoor,coperto,19:00,sera,occupato,,
2026-09-20 18:32,2026-09-20,Sun,festivo,Padel Treviso,padel-treviso,Kuikma Indoor,coperto,19:30,sera,occupato,,
2026-09-20 18:32,2026-09-20,Sun,festivo,Padel Treviso,padel-treviso,6 Indoor,coperto,19:00,sera,occupato,,
2026-09-20 18:32,2026-09-20,Sun,festivo,Padel Treviso,padel-treviso,6 Indoor,coperto,19:30,sera,occupato,,
2026-09-20 18:32,2026-09-20,Sun,festivo,Padel Treviso,padel-treviso,My Gym City Indoor,coperto,19:00,sera,occupato,,
2026-09-20 18:32,2026-09-20,Sun,festivo,Padel Treviso,padel-treviso,My Gym City Indoor,coperto,19:30,sera,occupato,,
2026-09-20 18:32,2026-09-20,Sun,festivo,Padel Treviso,padel-treviso,8 Esterno,scoperto,19:00,sera,occupato,,
2026-09-20 18:32,2026-09-20,Sun,festivo,Padel Treviso,padel-treviso,8 Esterno,scoperto,19:30,sera,occupato,,
2026-09-20 18:32,2026-09-20,Sun,festivo,Padel Treviso,padel-treviso,9 Gioielleria Minotto Istrana,coperto,19:00,sera,occupato,,
2026-09-20 18:32,2026-09-20,Sun,festivo,Padel Treviso,padel-treviso,9 Gioielleria Minotto Istrana,coperto,19:30,sera,occupato,,
2026-09-20 18:32,2026-09-20,Sun,festivo,Padel Treviso,padel-treviso,10 Gioielleria Minotto Istrana,coperto,19:00,sera,occupato,,
2026-09-20 18:32,2026-09-20,Sun,festivo,Padel Treviso,padel-treviso,10 Gioielleria Minotto Istrana,coperto,19:30,sera,occupato,,
2026-09-20 18:32,2026-09-20,Sun,festivo,Padel Treviso,padel-treviso,Singolo A Esterno,scoperto,19:00,sera,occupato,,
2026-09-20 18:32,2026-09-20,Sun,festivo,Padel Treviso,padel-treviso,Singolo A Esterno,scoperto,19:30,sera,occupato,,
2026-09-20 18:32,2026-09-20,Sun,festivo,Padel Treviso,padel-treviso,Singolo B Esterno,scoperto,19:00,sera,occupato,,
2026-09-20 18:32,2026-09-20,Sun,festivo,Padel Treviso,padel-treviso,Singolo B Esterno,scoperto,19:30,sera,occupato,,
2026-09-20 18:32,2026-09-20,Sun,festivo,Altino Sport Village,altino-sport-village,Padel 1,coperto,19:00,sera,occupato,,
2026-09-20 18:32,2026-09-20,Sun,festivo,Altino Sport Village,altino-sport-village,Padel 1,coperto,19:30,sera,occupato,,
2026-09-20 18:32,2026-09-20,Sun,festivo,Altino Sport Village,altino-sport-village,Padel 1,coperto,20:00,sera,occupato,,
2026-09-20 18:32,2026-09-20,Sun,festivo,Altino Sport Village,altino-sport-village,Padel 1,coperto,20:30,sera,occupato,,
2026-09-20 18:32,2026-09-20,Sun,festivo,Altino Sport Village,altino-sport-village,Padel 2,coperto,19:00,sera,occupato,,
2026-09-20 18:32,2026-09-20,Sun,festivo,Altino Sport Village,altino-sport-village,Padel 2,coperto,19:30,sera,occupato,,
2026-09-20 18:32,2026-09-20,Sun,festivo,Altino Sport Village,altino-sport-village,Padel 2,coperto,20:00,sera,occupato,,
2026-09-20 18:32,2026-09-20,Sun,festivo,Altino Sport Village,altino-sport-village,Padel 2,coperto,20:30,sera,occupato,,
2026-09-20 18:32,2026-09-20,Sun,festivo,Barchessa Padel e Pikleball,barchessa-pickleball,PADEL 1,coperto,19:00,sera,occupato,,
2026-09-20 18:32,2026-09-20,Sun,festivo,Barchessa Padel e Pikleball,barchessa-pickleball,PADEL  2,coperto,19:00,sera,occupato,,
2026-09-20 18:32,2026-09-20,Sun,festivo,Barchessa Padel e Pikleball,barchessa-pickleball,PADEL  3,coperto,19:00,sera,occupato,,
2026-09-20 18:32,2026-09-20,Sun,festivo,H-FARM CAMPUS,h-farm-campus,Padel 1,scoperto,19:00,sera,libero,,
2026-09-20 18:32,2026-09-20,Sun,festivo,H-FARM CAMPUS,h-farm-campus,Padel 1,scoperto,19:30,sera,libero,,
2026-09-20 18:32,2026-09-20,Sun,festivo,H-FARM CAMPUS,h-farm-campus,Padel 1,scoperto,20:00,sera,occupato,,
2026-09-20 18:32,2026-09-20,Sun,festivo,H-FARM CAMPUS,h-farm-campus,Padel 1,scoperto,20:30,sera,occupato,,
2026-09-20 18:32,2026-09-20,Sun,festivo,H-FARM CAMPUS,h-farm-campus,Padel 2,scoperto,19:00,sera,libero,,
2026-09-20 18:32,2026-09-20,Sun,festivo,H-FARM CAMPUS,h-farm-campus,Padel 2,scoperto,19:30,sera,libero,,
2026-09-20 18:32,2026-09-20,Sun,festivo,H-FARM CAMPUS,h-farm-campus,Padel 2,scoperto,20:00,sera,occupato,,
2026-09-20 18:32,2026-09-20,Sun,festivo,H-FARM CAMPUS,h-farm-campus,Padel 2,scoperto,20:30,sera,occupato,,
2026-09-20 18:32,2026-09-20,Sun,festivo,SPH - Treviso Sporting,sph-treviso-sporting,Campo 4,coperto,19:00,sera,occupato,,
2026-09-20 18:32,2026-09-20,Sun,festivo,SPH - Treviso Sporting,sph-treviso-sporting,Campo 5,coperto,19:00,sera,occupato,,
2026-09-20 18:32,2026-09-20,Sun,festivo,SPH - Treviso Sporting,sph-treviso-sporting,Campo 6,coperto,19:00,sera,occupato,,
2026-09-20 18:32,2026-09-20,Sun,festivo,SPH - Treviso Sporting,sph-treviso-sporting,Campo 7,coperto,19:00,sera,occupato,,
2026-09-20 18:32,2026-09-20,Sun,festivo,SPH - Treviso Sporting,sph-treviso-sporting,Campo 1,scoperto,19:00,sera,occupato,,
2026-09-20 18:32,2026-09-20,Sun,festivo,SPH - Treviso Sporting,sph-treviso-sporting,Campo 2,scoperto,19:00,sera,occupato,,
2026-09-20 18:32,2026-09-20,Sun,festivo,SPH - Treviso Sporting,sph-treviso-sporting,Campo 3,scoperto,19:00,sera,occupato,,
2026-09-20 18:32,2026-09-20,Sun,festivo,Marina Sporting,marina-sporting,Padel 1,scoperto,19:00,sera,occupato,,
2026-09-20 18:32,2026-09-20,Sun,festivo,Marina Sporting,marina-sporting,Padel 1,scoperto,19:30,sera,occupato,,
2026-09-20 18:32,2026-09-20,Sun,festivo,Marina Sporting,marina-sporting,Padel 1,scoperto,20:00,sera,occupato,,
2026-09-20 18:32,2026-09-20,Sun,festivo,Marina Sporting,marina-sporting,Padel 1,scoperto,20:30,sera,occupato,,
2026-09-20 18:32,2026-09-20,Sun,festivo,Marina Sporting,marina-sporting,Padel 2,scoperto,19:00,sera,occupato,,
2026-09-20 18:32,2026-09-20,Sun,festivo,Marina Sporting,marina-sporting,Padel 2,scoperto,19:30,sera,occupato,,
2026-09-20 18:32,2026-09-20,Sun,festivo,Marina Sporting,marina-sporting,Padel 2,scoperto,20:00,sera,occupato,,
2026-09-20 18:32,2026-09-20,Sun,festivo,Marina Sporting,marina-sporting,Padel 2,scoperto,20:30,sera,occupato,,
2026-09-20 20:00,2026-09-20,Sun,festivo,Altino Sport Village,altino-sport-village,Padel 1,coperto,20:30,sera,occupato,,
2026-09-20 20:00,2026-09-20,Sun,festivo,Altino Sport Village,altino-sport-village,Padel 2,coperto,20:30,sera,occupato,,
2026-09-20 20:00,2026-09-20,Sun,festivo,H-FARM CAMPUS,h-farm-campus,Padel 1,scoperto,20:30,sera,occupato,,
2026-09-20 20:00,2026-09-20,Sun,festivo,H-FARM CAMPUS,h-farm-campus,Padel 1,scoperto,21:00,sera,occupato,,
2026-09-20 20:00,2026-09-20,Sun,festivo,H-FARM CAMPUS,h-farm-campus,Padel 1,scoperto,21:30,sera,occupato,,
2026-09-20 20:00,2026-09-20,Sun,festivo,H-FARM CAMPUS,h-farm-campus,Padel 2,scoperto,20:30,sera,occupato,,
2026-09-20 20:00,2026-09-20,Sun,festivo,H-FARM CAMPUS,h-farm-campus,Padel 2,scoperto,21:00,sera,occupato,,
2026-09-20 20:00,2026-09-20,Sun,festivo,H-FARM CAMPUS,h-farm-campus,Padel 2,scoperto,21:30,sera,occupato,,
2026-09-20 20:00,2026-09-20,Sun,festivo,Marina Sporting,marina-sporting,Padel 1,scoperto,20:30,sera,occupato,,
2026-09-20 20:00,2026-09-20,Sun,festivo,Marina Sporting,marina-sporting,Padel 1,scoperto,21:00,sera,occupato,,
2026-09-20 20:00,2026-09-20,Sun,festivo,Marina Sporting,marina-sporting,Padel 1,scoperto,21:30,sera,occupato,,
2026-09-20 20:00,2026-09-20,Sun,festivo,Marina Sporting,marina-sporting,Padel 2,scoperto,20:30,sera,occupato,,
2026-09-20 20:00,2026-09-20,Sun,festivo,Marina Sporting,marina-sporting,Padel 2,scoperto,21:00,sera,occupato,,
2026-09-20 20:00,2026-09-20,Sun,festivo,Marina Sporting,marina-sporting,Padel 2,scoperto,21:30,sera,occupato,,
2026-09-21 06:00,2026-09-21,Mon,feriale,SPH - Venezia,sph-venezia,Campo 1,coperto,08:00,mattina,libero,48 EUR,32 EUR
2026-09-21 06:00,2026-09-21,Mon,feriale,SPH - Venezia,sph-venezia,Campo 2,coperto,08:00,mattina,libero,48 EUR,32 EUR
2026-09-21 06:00,2026-09-21,Mon,feriale,SPH - Venezia,sph-venezia,Campo 3,coperto,08:00,mattina,libero,48 EUR,32 EUR
2026-09-21 06:00,2026-09-21,Mon,feriale,SPH - Venezia,sph-venezia,Campo 4 | B3 Capital,coperto,08:00,mattina,libero,48 EUR,32 EUR
2026-09-21 06:00,2026-09-21,Mon,feriale,SPH - Venezia,sph-venezia,Campo 5 | Bassetto Impianti,coperto,08:00,mattina,libero,48 EUR,32 EUR
2026-09-21 06:00,2026-09-21,Mon,feriale,Barchessa Padel e Pikleball,barchessa-pickleball,PADEL 1,coperto,08:00,mattina,libero,40 EUR,27 EUR
2026-09-21 06:00,2026-09-21,Mon,feriale,Barchessa Padel e Pikleball,barchessa-pickleball,PADEL  2,coperto,08:00,mattina,libero,40 EUR,27 EUR
2026-09-21 06:00,2026-09-21,Mon,feriale,Barchessa Padel e Pikleball,barchessa-pickleball,PADEL  3,coperto,08:00,mattina,libero,40 EUR,27 EUR
2026-09-21 06:00,2026-09-21,Mon,feriale,SPH - Treviso Sporting,sph-treviso-sporting,Campo 4,coperto,08:00,mattina,libero,50 EUR,34 EUR
2026-09-21 06:00,2026-09-21,Mon,feriale,SPH - Treviso Sporting,sph-treviso-sporting,Campo 5,coperto,08:00,mattina,libero,50 EUR,34 EUR
2026-09-21 06:00,2026-09-21,Mon,feriale,SPH - Treviso Sporting,sph-treviso-sporting,Campo 6,coperto,08:00,mattina,libero,50 EUR,34 EUR
2026-09-21 06:00,2026-09-21,Mon,feriale,SPH - Treviso Sporting,sph-treviso-sporting,Campo 7,coperto,08:00,mattina,libero,50 EUR,34 EUR
2026-09-21 06:00,2026-09-21,Mon,feriale,SPH - Treviso Sporting,sph-treviso-sporting,Campo 1,scoperto,08:00,mattina,libero,40 EUR,28 EUR
2026-09-21 06:00,2026-09-21,Mon,feriale,SPH - Treviso Sporting,sph-treviso-sporting,Campo 2,scoperto,08:00,mattina,libero,40 EUR,28 EUR
2026-09-21 06:00,2026-09-21,Mon,feriale,SPH - Treviso Sporting,sph-treviso-sporting,Campo 3,scoperto,08:00,mattina,libero,40 EUR,28 EUR
2026-09-21 06:00,2026-09-21,Mon,feriale,Marina Sporting,marina-sporting,Padel 1,scoperto,08:00,mattina,occupato,,
2026-09-21 06:00,2026-09-21,Mon,feriale,Marina Sporting,marina-sporting,Padel 2,scoperto,08:00,mattina,libero,44 EUR,
2026-09-21 08:00,2026-09-21,Mon,feriale,Sporting Club Mestre,sporting-club-mestre,Campo Giallo,scoperto,09:00,mattina,libero,32 EUR,24 EUR
2026-09-21 08:00,2026-09-21,Mon,feriale,Sporting Club Mestre,sporting-club-mestre,Campo Giallo,scoperto,09:30,mattina,libero,32 EUR,24 EUR
2026-09-21 08:00,2026-09-21,Mon,feriale,Sporting Club Mestre,sporting-club-mestre,Campo Giallo,scoperto,10:00,mattina,libero,32 EUR,24 EUR
2026-09-21 08:00,2026-09-21,Mon,feriale,Sporting Club Mestre,sporting-club-mestre,Campo Rosso,scoperto,09:00,mattina,occupato,,
2026-09-21 08:00,2026-09-21,Mon,feriale,Sporting Club Mestre,sporting-club-mestre,Campo Rosso,scoperto,09:30,mattina,occupato,,
2026-09-21 08:00,2026-09-21,Mon,feriale,Sporting Club Mestre,sporting-club-mestre,Campo Rosso,scoperto,10:00,mattina,occupato,,
2026-09-21 08:00,2026-09-21,Mon,feriale,Sporting Club Mestre,sporting-club-mestre,campo coperto 1,coperto,09:00,mattina,libero,,
2026-09-21 08:00,2026-09-21,Mon,feriale,Sporting Club Mestre,sporting-club-mestre,campo coperto 1,coperto,09:30,mattina,libero,,
2026-09-21 08:00,2026-09-21,Mon,feriale,Sporting Club Mestre,sporting-club-mestre,campo coperto 1,coperto,10:00,mattina,libero,40 EUR,
2026-09-21 08:00,2026-09-21,Mon,feriale,Sporting Club Mestre,sporting-club-mestre,campo coperto 2,coperto,09:00,mattina,libero,,
2026-09-21 08:00,2026-09-21,Mon,feriale,Sporting Club Mestre,sporting-club-mestre,campo coperto 2,coperto,09:30,mattina,libero,,
2026-09-21 08:00,2026-09-21,Mon,feriale,Sporting Club Mestre,sporting-club-mestre,campo coperto 2,coperto,10:00,mattina,libero,40 EUR,
2026-09-21 08:00,2026-09-21,Mon,feriale,Padel by FitUP di Zero Branco,padel-by-fitup-di-zero-branco,Padel by FitUP 1,coperto,09:30,mattina,libero,40 EUR,
2026-09-21 08:00,2026-09-21,Mon,feriale,Padel by FitUP di Zero Branco,padel-by-fitup-di-zero-branco,Padel by FitUP 1,coperto,10:00,mattina,libero,40 EUR,
2026-09-21 08:00,2026-09-21,Mon,feriale,Aquafit Padel,aquafit-padel,Padel 1,scoperto,09:00,mattina,libero,40 EUR,
2026-09-21 08:00,2026-09-21,Mon,feriale,Aquafit Padel,aquafit-padel,Padel 1,scoperto,09:30,mattina,libero,40 EUR,
2026-09-21 08:00,2026-09-21,Mon,feriale,Aquafit Padel,aquafit-padel,Padel 1,scoperto,10:00,mattina,libero,40 EUR,
2026-09-21 08:00,2026-09-21,Mon,feriale,Aquafit Padel,aquafit-padel,Padel 2,scoperto,09:00,mattina,libero,40 EUR,32 EUR
2026-09-21 08:00,2026-09-21,Mon,feriale,Aquafit Padel,aquafit-padel,Padel 2,scoperto,09:30,mattina,libero,40 EUR,32 EUR
2026-09-21 08:00,2026-09-21,Mon,feriale,Aquafit Padel,aquafit-padel,Padel 2,scoperto,10:00,mattina,libero,40 EUR,32 EUR
2026-09-21 08:00,2026-09-21,Mon,feriale,SPH - Venezia,sph-venezia,Campo 1,coperto,08:30,mattina,libero,48 EUR,32 EUR
2026-09-21 08:00,2026-09-21,Mon,feriale,SPH - Venezia,sph-venezia,Campo 1,coperto,09:00,mattina,libero,48 EUR,32 EUR
2026-09-21 08:00,2026-09-21,Mon,feriale,SPH - Venezia,sph-venezia,Campo 1,coperto,09:30,mattina,libero,48 EUR,32 EUR
2026-09-21 08:00,2026-09-21,Mon,feriale,SPH - Venezia,sph-venezia,Campo 1,coperto,10:00,mattina,libero,48 EUR,32 EUR
2026-09-21 08:00,2026-09-21,Mon,feriale,SPH - Venezia,sph-venezia,Campo 2,coperto,08:30,mattina,libero,48 EUR,32 EUR
2026-09-21 08:00,2026-09-21,Mon,feriale,SPH - Venezia,sph-venezia,Campo 2,coperto,09:00,mattina,libero,48 EUR,32 EUR
2026-09-21 08:00,2026-09-21,Mon,feriale,SPH - Venezia,sph-venezia,Campo 2,coperto,09:30,mattina,libero,48 EUR,32 EUR
2026-09-21 08:00,2026-09-21,Mon,feriale,SPH - Venezia,sph-venezia,Campo 2,coperto,10:00,mattina,libero,48 EUR,32 EUR
2026-09-21 08:00,2026-09-21,Mon,feriale,SPH - Venezia,sph-venezia,Campo 3,coperto,08:30,mattina,libero,48 EUR,32 EUR
2026-09-21 08:00,2026-09-21,Mon,feriale,SPH - Venezia,sph-venezia,Campo 3,coperto,09:00,mattina,libero,48 EUR,32 EUR
2026-09-21 08:00,2026-09-21,Mon,feriale,SPH - Venezia,sph-venezia,Campo 3,coperto,09:30,mattina,libero,48 EUR,32 EUR
2026-09-21 08:00,2026-09-21,Mon,feriale,SPH - Venezia,sph-venezia,Campo 3,coperto,10:00,mattina,libero,,32 EUR
2026-09-21 08:00,2026-09-21,Mon,feriale,SPH - Venezia,sph-venezia,Campo 4 | B3 Capital,coperto,08:30,mattina,libero,48 EUR,32 EUR
2026-09-21 08:00,2026-09-21,Mon,feriale,SPH - Venezia,sph-venezia,Campo 4 | B3 Capital,coperto,09:00,mattina,libero,48 EUR,32 EUR
2026-09-21 08:00,2026-09-21,Mon,feriale,SPH - Venezia,sph-venezia,Campo 4 | B3 Capital,coperto,09:30,mattina,libero,48 EUR,32 EUR
2026-09-21 08:00,2026-09-21,Mon,feriale,SPH - Venezia,sph-venezia,Campo 4 | B3 Capital,coperto,10:00,mattina,libero,,32 EUR
2026-09-21 08:00,2026-09-21,Mon,feriale,SPH - Venezia,sph-venezia,Campo 5 | Bassetto Impianti,coperto,08:30,mattina,libero,48 EUR,32 EUR
2026-09-21 08:00,2026-09-21,Mon,feriale,SPH - Venezia,sph-venezia,Campo 5 | Bassetto Impianti,coperto,09:00,mattina,libero,48 EUR,32 EUR
2026-09-21 08:00,2026-09-21,Mon,feriale,SPH - Venezia,sph-venezia,Campo 5 | Bassetto Impianti,coperto,09:30,mattina,libero,48 EUR,32 EUR
2026-09-21 08:00,2026-09-21,Mon,feriale,SPH - Venezia,sph-venezia,Campo 5 | Bassetto Impianti,coperto,10:00,mattina,libero,48 EUR,32 EUR
2026-09-21 08:00,2026-09-21,Mon,feriale,Padel Treviso,padel-treviso,1 Esterno,scoperto,09:00,mattina,libero,40 EUR,32 EUR
2026-09-21 08:00,2026-09-21,Mon,feriale,Padel Treviso,padel-treviso,1 Esterno,scoperto,09:30,mattina,libero,40 EUR,32 EUR
2026-09-21 08:00,2026-09-21,Mon,feriale,Padel Treviso,padel-treviso,1 Esterno,scoperto,10:00,mattina,libero,40 EUR,32 EUR
2026-09-21 08:00,2026-09-21,Mon,feriale,Padel Treviso,padel-treviso,2 Esterno,scoperto,09:00,mattina,libero,,
2026-09-21 08:00,2026-09-21,Mon,feriale,Padel Treviso,padel-treviso,2 Esterno,scoperto,09:30,mattina,libero,40 EUR,
2026-09-21 08:00,2026-09-21,Mon,feriale,Padel Treviso,padel-treviso,2 Esterno,scoperto,10:00,mattina,libero,,
2026-09-21 08:00,2026-09-21,Mon,feriale,Padel Treviso,padel-treviso,3 COPERTO,coperto,09:00,mattina,libero,56 EUR,
2026-09-21 08:00,2026-09-21,Mon,feriale,Padel Treviso,padel-treviso,3 COPERTO,coperto,09:30,mattina,libero,56 EUR,
2026-09-21 08:00,2026-09-21,Mon,feriale,Padel Treviso,padel-treviso,3 COPERTO,coperto,10:00,mattina,libero,56 EUR,
2026-09-21 08:00,2026-09-21,Mon,feriale,Padel Treviso,padel-treviso,4 COPERTO,coperto,09:00,mattina,libero,56 EUR,
2026-09-21 08:00,2026-09-21,Mon,feriale,Padel Treviso,padel-treviso,4 COPERTO,coperto,09:30,mattina,libero,56 EUR,
2026-09-21 08:00,2026-09-21,Mon,feriale,Padel Treviso,padel-treviso,4 COPERTO,coperto,10:00,mattina,libero,56 EUR,
2026-09-21 08:00,2026-09-21,Mon,feriale,Padel Treviso,padel-treviso,Kuikma Indoor,coperto,09:00,mattina,libero,56 EUR,
2026-09-21 08:00,2026-09-21,Mon,feriale,Padel Treviso,padel-treviso,Kuikma Indoor,coperto,09:30,mattina,libero,,
2026-09-21 08:00,2026-09-21,Mon,feriale,Padel Treviso,padel-treviso,Kuikma Indoor,coperto,10:00,mattina,libero,,
2026-09-21 08:00,2026-09-21,Mon,feriale,Padel Treviso,padel-treviso,6 Indoor,coperto,09:00,mattina,libero,56 EUR,
2026-09-21 08:00,2026-09-21,Mon,feriale,Padel Treviso,padel-treviso,6 Indoor,coperto,09:30,mattina,libero,,
2026-09-21 08:00,2026-09-21,Mon,feriale,Padel Treviso,padel-treviso,6 Indoor,coperto,10:00,mattina,libero,,
2026-09-21 08:00,2026-09-21,Mon,feriale,Padel Treviso,padel-treviso,My Gym City Indoor,coperto,09:00,mattina,libero,56 EUR,
2026-09-21 08:00,2026-09-21,Mon,feriale,Padel Treviso,padel-treviso,My Gym City Indoor,coperto,09:30,mattina,libero,,
2026-09-21 08:00,2026-09-21,Mon,feriale,Padel Treviso,padel-treviso,My Gym City Indoor,coperto,10:00,mattina,libero,,
2026-09-21 08:00,2026-09-21,Mon,feriale,Padel Treviso,padel-treviso,8 Esterno,scoperto,09:00,mattina,libero,40 EUR,
2026-09-21 08:00,2026-09-21,Mon,feriale,Padel Treviso,padel-treviso,8 Esterno,scoperto,09:30,mattina,libero,,
2026-09-21 08:00,2026-09-21,Mon,feriale,Padel Treviso,padel-treviso,8 Esterno,scoperto,10:00,mattina,libero,,
2026-09-21 08:00,2026-09-21,Mon,feriale,Padel Treviso,padel-treviso,9 Gioielleria Minotto Istrana,coperto,09:00,mattina,libero,,
2026-09-21 08:00,2026-09-21,Mon,feriale,Padel Treviso,padel-treviso,9 Gioielleria Minotto Istrana,coperto,09:30,mattina,libero,,
2026-09-21 08:00,2026-09-21,Mon,feriale,Padel Treviso,padel-treviso,9 Gioielleria Minotto Istrana,coperto,10:00,mattina,libero,56 EUR,
2026-09-21 08:00,2026-09-21,Mon,feriale,Padel Treviso,padel-treviso,10 Gioielleria Minotto Istrana,coperto,09:00,mattina,libero,,
2026-09-21 08:00,2026-09-21,Mon,feriale,Padel Treviso,padel-treviso,10 Gioielleria Minotto Istrana,coperto,09:30,mattina,libero,,
2026-09-21 08:00,2026-09-21,Mon,feriale,Padel Treviso,padel-treviso,10 Gioielleria Minotto Istrana,coperto,10:00,mattina,libero,56 EUR,
2026-09-21 08:00,2026-09-21,Mon,feriale,Padel Treviso,padel-treviso,Singolo A Esterno,scoperto,09:00,mattina,libero,24 EUR,20 EUR
2026-09-21 08:00,2026-09-21,Mon,feriale,Padel Treviso,padel-treviso,Singolo A Esterno,scoperto,09:30,mattina,libero,24 EUR,20 EUR
2026-09-21 08:00,2026-09-21,Mon,feriale,Padel Treviso,padel-treviso,Singolo A Esterno,scoperto,10:00,mattina,libero,24 EUR,20 EUR
2026-09-21 08:00,2026-09-21,Mon,feriale,Padel Treviso,padel-treviso,Singolo B Esterno,scoperto,09:00,mattina,libero,24 EUR,20 EUR
2026-09-21 08:00,2026-09-21,Mon,feriale,Padel Treviso,padel-treviso,Singolo B Esterno,scoperto,09:30,mattina,libero,24 EUR,20 EUR
2026-09-21 08:00,2026-09-21,Mon,feriale,Padel Treviso,padel-treviso,Singolo B Esterno,scoperto,10:00,mattina,libero,24 EUR,20 EUR
2026-09-21 08:00,2026-09-21,Mon,feriale,Altino Sport Village,altino-sport-village,Padel 1,coperto,09:00,mattina,libero,30 EUR,30 EUR
2026-09-21 08:00,2026-09-21,Mon,feriale,Altino Sport Village,altino-sport-village,Padel 1,coperto,09:30,mattina,libero,30 EUR,30 EUR
2026-09-21 08:00,2026-09-21,Mon,feriale,Altino Sport Village,altino-sport-village,Padel 1,coperto,10:00,mattina,libero,30 EUR,30 EUR
2026-09-21 08:00,2026-09-21,Mon,feriale,Altino Sport Village,altino-sport-village,Padel 2,coperto,09:00,mattina,libero,30 EUR,30 EUR
2026-09-21 08:00,2026-09-21,Mon,feriale,Altino Sport Village,altino-sport-village,Padel 2,coperto,09:30,mattina,libero,30 EUR,30 EUR
2026-09-21 08:00,2026-09-21,Mon,feriale,Altino Sport Village,altino-sport-village,Padel 2,coperto,10:00,mattina,libero,30 EUR,30 EUR
2026-09-21 08:00,2026-09-21,Mon,feriale,Barchessa Padel e Pikleball,barchessa-pickleball,PADEL 1,coperto,08:30,mattina,libero,40 EUR,27 EUR
2026-09-21 08:00,2026-09-21,Mon,feriale,Barchessa Padel e Pikleball,barchessa-pickleball,PADEL 1,coperto,09:00,mattina,libero,40 EUR,27 EUR
2026-09-21 08:00,2026-09-21,Mon,feriale,Barchessa Padel e Pikleball,barchessa-pickleball,PADEL 1,coperto,09:30,mattina,libero,40 EUR,27 EUR
2026-09-21 08:00,2026-09-21,Mon,feriale,Barchessa Padel e Pikleball,barchessa-pickleball,PADEL 1,coperto,10:00,mattina,libero,40 EUR,27 EUR
2026-09-21 08:00,2026-09-21,Mon,feriale,Barchessa Padel e Pikleball,barchessa-pickleball,PADEL  2,coperto,08:30,mattina,libero,40 EUR,27 EUR
2026-09-21 08:00,2026-09-21,Mon,feriale,Barchessa Padel e Pikleball,barchessa-pickleball,PADEL  2,coperto,09:00,mattina,libero,40 EUR,27 EUR
2026-09-21 08:00,2026-09-21,Mon,feriale,Barchessa Padel e Pikleball,barchessa-pickleball,PADEL  2,coperto,09:30,mattina,libero,40 EUR,27 EUR
2026-09-21 08:00,2026-09-21,Mon,feriale,Barchessa Padel e Pikleball,barchessa-pickleball,PADEL  2,coperto,10:00,mattina,libero,40 EUR,27 EUR
2026-09-21 08:00,2026-09-21,Mon,feriale,Barchessa Padel e Pikleball,barchessa-pickleball,PADEL  3,coperto,08:30,mattina,libero,40 EUR,27 EUR
2026-09-21 08:00,2026-09-21,Mon,feriale,Barchessa Padel e Pikleball,barchessa-pickleball,PADEL  3,coperto,09:00,mattina,libero,40 EUR,27 EUR
2026-09-21 08:00,2026-09-21,Mon,feriale,Barchessa Padel e Pikleball,barchessa-pickleball,PADEL  3,coperto,09:30,mattina,libero,40 EUR,27 EUR
2026-09-21 08:00,2026-09-21,Mon,feriale,Barchessa Padel e Pikleball,barchessa-pickleball,PADEL  3,coperto,10:00,mattina,libero,40 EUR,27 EUR
2026-09-21 08:00,2026-09-21,Mon,feriale,SPH - Treviso Sporting,sph-treviso-sporting,Campo 4,coperto,08:30,mattina,libero,50 EUR,34 EUR
2026-09-21 08:00,2026-09-21,Mon,feriale,SPH - Treviso Sporting,sph-treviso-sporting,Campo 4,coperto,09:00,mattina,libero,50 EUR,34 EUR
2026-09-21 08:00,2026-09-21,Mon,feriale,SPH - Treviso Sporting,sph-treviso-sporting,Campo 4,coperto,09:30,mattina,libero,50 EUR,34 EUR
2026-09-21 08:00,2026-09-21,Mon,feriale,SPH - Treviso Sporting,sph-treviso-sporting,Campo 4,coperto,10:00,mattina,libero,50 EUR,34 EUR
2026-09-21 08:00,2026-09-21,Mon,feriale,SPH - Treviso Sporting,sph-treviso-sporting,Campo 5,coperto,08:30,mattina,libero,50 EUR,34 EUR
2026-09-21 08:00,2026-09-21,Mon,feriale,SPH - Treviso Sporting,sph-treviso-sporting,Campo 5,coperto,09:00,mattina,libero,,34 EUR
2026-09-21 08:00,2026-09-21,Mon,feriale,SPH - Treviso Sporting,sph-treviso-sporting,Campo 5,coperto,09:30,mattina,libero,50 EUR,
2026-09-21 08:00,2026-09-21,Mon,feriale,SPH - Treviso Sporting,sph-treviso-sporting,Campo 5,coperto,10:00,mattina,libero,,34 EUR
2026-09-21 08:00,2026-09-21,Mon,feriale,SPH - Treviso Sporting,sph-treviso-sporting,Campo 6,coperto,08:30,mattina,libero,50 EUR,34 EUR
2026-09-21 08:00,2026-09-21,Mon,feriale,SPH - Treviso Sporting,sph-treviso-sporting,Campo 6,coperto,09:00,mattina,libero,50 EUR,34 EUR
2026-09-21 08:00,2026-09-21,Mon,feriale,SPH - Treviso Sporting,sph-treviso-sporting,Campo 6,coperto,09:30,mattina,libero,50 EUR,34 EUR
2026-09-21 08:00,2026-09-21,Mon,feriale,SPH - Treviso Sporting,sph-treviso-sporting,Campo 6,coperto,10:00,mattina,libero,50 EUR,34 EUR
2026-09-21 08:00,2026-09-21,Mon,feriale,SPH - Treviso Sporting,sph-treviso-sporting,Campo 7,coperto,08:30,mattina,libero,50 EUR,34 EUR
2026-09-21 08:00,2026-09-21,Mon,feriale,SPH - Treviso Sporting,sph-treviso-sporting,Campo 7,coperto,09:00,mattina,libero,50 EUR,34 EUR
2026-09-21 08:00,2026-09-21,Mon,feriale,SPH - Treviso Sporting,sph-treviso-sporting,Campo 7,coperto,09:30,mattina,libero,50 EUR,34 EUR
2026-09-21 08:00,2026-09-21,Mon,feriale,SPH - Treviso Sporting,sph-treviso-sporting,Campo 7,coperto,10:00,mattina,libero,50 EUR,34 EUR
2026-09-21 08:00,2026-09-21,Mon,feriale,SPH - Treviso Sporting,sph-treviso-sporting,Campo 1,scoperto,08:30,mattina,libero,40 EUR,28 EUR
2026-09-21 08:00,2026-09-21,Mon,feriale,SPH - Treviso Sporting,sph-treviso-sporting,Campo 1,scoperto,09:00,mattina,libero,40 EUR,28 EUR
2026-09-21 08:00,2026-09-21,Mon,feriale,SPH - Treviso Sporting,sph-treviso-sporting,Campo 1,scoperto,09:30,mattina,libero,40 EUR,28 EUR
2026-09-21 08:00,2026-09-21,Mon,feriale,SPH - Treviso Sporting,sph-treviso-sporting,Campo 1,scoperto,10:00,mattina,libero,40 EUR,28 EUR
2026-09-21 08:00,2026-09-21,Mon,feriale,SPH - Treviso Sporting,sph-treviso-sporting,Campo 2,scoperto,08:30,mattina,libero,40 EUR,28 EUR
2026-09-21 08:00,2026-09-21,Mon,feriale,SPH - Treviso Sporting,sph-treviso-sporting,Campo 2,scoperto,09:00,mattina,libero,40 EUR,28 EUR
2026-09-21 08:00,2026-09-21,Mon,feriale,SPH - Treviso Sporting,sph-treviso-sporting,Campo 2,scoperto,09:30,mattina,libero,40 EUR,28 EUR
2026-09-21 08:00,2026-09-21,Mon,feriale,SPH - Treviso Sporting,sph-treviso-sporting,Campo 2,scoperto,10:00,mattina,libero,40 EUR,28 EUR
2026-09-21 08:00,2026-09-21,Mon,feriale,SPH - Treviso Sporting,sph-treviso-sporting,Campo 3,scoperto,08:30,mattina,libero,40 EUR,28 EUR
2026-09-21 08:00,2026-09-21,Mon,feriale,SPH - Treviso Sporting,sph-treviso-sporting,Campo 3,scoperto,09:00,mattina,libero,40 EUR,28 EUR
2026-09-21 08:00,2026-09-21,Mon,feriale,SPH - Treviso Sporting,sph-treviso-sporting,Campo 3,scoperto,09:30,mattina,libero,40 EUR,28 EUR
2026-09-21 08:00,2026-09-21,Mon,feriale,SPH - Treviso Sporting,sph-treviso-sporting,Campo 3,scoperto,10:00,mattina,libero,40 EUR,28 EUR
2026-09-21 08:00,2026-09-21,Mon,feriale,Marina Sporting,marina-sporting,Padel 1,scoperto,08:30,mattina,occupato,,
2026-09-21 08:00,2026-09-21,Mon,feriale,Marina Sporting,marina-sporting,Padel 1,scoperto,09:00,mattina,occupato,,
2026-09-21 08:00,2026-09-21,Mon,feriale,Marina Sporting,marina-sporting,Padel 1,scoperto,09:30,mattina,occupato,,
2026-09-21 08:00,2026-09-21,Mon,feriale,Marina Sporting,marina-sporting,Padel 1,scoperto,10:00,mattina,occupato,,
2026-09-21 08:00,2026-09-21,Mon,feriale,Marina Sporting,marina-sporting,Padel 2,scoperto,08:30,mattina,libero,,
2026-09-21 08:00,2026-09-21,Mon,feriale,Marina Sporting,marina-sporting,Padel 2,scoperto,09:00,mattina,libero,,
2026-09-21 08:00,2026-09-21,Mon,feriale,Marina Sporting,marina-sporting,Padel 2,scoperto,09:30,mattina,occupato,,
2026-09-21 08:00,2026-09-21,Mon,feriale,Marina Sporting,marina-sporting,Padel 2,scoperto,10:00,mattina,occupato,,
2026-09-21 10:00,2026-09-21,Mon,feriale,Sporting Club Mestre,sporting-club-mestre,Campo Giallo,scoperto,10:30,mattina,libero,32 EUR,24 EUR
2026-09-21 10:00,2026-09-21,Mon,feriale,Sporting Club Mestre,sporting-club-mestre,Campo Giallo,scoperto,11:00,mattina,libero,32 EUR,24 EUR
2026-09-21 10:00,2026-09-21,Mon,feriale,Sporting Club Mestre,sporting-club-mestre,Campo Giallo,scoperto,11:30,mattina,libero,32 EUR,24 EUR
2026-09-21 10:00,2026-09-21,Mon,feriale,Sporting Club Mestre,sporting-club-mestre,Campo Giallo,scoperto,12:00,pranzo,libero,32 EUR,24 EUR
2026-09-21 10:00,2026-09-21,Mon,feriale,Sporting Club Mestre,sporting-club-mestre,Campo Rosso,scoperto,10:30,mattina,occupato,,
2026-09-21 10:00,2026-09-21,Mon,feriale,Sporting Club Mestre,sporting-club-mestre,Campo Rosso,scoperto,11:00,mattina,occupato,,
2026-09-21 10:00,2026-09-21,Mon,feriale,Sporting Club Mestre,sporting-club-mestre,Campo Rosso,scoperto,11:30,mattina,occupato,,
2026-09-21 10:00,2026-09-21,Mon,feriale,Sporting Club Mestre,sporting-club-mestre,Campo Rosso,scoperto,12:00,pranzo,occupato,,
2026-09-21 10:00,2026-09-21,Mon,feriale,Sporting Club Mestre,sporting-club-mestre,campo coperto 1,coperto,10:30,mattina,libero,,
2026-09-21 10:00,2026-09-21,Mon,feriale,Sporting Club Mestre,sporting-club-mestre,campo coperto 1,coperto,11:00,mattina,libero,,
2026-09-21 10:00,2026-09-21,Mon,feriale,Sporting Club Mestre,sporting-club-mestre,campo coperto 1,coperto,11:30,mattina,libero,40 EUR,
2026-09-21 10:00,2026-09-21,Mon,feriale,Sporting Club Mestre,sporting-club-mestre,campo coperto 1,coperto,12:00,pranzo,libero,,
2026-09-21 10:00,2026-09-21,Mon,feriale,Sporting Club Mestre,sporting-club-mestre,campo coperto 2,coperto,10:30,mattina,libero,,
2026-09-21 10:00,2026-09-21,Mon,feriale,Sporting Club Mestre,sporting-club-mestre,campo coperto 2,coperto,11:00,mattina,libero,,
2026-09-21 10:00,2026-09-21,Mon,feriale,Sporting Club Mestre,sporting-club-mestre,campo coperto 2,coperto,11:30,mattina,libero,40 EUR,
2026-09-21 10:00,2026-09-21,Mon,feriale,Sporting Club Mestre,sporting-club-mestre,campo coperto 2,coperto,12:00,pranzo,libero,,
2026-09-21 10:00,2026-09-21,Mon,feriale,Padel by FitUP di Zero Branco,padel-by-fitup-di-zero-branco,Padel by FitUP 1,coperto,10:30,mattina,libero,40 EUR,
2026-09-21 10:00,2026-09-21,Mon,feriale,Padel by FitUP di Zero Branco,padel-by-fitup-di-zero-branco,Padel by FitUP 1,coperto,11:00,mattina,libero,40 EUR,
2026-09-21 10:00,2026-09-21,Mon,feriale,Padel by FitUP di Zero Branco,padel-by-fitup-di-zero-branco,Padel by FitUP 1,coperto,11:30,mattina,libero,40 EUR,
2026-09-21 10:00,2026-09-21,Mon,feriale,Padel by FitUP di Zero Branco,padel-by-fitup-di-zero-branco,Padel by FitUP 1,coperto,12:00,pranzo,libero,40 EUR,
2026-09-21 10:00,2026-09-21,Mon,feriale,Aquafit Padel,aquafit-padel,Padel 1,scoperto,10:30,mattina,libero,40 EUR,
2026-09-21 10:00,2026-09-21,Mon,feriale,Aquafit Padel,aquafit-padel,Padel 1,scoperto,11:00,mattina,libero,40 EUR,
2026-09-21 10:00,2026-09-21,Mon,feriale,Aquafit Padel,aquafit-padel,Padel 1,scoperto,11:30,mattina,libero,40 EUR,
2026-09-21 10:00,2026-09-21,Mon,feriale,Aquafit Padel,aquafit-padel,Padel 1,scoperto,12:00,pranzo,libero,40 EUR,
2026-09-21 10:00,2026-09-21,Mon,feriale,Aquafit Padel,aquafit-padel,Padel 2,scoperto,10:30,mattina,libero,40 EUR,32 EUR
2026-09-21 10:00,2026-09-21,Mon,feriale,Aquafit Padel,aquafit-padel,Padel 2,scoperto,11:00,mattina,libero,40 EUR,32 EUR
2026-09-21 10:00,2026-09-21,Mon,feriale,Aquafit Padel,aquafit-padel,Padel 2,scoperto,11:30,mattina,libero,40 EUR,32 EUR
2026-09-21 10:00,2026-09-21,Mon,feriale,Aquafit Padel,aquafit-padel,Padel 2,scoperto,12:00,pranzo,libero,40 EUR,32 EUR
2026-09-21 10:00,2026-09-21,Mon,feriale,SPH - Venezia,sph-venezia,Campo 1,coperto,10:30,mattina,libero,48 EUR,32 EUR
2026-09-21 10:00,2026-09-21,Mon,feriale,SPH - Venezia,sph-venezia,Campo 1,coperto,11:00,mattina,libero,48 EUR,32 EUR
2026-09-21 10:00,2026-09-21,Mon,feriale,SPH - Venezia,sph-venezia,Campo 1,coperto,11:30,mattina,libero,48 EUR,32 EUR
2026-09-21 10:00,2026-09-21,Mon,feriale,SPH - Venezia,sph-venezia,Campo 1,coperto,12:00,pranzo,libero,48 EUR,32 EUR
2026-09-21 10:00,2026-09-21,Mon,feriale,SPH - Venezia,sph-venezia,Campo 2,coperto,10:30,mattina,libero,48 EUR,32 EUR
2026-09-21 10:00,2026-09-21,Mon,feriale,SPH - Venezia,sph-venezia,Campo 2,coperto,11:00,mattina,libero,48 EUR,32 EUR
2026-09-21 10:00,2026-09-21,Mon,feriale,SPH - Venezia,sph-venezia,Campo 2,coperto,11:30,mattina,libero,48 EUR,32 EUR
2026-09-21 10:00,2026-09-21,Mon,feriale,SPH - Venezia,sph-venezia,Campo 2,coperto,12:00,pranzo,libero,48 EUR,32 EUR
2026-09-21 10:00,2026-09-21,Mon,feriale,SPH - Venezia,sph-venezia,Campo 3,coperto,10:30,mattina,libero,,
2026-09-21 10:00,2026-09-21,Mon,feriale,SPH - Venezia,sph-venezia,Campo 3,coperto,11:00,mattina,occupato,,
2026-09-21 10:00,2026-09-21,Mon,feriale,SPH - Venezia,sph-venezia,Campo 3,coperto,11:30,mattina,occupato,,
2026-09-21 10:00,2026-09-21,Mon,feriale,SPH - Venezia,sph-venezia,Campo 3,coperto,12:00,pranzo,occupato,,
2026-09-21 10:00,2026-09-21,Mon,feriale,SPH - Venezia,sph-venezia,Campo 4 | B3 Capital,coperto,10:30,mattina,libero,,
2026-09-21 10:00,2026-09-21,Mon,feriale,SPH - Venezia,sph-venezia,Campo 4 | B3 Capital,coperto,11:00,mattina,occupato,,
2026-09-21 10:00,2026-09-21,Mon,feriale,SPH - Venezia,sph-venezia,Campo 4 | B3 Capital,coperto,11:30,mattina,occupato,,
2026-09-21 10:00,2026-09-21,Mon,feriale,SPH - Venezia,sph-venezia,Campo 4 | B3 Capital,coperto,12:00,pranzo,occupato,,
2026-09-21 10:00,2026-09-21,Mon,feriale,SPH - Venezia,sph-venezia,Campo 5 | Bassetto Impianti,coperto,10:30,mattina,libero,48 EUR,32 EUR
2026-09-21 10:00,2026-09-21,Mon,feriale,SPH - Venezia,sph-venezia,Campo 5 | Bassetto Impianti,coperto,11:00,mattina,libero,48 EUR,32 EUR
2026-09-21 10:00,2026-09-21,Mon,feriale,SPH - Venezia,sph-venezia,Campo 5 | Bassetto Impianti,coperto,11:30,mattina,libero,48 EUR,32 EUR
2026-09-21 10:00,2026-09-21,Mon,feriale,SPH - Venezia,sph-venezia,Campo 5 | Bassetto Impianti,coperto,12:00,pranzo,libero,48 EUR,32 EUR
2026-09-21 10:00,2026-09-21,Mon,feriale,Padel Treviso,padel-treviso,1 Esterno,scoperto,10:30,mattina,libero,40 EUR,32 EUR
2026-09-21 10:00,2026-09-21,Mon,feriale,Padel Treviso,padel-treviso,1 Esterno,scoperto,11:00,mattina,libero,40 EUR,32 EUR
2026-09-21 10:00,2026-09-21,Mon,feriale,Padel Treviso,padel-treviso,1 Esterno,scoperto,11:30,mattina,libero,40 EUR,32 EUR
2026-09-21 10:00,2026-09-21,Mon,feriale,Padel Treviso,padel-treviso,1 Esterno,scoperto,12:00,pranzo,libero,40 EUR,32 EUR
2026-09-21 10:00,2026-09-21,Mon,feriale,Padel Treviso,padel-treviso,2 Esterno,scoperto,10:30,mattina,libero,,
2026-09-21 10:00,2026-09-21,Mon,feriale,Padel Treviso,padel-treviso,2 Esterno,scoperto,11:00,mattina,libero,40 EUR,
2026-09-21 10:00,2026-09-21,Mon,feriale,Padel Treviso,padel-treviso,2 Esterno,scoperto,11:30,mattina,libero,,
2026-09-21 10:00,2026-09-21,Mon,feriale,Padel Treviso,padel-treviso,2 Esterno,scoperto,12:00,pranzo,libero,,
2026-09-21 10:00,2026-09-21,Mon,feriale,Padel Treviso,padel-treviso,3 COPERTO,coperto,10:30,mattina,libero,56 EUR,
2026-09-21 10:00,2026-09-21,Mon,feriale,Padel Treviso,padel-treviso,3 COPERTO,coperto,11:00,mattina,libero,56 EUR,
2026-09-21 10:00,2026-09-21,Mon,feriale,Padel Treviso,padel-treviso,3 COPERTO,coperto,11:30,mattina,libero,56 EUR,
2026-09-21 10:00,2026-09-21,Mon,feriale,Padel Treviso,padel-treviso,3 COPERTO,coperto,12:00,pranzo,libero,56 EUR,
2026-09-21 10:00,2026-09-21,Mon,feriale,Padel Treviso,padel-treviso,4 COPERTO,coperto,10:30,mattina,libero,56 EUR,
2026-09-21 10:00,2026-09-21,Mon,feriale,Padel Treviso,padel-treviso,4 COPERTO,coperto,11:00,mattina,libero,56 EUR,
2026-09-21 10:00,2026-09-21,Mon,feriale,Padel Treviso,padel-treviso,4 COPERTO,coperto,11:30,mattina,libero,56 EUR,
2026-09-21 10:00,2026-09-21,Mon,feriale,Padel Treviso,padel-treviso,4 COPERTO,coperto,12:00,pranzo,libero,56 EUR,
2026-09-21 10:00,2026-09-21,Mon,feriale,Padel Treviso,padel-treviso,Kuikma Indoor,coperto,10:30,mattina,libero,56 EUR,
2026-09-21 10:00,2026-09-21,Mon,feriale,Padel Treviso,padel-treviso,Kuikma Indoor,coperto,11:00,mattina,libero,,
2026-09-21 10:00,2026-09-21,Mon,feriale,Padel Treviso,padel-treviso,Kuikma Indoor,coperto,11:30,mattina,libero,,
2026-09-21 10:00,2026-09-21,Mon,feriale,Padel Treviso,padel-treviso,Kuikma Indoor,coperto,12:00,pranzo,libero,56 EUR,
2026-09-21 10:00,2026-09-21,Mon,feriale,Padel Treviso,padel-treviso,6 Indoor,coperto,10:30,mattina,libero,56 EUR,
2026-09-21 10:00,2026-09-21,Mon,feriale,Padel Treviso,padel-treviso,6 Indoor,coperto,11:00,mattina,libero,,
2026-09-21 10:00,2026-09-21,Mon,feriale,Padel Treviso,padel-treviso,6 Indoor,coperto,11:30,mattina,libero,,
2026-09-21 10:00,2026-09-21,Mon,feriale,Padel Treviso,padel-treviso,6 Indoor,coperto,12:00,pranzo,libero,56 EUR,
2026-09-21 10:00,2026-09-21,Mon,feriale,Padel Treviso,padel-treviso,My Gym City Indoor,coperto,10:30,mattina,libero,56 EUR,
2026-09-21 10:00,2026-09-21,Mon,feriale,Padel Treviso,padel-treviso,My Gym City Indoor,coperto,11:00,mattina,libero,,
2026-09-21 10:00,2026-09-21,Mon,feriale,Padel Treviso,padel-treviso,My Gym City Indoor,coperto,11:30,mattina,libero,,
2026-09-21 10:00,2026-09-21,Mon,feriale,Padel Treviso,padel-treviso,My Gym City Indoor,coperto,12:00,pranzo,libero,56 EUR,
2026-09-21 10:00,2026-09-21,Mon,feriale,Padel Treviso,padel-treviso,8 Esterno,scoperto,10:30,mattina,libero,40 EUR,
2026-09-21 10:00,2026-09-21,Mon,feriale,Padel Treviso,padel-treviso,8 Esterno,scoperto,11:00,mattina,libero,,
2026-09-21 10:00,2026-09-21,Mon,feriale,Padel Treviso,padel-treviso,8 Esterno,scoperto,11:30,mattina,libero,,
2026-09-21 10:00,2026-09-21,Mon,feriale,Padel Treviso,padel-treviso,8 Esterno,scoperto,12:00,pranzo,libero,40 EUR,
2026-09-21 10:00,2026-09-21,Mon,feriale,Padel Treviso,padel-treviso,9 Gioielleria Minotto Istrana,coperto,10:30,mattina,libero,,
2026-09-21 10:00,2026-09-21,Mon,feriale,Padel Treviso,padel-treviso,9 Gioielleria Minotto Istrana,coperto,11:00,mattina,libero,,
2026-09-21 10:00,2026-09-21,Mon,feriale,Padel Treviso,padel-treviso,9 Gioielleria Minotto Istrana,coperto,11:30,mattina,libero,56 EUR,
2026-09-21 10:00,2026-09-21,Mon,feriale,Padel Treviso,padel-treviso,9 Gioielleria Minotto Istrana,coperto,12:00,pranzo,libero,,
2026-09-21 10:00,2026-09-21,Mon,feriale,Padel Treviso,padel-treviso,10 Gioielleria Minotto Istrana,coperto,10:30,mattina,libero,,
2026-09-21 10:00,2026-09-21,Mon,feriale,Padel Treviso,padel-treviso,10 Gioielleria Minotto Istrana,coperto,11:00,mattina,libero,,
2026-09-21 10:00,2026-09-21,Mon,feriale,Padel Treviso,padel-treviso,10 Gioielleria Minotto Istrana,coperto,11:30,mattina,libero,56 EUR,
2026-09-21 10:00,2026-09-21,Mon,feriale,Padel Treviso,padel-treviso,10 Gioielleria Minotto Istrana,coperto,12:00,pranzo,libero,,
2026-09-21 10:00,2026-09-21,Mon,feriale,Padel Treviso,padel-treviso,Singolo A Esterno,scoperto,10:30,mattina,libero,24 EUR,20 EUR
2026-09-21 10:00,2026-09-21,Mon,feriale,Padel Treviso,padel-treviso,Singolo A Esterno,scoperto,11:00,mattina,libero,24 EUR,20 EUR
2026-09-21 10:00,2026-09-21,Mon,feriale,Padel Treviso,padel-treviso,Singolo A Esterno,scoperto,11:30,mattina,libero,24 EUR,20 EUR
2026-09-21 10:00,2026-09-21,Mon,feriale,Padel Treviso,padel-treviso,Singolo A Esterno,scoperto,12:00,pranzo,libero,24 EUR,20 EUR
2026-09-21 10:00,2026-09-21,Mon,feriale,Padel Treviso,padel-treviso,Singolo B Esterno,scoperto,10:30,mattina,libero,24 EUR,20 EUR
2026-09-21 10:00,2026-09-21,Mon,feriale,Padel Treviso,padel-treviso,Singolo B Esterno,scoperto,11:00,mattina,libero,24 EUR,20 EUR
2026-09-21 10:00,2026-09-21,Mon,feriale,Padel Treviso,padel-treviso,Singolo B Esterno,scoperto,11:30,mattina,libero,24 EUR,20 EUR
2026-09-21 10:00,2026-09-21,Mon,feriale,Padel Treviso,padel-treviso,Singolo B Esterno,scoperto,12:00,pranzo,libero,24 EUR,20 EUR
2026-09-21 10:00,2026-09-21,Mon,feriale,Altino Sport Village,altino-sport-village,Padel 1,coperto,10:30,mattina,libero,30 EUR,30 EUR
2026-09-21 10:00,2026-09-21,Mon,feriale,Altino Sport Village,altino-sport-village,Padel 1,coperto,11:00,mattina,libero,30 EUR,30 EUR
2026-09-21 10:00,2026-09-21,Mon,feriale,Altino Sport Village,altino-sport-village,Padel 1,coperto,11:30,mattina,libero,30 EUR,30 EUR
2026-09-21 10:00,2026-09-21,Mon,feriale,Altino Sport Village,altino-sport-village,Padel 1,coperto,12:00,pranzo,libero,30 EUR,30 EUR
2026-09-21 10:00,2026-09-21,Mon,feriale,Altino Sport Village,altino-sport-village,Padel 2,coperto,10:30,mattina,libero,30 EUR,30 EUR
2026-09-21 10:00,2026-09-21,Mon,feriale,Altino Sport Village,altino-sport-village,Padel 2,coperto,11:00,mattina,libero,30 EUR,30 EUR
2026-09-21 10:00,2026-09-21,Mon,feriale,Altino Sport Village,altino-sport-village,Padel 2,coperto,11:30,mattina,libero,30 EUR,30 EUR
2026-09-21 10:00,2026-09-21,Mon,feriale,Altino Sport Village,altino-sport-village,Padel 2,coperto,12:00,pranzo,libero,30 EUR,30 EUR
2026-09-21 10:00,2026-09-21,Mon,feriale,Barchessa Padel e Pikleball,barchessa-pickleball,PADEL 1,coperto,10:30,mattina,libero,40 EUR,27 EUR
2026-09-21 10:00,2026-09-21,Mon,feriale,Barchessa Padel e Pikleball,barchessa-pickleball,PADEL 1,coperto,11:00,mattina,libero,40 EUR,27 EUR
2026-09-21 10:00,2026-09-21,Mon,feriale,Barchessa Padel e Pikleball,barchessa-pickleball,PADEL 1,coperto,11:30,mattina,libero,40 EUR,27 EUR
2026-09-21 10:00,2026-09-21,Mon,feriale,Barchessa Padel e Pikleball,barchessa-pickleball,PADEL 1,coperto,12:00,pranzo,libero,40 EUR,27 EUR
2026-09-21 10:00,2026-09-21,Mon,feriale,Barchessa Padel e Pikleball,barchessa-pickleball,PADEL  2,coperto,10:30,mattina,libero,40 EUR,27 EUR
2026-09-21 10:00,2026-09-21,Mon,feriale,Barchessa Padel e Pikleball,barchessa-pickleball,PADEL  2,coperto,11:00,mattina,libero,40 EUR,27 EUR
2026-09-21 10:00,2026-09-21,Mon,feriale,Barchessa Padel e Pikleball,barchessa-pickleball,PADEL  2,coperto,11:30,mattina,libero,40 EUR,27 EUR
2026-09-21 10:00,2026-09-21,Mon,feriale,Barchessa Padel e Pikleball,barchessa-pickleball,PADEL  2,coperto,12:00,pranzo,libero,40 EUR,27 EUR
2026-09-21 10:00,2026-09-21,Mon,feriale,Barchessa Padel e Pikleball,barchessa-pickleball,PADEL  3,coperto,10:30,mattina,libero,40 EUR,27 EUR
2026-09-21 10:00,2026-09-21,Mon,feriale,Barchessa Padel e Pikleball,barchessa-pickleball,PADEL  3,coperto,11:00,mattina,libero,40 EUR,27 EUR
2026-09-21 10:00,2026-09-21,Mon,feriale,Barchessa Padel e Pikleball,barchessa-pickleball,PADEL  3,coperto,11:30,mattina,libero,40 EUR,27 EUR
2026-09-21 10:00,2026-09-21,Mon,feriale,Barchessa Padel e Pikleball,barchessa-pickleball,PADEL  3,coperto,12:00,pranzo,libero,40 EUR,27 EUR
2026-09-21 10:00,2026-09-21,Mon,feriale,SPH - Treviso Sporting,sph-treviso-sporting,Campo 4,coperto,10:30,mattina,libero,50 EUR,34 EUR
2026-09-21 10:00,2026-09-21,Mon,feriale,SPH - Treviso Sporting,sph-treviso-sporting,Campo 4,coperto,11:00,mattina,libero,50 EUR,34 EUR
2026-09-21 10:00,2026-09-21,Mon,feriale,SPH - Treviso Sporting,sph-treviso-sporting,Campo 4,coperto,11:30,mattina,libero,50 EUR,34 EUR
2026-09-21 10:00,2026-09-21,Mon,feriale,SPH - Treviso Sporting,sph-treviso-sporting,Campo 4,coperto,12:00,pranzo,libero,50 EUR,34 EUR
2026-09-21 10:00,2026-09-21,Mon,feriale,SPH - Treviso Sporting,sph-treviso-sporting,Campo 5,coperto,10:30,mattina,libero,,
2026-09-21 10:00,2026-09-21,Mon,feriale,SPH - Treviso Sporting,sph-treviso-sporting,Campo 5,coperto,11:00,mattina,occupato,,
2026-09-21 10:00,2026-09-21,Mon,feriale,SPH - Treviso Sporting,sph-treviso-sporting,Campo 5,coperto,11:30,mattina,occupato,,
2026-09-21 10:00,2026-09-21,Mon,feriale,SPH - Treviso Sporting,sph-treviso-sporting,Campo 5,coperto,12:00,pranzo,occupato,,
2026-09-21 10:00,2026-09-21,Mon,feriale,SPH - Treviso Sporting,sph-treviso-sporting,Campo 6,coperto,10:30,mattina,libero,50 EUR,34 EUR
2026-09-21 10:00,2026-09-21,Mon,feriale,SPH - Treviso Sporting,sph-treviso-sporting,Campo 6,coperto,11:00,mattina,libero,50 EUR,34 EUR
2026-09-21 10:00,2026-09-21,Mon,feriale,SPH - Treviso Sporting,sph-treviso-sporting,Campo 6,coperto,11:30,mattina,libero,50 EUR,34 EUR
2026-09-21 10:00,2026-09-21,Mon,feriale,SPH - Treviso Sporting,sph-treviso-sporting,Campo 6,coperto,12:00,pranzo,libero,50 EUR,34 EUR
2026-09-21 10:00,2026-09-21,Mon,feriale,SPH - Treviso Sporting,sph-treviso-sporting,Campo 7,coperto,10:30,mattina,libero,50 EUR,34 EUR
2026-09-21 10:00,2026-09-21,Mon,feriale,SPH - Treviso Sporting,sph-treviso-sporting,Campo 7,coperto,11:00,mattina,libero,50 EUR,34 EUR
2026-09-21 10:00,2026-09-21,Mon,feriale,SPH - Treviso Sporting,sph-treviso-sporting,Campo 7,coperto,11:30,mattina,libero,50 EUR,34 EUR
2026-09-21 10:00,2026-09-21,Mon,feriale,SPH - Treviso Sporting,sph-treviso-sporting,Campo 7,coperto,12:00,pranzo,libero,50 EUR,34 EUR
2026-09-21 10:00,2026-09-21,Mon,feriale,SPH - Treviso Sporting,sph-treviso-sporting,Campo 1,scoperto,10:30,mattina,libero,40 EUR,28 EUR
2026-09-21 10:00,2026-09-21,Mon,feriale,SPH - Treviso Sporting,sph-treviso-sporting,Campo 1,scoperto,11:00,mattina,libero,40 EUR,28 EUR
2026-09-21 10:00,2026-09-21,Mon,feriale,SPH - Treviso Sporting,sph-treviso-sporting,Campo 1,scoperto,11:30,mattina,libero,40 EUR,28 EUR
2026-09-21 10:00,2026-09-21,Mon,feriale,SPH - Treviso Sporting,sph-treviso-sporting,Campo 1,scoperto,12:00,pranzo,libero,40 EUR,28 EUR
2026-09-21 10:00,2026-09-21,Mon,feriale,SPH - Treviso Sporting,sph-treviso-sporting,Campo 2,scoperto,10:30,mattina,libero,40 EUR,28 EUR
2026-09-21 10:00,2026-09-21,Mon,feriale,SPH - Treviso Sporting,sph-treviso-sporting,Campo 2,scoperto,11:00,mattina,libero,40 EUR,28 EUR
2026-09-21 10:00,2026-09-21,Mon,feriale,SPH - Treviso Sporting,sph-treviso-sporting,Campo 2,scoperto,11:30,mattina,libero,40 EUR,28 EUR
2026-09-21 10:00,2026-09-21,Mon,feriale,SPH - Treviso Sporting,sph-treviso-sporting,Campo 2,scoperto,12:00,pranzo,libero,40 EUR,28 EUR
2026-09-21 10:00,2026-09-21,Mon,feriale,SPH - Treviso Sporting,sph-treviso-sporting,Campo 3,scoperto,10:30,mattina,libero,40 EUR,28 EUR
2026-09-21 10:00,2026-09-21,Mon,feriale,SPH - Treviso Sporting,sph-treviso-sporting,Campo 3,scoperto,11:00,mattina,libero,40 EUR,28 EUR
2026-09-21 10:00,2026-09-21,Mon,feriale,SPH - Treviso Sporting,sph-treviso-sporting,Campo 3,scoperto,11:30,mattina,libero,40 EUR,28 EUR
2026-09-21 10:00,2026-09-21,Mon,feriale,SPH - Treviso Sporting,sph-treviso-sporting,Campo 3,scoperto,12:00,pranzo,libero,40 EUR,28 EUR
2026-09-21 10:00,2026-09-21,Mon,feriale,Marina Sporting,marina-sporting,Padel 1,scoperto,10:30,mattina,occupato,,
2026-09-21 10:00,2026-09-21,Mon,feriale,Marina Sporting,marina-sporting,Padel 1,scoperto,11:00,mattina,occupato,,
2026-09-21 10:00,2026-09-21,Mon,feriale,Marina Sporting,marina-sporting,Padel 1,scoperto,11:30,mattina,occupato,,
2026-09-21 10:00,2026-09-21,Mon,feriale,Marina Sporting,marina-sporting,Padel 1,scoperto,12:00,pranzo,occupato,,
2026-09-21 10:00,2026-09-21,Mon,feriale,Marina Sporting,marina-sporting,Padel 2,scoperto,10:30,mattina,occupato,,
2026-09-21 10:00,2026-09-21,Mon,feriale,Marina Sporting,marina-sporting,Padel 2,scoperto,11:00,mattina,occupato,,
2026-09-21 10:00,2026-09-21,Mon,feriale,Marina Sporting,marina-sporting,Padel 2,scoperto,11:30,mattina,occupato,,
2026-09-21 10:00,2026-09-21,Mon,feriale,Marina Sporting,marina-sporting,Padel 2,scoperto,12:00,pranzo,occupato,,
2026-09-21 12:00,2026-09-21,Mon,feriale,Sporting Club Mestre,sporting-club-mestre,Campo Giallo,scoperto,12:30,pranzo,libero,32 EUR,24 EUR
2026-09-21 12:00,2026-09-21,Mon,feriale,Sporting Club Mestre,sporting-club-mestre,Campo Giallo,scoperto,13:00,pranzo,libero,32 EUR,24 EUR
2026-09-21 12:00,2026-09-21,Mon,feriale,Sporting Club Mestre,sporting-club-mestre,Campo Giallo,scoperto,13:30,pranzo,libero,32 EUR,24 EUR
2026-09-21 12:00,2026-09-21,Mon,feriale,Sporting Club Mestre,sporting-club-mestre,Campo Giallo,scoperto,14:00,pomeriggio,libero,32 EUR,24 EUR
2026-09-21 12:00,2026-09-21,Mon,feriale,Sporting Club Mestre,sporting-club-mestre,Campo Rosso,scoperto,12:30,pranzo,occupato,,
2026-09-21 12:00,2026-09-21,Mon,feriale,Sporting Club Mestre,sporting-club-mestre,Campo Rosso,scoperto,13:00,pranzo,occupato,,
2026-09-21 12:00,2026-09-21,Mon,feriale,Sporting Club Mestre,sporting-club-mestre,Campo Rosso,scoperto,13:30,pranzo,occupato,,
2026-09-21 12:00,2026-09-21,Mon,feriale,Sporting Club Mestre,sporting-club-mestre,Campo Rosso,scoperto,14:00,pomeriggio,occupato,,
2026-09-21 12:00,2026-09-21,Mon,feriale,Sporting Club Mestre,sporting-club-mestre,campo coperto 1,coperto,12:30,pranzo,libero,,
2026-09-21 12:00,2026-09-21,Mon,feriale,Sporting Club Mestre,sporting-club-mestre,campo coperto 1,coperto,13:00,pranzo,libero,40 EUR,
2026-09-21 12:00,2026-09-21,Mon,feriale,Sporting Club Mestre,sporting-club-mestre,campo coperto 1,coperto,13:30,pranzo,libero,,
2026-09-21 12:00,2026-09-21,Mon,feriale,Sporting Club Mestre,sporting-club-mestre,campo coperto 1,coperto,14:00,pomeriggio,libero,,
2026-09-21 12:00,2026-09-21,Mon,feriale,Sporting Club Mestre,sporting-club-mestre,campo coperto 2,coperto,12:30,pranzo,libero,,
2026-09-21 12:00,2026-09-21,Mon,feriale,Sporting Club Mestre,sporting-club-mestre,campo coperto 2,coperto,13:00,pranzo,libero,40 EUR,
2026-09-21 12:00,2026-09-21,Mon,feriale,Sporting Club Mestre,sporting-club-mestre,campo coperto 2,coperto,13:30,pranzo,libero,,
2026-09-21 12:00,2026-09-21,Mon,feriale,Sporting Club Mestre,sporting-club-mestre,campo coperto 2,coperto,14:00,pomeriggio,libero,,
2026-09-21 12:00,2026-09-21,Mon,feriale,Padel by FitUP di Zero Branco,padel-by-fitup-di-zero-branco,Padel by FitUP 1,coperto,12:30,pranzo,libero,40 EUR,
2026-09-21 12:00,2026-09-21,Mon,feriale,Padel by FitUP di Zero Branco,padel-by-fitup-di-zero-branco,Padel by FitUP 1,coperto,13:00,pranzo,libero,40 EUR,
2026-09-21 12:00,2026-09-21,Mon,feriale,Padel by FitUP di Zero Branco,padel-by-fitup-di-zero-branco,Padel by FitUP 1,coperto,13:30,pranzo,libero,40 EUR,
2026-09-21 12:00,2026-09-21,Mon,feriale,Padel by FitUP di Zero Branco,padel-by-fitup-di-zero-branco,Padel by FitUP 1,coperto,14:00,pomeriggio,libero,40 EUR,
2026-09-21 12:00,2026-09-21,Mon,feriale,Aquafit Padel,aquafit-padel,Padel 1,scoperto,12:30,pranzo,libero,40 EUR,
2026-09-21 12:00,2026-09-21,Mon,feriale,Aquafit Padel,aquafit-padel,Padel 1,scoperto,13:00,pranzo,libero,40 EUR,
2026-09-21 12:00,2026-09-21,Mon,feriale,Aquafit Padel,aquafit-padel,Padel 1,scoperto,13:30,pranzo,libero,40 EUR,
2026-09-21 12:00,2026-09-21,Mon,feriale,Aquafit Padel,aquafit-padel,Padel 1,scoperto,14:00,pomeriggio,libero,40 EUR,
2026-09-21 12:00,2026-09-21,Mon,feriale,Aquafit Padel,aquafit-padel,Padel 2,scoperto,12:30,pranzo,libero,40 EUR,32 EUR
2026-09-21 12:00,2026-09-21,Mon,feriale,Aquafit Padel,aquafit-padel,Padel 2,scoperto,13:00,pranzo,libero,40 EUR,32 EUR
2026-09-21 12:00,2026-09-21,Mon,feriale,Aquafit Padel,aquafit-padel,Padel 2,scoperto,13:30,pranzo,libero,40 EUR,29.34 EUR
2026-09-21 12:00,2026-09-21,Mon,feriale,Aquafit Padel,aquafit-padel,Padel 2,scoperto,14:00,pomeriggio,libero,40 EUR,
2026-09-21 12:00,2026-09-21,Mon,feriale,SPH - Venezia,sph-venezia,Campo 1,coperto,12:30,pranzo,occupato,,
2026-09-21 12:00,2026-09-21,Mon,feriale,SPH - Venezia,sph-venezia,Campo 1,coperto,13:00,pranzo,occupato,,
2026-09-21 12:00,2026-09-21,Mon,feriale,SPH - Venezia,sph-venezia,Campo 1,coperto,13:30,pranzo,occupato,,
2026-09-21 12:00,2026-09-21,Mon,feriale,SPH - Venezia,sph-venezia,Campo 1,coperto,14:00,pomeriggio,occupato,,
2026-09-21 12:00,2026-09-21,Mon,feriale,SPH - Venezia,sph-venezia,Campo 2,coperto,12:30,pranzo,libero,48 EUR,32 EUR
2026-09-21 12:00,2026-09-21,Mon,feriale,SPH - Venezia,sph-venezia,Campo 2,coperto,13:00,pranzo,libero,48 EUR,32 EUR
2026-09-21 12:00,2026-09-21,Mon,feriale,SPH - Venezia,sph-venezia,Campo 2,coperto,13:30,pranzo,libero,48 EUR,32 EUR
2026-09-21 12:00,2026-09-21,Mon,feriale,SPH - Venezia,sph-venezia,Campo 2,coperto,14:00,pomeriggio,libero,48 EUR,32 EUR
2026-09-21 12:00,2026-09-21,Mon,feriale,SPH - Venezia,sph-venezia,Campo 3,coperto,12:30,pranzo,libero,48 EUR,32 EUR
2026-09-21 12:00,2026-09-21,Mon,feriale,SPH - Venezia,sph-venezia,Campo 3,coperto,13:00,pranzo,libero,48 EUR,32 EUR
2026-09-21 12:00,2026-09-21,Mon,feriale,SPH - Venezia,sph-venezia,Campo 3,coperto,13:30,pranzo,libero,48 EUR,32 EUR
2026-09-21 12:00,2026-09-21,Mon,feriale,SPH - Venezia,sph-venezia,Campo 3,coperto,14:00,pomeriggio,libero,,32 EUR
2026-09-21 12:00,2026-09-21,Mon,feriale,SPH - Venezia,sph-venezia,Campo 4 | B3 Capital,coperto,12:30,pranzo,libero,48 EUR,32 EUR
2026-09-21 12:00,2026-09-21,Mon,feriale,SPH - Venezia,sph-venezia,Campo 4 | B3 Capital,coperto,13:00,pranzo,libero,48 EUR,32 EUR
2026-09-21 12:00,2026-09-21,Mon,feriale,SPH - Venezia,sph-venezia,Campo 4 | B3 Capital,coperto,13:30,pranzo,libero,48 EUR,32 EUR
2026-09-21 12:00,2026-09-21,Mon,feriale,SPH - Venezia,sph-venezia,Campo 4 | B3 Capital,coperto,14:00,pomeriggio,libero,,32 EUR
2026-09-21 12:00,2026-09-21,Mon,feriale,SPH - Venezia,sph-venezia,Campo 5 | Bassetto Impianti,coperto,12:30,pranzo,libero,48 EUR,32 EUR
2026-09-21 12:00,2026-09-21,Mon,feriale,SPH - Venezia,sph-venezia,Campo 5 | Bassetto Impianti,coperto,13:00,pranzo,libero,48 EUR,32 EUR
2026-09-21 12:00,2026-09-21,Mon,feriale,SPH - Venezia,sph-venezia,Campo 5 | Bassetto Impianti,coperto,13:30,pranzo,libero,48 EUR,32 EUR
2026-09-21 12:00,2026-09-21,Mon,feriale,SPH - Venezia,sph-venezia,Campo 5 | Bassetto Impianti,coperto,14:00,pomeriggio,libero,,32 EUR
2026-09-21 12:00,2026-09-21,Mon,feriale,Padel Treviso,padel-treviso,1 Esterno,scoperto,12:30,pranzo,libero,40 EUR,32 EUR
2026-09-21 12:00,2026-09-21,Mon,feriale,Padel Treviso,padel-treviso,1 Esterno,scoperto,13:00,pranzo,libero,40 EUR,32 EUR
2026-09-21 12:00,2026-09-21,Mon,feriale,Padel Treviso,padel-treviso,1 Esterno,scoperto,13:30,pranzo,libero,40 EUR,32 EUR
2026-09-21 12:00,2026-09-21,Mon,feriale,Padel Treviso,padel-treviso,1 Esterno,scoperto,14:00,pomeriggio,libero,,32 EUR
2026-09-21 12:00,2026-09-21,Mon,feriale,Padel Treviso,padel-treviso,2 Esterno,scoperto,12:30,pranzo,libero,40 EUR,
2026-09-21 12:00,2026-09-21,Mon,feriale,Padel Treviso,padel-treviso,2 Esterno,scoperto,13:00,pranzo,libero,,
2026-09-21 12:00,2026-09-21,Mon,feriale,Padel Treviso,padel-treviso,2 Esterno,scoperto,13:30,pranzo,libero,,
2026-09-21 12:00,2026-09-21,Mon,feriale,Padel Treviso,padel-treviso,2 Esterno,scoperto,14:00,pomeriggio,libero,40 EUR,
2026-09-21 12:00,2026-09-21,Mon,feriale,Padel Treviso,padel-treviso,3 COPERTO,coperto,12:30,pranzo,libero,56 EUR,
2026-09-21 12:00,2026-09-21,Mon,feriale,Padel Treviso,padel-treviso,3 COPERTO,coperto,13:00,pranzo,libero,56 EUR,
2026-09-21 12:00,2026-09-21,Mon,feriale,Padel Treviso,padel-treviso,3 COPERTO,coperto,13:30,pranzo,libero,56 EUR,
2026-09-21 12:00,2026-09-21,Mon,feriale,Padel Treviso,padel-treviso,3 COPERTO,coperto,14:00,pomeriggio,libero,56 EUR,
2026-09-21 12:00,2026-09-21,Mon,feriale,Padel Treviso,padel-treviso,4 COPERTO,coperto,12:30,pranzo,libero,56 EUR,
2026-09-21 12:00,2026-09-21,Mon,feriale,Padel Treviso,padel-treviso,4 COPERTO,coperto,13:00,pranzo,libero,56 EUR,
2026-09-21 12:00,2026-09-21,Mon,feriale,Padel Treviso,padel-treviso,4 COPERTO,coperto,13:30,pranzo,libero,56 EUR,
2026-09-21 12:00,2026-09-21,Mon,feriale,Padel Treviso,padel-treviso,4 COPERTO,coperto,14:00,pomeriggio,libero,56 EUR,
2026-09-21 12:00,2026-09-21,Mon,feriale,Padel Treviso,padel-treviso,Kuikma Indoor,coperto,12:30,pranzo,libero,,
2026-09-21 12:00,2026-09-21,Mon,feriale,Padel Treviso,padel-treviso,Kuikma Indoor,coperto,13:00,pranzo,libero,,
2026-09-21 12:00,2026-09-21,Mon,feriale,Padel Treviso,padel-treviso,Kuikma Indoor,coperto,13:30,pranzo,libero,56 EUR,
2026-09-21 12:00,2026-09-21,Mon,feriale,Padel Treviso,padel-treviso,Kuikma Indoor,coperto,14:00,pomeriggio,libero,,
2026-09-21 12:00,2026-09-21,Mon,feriale,Padel Treviso,padel-treviso,6 Indoor,coperto,12:30,pranzo,libero,,
2026-09-21 12:00,2026-09-21,Mon,feriale,Padel Treviso,padel-treviso,6 Indoor,coperto,13:00,pranzo,libero,,
2026-09-21 12:00,2026-09-21,Mon,feriale,Padel Treviso,padel-treviso,6 Indoor,coperto,13:30,pranzo,libero,56 EUR,
2026-09-21 12:00,2026-09-21,Mon,feriale,Padel Treviso,padel-treviso,6 Indoor,coperto,14:00,pomeriggio,libero,,
2026-09-21 12:00,2026-09-21,Mon,feriale,Padel Treviso,padel-treviso,My Gym City Indoor,coperto,12:30,pranzo,libero,,
2026-09-21 12:00,2026-09-21,Mon,feriale,Padel Treviso,padel-treviso,My Gym City Indoor,coperto,13:00,pranzo,libero,,
2026-09-21 12:00,2026-09-21,Mon,feriale,Padel Treviso,padel-treviso,My Gym City Indoor,coperto,13:30,pranzo,libero,56 EUR,
2026-09-21 12:00,2026-09-21,Mon,feriale,Padel Treviso,padel-treviso,My Gym City Indoor,coperto,14:00,pomeriggio,libero,,
2026-09-21 12:00,2026-09-21,Mon,feriale,Padel Treviso,padel-treviso,8 Esterno,scoperto,12:30,pranzo,libero,,
2026-09-21 12:00,2026-09-21,Mon,feriale,Padel Treviso,padel-treviso,8 Esterno,scoperto,13:00,pranzo,libero,,
2026-09-21 12:00,2026-09-21,Mon,feriale,Padel Treviso,padel-treviso,8 Esterno,scoperto,13:30,pranzo,libero,40 EUR,
2026-09-21 12:00,2026-09-21,Mon,feriale,Padel Treviso,padel-treviso,8 Esterno,scoperto,14:00,pomeriggio,libero,,
2026-09-21 12:00,2026-09-21,Mon,feriale,Padel Treviso,padel-treviso,9 Gioielleria Minotto Istrana,coperto,12:30,pranzo,libero,,
2026-09-21 12:00,2026-09-21,Mon,feriale,Padel Treviso,padel-treviso,9 Gioielleria Minotto Istrana,coperto,13:00,pranzo,libero,56 EUR,
2026-09-21 12:00,2026-09-21,Mon,feriale,Padel Treviso,padel-treviso,9 Gioielleria Minotto Istrana,coperto,13:30,pranzo,libero,,
2026-09-21 12:00,2026-09-21,Mon,feriale,Padel Treviso,padel-treviso,9 Gioielleria Minotto Istrana,coperto,14:00,pomeriggio,libero,,
2026-09-21 12:00,2026-09-21,Mon,feriale,Padel Treviso,padel-treviso,10 Gioielleria Minotto Istrana,coperto,12:30,pranzo,libero,,
2026-09-21 12:00,2026-09-21,Mon,feriale,Padel Treviso,padel-treviso,10 Gioielleria Minotto Istrana,coperto,13:00,pranzo,libero,56 EUR,
2026-09-21 12:00,2026-09-21,Mon,feriale,Padel Treviso,padel-treviso,10 Gioielleria Minotto Istrana,coperto,13:30,pranzo,libero,,
2026-09-21 12:00,2026-09-21,Mon,feriale,Padel Treviso,padel-treviso,10 Gioielleria Minotto Istrana,coperto,14:00,pomeriggio,libero,,
2026-09-21 12:00,2026-09-21,Mon,feriale,Padel Treviso,padel-treviso,Singolo A Esterno,scoperto,12:30,pranzo,libero,24 EUR,20 EUR
2026-09-21 12:00,2026-09-21,Mon,feriale,Padel Treviso,padel-treviso,Singolo A Esterno,scoperto,13:00,pranzo,libero,24 EUR,20 EUR
2026-09-21 12:00,2026-09-21,Mon,feriale,Padel Treviso,padel-treviso,Singolo A Esterno,scoperto,13:30,pranzo,libero,24 EUR,20 EUR
2026-09-21 12:00,2026-09-21,Mon,feriale,Padel Treviso,padel-treviso,Singolo A Esterno,scoperto,14:00,pomeriggio,libero,,20 EUR
2026-09-21 12:00,2026-09-21,Mon,feriale,Padel Treviso,padel-treviso,Singolo B Esterno,scoperto,12:30,pranzo,libero,24 EUR,20 EUR
2026-09-21 12:00,2026-09-21,Mon,feriale,Padel Treviso,padel-treviso,Singolo B Esterno,scoperto,13:00,pranzo,libero,24 EUR,20 EUR
2026-09-21 12:00,2026-09-21,Mon,feriale,Padel Treviso,padel-treviso,Singolo B Esterno,scoperto,13:30,pranzo,libero,24 EUR,20 EUR
2026-09-21 12:00,2026-09-21,Mon,feriale,Padel Treviso,padel-treviso,Singolo B Esterno,scoperto,14:00,pomeriggio,libero,24 EUR,20 EUR
2026-09-21 12:00,2026-09-21,Mon,feriale,Altino Sport Village,altino-sport-village,Padel 1,coperto,12:30,pranzo,libero,30 EUR,30 EUR
2026-09-21 12:00,2026-09-21,Mon,feriale,Altino Sport Village,altino-sport-village,Padel 1,coperto,13:00,pranzo,libero,,30 EUR
2026-09-21 12:00,2026-09-21,Mon,feriale,Altino Sport Village,altino-sport-village,Padel 1,coperto,13:30,pranzo,libero,,
2026-09-21 12:00,2026-09-21,Mon,feriale,Altino Sport Village,altino-sport-village,Padel 1,coperto,14:00,pomeriggio,occupato,,
2026-09-21 12:00,2026-09-21,Mon,feriale,Altino Sport Village,altino-sport-village,Padel 2,coperto,12:30,pranzo,libero,30 EUR,30 EUR
2026-09-21 12:00,2026-09-21,Mon,feriale,Altino Sport Village,altino-sport-village,Padel 2,coperto,13:00,pranzo,libero,30 EUR,30 EUR
2026-09-21 12:00,2026-09-21,Mon,feriale,Altino Sport Village,altino-sport-village,Padel 2,coperto,13:30,pranzo,libero,30 EUR,30 EUR
2026-09-21 12:00,2026-09-21,Mon,feriale,Altino Sport Village,altino-sport-village,Padel 2,coperto,14:00,pomeriggio,libero,,30 EUR
2026-09-21 12:00,2026-09-21,Mon,feriale,Barchessa Padel e Pikleball,barchessa-pickleball,PADEL 1,coperto,12:30,pranzo,libero,40 EUR,27 EUR
2026-09-21 12:00,2026-09-21,Mon,feriale,Barchessa Padel e Pikleball,barchessa-pickleball,PADEL 1,coperto,13:00,pranzo,libero,40 EUR,27 EUR
2026-09-21 12:00,2026-09-21,Mon,feriale,Barchessa Padel e Pikleball,barchessa-pickleball,PADEL 1,coperto,13:30,pranzo,libero,40 EUR,27 EUR
2026-09-21 12:00,2026-09-21,Mon,feriale,Barchessa Padel e Pikleball,barchessa-pickleball,PADEL 1,coperto,14:00,pomeriggio,libero,40 EUR,27 EUR
2026-09-21 12:00,2026-09-21,Mon,feriale,Barchessa Padel e Pikleball,barchessa-pickleball,PADEL  2,coperto,12:30,pranzo,libero,40 EUR,27 EUR
2026-09-21 12:00,2026-09-21,Mon,feriale,Barchessa Padel e Pikleball,barchessa-pickleball,PADEL  2,coperto,13:00,pranzo,libero,,27 EUR
2026-09-21 12:00,2026-09-21,Mon,feriale,Barchessa Padel e Pikleball,barchessa-pickleball,PADEL  2,coperto,13:30,pranzo,libero,,
2026-09-21 12:00,2026-09-21,Mon,feriale,Barchessa Padel e Pikleball,barchessa-pickleball,PADEL  2,coperto,14:00,pomeriggio,occupato,,
2026-09-21 12:00,2026-09-21,Mon,feriale,Barchessa Padel e Pikleball,barchessa-pickleball,PADEL  3,coperto,12:30,pranzo,libero,40 EUR,27 EUR
2026-09-21 12:00,2026-09-21,Mon,feriale,Barchessa Padel e Pikleball,barchessa-pickleball,PADEL  3,coperto,13:00,pranzo,libero,40 EUR,27 EUR
2026-09-21 12:00,2026-09-21,Mon,feriale,Barchessa Padel e Pikleball,barchessa-pickleball,PADEL  3,coperto,13:30,pranzo,libero,40 EUR,27 EUR
2026-09-21 12:00,2026-09-21,Mon,feriale,Barchessa Padel e Pikleball,barchessa-pickleball,PADEL  3,coperto,14:00,pomeriggio,libero,,27 EUR
2026-09-21 12:00,2026-09-21,Mon,feriale,SPH - Treviso Sporting,sph-treviso-sporting,Campo 4,coperto,12:30,pranzo,libero,50 EUR,34 EUR
2026-09-21 12:00,2026-09-21,Mon,feriale,SPH - Treviso Sporting,sph-treviso-sporting,Campo 4,coperto,13:00,pranzo,libero,50 EUR,34 EUR
2026-09-21 12:00,2026-09-21,Mon,feriale,SPH - Treviso Sporting,sph-treviso-sporting,Campo 4,coperto,13:30,pranzo,libero,50 EUR,34 EUR
2026-09-21 12:00,2026-09-21,Mon,feriale,SPH - Treviso Sporting,sph-treviso-sporting,Campo 4,coperto,14:00,pomeriggio,libero,,34 EUR
2026-09-21 12:00,2026-09-21,Mon,feriale,SPH - Treviso Sporting,sph-treviso-sporting,Campo 5,coperto,12:30,pranzo,libero,,
2026-09-21 12:00,2026-09-21,Mon,feriale,SPH - Treviso Sporting,sph-treviso-sporting,Campo 5,coperto,13:00,pranzo,libero,50 EUR,34 EUR
2026-09-21 12:00,2026-09-21,Mon,feriale,SPH - Treviso Sporting,sph-treviso-sporting,Campo 5,coperto,13:30,pranzo,libero,50 EUR,34 EUR
2026-09-21 12:00,2026-09-21,Mon,feriale,SPH - Treviso Sporting,sph-treviso-sporting,Campo 5,coperto,14:00,pomeriggio,libero,,34 EUR
2026-09-21 12:00,2026-09-21,Mon,feriale,SPH - Treviso Sporting,sph-treviso-sporting,Campo 6,coperto,12:30,pranzo,libero,50 EUR,34 EUR
2026-09-21 12:00,2026-09-21,Mon,feriale,SPH - Treviso Sporting,sph-treviso-sporting,Campo 6,coperto,13:00,pranzo,libero,50 EUR,34 EUR
2026-09-21 12:00,2026-09-21,Mon,feriale,SPH - Treviso Sporting,sph-treviso-sporting,Campo 6,coperto,13:30,pranzo,libero,,34 EUR
2026-09-21 12:00,2026-09-21,Mon,feriale,SPH - Treviso Sporting,sph-treviso-sporting,Campo 6,coperto,14:00,pomeriggio,libero,50 EUR,
2026-09-21 12:00,2026-09-21,Mon,feriale,SPH - Treviso Sporting,sph-treviso-sporting,Campo 7,coperto,12:30,pranzo,libero,,
2026-09-21 12:00,2026-09-21,Mon,feriale,SPH - Treviso Sporting,sph-treviso-sporting,Campo 7,coperto,13:00,pranzo,libero,50 EUR,34 EUR
2026-09-21 12:00,2026-09-21,Mon,feriale,SPH - Treviso Sporting,sph-treviso-sporting,Campo 7,coperto,13:30,pranzo,libero,,34 EUR
2026-09-21 12:00,2026-09-21,Mon,feriale,SPH - Treviso Sporting,sph-treviso-sporting,Campo 7,coperto,14:00,pomeriggio,libero,50 EUR,
2026-09-21 12:00,2026-09-21,Mon,feriale,SPH - Treviso Sporting,sph-treviso-sporting,Campo 1,scoperto,12:30,pranzo,libero,40 EUR,28 EUR
2026-09-21 12:00,2026-09-21,Mon,feriale,SPH - Treviso Sporting,sph-treviso-sporting,Campo 1,scoperto,13:00,pranzo,libero,40 EUR,28 EUR
2026-09-21 12:00,2026-09-21,Mon,feriale,SPH - Treviso Sporting,sph-treviso-sporting,Campo 1,scoperto,13:30,pranzo,libero,40 EUR,28 EUR
2026-09-21 12:00,2026-09-21,Mon,feriale,SPH - Treviso Sporting,sph-treviso-sporting,Campo 1,scoperto,14:00,pomeriggio,libero,40 EUR,28 EUR
2026-09-21 12:00,2026-09-21,Mon,feriale,SPH - Treviso Sporting,sph-treviso-sporting,Campo 2,scoperto,12:30,pranzo,libero,40 EUR,28 EUR
2026-09-21 12:00,2026-09-21,Mon,feriale,SPH - Treviso Sporting,sph-treviso-sporting,Campo 2,scoperto,13:00,pranzo,libero,40 EUR,28 EUR
2026-09-21 12:00,2026-09-21,Mon,feriale,SPH - Treviso Sporting,sph-treviso-sporting,Campo 2,scoperto,13:30,pranzo,libero,40 EUR,28 EUR
2026-09-21 12:00,2026-09-21,Mon,feriale,SPH - Treviso Sporting,sph-treviso-sporting,Campo 2,scoperto,14:00,pomeriggio,libero,40 EUR,28 EUR
2026-09-21 12:00,2026-09-21,Mon,feriale,SPH - Treviso Sporting,sph-treviso-sporting,Campo 3,scoperto,12:30,pranzo,libero,40 EUR,28 EUR
2026-09-21 12:00,2026-09-21,Mon,feriale,SPH - Treviso Sporting,sph-treviso-sporting,Campo 3,scoperto,13:00,pranzo,libero,40 EUR,28 EUR
2026-09-21 12:00,2026-09-21,Mon,feriale,SPH - Treviso Sporting,sph-treviso-sporting,Campo 3,scoperto,13:30,pranzo,libero,40 EUR,28 EUR
2026-09-21 12:00,2026-09-21,Mon,feriale,SPH - Treviso Sporting,sph-treviso-sporting,Campo 3,scoperto,14:00,pomeriggio,libero,40 EUR,28 EUR
2026-09-21 12:00,2026-09-21,Mon,feriale,Marina Sporting,marina-sporting,Padel 1,scoperto,12:30,pranzo,occupato,,
2026-09-21 12:00,2026-09-21,Mon,feriale,Marina Sporting,marina-sporting,Padel 1,scoperto,13:00,pranzo,occupato,,
2026-09-21 12:00,2026-09-21,Mon,feriale,Marina Sporting,marina-sporting,Padel 1,scoperto,13:30,pranzo,occupato,,
2026-09-21 12:00,2026-09-21,Mon,feriale,Marina Sporting,marina-sporting,Padel 1,scoperto,14:00,pomeriggio,occupato,,
2026-09-21 12:00,2026-09-21,Mon,feriale,Marina Sporting,marina-sporting,Padel 2,scoperto,12:30,pranzo,occupato,,
2026-09-21 12:00,2026-09-21,Mon,feriale,Marina Sporting,marina-sporting,Padel 2,scoperto,13:00,pranzo,libero,44 EUR,
2026-09-21 12:00,2026-09-21,Mon,feriale,Marina Sporting,marina-sporting,Padel 2,scoperto,13:30,pranzo,libero,,
2026-09-21 12:00,2026-09-21,Mon,feriale,Marina Sporting,marina-sporting,Padel 2,scoperto,14:00,pomeriggio,libero,,
2026-09-21 14:28,2026-09-21,Mon,feriale,Sporting Club Mestre,sporting-club-mestre,Campo Giallo,scoperto,14:30,pomeriggio,occupato,,
2026-09-21 14:28,2026-09-21,Mon,feriale,Sporting Club Mestre,sporting-club-mestre,Campo Giallo,scoperto,15:00,pomeriggio,occupato,,
2026-09-21 14:28,2026-09-21,Mon,feriale,Sporting Club Mestre,sporting-club-mestre,Campo Giallo,scoperto,15:30,pomeriggio,occupato,,
2026-09-21 14:28,2026-09-21,Mon,feriale,Sporting Club Mestre,sporting-club-mestre,Campo Giallo,scoperto,16:00,pomeriggio,libero,,24 EUR
2026-09-21 14:28,2026-09-21,Mon,feriale,Sporting Club Mestre,sporting-club-mestre,Campo Rosso,scoperto,14:30,pomeriggio,occupato,,
2026-09-21 14:28,2026-09-21,Mon,feriale,Sporting Club Mestre,sporting-club-mestre,Campo Rosso,scoperto,15:00,pomeriggio,occupato,,
2026-09-21 14:28,2026-09-21,Mon,feriale,Sporting Club Mestre,sporting-club-mestre,Campo Rosso,scoperto,15:30,pomeriggio,occupato,,
2026-09-21 14:28,2026-09-21,Mon,feriale,Sporting Club Mestre,sporting-club-mestre,Campo Rosso,scoperto,16:00,pomeriggio,occupato,,
2026-09-21 14:28,2026-09-21,Mon,feriale,Sporting Club Mestre,sporting-club-mestre,campo coperto 1,coperto,14:30,pomeriggio,occupato,,
2026-09-21 14:28,2026-09-21,Mon,feriale,Sporting Club Mestre,sporting-club-mestre,campo coperto 1,coperto,15:00,pomeriggio,occupato,,
2026-09-21 14:28,2026-09-21,Mon,feriale,Sporting Club Mestre,sporting-club-mestre,campo coperto 1,coperto,15:30,pomeriggio,occupato,,
2026-09-21 14:28,2026-09-21,Mon,feriale,Sporting Club Mestre,sporting-club-mestre,campo coperto 1,coperto,16:00,pomeriggio,occupato,,
2026-09-21 14:28,2026-09-21,Mon,feriale,Sporting Club Mestre,sporting-club-mestre,campo coperto 2,coperto,14:30,pomeriggio,libero,40 EUR,
2026-09-21 14:28,2026-09-21,Mon,feriale,Sporting Club Mestre,sporting-club-mestre,campo coperto 2,coperto,15:00,pomeriggio,libero,,
2026-09-21 14:28,2026-09-21,Mon,feriale,Sporting Club Mestre,sporting-club-mestre,campo coperto 2,coperto,15:30,pomeriggio,libero,,
2026-09-21 14:28,2026-09-21,Mon,feriale,Sporting Club Mestre,sporting-club-mestre,campo coperto 2,coperto,16:00,pomeriggio,occupato,,
2026-09-21 14:28,2026-09-21,Mon,feriale,Padel by FitUP di Zero Branco,padel-by-fitup-di-zero-branco,Padel by FitUP 1,coperto,14:30,pomeriggio,libero,40 EUR,
2026-09-21 14:28,2026-09-21,Mon,feriale,Padel by FitUP di Zero Branco,padel-by-fitup-di-zero-branco,Padel by FitUP 1,coperto,15:00,pomeriggio,libero,40 EUR,
2026-09-21 14:28,2026-09-21,Mon,feriale,Padel by FitUP di Zero Branco,padel-by-fitup-di-zero-branco,Padel by FitUP 1,coperto,15:30,pomeriggio,libero,40 EUR,
2026-09-21 14:28,2026-09-21,Mon,feriale,Padel by FitUP di Zero Branco,padel-by-fitup-di-zero-branco,Padel by FitUP 1,coperto,16:00,pomeriggio,libero,40 EUR,
2026-09-21 14:28,2026-09-21,Mon,feriale,Aquafit Padel,aquafit-padel,Padel 1,scoperto,14:30,pomeriggio,libero,40 EUR,
2026-09-21 14:28,2026-09-21,Mon,feriale,Aquafit Padel,aquafit-padel,Padel 1,scoperto,15:00,pomeriggio,libero,40 EUR,
2026-09-21 14:28,2026-09-21,Mon,feriale,Aquafit Padel,aquafit-padel,Padel 1,scoperto,15:30,pomeriggio,libero,40 EUR,
2026-09-21 14:28,2026-09-21,Mon,feriale,Aquafit Padel,aquafit-padel,Padel 1,scoperto,16:00,pomeriggio,libero,40 EUR,
2026-09-21 14:28,2026-09-21,Mon,feriale,Aquafit Padel,aquafit-padel,Padel 2,scoperto,14:30,pomeriggio,libero,40 EUR,
2026-09-21 14:28,2026-09-21,Mon,feriale,Aquafit Padel,aquafit-padel,Padel 2,scoperto,15:00,pomeriggio,libero,40 EUR,
2026-09-21 14:28,2026-09-21,Mon,feriale,Aquafit Padel,aquafit-padel,Padel 2,scoperto,15:30,pomeriggio,libero,40 EUR,
2026-09-21 14:28,2026-09-21,Mon,feriale,Aquafit Padel,aquafit-padel,Padel 2,scoperto,16:00,pomeriggio,libero,40 EUR,
2026-09-21 16:38,2026-09-21,Mon,feriale,Sporting Club Mestre,sporting-club-mestre,Campo Giallo,scoperto,17:00,pomeriggio,occupato,,
2026-09-21 16:38,2026-09-21,Mon,feriale,Sporting Club Mestre,sporting-club-mestre,Campo Giallo,scoperto,17:30,pomeriggio,occupato,,
2026-09-21 16:38,2026-09-21,Mon,feriale,Sporting Club Mestre,sporting-club-mestre,Campo Giallo,scoperto,18:00,sera,occupato,,
2026-09-21 16:38,2026-09-21,Mon,feriale,Sporting Club Mestre,sporting-club-mestre,Campo Giallo,scoperto,18:30,sera,occupato,,
2026-09-21 16:38,2026-09-21,Mon,feriale,Sporting Club Mestre,sporting-club-mestre,Campo Rosso,scoperto,17:00,pomeriggio,occupato,,
2026-09-21 16:38,2026-09-21,Mon,feriale,Sporting Club Mestre,sporting-club-mestre,Campo Rosso,scoperto,17:30,pomeriggio,occupato,,
2026-09-21 16:38,2026-09-21,Mon,feriale,Sporting Club Mestre,sporting-club-mestre,Campo Rosso,scoperto,18:00,sera,occupato,,
2026-09-21 16:38,2026-09-21,Mon,feriale,Sporting Club Mestre,sporting-club-mestre,Campo Rosso,scoperto,18:30,sera,occupato,,
2026-09-21 16:38,2026-09-21,Mon,feriale,Sporting Club Mestre,sporting-club-mestre,campo coperto 1,coperto,17:00,pomeriggio,occupato,,
2026-09-21 16:38,2026-09-21,Mon,feriale,Sporting Club Mestre,sporting-club-mestre,campo coperto 1,coperto,17:30,pomeriggio,occupato,,
2026-09-21 16:38,2026-09-21,Mon,feriale,Sporting Club Mestre,sporting-club-mestre,campo coperto 1,coperto,18:00,sera,occupato,,
2026-09-21 16:38,2026-09-21,Mon,feriale,Sporting Club Mestre,sporting-club-mestre,campo coperto 1,coperto,18:30,sera,occupato,,
2026-09-21 16:38,2026-09-21,Mon,feriale,Sporting Club Mestre,sporting-club-mestre,campo coperto 2,coperto,17:00,pomeriggio,occupato,,
2026-09-21 16:38,2026-09-21,Mon,feriale,Sporting Club Mestre,sporting-club-mestre,campo coperto 2,coperto,17:30,pomeriggio,occupato,,
2026-09-21 16:38,2026-09-21,Mon,feriale,Sporting Club Mestre,sporting-club-mestre,campo coperto 2,coperto,18:00,sera,occupato,,
2026-09-21 16:38,2026-09-21,Mon,feriale,Sporting Club Mestre,sporting-club-mestre,campo coperto 2,coperto,18:30,sera,occupato,,
2026-09-21 16:38,2026-09-21,Mon,feriale,Padel by FitUP di Zero Branco,padel-by-fitup-di-zero-branco,Padel by FitUP 1,coperto,17:00,pomeriggio,libero,40 EUR,
2026-09-21 16:38,2026-09-21,Mon,feriale,Padel by FitUP di Zero Branco,padel-by-fitup-di-zero-branco,Padel by FitUP 1,coperto,17:30,pomeriggio,libero,,
2026-09-21 16:38,2026-09-21,Mon,feriale,Padel by FitUP di Zero Branco,padel-by-fitup-di-zero-branco,Padel by FitUP 1,coperto,18:00,sera,libero,,
2026-09-21 16:38,2026-09-21,Mon,feriale,Padel by FitUP di Zero Branco,padel-by-fitup-di-zero-branco,Padel by FitUP 1,coperto,18:30,sera,occupato,,
2026-09-21 16:38,2026-09-21,Mon,feriale,Aquafit Padel,aquafit-padel,Padel 1,scoperto,17:00,pomeriggio,occupato,,
2026-09-21 16:38,2026-09-21,Mon,feriale,Aquafit Padel,aquafit-padel,Padel 1,scoperto,17:30,pomeriggio,occupato,,
2026-09-21 16:38,2026-09-21,Mon,feriale,Aquafit Padel,aquafit-padel,Padel 1,scoperto,18:00,sera,occupato,,
2026-09-21 16:38,2026-09-21,Mon,feriale,Aquafit Padel,aquafit-padel,Padel 1,scoperto,18:30,sera,occupato,,
2026-09-21 16:38,2026-09-21,Mon,feriale,Aquafit Padel,aquafit-padel,Padel 2,scoperto,17:00,pomeriggio,libero,40 EUR,
2026-09-21 16:38,2026-09-21,Mon,feriale,Aquafit Padel,aquafit-padel,Padel 2,scoperto,17:30,pomeriggio,libero,40 EUR,
2026-09-21 16:38,2026-09-21,Mon,feriale,Aquafit Padel,aquafit-padel,Padel 2,scoperto,18:00,sera,libero,40 EUR,
2026-09-21 16:38,2026-09-21,Mon,feriale,Aquafit Padel,aquafit-padel,Padel 2,scoperto,18:30,sera,libero,,
2026-09-21 16:38,2026-09-21,Mon,feriale,SPH - Venezia,sph-venezia,Campo 1,coperto,17:00,pomeriggio,occupato,,
2026-09-21 16:38,2026-09-21,Mon,feriale,SPH - Venezia,sph-venezia,Campo 1,coperto,17:30,pomeriggio,occupato,,
2026-09-21 16:38,2026-09-21,Mon,feriale,SPH - Venezia,sph-venezia,Campo 1,coperto,18:00,sera,occupato,,
2026-09-21 16:38,2026-09-21,Mon,feriale,SPH - Venezia,sph-venezia,Campo 1,coperto,18:30,sera,occupato,,
2026-09-21 16:38,2026-09-21,Mon,feriale,SPH - Venezia,sph-venezia,Campo 2,coperto,17:00,pomeriggio,occupato,,
2026-09-21 16:38,2026-09-21,Mon,feriale,SPH - Venezia,sph-venezia,Campo 2,coperto,17:30,pomeriggio,occupato,,
2026-09-21 16:38,2026-09-21,Mon,feriale,SPH - Venezia,sph-venezia,Campo 2,coperto,18:00,sera,occupato,,
2026-09-21 16:38,2026-09-21,Mon,feriale,SPH - Venezia,sph-venezia,Campo 2,coperto,18:30,sera,occupato,,
2026-09-21 16:38,2026-09-21,Mon,feriale,SPH - Venezia,sph-venezia,Campo 3,coperto,17:00,pomeriggio,occupato,,
2026-09-21 16:38,2026-09-21,Mon,feriale,SPH - Venezia,sph-venezia,Campo 3,coperto,17:30,pomeriggio,occupato,,
2026-09-21 16:38,2026-09-21,Mon,feriale,SPH - Venezia,sph-venezia,Campo 3,coperto,18:00,sera,occupato,,
2026-09-21 16:38,2026-09-21,Mon,feriale,SPH - Venezia,sph-venezia,Campo 3,coperto,18:30,sera,occupato,,
2026-09-21 16:38,2026-09-21,Mon,feriale,SPH - Venezia,sph-venezia,Campo 4 | B3 Capital,coperto,17:00,pomeriggio,occupato,,
2026-09-21 16:38,2026-09-21,Mon,feriale,SPH - Venezia,sph-venezia,Campo 4 | B3 Capital,coperto,17:30,pomeriggio,occupato,,
2026-09-21 16:38,2026-09-21,Mon,feriale,SPH - Venezia,sph-venezia,Campo 4 | B3 Capital,coperto,18:00,sera,occupato,,
2026-09-21 16:38,2026-09-21,Mon,feriale,SPH - Venezia,sph-venezia,Campo 4 | B3 Capital,coperto,18:30,sera,occupato,,
2026-09-21 16:38,2026-09-21,Mon,feriale,SPH - Venezia,sph-venezia,Campo 5 | Bassetto Impianti,coperto,17:00,pomeriggio,occupato,,
2026-09-21 16:38,2026-09-21,Mon,feriale,SPH - Venezia,sph-venezia,Campo 5 | Bassetto Impianti,coperto,17:30,pomeriggio,occupato,,
2026-09-21 16:38,2026-09-21,Mon,feriale,SPH - Venezia,sph-venezia,Campo 5 | Bassetto Impianti,coperto,18:00,sera,occupato,,
2026-09-21 16:38,2026-09-21,Mon,feriale,SPH - Venezia,sph-venezia,Campo 5 | Bassetto Impianti,coperto,18:30,sera,occupato,,
2026-09-21 16:38,2026-09-21,Mon,feriale,Padel Treviso,padel-treviso,1 Esterno,scoperto,17:00,pomeriggio,occupato,,
2026-09-21 16:38,2026-09-21,Mon,feriale,Padel Treviso,padel-treviso,1 Esterno,scoperto,17:30,pomeriggio,occupato,,
2026-09-21 16:38,2026-09-21,Mon,feriale,Padel Treviso,padel-treviso,1 Esterno,scoperto,18:00,sera,occupato,,
2026-09-21 16:38,2026-09-21,Mon,feriale,Padel Treviso,padel-treviso,1 Esterno,scoperto,18:30,sera,occupato,,
2026-09-21 16:38,2026-09-21,Mon,feriale,Padel Treviso,padel-treviso,2 Esterno,scoperto,17:00,pomeriggio,occupato,,
2026-09-21 16:38,2026-09-21,Mon,feriale,Padel Treviso,padel-treviso,2 Esterno,scoperto,17:30,pomeriggio,occupato,,
2026-09-21 16:38,2026-09-21,Mon,feriale,Padel Treviso,padel-treviso,2 Esterno,scoperto,18:00,sera,occupato,,
2026-09-21 16:38,2026-09-21,Mon,feriale,Padel Treviso,padel-treviso,2 Esterno,scoperto,18:30,sera,occupato,,
2026-09-21 16:38,2026-09-21,Mon,feriale,Padel Treviso,padel-treviso,3 COPERTO,coperto,17:00,pomeriggio,occupato,,
2026-09-21 16:38,2026-09-21,Mon,feriale,Padel Treviso,padel-treviso,3 COPERTO,coperto,17:30,pomeriggio,occupato,,
2026-09-21 16:38,2026-09-21,Mon,feriale,Padel Treviso,padel-treviso,3 COPERTO,coperto,18:00,sera,occupato,,
2026-09-21 16:38,2026-09-21,Mon,feriale,Padel Treviso,padel-treviso,3 COPERTO,coperto,18:30,sera,occupato,,
2026-09-21 16:38,2026-09-21,Mon,feriale,Padel Treviso,padel-treviso,4 COPERTO,coperto,17:00,pomeriggio,occupato,,
2026-09-21 16:38,2026-09-21,Mon,feriale,Padel Treviso,padel-treviso,4 COPERTO,coperto,17:30,pomeriggio,occupato,,
2026-09-21 16:38,2026-09-21,Mon,feriale,Padel Treviso,padel-treviso,4 COPERTO,coperto,18:00,sera,occupato,,
2026-09-21 16:38,2026-09-21,Mon,feriale,Padel Treviso,padel-treviso,4 COPERTO,coperto,18:30,sera,occupato,,
2026-09-21 16:38,2026-09-21,Mon,feriale,Padel Treviso,padel-treviso,Kuikma Indoor,coperto,17:00,pomeriggio,occupato,,
2026-09-21 16:38,2026-09-21,Mon,feriale,Padel Treviso,padel-treviso,Kuikma Indoor,coperto,17:30,pomeriggio,occupato,,
2026-09-21 16:38,2026-09-21,Mon,feriale,Padel Treviso,padel-treviso,Kuikma Indoor,coperto,18:00,sera,occupato,,
2026-09-21 16:38,2026-09-21,Mon,feriale,Padel Treviso,padel-treviso,Kuikma Indoor,coperto,18:30,sera,occupato,,
2026-09-21 16:38,2026-09-21,Mon,feriale,Padel Treviso,padel-treviso,6 Indoor,coperto,17:00,pomeriggio,occupato,,
2026-09-21 16:38,2026-09-21,Mon,feriale,Padel Treviso,padel-treviso,6 Indoor,coperto,17:30,pomeriggio,occupato,,
2026-09-21 16:38,2026-09-21,Mon,feriale,Padel Treviso,padel-treviso,6 Indoor,coperto,18:00,sera,libero,56 EUR,
2026-09-21 16:38,2026-09-21,Mon,feriale,Padel Treviso,padel-treviso,6 Indoor,coperto,18:30,sera,libero,,
2026-09-21 16:38,2026-09-21,Mon,feriale,Padel Treviso,padel-treviso,My Gym City Indoor,coperto,17:00,pomeriggio,occupato,,
2026-09-21 16:38,2026-09-21,Mon,feriale,Padel Treviso,padel-treviso,My Gym City Indoor,coperto,17:30,pomeriggio,occupato,,
2026-09-21 16:38,2026-09-21,Mon,feriale,Padel Treviso,padel-treviso,My Gym City Indoor,coperto,18:00,sera,libero,56 EUR,
2026-09-21 16:38,2026-09-21,Mon,feriale,Padel Treviso,padel-treviso,My Gym City Indoor,coperto,18:30,sera,libero,,
2026-09-21 16:38,2026-09-21,Mon,feriale,Padel Treviso,padel-treviso,8 Esterno,scoperto,17:00,pomeriggio,occupato,,
2026-09-21 16:38,2026-09-21,Mon,feriale,Padel Treviso,padel-treviso,8 Esterno,scoperto,17:30,pomeriggio,occupato,,
2026-09-21 16:38,2026-09-21,Mon,feriale,Padel Treviso,padel-treviso,8 Esterno,scoperto,18:00,sera,occupato,,
2026-09-21 16:38,2026-09-21,Mon,feriale,Padel Treviso,padel-treviso,8 Esterno,scoperto,18:30,sera,occupato,,
2026-09-21 16:38,2026-09-21,Mon,feriale,Padel Treviso,padel-treviso,9 Gioielleria Minotto Istrana,coperto,17:00,pomeriggio,occupato,,
2026-09-21 16:38,2026-09-21,Mon,feriale,Padel Treviso,padel-treviso,9 Gioielleria Minotto Istrana,coperto,17:30,pomeriggio,occupato,,
2026-09-21 16:38,2026-09-21,Mon,feriale,Padel Treviso,padel-treviso,9 Gioielleria Minotto Istrana,coperto,18:00,sera,occupato,,
2026-09-21 16:38,2026-09-21,Mon,feriale,Padel Treviso,padel-treviso,9 Gioielleria Minotto Istrana,coperto,18:30,sera,occupato,,
2026-09-21 16:38,2026-09-21,Mon,feriale,Padel Treviso,padel-treviso,10 Gioielleria Minotto Istrana,coperto,17:00,pomeriggio,occupato,,
2026-09-21 16:38,2026-09-21,Mon,feriale,Padel Treviso,padel-treviso,10 Gioielleria Minotto Istrana,coperto,17:30,pomeriggio,occupato,,
2026-09-21 16:38,2026-09-21,Mon,feriale,Padel Treviso,padel-treviso,10 Gioielleria Minotto Istrana,coperto,18:00,sera,occupato,,
2026-09-21 16:38,2026-09-21,Mon,feriale,Padel Treviso,padel-treviso,10 Gioielleria Minotto Istrana,coperto,18:30,sera,occupato,,
2026-09-21 16:38,2026-09-21,Mon,feriale,Padel Treviso,padel-treviso,Singolo A Esterno,scoperto,17:00,pomeriggio,occupato,,
2026-09-21 16:38,2026-09-21,Mon,feriale,Padel Treviso,padel-treviso,Singolo A Esterno,scoperto,17:30,pomeriggio,libero,,20 EUR
2026-09-21 16:38,2026-09-21,Mon,feriale,Padel Treviso,padel-treviso,Singolo A Esterno,scoperto,18:00,sera,libero,,
2026-09-21 16:38,2026-09-21,Mon,feriale,Padel Treviso,padel-treviso,Singolo A Esterno,scoperto,18:30,sera,occupato,,
2026-09-21 16:38,2026-09-21,Mon,feriale,Padel Treviso,padel-treviso,Singolo B Esterno,scoperto,17:00,pomeriggio,occupato,,
2026-09-21 16:38,2026-09-21,Mon,feriale,Padel Treviso,padel-treviso,Singolo B Esterno,scoperto,17:30,pomeriggio,occupato,,
2026-09-21 16:38,2026-09-21,Mon,feriale,Padel Treviso,padel-treviso,Singolo B Esterno,scoperto,18:00,sera,libero,24 EUR,20 EUR
2026-09-21 16:38,2026-09-21,Mon,feriale,Padel Treviso,padel-treviso,Singolo B Esterno,scoperto,18:30,sera,libero,,
2026-09-21 16:38,2026-09-21,Mon,feriale,Altino Sport Village,altino-sport-village,Padel 1,coperto,17:00,pomeriggio,occupato,,
2026-09-21 16:38,2026-09-21,Mon,feriale,Altino Sport Village,altino-sport-village,Padel 1,coperto,17:30,pomeriggio,occupato,,
2026-09-21 16:38,2026-09-21,Mon,feriale,Altino Sport Village,altino-sport-village,Padel 1,coperto,18:00,sera,occupato,,
2026-09-21 16:38,2026-09-21,Mon,feriale,Altino Sport Village,altino-sport-village,Padel 1,coperto,18:30,sera,occupato,,
2026-09-21 16:38,2026-09-21,Mon,feriale,Altino Sport Village,altino-sport-village,Padel 2,coperto,17:00,pomeriggio,occupato,,
2026-09-21 16:38,2026-09-21,Mon,feriale,Altino Sport Village,altino-sport-village,Padel 2,coperto,17:30,pomeriggio,occupato,,
2026-09-21 16:38,2026-09-21,Mon,feriale,Altino Sport Village,altino-sport-village,Padel 2,coperto,18:00,sera,occupato,,
2026-09-21 16:38,2026-09-21,Mon,feriale,Altino Sport Village,altino-sport-village,Padel 2,coperto,18:30,sera,occupato,,
2026-09-21 16:38,2026-09-21,Mon,feriale,Barchessa Padel e Pikleball,barchessa-pickleball,PADEL 1,coperto,17:00,pomeriggio,occupato,,
2026-09-21 16:38,2026-09-21,Mon,feriale,Barchessa Padel e Pikleball,barchessa-pickleball,PADEL 1,coperto,17:30,pomeriggio,occupato,,
2026-09-21 16:38,2026-09-21,Mon,feriale,Barchessa Padel e Pikleball,barchessa-pickleball,PADEL 1,coperto,18:00,sera,occupato,,
2026-09-21 16:38,2026-09-21,Mon,feriale,Barchessa Padel e Pikleball,barchessa-pickleball,PADEL 1,coperto,18:30,sera,occupato,,
2026-09-21 16:38,2026-09-21,Mon,feriale,Barchessa Padel e Pikleball,barchessa-pickleball,PADEL  2,coperto,17:00,pomeriggio,occupato,,
2026-09-21 16:38,2026-09-21,Mon,feriale,Barchessa Padel e Pikleball,barchessa-pickleball,PADEL  2,coperto,17:30,pomeriggio,occupato,,
2026-09-21 16:38,2026-09-21,Mon,feriale,Barchessa Padel e Pikleball,barchessa-pickleball,PADEL  2,coperto,18:00,sera,occupato,,
2026-09-21 16:38,2026-09-21,Mon,feriale,Barchessa Padel e Pikleball,barchessa-pickleball,PADEL  2,coperto,18:30,sera,occupato,,
2026-09-21 16:38,2026-09-21,Mon,feriale,Barchessa Padel e Pikleball,barchessa-pickleball,PADEL  3,coperto,17:00,pomeriggio,occupato,,
2026-09-21 16:38,2026-09-21,Mon,feriale,Barchessa Padel e Pikleball,barchessa-pickleball,PADEL  3,coperto,17:30,pomeriggio,occupato,,
2026-09-21 16:38,2026-09-21,Mon,feriale,Barchessa Padel e Pikleball,barchessa-pickleball,PADEL  3,coperto,18:00,sera,occupato,,
2026-09-21 16:38,2026-09-21,Mon,feriale,Barchessa Padel e Pikleball,barchessa-pickleball,PADEL  3,coperto,18:30,sera,occupato,,
2026-09-21 16:38,2026-09-21,Mon,feriale,H-FARM CAMPUS,h-farm-campus,Padel 1,scoperto,17:30,pomeriggio,libero,83.34 EUR,
2026-09-21 16:38,2026-09-21,Mon,feriale,H-FARM CAMPUS,h-farm-campus,Padel 1,scoperto,18:00,sera,libero,85 EUR,
2026-09-21 16:38,2026-09-21,Mon,feriale,H-FARM CAMPUS,h-farm-campus,Padel 1,scoperto,18:30,sera,libero,85 EUR,
2026-09-21 16:38,2026-09-21,Mon,feriale,H-FARM CAMPUS,h-farm-campus,Padel 2,scoperto,17:30,pomeriggio,libero,83.34 EUR,
2026-09-21 16:38,2026-09-21,Mon,feriale,H-FARM CAMPUS,h-farm-campus,Padel 2,scoperto,18:00,sera,libero,85 EUR,
2026-09-21 16:38,2026-09-21,Mon,feriale,H-FARM CAMPUS,h-farm-campus,Padel 2,scoperto,18:30,sera,libero,85 EUR,
2026-09-21 16:38,2026-09-21,Mon,feriale,SPH - Treviso Sporting,sph-treviso-sporting,Campo 4,coperto,17:00,pomeriggio,occupato,,
2026-09-21 16:38,2026-09-21,Mon,feriale,SPH - Treviso Sporting,sph-treviso-sporting,Campo 4,coperto,17:30,pomeriggio,occupato,,
2026-09-21 16:38,2026-09-21,Mon,feriale,SPH - Treviso Sporting,sph-treviso-sporting,Campo 4,coperto,18:00,sera,occupato,,
2026-09-21 16:38,2026-09-21,Mon,feriale,SPH - Treviso Sporting,sph-treviso-sporting,Campo 4,coperto,18:30,sera,occupato,,
2026-09-21 16:38,2026-09-21,Mon,feriale,SPH - Treviso Sporting,sph-treviso-sporting,Campo 5,coperto,17:00,pomeriggio,occupato,,
2026-09-21 16:38,2026-09-21,Mon,feriale,SPH - Treviso Sporting,sph-treviso-sporting,Campo 5,coperto,17:30,pomeriggio,occupato,,
2026-09-21 16:38,2026-09-21,Mon,feriale,SPH - Treviso Sporting,sph-treviso-sporting,Campo 5,coperto,18:00,sera,occupato,,
2026-09-21 16:38,2026-09-21,Mon,feriale,SPH - Treviso Sporting,sph-treviso-sporting,Campo 5,coperto,18:30,sera,occupato,,
2026-09-21 16:38,2026-09-21,Mon,feriale,SPH - Treviso Sporting,sph-treviso-sporting,Campo 6,coperto,17:00,pomeriggio,occupato,,
2026-09-21 16:38,2026-09-21,Mon,feriale,SPH - Treviso Sporting,sph-treviso-sporting,Campo 6,coperto,17:30,pomeriggio,occupato,,
2026-09-21 16:38,2026-09-21,Mon,feriale,SPH - Treviso Sporting,sph-treviso-sporting,Campo 6,coperto,18:00,sera,occupato,,
2026-09-21 16:38,2026-09-21,Mon,feriale,SPH - Treviso Sporting,sph-treviso-sporting,Campo 6,coperto,18:30,sera,occupato,,
2026-09-21 16:38,2026-09-21,Mon,feriale,SPH - Treviso Sporting,sph-treviso-sporting,Campo 7,coperto,17:00,pomeriggio,occupato,,
2026-09-21 16:38,2026-09-21,Mon,feriale,SPH - Treviso Sporting,sph-treviso-sporting,Campo 7,coperto,17:30,pomeriggio,occupato,,
2026-09-21 16:38,2026-09-21,Mon,feriale,SPH - Treviso Sporting,sph-treviso-sporting,Campo 7,coperto,18:00,sera,occupato,,
2026-09-21 16:38,2026-09-21,Mon,feriale,SPH - Treviso Sporting,sph-treviso-sporting,Campo 7,coperto,18:30,sera,libero,,36 EUR
2026-09-21 16:38,2026-09-21,Mon,feriale,SPH - Treviso Sporting,sph-treviso-sporting,Campo 1,scoperto,17:00,pomeriggio,occupato,,
2026-09-21 16:38,2026-09-21,Mon,feriale,SPH - Treviso Sporting,sph-treviso-sporting,Campo 1,scoperto,17:30,pomeriggio,occupato,,
2026-09-21 16:38,2026-09-21,Mon,feriale,SPH - Treviso Sporting,sph-treviso-sporting,Campo 1,scoperto,18:00,sera,occupato,,
2026-09-21 16:38,2026-09-21,Mon,feriale,SPH - Treviso Sporting,sph-treviso-sporting,Campo 1,scoperto,18:30,sera,occupato,,
2026-09-21 16:38,2026-09-21,Mon,feriale,SPH - Treviso Sporting,sph-treviso-sporting,Campo 2,scoperto,17:00,pomeriggio,occupato,,
2026-09-21 16:38,2026-09-21,Mon,feriale,SPH - Treviso Sporting,sph-treviso-sporting,Campo 2,scoperto,17:30,pomeriggio,libero,48 EUR,
2026-09-21 16:38,2026-09-21,Mon,feriale,SPH - Treviso Sporting,sph-treviso-sporting,Campo 2,scoperto,18:00,sera,libero,,
2026-09-21 16:38,2026-09-21,Mon,feriale,SPH - Treviso Sporting,sph-treviso-sporting,Campo 2,scoperto,18:30,sera,libero,,
2026-09-21 16:38,2026-09-21,Mon,feriale,SPH - Treviso Sporting,sph-treviso-sporting,Campo 3,scoperto,17:00,pomeriggio,occupato,,
2026-09-21 16:38,2026-09-21,Mon,feriale,SPH - Treviso Sporting,sph-treviso-sporting,Campo 3,scoperto,17:30,pomeriggio,occupato,,
2026-09-21 16:38,2026-09-21,Mon,feriale,SPH - Treviso Sporting,sph-treviso-sporting,Campo 3,scoperto,18:00,sera,occupato,,
2026-09-21 16:38,2026-09-21,Mon,feriale,SPH - Treviso Sporting,sph-treviso-sporting,Campo 3,scoperto,18:30,sera,occupato,,
2026-09-21 16:38,2026-09-21,Mon,feriale,Marina Sporting,marina-sporting,Padel 1,scoperto,17:00,pomeriggio,occupato,,
2026-09-21 16:38,2026-09-21,Mon,feriale,Marina Sporting,marina-sporting,Padel 1,scoperto,17:30,pomeriggio,occupato,,
2026-09-21 16:38,2026-09-21,Mon,feriale,Marina Sporting,marina-sporting,Padel 1,scoperto,18:00,sera,occupato,,
2026-09-21 16:38,2026-09-21,Mon,feriale,Marina Sporting,marina-sporting,Padel 1,scoperto,18:30,sera,occupato,,
2026-09-21 16:38,2026-09-21,Mon,feriale,Marina Sporting,marina-sporting,Padel 2,scoperto,17:00,pomeriggio,occupato,,
2026-09-21 16:38,2026-09-21,Mon,feriale,Marina Sporting,marina-sporting,Padel 2,scoperto,17:30,pomeriggio,libero,44 EUR,
2026-09-21 16:38,2026-09-21,Mon,feriale,Marina Sporting,marina-sporting,Padel 2,scoperto,18:00,sera,libero,,
2026-09-21 16:38,2026-09-21,Mon,feriale,Marina Sporting,marina-sporting,Padel 2,scoperto,18:30,sera,libero,,
2026-09-21 20:04,2026-09-21,Mon,feriale,Sporting Club Mestre,sporting-club-mestre,Campo Giallo,scoperto,20:30,sera,libero,,
2026-09-21 20:04,2026-09-21,Mon,feriale,Sporting Club Mestre,sporting-club-mestre,Campo Giallo,scoperto,21:00,sera,occupato,,
2026-09-21 20:04,2026-09-21,Mon,feriale,Sporting Club Mestre,sporting-club-mestre,Campo Giallo,scoperto,21:30,sera,occupato,,
2026-09-21 20:04,2026-09-21,Mon,feriale,Sporting Club Mestre,sporting-club-mestre,Campo Giallo,scoperto,22:00,sera,occupato,,
2026-09-21 20:04,2026-09-21,Mon,feriale,Sporting Club Mestre,sporting-club-mestre,Campo Rosso,scoperto,20:30,sera,occupato,,
2026-09-21 20:04,2026-09-21,Mon,feriale,Sporting Club Mestre,sporting-club-mestre,Campo Rosso,scoperto,21:00,sera,occupato,,
2026-09-21 20:04,2026-09-21,Mon,feriale,Sporting Club Mestre,sporting-club-mestre,Campo Rosso,scoperto,21:30,sera,occupato,,
2026-09-21 20:04,2026-09-21,Mon,feriale,Sporting Club Mestre,sporting-club-mestre,Campo Rosso,scoperto,22:00,sera,occupato,,
2026-09-21 20:04,2026-09-21,Mon,feriale,Sporting Club Mestre,sporting-club-mestre,campo coperto 1,coperto,20:30,sera,occupato,,
2026-09-21 20:04,2026-09-21,Mon,feriale,Sporting Club Mestre,sporting-club-mestre,campo coperto 1,coperto,21:00,sera,occupato,,
2026-09-21 20:04,2026-09-21,Mon,feriale,Sporting Club Mestre,sporting-club-mestre,campo coperto 1,coperto,21:30,sera,occupato,,
2026-09-21 20:04,2026-09-21,Mon,feriale,Sporting Club Mestre,sporting-club-mestre,campo coperto 1,coperto,22:00,sera,occupato,,
2026-09-21 20:04,2026-09-21,Mon,feriale,Sporting Club Mestre,sporting-club-mestre,campo coperto 2,coperto,20:30,sera,occupato,,
2026-09-21 20:04,2026-09-21,Mon,feriale,Sporting Club Mestre,sporting-club-mestre,campo coperto 2,coperto,21:00,sera,occupato,,
2026-09-21 20:04,2026-09-21,Mon,feriale,Sporting Club Mestre,sporting-club-mestre,campo coperto 2,coperto,21:30,sera,occupato,,
2026-09-21 20:04,2026-09-21,Mon,feriale,Sporting Club Mestre,sporting-club-mestre,campo coperto 2,coperto,22:00,sera,occupato,,
2026-09-21 20:04,2026-09-21,Mon,feriale,Aquafit Padel,aquafit-padel,Padel 1,scoperto,20:30,sera,occupato,,
2026-09-21 20:04,2026-09-21,Mon,feriale,Aquafit Padel,aquafit-padel,Padel 1,scoperto,21:00,sera,occupato,,
2026-09-21 20:04,2026-09-21,Mon,feriale,Aquafit Padel,aquafit-padel,Padel 1,scoperto,21:30,sera,occupato,,
2026-09-21 20:04,2026-09-21,Mon,feriale,Aquafit Padel,aquafit-padel,Padel 1,scoperto,22:00,sera,occupato,,
2026-09-21 20:04,2026-09-21,Mon,feriale,Aquafit Padel,aquafit-padel,Padel 2,scoperto,20:30,sera,occupato,,
2026-09-21 20:04,2026-09-21,Mon,feriale,Aquafit Padel,aquafit-padel,Padel 2,scoperto,21:00,sera,occupato,,
2026-09-21 20:04,2026-09-21,Mon,feriale,Aquafit Padel,aquafit-padel,Padel 2,scoperto,21:30,sera,occupato,,
2026-09-21 20:04,2026-09-21,Mon,feriale,Aquafit Padel,aquafit-padel,Padel 2,scoperto,22:00,sera,occupato,,
2026-09-21 20:04,2026-09-21,Mon,feriale,SPH - Venezia,sph-venezia,Campo 1,coperto,20:30,sera,occupato,,
2026-09-21 20:04,2026-09-21,Mon,feriale,SPH - Venezia,sph-venezia,Campo 1,coperto,21:00,sera,occupato,,
2026-09-21 20:04,2026-09-21,Mon,feriale,SPH - Venezia,sph-venezia,Campo 1,coperto,21:30,sera,occupato,,
2026-09-21 20:04,2026-09-21,Mon,feriale,SPH - Venezia,sph-venezia,Campo 1,coperto,22:00,sera,occupato,,
2026-09-21 20:04,2026-09-21,Mon,feriale,SPH - Venezia,sph-venezia,Campo 2,coperto,20:30,sera,occupato,,
2026-09-21 20:04,2026-09-21,Mon,feriale,SPH - Venezia,sph-venezia,Campo 2,coperto,21:00,sera,occupato,,
2026-09-21 20:04,2026-09-21,Mon,feriale,SPH - Venezia,sph-venezia,Campo 2,coperto,21:30,sera,occupato,,
2026-09-21 20:04,2026-09-21,Mon,feriale,SPH - Venezia,sph-venezia,Campo 2,coperto,22:00,sera,occupato,,
2026-09-21 20:04,2026-09-21,Mon,feriale,SPH - Venezia,sph-venezia,Campo 3,coperto,20:30,sera,occupato,,
2026-09-21 20:04,2026-09-21,Mon,feriale,SPH - Venezia,sph-venezia,Campo 3,coperto,21:00,sera,occupato,,
2026-09-21 20:04,2026-09-21,Mon,feriale,SPH - Venezia,sph-venezia,Campo 3,coperto,21:30,sera,occupato,,
2026-09-21 20:04,2026-09-21,Mon,feriale,SPH - Venezia,sph-venezia,Campo 3,coperto,22:00,sera,occupato,,
2026-09-21 20:04,2026-09-21,Mon,feriale,SPH - Venezia,sph-venezia,Campo 4 | B3 Capital,coperto,20:30,sera,occupato,,
2026-09-21 20:04,2026-09-21,Mon,feriale,SPH - Venezia,sph-venezia,Campo 4 | B3 Capital,coperto,21:00,sera,occupato,,
2026-09-21 20:04,2026-09-21,Mon,feriale,SPH - Venezia,sph-venezia,Campo 4 | B3 Capital,coperto,21:30,sera,occupato,,
2026-09-21 20:04,2026-09-21,Mon,feriale,SPH - Venezia,sph-venezia,Campo 4 | B3 Capital,coperto,22:00,sera,occupato,,
2026-09-21 20:04,2026-09-21,Mon,feriale,SPH - Venezia,sph-venezia,Campo 5 | Bassetto Impianti,coperto,20:30,sera,occupato,,
2026-09-21 20:04,2026-09-21,Mon,feriale,SPH - Venezia,sph-venezia,Campo 5 | Bassetto Impianti,coperto,21:00,sera,occupato,,
2026-09-21 20:04,2026-09-21,Mon,feriale,SPH - Venezia,sph-venezia,Campo 5 | Bassetto Impianti,coperto,21:30,sera,occupato,,
2026-09-21 20:04,2026-09-21,Mon,feriale,SPH - Venezia,sph-venezia,Campo 5 | Bassetto Impianti,coperto,22:00,sera,occupato,,
2026-09-21 20:04,2026-09-21,Mon,feriale,Padel Treviso,padel-treviso,1 Esterno,scoperto,20:30,sera,occupato,,
2026-09-21 20:04,2026-09-21,Mon,feriale,Padel Treviso,padel-treviso,1 Esterno,scoperto,21:00,sera,occupato,,
2026-09-21 20:04,2026-09-21,Mon,feriale,Padel Treviso,padel-treviso,1 Esterno,scoperto,21:30,sera,occupato,,
2026-09-21 20:04,2026-09-21,Mon,feriale,Padel Treviso,padel-treviso,1 Esterno,scoperto,22:00,sera,occupato,,
2026-09-21 20:04,2026-09-21,Mon,feriale,Padel Treviso,padel-treviso,2 Esterno,scoperto,20:30,sera,libero,,
2026-09-21 20:04,2026-09-21,Mon,feriale,Padel Treviso,padel-treviso,2 Esterno,scoperto,21:00,sera,libero,,
2026-09-21 20:04,2026-09-21,Mon,feriale,Padel Treviso,padel-treviso,2 Esterno,scoperto,21:30,sera,occupato,,
2026-09-21 20:04,2026-09-21,Mon,feriale,Padel Treviso,padel-treviso,2 Esterno,scoperto,22:00,sera,occupato,,
2026-09-21 20:04,2026-09-21,Mon,feriale,Padel Treviso,padel-treviso,3 COPERTO,coperto,20:30,sera,libero,,
2026-09-21 20:04,2026-09-21,Mon,feriale,Padel Treviso,padel-treviso,3 COPERTO,coperto,21:00,sera,libero,,
2026-09-21 20:04,2026-09-21,Mon,feriale,Padel Treviso,padel-treviso,3 COPERTO,coperto,21:30,sera,occupato,,
2026-09-21 20:04,2026-09-21,Mon,feriale,Padel Treviso,padel-treviso,3 COPERTO,coperto,22:00,sera,occupato,,
2026-09-21 20:04,2026-09-21,Mon,feriale,Padel Treviso,padel-treviso,4 COPERTO,coperto,20:30,sera,occupato,,
2026-09-21 20:04,2026-09-21,Mon,feriale,Padel Treviso,padel-treviso,4 COPERTO,coperto,21:00,sera,occupato,,
2026-09-21 20:04,2026-09-21,Mon,feriale,Padel Treviso,padel-treviso,4 COPERTO,coperto,21:30,sera,occupato,,
2026-09-21 20:04,2026-09-21,Mon,feriale,Padel Treviso,padel-treviso,4 COPERTO,coperto,22:00,sera,occupato,,
2026-09-21 20:04,2026-09-21,Mon,feriale,Padel Treviso,padel-treviso,Kuikma Indoor,coperto,20:30,sera,libero,,
2026-09-21 20:04,2026-09-21,Mon,feriale,Padel Treviso,padel-treviso,Kuikma Indoor,coperto,21:00,sera,occupato,,
2026-09-21 20:04,2026-09-21,Mon,feriale,Padel Treviso,padel-treviso,Kuikma Indoor,coperto,21:30,sera,occupato,,
2026-09-21 20:04,2026-09-21,Mon,feriale,Padel Treviso,padel-treviso,Kuikma Indoor,coperto,22:00,sera,occupato,,
2026-09-21 20:04,2026-09-21,Mon,feriale,Padel Treviso,padel-treviso,6 Indoor,coperto,20:30,sera,libero,,
2026-09-21 20:04,2026-09-21,Mon,feriale,Padel Treviso,padel-treviso,6 Indoor,coperto,21:00,sera,occupato,,
2026-09-21 20:04,2026-09-21,Mon,feriale,Padel Treviso,padel-treviso,6 Indoor,coperto,21:30,sera,occupato,,
2026-09-21 20:04,2026-09-21,Mon,feriale,Padel Treviso,padel-treviso,6 Indoor,coperto,22:00,sera,occupato,,
2026-09-21 20:04,2026-09-21,Mon,feriale,Padel Treviso,padel-treviso,My Gym City Indoor,coperto,20:30,sera,libero,,
2026-09-21 20:04,2026-09-21,Mon,feriale,Padel Treviso,padel-treviso,My Gym City Indoor,coperto,21:00,sera,occupato,,
2026-09-21 20:04,2026-09-21,Mon,feriale,Padel Treviso,padel-treviso,My Gym City Indoor,coperto,21:30,sera,occupato,,
2026-09-21 20:04,2026-09-21,Mon,feriale,Padel Treviso,padel-treviso,My Gym City Indoor,coperto,22:00,sera,occupato,,
2026-09-21 20:04,2026-09-21,Mon,feriale,Padel Treviso,padel-treviso,8 Esterno,scoperto,20:30,sera,occupato,,
2026-09-21 20:04,2026-09-21,Mon,feriale,Padel Treviso,padel-treviso,8 Esterno,scoperto,21:00,sera,occupato,,
2026-09-21 20:04,2026-09-21,Mon,feriale,Padel Treviso,padel-treviso,8 Esterno,scoperto,21:30,sera,occupato,,
2026-09-21 20:04,2026-09-21,Mon,feriale,Padel Treviso,padel-treviso,8 Esterno,scoperto,22:00,sera,occupato,,
2026-09-21 20:04,2026-09-21,Mon,feriale,Padel Treviso,padel-treviso,9 Gioielleria Minotto Istrana,coperto,20:30,sera,occupato,,
2026-09-21 20:04,2026-09-21,Mon,feriale,Padel Treviso,padel-treviso,9 Gioielleria Minotto Istrana,coperto,21:00,sera,occupato,,
2026-09-21 20:04,2026-09-21,Mon,feriale,Padel Treviso,padel-treviso,9 Gioielleria Minotto Istrana,coperto,21:30,sera,occupato,,
2026-09-21 20:04,2026-09-21,Mon,feriale,Padel Treviso,padel-treviso,9 Gioielleria Minotto Istrana,coperto,22:00,sera,occupato,,
2026-09-21 20:04,2026-09-21,Mon,feriale,Padel Treviso,padel-treviso,10 Gioielleria Minotto Istrana,coperto,20:30,sera,occupato,,
2026-09-21 20:04,2026-09-21,Mon,feriale,Padel Treviso,padel-treviso,10 Gioielleria Minotto Istrana,coperto,21:00,sera,occupato,,
2026-09-21 20:04,2026-09-21,Mon,feriale,Padel Treviso,padel-treviso,10 Gioielleria Minotto Istrana,coperto,21:30,sera,occupato,,
2026-09-21 20:04,2026-09-21,Mon,feriale,Padel Treviso,padel-treviso,10 Gioielleria Minotto Istrana,coperto,22:00,sera,occupato,,
2026-09-21 20:04,2026-09-21,Mon,feriale,Padel Treviso,padel-treviso,Singolo A Esterno,scoperto,20:30,sera,libero,,
2026-09-21 20:04,2026-09-21,Mon,feriale,Padel Treviso,padel-treviso,Singolo A Esterno,scoperto,21:00,sera,occupato,,
2026-09-21 20:04,2026-09-21,Mon,feriale,Padel Treviso,padel-treviso,Singolo A Esterno,scoperto,21:30,sera,occupato,,
2026-09-21 20:04,2026-09-21,Mon,feriale,Padel Treviso,padel-treviso,Singolo A Esterno,scoperto,22:00,sera,occupato,,
2026-09-21 20:04,2026-09-21,Mon,feriale,Padel Treviso,padel-treviso,Singolo B Esterno,scoperto,20:30,sera,libero,,
2026-09-21 20:04,2026-09-21,Mon,feriale,Padel Treviso,padel-treviso,Singolo B Esterno,scoperto,21:00,sera,occupato,,
2026-09-21 20:04,2026-09-21,Mon,feriale,Padel Treviso,padel-treviso,Singolo B Esterno,scoperto,21:30,sera,occupato,,
2026-09-21 20:04,2026-09-21,Mon,feriale,Padel Treviso,padel-treviso,Singolo B Esterno,scoperto,22:00,sera,occupato,,
2026-09-21 20:04,2026-09-21,Mon,feriale,Altino Sport Village,altino-sport-village,Padel 1,coperto,20:30,sera,libero,,
2026-09-21 20:04,2026-09-21,Mon,feriale,Altino Sport Village,altino-sport-village,Padel 1,coperto,21:00,sera,occupato,,
2026-09-21 20:04,2026-09-21,Mon,feriale,Altino Sport Village,altino-sport-village,Padel 1,coperto,21:30,sera,occupato,,
2026-09-21 20:04,2026-09-21,Mon,feriale,Altino Sport Village,altino-sport-village,Padel 1,coperto,22:00,sera,occupato,,
2026-09-21 20:04,2026-09-21,Mon,feriale,Altino Sport Village,altino-sport-village,Padel 2,coperto,20:30,sera,libero,,
2026-09-21 20:04,2026-09-21,Mon,feriale,Altino Sport Village,altino-sport-village,Padel 2,coperto,21:00,sera,occupato,,
2026-09-21 20:04,2026-09-21,Mon,feriale,Altino Sport Village,altino-sport-village,Padel 2,coperto,21:30,sera,occupato,,
2026-09-21 20:04,2026-09-21,Mon,feriale,Altino Sport Village,altino-sport-village,Padel 2,coperto,22:00,sera,occupato,,
2026-09-21 20:04,2026-09-21,Mon,feriale,Barchessa Padel e Pikleball,barchessa-pickleball,PADEL 1,coperto,20:30,sera,occupato,,
2026-09-21 20:04,2026-09-21,Mon,feriale,Barchessa Padel e Pikleball,barchessa-pickleball,PADEL 1,coperto,21:00,sera,occupato,,
2026-09-21 20:04,2026-09-21,Mon,feriale,Barchessa Padel e Pikleball,barchessa-pickleball,PADEL 1,coperto,21:30,sera,occupato,,
2026-09-21 20:04,2026-09-21,Mon,feriale,Barchessa Padel e Pikleball,barchessa-pickleball,PADEL 1,coperto,22:00,sera,occupato,,
2026-09-21 20:04,2026-09-21,Mon,feriale,Barchessa Padel e Pikleball,barchessa-pickleball,PADEL  2,coperto,20:30,sera,occupato,,
2026-09-21 20:04,2026-09-21,Mon,feriale,Barchessa Padel e Pikleball,barchessa-pickleball,PADEL  2,coperto,21:00,sera,occupato,,
2026-09-21 20:04,2026-09-21,Mon,feriale,Barchessa Padel e Pikleball,barchessa-pickleball,PADEL  2,coperto,21:30,sera,occupato,,
2026-09-21 20:04,2026-09-21,Mon,feriale,Barchessa Padel e Pikleball,barchessa-pickleball,PADEL  2,coperto,22:00,sera,occupato,,
2026-09-21 20:04,2026-09-21,Mon,feriale,Barchessa Padel e Pikleball,barchessa-pickleball,PADEL  3,coperto,20:30,sera,occupato,,
2026-09-21 20:04,2026-09-21,Mon,feriale,Barchessa Padel e Pikleball,barchessa-pickleball,PADEL  3,coperto,21:00,sera,occupato,,
2026-09-21 20:04,2026-09-21,Mon,feriale,Barchessa Padel e Pikleball,barchessa-pickleball,PADEL  3,coperto,21:30,sera,occupato,,
2026-09-21 20:04,2026-09-21,Mon,feriale,Barchessa Padel e Pikleball,barchessa-pickleball,PADEL  3,coperto,22:00,sera,occupato,,
2026-09-21 20:04,2026-09-21,Mon,feriale,H-FARM CAMPUS,h-farm-campus,Padel 1,scoperto,20:30,sera,occupato,,
2026-09-21 20:04,2026-09-21,Mon,feriale,H-FARM CAMPUS,h-farm-campus,Padel 1,scoperto,21:00,sera,occupato,,
2026-09-21 20:04,2026-09-21,Mon,feriale,H-FARM CAMPUS,h-farm-campus,Padel 1,scoperto,21:30,sera,occupato,,
2026-09-21 20:04,2026-09-21,Mon,feriale,H-FARM CAMPUS,h-farm-campus,Padel 2,scoperto,20:30,sera,occupato,,
2026-09-21 20:04,2026-09-21,Mon,feriale,H-FARM CAMPUS,h-farm-campus,Padel 2,scoperto,21:00,sera,occupato,,
2026-09-21 20:04,2026-09-21,Mon,feriale,H-FARM CAMPUS,h-farm-campus,Padel 2,scoperto,21:30,sera,occupato,,
2026-09-21 20:04,2026-09-21,Mon,feriale,SPH - Treviso Sporting,sph-treviso-sporting,Campo 4,coperto,20:30,sera,occupato,,
2026-09-21 20:04,2026-09-21,Mon,feriale,SPH - Treviso Sporting,sph-treviso-sporting,Campo 4,coperto,21:00,sera,occupato,,
2026-09-21 20:04,2026-09-21,Mon,feriale,SPH - Treviso Sporting,sph-treviso-sporting,Campo 4,coperto,21:30,sera,occupato,,
2026-09-21 20:04,2026-09-21,Mon,feriale,SPH - Treviso Sporting,sph-treviso-sporting,Campo 4,coperto,22:00,sera,occupato,,
2026-09-21 20:04,2026-09-21,Mon,feriale,SPH - Treviso Sporting,sph-treviso-sporting,Campo 5,coperto,20:30,sera,occupato,,
2026-09-21 20:04,2026-09-21,Mon,feriale,SPH - Treviso Sporting,sph-treviso-sporting,Campo 5,coperto,21:00,sera,occupato,,
2026-09-21 20:04,2026-09-21,Mon,feriale,SPH - Treviso Sporting,sph-treviso-sporting,Campo 5,coperto,21:30,sera,occupato,,
2026-09-21 20:04,2026-09-21,Mon,feriale,SPH - Treviso Sporting,sph-treviso-sporting,Campo 5,coperto,22:00,sera,occupato,,
2026-09-21 20:04,2026-09-21,Mon,feriale,SPH - Treviso Sporting,sph-treviso-sporting,Campo 6,coperto,20:30,sera,occupato,,
2026-09-21 20:04,2026-09-21,Mon,feriale,SPH - Treviso Sporting,sph-treviso-sporting,Campo 6,coperto,21:00,sera,occupato,,
2026-09-21 20:04,2026-09-21,Mon,feriale,SPH - Treviso Sporting,sph-treviso-sporting,Campo 6,coperto,21:30,sera,occupato,,
2026-09-21 20:04,2026-09-21,Mon,feriale,SPH - Treviso Sporting,sph-treviso-sporting,Campo 6,coperto,22:00,sera,occupato,,
2026-09-21 20:04,2026-09-21,Mon,feriale,SPH - Treviso Sporting,sph-treviso-sporting,Campo 7,coperto,20:30,sera,occupato,,
2026-09-21 20:04,2026-09-21,Mon,feriale,SPH - Treviso Sporting,sph-treviso-sporting,Campo 7,coperto,21:00,sera,occupato,,
2026-09-21 20:04,2026-09-21,Mon,feriale,SPH - Treviso Sporting,sph-treviso-sporting,Campo 7,coperto,21:30,sera,occupato,,
2026-09-21 20:04,2026-09-21,Mon,feriale,SPH - Treviso Sporting,sph-treviso-sporting,Campo 7,coperto,22:00,sera,occupato,,
2026-09-21 20:04,2026-09-21,Mon,feriale,SPH - Treviso Sporting,sph-treviso-sporting,Campo 1,scoperto,20:30,sera,occupato,,
2026-09-21 20:04,2026-09-21,Mon,feriale,SPH - Treviso Sporting,sph-treviso-sporting,Campo 1,scoperto,21:00,sera,occupato,,
2026-09-21 20:04,2026-09-21,Mon,feriale,SPH - Treviso Sporting,sph-treviso-sporting,Campo 1,scoperto,21:30,sera,occupato,,
2026-09-21 20:04,2026-09-21,Mon,feriale,SPH - Treviso Sporting,sph-treviso-sporting,Campo 1,scoperto,22:00,sera,occupato,,
2026-09-21 20:04,2026-09-21,Mon,feriale,SPH - Treviso Sporting,sph-treviso-sporting,Campo 2,scoperto,20:30,sera,occupato,,
2026-09-21 20:04,2026-09-21,Mon,feriale,SPH - Treviso Sporting,sph-treviso-sporting,Campo 2,scoperto,21:00,sera,occupato,,
2026-09-21 20:04,2026-09-21,Mon,feriale,SPH - Treviso Sporting,sph-treviso-sporting,Campo 2,scoperto,21:30,sera,occupato,,
2026-09-21 20:04,2026-09-21,Mon,feriale,SPH - Treviso Sporting,sph-treviso-sporting,Campo 2,scoperto,22:00,sera,occupato,,
2026-09-21 20:04,2026-09-21,Mon,feriale,SPH - Treviso Sporting,sph-treviso-sporting,Campo 3,scoperto,20:30,sera,occupato,,
2026-09-21 20:04,2026-09-21,Mon,feriale,SPH - Treviso Sporting,sph-treviso-sporting,Campo 3,scoperto,21:00,sera,occupato,,
2026-09-21 20:04,2026-09-21,Mon,feriale,SPH - Treviso Sporting,sph-treviso-sporting,Campo 3,scoperto,21:30,sera,occupato,,
2026-09-21 20:04,2026-09-21,Mon,feriale,SPH - Treviso Sporting,sph-treviso-sporting,Campo 3,scoperto,22:00,sera,occupato,,
2026-09-21 20:04,2026-09-21,Mon,feriale,Marina Sporting,marina-sporting,Padel 1,scoperto,20:30,sera,occupato,,
2026-09-21 20:04,2026-09-21,Mon,feriale,Marina Sporting,marina-sporting,Padel 1,scoperto,21:00,sera,occupato,,
2026-09-21 20:04,2026-09-21,Mon,feriale,Marina Sporting,marina-sporting,Padel 1,scoperto,21:30,sera,occupato,,
2026-09-21 20:04,2026-09-21,Mon,feriale,Marina Sporting,marina-sporting,Padel 2,scoperto,20:30,sera,occupato,,
2026-09-21 20:04,2026-09-21,Mon,feriale,Marina Sporting,marina-sporting,Padel 2,scoperto,21:00,sera,occupato,,
2026-09-21 20:04,2026-09-21,Mon,feriale,Marina Sporting,marina-sporting,Padel 2,scoperto,21:30,sera,occupato,,
2026-09-22 10:01,2026-09-22,Tue,feriale,Sporting Club Mestre,sporting-club-mestre,Campo Giallo,scoperto,10:30,mattina,occupato,,
2026-09-22 10:01,2026-09-22,Tue,feriale,Sporting Club Mestre,sporting-club-mestre,Campo Giallo,scoperto,11:00,mattina,libero,32 EUR,24 EUR
2026-09-22 10:01,2026-09-22,Tue,feriale,Sporting Club Mestre,sporting-club-mestre,Campo Giallo,scoperto,11:30,mattina,libero,32 EUR,24 EUR
2026-09-22 10:01,2026-09-22,Tue,feriale,Sporting Club Mestre,sporting-club-mestre,Campo Giallo,scoperto,12:00,pranzo,libero,32 EUR,24 EUR
2026-09-22 10:01,2026-09-22,Tue,feriale,Sporting Club Mestre,sporting-club-mestre,Campo Rosso,scoperto,10:30,mattina,occupato,,
2026-09-22 10:01,2026-09-22,Tue,feriale,Sporting Club Mestre,sporting-club-mestre,Campo Rosso,scoperto,11:00,mattina,libero,32 EUR,24 EUR
2026-09-22 10:01,2026-09-22,Tue,feriale,Sporting Club Mestre,sporting-club-mestre,Campo Rosso,scoperto,11:30,mattina,libero,32 EUR,24 EUR
2026-09-22 10:01,2026-09-22,Tue,feriale,Sporting Club Mestre,sporting-club-mestre,Campo Rosso,scoperto,12:00,pranzo,libero,32 EUR,24 EUR
2026-09-22 10:01,2026-09-22,Tue,feriale,Sporting Club Mestre,sporting-club-mestre,campo coperto 1,coperto,10:30,mattina,occupato,,
2026-09-22 10:01,2026-09-22,Tue,feriale,Sporting Club Mestre,sporting-club-mestre,campo coperto 1,coperto,11:00,mattina,occupato,,
2026-09-22 10:01,2026-09-22,Tue,feriale,Sporting Club Mestre,sporting-club-mestre,campo coperto 1,coperto,11:30,mattina,libero,40 EUR,
2026-09-22 10:01,2026-09-22,Tue,feriale,Sporting Club Mestre,sporting-club-mestre,campo coperto 1,coperto,12:00,pranzo,libero,,
2026-09-22 10:01,2026-09-22,Tue,feriale,Sporting Club Mestre,sporting-club-mestre,campo coperto 2,coperto,10:30,mattina,occupato,,
2026-09-22 10:01,2026-09-22,Tue,feriale,Sporting Club Mestre,sporting-club-mestre,campo coperto 2,coperto,11:00,mattina,occupato,,
2026-09-22 10:01,2026-09-22,Tue,feriale,Sporting Club Mestre,sporting-club-mestre,campo coperto 2,coperto,11:30,mattina,libero,40 EUR,
2026-09-22 10:01,2026-09-22,Tue,feriale,Sporting Club Mestre,sporting-club-mestre,campo coperto 2,coperto,12:00,pranzo,libero,,
2026-09-22 12:00,2026-09-22,Tue,feriale,Sporting Club Mestre,sporting-club-mestre,Campo Giallo,scoperto,12:30,pranzo,libero,32 EUR,24 EUR
2026-09-22 12:00,2026-09-22,Tue,feriale,Sporting Club Mestre,sporting-club-mestre,Campo Giallo,scoperto,13:00,pranzo,libero,32 EUR,24 EUR
2026-09-22 12:00,2026-09-22,Tue,feriale,Sporting Club Mestre,sporting-club-mestre,Campo Giallo,scoperto,13:30,pranzo,libero,32 EUR,24 EUR
2026-09-22 12:00,2026-09-22,Tue,feriale,Sporting Club Mestre,sporting-club-mestre,Campo Giallo,scoperto,14:00,pomeriggio,libero,32 EUR,24 EUR
2026-09-22 12:00,2026-09-22,Tue,feriale,Sporting Club Mestre,sporting-club-mestre,Campo Rosso,scoperto,12:30,pranzo,libero,32 EUR,24 EUR
2026-09-22 12:00,2026-09-22,Tue,feriale,Sporting Club Mestre,sporting-club-mestre,Campo Rosso,scoperto,13:00,pranzo,libero,32 EUR,24 EUR
2026-09-22 12:00,2026-09-22,Tue,feriale,Sporting Club Mestre,sporting-club-mestre,Campo Rosso,scoperto,13:30,pranzo,libero,32 EUR,24 EUR
2026-09-22 12:00,2026-09-22,Tue,feriale,Sporting Club Mestre,sporting-club-mestre,Campo Rosso,scoperto,14:00,pomeriggio,libero,32 EUR,24 EUR
2026-09-22 12:00,2026-09-22,Tue,feriale,Sporting Club Mestre,sporting-club-mestre,campo coperto 1,coperto,12:30,pranzo,libero,,
2026-09-22 12:00,2026-09-22,Tue,feriale,Sporting Club Mestre,sporting-club-mestre,campo coperto 1,coperto,13:00,pranzo,libero,40 EUR,
2026-09-22 12:00,2026-09-22,Tue,feriale,Sporting Club Mestre,sporting-club-mestre,campo coperto 1,coperto,13:30,pranzo,libero,,
2026-09-22 12:00,2026-09-22,Tue,feriale,Sporting Club Mestre,sporting-club-mestre,campo coperto 1,coperto,14:00,pomeriggio,libero,,
2026-09-22 12:00,2026-09-22,Tue,feriale,Sporting Club Mestre,sporting-club-mestre,campo coperto 2,coperto,12:30,pranzo,libero,,
2026-09-22 12:00,2026-09-22,Tue,feriale,Sporting Club Mestre,sporting-club-mestre,campo coperto 2,coperto,13:00,pranzo,libero,40 EUR,
2026-09-22 12:00,2026-09-22,Tue,feriale,Sporting Club Mestre,sporting-club-mestre,campo coperto 2,coperto,13:30,pranzo,libero,,
2026-09-22 12:00,2026-09-22,Tue,feriale,Sporting Club Mestre,sporting-club-mestre,campo coperto 2,coperto,14:00,pomeriggio,libero,,
2026-09-22 12:00,2026-09-22,Tue,feriale,Padel by FitUP di Zero Branco,padel-by-fitup-di-zero-branco,Padel by FitUP 1,coperto,12:30,pranzo,libero,40 EUR,
2026-09-22 12:00,2026-09-22,Tue,feriale,Padel by FitUP di Zero Branco,padel-by-fitup-di-zero-branco,Padel by FitUP 1,coperto,13:00,pranzo,libero,40 EUR,
2026-09-22 12:00,2026-09-22,Tue,feriale,Padel by FitUP di Zero Branco,padel-by-fitup-di-zero-branco,Padel by FitUP 1,coperto,13:30,pranzo,libero,40 EUR,
2026-09-22 12:00,2026-09-22,Tue,feriale,Padel by FitUP di Zero Branco,padel-by-fitup-di-zero-branco,Padel by FitUP 1,coperto,14:00,pomeriggio,libero,40 EUR,
2026-09-22 12:00,2026-09-22,Tue,feriale,Aquafit Padel,aquafit-padel,Padel 1,scoperto,12:30,pranzo,libero,40 EUR,
2026-09-22 12:00,2026-09-22,Tue,feriale,Aquafit Padel,aquafit-padel,Padel 1,scoperto,13:00,pranzo,libero,40 EUR,
2026-09-22 12:00,2026-09-22,Tue,feriale,Aquafit Padel,aquafit-padel,Padel 1,scoperto,13:30,pranzo,libero,40 EUR,
2026-09-22 12:00,2026-09-22,Tue,feriale,Aquafit Padel,aquafit-padel,Padel 1,scoperto,14:00,pomeriggio,libero,40 EUR,
2026-09-22 12:00,2026-09-22,Tue,feriale,Aquafit Padel,aquafit-padel,Padel 2,scoperto,12:30,pranzo,libero,40 EUR,32 EUR
2026-09-22 12:00,2026-09-22,Tue,feriale,Aquafit Padel,aquafit-padel,Padel 2,scoperto,13:00,pranzo,libero,40 EUR,32 EUR
2026-09-22 12:00,2026-09-22,Tue,feriale,Aquafit Padel,aquafit-padel,Padel 2,scoperto,13:30,pranzo,libero,40 EUR,29.34 EUR
2026-09-22 12:00,2026-09-22,Tue,feriale,Aquafit Padel,aquafit-padel,Padel 2,scoperto,14:00,pomeriggio,libero,40 EUR,
2026-09-22 12:00,2026-09-22,Tue,feriale,SPH - Venezia,sph-venezia,Campo 1,coperto,12:30,pranzo,libero,48 EUR,32 EUR
2026-09-22 12:00,2026-09-22,Tue,feriale,SPH - Venezia,sph-venezia,Campo 1,coperto,13:00,pranzo,libero,48 EUR,32 EUR
2026-09-22 12:00,2026-09-22,Tue,feriale,SPH - Venezia,sph-venezia,Campo 1,coperto,13:30,pranzo,libero,48 EUR,32 EUR
2026-09-22 12:00,2026-09-22,Tue,feriale,SPH - Venezia,sph-venezia,Campo 1,coperto,14:00,pomeriggio,libero,48 EUR,32 EUR
2026-09-22 12:00,2026-09-22,Tue,feriale,SPH - Venezia,sph-venezia,Campo 2,coperto,12:30,pranzo,libero,48 EUR,32 EUR
2026-09-22 12:00,2026-09-22,Tue,feriale,SPH - Venezia,sph-venezia,Campo 2,coperto,13:00,pranzo,libero,48 EUR,32 EUR
2026-09-22 12:00,2026-09-22,Tue,feriale,SPH - Venezia,sph-venezia,Campo 2,coperto,13:30,pranzo,libero,48 EUR,32 EUR
2026-09-22 12:00,2026-09-22,Tue,feriale,SPH - Venezia,sph-venezia,Campo 2,coperto,14:00,pomeriggio,libero,48 EUR,32 EUR
2026-09-22 12:00,2026-09-22,Tue,feriale,SPH - Venezia,sph-venezia,Campo 3,coperto,12:30,pranzo,libero,48 EUR,32 EUR
2026-09-22 12:00,2026-09-22,Tue,feriale,SPH - Venezia,sph-venezia,Campo 3,coperto,13:00,pranzo,libero,48 EUR,32 EUR
2026-09-22 12:00,2026-09-22,Tue,feriale,SPH - Venezia,sph-venezia,Campo 3,coperto,13:30,pranzo,libero,48 EUR,32 EUR
2026-09-22 12:00,2026-09-22,Tue,feriale,SPH - Venezia,sph-venezia,Campo 3,coperto,14:00,pomeriggio,libero,48 EUR,32 EUR
2026-09-22 12:00,2026-09-22,Tue,feriale,SPH - Venezia,sph-venezia,Campo 4 | B3 Capital,coperto,12:30,pranzo,libero,48 EUR,32 EUR
2026-09-22 12:00,2026-09-22,Tue,feriale,SPH - Venezia,sph-venezia,Campo 4 | B3 Capital,coperto,13:00,pranzo,libero,48 EUR,32 EUR
2026-09-22 12:00,2026-09-22,Tue,feriale,SPH - Venezia,sph-venezia,Campo 4 | B3 Capital,coperto,13:30,pranzo,libero,48 EUR,32 EUR
2026-09-22 12:00,2026-09-22,Tue,feriale,SPH - Venezia,sph-venezia,Campo 4 | B3 Capital,coperto,14:00,pomeriggio,libero,48 EUR,32 EUR
2026-09-22 12:00,2026-09-22,Tue,feriale,SPH - Venezia,sph-venezia,Campo 5 | Bassetto Impianti,coperto,12:30,pranzo,libero,48 EUR,32 EUR
2026-09-22 12:00,2026-09-22,Tue,feriale,SPH - Venezia,sph-venezia,Campo 5 | Bassetto Impianti,coperto,13:00,pranzo,libero,48 EUR,32 EUR
2026-09-22 12:00,2026-09-22,Tue,feriale,SPH - Venezia,sph-venezia,Campo 5 | Bassetto Impianti,coperto,13:30,pranzo,libero,48 EUR,32 EUR
2026-09-22 12:00,2026-09-22,Tue,feriale,SPH - Venezia,sph-venezia,Campo 5 | Bassetto Impianti,coperto,14:00,pomeriggio,libero,48 EUR,32 EUR
2026-09-22 12:00,2026-09-22,Tue,feriale,Padel Treviso,padel-treviso,1 Esterno,scoperto,12:30,pranzo,libero,40 EUR,32 EUR
2026-09-22 12:00,2026-09-22,Tue,feriale,Padel Treviso,padel-treviso,1 Esterno,scoperto,13:00,pranzo,libero,40 EUR,32 EUR
2026-09-22 12:00,2026-09-22,Tue,feriale,Padel Treviso,padel-treviso,1 Esterno,scoperto,13:30,pranzo,libero,40 EUR,32 EUR
2026-09-22 12:00,2026-09-22,Tue,feriale,Padel Treviso,padel-treviso,1 Esterno,scoperto,14:00,pomeriggio,libero,40 EUR,32 EUR
2026-09-22 12:00,2026-09-22,Tue,feriale,Padel Treviso,padel-treviso,2 Esterno,scoperto,12:30,pranzo,occupato,,
2026-09-22 12:00,2026-09-22,Tue,feriale,Padel Treviso,padel-treviso,2 Esterno,scoperto,13:00,pranzo,occupato,,
2026-09-22 12:00,2026-09-22,Tue,feriale,Padel Treviso,padel-treviso,2 Esterno,scoperto,13:30,pranzo,occupato,,
2026-09-22 12:00,2026-09-22,Tue,feriale,Padel Treviso,padel-treviso,2 Esterno,scoperto,14:00,pomeriggio,occupato,,
2026-09-22 12:00,2026-09-22,Tue,feriale,Padel Treviso,padel-treviso,3 COPERTO,coperto,12:30,pranzo,libero,56 EUR,
2026-09-22 12:00,2026-09-22,Tue,feriale,Padel Treviso,padel-treviso,3 COPERTO,coperto,13:00,pranzo,libero,56 EUR,
2026-09-22 12:00,2026-09-22,Tue,feriale,Padel Treviso,padel-treviso,3 COPERTO,coperto,13:30,pranzo,libero,56 EUR,
2026-09-22 12:00,2026-09-22,Tue,feriale,Padel Treviso,padel-treviso,3 COPERTO,coperto,14:00,pomeriggio,libero,56 EUR,
2026-09-22 12:00,2026-09-22,Tue,feriale,Padel Treviso,padel-treviso,4 COPERTO,coperto,12:30,pranzo,libero,56 EUR,
2026-09-22 12:00,2026-09-22,Tue,feriale,Padel Treviso,padel-treviso,4 COPERTO,coperto,13:00,pranzo,libero,56 EUR,
2026-09-22 12:00,2026-09-22,Tue,feriale,Padel Treviso,padel-treviso,4 COPERTO,coperto,13:30,pranzo,libero,56 EUR,
2026-09-22 12:00,2026-09-22,Tue,feriale,Padel Treviso,padel-treviso,4 COPERTO,coperto,14:00,pomeriggio,libero,56 EUR,
2026-09-22 12:00,2026-09-22,Tue,feriale,Padel Treviso,padel-treviso,Kuikma Indoor,coperto,12:30,pranzo,libero,,
2026-09-22 12:00,2026-09-22,Tue,feriale,Padel Treviso,padel-treviso,Kuikma Indoor,coperto,13:00,pranzo,libero,,
2026-09-22 12:00,2026-09-22,Tue,feriale,Padel Treviso,padel-treviso,Kuikma Indoor,coperto,13:30,pranzo,libero,56 EUR,
2026-09-22 12:00,2026-09-22,Tue,feriale,Padel Treviso,padel-treviso,Kuikma Indoor,coperto,14:00,pomeriggio,libero,,
2026-09-22 12:00,2026-09-22,Tue,feriale,Padel Treviso,padel-treviso,6 Indoor,coperto,12:30,pranzo,libero,,
2026-09-22 12:00,2026-09-22,Tue,feriale,Padel Treviso,padel-treviso,6 Indoor,coperto,13:00,pranzo,libero,,
2026-09-22 12:00,2026-09-22,Tue,feriale,Padel Treviso,padel-treviso,6 Indoor,coperto,13:30,pranzo,libero,56 EUR,
2026-09-22 12:00,2026-09-22,Tue,feriale,Padel Treviso,padel-treviso,6 Indoor,coperto,14:00,pomeriggio,libero,,
2026-09-22 12:00,2026-09-22,Tue,feriale,Padel Treviso,padel-treviso,My Gym City Indoor,coperto,12:30,pranzo,libero,,
2026-09-22 12:00,2026-09-22,Tue,feriale,Padel Treviso,padel-treviso,My Gym City Indoor,coperto,13:00,pranzo,libero,,
2026-09-22 12:00,2026-09-22,Tue,feriale,Padel Treviso,padel-treviso,My Gym City Indoor,coperto,13:30,pranzo,libero,56 EUR,
2026-09-22 12:00,2026-09-22,Tue,feriale,Padel Treviso,padel-treviso,My Gym City Indoor,coperto,14:00,pomeriggio,libero,,
2026-09-22 12:00,2026-09-22,Tue,feriale,Padel Treviso,padel-treviso,8 Esterno,scoperto,12:30,pranzo,libero,,
2026-09-22 12:00,2026-09-22,Tue,feriale,Padel Treviso,padel-treviso,8 Esterno,scoperto,13:00,pranzo,libero,,
2026-09-22 12:00,2026-09-22,Tue,feriale,Padel Treviso,padel-treviso,8 Esterno,scoperto,13:30,pranzo,libero,40 EUR,
2026-09-22 12:00,2026-09-22,Tue,feriale,Padel Treviso,padel-treviso,8 Esterno,scoperto,14:00,pomeriggio,libero,,
2026-09-22 12:00,2026-09-22,Tue,feriale,Padel Treviso,padel-treviso,9 Gioielleria Minotto Istrana,coperto,12:30,pranzo,libero,,
2026-09-22 12:00,2026-09-22,Tue,feriale,Padel Treviso,padel-treviso,9 Gioielleria Minotto Istrana,coperto,13:00,pranzo,libero,56 EUR,
2026-09-22 12:00,2026-09-22,Tue,feriale,Padel Treviso,padel-treviso,9 Gioielleria Minotto Istrana,coperto,13:30,pranzo,libero,,
2026-09-22 12:00,2026-09-22,Tue,feriale,Padel Treviso,padel-treviso,9 Gioielleria Minotto Istrana,coperto,14:00,pomeriggio,libero,,
2026-09-22 12:00,2026-09-22,Tue,feriale,Padel Treviso,padel-treviso,10 Gioielleria Minotto Istrana,coperto,12:30,pranzo,libero,,
2026-09-22 12:00,2026-09-22,Tue,feriale,Padel Treviso,padel-treviso,10 Gioielleria Minotto Istrana,coperto,13:00,pranzo,libero,56 EUR,
2026-09-22 12:00,2026-09-22,Tue,feriale,Padel Treviso,padel-treviso,10 Gioielleria Minotto Istrana,coperto,13:30,pranzo,libero,,
2026-09-22 12:00,2026-09-22,Tue,feriale,Padel Treviso,padel-treviso,10 Gioielleria Minotto Istrana,coperto,14:00,pomeriggio,libero,,
2026-09-22 12:00,2026-09-22,Tue,feriale,Padel Treviso,padel-treviso,Singolo A Esterno,scoperto,12:30,pranzo,libero,24 EUR,20 EUR
2026-09-22 12:00,2026-09-22,Tue,feriale,Padel Treviso,padel-treviso,Singolo A Esterno,scoperto,13:00,pranzo,libero,24 EUR,20 EUR
2026-09-22 12:00,2026-09-22,Tue,feriale,Padel Treviso,padel-treviso,Singolo A Esterno,scoperto,13:30,pranzo,libero,,20 EUR
2026-09-22 12:00,2026-09-22,Tue,feriale,Padel Treviso,padel-treviso,Singolo A Esterno,scoperto,14:00,pomeriggio,libero,24 EUR,
2026-09-22 12:00,2026-09-22,Tue,feriale,Padel Treviso,padel-treviso,Singolo B Esterno,scoperto,12:30,pranzo,libero,24 EUR,20 EUR
2026-09-22 12:00,2026-09-22,Tue,feriale,Padel Treviso,padel-treviso,Singolo B Esterno,scoperto,13:00,pranzo,libero,24 EUR,20 EUR
2026-09-22 12:00,2026-09-22,Tue,feriale,Padel Treviso,padel-treviso,Singolo B Esterno,scoperto,13:30,pranzo,libero,24 EUR,20 EUR
2026-09-22 12:00,2026-09-22,Tue,feriale,Padel Treviso,padel-treviso,Singolo B Esterno,scoperto,14:00,pomeriggio,libero,24 EUR,20 EUR
2026-09-22 12:00,2026-09-22,Tue,feriale,Altino Sport Village,altino-sport-village,Padel 1,coperto,12:30,pranzo,libero,30 EUR,30 EUR
2026-09-22 12:00,2026-09-22,Tue,feriale,Altino Sport Village,altino-sport-village,Padel 1,coperto,13:00,pranzo,libero,30 EUR,30 EUR
2026-09-22 12:00,2026-09-22,Tue,feriale,Altino Sport Village,altino-sport-village,Padel 1,coperto,13:30,pranzo,libero,30 EUR,30 EUR
2026-09-22 12:00,2026-09-22,Tue,feriale,Altino Sport Village,altino-sport-village,Padel 1,coperto,14:00,pomeriggio,libero,30 EUR,30 EUR
2026-09-22 12:00,2026-09-22,Tue,feriale,Altino Sport Village,altino-sport-village,Padel 2,coperto,12:30,pranzo,libero,30 EUR,30 EUR
2026-09-22 12:00,2026-09-22,Tue,feriale,Altino Sport Village,altino-sport-village,Padel 2,coperto,13:00,pranzo,libero,30 EUR,30 EUR
2026-09-22 12:00,2026-09-22,Tue,feriale,Altino Sport Village,altino-sport-village,Padel 2,coperto,13:30,pranzo,libero,30 EUR,30 EUR
2026-09-22 12:00,2026-09-22,Tue,feriale,Altino Sport Village,altino-sport-village,Padel 2,coperto,14:00,pomeriggio,libero,,30 EUR
2026-09-22 12:00,2026-09-22,Tue,feriale,Barchessa Padel e Pikleball,barchessa-pickleball,PADEL 1,coperto,12:30,pranzo,libero,40 EUR,27 EUR
2026-09-22 12:00,2026-09-22,Tue,feriale,Barchessa Padel e Pikleball,barchessa-pickleball,PADEL 1,coperto,13:00,pranzo,libero,40 EUR,27 EUR
2026-09-22 12:00,2026-09-22,Tue,feriale,Barchessa Padel e Pikleball,barchessa-pickleball,PADEL 1,coperto,13:30,pranzo,libero,40 EUR,27 EUR
2026-09-22 12:00,2026-09-22,Tue,feriale,Barchessa Padel e Pikleball,barchessa-pickleball,PADEL 1,coperto,14:00,pomeriggio,libero,40 EUR,27 EUR
2026-09-22 12:00,2026-09-22,Tue,feriale,Barchessa Padel e Pikleball,barchessa-pickleball,PADEL  2,coperto,12:30,pranzo,libero,40 EUR,27 EUR
2026-09-22 12:00,2026-09-22,Tue,feriale,Barchessa Padel e Pikleball,barchessa-pickleball,PADEL  2,coperto,13:00,pranzo,libero,40 EUR,27 EUR
2026-09-22 12:00,2026-09-22,Tue,feriale,Barchessa Padel e Pikleball,barchessa-pickleball,PADEL  2,coperto,13:30,pranzo,libero,40 EUR,27 EUR
2026-09-22 12:00,2026-09-22,Tue,feriale,Barchessa Padel e Pikleball,barchessa-pickleball,PADEL  2,coperto,14:00,pomeriggio,libero,40 EUR,27 EUR
2026-09-22 12:00,2026-09-22,Tue,feriale,Barchessa Padel e Pikleball,barchessa-pickleball,PADEL  3,coperto,12:30,pranzo,libero,40 EUR,27 EUR
2026-09-22 12:00,2026-09-22,Tue,feriale,Barchessa Padel e Pikleball,barchessa-pickleball,PADEL  3,coperto,13:00,pranzo,libero,40 EUR,27 EUR
2026-09-22 12:00,2026-09-22,Tue,feriale,Barchessa Padel e Pikleball,barchessa-pickleball,PADEL  3,coperto,13:30,pranzo,libero,40 EUR,27 EUR
2026-09-22 12:00,2026-09-22,Tue,feriale,Barchessa Padel e Pikleball,barchessa-pickleball,PADEL  3,coperto,14:00,pomeriggio,libero,,27 EUR
2026-09-22 12:00,2026-09-22,Tue,feriale,SPH - Treviso Sporting,sph-treviso-sporting,Campo 4,coperto,12:30,pranzo,libero,46.66 EUR,31 EUR
2026-09-22 12:00,2026-09-22,Tue,feriale,SPH - Treviso Sporting,sph-treviso-sporting,Campo 4,coperto,13:00,pranzo,libero,50 EUR,34 EUR
2026-09-22 12:00,2026-09-22,Tue,feriale,SPH - Treviso Sporting,sph-treviso-sporting,Campo 4,coperto,13:30,pranzo,libero,50 EUR,34 EUR
2026-09-22 12:00,2026-09-22,Tue,feriale,SPH - Treviso Sporting,sph-treviso-sporting,Campo 4,coperto,14:00,pomeriggio,libero,50 EUR,34 EUR
2026-09-22 12:00,2026-09-22,Tue,feriale,SPH - Treviso Sporting,sph-treviso-sporting,Campo 5,coperto,12:30,pranzo,libero,46.66 EUR,31 EUR
2026-09-22 12:00,2026-09-22,Tue,feriale,SPH - Treviso Sporting,sph-treviso-sporting,Campo 5,coperto,13:00,pranzo,libero,50 EUR,34 EUR
2026-09-22 12:00,2026-09-22,Tue,feriale,SPH - Treviso Sporting,sph-treviso-sporting,Campo 5,coperto,13:30,pranzo,libero,50 EUR,34 EUR
2026-09-22 12:00,2026-09-22,Tue,feriale,SPH - Treviso Sporting,sph-treviso-sporting,Campo 5,coperto,14:00,pomeriggio,libero,50 EUR,34 EUR
2026-09-22 12:00,2026-09-22,Tue,feriale,SPH - Treviso Sporting,sph-treviso-sporting,Campo 6,coperto,12:30,pranzo,libero,46.66 EUR,31 EUR
2026-09-22 12:00,2026-09-22,Tue,feriale,SPH - Treviso Sporting,sph-treviso-sporting,Campo 6,coperto,13:00,pranzo,libero,50 EUR,34 EUR
2026-09-22 12:00,2026-09-22,Tue,feriale,SPH - Treviso Sporting,sph-treviso-sporting,Campo 6,coperto,13:30,pranzo,libero,50 EUR,34 EUR
2026-09-22 12:00,2026-09-22,Tue,feriale,SPH - Treviso Sporting,sph-treviso-sporting,Campo 6,coperto,14:00,pomeriggio,libero,,34 EUR
2026-09-22 12:00,2026-09-22,Tue,feriale,SPH - Treviso Sporting,sph-treviso-sporting,Campo 7,coperto,12:30,pranzo,libero,,31 EUR
2026-09-22 12:00,2026-09-22,Tue,feriale,SPH - Treviso Sporting,sph-treviso-sporting,Campo 7,coperto,13:00,pranzo,libero,50 EUR,
2026-09-22 12:00,2026-09-22,Tue,feriale,SPH - Treviso Sporting,sph-treviso-sporting,Campo 7,coperto,13:30,pranzo,libero,,34 EUR
2026-09-22 12:00,2026-09-22,Tue,feriale,SPH - Treviso Sporting,sph-treviso-sporting,Campo 7,coperto,14:00,pomeriggio,libero,,
2026-09-22 12:00,2026-09-22,Tue,feriale,SPH - Treviso Sporting,sph-treviso-sporting,Campo 1,scoperto,12:30,pranzo,libero,40 EUR,28 EUR
2026-09-22 12:00,2026-09-22,Tue,feriale,SPH - Treviso Sporting,sph-treviso-sporting,Campo 1,scoperto,13:00,pranzo,libero,40 EUR,28 EUR
2026-09-22 12:00,2026-09-22,Tue,feriale,SPH - Treviso Sporting,sph-treviso-sporting,Campo 1,scoperto,13:30,pranzo,libero,40 EUR,28 EUR
2026-09-22 12:00,2026-09-22,Tue,feriale,SPH - Treviso Sporting,sph-treviso-sporting,Campo 1,scoperto,14:00,pomeriggio,libero,40 EUR,28 EUR
2026-09-22 12:00,2026-09-22,Tue,feriale,SPH - Treviso Sporting,sph-treviso-sporting,Campo 2,scoperto,12:30,pranzo,libero,40 EUR,28 EUR
2026-09-22 12:00,2026-09-22,Tue,feriale,SPH - Treviso Sporting,sph-treviso-sporting,Campo 2,scoperto,13:00,pranzo,libero,40 EUR,28 EUR
2026-09-22 12:00,2026-09-22,Tue,feriale,SPH - Treviso Sporting,sph-treviso-sporting,Campo 2,scoperto,13:30,pranzo,libero,40 EUR,28 EUR
2026-09-22 12:00,2026-09-22,Tue,feriale,SPH - Treviso Sporting,sph-treviso-sporting,Campo 2,scoperto,14:00,pomeriggio,libero,40 EUR,28 EUR
2026-09-22 12:00,2026-09-22,Tue,feriale,SPH - Treviso Sporting,sph-treviso-sporting,Campo 3,scoperto,12:30,pranzo,libero,40 EUR,28 EUR
2026-09-22 12:00,2026-09-22,Tue,feriale,SPH - Treviso Sporting,sph-treviso-sporting,Campo 3,scoperto,13:00,pranzo,libero,40 EUR,28 EUR
2026-09-22 12:00,2026-09-22,Tue,feriale,SPH - Treviso Sporting,sph-treviso-sporting,Campo 3,scoperto,13:30,pranzo,libero,40 EUR,28 EUR
2026-09-22 12:00,2026-09-22,Tue,feriale,SPH - Treviso Sporting,sph-treviso-sporting,Campo 3,scoperto,14:00,pomeriggio,libero,,28 EUR
2026-09-22 12:00,2026-09-22,Tue,feriale,Marina Sporting,marina-sporting,Padel 1,scoperto,12:30,pranzo,occupato,,
2026-09-22 12:00,2026-09-22,Tue,feriale,Marina Sporting,marina-sporting,Padel 1,scoperto,13:00,pranzo,libero,44 EUR,
2026-09-22 12:00,2026-09-22,Tue,feriale,Marina Sporting,marina-sporting,Padel 1,scoperto,13:30,pranzo,libero,,
2026-09-22 12:00,2026-09-22,Tue,feriale,Marina Sporting,marina-sporting,Padel 1,scoperto,14:00,pomeriggio,libero,,
2026-09-22 12:00,2026-09-22,Tue,feriale,Marina Sporting,marina-sporting,Padel 2,scoperto,12:30,pranzo,occupato,,
2026-09-22 12:00,2026-09-22,Tue,feriale,Marina Sporting,marina-sporting,Padel 2,scoperto,13:00,pranzo,libero,44 EUR,
2026-09-22 12:00,2026-09-22,Tue,feriale,Marina Sporting,marina-sporting,Padel 2,scoperto,13:30,pranzo,libero,,
2026-09-22 12:00,2026-09-22,Tue,feriale,Marina Sporting,marina-sporting,Padel 2,scoperto,14:00,pomeriggio,libero,,
2026-09-22 14:00,2026-09-22,Tue,feriale,Sporting Club Mestre,sporting-club-mestre,Campo Giallo,scoperto,14:30,pomeriggio,libero,32 EUR,24 EUR
2026-09-22 14:00,2026-09-22,Tue,feriale,Sporting Club Mestre,sporting-club-mestre,Campo Giallo,scoperto,15:00,pomeriggio,libero,,24 EUR
2026-09-22 14:00,2026-09-22,Tue,feriale,Sporting Club Mestre,sporting-club-mestre,Campo Giallo,scoperto,15:30,pomeriggio,libero,,
2026-09-22 14:00,2026-09-22,Tue,feriale,Sporting Club Mestre,sporting-club-mestre,Campo Giallo,scoperto,16:00,pomeriggio,occupato,,
2026-09-22 14:00,2026-09-22,Tue,feriale,Sporting Club Mestre,sporting-club-mestre,Campo Rosso,scoperto,14:30,pomeriggio,libero,32 EUR,24 EUR
2026-09-22 14:00,2026-09-22,Tue,feriale,Sporting Club Mestre,sporting-club-mestre,Campo Rosso,scoperto,15:00,pomeriggio,libero,33.33 EUR,24 EUR
2026-09-22 14:00,2026-09-22,Tue,feriale,Sporting Club Mestre,sporting-club-mestre,Campo Rosso,scoperto,15:30,pomeriggio,libero,34.67 EUR,24 EUR
2026-09-22 14:00,2026-09-22,Tue,feriale,Sporting Club Mestre,sporting-club-mestre,Campo Rosso,scoperto,16:00,pomeriggio,libero,36 EUR,24 EUR
2026-09-22 14:00,2026-09-22,Tue,feriale,Sporting Club Mestre,sporting-club-mestre,campo coperto 1,coperto,14:30,pomeriggio,libero,40 EUR,
2026-09-22 14:00,2026-09-22,Tue,feriale,Sporting Club Mestre,sporting-club-mestre,campo coperto 1,coperto,15:00,pomeriggio,libero,,
2026-09-22 14:00,2026-09-22,Tue,feriale,Sporting Club Mestre,sporting-club-mestre,campo coperto 1,coperto,15:30,pomeriggio,libero,,
2026-09-22 14:00,2026-09-22,Tue,feriale,Sporting Club Mestre,sporting-club-mestre,campo coperto 1,coperto,16:00,pomeriggio,libero,40 EUR,
2026-09-22 14:00,2026-09-22,Tue,feriale,Sporting Club Mestre,sporting-club-mestre,campo coperto 2,coperto,14:30,pomeriggio,libero,40 EUR,
2026-09-22 14:00,2026-09-22,Tue,feriale,Sporting Club Mestre,sporting-club-mestre,campo coperto 2,coperto,15:00,pomeriggio,libero,,
2026-09-22 14:00,2026-09-22,Tue,feriale,Sporting Club Mestre,sporting-club-mestre,campo coperto 2,coperto,15:30,pomeriggio,libero,,
2026-09-22 14:00,2026-09-22,Tue,feriale,Sporting Club Mestre,sporting-club-mestre,campo coperto 2,coperto,16:00,pomeriggio,libero,40 EUR,
2026-09-22 14:00,2026-09-22,Tue,feriale,Padel by FitUP di Zero Branco,padel-by-fitup-di-zero-branco,Padel by FitUP 1,coperto,14:30,pomeriggio,libero,40 EUR,
2026-09-22 14:00,2026-09-22,Tue,feriale,Padel by FitUP di Zero Branco,padel-by-fitup-di-zero-branco,Padel by FitUP 1,coperto,15:00,pomeriggio,libero,40 EUR,
2026-09-22 14:00,2026-09-22,Tue,feriale,Padel by FitUP di Zero Branco,padel-by-fitup-di-zero-branco,Padel by FitUP 1,coperto,15:30,pomeriggio,libero,40 EUR,
2026-09-22 14:00,2026-09-22,Tue,feriale,Padel by FitUP di Zero Branco,padel-by-fitup-di-zero-branco,Padel by FitUP 1,coperto,16:00,pomeriggio,libero,40 EUR,
2026-09-22 14:00,2026-09-22,Tue,feriale,Aquafit Padel,aquafit-padel,Padel 1,scoperto,14:30,pomeriggio,libero,40 EUR,
2026-09-22 14:00,2026-09-22,Tue,feriale,Aquafit Padel,aquafit-padel,Padel 1,scoperto,15:00,pomeriggio,libero,40 EUR,
2026-09-22 14:00,2026-09-22,Tue,feriale,Aquafit Padel,aquafit-padel,Padel 1,scoperto,15:30,pomeriggio,libero,40 EUR,
2026-09-22 14:00,2026-09-22,Tue,feriale,Aquafit Padel,aquafit-padel,Padel 1,scoperto,16:00,pomeriggio,libero,,
2026-09-22 14:00,2026-09-22,Tue,feriale,Aquafit Padel,aquafit-padel,Padel 2,scoperto,14:30,pomeriggio,libero,40 EUR,
2026-09-22 14:00,2026-09-22,Tue,feriale,Aquafit Padel,aquafit-padel,Padel 2,scoperto,15:00,pomeriggio,libero,40 EUR,
2026-09-22 14:00,2026-09-22,Tue,feriale,Aquafit Padel,aquafit-padel,Padel 2,scoperto,15:30,pomeriggio,libero,40 EUR,
2026-09-22 14:00,2026-09-22,Tue,feriale,Aquafit Padel,aquafit-padel,Padel 2,scoperto,16:00,pomeriggio,libero,,
2026-09-22 14:00,2026-09-22,Tue,feriale,SPH - Venezia,sph-venezia,Campo 1,coperto,14:30,pomeriggio,libero,48 EUR,32 EUR
2026-09-22 14:00,2026-09-22,Tue,feriale,SPH - Venezia,sph-venezia,Campo 1,coperto,15:00,pomeriggio,libero,48 EUR,32 EUR
2026-09-22 14:00,2026-09-22,Tue,feriale,SPH - Venezia,sph-venezia,Campo 1,coperto,15:30,pomeriggio,libero,,32 EUR
2026-09-22 14:00,2026-09-22,Tue,feriale,SPH - Venezia,sph-venezia,Campo 1,coperto,16:00,pomeriggio,libero,,
2026-09-22 14:00,2026-09-22,Tue,feriale,SPH - Venezia,sph-venezia,Campo 2,coperto,14:30,pomeriggio,libero,48 EUR,32 EUR
2026-09-22 14:00,2026-09-22,Tue,feriale,SPH - Venezia,sph-venezia,Campo 2,coperto,15:00,pomeriggio,libero,,32 EUR
2026-09-22 14:00,2026-09-22,Tue,feriale,SPH - Venezia,sph-venezia,Campo 2,coperto,15:30,pomeriggio,libero,52 EUR,
2026-09-22 14:00,2026-09-22,Tue,feriale,SPH - Venezia,sph-venezia,Campo 2,coperto,16:00,pomeriggio,libero,,36 EUR
2026-09-22 14:00,2026-09-22,Tue,feriale,SPH - Venezia,sph-venezia,Campo 3,coperto,14:30,pomeriggio,libero,48 EUR,32 EUR
2026-09-22 14:00,2026-09-22,Tue,feriale,SPH - Venezia,sph-venezia,Campo 3,coperto,15:00,pomeriggio,libero,,32 EUR
2026-09-22 14:00,2026-09-22,Tue,feriale,SPH - Venezia,sph-venezia,Campo 3,coperto,15:30,pomeriggio,libero,,
2026-09-22 14:00,2026-09-22,Tue,feriale,SPH - Venezia,sph-venezia,Campo 3,coperto,16:00,pomeriggio,occupato,,
2026-09-22 14:00,2026-09-22,Tue,feriale,SPH - Venezia,sph-venezia,Campo 4 | B3 Capital,coperto,14:30,pomeriggio,libero,52 EUR,32 EUR
2026-09-22 14:00,2026-09-22,Tue,feriale,SPH - Venezia,sph-venezia,Campo 4 | B3 Capital,coperto,15:00,pomeriggio,libero,,36 EUR
2026-09-22 14:00,2026-09-22,Tue,feriale,SPH - Venezia,sph-venezia,Campo 4 | B3 Capital,coperto,15:30,pomeriggio,libero,,
2026-09-22 14:00,2026-09-22,Tue,feriale,SPH - Venezia,sph-venezia,Campo 4 | B3 Capital,coperto,16:00,pomeriggio,libero,60 EUR,
2026-09-22 14:00,2026-09-22,Tue,feriale,SPH - Venezia,sph-venezia,Campo 5 | Bassetto Impianti,coperto,14:30,pomeriggio,libero,48 EUR,32 EUR
2026-09-22 14:00,2026-09-22,Tue,feriale,SPH - Venezia,sph-venezia,Campo 5 | Bassetto Impianti,coperto,15:00,pomeriggio,libero,,32 EUR
2026-09-22 14:00,2026-09-22,Tue,feriale,SPH - Venezia,sph-venezia,Campo 5 | Bassetto Impianti,coperto,15:30,pomeriggio,libero,,
2026-09-22 14:00,2026-09-22,Tue,feriale,SPH - Venezia,sph-venezia,Campo 5 | Bassetto Impianti,coperto,16:00,pomeriggio,occupato,,
2026-09-22 14:00,2026-09-22,Tue,feriale,Padel Treviso,padel-treviso,1 Esterno,scoperto,14:30,pomeriggio,libero,40 EUR,32 EUR
2026-09-22 14:00,2026-09-22,Tue,feriale,Padel Treviso,padel-treviso,1 Esterno,scoperto,15:00,pomeriggio,libero,40 EUR,32 EUR
2026-09-22 14:00,2026-09-22,Tue,feriale,Padel Treviso,padel-treviso,1 Esterno,scoperto,15:30,pomeriggio,libero,,32 EUR
2026-09-22 14:00,2026-09-22,Tue,feriale,Padel Treviso,padel-treviso,1 Esterno,scoperto,16:00,pomeriggio,libero,40 EUR,
2026-09-22 14:00,2026-09-22,Tue,feriale,Padel Treviso,padel-treviso,2 Esterno,scoperto,14:30,pomeriggio,occupato,,
2026-09-22 14:00,2026-09-22,Tue,feriale,Padel Treviso,padel-treviso,2 Esterno,scoperto,15:00,pomeriggio,occupato,,
2026-09-22 14:00,2026-09-22,Tue,feriale,Padel Treviso,padel-treviso,2 Esterno,scoperto,15:30,pomeriggio,libero,40 EUR,
2026-09-22 14:00,2026-09-22,Tue,feriale,Padel Treviso,padel-treviso,2 Esterno,scoperto,16:00,pomeriggio,libero,,
2026-09-22 14:00,2026-09-22,Tue,feriale,Padel Treviso,padel-treviso,3 COPERTO,coperto,14:30,pomeriggio,libero,56 EUR,
2026-09-22 14:00,2026-09-22,Tue,feriale,Padel Treviso,padel-treviso,3 COPERTO,coperto,15:00,pomeriggio,libero,56 EUR,
2026-09-22 14:00,2026-09-22,Tue,feriale,Padel Treviso,padel-treviso,3 COPERTO,coperto,15:30,pomeriggio,libero,56 EUR,
2026-09-22 14:00,2026-09-22,Tue,feriale,Padel Treviso,padel-treviso,3 COPERTO,coperto,16:00,pomeriggio,libero,,
2026-09-22 14:00,2026-09-22,Tue,feriale,Padel Treviso,padel-treviso,4 COPERTO,coperto,14:30,pomeriggio,libero,56 EUR,
2026-09-22 14:00,2026-09-22,Tue,feriale,Padel Treviso,padel-treviso,4 COPERTO,coperto,15:00,pomeriggio,libero,56 EUR,
2026-09-22 14:00,2026-09-22,Tue,feriale,Padel Treviso,padel-treviso,4 COPERTO,coperto,15:30,pomeriggio,libero,56 EUR,
2026-09-22 14:00,2026-09-22,Tue,feriale,Padel Treviso,padel-treviso,4 COPERTO,coperto,16:00,pomeriggio,libero,,
2026-09-22 14:00,2026-09-22,Tue,feriale,Padel Treviso,padel-treviso,Kuikma Indoor,coperto,14:30,pomeriggio,libero,,
2026-09-22 14:00,2026-09-22,Tue,feriale,Padel Treviso,padel-treviso,Kuikma Indoor,coperto,15:00,pomeriggio,libero,56 EUR,
2026-09-22 14:00,2026-09-22,Tue,feriale,Padel Treviso,padel-treviso,Kuikma Indoor,coperto,15:30,pomeriggio,libero,,
2026-09-22 14:00,2026-09-22,Tue,feriale,Padel Treviso,padel-treviso,Kuikma Indoor,coperto,16:00,pomeriggio,libero,,
2026-09-22 14:00,2026-09-22,Tue,feriale,Padel Treviso,padel-treviso,6 Indoor,coperto,14:30,pomeriggio,libero,,
2026-09-22 14:00,2026-09-22,Tue,feriale,Padel Treviso,padel-treviso,6 Indoor,coperto,15:00,pomeriggio,libero,56 EUR,
2026-09-22 14:00,2026-09-22,Tue,feriale,Padel Treviso,padel-treviso,6 Indoor,coperto,15:30,pomeriggio,libero,,
2026-09-22 14:00,2026-09-22,Tue,feriale,Padel Treviso,padel-treviso,6 Indoor,coperto,16:00,pomeriggio,libero,,
2026-09-22 14:00,2026-09-22,Tue,feriale,Padel Treviso,padel-treviso,My Gym City Indoor,coperto,14:30,pomeriggio,libero,,
2026-09-22 14:00,2026-09-22,Tue,feriale,Padel Treviso,padel-treviso,My Gym City Indoor,coperto,15:00,pomeriggio,libero,56 EUR,
2026-09-22 14:00,2026-09-22,Tue,feriale,Padel Treviso,padel-treviso,My Gym City Indoor,coperto,15:30,pomeriggio,libero,,
2026-09-22 14:00,2026-09-22,Tue,feriale,Padel Treviso,padel-treviso,My Gym City Indoor,coperto,16:00,pomeriggio,libero,,
2026-09-22 14:00,2026-09-22,Tue,feriale,Padel Treviso,padel-treviso,8 Esterno,scoperto,14:30,pomeriggio,libero,,
2026-09-22 14:00,2026-09-22,Tue,feriale,Padel Treviso,padel-treviso,8 Esterno,scoperto,15:00,pomeriggio,libero,40 EUR,
2026-09-22 14:00,2026-09-22,Tue,feriale,Padel Treviso,padel-treviso,8 Esterno,scoperto,15:30,pomeriggio,libero,,
2026-09-22 14:00,2026-09-22,Tue,feriale,Padel Treviso,padel-treviso,8 Esterno,scoperto,16:00,pomeriggio,libero,,
2026-09-22 14:00,2026-09-22,Tue,feriale,Padel Treviso,padel-treviso,9 Gioielleria Minotto Istrana,coperto,14:30,pomeriggio,libero,56 EUR,
2026-09-22 14:00,2026-09-22,Tue,feriale,Padel Treviso,padel-treviso,9 Gioielleria Minotto Istrana,coperto,15:00,pomeriggio,libero,,
2026-09-22 14:00,2026-09-22,Tue,feriale,Padel Treviso,padel-treviso,9 Gioielleria Minotto Istrana,coperto,15:30,pomeriggio,libero,,
2026-09-22 14:00,2026-09-22,Tue,feriale,Padel Treviso,padel-treviso,9 Gioielleria Minotto Istrana,coperto,16:00,pomeriggio,occupato,,
2026-09-22 14:00,2026-09-22,Tue,feriale,Padel Treviso,padel-treviso,10 Gioielleria Minotto Istrana,coperto,14:30,pomeriggio,occupato,,
2026-09-22 14:00,2026-09-22,Tue,feriale,Padel Treviso,padel-treviso,10 Gioielleria Minotto Istrana,coperto,15:00,pomeriggio,occupato,,
2026-09-22 14:00,2026-09-22,Tue,feriale,Padel Treviso,padel-treviso,10 Gioielleria Minotto Istrana,coperto,15:30,pomeriggio,occupato,,
2026-09-22 14:00,2026-09-22,Tue,feriale,Padel Treviso,padel-treviso,10 Gioielleria Minotto Istrana,coperto,16:00,pomeriggio,occupato,,
2026-09-22 14:00,2026-09-22,Tue,feriale,Padel Treviso,padel-treviso,Singolo A Esterno,scoperto,14:30,pomeriggio,libero,,20 EUR
2026-09-22 14:00,2026-09-22,Tue,feriale,Padel Treviso,padel-treviso,Singolo A Esterno,scoperto,15:00,pomeriggio,libero,,
2026-09-22 14:00,2026-09-22,Tue,feriale,Padel Treviso,padel-treviso,Singolo A Esterno,scoperto,15:30,pomeriggio,occupato,,
2026-09-22 14:00,2026-09-22,Tue,feriale,Padel Treviso,padel-treviso,Singolo A Esterno,scoperto,16:00,pomeriggio,occupato,,
2026-09-22 14:00,2026-09-22,Tue,feriale,Padel Treviso,padel-treviso,Singolo B Esterno,scoperto,14:30,pomeriggio,libero,,20 EUR
2026-09-22 14:00,2026-09-22,Tue,feriale,Padel Treviso,padel-treviso,Singolo B Esterno,scoperto,15:00,pomeriggio,libero,24 EUR,
2026-09-22 14:00,2026-09-22,Tue,feriale,Padel Treviso,padel-treviso,Singolo B Esterno,scoperto,15:30,pomeriggio,libero,,20 EUR
2026-09-22 14:00,2026-09-22,Tue,feriale,Padel Treviso,padel-treviso,Singolo B Esterno,scoperto,16:00,pomeriggio,libero,,
2026-09-22 14:00,2026-09-22,Tue,feriale,Altino Sport Village,altino-sport-village,Padel 1,coperto,14:30,pomeriggio,libero,36.67 EUR,30 EUR
2026-09-22 14:00,2026-09-22,Tue,feriale,Altino Sport Village,altino-sport-village,Padel 1,coperto,15:00,pomeriggio,libero,43.33 EUR,35 EUR
2026-09-22 14:00,2026-09-22,Tue,feriale,Altino Sport Village,altino-sport-village,Padel 1,coperto,15:30,pomeriggio,libero,,40 EUR
2026-09-22 14:00,2026-09-22,Tue,feriale,Altino Sport Village,altino-sport-village,Padel 1,coperto,16:00,pomeriggio,libero,50 EUR,
2026-09-22 14:00,2026-09-22,Tue,feriale,Altino Sport Village,altino-sport-village,Padel 2,coperto,14:30,pomeriggio,libero,36.67 EUR,
2026-09-22 14:00,2026-09-22,Tue,feriale,Altino Sport Village,altino-sport-village,Padel 2,coperto,15:00,pomeriggio,libero,,35 EUR
2026-09-22 14:00,2026-09-22,Tue,feriale,Altino Sport Village,altino-sport-village,Padel 2,coperto,15:30,pomeriggio,libero,,
2026-09-22 14:00,2026-09-22,Tue,feriale,Altino Sport Village,altino-sport-village,Padel 2,coperto,16:00,pomeriggio,occupato,,
2026-09-22 14:00,2026-09-22,Tue,feriale,Barchessa Padel e Pikleball,barchessa-pickleball,PADEL 1,coperto,14:30,pomeriggio,libero,40 EUR,27 EUR
2026-09-22 14:00,2026-09-22,Tue,feriale,Barchessa Padel e Pikleball,barchessa-pickleball,PADEL 1,coperto,15:00,pomeriggio,libero,,27 EUR
2026-09-22 14:00,2026-09-22,Tue,feriale,Barchessa Padel e Pikleball,barchessa-pickleball,PADEL 1,coperto,15:30,pomeriggio,libero,,
2026-09-22 14:00,2026-09-22,Tue,feriale,Barchessa Padel e Pikleball,barchessa-pickleball,PADEL 1,coperto,16:00,pomeriggio,occupato,,
2026-09-22 14:00,2026-09-22,Tue,feriale,Barchessa Padel e Pikleball,barchessa-pickleball,PADEL  2,coperto,14:30,pomeriggio,libero,40 EUR,27 EUR
2026-09-22 14:00,2026-09-22,Tue,feriale,Barchessa Padel e Pikleball,barchessa-pickleball,PADEL  2,coperto,15:00,pomeriggio,libero,,27 EUR
2026-09-22 14:00,2026-09-22,Tue,feriale,Barchessa Padel e Pikleball,barchessa-pickleball,PADEL  2,coperto,15:30,pomeriggio,libero,,
2026-09-22 14:00,2026-09-22,Tue,feriale,Barchessa Padel e Pikleball,barchessa-pickleball,PADEL  2,coperto,16:00,pomeriggio,occupato,,
2026-09-22 14:00,2026-09-22,Tue,feriale,Barchessa Padel e Pikleball,barchessa-pickleball,PADEL  3,coperto,14:30,pomeriggio,libero,,
2026-09-22 14:00,2026-09-22,Tue,feriale,Barchessa Padel e Pikleball,barchessa-pickleball,PADEL  3,coperto,15:00,pomeriggio,occupato,,
2026-09-22 14:00,2026-09-22,Tue,feriale,Barchessa Padel e Pikleball,barchessa-pickleball,PADEL  3,coperto,15:30,pomeriggio,occupato,,
2026-09-22 14:00,2026-09-22,Tue,feriale,Barchessa Padel e Pikleball,barchessa-pickleball,PADEL  3,coperto,16:00,pomeriggio,occupato,,
2026-09-22 14:00,2026-09-22,Tue,feriale,SPH - Treviso Sporting,sph-treviso-sporting,Campo 4,coperto,14:30,pomeriggio,libero,50 EUR,35 EUR
2026-09-22 14:00,2026-09-22,Tue,feriale,SPH - Treviso Sporting,sph-treviso-sporting,Campo 4,coperto,15:00,pomeriggio,libero,,36 EUR
2026-09-22 14:00,2026-09-22,Tue,feriale,SPH - Treviso Sporting,sph-treviso-sporting,Campo 4,coperto,15:30,pomeriggio,libero,50 EUR,
2026-09-22 14:00,2026-09-22,Tue,feriale,SPH - Treviso Sporting,sph-treviso-sporting,Campo 4,coperto,16:00,pomeriggio,libero,,36 EUR
2026-09-22 14:00,2026-09-22,Tue,feriale,SPH - Treviso Sporting,sph-treviso-sporting,Campo 5,coperto,14:30,pomeriggio,libero,50 EUR,35 EUR
2026-09-22 14:00,2026-09-22,Tue,feriale,SPH - Treviso Sporting,sph-treviso-sporting,Campo 5,coperto,15:00,pomeriggio,libero,50 EUR,36 EUR
2026-09-22 14:00,2026-09-22,Tue,feriale,SPH - Treviso Sporting,sph-treviso-sporting,Campo 5,coperto,15:30,pomeriggio,libero,,36 EUR
2026-09-22 14:00,2026-09-22,Tue,feriale,SPH - Treviso Sporting,sph-treviso-sporting,Campo 5,coperto,16:00,pomeriggio,libero,50 EUR,
2026-09-22 14:00,2026-09-22,Tue,feriale,SPH - Treviso Sporting,sph-treviso-sporting,Campo 6,coperto,14:30,pomeriggio,libero,,
2026-09-22 14:00,2026-09-22,Tue,feriale,SPH - Treviso Sporting,sph-treviso-sporting,Campo 6,coperto,15:00,pomeriggio,libero,50 EUR,
2026-09-22 14:00,2026-09-22,Tue,feriale,SPH - Treviso Sporting,sph-treviso-sporting,Campo 6,coperto,15:30,pomeriggio,libero,,
2026-09-22 14:00,2026-09-22,Tue,feriale,SPH - Treviso Sporting,sph-treviso-sporting,Campo 6,coperto,16:00,pomeriggio,libero,,
2026-09-22 14:00,2026-09-22,Tue,feriale,SPH - Treviso Sporting,sph-treviso-sporting,Campo 7,coperto,14:30,pomeriggio,occupato,,
2026-09-22 14:00,2026-09-22,Tue,feriale,SPH - Treviso Sporting,sph-treviso-sporting,Campo 7,coperto,15:00,pomeriggio,occupato,,
2026-09-22 14:00,2026-09-22,Tue,feriale,SPH - Treviso Sporting,sph-treviso-sporting,Campo 7,coperto,15:30,pomeriggio,occupato,,
2026-09-22 14:00,2026-09-22,Tue,feriale,SPH - Treviso Sporting,sph-treviso-sporting,Campo 7,coperto,16:00,pomeriggio,occupato,,
2026-09-22 14:00,2026-09-22,Tue,feriale,SPH - Treviso Sporting,sph-treviso-sporting,Campo 1,scoperto,14:30,pomeriggio,libero,40 EUR,28 EUR
2026-09-22 14:00,2026-09-22,Tue,feriale,SPH - Treviso Sporting,sph-treviso-sporting,Campo 1,scoperto,15:00,pomeriggio,libero,,28 EUR
2026-09-22 14:00,2026-09-22,Tue,feriale,SPH - Treviso Sporting,sph-treviso-sporting,Campo 1,scoperto,15:30,pomeriggio,libero,,
2026-09-22 14:00,2026-09-22,Tue,feriale,SPH - Treviso Sporting,sph-treviso-sporting,Campo 1,scoperto,16:00,pomeriggio,libero,48 EUR,
2026-09-22 14:00,2026-09-22,Tue,feriale,SPH - Treviso Sporting,sph-treviso-sporting,Campo 2,scoperto,14:30,pomeriggio,libero,40 EUR,28 EUR
2026-09-22 14:00,2026-09-22,Tue,feriale,SPH - Treviso Sporting,sph-treviso-sporting,Campo 2,scoperto,15:00,pomeriggio,libero,,28 EUR
2026-09-22 14:00,2026-09-22,Tue,feriale,SPH - Treviso Sporting,sph-treviso-sporting,Campo 2,scoperto,15:30,pomeriggio,libero,,
2026-09-22 14:00,2026-09-22,Tue,feriale,SPH - Treviso Sporting,sph-treviso-sporting,Campo 2,scoperto,16:00,pomeriggio,libero,48 EUR,
2026-09-22 14:00,2026-09-22,Tue,feriale,SPH - Treviso Sporting,sph-treviso-sporting,Campo 3,scoperto,14:30,pomeriggio,libero,,28 EUR
2026-09-22 14:00,2026-09-22,Tue,feriale,SPH - Treviso Sporting,sph-treviso-sporting,Campo 3,scoperto,15:00,pomeriggio,libero,,
2026-09-22 14:00,2026-09-22,Tue,feriale,SPH - Treviso Sporting,sph-treviso-sporting,Campo 3,scoperto,15:30,pomeriggio,libero,48 EUR,
2026-09-22 14:00,2026-09-22,Tue,feriale,SPH - Treviso Sporting,sph-treviso-sporting,Campo 3,scoperto,16:00,pomeriggio,libero,,
2026-09-22 14:00,2026-09-22,Tue,feriale,Marina Sporting,marina-sporting,Padel 1,scoperto,14:30,pomeriggio,libero,44 EUR,
2026-09-22 14:00,2026-09-22,Tue,feriale,Marina Sporting,marina-sporting,Padel 1,scoperto,15:00,pomeriggio,libero,,
2026-09-22 14:00,2026-09-22,Tue,feriale,Marina Sporting,marina-sporting,Padel 1,scoperto,15:30,pomeriggio,libero,,
2026-09-22 14:00,2026-09-22,Tue,feriale,Marina Sporting,marina-sporting,Padel 1,scoperto,16:00,pomeriggio,occupato,,
2026-09-22 14:00,2026-09-22,Tue,feriale,Marina Sporting,marina-sporting,Padel 2,scoperto,14:30,pomeriggio,occupato,,
2026-09-22 14:00,2026-09-22,Tue,feriale,Marina Sporting,marina-sporting,Padel 2,scoperto,15:00,pomeriggio,occupato,,
2026-09-22 14:00,2026-09-22,Tue,feriale,Marina Sporting,marina-sporting,Padel 2,scoperto,15:30,pomeriggio,occupato,,
2026-09-22 14:00,2026-09-22,Tue,feriale,Marina Sporting,marina-sporting,Padel 2,scoperto,16:00,pomeriggio,occupato,,
