key,area,city_osm,source
"35.4999,12.6080",Lampedusa City Center,,radical 0.31 km
"35.5013,12.6126",Lampedusa City Center,,radical 0.23 km
"35.5014,12.6194",Lampedusa City Center,,radical 0.84 km
"35.5021,12.6102",Lampedusa City Center,,radical 0.00 km
"35.8600,12.8626",,,unknown
"35.8622,12.8540",,,unknown
"36.6799,15.1314",,Rione Porto,unknown
"36.7126,14.7749",Modica City Center,Villaggio Portosalvo,radical 0.00 km
"36.7137,15.0864",,Tre Colli,unknown
"36.7196,15.0934",,Tre Colli,unknown
"36.7279,14.8438",,Raganzino,unknown
"36.7317,14.8496",,Raganzino,unknown
"36.7622,14.6376",Donnalucata City Centre,,radical 0.01 km
"36.7629,14.6363",Donnalucata City Centre,,radical 0.00 km
"36.7639,14.6375",Donnalucata City Centre,,radical 0.15 km
"36.7647,14.6335",Donnalucata City Centre,,radical 0.01 km
"36.7888,14.8988",,,unknown
"36.7889,14.9001",,,unknown
"36.7912,14.7009",Scicli City Center,Jungi,radical 0.49 km
"36.7937,14.7056",Scicli City Center,Jungi,radical 0.01 km
"36.8000,10.1799",,مدينة تونس العتيقة,unknown
"36.8202,14.9463",,,unknown
"36.8231,14.9503",,,unknown
"36.8307,11.9418",,,unknown
"36.8697,14.7617",,Modica Alta,unknown
"36.8829,15.0718",Noto City Center,Piano Alto,radical 0.00 km
"36.8847,15.0772",Noto City Center,Piano Alto,radical 0.00 km
"36.8867,15.0764",Porta Reale O Ferdinandea,Piano Alto,radical 0.14 km
"36.8870,15.0727",Porta Reale O Ferdinandea,Piano Alto,radical 0.01 km
"36.8880,15.0762",Porta Reale O Ferdinandea,Piano Alto,radical 0.00 km
"36.8902,15.0740",Porta Reale O Ferdinandea,Piano Alto,radical 0.00 km
"36.8903,15.0674",Porta Reale O Ferdinandea,Piano Alto,radical 0.59 km
"36.8938,14.4309",,,unknown
"36.9061,14.7153",,Selvaggio,unknown
"36.9078,14.7162",,Selvaggio,unknown
"36.9108,15.1338",Avola City Center,Falaride,radical 0.00 km
"36.9111,15.1336",Avola City Center,Falaride,radical 0.04 km
"36.9161,14.7261",Ragusa City Center,Cappuccini,radical 0.00 km
"36.9186,14.7270",Ragusa Train Station,Cappuccini,radical 0.00 km
"36.9212,14.7265",Ragusa Train Station,Cappuccini,radical 0.29 km
"36.9228,14.7177",Ragusa City Center,Cappuccini,radical 0.23 km
"36.9239,14.7199",Ragusa City Center,Cappuccini,radical 0.00 km
"36.9249,14.7298",Ragusa City Center,Cappuccini,radical 0.00 km
"36.9251,14.7139",Ragusa City Center,Pianetti,radical 0.55 km
"36.9256,14.7460",Duomo Di San Giorgio,Ragusa Ibla,radical 0.00 km
"36.9264,14.7439",Ragusa City Center,Ragusa Ibla,radical 0.00 km
"36.9272,14.7224",Ragusa City Center,Cappuccini,radical 0.43 km
"36.9454,14.5270",,,unknown
"36.9463,14.6050",,,unknown
"36.9484,14.5341",,,unknown
"36.9501,14.5875",,,unknown
"36.9528,14.5291",,,unknown
"36.9530,14.5224",,,unknown
"36.9569,14.5383",,,unknown
"37.0044,15.2633",Arenella,,radical 0.00 km
"37.0217,14.4960",,,unknown
"37.0249,14.5877",,,unknown
"37.0262,14.4971",,,unknown
"37.0284,15.0722",,,unknown
"37.0313,14.7032",,,unknown
"37.0476,14.7930",,,unknown
"37.0599,15.2946",Apollo Temple,Ortigia,radical 0.01 km
"37.0600,15.2946",Apollo Temple,Ortigia,radical 0.01 km
"37.0617,14.9060",,,unknown
"37.0631,15.2934",Apollo Temple,Ortigia,radical 0.18 km
"37.0644,15.2921",Apollo Temple,Ortigia,radical 0.03 km
"37.0646,15.2895",Syracuse Station,Ortigia,radical 0.00 km
"37.0646,15.2920",Apollo Temple,Ortigia,radical 0.01 km
"37.0646,15.2926",Apollo Temple,Ortigia,radical 0.00 km
"37.0648,15.2890",Syracuse Station,Ortigia,radical 0.05 km
"37.0650,15.2892",Syracuse Station,Ortigia,radical 0.05 km
"37.0652,15.2884",Yacht Lub Lakkios Marina Porto Piccolo Ortigia,Ortigia,radical 0.01 km
"37.0653,15.2921",Apollo Temple,Ortigia,radical 0.07 km
"37.0655,15.2899",Apollo Temple,Ortigia,radical 0.01 km
"37.0658,15.2878",Syracuse Station,Santa Lucia,radical 0.01 km
"37.0668,15.2842",Syracuse Station,Santa Lucia,radical 0.01 km
"37.0672,15.2819",Syracuse Station,Santa Lucia,radical 0.00 km
"37.0677,15.2847",Apollo Temple,Santa Lucia,radical 0.00 km
"37.0679,15.2816",Syracuse Station,Santa Lucia,radical 0.09 km
"37.0685,15.2805",Syracuse Station,Santa Lucia,radical 0.00 km
"37.0691,14.2347",,Caposoprano,unknown
"37.0691,15.2828",Syracuse Station,Santa Lucia,radical 0.01 km
"37.0691,15.2829",Syracuse Station,Santa Lucia,radical 0.00 km
"37.0716,15.2865",Syracuse Station,Santa Lucia,radical 0.00 km
"37.0721,15.2863",Syracuse Station,Santa Lucia,radical 0.06 km
"37.0741,15.2751",Syracuse Roman Amphitheater,Neapolis,radical 0.00 km
"37.0745,14.2288",,Caposoprano,unknown
"37.0754,15.2867",Syracuse Station,Santa Lucia,radical 0.42 km
"37.0787,15.2956",,Acradina,unknown
"37.0828,15.2955",,Grottasanta,unknown
"37.0844,15.1527",,Santuzzo,unknown
"37.0864,15.2731",,Scala Greca,unknown
"37.0922,15.2734",,Tiche,unknown
"37.1007,15.1161",,Marchesa,unknown
"37.1009,15.2706",,Santa Panagia,unknown
"37.1059,13.9539",,Fondachello,unknown
"37.1061,13.9455",,Comuni Camera,unknown
"37.1085,13.9304",,Loreto,unknown
"37.1462,14.3943",,,unknown
"37.1466,14.3945",,,unknown
"37.1558,15.1864",,Villaggio Mantelli,unknown
"37.1566,15.1881",,Villaggio Mantelli,unknown
"37.1769,15.1299",,,unknown
"37.1975,13.7602",,Villaggio Giordano,unknown
"37.2130,14.6357",,,unknown
"37.2245,14.5213",,Le Sfere,unknown
"37.2262,14.5235",,Le Sfere,unknown
"37.2269,15.2203",Augusta,Terravecchia,spread 0.36 km
"37.2301,15.2210",Augusta,Terravecchia,radical 0.89 km
"37.2347,14.5137",,Canalotto,unknown
"37.2381,15.2211",Augusta,ex Villaggio Rasiom,radical 0.00 km
"37.2428,15.2200",Augusta,Borgata,radical 0.53 km
"37.2455,15.2210",Augusta,Borgata,radical 0.82 km
"37.2518,15.2053",,Borgata,unknown
"37.2584,13.9193",,,unknown
"37.2754,15.0157",,Carlentini Nord,unknown
"37.2757,14.7933",,,unknown
"37.2758,13.5855",,Villaggio Peruzzo,unknown
"37.2809,14.4277",,,unknown
"37.2818,14.0831",,,unknown
"37.2847,14.9997",,Carlentini Nord,unknown
"37.2850,14.0881",,,unknown
"37.2867,13.5253",,Piano Lanterna,unknown
"37.2876,13.5297",,Piano Lanterna,unknown
"37.2905,13.5295",,Piano Lanterna,unknown
"37.2915,13.5263",,Piano Lanterna,unknown
"37.2915,14.8383",,Scordia Soprana,unknown
"37.2941,14.8405",,Scordia Soprana,unknown
"37.2963,14.8469",,Scordia Soprana,unknown
"37.3067,13.5934",Agrigento City Center,Rupe Atenea,radical 0.70 km
"37.3101,13.5848",Agrigento Train Staion,Sottogas,radical 0.00 km
"37.3103,13.5810",Agrigento Train Staion,Sottogas,radical 0.03 km
"37.3103,13.5841",Agrigento City Center,Sottogas,radical 0.00 km
"37.3104,13.5807",Agrigento Train Staion,Sottogas,radical 0.00 km
"37.3104,13.5851",Agrigento Train Staion,Sottogas,radical 0.04 km
"37.3105,13.5828",Agrigento Train Staion,Sottogas,radical 0.00 km
"37.3111,13.5770",Agrigento City Center,Rabato,radical 0.27 km
"37.3111,13.5878",Agrigento City Center,San Vito,radical 0.00 km
"37.3114,13.5746",Agrigento City Center,Rabato,radical 0.47 km
"37.3119,13.5799",Agrigento City Center,Bibirria,radical 0.00 km
"37.3121,13.5798",Agrigento City Center,Bibirria,radical 0.01 km
"37.3201,13.6566",,Favara Ovest,unknown
"37.3202,13.5915",,San Giusippuzzu,unknown
"37.3264,14.7461",,,unknown
"37.3274,14.4468",,,unknown
"37.3290,14.7449",,,unknown
"37.3343,13.9945",,,unknown
"37.3575,13.9273",,,unknown
"37.3582,13.8507",,Rovitelli,unknown
"37.3627,13.8582",,Quartiere Oltreponte,unknown
"37.3721,14.3701",,Canali,unknown
"37.3756,14.2071",,Zotta,unknown
"37.3787,14.3691",,Canali,unknown
"37.3867,14.6929",,,unknown
"37.4038,13.6182",,,unknown
"37.4045,13.6949",,,unknown
"37.4077,13.7331",,Barona,unknown
"37.4706,15.0729",Catania Airport,San Giuseppe la Rena,radical 0.09 km
"37.4709,15.0720",Catania Airport,Villaggio Santa Maria Goretti,radical 0.00 km
"37.4723,15.0746",Catania Airport,San Giuseppe la Rena,radical 0.03 km
"37.4726,15.0748",Catania Airport,San Giuseppe la Rena,radical 0.00 km
"37.4740,14.5311",,,unknown
"37.4812,15.0563",,San Teodoro,unknown
"37.4816,15.0733",,Zia Lisa,unknown
"37.4862,15.0845",Catania City Center,Plaia,radical 0.71 km
"37.4868,14.0617",Caltanissetta Centrale,Quartiere Provvidenza,radical 0.00 km
"37.4876,14.0455",,San Luca,unknown
"37.4877,14.0593",Caltanissetta Centrale,Quartiere Provvidenza,radical 0.00 km
"37.4884,13.9917",,Bigini,unknown
"37.4898,13.9941",,Bigini,unknown
"37.4898,14.0601",Caltanissetta Centrale,Quartiere Provvidenza,radical 0.00 km
"37.4908,13.9863",,Bigini,unknown
"37.4920,14.0590",Caltanissetta Old Town,Quartiere Provvidenza,radical 0.00 km
"37.4926,15.0842",Catania City Center,Faro Biscari,radical 0.00 km
"37.4933,14.0500",Caltanissetta Old Town,Quartiere Provvidenza,radical 0.80 km
"37.4935,13.2635",,,unknown
"37.4936,15.0761",Catania City Center,Acquicella,radical 0.66 km
"37.4945,15.0538",,Fossa della Creta,unknown
"37.4977,15.0834",Porta Garibaldi,Angeli Custodi,radical 0.10 km
"37.4985,15.0803",Catania City Center,San Cristoforo,radical 0.00 km
"37.4985,15.0840",Porta Garibaldi,Angeli Custodi,radical 0.00 km
"37.4990,15.0858",Catania City Center,Angeli Custodi,radical 0.01 km
"37.4995,15.0850",Catania City Center,Giudecca,radical 0.00 km
"37.4997,15.0743",Catania City Center,Fortino,radical 0.18 km
"37.4998,15.0871",Catania City Center,Giudecca,radical 0.15 km
"37.4999,15.0763",Catania City Center,Fortino,radical 0.00 km
"37.5003,15.0944",Catania Centrale,Civita,radical 0.01 km
"37.5005,15.0838",Catania City Center,Giudecca,radical 0.01 km
"37.5006,15.0835",Catania City Center,Giudecca,radical 0.03 km
"37.5009,15.0713",Porta Garibaldi,Fortino,radical 0.01 km
"37.5010,15.0812",Catania City Center,Giudecca,radical 0.01 km
"37.5010,15.0848",Catania City Center,Giudecca,radical 0.08 km
"37.5013,15.0932",University Of Catania,Civita,radical 0.00 km
"37.5013,15.0953",Catania Centrale,Civita,radical 0.14 km
"37.5015,15.0752",Catania City Center,Fortino,radical 0.01 km
"37.5015,15.0842",Catania City Center,Giudecca,radical 0.00 km
"37.5016,15.0932",Catania Centrale,Civita,radical 0.00 km
"37.5018,15.0699",Porta Garibaldi,Fortino,radical 0.16 km
"37.5019,15.0802",Catania City Center,Giudecca,radical 0.14 km
"37.5020,15.0936",Catania Centrale,Civita,radical 0.06 km
"37.5024,15.0847",Catania City Center,Giudecca,radical 0.11 km
"37.5027,15.0954",Catania Centrale,Civita,radical 0.23 km
"37.5029,15.0877",Catania City Center,Giudecca,radical 0.01 km
"37.5029,15.0878",Catania City Center,Giudecca,radical 0.00 km
"37.5030,15.0844",Catania City Center,Giudecca,radical 0.16 km
"37.5031,15.0900",University Of Catania,Civita,radical 0.11 km
"37.5033,15.0912",University Of Catania,Civita,radical 0.00 km
"37.5033,15.0926",Catania Centrale,Civita,radical 0.00 km
"37.5037,15.0908",University Of Catania,Civita,radical 0.06 km
"37.5038,15.0811",Catania City Center,Antico Corso,radical 0.00 km
"37.5038,15.0899",University Of Catania,Civita,radical 0.13 km
"37.5038,15.0901",University Of Catania,Civita,radical 0.11 km
"37.5043,15.0885",Piazza Stesicoro,San Berillo,radical 0.08 km
"37.5045,15.0877",Piazza Stesicoro,San Berillo,radical 0.05 km
"37.5047,15.0814",Catania City Center,Antico Corso,radical 0.10 km
"37.5047,15.0818",Catania City Center,Antico Corso,radical 0.12 km
"37.5049,15.0874",Piazza Stesicoro,San Berillo,radical 0.05 km
"37.5049,15.0880",Piazza Stesicoro,San Berillo,radical 0.00 km
"37.5051,15.0954",Catania Centrale,Civita,radical 0.01 km
"37.5051,15.0955",Catania Centrale,Civita,radical 0.01 km
"37.5054,13.2639",,,unknown
"37.5055,15.0703",Porta Garibaldi,Curia,radical 0.51 km
"37.5056,15.0848",Catania City Center,Antico Corso,radical 0.00 km
"37.5056,15.0849",Catania City Center,Antico Corso,radical 0.01 km
"37.5061,15.0526",,Nesima Inferiore,unknown
"37.5063,15.0885",Catania City Center,San Berillo,radical 0.00 km
"37.5063,15.0979",Catania Centrale,Civita,radical 0.03 km
"37.5065,15.0955",Catania Centrale,Civita,radical 0.01 km
"37.5065,15.0982",Catania Centrale,Civita,radical 0.00 km
"37.5066,15.0928",Catania Centrale,San Berillo,radical 0.24 km
"37.5069,15.0983",Catania Centrale,Civita,radical 0.01 km
"37.5069,15.0984",Catania Centrale,Civita,radical 0.01 km
"37.5071,15.0860",Catania City Center,San Berillo,radical 0.00 km
"37.5072,15.0805",Catania City Center,Antico Corso,radical 0.19 km
"37.5074,15.0985",Catania City Center,Civita,radical 0.00 km
"37.5077,15.0829",Catania City Center,Antico Corso,radical 0.28 km
"37.5078,15.0896",Catania City Center,San Berillo,radical 0.19 km
"37.5080,15.0575",,Nesima Inferiore,unknown
"37.5082,15.0862",Catania City Center,San Berillo,radical 0.12 km
"37.5082,15.0949",Catania Centrale,San Berillo,radical 0.00 km
"37.5086,15.0793",Catania City Center,Antico Corso,radical 0.00 km
"37.5087,15.0624",Catania City Center,Curia,radical 0.95 km
"37.5088,15.0983",Catania Centrale,San Berillo,radical 0.00 km
"37.5090,15.0793",Catania City Center,Antico Corso,radical 0.01 km
"37.5091,15.0982",Catania Centrale,San Berillo,radical 0.00 km
"37.5095,15.0982",Catania Centrale,San Berillo,radical 0.01 km
"37.5099,14.2629",,,unknown
"37.5103,15.0976",Catania Centrale,San Berillo,radical 0.11 km
"37.5107,15.0803",Catania City Center,Antico Corso,radical 0.20 km
"37.5111,15.0938",Catania Centrale,San Berillo,radical 0.33 km
"37.5112,15.0734",Catania City Center,Curia,radical 0.14 km
"37.5112,15.0877",Borgo Sanzio,San Berillo,radical 0.01 km
"37.5112,15.0878",Borgo Sanzio,San Berillo,radical 0.00 km
"37.5113,15.0873",Piazza Stesicoro,San Berillo,radical 0.00 km
"37.5118,15.0675",Catania City Center,Curia,radical 0.41 km
"37.5118,15.0862",Piazza Stesicoro,Monserrato,radical 0.11 km
"37.5120,15.0723",Catania City Center,Curia,radical 0.01 km
"37.5123,15.0967",Catania Centrale,Monserrato,radical 0.34 km
"37.5127,15.0720",Catania City Center,Curia,radical 0.01 km
"37.5127,15.0940",Catania Centrale,Monserrato,radical 0.50 km
"37.5129,13.0702",,Perriera,unknown
"37.5131,15.0447",,Nesima Superiore,unknown
"37.5131,15.0844",Borgo Sanzio,Borgo,radical 0.30 km
"37.5134,15.1012",Catania Centrale,Guardia,radical 0.51 km
"37.5137,15.0921",Borgo Sanzio,Monserrato,radical 0.47 km
"37.5140,15.0744",Catania City Center,Consolazione,radical 0.26 km
"37.5146,15.1016",Catania Centrale,Guardia,radical 0.64 km
"37.5149,15.0962",Borgo Sanzio,Monserrato,radical 0.49 km
"37.5155,15.0772",Borgo Sanzio,Consolazione,radical 0.01 km
"37.5156,13.0787",,Quartiere di Mezzo,unknown
"37.5157,15.0844",Borgo Sanzio,Borgo,radical 0.01 km
"37.5158,15.0843",Borgo Sanzio,Borgo,radical 0.00 km
"37.5159,15.0980",Borgo Sanzio,Guardia,radical 0.53 km
"37.5166,15.0849",Borgo Sanzio,Borgo,radical 0.11 km
"37.5172,15.1044",Borgo Sanzio,Guardia,spread 0.38 km
"37.5173,15.1001",Borgo Sanzio,Guardia,radical 0.64 km
"37.5175,15.0138",,Milicia,unknown
"37.5175,15.0963",Borgo Sanzio,Monserrato,radical 0.31 km
"37.5179,15.0932",Borgo Sanzio,Monserrato,radical 0.06 km
"37.5181,15.0916",Borgo Sanzio,Monserrato,radical 0.12 km
"37.5184,15.0929",Borgo Sanzio,Monserrato,radical 0.00 km
"37.5199,15.0781",Borgo Sanzio,Consolazione,radical 0.50 km
"37.5200,15.0074",,Milicia,unknown
"37.5206,15.0940",Borgo Sanzio,Chiuse della Carvana,radical 0.26 km
"37.5208,15.1050",Borgo Sanzio,Guardia,spread 0.21 km
"37.5211,15.1027",Borgo Sanzio,Guardia,radical 0.91 km
"37.5214,13.4315",,,unknown
"37.5230,15.0809",Borgo Sanzio,Consolazione,radical 0.85 km
"37.5231,15.0822",Borgo Sanzio,Borgo,radical 0.83 km
"37.5254,15.0799",Borgo Sanzio,Consolazione,spread 0.28 km
"37.5261,15.0832",Borgo Sanzio,Chiuse della Carvana,spread 0.34 km
"37.5261,15.0911",Borgo Sanzio,Chiuse della Carvana,radical 0.87 km
"37.5303,15.0561",,Trappeto,unknown
"37.5305,15.1118",,Ognina,unknown
"37.5352,15.0560",,Belsito,unknown
"37.5377,15.0754",,Barriera,unknown
"37.5420,15.0790",,Barriera,unknown
"37.5450,15.0649",,Fasano,unknown
"37.5462,15.1387",,Badalà,unknown
"37.5471,15.1133",,Badalà,unknown
"37.5501,15.0729",,San Paolo,unknown
"37.5523,15.0967",,Balatelle,unknown
"37.5555,15.0808",,San Paolo,unknown
"37.5561,15.1461",,Vampolieri,unknown
"37.5596,15.0737",,Immacolata,unknown
"37.5605,15.0647",,Immacolata,unknown
"37.5606,15.1599",,Barriera,unknown
"37.5607,15.0694",,Immacolata,unknown
"37.5610,14.9028",,,unknown
"37.5611,14.2732",,Monte,unknown
"37.5637,15.0895",,Balatelle,unknown
"37.5657,14.8970",,,unknown
"37.5676,15.1133",,Portiere,unknown
"37.5684,14.2748",,Monte,unknown
"37.5685,14.9073",,,unknown
"37.5685,14.9091",,,unknown
"37.5696,15.0979",,Balatelle,unknown
"37.5699,14.9011",,,unknown
"37.5713,15.0580",,Cavolo,unknown
"37.5721,15.0236",,Sciara,unknown
"37.5721,15.0867",,Immacolata,unknown
"37.5733,15.0743",,Immacolata,unknown
"37.5751,15.0590",,Cavolo,unknown
"37.5753,15.0577",,Cavolo,unknown
"37.5783,15.1217",,Morgioni,unknown
"37.5837,14.9804",,Borrello,unknown
"37.5837,15.0955",,Bottazzi,unknown
"37.5838,13.7528",,Rione Dalmazia,unknown
"37.5863,15.1415",,Reitana,unknown
"37.5898,14.9769",,Borrello,unknown
"37.5960,15.1370",,Aci Santa Lucia,unknown
"37.6014,14.9827",,Borrello,unknown
"37.6049,15.0650",,Tondo,unknown
"37.6069,15.1297",,Aci Santa Lucia,unknown
"37.6131,15.0261",,Massannunziata,unknown
"37.6146,15.0778",,Tondo,unknown
"37.6168,15.0574",,Tondo,unknown
"37.6177,15.1600",,Aci Santa Lucia,unknown
"37.6179,15.0789",,Sant'Alfio,unknown
"37.6181,15.1661",,Aci Santa Lucia,unknown
"37.6235,14.7397",,,unknown
"37.6240,13.4920",,,unknown
"37.6260,15.1319",,Aci Santa Lucia,unknown
"37.6300,13.6408",,Contrada San Martino,unknown
"37.6350,14.9510",,Cisterna,unknown
"37.6373,14.8682",,,unknown
"37.6391,14.3922",,Piano della Corte,unknown
"37.6422,14.3942",,,unknown
"37.6441,14.8653",,,unknown
"37.6465,14.8613",,,unknown
"37.6480,14.8563",,,unknown
"37.6532,12.6033",Mazara Del Vallo Train Station,Gorgorosso,radical 0.67 km
"37.6544,12.5959",Mazara Del Vallo Train Station,Xitta,radical 0.01 km
"37.6576,12.5866",Mazara Del Vallo Train Station,Santa Maria di Gesù,radical 0.89 km
"37.6585,14.5202",,Sant'Antonio,unknown
"37.6620,14.8399",,,unknown
"37.6632,14.8274",,,unknown
"37.6665,12.8023",,Quartiere Amari,unknown
"37.6675,15.1365",,Linera,unknown
"37.6691,14.8314",,,unknown
"37.6741,12.7894",,Quartiere San Giacomo,unknown
"37.6781,13.2716",,,unknown
"37.6841,12.7863",,Quartiere San Niccolò,unknown
"37.6893,15.1053",,Ballo,unknown
"37.6907,13.0182",,,unknown
"37.6923,13.0223",,,unknown
"37.6923,15.1927",,San Leonardello,unknown
"37.7052,13.2590",,,unknown
"37.7157,12.4953",,Baglio,unknown
"37.7171,15.1785",,Peri,unknown
"37.7199,12.5030",,Zichitella,unknown
"37.7217,13.4311",,Rione Chiesa Madre,unknown
"37.7247,15.1845",,Altarello,unknown
"37.7298,15.1933",,Altarello,unknown
"37.7307,15.2008",,Altarello,unknown
"37.7342,15.1876",,Santa Maria la Strada,unknown
"37.7471,13.8280",,,unknown
"37.7479,14.3986",,Crociate,unknown
"37.7481,13.6012",,Santa Rosalia,unknown
"37.7485,14.3836",,Crociate,unknown
"37.7828,14.8293",,Sciarotta,unknown
"37.7866,14.8331",,Sciarotta,unknown
"37.7880,12.4507",Marsala Train Station,Rione Sappusi,radical 0.86 km
"37.7884,14.8307",,Sciarotta,unknown
"37.7914,14.8297",,Sciarotta,unknown
"37.7933,12.4387",Marsala Train Station,Rione Sappusi,radical 0.43 km
"37.7933,12.4436",Marsala Train Station,Rione Sappusi,radical 0.00 km
"37.7937,12.4354",Porta Garibaldi,Rione Sappusi,radical 0.42 km
"37.7971,12.4332",Porta Garibaldi,Rione Sappusi,radical 0.01 km
"37.7971,12.4333",Porta Garibaldi,Rione Sappusi,radical 0.00 km
"37.7978,12.4378",Porta Garibaldi,Rione Sappusi,radical 0.41 km
"37.8021,12.4384",Porta Garibaldi,Rione Sappusi,radical 0.72 km
"37.8048,13.6385",,,unknown
"37.8065,12.4634",,Rione Sappusi,unknown
"37.8083,15.1775",,Ponte Boria,unknown
"37.8154,13.3003",,,unknown
"37.8237,15.2706",Giardini Naxos City Center,Schisò,radical 0.00 km
"37.8239,15.2680",Giardini Naxos City Center,Schisò,radical 0.23 km
"37.8240,15.2706",Giardini Naxos City Center,Schisò,radical 0.03 km
"37.8268,15.2679",Giardini Naxos City Center,Schisò,radical 0.42 km
"37.8277,14.8660",,,unknown
"37.8282,12.4895",,,unknown
"37.8336,15.2710",Giardini Naxos City Center,Calcarone,radical 0.00 km
"37.8346,15.2709",Giardini Naxos City Center,Calcarone,radical 0.01 km
"37.8349,15.2715",Giardini Naxos City Center,Calcarone,radical 0.07 km
"37.8418,15.2787",Giardini Naxos City Center,Calcarone,radical 0.00 km
"37.8475,14.6996",,,unknown
"37.8523,15.2887",Taormina City Centre,,radical 0.16 km
"37.8530,15.2875",Taormina City Centre,,radical 0.03 km
"37.8531,15.2872",Taormina City Centre,,radical 0.00 km
"37.8531,15.2943",Taormina City Centre,,radical 0.01 km
"37.8538,15.2923",Taormina City Centre,,radical 0.20 km
"37.8539,15.2840",Taormina City Centre,,radical 0.29 km
"37.8710,14.9554",,Quartiere Crocitta,unknown
"37.8722,14.9541",,Quartiere Crocitta,unknown
"37.8760,15.3030",,,unknown
"37.8799,15.1240",,Volta Pafumi,unknown
"37.8832,15.3097",,,unknown
"37.9210,15.7817",,Paese Vecchio,unknown
"37.9211,15.8259",,,unknown
"37.9297,14.3573",,Santa Rosa,unknown
"37.9331,12.3265",,,unknown
"37.9453,15.3674",,Barracca,unknown
"37.9556,15.3766",,Bucalo,unknown
"37.9621,13.1790",,,unknown
"37.9631,12.5180",,Marino,unknown
"37.9674,12.0750",,,unknown
"37.9689,12.0737",,,unknown
"37.9748,13.1911",,,unknown
"37.9751,12.9636",,,unknown
"37.9829,13.6927",,,unknown
"37.9869,13.6947",,,unknown
"37.9963,13.6537",,,unknown
"38.0057,12.5598",,San Giovannello,unknown
"38.0085,15.4264",,Quartiere Davì,unknown
"38.0099,12.5518",Trapani City Center,San Giovannello,radical 0.77 km
"38.0137,12.5116",Trapani Port,Il Palazzo,radical 0.00 km
"38.0139,12.5116",Trapani Port,Il Palazzo,radical 0.02 km
"38.0139,12.5118",Trapani Port,Il Palazzo,radical 0.03 km
"38.0139,12.5127",Trapani Port,Il Palazzo,radical 0.00 km
"38.0139,12.5129",Trapani Port,Il Palazzo,radical 0.01 km
"38.0140,12.5128",Trapani Port,Il Palazzo,radical 0.02 km
"38.0148,12.5176",Trapani Train Station,Il Palazzo,radical 0.22 km
"38.0150,12.5125",Trapani Port,Il Palazzo,radical 0.01 km
"38.0157,12.5479",Trapani City Center,Raganzili,radical 0.48 km
"38.0160,12.5066",Trapani Port,Il Palazzo,radical 0.50 km
"38.0160,14.5967",,,unknown
"38.0162,12.5096",Trapani Port,Il Palazzo,radical 0.28 km
"38.0164,12.5238",Trapani Port,Il Palazzo,radical 0.54 km
"38.0167,12.5532",Trapani City Center,San Giovannello,radical 0.00 km
"38.0168,12.5171",Trapani Train Station,Il Palazzo,radical 0.00 km
"38.0169,12.5145",Trapani Train Station,Il Palazzo,radical 0.00 km
"38.0174,12.5377",Trapani City Center,Trentapiedi,radical 0.01 km
"38.0175,12.5377",Trapani City Center,Trentapiedi,radical 0.00 km
"38.0186,12.5178",Trapani Port,Il Palazzo,radical 0.13 km
"38.0194,12.5190",Trapani Port,Il Palazzo,radical 0.00 km
"38.0196,12.8862",Castellammare Del Golfo City Center,,radical 0.60 km
"38.0198,12.5393",Trapani City Center,Trentapiedi,radical 0.29 km
"38.0200,12.5298",Trapani Train Station,Trentapiedi,radical 0.01 km
"38.0205,12.5312",Trapani Train Station,Trentapiedi,radical 0.14 km
"38.0218,15.6510",Center,Lume,radical 0.08 km
"38.0225,15.6509",Center,Lume,radical 0.00 km
"38.0227,12.8787",Castellammare Del Golfo City Center,,radical 0.31 km
"38.0230,12.8829",Castellammare Del Golfo City Center,,radical 0.13 km
"38.0238,12.8819",Castellammare Del Golfo City Center,,radical 0.00 km
"38.0239,12.5442",Trapani City Center,Raganzili,radical 0.00 km
"38.0247,12.5358",Trapani City Center,Trentapiedi,radical 0.74 km
"38.0249,12.5330",Trapani Train Station,Trentapiedi,radical 0.62 km
"38.0263,12.8810",Castellammare Del Golfo City Center,,radical 0.29 km
"38.0317,13.4484",,,unknown
"38.0328,14.0170",Cefalu Transit Station,Contrada Spinito,radical 0.00 km
"38.0331,14.0165",Cefalu City Center,Contrada Spinito,radical 0.02 km
"38.0332,14.0185",Cefalu Transit Station,Contrada Spinito,radical 0.14 km
"38.0333,13.4538",,,unknown
"38.0333,14.0164",Cefalu City Center,Contrada Spinito,radical 0.01 km
"38.0358,14.0215",Cefalu City Center,Contrada Spinito,radical 0.00 km
"38.0359,14.0217",Cefalu Transit Station,Contrada Spinito,radical 0.00 km
"38.0403,14.0223",Cefalu City Center,Contrada Spinito,radical 0.06 km
"38.0407,14.0228",Cefalu City Center,Contrada Spinito,radical 0.00 km
"38.0419,12.6216",,Paparella,unknown
"38.0425,15.4590",,Guidomandri Marina,unknown
"38.0433,13.1099",,,unknown
"38.0436,13.2950",,,unknown
"38.0445,13.1158",,,unknown
"38.0551,13.5387",,Serradifalco,unknown
"38.0653,15.6599",,San Gregorio,unknown
"38.0694,13.5090",,Sant'Antonio,unknown
"38.0749,13.5075",,Angiò,unknown
"38.0759,15.6542",Reggio Calabria Airport,Ravagnese,radical 0.00 km
"38.0771,13.2826",,Molara,unknown
"38.0774,13.2838",,Molara,unknown
"38.0774,13.5066",,Centro storico,unknown
"38.0776,12.6774",,Santa Lucia,unknown
"38.0792,13.2873",,Molara,unknown
"38.0811,13.2892",,Molara,unknown
"38.0815,13.5162",,Caravella,unknown
"38.0857,15.6654",,Ravagnese,unknown
"38.0863,15.4979",,Ponte Schiavo,unknown
"38.0864,13.5351",,Contrada S. Marina,unknown
"38.0881,13.4630",,Ficarazzelli,unknown
"38.0893,13.5380",,Contrada S. Marina,unknown
"38.0898,13.1731",,,unknown
"38.0909,14.6775",,Marina di Torrenova,unknown
"38.0910,15.6350",,Ravagnese,unknown
"38.0913,13.3620",,Falsomiele,unknown
"38.0954,15.6434",,Ravagnese,unknown
"38.0972,13.3327",,Pagliarelli,unknown
"38.1008,14.6983",,Piattaforma,unknown
"38.1010,15.6423",Center,San Sperato,radical 0.42 km
"38.1015,13.3809",Settecannoli,Settecannoli,radical 0.76 km
"38.1020,15.6472",Center,San Sperato,radical 0.74 km
"38.1029,15.6357",Central Station,,radical 0.00 km
"38.1030,13.3362",,Altarello,unknown
"38.1033,13.3693",Palermo Centrale,Guadagna,radical 0.74 km
"38.1035,15.6601",Center,San Sperato,spread 0.35 km
"38.1036,15.6374",Center,San Sperato,radical 0.15 km
"38.1036,15.6561",Center,San Sperato,radical 0.85 km
"38.1038,15.6391",Center,San Sperato,radical 0.00 km
"38.1047,15.1210",,Contrada Zurà,unknown
"38.1061,13.3688",Palermo Centrale,Guadagna,radical 0.42 km
"38.1063,13.3674",Palermo Centrale,Guadagna,radical 0.38 km
"38.1068,15.6500",Center,San Sperato,radical 0.31 km
"38.1070,15.6456",Center,San Sperato,radical 0.47 km
"38.1072,13.3728",Palermo Centrale,Kalsa,radical 0.56 km
"38.1075,13.3408",Zisa Castle,Villaggio Santa Rosalia,spread 0.34 km
"38.1075,13.3594",Palermo City Center,Albergheria,radical 0.48 km
"38.1080,13.3663",Palermo Centrale,Albergheria,radical 0.18 km
"38.1080,15.5080",,Mili Moleti,unknown
"38.1083,13.3809",Settecannoli,Romagnolo,radical 0.00 km
"38.1084,13.3540",Palermo City Center,Albergheria,radical 0.00 km
"38.1090,13.3668",Palermo Centrale,Kalsa,radical 0.09 km
"38.1092,13.3655",Palermo Centrale,Albergheria,radical 0.03 km
"38.1094,13.3718",Palermo Centrale,Kalsa,radical 0.40 km
"38.1095,13.3656",Palermo Centrale,Kalsa,radical 0.00 km
"38.1096,13.3682",Palermo Centrale,Kalsa,radical 0.09 km
"38.1096,15.6499",Center,San Sperato,radical 0.00 km
"38.1099,13.3542",Palermo City Center,Albergheria,radical 0.16 km
"38.1099,13.3716",Palermo Centrale,Kalsa,radical 0.36 km
"38.1105,13.3417",Zisa Castle,Olivuzza,radical 0.70 km
"38.1111,13.3666",Palermo Centrale,Kalsa,radical 0.00 km
"38.1112,13.3649",Palermo Centrale,Kalsa,radical 0.07 km
"38.1114,13.3641",Palermo Centrale,Albergheria,radical 0.01 km
"38.1116,13.3681",Palermo Centrale,Kalsa,radical 0.00 km
"38.1122,13.3522",Albergheria,Albergheria,radical 0.34 km
"38.1123,13.3662",Historical Centre Of Palermo,Kalsa,radical 0.00 km
"38.1126,13.3657",Palermo Centrale,Kalsa,radical 0.00 km
"38.1128,13.3654",Palermo Centrale,Kalsa,radical 0.04 km
"38.1130,13.3633",Palazzo Comitini,Kalsa,radical 0.01 km
"38.1131,13.3652",Palermo Centrale,Kalsa,radical 0.08 km
"38.1132,13.3633",Palazzo Comitini,Kalsa,radical 0.02 km
"38.1134,13.3559",Albergheria,Albergheria,radical 0.01 km
"38.1139,13.3599",Palermo City Center,Albergheria,radical 0.00 km
"38.1144,13.3659",Palermo City Center,Kalsa,radical 0.08 km
"38.1147,15.6596",Center,San Sperato,radical 0.80 km
"38.1150,13.3663",Palermo City Center,Kalsa,radical 0.00 km
"38.1153,13.3637",Palermo City Center,Kalsa,radical 0.01 km
"38.1153,13.3638",Palermo City Center,Kalsa,radical 0.00 km
"38.1153,13.3640",Historical Centre Of Palermo,Kalsa,radical 0.00 km
"38.1155,13.3681",Palermo City Center,Kalsa,radical 0.00 km
"38.1157,13.3639",Palermo City Center,Vucciria,radical 0.05 km
"38.1157,13.3674",Palermo City Center,Kalsa,radical 0.07 km
"38.1163,13.3538",Historical Centre Of Palermo,Il Capo,radical 0.01 km
"38.1163,13.3613",Palermo City Center,Vucciria,radical 0.07 km
"38.1166,15.6522",Center,Anas,radical 0.38 km
"38.1169,13.3564",Historical Centre Of Palermo,Il Capo,radical 0.00 km
"38.1169,13.3725",Palermo City Center,Kalsa,radical 0.41 km
"38.1170,13.3573",Palermo City Center,Il Capo,radical 0.00 km
"38.1173,13.3565",Historical Centre Of Palermo,Il Capo,radical 0.05 km
"38.1174,13.3610",Historical Centre Of Palermo,Vucciria,radical 0.10 km
"38.1177,13.3645",Historical Centre Of Palermo,Vucciria,radical 0.00 km
"38.1179,13.3600",Historical Centre Of Palermo,Il Capo,radical 0.01 km
"38.1182,13.3631",Historical Centre Of Palermo,Vucciria,radical 0.14 km
"38.1186,13.3688",Palermo City Center,Vucciria,radical 0.35 km
"38.1189,13.3485",Historical Centre Of Palermo,Olivuzza,radical 0.55 km
"38.1192,13.3645",Albergheria,La Loggia,radical 0.01 km
"38.1193,13.3527",Palermo City Center,Il Capo,radical 0.29 km
"38.1194,13.3650",Albergheria,La Loggia,radical 0.04 km
"38.1199,15.6533",Center,Anas,radical 0.00 km
"38.1202,13.3558",Palermo City Center,Il Capo,radical 0.00 km
"38.1203,13.3594",Palermo City Center,Il Capo,radical 0.10 km
"38.1205,13.3618",Mont Di Pieta,La Loggia,radical 0.00 km
"38.1207,13.3584",Palermo City Center,Il Capo,radical 0.00 km
"38.1207,15.6521",Center,Anas,radical 0.14 km
"38.1210,13.3532",Mont Di Pieta,Il Capo,radical 0.15 km
"38.1214,13.3561",Piazza Verdi,Il Capo,radical 0.01 km
"38.1214,13.3590",Palermo City Center,Il Capo,radical 0.09 km
"38.1216,13.3503",Mont Di Pieta,Il Capo,radical 0.38 km
"38.1216,13.3567",Piazza Verdi,Il Capo,radical 0.05 km
"38.1217,13.3547",Mont Di Pieta,Il Capo,radical 0.00 km
"38.1219,13.3520",Mont Di Pieta,Il Capo,radical 0.24 km
"38.1224,13.3401",Zisa Castle,Olivuzza,radical 0.63 km
"38.1227,13.3466",Mont Di Pieta,Olivuzza,radical 0.72 km
"38.1229,13.3622",Palermo City Center,La Loggia,radical 0.00 km
"38.1230,13.3570",Port Palermo,Il Capo,radical 0.00 km
"38.1233,13.3494",Mont Di Pieta,Olivuzza,radical 0.50 km
"38.1234,13.3654",Palermo City Center,La Loggia,radical 0.29 km
"38.1238,13.3638",Palermo City Center,La Loggia,radical 0.18 km
"38.1239,13.3600",Palermo City Center,La Loggia,radical 0.22 km
"38.1243,15.6544",Central Station,Anas,radical 0.24 km
"38.1245,13.3584",Port Palermo,La Loggia,radical 0.21 km
"38.1248,13.3474",Politeama,Olivuzza,radical 0.64 km
"38.1250,13.3497",Politeama,Olivuzza,radical 0.46 km
"38.1250,13.3625",Port Palermo,La Loggia,radical 0.10 km
"38.1251,13.3550",Politeama,Il Capo,radical 0.00 km
"38.1257,13.3375",,Olivuzza,unknown
"38.1259,13.3629",Port Palermo,La Loggia,radical 0.00 km
"38.1260,13.3470",Politeama,Olivuzza,radical 0.61 km
"38.1262,13.3611",Port Palermo,La Loggia,radical 0.01 km
"38.1263,13.3612",Port Palermo,La Loggia,radical 0.00 km
"38.1265,15.6542",Central Station,Anas,radical 0.00 km
"38.1269,13.3532",Politeama,Il Capo,radical 0.14 km
"38.1270,13.3121",,Passo di Rigano,unknown
"38.1280,13.3302",,Uditore,unknown
"38.1285,13.3544",Politeama,Il Capo,radical 0.10 km
"38.1286,13.3417",Port Palermo,Olivuzza,radical 0.60 km
"38.1288,13.3476",Politeama,Olivuzza,radical 0.51 km
"38.1295,13.3381",Port Palermo,Olivuzza,radical 0.70 km
"38.1305,13.3435",Port Palermo,Olivuzza,radical 0.35 km
"38.1309,13.3349",Port Palermo,Uditore,radical 0.87 km
"38.1322,13.1808",,,unknown
"38.1331,13.3449",Port Palermo,Olivuzza,radical 0.09 km
"38.1336,13.3442",Port Palermo,Olivuzza,radical 0.00 km
"38.1338,15.1675",,Pizzicarì,unknown
"38.1341,13.3470",Port Palermo,Olivuzza,radical 0.00 km
"38.1350,13.3316",,Uditore,unknown
"38.1355,13.3145",,Cruillas,unknown
"38.1355,13.3463",Port Palermo,Olivuzza,radical 0.17 km
"38.1362,13.3523",Port Palermo,Acquasanta,radical 0.52 km
"38.1365,14.7278",,Bruca,unknown
"38.1369,15.5219",,Roccamatore,unknown
"38.1372,13.3502",Port Palermo,Acquasanta,radical 0.44 km
"38.1373,13.1898",,,unknown
"38.1395,13.3137",,Cruillas,unknown
"38.1410,13.3482",Fiera,Acquasanta,radical 0.00 km
"38.1424,13.3343",,Cruillas,unknown
"38.1428,13.3478",Fiera,Acquasanta,radical 0.20 km
"38.1428,15.2046",,Quattalari,unknown
"38.1431,15.2155",,Barcellona,unknown
"38.1455,13.3341",,Resuttana,unknown
"38.1460,13.3319",,Resuttana,unknown
"38.1466,13.3390",,Resuttana,unknown
"38.1468,15.2144",,Barcellona,unknown
"38.1473,15.2128",,Barcellona,unknown
"38.1495,16.1786",,,unknown
"38.1500,15.2207",,San Gaetano,unknown
"38.1501,13.0801",,,unknown
"38.1517,15.2047",,Aia Scarpaci,unknown
"38.1530,13.0839",,,unknown
"38.1564,14.8275",,Piana,unknown
"38.1579,13.1784",,,unknown
"38.1581,14.7427",,Muscale,unknown
"38.1593,15.6561",,Gallico Marina,unknown
"38.1611,13.2077",,Villaggio Cristoforo Leone,unknown
"38.1647,15.5408",,Gazzi,unknown
"38.1653,14.8507",,Parrazzà basso,unknown
"38.1658,15.2495",,Botteghelle,unknown
"38.1666,15.5396",,Gazzi,unknown
"38.1702,14.8923",,,unknown
"38.1708,13.2391",,Villaggio Cristoforo Leone,unknown
"38.1737,15.5304",,Santo,unknown
"38.1744,14.9432",,,unknown
"38.1747,14.8964",,,unknown
"38.1751,16.2060",,,unknown
"38.1753,14.8961",,,unknown
"38.1762,12.7327",San Vito Lo Capo City Center,,radical 0.00 km
"38.1781,15.3077",,Camastra,unknown
"38.1790,13.1406",,,unknown
"38.1794,15.5538",Messina Centrale,Quartiere Lombardo,radical 0.86 km
"38.1831,15.5426",Messina Centrale,Fondo Ragusa e Marino,radical 0.82 km
"38.1837,15.5581",Messina Centrale,Maregrosso,radical 0.28 km
"38.1848,15.6450",Catona,Catona,radical 0.26 km
"38.1852,15.6442",Catona,Catona,radical 0.20 km
"38.1854,15.5610",Messina Centrale,Maregrosso,radical 0.00 km
"38.1856,15.5596",Messina Centrale,Le Quattro Fontane,radical 0.03 km
"38.1859,15.5597",Messina Centrale,Le Quattro Fontane,radical 0.00 km
"38.1868,15.5507",Messina Centrale,Il Tirone,radical 0.00 km
"38.1869,15.6438",Catona,Catona,radical 0.01 km
"38.1872,15.5576",Messina Centrale,Le Quattro Fontane,radical 0.24 km
"38.1875,15.5579",Messina Centrale,Le Quattro Fontane,radical 0.24 km
"38.1885,15.5583",Messina Centrale,Le Quattro Fontane,radical 0.31 km
"38.1903,15.5536",Messina Centrale,Le Quattro Fontane,radical 0.29 km
"38.1906,15.5483",Messina Centrale,Il Tirone,radical 0.00 km
"38.1909,15.5568",Messina Centrale,Le Quattro Fontane,radical 0.01 km
"38.1910,15.5568",Messina Centrale,Le Quattro Fontane,radical 0.00 km
"38.1916,15.5565",Messina Centrale,Le Quattro Fontane,radical 0.07 km
"38.1955,15.5552",Messina Centrale,Fondo Polimeni,radical 0.29 km
"38.1961,13.3116",Mondello,Partanna,radical 0.00 km
"38.1971,13.3311",,Valdesi,unknown
"38.1977,15.5571",Messina Centrale,Fondo Polimeni,radical 0.00 km
"38.1979,13.2478",Fiera,Sferracavallo,radical 0.01 km
"38.1981,15.5570",Messina Centrale,Fondo Polimeni,radical 0.05 km
"38.2007,15.5574",Messina Centrale,Muricello,radical 0.34 km
"38.2052,15.5574",Messina Centrale,Muricello,radical 0.04 km
"38.2053,15.5579",Messina Centrale,Muricello,radical 0.01 km
"38.2061,15.5544",Messina Centrale,Dazio,radical 0.32 km
"38.2077,15.5579",Borgo Del Ringo,Fondo Ogliastri,radical 0.00 km
"38.2078,13.3269",Mondello,Mondello,radical 0.00 km
"38.2095,15.5549",Borgo Del Ringo,Villaggio Svizzero,radical 0.33 km
"38.2110,15.2487",Milazzo Port,San Paolino,radical 0.77 km
"38.2114,15.3480",,Scala,unknown
"38.2150,15.5548",Borgo Del Ringo,San Licandro,radical 0.86 km
"38.2152,15.2417",Milazzo Port,Albero,radical 0.00 km
"38.2152,15.2420",Milazzo Port,Albero,radical 0.02 km
"38.2165,15.2396",Milazzo Port,Albero,radical 0.15 km
"38.2168,15.6346",Villa San Giovanni,Acciarello,radical 0.00 km
"38.2170,15.6381",Villa San Giovanni,Acciarello,radical 0.20 km
"38.2178,15.2401",Milazzo Port,Albero,radical 0.00 km
"38.2180,15.6362",Villa San Giovanni,Acciarello,radical 0.00 km
"38.2189,15.5646",,Rione Regina Elena,unknown
"38.2192,15.2408",Milazzo Port,Albero,radical 0.00 km
"38.2194,15.5600",,Villaggio Matteotti,unknown
"38.2196,15.5627",,Villaggio Matteotti,unknown
"38.2199,15.2374",Milazzo Port,San Giovanni,radical 0.30 km
"38.2202,15.2404",Milazzo Port,San Giovanni,radical 0.11 km
"38.2221,15.5547",,Santissima Annunziata,unknown
"38.2251,15.3810",,Verdesca,unknown
"38.2302,15.4019",,Fondaconuovo,unknown
"38.2349,15.4323",,Baronia,unknown
"38.2357,16.2627",,,unknown
"38.2409,16.2678",,,unknown
"38.2594,15.6021",,Papardo,unknown
"38.2605,15.8558",,Sinopoli Inferiore,unknown
"38.2606,15.5234",,,unknown
"38.2698,16.2973",,,unknown
"38.2810,16.3056",,,unknown
"38.2928,15.8124",,,unknown
"38.3027,16.3343",,,unknown
"38.3222,16.4048",,,unknown
"38.3536,16.0186",,,unknown
"38.3609,15.8568",,Le Torri,unknown
"38.4054,16.0725",,Primogenito,unknown
"38.4098,16.0796",,Primogenito,unknown
"38.4144,14.9597",,,unknown
"38.4161,14.9587",,,unknown
"38.4180,16.0581",,Primogenito,unknown
"38.4225,14.9639",,,unknown
"38.4238,15.8967",,Castellana,unknown
"38.4294,15.8992",,Castellana,unknown
"38.4379,16.5753",,,unknown
"38.4692,14.9535",,Case Trimboli,unknown
"38.4694,14.9559",,Case Trimboli,unknown
"38.4716,14.9540",,Case Trimboli,unknown
"38.4733,16.0753",,Stelletanone,unknown
"38.4762,16.4659",,Criniti,unknown
"38.4807,16.5783",,,unknown
"38.4825,15.9233",,,unknown
"38.4917,15.9770",,Rione Europa,unknown
"38.5341,14.3607",,,unknown
"38.5490,14.8269",,,unknown
"38.5542,15.9389",,Baglio,unknown
"38.5575,14.8715",,,unknown
"38.5589,14.8716",,,unknown
"38.5621,14.5803",,,unknown
"38.5645,16.1932",,,unknown
"38.5794,16.5652",,,unknown
"38.6066,16.0650",,,unknown
"38.6080,16.0671",,,unknown
"38.6230,16.0111",,Pernocarello,unknown
"38.6373,15.0768",,,unknown
"38.6378,15.0752",,,unknown
"38.6588,16.0747",,Contrada Feudotto,unknown
"38.6680,16.5439",,Soverato Marina,unknown
"38.6726,16.1049",,Carmine,unknown
"38.6742,16.0892",,Contrada Feudotto,unknown
"38.6754,15.8964",Tropea City Centre,Contrada Carmine,radical 0.14 km
"38.6755,15.9007",Tropea City Centre,Contrada Carmine,radical 0.43 km
"38.6763,16.0915",,Contrada Feudotto,unknown
"38.6766,15.8960",Tropea City Centre,Contrada Carmine,radical 0.00 km
"38.6777,15.8964",Tropea City Centre,Marina,radical 0.01 km
"38.6779,15.8953",Tropea City Centre,Marina,radical 0.10 km
"38.6843,16.1076",,Carmine,unknown
"38.7089,13.1944",,,unknown
"38.7289,16.5412",,Pietragrande,unknown
"38.7313,16.5376",,Pietragrande,unknown
"38.7359,16.1639",Pizzo Calabro City Center,Marina,radical 0.01 km
"38.7643,16.5406",,Montauro,unknown
"38.7749,16.4599",,,unknown
"38.7986,15.2394",Ferry Terminal,Scari,radical 0.01 km
"38.7987,15.2395",Ferry Terminal,Scari,radical 0.01 km
"38.8001,15.2381",Ferry Terminal,Scari,radical 0.20 km
"38.8021,15.2382",Ferry Terminal,San Vincenzo,radical 0.01 km
"38.8212,16.6159",Fortuna,,radical 0.01 km
"38.8240,16.6192",Fortuna,,radical 0.42 km
"38.8275,16.6283",,,unknown
"38.8591,16.3631",,,unknown
"38.8682,16.6042",,Santa Maria,unknown
"38.8689,16.6080",,Croci,unknown
"38.8854,16.6032",,Dulcino,unknown
"38.9048,16.7421",,,unknown
"38.9107,17.0240",,,unknown
"38.9127,16.5684",,Mater Domini,unknown
"38.9134,16.5869",,Sant'Antonio,unknown
"38.9193,16.5844",,Pontepiccolo,unknown
"38.9202,16.2535",Lamezia Terme Train Station,Sant'Eufemia Lamezia,radical 0.16 km
"38.9209,16.2556",Lamezia Terme Train Station,Sant'Eufemia Lamezia,radical 0.00 km
"38.9211,16.2549",Lamezia Terme Train Station,Sant'Eufemia Lamezia,radical 0.00 km
"38.9276,16.5806",,Pontegrande,unknown
"38.9523,16.3873",,,unknown
"38.9551,16.6419",,,unknown
"38.9593,17.0947",,,unknown
"38.9631,16.5853",,,unknown
"38.9638,16.3263",,,unknown
"38.9644,16.3179",,Sambiase,unknown
"38.9661,16.2818",,Rione San Nicola,unknown
"38.9678,16.2811",,Rione San Nicola,unknown
"38.9693,16.3141",,Sambiase,unknown
"38.9705,16.3163",,Sambiase,unknown
"38.9720,16.1509",,,unknown
"38.9722,16.3153",,Sambiase,unknown
"39.0057,9.0009",,Su Rondò,unknown
"39.0130,16.4174",,,unknown
"39.0523,16.3469",,,unknown
"39.0525,16.3486",,,unknown
"39.0595,8.4477",,,unknown
"39.0656,17.1092",,48 alloggi,unknown
"39.0676,16.0931",,Marinella,unknown
"39.0743,17.1146",,48 alloggi,unknown
"39.0779,17.1309",Crotone Lungomare,Parco Samà,radical 0.00 km
"39.0788,17.1201",Crotone Lungomare,Parco Samà,radical 0.94 km
"39.0798,17.1283",Crotone Lungomare,Parco Samà,radical 0.31 km
"39.0849,8.7133",,Santadi Basso,unknown
"39.0856,17.1149",,Parco Samà,unknown
"39.1104,8.5222",,,unknown
"39.1311,16.0745",,Amantea Paese,unknown
"39.1321,16.0713",,Amantea Paese,unknown
"39.1380,9.5235",Viale Matteotti,,radical 0.01 km
"39.1627,16.0874",,,unknown
"39.1636,8.5211",,Rinascita,unknown
"39.1806,17.0105",,Parrera,unknown
"39.1946,9.1420",Lazzaretto,Nuovo Borgo Sant'Elia,radical 0.01 km
"39.2012,9.1618",Poetto,Poetto,radical 0.00 km
"39.2046,16.3334",,,unknown
"39.2046,9.1636",Poetto,Poetto,radical 0.41 km
"39.2051,9.1368",Bonaria,Monte Mixi,radical 0.00 km
"39.2111,9.1196",Bonaria,Lapola/Marina,radical 0.00 km
"39.2112,16.3094",,,unknown
"39.2131,9.1294",Bonaria,Monte Urpinu,radical 0.87 km
"39.2136,9.1133",Marina,Lapola/Marina,radical 0.00 km
"39.2140,9.1144",Marina,Lapola/Marina,radical 0.00 km
"39.2141,9.1139",Marina,Lapola/Marina,radical 0.01 km
"39.2144,9.1067",Stazione,Stampaxi/Stampace,radical 0.21 km
"39.2146,9.1126",Marina,Lapola/Marina,radical 0.00 km
"39.2148,9.1129",Marina,Lapola/Marina,radical 0.00 km
"39.2149,9.1092",Stazione,Lapola/Marina,radical 0.01 km
"39.2149,9.1123",Marina,Lapola/Marina,radical 0.00 km
"39.2150,9.1123",Marina,Lapola/Marina,radical 0.01 km
"39.2151,9.1090",Stazione,Lapola/Marina,radical 0.00 km
"39.2156,9.1107",Stazione,Lapola/Marina,radical 0.15 km
"39.2159,9.1091",Stazione,Stampaxi/Stampace,radical 0.02 km
"39.2160,9.1090",Stazione,Stampaxi/Stampace,radical 0.00 km
"39.2162,9.1148",Marina,Lapola/Marina,radical 0.00 km
"39.2169,9.1182",Villanova,Biddanoa/Villanova,radical 0.00 km
"39.2183,9.1061",Stazione,Stampaxi/Stampace,radical 0.00 km
"39.2184,9.1108",Stazione,Stampaxi/Stampace,radical 0.31 km
"39.2184,9.1280",Cagliari City Center,Monte Urpinu,radical 0.42 km
"39.2196,9.1279",Cagliari City Center,San Benedetto,radical 0.32 km
"39.2206,9.1078",Stazione,Tuvixeddu,radical 0.29 km
"39.2210,9.1253",Cagliari City Center,San Benedetto,radical 0.07 km
"39.2211,9.1245",Cagliari City Center,San Benedetto,radical 0.00 km
"39.2214,9.1214",Cagliari City Center,San Benedetto,radical 0.01 km
"39.2224,9.1282",Cagliari City Center,San Benedetto,radical 0.00 km
"39.2230,9.1250",Cagliari City Center,San Benedetto,radical 0.00 km
"39.2258,9.1328",Cagliari City Center,Genneruxi,radical 0.54 km
"39.2291,9.0990",,Sant'Avendrace,unknown
"39.2307,9.1157",,La Vega,unknown
"39.2395,9.1255",,Monteleone,unknown
"39.2399,9.1910",,Funtan'e Ortus,unknown
"39.2405,9.1945",,Sant'Antonio,unknown
"39.2414,9.1063",Cagliari City Center,Bìngia Matta,radical 0.00 km
"39.2415,9.1771",,Cepola,unknown
"39.2417,9.0918",,San Michele,unknown
"39.2430,17.1117",,Contrada Gangemi,unknown
"39.2451,9.1859",,Cepola,unknown
"39.2535,9.1656",Selargius,Quartiere dei Musicisti,radical 0.30 km
"39.2537,9.1699",Selargius,Cepola,radical 0.11 km
"39.2543,9.1689",Selargius,Cepola,radical 0.00 km
"39.2545,9.1434",,Parteolla,unknown
"39.2559,9.1402",,Parteolla,unknown
"39.2573,16.6921",,,unknown
"39.2573,9.1846",,Sant'Antonio,unknown
"39.2792,16.2081",,,unknown
"39.2849,16.3338",,Motta,unknown
"39.2907,16.2605",Casa Di Galeazzo Di Tarsia,Massa,radical 0.00 km
"39.2953,8.5770",,,unknown
"39.2956,16.2501",Cosenza City Centre,Massa,radical 0.58 km
"39.2961,16.2568",Cosenza City Centre,Gergeri,radical 0.01 km
"39.2973,9.0007",,Piri Piri,unknown
"39.2974,9.0910",,,unknown
"39.2996,9.0929",,,unknown
"39.2998,16.2548",Cosenza City Centre,Campanella,radical 0.02 km
"39.2999,16.2546",Cosenza City Centre,Campanella,radical 0.01 km
"39.3016,9.1950",,,unknown
"39.3029,16.2524",Cosenza City Centre,Popilia,radical 0.38 km
"39.3038,16.0526",,,unknown
"39.3044,16.2465",Cosenza City Centre,Città 2000,radical 0.86 km
"39.3047,9.1943",,,unknown
"39.3051,8.5475",,,unknown
"39.3075,8.5391",,,unknown
"39.3098,16.2199",,Andreotta,unknown
"39.3104,16.2518",,Popilia,unknown
"39.3115,16.2467",,Città 2000,unknown
"39.3197,16.2455",,Torre Alta,unknown
"39.3292,16.2419",Roges,Commenda,radical 0.01 km
"39.3334,16.2344",Roges,Commenda,radical 0.80 km
"39.3346,16.2413",Roges,Commenda,radical 0.61 km
"39.3353,16.2391",Roges,Commenda,radical 0.72 km
"39.3452,16.2430",,Villaggio Europa,unknown
"39.3539,16.2440",,Villaggio Europa,unknown
"39.3542,16.2413",,Villaggio Europa,unknown
"39.3595,16.0333",Paola Train Station,,radical 0.00 km
"39.3661,16.0293",Paola Train Station,,radical 0.81 km
"39.3667,17.1243",,,unknown
"39.3773,9.1777",,Sicci San Biagio,unknown
"39.4121,16.0128",,Fuscaldo Marina,unknown
"39.4220,8.9221",,,unknown
"39.4235,9.5656",,,unknown
"39.4305,16.2295",,Gidora,unknown
"39.4318,16.2308",,Gidora,unknown
"39.4352,16.2618",,Gidora,unknown
"39.4438,9.0118",,,unknown
"39.4562,8.7310",,,unknown
"39.4587,8.7409",,,unknown
"39.4641,16.1377",,,unknown
"39.4828,16.9845",,,unknown
"39.4934,16.3871",,,unknown
"39.5011,16.2731",,Arenelle,unknown
"39.5056,16.9370",,,unknown
"39.5064,16.2786",,Giardini,unknown
"39.5535,8.7916",,,unknown
"39.5572,8.9018",,,unknown
"39.5657,8.9025",,,unknown
"39.5750,16.7651",,,unknown
"39.5925,8.7223",,,unknown
"39.5950,16.6359",,Torre Pisani,unknown
"39.5964,16.6404",,Matassa,unknown
"39.6015,16.6270",,Normanni,unknown
"39.6021,16.6313",,Normanni,unknown
"39.6046,16.7761",,,unknown
"39.6153,8.8223",,Sa Costa,unknown
"39.6206,15.8523",,,unknown
"39.6207,15.9829",,,unknown
"39.6277,16.5186",,,unknown
"39.6492,16.0642",,,unknown
"39.6504,16.5410",Lungomare Di Schiavonea,,radical 0.01 km
"39.6569,16.3415",,,unknown
"39.6667,16.3105",,Zona Cassiani,unknown
"39.6850,8.6434",,,unknown
"39.7457,15.8075",,Marina di Santa Maria del Cedro,unknown
"39.7508,8.6387",,,unknown
"39.7659,15.8236",,Marcellina,unknown
"39.7846,16.3192",,Rione Figurella,unknown
"39.8075,15.7903",,San Giuseppe,unknown
"39.8094,8.9188",,,unknown
"39.8116,16.4011",,Silva,unknown
"39.8137,15.7916",,Case Popolari,unknown
"39.8418,16.1392",,San Bernardino,unknown
"39.8432,9.6431",,,unknown
"39.8443,18.3724",,,unknown
"39.8481,15.7942",,Vannefora,unknown
"39.8661,16.5315",,,unknown
"39.8717,16.5349",,,unknown
"39.8719,16.5348",,,unknown
"39.8850,8.7795",,,unknown
"39.9012,8.5912",,Palazzi Saia,unknown
"39.9018,18.2623",,,unknown
"39.9021,15.7785",,Zona Industriale,unknown
"39.9058,8.5941",,Centro storico,unknown
"39.9062,8.5830",,Sa Rodia,unknown
"39.9097,8.5917",,San Paolo,unknown
"39.9104,8.5869",,Cualbu,unknown
"39.9267,9.6559",,Su Forru 'e sa Teula,unknown
"39.9280,9.6633",,Su Forru 'e sa Teula,unknown
"39.9319,8.5311",,,unknown
"39.9352,18.3573",,Tutino,unknown
"39.9382,15.9765",,,unknown
"39.9527,15.9755",,,unknown
"39.9533,16.0385",,,unknown
"39.9541,18.2150",,,unknown
"39.9559,18.2190",,,unknown
"39.9565,18.0302",,,unknown
"39.9807,18.0854",,,unknown
"39.9853,18.3817",,,unknown
"39.9982,15.3709",,,unknown
"40.0262,15.7777",,Il Piano,unknown
"40.0290,18.1358",,,unknown
"40.0373,18.0151",Baia Verde,,radical 0.24 km
"40.0381,18.0175",Baia Verde,,radical 0.02 km
"40.0382,18.0176",Baia Verde,,radical 0.00 km
"40.0452,15.8351",,Palestro,unknown
"40.0515,17.9974",Gallipoli Station,,radical 1.00 km
"40.0532,17.9754",Gallipoli Station,,radical 0.57 km
"40.0537,18.3752",,,unknown
"40.0547,17.9929",Gallipoli Station,,radical 0.47 km
"40.0551,17.9861",Gallipoli Station,,radical 0.30 km
"40.0554,17.9819",Gallipoli Station,,radical 0.08 km
"40.0559,17.9811",Gallipoli Station,,radical 0.00 km
"40.0559,17.9812",Gallipoli Station,,radical 0.00 km
"40.0560,17.9828",Gallipoli Station,,radical 0.00 km
"40.0562,17.9858",Gallipoli Station,,radical 0.26 km
"40.0573,17.9885",Gallipoli Station,,radical 0.00 km
"40.0575,17.9916",Gallipoli Station,,radical 0.26 km
"40.0651,18.0566",,,unknown
"40.0750,15.6258",,,unknown
"40.0868,16.0119",,,unknown
"40.1160,18.3047",Maglie Old Town,,radical 0.92 km
"40.1217,18.2941",Maglie Old Town,,radical 0.66 km
"40.1226,18.2998",Maglie Old Town,,radical 0.19 km
"40.1234,18.2925",Maglie Old Town,,radical 0.75 km
"40.1238,8.8183",,,unknown
"40.1239,18.3013",Maglie Old Town,,radical 0.00 km
"40.1245,18.4353",,,unknown
"40.1246,15.7665",,,unknown
"40.1413,15.1705",,,unknown
"40.1445,18.4944",Otranto City Center,,radical 0.43 km
"40.1447,18.4893",Otranto City Center,,radical 0.01 km
"40.1464,18.4882",Otranto City Center,,radical 0.21 km
"40.1480,18.4869",Otranto City Center,,radical 0.42 km
"40.1492,18.4817",Otranto City Center,,radical 0.81 km
"40.1770,15.1223",,,unknown
"40.1801,18.0329",,,unknown
"40.2042,15.1583",,,unknown
"40.2268,15.2705",,,unknown
"40.2291,15.2643",,,unknown
"40.2464,16.4678",,Rione San Rocco,unknown
"40.2650,17.8944",,Poggio Bellanova,unknown
"40.2699,9.1695",,Istolo,unknown
"40.2760,18.0432",,,unknown
"40.2881,14.9488",,,unknown
"40.2908,16.5653",,Rione I Posti Nuovi,unknown
"40.2927,9.5878",,,unknown
"40.3036,18.2225",,,unknown
"40.3178,9.3154",,Monte Gurtei,unknown
"40.3198,9.3357",,Seuna,unknown
"40.3240,9.3086",,Città Nuova,unknown
"40.3376,15.6249",,,unknown
"40.3452,18.1720",Lecce Railway Station,,radical 0.35 km
"40.3453,18.1679",Lecce Railway Station,,radical 0.01 km
"40.3458,18.1664",Lecce Railway Station,,radical 0.01 km
"40.3465,15.3781",,,unknown
"40.3476,18.1646",Lecce Railway Station,,radical 0.23 km
"40.3478,18.1578",Lecce Railway Station,,radical 0.36 km
"40.3479,18.1673",Lecce Railway Station,,radical 0.00 km
"40.3482,18.1701",Lecce Railway Station,,radical 0.00 km
"40.3483,18.1704",Lecce City Center,,radical 0.00 km
"40.3485,18.1620",Lecce Railway Station,,radical 0.00 km
"40.3485,18.1683",Lecce Railway Station,,radical 0.01 km
"40.3496,18.1693",Lecce Railway Station,,radical 0.08 km
"40.3497,18.1663",Lecce Railway Station,,radical 0.22 km
"40.3502,18.1698",Lecce Railway Station,,radical 0.00 km
"40.3505,18.1636",Lecce Railway Station,,radical 0.26 km
"40.3509,18.1725",Lecce City Center,,radical 0.00 km
"40.3517,14.9928",,Borgo Medievale,unknown
"40.3518,18.1668",Lecce City Center,,radical 0.00 km
"40.3518,18.1699",Lecce Railway Station,,radical 0.18 km
"40.3520,18.1637",Lecce City Center,,radical 0.26 km
"40.3524,18.1767",Lecce City Center,,radical 0.00 km
"40.3539,18.1741",Lecce City Center,,radical 0.28 km
"40.3541,18.1609",San Pio,,radical 0.00 km
"40.3543,15.8261",,,unknown
"40.3545,18.1772",Lecce City Center,,radical 0.10 km
"40.3552,18.1777",Lecce City Center,,radical 0.02 km
"40.3554,18.1776",Lecce City Center,,radical 0.00 km
"40.3557,18.1893",Lecce City Center,,radical 0.76 km
"40.3562,18.1783",Lecce City Center,,radical 0.00 km
"40.3568,18.1805",Lecce City Center,,radical 0.00 km
"40.3569,18.1791",Lecce City Center,,radical 0.11 km
"40.3603,18.1720",Lecce City Center,,radical 0.01 km
"40.3607,18.1999",,,unknown
"40.3622,18.1698",Lecce City Center,,radical 0.28 km
"40.3643,18.1477",,,unknown
"40.3662,15.0005",,Borgo Medievale,unknown
"40.3668,18.1687",Lecce City Center,,radical 0.78 km
"40.3812,15.6050",,,unknown
"40.3901,17.4462",,,unknown
"40.3914,15.5976",,Sant'Antonio,unknown
"40.3983,17.5573",,,unknown
"40.3988,17.6296",,S. Gemma,unknown
"40.4071,15.0140",,,unknown
"40.4078,9.6117",,,unknown
"40.4089,9.6323",,,unknown
"40.4133,16.6916",,,unknown
"40.4147,17.2632",,Lama,unknown
"40.4170,15.2303",,,unknown
"40.4237,15.7336",,Civita,unknown
"40.4263,15.1932",,,unknown
"40.4298,16.8902",,,unknown
"40.4560,17.2546",,Solito-Tre Carrare,unknown
"40.4562,17.2581",,Solito-Tre Carrare,unknown
"40.4567,17.2639",,Solito-Tre Carrare,unknown
"40.4628,9.1910",,,unknown
"40.4639,17.2671",,Solito-Tre Carrare,unknown
"40.4655,17.3977",,,unknown
"40.4667,17.2558",Sacello Romano,Solito-Tre Carrare,radical 0.79 km
"40.4691,17.2460",Sacello Romano,Borgo Umbertino,radical 0.00 km
"40.4692,17.2471",Sacello Romano,Borgo Umbertino,radical 0.00 km
"40.4694,17.2450",Sacello Romano,Borgo Umbertino,radical 0.00 km
"40.4696,15.4822",,,unknown
"40.4705,17.2482",Sacello Romano,Borgo Umbertino,radical 0.17 km
"40.4710,17.2383",Castello Aragonese,Borgo Umbertino,radical 0.24 km
"40.4717,17.9655",,,unknown
"40.4730,17.2371",Castello Aragonese,Borgo Umbertino,radical 0.00 km
"40.4732,15.6299",,,unknown
"40.4765,17.2283",Castello Aragonese,Borgo Umbertino,radical 0.00 km
"40.4828,17.2250",Castello Aragonese,Tamburi-Lido Azzurro,radical 0.76 km
"40.4844,18.0527",,,unknown
"40.4981,16.4570",,Rione Cappuccini,unknown
"40.5437,15.6406",,,unknown
"40.5519,8.3191",Alghero Old Town,Mercede,radical 0.38 km
"40.5529,16.6671",,Santa Lucia,unknown
"40.5543,8.3271",Alghero City Center,La Cunetta,radical 0.00 km
"40.5553,8.3181",Alghero Old Town,Mercede,radical 0.01 km
"40.5555,14.2403",,,unknown
"40.5562,14.2382",,,unknown
"40.5567,14.2219",,,unknown
"40.5574,8.3175",Alghero Coral Museum,Mercede,radical 0.00 km
"40.5574,8.3188",Alghero City Center,Mercede,radical 0.00 km
"40.5580,15.2332",,,unknown
"40.5582,8.3151",Alghero City Center,Centro storico,radical 0.01 km
"40.5584,8.3195",Alghero City Center,Mercede,radical 0.12 km
"40.5590,8.3144",Alghero Old Town,Centro storico,radical 0.00 km
"40.5595,17.8125",,,unknown
"40.5601,8.3207",Alghero Port,Pivarada,radical 0.00 km
"40.5605,8.3215",Alghero Port,Pivarada,radical 0.08 km
"40.5618,17.8043",,,unknown
"40.5635,8.3174",Alghero Port,Pivarada,radical 0.00 km
"40.5640,8.3194",Pivarada,Pivarada,radical 0.00 km
"40.5647,8.3175",Pivarada,Pivarada,radical 0.00 km
"40.5737,15.7852",,,unknown
"40.5750,8.3190",Alghero Train Station,Lido San Giovanni,radical 0.18 km
"40.5763,8.3203",Alghero Train Station,La Pietraia,radical 0.01 km
"40.5820,15.1845",,,unknown
"40.5914,14.9846",,Stella,unknown
"40.5940,17.1124",,,unknown
"40.6046,14.3737",,Pigna,unknown
"40.6049,14.9821",,Stella,unknown
"40.6052,14.3749",,Pigna,unknown
"40.6060,14.9925",,Rione Sant'Anna,unknown
"40.6078,14.9860",,Rione Sant'Anna,unknown
"40.6086,14.3728",,Sant'Agata sui due Golfi,unknown
"40.6086,9.7499",,Istanzolu,unknown
"40.6092,14.5292",,Punta Tavola,unknown
"40.6103,14.5251",,Punta Tavola,unknown
"40.6107,14.9813",,Stella,unknown
"40.6117,14.5236",,,unknown
"40.6123,14.5375",,Punta Tavola,unknown
"40.6137,14.9836",,Serroni,unknown
"40.6157,15.0562",,Centro storico,unknown
"40.6170,15.0616",,Mulinello,unknown
"40.6171,15.0549",,Centro storico,unknown
"40.6183,16.1502",,Rione Appio,unknown
"40.6185,15.0607",,Centro storico,unknown
"40.6210,14.9492",,Belvedere,unknown
"40.6238,14.9286",,Bivio Pratole,unknown
"40.6244,14.3696",Sorrento City Center,Parsano,radical 0.00 km
"40.6247,14.3671",Sorrento City Center,Capodimonte,radical 0.21 km
"40.6248,14.3727",Sorrento City Center,Parsano,radical 0.26 km
"40.6251,14.3711",Sorrento City Center,Parsano,radical 0.15 km
"40.6254,14.3807",Sorrento Train Station,Marano,radical 0.00 km
"40.6256,14.3740",Sorrento City Center,Parsano,radical 0.14 km
"40.6259,14.3756",Sorrento City Center,Parsano,radical 0.00 km
"40.6259,14.3796",Sorrento Train Station,Marano,radical 0.00 km
"40.6260,14.3819",Sorrento Train Station,Marano,radical 0.12 km
"40.6261,14.3785",Sorrento Train Station,Marano,radical 0.09 km
"40.6263,14.3759",Sorrento Train Station,Marina Piccola,radical 0.00 km
"40.6263,14.3768",Sorrento Train Station,Marina Piccola,radical 0.08 km
"40.6265,14.3803",Sorrento Train Station,Marano,radical 0.09 km
"40.6268,14.3832",Sorrento Train Station,Marano,radical 0.00 km
"40.6268,14.3833",Sorrento Train Station,Marano,radical 0.01 km
"40.6268,15.7965",,Francioso,unknown
"40.6270,14.3756",Sorrento City Center,Marina Piccola,radical 0.00 km
"40.6270,17.9317",,Commenda,unknown
"40.6274,14.3737",Sorrento City Center,Marina Piccola,radical 0.16 km
"40.6275,14.3832",Sorrento City Center,Marano,radical 0.01 km
"40.6276,14.3798",Sorrento Train Station,Marano,radical 0.00 km
"40.6276,14.3831",Sorrento City Center,Marano,radical 0.00 km
"40.6276,14.3832",Sorrento City Center,Marano,radical 0.01 km
"40.6280,14.4882",Positano City Center,,radical 0.25 km
"40.6282,14.4853",Positano City Center,,radical 0.00 km
"40.6284,14.3751",Sorrento City Center,Marina Piccola,radical 0.06 km
"40.6284,14.3827",Sorrento City Center,Marano,radical 0.10 km
"40.6284,14.4803",Chiesa Nuova,,radical 0.01 km
"40.6284,14.4805",Chiesa Nuova,,radical 0.01 km
"40.6288,17.6321",,,unknown
"40.6289,14.3752",Sorrento City Center,Marina Piccola,radical 0.00 km
"40.6294,14.3848",Sorrento City Center,Marano,radical 0.00 km
"40.6294,14.4823",Chiesa Nuova,,radical 0.19 km
"40.6296,14.4815",Chiesa Nuova,,radical 0.16 km
"40.6301,14.4821",Chiesa Nuova,,radical 0.23 km
"40.6302,14.3974",Sant Agnello,Rione Angri,radical 0.12 km
"40.6302,14.3988",Sant Agnello,Rione Angri,radical 0.00 km
"40.6306,17.9237",,Santa Chiara,unknown
"40.6308,8.2974",Alghero Airport,Sa Segada,radical 0.00 km
"40.6309,14.3992",Sant Agnello,Rione Angri,radical 0.08 km
"40.6310,14.4849",Positano City Center,,radical 0.00 km
"40.6312,14.3898",Sorrento City Center,Sottomonte,radical 0.46 km
"40.6318,14.3964",Sant Agnello,Rione Angri,radical 0.00 km
"40.6319,17.9468",Central Station,Perrino,radical 0.45 km
"40.6320,14.4065",Sorrento Train Station,Pozzopiano,radical 0.55 km
"40.6328,14.4109",Sorrento Train Station,Mortora,radical 0.22 km
"40.6331,17.9415",Central Station,Centro,radical 0.00 km
"40.6339,14.6044",Amalfi City Centre,Grado,radical 0.00 km
"40.6341,15.3791",,,unknown
"40.6342,14.6017",Amalfi City Centre,Grado,radical 0.06 km
"40.6343,8.2969",Alghero Airport,Sa Segada,radical 0.39 km
"40.6344,14.3979",Sant Agnello,Rione Angri,radical 0.32 km
"40.6346,14.4119",Sorrento Train Station,Mortora,radical 0.01 km
"40.6346,14.4120",Sorrento Train Station,Mortora,radical 0.00 km
"40.6346,14.6020",Amalfi City Centre,Grado,radical 0.01 km
"40.6346,15.1035",,,unknown
"40.6346,17.9391",Central Station,Centro,radical 0.00 km
"40.6347,14.6021",Amalfi City Centre,Grado,radical 0.01 km
"40.6347,17.9430",Central Station,Centro,radical 0.00 km
"40.6350,14.6020",Amalfi City Centre,Grado,radical 0.04 km
"40.6350,17.9399",Central Station,Centro,radical 0.01 km
"40.6352,17.9421",Central Station,Centro,radical 0.00 km
"40.6355,17.9397",Central Station,Centro,radical 0.01 km
"40.6356,17.9401",Central Station,Centro,radical 0.03 km
"40.6359,14.6089",Amalfi City Centre,,radical 0.44 km
"40.6360,14.6090",Amalfi City Centre,,radical 0.45 km
"40.6363,14.6020",Amalfi City Centre,Grado,radical 0.00 km
"40.6370,17.9454",Brindisi City Centre,Centro,radical 0.09 km
"40.6372,17.9496",Brindisi City Centre,Centro,radical 0.24 km
"40.6376,14.6019",Amalfi City Centre,Grado,radical 0.15 km
"40.6376,17.9461",Brindisi City Centre,Centro,radical 0.00 km
"40.6377,15.8009",Potenza City Center,Montereale,radical 0.00 km
"40.6377,15.8146",,Santa Croce,unknown
"40.6378,15.8009",Potenza City Center,Montereale,radical 0.01 km
"40.6379,17.9466",Corso Garibaldi,Centro,radical 0.00 km
"40.6381,15.1049",,Sant'Antonio,unknown
"40.6384,14.4188",Sorrento Train Station,Trinità,radical 0.71 km
"40.6388,17.9476",Brindisi City Centre,Centro,radical 0.00 km
"40.6398,15.8084",Potenza City Center,Santa Croce,radical 0.62 km
"40.6404,15.8056",Potenza City Center,Santa Croce,radical 0.43 km
"40.6406,14.4062",Sorrento Train Station,Cassano,radical 0.83 km
"40.6406,15.8048",Potenza City Center,Santa Maria,radical 0.39 km
"40.6407,17.9451",Brindisi City Centre,Centro,radical 0.30 km
"40.6413,15.7811",,Quartiere Europa,unknown
"40.6415,14.8337",,San Leonardo,unknown
"40.6418,15.8093",Potenza City Center,San Rocco,radical 0.54 km
"40.6421,14.4121",Sorrento Train Station,Cassano,radical 0.83 km
"40.6422,14.5443",,,unknown
"40.6431,15.7857",,Quartiere Europa,unknown
"40.6440,15.8036",Potenza City Center,Santa Maria,radical 0.00 km
"40.6441,14.5679",,Tovere,unknown
"40.6444,14.8761",,Pontecagnano,unknown
"40.6446,14.4110",Sorrento Train Station,Cassano,spread 0.29 km
"40.6448,14.8713",,Pontecagnano,unknown
"40.6454,17.9433",Brindisi City Centre,Casale,radical 0.82 km
"40.6455,17.5209",,,unknown
"40.6468,15.7983",Potenza City Center,Risorgimento,radical 0.54 km
"40.6473,14.8594",,Fuorni,unknown
"40.6487,14.4297",,Trinità,unknown
"40.6488,14.6396",,,unknown
"40.6490,15.7776",,Malvaccaro,unknown
"40.6494,14.6272",,,unknown
"40.6495,15.2459",,,unknown
"40.6496,14.6267",,,unknown
"40.6501,15.2375",,,unknown
"40.6506,15.8016",Potenza City Center,Macchia romana,radical 0.75 km
"40.6509,14.6428",,,unknown
"40.6510,14.6115",,,unknown
"40.6537,14.8119",,Arbostella,unknown
"40.6546,14.9803",,,unknown
"40.6583,17.7064",,Rione Giovanni XXIII,unknown
"40.6588,16.6152",Matera City Center,Pini,radical 0.67 km
"40.6599,14.4407",,,unknown
"40.6613,14.7972",,Pastena,unknown
"40.6619,14.4257",,,unknown
"40.6623,14.4481",,Camerelle,unknown
"40.6625,14.7973",,Pastena,unknown
"40.6628,14.7995",,Pastena,unknown
"40.6630,14.4296",,,unknown
"40.6634,14.4283",,,unknown
"40.6634,16.6100",Matera City Center,Sasso Caveoso,radical 0.00 km
"40.6636,14.8045",,Quartiere Europa,unknown
"40.6637,14.7959",,Pastena,unknown
"40.6640,8.7451",,,unknown
"40.6641,16.6087",Matera City Center,Sasso Caveoso,radical 0.01 km
"40.6642,16.6088",Matera City Center,Sasso Caveoso,radical 0.01 km
"40.6651,14.4459",,Camerelle,unknown
"40.6656,16.6081",Matera City Center,Centro storico,radical 0.17 km
"40.6667,16.6040",Matera City Center,Centro storico,radical 0.00 km
"40.6670,16.6072",Matera City Center,Centro storico,radical 0.25 km
"40.6679,14.7893",Salerno Train Station,Torrione,spread 0.20 km
"40.6680,16.6050",Matera City Center,Centro storico,radical 0.16 km
"40.6691,14.7875",Salerno Train Station,Torrione,spread 0.36 km
"40.6692,16.6066",Matera City Center,Centro storico,radical 0.00 km
"40.6712,14.7842",Salerno Train Station,Torrione,spread 0.24 km
"40.6714,14.7792",Salerno Train Station,Torrione,radical 0.65 km
"40.6714,16.6045",Matera City Center,Piazza Guglielmo Marconi Ex Mercato Ortofrutticolo,radical 0.12 km
"40.6718,14.7814",Salerno Train Station,Torrione,radical 0.80 km
"40.6720,16.6032",Matera City Center,Piazza Guglielmo Marconi Ex Mercato Ortofrutticolo,radical 0.00 km
"40.6721,14.7684",Salerno Train Station,Torrione,radical 0.30 km
"40.6723,14.7283",,Molina,unknown
"40.6724,16.5935",Matera City Center,Rione Spine Bianche,radical 0.41 km
"40.6729,14.7859",Salerno Train Station,Torrione,spread 0.40 km
"40.6732,14.7694",Salerno Train Station,Torrione,radical 0.16 km
"40.6733,14.5119",,Franche,unknown
"40.6734,16.6062",Matera City Center,Piccianello,radical 0.08 km
"40.6734,16.6071",Matera City Center,Piccianello,radical 0.00 km
"40.6738,14.7786",Salerno Train Station,Torrione,radical 0.52 km
"40.6740,14.7728",Salerno Train Station,Torrione,radical 0.04 km
"40.6742,14.7725",Salerno Train Station,Torrione,radical 0.00 km
"40.6744,14.7712",Salerno Train Station,Torrione,radical 0.01 km
"40.6745,14.7634",Salerno Train Station,Torrione,radical 0.46 km
"40.6745,14.7694",Salerno Train Station,Torrione,radical 0.02 km
"40.6746,14.7696",Salerno Train Station,Torrione,radical 0.00 km
"40.6746,14.7709",Salerno Train Station,Torrione,radical 0.04 km
"40.6750,16.5969",Matera City Center,Rione Spine Bianche,radical 0.00 km
"40.6750,16.5986",Matera City Center,Piazza Guglielmo Marconi Ex Mercato Ortofrutticolo,radical 0.15 km
"40.6751,14.7701",Salerno Train Station,Torrione,radical 0.02 km
"40.6751,14.7703",Salerno Train Station,Torrione,radical 0.00 km
"40.6752,14.7708",Salerno Train Station,Torrione,radical 0.00 km
"40.6752,14.7723",Salerno Train Station,Torrione,radical 0.00 km
"40.6754,14.7710",Salerno Train Station,Torrione,radical 0.03 km
"40.6754,14.7768",Salerno Train Station,Torrione,radical 0.38 km
"40.6759,16.5727",,Zona PAIP 2,unknown
"40.6759,16.5894",Matera City Center,Platani,radical 0.64 km
"40.6776,14.7670",Salerno Train Station,Torrione,radical 0.00 km
"40.6778,14.7670",Salerno Train Station,Torrione,radical 0.02 km
"40.6781,16.5819",,Matera 2000,unknown
"40.6783,14.7518",Rione Porto,Molina,radical 0.00 km
"40.6783,14.7583",Salerno City Centre,Torrione,radical 0.18 km
"40.6784,14.7553",Salerno City Centre,Fratte,radical 0.06 km
"40.6785,14.7675",Salerno Train Station,Torrione,radical 0.10 km
"40.6785,16.5873",Matera City Center,Villa Longo,radical 0.89 km
"40.6786,14.7759",Salerno Train Station,Torrione,radical 0.48 km
"40.6787,14.7559",Salerno City Centre,Fratte,radical 0.00 km
"40.6788,14.7607",Salerno City Centre,Torrione,radical 0.00 km
"40.6789,14.7648",Salerno Train Station,Torrione,radical 0.00 km
"40.6789,14.7688",Salerno Train Station,Torrione,radical 0.20 km
"40.6790,14.7618",Salerno City Centre,Torrione,radical 0.10 km
"40.6793,14.7584",Salerno City Centre,Fratte,radical 0.09 km
"40.6795,14.7718",Salerno Train Station,Torrione,radical 0.45 km
"40.6797,14.7696",Salerno Train Station,Torrione,radical 0.31 km
"40.6798,14.7593",Salerno City Centre,Fratte,radical 0.00 km
"40.6812,16.5816",,Acquarium,unknown
"40.6813,14.7744",Salerno City Centre,Torrione Alto,radical 0.62 km
"40.6820,14.7671",Salerno City Centre,Fratte,radical 0.00 km
"40.6820,14.7776",Salerno Train Station,Sala Abbagnano,radical 0.87 km
"40.6822,14.7674",Salerno City Centre,Fratte,radical 0.04 km
"40.6829,14.8737",,,unknown
"40.6832,14.7705",Salerno City Centre,Fratte,radical 0.32 km
"40.6856,14.7713",Salerno City Centre,Fratte,radical 0.54 km
"40.6887,14.7742",Salerno City Centre,Fratte,radical 0.96 km
"40.6893,14.5211",,Sigliano,unknown
"40.6897,16.5862",Via Dei Messapi,Serra Rifusa,radical 0.06 km
"40.6898,16.5869",Via Dei Messapi,Serra Rifusa,radical 0.01 km
"40.6901,16.5860",Via Dei Messapi,Serra Rifusa,radical 0.08 km
"40.6906,14.5175",,Sigliano,unknown
"40.6933,14.5099",,Varano,unknown
"40.6941,14.5029",,Varano,unknown
"40.6960,16.0189",,,unknown
"40.6965,14.7758",,Fratte,unknown
"40.6972,14.4858",Castellammare Di Stabia Train Station,Scanzano,radical 0.27 km
"40.6976,14.4824",Castellammare Di Stabia Train Station,Caporivo,radical 0.01 km
"40.6977,14.4826",Castellammare Di Stabia Train Station,Caporivo,radical 0.00 km
"40.6994,14.7091",,Rione Sala,unknown
"40.6997,14.4850",Castellammare Di Stabia Train Station,Scanzano,radical 0.30 km
"40.6998,14.7083",,Rione Sala,unknown
"40.6999,14.7015",,Pianesi,unknown
"40.7007,14.4854",Castellammare Di Stabia Train Station,Varano,radical 0.40 km
"40.7007,14.7111",,Rione Sala,unknown
"40.7033,17.3417",Martina Franca City Center,,radical 0.00 km
"40.7038,14.7070",,Rione Filangieri,unknown
"40.7043,14.4849",Castellammare Di Stabia Train Station,Moscarella,radical 0.75 km
"40.7045,14.4830",Castellammare Di Stabia Train Station,Moscarella,radical 0.75 km
"40.7047,14.4880",Castellammare Di Stabia Train Station,Moscarella,radical 0.90 km
"40.7051,14.7043",,Rione Filangieri,unknown
"40.7054,14.4892",Castellammare Di Stabia Train Station,Moscarella,spread 0.13 km
"40.7054,14.7042",,Rione Filangieri,unknown
"40.7080,17.6626",Carovigno City Center,,radical 0.00 km
"40.7083,14.7005",,Epitaffio,unknown
"40.7087,13.9191",,Buonopane,unknown
"40.7088,13.8753",,,unknown
"40.7091,13.9243",,Molara,unknown
"40.7091,14.7101",,San Nicola,unknown
"40.7093,14.5101",,Parco Imperiale,unknown
"40.7106,14.9347",,Vassi di Giffoni,unknown
"40.7107,14.7007",,Epitaffio,unknown
"40.7157,14.9439",,Vassi di Giffoni,unknown
"40.7163,8.5633",Sassari City Center,Rizzeddu,radical 0.40 km
"40.7166,13.9371",,Molara,unknown
"40.7187,8.5665",Sassari City Center,Rizzeddu,radical 0.03 km
"40.7187,8.5668",Sassari City Center,Rizzeddu,radical 0.00 km
"40.7188,8.5724",Piazza Italia,Luna e Sole,radical 0.22 km
"40.7189,14.9044",,,unknown
"40.7190,15.6789",,,unknown
"40.7193,14.5394",,San Nicola,unknown
"40.7194,13.8644",,Rione Genala,unknown
"40.7194,8.5699",Piazza Italia,Luna e Sole,radical 0.00 km
"40.7195,8.5701",Piazza Italia,Luna e Sole,radical 0.02 km
"40.7203,14.5110",,Petraro,unknown
"40.7213,14.4907",Castellammare Di Stabia Train Station,Annunziatella,radical 0.00 km
"40.7215,14.5503",,San Nicola,unknown
"40.7216,14.4901",Castellammare Di Stabia Train Station,Annunziatella,radical 0.06 km
"40.7216,14.7671",,Matierno,unknown
"40.7224,13.8643",,Rione Genala,unknown
"40.7227,14.4752",,Ponte della Persica,unknown
"40.7229,17.5774",Ostuni City Centre,,radical 0.01 km
"40.7236,8.5632",Piazza Italia,Cappuccini,radical 0.00 km
"40.7237,17.5792",Ostuni City Centre,,radical 0.18 km
"40.7238,17.5813",Ostuni City Centre,,radical 0.35 km
"40.7272,13.9434",,Piripissa,unknown
"40.7294,17.5780",Ostuni City Centre,,radical 0.31 km
"40.7297,8.5564",Sassari Train Station,Sacro Cuore,radical 0.00 km
"40.7299,14.7028",,Santa Lucia,unknown
"40.7308,13.8562",Forio Beach,Rione Genala,radical 0.01 km
"40.7309,8.5540",Sassari Train Station,Sacro Cuore,radical 0.00 km
"40.7313,14.6873",,Camerelle,unknown
"40.7322,17.5780",Ostuni City Centre,,radical 0.00 km
"40.7323,17.5788",Ostuni City Centre,,radical 0.07 km
"40.7354,14.5975",,San Lorenzo,unknown
"40.7356,8.5607",Sassari Train Station,Sacro Cuore,radical 0.74 km
"40.7366,14.7640",,,unknown
"40.7369,14.6864",,Camerelle,unknown
"40.7370,13.8614",Forio Port,Rione Genala,radical 0.42 km
"40.7378,13.8566",Forio Port,Rione Margherita,radical 0.00 km
"40.7380,14.4913",,Ponte della Persica,unknown
"40.7385,14.5685",Angri Train Station,Bagni,radical 0.79 km
"40.7397,14.5948",,San Lorenzo,unknown
"40.7405,14.6107",,San Lorenzo,unknown
"40.7411,14.6470",,Casolla,unknown
"40.7413,14.6135",,Pino Secco,unknown
"40.7424,14.6427",,San Matteo,unknown
"40.7427,13.9453",Ischia Port,Piripissa,radical 0.50 km
"40.7429,14.6360",,Marrata,unknown
"40.7432,13.9394",Ischia Port,Piripissa,radical 0.01 km
"40.7434,13.9395",Ischia Port,Piripissa,radical 0.02 km
"40.7436,14.6729",,Santa Maria Maggiore,unknown
"40.7438,14.5748",Angri Train Station,San Lorenzo,radical 0.00 km
"40.7439,13.9425",Ischia Port,Piripissa,radical 0.27 km
"40.7449,14.6087",,San Lorenzo,unknown
"40.7449,14.6212",,Pino Secco,unknown
"40.7449,17.4232",,,unknown
"40.7454,13.9381",Ischia Port,Piripissa,radical 0.00 km
"40.7456,13.9380",Ischia Port,Piripissa,radical 0.03 km
"40.7460,14.5013",Pompei Train Station,Bottaro,radical 0.02 km
"40.7461,14.5015",Pompei Train Station,Bottaro,radical 0.01 km
"40.7474,14.5094",Pompei City Center,Ponte della Persica,radical 0.00 km
"40.7475,14.6206",,Pino Secco,unknown
"40.7478,14.6121",,Pino Secco,unknown
"40.7479,14.6327",,Liporta,unknown
"40.7481,14.4818",Pompei Train Station,Croce Pasella,radical 0.10 km
"40.7483,13.9064",Ischia Port,,radical 0.09 km
"40.7483,14.5628",,Bagni,unknown
"40.7484,14.5016",Pompei Train Station,Croce Pasella,radical 0.21 km
"40.7486,13.9053",Ischia Port,,radical 0.00 km
"40.7487,14.4810",Pompei Train Station,Croce Pasella,radical 0.00 km
"40.7489,13.9066",Ischia Port,,radical 0.11 km
"40.7489,14.5046",Pompei Train Station,Croce Pasella,radical 0.01 km
"40.7489,8.1884",,,unknown
"40.7491,14.4812",Pompei Train Station,Croce Pasella,radical 0.01 km
"40.7492,13.9109",Ischia Port,,radical 0.47 km
"40.7492,14.4644",,Torre Centrale,unknown
"40.7493,14.4728",Pompei Train Station,Croce Pasella,radical 0.69 km
"40.7495,14.5061",Pompei City Center,Croce Pasella,radical 0.00 km
"40.7497,14.5053",Pompei Train Station,Croce Pasella,radical 0.00 km
"40.7497,14.5091",Pompei City Center,Croce Pasella,radical 0.00 km
"40.7498,14.5074",Pompei Train Station,Croce Pasella,radical 0.00 km
"40.7500,14.5026",Pompei Train Station,Croce Pasella,radical 0.03 km
"40.7501,14.5166",Pompei City Center,San Pietro,radical 0.64 km
"40.7502,14.4731",Pompei Train Station,Croce Pasella,radical 0.68 km
"40.7502,14.5024",Pompei Train Station,Croce Pasella,radical 0.00 km
"40.7502,14.5161",Pompei City Center,San Pietro,radical 0.59 km
"40.7505,14.5013",Pompei Train Station,Croce Pasella,radical 0.10 km
"40.7506,14.4791",Pompei Train Station,Croce Pasella,radical 0.24 km
"40.7516,14.6323",,Cicalesi,unknown
"40.7521,17.5808",Ostuni City Centre,,radical 0.01 km
"40.7522,17.5809",Ostuni City Centre,,radical 0.01 km
"40.7525,14.5232",,San Pietro,unknown
"40.7529,17.3284",Locorotondo Old Town,,radical 0.00 km
"40.7532,14.5137",Pompei City Center,San Pietro,radical 0.55 km
"40.7547,14.6280",,Cicalesi,unknown
"40.7557,14.4464",,Terravecchia,unknown
"40.7558,14.4330",,Gambardella,unknown
"40.7569,14.5259",,San Pietro,unknown
"40.7569,17.3221",Locorotondo City Center,,radical 0.00 km
"40.7572,14.4455",,Terravecchia,unknown
"40.7573,14.5342",,San Pietro,unknown
"40.7578,14.4355",,Gambardella,unknown
"40.7580,14.0192",,Olmo,unknown
"40.7595,14.4989",,Croce Pasella,unknown
"40.7610,17.3291",Locorotondo City Center,,radical 0.74 km
"40.7611,14.7928",,,unknown
"40.7621,14.5043",,Croce Pasella,unknown
"40.7653,14.0298",Procida Port,Terra Murata,radical 0.24 km
"40.7654,14.0255",Procida Port,Starza,radical 0.04 km
"40.7656,14.0259",Procida Port,Starza,radical 0.01 km
"40.7656,14.0270",Procida Port,Starza,radical 0.00 km
"40.7702,14.7977",,,unknown
"40.7705,14.4765",Boscotrecase City Center,Croce Pasella,radical 0.97 km
"40.7709,14.4042",,Prota,unknown
"40.7717,14.7993",,,unknown
"40.7717,9.6726",Piazza Di Gallura,,radical 0.00 km
"40.7719,14.4025",,Prota,unknown
"40.7755,14.4665",Boscotrecase City Center,Rione Murattiano,radical 0.18 km
"40.7765,14.4682",Boscotrecase City Center,Rione Murattiano,radical 0.00 km
"40.7782,14.3808",,,unknown
"40.7789,14.6956",,San Potito,unknown
"40.7801,14.7513",,,unknown
"40.7804,17.2423",Alberobello City Center,,radical 0.59 km
"40.7805,14.6501",,Codola,unknown
"40.7806,14.3833",,,unknown
"40.7814,17.2363",Alberobello City Center,,radical 0.47 km
"40.7828,17.2369",Alberobello City Center,,radical 0.31 km
"40.7834,14.3686",,,unknown
"40.7841,17.2384",Alberobello City Center,,radical 0.12 km
"40.7844,14.7535",,Figlioli,unknown
"40.7845,14.7596",,Figlioli,unknown
"40.7851,17.2390",Alberobello City Center,,radical 0.00 km
"40.7855,14.5130",,,unknown
"40.7855,17.2363",Alberobello City Center,,radical 0.23 km
"40.7858,14.7598",,Figlioli,unknown
"40.7862,14.3654",,,unknown
"40.7865,14.3676",,,unknown
"40.7866,17.2410",Alberobello Train Station,Coreggia,radical 0.05 km
"40.7870,17.2412",Alberobello Train Station,Coreggia,radical 0.01 km
"40.7874,14.3706",,,unknown
"40.7900,17.2438",Alberobello Train Station,Coreggia,radical 0.39 km
"40.7907,14.3656",,,unknown
"40.7907,14.3697",,,unknown
"40.7912,17.1272",,Centro storico,unknown
"40.7924,14.5936",,ruderi di Parco Verde,unknown
"40.7963,16.9187",,,unknown
"40.7970,15.9410",,,unknown
"40.7970,16.7568",,Alessandriello,unknown
"40.7973,14.0655",,Baia,unknown
"40.7973,16.9172",,,unknown
"40.7975,14.0504",,Baia,unknown
"40.8002,17.3503",,,unknown
"40.8035,14.1968",Posillipo,Capo di Posillipo,radical 0.01 km
"40.8045,14.3547",,,unknown
"40.8054,14.0795",,Baia,unknown
"40.8063,14.3496",Portici City Center,Pietrarsa,spread 0.15 km
"40.8076,14.3493",Portici City Center,Pietrarsa,spread 0.31 km
"40.8084,14.6226",,,unknown
"40.8093,14.3463",Portici City Center,Pietrarsa,radical 0.81 km
"40.8093,14.3559",,,unknown
"40.8096,14.3536",,Pietrarsa,unknown
"40.8109,14.3567",,,unknown
"40.8113,14.5402",,,unknown
"40.8117,14.4975",,,unknown
"40.8123,14.5761",,ruderi di Parco Verde,unknown
"40.8135,14.3360",Portici City Center,Pietrarsa,radical 0.26 km
"40.8136,14.6176",,,unknown
"40.8137,14.2072",,Posillipo,unknown
"40.8141,14.3390",Portici City Center,Pietrarsa,radical 0.01 km
"40.8142,14.3560",,Pietrarsa,unknown
"40.8152,14.1690",Bagnoli Agnano Terme,Bagnoli,radical 0.26 km
"40.8152,14.1879",Fuorigrotta,Rione Cavalleggeri Aosta,radical 0.61 km
"40.8160,14.7966",,Sant'Eustachio,unknown
"40.8167,14.1661",Bagnoli Agnano Terme,Bagnoli,radical 0.26 km
"40.8169,14.1639",Bagnoli Agnano Terme,Bagnoli,radical 0.44 km
"40.8169,16.4127",Gravina In Puglia City Center,,radical 0.00 km
"40.8171,14.1684",Bagnoli Agnano Terme,Bagnoli,radical 0.07 km
"40.8175,14.1691",Bagnoli Agnano Terme,Bagnoli,radical 0.00 km
"40.8176,14.1693",Bagnoli Agnano Terme,Bagnoli,radical 0.02 km
"40.8176,14.1774",Bagnoli Agnano Terme,Rione Cavalleggeri Aosta,radical 0.70 km
"40.8177,14.3317",Portici City Center,Pietrarsa,radical 0.74 km
"40.8182,14.3347",Portici City Center,Pietrarsa,radical 0.59 km
"40.8183,16.4250",,,unknown
"40.8187,14.1626",Bagnoli Agnano Terme,Bagnoli,radical 0.56 km
"40.8190,14.1659",Bagnoli Agnano Terme,Bagnoli,radical 0.31 km
"40.8190,14.1792",Fuorigrotta,Rione Cavalleggeri Aosta,radical 0.72 km
"40.8194,14.1720",Bagnoli Agnano Terme,Bagnoli,radical 0.32 km
"40.8202,14.3493",,Pietrarsa,unknown
"40.8203,14.3364",Portici City Center,Pietrarsa,radical 0.73 km
"40.8207,14.1875",Fuorigrotta,Rione Cavalleggeri Aosta,radical 0.00 km
"40.8216,14.2075",,Villanova di Posillipo,unknown
"40.8223,14.1913",Fuorigrotta,Rione Cavalleggeri Aosta,radical 0.37 km
"40.8226,14.1188",,Rione Ortodonico,unknown
"40.8227,14.3334",Portici City Center,Pietrarsa,spread 0.37 km
"40.8230,14.1932",Fuorigrotta,Rione Cavalleggeri Aosta,radical 0.54 km
"40.8243,14.1277",,Rione Ortodonico,unknown
"40.8244,14.1967",Maradona Stadium,Fuorigrotta,radical 0.67 km
"40.8245,14.1205",,Rione Ortodonico,unknown
"40.8246,14.1968",Maradona Stadium,Fuorigrotta,radical 0.66 km
"40.8251,14.1212",,Rione Bognar,unknown
"40.8252,14.1845",Fuorigrotta,Rione Cavalleggeri Aosta,radical 0.56 km
"40.8254,14.1799",Fuorigrotta,Rione Cavalleggeri Aosta,radical 0.82 km
"40.8256,14.3360",Portici City Center,Pietrarsa,spread 0.39 km
"40.8259,14.1959",Maradona Stadium,Fuorigrotta,radical 0.49 km
"40.8274,14.1985",Maradona Stadium,Fuorigrotta,radical 0.50 km
"40.8274,14.1989",Maradona Stadium,Fuorigrotta,radical 0.53 km
"40.8275,14.1757",,Agnano,unknown
"40.8277,14.6110",,ruderi di Parco Verde,unknown
"40.8278,14.1966",Maradona Stadium,Fuorigrotta,radical 0.35 km
"40.8278,16.5531",Altamura,,radical 0.00 km
"40.8279,14.2022",Maradona Stadium,Fuorigrotta,radical 0.75 km
"40.8283,8.4084",Porto Torres City Center,Villaggio Satellite,radical 0.85 km
"40.8284,16.5530",Altamura City Centre,,radical 0.00 km
"40.8287,16.5515",Altamura City Centre,,radical 0.00 km
"40.8290,16.5529",Altamura City Centre,,radical 0.01 km
"40.8293,14.1600",,Agnano,unknown
"40.8300,14.1937",Maradona Stadium,Rione Lauro,radical 0.00 km
"40.8300,14.2077",,Fuorigrotta,unknown
"40.8304,14.3111",,San Giovanni a Teduccio,unknown
"40.8309,14.2225",Mergellina Port,Mergellina,radical 0.10 km
"40.8309,14.2237",Mergellina Port,Mergellina,radical 0.12 km
"40.8310,14.1926",Maradona Stadium,Rione Lauro,radical 0.14 km
"40.8317,14.2221",Mergellina Port,Mergellina,radical 0.01 km
"40.8317,14.2485",Santa Lucia,Pizzofalcone,radical 0.00 km
"40.8319,14.2232",Mergellina Port,Mergellina,radical 0.01 km
"40.8321,14.2427",Santa Lucia,Pizzofalcone,radical 0.46 km
"40.8321,14.3427",,Santa Maria del Pozzo,unknown
"40.8322,14.2003",Maradona Stadium,Rione Lauro,radical 0.61 km
"40.8322,14.2243",Mergellina Port,Chiaia,radical 0.01 km
"40.8325,14.2253",Via Chiaia,Chiaia,radical 0.00 km
"40.8325,14.2482",Santa Lucia,Pizzofalcone,radical 0.00 km
"40.8329,14.2270",Via Chiaia,Chiaia,radical 0.01 km
"40.8336,14.2299",Via Chiaia,Chiaia,radical 0.00 km
"40.8338,14.2374",Via Chiaia,Chiaia,radical 0.63 km
"40.8342,8.4019",Porto Torres City Center,Villaggio Satellite,radical 0.00 km
"40.8346,14.0970",,Toiano,unknown
"40.8346,14.3455",,Santa Maria del Pozzo,unknown
"40.8353,14.2215",Mergellina Port,Chiaia,radical 0.40 km
"40.8353,14.2315",Via Chiaia,Chiaia,radical 0.23 km
"40.8355,14.2456",Municipio,San Ferdinando,radical 0.08 km
"40.8355,14.2457",Municipio,San Ferdinando,radical 0.07 km
"40.8355,17.3620",,Lamascopone,unknown
"40.8356,14.3471",,Santa Maria del Pozzo,unknown
"40.8356,8.4014",Porto Torres City Center,Villaggio Satellite,radical 0.00 km
"40.8357,14.2394",Municipio,San Ferdinando,radical 0.45 km
"40.8357,14.2465",Municipio,San Ferdinando,radical 0.00 km
"40.8358,14.2469",Piazza Del Plebiscito,San Ferdinando,radical 0.00 km
"40.8358,14.3051",,San Giovanni a Teduccio,unknown
"40.8358,14.3262",,Santa Maria del Pozzo,unknown
"40.8359,14.2354",Via Chiaia,Chiaia,radical 0.53 km
"40.8359,17.3617",,Lamascopone,unknown
"40.8363,14.2448",Municipio,San Ferdinando,radical 0.16 km
"40.8367,14.2395",Municipio,San Ferdinando,radical 0.40 km
"40.8368,14.2335",Via Chiaia,Chiaia,radical 0.47 km
"40.8369,14.2477",Via Chiaia,San Ferdinando,radical 0.06 km
"40.8371,14.2471",Via Chiaia,San Ferdinando,radical 0.01 km
"40.8374,14.2470",Municipio,San Ferdinando,radical 0.01 km
"40.8374,14.2479",Municipio,San Ferdinando,radical 0.00 km
"40.8374,14.3431",,Santa Maria del Pozzo,unknown
"40.8374,8.4011",Porto Torres City Center,Villaggio Satellite,radical 0.00 km
"40.8376,8.4090",Porto Torres Port,Villaggio Satellite,radical 0.00 km
"40.8378,14.2441",Municipio,Quartieri Spagnoli,radical 0.01 km
"40.8379,14.2475",Quartieri Spagnoli,Quartieri Spagnoli,radical 0.00 km
"40.8380,14.2482",Quartieri Spagnoli,Quartieri Spagnoli,radical 0.06 km
"40.8381,14.2999",,San Giovanni a Teduccio,unknown
"40.8384,14.2486",Municipio,Quartieri Spagnoli,radical 0.00 km
"40.8385,14.2472",Quartieri Spagnoli,Quartieri Spagnoli,radical 0.07 km
"40.8390,14.4934",,,unknown
"40.8393,14.2513",Naples City Center,Rione Carità,radical 0.20 km
"40.8394,14.3165",,Barra,unknown
"40.8396,14.2549",Napoli Port,Rione Carità,radical 0.01 km
"40.8396,14.2550",Napoli Port,Rione Carità,radical 0.00 km
"40.8399,14.2536",Naples City Center,Rione Carità,radical 0.00 km
"40.8400,14.2505",Naples Centrale Train Station,Rione Carità,radical 0.22 km
"40.8400,14.2553",Via Toledo,Rione Carità,radical 0.01 km
"40.8402,14.2539",Municipio,Rione Carità,radical 0.01 km
"40.8403,14.2527",Naples City Center,Rione Carità,radical 0.08 km
"40.8404,14.2549",Via Toledo,Rione Carità,radical 0.06 km
"40.8408,14.2476",Quartieri Spagnoli,Quartieri Spagnoli,radical 0.06 km
"40.8409,14.3174",,Barra,unknown
"40.8411,14.2175",Vomero,Rione Piave,radical 0.40 km
"40.8411,14.2192",Vomero,Rione Piave,radical 0.28 km
"40.8411,14.2561",Universita,Porto,radical 0.13 km
"40.8412,14.2481",Quartieri Spagnoli,Quartieri Spagnoli,radical 0.00 km
"40.8412,14.2483",Quartieri Spagnoli,Quartieri Spagnoli,radical 0.02 km
"40.8413,14.2459",Quartieri Spagnoli,Quartieri Spagnoli,radical 0.08 km
"40.8413,14.2494",Naples City Center,Rione Carità,radical 0.10 km
"40.8414,14.2526",Universita,Rione Carità,radical 0.06 km
"40.8416,14.2533",Universita,Rione Carità,radical 0.00 km
"40.8416,14.2543",Universita,Rione Carità,radical 0.08 km
"40.8419,14.2511",Naples Centrale Train Station,Rione Carità,radical 0.00 km
"40.8420,14.2527",Universita,Rione Carità,radical 0.07 km
"40.8420,14.2557",Universita,Porto,radical 0.03 km
"40.8420,14.3147",,Barra,unknown
"40.8421,14.2488",Naples City Center,Rione Carità,radical 0.00 km
"40.8421,14.2489",Quartieri Spagnoli,Rione Carità,radical 0.01 km
"40.8421,14.2553",Universita,Porto,radical 0.00 km
"40.8422,14.2238",Naples City Center,Vomero,radical 0.00 km
"40.8424,14.2219",Vomero,Vomero,radical 0.01 km
"40.8424,14.2220",Vomero,Vomero,radical 0.01 km
"40.8425,14.2509",Naples Centrale Train Station,Rione Carità,radical 0.07 km
"40.8425,14.3167",,Barra,unknown
"40.8426,14.2528",Universita,Rione Carità,radical 0.07 km
"40.8427,14.2313",Vomero,Vomero,radical 0.58 km
"40.8428,14.2564",Universita,Porto,radical 0.12 km
"40.8429,14.2255",Naples City Center,Vomero,radical 0.16 km
"40.8430,14.2444",Quartieri Spagnoli,Quartieri Spagnoli,radical 0.27 km
"40.8432,14.2530",Universita,Porto,radical 0.00 km
"40.8432,14.2554",Università,Porto,radical 0.09 km
"40.8434,14.2494",Via Toledo,Rione Carità,radical 0.00 km
"40.8434,14.2495",Via Toledo,Rione Carità,radical 0.01 km
"40.8434,14.3699",,Vesuvio De Meis,unknown
"40.8435,14.2496",Via Toledo,Rione Carità,radical 0.01 km
"40.8436,14.2273",Naples City Center,Vomero,radical 0.33 km
"40.8438,14.2320",Vomero,Vomero,radical 0.50 km
"40.8439,14.2836",Napoli Porta Nolana,Mercato,radical 0.77 km
"40.8441,14.2229",Vomero,Vomero,radical 0.20 km
"40.8442,14.2525",Universita,Porto,radical 0.11 km
"40.8442,14.2586",Universita,Porto,radical 0.00 km
"40.8442,16.0276",,,unknown
"40.8443,14.2567",Universita,Porto,radical 0.00 km
"40.8444,14.2328",Vomero,Rione Antignano,radical 0.48 km
"40.8444,14.2569",Universita,Porto,radical 0.02 km
"40.8445,14.2557",Universita,Porto,radical 0.01 km
"40.8446,14.2589",Universita,Porto,radical 0.05 km
"40.8447,14.2514",Via Toledo,San Giuseppe,radical 0.14 km
"40.8448,14.2488",Via Toledo,San Giuseppe,radical 0.00 km
"40.8448,14.2574",Napoli Porta Nolana,Porto,radical 0.00 km
"40.8450,14.2627",Napoli Porta Nolana,Pendino,radical 0.15 km
"40.8451,14.2485",Dante,San Giuseppe,radical 0.00 km
"40.8452,14.2325",Vomero,Rione Antignano,radical 0.40 km
"40.8452,14.2596",Universita,Pendino,radical 0.00 km
"40.8452,14.2608",Universita,Pendino,radical 0.10 km
"40.8453,14.2010",,Soccavo,unknown
"40.8454,14.2495",Dante,San Giuseppe,radical 0.09 km
"40.8455,14.2040",,Verdolino,unknown
"40.8457,14.1984",,Soccavo,unknown
"40.8457,14.2024",,Soccavo,unknown
"40.8457,14.2307",Vomero,Rione Antignano,radical 0.26 km
"40.8457,14.2506",Via Toledo,San Giuseppe,radical 0.01 km
"40.8459,14.2375",Vomero,Rione Montesanto,radical 0.40 km
"40.8463,14.2218",Vomero,Vomero,radical 0.01 km
"40.8463,14.2317",Vomero,Rione Antignano,radical 0.28 km
"40.8463,14.2612",Universita,Pendino,radical 0.00 km
"40.8463,14.2623",Napoli Porta Nolana,Pendino,radical 0.00 km
"40.8464,14.2621",Universita,Pendino,radical 0.01 km
"40.8464,14.2625",Napoli Porta Nolana,Pendino,radical 0.02 km
"40.8464,14.2629",Universita,Pendino,radical 0.00 km
"40.8466,14.2513",Via Toledo,San Giuseppe,radical 0.11 km
"40.8467,14.2477",Naples City Center,Montecalvario,radical 0.13 km
"40.8468,14.2498",Dante,San Giuseppe,radical 0.07 km
"40.8468,14.2753",Napoli Porta Nolana,Mercato,radical 0.00 km
"40.8470,14.2214",Vomero,Vomero,radical 0.09 km
"40.8471,14.2462",Naples City Center,Rione Montesanto,radical 0.01 km
"40.8473,14.2675",Napoli Porta Nolana,Porta Nolana,radical 0.20 km
"40.8474,14.2496",Dante,San Giuseppe,radical 0.01 km
"40.8475,14.1918",,Rione Traiano,unknown
"40.8476,14.2289",Vomero,Rione Antignano,radical 0.01 km
"40.8477,14.2462",Dante,Rione Montesanto,radical 0.01 km
"40.8477,14.2539",Naples City Center,San Giuseppe,radical 0.00 km
"40.8478,14.2462",Dante,Rione Montesanto,radical 0.01 km
"40.8480,14.2540",Naples City Center,San Giuseppe,radical 0.00 km
"40.8481,14.2248",Quattro Giornate Station,Rione Antignano,radical 0.01 km
"40.8482,14.2493",Dante,San Giuseppe,radical 0.00 km
"40.8483,14.1948",,Soccavo,unknown
"40.8483,14.1993",,Verdolino,unknown
"40.8483,14.2271",Vomero,Rione Antignano,radical 0.17 km
"40.8483,14.2303",Vomero,Rione Antignano,radical 0.13 km
"40.8483,14.2305",Vomero,Rione Antignano,radical 0.15 km
"40.8484,14.2494",Dante,San Giuseppe,radical 0.02 km
"40.8485,14.2493",Dante,San Giuseppe,radical 0.01 km
"40.8485,14.2633",Napoli Porta Nolana,Pendino,radical 0.02 km
"40.8486,14.2206",Vomero,Rione Antignano,radical 0.28 km
"40.8486,14.2525",Dante,San Giuseppe,radical 0.00 km
"40.8486,14.2557",Piazza Del Gesu,Porto,radical 0.04 km
"40.8486,14.2635",Napoli Porta Nolana,Pendino,radical 0.00 km
"40.8487,14.2346",Vomero,Rione Antignano,radical 0.00 km
"40.8487,14.2832",Napoli Porta Nolana,Mercato,radical 0.70 km
"40.8488,14.2560",Piazza Del Gesu,Porto,radical 0.01 km
"40.8489,14.2685",Napoli Porta Nolana,Porta Nolana,radical 0.01 km
"40.8489,14.2687",Napoli Porta Nolana,Porta Nolana,radical 0.00 km
"40.8492,14.5092",,,unknown
"40.8493,14.2606",Naples Cathedral,Pendino,radical 0.14 km
"40.8495,17.1177",,,unknown
"40.8496,14.2528",Dante,San Giuseppe,radical 0.12 km
"40.8496,14.2555",Centro Storico,Pendino,radical 0.01 km
"40.8496,14.2861",Napoli Porta Nolana,Centro Direzionale di Napoli,radical 0.96 km
"40.8497,14.2360",Vomero,Avvocata,radical 0.16 km
"40.8497,14.2526",Dante,San Giuseppe,radical 0.13 km
"40.8497,14.2591",Naples Cathedral,Pendino,radical 0.12 km
"40.8497,14.2749",Naples Centrale Train Station,Mercato,radical 0.13 km
"40.8498,14.2593",Naples Cathedral,Rione Forcella,radical 0.10 km
"40.8499,14.2492",Dante,Rione Montesanto,radical 0.08 km
"40.8500,14.2235",Quattro Giornate Station,Arenella,radical 0.24 km
"40.8500,14.2734",Naples Centrale Train Station,Mercato,radical 0.00 km
"40.8502,14.2417",Dante,Avvocata,radical 0.46 km
"40.8502,14.2637",Napoli Porta Nolana,Rione Forcella,radical 0.15 km
"40.8502,14.2661",Naples Centrale Train Station,Porta Nolana,radical 0.01 km
"40.8502,14.2689",Napoli Porta Nolana,Porta Nolana,radical 0.12 km
"40.8503,14.2655",Napoli Porta Nolana,Rione Forcella,radical 0.00 km
"40.8503,14.2672",Monument Of Giuseppe Garibaldi,Porta Nolana,radical 0.00 km
"40.8504,14.2499",Dante,Rione Montesanto,radical 0.00 km
"40.8504,14.2672",Monument Of Giuseppe Garibaldi,Porta Nolana,radical 0.01 km
"40.8505,14.2600",Naples Cathedral,Rione Forcella,radical 0.00 km
"40.8505,14.2726",Naples Centrale Train Station,Mercato,radical 0.00 km
"40.8506,14.2638",Napoli Porta Nolana,Rione Forcella,radical 0.14 km
"40.8506,14.2726",Naples Centrale Train Station,Mercato,radical 0.01 km
"40.8506,14.2728",Naples Centrale Train Station,Mercato,radical 0.00 km
"40.8507,14.2724",Porta Capuana,Mercato,radical 0.00 km
"40.8509,14.2494",Dante,Rione Montesanto,radical 0.07 km
"40.8509,14.2662",Napoli Porta Nolana,Porta Nolana,radical 0.00 km
"40.8509,14.2722",Porta Capuana,Mercato,radical 0.02 km
"40.8510,14.2671",Napoli Porta Nolana,Porta Nolana,radical 0.01 km
"40.8510,14.2703",Naples Centrale Train Station,Porta Nolana,radical 0.06 km
"40.8511,14.2577",Duomo - San Lorenzo,San Lorenzo,radical 0.00 km
"40.8512,14.2269",Quattro Giornate Station,Arenella,radical 0.38 km
"40.8512,14.2684",Centro Storico,Porta Nolana,radical 0.00 km
"40.8513,14.2675",Napoli Porta Nolana,Porta Nolana,radical 0.05 km
"40.8513,14.2681",Naples Centrale Train Station,Porta Nolana,radical 0.00 km
"40.8514,14.2260",Quattro Giornate Station,Arenella,radical 0.37 km
"40.8514,14.3323",,Ponticelli,unknown
"40.8515,14.2688",Naples Centrale Train Station,Porta Nolana,radical 0.00 km
"40.8515,14.2702",Naples Centrale Train Station,Porta Nolana,radical 0.00 km
"40.8516,14.2215",Quattro Giornate Station,Arenella,radical 0.48 km
"40.8516,14.2316",Vomero,Rione Antignano,radical 0.37 km
"40.8516,14.2518",Dante,San Giuseppe,radical 0.21 km
"40.8517,14.4787",,Seggiari,unknown
"40.8521,14.1769",,Pianura,unknown
"40.8521,14.2605",Centro Storico,San Lorenzo,radical 0.01 km
"40.8522,14.2287",Vomero,Arenella,radical 0.24 km
"40.8523,14.2504",Dante,Rione Sanità,radical 0.22 km
"40.8524,14.2581",Naples Cathedral,San Lorenzo,radical 0.00 km
"40.8526,14.2362",Vomero,Avvocata,radical 0.00 km
"40.8527,14.2361",Vomero,Avvocata,radical 0.01 km
"40.8529,14.2502",Centro Storico,Rione Sanità,radical 0.21 km
"40.8531,14.2663",Napoli Porta Nolana,Porta Capuana,radical 0.00 km
"40.8531,14.2664",Napoli Porta Nolana,Porta Capuana,radical 0.01 km
"40.8532,14.2678",Naples Centrale Train Station,Porta Capuana,radical 0.00 km
"40.8533,14.2691",Naples Centrale Train Station,Rione Vasto,radical 0.00 km
"40.8533,14.2693",Naples Centrale Train Station,Rione Vasto,radical 0.02 km
"40.8533,14.2710",Naples Centrale Train Station,Rione Vasto,radical 0.00 km
"40.8533,14.2711",Naples Centrale Train Station,Rione Vasto,radical 0.01 km
"40.8533,14.2712",Naples Centrale Train Station,Rione Vasto,radical 0.01 km
"40.8534,14.2631",Porta Capuana,San Lorenzo,radical 0.17 km
"40.8534,14.2687",Naples Centrale Train Station,Porta Capuana,radical 0.00 km
"40.8535,14.2310",Vomero,Arenella,radical 0.19 km
"40.8535,14.2655",Napoli Porta Nolana,Porta Capuana,radical 0.08 km
"40.8535,14.2690",Naples Centrale Train Station,Rione Vasto,radical 0.02 km
"40.8535,14.2704",Naples Centrale Train Station,Rione Vasto,radical 0.00 km
"40.8537,14.2691",Naples Centrale Train Station,Rione Vasto,radical 0.04 km
"40.8537,14.2703",Naples Centrale Train Station,Rione Vasto,radical 0.01 km
"40.8538,14.2491",Centro Storico,Rione Sanità,radical 0.08 km
"40.8539,14.2685",Naples Centrale Train Station,Porta Capuana,radical 0.06 km
"40.8540,14.2695",Naples Centrale Train Station,Rione Vasto,radical 0.00 km
"40.8542,14.2679",Napoli Porta Nolana,Porta Capuana,radical 0.01 km
"40.8543,14.2290",Vomero,Arenella,radical 0.00 km
"40.8543,14.2681",Napoli Porta Nolana,Porta Capuana,radical 0.02 km
"40.8543,14.3422",,Vesuvio De Meis,unknown
"40.8544,14.2488",Centro Storico,Rione Sanità,radical 0.00 km
"40.8544,14.2683",Napoli Porta Nolana,Porta Capuana,radical 0.04 km
"40.8545,14.2513",Naples City Center,Rione Sanità,radical 0.15 km
"40.8545,14.2551",Naples Cathedral,Rione Sanità,radical 0.21 km
"40.8546,14.2548",Naples City Center,Rione Sanità,radical 0.19 km
"40.8546,14.2655",Naples Centrale Train Station,Porta Capuana,radical 0.01 km
"40.8546,14.2674",Naples Centrale Train Station,Porta Capuana,radical 0.00 km
"40.8546,14.2725",Naples Centrale Train Station,Rione Vasto,radical 0.00 km
"40.8548,14.2624",Porta Capuana,San Lorenzo,radical 0.00 km
"40.8548,14.2694",Naples Centrale Train Station,Rione Vasto,radical 0.00 km
"40.8548,14.2707",Naples Centrale Train Station,Rione Vasto,radical 0.01 km
"40.8549,14.2679",Naples Centrale Train Station,Porta Capuana,radical 0.00 km
"40.8549,14.2707",Naples Centrale Train Station,Rione Vasto,radical 0.00 km
"40.8549,14.2708",Naples Centrale Train Station,Rione Vasto,radical 0.00 km
"40.8549,14.2711",Naples Centrale Train Station,Rione Vasto,radical 0.00 km
"40.8549,14.2756",Naples Centrale Train Station,Rione Vasto,radical 0.26 km
"40.8549,14.3799",,Madonna dell'Arco,unknown
"40.8550,14.3204",,Maranda,unknown
"40.8550,14.3323",,Ponticelli,unknown
"40.8551,14.2575",Centro Storico,San Lorenzo,radical 0.01 km
"40.8552,14.2574",Naples Cathedral,San Lorenzo,radical 0.00 km
"40.8552,14.2575",Naples Cathedral,San Lorenzo,radical 0.01 km
"40.8552,14.2706",Naples Centrale Train Station,Rione Vasto,radical 0.04 km
"40.8552,14.2777",Naples Centrale Train Station,Centro Direzionale di Napoli,radical 0.44 km
"40.8553,14.2528",Naples City Center,Rione Sanità,radical 0.00 km
"40.8554,14.2528",Naples City Center,Rione Sanità,radical 0.01 km
"40.8554,14.2656",Porta Capuana,Porta Capuana,radical 0.01 km
"40.8555,14.2368",Vomero,Materdei,radical 0.32 km
"40.8555,14.2611",Porta Capuana,San Lorenzo,radical 0.13 km
"40.8557,14.2240",Vomero,Arenella,radical 0.45 km
"40.8557,14.2684",Naples Centrale Train Station,Porta Capuana,radical 0.10 km
"40.8558,14.2591",Piazza Cavour,San Lorenzo,radical 0.00 km
"40.8560,14.2548",Rione Sanita,Rione Sanità,radical 0.12 km
"40.8563,14.2632",Porta Capuana,Borgo Sant'Antonio Abate,radical 0.18 km
"40.8563,14.2714",Naples Centrale Train Station,Rione Vasto,radical 0.16 km
"40.8564,14.1685",,Pianura,unknown
"40.8565,14.2486",Centro Storico,Rione Sanità,radical 0.23 km
"40.8567,14.2710",Naples Centrale Train Station,Vicaria,radical 0.20 km
"40.8570,14.2555",Rione Sanita,Rione Sanità,radical 0.00 km
"40.8570,14.2583",Piazza Cavour,San Lorenzo,radical 0.15 km
"40.8570,14.2892",,Rione Luzzatti,unknown
"40.8571,14.2600",Naples City Center,San Lorenzo,radical 0.03 km
"40.8573,14.2537",Rione Sanita,Rione Sanità,radical 0.15 km
"40.8573,14.2601",Naples City Center,San Lorenzo,radical 0.00 km
"40.8574,14.2752",Naples Centrale Train Station,Rione Vasto,radical 0.39 km
"40.8575,14.2562",Rione Sanita,Rione Sanità,radical 0.09 km
"40.8576,14.2280",Vomero,Arenella,radical 0.37 km
"40.8576,14.2598",Naples City Center,San Lorenzo,radical 0.04 km
"40.8578,14.1676",,Pianura,unknown
"40.8578,14.2606",Porta Capuana,San Lorenzo,radical 0.00 km
"40.8580,14.0731",,Toiano,unknown
"40.8581,14.2607",Porta Capuana,Borgo Sant'Antonio Abate,radical 0.03 km
"40.8581,14.2810",Naples Centrale Train Station,Centro Direzionale di Napoli,radical 0.81 km
"40.8582,14.2678",Naples Centrale Train Station,Vicaria,radical 0.00 km
"40.8584,14.3566",,Vesuvio De Meis,unknown
"40.8587,14.2671",Naples Centrale Train Station,Vicaria,radical 0.08 km
"40.8588,14.2726",Vicaria,Vicaria,radical 0.28 km
"40.8588,14.2799",Naples Centrale Train Station,Centro Direzionale di Napoli,radical 0.78 km
"40.8590,14.2509",Naples City Center,Rione Sanità,radical 0.44 km
"40.8597,14.2695",Vicaria,Vicaria,radical 0.00 km
"40.8598,14.3281",,Ponticelli,unknown
"40.8600,14.2184",,Rione Alto,unknown
"40.8604,14.2705",Vicaria,Arenaccia,radical 0.12 km
"40.8606,14.3279",,Ponticelli,unknown
"40.8607,14.2486",Naples City Center,Rione Sanità,radical 0.69 km
"40.8608,14.2291",Vomero,Rione Alto,radical 0.72 km
"40.8612,14.2530",Rione Sanita,Rione Sanità,radical 0.51 km
"40.8613,14.2425",Centro Storico,Stella,radical 0.93 km
"40.8616,14.2211",,Rione Alto,unknown
"40.8617,14.1743",,Pianura,unknown
"40.8617,14.2701",Vicaria,Arenaccia,radical 0.00 km
"40.8618,14.2678",Vicaria,Arenaccia,radical 0.19 km
"40.8621,14.3643",,Vesuvio De Meis,unknown
"40.8623,14.2822",,Centro Direzionale di Napoli,unknown
"40.8627,14.2192",,Rione Alto,unknown
"40.8629,14.2697",Vicaria,Arenaccia,radical 0.14 km
"40.8629,14.3583",,Vesuvio De Meis,unknown
"40.8630,14.2688",Vicaria,Arenaccia,radical 0.18 km
"40.8631,14.1774",,Pianura,unknown
"40.8632,14.2680",Vicaria,Arenaccia,radical 0.24 km
"40.8634,14.0824",,Toiano,unknown
"40.8635,14.2945",,Traccia,unknown
"40.8639,14.2972",,Traccia,unknown
"40.8641,14.2198",,Rione Alto,unknown
"40.8642,14.2969",,Traccia,unknown
"40.8652,14.1358",,,unknown
"40.8655,14.3446",Volla,Madonnelle,radical 0.94 km
"40.8660,14.2690",Rione Sanita,Arenaccia,radical 0.00 km
"40.8664,14.2644",Rione Sanita,Arenaccia,radical 0.39 km
"40.8672,14.3801",,Madonna dell'Arco,unknown
"40.8678,14.3248",,Botteghelle,unknown
"40.8678,14.3322",,Madonnelle,unknown
"40.8681,14.2355",,Colli Aminei,unknown
"40.8681,14.7738",,,unknown
"40.8685,14.2960",,Traccia,unknown
"40.8685,14.3308",,Madonnelle,unknown
"40.8687,14.2228",,Colli Aminei,unknown
"40.8691,14.5510",,,unknown
"40.8693,14.0975",,Toiano,unknown
"40.8696,14.4023",,Madonna dell'Arco,unknown
"40.8697,14.2398",,Colli Aminei,unknown
"40.8698,14.3735",,Madonna dell'Arco,unknown
"40.8698,14.4332",,Borgo Casamale,unknown
"40.8701,14.4601",,Rione Trieste,unknown
"40.8708,14.2387",,Colli Aminei,unknown
"40.8710,14.2663",Rione Sanita,San Carlo all'Arena,radical 0.49 km
"40.8711,14.2637",Rione Sanita,San Carlo all'Arena,radical 0.71 km
"40.8712,14.2722",Rione Sanita,San Carlo all'Arena,radical 0.00 km
"40.8715,14.0565",,Licola,unknown
"40.8715,14.2461",,Capodimonte,unknown
"40.8723,14.3513",Volla,Madonnelle,radical 0.00 km
"40.8727,14.5555",,,unknown
"40.8732,14.2807",Naples Airport,Doganella,radical 0.41 km
"40.8734,14.2650",Rione Sanita,San Carlo all'Arena,radical 0.65 km
"40.8739,14.2852",Naples Airport,Doganella,radical 0.06 km
"40.8743,14.3038",,Stadera,unknown
"40.8744,14.2854",Naples Airport,Doganella,radical 0.00 km
"40.8745,14.4375",,Santa Croce,unknown
"40.8747,15.1888",,,unknown
"40.8758,14.1330",,,unknown
"40.8760,14.2442",,San Rocco,unknown
"40.8761,14.0890",,Licola,unknown
"40.8766,14.1133",,,unknown
"40.8773,15.1901",,,unknown
"40.8783,14.3433",Volla,Madonnelle,radical 0.95 km
"40.8786,14.2889",Naples Airport,Doganella,radical 0.00 km
"40.8796,14.1381",,,unknown
"40.8798,14.3457",Volla,Madonnelle,radical 0.96 km
"40.8805,15.6531",,,unknown
"40.8811,17.1544",,,unknown
"40.8820,14.2321",,Frullone,unknown
"40.8822,17.1682",,,unknown
"40.8825,14.3089",,Stadera,unknown
"40.8827,14.1357",,,unknown
"40.8829,14.1292",,,unknown
"40.8837,14.2701",,Capodichino,unknown
"40.8839,14.2697",,Capodichino,unknown
"40.8842,14.2554",Miano,Miano,radical 0.00 km
"40.8844,14.2692",,Capodichino,unknown
"40.8862,14.1195",,,unknown
"40.8865,14.2499",Miano,Miano,radical 0.53 km
"40.8872,14.2276",,Frullone,unknown
"40.8879,14.2713",Miano,Rione Berlingieri,spread 0.28 km
"40.8880,14.2701",Miano,Rione Berlingieri,spread 0.18 km
"40.8882,14.2680",Miano,Secondigliano,spread 0.38 km
"40.8890,14.2257",,Marianella,unknown
"40.8896,14.3952",,Ponte di Ferro,unknown
"40.8898,14.2640",Miano,Secondigliano,radical 0.95 km
"40.8899,14.2811",Naples Airport,Terra di mezzo,radical 0.90 km
"40.8917,14.2214",,Chiaiano,unknown
"40.8917,14.2890",Naples Airport,San Pietro a Patierno,radical 0.76 km
"40.8918,14.2714",,Rione Berlingieri,unknown
"40.8918,14.2756",,Terra di mezzo,unknown
"40.8923,14.2195",,Cupa Spinelli,unknown
"40.8929,14.7110",,,unknown
"40.8941,14.2592",,Mezz'arco,unknown
"40.8942,14.2312",,Marianella,unknown
"40.8945,14.2640",,Mezz'arco,unknown
"40.8948,14.2397",,Sette Palazzi,unknown
"40.8957,14.1854",,Mugnano Duemila,unknown
"40.8957,14.2552",,Rione Monte Rosa,unknown
"40.8958,14.2550",,Rione Monte Rosa,unknown
"40.8958,14.7540",,Valle,unknown
"40.8960,12.9587",Giancos Beach,Case Popolari Edilfamiglia,radical 0.02 km
"40.8961,12.9586",Giancos Beach,Case Popolari Edilfamiglia,radical 0.00 km
"40.8965,14.1665",,,unknown
"40.8965,14.2674",,Cassano,unknown
"40.8965,16.8423",,Zona P.E.E.P.,unknown
"40.8969,14.2559",,Rione Monte Rosa,unknown
"40.8971,14.1962",,Mugnano Duemila,unknown
"40.8976,14.1912",,Mugnano Duemila,unknown
"40.8976,17.1676",,,unknown
"40.8979,14.2703",,Cassano,unknown
"40.8983,14.1883",,Mugnano Duemila,unknown
"40.8987,14.1967",,Mugnano Duemila,unknown
"40.8996,14.1820",,Mugnano Duemila,unknown
"40.8999,14.1868",,Mugnano Duemila,unknown
"40.9001,14.1509",,,unknown
"40.9002,8.6812",,,unknown
"40.9004,14.1896",,Mugnano Duemila,unknown
"40.9004,14.3365",,Tavernanova,unknown
"40.9015,14.1426",,,unknown
"40.9020,14.2816",,Terra di mezzo,unknown
"40.9021,14.2839",,San Pietro a Patierno,unknown
"40.9028,14.1829",,Mugnano Duemila,unknown
"40.9035,14.2107",,Mugnano Duemila,unknown
"40.9035,14.2852",,Dietro Via Vecchia,unknown
"40.9041,14.0560",,Varcaturo,unknown
"40.9047,14.2095",,Mugnano Duemila,unknown
"40.9050,14.4232",,Fornari,unknown
"40.9061,9.1031",,,unknown
"40.9069,14.1882",,La Cupa,unknown
"40.9073,14.3441",,Tavernanova,unknown
"40.9073,14.3444",,Tavernanova,unknown
"40.9075,14.2454",,lotto W isolato K,unknown
"40.9080,14.3992",Pomigliano Darco,Fornari,radical 0.01 km
"40.9081,14.2911",,Dietro Via Vecchia,unknown
"40.9081,14.3992",Pomigliano Darco,Fornari,radical 0.01 km
"40.9093,14.2048",,Mugnano Duemila,unknown
"40.9094,14.7993",Avellino City Center,Santa Maria delle Grazie,radical 0.98 km
"40.9095,14.2729",,Cassano,unknown
"40.9096,14.4015",Pomigliano Darco,Fornari,radical 0.26 km
"40.9098,14.0673",,Varcaturo,unknown
"40.9104,14.1383",,,unknown
"40.9108,14.2099",,Mugnano Duemila,unknown
"40.9110,14.3647",,Licignano di Napoli,unknown
"40.9115,14.2653",,Cassano,unknown
"40.9115,14.3884",Pomigliano Darco,Licignano di Napoli,radical 0.98 km
"40.9117,14.5098",,,unknown
"40.9122,14.2058",,Madonna delle Grazie,unknown
"40.9124,14.3554",,Licignano di Napoli,unknown
"40.9130,14.7933",Avellino City Center,Santa Maria delle Grazie,radical 0.45 km
"40.9132,14.3467",,Licignano di Napoli,unknown
"40.9136,14.7838",Avellino City Center,Santa Maria delle Grazie,radical 0.90 km
"40.9136,14.7906",Avellino City Center,Santa Maria delle Grazie,radical 0.45 km
"40.9144,14.7779",,Valle,unknown
"40.9148,14.2650",,Cassano,unknown
"40.9150,14.3499",,Licignano di Napoli,unknown
"40.9150,14.7836",Avellino City Center,Santa Maria delle Grazie,radical 0.86 km
"40.9152,14.4064",Pomigliano Darco,Fornari,radical 1.00 km
"40.9153,14.1477",,,unknown
"40.9156,14.1511",,,unknown
"40.9161,14.2681",,Cassano,unknown
"40.9164,14.1421",,,unknown
"40.9164,15.6800",,Rione Costa,unknown
"40.9170,14.7849",Avellino City Center,Santa Maria delle Grazie,radical 0.72 km
"40.9170,14.7935",Avellino City Center,Santa Maria delle Grazie,radical 0.01 km
"40.9173,14.1453",,,unknown
"40.9176,14.2933",,Rettifilo,unknown
"40.9177,14.2340",,Rione 219,unknown
"40.9178,14.7856",Avellino City Center,Santa Maria delle Grazie,radical 0.67 km
"40.9181,14.1879",,La Cupa,unknown
"40.9187,14.8276",,Ferrovia,unknown
"40.9188,14.5014",,,unknown
"40.9193,14.1497",,,unknown
"40.9193,14.8315",,Ferrovia,unknown
"40.9194,14.3181",,Sant'Antonio,unknown
"40.9195,14.3238",,Sant'Antonio,unknown
"40.9198,14.2314",,Rione 219,unknown
"40.9200,14.5346",,,unknown
"40.9201,14.1527",,,unknown
"40.9202,14.3100",,Sant'Antonio,unknown
"40.9212,14.1989",,La Cupa,unknown
"40.9213,14.7412",,Valle,unknown
"40.9217,14.3500",,Licignano di Napoli,unknown
"40.9219,14.1833",,La Cupa,unknown
"40.9223,14.3555",,Licignano di Napoli,unknown
"40.9229,14.3030",,Rettifilo,unknown
"40.9229,9.5001",Olbia Train Station,Centro storico,radical 0.00 km
"40.9230,14.1771",,La Cupa,unknown
"40.9230,14.2985",,Rettifilo,unknown
"40.9230,14.3093",,Sant'Antonio,unknown
"40.9233,14.1863",,La Cupa,unknown
"40.9234,14.2208",,Colonne,unknown
"40.9237,9.4959",Olbia Train Station,San Simplicio,radical 0.00 km
"40.9237,9.5042",Olbia Train Station,Centro storico,radical 0.01 km
"40.9241,14.5842",,,unknown
"40.9243,14.1786",,Casacelle,unknown
"40.9249,14.1649",,Casacelle,unknown
"40.9250,14.2275",,Rione 219,unknown
"40.9250,9.5035",Isola Bianca,Centro storico,radical 0.00 km
"40.9251,14.4547",,Faibano di Marigliano,unknown
"40.9254,14.2260",,Rione 219,unknown
"40.9255,14.3025",,Rettifilo,unknown
"40.9255,14.5288",,,unknown
"40.9269,14.2993",,Rettifilo,unknown
"40.9275,14.1920",,La Cupa,unknown
"40.9276,14.3062",,Rettifilo,unknown
"40.9281,14.2105",,Sant'Anna,unknown
"40.9281,14.5248",,,unknown
"40.9283,14.5256",,,unknown
"40.9287,14.2208",,Colonne,unknown
"40.9289,8.8253",,Codaruina,unknown
"40.9297,14.9842",,,unknown
"40.9311,14.1361",,,unknown
"40.9315,14.2010",,Centro storico,unknown
"40.9316,14.1912",,Starza,unknown
"40.9322,15.9758",,,unknown
"40.9344,14.2350",,Rione 219,unknown
"40.9344,15.3257",,,unknown
"40.9366,14.2356",,Rione 219,unknown
"40.9370,9.1757",,,unknown
"40.9374,14.2373",,Rione 219,unknown
"40.9375,14.2084",,Monaci,unknown
"40.9385,14.2522",,Rione 219,unknown
"40.9392,14.2716",,Rossini,unknown
"40.9396,14.2340",,Rione 219,unknown
"40.9398,14.5292",,,unknown
"40.9418,14.2668",,Rossini,unknown
"40.9420,14.2309",,Colonne,unknown
"40.9428,14.2772",,Rossini,unknown
"40.9432,14.6308",,,unknown
"40.9434,14.2948",,Rossini,unknown
"40.9455,14.2877",,Rossini,unknown
"40.9466,14.2991",,Parco Verde,unknown
"40.9469,17.3048",Monopoli City Center,,radical 0.00 km
"40.9476,17.3036",Monopoli City Center,,radical 0.13 km
"40.9493,17.3052",Monopoli City Center,,radical 0.00 km
"40.9495,14.2551",,Rossini,unknown
"40.9497,17.2942",Monopoli City Center,,radical 0.00 km
"40.9508,17.3018",Monopoli City Center,,radical 0.29 km
"40.9512,17.2984",Monopoli City Center,,radical 0.00 km
"40.9520,14.2340",,Bagno d'Aversa,unknown
"40.9523,17.2935",Monopoli City Center,,radical 0.10 km
"40.9524,17.2954",Monopoli City Center,,radical 0.00 km
"40.9525,17.2981",Monopoli City Center,,radical 0.14 km
"40.9526,17.2885",Monopoli City Center,,radical 0.00 km
"40.9530,17.2928",Monopoli City Center,,radical 0.00 km
"40.9532,17.3048",Castello Carlo V,,radical 0.00 km
"40.9534,17.3035",Castello Carlo V,,radical 0.11 km
"40.9536,14.2713",,Rossini,unknown
"40.9536,17.2962",Monopoli City Center,,radical 0.15 km
"40.9538,17.2999",Monopoli City Center,,radical 0.00 km
"40.9544,17.2905",Monopoli City Center,,radical 0.00 km
"40.9574,14.2533",,Bagno d'Aversa,unknown
"40.9576,14.1647",,Casacelle,unknown
"40.9579,14.2460",,Bagno d'Aversa,unknown
"40.9580,14.5994",,,unknown
"40.9592,14.3071",,Parco Verde,unknown
"40.9593,17.2862",Monopoli City Center,,radical 0.65 km
"40.9612,14.1899",,Rione Costantinopoli,unknown
"40.9616,9.4919",,Sa Minda Noa,unknown
"40.9626,14.1665",,,unknown
"40.9628,14.2276",,Bagno d'Aversa,unknown
"40.9630,14.2626",,Parco Verde,unknown
"40.9657,14.2606",,,unknown
"40.9660,14.2664",,Parco Verde,unknown
"40.9665,14.2053",,Rione Costantinopoli,unknown
"40.9666,14.2082",,Rione Savignano,unknown
"40.9667,8.8824",,Costa del Turchese,unknown
"40.9680,14.2064",,Rione Costantinopoli,unknown
"40.9688,14.2721",,Parco Verde,unknown
"40.9693,14.2036",,Rione Costantinopoli,unknown
"40.9727,14.1676",,Lemitone,unknown
"40.9728,14.1788",,Rione Costantinopoli,unknown
"40.9731,14.2078",,Rione Savignano,unknown
"40.9738,14.2133",,Rione Savignano,unknown
"40.9739,14.2177",,Bagno d'Aversa,unknown
"40.9749,13.9954",,,unknown
"40.9795,14.2669",,,unknown
"40.9855,14.2080",,Borgo San Lorenzo,unknown
"40.9858,14.1953",,Lemitone,unknown
"40.9891,17.2301",Polignano A Mare City Center,Macello,radical 0.76 km
"40.9908,14.2012",,Lemitone,unknown
"40.9911,17.2267",Polignano A Mare City Center,Macello,radical 0.40 km
"40.9913,17.2195",Central Station,Pozziglioni,radical 0.00 km
"40.9916,17.2239",Polignano A Mare City Center,Pozziglioni,radical 0.20 km
"40.9917,17.2190",Central Station,Pozziglioni,radical 0.06 km
"40.9918,14.1812",,Lemitone,unknown
"40.9924,17.2176",Polignano A Mare City Center,Centro storico,radical 0.17 km
"40.9926,15.6538",,,unknown
"40.9932,17.2194",Polignano A Mare City Center,Centro storico,radical 0.00 km
"40.9932,17.2229",Polignano A Mare City Center,Pozziglioni,radical 0.00 km
"40.9935,17.2179",Polignano A Mare City Center,Centro storico,radical 0.13 km
"40.9940,14.2316",,Gricignano - Teverola Scalo,unknown
"40.9940,17.2201",Polignano A Mare City Center,Pozziglioni,radical 0.11 km
"40.9946,17.2218",Central Station,Pozziglioni,radical 0.01 km
"40.9950,15.6522",,,unknown
"40.9953,17.2141",Central Station,Rione Gelso,radical 0.27 km
"40.9956,9.6243",,Baia Caddinas,unknown
"40.9962,17.2199",Central Station,Centro storico,radical 0.24 km
"40.9964,14.2076",,Casalnuovo a Piro,unknown
"40.9965,17.2169",Central Station,Rione Gelso,radical 0.00 km
"40.9966,13.9717",,,unknown
"40.9981,14.1613",,,unknown
"40.9987,14.2081",,Casalnuovo a Piro,unknown
"40.9998,14.1778",,Lemitone,unknown
"41.0017,14.4382",,,unknown
"41.0044,14.1263",,,unknown
"41.0050,14.3257",,Trentola di Marcianise,unknown
"41.0075,14.8885",,,unknown
"41.0100,17.0064",,,unknown
"41.0108,14.1226",,,unknown
"41.0115,14.4796",,,unknown
"41.0119,14.4823",,,unknown
"41.0120,14.0752",,,unknown
"41.0135,17.1922",Polignano A Mare City Center,Rione Gelso,radical 0.01 km
"41.0170,15.0189",,,unknown
"41.0213,14.7151",,Selvetelle,unknown
"41.0221,13.9512",,,unknown
"41.0224,14.5131",,,unknown
"41.0266,14.4292",,,unknown
"41.0270,14.4197",,,unknown
"41.0270,14.4610",,,unknown
"41.0270,14.4653",,,unknown
"41.0271,14.4694",,,unknown
"41.0272,14.4739",,,unknown
"41.0282,14.3749",,Galazia,unknown
"41.0285,14.2998",,Pratule,unknown
"41.0288,14.2914",,Pratule,unknown
"41.0312,14.3729",,Galazia,unknown
"41.0346,14.3050",,Madonna della Libera,unknown
"41.0349,14.3077",,Madonna della Libera,unknown
"41.0351,13.9434",,,unknown
"41.0369,14.0593",,,unknown
"41.0371,14.2995",,Pagani di Marcianise,unknown
"41.0373,14.3141",,Madonna della Libera,unknown
"41.0373,14.3897",,Sauda,unknown
"41.0376,14.3820",,Sauda,unknown
"41.0395,14.3814",,Sauda,unknown
"41.0396,14.2975",,Pagani di Marcianise,unknown
"41.0445,14.3794",,Sauda,unknown
"41.0461,9.4675",,,unknown
"41.0466,14.9141",,,unknown
"41.0503,14.3265",,Acquaviva,unknown
"41.0523,13.9210",,Le Scopelle,unknown
"41.0549,17.0870",,,unknown
"41.0570,14.0240",,,unknown
"41.0577,14.6512",,Borgo Fontanelle,unknown
"41.0630,17.0760",,,unknown
"41.0633,14.3329",Caserta City Center,Acquaviva,radical 0.65 km
"41.0658,16.9252",,,unknown
"41.0664,14.3402",Caserta City Center,San Benedetto,radical 0.70 km
"41.0665,14.2705",,Sant'Andrea dei Lagni,unknown
"41.0682,14.3280",Caserta City Center,Rione Volturno,radical 0.16 km
"41.0691,14.3326",Caserta City Center,Rione Volturno,radical 0.01 km
"41.0693,14.3292",Caserta City Center,Rione Volturno,radical 0.00 km
"41.0695,14.3314",Caserta City Center,Rione Volturno,radical 0.00 km
"41.0705,14.3329",Caserta City Center,Rione Volturno,radical 0.00 km
"41.0712,14.3536",,Parco degli Aranci / 167,unknown
"41.0732,14.3315",Royal Palace,Rione Tanucci,radical 0.01 km
"41.0732,14.3537",,Parco degli Aranci / 167,unknown
"41.0741,14.2885",,Cuccagna,unknown
"41.0744,14.3374",Caserta City Center,Rione Tanucci,radical 0.32 km
"41.0752,14.2504",,Sant'Andrea dei Lagni,unknown
"41.0757,14.3128",,Cuccagna,unknown
"41.0762,9.3928",,,unknown
"41.0768,14.3395",Caserta City Center,Rione Tanucci,radical 0.00 km
"41.0792,14.3082",,Cuccagna,unknown
"41.0794,14.2735",,Sant'Andrea dei Lagni,unknown
"41.0794,14.2828",,Cuccagna,unknown
"41.0803,14.2637",,Sant'Andrea dei Lagni,unknown
"41.0809,16.7768",,Centro storico,unknown
"41.0811,14.3439",Caserta City Center,Rione Michelangelo,radical 0.60 km
"41.0817,14.3481",Caserta City Center,Rione Michelangelo,radical 0.90 km
"41.0829,14.2768",,Sant'Andrea dei Lagni,unknown
"41.0832,14.2489",,Rione I.A.C.P,unknown
"41.0836,14.3481",Caserta City Center,Rione Michelangelo,spread 0.21 km
"41.0849,16.7796",,La Motta,unknown
"41.0869,14.2612",,Rione I.A.C.P,unknown
"41.0882,14.2656",,Rione I.A.C.P,unknown
"41.0902,14.2543",,Rione I.A.C.P,unknown
"41.0907,14.2737",,Rione I.A.C.P,unknown
"41.0907,14.3239",,Sala,unknown
"41.1041,16.6899",,,unknown
"41.1062,16.8632",,Poggiofranco,unknown
"41.1065,16.8719",,Carrassi,unknown
"41.1074,14.2093",,Risorgimento,unknown
"41.1084,14.2309",,Risorgimento,unknown
"41.1090,9.4397",,,unknown
"41.1111,16.6952",,,unknown
"41.1115,16.6994",,,unknown
"41.1121,16.6858",,,unknown
"41.1135,16.8637",Bari Centrale Train Station,Quartierino,radical 0.32 km
"41.1146,13.8823",,Borgo di Sant'Angelo,unknown
"41.1155,16.8626",Bari Centrale Train Station,Quartierino,radical 0.31 km
"41.1156,16.8663",Bari Centrale Train Station,Murat,radical 0.00 km
"41.1159,16.8724",Bari Centrale Train Station,Quartiere Umbertino,radical 0.37 km
"41.1161,16.8686",Bari Centrale Train Station,Quartiere Umbertino,radical 0.13 km
"41.1163,16.6795",,,unknown
"41.1166,16.8652",Bari Centrale Train Station,Murat,radical 0.14 km
"41.1167,16.8673",Bari Centrale Train Station,Murat,radical 0.00 km
"41.1169,16.8689",Bari Centrale Train Station,Quartiere Umbertino,radical 0.13 km
"41.1170,13.8970",,Borgo di Sant'Angelo,unknown
"41.1172,16.8890",Madonnella,Madonnella,radical 0.28 km
"41.1173,16.8765",Quartiere Umbertino,Quartiere Umbertino,radical 0.36 km
"41.1175,16.8873",Madonnella,Madonnella,radical 0.17 km
"41.1176,16.8777",Quartiere Umbertino,Quartiere Umbertino,radical 0.34 km
"41.1179,16.8557",Bari Centrale Train Station,Quartierino,radical 0.78 km
"41.1184,14.8075",,Pacevecchia,unknown
"41.1184,16.8731",Bari Centrale Train Station,Quartiere Umbertino,radical 0.11 km
"41.1188,16.8711",Bari Centrale Train Station,Quartiere Umbertino,radical 0.03 km
"41.1189,16.8864",Madonnella,Madonnella,radical 0.01 km
"41.1189,16.8865",Madonnella,Madonnella,radical 0.00 km
"41.1190,16.8710",Bari Centrale Train Station,Quartiere Umbertino,radical 0.01 km
"41.1191,16.8710",Bari Centrale Train Station,Quartiere Umbertino,radical 0.00 km
"41.1191,16.8827",Marconi,Madonnella,radical 0.01 km
"41.1193,16.8725",Bari Centrale Train Station,Quartiere Umbertino,radical 0.01 km
"41.1195,16.8690",Bari Centrale Train Station,Murat,radical 0.00 km
"41.1195,16.8719",Bari Centrale Train Station,Quartiere Umbertino,radical 0.00 km
"41.1196,16.8693",Bari Centrale Train Station,Murat,radical 0.01 km
"41.1197,16.8690",Bari Centrale Train Station,Murat,radical 0.01 km
"41.1197,16.8691",Bari Centrale Train Station,Murat,radical 0.00 km
"41.1198,16.8686",Bari Centrale Train Station,Murat,radical 0.01 km
"41.1198,16.8694",Bari Centrale Train Station,Murat,radical 0.00 km
"41.1199,16.8656",Bari Centrale Train Station,Murat,radical 0.10 km
"41.1200,16.8730",Bari Centrale Train Station,Quartiere Umbertino,radical 0.00 km
"41.1202,16.8645",Bari Centrale Train Station,Murat,radical 0.01 km
"41.1205,16.8762",Quartiere Umbertino,Quartiere Umbertino,radical 0.00 km
"41.1207,16.8714",Bari Centrale Train Station,Quartiere Umbertino,radical 0.00 km
"41.1209,14.3657",,Scese Lunghe,unknown
"41.1212,16.8762",Madonnella,Quartiere Umbertino,radical 0.01 km
"41.1214,16.8644",Bari Centrale Train Station,Murat,radical 0.00 km
"41.1214,16.8737",Bari City Center,Quartiere Umbertino,radical 0.00 km
"41.1215,16.8709",Teatro Petruzzelli,Quartiere Umbertino,radical 0.00 km
"41.1215,16.8795",Bari Centrale Train Station,Quartiere Umbertino,radical 0.00 km
"41.1216,16.8645",Bari Centrale Train Station,Murat,radical 0.03 km
"41.1216,16.8674",Bari Centrale Train Station,Murat,radical 0.00 km
"41.1216,16.8690",Bari City Center,Murat,radical 0.00 km
"41.1216,16.8691",Bari City Center,Murat,radical 0.01 km
"41.1217,16.8673",Bari Centrale Train Station,Murat,radical 0.00 km
"41.1217,16.8688",Bari City Center,Murat,radical 0.00 km
"41.1217,16.8759",Madonnella,Quartiere Umbertino,radical 0.06 km
"41.1222,16.8529",Bari Vecchia,Libertà,radical 0.65 km
"41.1226,16.8612",Bari Centrale Train Station,Libertà,radical 0.30 km
"41.1227,16.8682",Bari City Center,Murat,radical 0.12 km
"41.1231,13.8700",,Sinuessa,unknown
"41.1234,16.8023",,San Paolo,unknown
"41.1242,16.8682",Bari Centrale Train Station,Murat,radical 0.12 km
"41.1244,16.8649",Bari City Center,Murat,radical 0.00 km
"41.1248,16.8519",Marconi,Libertà,radical 0.49 km
"41.1252,16.8596",Bari Vecchia,Libertà,radical 0.01 km
"41.1252,16.8687",Bari Centrale Train Station,Murat,radical 0.00 km
"41.1253,16.8602",Bari Centrale Train Station,Libertà,radical 0.00 km
"41.1253,16.8630",Bari Centrale Train Station,Libertà,radical 0.00 km
"41.1253,16.8708",Bari Centrale Train Station,Murat,radical 0.01 km
"41.1254,16.8716",Teatro Petruzzelli,Murat,radical 0.00 km
"41.1255,16.8600",Bari Centrale Train Station,Libertà,radical 0.03 km
"41.1267,14.7807",,Trappeto,unknown
"41.1269,16.8617",Palazzo Fizzarotti,Libertà,radical 0.01 km
"41.1275,16.8712",Bari Old Town,San Nicola,radical 0.00 km
"41.1275,16.8714",Bari Old Town,San Nicola,radical 0.02 km
"41.1277,16.8682",Bari Old Town,San Nicola,radical 0.25 km
"41.1281,16.8479",Marconi,Marconi,radical 0.00 km
"41.1283,16.8732",Bari Old Town,San Nicola,radical 0.00 km
"41.1288,16.8692",Bari Vecchia,San Nicola,radical 0.19 km
"41.1299,16.5462",,,unknown
"41.1305,16.8695",Bari Vecchia,San Nicola,radical 0.00 km
"41.1309,16.8704",Bari Vecchia,San Nicola,radical 0.09 km
"41.1321,14.7785",,Dogana,unknown
"41.1339,16.8269",Fiera Del Levante,San Girolamo,radical 0.00 km
"41.1349,15.0699",,Cardito,unknown
"41.1361,14.7714",,Ferrovia,unknown
"41.1402,14.7721",,Ferrovia,unknown
"41.1533,16.4132",,,unknown
"41.1543,16.4118",,,unknown
"41.1621,13.9475",,,unknown
"41.1626,16.7490",,Santo Spirito,unknown
"41.1633,14.2154",,,unknown
"41.1638,15.1032",,Martiri,unknown
"41.1667,14.3352",,,unknown
"41.1783,14.3697",,,unknown
"41.1785,14.3651",,,unknown
"41.1787,9.3834",Palau Ferry Terminal,,radical 0.25 km
"41.1794,14.2106",,Pantuliano,unknown
"41.1809,9.3836",Palau Ferry Terminal,,radical 0.00 km
"41.1811,9.3836",Palau Ferry Terminal,,radical 0.02 km
"41.1818,9.3762",Palau Ferry Terminal,,radical 0.63 km
"41.1824,14.1998",,Pantuliano,unknown
"41.1866,16.6703",,,unknown
"41.1867,16.6740",,,unknown
"41.1885,14.0974",,,unknown
"41.1935,13.8092",,Baia Domizia,unknown
"41.1992,16.6014",,,unknown
"41.2002,13.8482",,,unknown
"41.2014,16.6073",,,unknown
"41.2015,13.8528",,,unknown
"41.2124,9.4060",La Maddalena Ferry Terminal,Barabò,radical 0.00 km
"41.2127,9.4075",La Maddalena Ferry Terminal,Barabò,radical 0.00 km
"41.2132,13.5720",,Serapo,unknown
"41.2136,13.5647",,Serapo,unknown
"41.2157,14.1311",,Petrulo,unknown
"41.2168,16.2935",,,unknown
"41.2169,13.5701",Gaeta City Center,Serapo,radical 0.67 km
"41.2173,14.5269",,,unknown
"41.2173,9.4054",La Maddalena Ferry Terminal,Barabò,radical 0.00 km
"41.2181,16.0642",,,unknown
"41.2192,14.5253",,,unknown
"41.2199,16.0657",,,unknown
"41.2200,16.0694",,,unknown
"41.2205,13.5669",Gaeta City Center,Serapo,radical 0.38 km
"41.2229,13.5700",Gaeta City Center,Porto Salvo,radical 0.00 km
"41.2229,13.5701",Gaeta City Center,Porto Salvo,radical 0.01 km
"41.2245,16.3003",,,unknown
"41.2252,16.0650",,,unknown
"41.2274,16.2965",,,unknown
"41.2294,16.4903",,Quartiere 167,unknown
"41.2320,16.4950",,Quartiere 167,unknown
"41.2325,16.4981",,Quartiere 167,unknown
"41.2336,16.2949",,,unknown
"41.2342,15.0063",,,unknown
"41.2362,16.5010",,Quartiere 167,unknown
"41.2381,16.5000",,Quartiere 167,unknown
"41.2386,16.5025",,Quartiere 167,unknown
"41.2397,16.5092",,Quartiere 167,unknown
"41.2410,13.9328",,,unknown
"41.2421,16.4911",,Quartiere 167,unknown
"41.2498,14.3321",,,unknown
"41.2512,14.0669",,Carità,unknown
"41.2518,13.0673",,,unknown
"41.2537,13.5998",Formia City Center,,radical 0.77 km
"41.2544,14.0648",,Sant'Antonio,unknown
"41.2552,13.7141",,Scauri,unknown
"41.2566,13.7080",,Scauri,unknown
"41.2578,13.6093",Formia City Center,,radical 0.27 km
"41.2579,13.7029",,Scauri,unknown
"41.2586,13.6063",Formia City Center,,radical 0.00 km
"41.2587,13.6614",,,unknown
"41.2589,13.8674",,,unknown
"41.2613,13.6880",,Scauri,unknown
"41.2633,15.9055",,,unknown
"41.2659,15.8949",,,unknown
"41.2730,16.4252",Trani Transit Station,Capirro,radical 0.76 km
"41.2743,13.6952",,Scauri,unknown
"41.2745,16.4196",Trani Transit Station,Capirro,radical 0.42 km
"41.2776,16.4142",Trani Transit Station,,radical 0.44 km
"41.2777,16.4154",Trani Transit Station,,radical 0.34 km
"41.2780,16.4100",Trani Transit Station,,radical 0.78 km
"41.2783,16.4194",Trani Transit Station,,radical 0.00 km
"41.2789,16.4135",Trani Transit Station,,radical 0.49 km
"41.2833,13.1763",,Porto Badino,unknown
"41.2865,13.2318",,Borgo Cipollata,unknown
"41.2881,13.2387",,Borgo Cipollata,unknown
"41.2899,13.5259",,,unknown
"41.2984,13.0324",,,unknown
"41.2984,14.1829",,,unknown
"41.3020,16.0689",,,unknown
"41.3039,16.2746",,Zona 167,unknown
"41.3053,13.7358",,,unknown
"41.3116,16.2780",,Patalini,unknown
"41.3136,16.2748",,Borgovilla,unknown
"41.3163,16.2802",,Centro,unknown
"41.3178,14.1053",,,unknown
"41.3190,16.2793",,Centro,unknown
"41.3197,16.2838",,Santa Maria,unknown
"41.3202,16.2717",,San Giacomo - Settefrati,unknown
"41.3357,14.1258",,Borgo Vairano Patenora,unknown
"41.3445,13.3111",,Vallemarina,unknown
"41.3495,13.4385",,Portone della Corte,unknown
"41.3499,14.3745",,Borgo,unknown
"41.3523,14.3692",,Borgo,unknown
"41.3565,13.4285",,Porta Vescovo,unknown
"41.3572,13.4304",,Porta Vescovo,unknown
"41.3574,13.4320",,Cardinale,unknown
"41.3575,16.0882",,,unknown
"41.3586,13.4208",,Porta Roma,unknown
"41.3598,13.4215",,Porta Roma,unknown
"41.3651,13.1165",,,unknown
"41.3891,13.9074",,Bivio Mortola,unknown
"41.4041,13.8304",,,unknown
"41.4071,13.7650",,,unknown
"41.4099,13.0481",,Zona 167,unknown
"41.4373,12.9749",,,unknown
"41.4422,15.5656",,CEP,unknown
"41.4422,15.5698",,CEP,unknown
"41.4444,15.5450",,Rione San Ciro,unknown
"41.4480,12.9074",,Isonzo,unknown
"41.4487,12.6301",,Europa,unknown
"41.4506,15.5426",,Rione San Ciro,unknown
"41.4515,12.9070",,Isonzo,unknown
"41.4518,12.8721",,Nuova Latina,unknown
"41.4519,15.5622",,CEP,unknown
"41.4520,12.8894",,Persicara,unknown
"41.4521,12.8745",,Nuova Latina,unknown
"41.4523,15.5513",,Rione San Ciro,unknown
"41.4536,15.5631",,CEP,unknown
"41.4541,12.8856",,Quartiere Italia,unknown
"41.4542,13.6683",,,unknown
"41.4546,15.5455",,Rione San Ciro,unknown
"41.4555,12.9072",,Isonzo,unknown
"41.4573,15.5428",,Rione San Ciro,unknown
"41.4575,13.7973",,,unknown
"41.4583,12.6783",,Cretarossa,unknown
"41.4585,13.6654",,,unknown
"41.4605,13.6656",,,unknown
"41.4606,12.6435",,Santa Barbara,unknown
"41.4606,12.9193",,Piccarello,unknown
"41.4615,12.6632",,Borgo Medievale,unknown
"41.4623,12.6267",,Europa,unknown
"41.4623,15.5447",,Rione San Ciro,unknown
"41.4637,15.5462",,Rione Candelaro,unknown
"41.4645,15.5736",,CEP,unknown
"41.4647,12.9163",Latina City Center,Frezzotti,radical 0.57 km
"41.4665,12.6854",,Pescinari,unknown
"41.4667,13.6611",,,unknown
"41.4691,12.9138",Latina City Center,Frezzotti,radical 0.07 km
"41.4692,12.9130",Latina City Center,Villaggio Trieste,radical 0.00 km
"41.4694,15.5446",,Rione Candelaro,unknown
"41.4696,12.9087",Latina City Center,Villaggio Trieste,radical 0.36 km
"41.4697,13.6638",,,unknown
"41.4698,12.8957",,Nicolosi,unknown
"41.4699,12.9108",Latina City Center,Villaggio Trieste,radical 0.20 km
"41.4712,12.8564",,Lottizzazione Frattazzi,unknown
"41.4714,12.9048",Latina City Center,Goretti,radical 0.72 km
"41.4719,12.7011",,Pescinari,unknown
"41.4720,12.8914",,Nicolosi,unknown
"41.4726,12.9008",Latina City Center,Goretti,spread 0.36 km
"41.4743,13.1765",,,unknown
"41.4745,13.1072",,,unknown
"41.4754,12.9090",Latina City Center,Gionchetto,radical 0.77 km
"41.4767,12.9991",,,unknown
"41.4775,13.1779",,,unknown
"41.4798,12.6691",,Pantani,unknown
"41.4813,12.8649",,Lottizzazione Frattazzi,unknown
"41.4822,14.4720",,Giudecca,unknown
"41.4840,13.0112",,,unknown
"41.4857,13.8342",,Colosseo,unknown
"41.4883,12.6698",,Pantani,unknown
"41.4884,13.8377",,Colosseo,unknown
"41.4902,13.8316",,Colosseo,unknown
"41.4911,13.8334",,Colosseo,unknown
"41.4928,13.8301",,Colosseo,unknown
"41.4945,13.7029",,Capodacqua,unknown
"41.4946,13.8298",,Colosseo,unknown
"41.4975,13.0436",,,unknown
"41.5005,12.6223",,Lavinio Stazione,unknown
"41.5051,12.5849",,Sant'Anastasio,unknown
"41.5082,15.3312",,,unknown
"41.5137,12.8545",,,unknown
"41.5177,12.8909",,,unknown
"41.5288,13.6473",,,unknown
"41.5304,12.9554",,Borgata Carrara,unknown
"41.5321,13.8625",,,unknown
"41.5341,12.8897",,,unknown
"41.5357,12.9479",,Borgata Carrara,unknown
"41.5395,12.9502",,Borgata Carrara,unknown
"41.5403,13.8684",,,unknown
"41.5464,13.5161",,,unknown
"41.5474,14.6734",,Vazzieri,unknown
"41.5600,14.6655",,Centro storico,unknown
"41.5630,14.6707",,Cep,unknown
"41.5652,12.5389",,Marina Piccola,unknown
"41.5661,13.4166",,,unknown
"41.5676,13.3343",,,unknown
"41.5687,13.3244",,,unknown
"41.5774,12.6687",,Guardapasso,unknown
"41.5803,13.3315",,,unknown
"41.5804,13.5627",,,unknown
"41.5837,13.3876",,,unknown
"41.5840,13.5763",,,unknown
"41.5878,12.6385",,Montarelli,unknown
"41.5891,12.8294",,Franceschetti,unknown
"41.5912,12.8296",,Franceschetti,unknown
"41.5914,12.6491",,Montarelli,unknown
"41.5920,12.6442",,Montarelli,unknown
"41.5927,12.6517",,Pavino,unknown
"41.5944,12.6560",,Pavino,unknown
"41.5960,14.2328",,Isernia centro,unknown
"41.5988,12.6751",,Gattone,unknown
"41.5991,14.2404",,Isernia centro,unknown
"41.5996,14.4489",,,unknown
"41.6004,13.4891",,,unknown
"41.6009,14.2443",,Pentri,unknown
"41.6073,12.5434",,Valle Carniera,unknown
"41.6085,12.7614",,,unknown
"41.6138,12.5542",,Valle Carniera,unknown
"41.6163,12.5345",,Valle Carniera,unknown
"41.6173,14.2118",,San Lazzaro,unknown
"41.6202,13.5061",,,unknown
"41.6229,12.4602",,Torvajanica,unknown
"41.6230,13.4635",,,unknown
"41.6244,15.9073",,Siponto,unknown
"41.6266,13.3296",,Scalo,unknown
"41.6278,13.3752",,Giardino,unknown
"41.6293,15.9177",,Quartiere ANAS,unknown
"41.6306,13.7899",,,unknown
"41.6307,12.4951",,Torvaianica Alta,unknown
"41.6313,13.3334",,Selva Piana,unknown
"41.6345,15.9132",,Quartiere ANAS,unknown
"41.6354,12.4448",,Zingarini,unknown
"41.6354,13.3396",,Selva Piana,unknown
"41.6356,13.3537",,Giardino,unknown
"41.6362,15.9205",,Quartiere ANAS,unknown
"41.6374,13.3492",,Giardino,unknown
"41.6391,15.9263",,Quartiere ANAS,unknown
"41.6399,13.3426",,De Matthaeis,unknown
"41.6401,13.8107",,,unknown
"41.6403,13.3505",,Giardino,unknown
"41.6430,13.3429",,De Matthaeis,unknown
"41.6451,13.3446",,De Matthaeis,unknown
"41.6501,13.3369",,Cavoni,unknown
"41.6504,13.3371",,Cavoni,unknown
"41.6527,13.0392",,,unknown
"41.6549,13.5568",,,unknown
"41.6589,13.3444",,Madonna della Neve,unknown
"41.6623,13.4289",,,unknown
"41.6631,14.9713",,Borgo,unknown
"41.6662,13.4360",,,unknown
"41.6683,12.5000",,Primavera,unknown
"41.6689,12.4930",,Primavera,unknown
"41.6718,13.4979",,,unknown
"41.6730,13.4833",,,unknown
"41.6744,12.4989",,Area Produttiva,unknown
"41.6780,12.7814",,,unknown
"41.6793,13.5592",,,unknown
"41.6794,13.3899",,Castelmassimo,unknown
"41.6805,12.7765",,,unknown
"41.6812,12.5089",,Area Produttiva,unknown
"41.6818,15.3850",,,unknown
"41.6831,13.2561",,Ponte Grande,unknown
"41.6894,12.7893",,,unknown
"41.6900,15.2925",,,unknown
"41.6902,15.3025",,,unknown
"41.6925,13.4193",,,unknown
"41.6956,13.2564",,Ponte Grande,unknown
"41.6957,13.2576",,Ponte Grande,unknown
"41.6961,13.2578",,Ponte Grande,unknown
"41.6973,13.4233",,,unknown
"41.7020,15.7203",,,unknown
"41.7027,13.6261",,,unknown
"41.7046,12.6910",,Borgo Vecchio,unknown
"41.7056,15.9639",,Junno,unknown
"41.7063,15.9607",,Junno,unknown
"41.7064,15.7326",,,unknown
"41.7073,13.6284",,,unknown
"41.7092,12.6449",,Rufelli,unknown
"41.7105,13.3080",,,unknown
"41.7108,15.6407",,,unknown
"41.7175,13.6175",,,unknown
"41.7228,13.6073",,,unknown
"41.7246,12.6121",,Monte Savello,unknown
"41.7255,12.6621",,Vallericcia,unknown
"41.7260,13.0080",,Colle Sant'Antonino,unknown
"41.7267,13.3417",,Centro storico,unknown
"41.7274,13.3436",,Centro storico,unknown
"41.7279,12.6552",,Monte Savello,unknown
"41.7279,13.3432",,Centro storico,unknown
"41.7284,12.2921",,Lido di Ostia Levante,unknown
"41.7324,12.2767",Ostia 1,Lido di Ostia Levante,radical 0.00 km
"41.7332,12.2863",Ostia 1,Lido di Ostia Levante,radical 0.80 km
"41.7335,12.2784",Ostia 1,Lido di Ostia Levante,radical 0.19 km
"41.7337,12.2904",Ostia 1,Lido di Ostia Levante,spread 0.34 km
"41.7346,12.2795",Ostia 1,Lido di Ostia Levante,radical 0.34 km
"41.7360,12.2781",Ostia 1,Lido di Ostia Levante,radical 0.42 km
"41.7369,12.2585",,Lido di Ostia Ponente,unknown
"41.7372,13.1173",,,unknown
"41.7385,12.2728",Ostia 1,Lido di Ostia Ponente,radical 0.75 km
"41.7386,12.2847",Ostia 1,Lido di Ostia Levante,radical 0.96 km
"41.7413,13.1664",,,unknown
"41.7414,13.1544",,,unknown
"41.7453,12.3455",,Isola 46,unknown
"41.7469,13.1496",,,unknown
"41.7512,12.3611",Municipio Roma X,Infernetto,radical 0.00 km
"41.7515,12.3561",Municipio Roma X,Isola 46,radical 0.41 km
"41.7578,12.3678",Municipio Roma X,Infernetto,radical 0.92 km
"41.7641,12.2283",,Isola Sacra,unknown
"41.7653,12.2304",,Isola Sacra,unknown
"41.7716,12.2290",,Isola Sacra,unknown
"41.7733,13.2671",,,unknown
"41.7735,12.3582",,Acilia Nord,unknown
"41.7737,12.6071",,Cava dei Selci,unknown
"41.7750,12.9217",,La Valle,unknown
"41.7755,12.6104",,Cava dei Selci,unknown
"41.7764,12.9144",,La Valle,unknown
"41.7797,12.2386",,Isola Sacra,unknown
"41.7811,12.4411",,Tor de' Cenci,unknown
"41.7871,12.6690",,Squarciarelli,unknown
"41.7880,12.3467",,Acilia Nord,unknown
"41.7884,12.6109",,Quartiere Cipollaro,unknown
"41.7894,12.8232",,,unknown
"41.7905,12.6159",,Quartiere Cipollaro,unknown
"41.7905,12.6662",,Squarciarelli,unknown
"41.7912,12.4386",,Tre Pini,unknown
"41.7924,13.2209",,,unknown
"41.7965,12.4309",,Insula degli Aceri,unknown
"41.7970,12.2978",,Parco Leonardo,unknown
"41.7986,12.6039",Ciampino,Quartiere Cipollaro,radical 0.00 km
"41.7986,12.6041",Ciampino,Quartiere Cipollaro,radical 0.02 km
"41.8005,13.3143",,,unknown
"41.8008,14.9105",,San Leonardo,unknown
"41.8011,12.5995",Ciampino,Aeroporto di Ciampino,radical 0.00 km
"41.8012,12.5982",Ciampino,Aeroporto di Ciampino,radical 0.11 km
"41.8025,12.6004",Ciampino,Aeroporto di Ciampino,radical 0.16 km
"41.8033,12.5988",Ciampino,Aeroporto di Ciampino,radical 0.00 km
"41.8042,12.5964",Ciampino,Aeroporto di Ciampino,radical 0.22 km
"41.8045,12.2199",,Focene,unknown
"41.8051,15.1593",,,unknown
"41.8059,13.0563",,,unknown
"41.8100,12.6810",,Colle Maria,unknown
"41.8114,12.4847",Laurentina,Giuliano-Dalmata,radical 0.00 km
"41.8125,12.7165",,,unknown
"41.8132,12.4736",Laurentina,Fonte Ostiense,radical 0.94 km
"41.8183,12.6159",,Casal Morena,unknown
"41.8198,12.2108",,Focene,unknown
"41.8222,12.3939",,Magliana Vecchia,unknown
"41.8228,12.8026",,Zona Industriale Artigianale,unknown
"41.8240,12.7951",,Zona Industriale Artigianale,unknown
"41.8294,12.4727",Eur,EUR,radical 0.00 km
"41.8312,12.8800",,San Rocco,unknown
"41.8342,12.7564",,Zona Industriale Artigianale,unknown
"41.8360,15.5642",,,unknown
"41.8363,12.8327",,,unknown
"41.8374,12.5814",,Capannelle,unknown
"41.8389,12.8750",,Valle Zampea,unknown
"41.8450,12.4359",,Trullo,unknown
"41.8454,12.4808",,Montagnola,unknown
"41.8522,12.5899",Torre Maura,Torre Maura,radical 0.15 km
"41.8528,14.2003",,,unknown
"41.8534,12.5907",Torre Maura,Torre Maura,radical 0.01 km
"41.8545,12.4961",,Tor Marancia,unknown
"41.8550,12.4788",Ostiense,San Paolo,radical 0.00 km
"41.8553,12.4811",Ostiense,San Paolo,radical 0.19 km
"41.8582,12.4895",Ostiense,Garbatella,radical 0.95 km
"41.8583,12.4197",,Casetta Mattei,unknown
"41.8594,12.5666",,Don Bosco,unknown
"41.8595,12.4569",,La Buca,unknown
"41.8617,12.5556",,Cecafumo,unknown
"41.8627,12.4988",Parco Regionale Appia Antica,Garbatella,radical 0.58 km
"41.8630,12.5529",,Cecafumo,unknown
"41.8635,12.4588",Portuense,Portuense,radical 0.70 km
"41.8636,15.3528",,,unknown
"41.8638,12.6956",Finocchio,Borghesiana,radical 0.00 km
"41.8640,12.4731",Portuense,Marconi,radical 0.01 km
"41.8641,12.4464",Trastevere,Gianicolense,radical 0.69 km
"41.8641,12.4663",Portuense,Marconi,radical 0.37 km
"41.8644,12.4749",Portuense,Marconi,radical 0.15 km
"41.8645,12.4732",Portuense,Marconi,radical 0.05 km
"41.8648,12.4855",Garbatella,Garbatella,radical 0.52 km
"41.8649,12.5319",Furio Camillo,Tuscolano,radical 0.44 km
"41.8650,12.4740",Portuense,Marconi,radical 0.13 km
"41.8653,12.5405",Furio Camillo,Quadraro,radical 0.88 km
"41.8654,12.4702",Trastevere,Marconi,radical 0.25 km
"41.8655,12.4950",Garbatella,Garbatella,radical 0.49 km
"41.8660,12.4868",Garbatella,Garbatella,radical 0.36 km
"41.8669,12.5030",Parco Regionale Appia Antica,Appio-Latino,radical 0.00 km
"41.8674,12.4655",Portuense,Marconi,radical 0.00 km
"41.8675,12.4694",Trastevere,Marconi,radical 0.01 km
"41.8676,12.4693",Trastevere,Marconi,radical 0.01 km
"41.8677,12.4856",Ostiense,Garbatella,radical 0.27 km
"41.8680,12.4902",Garbatella,Garbatella,radical 0.00 km
"41.8681,12.5287",Furio Camillo,Tuscolano,radical 0.20 km
"41.8686,12.4678",Trastevere,Marconi,radical 0.00 km
"41.8688,12.5310",Furio Camillo,Tuscolano,radical 0.00 km
"41.8693,12.4628",Portuense,Marconi,radical 0.31 km
"41.8701,12.4486",Trastevere,Gianicolense,radical 0.00 km
"41.8701,12.4848",Ostiense,Garbatella,radical 0.00 km
"41.8711,12.4803",Ostiense,Testaccio,radical 0.01 km
"41.8711,12.5801",,Torre Spaccata,unknown
"41.8712,12.4679",Garbatella,Marconi,radical 0.00 km
"41.8716,12.4825",Ostiense,Testaccio,radical 0.11 km
"41.8717,12.4838",Ostiense,San Saba,radical 0.01 km
"41.8719,12.4804",Ostiense,Testaccio,radical 0.00 km
"41.8719,12.8192",,,unknown
"41.8720,12.4797",Garbatella,Testaccio,radical 0.01 km
"41.8722,12.4597",Quartiere Xii Gianicolense,Gianicolense,radical 0.00 km
"41.8727,12.4603",Portuense,Gianicolense,radical 0.00 km
"41.8727,12.4805",Ostiense,Testaccio,radical 0.00 km
"41.8733,12.4662",Trastevere,Testaccio,radical 0.11 km
"41.8734,12.4449",Fiera Di Roma,Gianicolense,radical 0.00 km
"41.8735,12.4684",Trastevere,Testaccio,radical 0.21 km
"41.8739,12.5214",Furio Camillo,Appio-Latino,radical 0.47 km
"41.8743,12.4661",Trastevere,Testaccio,radical 0.00 km
"41.8748,12.4809",Porta S Paolo,Testaccio,radical 0.01 km
"41.8749,12.4467",Fiera Di Roma,Gianicolense,radical 0.22 km
"41.8749,12.4579",Portuense,Monteverde,radical 0.31 km
"41.8752,12.4800",Porta S Paolo,Testaccio,radical 0.09 km
"41.8754,12.4661",Trastevere,Testaccio,radical 0.00 km
"41.8757,12.5286",Furio Camillo,Tuscolano,radical 0.37 km
"41.8759,12.5242",Furio Camillo,Tuscolano,radical 0.17 km
"41.8762,12.4539",Quartiere Xii Gianicolense,Monteverde,radical 0.01 km
"41.8766,12.4256",,Gianicolense,unknown
"41.8766,12.4486",Quartiere Xii Gianicolense,Gianicolense,radical 0.44 km
"41.8770,12.4741",Trastevere,Testaccio,radical 0.39 km
"41.8773,12.5248",Furio Camillo,Villa Certosa,radical 0.01 km
"41.8778,12.5155",San Giovanni,San Giovanni,radical 0.06 km
"41.8782,12.5055",Furio Camillo,San Giovanni,radical 0.00 km
"41.8782,12.5159",San Giovanni,San Giovanni,radical 0.00 km
"41.8784,12.4828",Aventino,Testaccio,radical 0.42 km
"41.8785,12.4665",Trastevere,Testaccio,radical 0.00 km
"41.8786,12.4665",Trastevere,Testaccio,radical 0.01 km
"41.8791,12.5080",Furio Camillo,San Giovanni,radical 0.23 km
"41.8792,12.5406",,Torpignattara,unknown
"41.8792,12.5521",,Casilino 23,unknown
"41.8798,12.5209",Furio Camillo,San Giovanni,radical 0.42 km
"41.8799,12.4781",Trastevere,Testaccio,radical 0.00 km
"41.8800,12.4769",Trastevere,Testaccio,radical 0.10 km
"41.8804,12.5137",Quartiere Ix Appio Latino,San Giovanni,radical 0.00 km
"41.8805,12.4733",Trastevere,Testaccio,radical 0.01 km
"41.8810,12.4555",Quartiere Xii Gianicolense,Monteverde,radical 0.25 km
"41.8813,12.5095",San Giovanni,San Giovanni,radical 0.13 km
"41.8814,12.5016",Furio Camillo,Celio,radical 0.48 km
"41.8814,12.5079",San Giovanni,San Giovanni,radical 0.00 km
"41.8815,12.4858",Trastevere,San Saba,radical 0.23 km
"41.8815,12.5126",Quartiere Ix Appio Latino,San Giovanni,radical 0.16 km
"41.8819,12.4808",Aventino,Ripa,radical 0.00 km
"41.8831,12.4571",Quartiere Xii Gianicolense,Monteverde,radical 0.11 km
"41.8832,12.4558",Quartiere Xii Gianicolense,Monteverde,radical 0.00 km
"41.8833,12.4873",Trastevere,Ripa,radical 0.00 km
"41.8833,16.1753",,,unknown
"41.8835,12.5195",Furio Camillo,San Giovanni,radical 0.00 km
"41.8835,12.5666",,Prenestino-Centocelle,unknown
"41.8836,12.5192",San Giovanni,San Giovanni,radical 0.00 km
"41.8850,12.4727",Pantheon,Trastevere,radical 0.13 km
"41.8850,12.5110",San Giovanni,San Giovanni,radical 0.00 km
"41.8850,12.5122",San Giovanni,San Giovanni,radical 0.10 km
"41.8850,12.5150",Esquilino,San Giovanni,radical 0.28 km
"41.8859,12.4693",Trastevere,Trastevere,radical 0.06 km
"41.8860,12.4713",Trastevere,Trastevere,radical 0.00 km
"41.8861,12.4726",Pantheon,Trastevere,radical 0.00 km
"41.8862,12.5179",Esquilino,San Giovanni,radical 0.00 km
"41.8864,12.4692",Trastevere,Trastevere,radical 0.00 km
"41.8868,12.5076",San Giovanni,San Giovanni,radical 0.09 km
"41.8868,12.5088",San Giovanni,San Giovanni,radical 0.00 km
"41.8868,12.5102",San Giovanni,San Giovanni,radical 0.07 km
"41.8869,12.5087",San Giovanni,San Giovanni,radical 0.00 km
"41.8870,12.5074",San Giovanni,San Giovanni,radical 0.11 km
"41.8870,12.5366",Pigneto,Prenestino-Labicano,radical 0.80 km
"41.8871,12.4676",Trastevere,Trastevere,radical 0.01 km
"41.8872,12.4686",Trastevere,Trastevere,radical 0.01 km
"41.8872,12.4735",Trastevere,Trastevere,radical 0.10 km
"41.8873,12.5107",San Giovanni,San Giovanni,radical 0.00 km
"41.8875,12.4702",Trastevere,Trastevere,radical 0.00 km
"41.8875,12.5056",Esquilino,San Giovanni,radical 0.00 km
"41.8878,12.4842",Colosseum,Campitelli,radical 0.00 km
"41.8879,12.4950",Colosseum,Monti,radical 0.11 km
"41.8881,12.4836",Colosseum,Campitelli,radical 0.06 km
"41.8883,12.4963",Colosseum,Monti,radical 0.03 km
"41.8884,12.4780",Bocca Della Verita,Trastevere,radical 0.23 km
"41.8885,12.4739",Trastevere,Trastevere,radical 0.07 km
"41.8886,12.4961",Colosseum,Monti,radical 0.01 km
"41.8887,12.4710",Trastevere,Trastevere,radical 0.08 km
"41.8887,12.5074",Manzoni,Esquilino,radical 0.06 km
"41.8890,12.4744",Bocca Della Verita,Trastevere,radical 0.10 km
"41.8891,12.4939",Colosseum,Monti,radical 0.02 km
"41.8892,12.4940",Colosseum,Monti,radical 0.01 km
"41.8892,12.5071",Manzoni,Esquilino,radical 0.00 km
"41.8893,12.4712",Trastevere,Trastevere,radical 0.01 km
"41.8893,12.4756",Bocca Della Verita,Trastevere,radical 0.01 km
"41.8893,12.4958",Colosseum,Monti,radical 0.01 km
"41.8893,12.5071",Manzoni,Esquilino,radical 0.00 km
"41.8894,12.4712",Trastevere,Trastevere,radical 0.00 km
"41.8895,12.4962",Colosseum,Monti,radical 0.04 km
"41.8895,12.5004",Vittorio Emanuele,Monti,radical 0.00 km
"41.8895,12.5069",Manzoni,Esquilino,radical 0.03 km
"41.8897,12.4956",Colosseum,Monti,radical 0.00 km
"41.8897,12.4996",Labicana,Monti,radical 0.03 km
"41.8898,12.4740",Bocca Della Verita,Trastevere,radical 0.14 km
"41.8898,12.4988",Labicana,Monti,radical 0.04 km
"41.8898,12.4993",Labicana,Monti,radical 0.01 km
"41.8899,12.4946",Monti,Monti,radical 0.01 km
"41.8899,12.4947",Monti,Monti,radical 0.01 km
"41.8901,12.5060",Esquilino,Esquilino,radical 0.01 km
"41.8901,12.5061",Esquilino,Esquilino,radical 0.00 km
"41.8903,12.5228",Pigneto Prenestina,Pigneto,radical 0.00 km
"41.8904,12.5280",Pigneto,Pigneto,radical 0.00 km
"41.8907,12.5263",Pigneto,Pigneto,radical 0.00 km
"41.8908,12.5000",Labicana,Monti,radical 0.12 km
"41.8909,12.5648",,Tor De' Schiavi,unknown
"41.8911,12.4690",Trastevere,Trastevere,radical 0.01 km
"41.8913,12.5193",Esquilino,San Lorenzo,radical 0.00 km
"41.8913,12.5194",Esquilino,San Lorenzo,radical 0.01 km
"41.8913,12.5195",Esquilino,San Lorenzo,radical 0.01 km
"41.8917,12.5139",Esquilino,Esquilino,radical 0.01 km
"41.8918,12.4687",Trastevere,Trastevere,radical 0.00 km
"41.8918,12.5138",Esquilino,Esquilino,radical 0.01 km
"41.8919,12.5145",Esquilino,Esquilino,radical 0.06 km
"41.8921,12.5047",Manzoni,Esquilino,radical 0.02 km
"41.8923,12.5047",Manzoni,Esquilino,radical 0.00 km
"41.8926,12.4808",Piazza Venezia,Sant'Angelo,radical 0.22 km
"41.8927,12.4754",Pantheon,Sant'Angelo,radical 0.14 km
"41.8927,12.4928",Monti,Monti,radical 0.22 km
"41.8929,12.5050",Esquilino,Esquilino,radical 0.00 km
"41.8929,12.5135",Esquilino,Esquilino,radical 0.13 km
"41.8930,12.4890",Roman Forum,Campitelli,radical 0.07 km
"41.8931,12.4726",Pantheon,Regola,radical 0.17 km
"41.8934,12.4887",Roman Forum,Campitelli,radical 0.04 km
"41.8935,12.4892",Roman Forum,Campitelli,radical 0.02 km
"41.8936,12.4891",Roman Forum,Campitelli,radical 0.00 km
"41.8939,12.4760",Pantheon,Sant'Angelo,radical 0.01 km
"41.8939,12.4773",Pantheon,Sant'Angelo,radical 0.01 km
"41.8941,12.4906",Colosseum,Monti,radical 0.00 km
"41.8942,12.4739",Pantheon,Regola,radical 0.01 km
"41.8942,12.4894",Monti,Campitelli,radical 0.00 km
"41.8943,12.4740",Pantheon,Regola,radical 0.01 km
"41.8943,12.4742",Pantheon,Regola,radical 0.00 km
"41.8943,12.4766",Pantheon,Sant'Angelo,radical 0.07 km
"41.8943,12.4811",Piazza Venezia,Sant'Angelo,radical 0.04 km
"41.8944,12.4742",Piazza Campo De Fiori,Regola,radical 0.00 km
"41.8944,12.4910",Piazza Di San Pietro In Vincoli,Monti,radical 0.01 km
"41.8944,12.5017",Monti,Monti,radical 0.05 km
"41.8945,12.5081",Vittorio Emanuele,Esquilino,radical 0.00 km
"41.8946,12.4809",Piazza Venezia,Sant'Angelo,radical 0.00 km
"41.8946,12.5067",Esquilino,Esquilino,radical 0.02 km
"41.8947,12.5068",Esquilino,Esquilino,radical 0.00 km
"41.8948,12.4723",Piazza Campo De Fiori,Regola,radical 0.00 km
"41.8948,12.5015",Monti,Monti,radical 0.00 km
"41.8949,12.4991",Brancaccio,Monti,radical 0.00 km
"41.8949,12.4992",Brancaccio,Monti,radical 0.01 km
"41.8951,12.4760",Largo Di Torre Argentina,Sant'Eustachio,radical 0.01 km
"41.8951,12.5092",Esquilino,Esquilino,radical 0.01 km
"41.8952,12.4394",Baldo Degli Ubaldi Station,Aurelio,radical 0.57 km
"41.8952,12.4774",Pantheon,Pigna,radical 0.01 km
"41.8952,12.4775",Pantheon,Pigna,radical 0.00 km
"41.8952,12.4776",Rione Ix Pigna,Pigna,radical 0.00 km
"41.8953,12.4457",S Pietro,Aurelio,radical 0.69 km
"41.8953,12.4741",Piazza Campo De Fiori,Regola,radical 0.00 km
"41.8953,12.4932",Monti,Monti,radical 0.00 km
"41.8955,12.4699",Piazza Campo De Fiori,Regola,radical 0.21 km
"41.8955,12.5143",Duomo - San Lorenzo,San Lorenzo,radical 0.37 km
"41.8957,12.4730",Piazza Campo De Fiori,Regola,radical 0.00 km
"41.8957,12.5012",Termini,Monti,radical 0.01 km
"41.8958,12.4777",Largo Di Torre Argentina,Pigna,radical 0.04 km
"41.8958,12.4785",Pantheon,Pigna,radical 0.00 km
"41.8958,12.5014",Monti,Monti,radical 0.00 km
"41.8959,12.4486",S Pietro,Aurelio,radical 0.44 km
"41.8959,12.4782",Largo Di Torre Argentina,Pigna,radical 0.01 km
"41.8959,12.5049",Termini,Esquilino,radical 0.20 km
"41.8960,12.4538",S Pietro,Civitas Vaticana - Città del Vaticano,radical 0.01 km
"41.8960,12.4540",S Pietro,Civitas Vaticana - Città del Vaticano,radical 0.00 km
"41.8960,12.4948",Monti,Monti,radical 0.00 km
"41.8961,12.4726",Piazza Campo De Fiori,Parione,radical 0.01 km
"41.8962,12.4322",Baldo Degli Ubaldi Station,Aurelio,radical 0.51 km
"41.8962,12.4758",Pantheon,Sant'Eustachio,radical 0.00 km
"41.8963,12.4947",Monti,Monti,radical 0.03 km
"41.8963,12.4950",Monti,Monti,radical 0.01 km
"41.8963,12.4951",Monti,Monti,radical 0.00 km
"41.8963,12.5010",Vittorio Emanuele,Monti,radical 0.00 km
"41.8964,12.4787",Pantheon,Pigna,radical 0.07 km
"41.8964,12.4906",Monti,Trevi,radical 0.23 km
"41.8965,12.4754",Pantheon,Sant'Eustachio,radical 0.00 km
"41.8965,12.4755",Pantheon,Sant'Eustachio,radical 0.00 km
"41.8965,12.4950",Cavour,Monti,radical 0.01 km
"41.8965,12.5150",Duomo - San Lorenzo,San Lorenzo,radical 0.25 km
"41.8966,12.4558",S Pietro,Borgo,radical 0.16 km
"41.8966,12.4747",Navona,Sant'Eustachio,radical 0.00 km
"41.8966,12.4809",Pantheon,Pigna,radical 0.12 km
"41.8966,12.5004",Termini,Monti,radical 0.00 km
"41.8966,12.5021",Vittorio Emanuele,Esquilino,radical 0.00 km
"41.8967,12.4955",Termini,Monti,radical 0.03 km
"41.8969,12.4947",Monti,Monti,radical 0.00 km
"41.8969,12.4957",Termini,Monti,radical 0.00 km
"41.8970,12.4854",Trevi,Trevi,radical 0.19 km
"41.8971,12.4773",Pantheon,Pigna,radical 0.12 km
"41.8971,12.4904",Monti,Trevi,radical 0.15 km
"41.8971,15.9581",Vico Del Gargano City Center,Terra,radical 0.00 km
"41.8972,12.4773",Pantheon,Pigna,radical 0.11 km
"41.8972,12.4900",Monti,Trevi,radical 0.15 km
"41.8973,12.4319",Baldo Degli Ubaldi Station,Aurelio,radical 0.45 km
"41.8973,12.4514",S Pietro,Civitas Vaticana - Città del Vaticano,radical 0.25 km
"41.8973,12.4743",Navona,Sant'Eustachio,radical 0.00 km
"41.8974,12.4820",Pantheon,Pigna,radical 0.00 km
"41.8974,12.4949",Monti,Monti,radical 0.00 km
"41.8975,12.4786",Pantheon,Pigna,radical 0.00 km
"41.8976,12.4330",Baldo Degli Ubaldi Station,Aurelio,radical 0.35 km
"41.8976,12.4832",Trevi,Pigna,radical 0.01 km
"41.8976,12.4833",Trevi,Pigna,radical 0.01 km
"41.8977,12.4971",Esquilino,Monti,radical 0.00 km
"41.8977,12.4972",Santa Maria Maggiore,Monti,radical 0.00 km
"41.8977,12.5020",Roman Forum,Esquilino,radical 0.00 km
"41.8977,12.5035",Termini,Esquilino,radical 0.00 km
"41.8977,12.5048",Termini,Esquilino,radical 0.00 km
"41.8978,12.4567",S Pietro,Borgo,radical 0.05 km
"41.8979,12.4751",Pantheon,Sant'Eustachio,radical 0.00 km
"41.8979,12.4963",Termini,Monti,radical 0.00 km
"41.8980,12.4968",Termini,Monti,radical 0.04 km
"41.8981,12.4713",Navona,Parione,radical 0.14 km
"41.8981,12.4796",Pantheon,Pigna,radical 0.10 km
"41.8982,12.4566",S Pietro,Borgo,radical 0.00 km
"41.8982,12.5012",Termini,Castro Pretorio,radical 0.07 km
"41.8984,12.4703",Navona,Parione,radical 0.12 km
"41.8984,12.4756",Pantheon,Sant'Eustachio,radical 0.07 km
"41.8984,12.4908",Monti,Trevi,radical 0.00 km
"41.8984,12.4999",Santa Maria Maggiore,Castro Pretorio,radical 0.01 km
"41.8985,12.4827",Trevi,Pigna,radical 0.11 km
"41.8985,12.4909",Monti,Trevi,radical 0.01 km
"41.8986,12.4328",Baldo Degli Ubaldi Station,Aurelio,radical 0.31 km
"41.8986,12.4774",Pantheon,Sant'Eustachio,radical 0.08 km
"41.8986,12.5019",Termini,Castro Pretorio,radical 0.05 km
"41.8987,12.5007",Termini,Castro Pretorio,radical 0.00 km
"41.8987,12.5152",Duomo - San Lorenzo,San Lorenzo,radical 0.01 km
"41.8987,12.5639",,Tor De' Schiavi,unknown
"41.8988,12.4991",Termini,Castro Pretorio,radical 0.00 km
"41.8989,12.4723",Navona,Parione,radical 0.04 km
"41.8989,12.5151",Duomo - San Lorenzo,San Lorenzo,radical 0.00 km
"41.8990,12.4270",Baldo Degli Ubaldi Station,Val Cannuta,radical 0.00 km
"41.8990,12.4671",S Pietro,Ponte,radical 0.11 km
"41.8990,12.4990",Termini,Castro Pretorio,radical 0.02 km
"41.8990,12.5017",Termini,Castro Pretorio,radical 0.00 km
"41.8990,12.5029",Termini,Castro Pretorio,radical 0.10 km
"41.8991,12.4727",Navona,Parione,radical 0.00 km
"41.8991,12.5006",Termini,Castro Pretorio,radical 0.01 km
"41.8992,12.4734",Pantheon,Sant'Eustachio,radical 0.04 km
"41.8992,12.4996",Termini,Castro Pretorio,radical 0.06 km
"41.8992,12.5014",Monti,Castro Pretorio,radical 0.00 km
"41.8992,12.5156",Duomo - San Lorenzo,San Lorenzo,radical 0.05 km
"41.8993,12.4710",Navona,Ponte,radical 0.00 km
"41.8993,12.4719",Navona,Parione,radical 0.00 km
"41.8994,12.4756",Pantheon,Sant'Eustachio,radical 0.01 km
"41.8994,12.4820",Trevi,Colonna,radical 0.21 km
"41.8994,12.5005",Termini,Castro Pretorio,radical 0.00 km
"41.8995,12.4950",Repubblica,Trevi,radical 0.00 km
"41.8995,12.5366",Tiburtina,Tiburtino,radical 0.85 km
"41.8996,12.4662",S Pietro,Ponte,radical 0.01 km
"41.8996,12.4805",Trevi,Pigna,radical 0.19 km
"41.8996,12.5016",Termini,Castro Pretorio,radical 0.03 km
"41.8997,12.4362",Baldo Degli Ubaldi Station,Aurelio,radical 0.00 km
"41.8997,12.4541",Vatican,Civitas Vaticana - Città del Vaticano,radical 0.08 km
"41.8997,12.4661",S Pietro,Ponte,radical 0.01 km
"41.8997,12.4919",Repubblica,Trevi,radical 0.01 km
"41.8997,12.5005",Termini,Castro Pretorio,radical 0.00 km
"41.8997,12.5011",Termini,Castro Pretorio,radical 0.01 km
"41.8997,12.5012",Termini,Castro Pretorio,radical 0.00 km
"41.8998,12.4199",Primavalle,Val Cannuta,radical 0.42 km
"41.8999,12.4520",Vatican,Civitas Vaticana - Città del Vaticano,radical 0.00 km
"41.8999,12.4521",Vatican,Civitas Vaticana - Città del Vaticano,radical 0.01 km
"41.8999,12.4527",Vatican,Civitas Vaticana - Città del Vaticano,radical 0.02 km
"41.8999,12.4530",Vatican,Civitas Vaticana - Città del Vaticano,radical 0.00 km
"41.8999,12.4532",Vatican,Civitas Vaticana - Città del Vaticano,radical 0.00 km
"41.8999,12.4646",Castel Sant Angelo,Ponte,radical 0.07 km
"41.8999,12.4949",Repubblica,Castro Pretorio,radical 0.05 km
"41.8999,12.5003",Termini,Castro Pretorio,radical 0.00 km
"41.9000,12.4550",St Peter Basilica,Civitas Vaticana - Città del Vaticano,radical 0.01 km
"41.9000,12.4723",Navona,Ponte,radical 0.00 km
"41.9000,12.4755",Rione Ix Pigna,Sant'Eustachio,radical 0.01 km
"41.9000,12.4759",Pantheon,Sant'Eustachio,radical 0.00 km
"41.9000,12.4917",Repubblica,Trevi,radical 0.04 km
"41.9000,12.4952",Repubblica,Castro Pretorio,radical 0.06 km
"41.9000,12.5013",Termini,Castro Pretorio,radical 0.00 km
"41.9001,12.4553",Vatican,Civitas Vaticana - Città del Vaticano,radical 0.00 km
"41.9001,12.4554",S Pietro,Civitas Vaticana - Città del Vaticano,radical 0.00 km
"41.9001,12.4777",Pantheon,Sant'Eustachio,radical 0.00 km
"41.9001,12.4944",Termini,Trevi,radical 0.01 km
"41.9002,12.4653",Castel Sant Angelo,Ponte,radical 0.00 km
"41.9002,12.5006",Termini,Castro Pretorio,radical 0.00 km
"41.9003,12.5002",Termini,Castro Pretorio,radical 0.00 km
"41.9005,12.4268",Primavalle,Val Cannuta,radical 0.00 km
"41.9005,12.4277",Primavalle,Aurelio,radical 0.07 km
"41.9005,12.4691",Navona,Ponte,radical 0.20 km
"41.9005,12.4792",Pantheon,Colonna,radical 0.13 km
"41.9007,12.4657",Castel Sant Angelo,Ponte,radical 0.07 km
"41.9007,12.4818",Rione Ix Pigna,Colonna,radical 0.10 km
"41.9008,12.4838",Trevi,Colonna,radical 0.05 km
"41.9013,12.4805",Trevi,Colonna,radical 0.00 km
"41.9013,12.4921",Repubblica,Trevi,radical 0.00 km
"41.9013,12.5042",Termini,Castro Pretorio,radical 0.00 km
"41.9014,12.4153",Primavalle,Val Cannuta,radical 0.00 km
"41.9014,12.4826",Rione Ix Pigna,Colonna,radical 0.00 km
"41.9016,12.4804",Trevi,Colonna,radical 0.03 km
"41.9017,12.4972",Termini,Castro Pretorio,radical 0.01 km
"41.9017,12.5036",Termini,Castro Pretorio,radical 0.00 km
"41.9017,12.5038",Termini,Castro Pretorio,radical 0.00 km
"41.9018,12.4734",Navona,Ponte,radical 0.00 km
"41.9018,12.4973",Termini,Castro Pretorio,radical 0.00 km
"41.9018,12.5033",Termini,Castro Pretorio,radical 0.00 km
"41.9019,12.4400",Baldo Degli Ubaldi Station,Aurelio,radical 0.40 km
"41.9019,12.4975",Termini,Castro Pretorio,radical 0.02 km
"41.9019,12.5041",Termini,Castro Pretorio,radical 0.00 km
"41.9019,12.5042",Termini,Castro Pretorio,radical 0.00 km
"41.9021,12.4375",Baldo Degli Ubaldi Station,Aurelio,radical 0.29 km
"41.9021,12.4957",Repubblica,Castro Pretorio,radical 0.00 km
"41.9022,12.4758",Pantheon,Sant'Eustachio,radical 0.00 km
"41.9022,12.5045",Termini,Castro Pretorio,radical 0.02 km
"41.9022,12.5048",Termini,Castro Pretorio,radical 0.00 km
"41.9023,12.4738",Navona,Ponte,radical 0.00 km
"41.9023,12.4856",Trevi,Trevi,radical 0.01 km
"41.9023,12.4870",Trevi,Trevi,radical 0.01 km
"41.9023,12.5038",Termini,Castro Pretorio,radical 0.05 km
"41.9025,12.4779",Pantheon,Colonna,radical 0.18 km
"41.9025,12.4848",Repubblica,Colonna,radical 0.00 km
"41.9028,12.4585",Roma Vatican Museums,Borgo,radical 0.09 km
"41.9030,12.5027",Termini,Castro Pretorio,radical 0.00 km
"41.9030,12.5047",Termini,Castro Pretorio,radical 0.01 km
"41.9031,12.4934",Repubblica,Ludovisi,radical 0.00 km
"41.9032,12.4862",Repubblica,Trevi,radical 0.00 km
"41.9033,12.5041",Termini,Castro Pretorio,radical 0.00 km
"41.9034,12.4825",Pantheon,Colonna,radical 0.10 km
"41.9035,12.2843",,Castel di Guido,unknown
"41.9035,12.4578",Roma Vatican Museums,Borgo,radical 0.05 km
"41.9035,12.4800",Trevi,Colonna,radical 0.25 km
"41.9036,12.4582",Roma Vatican Museums,Borgo,radical 0.01 km
"41.9036,12.4583",Roma Vatican Museums,Borgo,radical 0.00 km
"41.9037,12.5898",,Tor Sapienza,unknown
"41.9038,12.3932",,Montespaccato,unknown
"41.9038,12.4812",Pantheon,Colonna,radical 0.15 km
"41.9039,12.4872",Trevi,Trevi,radical 0.00 km
"41.9039,12.5006",Termini,Castro Pretorio,radical 0.01 km
"41.9039,12.5012",Castro Pretorio,Castro Pretorio,radical 0.03 km
"41.9039,12.5016",Castro Pretorio,Castro Pretorio,radical 0.00 km
"41.9041,12.4625",Castel Sant Angelo,Borgo,radical 0.00 km
"41.9043,12.4593",Vatican,Borgo,radical 0.00 km
"41.9043,12.4829",Pantheon,Colonna,radical 0.00 km
"41.9043,12.4997",Termini,Castro Pretorio,radical 0.00 km
"41.9045,12.4900",Trevi,Ludovisi,radical 0.24 km
"41.9045,12.5002",Repubblica,Castro Pretorio,radical 0.04 km
"41.9047,12.4715",Castel Sant Angelo,Ponte,radical 0.00 km
"41.9047,12.4999",Repubblica,Castro Pretorio,radical 0.00 km
"41.9049,12.4457",Piazza Di San Pietro In Vincoli,Aurelio,radical 0.13 km
"41.9051,12.4684",Castel Sant Angelo,Prati,radical 0.00 km
"41.9051,12.4991",Termini,Castro Pretorio,radical 0.00 km
"41.9053,12.4169",Primavalle,Val Cannuta,radical 0.45 km
"41.9053,12.4682",Cavour,Prati,radical 0.00 km
"41.9054,12.4484",Piazza Di San Pietro In Vincoli,Civitas Vaticana - Città del Vaticano,radical 0.15 km
"41.9055,12.5040",Termini,Castro Pretorio,radical 0.25 km
"41.9056,12.4632",Castel Sant Angelo,Prati,radical 0.18 km
"41.9058,12.4451",Vatican,Aurelio,radical 0.11 km
"41.9058,12.4466",Piazza Di San Pietro In Vincoli,Civitas Vaticana - Città del Vaticano,radical 0.00 km
"41.9058,12.4734",Roman Forum,Campo Marzio,radical 0.01 km
"41.9062,12.4784",Spanish Steps,Campo Marzio,radical 0.00 km
"41.9062,12.4799",Spanish Steps,Campo Marzio,radical 0.13 km
"41.9062,12.5872",,Tor Sapienza,unknown
"41.9062,12.6849",,Villaggio Prenestino,unknown
"41.9065,12.4818",Pantheon,Campo Marzio,radical 0.26 km
"41.9065,12.5010",Repubblica,Castro Pretorio,radical 0.22 km
"41.9066,12.4439",Vatican,Aurelio,radical 0.00 km
"41.9066,12.4502",Vatican,Civitas Vaticana - Città del Vaticano,radical 0.00 km
"41.9066,12.5168",Nomentano,Tiburtino,radical 0.01 km
"41.9067,12.4524",Vatican,Civitas Vaticana - Città del Vaticano,radical 0.03 km
"41.9067,12.5361",Tiburtina,Tiburtino,radical 0.17 km
"41.9068,12.4448",Vatican,Aurelio,radical 0.00 km
"41.9069,12.4137",Primavalle,Val Cannuta,radical 0.62 km
"41.9069,12.4526",Vatican,Civitas Vaticana - Città del Vaticano,radical 0.00 km
"41.9069,12.4568",Vatican,Civitas Vaticana - Città del Vaticano,radical 0.04 km
"41.9069,12.5165",Nomentano,Tiburtino,radical 0.04 km
"41.9070,12.4444",Termini,Aurelio,radical 0.00 km
"41.9070,12.4589",Vatican,Prati,radical 0.17 km
"41.9070,12.4780",Via Del Corso,Campo Marzio,radical 0.00 km
"41.9070,12.5370",Tiburtina,Casal Bruciato,radical 0.09 km
"41.9071,12.4170",Primavalle,Val Cannuta,radical 0.65 km
"41.9071,12.4443",Termini,Aurelio,radical 0.01 km
"41.9071,12.5381",Tiburtina,Casal Bruciato,radical 0.00 km
"41.9072,12.4456",Vatican,Civitas Vaticana - Città del Vaticano,radical 0.00 km
"41.9072,12.4541",Roma Vatican Museums,Civitas Vaticana - Città del Vaticano,radical 0.04 km
"41.9072,12.4566",Vatican,Civitas Vaticana - Città del Vaticano,radical 0.01 km
"41.9072,12.4588",Prati,Prati,radical 0.15 km
"41.9074,12.4528",Vatican,Civitas Vaticana - Città del Vaticano,radical 0.01 km
"41.9074,12.4563",Vatican,Civitas Vaticana - Città del Vaticano,radical 0.03 km
"41.9074,12.4569",Vatican,Civitas Vaticana - Città del Vaticano,radical 0.00 km
"41.9075,12.4543",Roma Vatican Museums,Civitas Vaticana - Città del Vaticano,radical 0.00 km
"41.9075,12.4570",Vatican,Civitas Vaticana - Città del Vaticano,radical 0.01 km
"41.9075,12.4699",Prati,Prati,radical 0.05 km
"41.9075,12.4896",Villa Borghese,Ludovisi,radical 0.00 km
"41.9076,12.4503",Vatican,Civitas Vaticana - Città del Vaticano,radical 0.01 km
"41.9076,12.4558",Vatican,Civitas Vaticana - Città del Vaticano,radical 0.00 km
"41.9076,12.4663",Prati,Prati,radical 0.01 km
"41.9076,12.4664",Prati,Prati,radical 0.00 km
"41.9077,12.4553",Vatican,Civitas Vaticana - Città del Vaticano,radical 0.04 km
"41.9077,12.4704",Prati,Prati,radical 0.01 km
"41.9077,12.4992",Termini,Sallustiano,radical 0.29 km
"41.9079,12.4462",Vatican,Civitas Vaticana - Città del Vaticano,radical 0.00 km
"41.9079,12.4611",Ottaviano,Prati,radical 0.11 km
"41.9079,12.4886",Villa Borghese,Ludovisi,radical 0.09 km
"41.9080,12.4538",Roma Vatican Museums,Civitas Vaticana - Città del Vaticano,radical 0.07 km
"41.9080,12.4636",Prati,Prati,radical 0.23 km
"41.9080,12.5397",Tiburtina,Casal Bruciato,radical 0.17 km
"41.9082,12.4678",Prati,Prati,radical 0.00 km
"41.9084,12.4538",Ottaviano,Civitas Vaticana - Città del Vaticano,radical 0.08 km
"41.9084,12.4600",Ottaviano,Prati,radical 0.00 km
"41.9084,12.5181",Nomentano,Nomentano,radical 0.22 km
"41.9085,12.4556",Vatican,Civitas Vaticana - Città del Vaticano,radical 0.01 km
"41.9085,12.4583",Prati,Prati,radical 0.00 km
"41.9085,12.4974",Termini,Sallustiano,radical 0.41 km
"41.9086,12.4555",Vatican,Civitas Vaticana - Città del Vaticano,radical 0.01 km
"41.9087,12.4584",Prati,Prati,radical 0.02 km
"41.9087,12.4776",Piazza Del Popolo,Campo Marzio,radical 0.00 km
"41.9087,12.4883",Spanish Steps,Ludovisi,radical 0.00 km
"41.9087,12.4884",Spanish Steps,Ludovisi,radical 0.01 km
"41.9087,12.4904",Porta Pinciana,Ludovisi,radical 0.00 km
"41.9087,12.5482",Collatino,Casal Bruciato,radical 0.18 km
"41.9088,12.4563",Prati,Civitas Vaticana - Città del Vaticano,radical 0.01 km
"41.9088,12.4617",Ottaviano,Prati,radical 0.15 km
"41.9088,12.4772",Flaminio,Campo Marzio,radical 0.00 km
"41.9089,12.5246",Tiburtina,Tiburtino,radical 0.19 km
"41.9090,12.4500",Vatican,Civitas Vaticana - Città del Vaticano,radical 0.15 km
"41.9090,12.4575",Lepanto,Prati,radical 0.00 km
"41.9090,12.4607",Ottaviano,Prati,radical 0.09 km
"41.9091,12.4521",Ottaviano,Civitas Vaticana - Città del Vaticano,radical 0.00 km
"41.9091,12.4542",Ottaviano,Civitas Vaticana - Città del Vaticano,radical 0.00 km
"41.9091,12.5216",Tiburtina,Nomentano,radical 0.13 km
"41.9092,12.4536",Ottaviano,Civitas Vaticana - Città del Vaticano,radical 0.00 km
"41.9093,12.4541",Ottaviano,Civitas Vaticana - Città del Vaticano,radical 0.02 km
"41.9093,12.4941",Porta Pinciana,Sallustiano,radical 0.31 km
"41.9094,12.4985",Termini,Sallustiano,radical 0.48 km
"41.9094,12.5463",Collatino,Casal Bruciato,radical 0.01 km
"41.9097,12.4483",Vatican,Città giudiziaria,radical 0.16 km
"41.9097,12.4577",Lepanto,Prati,radical 0.08 km
"41.9098,12.4664",Prati,Prati,radical 0.21 km
"41.9099,12.4978",Termini,Sallustiano,radical 0.55 km
"41.9099,12.5228",Tiburtina,Nomentano,radical 0.00 km
"41.9099,12.5399",Tiburtina,Casal Bruciato,radical 0.35 km
"41.9100,12.5282",Tiburtina,Nomentano,radical 0.01 km
"41.9102,12.5287",Tiburtina,Nomentano,radical 0.04 km
"41.9104,12.5001",Termini,Sallustiano,radical 0.60 km
"41.9105,12.5290",Tiburtina,Nomentano,radical 0.01 km
"41.9106,12.4549",Roma Vatican Museums,Città giudiziaria,radical 0.05 km
"41.9108,12.4496",Vatican,Città giudiziaria,radical 0.00 km
"41.9110,12.4550",Roma Vatican Museums,Città giudiziaria,radical 0.00 km
"41.9112,12.5715",,Colli Aniene,unknown
"41.9115,12.5042",Termini,Salario,radical 0.83 km
"41.9115,12.5358",Tiburtina,Casal Bruciato,radical 0.53 km
"41.9117,12.4434",Vatican,Trionfale,radical 0.48 km
"41.9117,12.4548",Roma Vatican Museums,Città giudiziaria,radical 0.08 km
"41.9118,12.5265",Tiburtina,Nomentano,radical 0.00 km
"41.9118,12.5268",Tiburtina,Nomentano,radical 0.00 km
"41.9119,12.3511",,Casalotti,unknown
"41.9120,12.4755",Lepanto,Campo Marzio,radical 0.00 km
"41.9120,12.6047",La Rustica,La Rustica,radical 0.57 km
"41.9121,12.5248",Tiburtina,Nomentano,radical 0.00 km
"41.9122,12.4761",Piazza Del Popolo,Campo Marzio,radical 0.00 km
"41.9123,12.4750",Lepanto,Campo Marzio,radical 0.06 km
"41.9124,12.4763",Flaminio,Campo Marzio,radical 0.00 km
"41.9125,12.4757",Piazza Del Popolo,Campo Marzio,radical 0.00 km
"41.9128,12.4538",Ottaviano,Città giudiziaria,radical 0.00 km
"41.9128,12.4984",Porta Pinciana,Salario,radical 0.80 km
"41.9129,12.5065",Termini,Salario,spread 0.25 km
"41.9130,12.5196",Tiburtina,Nomentano,radical 0.43 km
"41.9133,12.4054",,Bastogi,unknown
"41.9133,12.4510",Ottaviano,Città giudiziaria,radical 0.24 km
"41.9135,12.5070",Trieste,Salario,spread 0.28 km
"41.9136,12.4750",Prati,Campo Marzio,radical 0.00 km
"41.9138,12.4563",Ottaviano,Città giudiziaria,radical 0.23 km
"41.9140,12.4499",Ottaviano,Città giudiziaria,radical 0.35 km
"41.9142,12.6109",La Rustica,La Rustica,radical 0.00 km
"41.9148,12.5041",Trieste,Salario,radical 0.82 km
"41.9154,12.4560",Quartiere Xv Della Vittoria,Città giudiziaria,radical 0.20 km
"41.9159,12.5462",Tiburtina,Pietralata,radical 0.00 km
"41.9161,12.3742",,Casalotti,unknown
"41.9161,12.5595",,Casal Bruciato,unknown
"41.9162,12.3719",,Casalotti,unknown
"41.9164,12.4954",Porta Pinciana,Salario,radical 0.95 km
"41.9167,12.4614",Quartiere Xv Della Vittoria,Della Vittoria,radical 0.46 km
"41.9172,12.4559",Quartiere Xv Della Vittoria,Città giudiziaria,radical 0.00 km
"41.9188,12.7260",,Fosso San Giuliano,unknown
"41.9195,12.2395",,,unknown
"41.9196,15.8033",,,unknown
"41.9197,12.4600",Flaminio,Della Vittoria,radical 0.30 km
"41.9198,12.5253",Tiburtina,Nomentano,radical 0.85 km
"41.9206,12.3647",,Casalotti,unknown
"41.9208,12.7242",,Fosso San Giuliano,unknown
"41.9210,12.4719",Prati,Flaminio,radical 0.86 km
"41.9220,12.4582",Flaminio,Della Vittoria,radical 0.00 km
"41.9222,12.5039",Trieste,Quartiere Coppedè,radical 0.00 km
"41.9223,12.4585",Flaminio,Della Vittoria,radical 0.00 km
"41.9228,12.4415",,Balduina,unknown
"41.9233,12.4366",,Balduina,unknown
"41.9234,12.4702",Flaminio,Flaminio,radical 0.72 km
"41.9260,12.4816",,Parioli,unknown
"41.9274,12.4634",Flaminio,Flaminio,radical 0.01 km
"41.9275,12.5237",Nomentana,Quartiere Africano,radical 0.39 km
"41.9285,12.4231",,Columbus,unknown
"41.9287,12.4567",Roma Stadio Olimpico,Della Vittoria,radical 0.00 km
"41.9290,12.4915",,Parioli,unknown
"41.9293,12.5229",Nomentana,Quartiere Africano,radical 0.18 km
"41.9295,12.5598",,Ponte Mammolo,unknown
"41.9296,12.5118",Nomentana,Trieste,radical 0.00 km
"41.9296,12.5120",Nomentana,Trieste,radical 0.02 km
"41.9298,12.4656",Roma Stadio Olimpico,Flaminio,radical 0.00 km
"41.9303,12.4646",Roma Stadio Olimpico,Della Vittoria,radical 0.10 km
"41.9307,12.5217",Nomentana,Quartiere Africano,radical 0.00 km
"41.9310,12.4663",Flaminio,Ponte Milvio,radical 0.00 km
"41.9311,12.4655",Parioli,Ponte Milvio,radical 0.00 km
"41.9313,12.4214",,Torrevecchia,unknown
"41.9313,12.4657",Parioli,Ponte Milvio,radical 0.03 km
"41.9317,12.4656",Parioli,Ponte Milvio,radical 0.00 km
"41.9324,12.4657",Parioli,Ponte Milvio,radical 0.08 km
"41.9343,12.5299",Nomentana,Monte Sacro,radical 0.79 km
"41.9373,12.5568",,Ponte Mammolo,unknown
"41.9376,12.4702",Parioli,Ponte Milvio,radical 0.75 km
"41.9382,12.5353",,Monte Sacro,unknown
"41.9395,12.3790",,Selva Nera,unknown
"41.9420,12.5527",,Monte Sacro Alto,unknown
"41.9422,12.5218",Nomentana,Monte Sacro,radical 0.56 km
"41.9422,12.5486",,Monte Sacro Alto,unknown
"41.9436,12.6499",,Case Rosse,unknown
"41.9437,16.0179",,,unknown
"41.9438,12.5590",,Monte Sacro Alto,unknown
"41.9451,12.6000",Casal Monastero,San Basilio,radical 0.01 km
"41.9452,12.5164",Nomentana,Val Melaina,radical 0.00 km
"41.9461,12.5280",Nomentana,Tufello,radical 0.93 km
"41.9475,12.5577",,Monte Sacro Alto,unknown
"41.9476,12.5272",Nomentana,Tufello,radical 0.80 km
"41.9489,12.5320",,Tufello,unknown
"41.9494,14.4754",,,unknown
"41.9495,12.0766",,Piane di Vaccina,unknown
"41.9499,12.0793",,Piane di Vaccina,unknown
"41.9503,12.5182",Nomentana,Val Melaina,radical 0.00 km
"41.9506,12.0806",,Piane di Vaccina,unknown
"41.9509,12.7606",,Villa Adriana,unknown
"41.9515,12.8310",,Monitola,unknown
"41.9565,12.8038",Villa D Este,Regresso,radical 0.00 km
"41.9574,12.4003",,Ottavia,unknown
"41.9580,12.5235",Vigne Nuove,Serpentara,radical 0.63 km
"41.9584,13.0514",,Barili,unknown
"41.9590,13.5382",,,unknown
"41.9606,12.5307",Vigne Nuove,Serpentara,radical 0.05 km
"41.9608,12.5301",Vigne Nuove,Serpentara,radical 0.00 km
"41.9610,13.4771",,,unknown
"41.9636,12.7994",Villa D Este,Regresso,radical 0.02 km
"41.9637,12.7996",Villa D Este,Regresso,radical 0.01 km
"41.9638,12.4448",,Tomba di Nerone,unknown
"41.9650,12.5247",Vigne Nuove,Serpentara,radical 0.65 km
"41.9656,12.4517",,Tomba di Nerone,unknown
"41.9658,12.4426",,Tomba di Nerone,unknown
"41.9706,13.3962",,,unknown
"41.9724,12.5400",,Porta di Roma,unknown
"41.9733,12.4295",,Cassia,unknown
"41.9738,12.5321",,Porta di Roma,unknown
"41.9745,12.5139",,Fidene,unknown
"41.9780,12.4122",,La Giustiniana,unknown
"41.9816,12.0569",,Piano del Candeliere,unknown
"41.9827,14.6592",,Borgo,unknown
"41.9914,12.0917",,Poggio dell'Asino,unknown
"41.9916,12.4802",,Labaro,unknown
"41.9942,14.9734",,,unknown
"41.9951,12.6189",,Tor Lupara,unknown
"41.9973,14.9911",,,unknown
"41.9977,12.3915",,Centro Grande,unknown
"41.9982,12.6225",,Tor Lupara,unknown
"41.9995,14.9967",,,unknown
"42.0008,14.9965",,,unknown
"42.0097,12.3765",,La Storta,unknown
"42.0212,12.7431",,,unknown
"42.0223,12.6477",,Casali,unknown
"42.0255,13.0001",,,unknown
"42.0323,13.4268",,Il Cupello,unknown
"42.0343,13.4289",,Il Cupello,unknown
"42.0422,13.4224",,La Pulcina,unknown
"42.0458,13.9247",,Zappannotte,unknown
"42.0460,14.7309",,Rione Istonio,unknown
"42.0513,13.9278",,Zappannotte,unknown
"42.0514,12.4016",,Isola Farnese,unknown
"42.0622,12.5956",,Vallericca,unknown
"42.0679,14.7741",,Padula,unknown
"42.0712,12.2908",,Colle Biadaro,unknown
"42.0732,13.2521",,,unknown
"42.0748,14.7230",,Colle Pizzuto,unknown
"42.0774,13.5436",,,unknown
"42.0853,13.5478",,,unknown
"42.0883,13.5380",,,unknown
"42.0904,11.7937",Civitavecchia Railway Station,Borgo Odescalchi,radical 0.00 km
"42.0904,11.7952",Civitavecchia Railway Station,Borgo Odescalchi,radical 0.00 km
"42.0916,11.7921",Civitavecchia Railway Station,Borgo Odescalchi,radical 0.13 km
"42.0917,13.8758",,,unknown
"42.0918,11.7950",Civitavecchia Railway Station,Borgo Odescalchi,radical 0.15 km
"42.0922,13.3618",,,unknown
"42.0928,11.7918",Civitavecchia Railway Station,Borgo Odescalchi,radical 0.00 km
"42.0947,11.8035",Civitavecchia 1,Cisterna Faro,radical 0.76 km
"42.0950,11.7942",Civitavecchia 1,Borgo Odescalchi,radical 0.00 km
"42.0952,11.7897",Civitavecchia 1,Borgo Odescalchi,radical 0.00 km
"42.0961,11.7897",Civitavecchia Port,Borgo Odescalchi,radical 0.00 km
"42.0991,13.0531",,,unknown
"42.0996,13.0870",,,unknown
"42.1045,14.7025",,Sant'Onofrio,unknown
"42.1097,12.1815",,Bracciano Due,unknown
"42.1130,14.7082",Vasto City Center,Centro storico,radical 0.16 km
"42.1133,14.7063",Vasto City Center,Centro storico,radical 0.00 km
"42.1192,14.3577",,Selva d'Altino,unknown
"42.1222,14.4250",,Monte Marcone,unknown
"42.1228,14.4020",,Piana La Fara,unknown
"42.1240,13.8426",,,unknown
"42.1246,14.0268",,,unknown
"42.1247,14.3200",,Selva Piana,unknown
"42.1253,14.3044",,Selva Piana,unknown
"42.1310,12.1290",,Parco Praecilia,unknown
"42.1368,12.7372",,Pezze Nere,unknown
"42.1441,14.6998",,Incoronata,unknown
"42.1467,14.7130",,Vignola a Mare,unknown
"42.1578,12.5893",,,unknown
"42.1942,13.9086",,,unknown
"42.1954,14.2179",,Sciorilli,unknown
"42.2089,12.4820",,,unknown
"42.2107,12.4800",,,unknown
"42.2208,14.4483",,Villa Scorciosa,unknown
"42.2279,14.3884",,Borgo,unknown
"42.2285,14.3966",,Sant'Antonio,unknown
"42.2348,13.7258",,,unknown
"42.2426,13.9269",,,unknown
"42.2460,13.9391",,,unknown
"42.2473,14.4829",,Vètiche,unknown
"42.2892,12.2125",,,unknown
"42.3236,12.2431",,,unknown
"42.3249,13.5909",,,unknown
"42.3363,14.1751",,Fontanelle,unknown
"42.3423,13.3897",,Quarto di San Giovanni,unknown
"42.3429,14.2596",,,unknown
"42.3438,13.4739",,,unknown
"42.3443,14.1291",,Santa Filomena,unknown
"42.3466,14.4020",,Fonte Grande,unknown
"42.3486,13.3928",,Quarto di San Giovanni,unknown
"42.3513,13.3439",,Campo di Pile,unknown
"42.3515,11.6075",,Comprensorio Torre di Maremma,unknown
"42.3517,14.4027",,Fonte Grande,unknown
"42.3548,14.0290",,,unknown
"42.3553,13.4012",,Quarto di Santa Maria,unknown
"42.3557,14.1395",,Chieti Scalo,unknown
"42.3575,14.1389",,Chieti Scalo,unknown
"42.3584,10.9215",Giglio Porto,,radical 0.01 km
"42.3596,13.4713",,,unknown
"42.3629,14.1408",,Chieti Scalo,unknown
"42.3697,13.3566",,Contrada Vetoio,unknown
"42.3966,14.0469",,Rapattoni Nuovo,unknown
"42.3998,11.4998",,,unknown
"42.4028,12.8615",,Borgo,unknown
"42.4041,14.1610",,Dragonara,unknown
"42.4087,14.2803",,,unknown
"42.4114,12.7693",,,unknown
"42.4134,14.1736",,Dragonara,unknown
"42.4159,12.1066",Viterbo City Center,San Pellegrino,radical 0.94 km
"42.4206,12.1161",Viterbo City Center,Cappuccini,radical 0.00 km
"42.4209,12.1042",Viterbo City Center,Pilastro,radical 0.98 km
"42.4253,14.2734",,,unknown
"42.4268,12.1044",,Villanova,unknown
"42.4329,11.1564",,,unknown
"42.4345,11.1206",,,unknown
"42.4426,12.1737",,Pallone,unknown
"42.4481,14.2133",,San Donato,unknown
"42.4523,12.7693",,,unknown
"42.4531,12.1552",,Pallone,unknown
"42.4560,14.2103",,Rancitelli,unknown
"42.4560,14.2165",Pescara Centrale Train Station,Porta Nuova,radical 0.57 km
"42.4570,14.1876",,Rione Partenze,unknown
"42.4582,14.2229",Pescara Centrale Train Station,Porta Nuova,radical 0.01 km
"42.4600,14.2130",Pescara Centrale Train Station,Porta Nuova,radical 0.83 km
"42.4600,14.2131",Pescara Centrale Train Station,Porta Nuova,radical 0.82 km
"42.4615,14.2251",Pescara Centrale Train Station,Porta Nuova,radical 0.41 km
"42.4623,14.2153",Pescara Centrale Train Station,Porta Nuova,radical 0.63 km
"42.4624,14.2044",Pescara Centrale Train Station,Rione Partenze,radical 0.20 km
"42.4642,14.2045",Pescara Centrale Train Station,Rione Partenze,radical 0.00 km
"42.4660,14.2100",Pescara Centrale Train Station,Rione Partenze,radical 0.27 km
"42.4665,14.2204",Pescara Centrale Train Station,Porta Nuova,radical 0.00 km
"42.4671,11.7504",,,unknown
"42.4679,14.2038",Pescara Centrale Train Station,Rione Partenze,radical 0.00 km
"42.4682,14.2113",Pescara Centrale Train Station,Rione Partenze,radical 0.00 km
"42.4685,14.2145",Pescara Centrale Train Station,Rione Partenze,radical 0.27 km
"42.4692,14.2074",Pescara Centrale Train Station,Rione Partenze,radical 0.17 km
"42.4696,14.2095",Pescara Centrale Train Station,Rione Partenze,radical 0.16 km
"42.4703,14.2078",Pescara Centrale Train Station,Rione Partenze,radical 0.05 km
"42.4706,14.2082",Pescara Centrale Train Station,Rione Partenze,radical 0.00 km
"42.4709,14.2066",Pescara Centrale Train Station,Rione Partenze,radical 0.00 km
"42.4713,14.2058",Pescara Centrale Train Station,Rione Partenze,radical 0.00 km
"42.4716,14.2063",Pescara Centrale Train Station,Rione Partenze,radical 0.06 km
"42.4721,14.2043",Pescara Centrale Train Station,Rione Partenze,radical 0.00 km
"42.4727,14.2039",Pescara Centrale Train Station,Rione Partenze,radical 0.01 km
"42.4729,14.2043",Pescara Centrale Train Station,Rione Partenze,radical 0.01 km
"42.4748,14.2011",Pescara Centrale Train Station,Rione Partenze,radical 0.00 km
"42.4748,14.2033",Pescara Centrale Train Station,Rione Partenze,radical 0.18 km
"42.4887,14.1817",,Santa Filomena,unknown
"42.4956,14.1809",,Santa Filomena,unknown
"42.4964,14.1746",,Villa Verlengia,unknown
"42.4990,14.1776",,Villa Verlengia,unknown
"42.5009,14.1341",,Villa Carmine,unknown
"42.5033,13.6581",,,unknown
"42.5088,14.1653",,Villa Verrocchio,unknown
"42.5181,12.5158",,,unknown
"42.5205,14.0730",,,unknown
"42.5262,13.8916",,,unknown
"42.5359,14.1377",,Silville,unknown
"42.5437,14.1224",,Colle Stella,unknown
"42.5449,11.7648",,,unknown
"42.5500,11.7266",,,unknown
"42.5519,12.6345",,Cospea,unknown
"42.5647,12.6516",Terni Railway Station,Città Giardino,radical 0.00 km
"42.5647,12.6517",Terni Railway Station,Città Giardino,radical 0.01 km
"42.5671,12.6481",Terni Railway Station,Città Giardino,radical 0.39 km
"42.5684,12.6349",,Borgo Rivo,unknown
"42.5686,12.6453",Terni Railway Station,Città Giardino,radical 0.67 km
"42.5853,12.2630",,,unknown
"42.5885,11.5179",,,unknown
"42.6082,13.7579",,,unknown
"42.6138,14.0617",,Villa Ardente,unknown
"42.6458,12.2039",,,unknown
"42.6464,11.9839",,,unknown
"42.6588,13.7016",,San Giorgio,unknown
"42.6599,13.6961",,San Giorgio,unknown
"42.6617,13.7145",,Gammarana,unknown
"42.6656,14.0229",,,unknown
"42.6691,13.7133",,Villa Mosca,unknown
"42.7123,13.9038",,,unknown
"42.7170,13.6697",,,unknown
"42.7171,12.1113",,Gabelletta,unknown
"42.7171,12.1125",,Gabelletta,unknown
"42.7198,12.1166",,Gabelletta,unknown
"42.7256,12.0957",,Gabelletta,unknown
"42.7341,12.7372",,San Nicolò,unknown
"42.7405,12.7378",,San Nicolò,unknown
"42.7429,10.2366",Marina Di Campo,,radical 0.45 km
"42.7463,13.9683",,,unknown
"42.7464,10.2337",Marina Di Campo,,radical 0.00 km
"42.7466,12.7436",,San Nicolò,unknown
"42.7539,13.9648",,,unknown
"42.7565,13.9619",,,unknown
"42.7601,11.1140",Grosseto City Centre,Centro storico,radical 0.00 km
"42.7644,11.1102",Grosseto City Centre,Porta Nuova,radical 0.01 km
"42.7771,13.4155",,,unknown
"42.7860,10.2458",Procchio,,radical 0.01 km
"42.7948,13.6424",,,unknown
"42.7981,10.2937",,San Giovanni,unknown
"42.8057,10.3129",,San Giovanni,unknown
"42.8087,10.1942",,Casevecchie,unknown
"42.8109,10.3198",,San Giovanni,unknown
"42.8120,10.3223",,San Giovanni,unknown
"42.8134,10.3220",,San Giovanni,unknown
"42.8144,10.3264",,San Giovanni,unknown
"42.8323,13.9238",,Villa Fiore,unknown
"42.8488,13.9161",,,unknown
"42.8507,13.5902",,Porta Maggiore,unknown
"42.8801,11.5399",,,unknown
"42.8875,13.9169",,Sentina,unknown
"42.8883,12.6504",,San Fortunato,unknown
"42.9016,13.8910",,Agraria,unknown
"42.9143,13.9036",,Sentina,unknown
"42.9148,13.8960",,Porto d'Ascoli centro,unknown
"42.9152,13.9004",,Mare,unknown
"42.9156,13.8977",,Mare,unknown
"42.9161,13.9021",,Mare,unknown
"42.9183,12.0937",,,unknown
"42.9203,13.8370",,,unknown
"42.9208,13.8880",,Ragnola,unknown
"42.9251,10.7553",,,unknown
"42.9343,12.6752",,Case Bruciate,unknown
"42.9462,13.8860",,Sant'Antonio,unknown
"42.9510,13.8772",,Paese Alto,unknown
"42.9540,12.7061",,Case Bruciate,unknown
"42.9603,13.8756",,San Filippo Neri,unknown
"42.9635,13.8757",,Ischia,unknown
"42.9665,11.9015",,,unknown
"42.9729,13.8723",,Ischia,unknown
"42.9752,13.8768",,Ischia,unknown
"42.9856,12.6744",,Ponte Chiona,unknown
"42.9878,12.4183",,Pontenuovo,unknown
"42.9895,13.8690",,Ischia,unknown
"43.0263,12.4422",,Olmone,unknown
"43.0291,10.6013",,,unknown
"43.0385,13.2966",,,unknown
"43.0547,11.6090",,Prato,unknown
"43.0549,11.4886",,Quartiere Borghetto,unknown
"43.0551,11.4890",,Quartiere Borghetto,unknown
"43.0561,12.5886",Assisi City Center,,radical 0.42 km
"43.0588,12.5801",Assisi City Center,,radical 0.01 km
"43.0589,12.5781",Assisi City Center,,radical 0.16 km
"43.0589,12.5802",Assisi City Center,,radical 0.02 km
"43.0593,12.5857",Assisi City Center,,radical 0.00 km
"43.0600,12.5824",Assisi City Center,,radical 0.23 km
"43.0602,12.5752",Assisi City Center,Santa Lucia,radical 0.43 km
"43.0668,12.5424",,Santa Lucia,unknown
"43.0672,12.6192",Assisi City Center,,radical 0.31 km
"43.0695,12.6171",Assisi City Center,,radical 0.00 km
"43.0697,12.5498",,Santa Lucia,unknown
"43.0709,11.8065",,Chianciano,unknown
"43.0712,12.6151",Assisi City Center,,radical 0.25 km
"43.0728,12.6071",Assisi City Center,,radical 0.00 km
"43.0728,12.6076",Assisi City Center,,radical 0.04 km
"43.0807,13.0460",,,unknown
"43.0955,10.5426",,,unknown
"43.0957,11.7843",,,unknown
"43.0981,12.3916",Piazza Della Repubblica,Madonna Alta,radical 0.01 km
"43.0982,12.3916",Piazza Della Repubblica,Madonna Alta,radical 0.01 km
"43.0989,12.3088",,La Commenda,unknown
"43.1021,12.3784",Central Station,Madonna Alta,radical 0.00 km
"43.1040,12.4906",,,unknown
"43.1042,12.3768",Central Station,Madonna Alta,radical 0.00 km
"43.1055,12.3871",Perugia Bus Station,Elce,radical 0.09 km
"43.1056,12.3882",Perugia Bus Station,Elce,radical 0.01 km
"43.1060,12.3786",Central Station,Madonna Alta,radical 0.00 km
"43.1064,12.3900",Perugia Bus Station,Elce,radical 0.17 km
"43.1066,12.3902",Perugia Bus Station,Elce,radical 0.19 km
"43.1073,12.3892",Piazza Della Repubblica,Elce,radical 0.13 km
"43.1084,12.3898",Piazza Della Repubblica,Elce,radical 0.00 km
"43.1086,12.3889",Central Station,Elce,radical 0.00 km
"43.1098,12.3893",Central Station,Elce,radical 0.14 km
"43.1123,12.3905",Piazza Iv Novembre,Elce,radical 0.00 km
"43.1135,12.3893",Piazza Iv Novembre,Elce,radical 0.08 km
"43.1137,12.3783",Elce,Elce,radical 0.00 km
"43.1137,12.7885",,Mugnano,unknown
"43.1142,12.3894",Piazza Iv Novembre,Elce,radical 0.00 km
"43.1144,12.3907",Piazza Iv Novembre,Sant'Erminio,radical 0.00 km
"43.1174,12.3815",Elce,Elce,radical 0.00 km
"43.1270,12.0513",,,unknown
"43.1357,11.4832",,Quartiere Centro Storico,unknown
"43.1435,12.2131",,,unknown
"43.1449,13.0713",,,unknown
"43.1626,12.3636",,San Matteo,unknown
"43.1852,12.1357",,,unknown
"43.1915,10.5437",,,unknown
"43.2108,13.7826",,Casabianca,unknown
"43.2114,12.0102",,,unknown
"43.2156,13.2973",,,unknown
"43.2330,13.6865",,,unknown
"43.2510,13.0086",,,unknown
"43.2554,13.6836",,,unknown
"43.2607,13.4953",,Contrada Valle Verde,unknown
"43.2743,11.9873",,,unknown
"43.2835,13.7314",,San Giuseppe,unknown
"43.2905,13.4332",,San Francesco,unknown
"43.2923,13.3413",,Contrada San Marco Vecchio,unknown
"43.2989,13.4452",,Fonte Scodella,unknown
"43.2990,13.4551",,Centro storico,unknown
"43.2996,12.3426",,Borgo Baraglia,unknown
"43.3006,13.7372",,Stadio,unknown
"43.3061,13.7286",,Centro,unknown
"43.3065,12.3289",,Borgo Baraglia,unknown
"43.3095,10.5182",Cecina Train Station,Marina di Cecina,radical 0.00 km
"43.3106,10.5148",Cecina Train Station,Marina di Cecina,radical 0.30 km
"43.3163,13.7220",,Fontespina,unknown
"43.3165,11.3300",Siena City Center,Contrada dell'Aquila,radical 0.17 km
"43.3167,11.3369",Siena City Center,Ghetto Ebraico di Siena,radical 0.11 km
"43.3175,11.3281",Siena City Center,Contrada della Selva,radical 0.07 km
"43.3175,11.3330",Siena City Center,Contrada della Torre,radical 0.00 km
"43.3175,11.3361",Siena City Center,Ghetto Ebraico di Siena,radical 0.00 km
"43.3179,11.3307",Siena City Center,Contrada dell'Aquila,radical 0.01 km
"43.3180,11.3286",Siena City Center,Contrada della Selva,radical 0.01 km
"43.3183,11.3335",Siena City Center,Contrada della Torre,radical 0.00 km
"43.3189,11.3306",Siena City Center,Contrada della Civetta,radical 0.01 km
"43.3190,11.3331",Siena City Center,Contrada della Civetta,radical 0.08 km
"43.3197,11.3317",Siena City Center,Contrada della Civetta,radical 0.12 km
"43.3210,11.3315",Siena City Center,Contrada della Civetta,radical 0.00 km
"43.3212,11.3290",Siena City Center,Contrada del Drago,radical 0.10 km
"43.3214,11.3302",Siena City Center,Contrada del Drago,radical 0.00 km
"43.3238,11.3279",Istrice,Contrada dell'Istrice,radical 0.00 km
"43.3239,11.3278",Lupa,Contrada dell'Istrice,radical 0.00 km
"43.3244,11.3321",Lupa,Contrada della Lupa,radical 0.00 km
"43.3251,11.3275",Siena City Center,Contrada dell'Istrice,radical 0.00 km
"43.3254,11.3274",Siena City Center,Contrada dell'Istrice,radical 0.04 km
"43.3258,11.3268",Istrice,Contrada dell'Istrice,radical 0.00 km
"43.3258,11.3269",Siena City Center,Contrada dell'Istrice,radical 0.00 km
"43.3270,11.3257",Siena City Center,Contrada dell'Istrice,radical 0.12 km
"43.3271,11.3242",Siena City Center,Contrada dell'Istrice,radical 0.00 km
"43.3271,11.3243",Siena City Center,Contrada dell'Istrice,radical 0.00 km
"43.3316,11.3226",Siena Train Station,Camollia,radical 0.03 km
"43.3319,11.3225",Siena Train Station,Camollia,radical 0.00 km
"43.3319,11.7251",,,unknown
"43.3323,11.3244",Siena Train Station,Camollia,radical 0.16 km
"43.3406,12.9079",,Pisana,unknown
"43.3471,12.5834",,Pian Grande,unknown
"43.3473,12.5725",,Pian Grande,unknown
"43.3578,11.8077",,,unknown
"43.3604,13.6971",,Contrada Monte Coriolano,unknown
"43.3920,10.4345",,,unknown
"43.4000,13.5561",,Porta Pesa,unknown
"43.4006,13.5529",,Porta Pesa,unknown
"43.4306,13.6645",,,unknown
"43.4478,13.6197",,Villa Berghigna,unknown
"43.4595,11.8746",Arezzo Train Station,Saione,radical 0.00 km
"43.4598,12.2468",,Riosecco,unknown
"43.4619,11.8855",Arezzo City Center,Giotto,radical 0.00 km
"43.4625,11.8769",Arezzo City Center,Saione,radical 0.00 km
"43.4627,11.8774",Arezzo Train Station,Saione,radical 0.00 km
"43.4633,11.8788",Arezzo Train Station,Giotto,radical 0.13 km
"43.4634,11.8813",Arezzo City Center,Giotto,radical 0.26 km
"43.4641,11.8765",Arezzo City Center,Saione,radical 0.02 km
"43.4641,11.8842",Arezzo City Center,Giotto,radical 0.02 km
"43.4642,11.8764",Arezzo City Center,Saione,radical 0.00 km
"43.4643,11.8842",Arezzo City Center,Giotto,radical 0.01 km
"43.4643,11.8843",Arezzo City Center,Giotto,radical 0.00 km
"43.4644,11.8628",,Pescaiola,unknown
"43.4670,11.8818",Arezzo City Center,Giotto,radical 0.36 km
"43.4878,11.1498",,Papaiano,unknown
"43.4961,13.6229",,,unknown
"43.5210,13.2487",,Antico Quartiere Ebraico,unknown
"43.5235,13.2386",,Antico Quartiere Ebraico,unknown
"43.5294,11.5713",,Giglio,unknown
"43.5419,10.3033",Livorno City Center,Porta a Mare,radical 0.49 km
"43.5441,10.3135",Livorno City Center,Borgo Cappuccini,radical 0.06 km
"43.5441,10.3141",Livorno City Center,Borgo Cappuccini,radical 0.11 km
"43.5444,10.3129",Livorno City Center,Borgo Cappuccini,radical 0.00 km
"43.5461,10.3051",Livorno City Center,Porta a Mare,radical 0.00 km
"43.5482,10.3190",Livorno City Center,Garibaldi,radical 0.54 km
"43.5498,10.3098",Livorno Train Station,Venezia Nuova,radical 0.08 km
"43.5503,10.3105",Livorno Train Station,Venezia Nuova,radical 0.00 km
"43.5514,10.3317",Livorno Train Station,Stazione,radical 0.28 km
"43.5521,10.3132",Livorno Train Station,Pontino,radical 0.29 km
"43.5530,10.3188",Livorno City Center,Garibaldi,radical 0.00 km
"43.5531,10.3115",Livorno Train Station,Venezia Nuova,radical 0.32 km
"43.5538,10.3328",Livorno Train Station,Stazione,radical 0.00 km
"43.5542,10.3152",Livorno City Center,Pontino,radical 0.32 km
"43.5543,10.3360",Livorno Train Station,Stazione,radical 0.00 km
"43.5551,10.3296",Livorno Train Station,Stazione,radical 0.29 km
"43.5652,13.2603",,,unknown
"43.5816,11.3183",,,unknown
"43.5824,13.4997",,Montedago,unknown
"43.5972,13.5031",Ancona Train Station,Palombare,radical 0.61 km
"43.5990,13.3269",,,unknown
"43.6012,13.4976",Ancona Train Station,Scrima,radical 0.02 km
"43.6012,13.4979",Ancona Train Station,Scrima,radical 0.00 km
"43.6014,13.5109",Ancona Train Station,Le Grazie,radical 0.32 km
"43.6029,13.5075",Ancona Train Station,Piano San Lazzaro,radical 0.01 km
"43.6042,10.7055",,,unknown
"43.6052,13.5066",Ancona Train Station,Piano San Lazzaro,radical 0.16 km
"43.6062,13.5050",Ancona Train Station,Piano San Lazzaro,radical 0.01 km
"43.6062,13.5051",Ancona Train Station,Piano San Lazzaro,radical 0.01 km
"43.6068,13.4980",Ancona Train Station,Scrima,radical 0.00 km
"43.6068,13.5075",Ancona Train Station,Piano San Lazzaro,radical 0.21 km
"43.6075,13.4982",Ancona Train Station,Scrima,radical 0.00 km
"43.6078,13.5129",Ancona Train Station,Vallemiano,radical 0.00 km
"43.6133,13.5051",Ancona Train Station,Archi,radical 0.79 km
"43.6153,13.5319",,Passetto,unknown
"43.6168,13.5244",,Adriatico,unknown
"43.6178,13.5157",,Cardeto,unknown
"43.6187,13.5093",,Capodimonte,unknown
"43.6287,13.4003",,Falconara Alta,unknown
"43.6397,13.0694",,,unknown
"43.6440,11.0774",,,unknown
"43.6470,12.9738",,,unknown
"43.6570,11.1857",,Montecapri,unknown
"43.6626,10.6286",,Villaggio Piaggio,unknown
"43.6682,12.5206",,,unknown
"43.6782,13.2852",,Marzocchetta,unknown
"43.6821,10.5180",,,unknown
"43.6890,12.8065",,Centro storico,unknown
"43.6992,10.3955",Pisa Airport,San Giusto,radical 0.37 km
"43.7003,10.3999",Pisa Airport,San Marco,radical 0.01 km
"43.7006,10.4001",Pisa Centrale Train Station,San Marco,radical 0.01 km
"43.7069,10.4044",Pisa Centrale Train Station,San Giusto,radical 0.11 km
"43.7075,10.4033",Pisa Centrale Train Station,San Giusto,radical 0.00 km
"43.7079,10.4073",Pisa Centrale Train Station,Magistratura di San Martino,radical 0.32 km
"43.7080,10.4019",Pisa Centrale Train Station,San Giusto,radical 0.00 km
"43.7083,10.4010",Pisa Centrale Train Station,San Giusto,radical 0.01 km
"43.7083,10.4011",Pisa Centrale Train Station,San Giusto,radical 0.00 km
"43.7088,10.3997",Pisa Centrale Train Station,San Giusto,radical 0.00 km
"43.7088,10.4018",Pisa Centrale Train Station,San Martino,radical 0.08 km
"43.7088,10.4147",Pisa Historic Centre,Porta a Piagge,radical 0.58 km
"43.7093,10.4384",,Cisanello,unknown
"43.7094,10.3985",Pisa Centrale Train Station,Sant'Antonio,radical 0.02 km
"43.7094,10.3988",Pisa Centrale Train Station,Sant'Antonio,radical 0.01 km
"43.7095,10.4061",Pisa Centrale Train Station,San Martino,radical 0.31 km
"43.7096,10.3978",Pisa Centrale Train Station,Sant'Antonio,radical 0.05 km
"43.7097,10.3984",Pisa Centrale Train Station,Sant'Antonio,radical 0.00 km
"43.7097,10.3992",Pisa Centrale Train Station,Sant'Antonio,radical 0.04 km
"43.7097,10.3996",Pisa Centrale Train Station,Sant'Antonio,radical 0.01 km
"43.7097,10.3997",Pisa Centrale Train Station,Sant'Antonio,radical 0.01 km
"43.7097,10.4008",Pisa Centrale Train Station,San Martino,radical 0.02 km
"43.7098,10.3986",Pisa Centrale Train Station,Sant'Antonio,radical 0.00 km
"43.7099,10.4007",Pisa Centrale Train Station,San Martino,radical 0.00 km
"43.7101,10.3961",Pisa Centrale Train Station,Magistratura di Sant'Antonio,radical 0.01 km
"43.7101,10.4010",Pisa Centrale Train Station,San Martino,radical 0.00 km
"43.7102,10.3961",Pisa Centrale Train Station,Magistratura di Sant'Antonio,radical 0.00 km
"43.7106,10.6206",,,unknown
"43.7107,10.4009",Pisa Centrale Train Station,San Martino,radical 0.07 km
"43.7109,10.3721",,CEP,unknown
"43.7109,13.2309",,Saline,unknown
"43.7123,10.3987",Pisa Centrale Train Station,Sant'Antonio,radical 0.28 km
"43.7124,10.9553",,Naiana,unknown
"43.7139,10.4146",Pisa Historic Centre,Porta a Piagge,radical 0.01 km
"43.7140,10.3961",Pisa Historic Centre,Sant'Antonio,radical 0.00 km
"43.7140,10.4146",Pisa Historic Centre,Porta a Piagge,radical 0.00 km
"43.7142,10.4027",Pisa Historic Centre,San Martino,radical 0.18 km
"43.7164,10.3949",Pisa Historic Centre,Santa Maria,radical 0.00 km
"43.7164,10.4060",Pisa Historic Centre,San Francesco,radical 0.00 km
"43.7167,10.3950",Pisa Historic Centre,Santa Maria,radical 0.03 km
"43.7170,10.3963",Pisa Historic Centre,Santa Maria,radical 0.13 km
"43.7171,10.4016",Pisa Historic Centre,San Francesco,radical 0.00 km
"43.7171,10.4021",Pisa Historic Centre,San Francesco,radical 0.04 km
"43.7179,10.3820",Piazza Dei Miracoli,Barbaricina,radical 0.81 km
"43.7179,10.3984",Pisa Historic Centre,Santa Maria,radical 0.00 km
"43.7180,10.3982",Piazza Dei Miracoli,Santa Maria,radical 0.00 km
"43.7182,10.3921",Pisa Historic Centre,Santa Maria,radical 0.30 km
"43.7184,10.4024",Pisa Historic Centre,San Francesco,radical 0.01 km
"43.7184,10.4025",Pisa Historic Centre,San Francesco,radical 0.00 km
"43.7195,10.3974",Pisa Historic Centre,Santa Maria,radical 0.06 km
"43.7199,10.4022",Pisa Historic Centre,San Francesco,radical 0.00 km
"43.7217,10.3974",Piazza Dei Miracoli,Santa Maria,radical 0.15 km
"43.7217,10.3992",Pisa Centrale Train Station,Santa Maria,radical 0.13 km
"43.7226,10.3897",Piazza Dei Miracoli,Santa Maria,radical 0.01 km
"43.7226,10.3898",Piazza Dei Miracoli,Santa Maria,radical 0.01 km
"43.7229,10.3988",Pisa Centrale Train Station,Santa Maria,radical 0.03 km
"43.7229,10.3992",Pisa Centrale Train Station,Santa Maria,radical 0.00 km
"43.7230,11.7661",,,unknown
"43.7231,10.4008",Piazza Dei Miracoli,San Francesco,radical 0.00 km
"43.7235,10.3926",Pisa Centrale Train Station,Santa Maria,radical 0.00 km
"43.7239,10.3922",Pisa Centrale Train Station,Santa Maria,radical 0.05 km
"43.7245,10.3920",Piazza Dei Miracoli,Santa Maria,radical 0.00 km
"43.7274,12.6360",,,unknown
"43.7278,10.3928",Piazza Dei Miracoli,Gagno,radical 0.04 km
"43.7282,10.3929",Piazza Dei Miracoli,Gagno,radical 0.00 km
"43.7310,10.3996",Piazza Dei Miracoli,Porta a Lucca,radical 0.62 km
"43.7328,10.3854",Piazza Dei Miracoli,Gagno,radical 0.79 km
"43.7492,10.4680",,,unknown
"43.7581,11.1836",Scandicci,Legnaia,radical 0.01 km
"43.7586,11.1816",Scandicci,Legnaia,radical 0.17 km
"43.7605,11.2414",Piazza Torquato Tasso,Oltrarno,radical 0.67 km
"43.7617,11.2428",Piazza Torquato Tasso,Oltrarno,radical 0.57 km
"43.7620,11.2861",,Gavinana,unknown
"43.7626,11.2808",,Gavinana,unknown
"43.7635,11.2727",San Niccolo,Ricorboli,radical 0.59 km
"43.7649,11.2598",Santa Croce,San Niccolò,radical 0.38 km
"43.7656,11.2475",Pitti,Oltrarno,radical 0.12 km
"43.7663,11.2494",Santo Spirito,Oltrarno,radical 0.01 km
"43.7665,11.2405",Piazza Torquato Tasso,San Frediano,radical 0.00 km
"43.7665,13.1355",,,unknown
"43.7667,11.2450",Pitti,San Frediano,radical 0.08 km
"43.7667,11.2550",Basilica Of Santa Maria Novella,Oltrarno,radical 0.20 km
"43.7669,11.2836",Florence City Center,Bellariva,radical 0.99 km
"43.7672,11.2457",Pitti,San Frediano,radical 0.00 km
"43.7672,11.2518",Santo Spirito,Oltrarno,radical 0.04 km
"43.7674,11.2504",Coverelli,Oltrarno,radical 0.03 km
"43.7675,11.2520",Santo Spirito,Oltrarno,radical 0.00 km
"43.7676,11.2458",Pitti,San Frediano,radical 0.05 km
"43.7676,11.2502",Coverelli,Oltrarno,radical 0.01 km
"43.7677,11.2410",Piazza Torquato Tasso,San Frediano,radical 0.14 km
"43.7678,11.2823",Florence City Center,Bellariva,radical 0.87 km
"43.7682,11.2565",Basilica Of Santa Maria Novella,Oltrarno,radical 0.00 km
"43.7682,11.2580",Santa Croce,San Niccolò,radical 0.05 km
"43.7682,11.2586",Santa Croce,San Niccolò,radical 0.00 km
"43.7682,11.2645",Santa Croce,San Niccolò,radical 0.04 km
"43.7682,11.2649",Santa Croce,San Niccolò,radical 0.01 km
"43.7682,11.2727",San Niccolo,Ricorboli,radical 0.11 km
"43.7683,11.2566",Basilica Of Santa Maria Novella,Oltrarno,radical 0.02 km
"43.7687,11.1976",,Legnaia,unknown
"43.7687,11.2715",San Niccolo,Ricorboli,radical 0.00 km
"43.7691,11.2526",Santo Spirito,Oltrarno,radical 0.19 km
"43.7692,11.2585",Santa Croce,San Niccolò,radical 0.11 km
"43.7693,11.2612",Santa Croce,San Niccolò,radical 0.03 km
"43.7694,11.2549",Uffizi,Oltrarno,radical 0.11 km
"43.7696,11.2443",Santa Maria Novella,San Frediano,radical 0.11 km
"43.7697,11.2643",Santa Croce,San Niccolò,radical 0.09 km
"43.7699,11.2433",Santa Maria Novella,San Frediano,radical 0.02 km
"43.7699,11.2582",Santa Croce,San Niccolò,radical 0.19 km
"43.7700,11.2430",Santa Maria Novella,San Frediano,radical 0.01 km
"43.7700,11.2632",Santa Croce,San Niccolò,radical 0.00 km
"43.7700,11.2654",Santa Croce,San Niccolò,radical 0.00 km
"43.7702,11.2417",Santa Maria Novella,San Frediano,radical 0.11 km
"43.7702,11.2622",Basilica Of Santa Maria Novella,San Niccolò,radical 0.00 km
"43.7703,11.2659",Santa Croce,San Niccolò,radical 0.00 km
"43.7704,11.2633",Santa Croce,San Niccolò,radical 0.00 km
"43.7704,11.2658",Santa Croce,San Niccolò,radical 0.01 km
"43.7707,11.2558",Santa Croce,Oltrarno,radical 0.00 km
"43.7707,11.2561",Santa Croce,Oltrarno,radical 0.02 km
"43.7709,11.2556",Duomo - San Lorenzo,Oltrarno,radical 0.00 km
"43.7709,11.2697",Florence City Center,San Niccolò,radical 0.00 km
"43.7710,11.2814",Campo Di Marte,San Salvi,radical 0.75 km
"43.7711,11.2691",Florence City Center,San Niccolò,radical 0.05 km
"43.7712,11.2483",Basilica Di Santo Spirito,San Frediano,radical 0.23 km
"43.7712,11.2623",Basilica Of Santa Maria Novella,San Niccolò,radical 0.12 km
"43.7714,11.2638",Santa Croce,San Niccolò,radical 0.00 km
"43.7714,11.2670",Campo Di Marte,San Niccolò,radical 0.00 km
"43.7714,11.2671",Campo Di Marte,San Niccolò,radical 0.01 km
"43.7715,11.2115",,Legnaia,unknown
"43.7715,11.2604",Santa Croce,San Niccolò,radical 0.00 km
"43.7715,11.2640",Santa Croce,San Niccolò,radical 0.02 km
"43.7720,11.2667",Santa Croce,San Niccolò,radical 0.00 km
"43.7720,11.2668",Santa Croce,San Niccolò,radical 0.01 km
"43.7721,11.2548",Duomo - San Lorenzo,Oltrarno,radical 0.11 km
"43.7724,11.2521",Basilica Of Santa Maria Novella,Oltrarno,radical 0.00 km
"43.7726,11.2576",Basilica Of Santa Maria Novella,Oltrarno,radical 0.01 km
"43.7727,11.2451",Flixbus Florence,San Frediano,radical 0.18 km
"43.7728,11.2837",Campo Di Marte,San Salvi,radical 0.75 km
"43.7730,11.2253",,Monticelli,unknown
"43.7732,11.2476",Basilica Di Santo Spirito,San Frediano,radical 0.00 km
"43.7734,11.2487",Santa Maria Novella,San Frediano,radical 0.00 km
"43.7735,11.2487",Santa Maria Novella,San Frediano,radical 0.01 km
"43.7740,11.2634",Santa Croce,San Niccolò,radical 0.00 km
"43.7742,11.2555",Duomo - San Lorenzo,Oltrarno,radical 0.12 km
"43.7742,11.2576",Duomo - San Lorenzo,Oltrarno,radical 0.00 km
"43.7743,11.2454",Flixbus Florence,San Frediano,radical 0.01 km
"43.7743,11.2533",Basilica Of Santa Maria Novella,San Frediano,radical 0.12 km
"43.7743,11.2572",Duomo - San Lorenzo,Oltrarno,radical 0.03 km
"43.7744,11.2500",Via Dell Albero,San Frediano,radical 0.00 km
"43.7745,11.2621",Santa Croce,San Niccolò,radical 0.12 km
"43.7748,11.2457",Porta Al Prato,San Frediano,radical 0.01 km
"43.7749,11.2459",Porta Al Prato,San Frediano,radical 0.02 km
"43.7749,11.2461",Santa Maria Novella,San Frediano,radical 0.02 km
"43.7750,11.2522",Basilica Of Santa Maria Novella,San Frediano,radical 0.00 km
"43.7751,11.2463",Santa Maria Novella,San Frediano,radical 0.01 km
"43.7753,11.2511",Santa Maria Novella,San Frediano,radical 0.00 km
"43.7754,11.2410",Porta Al Prato,Pignone,radical 0.24 km
"43.7754,11.4415",,Il Fossato,unknown
"43.7757,11.2832",Campo Di Marte,San Salvi,radical 0.45 km
"43.7758,11.2521",Stazione Via Panzani,San Frediano,radical 0.00 km
"43.7758,11.2599",District 1,San Niccolò,radical 0.08 km
"43.7758,11.2600",District 1,San Niccolò,radical 0.08 km
"43.7758,11.2749",Campo Di Marte,San Salvi,radical 0.00 km
"43.7759,11.2590",District 1,Oltrarno,radical 0.01 km
"43.7760,11.2543",Duomo - San Lorenzo,San Frediano,radical 0.00 km
"43.7761,11.2452",Santa Maria Novella,San Frediano,radical 0.14 km
"43.7761,11.2487",Santa Maria Novella,San Frediano,radical 0.06 km
"43.7761,11.2505",Santa Maria Novella,San Frediano,radical 0.00 km
"43.7761,11.2510",Santa Maria Novella,San Frediano,radical 0.00 km
"43.7761,11.2533",Santa Maria Novella,San Frediano,radical 0.03 km
"43.7762,11.2508",Santa Maria Novella,San Frediano,radical 0.02 km
"43.7762,11.2521",Via De Boni,San Frediano,radical 0.02 km
"43.7762,11.2536",Santa Maria Novella,San Frediano,radical 0.00 km
"43.7762,11.2537",Duomo - San Lorenzo,San Frediano,radical 0.00 km
"43.7763,11.2481",Santa Maria Novella,San Frediano,radical 0.01 km
"43.7763,11.2504",Santa Maria Novella,San Frediano,radical 0.02 km
"43.7764,11.2519",Via De Boni,San Frediano,radical 0.01 km
"43.7765,11.2569",Duomo - San Lorenzo,Statuto,radical 0.00 km
"43.7765,11.2755",Campo Di Marte,San Salvi,radical 0.09 km
"43.7767,11.2154",,Isolotto,unknown
"43.7767,11.2503",Santa Maria Novella,San Frediano,radical 0.07 km
"43.7769,11.2569",Duomo - San Lorenzo,Statuto,radical 0.05 km
"43.7770,11.2692",Campo Di Marte,Le Cure,radical 0.48 km
"43.7772,11.2456",Santa Maria Novella,San Frediano,radical 0.22 km
"43.7772,11.2457",Santa Maria Novella,San Frediano,radical 0.21 km
"43.7772,11.2558",Basilica Of Santa Maria Novella,Statuto,radical 0.00 km
"43.7772,11.2586",District 1,Statuto,radical 0.15 km
"43.7773,11.2559",Basilica Of Santa Maria Novella,Statuto,radical 0.01 km
"43.7774,11.2527",Duomo - San Lorenzo,Statuto,radical 0.02 km
"43.7774,11.2556",Santa Maria Novella,Statuto,radical 0.00 km
"43.7775,11.2405",Porta Al Prato,San Iacopino,radical 0.00 km
"43.7775,11.2511",Santa Maria Novella,Statuto,radical 0.00 km
"43.7776,11.2498",Santa Maria Novella,San Frediano,radical 0.01 km
"43.7776,11.2527",Duomo - San Lorenzo,Statuto,radical 0.00 km
"43.7776,11.2552",Santa Maria Novella,Statuto,radical 0.00 km
"43.7777,11.2498",Santa Maria Novella,San Frediano,radical 0.00 km
"43.7777,11.2549",Santa Maria Novella,Statuto,radical 0.00 km
"43.7778,11.2545",Florence Mercato Centrale,Statuto,radical 0.00 km
"43.7779,11.2455",Basilica Of Santa Maria Novella,San Iacopino,radical 0.15 km
"43.7781,11.2510",Santa Maria Novella,Statuto,radical 0.07 km
"43.7781,11.2543",Duomo - San Lorenzo,Statuto,radical 0.00 km
"43.7782,11.2966",,Coverciano,unknown
"43.7783,7.6672",,,unknown
"43.7786,11.2536",Basilica Of Santa Maria Novella,Statuto,radical 0.00 km
"43.7787,11.2535",San Marco Florence,Statuto,radical 0.00 km
"43.7789,11.2391",Porta Al Prato,San Iacopino,radical 0.19 km
"43.7789,11.2567",San Marco Florence,Statuto,radical 0.09 km
"43.7789,11.2798",Campo Di Marte,Campo di Marte,radical 0.00 km
"43.7791,11.2554",Fortezza Dal Basso,Statuto,radical 0.00 km
"43.7792,11.2448",Basilica Of Santa Maria Novella,San Iacopino,radical 0.00 km
"43.7792,11.2553",Santa Maria Novella,Statuto,radical 0.01 km
"43.7792,11.2577",San Marco Florence,Statuto,radical 0.00 km
"43.7793,11.2554",Santa Maria Novella,Statuto,radical 0.00 km
"43.7794,11.2595",San Marco Florence,Statuto,radical 0.15 km
"43.7796,11.2556",Santa Maria Novella,Statuto,radical 0.04 km
"43.7799,12.3540",,,unknown
"43.7804,11.2526",San Marco Florence,Statuto,radical 0.20 km
"43.7804,7.6580",,,unknown
"43.7806,11.2441",Porta Al Prato,San Iacopino,radical 0.00 km
"43.7807,11.2440",Porta Al Prato,San Iacopino,radical 0.01 km
"43.7807,11.2697",Campo Di Marte,Le Cure,radical 0.68 km
"43.7814,11.2782",Campo Di Marte,Campo di Marte,radical 0.30 km
"43.7817,11.2604",San Marco Florence,Le Cure,radical 0.00 km
"43.7818,11.2604",San Gallo,Le Cure,radical 0.01 km
"43.7819,11.2603",San Gallo,Le Cure,radical 0.01 km
"43.7822,11.2812",Campo Di Marte,Campo di Marte,radical 0.38 km
"43.7824,11.2347",Porta Al Prato,San Iacopino,radical 0.00 km
"43.7838,11.2408",District 1,San Iacopino,radical 0.00 km
"43.7842,11.2640",San Gallo,Le Cure,radical 0.40 km
"43.7848,11.2616",San Gallo,Le Cure,radical 0.34 km
"43.7853,11.2401",District 1,San Iacopino,radical 0.18 km
"43.7855,11.2291",Porta Al Prato,San Iacopino,radical 0.57 km
"43.7857,11.2552",San Gallo,Statuto,radical 0.59 km
"43.7858,11.2675",San Gallo,Le Cure,radical 0.72 km
"43.7859,11.2301",Porta Al Prato,San Iacopino,radical 0.54 km
"43.7874,11.2489",District 1,Statuto,radical 0.76 km
"43.7874,7.6358",,,unknown
"43.7887,11.2678",San Gallo,Le Cure,radical 0.97 km
"43.7894,11.2277",Porta Al Prato,Novoli,radical 0.96 km
"43.7900,11.2679",San Gallo,Le Cure,spread 0.14 km
"43.7908,7.6118",City Center Ventimiglia,,radical 0.01 km
"43.7913,7.6021",City Center Ventimiglia,,radical 0.34 km
"43.7916,7.6099",City Center Ventimiglia,,radical 0.18 km
"43.7919,7.6063",City Center Ventimiglia,,radical 0.00 km
"43.7920,7.6064",City Center Ventimiglia,,radical 0.01 km
"43.7926,11.2144",Porta Al Prato,Il Barco,radical 0.01 km
"43.7939,11.2160",Porta Al Prato,Novoli,radical 0.19 km
"43.7941,11.2445",Rifredi,Poggetto,radical 0.55 km
"43.7959,11.2174",Porta Al Prato,Novoli,radical 0.44 km
"43.7970,11.2023",Porta Al Prato,Peretola,spread 0.34 km
"43.7974,11.2393",Rifredi,Rifredi,radical 0.01 km
"43.7978,11.2064",Porta Al Prato,Peretola,radical 0.86 km
"43.7996,11.2350",Rifredi,Firenze Nova,radical 0.26 km
"43.8007,11.2379",Rifredi,Rifredi,radical 0.00 km
"43.8032,11.2362",Rifredi,Firenze Nova,radical 0.00 km
"43.8035,11.2466",Rifredi,Rifredi,radical 0.76 km
"43.8046,11.2425",Rifredi,Rifredi,radical 0.52 km
"43.8058,11.2370",Rifredi,Il Sodo,radical 0.29 km
"43.8074,11.2340",Florence Airport,Il Sodo,radical 0.00 km
"43.8104,7.7595",,La Pigna,unknown
"43.8148,7.7740",Casino Di Sanremo,La Pigna,radical 0.00 km
"43.8148,7.7741",Casino Di Sanremo,La Pigna,radical 0.01 km
"43.8161,7.7768",Sanremo City Center,La Pigna,radical 0.00 km
"43.8173,7.7737",Casino Di Sanremo,La Pigna,radical 0.28 km
"43.8182,7.7783",Sanremo City Center,La Pigna,radical 0.26 km
"43.8182,7.7800",Sanremo City Center,La Pigna,radical 0.35 km
"43.8184,7.7700",Casino Di Sanremo,La Pigna,radical 0.51 km
"43.8213,7.7824",Sanremo City Center,La Pigna,radical 0.73 km
"43.8356,11.1976",,Colonnata,unknown
"43.8365,13.0182",,Don Gentili,unknown
"43.8375,10.5062",Lucca Train Station,San Concordio,radical 0.00 km
"43.8377,10.5032",Lucca Train Station,San Concordio,radical 0.00 km
"43.8377,10.5053",Lucca Train Station,San Concordio,radical 0.00 km
"43.8378,10.5057",Lucca Train Station,San Concordio,radical 0.00 km
"43.8401,10.5019",Lucca Train Station,San Concordio,radical 0.00 km
"43.8401,11.1331",,La Villa,unknown
"43.8403,13.0195",,Piattelletti,unknown
"43.8404,10.4948",Lucca Train Station,Sant'Anna,radical 0.45 km
"43.8404,10.5039",Lucca Train Station,San Concordio,radical 0.00 km
"43.8404,10.5041",Lucca Train Station,San Concordio,radical 0.02 km
"43.8418,10.5039",Lucca City Center,San Concordio,radical 0.01 km
"43.8420,10.5004",Lucca Train Station,San Concordio,radical 0.00 km
"43.8421,10.5020",Lucca City Center,San Concordio,radical 0.01 km
"43.8421,10.5022",Lucca City Center,San Concordio,radical 0.00 km
"43.8421,10.5168",Lucca City Center,San Marco,radical 0.42 km
"43.8427,10.5051",Lucca City Center,San Concordio,radical 0.14 km
"43.8429,10.5117",Lucca City Center,San Marco,radical 0.00 km
"43.8431,10.4990",Lucca Train Station,Sant'Anna,radical 0.00 km
"43.8432,10.5016",Lucca City Center,Sant'Anna,radical 0.00 km
"43.8437,10.5022",Walled City,Sant'Anna,radical 0.03 km
"43.8440,10.5020",Walled City,Sant'Anna,radical 0.00 km
"43.8441,10.6172",,,unknown
"43.8442,10.4993",Walled City,Sant'Anna,radical 0.00 km
"43.8451,10.5049",Lucca City Center,San Marco,radical 0.00 km
"43.8456,10.5064",Lucca City Center,San Marco,radical 0.13 km
"43.8460,10.5040",Lucca City Center,San Marco,radical 0.00 km
"43.8466,10.5079",Lucca City Center,San Marco,radical 0.00 km
"43.8487,11.1435",,La Querce,unknown
"43.8492,7.9523",,,unknown
"43.8501,13.0071",,Paleotta,unknown
"43.8532,11.9757",,,unknown
"43.8536,11.9781",,,unknown
"43.8644,10.2514",Viareggio City Center,Fontanini,radical 0.45 km
"43.8665,10.2532",Viareggio City Center,Fontanini,radical 0.40 km
"43.8679,10.2486",Viareggio City Center,Fontanini,radical 0.00 km
"43.8697,10.2442",Viareggio City Center,Fontanini,radical 0.00 km
"43.8699,10.2421",Viareggio City Center,Fontanini,radical 0.17 km
"43.8714,10.2492",Viareggio City Center,Fontanini,radical 0.17 km
"43.8717,10.2467",Viareggio Train Station,Fontanini,radical 0.00 km
"43.8728,10.2503",Viareggio City Center,Fontanini,radical 0.01 km
"43.8730,10.2522",Viareggio Train Station,Fontanini,radical 0.04 km
"43.8732,10.2518",Viareggio Train Station,Fontanini,radical 0.02 km
"43.8733,10.2520",Viareggio Train Station,Fontanini,radical 0.00 km
"43.8735,11.1048",Prato Centrale,Quadrante Europa - Stazione,radical 0.58 km
"43.8775,10.7319",,,unknown
"43.8781,11.1012",Prato Centrale,Quadrante Europa - Stazione,radical 0.01 km
"43.8783,8.0151",,Porto Maurizio,unknown
"43.8787,11.1091",Prato Centrale,Quadrante Europa - Stazione,radical 0.01 km
"43.8794,11.1067",Prato Centrale,Quadrante Europa - Stazione,radical 0.01 km
"43.8799,10.7758",,,unknown
"43.8803,10.7815",,,unknown
"43.8806,10.7694",,,unknown
"43.8861,11.0863",,San Paolo,unknown
"43.8939,10.2267",,,unknown
"43.8966,10.7897",,,unknown
"43.8981,12.7534",,,unknown
"43.8989,12.9106",Pesaro City Center,Pantano,radical 0.83 km
"43.9062,12.9081",Pesaro City Center,Centro storico,radical 0.00 km
"43.9064,12.9132",Pesaro City Center,Centro storico,radical 0.34 km
"43.9094,12.9138",Pesaro City Center,Centro storico,radical 0.00 km
"43.9111,8.0858",,,unknown
"43.9128,12.9111",Pesaro City Center,Centro storico,radical 0.00 km
"43.9197,8.0976",,,unknown
"43.9289,10.9148",Pistoia Train Station,Roccon Rosso,radical 0.01 km
"43.9313,10.9370",,La Vergine,unknown
"43.9390,10.9012",,Casermette,unknown
"43.9392,10.3018",Camaiore City Center,,radical 0.00 km
"43.9425,12.8243",,,unknown
"43.9462,11.9101",,,unknown
"43.9477,10.9010",,Casermette,unknown
"43.9572,12.6554",,,unknown
"43.9601,12.7448",,,unknown
"43.9617,12.7343",,,unknown
"43.9627,12.7418",,,unknown
"43.9660,12.7370",,,unknown
"43.9666,10.1842",,Caranna,unknown
"43.9760,12.6955",,Fontanelle,unknown
"43.9773,12.6932",,Fontanelle,unknown
"43.9922,12.6639",Terme,Abissinia,radical 0.56 km
"43.9954,12.6667",Terme,Abissinia,radical 0.20 km
"43.9956,12.6692",Terme,Abissinia,radical 0.00 km
"43.9958,12.6516",Riccione City Center,Abissinia,radical 0.00 km
"43.9984,12.6582",Riccione City Center,Abissinia,radical 0.02 km
"43.9986,12.6582",Riccione City Center,Abissinia,radical 0.00 km
"44.0048,12.6544",Riccione City Center,Alba,radical 0.00 km
"44.0066,12.6527",Riccione City Center,Alba,radical 0.24 km
"44.0131,12.6436",,Alba,unknown
"44.0244,10.1372",Massa City Center,Quercioli,radical 0.00 km
"44.0324,12.6180",Federico Fellini International Airport,Miramare,radical 0.00 km
"44.0373,10.1407",Massa City Center,Martana,radical 0.00 km
"44.0377,10.1434",Massa City Center,Volpigliano,radical 0.22 km
"44.0388,12.5759",,San Giovanni,unknown
"44.0496,12.5559",Rimini City Center,Padulli,radical 0.87 km
"44.0498,8.2124",,Vadino,unknown
"44.0504,12.5667",Rimini City Center,San Giovanni,radical 0.00 km
"44.0512,12.5943",Rimini City Center,Bellariva,radical 0.00 km
"44.0536,12.5640",Rimini City Center,San Giovanni,radical 0.42 km
"44.0549,12.5943",Bellariva,Bellariva,radical 0.00 km
"44.0552,12.5724",Rimini City Center,San Giovanni,radical 0.42 km
"44.0568,12.5493",,Padulli,unknown
"44.0572,12.5640",Rimini City Center,San Giovanni,radical 0.20 km
"44.0579,12.5686",Rimini City Center,San Giovanni,radical 0.00 km
"44.0580,12.5780",Rimini City Center,San Giovanni,radical 0.06 km
"44.0585,12.5781",Rimini City Center,San Giovanni,radical 0.00 km
"44.0590,12.5639",Rimini City Center,San Giuliano,radical 0.00 km
"44.0591,12.5891",Lungomare Augusto Murri,San Giovanni,radical 0.00 km
"44.0615,12.5673",Rimini Train Station,San Giuliano,radical 0.37 km
"44.0618,12.5744",Rimini Train Station,San Giovanni,radical 0.01 km
"44.0619,12.5744",Rimini Train Station,San Giovanni,radical 0.00 km
"44.0640,12.5724",Rimini Train Station,San Giuliano,radical 0.00 km
"44.0643,12.5716",Rimini Train Station,San Giuliano,radical 0.07 km
"44.0645,12.5694",Rimini Train Station,San Giuliano,radical 0.00 km
"44.0649,12.5821",Lungomare Augusto Murri,San Giovanni,radical 0.30 km
"44.0661,12.5718",Rimini Train Station,San Giuliano,radical 0.24 km
"44.0663,12.5773",Rimini Train Station,San Giuliano Mare,radical 0.00 km
"44.0674,12.5807",Lungomare Augusto Murri,San Giuliano Mare,radical 0.00 km
"44.0695,12.5733",Federico Fellini Park,San Giuliano Mare,radical 0.00 km
"44.0697,12.5462",,Rivabella,unknown
"44.0709,12.5785",Lungomare Augusto Murri,San Giuliano Mare,radical 0.43 km
"44.0732,12.5626",Federico Fellini Park,San Giuliano Mare,radical 0.95 km
"44.0875,12.5320",,Rivabella,unknown
"44.0994,9.7387",Riomaggiore Train Station,,radical 0.00 km
"44.0996,9.7383",Riomaggiore Train Station,,radical 0.04 km
"44.1008,9.7365",Riomaggiore Train Station,Località Lardarina,radical 0.23 km
"44.1028,9.8195",La Spezia Centrale,Passeggiata Morin,radical 0.19 km
"44.1033,9.8219",La Spezia Centrale,Passeggiata Morin,radical 0.00 km
"44.1036,9.8202",La Spezia Centrale,Passeggiata Morin,radical 0.09 km
"44.1044,9.8204",La Spezia Centrale,Passeggiata Morin,radical 0.00 km
"44.1053,9.8228",La Spezia Centrale,Passeggiata Morin,radical 0.00 km
"44.1058,9.8179",La Spezia Centrale,Umberto I,radical 0.18 km
"44.1060,12.4139",,,unknown
"44.1062,12.4133",,,unknown
"44.1073,9.8147",La Spezia Centrale,Umberto I,radical 0.08 km
"44.1074,9.8157",La Spezia Centrale,Umberto I,radical 0.01 km
"44.1074,9.8180",La Spezia Centrale,Vicci,radical 0.00 km
"44.1082,9.8281",La Spezia Centrale,Porta Rocca,radical 0.53 km
"44.1090,9.8166",La Spezia Centrale,Umberto I,radical 0.00 km
"44.1097,9.8165",La Spezia Centrale,Vicci,radical 0.08 km
"44.1098,9.8300",Migliarina,Porta Rocca,radical 0.65 km
"44.1101,9.8151",La Spezia Centrale,Umberto I,radical 0.00 km
"44.1102,9.8150",La Spezia Centrale,Umberto I,radical 0.02 km
"44.1105,9.8146",La Spezia Centrale,Umberto I,radical 0.05 km
"44.1106,9.8139",La Spezia Centrale,Umberto I,radical 0.00 km
"44.1106,9.8140",La Spezia Centrale,Umberto I,radical 0.00 km
"44.1111,9.8142",La Spezia Centrale,Umberto I,radical 0.01 km
"44.1113,9.8458",Parco Dei Pesci,Canaletto,radical 0.00 km
"44.1122,9.8350",Migliarina,Mazzetta,radical 0.18 km
"44.1127,9.9628",,Crociata,unknown
"44.1130,9.8106",La Spezia Centrale,Scorza,radical 0.36 km
"44.1134,9.8365",Migliarina,Mazzetta,radical 0.00 km
"44.1157,12.3426",,,unknown
"44.1244,9.8842",,Termo,unknown
"44.1256,9.8481",,Favaro,unknown
"44.1307,12.2220",,Quartiere Oltre Savio,unknown
"44.1349,9.6843",,Località Lardarina,unknown
"44.1373,12.2428",,Quartiere Centro Urbano,unknown
"44.1373,12.2632",,Quartiere Fiorenzuola,unknown
"44.1377,12.3844",,,unknown
"44.1396,12.2580",,Quartiere Fiorenzuola,unknown
"44.1411,12.2483",,Quartiere Centro Urbano,unknown
"44.1435,12.4677",,Bellaria,unknown
"44.1466,9.6462",,,unknown
"44.1466,9.6554",,,unknown
"44.1476,8.2796",,Borgo Castello,unknown
"44.1480,12.2555",,Quartiere Cervese Sud,unknown
"44.1550,12.3257",,Quartiere Al Mare,unknown
"44.1599,10.9739",,,unknown
"44.1616,9.8679",,,unknown
"44.1663,12.2436",,Quartiere Cervese Sud,unknown
"44.1679,8.3420",City Center Finale Ligure,San Bernardino,radical 0.07 km
"44.1685,8.3415",City Center Finale Ligure,San Bernardino,radical 0.00 km
"44.1705,9.6089",,,unknown
"44.1712,8.3359",City Center Finale Ligure,San Bernardino,radical 0.00 km
"44.1715,12.4367",,Villamarina,unknown
"44.1721,9.6141",,,unknown
"44.1864,12.1270",,San Leonardo,unknown
"44.1948,12.4115",,Valverde,unknown
"44.1962,10.9371",,,unknown
"44.2020,12.4045",,Madonnina - Santa Teresa,unknown
"44.2110,9.9688",,Quartiere Matteotti,unknown
"44.2227,12.0413",,San Pietro,unknown
"44.2275,12.0500",,Foro Boario,unknown
"44.2280,12.0511",,Foro Boario,unknown
"44.2302,10.8220",,Scuole,unknown
"44.2403,9.4896",,Località Buttassi,unknown
"44.2415,12.3560",,,unknown
"44.2428,12.3665",,,unknown
"44.2623,12.3515",Cervia City Center,Milano Marittima,radical 0.00 km
"44.2625,12.3329",,Milano Marittima,unknown
"44.2701,8.4379",,Zinola,unknown
"44.2719,11.3186",,La Fratta,unknown
"44.2720,12.3519",Milano Marittima,Milano Marittima,radical 0.01 km
"44.2725,9.3963",Sestri Levante Train Station,Villa Rocche,radical 0.00 km
"44.2736,9.3991",Sestri Levante Train Station,Villa Rocche,radical 0.26 km
"44.2754,9.3969",Sestri Levante Train Station,Borgo,radical 0.00 km
"44.2779,11.2007",,,unknown
"44.2788,11.5885",,Forbicina,unknown
"44.2847,11.8863",,Borgo Durbecco,unknown
"44.2897,11.8742",,Borgo Durbecco,unknown
"44.2923,11.8809",,Borgo Durbecco,unknown
"44.2929,8.4078",,,unknown
"44.2933,11.8829",,Borgo Durbecco,unknown
"44.2974,8.4640",Public Beach Lo Scaletto Dei Pescatori,Fornaci,radical 0.58 km
"44.2990,12.1475",,,unknown
"44.2994,8.4716",Public Beach Lo Scaletto Dei Pescatori,Oltreletimbro,radical 0.09 km
"44.2997,8.4705",Public Beach Lo Scaletto Dei Pescatori,Oltreletimbro,radical 0.00 km
"44.3036,8.4832",Priamar Fortress,Oltreletimbro,radical 0.14 km
"44.3046,8.4738",Savona City Center,Oltreletimbro,radical 0.00 km
"44.3046,8.4785",Savona City Center,Oltreletimbro,radical 0.00 km
"44.3060,8.4831",Savona Port,Villetta,radical 0.00 km
"44.3067,8.4787",Priamar Fortress,Oltreletimbro,radical 0.00 km
"44.3071,8.4795",Priamar Fortress,Oltreletimbro,radical 0.08 km
"44.3079,9.3444",,Sampierdicanne,unknown
"44.3089,8.4723",Savona Train Station,Oltreletimbro,radical 0.00 km
"44.3089,8.4732",Savona Train Station,Oltreletimbro,radical 0.07 km
"44.3097,8.4722",Savona Train Station,Oltreletimbro,radical 0.00 km
"44.3149,9.3226",Chiavari Train Station,Sampierdicanne,radical 0.00 km
"44.3155,9.3326",Chiavari Train Station,Sampierdicanne,radical 0.80 km
"44.3275,10.8373",,San Pellegrino,unknown
"44.3306,9.2120",,San Michele di Pagana,unknown
"44.3349,9.2116",,San Michele di Pagana,unknown
"44.3351,9.2082",,San Michele di Pagana,unknown
"44.3355,9.2136",,San Michele di Pagana,unknown
"44.3359,9.2151",,San Michele di Pagana,unknown
"44.3475,7.7727",,,unknown
"44.3483,9.1559",Camogli S Fruttuoso Train Station,Cian do lô,radical 0.07 km
"44.3487,9.1551",Camogli S Fruttuoso Train Station,Cian do lô,radical 0.01 km
"44.3491,9.2310",Rapallo Train Station,Cerisola,radical 0.25 km
"44.3493,9.2326",Rapallo Train Station,Cerisola,radical 0.13 km
"44.3499,9.2267",Rapallo Train Station,Cerisola,radical 0.01 km
"44.3499,9.2270",Rapallo Train Station,Cerisola,radical 0.02 km
"44.3501,9.2338",Rapallo Train Station,Borzoli,radical 0.00 km
"44.3504,9.2305",Rapallo Train Station,Cerisola,radical 0.26 km
"44.3510,11.6895",,Montericco,unknown
"44.3512,11.7157",Imola City Center,Centro,radical 0.00 km
"44.3516,9.2300",Rapallo Train Station,Cerisola,radical 0.32 km
"44.3523,11.7137",Imola City Center,Centro,radical 0.01 km
"44.3526,11.7164",Imola City Center,Centro,radical 0.00 km
"44.3531,9.2140",Rapallo Train Station,Cappelletta,radical 0.02 km
"44.3533,9.2139",Rapallo Train Station,Cappelletta,radical 0.00 km
"44.3559,11.7159",Imola City Center,Centro,radical 0.00 km
"44.3567,11.7104",Imola City Center,Centro,radical 0.44 km
"44.3613,9.1441",,Quartiere Spiaggia,unknown
"44.3638,11.7186",Imola City Center,Villaggio,radical 0.00 km
"44.3668,11.6979",,Zolino,unknown
"44.3706,12.0335",,,unknown
"44.3775,8.2823",,,unknown
"44.3796,7.5429",,Cuneo Nuova,unknown
"44.3828,9.0274",Nervi,Murcarolo,radical 0.01 km
"44.3829,9.0255",Nervi,Murcarolo,radical 0.15 km
"44.3860,11.3415",,Musiano,unknown
"44.3869,8.0168",,,unknown
"44.3888,8.6443",,Pineta di Arenzano,unknown
"44.3968,8.9485",Brignole,Foce,radical 0.02 km
"44.3969,8.9485",Brignole,Foce,radical 0.01 km
"44.4002,8.9483",Brignole,Foce,radical 0.36 km
"44.4007,8.9657",,Albaro,unknown
"44.4035,8.9432",Brignole,Quadrilatero,radical 0.00 km
"44.4037,8.9826",,Chiappeto,unknown
"44.4038,8.9444",Brignole,San Vincenzo,radical 0.10 km
"44.4042,8.9321",Genoa Historic Centre,Campopisano,radical 0.11 km
"44.4051,8.9314",Genoa Historic Centre,Campopisano,radical 0.00 km
"44.4051,8.9434",Brignole,San Vincenzo,radical 0.12 km
"44.4060,8.9337",Genoa Historic Centre,Sant'Andrea,radical 0.21 km
"44.4062,8.9433",Brignole,San Vincenzo,radical 0.00 km
"44.4062,8.9439",Brignole,San Vincenzo,radical 0.05 km
"44.4062,8.9656",,San Fruttuoso,unknown
"44.4063,8.9406",Brignole,San Vincenzo,radical 0.00 km
"44.4064,8.9516",Brignole,Borgo Incrociati,radical 0.01 km
"44.4074,8.9331",Piazza Corvetto Piazza De Ferrari,Sant'Andrea,radical 0.13 km
"44.4077,8.9277",Maddalena,Porto Antico,radical 0.01 km
"44.4077,8.9307",Genoa Historic Centre,Molo,radical 0.08 km
"44.4079,8.9436",Brignole,San Vincenzo,radical 0.00 km
"44.4083,8.9500",Brignole,Borgo Incrociati,radical 0.24 km
"44.4085,8.9285",Genoa Historic Centre,Sottoripa,radical 0.10 km
"44.4085,8.9330",Piazza Corvetto Piazza De Ferrari,Maddalena,radical 0.01 km
"44.4085,8.9878",,Borgoratti,unknown
"44.4091,8.9311",Orefici,Maddalena,radical 0.00 km
"44.4097,8.9307",Orefici,Sottoripa,radical 0.08 km
"44.4102,9.2365",,,unknown
"44.4103,8.9543",Brignole,Borgo Incrociati,radical 0.48 km
"44.4104,8.9323",Maddalena,Maddalena,radical 0.00 km
"44.4107,8.9317",Maddalena,Maddalena,radical 0.06 km
"44.4119,8.8873",Sampierdarena,Sampierdarena,radical 0.70 km
"44.4121,12.2108",Main Station,Poggi Rubicone,radical 0.01 km
"44.4122,8.9281",Genoa Port,Ghetto,radical 0.00 km
"44.4124,8.9293",Aquarium Genoa,Ghetto,radical 0.00 km
"44.4131,8.9293",Aquarium Genoa,Ghetto,radical 0.08 km
"44.4140,8.8711",,Marina,unknown
"44.4140,8.9125",Genoa Port,Dinegro,radical 0.00 km
"44.4140,8.9261",Genoa Port,Prè,radical 0.25 km
"44.4141,8.8711",,Marina,unknown
"44.4142,8.9123",Genoa Port,Dinegro,radical 0.02 km
"44.4144,7.5497",,Villaggio Torretta,unknown
"44.4148,12.2004",Dante Tomb,San Rocco,radical 0.01 km
"44.4153,8.8673",,Marina,unknown
"44.4156,8.9227",Piazza Principe,Principe,radical 0.00 km
"44.4163,11.9781",,,unknown
"44.4163,8.9235",Piazza Principe,Principe,radical 0.10 km
"44.4164,8.9236",Piazza Principe,Principe,radical 0.11 km
"44.4166,12.2095",Main Station,Gulli,radical 0.23 km
"44.4168,8.9621",,Marassi,unknown
"44.4170,12.1978",Dante Tomb,Corso Nord,radical 0.33 km
"44.4177,12.1991",Dante Tomb,Corso Nord,radical 0.34 km
"44.4179,8.9264",Piazza Principe,Principe,radical 0.39 km
"44.4180,12.2065",Main Station,Corso Nord,radical 0.00 km
"44.4180,8.9187",Piazza Principe,Principe,radical 0.10 km
"44.4181,12.2070",Main Station,Rocca (San Vittore),radical 0.00 km
"44.4181,8.8858",Sampierdarena,Campi,radical 0.01 km
"44.4182,12.2076",Main Station,Gulli,radical 0.00 km
"44.4190,12.2047",Main Station,Corso Nord,radical 0.18 km
"44.4192,12.2070",Main Station,Rocca (San Vittore),radical 0.07 km
"44.4197,12.2074",Main Station,Rocca (San Vittore),radical 0.00 km
"44.4198,12.2073",Main Station,Rocca (San Vittore),radical 0.00 km
"44.4241,8.8464",,Sestri Ponente,unknown
"44.4250,8.8197",Pegli,Muinetti di Pegli,radical 0.00 km
"44.4274,8.8113",Pegli,Villini Vecchi,radical 0.71 km
"44.4309,10.3996",,,unknown
"44.4338,7.5866",,,unknown
"44.4373,11.3548",,Trappolone,unknown
"44.4374,7.6355",,,unknown
"44.4406,11.4788",,,unknown
"44.4407,11.0656",,,unknown
"44.4408,12.2933",,,unknown
"44.4413,12.2904",,,unknown
"44.4414,12.1696",,Zalamella,unknown
"44.4415,11.0653",,,unknown
"44.4462,11.8290",,,unknown
"44.4526,10.4563",,Magonfia,unknown
"44.4538,9.0169",,Prato,unknown
"44.4595,11.3702",,San Ruffillo,unknown
"44.4618,11.4221",,Cicogna,unknown
"44.4625,8.9016",,Prione,unknown
"44.4673,11.4132",,Cicogna,unknown
"44.4681,11.3769",,Foscherara,unknown
"44.4701,11.3819",,Cavedone,unknown
"44.4762,11.2690",,La Bastia,unknown
"44.4770,11.3854",,Bitone,unknown
"44.4773,11.3362",,Osservanza,unknown
"44.4832,11.3439",Porta Castiglione,Galvani,radical 0.55 km
"44.4840,11.2674",,La Bastia,unknown
"44.4849,11.3487",Porta Castiglione,Galvani,radical 0.23 km
"44.4870,11.3485",Porta Castiglione,Galvani,radical 0.00 km
"44.4870,11.3496",Two Towers,Galvani,radical 0.00 km
"44.4884,11.2247",,,unknown
"44.4884,11.3492",Teatro Duse,Galvani,radical 0.08 km
"44.4885,11.3426",Teatro Duse,Malpighi,radical 0.45 km
"44.4887,11.3546",Porta Maggiore,Galvani,radical 0.23 km
"44.4892,11.3593",Porta Maggiore,Murri,radical 0.39 km
"44.4893,11.3591",Porta Maggiore,Murri,radical 0.37 km
"44.4896,11.3432",Teatro Duse,Quadrilatero,radical 0.41 km
"44.4899,11.3497",Teatro Duse,Galvani,radical 0.19 km
"44.4902,11.3639",Rimesse,Cirenaica,radical 0.62 km
"44.4903,11.3317",Costa Saragozza,Malpighi,radical 0.00 km
"44.4908,11.3550",Porta Maggiore,Galvani,radical 0.01 km
"44.4913,11.3513",Bologna University,Galvani,radical 0.22 km
"44.4914,11.3427",Piazza Maggiore,Quadrilatero,radical 0.27 km
"44.4914,11.3469",Two Towers,Quadrilatero,radical 0.23 km
"44.4914,11.3541",Bologna University,Galvani,radical 0.00 km
"44.4926,11.3504",Two Towers,Galvani,radical 0.25 km
"44.4928,11.3681",Bologna Rimesse,Cirenaica,radical 0.48 km
"44.4930,11.3046",Stadio Renato Dall'ara,Funivia,radical 0.43 km
"44.4930,11.3499",Two Towers,Galvani,radical 0.20 km
"44.4933,11.3409",Piazza Maggiore,Malpighi,radical 0.10 km
"44.4935,11.3425",Piazza Maggiore,Quadrilatero,radical 0.05 km
"44.4935,11.3474",Two Towers,Quadrilatero,radical 0.00 km
"44.4935,11.3475",Two Towers,Quadrilatero,radical 0.01 km
"44.4937,11.3558",Bologna Centrale Railway Station,Galvani,radical 0.05 km
"44.4938,11.3471",Piazza Maggiore,Quadrilatero,radical 0.00 km
"44.4938,11.3564",Bologna Centrale Railway Station,Galvani,radical 0.00 km
"44.4939,11.3581",Rimesse,Cirenaica,radical 0.00 km
"44.4939,11.3582",Rimesse,Cirenaica,radical 0.01 km
"44.4940,11.3521",Bologna University,Galvani,radical 0.21 km
"44.4941,11.3452",Piazza Maggiore,Quadrilatero,radical 0.12 km
"44.4947,11.3374",Belvedere Mercato Delle Erbe,Malpighi,radical 0.00 km
"44.4948,11.3441",Piazza Maggiore,Quadrilatero,radical 0.01 km
"44.4949,11.3154",Stadio Senato Dall Aria,Saragozza,radical 0.01 km
"44.4949,11.3279",Bologna Centrale Railway Station,Saragozza,radical 0.00 km
"44.4950,11.3441",Piazza Maggiore,Quadrilatero,radical 0.00 km
"44.4950,11.3442",Piazza Maggiore,Quadrilatero,radical 0.00 km
"44.4954,11.3406",Bologna University,Pioggia,radical 0.16 km
"44.4955,11.3383",Piazza Maggiore,Malpighi,radical 0.00 km
"44.4956,11.3329",Bologna Centrale Railway Station,Malpighi,radical 0.00 km
"44.4956,11.3386",Bologna University,Malpighi,radical 0.00 km
"44.4956,11.3535",Bologna University,Irnerio,radical 0.00 km
"44.4960,11.3364",Bologna Centrale Railway Station,Malpighi,radical 0.00 km
"44.4964,11.3393",Bologna University,Pioggia,radical 0.10 km
"44.4964,11.3395",Bologna University,Pioggia,radical 0.11 km
"44.4965,11.3441",Piazza Maggiore,Ghetto ebraico,radical 0.00 km
"44.4967,11.3366",Mercato Delle Erbe,Marconi,radical 0.07 km
"44.4972,11.3188",Stadio Senato Dall Aria,Saffi,radical 0.36 km
"44.4972,11.3444",Piazza Maggiore,Ghetto ebraico,radical 0.08 km
"44.4974,11.3643",Rimesse,Cirenaica,radical 0.62 km
"44.4979,11.3378",Bologna City Center,Marconi,radical 0.16 km
"44.4981,11.3506",Bologna City Center,Irnerio,radical 0.00 km
"44.4982,11.3302",La Piccola Venezia,Manifattura delle Arti,radical 0.00 km
"44.4982,11.3379",Bologna City Center,Marconi,radical 0.12 km
"44.4986,11.3468",Bologna City Center,Irnerio,radical 0.00 km
"44.4988,11.3568",Bologna University,Irnerio,radical 0.44 km
"44.4989,11.3321",La Piccola Venezia,Manifattura delle Arti,radical 0.17 km
"44.4991,11.3387",Bologna City Center,Marconi,radical 0.00 km
"44.4996,11.3444",Bologna Centrale Railway Station,Pioggia,radical 0.19 km
"44.5005,11.3301",La Piccola Venezia,Manifattura delle Arti,radical 0.25 km
"44.5006,11.3463",Bologna Centrale Railway Station,Pioggia,radical 0.00 km
"44.5006,11.3513",Bologna Centrale Railway Station,Irnerio,radical 0.01 km
"44.5006,11.3514",Bologna Centrale Railway Station,Irnerio,radical 0.00 km
"44.5008,11.3229",La Piccola Venezia,Saffi,radical 0.64 km
"44.5014,11.3444",Bologna Centrale Railway Station,Pioggia,radical 0.18 km
"44.5015,11.3703",San Donato,San Donato,radical 0.49 km
"44.5021,11.3630",San Donato,San Donato,radical 0.36 km
"44.5029,11.3321",La Piccola Venezia,Manifattura delle Arti,radical 0.54 km
"44.5029,9.6290",,,unknown
"44.5034,11.3378",Bologna Centrale Railway Station,Manifattura delle Arti,radical 0.24 km
"44.5036,11.3408",Bologna Centrale Railway Station,Marconi,radical 0.00 km
"44.5040,11.3405",Bologna Centrale Railway Station,Marconi,radical 0.05 km
"44.5043,11.3419",Bologna Centrale Railway Station,Marconi,radical 0.06 km
"44.5046,11.3660",San Donato,San Donato,radical 0.00 km
"44.5047,11.3413",Bologna Centrale Railway Station,Marconi,radical 0.00 km
"44.5051,11.3414",Bologna Centrale Railway Station,Marconi,radical 0.00 km
"44.5052,11.3416",Bologna Centrale Railway Station,Marconi,radical 0.02 km
"44.5054,11.3459",Bologna Centrale Railway Station,Bolognina,radical 0.01 km
"44.5055,11.3399",Bologna Centrale,Manifattura delle Arti,radical 0.12 km
"44.5057,11.8386",,,unknown
"44.5058,11.3430",Bologna Centrale,Marconi,radical 0.13 km
"44.5059,11.3315",Bologna Centrale Railway Station,Manifattura delle Arti,radical 0.78 km
"44.5065,11.3032",,Santa Viola,unknown
"44.5074,11.3432",Bologna Centrale Railway Station,Bolognina,radical 0.00 km
"44.5076,11.3418",Bologna Centrale Railway Station,Bolognina,radical 0.05 km
"44.5077,11.3412",Bologna Centrale Railway Station,Bolognina,radical 0.00 km
"44.5081,11.3546",Bologna Centrale Railway Station,La Zucca,radical 0.00 km
"44.5084,11.3444",Bologna Centrale Railway Station,Bolognina,radical 0.00 km
"44.5085,11.3778",,San Donnino,unknown
"44.5098,11.3551",Bologna Centrale Railway Station,La Zucca,radical 0.20 km
"44.5100,11.3476",Bologna Centrale Railway Station,Bolognina,radical 0.31 km
"44.5105,11.3469",Bologna Centrale Railway Station,Bolognina,radical 0.31 km
"44.5112,11.3475",Bologna Centrale Railway Station,Bolognina,radical 0.40 km
"44.5113,11.1465",,,unknown
"44.5114,11.3433",Bologna Centrale Railway Station,Bolognina,radical 0.35 km
"44.5131,11.4606",,,unknown
"44.5133,11.3435",Bologna Centrale Railway Station,Ca' de' Fiori,radical 0.55 km
"44.5135,11.3475",Bologna Centrale Railway Station,Ca' de' Fiori,radical 0.62 km
"44.5157,11.3425",Bologna Centrale Railway Station,Arcoveggio,radical 0.83 km
"44.5190,11.2771",,Borgo Panigale,unknown
"44.5208,11.2949",,La Birra,unknown
"44.5216,11.3395",,Battiferro,unknown
"44.5272,10.8708",,Villaggio Giardino,unknown
"44.5283,10.8652",,Villaggio Giardino,unknown
"44.5297,8.0499",,,unknown
"44.5328,7.9478",,,unknown
"44.5337,11.3008",,Noce,unknown
"44.5374,11.5368",,,unknown
"44.5382,11.3046",,Noce,unknown
"44.5402,10.7954",,Braida,unknown
"44.5425,11.3574",,Corticella,unknown
"44.5445,10.7801",,Borgo Venezia,unknown
"44.5446,11.0052",,,unknown
"44.5460,11.1931",,,unknown
"44.5516,10.9381",,Quattro Madonne,unknown
"44.5529,10.8403",,Crociale,unknown
"44.5570,7.7328",,Belmonte,unknown
"44.5619,7.3203",,,unknown
"44.5654,11.2720",,,unknown
"44.5690,11.3576",,Ronco Maggiore,unknown
"44.5732,8.9529",,,unknown
"44.5770,10.8492",,,unknown
"44.5785,11.3539",,Ronco Maggiore,unknown
"44.5828,11.8712",,,unknown
"44.5970,7.6114",,,unknown
"44.6223,11.4880",,,unknown
"44.6236,11.4894",,,unknown
"44.6265,10.9488",,Colombara,unknown
"44.6272,11.3800",,,unknown
"44.6288,11.2753",,,unknown
"44.6322,9.7307",,,unknown
"44.6323,10.9056",,Amendola,unknown
"44.6324,10.7191",,,unknown
"44.6344,10.9281",Central Station,Sant'Agnese,radical 0.00 km
"44.6345,8.6437",,,unknown
"44.6388,10.3831",,Le Piane,unknown
"44.6393,10.9350",Central Station,Sant'Agnese,radical 0.77 km
"44.6403,11.1794",,Accatà,unknown
"44.6404,10.9399",,Musicisti,unknown
"44.6407,8.6477",,,unknown
"44.6408,10.9125",Central Station,San Faustino,radical 0.00 km
"44.6423,10.9176",Central Station,Quartiere Baggiovara,radical 0.43 km
"44.6426,10.9268",Modena City Centre,Quartiere Saliceto,radical 0.74 km
"44.6428,10.6714",,,unknown
"44.6451,10.9271",Modena City Centre,Centro storico,radical 0.54 km
"44.6458,10.9236",Modena City Centre,Quartiere Baggiovara,radical 0.31 km
"44.6468,7.4937",,,unknown
"44.6484,10.9220",Modena City Centre,Quartiere Cittanova,radical 0.01 km
"44.6499,10.9243",Modena City Centre,Quartiere Cittanova,radical 0.25 km
"44.6500,10.9299",Central Station,Addizione Erculea,radical 0.00 km
"44.6502,10.9274",Modena City Centre,Addizione Erculea,radical 0.00 km
"44.6504,10.9302",Central Station,Addizione Erculea,radical 0.05 km
"44.6504,10.9309",Central Station,Addizione Erculea,radical 0.00 km
"44.6515,10.9314",Central Station,Addizione Erculea,radical 0.00 km
"44.6524,7.8554",,Moglia,unknown
"44.6535,10.9318",Central Station,Addizione Erculea,radical 0.00 km
"44.6590,10.9386",Central Station,Crocetta,radical 0.81 km
"44.6639,10.9240",,Sacca,unknown
"44.6680,11.4889",,,unknown
"44.6724,11.0689",,,unknown
"44.6760,11.4917",,,unknown
"44.6785,12.2406",,Quartiere Le Valli,unknown
"44.6869,10.6383",,Rosta Nuova,unknown
"44.6911,10.6244",Reggio Emilia Old Town,Buon Pastore,radical 0.54 km
"44.6914,10.6393",Reggio Emilia Railway Station,Mirabello,radical 0.70 km
"44.6952,10.8466",,,unknown
"44.6956,10.6270",Reggio Emilia Old Town,Porta Castello,radical 0.00 km
"44.6969,10.6435",Reggio Emilia Railway Station,Porta San Pietro,radical 0.00 km
"44.6972,10.6430",Reggio Emilia Railway Station,Porta San Pietro,radical 0.01 km
"44.7009,11.4044",,,unknown
"44.7038,10.2377",,,unknown
"44.7097,8.2324",,,unknown
"44.7106,10.6408",,La Nave,unknown
"44.7117,8.0340",,Mussotto,unknown
"44.7120,11.3107",,,unknown
"44.7165,8.2877",,,unknown
"44.7278,11.0430",,,unknown
"44.7299,10.6521",,Zona Industriale Mancasale,unknown
"44.7313,9.9294",,,unknown
"44.7519,10.2169",,,unknown
"44.7582,10.6707",,Zona Industriale Mancasale,unknown
"44.7589,8.7855",,Quartiere G3,unknown
"44.7604,10.4510",,,unknown
"44.7606,8.6796",,,unknown
"44.7717,10.3245",,Montanara,unknown
"44.7740,8.3555",,,unknown
"44.7817,10.5282",,,unknown
"44.7839,10.8797",,Cibeno Pile,unknown
"44.7855,10.3613",,Lubiana,unknown
"44.7923,10.3581",Parma City Center,San Lazzaro,radical 0.92 km
"44.7944,10.3525",Parma City Center,San Lazzaro,radical 0.42 km
"44.7958,10.3475",Parma City Center,San Lazzaro,radical 0.00 km
"44.7966,7.9919",,,unknown
"44.7968,10.3189",Parma City Center,Oltretorrente,radical 0.82 km
"44.7993,10.3373",Parma City Center,Cittadella,radical 0.00 km
"44.8007,10.3278",Parma City Center,Oltretorrente,radical 0.01 km
"44.8015,10.3275",Parma City Center,Oltretorrente,radical 0.09 km
"44.8030,10.3281",Parma City Center,Oltretorrente,radical 0.25 km
"44.8031,10.3291",Parma City Center,Oltretorrente,radical 0.28 km
"44.8032,10.3301",Parma City Center,Oltretorrente,radical 0.33 km
"44.8056,10.3283",Parma Station,Oltretorrente,radical 0.26 km
"44.8079,10.3280",Parma Station,San Leonardo,radical 0.00 km
"44.8086,10.3301",Parma Station,San Leonardo,radical 0.00 km
"44.8091,10.3304",Parma Station,San Leonardo,radical 0.06 km
"44.8092,10.3276",Parma Station,San Leonardo,radical 0.05 km
"44.8097,10.3276",Parma Station,San Leonardo,radical 0.01 km
"44.8100,10.3306",Parma Station,San Leonardo,radical 0.00 km
"44.8111,10.3293",Parma Station,San Leonardo,radical 0.16 km
"44.8155,9.9783",,,unknown
"44.8253,11.6297",,Quacchio,unknown
"44.8313,11.6355",,Quacchio,unknown
"44.8317,10.3391",,Cortile San Martino,unknown
"44.8322,11.2912",,,unknown
"44.8338,11.6192",Ferrara City Center,Centro storico,radical 0.30 km
"44.8347,11.6228",Ferrara City Center,Centro storico,radical 0.00 km
"44.8349,11.6144",Ferrara City Center,Centro cittadino,radical 0.40 km
"44.8355,11.6146",Ferrara City Center,Centro cittadino,radical 0.35 km
"44.8369,11.6222",Ferrara City Center,Centro cittadino,radical 0.25 km
"44.8371,11.6184",Ferrara City Center,Centro cittadino,radical 0.00 km
"44.8372,10.0166",,,unknown
"44.8399,11.6188",Ferrara City Center,Centro cittadino,radical 0.26 km
"44.8400,11.6154",Ferrara City Center,Centro cittadino,radical 0.01 km
"44.8426,11.6048",Ferrara Railway Station,Doro,radical 0.01 km
"44.8427,11.6048",Ferrara Railway Station,Doro,radical 0.00 km
"44.8431,11.6163",Ferrara City Center,Giardino,radical 0.35 km
"44.8433,11.6043",Ferrara Railway Station,Doro,radical 0.01 km
"44.8433,11.6095",Ferrara Railway Station,Giardino,radical 0.00 km
"44.8452,11.6082",Ferrara Railway Station,Doro,radical 0.00 km
"44.8456,11.6094",Ferrara Railway Station,Doro,radical 0.01 km
"44.8469,10.7393",,,unknown
"44.8537,11.6024",,Doro,unknown
"44.8579,10.0572",,,unknown
"44.8598,10.5297",,,unknown
"44.8784,9.8428",,,unknown
"44.8846,7.3307",,,unknown
"44.8991,8.1994",Asti City Center,Rione Cattedrale,radical 0.00 km
"44.9001,8.8666",Tortona,,radical 0.00 km
"44.9016,8.2000",Asti City Center,Rione Cattedrale,radical 0.00 km
"44.9050,10.6296",,Baccanello,unknown
"44.9150,9.0262",,,unknown
"44.9169,10.8023",,,unknown
"44.9170,10.8213",,,unknown
"44.9188,8.6189",,Cristo,unknown
"44.9216,10.2289",,,unknown
"44.9219,8.6175",,Cristo,unknown
"44.9563,9.6870",,Contrada degli Olivetani,unknown
"44.9887,7.4602",,Paperia,unknown
"44.9944,9.0083",,Ex Caserma della Cavalleria,unknown
"44.9960,10.8578",,,unknown
"44.9984,9.0287",,Strada Grippina,unknown
"44.9992,12.2139",,Contarina,unknown
"45.0015,7.6448",,Basse di Mirafiori,unknown
"45.0065,7.5363",,,unknown
"45.0066,7.5475",,,unknown
"45.0090,7.5368",,,unknown
"45.0174,9.6792",,Galleana,unknown
"45.0193,7.6517",Lingotto,Lingotto,radical 0.59 km
"45.0230,7.5924",,Cime Bianche,unknown
"45.0307,7.6551",Lingotto,Lingotto,radical 0.00 km
"45.0310,7.6691",Lingotto,Nizza Millefonti,radical 0.00 km
"45.0313,7.6710",Lingotto,Nizza Millefonti,radical 0.15 km
"45.0323,7.6137",,Centro Europa,unknown
"45.0343,7.6488",Lingotto,Filadelfia,radical 0.00 km
"45.0346,12.2285",,Donada,unknown
"45.0351,7.6684",Turin City Center,Nizza Millefonti,radical 0.00 km
"45.0359,7.6443",Lingotto,Borgo Cina,radical 0.40 km
"45.0365,7.6512",Lingotto,Filadelfia,radical 0.00 km
"45.0366,9.7099",,Baia del Re,unknown
"45.0371,9.7239",,Giarona,unknown
"45.0397,7.9674",,,unknown
"45.0400,7.6457",Lingotto,Santa Rita,radical 0.00 km
"45.0400,7.6463",Santa Rita,Santa Rita,radical 0.00 km
"45.0406,9.6891",,INA-Casa,unknown
"45.0412,7.6833",Borgo Medievale,Pilonetto,radical 0.89 km
"45.0418,7.6460",Santa Rita,Santa Rita,radical 0.20 km
"45.0435,7.6599",Lingotto,Filadelfia,radical 0.00 km
"45.0445,9.7029",Piacenza Train Station,Baia del Re,radical 0.85 km
"45.0447,7.6495",Santa Rita,Santa Rita,radical 0.58 km
"45.0451,7.6163",,Gerbido,unknown
"45.0470,9.6769",,Belvedere,unknown
"45.0480,7.6706",Lingotto,Molinette,radical 0.97 km
"45.0499,9.6626",,Veggioletta,unknown
"45.0510,7.3542",,Ruata Ollasio,unknown
"45.0520,9.7047",Piacenza Train Station,Barriera Milano,radical 0.00 km
"45.0539,9.6890",,Barriera Milano,unknown
"45.0542,9.6749",,Barriera Torino,unknown
"45.0543,9.6076",,Riva Trebbia,unknown
"45.0556,7.6812",Parco Del Valentino,San Salvario,radical 0.00 km
"45.0562,9.6833",,Barriera Torino,unknown
"45.0572,7.6404",Stazione Porta Nuova,Rione Lancia,radical 0.00 km
"45.0579,7.6821",Stazione Porta Nuova,San Salvario,radical 0.21 km
"45.0580,7.6825",Stazione Porta Nuova,San Salvario,radical 0.18 km
"45.0592,7.6465",Stazione Porta Nuova,Borgo San Paolo,radical 0.52 km
"45.0592,7.6841",Stazione Porta Nuova,San Salvario,radical 0.00 km
"45.0595,7.6835",Stazione Porta Nuova,San Salvario,radical 0.00 km
"45.0597,7.6791",Stazione Porta Nuova,San Secondo,radical 0.00 km
"45.0598,7.6787",Stazione Porta Nuova,San Secondo,radical 0.01 km
"45.0600,7.6813",Stazione Porta Nuova,San Salvario,radical 0.00 km
"45.0602,7.6816",Stazione Porta Nuova,San Salvario,radical 0.00 km
"45.0603,7.6584",Crocetta,Crocetta,radical 0.00 km
"45.0604,7.6789",Stazione Porta Nuova,San Secondo,radical 0.06 km
"45.0610,7.6828",Stazione Porta Nuova,Borgo Nuovo,radical 0.13 km
"45.0611,7.6804",Stazione Porta Nuova,San Secondo,radical 0.00 km
"45.0614,7.6814",Stazione Porta Nuova,Borgo Nuovo,radical 0.08 km
"45.0617,7.6529",Crocetta,Borgo San Paolo,radical 0.46 km
"45.0618,7.6733",Stazione Porta Nuova,San Secondo,radical 0.18 km
"45.0620,7.6491",Torino Porta Susa,Borgo San Paolo,radical 0.35 km
"45.0621,7.6756",Stazione Porta Nuova,San Secondo,radical 0.01 km
"45.0621,7.6761",Stazione Porta Nuova,San Secondo,radical 0.00 km
"45.0622,7.6757",Stazione Porta Nuova,San Secondo,radical 0.01 km
"45.0630,7.6773",Stazione Porta Nuova,San Secondo,radical 0.11 km
"45.0630,7.6803",Stazione Porta Nuova,Borgo Nuovo,radical 0.17 km
"45.0634,7.6747",Torino Porta Susa,San Secondo,radical 0.00 km
"45.0637,7.6500",Torino Porta Susa,Borgo San Paolo,radical 0.27 km
"45.0637,7.6837",Turin Historic Centre,Borgo Nuovo,radical 0.00 km
"45.0638,7.6775",Stazione Porta Nuova,San Secondo,radical 0.12 km
"45.0642,7.6789",Stazione Porta Nuova,Centro,radical 0.00 km
"45.0644,7.6790",Stazione Porta Nuova,Centro,radical 0.02 km
"45.0644,7.6796",Stazione Porta Nuova,Centro,radical 0.06 km
"45.0644,7.6833",Turin Historic Centre,Borgo Nuovo,radical 0.08 km
"45.0646,7.6456",Cenisia,Borgo San Paolo,radical 0.00 km
"45.0646,7.6504",Torino Porta Susa,Borgo San Paolo,radical 0.27 km
"45.0648,7.6469",Torino Porta Susa,Borgo San Paolo,radical 0.01 km
"45.0648,7.6780",Stazione Porta Nuova,Centro,radical 0.10 km
"45.0651,7.6732",Torino Porta Susa,San Secondo,radical 0.22 km
"45.0652,7.6512",Torino Porta Susa,Cenisia,radical 0.34 km
"45.0654,7.6880",Turin City Center,Borgo Nuovo,radical 0.24 km
"45.0664,7.6509",Torino Porta Susa,Cenisia,radical 0.36 km
"45.0669,7.6914",Turin City Center,Borgo Nuovo,radical 0.20 km
"45.0672,7.6829",Stazione Porta Nuova,Centro,radical 0.01 km
"45.0673,7.6829",Stazione Porta Nuova,Centro,radical 0.01 km
"45.0674,7.6867",Turin City Center,Centro,radical 0.00 km
"45.0675,7.6952",Mole Antonelliana,Vanchiglia,radical 0.17 km
"45.0676,7.5837",,Regina Margherita,unknown
"45.0685,7.5196",Rivoli City Centre,Borgo Uriola,radical 0.00 km
"45.0686,7.6904",Turin City Center,Borgo Nuovo,radical 0.00 km
"45.0690,7.6652",Torino Porta Susa,Cit Turin,radical 0.30 km
"45.0690,7.6947",Mole Antonelliana,Vanchiglia,radical 0.00 km
"45.0691,7.6951",Mole Antonelliana,Vanchiglia,radical 0.00 km
"45.0694,7.6952",Mole Antonelliana,Vanchiglia,radical 0.04 km
"45.0694,7.7011",Piazza Vittorio Veneto,Vanchiglia,radical 0.00 km
"45.0696,7.6404",Cenisia,Cenisia,radical 0.69 km
"45.0696,7.6537",Cenisia,Cenisia,radical 0.00 km
"45.0697,7.6792",Turin Historic Centre,Centro,radical 0.22 km
"45.0698,7.6786",Turin Historic Centre,Centro,radical 0.25 km
"45.0699,7.6823",Turin Historic Centre,Centro,radical 0.05 km
"45.0701,10.7607",,,unknown
"45.0701,7.6875",Turin Historic Centre,Centro,radical 0.19 km
"45.0703,7.6826",Turin Historic Centre,Centro,radical 0.01 km
"45.0710,7.6837",Turin Historic Centre,Centro,radical 0.11 km
"45.0711,7.6819",Turin Historic Centre,Centro,radical 0.00 km
"45.0714,7.6643",Torino Porta Susa,Cit Turin,radical 0.09 km
"45.0715,7.5150",Rivoli City Centre,Borgo Nuovo,radical 0.49 km
"45.0716,7.6811",Turin Historic Centre,Centro,radical 0.00 km
"45.0717,7.5557",,Leumann,unknown
"45.0726,7.6620",Quadrilatero Romano,Cit Turin,radical 0.22 km
"45.0726,7.6704",Turin Historic Centre,Cit Turin,radical 0.06 km
"45.0727,7.6844",Turin Historic Centre,Centro,radical 0.00 km
"45.0728,7.6711",Turin Historic Centre,Quadrilatero Romano,radical 0.00 km
"45.0730,7.5698",,Terracorta,unknown
"45.0730,7.6391",Cenisia,Parella,spread 0.39 km
"45.0731,7.6846",Turin Historic Centre,Quadrilatero Romano,radical 0.05 km
"45.0732,7.6655",Quadrilatero Romano,Cit Turin,radical 0.09 km
"45.0735,7.6692",Quadrilatero Romano,Cit Turin,radical 0.00 km
"45.0735,7.7184",,Vanchiglietta,unknown
"45.0736,7.6645",Quadrilatero Romano,Cit Turin,radical 0.01 km
"45.0739,7.6688",Cit Turin,Cit Turin,radical 0.00 km
"45.0740,7.6776",Quadrilatero Romano,Quadrilatero Romano,radical 0.10 km
"45.0744,7.6764",Quadrilatero Romano,Quadrilatero Romano,radical 0.00 km
"45.0746,7.6824",Turin City Center,Quadrilatero Romano,radical 0.00 km
"45.0749,7.6699",Quadrilatero Romano,Cit Turin,radical 0.00 km
"45.0751,7.6692",Quadrilatero Romano,Cit Turin,radical 0.06 km
"45.0755,7.6838",Turin City Center,Porta Palazzo,radical 0.15 km
"45.0756,9.3003",,,unknown
"45.0763,7.6785",Porta Palazzo Market,Quadrilatero Romano,radical 0.01 km
"45.0764,7.6785",Porta Palazzo Market,Quadrilatero Romano,radical 0.01 km
"45.0766,11.7813",Rovigo Train Station,Commenda,radical 0.00 km
"45.0768,7.6710",Quadrilatero Romano,Valdocco,radical 0.22 km
"45.0769,7.5771",,Regina Margherita,unknown
"45.0781,7.6256",,Parella,unknown
"45.0781,7.6599",Cit Turin,San Donato,radical 0.42 km
"45.0788,7.6674",Quadrilatero Romano,San Donato,radical 0.47 km
"45.0788,7.7331",Tranvia Sassi Superga Station,Borgata Rosa,radical 0.24 km
"45.0798,7.6926",Barriera Di Milano,Rossini,radical 0.00 km
"45.0807,7.6577",Cit Turin,San Donato,radical 0.71 km
"45.0818,7.6927",Torino Porta Susa,Aurora,radical 0.00 km
"45.0827,7.6871",Aurora,Aurora,radical 0.00 km
"45.0868,9.0854",,,unknown
"45.0875,7.7002",Barriera Di Milano,Monte Rosa,radical 0.00 km
"45.0881,7.6802",Torino Dora,Spina 4,radical 0.12 km
"45.0885,7.6916",Barriera Di Milano,Monte Rosa,radical 0.00 km
"45.0889,7.6792",Torino Dora,Borgata Tesso,radical 0.00 km
"45.0892,7.6791",Torino Dora,Borgata Tesso,radical 0.03 km
"45.0920,7.6778",Torino Dora,Borgata Tesso,radical 0.36 km
"45.0944,7.6949",Barriera Di Milano,Barriera di Milano,radical 0.25 km
"45.0954,7.6920",Barriera Di Milano,Barriera di Milano,radical 0.01 km
"45.0995,7.3681",,,unknown
"45.1026,7.6786",,Borgo Vittoria,unknown
"45.1026,7.6789",,Borgo Vittoria,unknown
"45.1053,7.6960",,Rebaudengo,unknown
"45.1059,10.1595",,,unknown
"45.1064,7.6398",Allianz Stadium,Continassa,radical 0.36 km
"45.1068,7.6458",Allianz Stadium,Villaggio Santa Caterina,radical 0.00 km
"45.1070,7.6458",Allianz Stadium,Villaggio Santa Caterina,radical 0.02 km
"45.1093,7.2755",,,unknown
"45.1118,7.6465",Allianz Stadium,Gallo Praile,radical 0.56 km
"45.1183,7.6565",,Rigola,unknown
"45.1284,7.6400",,Altessano,unknown
"45.1292,7.8232",,,unknown
"45.1297,7.7597",,Famolenta,unknown
"45.1312,7.6232",,Centro,unknown
"45.1315,8.4506",,Valentino,unknown
"45.1340,10.0415",,Villetta,unknown
"45.1351,10.0224",Cremona City Center,Centro storico,radical 0.00 km
"45.1351,10.0254",Cremona City Center,Centro storico,radical 0.23 km
"45.1369,10.0235",Cremona City Center,Centro storico,radical 0.22 km
"45.1387,10.0127",Cremona City Center,Zona Castello,radical 0.00 km
"45.1394,7.7696",,Famolenta,unknown
"45.1404,11.1415",,,unknown
"45.1406,10.0239",Cremona Train Station,Vecchia Dogana,radical 0.19 km
"45.1413,10.0218",Cremona Train Station,Vecchia Dogana,radical 0.01 km
"45.1418,10.0199",Cremona Train Station,Zona Castello,radical 0.00 km
"45.1424,10.0129",Cremona City Center,Zona Castello,radical 0.41 km
"45.1512,10.6472",,,unknown
"45.1531,10.7149",,Angeli,unknown
"45.1547,8.9510",,,unknown
"45.1565,10.7898",Mantua City Center,Fiera-Catena,radical 0.00 km
"45.1573,10.7893",Mantua City Center,Fiera-Catena,radical 0.00 km
"45.1581,9.5562",,,unknown
"45.1594,9.3149",,,unknown
"45.1788,9.6316",,Ducatona,unknown
"45.1802,11.7441",,,unknown
"45.1815,9.6504",,Ducatona,unknown
"45.1839,9.1553",Downtown,Borgo Ticino,radical 0.33 km
"45.1844,9.7779",,Gera,unknown
"45.1853,11.2742",,,unknown
"45.1858,9.1519",Downtown,Ticinello,radical 0.01 km
"45.1858,9.1528",Downtown,Ticinello,radical 0.07 km
"45.1866,9.1436",Pavia Train Station,Ticinello,radical 0.09 km
"45.1874,9.1438",Pavia Train Station,Ticinello,radical 0.00 km
"45.1876,9.1437",Pavia Train Station,Ticinello,radical 0.02 km
"45.1879,9.1447",Pavia Train Station,Ticinello,radical 0.01 km
"45.1879,9.1462",Pavia Train Station,Ticinello,radical 0.12 km
"45.1880,9.1760",,San Giovannino,unknown
"45.1882,12.2802",Brondolo,Brondolo,radical 0.00 km
"45.1894,9.1498",Pavia Train Station,Ponte di Pietra,radical 0.00 km
"45.1904,9.1621",Downtown,Santo Spirito,radical 0.95 km
"45.1905,11.3115",,Porto,unknown
"45.1906,11.2975",,Porto,unknown
"45.1927,11.3095",,Porto,unknown
"45.1931,11.3107",,Porto,unknown
"45.1941,9.1610",,Città Giardino,unknown
"45.1964,7.8970",,,unknown
"45.2005,7.7738",,,unknown
"45.2020,12.2909",,Brondolo,unknown
"45.2154,12.2915",Sottomarina,Sottomarina,radical 0.00 km
"45.2207,7.6248",,,unknown
"45.2208,10.4093",,,unknown
"45.2243,12.1928",,,unknown
"45.2270,11.4796",,Borgo San Zeno,unknown
"45.2321,7.8535",,,unknown
"45.2351,7.6051",,,unknown
"45.2535,9.0425",,Cascina Sette Filagni,unknown
"45.2582,11.1197",,,unknown
"45.2612,11.1159",,,unknown
"45.2723,10.8918",,,unknown
"45.2735,11.0087",,,unknown
"45.2751,11.4436",,,unknown
"45.2847,11.5356",,,unknown
"45.2874,9.8580",,,unknown
"45.2882,11.7848",,Carrara San Giorgio,unknown
"45.2892,9.5318",,San Bernardo,unknown
"45.2900,10.4343",,,unknown
"45.2910,11.5406",,,unknown
"45.2926,8.9961",,,unknown
"45.2938,9.7640",,,unknown
"45.2951,8.7044",,,unknown
"45.2962,12.0362",,Quartiere Sant'Anna,unknown
"45.2997,10.4746",,,unknown
"45.3027,9.4148",,Borgo San Salvatore,unknown
"45.3055,9.0228",,,unknown
"45.3062,9.5081",,Gatta,unknown
"45.3134,10.0079",,,unknown
"45.3159,9.5055",,Maddalena,unknown
"45.3161,8.8588",Vigevano City Center,,radical 0.47 km
"45.3164,10.9425",,,unknown
"45.3195,8.4283",,Porta Casale,unknown
"45.3199,9.1382",,Case Bettola,unknown
"45.3203,8.8583",Vigevano City Center,,radical 0.00 km
"45.3221,8.8480",Vigevano City Center,,radical 0.82 km
"45.3227,11.7895",,,unknown
"45.3236,8.4156",,Porta Torino,unknown
"45.3266,9.4604",,San Gualtero,unknown
"45.3275,11.7955",,,unknown
"45.3278,9.4059",,CRU 7,unknown
"45.3406,10.9992",,,unknown
"45.3425,8.1708",,,unknown
"45.3475,9.3167",,Maraschi,unknown
"45.3479,11.0339",,,unknown
"45.3494,10.3430",,,unknown
"45.3517,11.0466",,,unknown
"45.3560,10.9555",,,unknown
"45.3561,9.3211",,Maraschi,unknown
"45.3575,10.8446",,,unknown
"45.3578,9.2280",,Cascina Marisa,unknown
"45.3582,9.2267",,Cascina Marisa,unknown
"45.3599,11.7901",,Monteortone,unknown
"45.3614,9.6949",,Castelnuovo,unknown
"45.3635,9.3237",,Industrie,unknown
"45.3641,10.8581",,,unknown
"45.3656,8.8094",,,unknown
"45.3718,11.0941",,Pontoncello,unknown
"45.3730,11.1304",,,unknown
"45.3755,9.7785",,,unknown
"45.3766,10.9198",,Mezoi,unknown
"45.3790,11.7657",,Monteortone,unknown
"45.3803,9.0994",,Molino Borgazzi,unknown
"45.3803,9.7422",,San Bernardino,unknown
"45.3821,10.4961",,,unknown
"45.3834,12.3469",,,unknown
"45.3893,12.3511",,,unknown
"45.3896,10.4799",,,unknown
"45.3935,9.1742",,Quinto de' Stampi,unknown
"45.3943,11.8856",,Santa Rita,unknown
"45.3943,9.5921",,,unknown
"45.3945,10.9110",,Calzoni,unknown
"45.3947,11.8901",,Santa Rita,unknown
"45.3988,8.9244",,Quartiere Fiera Abbiategrasso,unknown
"45.3995,11.8777",Padua City Center,Santa Rita,radical 0.25 km
"45.3998,11.8780",Padua City Center,Santa Rita,radical 0.24 km
"45.4008,11.8788",Padua City Center,Santa Rita,radical 0.25 km
"45.4013,11.8757",Padua City Center,Santa Rita,radical 0.00 km
"45.4016,12.3609",Venice Lido,,radical 0.00 km
"45.4020,11.8802",Padua City Center,Santa Rita,radical 0.28 km
"45.4023,11.2754",,,unknown
"45.4024,10.2872",,,unknown
"45.4032,10.2776",,,unknown
"45.4044,11.8793",Padua City Center,Santa Rita,radical 0.01 km
"45.4051,12.3670",Venice Lido,Sant'Elena,radical 0.61 km
"45.4051,9.1308",Assago,Robbiolo,radical 0.01 km
"45.4052,10.0540",,,unknown
"45.4063,11.8728",Padua City Center,San Giuseppe,radical 0.51 km
"45.4079,9.1520",,Basmetto,unknown
"45.4081,10.9800",,Borgo Roma,unknown
"45.4093,11.8928",,Stanga,unknown
"45.4098,10.9989",,Borgo Roma,unknown
"45.4098,11.8690",Padua City Center,San Giuseppe,radical 0.62 km
"45.4099,11.8769",Padua City Center,San Giuseppe,radical 0.00 km
"45.4113,11.9248",,San Gregorio di Camin,unknown
"45.4118,10.3932",,,unknown
"45.4135,10.9877",,Borgo Roma,unknown
"45.4144,11.1847",,Villaggio,unknown
"45.4149,10.9857",,Borgo Roma,unknown
"45.4154,11.2819",,,unknown
"45.4157,12.3724",,Sant'Elena,unknown
"45.4161,12.3722",,Sant'Elena,unknown
"45.4168,11.8795",Main Station,Arcella,radical 0.01 km
"45.4169,11.8794",Main Station,Arcella,radical 0.00 km
"45.4169,12.3694",,Sant'Elena,unknown
"45.4170,9.2632",,Metanopoli,unknown
"45.4179,12.1335",,Mira Buse,unknown
"45.4185,11.8745",Main Station,Arcella,radical 0.00 km
"45.4188,11.8796",Main Station,Arcella,radical 0.00 km
"45.4191,11.1358",,,unknown
"45.4207,11.5919",,,unknown
"45.4210,10.9543",,Santa Lucia,unknown
"45.4227,11.9408",,Ponte di Brenta,unknown
"45.4229,12.3770",,Sant'Elena,unknown
"45.4231,11.8544",,Sant'Ignazio,unknown
"45.4243,9.0624",,Quartiere Zingone,unknown
"45.4244,9.2036",,Ripamonti,unknown
"45.4260,10.9928",Porta Nuova,Cittadella,radical 0.80 km
"45.4260,12.3284",Giudecca,Giudecca,radical 0.16 km
"45.4260,12.3365",Peggy Guggenheim Collection,Giudecca,radical 0.66 km
"45.4262,10.9560",,Santa Lucia,unknown
"45.4264,12.3264",Giudecca,Giudecca,radical 0.00 km
"45.4266,11.9159",,Mortise,unknown
"45.4267,12.3248",Giudecca,Giudecca,radical 0.13 km
"45.4270,12.3604",San Marco,Sant'Elena,radical 0.80 km
"45.4289,9.2579",,Triulzo Superiore,unknown
"45.4291,12.3281",Accademia Gallery,Giudecca,radical 0.01 km
"45.4304,12.3335",Peggy Guggenheim Collection,San Marco,radical 0.16 km
"45.4311,12.3267",Accademia Gallery,Dorsoduro,radical 0.24 km
"45.4315,12.3207",Dorsoduro,Dorsoduro,radical 0.34 km
"45.4315,9.2440",Rogoredo Train Station,Rogoredo,radical 0.00 km
"45.4317,8.5940",,San Paolo,unknown
"45.4319,9.2446",Rogoredo Train Station,Rogoredo,radical 0.07 km
"45.4321,10.9873",Porta Nuova,Cittadella,radical 0.00 km
"45.4321,12.3533",San Marco,Castello,radical 0.01 km
"45.4324,10.9874",Porta Nuova,Cittadella,radical 0.00 km
"45.4327,12.3330",Peggy Guggenheim Collection,San Marco,radical 0.02 km
"45.4328,12.3172",Piazzale Roma,Dorsoduro,radical 0.50 km
"45.4328,12.3327",Peggy Guggenheim Collection,San Marco,radical 0.00 km
"45.4329,10.9962",Verona Historic Centre,Cittadella,radical 0.31 km
"45.4330,10.9843",Porta Nuova,Cittadella,radical 0.00 km
"45.4330,10.9885",Porta Nuova,Cittadella,radical 0.11 km
"45.4330,12.3530",Venice City Center,Castello,radical 0.02 km
"45.4331,12.3532",Venice City Center,Castello,radical 0.00 km
"45.4332,10.9854",Porta Nuova,Cittadella,radical 0.09 km
"45.4332,12.3141",Santa Croce,Dorsoduro,radical 0.57 km
"45.4333,11.0432",,San Michele Extra,unknown
"45.4333,12.3344",Peggy Guggenheim Collection,San Marco,radical 0.14 km
"45.4335,12.3366",San Marco,San Marco,radical 0.16 km
"45.4337,12.3472",Doge S Palace,Castello,radical 0.00 km
"45.4338,9.1855",,Stadera,unknown
"45.4339,12.3472",Santa Lucia Station,Castello,radical 0.01 km
"45.4339,12.3476",Santa Lucia Station,Castello,radical 0.03 km
"45.4340,12.3231",Dorsoduro,Dorsoduro,radical 0.18 km
"45.4342,10.8326",,,unknown
"45.4342,10.9849",Verona Historic Centre,Cittadella,radical 0.00 km
"45.4342,12.3464",Santa Lucia Station,Castello,radical 0.07 km
"45.4344,12.3477",Biennale,Castello,radical 0.00 km
"45.4347,12.3237",Campo Dei Frari,Dorsoduro,radical 0.19 km
"45.4347,12.3299",San Polo,San Marco,radical 0.25 km
"45.4348,12.3335",Peggy Guggenheim Collection,San Marco,radical 0.23 km
"45.4349,12.3354",San Marco,San Marco,radical 0.17 km
"45.4350,12.3376",San Marco,San Marco,radical 0.00 km
"45.4350,9.1782",,Stadera,unknown
"45.4353,12.3382",San Marco,San Marco,radical 0.00 km
"45.4353,12.3383",San Marco,San Marco,radical 0.00 km
"45.4353,12.3397",San Marco,San Marco,radical 0.11 km
"45.4356,9.2181",Porta Romana,Pismonte,radical 0.79 km
"45.4357,10.9960",Verona Historic Centre,Cittadella,radical 0.00 km
"45.4358,12.3255",Campo Dei Frari,Santa Croce,radical 0.00 km
"45.4358,9.2406",Santa Giulia,Santa Giulia,radical 0.16 km
"45.4361,12.3272",Rialto,San Polo,radical 0.12 km
"45.4361,12.3358",Rialto,San Marco,radical 0.15 km
"45.4363,12.3268",Campo Dei Frari,San Polo,radical 0.11 km
"45.4364,12.3233",Campo Dei Frari,Santa Croce,radical 0.18 km
"45.4365,10.9820",Cittadella,Cittadella,radical 0.17 km
"45.4365,12.2046",,Botteghino,unknown
"45.4365,12.3397",Doge S Palace,San Marco,radical 0.01 km
"45.4366,12.3200",Piazzale Roma,Santa Croce,radical 0.08 km
"45.4366,12.3476",Biennale,Castello,radical 0.25 km
"45.4367,12.3270",Rialto,San Polo,radical 0.07 km
"45.4368,12.3398",Doge S Palace,San Marco,radical 0.03 km
"45.4369,10.9878",Cittadella,Cittadella,radical 0.00 km
"45.4369,12.1313",Mira City Center,Mira Buse,radical 0.00 km
"45.4370,12.3192",Piazzale Roma,Santa Croce,radical 0.00 km
"45.4370,12.3295",San Polo,San Polo,radical 0.00 km
"45.4370,12.3372",Rialto,San Marco,radical 0.09 km
"45.4370,9.2418",Santa Giulia,Santa Giulia,radical 0.01 km
"45.4371,12.3277",Rialto,San Polo,radical 0.00 km
"45.4372,12.3189",Piazzale Roma,Santa Croce,radical 0.00 km
"45.4372,12.3205",Santa Lucia Station,Santa Croce,radical 0.01 km
"45.4372,9.1821",,Stadera,unknown
"45.4373,10.9848",Cittadella,Cittadella,radical 0.06 km
"45.4373,12.3205",Santa Lucia Station,Santa Croce,radical 0.01 km
"45.4373,12.3299",San Polo,San Polo,radical 0.03 km
"45.4374,10.9838",Cittadella,Cittadella,radical 0.00 km
"45.4374,12.3363",Rialto,San Marco,radical 0.00 km
"45.4375,10.9853",Cittadella,Cittadella,radical 0.05 km
"45.4376,12.3314",San Polo,San Polo,radical 0.12 km
"45.4376,12.3414",Venice City Center,San Marco,radical 0.15 km
"45.4377,8.6071",Novara City Center,Sacro Cuore,radical 0.48 km
"45.4378,10.7488",,,unknown
"45.4378,10.9849",Cittadella,Cittadella,radical 0.00 km
"45.4378,11.0044",Verona Historic Centre,Veronetta,radical 0.47 km
"45.4378,12.3179",Piazzale Roma,Santa Croce,radical 0.02 km
"45.4378,12.3330",San Polo,San Polo,radical 0.01 km
"45.4378,8.7523",,San Cassiano,unknown
"45.4379,12.3335",San Polo,San Polo,radical 0.00 km
"45.4380,12.3220",Santa Croce,Santa Croce,radical 0.00 km
"45.4380,12.3264",Venice City Center,Santa Croce,radical 0.01 km
"45.4380,12.3374",Rialto,San Marco,radical 0.11 km
"45.4381,12.3188",Piazzale Roma,Santa Croce,radical 0.01 km
"45.4381,12.3264",Venice City Center,Santa Croce,radical 0.00 km
"45.4381,9.2248",Porta Romana,Corvetto,radical 0.74 km
"45.4386,10.9954",Verona Historic Centre,Città antica,radical 0.02 km
"45.4386,10.9957",Verona Historic Centre,Città antica,radical 0.01 km
"45.4386,8.6086",Novara City Center,Sacro Cuore,radical 0.34 km
"45.4387,10.9957",Verona Historic Centre,Città antica,radical 0.00 km
"45.4388,10.6892",Peschiera Del Garda Train Station,,radical 0.87 km
"45.4388,10.9870",Verona Historic Centre,Cittadella,radical 0.00 km
"45.4388,12.3186",Piazzale Roma,Santa Croce,radical 0.06 km
"45.4388,12.3421",Venice City Center,San Marco,radical 0.01 km
"45.4389,12.3286",San Polo,San Polo,radical 0.00 km
"45.4390,10.9944",Verona Historic Centre,Città antica,radical 0.11 km
"45.4391,12.3374",Venice Castello,San Marco,radical 0.03 km
"45.4392,12.3231",Dorsoduro,Santa Croce,radical 0.02 km
"45.4393,10.9905",Verona Historic Centre,Cittadella,radical 0.00 km
"45.4393,10.9918",Verona Historic Centre,Cittadella,radical 0.04 km
"45.4394,10.9910",Verona Historic Centre,Cittadella,radical 0.04 km
"45.4394,12.3230",Dorsoduro,Santa Croce,radical 0.00 km
"45.4394,12.3372",Venice Castello,San Marco,radical 0.00 km
"45.4395,11.0075",Verona Historic Centre,Veronetta,radical 0.63 km
"45.4396,10.7007",Peschiera Del Garda Train Station,,radical 0.22 km
"45.4396,12.3276",San Polo,San Polo,radical 0.11 km
"45.4396,9.1270",,Ronchetto sul Naviglio,unknown
"45.4397,12.3320",San Polo,San Polo,radical 0.22 km
"45.4397,12.3331",San Polo,San Polo,radical 0.20 km
"45.4398,9.1519",,Barona,unknown
"45.4399,11.0106",Verona Historic Centre,Veronetta,radical 0.86 km
"45.4400,9.2170",Porta Romana,Gamboloita,radical 0.32 km
"45.4402,9.2249",Porta Romana,Corvetto,radical 0.60 km
"45.4403,10.9995",Verona Historic Centre,Città antica,radical 0.00 km
"45.4404,10.9995",Verona Historic Centre,Città antica,radical 0.01 km
"45.4404,11.0113",Verona Historic Centre,Veronetta,radical 0.92 km
"45.4404,12.3251",Cannaregio,Santa Croce,radical 0.00 km
"45.4405,12.3348",Venice Castello,San Polo,radical 0.22 km
"45.4406,10.9930",Verona Historic Centre,Città antica,radical 0.15 km
"45.4408,8.5989",Novara City Center,Zona Agogna,radical 0.88 km
"45.4410,8.6095",Novara City Center,Sacro Cuore,radical 0.07 km
"45.4413,10.9979",Verona Historic Centre,Città antica,radical 0.01 km
"45.4413,12.3376",Cannaregio,San Polo,radical 0.05 km
"45.4413,12.3402",Ca D Oro Pier Station,San Marco,radical 0.00 km
"45.4414,10.9989",Verona Historic Centre,Città antica,radical 0.05 km
"45.4414,8.6101",Novara City Center,Sacro Cuore,radical 0.00 km
"45.4415,10.6997",Peschiera Del Garda Train Station,,radical 0.00 km
"45.4415,11.7626",,,unknown
"45.4415,12.3225",Santa Lucia Station,Santa Croce,radical 0.09 km
"45.4417,12.3376",Cannaregio,San Polo,radical 0.00 km
"45.4419,10.9990",Verona Historic Centre,Città antica,radical 0.01 km
"45.4420,10.9995",Verona Historic Centre,Città antica,radical 0.04 km
"45.4422,10.9941",Verona Historic Centre,Città antica,radical 0.00 km
"45.4423,10.9985",Verona Historic Centre,Città antica,radical 0.06 km
"45.4423,12.3077",Santa Croce,Santa Croce,radical 0.92 km
"45.4423,12.3230",Santa Lucia Station,Santa Croce,radical 0.00 km
"45.4423,9.2202",Porta Romana,Gamboloita,radical 0.17 km
"45.4425,11.0220",,Borgo Venezia,unknown
"45.4425,12.3243",Cannaregio,Cannaregio,radical 0.03 km
"45.4427,12.3245",Cannaregio,Cannaregio,radical 0.00 km
"45.4428,9.2181",Porta Romana,Gamboloita,radical 0.01 km
"45.4429,10.9977",Verona Historic Centre,Città antica,radical 0.02 km
"45.4429,12.3222",Santa Lucia Station,Cannaregio,radical 0.00 km
"45.4429,12.3324",Cannaregio,Cannaregio,radical 0.31 km
"45.4430,12.3223",Santa Lucia Station,Cannaregio,radical 0.01 km
"45.4430,9.1795",Porta Ticinese,Tibaldi,radical 0.46 km
"45.4435,8.7357",,Madonna delle Grazie,unknown
"45.4436,12.3388",Cannaregio,Cannaregio,radical 0.23 km
"45.4437,8.6328",Novara Train Station,Sant'Agabio,radical 0.90 km
"45.4438,12.3256",Guglie Bridge,Cannaregio,radical 0.15 km
"45.4438,12.3287",Cannaregio,Cannaregio,radical 0.09 km
"45.4440,10.9961",Verona Historic Centre,Città antica,radical 0.00 km
"45.4441,9.1738",Navigli,Conchetta,radical 0.51 km
"45.4441,9.2166",Porta Romana,Gamboloita,radical 0.19 km
"45.4443,12.3239",Guglie Bridge,Cannaregio,radical 0.01 km
"45.4443,9.1153",,Quartiere Travaglia,unknown
"45.4443,9.1552",Porta Genova,San Cristoforo,radical 0.71 km
"45.4446,9.2119",Porta Romana,Scalo Romana,radical 0.00 km
"45.4446,9.5562",,,unknown
"45.4450,10.9990",Verona Historic Centre,Città antica,radical 0.25 km
"45.4452,12.3299",Cannaregio,Cannaregio,radical 0.00 km
"45.4454,12.3290",Cannaregio,Cannaregio,radical 0.08 km
"45.4454,12.3307",Cannaregio,Cannaregio,radical 0.06 km
"45.4455,9.2128",Porta Garibaldi Train Station,Gamboloita,radical 0.00 km
"45.4457,9.1792",Porta Ticinese,Conchetta,radical 0.16 km
"45.4466,8.6326",Novara Train Station,Sant'Agabio,radical 0.69 km
"45.4469,8.6119",Novara City Center,San Martino,radical 0.62 km
"45.4471,9.1795",Porta Ticinese,Conchetta,radical 0.00 km
"45.4471,9.1797",Porta Ticinese,Conchetta,radical 0.02 km
"45.4472,9.1787",Navigli,Conchetta,radical 0.00 km
"45.4476,10.9929",Verona Historic Centre,Borgo Trento,radical 0.47 km
"45.4478,9.1628",Porta Genova,Navigli,radical 0.00 km
"45.4478,9.2088",Guastalla,Scalo Romana,radical 0.00 km
"45.4483,11.0006",Verona Historic Centre,Valdonega,radical 0.13 km
"45.4484,10.8797",,,unknown
"45.4488,9.1961",Porta Romana,Vigentina,radical 0.63 km
"45.4488,9.2196",Porta Romana,Umbria - Molise,radical 0.31 km
"45.4489,9.1697",Navigli,Navigli,radical 0.44 km
"45.4490,9.1397",Santa Maria Delle Grazie,Giambellino,radical 0.00 km
"45.4490,9.1641",Navigli,Navigli,radical 0.01 km
"45.4491,8.6391",,Sant'Agabio,unknown
"45.4492,9.1635",Navigli,Navigli,radical 0.05 km
"45.4495,8.6248",Novara Train Station,Centro,radical 0.00 km
"45.4495,9.1797",Navigli,Borgo San Gottardo,radical 0.04 km
"45.4495,9.2052",Guastalla,Porta Romana,radical 0.34 km
"45.4496,9.1802",Navigli,Borgo San Gottardo,radical 0.00 km
"45.4499,9.1384",Santa Maria Delle Grazie,Giambellino,radical 0.14 km
"45.4501,9.1801",Navigli,Borgo San Gottardo,radical 0.06 km
"45.4505,9.2123",Guastalla,Umbria - Molise,radical 0.40 km
"45.4505,9.2205",Porta Romana,Umbria - Molise,radical 0.24 km
"45.4510,11.0008",Verona Historic Centre,Valdonega,radical 0.40 km
"45.4510,12.3480",Murano Da Mula,Cannaregio,radical 0.62 km
"45.4511,9.1919",Porta Ticinese,Vigentina,radical 0.27 km
"45.4511,9.1953",Porta Romana,Vigentina,radical 0.43 km
"45.4511,9.1979",Porta Romana,Porta Vigentina,radical 0.35 km
"45.4512,9.2032",Porta Romana,Porta Romana,radical 0.28 km
"45.4512,9.2176",Porta Romana,Umbria - Molise,radical 0.00 km
"45.4514,9.1723",Porta Genova,Porta Genova,radical 0.18 km
"45.4519,9.2032",Porta Romana,Porta Romana,radical 0.21 km
"45.4521,9.1537",Santa Maria Delle Grazie,Foppette,radical 0.30 km
"45.4521,9.1795",Conchetta,Porta Ticinese,radical 0.00 km
"45.4522,9.1841",Porta Ticinese,Porta Lodovica,radical 0.12 km
"45.4524,9.1600",Santa Maria Delle Grazie,Tortona,radical 0.27 km
"45.4527,9.1697",Porta Genova,Porta Genova,radical 0.07 km
"45.4528,9.1743",Porta Genova,Porta Genova,radical 0.20 km
"45.4529,9.1714",Porta Genova,Porta Genova,radical 0.03 km
"45.4529,9.1829",Porta Ticinese,Ticinese,radical 0.01 km
"45.4529,9.1896",Porta Ticinese,Quadronno,radical 0.00 km
"45.4530,9.1717",Porta Genova,Porta Genova,radical 0.00 km
"45.4533,9.2084",Porta Romana,Porta Romana,radical 0.00 km
"45.4534,9.1807",Conchetta,Porta Ticinese,radical 0.17 km
"45.4535,9.1569",Santa Maria Delle Grazie,Foppette,radical 0.00 km
"45.4537,9.1497",Santa Maria Delle Grazie,Quartiere Villa Magentino,radical 0.54 km
"45.4537,9.2037",Porta Romana,Porta Romana,radical 0.00 km
"45.4538,9.1703",Porta Genova,Porta Genova,radical 0.00 km
"45.4540,9.1345",Santa Maria Delle Grazie,Arzaga,radical 0.69 km
"45.4542,9.1528",Santa Maria Delle Grazie,Foppette,radical 0.32 km
"45.4542,9.1986",Porta Romana,Porta Vigentina,radical 0.00 km
"45.4543,9.2190",Porta Romana,Calvairate,radical 0.36 km
"45.4547,12.3556",Murano,Castello,radical 0.20 km
"45.4547,9.1803",Porta Ticinese,Conca del Naviglio,radical 0.13 km
"45.4549,9.1734",Porta Genova,Porta Genova,radical 0.00 km
"45.4550,9.1616",Santa Maria Delle Grazie,Tortona,radical 0.40 km
"45.4552,9.1761",Porta Genova,Conca del Naviglio,radical 0.01 km
"45.4553,9.1784",Conchetta,Conca del Naviglio,radical 0.00 km
"45.4555,12.3526",Murano Da Mula,Cannaregio,radical 0.01 km
"45.4555,9.2441",,Quartiere Forlanini,unknown
"45.4556,12.3525",Murano Da Mula,Cannaregio,radical 0.01 km
"45.4558,9.1808",Porta Ticinese,Vetra,radical 0.00 km
"45.4559,9.2033",Porta Romana,Porta Romana,radical 0.24 km
"45.4562,12.3543",Murano,Castello,radical 0.01 km
"45.4562,9.1700",Porta Genova,Porta Genova,radical 0.27 km
"45.4563,9.1956",Porta Romana,Crocetta,radical 0.33 km
"45.4564,9.1850",Porta Genova,Vetra,radical 0.00 km
"45.4565,9.1553",Santa Maria Delle Grazie,Washington,radical 0.00 km
"45.4566,10.9457",,Chievo,unknown
"45.4567,9.1831",Porta Genova,Vetra,radical 0.15 km
"45.4569,9.1806",Missori,Vetra,radical 0.01 km
"45.4570,9.1313",,Arzaga,unknown
"45.4572,9.1808",Missori,Colonne,radical 0.02 km
"45.4572,9.1899",Missori,Santa Sofia,radical 0.01 km
"45.4573,9.1803",Missori,Colonne,radical 0.03 km
"45.4573,9.1807",Missori,Colonne,radical 0.00 km
"45.4574,9.1457",Santa Maria Delle Grazie,Quartiere Villa Magentino,radical 0.76 km
"45.4574,9.1558",Santa Maria Delle Grazie,Washington,radical 0.10 km
"45.4577,9.1710",Porta Genova,Porta Genova,radical 0.11 km
"45.4578,9.1751",Porta Genova,Conca del Naviglio,radical 0.29 km
"45.4579,9.2233",Porta Venezia,Calvairate,radical 0.09 km
"45.4582,12.3530",Murano,Cannaregio,radical 0.00 km
"45.4583,9.2048",Palazzo Di Giustizia,Porta Vittoria,radical 0.01 km
"45.4584,9.2048",Palazzo Di Giustizia,Porta Vittoria,radical 0.00 km
"45.4585,9.1861",Missori,Santa Sofia,radical 0.19 km
"45.4585,9.2226",Porta Venezia,Senavra,radical 0.00 km
"45.4586,11.0640",,,unknown
"45.4586,9.1705",Porta Genova,Porta Genova,radical 0.00 km
"45.4586,9.1885",Missori,Santa Sofia,radical 0.07 km
"45.4588,9.1809",Missori,Colonne,radical 0.16 km
"45.4590,10.4147",,,unknown
"45.4592,9.1883",Missori,Santa Sofia,radical 0.00 km
"45.4594,9.1856",Missori,Carrobbio,radical 0.21 km
"45.4594,9.1882",Missori,Brolo,radical 0.02 km
"45.4595,7.8744",,Borghetto,unknown
"45.4595,9.2077",Guastalla,Porta Vittoria,radical 0.02 km
"45.4596,9.1886",Missori,Brolo,radical 0.00 km
"45.4596,9.2075",Guastalla,Porta Vittoria,radical 0.00 km
"45.4598,9.1920",Missori,Brolo,radical 0.27 km
"45.4599,10.4926",,Lonatino,unknown
"45.4600,10.6268",Porto Di Lugana,Katya Resort,radical 0.01 km
"45.4600,9.1754",Santa Maria Delle Grazie,Sant'Ambrogio,radical 0.12 km
"45.4600,9.1913",Missori,Brolo,radical 0.22 km
"45.4601,10.6268",Porto Di Lugana,Katya Resort,radical 0.01 km
"45.4601,9.1555",Washington,Washington,radical 0.00 km
"45.4601,9.1826",Carrobbio,Carrobbio,radical 0.14 km
"45.4603,9.1647",Porta Genova,San Vittore,radical 0.49 km
"45.4604,9.1549",Washington,Washington,radical 0.06 km
"45.4604,9.2079",Guastalla,Porta Vittoria,radical 0.00 km
"45.4606,10.5311",Desenzano Train Station,,radical 0.48 km
"45.4607,9.1724",Santa Maria Delle Grazie,San Vittore,radical 0.13 km
"45.4607,9.1810",Carrobbio,Carrobbio,radical 0.02 km
"45.4608,9.1744",Santa Maria Delle Grazie,Sant'Ambrogio,radical 0.00 km
"45.4608,9.1811",Carrobbio,Carrobbio,radical 0.00 km
"45.4615,9.2115",Porta Romana,XXII Marzo,radical 0.00 km
"45.4616,9.1851",Via Torino Via Palla,Cinque Vie,radical 0.00 km
"45.4617,9.1884",Missori,Duomo,radical 0.00 km
"45.4617,9.1910",Duomo - San Lorenzo,Brolo,radical 0.06 km
"45.4618,9.1870",Missori,Duomo,radical 0.00 km
"45.4618,9.2436",Forlanini,Quartiere Forlanini,radical 0.89 km
"45.4619,9.1726",Santa Maria Delle Grazie,San Vittore,radical 0.00 km
"45.4619,9.2281",Porta Venezia,Corsica,radical 0.30 km
"45.4621,9.1853",Via Torino Via Palla,Cinque Vie,radical 0.06 km
"45.4621,9.1905",Duomo - San Lorenzo,Brolo,radical 0.00 km
"45.4622,9.1840",Via Torino Via Palla,Cinque Vie,radical 0.11 km
"45.4622,9.1943",Duomo - San Lorenzo,Verziere,radical 0.23 km
"45.4623,9.0932",,Baggio,unknown
"45.4623,9.1874",Missori,Duomo,radical 0.06 km
"45.4623,9.2231",Porta Vittoria,Senavra,radical 0.01 km
"45.4626,10.1813",,,unknown
"45.4626,9.1739",Castello Sforzesco,Sant'Ambrogio,radical 0.00 km
"45.4627,9.2114",Porta Romana,Porta Vittoria,radical 0.14 km
"45.4628,10.5362",Desenzano Train Station,,radical 0.02 km
"45.4628,10.5365",Desenzano Train Station,,radical 0.00 km
"45.4628,9.2323",Forlanini,Corsica,radical 0.01 km
"45.4629,9.1966",Duomo - San Lorenzo,Verziere,radical 0.14 km
"45.4631,10.5369",Desenzano Train Station,,radical 0.05 km
"45.4631,8.8814",,Ponte Nuovo di Boffalora,unknown
"45.4633,9.1893",Duomo - San Lorenzo,Duomo,radical 0.16 km
"45.4634,9.1638",Milano Certosa,Porta Magenta,radical 0.48 km
"45.4636,9.1984",San Babila,Verziere,radical 0.17 km
"45.4638,8.9091",,,unknown
"45.4639,9.1757",Castello Sforzesco,Sant'Ambrogio,radical 0.20 km
"45.4639,9.9122",,,unknown
"45.4640,9.1874",Duomo - San Lorenzo,Duomo,radical 0.00 km
"45.4640,9.1958",Duomo - San Lorenzo,Verziere,radical 0.00 km
"45.4642,9.1879",Duomo - San Lorenzo,Duomo,radical 0.02 km
"45.4642,9.2033",San Babila,Guastalla,radical 0.00 km
"45.4642,9.2034",San Babila,Guastalla,radical 0.01 km
"45.4642,9.2302",Porta Venezia,Corsica,radical 0.00 km
"45.4643,9.1957",Duomo - San Lorenzo,Verziere,radical 0.03 km
"45.4644,9.1879",Duomo - San Lorenzo,Duomo,radical 0.00 km
"45.4645,9.1426",Zone 7 Of Milan,La Maddalena,radical 0.50 km
"45.4646,10.5364",Desenzano Train Station,,radical 0.20 km
"45.4646,9.2000",San Babila,Guastalla,radical 0.00 km
"45.4647,9.2242",Porta Vittoria,Senavra,radical 0.27 km
"45.4649,9.2171",Porta Vittoria,Senavra,radical 0.00 km
"45.4651,9.1965",Duomo - San Lorenzo,Verziere,radical 0.13 km
"45.4652,9.1953",Duomo - San Lorenzo,Verziere,radical 0.14 km
"45.4653,9.1842",Duomo - San Lorenzo,Cordusio,radical 0.28 km
"45.4653,9.2177",Porta Vittoria,Senavra,radical 0.07 km
"45.4657,9.1751",Santa Maria Delle Grazie,Sant'Ambrogio,radical 0.10 km
"45.4657,9.1763",Santa Maria Delle Grazie,Sant'Ambrogio,radical 0.01 km
"45.4658,9.1692",Santa Maria Delle Grazie,Magenta - San Vittore,radical 0.14 km
"45.4659,12.2231",Marghera,Cita,radical 0.45 km
"45.4659,9.1851",Duomo - San Lorenzo,Cordusio,radical 0.27 km
"45.4661,9.1774",Santa Maria Delle Grazie,Brisa,radical 0.09 km
"45.4661,9.1892",Duomo - San Lorenzo,Cordusio,radical 0.21 km
"45.4664,10.6070",Sirmione City Center,Katya Resort,radical 0.15 km
"45.4666,9.1616",Milano Certosa,Porta Magenta,radical 0.21 km
"45.4668,10.5278",Desenzano Train Station,,radical 0.69 km
"45.4668,9.1486",Washington,La Maddalena,radical 0.48 km
"45.4668,9.1921",Duomo - San Lorenzo,Cordusio,radical 0.00 km
"45.4668,9.2069",San Babila,Porta Monforte,radical 0.40 km
"45.4669,9.2021",San Babila,Porta Monforte,radical 0.31 km
"45.4670,10.5386",Desenzano Train Station,,radical 0.49 km
"45.4670,9.1547",Washington,San Pietro in Sala,radical 0.00 km
"45.4670,9.2293",Porta Venezia,Acquabella,radical 0.32 km
"45.4672,9.1492",Washington,La Maddalena,radical 0.43 km
"45.4673,9.1531",Washington,San Pietro in Sala,radical 0.13 km
"45.4675,9.1342",Zone 7 Of Milan,Molinazzo,radical 0.29 km
"45.4675,9.1522",Washington,La Maddalena,radical 0.20 km
"45.4676,10.6063",Sirmione City Center,Katya Resort,radical 0.00 km
"45.4676,9.1379",Zone 7 Of Milan,Molinazzo,radical 0.01 km
"45.4676,9.1723",Santa Maria Delle Grazie,Magenta - San Vittore,radical 0.01 km
"45.4676,9.1724",Santa Maria Delle Grazie,Magenta - San Vittore,radical 0.00 km
"45.4677,12.2217",Marghera,Catene,radical 0.26 km
"45.4677,9.1638",Milano Certosa,Porta Magenta,radical 0.00 km
"45.4678,9.1761",Cadorna Station,Castello,radical 0.08 km
"45.4678,9.1897",Duomo - San Lorenzo,Cordusio,radical 0.21 km
"45.4681,9.1768",Cadorna,Castello,radical 0.04 km
"45.4682,9.1766",Cadorna,Castello,radical 0.03 km
"45.4684,9.1768",Cadorna,Castello,radical 0.00 km
"45.4685,9.1747",Cadorna Station,Castello,radical 0.07 km
"45.4685,9.1822",Cairoli Subway Station,Castello,radical 0.01 km
"45.4685,9.1823",Cairoli Subway Station,Castello,radical 0.00 km
"45.4686,9.2227",Porta Venezia,Acquabella,radical 0.13 km
"45.4687,9.1761",Cadorna Station,Castello,radical 0.05 km
"45.4687,9.1764",Cadorna,Castello,radical 0.05 km
"45.4691,9.2068",Porta Venezia,Porta Monforte,radical 0.33 km
"45.4692,9.1382",Porta Garibaldi Train Station,Molinazzo,radical 0.01 km
"45.4692,9.2242",Porta Venezia,Acquabella,radical 0.01 km
"45.4692,9.2299",Porta Venezia,Acquabella,radical 0.44 km
"45.4694,9.1325",Zone 7 Of Milan,Molinazzo,radical 0.23 km
"45.4694,9.2143",Porta Venezia,Porta Monforte,radical 0.00 km
"45.4697,10.5347",Desenzano Train Station,,radical 0.11 km
"45.4698,9.1917",Duomo - San Lorenzo,Borgonuovo,radical 0.33 km
"45.4699,12.2227",Marghera,Cita,radical 0.00 km
"45.4701,9.1709",Santa Maria Delle Grazie,Porta Magenta,radical 0.30 km
"45.4702,9.2206",Porta Venezia,Acquabella,radical 0.00 km
"45.4704,9.5122",,,unknown
"45.4705,7.9167",,San Giovanni,unknown
"45.4706,9.1343",Zone 7 Of Milan,Selinunte,radical 0.27 km
"45.4707,10.5347",Desenzano Train Station,,radical 0.00 km
"45.4708,9.1691",Santa Maria Delle Grazie,Porta Magenta,radical 0.44 km
"45.4709,9.2087",Porta Venezia,Porta Monforte,radical 0.19 km
"45.4710,9.2065",Porta Venezia,Porta Monforte,radical 0.12 km
"45.4710,9.2223",Porta Venezia,Acquabella,radical 0.16 km
"45.4711,9.1309",Zone 7 Of Milan,Selinunte,radical 0.00 km
"45.4712,9.1818",Lanza,Castello,radical 0.02 km
"45.4713,10.9892",Avesa,Avesa,radical 0.00 km
"45.4714,9.1817",Lanza,Castello,radical 0.00 km
"45.4714,9.2019",Via Visconti Di Modrone,Giardini Porta Venezia,radical 0.00 km
"45.4716,9.1791",Lanza,Castello,radical 0.20 km
"45.4718,10.5396",Desenzano Train Station,,radical 0.00 km
"45.4718,9.1441",Zone 7 Of Milan,Selinunte,radical 0.00 km
"45.4718,9.2032",Via Visconti Di Modrone,Porta Venezia,radical 0.11 km
"45.4721,9.2070",Porta Venezia,Porta Venezia,radical 0.01 km
"45.4725,9.1324",Zone 7 Of Milan,Selinunte,radical 0.20 km
"45.4727,9.2232",Milan Centrale Railway Station,Acquabella,radical 0.00 km
"45.4728,9.1897",Zone 1 Of Milan,Brera,radical 0.01 km
"45.4729,9.1872",Zone 1 Of Milan,Brera,radical 0.20 km
"45.4729,9.1947",Zone 1 Of Milan,Borgonuovo,radical 0.39 km
"45.4731,9.2343",Milan Centrale Railway Station,Città Studi,radical 0.00 km
"45.4740,9.2113",Porta Venezia,Buenos Aires - Venezia,radical 0.00 km
"45.4742,10.8520",,,unknown
"45.4742,9.3069",,Segreen Business Park,unknown
"45.4743,9.1145",San Siro Stadium,Quartiere Harar,radical 0.00 km
"45.4743,9.2115",Porta Venezia,Buenos Aires - Venezia,radical 0.04 km
"45.4744,9.1161",San Siro Stadium,Quartiere Harar,radical 0.00 km
"45.4744,9.1250",San Siro Stadium,Quartiere Harar,radical 0.58 km
"45.4745,10.0100",,,unknown
"45.4747,9.2864",,Redecesio,unknown
"45.4752,10.8446",,,unknown
"45.4752,9.1394",Fiera,San Siro,radical 0.40 km
"45.4753,9.1484",San Siro Stadium,De Angeli - Monte Rosa,radical 0.00 km
"45.4753,9.1707",China Town Milan,Porta Sempione,radical 0.38 km
"45.4755,9.1847",Porta Garibaldi,San Marco,radical 0.00 km
"45.4757,8.6926",,Portanova,unknown
"45.4759,9.1444",Fiera,De Angeli - Monte Rosa,radical 0.00 km
"45.4762,9.2038",Porta Venezia,Porta Venezia,radical 0.17 km
"45.4764,9.1909",Zone 1 Of Milan,San Marco,radical 0.42 km
"45.4771,9.2056",Porta Venezia,Porta Venezia,radical 0.00 km
"45.4771,9.2085",Milan Centrale Railway Station,Buenos Aires - Venezia,radical 0.00 km
"45.4772,9.1745",China Town Milan,Porta Sempione,radical 0.03 km
"45.4772,9.2053",Porta Venezia,Porta Venezia,radical 0.03 km
"45.4775,9.1745",China Town Milan,Porta Sempione,radical 0.01 km
"45.4776,9.2102",Corso Buenos Aires,Buenos Aires - Venezia,radical 0.00 km
"45.4781,9.2002",Milano Repubblica Station,Giardini Porta Venezia,radical 0.27 km
"45.4782,9.2055",Bueno Aires,Porta Venezia,radical 0.01 km
"45.4783,9.1881",Porta Garibaldi,Porta Garibaldi,radical 0.24 km
"45.4784,9.1763",China Town Milan,Borgo Ortolani,radical 0.18 km
"45.4785,9.1683",Bullona,Porta Sempione,radical 0.31 km
"45.4786,9.1172",San Siro Stadium,Quartiere Harar,radical 0.03 km
"45.4786,9.1477",Citylife,Fiera,radical 0.00 km
"45.4787,9.1480",Citylife,Fiera,radical 0.03 km
"45.4787,9.2474",Lambrate,Rubattino,radical 0.00 km
"45.4788,9.1172",San Siro Stadium,Quartiere Harar,radical 0.00 km
"45.4789,12.2282",Mestre Train Station,Cita,radical 0.76 km
"45.4789,9.2102",Corso Buenos Aires,Buenos Aires - Venezia,radical 0.14 km
"45.4791,9.1846",Porta Garibaldi,Porta Garibaldi,radical 0.17 km
"45.4792,9.2166",Loreto,Buenos Aires - Venezia,radical 0.30 km
"45.4794,9.1624",Castello Sforzesco,Tre Torri,radical 0.34 km
"45.4795,12.2334",Mestre Train Station,Cita,radical 0.48 km
"45.4795,9.1886",Porta Garibaldi,Porta Garibaldi,radical 0.19 km
"45.4797,9.3085",,Rugacesio di Sotto,unknown
"45.4800,9.1863",Porta Garibaldi,Porta Garibaldi,radical 0.00 km
"45.4803,9.1710",China Town,Sarpi,radical 0.03 km
"45.4804,9.1713",China Town,Sarpi,radical 0.00 km
"45.4805,9.1811",Milan Centrale Railway Station,Porta Volta,radical 0.01 km
"45.4805,9.2021",Milano Repubblica Station,Centrale,radical 0.06 km
"45.4806,9.1809",Milan Centrale Railway Station,Porta Volta,radical 0.01 km
"45.4806,9.2004",Milano Repubblica Station,Centrale,radical 0.01 km
"45.4808,9.1699",Bullona,Sarpi,radical 0.08 km
"45.4808,9.2243",Casoretto,Città Studi,radical 0.41 km
"45.4811,9.2022",Milano Repubblica Station,Centrale,radical 0.01 km
"45.4811,9.2341",Lambrate,Città Studi,radical 0.00 km
"45.4812,9.1691",Bullona,Sarpi,radical 0.00 km
"45.4813,12.2380",Mestre Train Station,Cita,radical 0.26 km
"45.4813,9.1597",Castello Sforzesco,Tre Torri,radical 0.45 km
"45.4814,12.2378",Mestre Train Station,Cita,radical 0.25 km
"45.4816,9.1655",Castello Sforzesco,Sarpi,radical 0.00 km
"45.4816,9.1771",Milan Centrale Railway Station,Borgo Ortolani,radical 0.33 km
"45.4819,9.1975",Milano Repubblica Station,Centro Direzionale,radical 0.27 km
"45.4819,9.2072",Milan Centrale Railway Station,Centrale,radical 0.05 km
"45.4819,9.2174",Loreto,Loreto,radical 0.00 km
"45.4822,9.1815",Porta Garibaldi Train Station,Porta Volta,radical 0.00 km
"45.4822,9.1876",Milano Porta Garibaldi Train Station,Porta Garibaldi,radical 0.24 km
"45.4822,9.1880",Milano Porta Garibaldi Train Station,Porta Garibaldi,radical 0.25 km
"45.4822,9.2090",Milan Centrale Railway Station,Centrale,radical 0.00 km
"45.4823,9.1992",Milano Repubblica Station,Centro Direzionale,radical 0.22 km
"45.4823,9.2073",Milan Centrale Railway Station,Centrale,radical 0.01 km
"45.4823,9.2090",Milan Centrale Railway Station,Centrale,radical 0.01 km
"45.4824,9.2073",Milan Centrale Railway Station,Centrale,radical 0.01 km
"45.4825,9.0152",,,unknown
"45.4826,9.1786",Porta Garibaldi Train Station,Porta Volta,radical 0.23 km
"45.4827,9.2064",Milan Centrale Railway Station,Centrale,radical 0.01 km
"45.4828,7.8630",,Crist,unknown
"45.4828,9.1471",Citylife,Fiera,radical 0.47 km
"45.4829,9.1688",Bullona,Sarpi,radical 0.19 km
"45.4829,9.1817",China Town,Porta Volta,radical 0.01 km
"45.4830,9.2090",Milan Centrale Railway Station,Centrale,radical 0.00 km
"45.4831,9.2048",Milan Centrale Railway Station,Centrale,radical 0.00 km
"45.4831,9.2234",Casoretto,Vallazze,radical 0.24 km
"45.4832,9.2177",Loreto,Loreto,radical 0.15 km
"45.4833,12.2362",Mestre Train Station,Cita,radical 0.01 km
"45.4834,12.2332",Mestre Train Station,Cita,radical 0.16 km
"45.4834,9.2044",Milan Centrale Railway Station,Centrale,radical 0.00 km
"45.4834,9.2051",Milan Centrale Railway Station,Centrale,radical 0.01 km
"45.4835,9.2041",Milan Centrale Railway Station,Centrale,radical 0.01 km
"45.4835,9.2051",Milan Centrale Railway Station,Centrale,radical 0.00 km
"45.4836,9.1745",China Town,Sarpi,radical 0.43 km
"45.4837,12.2352",Mestre Train Station,Cita,radical 0.00 km
"45.4837,12.2365",Mestre Train Station,Cita,radical 0.00 km
"45.4837,9.1658",Bullona,Sarpi,radical 0.13 km
"45.4838,9.2035",Milan Centrale Railway Station,Centrale,radical 0.06 km
"45.4839,12.2396",Mestre Train Station,Cita,radical 0.00 km
"45.4839,9.1825",Porta Garibaldi Train Station,Porta Volta,radical 0.00 km
"45.4839,9.2080",Loreto,Centrale,radical 0.00 km
"45.4839,9.2082",Loreto,Centrale,radical 0.01 km
"45.4840,9.2101",Caiazzo,Centrale,radical 0.10 km
"45.4842,12.2408",Mestre Train Station,Cita,radical 0.00 km
"45.4842,9.2054",Milan Centrale Railway Station,Centrale,radical 0.09 km
"45.4842,9.2261",Casoretto,Vallazze,radical 0.00 km
"45.4843,9.2084",Loreto,Centrale,radical 0.05 km
"45.4844,9.2359",Lambrate,Lambrate,radical 0.16 km
"45.4847,9.1665",Bullona,Sarpi,radical 0.00 km
"45.4848,9.2097",Caiazzo,Centrale,radical 0.00 km
"45.4849,9.2090",Milan Centrale Railway Station,Centrale,radical 0.00 km
"45.4849,9.2091",Milan Centrale Railway Station,Centrale,radical 0.01 km
"45.4850,9.1558",Bullona,Portello,radical 0.00 km
"45.4851,9.1989",Milan Centrale Railway Station,Centro Direzionale,radical 0.28 km
"45.4854,12.2217",Mestre Train Station,Cita,radical 0.93 km
"45.4854,9.1582",Bullona,Bullona,radical 0.19 km
"45.4854,9.2344",Lambrate,Lambrate,radical 0.01 km
"45.4858,9.2098",Loreto,Centrale,radical 0.00 km
"45.4858,9.2113",Milan Centrale Railway Station,Centrale,radical 0.00 km
"45.4858,9.3306",,Limito,unknown
"45.4859,9.2092",Loreto,Centrale,radical 0.05 km
"45.4862,12.2337",Mestre Train Station,Cita,radical 0.00 km
"45.4862,9.2269",Casoretto,Casoretto,radical 0.00 km
"45.4862,9.2270",Casoretto,Casoretto,radical 0.01 km
"45.4862,9.2272",Lambrate,Casoretto,radical 0.00 km
"45.4863,9.2191",Milan Centrale Railway Station,Loreto,radical 0.44 km
"45.4864,12.2403",Mestre Train Station,Cita,radical 0.24 km
"45.4864,9.2388",Lambrate,La Cappelletta,radical 0.36 km
"45.4867,9.1888",Porta Garibaldi Train Station,GARIBALDI REPUBBLICA,radical 0.00 km
"45.4868,9.1982",Milan Centrale Railway Station,Centro Direzionale,radical 0.10 km
"45.4869,9.1885",Porta Garibaldi Train Station,Isola,radical 0.03 km
"45.4873,9.1972",Milan Centrale Railway Station,Centro Direzionale,radical 0.01 km
"45.4873,9.2021",Milan Centrale Railway Station,Centrale,radical 0.09 km
"45.4874,12.2343",Mestre Train Station,Cita,radical 0.00 km
"45.4874,12.2344",Mestre Train Station,Cita,radical 0.00 km
"45.4878,12.5980",Lido Jesolo,,radical 0.00 km
"45.4879,9.2206",Milan Centrale Railway Station,Loreto,radical 0.34 km
"45.4880,9.1915",Porta Garibaldi Train Station,Isola,radical 0.26 km
"45.4880,9.2028",Milan Centrale Railway Station,Centrale,radical 0.01 km
"45.4881,9.1909",Porta Garibaldi Train Station,Isola,radical 0.23 km
"45.4881,9.2030",Milan Centrale Railway Station,Centrale,radical 0.00 km
"45.4881,9.2179",Milan Centrale Railway Station,Loreto,radical 0.23 km
"45.4885,9.2039",Milan Centrale Railway Station,Centrale,radical 0.01 km
"45.4885,9.2040",Milan Centrale Railway Station,Centrale,radical 0.01 km
"45.4885,9.2266",Lambrate,Casoretto,radical 0.00 km
"45.4886,9.2036",Milan Centrale Railway Station,Centrale,radical 0.00 km
"45.4888,9.2033",Milan Centrale Railway Station,Centrale,radical 0.03 km
"45.4889,12.2398",Mestre City Center,Cita,radical 0.01 km
"45.4890,12.2399",Mestre City Center,Cita,radical 0.00 km
"45.4890,9.2029",Piazza Gae Aulenti,Centrale,radical 0.00 km
"45.4890,9.2041",Milan Centrale Railway Station,Centrale,radical 0.00 km
"45.4891,9.2039",Milan Centrale Railway Station,Centrale,radical 0.01 km
"45.4891,9.2046",Milan Centrale Railway Station,Centrale,radical 0.00 km
"45.4892,9.1696",Bullona,Bullona,radical 0.00 km
"45.4892,9.2028",Milan Centrale Railway Station,Ponte Seveso,radical 0.00 km
"45.4892,9.2042",Milan Centrale Railway Station,Centrale,radical 0.01 km
"45.4893,9.2028",Milan Centrale Railway Station,Ponte Seveso,radical 0.01 km
"45.4894,9.2044",Milan Centrale Railway Station,Centrale,radical 0.00 km
"45.4895,9.2097",Milan Centrale Railway Station,Centrale,radical 0.28 km
"45.4897,9.2053",Milan Centrale Railway Station,Ponte Seveso,radical 0.00 km
"45.4898,9.2000",Milan Centrale Railway Station,Abbadesse,radical 0.23 km
"45.4898,9.2054",Milan Centrale Railway Station,Ponte Seveso,radical 0.01 km
"45.4901,12.2441",Mestre City Center,Quartiere Aretusa,radical 0.09 km
"45.4902,9.1507",Bullona,Cagnola,radical 0.00 km
"45.4902,9.1631",Bullona,Ghisolfa,radical 0.00 km
"45.4902,9.2177",Milan Centrale Railway Station,Nolo,radical 0.00 km
"45.4905,9.1715",Bullona,Farini,radical 0.21 km
"45.4908,9.1873",La Fontana,Isola,radical 0.00 km
"45.4909,12.2442",Mestre City Center,Cipressina,radical 0.00 km
"45.4909,9.2067",Milan Centrale Railway Station,Ponte Seveso,radical 0.00 km
"45.4909,9.2069",Milan Centrale Railway Station,Ponte Seveso,radical 0.01 km
"45.4914,9.1927",La Fontana,Isola,radical 0.43 km
"45.4915,9.2047",Milan Centrale Railway Station,Ponte Seveso,radical 0.17 km
"45.4916,9.1837",La Fontana,La Fontana,radical 0.29 km
"45.4919,12.2398",Mestre City Center,Cipressina,radical 0.00 km
"45.4921,12.2418",Mestre City Center,Cipressina,radical 0.16 km
"45.4922,9.2161",Loreto,Nolo,radical 0.02 km
"45.4923,9.2161",Loreto,Nolo,radical 0.00 km
"45.4926,12.1681",,Orgnano,unknown
"45.4928,10.6067",Sirmione City Center,,radical 0.00 km
"45.4928,9.1848",La Fontana,La Fontana,radical 0.29 km
"45.4929,9.2214",Loreto,Loreto,radical 0.42 km
"45.4931,9.2075",Milan Centrale Railway Station,Ponte Seveso,radical 0.25 km
"45.4936,9.1488",Bullona,Cagnola,radical 0.00 km
"45.4936,9.2159",Loreto,Nolo,radical 0.00 km
"45.4937,9.2192",Loreto,Nolo,radical 0.26 km
"45.4941,9.1865",Porta Garibaldi Train Station,La Fontana,radical 0.20 km
"45.4941,9.2270",Lambrate,Loreto,radical 0.62 km
"45.4945,9.1400",Via Torino Via Palla,Boldinasco,radical 0.53 km
"45.4946,9.2168",Loreto,Nolo,radical 0.13 km
"45.4947,9.1439",Via Torino Via Palla,Villapizzone,radical 0.31 km
"45.4955,12.2436",Mestre City Center,Carpenedo,radical 0.01 km
"45.4956,9.6458",,,unknown
"45.4958,9.1472",Via Torino Via Palla,Villapizzone,radical 0.21 km
"45.4959,9.1864",Porta Garibaldi Train Station,La Fontana,radical 0.00 km
"45.4962,12.6182",,,unknown
"45.4964,9.2041",Milan Centrale Railway Station,Cassina de' Pomm,radical 0.01 km
"45.4966,9.1833",Porta Garibaldi Train Station,La Fontana,radical 0.26 km
"45.4968,9.1714",Villapizzone Railway Station,Derganino,radical 0.62 km
"45.4969,10.1439",,Onzato,unknown
"45.4972,9.1863",Porta Garibaldi Train Station,La Fontana,radical 0.15 km
"45.4973,9.1455",Via Torino Via Palla,Villapizzone,radical 0.00 km
"45.4973,9.2203",Crescenzago,Turro,radical 0.00 km
"45.4983,12.6248",,,unknown
"45.4985,8.6643",,Missanghera,unknown
"45.4990,9.2341",Crescenzago,Padova,radical 0.00 km
"45.4993,9.2121",Crescenzago,Greco,radical 0.67 km
"45.4996,10.2220",,Porta Cremona-Volta,unknown
"45.4996,9.1521",Via Torino Via Palla,Quartiere Campo dei Fiori,radical 0.57 km
"45.4997,9.2340",Lambrate,Padova,radical 0.00 km
"45.5000,9.1648",Villapizzone Railway Station,Bovisa,radical 0.00 km
"45.5005,9.2213",Crescenzago,Turro,radical 0.36 km
"45.5006,9.1785",Porta Garibaldi Train Station,Dergano,radical 0.81 km
"45.5007,9.1669",Villapizzone Railway Station,Bovisa,radical 0.18 km
"45.5012,9.1890",Porta Garibaldi Train Station,Montalbino,radical 0.63 km
"45.5012,9.3279",,Molino Ortolina,unknown
"45.5016,12.2544",,Carpenedo,unknown
"45.5016,8.8600",,,unknown
"45.5017,9.2292",Lambrate,Turro,radical 0.44 km
"45.5023,10.9221",,,unknown
"45.5027,9.1642",Politecnico Di Milano Campus Bovisa La Masa,Bovisa,radical 0.00 km
"45.5029,12.3258",Venice Marco Polo Airport,Torre Antica,radical 0.00 km
"45.5029,9.2408",Crescenzago,Corte Regina,radical 0.14 km
"45.5030,10.3601",,Zona industriale Nuvolera,unknown
"45.5031,9.1625",Politecnico Di Milano Campus Bovisa La Masa,Bovisa,radical 0.14 km
"45.5034,10.1032",,Zona Industriale Torbole Casaglia,unknown
"45.5039,9.2456",Crescenzago,Cimiano,radical 0.00 km
"45.5041,9.2403",Crescenzago,Corte Regina,radical 0.00 km
"45.5051,12.6448",Lido Jesolo,,radical 0.35 km
"45.5052,8.9397",,,unknown
"45.5055,9.1757",Politecnico Di Milano Campus Bovisa La Masa,Dergano,radical 0.95 km
"45.5055,9.3309",,Satellite,unknown
"45.5072,11.8280",,,unknown
"45.5073,12.6481",Lido Jesolo,,radical 0.00 km
"45.5073,9.2015",Niguarda,Pratocentenaro,radical 0.24 km
"45.5074,9.2046",Niguarda,Segnano,radical 0.00 km
"45.5083,9.2465",Loreto,Crescenzago,radical 0.01 km
"45.5087,10.5054",,,unknown
"45.5100,12.3363",,Torre Antica,unknown
"45.5103,9.0853",Rho,Cassina del Pero,radical 0.19 km
"45.5104,12.3366",,Torre Antica,unknown
"45.5104,9.2472",Casoretto,Crescenzago,radical 0.00 km
"45.5109,9.3021",,Villaggio Ambrosiano,unknown
"45.5118,8.8502",,,unknown
"45.5118,9.0842",Rho,Cassina del Pero,radical 0.00 km
"45.5144,9.4772",,Villaggio Residenziale Inzago,unknown
"45.5146,9.2144",,Bicocca,unknown
"45.5148,9.0792",Rho,Cassina del Pero,radical 0.51 km
"45.5154,9.1278",,Vialba,unknown
"45.5159,9.1886",Niguarda,Niguarda,radical 0.00 km
"45.5173,11.3494",,,unknown
"45.5173,9.1915",Niguarda,Niguarda,radical 0.28 km
"45.5178,9.0655",Cerchiate,Cerchiate,radical 0.00 km
"45.5180,9.2252",,Villa San Giovanni,unknown
"45.5183,9.0645",Cerchiate,Cerchiate,radical 0.00 km
"45.5196,10.8889",,,unknown
"45.5201,10.2320",,Porta Cremona-Volta,unknown
"45.5209,10.0869",,Villaggio Valverde,unknown
"45.5231,10.2685",,Sanpolino,unknown
"45.5231,9.2084",Bicocca,Quartiere Fulvio Testi,radical 0.00 km
"45.5235,9.2742",Cologno Monzese,San Giuliano Monzese,radical 0.01 km
"45.5242,10.2415",,San Polo Parco,unknown
"45.5242,9.0844",,Fiorenza,unknown
"45.5246,9.3308",,Villaggio Mario Pirola,unknown
"45.5248,9.2281",Novate Milanese,Vittoria,radical 0.93 km
"45.5257,9.2497",,Cassina de' Gatti,unknown
"45.5272,9.2089",Bicocca,Quartiere Fulvio Testi,radical 0.46 km
"45.5274,10.1999",,Don Bosco,unknown
"45.5276,9.2732",Cologno Monzese,San Giuliano Monzese,radical 0.46 km
"45.5279,10.2242",Brescia Train Station,Porta Cremona-Volta,radical 0.41 km
"45.5280,10.2133",Brescia Train Station,Don Bosco,radical 0.56 km
"45.5281,11.4457",,Tavernelle,unknown
"45.5285,9.0387",Rho Railway Station,Pasquè,radical 0.00 km
"45.5290,11.4878",,Pomari,unknown
"45.5299,10.2070",Brescia Train Station,Don Bosco,radical 0.56 km
"45.5305,9.2925",,San Giuliano Monzese,unknown
"45.5308,9.4054",,Carcassola,unknown
"45.5309,10.1852",,Chiesanuova,unknown
"45.5312,10.2225",Brescia Train Station,Centro Storico Sud,radical 0.03 km
"45.5314,10.2227",Brescia Train Station,Centro Storico Sud,radical 0.00 km
"45.5316,9.1410",,Quartiere Gescal,unknown
"45.5316,9.4999",,La Volta,unknown
"45.5330,9.2257",Novate Milanese,Rondò-Torretta,radical 0.00 km
"45.5331,10.2127",Brescia Train Station,Centro Storico Sud,radical 0.01 km
"45.5331,10.2132",Brescia Train Station,Centro Storico Sud,radical 0.04 km
"45.5336,10.2231",Brescia Train Station,Brescia Antica,radical 0.24 km
"45.5341,10.3710",,Zona industriale Nuvolera,unknown
"45.5343,10.2131",Brescia Train Station,Centro Storico Sud,radical 0.14 km
"45.5359,10.2137",Brescia Train Station,Centro Storico Sud,radical 0.01 km
"45.5366,9.9282",,,unknown
"45.5367,9.2270",Novate Milanese,Don Bosco,radical 0.42 km
"45.5372,10.2182",Brescia Train Station,Centro Storico Sud,radical 0.00 km
"45.5373,10.2252",Brescia Old Town,Brescia Antica,radical 0.01 km
"45.5374,10.2249",Brescia Old Town,Brescia Antica,radical 0.02 km
"45.5385,10.2156",Brescia Train Station,Centro Storico Sud,radical 0.00 km
"45.5385,9.9300",,,unknown
"45.5390,10.7642",,Modena,unknown
"45.5393,10.2199",Brescia Old Town,Centro Storico Nord,radical 0.13 km
"45.5405,10.2196",Brescia Old Town,Centro Storico Nord,radical 0.00 km
"45.5405,11.5825",,La Stanga,unknown
"45.5412,9.1210",,Cantun Sciatin,unknown
"45.5414,9.1701",,Cormano,unknown
"45.5420,10.3211",,Sott'Acqua,unknown
"45.5422,10.2194",Brescia Old Town,Centro Storico Nord,radical 0.19 km
"45.5422,11.5412",Main Station,Centro storico,radical 0.00 km
"45.5422,9.2342",,Rondinella,unknown
"45.5423,11.6145",,Villaggio Montegrappa,unknown
"45.5423,9.1139",,Cantun Sciatin,unknown
"45.5452,11.5400",Vicenza City Center,Centro storico,radical 0.15 km
"45.5460,11.5414",Vicenza City Center,Centro storico,radical 0.01 km
"45.5460,11.5415",Vicenza City Center,Centro storico,radical 0.00 km
"45.5462,11.5428",Vicenza City Center,Centro storico,radical 0.00 km
"45.5462,8.0664",,Vernato,unknown
"45.5462,9.0147",,La Prevostina,unknown
"45.5462,9.4536",,Villa Fornaci,unknown
"45.5465,12.1609",,,unknown
"45.5469,8.8779",,,unknown
"45.5478,8.0766",,Vernato,unknown
"45.5482,11.5455",Vicenza City Center,Centro storico,radical 0.31 km
"45.5494,10.2279",,Crocifissa di Rosa,unknown
"45.5500,11.5411",Vicenza City Center,San Biagio,radical 0.44 km
"45.5501,12.0721",,,unknown
"45.5508,10.1521",,Villaggio Badia,unknown
"45.5509,9.0779",,Cascina San Pietro,unknown
"45.5517,10.1894",,Chiusure,unknown
"45.5523,8.7803",,,unknown
"45.5531,11.5363",Vicenza City Center,San Paolo,radical 0.88 km
"45.5532,12.0713",,,unknown
"45.5542,11.5335",Vicenza City Center,San Paolo,spread 0.25 km
"45.5545,12.2487",,Olme,unknown
"45.5561,9.5347",,La Volta,unknown
"45.5562,10.2278",,Borgo Trento,unknown
"45.5568,8.0616",,Vernato,unknown
"45.5570,10.0712",,,unknown
"45.5590,10.1942",,Chiusure,unknown
"45.5611,12.2337",,Olme,unknown
"45.5626,8.1099",,,unknown
"45.5626,9.1521",,Battiloca,unknown
"45.5635,10.1151",,,unknown
"45.5635,8.1440",,Centro,unknown
"45.5645,11.3744",,Contrà Nobile,unknown
"45.5659,8.0549",,Vernato,unknown
"45.5666,10.2197",,San Bartolomeo,unknown
"45.5705,9.2419",,San Fruttuoso,unknown
"45.5719,9.3362",,Sant'Albino,unknown
"45.5732,10.0183",,Villaggio Famiglia,unknown
"45.5735,10.2276",,Casazza,unknown
"45.5750,12.8232",,,unknown
"45.5768,8.7896",,Sant'Antonino Ticino,unknown
"45.5778,9.2718",Monza Train Station,San Carlo,radical 0.00 km
"45.5779,9.2719",Downtown,San Carlo,radical 0.00 km
"45.5780,9.2715",Monza Train Station,San Carlo,radical 0.03 km
"45.5783,9.2554",,Triante,unknown
"45.5787,9.2822",Monza Train Station,Regina Pacis,radical 0.78 km
"45.5790,9.2700",Monza Train Station,San Carlo,radical 0.00 km
"45.5801,9.2724",Monza Train Station,San Carlo,radical 0.00 km
"45.5809,10.2284",,Arsenale,unknown
"45.5829,9.2718",Downtown,Centro,radical 0.00 km
"45.5830,9.2719",Downtown,Centro,radical 0.00 km
"45.5830,9.2732",Monza Train Station,Centro,radical 0.09 km
"45.5833,9.2742",Monza Train Station,Centro,radical 0.00 km
"45.5834,9.2811",Monza Train Station,Borgo Bergamo,radical 0.53 km
"45.5837,10.2735",,Campanile,unknown
"45.5839,8.9109",Malpensa Airport,Costa di San Giorgio,radical 0.99 km
"45.5843,9.2770",Monza Train Station,Centro,radical 0.24 km
"45.5851,10.2312",,Villaggio Prealpino,unknown
"45.5858,11.3937",,Pederiva,unknown
"45.5858,9.2751",Monza Train Station,Centro,radical 0.28 km
"45.5889,9.2693",Downtown,San Biagio,radical 0.69 km
"45.5900,9.8938",,San Rocco,unknown
"45.5905,12.0511",,,unknown
"45.5906,8.9193",Malpensa Airport,Sant'Ambrogio,radical 0.00 km
"45.5913,9.3592",,Rossignolo,unknown
"45.5916,9.1420",,Villaggio dei Giovi,unknown
"45.5930,11.0775",,,unknown
"45.5931,8.9513",,Canazza,unknown
"45.5933,9.3319",,San Fiorano,unknown
"45.5935,9.2315",,San Carlo,unknown
"45.5953,9.2005",,Cascina Meda,unknown
"45.5953,9.8887",,San Rocco,unknown
"45.5957,8.9254",Malpensa Airport,Sant'Erasmo,radical 0.74 km
"45.5967,10.1012",,,unknown
"45.5972,8.4216",,,unknown
"45.5987,8.9152",Malpensa Airport,San Domenico,radical 0.95 km
"45.5995,10.2247",,Quartiere Colonnello Gherardo Vaiarini,unknown
"45.5997,8.9091",,San Martino,unknown
"45.5998,9.5075",,San Martino,unknown
"45.6004,12.1660",,Semenzato,unknown
"45.6006,9.2364",,Da là dal Punt,unknown
"45.6006,9.5985",,,unknown
"45.6018,10.2193",,Quartiere Colonnello Gherardo Vaiarini,unknown
"45.6022,13.7667",,Cul de nave,unknown
"45.6027,8.8570",,Sant'Edoardo,unknown
"45.6042,11.6214",,,unknown
"45.6066,8.8996",,Castegnate,unknown
"45.6075,9.1308",,Villaggio dei Fiori,unknown
"45.6085,9.1522",,Masciago Milanese,unknown
"45.6091,9.2447",,Centro storico,unknown
"45.6099,10.1940",,Quartiere Colonnello Gherardo Vaiarini,unknown
"45.6100,8.9021",,Castegnate,unknown
"45.6105,12.3076",,,unknown
"45.6106,12.2342",,Le Grazie,unknown
"45.6117,10.5115",,Corona,unknown
"45.6130,8.8660",,Frati,unknown
"45.6133,8.8383",,San Michele,unknown
"45.6157,11.8530",,,unknown
"45.6175,9.2081",,Pont,unknown
"45.6176,9.4873",,San Martino,unknown
"45.6179,9.6436",,,unknown
"45.6182,9.5931",,,unknown
"45.6184,9.2370",,Crusèta,unknown
"45.6191,8.8380",,Redentore,unknown
"45.6221,9.2087",,San Pietro al dosso,unknown
"45.6228,13.7897",,Valmaura,unknown
"45.6237,9.6253",,Quartiere operaio Leonardo da Vinci,unknown
"45.6240,8.8414",,San Giuseppe,unknown
"45.6261,9.2453",,Bareggia,unknown
"45.6269,9.1401",,Binzago,unknown
"45.6270,9.0358",,Volta-Prealpi,unknown
"45.6279,11.7038",,,unknown
"45.6280,12.5708",,,unknown
"45.6295,9.0298",,Volta-Prealpi,unknown
"45.6316,9.0391",,Volta-Prealpi,unknown
"45.6320,10.0729",,,unknown
"45.6342,10.0432",,,unknown
"45.6359,9.8714",,,unknown
"45.6366,9.9341",,,unknown
"45.6400,12.1769",,Canizzano,unknown
"45.6415,11.5517",,,unknown
"45.6419,8.7590",,Cuoricino,unknown
"45.6421,12.2953",,Sant'Antonino,unknown
"45.6431,13.7783",Trieste Train Station,San Giacomo / Sveti Jakob,spread 0.39 km
"45.6441,13.7832",Trieste Train Station,San Giacomo / Sveti Jakob,spread 0.33 km
"45.6443,13.7834",Trieste Train Station,Perugino,spread 0.32 km
"45.6444,9.1417",,Liate,unknown
"45.6452,13.7598",Trieste Train Station,Lazzaretto Vecchio,radical 0.59 km
"45.6457,12.1681",,Canizzano,unknown
"45.6459,8.6201",,,unknown
"45.6461,10.5042",,Corona,unknown
"45.6463,13.7803",Trieste Train Station,Barriera Vecchia,radical 0.88 km
"45.6468,13.7640",Trieste Train Station,Borgo Giuseppino,radical 0.22 km
"45.6468,13.7813",Trieste Train Station,Barriera Vecchia,radical 0.88 km
"45.6473,13.7668",Trieste Train Station,Città Vecchia,radical 0.00 km
"45.6473,9.4078",,,unknown
"45.6479,9.6301",,Guzzanica,unknown
"45.6491,13.7676",Trieste Train Station,Cavana,radical 0.21 km
"45.6493,13.7779",Trieste Train Station,Montuzza,radical 0.50 km
"45.6496,11.6787",,Belvedere,unknown
"45.6498,13.7726",Trieste Train Station,Rena Vecchia,radical 0.36 km
"45.6498,13.7784",Trieste Train Station,Montuzza,radical 0.48 km
"45.6507,9.2050",,San Rocco,unknown
"45.6508,13.7783",Trieste Train Station,Montuzza,radical 0.41 km
"45.6516,13.7730",Trieste Train Station,Borgo Teresiano,radical 0.17 km
"45.6520,13.7784",Trieste Train Station,Barriera Nuova,radical 0.35 km
"45.6529,13.7735",Trieste Train Station,Borgo Teresiano,radical 0.04 km
"45.6529,13.7741",Trieste Train Station,Borgo Teresiano,radical 0.00 km
"45.6530,13.7719",Trieste Train Station,Borgo Teresiano,radical 0.00 km
"45.6533,10.2036",,Borgo Bailo,unknown
"45.6533,13.7722",Trieste Train Station,Borgo Teresiano,radical 0.04 km
"45.6534,13.7816",Trieste Train Station,Barriera Nuova,radical 0.59 km
"45.6541,13.7712",Trieste Train Station,Borgo Teresiano,radical 0.00 km
"45.6542,13.7868",Trieste Train Station,Barriera Nuova,radical 1.00 km
"45.6552,9.7467",,,unknown
"45.6559,13.7726",Trieste Train Station,Borgo Teresiano,radical 0.02 km
"45.6560,13.7723",Trieste Train Station,Borgo Teresiano,radical 0.00 km
"45.6562,10.4199",,Sabbio di Sopra,unknown
"45.6568,13.7769",Trieste Train Station,Scorcola,radical 0.37 km
"45.6570,12.2383",Treviso Train Station,San Zeno,radical 0.64 km
"45.6572,13.7716",Trieste Train Station,Città Nuova,radical 0.00 km
"45.6578,10.2308",,Gombaiolo,unknown
"45.6578,13.7719",Trieste Train Station,Città Nuova,radical 0.00 km
"45.6580,10.2416",,Tufi,unknown
"45.6585,9.9686",,,unknown
"45.6588,12.2462",Treviso Train Station,San Zeno,radical 0.00 km
"45.6590,12.2470",Treviso Train Station,San Zeno,radical 0.07 km
"45.6595,10.1977",,Borgo Bailo,unknown
"45.6598,13.1015",,Lignano Riviera,unknown
"45.6614,12.2461",Treviso City Center,San Zeno,radical 0.14 km
"45.6624,8.7934",,Centro storico,unknown
"45.6625,12.2469",Treviso City Center,San Zeno,radical 0.00 km
"45.6630,8.7925",,Centro storico,unknown
"45.6631,12.2439",Treviso Train Station,San Zeno,radical 0.00 km
"45.6640,10.0588",,,unknown
"45.6642,9.1527",,Colombera,unknown
"45.6642,9.6979",,Betosca,unknown
"45.6645,12.2450",Treviso City Center,San Zeno,radical 0.04 km
"45.6646,12.2446",Treviso City Center,San Zeno,radical 0.01 km
"45.6658,12.2437",Treviso City Center,San Zeno,radical 0.15 km
"45.6659,12.2441",Treviso City Center,San Zeno,radical 0.14 km
"45.6666,12.2460",Treviso City Center,San Zeno,radical 0.24 km
"45.6669,12.2457",Treviso City Center,San Zeno,radical 0.27 km
"45.6671,9.6308",,Grumello del Piano,unknown
"45.6672,9.0544",,San Rocco,unknown
"45.6678,12.2285",,Area Appiani,unknown
"45.6687,12.2555",Treviso City Center,Selvana,radical 0.00 km
"45.6688,12.2492",Treviso City Center,San Zeno,radical 0.49 km
"45.6691,10.1476",,Mantoa,unknown
"45.6706,9.7618",,,unknown
"45.6714,9.6421",,Grumellina,unknown
"45.6735,9.5001",,Contrada Baccanello,unknown
"45.6748,9.6913",,Campagnola,unknown
"45.6749,12.2535",Treviso City Center,Selvana,radical 0.70 km
"45.6789,13.3877",,,unknown
"45.6815,9.2277",,Caviana,unknown
"45.6818,13.3864",,,unknown
"45.6821,8.8595",,Malpaga,unknown
"45.6834,8.7100",,,unknown
"45.6858,9.5289",,,unknown
"45.6861,8.7999",,Caiello,unknown
"45.6863,9.7253",,Celadina,unknown
"45.6867,11.7038",,Santa Lucia,unknown
"45.6875,8.7381",,Moriggia,unknown
"45.6876,8.8217",,Sant'Anna,unknown
"45.6880,9.6759",Bergamo Train Station,Malpensata,radical 0.00 km
"45.6894,9.2612",,Cascina Siserana,unknown
"45.6896,8.4197",,,unknown
"45.6900,11.4826",,Conca,unknown
"45.6904,9.6723",Bergamo Train Station,Malpensata,radical 0.00 km
"45.6904,9.6734",Bergamo Train Station,Malpensata,radical 0.01 km
"45.6905,9.6661",Bergamo Train Station,Malpensata,radical 0.48 km
"45.6912,9.6670",Bergamo Train Station,Malpensata,radical 0.42 km
"45.6915,9.6750",Bergamo Train Station,Malpensata,radical 0.00 km
"45.6916,9.6717",Bergamo Train Station,Malpensata,radical 0.14 km
"45.6927,9.6733",Bergamo Train Station,Malpensata,radical 0.06 km
"45.6928,9.6592",,Finazzi,unknown
"45.6929,11.4448",,Santa Lucia,unknown
"45.6929,9.6725",Bergamo Train Station,Malpensata,radical 0.00 km
"45.6933,9.6681",Bergamo Train Station,Malpensata,radical 0.35 km
"45.6936,9.6717",Bergamo Train Station,Malpensata,radical 0.10 km
"45.6938,9.6780",Borgo Palazzo,Borgo Palazzo,radical 0.00 km
"45.6943,9.6759",Borgo Palazzo,Borgo Palazzo,radical 0.18 km
"45.6944,9.6786",Borgo Palazzo,Borgo Palazzo,radical 0.08 km
"45.6964,11.7085",,Vegre,unknown
"45.6965,8.9241",,Pineta,unknown
"45.6975,9.6699",Bergamo Train Station,Borgo Palazzo,radical 0.55 km
"45.6976,9.6807",Borgo Palazzo,Borgo Palazzo,radical 0.47 km
"45.6985,9.1765",,,unknown
"45.7020,9.1386",,Cimnago,unknown
"45.7027,12.1755",,Sovernigo,unknown
"45.7028,9.6654",Citta Alta,Città Alta,radical 0.16 km
"45.7029,11.6947",,Rive,unknown
"45.7033,9.6635",Citta Alta,Città Alta,radical 0.00 km
"45.7034,11.5302",,Contrà,unknown
"45.7034,9.6634",Citta Alta,Città Alta,radical 0.00 km
"45.7034,9.6912",Borgo Santa Caterina,Borgo Santa Caterina,radical 0.62 km
"45.7048,9.6782",Bergamo Train Station,Borgo Santa Caterina,radical 0.00 km
"45.7056,9.6838",Borgo Santa Caterina,Borgo Santa Caterina,radical 0.00 km
"45.7062,11.4810",,Centro,unknown
"45.7063,9.4099",,Vedù,unknown
"45.7097,10.0474",,Casella,unknown
"45.7111,11.4961",,Ca' Pajella,unknown
"45.7123,12.2569",,San Pelaio,unknown
"45.7147,10.2826",,,unknown
"45.7164,12.4634",,Vigonovo,unknown
"45.7166,11.3394",,Poleo,unknown
"45.7175,9.4561",,Sabbione,unknown
"45.7189,8.6043",,Punicia,unknown
"45.7203,8.2724",,Aranco,unknown
"45.7225,11.6976",,Prè,unknown
"45.7236,11.6170",,Ponticello,unknown
"45.7246,8.6457",,Mulini,unknown
"45.7247,11.4267",,Campagne,unknown
"45.7274,7.3326",,Le Parc,unknown
"45.7275,9.7147",,Redona,unknown
"45.7297,11.8667",,Cantone Cornirotti,unknown
"45.7302,11.7305",,Ca' Dolfin,unknown
"45.7310,7.3145",Aosta City Center,Vachordaz,radical 0.00 km
"45.7316,9.5017",,Cava,unknown
"45.7318,7.3146",Aosta City Center,Vachordaz,radical 0.09 km
"45.7330,7.3034",Aosta Train Station,Arionda,radical 0.00 km
"45.7339,11.5206",,,unknown
"45.7340,11.7989",,Marini,unknown
"45.7345,7.3222",Aosta Train Station,Seterier,radical 0.00 km
"45.7346,7.3163",Aosta City Center,Seterier,radical 0.00 km
"45.7349,7.3174",Aosta City Center,Seterier,radical 0.00 km
"45.7353,9.5819",,,unknown
"45.7355,7.3269",Aosta Train Station,Les Condemines,radical 0.00 km
"45.7358,7.3289",Aosta Train Station,Les Condemines,radical 0.16 km
"45.7374,7.3241",Aosta Train Station,Les Condemines,radical 0.30 km
"45.7386,10.0922",,,unknown
"45.7389,7.3264",Aosta Train Station,Les Condemines,radical 0.38 km
"45.7390,8.7809",,,unknown
"45.7400,7.3201",Aosta Train Station,Arionda,radical 0.00 km
"45.7401,9.3596",,Roncada,unknown
"45.7405,9.1293",,Funtana,unknown
"45.7410,10.9642",,,unknown
"45.7437,8.6732",,Sciuino,unknown
"45.7449,12.3255",,,unknown
"45.7468,11.4587",,Campagne,unknown
"45.7469,11.9739",,Busta,unknown
"45.7472,11.5249",,,unknown
"45.7535,11.6772",,Marchesane,unknown
"45.7536,11.4316",,Rocchette,unknown
"45.7542,9.2900",,Centemero,unknown
"45.7551,8.5532",,Regione Siberia,unknown
"45.7580,8.5604",,Regione Siberia,unknown
"45.7596,8.4850",,Fortezza,unknown
"45.7601,12.2046",,,unknown
"45.7609,11.7342",,Largo Parolini,unknown
"45.7612,10.1167",,,unknown
"45.7625,11.4618",,Rocchette,unknown
"45.7642,8.6141",,Cascina Padova,unknown
"45.7646,11.7404",,Largo Parolini,unknown
"45.7680,11.7340",,Largo Parolini,unknown
"45.7758,12.6102",,,unknown
"45.7791,12.4205",,,unknown
"45.7797,11.8471",,Roggia,unknown
"45.7805,8.8362",,Roccolo,unknown
"45.7835,8.9676",,Rongio,unknown
"45.7850,12.5562",,,unknown
"45.7894,12.0481",,Biadene,unknown
"45.7895,9.0865",,Camerlata,unknown
"45.7896,6.9706",Courmayeur City Center,Verrand,radical 0.01 km
"45.7899,8.5381",,,unknown
"45.7906,9.9779",,Gaiano,unknown
"45.7915,11.5936",,Contrà Busa,unknown
"45.7939,6.9680",Courmayeur City Center,Verrand,radical 0.51 km
"45.7946,9.1394",,Crotto,unknown
"45.7976,9.1807",,Resenterio,unknown
"45.7986,8.7073",,Molini,unknown
"45.7994,11.8672",,Malombra,unknown
"45.8009,8.4338",,,unknown
"45.8019,9.4267",,Castel,unknown
"45.8034,9.0853",Como City Center,San Bartolomeo,radical 0.00 km
"45.8047,8.6719",,Giardinetto,unknown
"45.8060,6.9644",,,unknown
"45.8062,9.0875",Como City Center,San Bartolomeo,radical 0.36 km
"45.8068,13.5343",,Crosara,unknown
"45.8072,9.0776",Como City Center,San Giovanni,radical 0.33 km
"45.8074,9.0909",Como City Center,San Vitale,radical 0.46 km
"45.8082,10.0313",,,unknown
"45.8085,9.0791",Como City Center,Città murata,radical 0.33 km
"45.8086,9.0831",Como City Center,Città murata,radical 0.19 km
"45.8087,9.0731",Como City Center,San Giovanni,radical 0.20 km
"45.8090,9.0877",Como City Center,San Vitale,radical 0.18 km
"45.8091,9.0854",Como City Center,San Vitale,radical 0.00 km
"45.8096,13.5337",,Crosara,unknown
"45.8097,9.0752",Como City Center,San Giovanni,radical 0.00 km
"45.8100,9.0754",Como City Center,San Giovanni,radical 0.00 km
"45.8101,9.0738",Como City Center,Borgovico,radical 0.12 km
"45.8102,10.0689",,,unknown
"45.8102,9.2325",,Incino,unknown
"45.8112,9.0786",Como City Center,Lungolago,radical 0.28 km
"45.8113,9.0859",Como City Center,San Vitale,radical 0.00 km
"45.8115,9.0871",Como City Center,San Vitale,radical 0.09 km
"45.8126,9.0748",Como City Center,Stadio,radical 0.29 km
"45.8126,9.0813",Como City Center,Lungolago,radical 0.30 km
"45.8137,9.0849",Como City Center,Sant'Agostino,radical 0.00 km
"45.8143,9.0841",Como City Center,Sant'Agostino,radical 0.09 km
"45.8152,8.8302",Varese Train Station,Bosto,radical 0.66 km
"45.8154,9.0841",Como Lago Train Station,Sant'Agostino,radical 0.00 km
"45.8162,8.8281",Varese Train Station,Centro,radical 0.55 km
"45.8166,8.8294",Varese Train Station,Centro,radical 0.50 km
"45.8196,8.8275",Varese Train Station,Centro,radical 0.21 km
"45.8211,8.8292",Varese Train Station,Biumo Inferiore,radical 0.00 km
"45.8212,8.8292",Varese Train Station,Biumo Inferiore,radical 0.01 km
"45.8216,10.4648",,,unknown
"45.8220,13.3334",,Rotonda del Taglio,unknown
"45.8221,13.3363",,Rotonda del Taglio,unknown
"45.8238,10.1080",,,unknown
"45.8263,10.0976",,,unknown
"45.8263,13.3405",,Rotonda del Taglio,unknown
"45.8288,10.0985",,,unknown
"45.8310,9.0387",,Casetta,unknown
"45.8311,7.7257",,,unknown
"45.8329,11.8842",,Cannareggio,unknown
"45.8354,12.0316",,,unknown
"45.8400,8.7571",,Scirello,unknown
"45.8419,9.0771",,Sant'Andrea,unknown
"45.8435,9.0430",,Quarcino,unknown
"45.8474,13.4881",,San Tommaso,unknown
"45.8496,9.3928",Lecco Train Station,Ponte Azzone Visconti,radical 0.21 km
"45.8511,9.3886",Lecco Train Station,Ponte Azzone Visconti,radical 0.01 km
"45.8515,9.3920",Lecco Train Station,Ponte Azzone Visconti,radical 0.01 km
"45.8534,9.3884",Lecco Train Station,Ponte Azzone Visconti,radical 0.25 km
"45.8545,9.4137",,Germanedo,unknown
"45.8546,9.3914",Lecco Train Station,Castello,radical 0.09 km
"45.8549,9.4104",,Germanedo,unknown
"45.8552,9.3922",Lecco Train Station,Castello,radical 0.00 km
"45.8554,9.3932",Lecco Train Station,Castello,radical 0.01 km
"45.8563,9.3873",Lecco Train Station,Santo Stefano,radical 0.39 km
"45.8571,9.3927",Lecco Train Station,Castello,radical 0.19 km
"45.8576,8.6930",,San Bartolomeo,unknown
"45.8582,12.0453",,,unknown
"45.8630,9.3861",Lecco Train Station,Santo Stefano,radical 0.98 km
"45.8644,11.0282",,Lizzana,unknown
"45.8676,8.8665",,Ponte,unknown
"45.8751,12.1350",,,unknown
"45.8761,8.4088",,,unknown
"45.8786,12.3042",,Campolongo,unknown
"45.8806,13.4361",,,unknown
"45.8827,10.1767",,,unknown
"45.8832,8.5386",,,unknown
"45.8836,11.0390",Rovereto Train Station,Santa Maria,radical 0.82 km
"45.8857,10.8632",,,unknown
"45.8898,9.9595",,Contrada Beccarelli,unknown
"45.8907,11.0359",Rovereto Train Station,San Giorgio,radical 0.00 km
"45.8908,11.0410",Rovereto Train Station,Santa Maria,radical 0.01 km
"45.8926,11.0437",Rovereto Train Station,Santa Maria,radical 0.28 km
"45.8933,10.1887",,Sacca,unknown
"45.8936,8.6757",,Carnisio Superiore,unknown
"45.8980,10.8479",,,unknown
"45.8997,12.6110",,,unknown
"45.9010,11.9961",,,unknown
"45.9044,8.7363",,Canonica,unknown
"45.9062,12.1282",,,unknown
"45.9063,13.3081",,"Lottizzazione ""La Perla""",unknown
"45.9098,8.5054",,,unknown
"45.9106,8.6191",,Chiso,unknown
"45.9161,11.1716",,Ponte San Giovanni,unknown
"45.9167,12.8748",,Borgo Castello,unknown
"45.9207,11.9308",,,unknown
"45.9240,8.5513",,Pallanza,unknown
"45.9256,10.2494",,Borgo Olcese,unknown
"45.9285,8.5585",,Pallanza,unknown
"45.9299,12.7301",,,unknown
"45.9328,13.2866",,,unknown
"45.9332,13.6070",Gorizia Train Station,Campagnuzza / Rojce,radical 0.00 km
"45.9370,8.5742",,Intra,unknown
"45.9394,8.5706",,Intra,unknown
"45.9397,13.6149",Gorizia Train Station,Studenec / Studenitz,radical 0.95 km
"45.9429,8.4728",,,unknown
"45.9526,10.2054",,San Fiorino,unknown
"45.9531,12.6318",,Rorai Piccolo,unknown
"45.9551,12.6188",,Rorai Piccolo,unknown
"45.9554,12.8420",,,unknown
"45.9577,12.6544",,San Giorgio,unknown
"45.9586,13.4718",,Ca' delle Vallade,unknown
"45.9590,12.5009",,Villaggio Fontana,unknown
"45.9608,12.6565",,San Giorgio,unknown
"45.9614,10.9107",,Castel,unknown
"45.9649,8.7524",,,unknown
"45.9728,12.6493",,Rorai Grande,unknown
"45.9744,10.0830",,,unknown
"45.9790,9.0215",,,unknown
"45.9824,12.7002",,Romans di Sotto,unknown
"45.9839,13.4053",,Casali Godia,unknown
"45.9859,9.2608",,Cadenabbia,unknown
"45.9897,9.9441",,San Bernardino,unknown
"45.9900,13.3793",,,unknown
"45.9960,13.3032",,,unknown
"46.0052,11.2422",,,unknown
"46.0063,11.1273",,Mattarello di Sotto,unknown
"46.0089,13.3308",,,unknown
"46.0105,9.2838",,Riva Grande,unknown
"46.0157,9.2361",,Carsolina,unknown
"46.0184,11.9112",,Borgo Nassa,unknown
"46.0190,12.8753",,,unknown
"46.0197,11.8947",,Zuecca,unknown
"46.0201,8.7872",,Roggiolo,unknown
"46.0233,11.9218",,Pasquer,unknown
"46.0310,13.2988",,Casali Maniassi Tedeschi,unknown
"46.0334,10.7263",,,unknown
"46.0351,9.1268",,,unknown
"46.0388,13.2446",,Partidor/ Partidôr,unknown
"46.0391,11.0574",,,unknown
"46.0404,11.8806",,Farra,unknown
"46.0434,9.3025",,,unknown
"46.0454,12.0231",,,unknown
"46.0538,11.1209",Main Station,San Pio X,radical 0.46 km
"46.0551,13.2198",,San Rocco,unknown
"46.0579,11.1204",Main Station,San Giuseppe,radical 0.00 km
"46.0595,13.2425",,Borgo Aquileia,unknown
"46.0597,11.1259",Main Station,San Giuseppe,radical 0.47 km
"46.0613,11.1152",Main Station,Le Albere,radical 0.55 km
"46.0641,11.1217",Main Station,Centro storico,radical 0.52 km
"46.0645,11.5072",,Castellare,unknown
"46.0671,12.5889",,,unknown
"46.0687,11.1201",Main Station,Centro storico,radical 0.00 km
"46.0690,11.1211",Main Station,Centro storico,radical 0.00 km
"46.0691,11.1238",Trento City Center,Centro storico,radical 0.00 km
"46.0695,11.1196",Main Station,Centro storico,radical 0.00 km
"46.0697,11.1180",Main Station,Piedicastello,radical 0.00 km
"46.0697,13.2293",,Borgo di San Lazzaro,unknown
"46.0715,11.1170",Main Station,Piedicastello,radical 0.00 km
"46.0717,11.1249",Main Station,San Martino,radical 0.00 km
"46.0753,13.2265",,Borgo di San Lazzaro,unknown
"46.0766,11.1241",Main Station,San Martino,radical 0.01 km
"46.0769,13.2433",,Chiavris,unknown
"46.0866,13.2357",,Chiavris,unknown
"46.0877,11.1217",,Solteri,unknown
"46.0894,11.0666",,,unknown
"46.0926,13.1292",,Borgo Puppo,unknown
"46.1035,12.9013",,Borgo Navarons,unknown
"46.1039,13.2277",,Feletto Umberto,unknown
"46.1115,8.2926",,Rione Badulerio,unknown
"46.1128,13.0849",,,unknown
"46.1178,8.2927",,Rione Badulerio,unknown
"46.1387,12.2070",,Lambioi,unknown
"46.1402,9.3896",,Lo Stallone,unknown
"46.1407,11.1103",,Felti,unknown
"46.1420,12.3628",,,unknown
"46.1424,12.2145",,Borgo Prà,unknown
"46.1439,12.2161",,Borgo Prà,unknown
"46.1598,13.0102",,Borgo Sottoagaro,unknown
"46.1604,13.2131",,Borgobello,unknown
"46.1665,10.7570",,,unknown
"46.1676,9.8725",,Cantone,unknown
"46.1678,9.8713",,Cantone,unknown
"46.1678,9.8724",,Cantone,unknown
"46.1696,10.3438",,,unknown
"46.1696,9.8703",,Cantone,unknown
"46.1710,9.8741",,Scarpatetti,unknown
"46.1711,9.8702",,Cantone,unknown
"46.1718,9.8701",,Centro storico,unknown
"46.1724,12.7082",,Russoledo,unknown
"46.1768,13.2060",,Borc Tuli,unknown
"46.1785,9.9877",,Madonna di Campagna,unknown
"46.1801,12.2799",,Nuova Erto,unknown
"46.2140,10.1746",Tirano Railway Station,Visoli,radical 0.22 km
"46.2154,10.1727",Tirano Railway Station,Visoli,radical 0.00 km
"46.2159,10.1669",Tirano Railway Station,Visoli,radical 0.07 km
"46.2159,10.1700",Tirano Railway Station,Visoli,radical 0.00 km
"46.2163,10.1690",Tirano Railway Station,Visoli,radical 0.09 km
"46.2165,10.1666",Tirano Railway Station,Visoli,radical 0.00 km
"46.2178,10.1554",Tirano Railway Station,Madonna,radical 0.87 km
"46.2219,11.9545",,Mis di Sotto,unknown
"46.2255,10.8267",,Colarin,unknown
"46.2283,13.0885",,,unknown
"46.2305,13.1762",,Borgo Zurini,unknown
"46.2558,13.0828",,Taboga,unknown
"46.2661,12.3010",,Pirago,unknown
"46.2761,12.9279",,,unknown
"46.2987,11.0690",,,unknown
"46.2993,10.2758",,,unknown
"46.3202,10.8262",,,unknown
"46.3479,11.2988",,,unknown
"46.3643,11.0387",,Pez,unknown
"46.3973,13.0275",,,unknown
"46.4155,10.4882",,Alpe di Tresero,unknown
"46.4177,12.3355",,San Rocco,unknown
"46.4472,12.0142",,Pallua,unknown
"46.4511,12.0377",,Zambelli,unknown
"46.4557,11.3338",,Oltrisarco - Oberau,unknown
"46.4660,10.3710",,Maggiore,unknown
"46.4813,11.3175",,Oltrisarco - Oberau,unknown
"46.4883,11.3199",,Don Bosco,unknown
"46.4906,11.3419",Palazzo Mercantile,Europa-Novacella - Europa-Neustift,radical 0.00 km
"46.4913,11.3437",Palazzo Mercantile,Europa-Novacella - Europa-Neustift,radical 0.16 km
"46.4922,11.3233",,Don Bosco,unknown
"46.4952,11.3404",Bolzano City Center,San Quirino - Quirein,radical 0.00 km
"46.4954,11.3527",Waltherplatz,Centro Storico - Altstadt,radical 0.01 km
"46.4954,11.3559",Bolzano Train Station,Centro Storico - Altstadt,radical 0.00 km
"46.4959,12.4807",,,unknown
"46.4975,11.3535",Bolzano Train Station,Centro Storico - Altstadt,radical 0.00 km
"46.4980,11.3521",Bolzano Train Station,Centro Storico - Altstadt,radical 0.00 km
"46.4980,11.3527",Bolzano Train Station,Centro Storico - Altstadt,radical 0.00 km
"46.4982,11.3479",Bolzano Train Station,San Quirino - Quirein,radical 0.00 km
"46.4985,11.3613",Bolzano Train Station,Dogana - Zollstange,radical 0.46 km
"46.4996,11.3509",Bolzano Train Station,Centro Storico - Altstadt,radical 0.11 km
"46.5001,11.3497",Bolzano Train Station,Centro Storico - Altstadt,radical 0.00 km
"46.5059,13.3048",,Località Pegla,unknown
"46.5061,13.5659",,,unknown
"46.5366,12.1372",Cortina Bus Station,Pecol,radical 0.24 km
"46.5386,12.1384",Cortina Bus Station,Pecol,radical 0.00 km
"46.5426,10.1396",,Ponte del Brum,unknown
"46.5761,12.5318",,Cima Undici,unknown
"46.6693,11.1636",Merano City Center,Steinach,radical 0.42 km
"46.6694,11.1629",Merano City Center,Historischer Ortskern - Centro Storico,radical 0.37 km
"46.6704,11.1583",Merano City Center,Historischer Ortskern - Centro Storico,radical 0.01 km
"46.6728,11.1574",Merano City Center,Centro - Zentrum,radical 0.03 km
"46.6729,11.1571",Merano City Center,Centro - Zentrum,radical 0.00 km
"46.6753,11.1490",Merano Train Station,Centro - Zentrum,radical 0.00 km
"46.7094,11.6518",Bressanone Brixen Train Station,Durstsiedlung,radical 0.00 km
"46.7100,11.6509",Bressanone Brixen Train Station,Burgfrieden - Castelliere,radical 0.00 km
"46.7103,11.6526",Bressanone Brixen Train Station,Burgfrieden - Castelliere,radical 0.00 km
"46.7129,11.6510",Bressanone Brixen Train Station,Burgfrieden - Castelliere,radical 0.01 km
"46.7168,11.6543",Bressanone Brixen Train Station,Burgfrieden - Castelliere,radical 0.00 km
"46.7959,11.9334",,Altstadt - Centro Storico,unknown
"46.7983,11.9458",,Dietenheim - Teodone,unknown
"55.6711,12.5600",Polignano A Mare City Center,,radical 0.01 km
