day,city,area,spot_id,name,capacity,readings,peak,last,peak_pct,arrivals
2026-09-23,agrigento,agrigento-train-staion,09832ba6-2fc7-4510-9328-10e19d25365d,J&J's,20,3,1,1,5.0,1
2026-09-24,agrigento,agrigento-train-staion,09832ba6-2fc7-4510-9328-10e19d25365d,J&J's,20,8,1,1,5.0,1
2026-09-25,agrigento,agrigento-train-staion,09832ba6-2fc7-4510-9328-10e19d25365d,J&J's,20,6,1,1,5.0,1
2026-09-23,agrigento,quadrivio-spinasanta,164ab22f-8f98-4a88-9b23-dc865c1c54a2,J&J's,0,3,0,0,,0
2026-09-24,agrigento,quadrivio-spinasanta,164ab22f-8f98-4a88-9b23-dc865c1c54a2,J&J's,0,8,0,0,,0
2026-09-25,agrigento,quadrivio-spinasanta,164ab22f-8f98-4a88-9b23-dc865c1c54a2,J&J's,0,6,0,0,,0
2026-09-23,agrigento,grotte,6f3671df-f195-4020-b8df-af59fd316453,J&J's,0,3,0,0,,0
2026-09-24,agrigento,grotte,6f3671df-f195-4020-b8df-af59fd316453,J&J's,0,8,0,0,,0
2026-09-25,agrigento,grotte,6f3671df-f195-4020-b8df-af59fd316453,J&J's,0,6,0,0,,0
2026-09-23,agrigento,city-center,7e7331eb-4d3f-4a4a-9ca7-ef8dda01dc04,J&J's,0,3,0,0,,0
2026-09-24,agrigento,city-center,7e7331eb-4d3f-4a4a-9ca7-ef8dda01dc04,J&J's,0,8,0,0,,0
2026-09-25,agrigento,city-center,7e7331eb-4d3f-4a4a-9ca7-ef8dda01dc04,J&J's,0,6,0,0,,0
2026-09-23,agrigento,city-center,93e66fc2-689b-488f-b25b-bfc99cf11086,J&J's,0,3,0,0,,0
2026-09-24,agrigento,city-center,93e66fc2-689b-488f-b25b-bfc99cf11086,J&J's,0,8,0,0,,0
2026-09-25,agrigento,city-center,93e66fc2-689b-488f-b25b-bfc99cf11086,J&J's,0,6,0,0,,0
2026-09-23,agrigento,manna-rocca,a4d2f344-0055-47d3-bd4b-59dc63674e8a,J&J's,0,3,0,0,,0
2026-09-24,agrigento,manna-rocca,a4d2f344-0055-47d3-bd4b-59dc63674e8a,J&J's,0,8,0,0,,0
2026-09-25,agrigento,manna-rocca,a4d2f344-0055-47d3-bd4b-59dc63674e8a,J&J's,0,6,0,0,,0
2026-09-23,agrigento,city-center,a885d30e-0466-4875-8901-81162aac50bf,J&J's,100,3,0,0,0.0,0
2026-09-24,agrigento,city-center,a885d30e-0466-4875-8901-81162aac50bf,J&J's,100,8,0,0,0.0,0
2026-09-25,agrigento,city-center,a885d30e-0466-4875-8901-81162aac50bf,J&J's,100,6,0,0,0.0,0
2026-09-23,agrigento,agrigento-train-staion,cda86865-430f-4789-ae3f-7961c685d331,J&J's,0,3,13,13,,13
2026-09-24,agrigento,agrigento-train-staion,cda86865-430f-4789-ae3f-7961c685d331,J&J's,0,8,13,13,,13
2026-09-25,agrigento,agrigento-train-staion,cda86865-430f-4789-ae3f-7961c685d331,J&J's,0,6,15,15,,15
2026-09-23,agrigento,san-vito,d91dac50-508b-408e-82b7-809dfee11e39,J&J's,0,3,0,0,,0
2026-09-24,agrigento,san-vito,d91dac50-508b-408e-82b7-809dfee11e39,J&J's,0,8,0,0,,0
2026-09-25,agrigento,san-vito,d91dac50-508b-408e-82b7-809dfee11e39,J&J's,0,6,0,0,,0
2026-09-23,agrigento,aragona,e0b2fb96-8028-4e7e-b0a9-445c31681b88,J&J's,0,3,0,0,,0
2026-09-24,agrigento,aragona,e0b2fb96-8028-4e7e-b0a9-445c31681b88,J&J's,0,8,0,0,,0
2026-09-25,agrigento,aragona,e0b2fb96-8028-4e7e-b0a9-445c31681b88,J&J's,0,6,0,0,,0
2026-09-23,agrigento,villaggio-peruzzo,e16fe9b8-1b34-4997-a4ef-1a5e672362e0,J&J's,0,3,2,2,,2
2026-09-24,agrigento,villaggio-peruzzo,e16fe9b8-1b34-4997-a4ef-1a5e672362e0,J&J's,0,8,2,2,,2
2026-09-25,agrigento,villaggio-peruzzo,e16fe9b8-1b34-4997-a4ef-1a5e672362e0,J&J's,0,6,2,2,,2
2026-09-23,agrigento,favara-ovest,eac9b7ad-1159-4765-8501-8a499f2d03ee,J&J's,0,3,0,0,,0
2026-09-24,agrigento,favara-ovest,eac9b7ad-1159-4765-8501-8a499f2d03ee,J&J's,0,8,0,0,,0
2026-09-25,agrigento,favara-ovest,eac9b7ad-1159-4765-8501-8a499f2d03ee,J&J's,0,6,0,0,,0
2026-09-23,alessandria,,383839e6-b86a-4782-801f-2e9dd3a50065,J&J's,0,3,0,0,,0
2026-09-24,alessandria,,383839e6-b86a-4782-801f-2e9dd3a50065,J&J's,0,8,0,0,,0
2026-09-25,alessandria,,383839e6-b86a-4782-801f-2e9dd3a50065,J&J's,0,6,0,0,,0
2026-09-23,alessandria,,f7c8dce8-bc1a-4be7-a4ec-a76fdb9ed32d,J&J's,0,3,0,0,,0
2026-09-24,alessandria,,f7c8dce8-bc1a-4be7-a4ec-a76fdb9ed32d,J&J's,0,8,0,0,,0
2026-09-25,alessandria,,f7c8dce8-bc1a-4be7-a4ec-a76fdb9ed32d,J&J's,0,6,0,0,,0
2026-09-23,ancona,ancona-train-station,0238b054-a701-4949-8fec-84739e4c6b7f,J&J's,0,3,6,5,,6
2026-09-24,ancona,ancona-train-station,0238b054-a701-4949-8fec-84739e4c6b7f,J&J's,0,8,7,7,,7
2026-09-25,ancona,ancona-train-station,0238b054-a701-4949-8fec-84739e4c6b7f,J&J's,0,6,7,6,,7
2026-09-23,ancona,montedago,1d5b0da2-8715-4133-be0b-4b88918c565e,J&J's,0,3,0,0,,0
2026-09-24,ancona,montedago,1d5b0da2-8715-4133-be0b-4b88918c565e,J&J's,0,8,0,0,,0
2026-09-25,ancona,montedago,1d5b0da2-8715-4133-be0b-4b88918c565e,J&J's,0,6,0,0,,0
2026-09-23,ancona,palombare,28536f96-8da9-462e-8bff-94dcce892e10,J&J's,0,3,0,0,,0
2026-09-24,ancona,palombare,28536f96-8da9-462e-8bff-94dcce892e10,J&J's,0,8,0,0,,0
2026-09-25,ancona,palombare,28536f96-8da9-462e-8bff-94dcce892e10,J&J's,0,6,0,0,,0
2026-09-23,ancona,passetto,440ca30b-f56c-4005-9139-d7ff9c5fdd06,J&J's,0,3,1,1,,1
2026-09-24,ancona,passetto,440ca30b-f56c-4005-9139-d7ff9c5fdd06,J&J's,0,8,1,1,,1
2026-09-25,ancona,passetto,440ca30b-f56c-4005-9139-d7ff9c5fdd06,J&J's,0,6,1,1,,1
2026-09-23,ancona,ancona-train-station,5101e023-8d45-48d6-a590-c63ba5083f5a,J&J's,0,3,0,0,,0
2026-09-24,ancona,ancona-train-station,5101e023-8d45-48d6-a590-c63ba5083f5a,J&J's,0,8,0,0,,0
2026-09-25,ancona,ancona-train-station,5101e023-8d45-48d6-a590-c63ba5083f5a,J&J's,0,6,0,0,,0
2026-09-23,ancona,capodimonte,78a3de4e-ed73-4e35-b351-a5c6bdd820bc,J&J's,0,3,0,0,,0
2026-09-24,ancona,capodimonte,78a3de4e-ed73-4e35-b351-a5c6bdd820bc,J&J's,0,8,0,0,,0
2026-09-25,ancona,capodimonte,78a3de4e-ed73-4e35-b351-a5c6bdd820bc,J&J's,0,6,0,0,,0
2026-09-23,ancona,archi,8a82447f-39c1-48b4-b63e-22842d467bde,J&J's,0,3,1,1,,1
2026-09-24,ancona,archi,8a82447f-39c1-48b4-b63e-22842d467bde,J&J's,0,8,1,1,,1
2026-09-25,ancona,archi,8a82447f-39c1-48b4-b63e-22842d467bde,J&J's,0,6,1,1,,1
2026-09-23,ancona,ancona-train-station,8edf68d1-589f-4b49-8234-a4f7427d80f0,J&J's,100,3,0,0,0.0,0
2026-09-24,ancona,ancona-train-station,8edf68d1-589f-4b49-8234-a4f7427d80f0,J&J's,100,8,0,0,0.0,0
2026-09-25,ancona,ancona-train-station,8edf68d1-589f-4b49-8234-a4f7427d80f0,J&J's,100,6,0,0,0.0,0
2026-09-23,ancona,ancona-train-station,a8d0c685-bbd0-4734-ac0f-65ec1e1d5bbc,J&J's,0,3,0,0,,0
2026-09-24,ancona,ancona-train-station,a8d0c685-bbd0-4734-ac0f-65ec1e1d5bbc,J&J's,0,8,0,0,,0
2026-09-25,ancona,ancona-train-station,a8d0c685-bbd0-4734-ac0f-65ec1e1d5bbc,J&J's,0,6,0,0,,0
2026-09-23,ancona,ancona-train-station,e03aba43-6d45-4837-aba5-298a1cf00c7b,J&J's,0,3,0,0,,0
2026-09-24,ancona,ancona-train-station,e03aba43-6d45-4837-aba5-298a1cf00c7b,J&J's,0,8,0,0,,0
2026-09-25,ancona,ancona-train-station,e03aba43-6d45-4837-aba5-298a1cf00c7b,J&J's,0,6,0,0,,0
2026-09-23,ancona,adriatico,e143c356-90c0-411e-9c1a-4af11187402c,J&J's,0,3,0,0,,0
2026-09-24,ancona,adriatico,e143c356-90c0-411e-9c1a-4af11187402c,J&J's,0,8,0,0,,0
2026-09-25,ancona,adriatico,e143c356-90c0-411e-9c1a-4af11187402c,J&J's,0,6,0,0,,0
2026-09-23,ancona,cardeto,f11fffb4-f92a-4867-9223-8026b4825a60,J&J's,10,3,2,2,20.0,2
2026-09-24,ancona,cardeto,f11fffb4-f92a-4867-9223-8026b4825a60,J&J's,10,8,2,2,20.0,2
2026-09-25,ancona,cardeto,f11fffb4-f92a-4867-9223-8026b4825a60,J&J's,10,6,2,1,20.0,2
2026-09-23,ancona,ancona-train-station,f7096171-65d7-4d20-bfde-193e38085677,J&J's,0,3,0,0,,0
2026-09-24,ancona,ancona-train-station,f7096171-65d7-4d20-bfde-193e38085677,J&J's,0,8,0,0,,0
2026-09-25,ancona,ancona-train-station,f7096171-65d7-4d20-bfde-193e38085677,J&J's,0,6,0,0,,0
2026-09-23,aosta,charvensod,05386bb5-ae5e-4ed5-b944-21dfce3c7f86,J&J's,0,3,0,0,,0
2026-09-24,aosta,charvensod,05386bb5-ae5e-4ed5-b944-21dfce3c7f86,J&J's,0,8,0,0,,0
2026-09-25,aosta,charvensod,05386bb5-ae5e-4ed5-b944-21dfce3c7f86,J&J's,0,6,0,0,,0
2026-09-23,aosta,city-center,349f6ef5-ea38-437e-821e-cdad0dc0aeb0,J&J's,0,3,1,1,,1
2026-09-24,aosta,city-center,349f6ef5-ea38-437e-821e-cdad0dc0aeb0,J&J's,0,8,1,1,,1
2026-09-25,aosta,city-center,349f6ef5-ea38-437e-821e-cdad0dc0aeb0,J&J's,0,6,1,1,,1
2026-09-23,aosta,city-center,472c8120-f4a6-489f-9e62-1400d962bf30,J&J's,0,3,0,0,,0
2026-09-24,aosta,city-center,472c8120-f4a6-489f-9e62-1400d962bf30,J&J's,0,8,0,0,,0
2026-09-25,aosta,city-center,472c8120-f4a6-489f-9e62-1400d962bf30,J&J's,0,6,0,0,,0
2026-09-23,aosta,train-station,55151c55-3539-4b07-a514-a489e66fee54,J&J's,0,3,0,0,,0
2026-09-24,aosta,train-station,55151c55-3539-4b07-a514-a489e66fee54,J&J's,0,8,0,0,,0
2026-09-25,aosta,train-station,55151c55-3539-4b07-a514-a489e66fee54,J&J's,0,6,0,0,,0
2026-09-23,aosta,train-station,e03c087b-f79d-4a48-9f86-61bcc1a02cf4,J&J's,0,3,0,0,,0
2026-09-24,aosta,train-station,e03c087b-f79d-4a48-9f86-61bcc1a02cf4,J&J's,0,8,0,0,,0
2026-09-25,aosta,train-station,e03c087b-f79d-4a48-9f86-61bcc1a02cf4,J&J's,0,6,0,0,,0
2026-09-23,aosta,train-station,ffd5a194-80c1-4279-97b1-c29b7a51ea21,J&J's,0,3,1,1,,1
2026-09-24,aosta,train-station,ffd5a194-80c1-4279-97b1-c29b7a51ea21,J&J's,0,8,1,1,,1
2026-09-25,aosta,train-station,ffd5a194-80c1-4279-97b1-c29b7a51ea21,J&J's,0,6,1,1,,1
2026-09-23,arezzo,arezzo-train-station,220b1b09-54c8-415f-900b-c945fbe76ee7,J&J's,0,3,1,1,,1
2026-09-24,arezzo,arezzo-train-station,220b1b09-54c8-415f-900b-c945fbe76ee7,J&J's,0,8,1,0,,1
2026-09-25,arezzo,arezzo-train-station,220b1b09-54c8-415f-900b-c945fbe76ee7,J&J's,0,6,0,0,,0
2026-09-23,arezzo,city-center,3eea035e-efa2-4f84-99e9-2e6ca792b1fa,J&J's,0,3,1,1,,1
2026-09-24,arezzo,city-center,3eea035e-efa2-4f84-99e9-2e6ca792b1fa,J&J's,0,8,1,1,,1
2026-09-25,arezzo,city-center,3eea035e-efa2-4f84-99e9-2e6ca792b1fa,J&J's,0,6,1,1,,1
2026-09-23,arezzo,city-center,44485bfc-4009-422f-9669-a6b6c08b5b1a,J&J's,0,3,0,0,,0
2026-09-24,arezzo,city-center,44485bfc-4009-422f-9669-a6b6c08b5b1a,J&J's,0,8,0,0,,0
2026-09-25,arezzo,city-center,44485bfc-4009-422f-9669-a6b6c08b5b1a,J&J's,0,6,0,0,,0
2026-09-23,arezzo,pescaiola,780aa41f-6d6e-46a8-8380-64a286fcf7cd,J&J's,0,3,0,0,,0
2026-09-24,arezzo,pescaiola,780aa41f-6d6e-46a8-8380-64a286fcf7cd,J&J's,0,8,0,0,,0
2026-09-25,arezzo,pescaiola,780aa41f-6d6e-46a8-8380-64a286fcf7cd,J&J's,0,6,0,0,,0
2026-09-23,arezzo,city-center,88ef4383-f911-4ea0-b847-5c3eb985946c,J&J's,15,3,0,0,0.0,0
2026-09-24,arezzo,city-center,88ef4383-f911-4ea0-b847-5c3eb985946c,J&J's,15,8,0,0,0.0,0
2026-09-25,arezzo,city-center,88ef4383-f911-4ea0-b847-5c3eb985946c,J&J's,15,6,0,0,0.0,0
2026-09-23,arezzo,arezzo-train-station,bec27377-1e97-47f1-8154-f25199da4f45,J&J's,0,3,0,0,,0
2026-09-24,arezzo,arezzo-train-station,bec27377-1e97-47f1-8154-f25199da4f45,J&J's,0,8,0,0,,0
2026-09-25,arezzo,arezzo-train-station,bec27377-1e97-47f1-8154-f25199da4f45,J&J's,0,6,0,0,,0
2026-09-23,arezzo,city-center,ef857b4e-f813-442e-9911-4b338fe5c4e9,J&J's,0,3,0,0,,0
2026-09-24,arezzo,city-center,ef857b4e-f813-442e-9911-4b338fe5c4e9,J&J's,0,8,0,0,,0
2026-09-25,arezzo,city-center,ef857b4e-f813-442e-9911-4b338fe5c4e9,J&J's,0,6,0,0,,0
2026-09-23,arezzo,city-center,f297eede-6a74-49a4-926a-c77906cb4f2f,J&J's,0,3,1,1,,1
2026-09-24,arezzo,city-center,f297eede-6a74-49a4-926a-c77906cb4f2f,J&J's,0,8,1,1,,1
2026-09-25,arezzo,city-center,f297eede-6a74-49a4-926a-c77906cb4f2f,J&J's,0,6,1,0,,1
2026-09-23,ascoli-piceno,acquasanta-terme,76b854f8-7274-4ee2-bcd0-d2f6a5ff8e8f,J&J's,0,3,0,0,,0
2026-09-24,ascoli-piceno,acquasanta-terme,76b854f8-7274-4ee2-bcd0-d2f6a5ff8e8f,J&J's,0,8,0,0,,0
2026-09-25,ascoli-piceno,acquasanta-terme,76b854f8-7274-4ee2-bcd0-d2f6a5ff8e8f,J&J's,0,6,0,0,,0
2026-09-23,ascoli-piceno,castagneti,cd74abfa-7b64-45c8-b47e-92aea6a038e6,J&J's,0,3,0,0,,0
2026-09-24,ascoli-piceno,castagneti,cd74abfa-7b64-45c8-b47e-92aea6a038e6,J&J's,0,8,0,0,,0
2026-09-25,ascoli-piceno,castagneti,cd74abfa-7b64-45c8-b47e-92aea6a038e6,J&J's,0,6,0,0,,0
2026-09-23,avellino,,0884e93c-3cbc-4709-a9ce-5046ead451bd,J&J's,0,3,0,0,,0
2026-09-24,avellino,,0884e93c-3cbc-4709-a9ce-5046ead451bd,J&J's,0,8,0,0,,0
2026-09-25,avellino,,0884e93c-3cbc-4709-a9ce-5046ead451bd,J&J's,0,6,0,0,,0
2026-09-23,avellino,ponticelli,11f60c4b-8e8a-4433-8862-73274ad23e7a,J&J's,0,3,0,0,,0
2026-09-24,avellino,ponticelli,11f60c4b-8e8a-4433-8862-73274ad23e7a,J&J's,0,8,0,0,,0
2026-09-25,avellino,ponticelli,11f60c4b-8e8a-4433-8862-73274ad23e7a,J&J's,0,6,0,0,,0
2026-09-23,avellino,atripalda,451d445c-5915-4f83-a464-549353e0b1d0,J&J's,0,3,0,0,,0
2026-09-24,avellino,atripalda,451d445c-5915-4f83-a464-549353e0b1d0,J&J's,0,8,0,0,,0
2026-09-25,avellino,atripalda,451d445c-5915-4f83-a464-549353e0b1d0,J&J's,0,6,0,0,,0
2026-09-23,avellino,mercogliano,5bbebc51-3b68-4000-b450-bc4decf12a6c,J&J's,0,3,0,0,,0
2026-09-24,avellino,mercogliano,5bbebc51-3b68-4000-b450-bc4decf12a6c,J&J's,0,8,0,0,,0
2026-09-25,avellino,mercogliano,5bbebc51-3b68-4000-b450-bc4decf12a6c,J&J's,0,6,0,0,,0
2026-09-23,avellino,city-center,5c9944e9-3418-4c0a-a91e-fc649704e228,J&J's,0,3,0,0,,0
2026-09-24,avellino,city-center,5c9944e9-3418-4c0a-a91e-fc649704e228,J&J's,0,8,0,0,,0
2026-09-25,avellino,city-center,5c9944e9-3418-4c0a-a91e-fc649704e228,J&J's,0,6,0,0,,0
2026-09-23,avellino,monteforte-irpino,9cde4bad-fdbd-42ad-9bcb-f303de99ad1f,J&J's,0,3,0,0,,0
2026-09-24,avellino,monteforte-irpino,9cde4bad-fdbd-42ad-9bcb-f303de99ad1f,J&J's,0,8,0,0,,0
2026-09-25,avellino,monteforte-irpino,9cde4bad-fdbd-42ad-9bcb-f303de99ad1f,J&J's,0,6,0,0,,0
2026-09-23,avellino,monteforte-irpino,9fafbf54-6092-44b1-92e9-ee2c093799ab,J&J's,0,3,0,0,,0
2026-09-24,avellino,monteforte-irpino,9fafbf54-6092-44b1-92e9-ee2c093799ab,J&J's,0,8,0,0,,0
2026-09-25,avellino,monteforte-irpino,9fafbf54-6092-44b1-92e9-ee2c093799ab,J&J's,0,6,0,0,,0
2026-09-23,avellino,montaperto,a5f12cc5-55bb-4e71-a8f1-a792bf3cfd2d,J&J's,0,3,0,0,,0
2026-09-24,avellino,montaperto,a5f12cc5-55bb-4e71-a8f1-a792bf3cfd2d,J&J's,0,8,0,0,,0
2026-09-25,avellino,montaperto,a5f12cc5-55bb-4e71-a8f1-a792bf3cfd2d,J&J's,0,6,0,0,,0
2026-09-23,avellino,campanarello,a74d2b23-6085-46be-9a4c-7b75ecb15ba0,J&J's,0,3,0,0,,0
2026-09-24,avellino,campanarello,a74d2b23-6085-46be-9a4c-7b75ecb15ba0,J&J's,0,8,0,0,,0
2026-09-25,avellino,campanarello,a74d2b23-6085-46be-9a4c-7b75ecb15ba0,J&J's,0,6,0,0,,0
2026-09-23,avellino,atripalda,d692482a-b999-4360-a63d-def9e2bc827e,J&J's,0,3,0,0,,0
2026-09-24,avellino,atripalda,d692482a-b999-4360-a63d-def9e2bc827e,J&J's,0,8,0,0,,0
2026-09-25,avellino,atripalda,d692482a-b999-4360-a63d-def9e2bc827e,J&J's,0,6,0,0,,0
2026-09-23,avellino,bellizzi-irpino,de3dc395-d27f-4f2b-bde2-aa204537c1cf,J&J's,0,3,0,0,,0
2026-09-24,avellino,bellizzi-irpino,de3dc395-d27f-4f2b-bde2-aa204537c1cf,J&J's,0,8,0,0,,0
2026-09-25,avellino,bellizzi-irpino,de3dc395-d27f-4f2b-bde2-aa204537c1cf,J&J's,0,6,0,0,,0
2026-09-23,avellino,partenio,e519890f-ec9e-45c8-b96c-bc15632d5979,J&J's,0,3,0,0,,0
2026-09-24,avellino,partenio,e519890f-ec9e-45c8-b96c-bc15632d5979,J&J's,0,8,0,0,,0
2026-09-25,avellino,partenio,e519890f-ec9e-45c8-b96c-bc15632d5979,J&J's,0,6,0,0,,0
2026-09-23,avellino,contrada,ecc565c1-16f6-48b5-adf4-9aabc6c04bf4,J&J's,0,3,0,0,,0
2026-09-24,avellino,contrada,ecc565c1-16f6-48b5-adf4-9aabc6c04bf4,J&J's,0,8,0,0,,0
2026-09-25,avellino,contrada,ecc565c1-16f6-48b5-adf4-9aabc6c04bf4,J&J's,0,6,0,0,,0
2026-09-23,avellino,city-center,f5e072cf-cb90-4030-aebe-c7555ea543c3,J&J's,0,3,0,0,,0
2026-09-24,avellino,city-center,f5e072cf-cb90-4030-aebe-c7555ea543c3,J&J's,0,8,0,0,,0
2026-09-25,avellino,city-center,f5e072cf-cb90-4030-aebe-c7555ea543c3,J&J's,0,6,0,0,,0
2026-09-23,avellino,partenio,f75716ec-aaf6-49b8-983c-158de1c76803,J&J's,0,3,0,0,,0
2026-09-24,avellino,partenio,f75716ec-aaf6-49b8-983c-158de1c76803,J&J's,0,8,0,0,,0
2026-09-25,avellino,partenio,f75716ec-aaf6-49b8-983c-158de1c76803,J&J's,0,6,0,0,,0
2026-09-23,avellino,santa-maria-delle-grazie,ffd19969-2ab9-4389-bee3-cec0343b0116,J&J's,0,3,0,0,,0
2026-09-24,avellino,santa-maria-delle-grazie,ffd19969-2ab9-4389-bee3-cec0343b0116,J&J's,0,8,0,0,,0
2026-09-25,avellino,santa-maria-delle-grazie,ffd19969-2ab9-4389-bee3-cec0343b0116,J&J's,0,6,0,0,,0
2026-09-23,bari,bari-centrale-train-station,01fc4779-c8f0-43df-9cac-69018e8faf4a,J&J's,0,3,2,2,,2
2026-09-24,bari,bari-centrale-train-station,01fc4779-c8f0-43df-9cac-69018e8faf4a,J&J's,0,8,2,1,,2
2026-09-25,bari,bari-centrale-train-station,01fc4779-c8f0-43df-9cac-69018e8faf4a,J&J's,0,6,1,1,,1
2026-09-23,bari,bari-centrale-train-station,04dd6b18-9fce-4818-acf8-ef9f44e42a36,J&J's,0,3,72,71,,72
2026-09-24,bari,bari-centrale-train-station,04dd6b18-9fce-4818-acf8-ef9f44e42a36,J&J's,0,8,71,64,,71
2026-09-25,bari,bari-centrale-train-station,04dd6b18-9fce-4818-acf8-ef9f44e42a36,J&J's,0,6,66,64,,66
2026-09-23,bari,bari-centrale-train-station,062ce3f0-f6e8-4983-a69e-987e23e96f73,J&J's,12,3,3,3,25.0,3
2026-09-24,bari,bari-centrale-train-station,062ce3f0-f6e8-4983-a69e-987e23e96f73,J&J's,12,8,3,2,25.0,3
2026-09-25,bari,bari-centrale-train-station,062ce3f0-f6e8-4983-a69e-987e23e96f73,J&J's,12,6,2,1,16.7,2
2026-09-23,bari,giovinazzo,0694a786-5ba3-4c12-a03d-d5ea4a6ff9d5,J&J's,0,3,1,1,,1
2026-09-24,bari,giovinazzo,0694a786-5ba3-4c12-a03d-d5ea4a6ff9d5,J&J's,0,8,1,1,,1
2026-09-25,bari,giovinazzo,0694a786-5ba3-4c12-a03d-d5ea4a6ff9d5,J&J's,0,6,1,1,,1
2026-09-23,bari,san-giacomo---settefrati,09878c88-a988-4898-beda-4778eab5dd3c,J&J's,0,3,0,0,,0
2026-09-24,bari,san-giacomo---settefrati,09878c88-a988-4898-beda-4778eab5dd3c,J&J's,0,8,0,0,,0
2026-09-25,bari,san-giacomo---settefrati,09878c88-a988-4898-beda-4778eab5dd3c,J&J's,0,6,0,0,,0
2026-09-23,bari,alberobello,0f027c69-8ff3-4c58-9479-1ab954b85264,J&J's,100,3,1,1,1.0,1
2026-09-24,bari,alberobello,0f027c69-8ff3-4c58-9479-1ab954b85264,J&J's,100,8,1,1,1.0,1
2026-09-25,bari,alberobello,0f027c69-8ff3-4c58-9479-1ab954b85264,J&J's,100,6,1,1,1.0,1
2026-09-23,bari,madonnella,10707e74-79ee-4269-844e-23459a3e1126,J&J's,100,3,1,1,1.0,1
2026-09-24,bari,madonnella,10707e74-79ee-4269-844e-23459a3e1126,J&J's,100,8,1,1,1.0,1
2026-09-25,bari,madonnella,10707e74-79ee-4269-844e-23459a3e1126,J&J's,100,6,0,0,0.0,0
2026-09-23,bari,poggiofranco,121c82eb-cbe0-4cc3-bab4-cb27f9b78b53,J&J's,0,3,0,0,,0
2026-09-24,bari,poggiofranco,121c82eb-cbe0-4cc3-bab4-cb27f9b78b53,J&J's,0,8,0,0,,0
2026-09-25,bari,poggiofranco,121c82eb-cbe0-4cc3-bab4-cb27f9b78b53,J&J's,0,6,0,0,,0
2026-09-23,bari,villaggio-belgiovine,137419ba-ba6e-4d3b-a382-3c68734eba1d,J&J's,0,3,0,0,,0
2026-09-24,bari,villaggio-belgiovine,137419ba-ba6e-4d3b-a382-3c68734eba1d,J&J's,0,8,0,0,,0
2026-09-25,bari,villaggio-belgiovine,137419ba-ba6e-4d3b-a382-3c68734eba1d,J&J's,0,6,0,0,,0
2026-09-23,bari,villaggio-belgiovine,227806d7-e478-4624-9501-b7884b9475e6,J&J's,0,3,0,0,,0
2026-09-24,bari,villaggio-belgiovine,227806d7-e478-4624-9501-b7884b9475e6,J&J's,0,8,0,0,,0
2026-09-25,bari,villaggio-belgiovine,227806d7-e478-4624-9501-b7884b9475e6,J&J's,0,6,0,0,,0
2026-09-23,bari,bari-centrale-train-station,293c368e-c27a-4665-afaa-07e255db5fbd,J&J's,0,3,1,1,,1
2026-09-24,bari,bari-centrale-train-station,293c368e-c27a-4665-afaa-07e255db5fbd,J&J's,0,8,2,2,,2
2026-09-25,bari,bari-centrale-train-station,293c368e-c27a-4665-afaa-07e255db5fbd,J&J's,0,6,2,2,,2
2026-09-23,bari,bitonto,2d21ccb0-ad50-402d-b581-06ff903982cc,J&J's,0,3,0,0,,0
2026-09-24,bari,bitonto,2d21ccb0-ad50-402d-b581-06ff903982cc,J&J's,0,8,0,0,,0
2026-09-25,bari,bitonto,2d21ccb0-ad50-402d-b581-06ff903982cc,J&J's,0,6,0,0,,0
2026-09-23,bari,castellana-grotte,350c9b13-1c52-4d4d-b4e1-19218d6883e9,J&J's,0,3,0,0,,0
2026-09-24,bari,castellana-grotte,350c9b13-1c52-4d4d-b4e1-19218d6883e9,J&J's,0,8,0,0,,0
2026-09-25,bari,castellana-grotte,350c9b13-1c52-4d4d-b4e1-19218d6883e9,J&J's,0,6,0,0,,0
2026-09-23,bari,madonnella,4457a8d6-a2c0-4bb3-863c-93990bc589fa,J&J's,0,3,0,0,,0
2026-09-24,bari,madonnella,4457a8d6-a2c0-4bb3-863c-93990bc589fa,J&J's,0,8,0,0,,0
2026-09-25,bari,madonnella,4457a8d6-a2c0-4bb3-863c-93990bc589fa,J&J's,0,6,0,0,,0
2026-09-23,bari,libertà,49cec1b9-7dad-4a22-b4be-29930f05d0a4,J&J's,0,3,1,1,,1
2026-09-24,bari,libertà,49cec1b9-7dad-4a22-b4be-29930f05d0a4,J&J's,0,8,1,1,,1
2026-09-25,bari,libertà,49cec1b9-7dad-4a22-b4be-29930f05d0a4,J&J's,0,6,1,1,,1
2026-09-23,bari,terlizzi,4a593b81-9938-428b-90f9-d1a501a13fbe,J&J's,0,3,0,0,,0
2026-09-24,bari,terlizzi,4a593b81-9938-428b-90f9-d1a501a13fbe,J&J's,0,8,0,0,,0
2026-09-25,bari,terlizzi,4a593b81-9938-428b-90f9-d1a501a13fbe,J&J's,0,6,0,0,,0
2026-09-23,bari,bari-centrale-train-station,4b33e11c-e043-4000-bf8d-35de8019f075,J&J's,0,3,13,12,,13
2026-09-24,bari,bari-centrale-train-station,4b33e11c-e043-4000-bf8d-35de8019f075,J&J's,0,8,12,12,,12
2026-09-25,bari,bari-centrale-train-station,4b33e11c-e043-4000-bf8d-35de8019f075,J&J's,0,6,12,12,,12
2026-09-23,bari,centro,541804ce-422e-4124-859f-b0c2dac91218,J&J's,0,3,0,0,,0
2026-09-24,bari,centro,541804ce-422e-4124-859f-b0c2dac91218,J&J's,0,8,0,0,,0
2026-09-25,bari,centro,541804ce-422e-4124-859f-b0c2dac91218,J&J's,0,6,0,0,,0
2026-09-23,bari,basilica-san-nicola,55eb08f4-f43f-47c1-869f-bfb1d46636d9,J&J's,0,3,7,7,,7
2026-09-24,bari,basilica-san-nicola,55eb08f4-f43f-47c1-869f-bfb1d46636d9,J&J's,0,8,8,8,,8
2026-09-25,bari,basilica-san-nicola,55eb08f4-f43f-47c1-869f-bfb1d46636d9,J&J's,0,6,8,6,,8
2026-09-23,bari,gioia-del-colle,57c230f8-1f62-4643-9297-bbc23a5e2ab7,J&J's,0,3,0,0,,0
2026-09-24,bari,gioia-del-colle,57c230f8-1f62-4643-9297-bbc23a5e2ab7,J&J's,0,8,0,0,,0
2026-09-25,bari,gioia-del-colle,57c230f8-1f62-4643-9297-bbc23a5e2ab7,J&J's,0,6,0,0,,0
2026-09-23,bari,bari-centrale-train-station,585695c6-c11a-45ab-b95c-6eaac67c9f38,J&J's,0,3,0,0,,0
2026-09-24,bari,bari-centrale-train-station,585695c6-c11a-45ab-b95c-6eaac67c9f38,J&J's,0,8,0,0,,0
2026-09-25,bari,bari-centrale-train-station,585695c6-c11a-45ab-b95c-6eaac67c9f38,J&J's,0,6,0,0,,0
2026-09-23,bari,quartiere-umbertino,58fc9676-c842-4981-baaf-c15786eafa10,J&J's,0,3,0,0,,0
2026-09-24,bari,quartiere-umbertino,58fc9676-c842-4981-baaf-c15786eafa10,J&J's,0,8,0,0,,0
2026-09-25,bari,quartiere-umbertino,58fc9676-c842-4981-baaf-c15786eafa10,J&J's,0,6,1,1,,1
2026-09-23,bari,quartiere-umbertino,608aa676-3750-4597-801e-107b4b306922,J&J's,100,3,0,0,0.0,0
2026-09-24,bari,quartiere-umbertino,608aa676-3750-4597-801e-107b4b306922,J&J's,100,8,0,0,0.0,0
2026-09-25,bari,quartiere-umbertino,608aa676-3750-4597-801e-107b4b306922,J&J's,100,6,0,0,0.0,0
2026-09-23,bari,bari-centrale-train-station,6155d451-1d43-444c-b7f6-894747555c7c,J&J's,0,3,7,7,,7
2026-09-24,bari,bari-centrale-train-station,6155d451-1d43-444c-b7f6-894747555c7c,J&J's,0,8,9,9,,9
2026-09-25,bari,bari-centrale-train-station,6155d451-1d43-444c-b7f6-894747555c7c,J&J's,0,6,9,8,,9
2026-09-23,bari,city-center,61b7de3a-07d0-4c5c-80aa-0faf4495731d,J&J's,50,3,1,1,2.0,1
2026-09-24,bari,city-center,61b7de3a-07d0-4c5c-80aa-0faf4495731d,J&J's,50,8,1,1,2.0,1
2026-09-25,bari,city-center,61b7de3a-07d0-4c5c-80aa-0faf4495731d,J&J's,50,6,2,2,4.0,2
2026-09-23,bari,bari-centrale-train-station,683c4793-1efa-4260-98ec-892b12af6b61,J&J's,100,3,3,3,3.0,3
2026-09-24,bari,bari-centrale-train-station,683c4793-1efa-4260-98ec-892b12af6b61,J&J's,100,8,3,2,3.0,3
2026-09-25,bari,bari-centrale-train-station,683c4793-1efa-4260-98ec-892b12af6b61,J&J's,100,6,2,2,2.0,2
2026-09-23,bari,libertà,684569d6-de0a-4692-99ab-6794c36f8554,J&J's,0,3,0,0,,0
2026-09-24,bari,libertà,684569d6-de0a-4692-99ab-6794c36f8554,J&J's,0,8,0,0,,0
2026-09-25,bari,libertà,684569d6-de0a-4692-99ab-6794c36f8554,J&J's,0,6,1,1,,1
2026-09-23,bari,alessandriello,698c82ac-2c35-414d-877e-240e836960c4,J&J's,0,3,0,0,,0
2026-09-24,bari,alessandriello,698c82ac-2c35-414d-877e-240e836960c4,J&J's,0,8,0,0,,0
2026-09-25,bari,alessandriello,698c82ac-2c35-414d-877e-240e836960c4,J&J's,0,6,0,0,,0
2026-09-23,bari,city-center,69bde2ee-cf90-4927-8e76-811729e707b7,J&J's,100,3,2,2,2.0,2
2026-09-24,bari,city-center,69bde2ee-cf90-4927-8e76-811729e707b7,J&J's,100,8,2,2,2.0,2
2026-09-25,bari,city-center,69bde2ee-cf90-4927-8e76-811729e707b7,J&J's,100,6,1,1,1.0,1
2026-09-23,bari,bitonto,70958eb5-f97a-4970-96e7-f4a9b65ce972,J&J's,0,3,0,0,,0
2026-09-24,bari,bitonto,70958eb5-f97a-4970-96e7-f4a9b65ce972,J&J's,0,8,0,0,,0
2026-09-25,bari,bitonto,70958eb5-f97a-4970-96e7-f4a9b65ce972,J&J's,0,6,0,0,,0
2026-09-23,bari,borgovilla,71d5578d-589d-4f9f-993e-e3134bfa3435,J&J's,0,3,0,0,,0
2026-09-24,bari,borgovilla,71d5578d-589d-4f9f-993e-e3134bfa3435,J&J's,0,8,0,0,,0
2026-09-25,bari,borgovilla,71d5578d-589d-4f9f-993e-e3134bfa3435,J&J's,0,6,0,0,,0
2026-09-23,bari,municipio-2,7a997ba3-33b0-40e8-85c7-3b392ed0256e,J&J's,0,3,0,0,,0
2026-09-24,bari,municipio-2,7a997ba3-33b0-40e8-85c7-3b392ed0256e,J&J's,0,8,0,0,,0
2026-09-25,bari,municipio-2,7a997ba3-33b0-40e8-85c7-3b392ed0256e,J&J's,0,6,0,0,,0
2026-09-23,bari,bari-vecchia,7d0794dd-6d09-4269-9d6d-1d60bbf42b06,J&J's,0,3,2,2,,2
2026-09-24,bari,bari-vecchia,7d0794dd-6d09-4269-9d6d-1d60bbf42b06,J&J's,0,8,2,2,,2
2026-09-25,bari,bari-vecchia,7d0794dd-6d09-4269-9d6d-1d60bbf42b06,J&J's,0,6,2,2,,2
2026-09-23,bari,san-valentino,85f6a483-0cb7-437d-8dab-f3f72d9d1fde,J&J's,0,3,0,0,,0
2026-09-24,bari,san-valentino,85f6a483-0cb7-437d-8dab-f3f72d9d1fde,J&J's,0,8,0,0,,0
2026-09-25,bari,san-valentino,85f6a483-0cb7-437d-8dab-f3f72d9d1fde,J&J's,0,6,0,0,,0
2026-09-23,bari,marconi,8a160250-ffe7-4cd5-985a-a4f1279c5bb5,J&J's,0,3,0,0,,0
2026-09-24,bari,marconi,8a160250-ffe7-4cd5-985a-a4f1279c5bb5,J&J's,0,8,0,0,,0
2026-09-25,bari,marconi,8a160250-ffe7-4cd5-985a-a4f1279c5bb5,J&J's,0,6,0,0,,0
2026-09-23,bari,giovinazzo,8af200d4-9f9f-404a-bcdf-e51f3ab3526d,J&J's,15,3,1,1,6.7,1
2026-09-24,bari,giovinazzo,8af200d4-9f9f-404a-bcdf-e51f3ab3526d,J&J's,15,8,1,1,6.7,1
2026-09-25,bari,giovinazzo,8af200d4-9f9f-404a-bcdf-e51f3ab3526d,J&J's,15,6,1,0,6.7,1
2026-09-23,bari,marconi,8f86b2b6-ca1c-4a4f-ad6e-56ef804157f9,J&J's,0,3,0,0,,0
2026-09-24,bari,marconi,8f86b2b6-ca1c-4a4f-ad6e-56ef804157f9,J&J's,0,8,0,0,,0
2026-09-25,bari,marconi,8f86b2b6-ca1c-4a4f-ad6e-56ef804157f9,J&J's,0,6,0,0,,0
2026-09-23,bari,bari-centrale-train-station,9014b510-2390-43da-8d4f-75befd7c52ee,J&J's,0,3,0,0,,0
2026-09-24,bari,bari-centrale-train-station,9014b510-2390-43da-8d4f-75befd7c52ee,J&J's,0,8,0,0,,0
2026-09-25,bari,bari-centrale-train-station,9014b510-2390-43da-8d4f-75befd7c52ee,J&J's,0,6,0,0,,0
2026-09-23,bari,patalini,91e50dcc-d46b-4357-85cc-5a2f66b594b3,J&J's,50,3,0,0,0.0,0
2026-09-24,bari,patalini,91e50dcc-d46b-4357-85cc-5a2f66b594b3,J&J's,50,8,0,0,0.0,0
2026-09-25,bari,patalini,91e50dcc-d46b-4357-85cc-5a2f66b594b3,J&J's,50,6,0,0,0.0,0
2026-09-23,bari,city-center,95a29a54-c960-4293-9af5-07a39530f868,J&J's,30,3,30,30,100.0,30
2026-09-24,bari,city-center,95a29a54-c960-4293-9af5-07a39530f868,J&J's,30,8,30,28,100.0,31
2026-09-25,bari,city-center,95a29a54-c960-4293-9af5-07a39530f868,J&J's,30,6,27,27,90.0,27
2026-09-23,bari,castellana-grotte,9e083915-dbd7-476e-818f-586f3da2c826,J&J's,0,3,1,1,,1
2026-09-24,bari,castellana-grotte,9e083915-dbd7-476e-818f-586f3da2c826,J&J's,0,8,1,1,,1
2026-09-25,bari,castellana-grotte,9e083915-dbd7-476e-818f-586f3da2c826,J&J's,0,6,1,1,,1
2026-09-23,bari,modugno,a557b269-404b-4a62-96cd-85bb76872bd7,J&J's,0,3,0,0,,0
2026-09-24,bari,modugno,a557b269-404b-4a62-96cd-85bb76872bd7,J&J's,0,8,0,0,,0
2026-09-25,bari,modugno,a557b269-404b-4a62-96cd-85bb76872bd7,J&J's,0,6,0,0,,0
2026-09-23,bari,zona-167,a63cb53d-7bb7-40f2-8d49-f44691f05f83,J&J's,0,3,0,0,,0
2026-09-24,bari,zona-167,a63cb53d-7bb7-40f2-8d49-f44691f05f83,J&J's,0,8,0,0,,0
2026-09-25,bari,zona-167,a63cb53d-7bb7-40f2-8d49-f44691f05f83,J&J's,0,6,0,0,,0
2026-09-23,bari,bari-centrale-train-station,ab43f96c-8da4-467a-9c6e-5145c3522807,J&J's,100,3,2,2,2.0,2
2026-09-24,bari,bari-centrale-train-station,ab43f96c-8da4-467a-9c6e-5145c3522807,J&J's,100,8,2,2,2.0,2
2026-09-25,bari,bari-centrale-train-station,ab43f96c-8da4-467a-9c6e-5145c3522807,J&J's,100,6,2,2,2.0,2
2026-09-23,bari,bari-centrale-train-station,aee95cba-2135-4db1-9c96-c4cbb1d3a90a,J&J's,0,3,5,5,,5
2026-09-24,bari,bari-centrale-train-station,aee95cba-2135-4db1-9c96-c4cbb1d3a90a,J&J's,0,8,5,5,,5
2026-09-25,bari,bari-centrale-train-station,aee95cba-2135-4db1-9c96-c4cbb1d3a90a,J&J's,0,6,6,6,,6
2026-09-23,bari,basilica-san-nicola,b1c7a2b3-2363-4900-b664-cf9b4a3ec705,J&J's,50,3,40,40,80.0,40
2026-09-24,bari,basilica-san-nicola,b1c7a2b3-2363-4900-b664-cf9b4a3ec705,J&J's,50,8,40,40,80.0,40
2026-09-25,bari,basilica-san-nicola,b1c7a2b3-2363-4900-b664-cf9b4a3ec705,J&J's,50,6,40,36,80.0,40
2026-09-23,bari,madonnella,b1c9841e-1572-4789-9283-b7d92ab7fd61,J&J's,0,3,0,0,,0
2026-09-24,bari,madonnella,b1c9841e-1572-4789-9283-b7d92ab7fd61,J&J's,0,8,0,0,,0
2026-09-25,bari,madonnella,b1c9841e-1572-4789-9283-b7d92ab7fd61,J&J's,0,6,0,0,,0
2026-09-23,bari,bari-centrale-train-station,b639a7d5-8302-4539-85d7-c37df3ade5f5,J&J's,10,3,1,1,10.0,1
2026-09-24,bari,bari-centrale-train-station,b639a7d5-8302-4539-85d7-c37df3ade5f5,J&J's,10,8,1,0,10.0,1
2026-09-25,bari,bari-centrale-train-station,b639a7d5-8302-4539-85d7-c37df3ade5f5,J&J's,10,6,0,0,0.0,0
2026-09-23,bari,modugno,b82c9d0b-4cf7-4d37-a5c9-c96f5623565a,J&J's,0,3,0,0,,0
2026-09-24,bari,modugno,b82c9d0b-4cf7-4d37-a5c9-c96f5623565a,J&J's,0,8,0,0,,0
2026-09-25,bari,modugno,b82c9d0b-4cf7-4d37-a5c9-c96f5623565a,J&J's,0,6,0,0,,0
2026-09-23,bari,municipio-5,b8c17d4a-d68f-48a5-9089-4d97d48944b3,J&J's,0,3,0,0,,0
2026-09-24,bari,municipio-5,b8c17d4a-d68f-48a5-9089-4d97d48944b3,J&J's,0,8,0,0,,0
2026-09-25,bari,municipio-5,b8c17d4a-d68f-48a5-9089-4d97d48944b3,J&J's,0,6,0,0,,0
2026-09-23,bari,bitonto,b8dc4168-65c7-418b-b9f9-f3ae5c4ead56,J&J's,0,3,0,0,,0
2026-09-24,bari,bitonto,b8dc4168-65c7-418b-b9f9-f3ae5c4ead56,J&J's,0,8,0,0,,0
2026-09-25,bari,bitonto,b8dc4168-65c7-418b-b9f9-f3ae5c4ead56,J&J's,0,6,0,0,,0
2026-09-23,bari,gioia-del-colle,bee0b5bb-f81d-44bc-9371-ac392228ebb3,J&J's,0,3,0,0,,0
2026-09-24,bari,gioia-del-colle,bee0b5bb-f81d-44bc-9371-ac392228ebb3,J&J's,0,8,0,0,,0
2026-09-25,bari,gioia-del-colle,bee0b5bb-f81d-44bc-9371-ac392228ebb3,J&J's,0,6,0,0,,0
2026-09-23,bari,bari-vecchia,bf51e2ff-f887-4d96-bff7-f478d3e275c4,J&J's,0,3,11,11,,11
2026-09-24,bari,bari-vecchia,bf51e2ff-f887-4d96-bff7-f478d3e275c4,J&J's,0,8,11,10,,11
2026-09-25,bari,bari-vecchia,bf51e2ff-f887-4d96-bff7-f478d3e275c4,J&J's,0,6,10,10,,10
2026-09-23,bari,acquaviva-delle-fonti,c5ae5b28-6ff8-4864-ad58-708d0b812214,J&J's,50,3,0,0,0.0,0
2026-09-24,bari,acquaviva-delle-fonti,c5ae5b28-6ff8-4864-ad58-708d0b812214,J&J's,50,8,0,0,0.0,0
2026-09-25,bari,acquaviva-delle-fonti,c5ae5b28-6ff8-4864-ad58-708d0b812214,J&J's,50,6,0,0,0.0,0
2026-09-23,bari,noci,cd9ae8ce-0eb3-465e-bab0-3e0210c1c798,J&J's,0,3,0,0,,0
2026-09-24,bari,noci,cd9ae8ce-0eb3-465e-bab0-3e0210c1c798,J&J's,0,8,0,0,,0
2026-09-25,bari,noci,cd9ae8ce-0eb3-465e-bab0-3e0210c1c798,J&J's,0,6,0,0,,0
2026-09-23,bari,bitonto,ce75ecc7-9e1d-4dcb-b210-87c5d36e0c02,J&J's,0,3,0,0,,0
2026-09-24,bari,bitonto,ce75ecc7-9e1d-4dcb-b210-87c5d36e0c02,J&J's,0,8,0,0,,0
2026-09-25,bari,bitonto,ce75ecc7-9e1d-4dcb-b210-87c5d36e0c02,J&J's,0,6,0,0,,0
2026-09-23,bari,city-center,cec89bb0-f2d6-43cf-afb7-6d18f7a199d4,J&J's,100,3,4,4,4.0,4
2026-09-24,bari,city-center,cec89bb0-f2d6-43cf-afb7-6d18f7a199d4,J&J's,100,8,5,5,5.0,5
2026-09-25,bari,city-center,cec89bb0-f2d6-43cf-afb7-6d18f7a199d4,J&J's,100,6,5,5,5.0,5
2026-09-23,bari,centro,cf5b84e9-9f65-4e2a-aa53-7fa4d9240409,J&J's,0,3,0,0,,0
2026-09-24,bari,centro,cf5b84e9-9f65-4e2a-aa53-7fa4d9240409,J&J's,0,8,0,0,,0
2026-09-25,bari,centro,cf5b84e9-9f65-4e2a-aa53-7fa4d9240409,J&J's,0,6,0,0,,0
2026-09-23,bari,bari-centrale-train-station,d1601e57-3585-41b4-ae9b-291f8b1fc303,J&J's,0,3,1,1,,1
2026-09-24,bari,bari-centrale-train-station,d1601e57-3585-41b4-ae9b-291f8b1fc303,J&J's,0,8,3,3,,3
2026-09-25,bari,bari-centrale-train-station,d1601e57-3585-41b4-ae9b-291f8b1fc303,J&J's,0,6,3,3,,3
2026-09-23,bari,bari-centrale-train-station,d55568ca-e799-41ad-90b7-1b4301c582d4,J&J's,100,3,36,36,36.0,36
2026-09-24,bari,bari-centrale-train-station,d55568ca-e799-41ad-90b7-1b4301c582d4,J&J's,100,8,40,40,40.0,40
2026-09-25,bari,bari-centrale-train-station,d55568ca-e799-41ad-90b7-1b4301c582d4,J&J's,100,6,40,39,40.0,40
2026-09-23,bari,putignano,de95aba5-f94b-44fb-94fb-0b95885c79e3,J&J's,0,3,0,0,,0
2026-09-24,bari,putignano,de95aba5-f94b-44fb-94fb-0b95885c79e3,J&J's,0,8,0,0,,0
2026-09-25,bari,putignano,de95aba5-f94b-44fb-94fb-0b95885c79e3,J&J's,0,6,0,0,,0
2026-09-23,bari,san-valentino,e21730b2-e6ed-47d3-adc1-dde62f3b1725,J&J's,0,3,0,0,,0
2026-09-24,bari,san-valentino,e21730b2-e6ed-47d3-adc1-dde62f3b1725,J&J's,0,8,0,0,,0
2026-09-25,bari,san-valentino,e21730b2-e6ed-47d3-adc1-dde62f3b1725,J&J's,0,6,0,0,,0
2026-09-23,bari,bitonto,e3777897-ee72-4c39-b9c1-57b230043a9f,J&J's,0,3,0,0,,0
2026-09-24,bari,bitonto,e3777897-ee72-4c39-b9c1-57b230043a9f,J&J's,0,8,0,0,,0
2026-09-25,bari,bitonto,e3777897-ee72-4c39-b9c1-57b230043a9f,J&J's,0,6,0,0,,0
2026-09-23,bari,san-paolo,e74a61e2-b0fb-4bdb-89d3-6fde5c3b6a4d,J&J's,0,3,0,0,,0
2026-09-24,bari,san-paolo,e74a61e2-b0fb-4bdb-89d3-6fde5c3b6a4d,J&J's,0,8,0,0,,0
2026-09-25,bari,san-paolo,e74a61e2-b0fb-4bdb-89d3-6fde5c3b6a4d,J&J's,0,6,0,0,,0
2026-09-23,bari,madonnella,e852c797-673a-4f7a-a583-bd9955670c25,J&J's,0,3,0,0,,0
2026-09-24,bari,madonnella,e852c797-673a-4f7a-a583-bd9955670c25,J&J's,0,8,0,0,,0
2026-09-25,bari,madonnella,e852c797-673a-4f7a-a583-bd9955670c25,J&J's,0,6,0,0,,0
2026-09-23,bari,bari-centrale-train-station,ea2c3a80-9af2-4f73-81cd-2e2d317bbfd2,J&J's,0,3,1,1,,1
2026-09-24,bari,bari-centrale-train-station,ea2c3a80-9af2-4f73-81cd-2e2d317bbfd2,J&J's,0,8,1,1,,1
2026-09-25,bari,bari-centrale-train-station,ea2c3a80-9af2-4f73-81cd-2e2d317bbfd2,J&J's,0,6,1,1,,1
2026-09-23,bari,san-valentino,ece68904-ab3a-4b65-8ba2-c482147607dc,J&J's,0,3,0,0,,0
2026-09-24,bari,san-valentino,ece68904-ab3a-4b65-8ba2-c482147607dc,J&J's,0,8,0,0,,0
2026-09-25,bari,san-valentino,ece68904-ab3a-4b65-8ba2-c482147607dc,J&J's,0,6,0,0,,0
2026-09-23,bari,centro,fd2bf8cf-0003-47be-8ff7-43a7b86e422f,J&J's,0,3,1,1,,1
2026-09-24,bari,centro,fd2bf8cf-0003-47be-8ff7-43a7b86e422f,J&J's,0,8,1,1,,1
2026-09-25,bari,centro,fd2bf8cf-0003-47be-8ff7-43a7b86e422f,J&J's,0,6,1,1,,1
2026-09-23,belluno,lambioi,082696ef-f514-4766-a290-2c09160dc9a6,J&J's,0,3,1,1,,1
2026-09-24,belluno,lambioi,082696ef-f514-4766-a290-2c09160dc9a6,J&J's,0,8,1,1,,1
2026-09-25,belluno,lambioi,082696ef-f514-4766-a290-2c09160dc9a6,J&J's,0,6,1,1,,1
2026-09-23,belluno,pirago,0e5aefbb-bd0e-4742-b383-dac117b0c3cd,J&J's,0,3,0,0,,0
2026-09-24,belluno,pirago,0e5aefbb-bd0e-4742-b383-dac117b0c3cd,J&J's,0,8,0,0,,0
2026-09-25,belluno,pirago,0e5aefbb-bd0e-4742-b383-dac117b0c3cd,J&J's,0,6,0,0,,0
2026-09-23,belluno,puos-d'alpago,26393260-1b09-41fb-9547-d04fe2e0cad3,J&J's,0,3,0,0,,0
2026-09-24,belluno,puos-d'alpago,26393260-1b09-41fb-9547-d04fe2e0cad3,J&J's,0,8,0,0,,0
2026-09-25,belluno,puos-d'alpago,26393260-1b09-41fb-9547-d04fe2e0cad3,J&J's,0,6,0,0,,0
2026-09-23,belluno,ponte-nelle-alpi,7fa35e40-e612-4015-9b75-c69f34ff61b7,J&J's,0,3,0,0,,0
2026-09-24,belluno,ponte-nelle-alpi,7fa35e40-e612-4015-9b75-c69f34ff61b7,J&J's,0,8,0,0,,0
2026-09-25,belluno,ponte-nelle-alpi,7fa35e40-e612-4015-9b75-c69f34ff61b7,J&J's,0,6,0,0,,0
2026-09-23,belluno,borgo-prà,a91fc57a-d081-41a3-ad87-c49888eca16c,J&J's,0,3,0,0,,0
2026-09-24,belluno,borgo-prà,a91fc57a-d081-41a3-ad87-c49888eca16c,J&J's,0,8,0,0,,0
2026-09-25,belluno,borgo-prà,a91fc57a-d081-41a3-ad87-c49888eca16c,J&J's,0,6,0,0,,0
2026-09-23,belluno,lambioi,c1c599d9-2bc3-4c53-9def-f449f63416e9,J&J's,0,3,1,1,,1
2026-09-24,belluno,lambioi,c1c599d9-2bc3-4c53-9def-f449f63416e9,J&J's,0,8,1,1,,1
2026-09-25,belluno,lambioi,c1c599d9-2bc3-4c53-9def-f449f63416e9,J&J's,0,6,1,0,,1
2026-09-23,benevento,dogana,0a49d457-8d88-449e-bf0b-be5775688ac9,J&J's,0,3,0,0,,0
2026-09-24,benevento,dogana,0a49d457-8d88-449e-bf0b-be5775688ac9,J&J's,0,8,0,0,,0
2026-09-25,benevento,dogana,0a49d457-8d88-449e-bf0b-be5775688ac9,J&J's,0,6,0,0,,0
2026-09-23,benevento,pacevecchia,0b87a1ca-cf94-4370-81dd-37b2054eb2a5,J&J's,0,3,0,0,,0
2026-09-24,benevento,pacevecchia,0b87a1ca-cf94-4370-81dd-37b2054eb2a5,J&J's,0,8,0,0,,0
2026-09-25,benevento,pacevecchia,0b87a1ca-cf94-4370-81dd-37b2054eb2a5,J&J's,0,6,0,0,,0
2026-09-23,benevento,annunziata,53634604-137f-4a6d-bae4-92ae41e68c7a,J&J's,0,3,0,0,,0
2026-09-24,benevento,annunziata,53634604-137f-4a6d-bae4-92ae41e68c7a,J&J's,0,8,0,0,,0
2026-09-25,benevento,annunziata,53634604-137f-4a6d-bae4-92ae41e68c7a,J&J's,0,6,0,0,,0
2026-09-23,benevento,ferrovia,7e1b9c27-6cc1-46f8-a534-741b1847a3c2,J&J's,0,3,0,0,,0
2026-09-24,benevento,ferrovia,7e1b9c27-6cc1-46f8-a534-741b1847a3c2,J&J's,0,8,0,0,,0
2026-09-25,benevento,ferrovia,7e1b9c27-6cc1-46f8-a534-741b1847a3c2,J&J's,0,6,0,0,,0
2026-09-23,benevento,ferrovia,dd602941-1434-473d-afb2-9e1ce89e351c,J&J's,0,3,0,0,,0
2026-09-24,benevento,ferrovia,dd602941-1434-473d-afb2-9e1ce89e351c,J&J's,0,8,0,0,,0
2026-09-25,benevento,ferrovia,dd602941-1434-473d-afb2-9e1ce89e351c,J&J's,0,6,0,0,,0
2026-09-23,bergamo,medolago,00d0de34-e146-4fd8-8009-93020127ee90,J&J's,0,3,0,0,,0
2026-09-24,bergamo,medolago,00d0de34-e146-4fd8-8009-93020127ee90,J&J's,0,8,0,0,,0
2026-09-25,bergamo,medolago,00d0de34-e146-4fd8-8009-93020127ee90,J&J's,0,6,0,0,,0
2026-09-23,bergamo,vello,084fa3cc-a377-4412-86c7-e0bbaa28dfec,J&J's,0,3,0,0,,0
2026-09-24,bergamo,vello,084fa3cc-a377-4412-86c7-e0bbaa28dfec,J&J's,0,8,0,0,,0
2026-09-25,bergamo,vello,084fa3cc-a377-4412-86c7-e0bbaa28dfec,J&J's,0,6,0,0,,0
2026-09-23,bergamo,pagnano,0c93580a-6e49-4c94-9216-e5b251691374,J&J's,0,3,0,0,,0
2026-09-24,bergamo,pagnano,0c93580a-6e49-4c94-9216-e5b251691374,J&J's,0,8,0,0,,0
2026-09-25,bergamo,pagnano,0c93580a-6e49-4c94-9216-e5b251691374,J&J's,0,6,0,0,,0
2026-09-23,bergamo,citta-alta,0f7ec77e-322c-4377-a117-4834feb0d6d7,J&J's,0,3,6,6,,6
2026-09-24,bergamo,citta-alta,0f7ec77e-322c-4377-a117-4834feb0d6d7,J&J's,0,8,6,4,,6
2026-09-25,bergamo,citta-alta,0f7ec77e-322c-4377-a117-4834feb0d6d7,J&J's,0,6,4,3,,4
2026-09-23,bergamo,piano,15e1ad27-30a0-47f7-bb5d-aa4de13f84c1,J&J's,0,3,0,0,,0
2026-09-24,bergamo,piano,15e1ad27-30a0-47f7-bb5d-aa4de13f84c1,J&J's,0,8,0,0,,0
2026-09-25,bergamo,piano,15e1ad27-30a0-47f7-bb5d-aa4de13f84c1,J&J's,0,6,0,0,,0
2026-09-23,bergamo,trezzo-sull'adda,21744289-09b0-4d1d-94fa-3a579769f832,J&J's,0,3,0,0,,0
2026-09-24,bergamo,trezzo-sull'adda,21744289-09b0-4d1d-94fa-3a579769f832,J&J's,0,8,0,0,,0
2026-09-25,bergamo,trezzo-sull'adda,21744289-09b0-4d1d-94fa-3a579769f832,J&J's,0,6,0,0,,0
2026-09-23,bergamo,cep,27ec7c1a-f6e8-4300-a286-88adf410a657,J&J's,0,3,0,0,,0
2026-09-24,bergamo,cep,27ec7c1a-f6e8-4300-a286-88adf410a657,J&J's,0,8,0,0,,0
2026-09-25,bergamo,cep,27ec7c1a-f6e8-4300-a286-88adf410a657,J&J's,0,6,0,0,,0
2026-09-23,bergamo,concesa,3064ac63-7cef-4b32-9735-5961d09e7f8a,J&J's,0,3,0,0,,0
2026-09-24,bergamo,concesa,3064ac63-7cef-4b32-9735-5961d09e7f8a,J&J's,0,8,0,0,,0
2026-09-25,bergamo,concesa,3064ac63-7cef-4b32-9735-5961d09e7f8a,J&J's,0,6,0,0,,0
2026-09-23,bergamo,san-tomaso-de'-calvi,315dc965-dcbb-4a8d-8135-8a4f9390fac6,J&J's,0,3,0,0,,0
2026-09-24,bergamo,san-tomaso-de'-calvi,315dc965-dcbb-4a8d-8135-8a4f9390fac6,J&J's,0,8,0,0,,0
2026-09-25,bergamo,san-tomaso-de'-calvi,315dc965-dcbb-4a8d-8135-8a4f9390fac6,J&J's,0,6,0,0,,0
2026-09-23,bergamo,lallio,35a9bf1d-f184-4d1e-88c0-e1601e2dc804,J&J's,0,3,0,0,,0
2026-09-24,bergamo,lallio,35a9bf1d-f184-4d1e-88c0-e1601e2dc804,J&J's,0,8,0,0,,0
2026-09-25,bergamo,lallio,35a9bf1d-f184-4d1e-88c0-e1601e2dc804,J&J's,0,6,0,0,,0
2026-09-23,bergamo,bergamo-train-station,39968c90-0758-4035-96cc-c1a408b65f20,J&J's,100,3,8,8,8.0,8
2026-09-24,bergamo,bergamo-train-station,39968c90-0758-4035-96cc-c1a408b65f20,J&J's,100,8,9,9,9.0,9
2026-09-25,bergamo,bergamo-train-station,39968c90-0758-4035-96cc-c1a408b65f20,J&J's,100,6,10,10,10.0,10
2026-09-23,bergamo,clusone,4aed42ea-7ab1-486e-aff7-0093f3f44183,J&J's,0,3,0,0,,0
2026-09-24,bergamo,clusone,4aed42ea-7ab1-486e-aff7-0093f3f44183,J&J's,0,8,0,0,,0
2026-09-25,bergamo,clusone,4aed42ea-7ab1-486e-aff7-0093f3f44183,J&J's,0,6,0,0,,0
2026-09-23,bergamo,orio-al-serio,4b13952e-96e5-4f88-b467-84ac93681645,J&J's,35,3,58,58,165.7,59
2026-09-24,bergamo,orio-al-serio,4b13952e-96e5-4f88-b467-84ac93681645,J&J's,35,8,57,51,162.9,57
2026-09-25,bergamo,orio-al-serio,4b13952e-96e5-4f88-b467-84ac93681645,J&J's,35,6,53,53,151.4,54
2026-09-23,bergamo,brusaporto,4d0a251d-ff9a-4e4c-9703-1e9fbc3b3aac,J&J's,0,3,0,0,,0
2026-09-24,bergamo,brusaporto,4d0a251d-ff9a-4e4c-9703-1e9fbc3b3aac,J&J's,0,8,0,0,,0
2026-09-25,bergamo,brusaporto,4d0a251d-ff9a-4e4c-9703-1e9fbc3b3aac,J&J's,0,6,0,0,,0
2026-09-23,bergamo,piano,4e1cbe74-f168-4382-aa7f-943fb2607b19,J&J's,0,3,0,0,,0
2026-09-24,bergamo,piano,4e1cbe74-f168-4382-aa7f-943fb2607b19,J&J's,0,8,0,0,,0
2026-09-25,bergamo,piano,4e1cbe74-f168-4382-aa7f-943fb2607b19,J&J's,0,6,0,0,,0
2026-09-23,bergamo,orio-al-serio,4e61deec-ecd5-44b7-abf7-67a38327796b,J&J's,0,3,0,0,,0
2026-09-24,bergamo,orio-al-serio,4e61deec-ecd5-44b7-abf7-67a38327796b,J&J's,0,8,0,0,,0
2026-09-25,bergamo,orio-al-serio,4e61deec-ecd5-44b7-abf7-67a38327796b,J&J's,0,6,0,0,,0
2026-09-23,bergamo,gandellino,50ee4514-2fe8-457d-8396-1ec1fa46b5ca,J&J's,0,3,0,0,,0
2026-09-24,bergamo,gandellino,50ee4514-2fe8-457d-8396-1ec1fa46b5ca,J&J's,0,8,0,0,,0
2026-09-25,bergamo,gandellino,50ee4514-2fe8-457d-8396-1ec1fa46b5ca,J&J's,0,6,0,0,,0
2026-09-23,bergamo,zone,514942cc-51ac-4cdc-8812-cccbbc0d85ed,J&J's,0,3,0,0,,0
2026-09-24,bergamo,zone,514942cc-51ac-4cdc-8812-cccbbc0d85ed,J&J's,0,8,0,0,,0
2026-09-25,bergamo,zone,514942cc-51ac-4cdc-8812-cccbbc0d85ed,J&J's,0,6,0,0,,0
2026-09-23,bergamo,bergamo-train-station,6619c0f9-e124-483e-be98-391838b11b3f,J&J's,0,3,2,2,,2
2026-09-24,bergamo,bergamo-train-station,6619c0f9-e124-483e-be98-391838b11b3f,J&J's,0,8,2,2,,2
2026-09-25,bergamo,bergamo-train-station,6619c0f9-e124-483e-be98-391838b11b3f,J&J's,0,6,2,2,,2
2026-09-23,bergamo,villanova,68c88027-fb8f-4c42-99cf-c361bdbbcd2d,J&J's,0,3,0,0,,0
2026-09-24,bergamo,villanova,68c88027-fb8f-4c42-99cf-c361bdbbcd2d,J&J's,0,8,0,0,,0
2026-09-25,bergamo,villanova,68c88027-fb8f-4c42-99cf-c361bdbbcd2d,J&J's,0,6,0,0,,0
2026-09-23,bergamo,redona,6abfc063-af95-4f84-aad2-d653b1cfe3be,J&J's,0,3,0,0,,0
2026-09-24,bergamo,redona,6abfc063-af95-4f84-aad2-d653b1cfe3be,J&J's,0,8,0,0,,0
2026-09-25,bergamo,redona,6abfc063-af95-4f84-aad2-d653b1cfe3be,J&J's,0,6,0,0,,0
2026-09-23,bergamo,bergamo-train-station,6afd695c-b207-4715-80c5-2c3b17e28834,J&J's,0,3,11,11,,11
2026-09-24,bergamo,bergamo-train-station,6afd695c-b207-4715-80c5-2c3b17e28834,J&J's,0,8,11,9,,11
2026-09-25,bergamo,bergamo-train-station,6afd695c-b207-4715-80c5-2c3b17e28834,J&J's,0,6,9,8,,9
2026-09-23,bergamo,borgo-palazzo,6cbb8d61-0035-4dd3-b4f8-ae68614f04ac,J&J's,0,3,1,1,,1
2026-09-24,bergamo,borgo-palazzo,6cbb8d61-0035-4dd3-b4f8-ae68614f04ac,J&J's,0,8,1,1,,1
2026-09-25,bergamo,borgo-palazzo,6cbb8d61-0035-4dd3-b4f8-ae68614f04ac,J&J's,0,6,1,1,,1
2026-09-23,bergamo,bergamo-train-station,6f15176c-ef6b-4cce-9beb-6947b4e0722a,J&J's,15,3,43,43,286.7,43
2026-09-24,bergamo,bergamo-train-station,6f15176c-ef6b-4cce-9beb-6947b4e0722a,J&J's,15,8,43,42,286.7,43
2026-09-25,bergamo,bergamo-train-station,6f15176c-ef6b-4cce-9beb-6947b4e0722a,J&J's,15,6,42,38,280.0,42
2026-09-23,bergamo,borgo-palazzo,7125f528-cac7-4024-93a2-10bbd525a343,J&J's,0,3,0,0,,0
2026-09-24,bergamo,borgo-palazzo,7125f528-cac7-4024-93a2-10bbd525a343,J&J's,0,8,0,0,,0
2026-09-25,bergamo,borgo-palazzo,7125f528-cac7-4024-93a2-10bbd525a343,J&J's,0,6,0,0,,0
2026-09-23,bergamo,gaiano,9d2c6e78-444a-4415-8386-594b01f6ae7b,J&J's,0,3,0,0,,0
2026-09-24,bergamo,gaiano,9d2c6e78-444a-4415-8386-594b01f6ae7b,J&J's,0,8,0,0,,0
2026-09-25,bergamo,gaiano,9d2c6e78-444a-4415-8386-594b01f6ae7b,J&J's,0,6,0,0,,0
2026-09-23,bergamo,colognola,9dadb3dd-dcf6-421a-811b-c68659f31362,J&J's,0,3,0,0,,0
2026-09-24,bergamo,colognola,9dadb3dd-dcf6-421a-811b-c68659f31362,J&J's,0,8,0,0,,0
2026-09-25,bergamo,colognola,9dadb3dd-dcf6-421a-811b-c68659f31362,J&J's,0,6,0,0,,0
2026-09-23,bergamo,almenno-san-bartolomeo,9f295648-c5f8-4d03-ba76-9557ecd786da,J&J's,0,3,0,0,,0
2026-09-24,bergamo,almenno-san-bartolomeo,9f295648-c5f8-4d03-ba76-9557ecd786da,J&J's,0,8,0,0,,0
2026-09-25,bergamo,almenno-san-bartolomeo,9f295648-c5f8-4d03-ba76-9557ecd786da,J&J's,0,6,0,0,,0
2026-09-23,bergamo,ranica,a16e81b9-6779-4d37-828d-12101b65ea74,J&J's,0,3,0,0,,0
2026-09-24,bergamo,ranica,a16e81b9-6779-4d37-828d-12101b65ea74,J&J's,0,8,0,0,,0
2026-09-25,bergamo,ranica,a16e81b9-6779-4d37-828d-12101b65ea74,J&J's,0,6,0,0,,0
2026-09-23,bergamo,volpino,a391038e-c726-47e6-afab-ea170852f9d0,J&J's,10,3,0,0,0.0,0
2026-09-24,bergamo,volpino,a391038e-c726-47e6-afab-ea170852f9d0,J&J's,10,8,0,0,0.0,0
2026-09-25,bergamo,volpino,a391038e-c726-47e6-afab-ea170852f9d0,J&J's,10,6,0,0,0.0,0
2026-09-23,bergamo,levate,a5b5534e-dbb6-457f-94b9-0f618ff74526,J&J's,0,3,0,0,,0
2026-09-24,bergamo,levate,a5b5534e-dbb6-457f-94b9-0f618ff74526,J&J's,0,8,0,0,,0
2026-09-25,bergamo,levate,a5b5534e-dbb6-457f-94b9-0f618ff74526,J&J's,0,6,0,0,,0
2026-09-23,bergamo,bergamo-train-station,ac72f169-8f89-427c-bf7b-324a4113c3bd,J&J's,0,3,1,1,,1
2026-09-24,bergamo,bergamo-train-station,ac72f169-8f89-427c-bf7b-324a4113c3bd,J&J's,0,8,1,1,,1
2026-09-25,bergamo,bergamo-train-station,ac72f169-8f89-427c-bf7b-324a4113c3bd,J&J's,0,6,1,1,,1
2026-09-23,bergamo,terno-d'isola,b371a0bd-8895-4af5-afa6-154eeab98e2a,J&J's,0,3,0,0,,0
2026-09-24,bergamo,terno-d'isola,b371a0bd-8895-4af5-afa6-154eeab98e2a,J&J's,0,8,0,0,,0
2026-09-25,bergamo,terno-d'isola,b371a0bd-8895-4af5-afa6-154eeab98e2a,J&J's,0,6,0,0,,0
2026-09-23,bergamo,pontida,b618bedc-64b7-4785-9bb0-0432610ad6da,J&J's,0,3,0,0,,0
2026-09-24,bergamo,pontida,b618bedc-64b7-4785-9bb0-0432610ad6da,J&J's,0,8,0,0,,0
2026-09-25,bergamo,pontida,b618bedc-64b7-4785-9bb0-0432610ad6da,J&J's,0,6,0,0,,0
2026-09-23,bergamo,verdellino,ba7868d9-891f-49f5-b082-933ba9e4d21c,J&J's,0,3,0,0,,0
2026-09-24,bergamo,verdellino,ba7868d9-891f-49f5-b082-933ba9e4d21c,J&J's,0,8,0,0,,0
2026-09-25,bergamo,verdellino,ba7868d9-891f-49f5-b082-933ba9e4d21c,J&J's,0,6,0,0,,0
2026-09-23,bergamo,grumellina,c6ae6923-2162-402a-b808-52c01a21b3a7,J&J's,0,3,0,0,,0
2026-09-24,bergamo,grumellina,c6ae6923-2162-402a-b808-52c01a21b3a7,J&J's,0,8,0,0,,0
2026-09-25,bergamo,grumellina,c6ae6923-2162-402a-b808-52c01a21b3a7,J&J's,0,6,0,0,,0
2026-09-23,bergamo,,c7194dcc-473f-4032-b478-4c92eed38bd5,J&J's,15,3,0,0,0.0,0
2026-09-24,bergamo,,c7194dcc-473f-4032-b478-4c92eed38bd5,J&J's,15,8,0,0,0.0,0
2026-09-25,bergamo,,c7194dcc-473f-4032-b478-4c92eed38bd5,J&J's,15,6,0,0,0.0,0
2026-09-23,bergamo,finazzi,d1e661f2-f91a-4e34-a287-3586480e6710,J&J's,0,3,1,1,,1
2026-09-24,bergamo,finazzi,d1e661f2-f91a-4e34-a287-3586480e6710,J&J's,0,8,1,1,,1
2026-09-25,bergamo,finazzi,d1e661f2-f91a-4e34-a287-3586480e6710,J&J's,0,6,2,2,,2
2026-09-23,bergamo,citta-alta,d2596018-aeb5-4d0a-bdc7-2788a7a703cd,J&J's,0,3,2,2,,2
2026-09-24,bergamo,citta-alta,d2596018-aeb5-4d0a-bdc7-2788a7a703cd,J&J's,0,8,2,2,,2
2026-09-25,bergamo,citta-alta,d2596018-aeb5-4d0a-bdc7-2788a7a703cd,J&J's,0,6,2,2,,2
2026-09-23,bergamo,borgo-palazzo,d8a74193-b749-415f-af9a-0910878f0e88,J&J's,100,3,1,1,1.0,1
2026-09-24,bergamo,borgo-palazzo,d8a74193-b749-415f-af9a-0910878f0e88,J&J's,100,8,1,1,1.0,1
2026-09-25,bergamo,borgo-palazzo,d8a74193-b749-415f-af9a-0910878f0e88,J&J's,100,6,1,0,1.0,1
2026-09-23,bergamo,villa-d'adda,d8fbe467-ea5b-48b9-b415-4c6a43fe3a54,J&J's,0,3,0,0,,0
2026-09-24,bergamo,villa-d'adda,d8fbe467-ea5b-48b9-b415-4c6a43fe3a54,J&J's,0,8,0,0,,0
2026-09-25,bergamo,villa-d'adda,d8fbe467-ea5b-48b9-b415-4c6a43fe3a54,J&J's,0,6,0,0,,0
2026-09-23,bergamo,osio-sotto,db9587b6-81d8-4b00-9517-2dd59872cb44,J&J's,0,3,0,0,,0
2026-09-24,bergamo,osio-sotto,db9587b6-81d8-4b00-9517-2dd59872cb44,J&J's,0,8,0,0,,0
2026-09-25,bergamo,osio-sotto,db9587b6-81d8-4b00-9517-2dd59872cb44,J&J's,0,6,0,0,,0
2026-09-23,bergamo,bergamo-train-station,ded84450-7877-410d-aa4f-b0d1f122b70f,J&J's,0,3,37,37,,37
2026-09-24,bergamo,bergamo-train-station,ded84450-7877-410d-aa4f-b0d1f122b70f,J&J's,0,8,39,39,,39
2026-09-25,bergamo,bergamo-train-station,ded84450-7877-410d-aa4f-b0d1f122b70f,J&J's,0,6,41,41,,41
2026-09-23,bergamo,bergamo-train-station,dfc20d37-6f25-4cad-9c20-29d47899f3f8,J&J's,0,3,0,0,,0
2026-09-24,bergamo,bergamo-train-station,dfc20d37-6f25-4cad-9c20-29d47899f3f8,J&J's,0,8,0,0,,0
2026-09-25,bergamo,bergamo-train-station,dfc20d37-6f25-4cad-9c20-29d47899f3f8,J&J's,0,6,0,0,,0
2026-09-23,bergamo,comun-nuovo,e2fff68b-f643-4fe0-905d-b626687d4ae7,J&J's,0,3,0,0,,0
2026-09-24,bergamo,comun-nuovo,e2fff68b-f643-4fe0-905d-b626687d4ae7,J&J's,0,8,0,0,,0
2026-09-25,bergamo,comun-nuovo,e2fff68b-f643-4fe0-905d-b626687d4ae7,J&J's,0,6,0,0,,0
2026-09-23,bergamo,sovere,fb24b370-1596-435e-b686-d15e6b1b9ba6,J&J's,0,3,0,0,,0
2026-09-24,bergamo,sovere,fb24b370-1596-435e-b686-d15e6b1b9ba6,J&J's,0,8,0,0,,0
2026-09-25,bergamo,sovere,fb24b370-1596-435e-b686-d15e6b1b9ba6,J&J's,0,6,0,0,,0
2026-09-23,bergamo,paderno,fccfd87a-f510-4c50-a5d4-19d6a22a54f9,J&J's,0,3,0,0,,0
2026-09-24,bergamo,paderno,fccfd87a-f510-4c50-a5d4-19d6a22a54f9,J&J's,0,8,0,0,,0
2026-09-25,bergamo,paderno,fccfd87a-f510-4c50-a5d4-19d6a22a54f9,J&J's,0,6,0,0,,0
2026-09-23,bergamo,lovere,fee5469b-e1c4-4c68-a881-1bb346b8e7ec,J&J's,0,3,0,0,,0
2026-09-24,bergamo,lovere,fee5469b-e1c4-4c68-a881-1bb346b8e7ec,J&J's,0,8,0,0,,0
2026-09-25,bergamo,lovere,fee5469b-e1c4-4c68-a881-1bb346b8e7ec,J&J's,0,6,0,0,,0
2026-09-23,bologna,two-towers,012672ed-dc00-49ea-b43f-c59b24e4a3aa,J&J's,0,3,0,0,,0
2026-09-24,bologna,two-towers,012672ed-dc00-49ea-b43f-c59b24e4a3aa,J&J's,0,8,0,0,,0
2026-09-25,bologna,two-towers,012672ed-dc00-49ea-b43f-c59b24e4a3aa,J&J's,0,6,0,0,,0
2026-09-23,bologna,quadrilatero,064eabc5-8bd3-4f75-b0de-5e10251af10d,J&J's,0,3,0,0,,0
2026-09-24,bologna,quadrilatero,064eabc5-8bd3-4f75-b0de-5e10251af10d,J&J's,0,8,0,0,,0
2026-09-25,bologna,quadrilatero,064eabc5-8bd3-4f75-b0de-5e10251af10d,J&J's,0,6,0,0,,0
2026-09-23,bologna,altedo,0653cc69-85b8-4e12-a869-c0d74b0c58d4,J&J's,0,3,0,0,,0
2026-09-24,bologna,altedo,0653cc69-85b8-4e12-a869-c0d74b0c58d4,J&J's,0,8,0,0,,0
2026-09-25,bologna,altedo,0653cc69-85b8-4e12-a869-c0d74b0c58d4,J&J's,0,6,0,0,,0
2026-09-23,bologna,san-donato,06cb6ec5-1c27-4c2f-a3d3-3fb51563b354,J&J's,0,3,0,0,,0
2026-09-24,bologna,san-donato,06cb6ec5-1c27-4c2f-a3d3-3fb51563b354,J&J's,0,8,0,0,,0
2026-09-25,bologna,san-donato,06cb6ec5-1c27-4c2f-a3d3-3fb51563b354,J&J's,0,6,0,0,,0
2026-09-23,bologna,lippo,0811a8b0-26ba-4bd0-bd10-a15e6ba75778,J&J's,30,3,1,1,3.3,1
2026-09-24,bologna,lippo,0811a8b0-26ba-4bd0-bd10-a15e6ba75778,J&J's,30,8,1,1,3.3,1
2026-09-25,bologna,lippo,0811a8b0-26ba-4bd0-bd10-a15e6ba75778,J&J's,30,6,1,0,3.3,1
2026-09-23,bologna,bologna-university,0978b620-d70d-4b07-ac0c-15ea029addf8,J&J's,0,3,1,1,,1
2026-09-24,bologna,bologna-university,0978b620-d70d-4b07-ac0c-15ea029addf8,J&J's,0,8,1,1,,1
2026-09-25,bologna,bologna-university,0978b620-d70d-4b07-ac0c-15ea029addf8,J&J's,0,6,1,0,,1
2026-09-23,bologna,bologna-centrale-railway-station,0c590ad7-e660-4b11-8f3a-7923bcc814a3,J&J's,50,3,71,68,142.0,71
2026-09-24,bologna,bologna-centrale-railway-station,0c590ad7-e660-4b11-8f3a-7923bcc814a3,J&J's,50,8,68,66,136.0,68
2026-09-25,bologna,bologna-centrale-railway-station,0c590ad7-e660-4b11-8f3a-7923bcc814a3,J&J's,50,6,69,69,138.0,70
2026-09-23,bologna,bologna-centrale-railway-station,0c5fe378-4d60-45be-a6a4-f364ff86c5b4,J&J's,0,3,0,0,,0
2026-09-24,bologna,bologna-centrale-railway-station,0c5fe378-4d60-45be-a6a4-f364ff86c5b4,J&J's,0,8,0,0,,0
2026-09-25,bologna,bologna-centrale-railway-station,0c5fe378-4d60-45be-a6a4-f364ff86c5b4,J&J's,0,6,0,0,,0
2026-09-23,bologna,bologna-centrale-railway-station,0da0014b-2ce2-414e-bb46-3f6aa535a485,J&J's,0,3,13,13,,13
2026-09-24,bologna,bologna-centrale-railway-station,0da0014b-2ce2-414e-bb46-3f6aa535a485,J&J's,0,8,14,14,,15
2026-09-25,bologna,bologna-centrale-railway-station,0da0014b-2ce2-414e-bb46-3f6aa535a485,J&J's,0,6,16,16,,16
2026-09-23,bologna,bologna-centrale-railway-station,11f845db-055b-48e2-b0e4-ab1ffe330abc,J&J's,0,3,0,0,,0
2026-09-24,bologna,bologna-centrale-railway-station,11f845db-055b-48e2-b0e4-ab1ffe330abc,J&J's,0,8,0,0,,0
2026-09-25,bologna,bologna-centrale-railway-station,11f845db-055b-48e2-b0e4-ab1ffe330abc,J&J's,0,6,0,0,,0
2026-09-23,bologna,bologna-city-center,11fa1a33-b82c-4aec-bbc0-130606c706f5,J&J's,100,3,6,6,6.0,6
2026-09-24,bologna,bologna-city-center,11fa1a33-b82c-4aec-bbc0-130606c706f5,J&J's,100,8,9,9,9.0,9
2026-09-25,bologna,bologna-city-center,11fa1a33-b82c-4aec-bbc0-130606c706f5,J&J's,100,6,9,9,9.0,9
2026-09-23,bologna,altedo,13eb97f2-e4f1-4c7b-a028-f43aaddac424,J&J's,0,3,0,0,,0
2026-09-24,bologna,altedo,13eb97f2-e4f1-4c7b-a028-f43aaddac424,J&J's,0,8,0,0,,0
2026-09-25,bologna,altedo,13eb97f2-e4f1-4c7b-a028-f43aaddac424,J&J's,0,6,0,0,,0
2026-09-23,bologna,santo-stefano,18464991-603a-47a6-b844-7925cd56596e,J&J's,0,3,0,0,,0
2026-09-24,bologna,santo-stefano,18464991-603a-47a6-b844-7925cd56596e,J&J's,0,8,0,0,,0
2026-09-25,bologna,santo-stefano,18464991-603a-47a6-b844-7925cd56596e,J&J's,0,6,0,0,,0
2026-09-23,bologna,lippo,1c441c12-c6df-4ab5-ad78-4429addb6556,J&J's,0,3,1,1,,1
2026-09-24,bologna,lippo,1c441c12-c6df-4ab5-ad78-4429addb6556,J&J's,0,8,3,3,,3
2026-09-25,bologna,lippo,1c441c12-c6df-4ab5-ad78-4429addb6556,J&J's,0,6,3,3,,3
2026-09-23,bologna,rimesse,1c8ca615-0613-4f5c-938f-0c4ea34e6471,J&J's,50,3,0,0,0.0,0
2026-09-24,bologna,rimesse,1c8ca615-0613-4f5c-938f-0c4ea34e6471,J&J's,50,8,0,0,0.0,0
2026-09-25,bologna,rimesse,1c8ca615-0613-4f5c-938f-0c4ea34e6471,J&J's,50,6,0,0,0.0,0
2026-09-23,bologna,bargellino,1cf6853c-9957-4746-b8d6-1d9876b6cd6f,J&J's,0,3,0,0,,0
2026-09-24,bologna,bargellino,1cf6853c-9957-4746-b8d6-1d9876b6cd6f,J&J's,0,8,0,0,,0
2026-09-25,bologna,bargellino,1cf6853c-9957-4746-b8d6-1d9876b6cd6f,J&J's,0,6,0,0,,0
2026-09-23,bologna,bologna-university,1e1bc842-f44e-42c8-a067-bd9fa659e6d5,J&J's,0,3,8,8,,8
2026-09-24,bologna,bologna-university,1e1bc842-f44e-42c8-a067-bd9fa659e6d5,J&J's,0,8,8,6,,8
2026-09-25,bologna,bologna-university,1e1bc842-f44e-42c8-a067-bd9fa659e6d5,J&J's,0,6,6,6,,6
2026-09-23,bologna,porta-castiglione,1e75d916-ec99-4a4d-af64-0f1325aa929f,J&J's,0,3,0,0,,0
2026-09-24,bologna,porta-castiglione,1e75d916-ec99-4a4d-af64-0f1325aa929f,J&J's,0,8,0,0,,0
2026-09-25,bologna,porta-castiglione,1e75d916-ec99-4a4d-af64-0f1325aa929f,J&J's,0,6,0,0,,0
2026-09-23,bologna,piazza-maggiore,20b1fdc9-8be3-41d1-9584-4343463e87aa,J&J's,0,3,0,0,,0
2026-09-24,bologna,piazza-maggiore,20b1fdc9-8be3-41d1-9584-4343463e87aa,J&J's,0,8,0,0,,0
2026-09-25,bologna,piazza-maggiore,20b1fdc9-8be3-41d1-9584-4343463e87aa,J&J's,0,6,0,0,,0
2026-09-23,bologna,gesso,22f6b12b-0ca5-40cd-88fc-08d808dc01ea,J&J's,0,3,0,0,,0
2026-09-24,bologna,gesso,22f6b12b-0ca5-40cd-88fc-08d808dc01ea,J&J's,0,8,0,0,,0
2026-09-25,bologna,gesso,22f6b12b-0ca5-40cd-88fc-08d808dc01ea,J&J's,0,6,0,0,,0
2026-09-23,bologna,battiferro,240b36d7-d4a6-496d-8662-b62752ed2921,J&J's,0,3,0,0,,0
2026-09-24,bologna,battiferro,240b36d7-d4a6-496d-8662-b62752ed2921,J&J's,0,8,0,0,,0
2026-09-25,bologna,battiferro,240b36d7-d4a6-496d-8662-b62752ed2921,J&J's,0,6,0,0,,0
2026-09-23,bologna,bitone,24640c52-0fc6-4d0e-b6f8-85d1a077730d,J&J's,0,3,0,0,,0
2026-09-24,bologna,bitone,24640c52-0fc6-4d0e-b6f8-85d1a077730d,J&J's,0,8,0,0,,0
2026-09-25,bologna,bitone,24640c52-0fc6-4d0e-b6f8-85d1a077730d,J&J's,0,6,0,0,,0
2026-09-23,bologna,ca'-de'-fiori,24a9559f-cc24-4355-a9b0-df576cdb7f7d,J&J's,0,3,0,0,,0
2026-09-24,bologna,ca'-de'-fiori,24a9559f-cc24-4355-a9b0-df576cdb7f7d,J&J's,0,8,0,0,,0
2026-09-25,bologna,ca'-de'-fiori,24a9559f-cc24-4355-a9b0-df576cdb7f7d,J&J's,0,6,0,0,,0
2026-09-23,bologna,bologna-centrale-railway-station,26376a61-1a65-465b-a76b-4eb4a43359df,J&J's,50,3,11,11,22.0,11
2026-09-24,bologna,bologna-centrale-railway-station,26376a61-1a65-465b-a76b-4eb4a43359df,J&J's,50,8,12,12,24.0,12
2026-09-25,bologna,bologna-centrale-railway-station,26376a61-1a65-465b-a76b-4eb4a43359df,J&J's,50,6,12,12,24.0,12
2026-09-23,bologna,cicogna,263cff9d-e118-44af-a733-034d8f796809,J&J's,0,3,0,0,,0
2026-09-24,bologna,cicogna,263cff9d-e118-44af-a733-034d8f796809,J&J's,0,8,0,0,,0
2026-09-25,bologna,cicogna,263cff9d-e118-44af-a733-034d8f796809,J&J's,0,6,0,0,,0
2026-09-23,bologna,porta-castiglione,27973954-0b4a-4381-b240-cf9b6e797449,J&J's,0,3,0,0,,0
2026-09-24,bologna,porta-castiglione,27973954-0b4a-4381-b240-cf9b6e797449,J&J's,0,8,0,0,,0
2026-09-25,bologna,porta-castiglione,27973954-0b4a-4381-b240-cf9b6e797449,J&J's,0,6,0,0,,0
2026-09-23,bologna,porta-maggiore,28b3fac3-eebe-4dc2-b1d2-533b5dee8584,J&J's,20,3,0,0,0.0,0
2026-09-24,bologna,porta-maggiore,28b3fac3-eebe-4dc2-b1d2-533b5dee8584,J&J's,20,8,0,0,0.0,0
2026-09-25,bologna,porta-maggiore,28b3fac3-eebe-4dc2-b1d2-533b5dee8584,J&J's,20,6,0,0,0.0,0
2026-09-23,bologna,tolara,2b5a124b-07fb-496f-9750-912b3ed2de05,J&J's,0,3,0,0,,0
2026-09-24,bologna,tolara,2b5a124b-07fb-496f-9750-912b3ed2de05,J&J's,0,8,0,0,,0
2026-09-25,bologna,tolara,2b5a124b-07fb-496f-9750-912b3ed2de05,J&J's,0,6,0,0,,0
2026-09-23,bologna,ca'-de'-fiori,2fc37f30-0b6d-4d22-a0a5-bb4c70c91408,J&J's,0,3,0,0,,0
2026-09-24,bologna,ca'-de'-fiori,2fc37f30-0b6d-4d22-a0a5-bb4c70c91408,J&J's,0,8,0,0,,0
2026-09-25,bologna,ca'-de'-fiori,2fc37f30-0b6d-4d22-a0a5-bb4c70c91408,J&J's,0,6,0,0,,0
2026-09-23,bologna,crespellano,3120b1c3-a23b-4b4e-9270-551b8143c25f,J&J's,0,3,0,0,,0
2026-09-24,bologna,crespellano,3120b1c3-a23b-4b4e-9270-551b8143c25f,J&J's,0,8,0,0,,0
2026-09-25,bologna,crespellano,3120b1c3-a23b-4b4e-9270-551b8143c25f,J&J's,0,6,0,0,,0
2026-09-23,bologna,saffi,326b46ce-d785-46bf-bfa0-f89536798bb4,J&J's,0,3,0,0,,0
2026-09-24,bologna,saffi,326b46ce-d785-46bf-bfa0-f89536798bb4,J&J's,0,8,0,0,,0
2026-09-25,bologna,saffi,326b46ce-d785-46bf-bfa0-f89536798bb4,J&J's,0,6,1,1,,1
2026-09-23,bologna,marano,334f960c-498c-48e0-8137-e9577842c1aa,J&J's,0,3,0,0,,0
2026-09-24,bologna,marano,334f960c-498c-48e0-8137-e9577842c1aa,J&J's,0,8,0,0,,0
2026-09-25,bologna,marano,334f960c-498c-48e0-8137-e9577842c1aa,J&J's,0,6,0,0,,0
2026-09-23,bologna,san-ruffillo,33828025-fc4b-46ed-b202-5686dbbbe370,J&J's,0,3,0,0,,0
2026-09-24,bologna,san-ruffillo,33828025-fc4b-46ed-b202-5686dbbbe370,J&J's,0,8,0,0,,0
2026-09-25,bologna,san-ruffillo,33828025-fc4b-46ed-b202-5686dbbbe370,J&J's,0,6,0,0,,0
2026-09-23,bologna,cirenaica,3eb22be7-d129-4394-b284-63f91888ea92,J&J's,0,3,0,0,,0
2026-09-24,bologna,cirenaica,3eb22be7-d129-4394-b284-63f91888ea92,J&J's,0,8,0,0,,0
2026-09-25,bologna,cirenaica,3eb22be7-d129-4394-b284-63f91888ea92,J&J's,0,6,0,0,,0
2026-09-23,bologna,padulle,42da76ac-c38a-4695-abb5-6f8cee832e36,J&J's,0,3,0,0,,0
2026-09-24,bologna,padulle,42da76ac-c38a-4695-abb5-6f8cee832e36,J&J's,0,8,0,0,,0
2026-09-25,bologna,padulle,42da76ac-c38a-4695-abb5-6f8cee832e36,J&J's,0,6,0,0,,0
2026-09-23,bologna,ca'-de'-fiori,446c3951-e92f-4a36-8c26-bcb2114c0e28,J&J's,0,3,0,0,,0
2026-09-24,bologna,ca'-de'-fiori,446c3951-e92f-4a36-8c26-bcb2114c0e28,J&J's,0,8,0,0,,0
2026-09-25,bologna,ca'-de'-fiori,446c3951-e92f-4a36-8c26-bcb2114c0e28,J&J's,0,6,0,0,,0
2026-09-23,bologna,bologna-centrale-railway-station,4affc3eb-98b8-49b7-978e-4b750004affb,J&J's,0,3,2,2,,2
2026-09-24,bologna,bologna-centrale-railway-station,4affc3eb-98b8-49b7-978e-4b750004affb,J&J's,0,8,2,2,,2
2026-09-25,bologna,bologna-centrale-railway-station,4affc3eb-98b8-49b7-978e-4b750004affb,J&J's,0,6,2,2,,2
2026-09-23,bologna,two-towers,4b57b499-232c-46f1-ae18-d4ed336a7809,J&J's,10,3,1,1,10.0,1
2026-09-24,bologna,two-towers,4b57b499-232c-46f1-ae18-d4ed336a7809,J&J's,10,8,1,1,10.0,1
2026-09-25,bologna,two-towers,4b57b499-232c-46f1-ae18-d4ed336a7809,J&J's,10,6,1,1,10.0,1
2026-09-23,bologna,foscherara,5341e7bd-9a54-442a-9d6e-3eb2f5b9fe1f,J&J's,100,3,0,0,0.0,0
2026-09-24,bologna,foscherara,5341e7bd-9a54-442a-9d6e-3eb2f5b9fe1f,J&J's,100,8,0,0,0.0,0
2026-09-25,bologna,foscherara,5341e7bd-9a54-442a-9d6e-3eb2f5b9fe1f,J&J's,100,6,0,0,0.0,0
2026-09-23,bologna,two-towers,5631038e-340f-429b-9b0c-4072c345db28,J&J's,0,3,2,2,,2
2026-09-24,bologna,two-towers,5631038e-340f-429b-9b0c-4072c345db28,J&J's,0,8,2,1,,2
2026-09-25,bologna,two-towers,5631038e-340f-429b-9b0c-4072c345db28,J&J's,0,6,2,2,,2
2026-09-23,bologna,two-towers,5923ec0f-bebe-4927-9af4-98648f9224c7,J&J's,0,3,1,1,,1
2026-09-24,bologna,two-towers,5923ec0f-bebe-4927-9af4-98648f9224c7,J&J's,0,8,1,1,,1
2026-09-25,bologna,two-towers,5923ec0f-bebe-4927-9af4-98648f9224c7,J&J's,0,6,3,3,,3
2026-09-23,bologna,porta-maggiore,598239cb-b3f3-431d-a112-1fefe47375cb,J&J's,0,3,0,0,,0
2026-09-24,bologna,porta-maggiore,598239cb-b3f3-431d-a112-1fefe47375cb,J&J's,0,8,0,0,,0
2026-09-25,bologna,porta-maggiore,598239cb-b3f3-431d-a112-1fefe47375cb,J&J's,0,6,0,0,,0
2026-09-23,bologna,piazza-maggiore,5aba26a4-de12-4add-be85-629a9a5b9a38,J&J's,50,3,4,4,8.0,4
2026-09-24,bologna,piazza-maggiore,5aba26a4-de12-4add-be85-629a9a5b9a38,J&J's,50,8,6,6,12.0,6
2026-09-25,bologna,piazza-maggiore,5aba26a4-de12-4add-be85-629a9a5b9a38,J&J's,50,6,8,8,16.0,8
2026-09-23,bologna,la-piccola-venezia,5c224328-7922-48f8-9540-b8079ebb60c2,J&J's,0,3,0,0,,0
2026-09-24,bologna,la-piccola-venezia,5c224328-7922-48f8-9540-b8079ebb60c2,J&J's,0,8,0,0,,0
2026-09-25,bologna,la-piccola-venezia,5c224328-7922-48f8-9540-b8079ebb60c2,J&J's,0,6,0,0,,0
2026-09-23,bologna,funivia,5e2939cc-11c4-4150-bedf-0dcba6946d88,J&J's,0,3,0,0,,0
2026-09-24,bologna,funivia,5e2939cc-11c4-4150-bedf-0dcba6946d88,J&J's,0,8,0,0,,0
2026-09-25,bologna,funivia,5e2939cc-11c4-4150-bedf-0dcba6946d88,J&J's,0,6,0,0,,0
2026-09-23,bologna,two-towers,688c22eb-bbb1-4f17-9bd6-3d7898ced711,J&J's,0,3,1,1,,1
2026-09-24,bologna,two-towers,688c22eb-bbb1-4f17-9bd6-3d7898ced711,J&J's,0,8,2,2,,2
2026-09-25,bologna,two-towers,688c22eb-bbb1-4f17-9bd6-3d7898ced711,J&J's,0,6,3,3,,3
2026-09-23,bologna,santo-stefano,6ab15e14-2fd0-4589-8679-11483193a9ae,J&J's,0,3,0,0,,0
2026-09-24,bologna,santo-stefano,6ab15e14-2fd0-4589-8679-11483193a9ae,J&J's,0,8,0,0,,0
2026-09-25,bologna,santo-stefano,6ab15e14-2fd0-4589-8679-11483193a9ae,J&J's,0,6,0,0,,0
2026-09-23,bologna,bologna-centrale-railway-station,6fb5d6df-3970-4eea-915e-592ca8884132,J&J's,0,3,2,2,,2
2026-09-24,bologna,bologna-centrale-railway-station,6fb5d6df-3970-4eea-915e-592ca8884132,J&J's,0,8,2,2,,2
2026-09-25,bologna,bologna-centrale-railway-station,6fb5d6df-3970-4eea-915e-592ca8884132,J&J's,0,6,2,1,,2
2026-09-23,bologna,stadio-senato-dall-aria,749a5826-94d3-4926-81a7-0a26a21c87dc,J&J's,0,3,0,0,,0
2026-09-24,bologna,stadio-senato-dall-aria,749a5826-94d3-4926-81a7-0a26a21c87dc,J&J's,0,8,0,0,,0
2026-09-25,bologna,stadio-senato-dall-aria,749a5826-94d3-4926-81a7-0a26a21c87dc,J&J's,0,6,0,0,,0
2026-09-23,bologna,la-piccola-venezia,7889a5b3-21b0-4192-bd3d-539359135818,J&J's,20,3,1,1,5.0,1
2026-09-24,bologna,la-piccola-venezia,7889a5b3-21b0-4192-bd3d-539359135818,J&J's,20,8,2,2,10.0,2
2026-09-25,bologna,la-piccola-venezia,7889a5b3-21b0-4192-bd3d-539359135818,J&J's,20,6,2,2,10.0,2
2026-09-23,bologna,budrio,79c23a7c-e2e6-4942-b66a-a5f350d44b1a,J&J's,0,3,0,0,,0
2026-09-24,bologna,budrio,79c23a7c-e2e6-4942-b66a-a5f350d44b1a,J&J's,0,8,0,0,,0
2026-09-25,bologna,budrio,79c23a7c-e2e6-4942-b66a-a5f350d44b1a,J&J's,0,6,0,0,,0
2026-09-23,bologna,cirenaica,7af339a1-b826-4bd4-923a-bf83e67de5c2,J&J's,0,3,0,0,,0
2026-09-24,bologna,cirenaica,7af339a1-b826-4bd4-923a-bf83e67de5c2,J&J's,0,8,0,0,,0
2026-09-25,bologna,cirenaica,7af339a1-b826-4bd4-923a-bf83e67de5c2,J&J's,0,6,0,0,,0
2026-09-23,bologna,bologna-centrale-railway-station,7d08af56-fe4a-420e-b125-73cce9f8d2cb,J&J's,27,3,67,64,248.1,67
2026-09-24,bologna,bologna-centrale-railway-station,7d08af56-fe4a-420e-b125-73cce9f8d2cb,J&J's,27,8,68,65,251.9,68
2026-09-25,bologna,bologna-centrale-railway-station,7d08af56-fe4a-420e-b125-73cce9f8d2cb,J&J's,27,6,66,56,244.4,67
2026-09-23,bologna,piazza-maggiore,7d6686cd-cfdd-484b-b7f2-b4fe81e8aa91,J&J's,20,3,0,0,0.0,0
2026-09-24,bologna,piazza-maggiore,7d6686cd-cfdd-484b-b7f2-b4fe81e8aa91,J&J's,20,8,0,0,0.0,0
2026-09-25,bologna,piazza-maggiore,7d6686cd-cfdd-484b-b7f2-b4fe81e8aa91,J&J's,20,6,1,1,5.0,1
2026-09-23,bologna,bologna-centrale-railway-station,80838faf-dd4a-49c4-8c27-48ace55ece8d,J&J's,6,3,0,0,0.0,0
2026-09-24,bologna,bologna-centrale-railway-station,80838faf-dd4a-49c4-8c27-48ace55ece8d,J&J's,6,8,0,0,0.0,0
2026-09-25,bologna,bologna-centrale-railway-station,80838faf-dd4a-49c4-8c27-48ace55ece8d,J&J's,6,6,0,0,0.0,0
2026-09-23,bologna,castagnolo-minore,8b273245-3d6a-43ae-84b0-cd10aaab1779,J&J's,0,3,0,0,,0
2026-09-24,bologna,castagnolo-minore,8b273245-3d6a-43ae-84b0-cd10aaab1779,J&J's,0,8,0,0,,0
2026-09-25,bologna,castagnolo-minore,8b273245-3d6a-43ae-84b0-cd10aaab1779,J&J's,0,6,0,0,,0
2026-09-23,bologna,ceretolo,8d5b29f5-a9c6-4030-9865-bca4c28cc68a,J&J's,0,3,0,0,,0
2026-09-24,bologna,ceretolo,8d5b29f5-a9c6-4030-9865-bca4c28cc68a,J&J's,0,8,0,0,,0
2026-09-25,bologna,ceretolo,8d5b29f5-a9c6-4030-9865-bca4c28cc68a,J&J's,0,6,0,0,,0
2026-09-23,bologna,primo-maggio,9315173c-fe29-41bc-b50b-dc6d74bfdf10,J&J's,0,3,0,0,,0
2026-09-24,bologna,primo-maggio,9315173c-fe29-41bc-b50b-dc6d74bfdf10,J&J's,0,8,0,0,,0
2026-09-25,bologna,primo-maggio,9315173c-fe29-41bc-b50b-dc6d74bfdf10,J&J's,0,6,0,0,,0
2026-09-23,bologna,bologna-centrale-railway-station,93ee55e8-1660-49cc-b0b4-cb68ecb979e0,J&J's,30,3,38,37,126.7,38
2026-09-24,bologna,bologna-centrale-railway-station,93ee55e8-1660-49cc-b0b4-cb68ecb979e0,J&J's,30,8,40,40,133.3,40
2026-09-25,bologna,bologna-centrale-railway-station,93ee55e8-1660-49cc-b0b4-cb68ecb979e0,J&J's,30,6,41,41,136.7,41
2026-09-23,bologna,borgo-panigale,958bf482-cb1b-49a3-9dc3-2f8dc5a771a0,J&J's,0,3,0,0,,0
2026-09-24,bologna,borgo-panigale,958bf482-cb1b-49a3-9dc3-2f8dc5a771a0,J&J's,0,8,0,0,,0
2026-09-25,bologna,borgo-panigale,958bf482-cb1b-49a3-9dc3-2f8dc5a771a0,J&J's,0,6,0,0,,0
2026-09-23,bologna,bologna-city-center,96a15753-8ad1-4c34-9e4e-0d09628b0642,J&J's,0,3,6,6,,6
2026-09-24,bologna,bologna-city-center,96a15753-8ad1-4c34-9e4e-0d09628b0642,J&J's,0,8,6,6,,6
2026-09-25,bologna,bologna-city-center,96a15753-8ad1-4c34-9e4e-0d09628b0642,J&J's,0,6,6,6,,6
2026-09-23,bologna,minerbio,97c0ee97-3bc0-41b8-824c-6ba92bf6a042,J&J's,0,3,0,0,,0
2026-09-24,bologna,minerbio,97c0ee97-3bc0-41b8-824c-6ba92bf6a042,J&J's,0,8,0,0,,0
2026-09-25,bologna,minerbio,97c0ee97-3bc0-41b8-824c-6ba92bf6a042,J&J's,0,6,0,0,,0
2026-09-23,bologna,anzola-dell'emilia,992dc866-8e2d-47cc-a363-8eb08d7dfdc8,J&J's,0,3,0,0,,0
2026-09-24,bologna,anzola-dell'emilia,992dc866-8e2d-47cc-a363-8eb08d7dfdc8,J&J's,0,8,0,0,,0
2026-09-25,bologna,anzola-dell'emilia,992dc866-8e2d-47cc-a363-8eb08d7dfdc8,J&J's,0,6,0,0,,0
2026-09-23,bologna,bologna-centrale-railway-station,99a611f5-ac9e-40c4-b758-11cfd5c402ae,J&J's,0,3,0,0,,0
2026-09-24,bologna,bologna-centrale-railway-station,99a611f5-ac9e-40c4-b758-11cfd5c402ae,J&J's,0,8,0,0,,0
2026-09-25,bologna,bologna-centrale-railway-station,99a611f5-ac9e-40c4-b758-11cfd5c402ae,J&J's,0,6,0,0,,0
2026-09-23,bologna,bologna-city-center,9d2af863-9a7a-4a98-90b6-17d042b0bcc2,J&J's,0,3,3,3,,3
2026-09-24,bologna,bologna-city-center,9d2af863-9a7a-4a98-90b6-17d042b0bcc2,J&J's,0,8,3,1,,3
2026-09-25,bologna,bologna-city-center,9d2af863-9a7a-4a98-90b6-17d042b0bcc2,J&J's,0,6,1,0,,1
2026-09-23,bologna,piazza-maggiore,9f34b2be-b528-4334-899a-d5f53cfa7651,J&J's,0,3,10,10,,10
2026-09-24,bologna,piazza-maggiore,9f34b2be-b528-4334-899a-d5f53cfa7651,J&J's,0,8,10,8,,10
2026-09-25,bologna,piazza-maggiore,9f34b2be-b528-4334-899a-d5f53cfa7651,J&J's,0,6,9,9,,9
2026-09-23,bologna,ceretolo,a13bea59-2aa3-4ed3-8ca1-b829b2a096dc,J&J's,0,3,0,0,,0
2026-09-24,bologna,ceretolo,a13bea59-2aa3-4ed3-8ca1-b829b2a096dc,J&J's,0,8,0,0,,0
2026-09-25,bologna,ceretolo,a13bea59-2aa3-4ed3-8ca1-b829b2a096dc,J&J's,0,6,0,0,,0
2026-09-23,bologna,cicogna,a32289de-983e-4b33-9b3c-991a53a5720f,J&J's,0,3,0,0,,0
2026-09-24,bologna,cicogna,a32289de-983e-4b33-9b3c-991a53a5720f,J&J's,0,8,0,0,,0
2026-09-25,bologna,cicogna,a32289de-983e-4b33-9b3c-991a53a5720f,J&J's,0,6,0,0,,0
2026-09-23,bologna,san-donato,a4062199-fd8f-4299-a303-59abad879170,J&J's,0,3,0,0,,0
2026-09-24,bologna,san-donato,a4062199-fd8f-4299-a303-59abad879170,J&J's,0,8,0,0,,0
2026-09-25,bologna,san-donato,a4062199-fd8f-4299-a303-59abad879170,J&J's,0,6,0,0,,0
2026-09-23,bologna,piazza-maggiore,a443c285-9d91-4ac5-b9f8-cd23cc7bfe9a,J&J's,0,3,4,4,,4
2026-09-24,bologna,piazza-maggiore,a443c285-9d91-4ac5-b9f8-cd23cc7bfe9a,J&J's,0,8,4,4,,4
2026-09-25,bologna,piazza-maggiore,a443c285-9d91-4ac5-b9f8-cd23cc7bfe9a,J&J's,0,6,4,4,,4
2026-09-23,bologna,villaggio-dei-ferrovieri,a518434d-0784-4640-b705-0712e06dfe05,J&J's,0,3,0,0,,0
2026-09-24,bologna,villaggio-dei-ferrovieri,a518434d-0784-4640-b705-0712e06dfe05,J&J's,0,8,0,0,,0
2026-09-25,bologna,villaggio-dei-ferrovieri,a518434d-0784-4640-b705-0712e06dfe05,J&J's,0,6,0,0,,0
2026-09-23,bologna,bologna-university,a761932d-83da-41dd-8686-7201fa53a209,J&J's,0,3,1,1,,1
2026-09-24,bologna,bologna-university,a761932d-83da-41dd-8686-7201fa53a209,J&J's,0,8,1,1,,1
2026-09-25,bologna,bologna-university,a761932d-83da-41dd-8686-7201fa53a209,J&J's,0,6,1,1,,1
2026-09-23,bologna,piazza-maggiore,a809d5d4-444a-4b25-9844-ba7c60676a14,J&J's,0,3,0,0,,0
2026-09-24,bologna,piazza-maggiore,a809d5d4-444a-4b25-9844-ba7c60676a14,J&J's,0,8,0,0,,0
2026-09-25,bologna,piazza-maggiore,a809d5d4-444a-4b25-9844-ba7c60676a14,J&J's,0,6,0,0,,0
2026-09-23,bologna,belvedere-mercato-delle-erbe,abe6f071-bb94-4c30-95f8-4d54a6b33eda,J&J's,0,3,5,5,,5
2026-09-24,bologna,belvedere-mercato-delle-erbe,abe6f071-bb94-4c30-95f8-4d54a6b33eda,J&J's,0,8,5,4,,6
2026-09-25,bologna,belvedere-mercato-delle-erbe,abe6f071-bb94-4c30-95f8-4d54a6b33eda,J&J's,0,6,5,5,,5
2026-09-23,bologna,la-piccola-venezia,af6778a1-00c1-48c3-92d3-1f80af7caf97,J&J's,50,3,0,0,0.0,0
2026-09-24,bologna,la-piccola-venezia,af6778a1-00c1-48c3-92d3-1f80af7caf97,J&J's,50,8,0,0,0.0,0
2026-09-25,bologna,la-piccola-venezia,af6778a1-00c1-48c3-92d3-1f80af7caf97,J&J's,50,6,0,0,0.0,0
2026-09-23,bologna,bologna-university,b630c358-359c-4f00-b05e-b651988f158a,J&J's,70,3,12,11,17.1,12
2026-09-24,bologna,bologna-university,b630c358-359c-4f00-b05e-b651988f158a,J&J's,70,8,11,10,15.7,11
2026-09-25,bologna,bologna-university,b630c358-359c-4f00-b05e-b651988f158a,J&J's,70,6,10,9,14.3,10
2026-09-23,bologna,santa-viola,b6f706df-caba-4a81-9685-a1258c154e66,J&J's,0,3,0,0,,0
2026-09-24,bologna,santa-viola,b6f706df-caba-4a81-9685-a1258c154e66,J&J's,0,8,0,0,,0
2026-09-25,bologna,santa-viola,b6f706df-caba-4a81-9685-a1258c154e66,J&J's,0,6,0,0,,0
2026-09-23,bologna,bologna-centrale-railway-station,ba09191c-e6ee-469e-b699-8240803ce9a4,J&J's,40,3,32,32,80.0,32
2026-09-24,bologna,bologna-centrale-railway-station,ba09191c-e6ee-469e-b699-8240803ce9a4,J&J's,40,8,32,32,80.0,32
2026-09-25,bologna,bologna-centrale-railway-station,ba09191c-e6ee-469e-b699-8240803ce9a4,J&J's,40,6,32,32,80.0,32
2026-09-23,bologna,porta-maggiore,bb02a69f-694b-445b-a53f-3dbb7557f9d2,J&J's,0,3,0,0,,0
2026-09-24,bologna,porta-maggiore,bb02a69f-694b-445b-a53f-3dbb7557f9d2,J&J's,0,8,0,0,,0
2026-09-25,bologna,porta-maggiore,bb02a69f-694b-445b-a53f-3dbb7557f9d2,J&J's,0,6,0,0,,0
2026-09-23,bologna,musiano,c09e49d4-8727-4360-8454-08c894943ef3,J&J's,0,3,0,0,,0
2026-09-24,bologna,musiano,c09e49d4-8727-4360-8454-08c894943ef3,J&J's,0,8,0,0,,0
2026-09-25,bologna,musiano,c09e49d4-8727-4360-8454-08c894943ef3,J&J's,0,6,0,0,,0
2026-09-23,bologna,two-towers,c112f270-6a3b-4f2b-8657-1b6c946de78f,J&J's,15,3,0,0,0.0,0
2026-09-24,bologna,two-towers,c112f270-6a3b-4f2b-8657-1b6c946de78f,J&J's,15,8,0,0,0.0,0
2026-09-25,bologna,two-towers,c112f270-6a3b-4f2b-8657-1b6c946de78f,J&J's,15,6,0,0,0.0,0
2026-09-23,bologna,spilamberto,cb5c4e2b-3b4d-4fde-b42a-0b29ecb6f903,J&J's,0,3,0,0,,0
2026-09-24,bologna,spilamberto,cb5c4e2b-3b4d-4fde-b42a-0b29ecb6f903,J&J's,0,8,0,0,,0
2026-09-25,bologna,spilamberto,cb5c4e2b-3b4d-4fde-b42a-0b29ecb6f903,J&J's,0,6,0,0,,0
2026-09-23,bologna,bologna-centrale-railway-station,cc20b46d-e420-4b12-9e52-ed192a862677,J&J's,0,3,0,0,,0
2026-09-24,bologna,bologna-centrale-railway-station,cc20b46d-e420-4b12-9e52-ed192a862677,J&J's,0,8,0,0,,0
2026-09-25,bologna,bologna-centrale-railway-station,cc20b46d-e420-4b12-9e52-ed192a862677,J&J's,0,6,0,0,,0
2026-09-23,bologna,bologna-centrale-railway-station,cca7b8ed-afc5-4a96-a978-9dd097855359,J&J's,0,3,0,0,,0
2026-09-24,bologna,bologna-centrale-railway-station,cca7b8ed-afc5-4a96-a978-9dd097855359,J&J's,0,8,0,0,,0
2026-09-25,bologna,bologna-centrale-railway-station,cca7b8ed-afc5-4a96-a978-9dd097855359,J&J's,0,6,0,0,,0
2026-09-23,bologna,manifattura-delle-arti,cfdecd77-2cd4-4631-999b-63453dbabb64,J&J's,0,3,0,0,,0
2026-09-24,bologna,manifattura-delle-arti,cfdecd77-2cd4-4631-999b-63453dbabb64,J&J's,0,8,0,0,,0
2026-09-25,bologna,manifattura-delle-arti,cfdecd77-2cd4-4631-999b-63453dbabb64,J&J's,0,6,0,0,,0
2026-09-23,bologna,castello-di-serravalle,d09d1148-858f-48f1-a479-f61827ad00f7,J&J's,0,3,0,0,,0
2026-09-24,bologna,castello-di-serravalle,d09d1148-858f-48f1-a479-f61827ad00f7,J&J's,0,8,0,0,,0
2026-09-25,bologna,castello-di-serravalle,d09d1148-858f-48f1-a479-f61827ad00f7,J&J's,0,6,0,0,,0
2026-09-23,bologna,castello-di-serravalle,d3ad8c57-9d8e-4209-bb08-a6648b798771,J&J's,0,3,0,0,,0
2026-09-24,bologna,castello-di-serravalle,d3ad8c57-9d8e-4209-bb08-a6648b798771,J&J's,0,8,0,0,,0
2026-09-25,bologna,castello-di-serravalle,d3ad8c57-9d8e-4209-bb08-a6648b798771,J&J's,0,6,0,0,,0
2026-09-23,bologna,bologna-centrale-railway-station,e031267a-225b-4052-bf55-3709d323498b,J&J's,0,3,38,38,,38
2026-09-24,bologna,bologna-centrale-railway-station,e031267a-225b-4052-bf55-3709d323498b,J&J's,0,8,39,39,,39
2026-09-25,bologna,bologna-centrale-railway-station,e031267a-225b-4052-bf55-3709d323498b,J&J's,0,6,48,48,,49
2026-09-23,bologna,sant'alberto,e2ccc070-44db-451a-bfa1-ab45c7d43231,J&J's,0,3,0,0,,0
2026-09-24,bologna,sant'alberto,e2ccc070-44db-451a-bfa1-ab45c7d43231,J&J's,0,8,0,0,,0
2026-09-25,bologna,sant'alberto,e2ccc070-44db-451a-bfa1-ab45c7d43231,J&J's,0,6,0,0,,0
2026-09-23,bologna,carteria-di-sesto,e2e6a8e1-5a33-448f-9419-95fe9a0c43f6,J&J's,0,3,0,0,,0
2026-09-24,bologna,carteria-di-sesto,e2e6a8e1-5a33-448f-9419-95fe9a0c43f6,J&J's,0,8,0,0,,0
2026-09-25,bologna,carteria-di-sesto,e2e6a8e1-5a33-448f-9419-95fe9a0c43f6,J&J's,0,6,0,0,,0
2026-09-23,bologna,tintoria,e55c707f-eb46-4111-900a-b7875a1eb16f,J&J's,0,3,0,0,,0
2026-09-24,bologna,tintoria,e55c707f-eb46-4111-900a-b7875a1eb16f,J&J's,0,8,0,0,,0
2026-09-25,bologna,tintoria,e55c707f-eb46-4111-900a-b7875a1eb16f,J&J's,0,6,0,0,,0
2026-09-23,bologna,casa-buia,e8912cef-1b43-49c1-9f3e-6124bfbf5b2f,J&J's,0,3,0,0,,0
2026-09-24,bologna,casa-buia,e8912cef-1b43-49c1-9f3e-6124bfbf5b2f,J&J's,0,8,0,0,,0
2026-09-25,bologna,casa-buia,e8912cef-1b43-49c1-9f3e-6124bfbf5b2f,J&J's,0,6,0,0,,0
2026-09-23,bologna,musiano,e92180c7-3ef4-47bd-b938-38d4d2993845,J&J's,0,3,0,0,,0
2026-09-24,bologna,musiano,e92180c7-3ef4-47bd-b938-38d4d2993845,J&J's,0,8,0,0,,0
2026-09-25,bologna,musiano,e92180c7-3ef4-47bd-b938-38d4d2993845,J&J's,0,6,0,0,,0
2026-09-23,bologna,piazza-maggiore,eb7a90d2-dab1-496a-973c-11f8719d7588,J&J's,400,3,11,11,2.8,11
2026-09-24,bologna,piazza-maggiore,eb7a90d2-dab1-496a-973c-11f8719d7588,J&J's,400,8,11,11,2.8,12
2026-09-25,bologna,piazza-maggiore,eb7a90d2-dab1-496a-973c-11f8719d7588,J&J's,400,6,13,10,3.2,13
2026-09-23,bologna,castel-maggiore,f061645f-9328-4258-8f8b-8de00a179488,J&J's,0,3,0,0,,0
2026-09-24,bologna,castel-maggiore,f061645f-9328-4258-8f8b-8de00a179488,J&J's,0,8,0,0,,0
2026-09-25,bologna,castel-maggiore,f061645f-9328-4258-8f8b-8de00a179488,J&J's,0,6,0,0,,0
2026-09-23,bologna,la-birra,f1dd2bbd-47a4-4ffe-a113-15900536dd44,J&J's,0,3,0,0,,0
2026-09-24,bologna,la-birra,f1dd2bbd-47a4-4ffe-a113-15900536dd44,J&J's,0,8,0,0,,0
2026-09-25,bologna,la-birra,f1dd2bbd-47a4-4ffe-a113-15900536dd44,J&J's,0,6,0,0,,0
2026-09-23,bologna,cavedone,f2bfb0c6-1874-4e7f-b4bb-cc5fd177ef7a,J&J's,0,3,0,0,,0
2026-09-24,bologna,cavedone,f2bfb0c6-1874-4e7f-b4bb-cc5fd177ef7a,J&J's,0,8,0,0,,0
2026-09-25,bologna,cavedone,f2bfb0c6-1874-4e7f-b4bb-cc5fd177ef7a,J&J's,0,6,0,0,,0
2026-09-23,bologna,manifattura-delle-arti,fce0de85-326a-4aed-99a1-01fcd0d72d1c,J&J's,0,3,0,0,,0
2026-09-24,bologna,manifattura-delle-arti,fce0de85-326a-4aed-99a1-01fcd0d72d1c,J&J's,0,8,0,0,,0
2026-09-25,bologna,manifattura-delle-arti,fce0de85-326a-4aed-99a1-01fcd0d72d1c,J&J's,0,6,0,0,,0
2026-09-23,bologna,piazza-maggiore,fdd1b752-c590-45c6-87e9-d53d5098b5ad,J&J's,0,3,8,8,,8
2026-09-24,bologna,piazza-maggiore,fdd1b752-c590-45c6-87e9-d53d5098b5ad,J&J's,0,8,9,9,,9
2026-09-25,bologna,piazza-maggiore,fdd1b752-c590-45c6-87e9-d53d5098b5ad,J&J's,0,6,9,7,,9
2026-09-23,bologna,bologna-centrale-railway-station,ff93b58b-c0d1-4b5e-812c-eb447beba739,J&J's,30,3,55,55,183.3,55
2026-09-24,bologna,bologna-centrale-railway-station,ff93b58b-c0d1-4b5e-812c-eb447beba739,J&J's,30,8,59,54,196.7,59
2026-09-25,bologna,bologna-centrale-railway-station,ff93b58b-c0d1-4b5e-812c-eb447beba739,J&J's,30,6,54,50,180.0,54
2026-09-23,bolzano,bolzano-train-station,1717f378-3c29-491a-a174-cc91f770644f,J&J's,0,3,0,0,,0
2026-09-24,bolzano,bolzano-train-station,1717f378-3c29-491a-a174-cc91f770644f,J&J's,0,8,0,0,,0
2026-09-25,bolzano,bolzano-train-station,1717f378-3c29-491a-a174-cc91f770644f,J&J's,0,6,0,0,,0
2026-09-23,bolzano,palazzo-mercantile,1a4a3e90-fe64-46ea-a0ae-0d5d1fbfc3b3,J&J's,0,3,0,0,,0
2026-09-24,bolzano,palazzo-mercantile,1a4a3e90-fe64-46ea-a0ae-0d5d1fbfc3b3,J&J's,0,8,0,0,,0
2026-09-25,bolzano,palazzo-mercantile,1a4a3e90-fe64-46ea-a0ae-0d5d1fbfc3b3,J&J's,0,6,0,0,,0
2026-09-23,bolzano,don-bosco,3de12d3d-8819-480b-86e8-b1507b7d6ac1,J&J's,0,3,0,0,,0
2026-09-24,bolzano,don-bosco,3de12d3d-8819-480b-86e8-b1507b7d6ac1,J&J's,0,8,0,0,,0
2026-09-25,bolzano,don-bosco,3de12d3d-8819-480b-86e8-b1507b7d6ac1,J&J's,0,6,0,0,,0
2026-09-23,bolzano,don-bosco,76792d80-6d6b-4a66-88f9-d88acadbc7e4,J&J's,0,3,0,0,,0
2026-09-24,bolzano,don-bosco,76792d80-6d6b-4a66-88f9-d88acadbc7e4,J&J's,0,8,0,0,,0
2026-09-25,bolzano,don-bosco,76792d80-6d6b-4a66-88f9-d88acadbc7e4,J&J's,0,6,0,0,,0
2026-09-23,bolzano,bolzano-train-station,81e84af2-fca0-458b-958a-e8781e98e85f,J&J's,0,3,2,2,,2
2026-09-24,bolzano,bolzano-train-station,81e84af2-fca0-458b-958a-e8781e98e85f,J&J's,0,8,2,2,,2
2026-09-25,bolzano,bolzano-train-station,81e84af2-fca0-458b-958a-e8781e98e85f,J&J's,0,6,2,2,,2
2026-09-23,bolzano,dogana---zollstange,922029c1-48e5-4a64-955e-9238309874c9,J&J's,0,3,19,19,,19
2026-09-24,bolzano,dogana---zollstange,922029c1-48e5-4a64-955e-9238309874c9,J&J's,0,8,19,19,,19
2026-09-25,bolzano,dogana---zollstange,922029c1-48e5-4a64-955e-9238309874c9,J&J's,0,6,19,16,,19
2026-09-23,bolzano,don-bosco,cf203958-1b10-4701-9fd2-4febd99f0cb2,J&J's,0,3,0,0,,0
2026-09-24,bolzano,don-bosco,cf203958-1b10-4701-9fd2-4febd99f0cb2,J&J's,0,8,0,0,,0
2026-09-25,bolzano,don-bosco,cf203958-1b10-4701-9fd2-4febd99f0cb2,J&J's,0,6,0,0,,0
2026-09-23,bolzano,san-giacomo---st.-jakob,d440b0a3-5af4-4c9f-9efa-9f48e53e1e23,J&J's,0,3,0,0,,0
2026-09-24,bolzano,san-giacomo---st.-jakob,d440b0a3-5af4-4c9f-9efa-9f48e53e1e23,J&J's,0,8,0,0,,0
2026-09-25,bolzano,san-giacomo---st.-jakob,d440b0a3-5af4-4c9f-9efa-9f48e53e1e23,J&J's,0,6,0,0,,0
2026-09-23,brescia,concesio,02383ce8-edba-4b9f-bc22-ff459e61548b,J&J's,0,3,0,0,,0
2026-09-24,brescia,concesio,02383ce8-edba-4b9f-bc22-ff459e61548b,J&J's,0,8,0,0,,0
2026-09-25,brescia,concesio,02383ce8-edba-4b9f-bc22-ff459e61548b,J&J's,0,6,0,0,,0
2026-09-23,brescia,brescia-old-town,02cc3dc8-b237-48f4-b502-ebfb430bec63,J&J's,0,3,0,0,,0
2026-09-24,brescia,brescia-old-town,02cc3dc8-b237-48f4-b502-ebfb430bec63,J&J's,0,8,1,1,,1
2026-09-25,brescia,brescia-old-town,02cc3dc8-b237-48f4-b502-ebfb430bec63,J&J's,0,6,1,1,,1
2026-09-23,brescia,ospitaletto,048a927b-98b5-4a9c-a050-b1a8153778af,J&J's,0,3,0,0,,0
2026-09-24,brescia,ospitaletto,048a927b-98b5-4a9c-a050-b1a8153778af,J&J's,0,8,0,0,,0
2026-09-25,brescia,ospitaletto,048a927b-98b5-4a9c-a050-b1a8153778af,J&J's,0,6,0,0,,0
2026-09-23,brescia,travagliato,04a0bdf3-b859-4dd1-ae61-31f0ab5acf88,J&J's,20,3,0,0,0.0,0
2026-09-24,brescia,travagliato,04a0bdf3-b859-4dd1-ae61-31f0ab5acf88,J&J's,20,8,0,0,0.0,0
2026-09-25,brescia,travagliato,04a0bdf3-b859-4dd1-ae61-31f0ab5acf88,J&J's,20,6,0,0,0.0,0
2026-09-23,brescia,calcinatello,06a12f51-aa62-4c82-ae7f-a7e1bb7252ee,J&J's,0,3,0,0,,0
2026-09-24,brescia,calcinatello,06a12f51-aa62-4c82-ae7f-a7e1bb7252ee,J&J's,0,8,0,0,,0
2026-09-25,brescia,calcinatello,06a12f51-aa62-4c82-ae7f-a7e1bb7252ee,J&J's,0,6,0,0,,0
2026-09-23,brescia,zona-est,08db9699-bd0f-4b7a-95ef-a4e4f9c7ecc7,J&J's,0,3,0,0,,0
2026-09-24,brescia,zona-est,08db9699-bd0f-4b7a-95ef-a4e4f9c7ecc7,J&J's,0,8,0,0,,0
2026-09-25,brescia,zona-est,08db9699-bd0f-4b7a-95ef-a4e4f9c7ecc7,J&J's,0,6,0,0,,0
2026-09-23,brescia,castiglione-delle-stiviere,1003c5d4-8136-42bb-8cf0-737129f661fc,J&J's,0,3,0,0,,0
2026-09-24,brescia,castiglione-delle-stiviere,1003c5d4-8136-42bb-8cf0-737129f661fc,J&J's,0,8,0,0,,0
2026-09-25,brescia,castiglione-delle-stiviere,1003c5d4-8136-42bb-8cf0-737129f661fc,J&J's,0,6,0,0,,0
2026-09-23,brescia,stocchetta,151633d4-0c1e-476c-bb61-b269da49a7aa,J&J's,0,3,0,0,,0
2026-09-24,brescia,stocchetta,151633d4-0c1e-476c-bb61-b269da49a7aa,J&J's,0,8,0,0,,0
2026-09-25,brescia,stocchetta,151633d4-0c1e-476c-bb61-b269da49a7aa,J&J's,0,6,0,0,,0
2026-09-23,brescia,gombaiolo,16d64972-090f-4d82-b6fb-187b2b7b605a,J&J's,0,3,0,0,,0
2026-09-24,brescia,gombaiolo,16d64972-090f-4d82-b6fb-187b2b7b605a,J&J's,0,8,0,0,,0
2026-09-25,brescia,gombaiolo,16d64972-090f-4d82-b6fb-187b2b7b605a,J&J's,0,6,0,0,,0
2026-09-23,brescia,san-polo-parco,182c0814-4105-45aa-a546-ef02d1264581,J&J's,0,3,0,0,,0
2026-09-24,brescia,san-polo-parco,182c0814-4105-45aa-a546-ef02d1264581,J&J's,0,8,0,0,,0
2026-09-25,brescia,san-polo-parco,182c0814-4105-45aa-a546-ef02d1264581,J&J's,0,6,0,0,,0
2026-09-23,brescia,don-bosco,19ae3414-8765-4636-9fef-0d166ad68998,J&J's,0,3,0,0,,0
2026-09-24,brescia,don-bosco,19ae3414-8765-4636-9fef-0d166ad68998,J&J's,0,8,0,0,,0
2026-09-25,brescia,don-bosco,19ae3414-8765-4636-9fef-0d166ad68998,J&J's,0,6,0,0,,0
2026-09-23,brescia,ghedi,2010b09d-c8e6-4cc1-b5b5-334fe15f8067,J&J's,0,3,0,0,,0
2026-09-24,brescia,ghedi,2010b09d-c8e6-4cc1-b5b5-334fe15f8067,J&J's,0,8,0,0,,0
2026-09-25,brescia,ghedi,2010b09d-c8e6-4cc1-b5b5-334fe15f8067,J&J's,0,6,0,0,,0
2026-09-23,brescia,asola,212f23b7-224d-4a73-906f-00cb7b0561aa,J&J's,0,3,0,0,,0
2026-09-24,brescia,asola,212f23b7-224d-4a73-906f-00cb7b0561aa,J&J's,0,8,0,0,,0
2026-09-25,brescia,asola,212f23b7-224d-4a73-906f-00cb7b0561aa,J&J's,0,6,0,0,,0
2026-09-23,brescia,molinetto,21a9af07-6238-491b-9664-da7de4c3b7c4,J&J's,0,3,0,0,,0
2026-09-24,brescia,molinetto,21a9af07-6238-491b-9664-da7de4c3b7c4,J&J's,0,8,0,0,,0
2026-09-25,brescia,molinetto,21a9af07-6238-491b-9664-da7de4c3b7c4,J&J's,0,6,0,0,,0
2026-09-23,brescia,old-town,22a42ad3-d867-4696-9956-2ec86bd40310,J&J's,0,3,0,0,,0
2026-09-24,brescia,old-town,22a42ad3-d867-4696-9956-2ec86bd40310,J&J's,0,8,0,0,,0
2026-09-25,brescia,old-town,22a42ad3-d867-4696-9956-2ec86bd40310,J&J's,0,6,0,0,,0
2026-09-23,brescia,casazza,22fe1af7-6c46-45b5-b75b-6db352349ccc,J&J's,0,3,0,0,,0
2026-09-24,brescia,casazza,22fe1af7-6c46-45b5-b75b-6db352349ccc,J&J's,0,8,0,0,,0
2026-09-25,brescia,casazza,22fe1af7-6c46-45b5-b75b-6db352349ccc,J&J's,0,6,0,0,,0
2026-09-23,brescia,zanano,2438a8de-1223-4e53-9dad-e4386464a7b7,J&J's,0,3,0,0,,0
2026-09-24,brescia,zanano,2438a8de-1223-4e53-9dad-e4386464a7b7,J&J's,0,8,0,0,,0
2026-09-25,brescia,zanano,2438a8de-1223-4e53-9dad-e4386464a7b7,J&J's,0,6,0,0,,0
2026-09-23,brescia,chiesanuova,2e5908f1-5d1d-441f-ab60-d887995f5357,J&J's,0,3,0,0,,0
2026-09-24,brescia,chiesanuova,2e5908f1-5d1d-441f-ab60-d887995f5357,J&J's,0,8,0,0,,0
2026-09-25,brescia,chiesanuova,2e5908f1-5d1d-441f-ab60-d887995f5357,J&J's,0,6,0,0,,0
2026-09-23,brescia,quartiere-colonnello-gherardo-vaiarini,338efb86-7af4-444b-a49d-c56cbd1ec7ac,J&J's,0,3,0,0,,0
2026-09-24,brescia,quartiere-colonnello-gherardo-vaiarini,338efb86-7af4-444b-a49d-c56cbd1ec7ac,J&J's,0,8,0,0,,0
2026-09-25,brescia,quartiere-colonnello-gherardo-vaiarini,338efb86-7af4-444b-a49d-c56cbd1ec7ac,J&J's,0,6,0,0,,0
2026-09-23,brescia,train-station,348a7eb8-7922-4cfd-b7f8-78e6c338b425,J&J's,0,3,0,0,,0
2026-09-24,brescia,train-station,348a7eb8-7922-4cfd-b7f8-78e6c338b425,J&J's,0,8,0,0,,0
2026-09-25,brescia,train-station,348a7eb8-7922-4cfd-b7f8-78e6c338b425,J&J's,0,6,0,0,,0
2026-09-23,brescia,,365c124d-bd29-4aa7-b524-5985698b7b48,J&J's,0,3,0,0,,0
2026-09-24,brescia,,365c124d-bd29-4aa7-b524-5985698b7b48,J&J's,0,8,0,0,,0
2026-09-25,brescia,,365c124d-bd29-4aa7-b524-5985698b7b48,J&J's,0,6,0,0,,0
2026-09-23,brescia,quartiere-colonnello-gherardo-vaiarini,3dc465a5-9af7-4a3b-af70-319d143ef8ce,J&J's,0,3,0,0,,0
2026-09-24,brescia,quartiere-colonnello-gherardo-vaiarini,3dc465a5-9af7-4a3b-af70-319d143ef8ce,J&J's,0,8,0,0,,0
2026-09-25,brescia,quartiere-colonnello-gherardo-vaiarini,3dc465a5-9af7-4a3b-af70-319d143ef8ce,J&J's,0,6,0,0,,0
2026-09-23,brescia,sott'acqua,44bb2d49-09da-4756-a12c-8e49f13635c2,J&J's,0,3,0,0,,0
2026-09-24,brescia,sott'acqua,44bb2d49-09da-4756-a12c-8e49f13635c2,J&J's,0,8,0,0,,0
2026-09-25,brescia,sott'acqua,44bb2d49-09da-4756-a12c-8e49f13635c2,J&J's,0,6,0,0,,0
2026-09-23,brescia,crocifissa-di-rosa,471dd3b5-0257-4be8-a27e-649e58109aa2,J&J's,0,3,0,0,,0
2026-09-24,brescia,crocifissa-di-rosa,471dd3b5-0257-4be8-a27e-649e58109aa2,J&J's,0,8,0,0,,0
2026-09-25,brescia,crocifissa-di-rosa,471dd3b5-0257-4be8-a27e-649e58109aa2,J&J's,0,6,0,0,,0
2026-09-23,brescia,borgo-bailo,49a4c376-1f6c-49e8-8b43-07cd00bd31a2,J&J's,0,3,0,0,,0
2026-09-24,brescia,borgo-bailo,49a4c376-1f6c-49e8-8b43-07cd00bd31a2,J&J's,0,8,0,0,,0
2026-09-25,brescia,borgo-bailo,49a4c376-1f6c-49e8-8b43-07cd00bd31a2,J&J's,0,6,0,0,,0
2026-09-23,brescia,porta-cremona-volta,56f84c58-89f7-4faa-86eb-a950c4172135,J&J's,0,3,0,0,,0
2026-09-24,brescia,porta-cremona-volta,56f84c58-89f7-4faa-86eb-a950c4172135,J&J's,0,8,0,0,,0
2026-09-25,brescia,porta-cremona-volta,56f84c58-89f7-4faa-86eb-a950c4172135,J&J's,0,6,0,0,,0
2026-09-23,brescia,train-station,57c42a81-73a4-4211-b3a7-c6f2e1710d12,J&J's,0,3,0,0,,0
2026-09-24,brescia,train-station,57c42a81-73a4-4211-b3a7-c6f2e1710d12,J&J's,0,8,0,0,,0
2026-09-25,brescia,train-station,57c42a81-73a4-4211-b3a7-c6f2e1710d12,J&J's,0,6,0,0,,0
2026-09-23,brescia,borgo-trento,5e17e468-5e56-4649-a845-c87b3fdab523,J&J's,0,3,0,0,,0
2026-09-24,brescia,borgo-trento,5e17e468-5e56-4649-a845-c87b3fdab523,J&J's,0,8,0,0,,0
2026-09-25,brescia,borgo-trento,5e17e468-5e56-4649-a845-c87b3fdab523,J&J's,0,6,0,0,,0
2026-09-23,brescia,gussago,6ba226bb-6e15-47fa-9c4a-82bf8c1a2042,J&J's,0,3,0,0,,0
2026-09-24,brescia,gussago,6ba226bb-6e15-47fa-9c4a-82bf8c1a2042,J&J's,0,8,0,0,,0
2026-09-25,brescia,gussago,6ba226bb-6e15-47fa-9c4a-82bf8c1a2042,J&J's,0,6,0,0,,0
2026-09-23,brescia,gazzolo,7d23101f-4688-45ff-95a3-5568b3f15e93,J&J's,0,3,0,0,,0
2026-09-24,brescia,gazzolo,7d23101f-4688-45ff-95a3-5568b3f15e93,J&J's,0,8,0,0,,0
2026-09-25,brescia,gazzolo,7d23101f-4688-45ff-95a3-5568b3f15e93,J&J's,0,6,0,0,,0
2026-09-23,brescia,urago-mella,8263ece9-5bdb-486b-8a47-24c4a8b69b84,J&J's,0,3,0,0,,0
2026-09-24,brescia,urago-mella,8263ece9-5bdb-486b-8a47-24c4a8b69b84,J&J's,0,8,0,0,,0
2026-09-25,brescia,urago-mella,8263ece9-5bdb-486b-8a47-24c4a8b69b84,J&J's,0,6,0,0,,0
2026-09-23,brescia,marchì,8d743414-87d3-4145-a24b-b5a89e24cc26,J&J's,0,3,0,0,,0
2026-09-24,brescia,marchì,8d743414-87d3-4145-a24b-b5a89e24cc26,J&J's,0,8,0,0,,0
2026-09-25,brescia,marchì,8d743414-87d3-4145-a24b-b5a89e24cc26,J&J's,0,6,0,0,,0
2026-09-23,brescia,nuvolera,95a8ab07-d642-4bf0-be11-9ec600aee1d7,J&J's,0,3,0,0,,0
2026-09-24,brescia,nuvolera,95a8ab07-d642-4bf0-be11-9ec600aee1d7,J&J's,0,8,0,0,,0
2026-09-25,brescia,nuvolera,95a8ab07-d642-4bf0-be11-9ec600aee1d7,J&J's,0,6,0,0,,0
2026-09-23,brescia,calvisano,a02be727-d67f-4001-a10b-4d33721d624e,J&J's,0,3,0,0,,0
2026-09-24,brescia,calvisano,a02be727-d67f-4001-a10b-4d33721d624e,J&J's,0,8,0,0,,0
2026-09-25,brescia,calvisano,a02be727-d67f-4001-a10b-4d33721d624e,J&J's,0,6,0,0,,0
2026-09-23,brescia,montichiari,a7e9f228-1a02-439b-9301-02e5cd622d84,J&J's,0,3,0,0,,0
2026-09-24,brescia,montichiari,a7e9f228-1a02-439b-9301-02e5cd622d84,J&J's,0,8,0,0,,0
2026-09-25,brescia,montichiari,a7e9f228-1a02-439b-9301-02e5cd622d84,J&J's,0,6,0,0,,0
2026-09-23,brescia,castegnato,a87fcaf1-61bb-4496-8529-7ae06c336630,J&J's,0,3,0,0,,0
2026-09-24,brescia,castegnato,a87fcaf1-61bb-4496-8529-7ae06c336630,J&J's,0,8,0,0,,0
2026-09-25,brescia,castegnato,a87fcaf1-61bb-4496-8529-7ae06c336630,J&J's,0,6,0,0,,0
2026-09-23,brescia,san-zeno-naviglio,aa1670e2-257c-47c5-af2f-4933b26e3d65,J&J's,0,3,0,0,,0
2026-09-24,brescia,san-zeno-naviglio,aa1670e2-257c-47c5-af2f-4933b26e3d65,J&J's,0,8,0,0,,0
2026-09-25,brescia,san-zeno-naviglio,aa1670e2-257c-47c5-af2f-4933b26e3d65,J&J's,0,6,0,0,,0
2026-09-23,brescia,don-bosco,aba46bb4-72a9-446f-9a86-c3c3ebb999f0,J&J's,0,3,0,0,,0
2026-09-24,brescia,don-bosco,aba46bb4-72a9-446f-9a86-c3c3ebb999f0,J&J's,0,8,0,0,,0
2026-09-25,brescia,don-bosco,aba46bb4-72a9-446f-9a86-c3c3ebb999f0,J&J's,0,6,0,0,,0
2026-09-23,brescia,poncarale,b1a227aa-548f-4246-8cd8-9490e0a247d3,J&J's,0,3,0,0,,0
2026-09-24,brescia,poncarale,b1a227aa-548f-4246-8cd8-9490e0a247d3,J&J's,0,8,0,0,,0
2026-09-25,brescia,poncarale,b1a227aa-548f-4246-8cd8-9490e0a247d3,J&J's,0,6,0,0,,0
2026-09-23,brescia,train-station,bd9f0833-98c6-44b5-a0cc-328b4a2c9a08,J&J's,100,3,2,2,2.0,2
2026-09-24,brescia,train-station,bd9f0833-98c6-44b5-a0cc-328b4a2c9a08,J&J's,100,8,2,2,2.0,2
2026-09-25,brescia,train-station,bd9f0833-98c6-44b5-a0cc-328b4a2c9a08,J&J's,100,6,2,1,2.0,2
2026-09-23,brescia,castiglione-delle-stiviere,c35e703d-0936-48ac-b696-2e0bc5990925,J&J's,0,3,0,0,,0
2026-09-24,brescia,castiglione-delle-stiviere,c35e703d-0936-48ac-b696-2e0bc5990925,J&J's,0,8,0,0,,0
2026-09-25,brescia,castiglione-delle-stiviere,c35e703d-0936-48ac-b696-2e0bc5990925,J&J's,0,6,0,0,,0
2026-09-23,brescia,castel-mella,c6d19c30-1179-4c32-95e1-49cc74c6172e,J&J's,0,3,0,0,,0
2026-09-24,brescia,castel-mella,c6d19c30-1179-4c32-95e1-49cc74c6172e,J&J's,0,8,0,0,,0
2026-09-25,brescia,castel-mella,c6d19c30-1179-4c32-95e1-49cc74c6172e,J&J's,0,6,0,0,,0
2026-09-23,brescia,san-bartolomeo,cb0bee15-753f-4382-9cc4-d7ca8bd45e3a,J&J's,0,3,0,0,,0
2026-09-24,brescia,san-bartolomeo,cb0bee15-753f-4382-9cc4-d7ca8bd45e3a,J&J's,0,8,0,0,,0
2026-09-25,brescia,san-bartolomeo,cb0bee15-753f-4382-9cc4-d7ca8bd45e3a,J&J's,0,6,0,0,,0
2026-09-23,brescia,chiusure,cec741d1-cd62-40c7-834e-6d55b27acb8e,J&J's,0,3,0,0,,0
2026-09-24,brescia,chiusure,cec741d1-cd62-40c7-834e-6d55b27acb8e,J&J's,0,8,0,0,,0
2026-09-25,brescia,chiusure,cec741d1-cd62-40c7-834e-6d55b27acb8e,J&J's,0,6,0,0,,0
2026-09-23,brescia,ghedi,d0e5152d-8503-41a9-ac2b-60d843e76971,J&J's,0,3,0,0,,0
2026-09-24,brescia,ghedi,d0e5152d-8503-41a9-ac2b-60d843e76971,J&J's,0,8,0,0,,0
2026-09-25,brescia,ghedi,d0e5152d-8503-41a9-ac2b-60d843e76971,J&J's,0,6,0,0,,0
2026-09-23,brescia,muratello,da7609b5-feb5-4bb8-82de-de1725ca26aa,J&J's,0,3,0,0,,0
2026-09-24,brescia,muratello,da7609b5-feb5-4bb8-82de-de1725ca26aa,J&J's,0,8,0,0,,0
2026-09-25,brescia,muratello,da7609b5-feb5-4bb8-82de-de1725ca26aa,J&J's,0,6,0,0,,0
2026-09-23,brescia,train-station,e2174170-c400-49ae-973d-cbf000839ae2,J&J's,0,3,0,0,,0
2026-09-24,brescia,train-station,e2174170-c400-49ae-973d-cbf000839ae2,J&J's,0,8,0,0,,0
2026-09-25,brescia,train-station,e2174170-c400-49ae-973d-cbf000839ae2,J&J's,0,6,0,0,,0
2026-09-23,brescia,castel-goffredo,e500cafd-1be4-440d-bbe1-f29fe538302d,J&J's,0,3,0,0,,0
2026-09-24,brescia,castel-goffredo,e500cafd-1be4-440d-bbe1-f29fe538302d,J&J's,0,8,0,0,,0
2026-09-25,brescia,castel-goffredo,e500cafd-1be4-440d-bbe1-f29fe538302d,J&J's,0,6,0,0,,0
2026-09-23,brescia,casazza,e50edf1b-78c1-4896-bfba-6227719be850,J&J's,0,3,0,0,,0
2026-09-24,brescia,casazza,e50edf1b-78c1-4896-bfba-6227719be850,J&J's,0,8,0,0,,0
2026-09-25,brescia,casazza,e50edf1b-78c1-4896-bfba-6227719be850,J&J's,0,6,0,0,,0
2026-09-23,brescia,brescia-old-town,e9197682-1000-4736-b6d8-2ed765f2c622,J&J's,0,3,0,0,,0
2026-09-24,brescia,brescia-old-town,e9197682-1000-4736-b6d8-2ed765f2c622,J&J's,0,8,0,0,,0
2026-09-25,brescia,brescia-old-town,e9197682-1000-4736-b6d8-2ed765f2c622,J&J's,0,6,0,0,,0
2026-09-23,brescia,saiano,e9a3f15e-5978-40e7-93c1-ee09a391a266,J&J's,0,3,0,0,,0
2026-09-24,brescia,saiano,e9a3f15e-5978-40e7-93c1-ee09a391a266,J&J's,0,8,0,0,,0
2026-09-25,brescia,saiano,e9a3f15e-5978-40e7-93c1-ee09a391a266,J&J's,0,6,0,0,,0
2026-09-23,brescia,lamarmora,ed939dcc-292d-4662-a5b4-ab0d61da24e8,J&J's,0,3,0,0,,0
2026-09-24,brescia,lamarmora,ed939dcc-292d-4662-a5b4-ab0d61da24e8,J&J's,0,8,0,0,,0
2026-09-25,brescia,lamarmora,ed939dcc-292d-4662-a5b4-ab0d61da24e8,J&J's,0,6,0,0,,0
2026-09-23,brescia,torbole,f0f697cc-1cb1-4137-bf43-fe7837297ae9,J&J's,0,3,0,0,,0
2026-09-24,brescia,torbole,f0f697cc-1cb1-4137-bf43-fe7837297ae9,J&J's,0,8,0,0,,0
2026-09-25,brescia,torbole,f0f697cc-1cb1-4137-bf43-fe7837297ae9,J&J's,0,6,0,0,,0
2026-09-23,brindisi,commenda,39152c75-45ef-41a6-a980-6292b414a19f,J&J's,0,3,0,0,,0
2026-09-24,brindisi,commenda,39152c75-45ef-41a6-a980-6292b414a19f,J&J's,0,8,0,0,,0
2026-09-25,brindisi,commenda,39152c75-45ef-41a6-a980-6292b414a19f,J&J's,0,6,0,0,,0
2026-09-23,brindisi,mesagne,5958f920-e8c4-4aaa-a2b7-d69c62f58c34,J&J's,0,3,0,0,,0
2026-09-24,brindisi,mesagne,5958f920-e8c4-4aaa-a2b7-d69c62f58c34,J&J's,0,8,0,0,,0
2026-09-25,brindisi,mesagne,5958f920-e8c4-4aaa-a2b7-d69c62f58c34,J&J's,0,6,0,0,,0
2026-09-23,brindisi,central-station,7904a6f1-b481-4c34-93d3-79c86e003b83,J&J's,0,3,0,0,,0
2026-09-24,brindisi,central-station,7904a6f1-b481-4c34-93d3-79c86e003b83,J&J's,0,8,0,0,,0
2026-09-25,brindisi,central-station,7904a6f1-b481-4c34-93d3-79c86e003b83,J&J's,0,6,0,0,,0
2026-09-23,brindisi,city-centre,8c1a71dc-2679-4b8f-8495-b01c6e874c88,J&J's,100,3,1,1,1.0,1
2026-09-24,brindisi,city-centre,8c1a71dc-2679-4b8f-8495-b01c6e874c88,J&J's,100,8,1,1,1.0,1
2026-09-25,brindisi,city-centre,8c1a71dc-2679-4b8f-8495-b01c6e874c88,J&J's,100,6,1,1,1.0,1
2026-09-23,brindisi,villaggio-dei-pescatori,a3dcfe80-1f31-4306-879b-bcde0fb3727b,J&J's,0,3,0,0,,0
2026-09-24,brindisi,villaggio-dei-pescatori,a3dcfe80-1f31-4306-879b-bcde0fb3727b,J&J's,0,8,0,0,,0
2026-09-25,brindisi,villaggio-dei-pescatori,a3dcfe80-1f31-4306-879b-bcde0fb3727b,J&J's,0,6,0,0,,0
2026-09-23,brindisi,cappuccini,a7f93cf3-26ec-4f56-aa6b-5b3b5e4da3fc,J&J's,0,3,0,0,,0
2026-09-24,brindisi,cappuccini,a7f93cf3-26ec-4f56-aa6b-5b3b5e4da3fc,J&J's,0,8,0,0,,0
2026-09-25,brindisi,cappuccini,a7f93cf3-26ec-4f56-aa6b-5b3b5e4da3fc,J&J's,0,6,0,0,,0
2026-09-23,brindisi,central-station,b4d6ec05-e08e-42e4-93f3-1c6094d9a611,J&J's,0,3,7,7,,7
2026-09-24,brindisi,central-station,b4d6ec05-e08e-42e4-93f3-1c6094d9a611,J&J's,0,8,7,5,,7
2026-09-25,brindisi,central-station,b4d6ec05-e08e-42e4-93f3-1c6094d9a611,J&J's,0,6,6,6,,6
2026-09-23,brindisi,city-centre,bcd6904f-b02b-41a8-9e99-9a2ee67d55e5,J&J's,0,3,1,1,,1
2026-09-24,brindisi,city-centre,bcd6904f-b02b-41a8-9e99-9a2ee67d55e5,J&J's,0,8,1,1,,1
2026-09-25,brindisi,city-centre,bcd6904f-b02b-41a8-9e99-9a2ee67d55e5,J&J's,0,6,1,0,,1
2026-09-23,brindisi,ostuni,c1e54d54-630e-40de-9299-e32021435d49,J&J's,100,3,3,3,3.0,3
2026-09-24,brindisi,ostuni,c1e54d54-630e-40de-9299-e32021435d49,J&J's,100,8,3,3,3.0,3
2026-09-25,brindisi,ostuni,c1e54d54-630e-40de-9299-e32021435d49,J&J's,100,6,4,4,4.0,4
2026-09-23,brindisi,mesagne,c7524d67-d830-4969-bb27-047cf00a934a,J&J's,0,3,0,0,,0
2026-09-24,brindisi,mesagne,c7524d67-d830-4969-bb27-047cf00a934a,J&J's,0,8,0,0,,0
2026-09-25,brindisi,mesagne,c7524d67-d830-4969-bb27-047cf00a934a,J&J's,0,6,0,0,,0
2026-09-23,brindisi,city-centre,cef25b5b-2daf-4c0c-858c-3657d77ae00b,J&J's,0,3,2,1,,2
2026-09-24,brindisi,city-centre,cef25b5b-2daf-4c0c-858c-3657d77ae00b,J&J's,0,8,1,1,,1
2026-09-25,brindisi,city-centre,cef25b5b-2daf-4c0c-858c-3657d77ae00b,J&J's,0,6,1,1,,1
2026-09-23,cagliari,stazione,00753e0f-2d88-4793-a206-0388945b7125,J&J's,0,3,0,0,,0
2026-09-24,cagliari,stazione,00753e0f-2d88-4793-a206-0388945b7125,J&J's,0,8,0,0,,0
2026-09-25,cagliari,stazione,00753e0f-2d88-4793-a206-0388945b7125,J&J's,0,6,0,0,,0
2026-09-23,cagliari,sestu,094295e7-9ff7-4242-8d46-0cb1f59141db,J&J's,0,3,0,0,,0
2026-09-24,cagliari,sestu,094295e7-9ff7-4242-8d46-0cb1f59141db,J&J's,0,8,0,0,,0
2026-09-25,cagliari,sestu,094295e7-9ff7-4242-8d46-0cb1f59141db,J&J's,0,6,0,0,,0
2026-09-23,cagliari,genneruxi,1b7748bd-2715-42a2-85dd-f5419297dcc1,J&J's,0,3,0,0,,0
2026-09-24,cagliari,genneruxi,1b7748bd-2715-42a2-85dd-f5419297dcc1,J&J's,0,8,0,0,,0
2026-09-25,cagliari,genneruxi,1b7748bd-2715-42a2-85dd-f5419297dcc1,J&J's,0,6,0,0,,0
2026-09-23,cagliari,cepola,203c28c7-1c3a-4321-93dc-ad16417433c7,J&J's,0,3,0,0,,0
2026-09-24,cagliari,cepola,203c28c7-1c3a-4321-93dc-ad16417433c7,J&J's,0,8,0,0,,0
2026-09-25,cagliari,cepola,203c28c7-1c3a-4321-93dc-ad16417433c7,J&J's,0,6,0,0,,0
2026-09-23,cagliari,paùli/monserrato,2a4bb252-aa29-4cad-82d4-deccbbf09e27,J&J's,0,3,0,0,,0
2026-09-24,cagliari,paùli/monserrato,2a4bb252-aa29-4cad-82d4-deccbbf09e27,J&J's,0,8,0,0,,0
2026-09-25,cagliari,paùli/monserrato,2a4bb252-aa29-4cad-82d4-deccbbf09e27,J&J's,0,6,0,0,,0
2026-09-23,cagliari,marina,2eb1f218-b70f-4eb5-afc9-afed288a51fd,J&J's,0,3,7,6,,7
2026-09-24,cagliari,marina,2eb1f218-b70f-4eb5-afc9-afed288a51fd,J&J's,0,8,4,2,,4
2026-09-25,cagliari,marina,2eb1f218-b70f-4eb5-afc9-afed288a51fd,J&J's,0,6,2,2,,2
2026-09-23,cagliari,city-center,35824e27-b20f-4cd8-bf0e-ad13362615a9,J&J's,0,3,0,0,,0
2026-09-24,cagliari,city-center,35824e27-b20f-4cd8-bf0e-ad13362615a9,J&J's,0,8,0,0,,0
2026-09-25,cagliari,city-center,35824e27-b20f-4cd8-bf0e-ad13362615a9,J&J's,0,6,0,0,,0
2026-09-23,cagliari,sestu,360fd91f-2dc2-44af-bd21-f8b957d55966,J&J's,0,3,0,0,,0
2026-09-24,cagliari,sestu,360fd91f-2dc2-44af-bd21-f8b957d55966,J&J's,0,8,0,0,,0
2026-09-25,cagliari,sestu,360fd91f-2dc2-44af-bd21-f8b957d55966,J&J's,0,6,0,0,,0
2026-09-23,cagliari,selargius,48d4681c-a935-4f76-acfd-b2b5dc6ae929,J&J's,0,3,0,0,,0
2026-09-24,cagliari,selargius,48d4681c-a935-4f76-acfd-b2b5dc6ae929,J&J's,0,8,0,0,,0
2026-09-25,cagliari,selargius,48d4681c-a935-4f76-acfd-b2b5dc6ae929,J&J's,0,6,0,0,,0
2026-09-23,cagliari,bonaria,51e5e0ea-c33e-4993-a86f-90473a9f08b6,J&J's,0,3,1,1,,1
2026-09-24,cagliari,bonaria,51e5e0ea-c33e-4993-a86f-90473a9f08b6,J&J's,0,8,1,0,,1
2026-09-25,cagliari,bonaria,51e5e0ea-c33e-4993-a86f-90473a9f08b6,J&J's,0,6,0,0,,0
2026-09-23,cagliari,stazione,57c632ee-9024-4d15-b0be-9a1fe5ab1622,J&J's,0,3,10,10,,10
2026-09-24,cagliari,stazione,57c632ee-9024-4d15-b0be-9a1fe5ab1622,J&J's,0,8,13,13,,13
2026-09-25,cagliari,stazione,57c632ee-9024-4d15-b0be-9a1fe5ab1622,J&J's,0,6,13,12,,13
2026-09-23,cagliari,marina,5af71a55-2956-4214-a8e4-7e5aea243598,J&J's,0,3,3,3,,3
2026-09-24,cagliari,marina,5af71a55-2956-4214-a8e4-7e5aea243598,J&J's,0,8,3,3,,3
2026-09-25,cagliari,marina,5af71a55-2956-4214-a8e4-7e5aea243598,J&J's,0,6,3,3,,3
2026-09-23,cagliari,selargius,5d46c0f5-a6e5-4e96-b344-7176a0a1e0bf,J&J's,0,3,0,0,,0
2026-09-24,cagliari,selargius,5d46c0f5-a6e5-4e96-b344-7176a0a1e0bf,J&J's,0,8,0,0,,0
2026-09-25,cagliari,selargius,5d46c0f5-a6e5-4e96-b344-7176a0a1e0bf,J&J's,0,6,0,0,,0
2026-09-23,cagliari,quartùcciu/quartucciu,621e9907-d650-4342-a0fb-f2edf7be6acb,J&J's,0,3,0,0,,0
2026-09-24,cagliari,quartùcciu/quartucciu,621e9907-d650-4342-a0fb-f2edf7be6acb,J&J's,0,8,0,0,,0
2026-09-25,cagliari,quartùcciu/quartucciu,621e9907-d650-4342-a0fb-f2edf7be6acb,J&J's,0,6,0,0,,0
2026-09-23,cagliari,funtan'e-ortus,62b578bd-6fc5-48a6-aa72-18d0c740fe00,J&J's,0,3,1,1,,1
2026-09-24,cagliari,funtan'e-ortus,62b578bd-6fc5-48a6-aa72-18d0c740fe00,J&J's,0,8,1,1,,1
2026-09-25,cagliari,funtan'e-ortus,62b578bd-6fc5-48a6-aa72-18d0c740fe00,J&J's,0,6,1,1,,1
2026-09-23,cagliari,sicci-san-biagio,6aeb8eac-cc50-45fe-aa9a-aea97f957972,J&J's,0,3,0,0,,0
2026-09-24,cagliari,sicci-san-biagio,6aeb8eac-cc50-45fe-aa9a-aea97f957972,J&J's,0,8,0,0,,0
2026-09-25,cagliari,sicci-san-biagio,6aeb8eac-cc50-45fe-aa9a-aea97f957972,J&J's,0,6,0,0,,0
2026-09-23,cagliari,city-center,6b7c0aa5-317a-4e4d-b58a-8f72d664acf1,J&J's,0,3,1,1,,1
2026-09-24,cagliari,city-center,6b7c0aa5-317a-4e4d-b58a-8f72d664acf1,J&J's,0,8,1,1,,1
2026-09-25,cagliari,city-center,6b7c0aa5-317a-4e4d-b58a-8f72d664acf1,J&J's,0,6,1,1,,1
2026-09-23,cagliari,sant'antonio,708d90cb-20c2-4ad8-990c-6b2dfb7444aa,J&J's,0,3,0,0,,0
2026-09-24,cagliari,sant'antonio,708d90cb-20c2-4ad8-990c-6b2dfb7444aa,J&J's,0,8,0,0,,0
2026-09-25,cagliari,sant'antonio,708d90cb-20c2-4ad8-990c-6b2dfb7444aa,J&J's,0,6,0,0,,0
2026-09-23,cagliari,city-center,81d98bf9-6240-476c-996c-5c52038fccb4,J&J's,0,3,0,0,,0
2026-09-24,cagliari,city-center,81d98bf9-6240-476c-996c-5c52038fccb4,J&J's,0,8,0,0,,0
2026-09-25,cagliari,city-center,81d98bf9-6240-476c-996c-5c52038fccb4,J&J's,0,6,0,0,,0
2026-09-23,cagliari,sìnnia/sinnai,90a2afd0-a33a-4b76-8e55-12d571e03d2d,J&J's,0,3,0,0,,0
2026-09-24,cagliari,sìnnia/sinnai,90a2afd0-a33a-4b76-8e55-12d571e03d2d,J&J's,0,8,0,0,,0
2026-09-25,cagliari,sìnnia/sinnai,90a2afd0-a33a-4b76-8e55-12d571e03d2d,J&J's,0,6,0,0,,0
2026-09-23,cagliari,sìnnia/sinnai,a8624bdd-df6b-4261-afda-406a0b91c4d2,J&J's,0,3,0,0,,0
2026-09-24,cagliari,sìnnia/sinnai,a8624bdd-df6b-4261-afda-406a0b91c4d2,J&J's,0,8,0,0,,0
2026-09-25,cagliari,sìnnia/sinnai,a8624bdd-df6b-4261-afda-406a0b91c4d2,J&J's,0,6,0,0,,0
2026-09-23,cagliari,sant'avendrace,ac035f5b-deb2-4c8f-87de-8342dac65fd6,J&J's,0,3,0,0,,0
2026-09-24,cagliari,sant'avendrace,ac035f5b-deb2-4c8f-87de-8342dac65fd6,J&J's,0,8,0,0,,0
2026-09-25,cagliari,sant'avendrace,ac035f5b-deb2-4c8f-87de-8342dac65fd6,J&J's,0,6,0,0,,0
2026-09-23,cagliari,quartu-sant'aleni/quartu-sant'elena,b78dc072-b6ea-4394-8fac-2ec81da7c713,J&J's,0,3,0,0,,0
2026-09-24,cagliari,quartu-sant'aleni/quartu-sant'elena,b78dc072-b6ea-4394-8fac-2ec81da7c713,J&J's,0,8,0,0,,0
2026-09-25,cagliari,quartu-sant'aleni/quartu-sant'elena,b78dc072-b6ea-4394-8fac-2ec81da7c713,J&J's,0,6,0,0,,0
2026-09-23,cagliari,paùli/monserrato,bad7c128-23b6-4376-95d5-58d54f778e3a,J&J's,0,3,0,0,,0
2026-09-24,cagliari,paùli/monserrato,bad7c128-23b6-4376-95d5-58d54f778e3a,J&J's,0,8,0,0,,0
2026-09-25,cagliari,paùli/monserrato,bad7c128-23b6-4376-95d5-58d54f778e3a,J&J's,0,6,0,0,,0
2026-09-23,cagliari,la-vega,bc987825-d7ac-4dda-93ee-7b78579f8c6e,J&J's,0,3,0,0,,0
2026-09-24,cagliari,la-vega,bc987825-d7ac-4dda-93ee-7b78579f8c6e,J&J's,0,8,0,0,,0
2026-09-25,cagliari,la-vega,bc987825-d7ac-4dda-93ee-7b78579f8c6e,J&J's,0,6,0,0,,0
2026-09-23,cagliari,poetto,c19bb832-d52c-4de6-b15e-8c47fee7d4d1,J&J's,0,3,1,1,,1
2026-09-24,cagliari,poetto,c19bb832-d52c-4de6-b15e-8c47fee7d4d1,J&J's,0,8,1,1,,1
2026-09-25,cagliari,poetto,c19bb832-d52c-4de6-b15e-8c47fee7d4d1,J&J's,0,6,1,1,,1
2026-09-23,cagliari,selargius,c60d9795-8f9b-4f3d-9930-d0bee9d4bf17,J&J's,0,3,0,0,,0
2026-09-24,cagliari,selargius,c60d9795-8f9b-4f3d-9930-d0bee9d4bf17,J&J's,0,8,0,0,,0
2026-09-25,cagliari,selargius,c60d9795-8f9b-4f3d-9930-d0bee9d4bf17,J&J's,0,6,0,0,,0
2026-09-23,cagliari,sant'avendrace-santa-gilla,c8706b66-b925-4671-8962-7bc3247c1c71,J&J's,0,3,0,0,,0
2026-09-24,cagliari,sant'avendrace-santa-gilla,c8706b66-b925-4671-8962-7bc3247c1c71,J&J's,0,8,0,0,,0
2026-09-25,cagliari,sant'avendrace-santa-gilla,c8706b66-b925-4671-8962-7bc3247c1c71,J&J's,0,6,0,0,,0
2026-09-23,cagliari,city-center,cabeaa07-2f82-4b4b-a688-ca0efc222e24,J&J's,0,3,0,0,,0
2026-09-24,cagliari,city-center,cabeaa07-2f82-4b4b-a688-ca0efc222e24,J&J's,0,8,0,0,,0
2026-09-25,cagliari,city-center,cabeaa07-2f82-4b4b-a688-ca0efc222e24,J&J's,0,6,0,0,,0
2026-09-23,cagliari,stazione,e475a890-770c-4ccc-bd93-489ed04b10cf,J&J's,0,3,0,0,,0
2026-09-24,cagliari,stazione,e475a890-770c-4ccc-bd93-489ed04b10cf,J&J's,0,8,1,1,,1
2026-09-25,cagliari,stazione,e475a890-770c-4ccc-bd93-489ed04b10cf,J&J's,0,6,1,1,,1
2026-09-23,cagliari,stazione,e5990029-0254-4f8c-a61f-addbe327e725,J&J's,0,3,2,1,,2
2026-09-24,cagliari,stazione,e5990029-0254-4f8c-a61f-addbe327e725,J&J's,0,8,1,1,,1
2026-09-25,cagliari,stazione,e5990029-0254-4f8c-a61f-addbe327e725,J&J's,0,6,1,0,,1
2026-09-23,cagliari,monteleone---santa-rosalia,eec00927-e72f-4629-ab24-af416b70d87f,J&J's,0,3,1,1,,1
2026-09-24,cagliari,monteleone---santa-rosalia,eec00927-e72f-4629-ab24-af416b70d87f,J&J's,0,8,1,1,,1
2026-09-25,cagliari,monteleone---santa-rosalia,eec00927-e72f-4629-ab24-af416b70d87f,J&J's,0,6,1,1,,1
2026-09-23,cagliari,piri-piri,f6c4476e-e91a-4c36-b044-3d1b0615233f,J&J's,0,3,0,0,,0
2026-09-24,cagliari,piri-piri,f6c4476e-e91a-4c36-b044-3d1b0615233f,J&J's,0,8,0,0,,0
2026-09-25,cagliari,piri-piri,f6c4476e-e91a-4c36-b044-3d1b0615233f,J&J's,0,6,0,0,,0
2026-09-23,campobasso,,5a5c54e4-c966-411a-a943-93837651ab45,J&J's,100,3,0,0,0.0,0
2026-09-24,campobasso,,5a5c54e4-c966-411a-a943-93837651ab45,J&J's,100,8,0,0,0.0,0
2026-09-25,campobasso,,5a5c54e4-c966-411a-a943-93837651ab45,J&J's,100,6,0,0,0.0,0
2026-09-23,campobasso,vazzieri,7debcd7a-80b8-4d79-8f9e-0cd54c4e9629,J&J's,0,3,0,0,,0
2026-09-24,campobasso,vazzieri,7debcd7a-80b8-4d79-8f9e-0cd54c4e9629,J&J's,0,8,0,0,,0
2026-09-25,campobasso,vazzieri,7debcd7a-80b8-4d79-8f9e-0cd54c4e9629,J&J's,0,6,0,0,,0
2026-09-23,campobasso,cep,90d39ee8-b858-4fd7-b8c4-b3f872d4a0b6,J&J's,0,3,1,1,,1
2026-09-24,campobasso,cep,90d39ee8-b858-4fd7-b8c4-b3f872d4a0b6,J&J's,0,8,1,1,,1
2026-09-25,campobasso,cep,90d39ee8-b858-4fd7-b8c4-b3f872d4a0b6,J&J's,0,6,1,1,,1
2026-09-23,caserta,maddaloni,00b1f61d-99b1-4a71-9df2-5cd9227f246d,J&J's,0,3,0,0,,0
2026-09-24,caserta,maddaloni,00b1f61d-99b1-4a71-9df2-5cd9227f246d,J&J's,0,8,0,0,,0
2026-09-25,caserta,maddaloni,00b1f61d-99b1-4a71-9df2-5cd9227f246d,J&J's,0,6,0,0,,0
2026-09-23,caserta,rione-savignano,0350c6b7-00da-4f5a-90d1-a0891dbbde9b,J&J's,0,3,0,0,,0
2026-09-24,caserta,rione-savignano,0350c6b7-00da-4f5a-90d1-a0891dbbde9b,J&J's,0,8,0,0,,0
2026-09-25,caserta,rione-savignano,0350c6b7-00da-4f5a-90d1-a0891dbbde9b,J&J's,0,6,0,0,,0
2026-09-23,caserta,marcianise,0792e640-3df7-4fa6-bfdd-c1088a48515a,J&J's,0,3,0,0,,0
2026-09-24,caserta,marcianise,0792e640-3df7-4fa6-bfdd-c1088a48515a,J&J's,0,8,0,0,,0
2026-09-25,caserta,marcianise,0792e640-3df7-4fa6-bfdd-c1088a48515a,J&J's,0,6,0,0,,0
2026-09-23,caserta,borgo-san-lorenzo,0794e50c-0d62-4302-8ee1-e95959e0de6f,J&J's,0,3,0,0,,0
2026-09-24,caserta,borgo-san-lorenzo,0794e50c-0d62-4302-8ee1-e95959e0de6f,J&J's,0,8,0,0,,0
2026-09-25,caserta,borgo-san-lorenzo,0794e50c-0d62-4302-8ee1-e95959e0de6f,J&J's,0,6,0,0,,0
2026-09-23,caserta,marcianise,0ba31bb6-3e65-4667-8a33-ee15c1f62827,J&J's,0,3,0,0,,0
2026-09-24,caserta,marcianise,0ba31bb6-3e65-4667-8a33-ee15c1f62827,J&J's,0,8,0,0,,0
2026-09-25,caserta,marcianise,0ba31bb6-3e65-4667-8a33-ee15c1f62827,J&J's,0,6,0,0,,0
2026-09-23,caserta,frignano,0be2ac76-c7ef-4ecc-987f-0f8c6dd528e3,J&J's,0,3,0,0,,0
2026-09-24,caserta,frignano,0be2ac76-c7ef-4ecc-987f-0f8c6dd528e3,J&J's,0,8,0,0,,0
2026-09-25,caserta,frignano,0be2ac76-c7ef-4ecc-987f-0f8c6dd528e3,J&J's,0,6,0,0,,0
2026-09-23,caserta,cesa,0c9f9b77-3748-4d4d-bbe5-6bf5be57ac8a,J&J's,0,3,0,0,,0
2026-09-24,caserta,cesa,0c9f9b77-3748-4d4d-bbe5-6bf5be57ac8a,J&J's,0,8,0,0,,0
2026-09-25,caserta,cesa,0c9f9b77-3748-4d4d-bbe5-6bf5be57ac8a,J&J's,0,6,0,0,,0
2026-09-23,caserta,succivo,0d870bc5-a81f-42e5-adef-5a7a328c0e47,J&J's,0,3,0,0,,0
2026-09-24,caserta,succivo,0d870bc5-a81f-42e5-adef-5a7a328c0e47,J&J's,0,8,0,0,,0
2026-09-25,caserta,succivo,0d870bc5-a81f-42e5-adef-5a7a328c0e47,J&J's,0,6,0,0,,0
2026-09-23,caserta,pagani-di-marcianise,0f24d640-b1b7-46b8-8488-472a9e2e2be6,J&J's,0,3,0,0,,0
2026-09-24,caserta,pagani-di-marcianise,0f24d640-b1b7-46b8-8488-472a9e2e2be6,J&J's,0,8,0,0,,0
2026-09-25,caserta,pagani-di-marcianise,0f24d640-b1b7-46b8-8488-472a9e2e2be6,J&J's,0,6,0,0,,0
2026-09-23,caserta,capua,1189e463-e9b4-4354-8176-cc7710a965f8,J&J's,0,3,0,0,,0
2026-09-24,caserta,capua,1189e463-e9b4-4354-8176-cc7710a965f8,J&J's,0,8,0,0,,0
2026-09-25,caserta,capua,1189e463-e9b4-4354-8176-cc7710a965f8,J&J's,0,6,0,0,,0
2026-09-23,caserta,san-nicola-la-strada,1279c693-3793-4cfc-87a2-cc07542d8ea9,J&J's,0,3,0,0,,0
2026-09-24,caserta,san-nicola-la-strada,1279c693-3793-4cfc-87a2-cc07542d8ea9,J&J's,0,8,0,0,,0
2026-09-25,caserta,san-nicola-la-strada,1279c693-3793-4cfc-87a2-cc07542d8ea9,J&J's,0,6,0,0,,0
2026-09-23,caserta,cuccagna,1513bd3a-a83e-4061-aea4-a7bac29092d8,J&J's,0,3,0,0,,0
2026-09-24,caserta,cuccagna,1513bd3a-a83e-4061-aea4-a7bac29092d8,J&J's,0,8,0,0,,0
2026-09-25,caserta,cuccagna,1513bd3a-a83e-4061-aea4-a7bac29092d8,J&J's,0,6,0,0,,0
2026-09-23,caserta,pastorano,1553eb89-113d-4e6b-81ea-e7a8906c0c64,J&J's,0,3,0,0,,0
2026-09-24,caserta,pastorano,1553eb89-113d-4e6b-81ea-e7a8906c0c64,J&J's,0,8,0,0,,0
2026-09-25,caserta,pastorano,1553eb89-113d-4e6b-81ea-e7a8906c0c64,J&J's,0,6,0,0,,0
2026-09-23,caserta,casal-di-principe,159b4626-32c5-423e-bb4b-cdbc255df66e,J&J's,0,3,0,0,,0
2026-09-24,caserta,casal-di-principe,159b4626-32c5-423e-bb4b-cdbc255df66e,J&J's,0,8,0,0,,0
2026-09-25,caserta,casal-di-principe,159b4626-32c5-423e-bb4b-cdbc255df66e,J&J's,0,6,0,0,,0
2026-09-23,caserta,santa-maria-a-vico,16b3152b-6c47-4c59-910e-ada0a3542481,J&J's,0,3,0,0,,0
2026-09-24,caserta,santa-maria-a-vico,16b3152b-6c47-4c59-910e-ada0a3542481,J&J's,0,8,0,0,,0
2026-09-25,caserta,santa-maria-a-vico,16b3152b-6c47-4c59-910e-ada0a3542481,J&J's,0,6,0,0,,0
2026-09-23,caserta,talanico,17106f35-c260-4718-9678-329f6771d2c0,J&J's,0,3,0,0,,0
2026-09-24,caserta,talanico,17106f35-c260-4718-9678-329f6771d2c0,J&J's,0,8,0,0,,0
2026-09-25,caserta,talanico,17106f35-c260-4718-9678-329f6771d2c0,J&J's,0,6,0,0,,0
2026-09-23,caserta,city-center,2084e8ea-7a66-47bf-83c8-e28daa1d8af5,J&J's,50,3,0,0,0.0,0
2026-09-24,caserta,city-center,2084e8ea-7a66-47bf-83c8-e28daa1d8af5,J&J's,50,8,0,0,0.0,0
2026-09-25,caserta,city-center,2084e8ea-7a66-47bf-83c8-e28daa1d8af5,J&J's,50,6,0,0,0.0,0
2026-09-23,caserta,caiazzo,221357f6-95ec-488b-8acc-dd11cdaa8442,J&J's,0,3,0,0,,0
2026-09-24,caserta,caiazzo,221357f6-95ec-488b-8acc-dd11cdaa8442,J&J's,0,8,0,0,,0
2026-09-25,caserta,caiazzo,221357f6-95ec-488b-8acc-dd11cdaa8442,J&J's,0,6,0,0,,0
2026-09-23,caserta,sant'andrea-dei-lagni,241817a0-8a11-47e0-b227-a9b3594d2c6b,J&J's,0,3,0,0,,0
2026-09-24,caserta,sant'andrea-dei-lagni,241817a0-8a11-47e0-b227-a9b3594d2c6b,J&J's,0,8,0,0,,0
2026-09-25,caserta,sant'andrea-dei-lagni,241817a0-8a11-47e0-b227-a9b3594d2c6b,J&J's,0,6,0,0,,0
2026-09-23,caserta,cancello-scalo,251963d3-fce0-48f6-a0dd-aa40096da906,J&J's,0,3,0,0,,0
2026-09-24,caserta,cancello-scalo,251963d3-fce0-48f6-a0dd-aa40096da906,J&J's,0,8,0,0,,0
2026-09-25,caserta,cancello-scalo,251963d3-fce0-48f6-a0dd-aa40096da906,J&J's,0,6,0,0,,0
2026-09-23,caserta,piana-di-monte-verna,262db3e0-d315-4fd3-a53a-fe1112883566,J&J's,0,3,0,0,,0
2026-09-24,caserta,piana-di-monte-verna,262db3e0-d315-4fd3-a53a-fe1112883566,J&J's,0,8,0,0,,0
2026-09-25,caserta,piana-di-monte-verna,262db3e0-d315-4fd3-a53a-fe1112883566,J&J's,0,6,0,0,,0
2026-09-23,caserta,parco-degli-aranci-/-167,2aff29be-2c6a-40c2-ad5d-6a0587eca069,J&J's,0,3,0,0,,0
2026-09-24,caserta,parco-degli-aranci-/-167,2aff29be-2c6a-40c2-ad5d-6a0587eca069,J&J's,0,8,0,0,,0
2026-09-25,caserta,parco-degli-aranci-/-167,2aff29be-2c6a-40c2-ad5d-6a0587eca069,J&J's,0,6,0,0,,0
2026-09-23,caserta,petrarelle,2b86b06c-7994-4e50-b78e-297f5b7de41e,J&J's,0,3,0,0,,0
2026-09-24,caserta,petrarelle,2b86b06c-7994-4e50-b78e-297f5b7de41e,J&J's,0,8,0,0,,0
2026-09-25,caserta,petrarelle,2b86b06c-7994-4e50-b78e-297f5b7de41e,J&J's,0,6,0,0,,0
2026-09-23,caserta,sant'andrea-dei-lagni,2c92eb52-6759-4c59-bc99-70a9e724c7a8,J&J's,0,3,0,0,,0
2026-09-24,caserta,sant'andrea-dei-lagni,2c92eb52-6759-4c59-bc99-70a9e724c7a8,J&J's,0,8,0,0,,0
2026-09-25,caserta,sant'andrea-dei-lagni,2c92eb52-6759-4c59-bc99-70a9e724c7a8,J&J's,0,6,0,0,,0
2026-09-23,caserta,rione-costantinopoli,2dea704c-ccab-40c4-9cbe-32ed368a1434,J&J's,0,3,0,0,,0
2026-09-24,caserta,rione-costantinopoli,2dea704c-ccab-40c4-9cbe-32ed368a1434,J&J's,0,8,0,0,,0
2026-09-25,caserta,rione-costantinopoli,2dea704c-ccab-40c4-9cbe-32ed368a1434,J&J's,0,6,0,0,,0
2026-09-23,caserta,santa-maria-capua-vetere,303322b1-db34-42ed-be1e-6c9def3d39b3,J&J's,0,3,0,0,,0
2026-09-24,caserta,santa-maria-capua-vetere,303322b1-db34-42ed-be1e-6c9def3d39b3,J&J's,0,8,0,0,,0
2026-09-25,caserta,santa-maria-capua-vetere,303322b1-db34-42ed-be1e-6c9def3d39b3,J&J's,0,6,0,0,,0
2026-09-23,caserta,maddaloni,3a1c95c9-6da2-4546-b24e-c0fce5bce66d,J&J's,0,3,0,0,,0
2026-09-24,caserta,maddaloni,3a1c95c9-6da2-4546-b24e-c0fce5bce66d,J&J's,0,8,0,0,,0
2026-09-25,caserta,maddaloni,3a1c95c9-6da2-4546-b24e-c0fce5bce66d,J&J's,0,6,0,0,,0
2026-09-23,caserta,pagani-di-marcianise,3a8a5a54-f32f-4a51-9ae9-3303e3a1d065,J&J's,0,3,0,0,,0
2026-09-24,caserta,pagani-di-marcianise,3a8a5a54-f32f-4a51-9ae9-3303e3a1d065,J&J's,0,8,0,0,,0
2026-09-25,caserta,pagani-di-marcianise,3a8a5a54-f32f-4a51-9ae9-3303e3a1d065,J&J's,0,6,0,0,,0
2026-09-23,caserta,san-prisco,3b9db0c2-3222-4f4d-a564-2522b758a4e1,J&J's,0,3,0,0,,0
2026-09-24,caserta,san-prisco,3b9db0c2-3222-4f4d-a564-2522b758a4e1,J&J's,0,8,0,0,,0
2026-09-25,caserta,san-prisco,3b9db0c2-3222-4f4d-a564-2522b758a4e1,J&J's,0,6,0,0,,0
2026-09-23,caserta,rione-savignano,414578c2-6621-47ea-8cf5-f757466351e9,J&J's,0,3,0,0,,0
2026-09-24,caserta,rione-savignano,414578c2-6621-47ea-8cf5-f757466351e9,J&J's,0,8,0,0,,0
2026-09-25,caserta,rione-savignano,414578c2-6621-47ea-8cf5-f757466351e9,J&J's,0,6,0,0,,0
2026-09-23,caserta,cuccagna,47fe0c29-fb20-482c-9786-a183a2c25302,J&J's,0,3,0,0,,0
2026-09-24,caserta,cuccagna,47fe0c29-fb20-482c-9786-a183a2c25302,J&J's,0,8,0,0,,0
2026-09-25,caserta,cuccagna,47fe0c29-fb20-482c-9786-a183a2c25302,J&J's,0,6,0,0,,0
2026-09-23,caserta,petrarelle,494be8c0-5c10-4ba0-9ef0-5403cc2ef4fa,J&J's,0,3,0,0,,0
2026-09-24,caserta,petrarelle,494be8c0-5c10-4ba0-9ef0-5403cc2ef4fa,J&J's,0,8,0,0,,0
2026-09-25,caserta,petrarelle,494be8c0-5c10-4ba0-9ef0-5403cc2ef4fa,J&J's,0,6,0,0,,0
2026-09-23,caserta,sala,4eece1cb-d885-43d2-ab49-3db05082e3cb,J&J's,0,3,0,0,,0
2026-09-24,caserta,sala,4eece1cb-d885-43d2-ab49-3db05082e3cb,J&J's,0,8,0,0,,0
2026-09-25,caserta,sala,4eece1cb-d885-43d2-ab49-3db05082e3cb,J&J's,0,6,0,0,,0
2026-09-23,caserta,casalnuovo-a-piro,517ff9cf-f95c-4294-aea5-d3a9efdc8282,J&J's,0,3,0,0,,0
2026-09-24,caserta,casalnuovo-a-piro,517ff9cf-f95c-4294-aea5-d3a9efdc8282,J&J's,0,8,0,0,,0
2026-09-25,caserta,casalnuovo-a-piro,517ff9cf-f95c-4294-aea5-d3a9efdc8282,J&J's,0,6,0,0,,0
2026-09-23,caserta,casapulla,563f71f2-badb-4a7f-876e-ab0ff02350a4,J&J's,0,3,0,0,,0
2026-09-24,caserta,casapulla,563f71f2-badb-4a7f-876e-ab0ff02350a4,J&J's,0,8,0,0,,0
2026-09-25,caserta,casapulla,563f71f2-badb-4a7f-876e-ab0ff02350a4,J&J's,0,6,0,0,,0
2026-09-23,caserta,casal-di-principe,5e07aa29-302e-4869-858e-f54b7f3f392b,J&J's,0,3,0,0,,0
2026-09-24,caserta,casal-di-principe,5e07aa29-302e-4869-858e-f54b7f3f392b,J&J's,0,8,0,0,,0
2026-09-25,caserta,casal-di-principe,5e07aa29-302e-4869-858e-f54b7f3f392b,J&J's,0,6,0,0,,0
2026-09-23,caserta,vitulazio,609485d7-5172-4742-bc01-d8c721f7b7cd,J&J's,0,3,0,0,,0
2026-09-24,caserta,vitulazio,609485d7-5172-4742-bc01-d8c721f7b7cd,J&J's,0,8,0,0,,0
2026-09-25,caserta,vitulazio,609485d7-5172-4742-bc01-d8c721f7b7cd,J&J's,0,6,0,0,,0
2026-09-23,caserta,sant'arpino,610ebb62-74e8-47d4-aa64-6f4897db63a5,J&J's,0,3,0,0,,0
2026-09-24,caserta,sant'arpino,610ebb62-74e8-47d4-aa64-6f4897db63a5,J&J's,0,8,0,0,,0
2026-09-25,caserta,sant'arpino,610ebb62-74e8-47d4-aa64-6f4897db63a5,J&J's,0,6,0,0,,0
2026-09-23,caserta,maddaloni,6258554a-cf35-4a13-826d-140168019191,J&J's,0,3,0,0,,0
2026-09-24,caserta,maddaloni,6258554a-cf35-4a13-826d-140168019191,J&J's,0,8,0,0,,0
2026-09-25,caserta,maddaloni,6258554a-cf35-4a13-826d-140168019191,J&J's,0,6,0,0,,0
2026-09-23,caserta,montesarchio,627c4d9d-afbb-44e2-9706-24b1e2232c7c,J&J's,0,3,0,0,,0
2026-09-24,caserta,montesarchio,627c4d9d-afbb-44e2-9706-24b1e2232c7c,J&J's,0,8,0,0,,0
2026-09-25,caserta,montesarchio,627c4d9d-afbb-44e2-9706-24b1e2232c7c,J&J's,0,6,0,0,,0
2026-09-23,caserta,san-benedetto,67046e55-b8cf-4e99-bbb5-ccefe8329109,J&J's,0,3,0,0,,0
2026-09-24,caserta,san-benedetto,67046e55-b8cf-4e99-bbb5-ccefe8329109,J&J's,0,8,0,0,,0
2026-09-25,caserta,san-benedetto,67046e55-b8cf-4e99-bbb5-ccefe8329109,J&J's,0,6,0,0,,0
2026-09-23,caserta,casalnuovo-a-piro,6708662e-2183-4193-93f7-83b0ffe926b2,J&J's,0,3,0,0,,0
2026-09-24,caserta,casalnuovo-a-piro,6708662e-2183-4193-93f7-83b0ffe926b2,J&J's,0,8,0,0,,0
2026-09-25,caserta,casalnuovo-a-piro,6708662e-2183-4193-93f7-83b0ffe926b2,J&J's,0,6,0,0,,0
2026-09-23,caserta,rione-costantinopoli,6cd06555-71c6-4528-bc21-0c8e087b26b1,J&J's,20,3,0,0,0.0,0
2026-09-24,caserta,rione-costantinopoli,6cd06555-71c6-4528-bc21-0c8e087b26b1,J&J's,20,8,0,0,0.0,0
2026-09-25,caserta,rione-costantinopoli,6cd06555-71c6-4528-bc21-0c8e087b26b1,J&J's,20,6,0,0,0.0,0
2026-09-23,caserta,lusciano,6ea66bf0-e298-45e7-a1db-93f38d75ee99,J&J's,0,3,0,0,,0
2026-09-24,caserta,lusciano,6ea66bf0-e298-45e7-a1db-93f38d75ee99,J&J's,0,8,0,0,,0
2026-09-25,caserta,lusciano,6ea66bf0-e298-45e7-a1db-93f38d75ee99,J&J's,0,6,0,0,,0
2026-09-23,caserta,city-center,701d3a28-cf20-4d6d-9f1d-7db176d5bb60,J&J's,0,3,0,0,,0
2026-09-24,caserta,city-center,701d3a28-cf20-4d6d-9f1d-7db176d5bb60,J&J's,0,8,0,0,,0
2026-09-25,caserta,city-center,701d3a28-cf20-4d6d-9f1d-7db176d5bb60,J&J's,0,6,0,0,,0
2026-09-23,caserta,villa-di-briano,70b08fe3-89d1-47f5-a862-d0193feadfa6,J&J's,0,3,0,0,,0
2026-09-24,caserta,villa-di-briano,70b08fe3-89d1-47f5-a862-d0193feadfa6,J&J's,0,8,0,0,,0
2026-09-25,caserta,villa-di-briano,70b08fe3-89d1-47f5-a862-d0193feadfa6,J&J's,0,6,0,0,,0
2026-09-23,caserta,camigliano,72f490d8-e52f-4d19-bac5-8768e4bc6014,J&J's,0,3,0,0,,0
2026-09-24,caserta,camigliano,72f490d8-e52f-4d19-bac5-8768e4bc6014,J&J's,0,8,0,0,,0
2026-09-25,caserta,camigliano,72f490d8-e52f-4d19-bac5-8768e4bc6014,J&J's,0,6,0,0,,0
2026-09-23,caserta,santa-maria-a-vico,810ee566-b068-4122-87dc-477285b1db88,J&J's,0,3,0,0,,0
2026-09-24,caserta,santa-maria-a-vico,810ee566-b068-4122-87dc-477285b1db88,J&J's,0,8,0,0,,0
2026-09-25,caserta,santa-maria-a-vico,810ee566-b068-4122-87dc-477285b1db88,J&J's,0,6,0,0,,0
2026-09-23,caserta,san-prisco,815fc20e-e053-4655-94b9-65fde3cd12c2,J&J's,0,3,0,0,,0
2026-09-24,caserta,san-prisco,815fc20e-e053-4655-94b9-65fde3cd12c2,J&J's,0,8,0,0,,0
2026-09-25,caserta,san-prisco,815fc20e-e053-4655-94b9-65fde3cd12c2,J&J's,0,6,0,0,,0
2026-09-23,caserta,parete,843c6c75-fbad-4652-a1a3-4bd648c1b475,J&J's,0,3,0,0,,0
2026-09-24,caserta,parete,843c6c75-fbad-4652-a1a3-4bd648c1b475,J&J's,0,8,0,0,,0
2026-09-25,caserta,parete,843c6c75-fbad-4652-a1a3-4bd648c1b475,J&J's,0,6,0,0,,0
2026-09-23,caserta,roccabascerana,857ecb3b-cad5-488f-a467-ab701791ac85,J&J's,0,3,0,0,,0
2026-09-24,caserta,roccabascerana,857ecb3b-cad5-488f-a467-ab701791ac85,J&J's,0,8,0,0,,0
2026-09-25,caserta,roccabascerana,857ecb3b-cad5-488f-a467-ab701791ac85,J&J's,0,6,0,0,,0
2026-09-23,caserta,bagno-d'aversa,861b2cea-5d48-4e36-a0d4-abb1f923204a,J&J's,0,3,0,0,,0
2026-09-24,caserta,bagno-d'aversa,861b2cea-5d48-4e36-a0d4-abb1f923204a,J&J's,0,8,0,0,,0
2026-09-25,caserta,bagno-d'aversa,861b2cea-5d48-4e36-a0d4-abb1f923204a,J&J's,0,6,0,0,,0
2026-09-23,caserta,rossini,8901938e-f1c7-4b72-9158-46371d8077bc,J&J's,0,3,0,0,,0
2026-09-24,caserta,rossini,8901938e-f1c7-4b72-9158-46371d8077bc,J&J's,0,8,0,0,,0
2026-09-25,caserta,rossini,8901938e-f1c7-4b72-9158-46371d8077bc,J&J's,0,6,0,0,,0
2026-09-23,caserta,rossini,8acbf72b-a8a7-4d45-b128-368cfe971f2a,J&J's,0,3,0,0,,0
2026-09-24,caserta,rossini,8acbf72b-a8a7-4d45-b128-368cfe971f2a,J&J's,0,8,0,0,,0
2026-09-25,caserta,rossini,8acbf72b-a8a7-4d45-b128-368cfe971f2a,J&J's,0,6,0,0,,0
2026-09-23,caserta,parco-verde,8cce7888-4eb5-4f3e-8fd2-c511dd358f28,J&J's,0,3,0,0,,0
2026-09-24,caserta,parco-verde,8cce7888-4eb5-4f3e-8fd2-c511dd358f28,J&J's,0,8,0,0,,0
2026-09-25,caserta,parco-verde,8cce7888-4eb5-4f3e-8fd2-c511dd358f28,J&J's,0,6,0,0,,0
2026-09-23,caserta,capodrise,8cce8bf1-184d-4d5b-b4c7-26185fc32cf4,J&J's,0,3,0,0,,0
2026-09-24,caserta,capodrise,8cce8bf1-184d-4d5b-b4c7-26185fc32cf4,J&J's,0,8,0,0,,0
2026-09-25,caserta,capodrise,8cce8bf1-184d-4d5b-b4c7-26185fc32cf4,J&J's,0,6,0,0,,0
2026-09-23,caserta,borgo-san-lorenzo,8e8ab14a-54a7-42d6-8ed7-1f027bcd5bc8,J&J's,0,3,0,0,,0
2026-09-24,caserta,borgo-san-lorenzo,8e8ab14a-54a7-42d6-8ed7-1f027bcd5bc8,J&J's,0,8,0,0,,0
2026-09-25,caserta,borgo-san-lorenzo,8e8ab14a-54a7-42d6-8ed7-1f027bcd5bc8,J&J's,0,6,0,0,,0
2026-09-23,caserta,rione-costantinopoli,8f6d0137-a15f-49ab-b7c2-766751951c72,J&J's,0,3,0,0,,0
2026-09-24,caserta,rione-costantinopoli,8f6d0137-a15f-49ab-b7c2-766751951c72,J&J's,0,8,0,0,,0
2026-09-25,caserta,rione-costantinopoli,8f6d0137-a15f-49ab-b7c2-766751951c72,J&J's,0,6,0,0,,0
2026-09-23,caserta,parco-degli-aranci-/-167,8f6d79e8-9c1c-44f3-b5db-6152a0fdec61,J&J's,0,3,0,0,,0
2026-09-24,caserta,parco-degli-aranci-/-167,8f6d79e8-9c1c-44f3-b5db-6152a0fdec61,J&J's,0,8,0,0,,0
2026-09-25,caserta,parco-degli-aranci-/-167,8f6d79e8-9c1c-44f3-b5db-6152a0fdec61,J&J's,0,6,0,0,,0
2026-09-23,caserta,san-biagio,9188d7a6-46dd-4a93-b0e1-ef35e134f86b,J&J's,0,3,0,0,,0
2026-09-24,caserta,san-biagio,9188d7a6-46dd-4a93-b0e1-ef35e134f86b,J&J's,0,8,0,0,,0
2026-09-25,caserta,san-biagio,9188d7a6-46dd-4a93-b0e1-ef35e134f86b,J&J's,0,6,0,0,,0
2026-09-23,caserta,trentola-ducenta,931ed86a-603e-4348-a1c1-c06d1c411402,J&J's,0,3,0,0,,0
2026-09-24,caserta,trentola-ducenta,931ed86a-603e-4348-a1c1-c06d1c411402,J&J's,0,8,0,0,,0
2026-09-25,caserta,trentola-ducenta,931ed86a-603e-4348-a1c1-c06d1c411402,J&J's,0,6,0,0,,0
2026-09-23,caserta,santa-maria-a-vico,93f711ef-1170-44a1-afc5-4c6f9681b5f3,J&J's,0,3,0,0,,0
2026-09-24,caserta,santa-maria-a-vico,93f711ef-1170-44a1-afc5-4c6f9681b5f3,J&J's,0,8,0,0,,0
2026-09-25,caserta,santa-maria-a-vico,93f711ef-1170-44a1-afc5-4c6f9681b5f3,J&J's,0,6,0,0,,0
2026-09-23,caserta,talanico,93f75285-3d71-4b6f-bbe2-8610e3dd84bf,J&J's,0,3,0,0,,0
2026-09-24,caserta,talanico,93f75285-3d71-4b6f-bbe2-8610e3dd84bf,J&J's,0,8,0,0,,0
2026-09-25,caserta,talanico,93f75285-3d71-4b6f-bbe2-8610e3dd84bf,J&J's,0,6,0,0,,0
2026-09-23,caserta,acquaviva,9453ccc2-f3dd-4214-a5a6-f51769e5c66c,J&J's,0,3,0,0,,0
2026-09-24,caserta,acquaviva,9453ccc2-f3dd-4214-a5a6-f51769e5c66c,J&J's,0,8,0,0,,0
2026-09-25,caserta,acquaviva,9453ccc2-f3dd-4214-a5a6-f51769e5c66c,J&J's,0,6,0,0,,0
2026-09-23,caserta,parco-verde,96f81c0b-37f0-409c-8a02-a0f97121e501,J&J's,0,3,0,0,,0
2026-09-24,caserta,parco-verde,96f81c0b-37f0-409c-8a02-a0f97121e501,J&J's,0,8,0,0,,0
2026-09-25,caserta,parco-verde,96f81c0b-37f0-409c-8a02-a0f97121e501,J&J's,0,6,0,0,,0
2026-09-23,caserta,san-prisco,9735ba69-4a44-4e65-8cf7-aaf887677081,J&J's,0,3,0,0,,0
2026-09-24,caserta,san-prisco,9735ba69-4a44-4e65-8cf7-aaf887677081,J&J's,0,8,0,0,,0
2026-09-25,caserta,san-prisco,9735ba69-4a44-4e65-8cf7-aaf887677081,J&J's,0,6,0,0,,0
2026-09-23,caserta,rossini,975c0a00-6f9a-4018-90d1-5f3a6966ba2f,J&J's,0,3,0,0,,0
2026-09-24,caserta,rossini,975c0a00-6f9a-4018-90d1-5f3a6966ba2f,J&J's,0,8,0,0,,0
2026-09-25,caserta,rossini,975c0a00-6f9a-4018-90d1-5f3a6966ba2f,J&J's,0,6,0,0,,0
2026-09-23,caserta,carinaro,9b352531-b198-49ee-9659-1ae7f7fad5d3,J&J's,0,3,0,0,,0
2026-09-24,caserta,carinaro,9b352531-b198-49ee-9659-1ae7f7fad5d3,J&J's,0,8,0,0,,0
2026-09-25,caserta,carinaro,9b352531-b198-49ee-9659-1ae7f7fad5d3,J&J's,0,6,0,0,,0
2026-09-23,caserta,crispano,9dc212ec-d2e3-4d59-a66b-c6d11acf33c3,J&J's,0,3,0,0,,0
2026-09-24,caserta,crispano,9dc212ec-d2e3-4d59-a66b-c6d11acf33c3,J&J's,0,8,0,0,,0
2026-09-25,caserta,crispano,9dc212ec-d2e3-4d59-a66b-c6d11acf33c3,J&J's,0,6,0,0,,0
2026-09-23,caserta,orta-di-atella,a121e1c2-6507-4976-8d7f-f041f5b7a90b,J&J's,0,3,0,0,,0
2026-09-24,caserta,orta-di-atella,a121e1c2-6507-4976-8d7f-f041f5b7a90b,J&J's,0,8,0,0,,0
2026-09-25,caserta,orta-di-atella,a121e1c2-6507-4976-8d7f-f041f5b7a90b,J&J's,0,6,0,0,,0
2026-09-23,caserta,arienzo,a61edf7c-1d89-44ee-816b-d3a22c2ed319,J&J's,0,3,0,0,,0
2026-09-24,caserta,arienzo,a61edf7c-1d89-44ee-816b-d3a22c2ed319,J&J's,0,8,0,0,,0
2026-09-25,caserta,arienzo,a61edf7c-1d89-44ee-816b-d3a22c2ed319,J&J's,0,6,0,0,,0
2026-09-23,caserta,petrarelle,a8f2721e-879e-4563-a514-b1e8ac089994,J&J's,0,3,0,0,,0
2026-09-24,caserta,petrarelle,a8f2721e-879e-4563-a514-b1e8ac089994,J&J's,0,8,0,0,,0
2026-09-25,caserta,petrarelle,a8f2721e-879e-4563-a514-b1e8ac089994,J&J's,0,6,0,0,,0
2026-09-23,caserta,maddaloni,ad6c3b2e-f3a7-46bb-915f-da2779c3fc5a,J&J's,0,3,0,0,,0
2026-09-24,caserta,maddaloni,ad6c3b2e-f3a7-46bb-915f-da2779c3fc5a,J&J's,0,8,0,0,,0
2026-09-25,caserta,maddaloni,ad6c3b2e-f3a7-46bb-915f-da2779c3fc5a,J&J's,0,6,0,0,,0
2026-09-23,caserta,curti,ad9de24c-4f47-47f9-82d9-b1933c8cb195,J&J's,0,3,0,0,,0
2026-09-24,caserta,curti,ad9de24c-4f47-47f9-82d9-b1933c8cb195,J&J's,0,8,0,0,,0
2026-09-25,caserta,curti,ad9de24c-4f47-47f9-82d9-b1933c8cb195,J&J's,0,6,0,0,,0
2026-09-23,caserta,pagani-di-marcianise,b54735aa-c31e-445f-87b4-a31e5963cf46,J&J's,0,3,0,0,,0
2026-09-24,caserta,pagani-di-marcianise,b54735aa-c31e-445f-87b4-a31e5963cf46,J&J's,0,8,0,0,,0
2026-09-25,caserta,pagani-di-marcianise,b54735aa-c31e-445f-87b4-a31e5963cf46,J&J's,0,6,0,0,,0
2026-09-23,caserta,city-center,b6bbdb48-5735-4c83-9af4-3da324ea69bf,J&J's,0,3,0,0,,0
2026-09-24,caserta,city-center,b6bbdb48-5735-4c83-9af4-3da324ea69bf,J&J's,0,8,0,0,,0
2026-09-25,caserta,city-center,b6bbdb48-5735-4c83-9af4-3da324ea69bf,J&J's,0,6,0,0,,0
2026-09-23,caserta,city-center,b780f3e4-ce9c-4c7b-a8e0-9d743c5e97db,J&J's,50,3,0,0,0.0,0
2026-09-24,caserta,city-center,b780f3e4-ce9c-4c7b-a8e0-9d743c5e97db,J&J's,50,8,0,0,0.0,0
2026-09-25,caserta,city-center,b780f3e4-ce9c-4c7b-a8e0-9d743c5e97db,J&J's,50,6,0,0,0.0,0
2026-09-23,caserta,orta-di-atella,bbbdf003-10ab-4f32-8d04-40705ab99c76,J&J's,0,3,0,0,,0
2026-09-24,caserta,orta-di-atella,bbbdf003-10ab-4f32-8d04-40705ab99c76,J&J's,0,8,0,0,,0
2026-09-25,caserta,orta-di-atella,bbbdf003-10ab-4f32-8d04-40705ab99c76,J&J's,0,6,0,0,,0
2026-09-23,caserta,castel-morrone,bc828772-223f-42ab-942f-b05f17496533,J&J's,0,3,0,0,,0
2026-09-24,caserta,castel-morrone,bc828772-223f-42ab-942f-b05f17496533,J&J's,0,8,0,0,,0
2026-09-25,caserta,castel-morrone,bc828772-223f-42ab-942f-b05f17496533,J&J's,0,6,0,0,,0
2026-09-23,caserta,sant'andrea-dei-lagni,bde96b91-a797-4eac-aad6-c357230af496,J&J's,0,3,0,0,,0
2026-09-24,caserta,sant'andrea-dei-lagni,bde96b91-a797-4eac-aad6-c357230af496,J&J's,0,8,0,0,,0
2026-09-25,caserta,sant'andrea-dei-lagni,bde96b91-a797-4eac-aad6-c357230af496,J&J's,0,6,0,0,,0
2026-09-23,caserta,maddaloni,bf4f317f-93d3-4467-b1c2-de233b6723ca,J&J's,0,3,0,0,,0
2026-09-24,caserta,maddaloni,bf4f317f-93d3-4467-b1c2-de233b6723ca,J&J's,0,8,0,0,,0
2026-09-25,caserta,maddaloni,bf4f317f-93d3-4467-b1c2-de233b6723ca,J&J's,0,6,0,0,,0
2026-09-23,caserta,riccia-nuova,c33f7d38-4184-4c94-9dac-ad5d93f00787,J&J's,0,3,0,0,,0
2026-09-24,caserta,riccia-nuova,c33f7d38-4184-4c94-9dac-ad5d93f00787,J&J's,0,8,0,0,,0
2026-09-25,caserta,riccia-nuova,c33f7d38-4184-4c94-9dac-ad5d93f00787,J&J's,0,6,0,0,,0
2026-09-23,caserta,city-center,ccfe8f26-f7d8-41e5-84fa-a60ac195176d,J&J's,0,3,0,0,,0
2026-09-24,caserta,city-center,ccfe8f26-f7d8-41e5-84fa-a60ac195176d,J&J's,0,8,0,0,,0
2026-09-25,caserta,city-center,ccfe8f26-f7d8-41e5-84fa-a60ac195176d,J&J's,0,6,0,0,,0
2026-09-23,caserta,casalnuovo-a-piro,cd6f8c12-2432-4b02-9ad4-84cd7b44ce16,J&J's,0,3,0,0,,0
2026-09-24,caserta,casalnuovo-a-piro,cd6f8c12-2432-4b02-9ad4-84cd7b44ce16,J&J's,0,8,0,0,,0
2026-09-25,caserta,casalnuovo-a-piro,cd6f8c12-2432-4b02-9ad4-84cd7b44ce16,J&J's,0,6,0,0,,0
2026-09-23,caserta,maddaloni,cfa0a866-6a3a-4ba5-aca3-7268302d8552,J&J's,0,3,0,0,,0
2026-09-24,caserta,maddaloni,cfa0a866-6a3a-4ba5-aca3-7268302d8552,J&J's,0,8,0,0,,0
2026-09-25,caserta,maddaloni,cfa0a866-6a3a-4ba5-aca3-7268302d8552,J&J's,0,6,0,0,,0
2026-09-23,caserta,castello-airola,d06288a4-e5eb-4a03-b276-e15b11655b85,J&J's,0,3,0,0,,0
2026-09-24,caserta,castello-airola,d06288a4-e5eb-4a03-b276-e15b11655b85,J&J's,0,8,0,0,,0
2026-09-25,caserta,castello-airola,d06288a4-e5eb-4a03-b276-e15b11655b85,J&J's,0,6,0,0,,0
2026-09-23,caserta,sant'arpino,d2a1acf7-7c62-4ff8-b45b-6415ee3c40ff,J&J's,0,3,0,0,,0
2026-09-24,caserta,sant'arpino,d2a1acf7-7c62-4ff8-b45b-6415ee3c40ff,J&J's,0,8,0,0,,0
2026-09-25,caserta,sant'arpino,d2a1acf7-7c62-4ff8-b45b-6415ee3c40ff,J&J's,0,6,0,0,,0
2026-09-23,caserta,casapulla,d2b0af7e-048a-4856-811e-5c06eab64cc4,J&J's,0,3,0,0,,0
2026-09-24,caserta,casapulla,d2b0af7e-048a-4856-811e-5c06eab64cc4,J&J's,0,8,0,0,,0
2026-09-25,caserta,casapulla,d2b0af7e-048a-4856-811e-5c06eab64cc4,J&J's,0,6,0,0,,0
2026-09-23,caserta,sant'andrea-dei-lagni,dc609b83-d12d-4f23-875e-c39116e107fb,J&J's,0,3,0,0,,0
2026-09-24,caserta,sant'andrea-dei-lagni,dc609b83-d12d-4f23-875e-c39116e107fb,J&J's,0,8,0,0,,0
2026-09-25,caserta,sant'andrea-dei-lagni,dc609b83-d12d-4f23-875e-c39116e107fb,J&J's,0,6,0,0,,0
2026-09-23,caserta,spagnuolo,de1c181e-9cfb-439d-bf8f-097552179e9a,J&J's,0,3,0,0,,0
2026-09-24,caserta,spagnuolo,de1c181e-9cfb-439d-bf8f-097552179e9a,J&J's,0,8,0,0,,0
2026-09-25,caserta,spagnuolo,de1c181e-9cfb-439d-bf8f-097552179e9a,J&J's,0,6,0,0,,0
2026-09-23,caserta,caturano,de58eace-f023-4cc2-8e47-417b1fae1952,J&J's,0,3,0,0,,0
2026-09-24,caserta,caturano,de58eace-f023-4cc2-8e47-417b1fae1952,J&J's,0,8,0,0,,0
2026-09-25,caserta,caturano,de58eace-f023-4cc2-8e47-417b1fae1952,J&J's,0,6,0,0,,0
2026-09-23,caserta,sant'arpino,ded34978-31f5-4f96-9fda-b0f9e3b38b29,J&J's,0,3,0,0,,0
2026-09-24,caserta,sant'arpino,ded34978-31f5-4f96-9fda-b0f9e3b38b29,J&J's,0,8,0,0,,0
2026-09-25,caserta,sant'arpino,ded34978-31f5-4f96-9fda-b0f9e3b38b29,J&J's,0,6,0,0,,0
2026-09-23,caserta,riccia-nuova,deecd326-4b5f-4d49-a620-9202f62f7437,J&J's,0,3,0,0,,0
2026-09-24,caserta,riccia-nuova,deecd326-4b5f-4d49-a620-9202f62f7437,J&J's,0,8,0,0,,0
2026-09-25,caserta,riccia-nuova,deecd326-4b5f-4d49-a620-9202f62f7437,J&J's,0,6,0,0,,0
2026-09-23,caserta,santa-maria-a-vico,df5b5b49-7f6a-4d8c-ba5a-a2d0c5655567,J&J's,0,3,0,0,,0
2026-09-24,caserta,santa-maria-a-vico,df5b5b49-7f6a-4d8c-ba5a-a2d0c5655567,J&J's,0,8,0,0,,0
2026-09-25,caserta,santa-maria-a-vico,df5b5b49-7f6a-4d8c-ba5a-a2d0c5655567,J&J's,0,6,0,0,,0
2026-09-23,caserta,maddaloni,e01d874e-2456-42ac-80ad-437bd4ef9382,J&J's,0,3,0,0,,0
2026-09-24,caserta,maddaloni,e01d874e-2456-42ac-80ad-437bd4ef9382,J&J's,0,8,0,0,,0
2026-09-25,caserta,maddaloni,e01d874e-2456-42ac-80ad-437bd4ef9382,J&J's,0,6,0,0,,0
2026-09-23,caserta,maddaloni,e4e20e33-1e84-45fe-88b1-255ba436a498,J&J's,0,3,0,0,,0
2026-09-24,caserta,maddaloni,e4e20e33-1e84-45fe-88b1-255ba436a498,J&J's,0,8,0,0,,0
2026-09-25,caserta,maddaloni,e4e20e33-1e84-45fe-88b1-255ba436a498,J&J's,0,6,0,0,,0
2026-09-23,caserta,località-case-sparse,e4e36672-afcd-4800-8c89-1e3a3b7bab71,J&J's,0,3,0,0,,0
2026-09-24,caserta,località-case-sparse,e4e36672-afcd-4800-8c89-1e3a3b7bab71,J&J's,0,8,0,0,,0
2026-09-25,caserta,località-case-sparse,e4e36672-afcd-4800-8c89-1e3a3b7bab71,J&J's,0,6,0,0,,0
2026-09-23,caserta,parete,e7817989-e948-497b-8974-020cfef41288,J&J's,0,3,0,0,,0
2026-09-24,caserta,parete,e7817989-e948-497b-8974-020cfef41288,J&J's,0,8,0,0,,0
2026-09-25,caserta,parete,e7817989-e948-497b-8974-020cfef41288,J&J's,0,6,0,0,,0
2026-09-23,caserta,rione-savignano,e98fc1dd-31b9-4fec-b666-358a50457930,J&J's,0,3,0,0,,0
2026-09-24,caserta,rione-savignano,e98fc1dd-31b9-4fec-b666-358a50457930,J&J's,0,8,0,0,,0
2026-09-25,caserta,rione-savignano,e98fc1dd-31b9-4fec-b666-358a50457930,J&J's,0,6,0,0,,0
2026-09-23,caserta,caiazzo,e9bfe9ed-96a8-4f17-930d-27766adfab70,J&J's,0,3,0,0,,0
2026-09-24,caserta,caiazzo,e9bfe9ed-96a8-4f17-930d-27766adfab70,J&J's,0,8,0,0,,0
2026-09-25,caserta,caiazzo,e9bfe9ed-96a8-4f17-930d-27766adfab70,J&J's,0,6,0,0,,0
2026-09-23,caserta,orta-di-atella,eb396252-29ec-4c52-8eb8-68d5aca693ab,J&J's,0,3,0,0,,0
2026-09-24,caserta,orta-di-atella,eb396252-29ec-4c52-8eb8-68d5aca693ab,J&J's,0,8,0,0,,0
2026-09-25,caserta,orta-di-atella,eb396252-29ec-4c52-8eb8-68d5aca693ab,J&J's,0,6,0,0,,0
2026-09-23,caserta,trentola-ducenta,ef60965c-3883-4380-adf8-104419df4b7d,J&J's,0,3,0,0,,0
2026-09-24,caserta,trentola-ducenta,ef60965c-3883-4380-adf8-104419df4b7d,J&J's,0,8,0,0,,0
2026-09-25,caserta,trentola-ducenta,ef60965c-3883-4380-adf8-104419df4b7d,J&J's,0,6,0,0,,0
2026-09-23,caserta,pagani-di-marcianise,f0618a17-8ec5-4122-9bc5-578094cbd42a,J&J's,0,3,0,0,,0
2026-09-24,caserta,pagani-di-marcianise,f0618a17-8ec5-4122-9bc5-578094cbd42a,J&J's,0,8,0,0,,0
2026-09-25,caserta,pagani-di-marcianise,f0618a17-8ec5-4122-9bc5-578094cbd42a,J&J's,0,6,0,0,,0
2026-09-23,caserta,orta-di-atella,f40be5bb-0381-4188-8968-1260fce53d11,J&J's,0,3,0,0,,0
2026-09-24,caserta,orta-di-atella,f40be5bb-0381-4188-8968-1260fce53d11,J&J's,0,8,0,0,,0
2026-09-25,caserta,orta-di-atella,f40be5bb-0381-4188-8968-1260fce53d11,J&J's,0,6,0,0,,0
2026-09-23,caserta,sant'angelo-in-formis,f43c207e-97b1-44e9-939b-058910b42140,J&J's,0,3,0,0,,0
2026-09-24,caserta,sant'angelo-in-formis,f43c207e-97b1-44e9-939b-058910b42140,J&J's,0,8,0,0,,0
2026-09-25,caserta,sant'angelo-in-formis,f43c207e-97b1-44e9-939b-058910b42140,J&J's,0,6,0,0,,0
2026-09-23,caserta,frignano,f4ca153b-d340-4fed-90fe-54e8dd7170a0,J&J's,0,3,0,0,,0
2026-09-24,caserta,frignano,f4ca153b-d340-4fed-90fe-54e8dd7170a0,J&J's,0,8,0,0,,0
2026-09-25,caserta,frignano,f4ca153b-d340-4fed-90fe-54e8dd7170a0,J&J's,0,6,0,0,,0
2026-09-23,caserta,alvignano,f92e66fe-b884-472a-8485-3ae34dc12301,J&J's,0,3,0,0,,0
2026-09-24,caserta,alvignano,f92e66fe-b884-472a-8485-3ae34dc12301,J&J's,0,8,0,0,,0
2026-09-25,caserta,alvignano,f92e66fe-b884-472a-8485-3ae34dc12301,J&J's,0,6,0,0,,0
2026-09-23,catania,massannunziata,01d3e853-9da8-41d0-972e-f904f4d523de,J&J's,0,3,0,0,,0
2026-09-24,catania,massannunziata,01d3e853-9da8-41d0-972e-f904f4d523de,J&J's,0,8,0,0,,0
2026-09-25,catania,massannunziata,01d3e853-9da8-41d0-972e-f904f4d523de,J&J's,0,6,0,0,,0
2026-09-23,catania,catania-airport,02018bd0-a784-45af-9fcb-2aa9a4f59778,J&J's,100,3,27,26,27.0,27
2026-09-24,catania,catania-airport,02018bd0-a784-45af-9fcb-2aa9a4f59778,J&J's,100,8,28,28,28.0,29
2026-09-25,catania,catania-airport,02018bd0-a784-45af-9fcb-2aa9a4f59778,J&J's,100,6,28,26,28.0,28
2026-09-23,catania,pedara,02099208-49d5-4ceb-a195-0ac9aad9171a,J&J's,0,3,0,0,,0
2026-09-24,catania,pedara,02099208-49d5-4ceb-a195-0ac9aad9171a,J&J's,0,8,0,0,,0
2026-09-25,catania,pedara,02099208-49d5-4ceb-a195-0ac9aad9171a,J&J's,0,6,0,0,,0
2026-09-23,catania,marchesana,0340dec4-b4f3-42d8-85b6-635be1afb4aa,J&J's,0,3,0,0,,0
2026-09-24,catania,marchesana,0340dec4-b4f3-42d8-85b6-635be1afb4aa,J&J's,0,8,0,0,,0
2026-09-25,catania,marchesana,0340dec4-b4f3-42d8-85b6-635be1afb4aa,J&J's,0,6,0,0,,0
2026-09-23,catania,morgioni,04a75d4a-114f-425e-b495-c4d22720cdc4,J&J's,0,3,0,0,,0
2026-09-24,catania,morgioni,04a75d4a-114f-425e-b495-c4d22720cdc4,J&J's,0,8,0,0,,0
2026-09-25,catania,morgioni,04a75d4a-114f-425e-b495-c4d22720cdc4,J&J's,0,6,0,0,,0
2026-09-23,catania,chiuse-della-carvana,0518e764-b7ac-42d8-bdfb-9bf2fc8e83e8,J&J's,0,3,0,0,,0
2026-09-24,catania,chiuse-della-carvana,0518e764-b7ac-42d8-bdfb-9bf2fc8e83e8,J&J's,0,8,0,0,,0
2026-09-25,catania,chiuse-della-carvana,0518e764-b7ac-42d8-bdfb-9bf2fc8e83e8,J&J's,0,6,0,0,,0
2026-09-23,catania,borrello,07cda390-bd53-49f2-824b-e383a26a9f06,J&J's,0,3,0,0,,0
2026-09-24,catania,borrello,07cda390-bd53-49f2-824b-e383a26a9f06,J&J's,0,8,0,0,,0
2026-09-25,catania,borrello,07cda390-bd53-49f2-824b-e383a26a9f06,J&J's,0,6,0,0,,0
2026-09-23,catania,borgo-sanzio,091cb1d9-b28e-4ba7-bdab-f9e9022be0c6,J&J's,100,3,0,0,0.0,0
2026-09-24,catania,borgo-sanzio,091cb1d9-b28e-4ba7-bdab-f9e9022be0c6,J&J's,100,8,0,0,0.0,0
2026-09-25,catania,borgo-sanzio,091cb1d9-b28e-4ba7-bdab-f9e9022be0c6,J&J's,100,6,0,0,0.0,0
2026-09-23,catania,adrano,09a8e8d0-ec2b-4f21-a132-e7cb6c29c387,J&J's,0,3,0,0,,0
2026-09-24,catania,adrano,09a8e8d0-ec2b-4f21-a132-e7cb6c29c387,J&J's,0,8,0,0,,0
2026-09-25,catania,adrano,09a8e8d0-ec2b-4f21-a132-e7cb6c29c387,J&J's,0,6,0,0,,0
2026-09-23,catania,nesima-inferiore,09ef2e04-64ea-4075-a3f1-6935af93c47d,J&J's,0,3,0,0,,0
2026-09-24,catania,nesima-inferiore,09ef2e04-64ea-4075-a3f1-6935af93c47d,J&J's,0,8,0,0,,0
2026-09-25,catania,nesima-inferiore,09ef2e04-64ea-4075-a3f1-6935af93c47d,J&J's,0,6,0,0,,0
2026-09-23,catania,consolazione,0df762bd-2503-49f6-b0d7-9bf5984480fe,J&J's,100,3,0,0,0.0,0
2026-09-24,catania,consolazione,0df762bd-2503-49f6-b0d7-9bf5984480fe,J&J's,100,8,0,0,0.0,0
2026-09-25,catania,consolazione,0df762bd-2503-49f6-b0d7-9bf5984480fe,J&J's,100,6,0,0,0.0,0
2026-09-23,catania,city-center,100dc367-13ea-428f-80c6-d1305cb0c4c0,J&J's,0,3,0,0,,0
2026-09-24,catania,city-center,100dc367-13ea-428f-80c6-d1305cb0c4c0,J&J's,0,8,0,0,,0
2026-09-25,catania,city-center,100dc367-13ea-428f-80c6-d1305cb0c4c0,J&J's,0,6,0,0,,0
2026-09-23,catania,guardia,118339a4-c237-4241-a96c-90f42220e0d1,J&J's,0,3,0,0,,0
2026-09-24,catania,guardia,118339a4-c237-4241-a96c-90f42220e0d1,J&J's,0,8,0,0,,0
2026-09-25,catania,guardia,118339a4-c237-4241-a96c-90f42220e0d1,J&J's,0,6,0,0,,0
2026-09-23,catania,porrazzo,1499fa35-4c1b-4f74-9b72-55995dd4c2ab,J&J's,0,3,0,0,,0
2026-09-24,catania,porrazzo,1499fa35-4c1b-4f74-9b72-55995dd4c2ab,J&J's,0,8,0,0,,0
2026-09-25,catania,porrazzo,1499fa35-4c1b-4f74-9b72-55995dd4c2ab,J&J's,0,6,0,0,,0
2026-09-23,catania,borgo-sanzio,153764ef-0e05-467c-bdac-f14a22ea9f47,J&J's,0,3,0,0,,0
2026-09-24,catania,borgo-sanzio,153764ef-0e05-467c-bdac-f14a22ea9f47,J&J's,0,8,0,0,,0
2026-09-25,catania,borgo-sanzio,153764ef-0e05-467c-bdac-f14a22ea9f47,J&J's,0,6,0,0,,0
2026-09-23,catania,guardia,1599e79a-4e79-4d95-a3a7-bbb0508455a0,J&J's,0,3,0,0,,0
2026-09-24,catania,guardia,1599e79a-4e79-4d95-a3a7-bbb0508455a0,J&J's,0,8,0,0,,0
2026-09-25,catania,guardia,1599e79a-4e79-4d95-a3a7-bbb0508455a0,J&J's,0,6,0,0,,0
2026-09-23,catania,city-center,1767952f-e007-41b6-a6cd-cce28f4612e3,J&J's,0,3,0,0,,0
2026-09-24,catania,city-center,1767952f-e007-41b6-a6cd-cce28f4612e3,J&J's,0,8,1,1,,1
2026-09-25,catania,city-center,1767952f-e007-41b6-a6cd-cce28f4612e3,J&J's,0,6,1,1,,1
2026-09-23,catania,city-center,17d9657e-99b0-4774-98e1-1e7aa632dd74,J&J's,51,3,14,12,27.5,14
2026-09-24,catania,city-center,17d9657e-99b0-4774-98e1-1e7aa632dd74,J&J's,51,8,12,11,23.5,12
2026-09-25,catania,city-center,17d9657e-99b0-4774-98e1-1e7aa632dd74,J&J's,51,6,11,9,21.6,11
2026-09-23,catania,trappeto,198b4dfc-49d7-4204-b4aa-14e95567321e,J&J's,0,3,0,0,,0
2026-09-24,catania,trappeto,198b4dfc-49d7-4204-b4aa-14e95567321e,J&J's,0,8,0,0,,0
2026-09-25,catania,trappeto,198b4dfc-49d7-4204-b4aa-14e95567321e,J&J's,0,6,0,0,,0
2026-09-23,catania,barriera,1bef6010-a05a-4bd1-90be-ed971e822c75,J&J's,0,3,0,0,,0
2026-09-24,catania,barriera,1bef6010-a05a-4bd1-90be-ed971e822c75,J&J's,0,8,0,0,,0
2026-09-25,catania,barriera,1bef6010-a05a-4bd1-90be-ed971e822c75,J&J's,0,6,0,0,,0
2026-09-23,catania,borgo-sanzio,1e341335-224a-4586-84bc-07fa973efc22,J&J's,0,3,0,0,,0
2026-09-24,catania,borgo-sanzio,1e341335-224a-4586-84bc-07fa973efc22,J&J's,0,8,0,0,,0
2026-09-25,catania,borgo-sanzio,1e341335-224a-4586-84bc-07fa973efc22,J&J's,0,6,0,0,,0
2026-09-23,catania,motta,1f336d92-ac05-4625-bd54-927d59e35af6,J&J's,0,3,0,0,,0
2026-09-24,catania,motta,1f336d92-ac05-4625-bd54-927d59e35af6,J&J's,0,8,0,0,,0
2026-09-25,catania,motta,1f336d92-ac05-4625-bd54-927d59e35af6,J&J's,0,6,0,0,,0
2026-09-23,catania,santa-maria-la-stella,20eb54ac-92bf-4638-93e5-084a1ab27e12,J&J's,0,3,0,0,,0
2026-09-24,catania,santa-maria-la-stella,20eb54ac-92bf-4638-93e5-084a1ab27e12,J&J's,0,8,0,0,,0
2026-09-25,catania,santa-maria-la-stella,20eb54ac-92bf-4638-93e5-084a1ab27e12,J&J's,0,6,0,0,,0
2026-09-23,catania,adrano,2195708e-ca87-4167-b420-00042853651f,J&J's,0,3,0,0,,0
2026-09-24,catania,adrano,2195708e-ca87-4167-b420-00042853651f,J&J's,0,8,0,0,,0
2026-09-25,catania,adrano,2195708e-ca87-4167-b420-00042853651f,J&J's,0,6,0,0,,0
2026-09-23,catania,fossa-della-creta,23393a33-adf7-4201-8985-c70a2f5afca6,J&J's,0,3,0,0,,0
2026-09-24,catania,fossa-della-creta,23393a33-adf7-4201-8985-c70a2f5afca6,J&J's,0,8,0,0,,0
2026-09-25,catania,fossa-della-creta,23393a33-adf7-4201-8985-c70a2f5afca6,J&J's,0,6,0,0,,0
2026-09-23,catania,mascalucia,235c9537-a875-47ae-909e-c6ae763f8315,J&J's,0,3,0,0,,0
2026-09-24,catania,mascalucia,235c9537-a875-47ae-909e-c6ae763f8315,J&J's,0,8,0,0,,0
2026-09-25,catania,mascalucia,235c9537-a875-47ae-909e-c6ae763f8315,J&J's,0,6,0,0,,0
2026-09-23,catania,sant'agata-li-battiati,2375e08b-acd4-4526-8713-169c599eb3c6,J&J's,0,3,0,0,,0
2026-09-24,catania,sant'agata-li-battiati,2375e08b-acd4-4526-8713-169c599eb3c6,J&J's,0,8,0,0,,0
2026-09-25,catania,sant'agata-li-battiati,2375e08b-acd4-4526-8713-169c599eb3c6,J&J's,0,6,0,0,,0
2026-09-23,catania,sant'alfio,243afbd4-a039-4ae2-9008-a2617de37506,J&J's,0,3,0,0,,0
2026-09-24,catania,sant'alfio,243afbd4-a039-4ae2-9008-a2617de37506,J&J's,0,8,0,0,,0
2026-09-25,catania,sant'alfio,243afbd4-a039-4ae2-9008-a2617de37506,J&J's,0,6,0,0,,0
2026-09-23,catania,ognina,2b29b71c-5f56-4f6e-b4fa-c57f691a0db6,J&J's,0,3,0,0,,0
2026-09-24,catania,ognina,2b29b71c-5f56-4f6e-b4fa-c57f691a0db6,J&J's,0,8,0,0,,0
2026-09-25,catania,ognina,2b29b71c-5f56-4f6e-b4fa-c57f691a0db6,J&J's,0,6,0,0,,0
2026-09-23,catania,city-center,2b2e5014-2f4a-48b4-88b7-5c762743ecbe,J&J's,0,3,0,0,,0
2026-09-24,catania,city-center,2b2e5014-2f4a-48b4-88b7-5c762743ecbe,J&J's,0,8,0,0,,0
2026-09-25,catania,city-center,2b2e5014-2f4a-48b4-88b7-5c762743ecbe,J&J's,0,6,0,0,,0
2026-09-23,catania,trappeto,2c8a0c39-cbee-49ca-867f-fc065b358c18,J&J's,0,3,0,0,,0
2026-09-24,catania,trappeto,2c8a0c39-cbee-49ca-867f-fc065b358c18,J&J's,0,8,0,0,,0
2026-09-25,catania,trappeto,2c8a0c39-cbee-49ca-867f-fc065b358c18,J&J's,0,6,0,0,,0
2026-09-23,catania,porta-garibaldi,2ca4a027-71ff-487d-acf0-602c09830370,J&J's,0,3,0,0,,0
2026-09-24,catania,porta-garibaldi,2ca4a027-71ff-487d-acf0-602c09830370,J&J's,0,8,0,0,,0
2026-09-25,catania,porta-garibaldi,2ca4a027-71ff-487d-acf0-602c09830370,J&J's,0,6,0,0,,0
2026-09-23,catania,trappeto,2cfd0f97-d3ad-4601-b678-81348a838b0e,J&J's,50,3,0,0,0.0,0
2026-09-24,catania,trappeto,2cfd0f97-d3ad-4601-b678-81348a838b0e,J&J's,50,8,0,0,0.0,0
2026-09-25,catania,trappeto,2cfd0f97-d3ad-4601-b678-81348a838b0e,J&J's,50,6,0,0,0.0,0
2026-09-23,catania,san-giorgio-librino-san-giuseppe-la-rena-zia-lisa-villaggio-sant'agata,316a66ee-d109-4fe1-9c39-8345f005634b,J&J's,0,3,0,0,,0
2026-09-24,catania,san-giorgio-librino-san-giuseppe-la-rena-zia-lisa-villaggio-sant'agata,316a66ee-d109-4fe1-9c39-8345f005634b,J&J's,0,8,0,0,,0
2026-09-25,catania,san-giorgio-librino-san-giuseppe-la-rena-zia-lisa-villaggio-sant'agata,316a66ee-d109-4fe1-9c39-8345f005634b,J&J's,0,6,0,0,,0
2026-09-23,catania,trecastagni,32e77937-d8ef-4b7e-aeae-4c1d74be2bb3,J&J's,0,3,0,0,,0
2026-09-24,catania,trecastagni,32e77937-d8ef-4b7e-aeae-4c1d74be2bb3,J&J's,0,8,0,0,,0
2026-09-25,catania,trecastagni,32e77937-d8ef-4b7e-aeae-4c1d74be2bb3,J&J's,0,6,0,0,,0
2026-09-23,catania,catania-centrale,35baaf88-81af-4a39-bb19-8486ee97b9d7,J&J's,50,3,6,6,12.0,6
2026-09-24,catania,catania-centrale,35baaf88-81af-4a39-bb19-8486ee97b9d7,J&J's,50,8,6,5,12.0,6
2026-09-25,catania,catania-centrale,35baaf88-81af-4a39-bb19-8486ee97b9d7,J&J's,50,6,6,6,12.0,6
2026-09-23,catania,consolazione,3c5c6a1b-96f4-4ac2-8bd5-4d96cc1cd363,J&J's,0,3,0,0,,0
2026-09-24,catania,consolazione,3c5c6a1b-96f4-4ac2-8bd5-4d96cc1cd363,J&J's,0,8,0,0,,0
2026-09-25,catania,consolazione,3c5c6a1b-96f4-4ac2-8bd5-4d96cc1cd363,J&J's,0,6,0,0,,0
2026-09-23,catania,fasano,3c9015ef-998c-47d5-b30d-0e6460cda8db,J&J's,0,3,0,0,,0
2026-09-24,catania,fasano,3c9015ef-998c-47d5-b30d-0e6460cda8db,J&J's,0,8,0,0,,0
2026-09-25,catania,fasano,3c9015ef-998c-47d5-b30d-0e6460cda8db,J&J's,0,6,0,0,,0
2026-09-23,catania,city-center,3cfbd539-a7f3-4998-ab32-cdfe6ac64df6,J&J's,0,3,15,14,,15
2026-09-24,catania,city-center,3cfbd539-a7f3-4998-ab32-cdfe6ac64df6,J&J's,0,8,14,14,,15
2026-09-25,catania,city-center,3cfbd539-a7f3-4998-ab32-cdfe6ac64df6,J&J's,0,6,14,14,,15
2026-09-23,catania,san-giovanni-la-punta,3cfbf119-c98e-44c3-b0f2-54f85fdb63f3,J&J's,50,3,0,0,0.0,0
2026-09-24,catania,san-giovanni-la-punta,3cfbf119-c98e-44c3-b0f2-54f85fdb63f3,J&J's,50,8,0,0,0.0,0
2026-09-25,catania,san-giovanni-la-punta,3cfbf119-c98e-44c3-b0f2-54f85fdb63f3,J&J's,50,6,0,0,0.0,0
2026-09-23,catania,city-center,3e62985c-04f7-4b13-9627-17cfa7e4b353,J&J's,0,3,1,1,,1
2026-09-24,catania,city-center,3e62985c-04f7-4b13-9627-17cfa7e4b353,J&J's,0,8,2,2,,2
2026-09-25,catania,city-center,3e62985c-04f7-4b13-9627-17cfa7e4b353,J&J's,0,6,3,3,,3
2026-09-23,catania,city-center,3f7205c1-6153-4c8a-a280-a8e71b17c755,J&J's,100,3,7,7,7.0,7
2026-09-24,catania,city-center,3f7205c1-6153-4c8a-a280-a8e71b17c755,J&J's,100,8,7,5,7.0,7
2026-09-25,catania,city-center,3f7205c1-6153-4c8a-a280-a8e71b17c755,J&J's,100,6,5,4,5.0,5
2026-09-23,catania,guardia,414c189f-565b-47cb-9687-17ea2696b2fd,J&J's,0,3,0,0,,0
2026-09-24,catania,guardia,414c189f-565b-47cb-9687-17ea2696b2fd,J&J's,0,8,0,0,,0
2026-09-25,catania,guardia,414c189f-565b-47cb-9687-17ea2696b2fd,J&J's,0,6,0,0,,0
2026-09-23,catania,borgo-sanzio,41d75465-ac9f-4c9c-8849-f0ce24409433,J&J's,0,3,0,0,,0
2026-09-24,catania,borgo-sanzio,41d75465-ac9f-4c9c-8849-f0ce24409433,J&J's,0,8,0,0,,0
2026-09-25,catania,borgo-sanzio,41d75465-ac9f-4c9c-8849-f0ce24409433,J&J's,0,6,0,0,,0
2026-09-23,catania,san-teodoro,433f7935-7fcc-4133-bcae-90f9c83e4f00,J&J's,0,3,0,0,,0
2026-09-24,catania,san-teodoro,433f7935-7fcc-4133-bcae-90f9c83e4f00,J&J's,0,8,0,0,,0
2026-09-25,catania,san-teodoro,433f7935-7fcc-4133-bcae-90f9c83e4f00,J&J's,0,6,0,0,,0
2026-09-23,catania,city-center,439be1e8-901e-4333-b5f0-7cdbc6b2bb10,J&J's,0,3,0,0,,0
2026-09-24,catania,city-center,439be1e8-901e-4333-b5f0-7cdbc6b2bb10,J&J's,0,8,0,0,,0
2026-09-25,catania,city-center,439be1e8-901e-4333-b5f0-7cdbc6b2bb10,J&J's,0,6,0,0,,0
2026-09-23,catania,gravina-di-catania,4894af42-15ee-4778-9c91-429dc30ff2b1,J&J's,0,3,0,0,,0
2026-09-24,catania,gravina-di-catania,4894af42-15ee-4778-9c91-429dc30ff2b1,J&J's,0,8,0,0,,0
2026-09-25,catania,gravina-di-catania,4894af42-15ee-4778-9c91-429dc30ff2b1,J&J's,0,6,0,0,,0
2026-09-23,catania,borrello,4b7a4304-04bc-4002-9eb8-d46efe8311d4,J&J's,0,3,0,0,,0
2026-09-24,catania,borrello,4b7a4304-04bc-4002-9eb8-d46efe8311d4,J&J's,0,8,0,0,,0
2026-09-25,catania,borrello,4b7a4304-04bc-4002-9eb8-d46efe8311d4,J&J's,0,6,0,0,,0
2026-09-23,catania,centuripe,4d3cfc17-90a2-4140-996d-d1bf448e4a58,J&J's,0,3,0,0,,0
2026-09-24,catania,centuripe,4d3cfc17-90a2-4140-996d-d1bf448e4a58,J&J's,0,8,0,0,,0
2026-09-25,catania,centuripe,4d3cfc17-90a2-4140-996d-d1bf448e4a58,J&J's,0,6,0,0,,0
2026-09-23,catania,catania-centrale,5010cd06-430d-4974-add9-a0cae9f44449,J&J's,0,3,20,20,,20
2026-09-24,catania,catania-centrale,5010cd06-430d-4974-add9-a0cae9f44449,J&J's,0,8,21,21,,21
2026-09-25,catania,catania-centrale,5010cd06-430d-4974-add9-a0cae9f44449,J&J's,0,6,24,24,,24
2026-09-23,catania,paternò,55118407-71e1-4ae4-ac31-1dc85759a2f2,J&J's,0,3,0,0,,0
2026-09-24,catania,paternò,55118407-71e1-4ae4-ac31-1dc85759a2f2,J&J's,0,8,0,0,,0
2026-09-25,catania,paternò,55118407-71e1-4ae4-ac31-1dc85759a2f2,J&J's,0,6,0,0,,0
2026-09-23,catania,monserrato,5618a763-934d-4abb-813c-c27656799285,J&J's,0,3,0,0,,0
2026-09-24,catania,monserrato,5618a763-934d-4abb-813c-c27656799285,J&J's,0,8,0,0,,0
2026-09-25,catania,monserrato,5618a763-934d-4abb-813c-c27656799285,J&J's,0,6,0,0,,0
2026-09-23,catania,catania-centrale,5b77bbed-54ef-43a6-ae44-40395352a8bc,J&J's,0,3,0,0,,0
2026-09-24,catania,catania-centrale,5b77bbed-54ef-43a6-ae44-40395352a8bc,J&J's,0,8,0,0,,0
2026-09-25,catania,catania-centrale,5b77bbed-54ef-43a6-ae44-40395352a8bc,J&J's,0,6,0,0,,0
2026-09-23,catania,city-center,5c2cd141-0aee-4f7d-a84c-1511bae2b646,J&J's,0,3,0,0,,0
2026-09-24,catania,city-center,5c2cd141-0aee-4f7d-a84c-1511bae2b646,J&J's,0,8,0,0,,0
2026-09-25,catania,city-center,5c2cd141-0aee-4f7d-a84c-1511bae2b646,J&J's,0,6,0,0,,0
2026-09-23,catania,city-center,5cb3befa-f365-4790-a580-122c833b9d9b,J&J's,0,3,0,0,,0
2026-09-24,catania,city-center,5cb3befa-f365-4790-a580-122c833b9d9b,J&J's,0,8,0,0,,0
2026-09-25,catania,city-center,5cb3befa-f365-4790-a580-122c833b9d9b,J&J's,0,6,0,0,,0
2026-09-23,catania,borgo-sanzio,5e6a2611-1b29-4784-aa0a-e28d8f46d241,J&J's,0,3,1,1,,1
2026-09-24,catania,borgo-sanzio,5e6a2611-1b29-4784-aa0a-e28d8f46d241,J&J's,0,8,1,1,,1
2026-09-25,catania,borgo-sanzio,5e6a2611-1b29-4784-aa0a-e28d8f46d241,J&J's,0,6,1,0,,1
2026-09-23,catania,piazza-stesicoro,5f75d17d-7456-4431-bb35-d638fdd9a96a,J&J's,49,3,22,22,44.9,22
2026-09-24,catania,piazza-stesicoro,5f75d17d-7456-4431-bb35-d638fdd9a96a,J&J's,49,8,23,23,46.9,23
2026-09-25,catania,piazza-stesicoro,5f75d17d-7456-4431-bb35-d638fdd9a96a,J&J's,49,6,23,23,46.9,23
2026-09-23,catania,city-center,627973b9-ccaf-40e3-ba95-e2620aa2f5e0,J&J's,0,3,0,0,,0
2026-09-24,catania,city-center,627973b9-ccaf-40e3-ba95-e2620aa2f5e0,J&J's,0,8,0,0,,0
2026-09-25,catania,city-center,627973b9-ccaf-40e3-ba95-e2620aa2f5e0,J&J's,0,6,0,0,,0
2026-09-23,catania,trappeto,6290b9a5-fa99-4ae6-94a9-4e14354a4d5d,J&J's,0,3,0,0,,0
2026-09-24,catania,trappeto,6290b9a5-fa99-4ae6-94a9-4e14354a4d5d,J&J's,0,8,0,0,,0
2026-09-25,catania,trappeto,6290b9a5-fa99-4ae6-94a9-4e14354a4d5d,J&J's,0,6,0,0,,0
2026-09-23,catania,piano,62d55322-27d6-4b48-a37e-5630ddb477fa,J&J's,0,3,0,0,,0
2026-09-24,catania,piano,62d55322-27d6-4b48-a37e-5630ddb477fa,J&J's,0,8,0,0,,0
2026-09-25,catania,piano,62d55322-27d6-4b48-a37e-5630ddb477fa,J&J's,0,6,0,0,,0
2026-09-23,catania,borgo-sanzio,65b62b81-9415-4a39-9cdf-66ce4eed1878,J&J's,0,3,1,1,,1
2026-09-24,catania,borgo-sanzio,65b62b81-9415-4a39-9cdf-66ce4eed1878,J&J's,0,8,1,1,,1
2026-09-25,catania,borgo-sanzio,65b62b81-9415-4a39-9cdf-66ce4eed1878,J&J's,0,6,1,0,,1
2026-09-23,catania,borgo-sanzio,6a2af7ba-b96f-4c48-866a-3e56103c04b2,J&J's,0,3,0,0,,0
2026-09-24,catania,borgo-sanzio,6a2af7ba-b96f-4c48-866a-3e56103c04b2,J&J's,0,8,0,0,,0
2026-09-25,catania,borgo-sanzio,6a2af7ba-b96f-4c48-866a-3e56103c04b2,J&J's,0,6,0,0,,0
2026-09-23,catania,centro-storico,70b8a23a-5eaf-4a62-9a70-0c8a3a8fec49,J&J's,0,3,0,0,,0
2026-09-24,catania,centro-storico,70b8a23a-5eaf-4a62-9a70-0c8a3a8fec49,J&J's,0,8,0,0,,0
2026-09-25,catania,centro-storico,70b8a23a-5eaf-4a62-9a70-0c8a3a8fec49,J&J's,0,6,0,0,,0
2026-09-23,catania,milicia,70d6e671-d610-41ef-a9f7-afa8a3990314,J&J's,0,3,0,0,,0
2026-09-24,catania,milicia,70d6e671-d610-41ef-a9f7-afa8a3990314,J&J's,0,8,0,0,,0
2026-09-25,catania,milicia,70d6e671-d610-41ef-a9f7-afa8a3990314,J&J's,0,6,0,0,,0
2026-09-23,catania,borgo,78ec4fe4-a18f-45b6-9b35-89d11590347d,J&J's,0,3,0,0,,0
2026-09-24,catania,borgo,78ec4fe4-a18f-45b6-9b35-89d11590347d,J&J's,0,8,0,0,,0
2026-09-25,catania,borgo,78ec4fe4-a18f-45b6-9b35-89d11590347d,J&J's,0,6,0,0,,0
2026-09-23,catania,city-center,79c197a3-699c-44d8-b665-50bd4c635fa5,J&J's,0,3,0,0,,0
2026-09-24,catania,city-center,79c197a3-699c-44d8-b665-50bd4c635fa5,J&J's,0,8,0,0,,0
2026-09-25,catania,city-center,79c197a3-699c-44d8-b665-50bd4c635fa5,J&J's,0,6,0,0,,0
2026-09-23,catania,borgo-sanzio,7c10f2e0-15e4-4b76-8a68-6cc9d44a84ef,J&J's,0,3,0,0,,0
2026-09-24,catania,borgo-sanzio,7c10f2e0-15e4-4b76-8a68-6cc9d44a84ef,J&J's,0,8,0,0,,0
2026-09-25,catania,borgo-sanzio,7c10f2e0-15e4-4b76-8a68-6cc9d44a84ef,J&J's,0,6,0,0,,0
2026-09-23,catania,city-center,7ecd92d8-2274-46db-a268-39b989e5b612,J&J's,0,3,1,1,,1
2026-09-24,catania,city-center,7ecd92d8-2274-46db-a268-39b989e5b612,J&J's,0,8,1,0,,1
2026-09-25,catania,city-center,7ecd92d8-2274-46db-a268-39b989e5b612,J&J's,0,6,0,0,,0
2026-09-23,catania,catania-centrale,8298f352-4c9f-4126-afc1-f189e1b63b94,J&J's,0,3,3,3,,3
2026-09-24,catania,catania-centrale,8298f352-4c9f-4126-afc1-f189e1b63b94,J&J's,0,8,5,5,,5
2026-09-25,catania,catania-centrale,8298f352-4c9f-4126-afc1-f189e1b63b94,J&J's,0,6,7,6,,7
2026-09-23,catania,guardia,82dd31ef-b740-43d6-8318-3fb94d16b290,J&J's,50,3,0,0,0.0,0
2026-09-24,catania,guardia,82dd31ef-b740-43d6-8318-3fb94d16b290,J&J's,50,8,0,0,0.0,0
2026-09-25,catania,guardia,82dd31ef-b740-43d6-8318-3fb94d16b290,J&J's,50,6,0,0,0.0,0
2026-09-23,catania,city-center,83164ef7-1920-4d97-8fbb-ee953c9a8efb,J&J's,0,3,1,1,,1
2026-09-24,catania,city-center,83164ef7-1920-4d97-8fbb-ee953c9a8efb,J&J's,0,8,1,0,,1
2026-09-25,catania,city-center,83164ef7-1920-4d97-8fbb-ee953c9a8efb,J&J's,0,6,0,0,,0
2026-09-23,catania,catania-centrale,838da79d-8e57-4f02-a9e5-640526c9a4fc,J&J's,0,3,0,0,,0
2026-09-24,catania,catania-centrale,838da79d-8e57-4f02-a9e5-640526c9a4fc,J&J's,0,8,0,0,,0
2026-09-25,catania,catania-centrale,838da79d-8e57-4f02-a9e5-640526c9a4fc,J&J's,0,6,0,0,,0
2026-09-23,catania,borrello,84ceafc9-26a9-49c1-be92-3f3fa082c30f,J&J's,0,3,0,0,,0
2026-09-24,catania,borrello,84ceafc9-26a9-49c1-be92-3f3fa082c30f,J&J's,0,8,0,0,,0
2026-09-25,catania,borrello,84ceafc9-26a9-49c1-be92-3f3fa082c30f,J&J's,0,6,0,0,,0
2026-09-23,catania,city-center,8560c3ba-b69c-446e-b04f-f93cec40635f,J&J's,0,3,0,0,,0
2026-09-24,catania,city-center,8560c3ba-b69c-446e-b04f-f93cec40635f,J&J's,0,8,0,0,,0
2026-09-25,catania,city-center,8560c3ba-b69c-446e-b04f-f93cec40635f,J&J's,0,6,0,0,,0
2026-09-23,catania,sant'agata-li-battiati,88cfbade-a149-4bae-8d86-e7fe605fbbca,J&J's,0,3,0,0,,0
2026-09-24,catania,sant'agata-li-battiati,88cfbade-a149-4bae-8d86-e7fe605fbbca,J&J's,0,8,0,0,,0
2026-09-25,catania,sant'agata-li-battiati,88cfbade-a149-4bae-8d86-e7fe605fbbca,J&J's,0,6,0,0,,0
2026-09-23,catania,porrazzo,8c982b62-5cb2-4532-aab1-1052b726c8bb,J&J's,0,3,0,0,,0
2026-09-24,catania,porrazzo,8c982b62-5cb2-4532-aab1-1052b726c8bb,J&J's,0,8,0,0,,0
2026-09-25,catania,porrazzo,8c982b62-5cb2-4532-aab1-1052b726c8bb,J&J's,0,6,0,0,,0
2026-09-23,catania,san-paolo,8cb31d36-82b0-40d1-82cd-e692555ebaad,J&J's,0,3,0,0,,0
2026-09-24,catania,san-paolo,8cb31d36-82b0-40d1-82cd-e692555ebaad,J&J's,0,8,0,0,,0
2026-09-25,catania,san-paolo,8cb31d36-82b0-40d1-82cd-e692555ebaad,J&J's,0,6,0,0,,0
2026-09-23,catania,adrano,8d4e9002-902c-4613-82ce-8970edc1ac1b,J&J's,0,3,0,0,,0
2026-09-24,catania,adrano,8d4e9002-902c-4613-82ce-8970edc1ac1b,J&J's,0,8,0,0,,0
2026-09-25,catania,adrano,8d4e9002-902c-4613-82ce-8970edc1ac1b,J&J's,0,6,0,0,,0
2026-09-23,catania,picanello-ognina-barriera-canalicchio,8eaa1322-8263-41cb-9aea-0ee60752029f,J&J's,0,3,0,0,,0
2026-09-24,catania,picanello-ognina-barriera-canalicchio,8eaa1322-8263-41cb-9aea-0ee60752029f,J&J's,0,8,0,0,,0
2026-09-25,catania,picanello-ognina-barriera-canalicchio,8eaa1322-8263-41cb-9aea-0ee60752029f,J&J's,0,6,0,0,,0
2026-09-23,catania,city-center,907c8925-6f0b-4a95-8263-a7a7dd2a3101,J&J's,0,3,3,3,,3
2026-09-24,catania,city-center,907c8925-6f0b-4a95-8263-a7a7dd2a3101,J&J's,0,8,3,3,,3
2026-09-25,catania,city-center,907c8925-6f0b-4a95-8263-a7a7dd2a3101,J&J's,0,6,3,3,,3
2026-09-23,catania,porrazzo,91904724-dd51-4136-b529-1d2714f78a9c,J&J's,0,3,0,0,,0
2026-09-24,catania,porrazzo,91904724-dd51-4136-b529-1d2714f78a9c,J&J's,0,8,0,0,,0
2026-09-25,catania,porrazzo,91904724-dd51-4136-b529-1d2714f78a9c,J&J's,0,6,0,0,,0
2026-09-23,catania,porta-garibaldi,929e7b20-5b68-4fbe-976e-4eda1876dbb0,J&J's,0,3,1,1,,1
2026-09-24,catania,porta-garibaldi,929e7b20-5b68-4fbe-976e-4eda1876dbb0,J&J's,0,8,2,1,,2
2026-09-25,catania,porta-garibaldi,929e7b20-5b68-4fbe-976e-4eda1876dbb0,J&J's,0,6,1,1,,1
2026-09-23,catania,catania-airport,92af6c6c-e8dd-46d2-8b9d-259e6c2c403c,J&J's,100,3,1,1,1.0,1
2026-09-24,catania,catania-airport,92af6c6c-e8dd-46d2-8b9d-259e6c2c403c,J&J's,100,8,1,1,1.0,1
2026-09-25,catania,catania-airport,92af6c6c-e8dd-46d2-8b9d-259e6c2c403c,J&J's,100,6,1,0,1.0,1
2026-09-23,catania,ballo,93d8c85c-7f4d-477d-82e5-cc6b5cc51c1b,J&J's,0,3,0,0,,0
2026-09-24,catania,ballo,93d8c85c-7f4d-477d-82e5-cc6b5cc51c1b,J&J's,0,8,0,0,,0
2026-09-25,catania,ballo,93d8c85c-7f4d-477d-82e5-cc6b5cc51c1b,J&J's,0,6,0,0,,0
2026-09-23,catania,zia-lisa,99ff2b2a-bca6-4387-8d71-8139ba2dd424,J&J's,0,3,1,1,,1
2026-09-24,catania,zia-lisa,99ff2b2a-bca6-4387-8d71-8139ba2dd424,J&J's,0,8,1,1,,1
2026-09-25,catania,zia-lisa,99ff2b2a-bca6-4387-8d71-8139ba2dd424,J&J's,0,6,1,1,,1
2026-09-23,catania,university-of-catania,9cbfebaf-5a11-4a33-970a-bf006d3ba835,J&J's,0,3,0,0,,0
2026-09-24,catania,university-of-catania,9cbfebaf-5a11-4a33-970a-bf006d3ba835,J&J's,0,8,0,0,,0
2026-09-25,catania,university-of-catania,9cbfebaf-5a11-4a33-970a-bf006d3ba835,J&J's,0,6,0,0,,0
2026-09-23,catania,catania-centrale,9dce2230-ced0-4bd2-99ef-bf64507620c0,J&J's,0,3,0,0,,0
2026-09-24,catania,catania-centrale,9dce2230-ced0-4bd2-99ef-bf64507620c0,J&J's,0,8,0,0,,0
2026-09-25,catania,catania-centrale,9dce2230-ced0-4bd2-99ef-bf64507620c0,J&J's,0,6,0,0,,0
2026-09-23,catania,borgo-sanzio,a114a706-5e4a-4c43-9ea3-0477ab8e78b4,J&J's,0,3,1,1,,1
2026-09-24,catania,borgo-sanzio,a114a706-5e4a-4c43-9ea3-0477ab8e78b4,J&J's,0,8,1,0,,1
2026-09-25,catania,borgo-sanzio,a114a706-5e4a-4c43-9ea3-0477ab8e78b4,J&J's,0,6,0,0,,0
2026-09-23,catania,city-center,a135e598-33ba-4a38-97f4-1405fc944076,J&J's,50,3,0,0,0.0,0
2026-09-24,catania,city-center,a135e598-33ba-4a38-97f4-1405fc944076,J&J's,50,8,0,0,0.0,0
2026-09-25,catania,city-center,a135e598-33ba-4a38-97f4-1405fc944076,J&J's,50,6,0,0,0.0,0
2026-09-23,catania,catania-centrale,a1897723-618b-47d0-8535-d675c68c2bad,J&J's,0,3,0,0,,0
2026-09-24,catania,catania-centrale,a1897723-618b-47d0-8535-d675c68c2bad,J&J's,0,8,0,0,,0
2026-09-25,catania,catania-centrale,a1897723-618b-47d0-8535-d675c68c2bad,J&J's,0,6,0,0,,0
2026-09-23,catania,city-center,a18f81b7-8515-4dd8-9bab-446a59abf284,J&J's,0,3,0,0,,0
2026-09-24,catania,city-center,a18f81b7-8515-4dd8-9bab-446a59abf284,J&J's,0,8,0,0,,0
2026-09-25,catania,city-center,a18f81b7-8515-4dd8-9bab-446a59abf284,J&J's,0,6,0,0,,0
2026-09-23,catania,piazza-stesicoro,a33980dc-c549-4ae5-9959-819a3cc2e43c,J&J's,0,3,0,0,,0
2026-09-24,catania,piazza-stesicoro,a33980dc-c549-4ae5-9959-819a3cc2e43c,J&J's,0,8,0,0,,0
2026-09-25,catania,piazza-stesicoro,a33980dc-c549-4ae5-9959-819a3cc2e43c,J&J's,0,6,0,0,,0
2026-09-23,catania,paternò,a58d83f9-5909-406e-a247-7392f3a581e0,J&J's,0,3,0,0,,0
2026-09-24,catania,paternò,a58d83f9-5909-406e-a247-7392f3a581e0,J&J's,0,8,0,0,,0
2026-09-25,catania,paternò,a58d83f9-5909-406e-a247-7392f3a581e0,J&J's,0,6,0,0,,0
2026-09-23,catania,city-center,a69224b2-0a60-4864-af90-cf3bbfe1fe65,J&J's,0,3,0,0,,0
2026-09-24,catania,city-center,a69224b2-0a60-4864-af90-cf3bbfe1fe65,J&J's,0,8,0,0,,0
2026-09-25,catania,city-center,a69224b2-0a60-4864-af90-cf3bbfe1fe65,J&J's,0,6,0,0,,0
2026-09-23,catania,trappeto,aca776b1-d5e7-4d8b-8796-e241c7c0128f,J&J's,100,3,0,0,0.0,0
2026-09-24,catania,trappeto,aca776b1-d5e7-4d8b-8796-e241c7c0128f,J&J's,100,8,0,0,0.0,0
2026-09-25,catania,trappeto,aca776b1-d5e7-4d8b-8796-e241c7c0128f,J&J's,100,6,0,0,0.0,0
2026-09-23,catania,borgo-sanzio,af90c5a8-0deb-400c-b8ae-2d8c1c7ba01b,J&J's,0,3,0,0,,0
2026-09-24,catania,borgo-sanzio,af90c5a8-0deb-400c-b8ae-2d8c1c7ba01b,J&J's,0,8,0,0,,0
2026-09-25,catania,borgo-sanzio,af90c5a8-0deb-400c-b8ae-2d8c1c7ba01b,J&J's,0,6,0,0,,0
2026-09-23,catania,nesima-superiore,b0fe5117-af6a-46fc-b70b-14162be47bab,J&J's,20,3,0,0,0.0,0
2026-09-24,catania,nesima-superiore,b0fe5117-af6a-46fc-b70b-14162be47bab,J&J's,20,8,0,0,0.0,0
2026-09-25,catania,nesima-superiore,b0fe5117-af6a-46fc-b70b-14162be47bab,J&J's,20,6,0,0,0.0,0
2026-09-23,catania,biancavilla,b2921179-524b-4701-974b-4279f8200d08,J&J's,0,3,0,0,,0
2026-09-24,catania,biancavilla,b2921179-524b-4701-974b-4279f8200d08,J&J's,0,8,0,0,,0
2026-09-25,catania,biancavilla,b2921179-524b-4701-974b-4279f8200d08,J&J's,0,6,0,0,,0
2026-09-23,catania,faro-biscari,b6b1bb37-db20-4a1c-9ab1-995986e63811,J&J's,0,3,0,0,,0
2026-09-24,catania,faro-biscari,b6b1bb37-db20-4a1c-9ab1-995986e63811,J&J's,0,8,0,0,,0
2026-09-25,catania,faro-biscari,b6b1bb37-db20-4a1c-9ab1-995986e63811,J&J's,0,6,0,0,,0
2026-09-23,catania,biancavilla,b718a115-378e-401d-bd2e-f9a950afbb77,J&J's,0,3,0,0,,0
2026-09-24,catania,biancavilla,b718a115-378e-401d-bd2e-f9a950afbb77,J&J's,0,8,0,0,,0
2026-09-25,catania,biancavilla,b718a115-378e-401d-bd2e-f9a950afbb77,J&J's,0,6,0,0,,0
2026-09-23,catania,pedara,b773ef84-a64e-4da7-bb38-eac1c87a5c60,J&J's,0,3,0,0,,0
2026-09-24,catania,pedara,b773ef84-a64e-4da7-bb38-eac1c87a5c60,J&J's,0,8,0,0,,0
2026-09-25,catania,pedara,b773ef84-a64e-4da7-bb38-eac1c87a5c60,J&J's,0,6,0,0,,0
2026-09-23,catania,aci-trezza,b7d656b4-9e10-4fc3-a11f-e419221e0d20,J&J's,0,3,0,0,,0
2026-09-24,catania,aci-trezza,b7d656b4-9e10-4fc3-a11f-e419221e0d20,J&J's,0,8,0,0,,0
2026-09-25,catania,aci-trezza,b7d656b4-9e10-4fc3-a11f-e419221e0d20,J&J's,0,6,0,0,,0
2026-09-23,catania,catania-centrale,b850c9c4-5b18-44a3-b88d-ffc6f67d3032,J&J's,0,3,0,0,,0
2026-09-24,catania,catania-centrale,b850c9c4-5b18-44a3-b88d-ffc6f67d3032,J&J's,0,8,0,0,,0
2026-09-25,catania,catania-centrale,b850c9c4-5b18-44a3-b88d-ffc6f67d3032,J&J's,0,6,0,0,,0
2026-09-23,catania,curia,bb0e8dbb-1b53-4e9b-bad0-6683b5bfd859,J&J's,0,3,0,0,,0
2026-09-24,catania,curia,bb0e8dbb-1b53-4e9b-bad0-6683b5bfd859,J&J's,0,8,0,0,,0
2026-09-25,catania,curia,bb0e8dbb-1b53-4e9b-bad0-6683b5bfd859,J&J's,0,6,0,0,,0
2026-09-23,catania,aci-sant'antonio,bcafc411-a242-4f35-938f-e8378f0c2cc5,J&J's,0,3,0,0,,0
2026-09-24,catania,aci-sant'antonio,bcafc411-a242-4f35-938f-e8378f0c2cc5,J&J's,0,8,0,0,,0
2026-09-25,catania,aci-sant'antonio,bcafc411-a242-4f35-938f-e8378f0c2cc5,J&J's,0,6,0,0,,0
2026-09-23,catania,ragala,bdce43ab-e9ab-433b-8958-dc9885f03ef6,J&J's,0,3,0,0,,0
2026-09-24,catania,ragala,bdce43ab-e9ab-433b-8958-dc9885f03ef6,J&J's,0,8,0,0,,0
2026-09-25,catania,ragala,bdce43ab-e9ab-433b-8958-dc9885f03ef6,J&J's,0,6,0,0,,0
2026-09-23,catania,biancavilla,be28ad9f-2b94-4f38-b1a0-ea25f24ed4ba,J&J's,0,3,0,0,,0
2026-09-24,catania,biancavilla,be28ad9f-2b94-4f38-b1a0-ea25f24ed4ba,J&J's,0,8,0,0,,0
2026-09-25,catania,biancavilla,be28ad9f-2b94-4f38-b1a0-ea25f24ed4ba,J&J's,0,6,0,0,,0
2026-09-23,catania,guardia,be3a70e5-bd54-4f11-8dbf-818c80676bc9,J&J's,0,3,0,0,,0
2026-09-24,catania,guardia,be3a70e5-bd54-4f11-8dbf-818c80676bc9,J&J's,0,8,0,0,,0
2026-09-25,catania,guardia,be3a70e5-bd54-4f11-8dbf-818c80676bc9,J&J's,0,6,0,0,,0
2026-09-23,catania,catania-centrale,c64e68d7-1773-4791-aa5a-e355e49342d5,J&J's,0,3,5,5,,5
2026-09-24,catania,catania-centrale,c64e68d7-1773-4791-aa5a-e355e49342d5,J&J's,0,8,5,5,,5
2026-09-25,catania,catania-centrale,c64e68d7-1773-4791-aa5a-e355e49342d5,J&J's,0,6,7,6,,7
2026-09-23,catania,university-of-catania,c7131b6e-ea78-40d7-b95c-7bc254af84c5,J&J's,0,3,14,14,,14
2026-09-24,catania,university-of-catania,c7131b6e-ea78-40d7-b95c-7bc254af84c5,J&J's,0,8,15,14,,15
2026-09-25,catania,university-of-catania,c7131b6e-ea78-40d7-b95c-7bc254af84c5,J&J's,0,6,14,13,,15
2026-09-23,catania,loreto,ca8a7f1f-53cb-4bd6-8d5b-3bee18918d47,J&J's,0,3,0,0,,0
2026-09-24,catania,loreto,ca8a7f1f-53cb-4bd6-8d5b-3bee18918d47,J&J's,0,8,0,0,,0
2026-09-25,catania,loreto,ca8a7f1f-53cb-4bd6-8d5b-3bee18918d47,J&J's,0,6,0,0,,0
2026-09-23,catania,santa-maria-la-scala,ca90a2c2-28e9-43f0-92e0-62034fee9c5d,J&J's,0,3,0,0,,0
2026-09-24,catania,santa-maria-la-scala,ca90a2c2-28e9-43f0-92e0-62034fee9c5d,J&J's,0,8,0,0,,0
2026-09-25,catania,santa-maria-la-scala,ca90a2c2-28e9-43f0-92e0-62034fee9c5d,J&J's,0,6,0,0,,0
2026-09-23,catania,borgo-sanzio,cb224493-1e64-46d2-9c57-ba27563fe400,J&J's,50,3,1,1,2.0,1
2026-09-24,catania,borgo-sanzio,cb224493-1e64-46d2-9c57-ba27563fe400,J&J's,50,8,1,1,2.0,1
2026-09-25,catania,borgo-sanzio,cb224493-1e64-46d2-9c57-ba27563fe400,J&J's,50,6,1,0,2.0,1
2026-09-23,catania,catania-centrale,cc4fb4ea-b396-4d35-8deb-44d55d18aed3,J&J's,0,3,4,4,,4
2026-09-24,catania,catania-centrale,cc4fb4ea-b396-4d35-8deb-44d55d18aed3,J&J's,0,8,4,4,,4
2026-09-25,catania,catania-centrale,cc4fb4ea-b396-4d35-8deb-44d55d18aed3,J&J's,0,6,4,4,,4
2026-09-23,catania,corso-dei-mille-sant-erasmo,ce5acdb9-d01c-46c4-9676-38beb5dd76da,J&J's,0,3,0,0,,0
2026-09-24,catania,corso-dei-mille-sant-erasmo,ce5acdb9-d01c-46c4-9676-38beb5dd76da,J&J's,0,8,0,0,,0
2026-09-25,catania,corso-dei-mille-sant-erasmo,ce5acdb9-d01c-46c4-9676-38beb5dd76da,J&J's,0,6,0,0,,0
2026-09-23,catania,city-center,d1c228a4-5193-4c6f-8fa2-8030fcf911dd,J&J's,0,3,0,0,,0
2026-09-24,catania,city-center,d1c228a4-5193-4c6f-8fa2-8030fcf911dd,J&J's,0,8,0,0,,0
2026-09-25,catania,city-center,d1c228a4-5193-4c6f-8fa2-8030fcf911dd,J&J's,0,6,0,0,,0
2026-09-23,catania,massannunziata,d2f86f03-8c41-4cea-aab9-d8881a9086d7,J&J's,0,3,0,0,,0
2026-09-24,catania,massannunziata,d2f86f03-8c41-4cea-aab9-d8881a9086d7,J&J's,0,8,0,0,,0
2026-09-25,catania,massannunziata,d2f86f03-8c41-4cea-aab9-d8881a9086d7,J&J's,0,6,0,0,,0
2026-09-23,catania,piazza-stesicoro,d45cc956-6962-403d-8afb-64050be4a3e9,J&J's,0,3,0,0,,0
2026-09-24,catania,piazza-stesicoro,d45cc956-6962-403d-8afb-64050be4a3e9,J&J's,0,8,0,0,,0
2026-09-25,catania,piazza-stesicoro,d45cc956-6962-403d-8afb-64050be4a3e9,J&J's,0,6,0,0,,0
2026-09-23,catania,borgo-sanzio,d56580ad-81a7-4cf8-b281-ab14a124c034,J&J's,0,3,0,0,,0
2026-09-24,catania,borgo-sanzio,d56580ad-81a7-4cf8-b281-ab14a124c034,J&J's,0,8,0,0,,0
2026-09-25,catania,borgo-sanzio,d56580ad-81a7-4cf8-b281-ab14a124c034,J&J's,0,6,0,0,,0
2026-09-23,catania,city-center,d7034b80-3ba7-4a4b-941c-f5957f9b9660,J&J's,0,3,0,0,,0
2026-09-24,catania,city-center,d7034b80-3ba7-4a4b-941c-f5957f9b9660,J&J's,0,8,0,0,,0
2026-09-25,catania,city-center,d7034b80-3ba7-4a4b-941c-f5957f9b9660,J&J's,0,6,0,0,,0
2026-09-23,catania,sant'agata-li-battiati,d8880417-dfb9-4fa1-95a2-701e4838ca00,J&J's,0,3,0,0,,0
2026-09-24,catania,sant'agata-li-battiati,d8880417-dfb9-4fa1-95a2-701e4838ca00,J&J's,0,8,0,0,,0
2026-09-25,catania,sant'agata-li-battiati,d8880417-dfb9-4fa1-95a2-701e4838ca00,J&J's,0,6,0,0,,0
2026-09-23,catania,borgo,da235377-da67-4be3-a583-aebee50ce3cf,J&J's,0,3,0,0,,0
2026-09-24,catania,borgo,da235377-da67-4be3-a583-aebee50ce3cf,J&J's,0,8,0,0,,0
2026-09-25,catania,borgo,da235377-da67-4be3-a583-aebee50ce3cf,J&J's,0,6,0,0,,0
2026-09-23,catania,san-gregorio-di-catania,dab2d113-13ca-4902-a654-c741db93a2df,J&J's,0,3,0,0,,0
2026-09-24,catania,san-gregorio-di-catania,dab2d113-13ca-4902-a654-c741db93a2df,J&J's,0,8,0,0,,0
2026-09-25,catania,san-gregorio-di-catania,dab2d113-13ca-4902-a654-c741db93a2df,J&J's,0,6,0,0,,0
2026-09-23,catania,aci-trezza,db0bad4e-d39e-42cf-b503-b3d708bade78,J&J's,0,3,0,0,,0
2026-09-24,catania,aci-trezza,db0bad4e-d39e-42cf-b503-b3d708bade78,J&J's,0,8,0,0,,0
2026-09-25,catania,aci-trezza,db0bad4e-d39e-42cf-b503-b3d708bade78,J&J's,0,6,0,0,,0
2026-09-23,catania,nesima-inferiore,dbe34a1e-bdb7-47a8-86f6-d2ab8bb18a7f,J&J's,0,3,0,0,,0
2026-09-24,catania,nesima-inferiore,dbe34a1e-bdb7-47a8-86f6-d2ab8bb18a7f,J&J's,0,8,0,0,,0
2026-09-25,catania,nesima-inferiore,dbe34a1e-bdb7-47a8-86f6-d2ab8bb18a7f,J&J's,0,6,0,0,,0
2026-09-23,catania,milicia,dcb4787b-c4fe-495a-8a1d-114511406439,J&J's,0,3,0,0,,0
2026-09-24,catania,milicia,dcb4787b-c4fe-495a-8a1d-114511406439,J&J's,0,8,0,0,,0
2026-09-25,catania,milicia,dcb4787b-c4fe-495a-8a1d-114511406439,J&J's,0,6,0,0,,0
2026-09-23,catania,aci-san-filippo,dd0be31d-fb0f-4fc9-8b0f-5a23b499f882,J&J's,0,3,0,0,,0
2026-09-24,catania,aci-san-filippo,dd0be31d-fb0f-4fc9-8b0f-5a23b499f882,J&J's,0,8,0,0,,0
2026-09-25,catania,aci-san-filippo,dd0be31d-fb0f-4fc9-8b0f-5a23b499f882,J&J's,0,6,0,0,,0
2026-09-23,catania,san-pietro-clarenza,dddeb65d-f9d9-47ff-b262-8d6aa57645aa,J&J's,0,3,0,0,,0
2026-09-24,catania,san-pietro-clarenza,dddeb65d-f9d9-47ff-b262-8d6aa57645aa,J&J's,0,8,0,0,,0
2026-09-25,catania,san-pietro-clarenza,dddeb65d-f9d9-47ff-b262-8d6aa57645aa,J&J's,0,6,0,0,,0
2026-09-23,catania,university-of-catania,de3e824c-0894-4387-a845-0d7f3ecf94d1,J&J's,0,3,0,0,,0
2026-09-24,catania,university-of-catania,de3e824c-0894-4387-a845-0d7f3ecf94d1,J&J's,0,8,0,0,,0
2026-09-25,catania,university-of-catania,de3e824c-0894-4387-a845-0d7f3ecf94d1,J&J's,0,6,0,0,,0
2026-09-23,catania,cannizzaro,dfc75c92-f120-4f1e-bb81-896149884e8c,J&J's,0,3,0,0,,0
2026-09-24,catania,cannizzaro,dfc75c92-f120-4f1e-bb81-896149884e8c,J&J's,0,8,0,0,,0
2026-09-25,catania,cannizzaro,dfc75c92-f120-4f1e-bb81-896149884e8c,J&J's,0,6,0,0,,0
2026-09-23,catania,linera,e62e2b27-8847-4aaf-87f0-ce05210dfb1c,J&J's,0,3,0,0,,0
2026-09-24,catania,linera,e62e2b27-8847-4aaf-87f0-ce05210dfb1c,J&J's,0,8,0,0,,0
2026-09-25,catania,linera,e62e2b27-8847-4aaf-87f0-ce05210dfb1c,J&J's,0,6,0,0,,0
2026-09-23,catania,balatelle,e9d4c0de-e65e-4a5e-9141-c2686fbc2ccb,J&J's,0,3,0,0,,0
2026-09-24,catania,balatelle,e9d4c0de-e65e-4a5e-9141-c2686fbc2ccb,J&J's,0,8,0,0,,0
2026-09-25,catania,balatelle,e9d4c0de-e65e-4a5e-9141-c2686fbc2ccb,J&J's,0,6,0,0,,0
2026-09-23,catania,city-center,ef458f94-dfda-46d9-bce0-aa40ce248d27,J&J's,0,3,0,0,,0
2026-09-24,catania,city-center,ef458f94-dfda-46d9-bce0-aa40ce248d27,J&J's,0,8,0,0,,0
2026-09-25,catania,city-center,ef458f94-dfda-46d9-bce0-aa40ce248d27,J&J's,0,6,0,0,,0
2026-09-23,catania,biancavilla,f112f342-f5d4-4abf-9e94-dc4a9e453c4f,J&J's,0,3,0,0,,0
2026-09-24,catania,biancavilla,f112f342-f5d4-4abf-9e94-dc4a9e453c4f,J&J's,0,8,0,0,,0
2026-09-25,catania,biancavilla,f112f342-f5d4-4abf-9e94-dc4a9e453c4f,J&J's,0,6,0,0,,0
2026-09-23,catania,university-of-catania,f2ae8484-9b8d-4818-bd13-c213dbf0bbf3,J&J's,0,3,1,1,,1
2026-09-24,catania,university-of-catania,f2ae8484-9b8d-4818-bd13-c213dbf0bbf3,J&J's,0,8,1,1,,1
2026-09-25,catania,university-of-catania,f2ae8484-9b8d-4818-bd13-c213dbf0bbf3,J&J's,0,6,1,1,,1
2026-09-23,catania,university-of-catania,f6358323-1b0a-4e14-bf3c-4b7c6b02f9c8,J&J's,0,3,1,1,,1
2026-09-24,catania,university-of-catania,f6358323-1b0a-4e14-bf3c-4b7c6b02f9c8,J&J's,0,8,1,1,,1
2026-09-25,catania,university-of-catania,f6358323-1b0a-4e14-bf3c-4b7c6b02f9c8,J&J's,0,6,1,1,,1
2026-09-23,catania,gravina-di-catania,f76e593a-2c59-432c-935f-324ee35e7262,J&J's,0,3,0,0,,0
2026-09-24,catania,gravina-di-catania,f76e593a-2c59-432c-935f-324ee35e7262,J&J's,0,8,0,0,,0
2026-09-25,catania,gravina-di-catania,f76e593a-2c59-432c-935f-324ee35e7262,J&J's,0,6,0,0,,0
2026-09-23,catania,piazza-stesicoro,ff7597c0-ebed-421c-b8f2-27592d8450a1,J&J's,0,3,0,0,,0
2026-09-24,catania,piazza-stesicoro,ff7597c0-ebed-421c-b8f2-27592d8450a1,J&J's,0,8,0,0,,0
2026-09-25,catania,piazza-stesicoro,ff7597c0-ebed-421c-b8f2-27592d8450a1,J&J's,0,6,0,0,,0
2026-09-23,catanzaro,santa-maria,08f4580a-d3e3-4d90-b73e-fa632b039c23,J&J's,0,3,0,0,,0
2026-09-24,catanzaro,santa-maria,08f4580a-d3e3-4d90-b73e-fa632b039c23,J&J's,0,8,0,0,,0
2026-09-25,catanzaro,santa-maria,08f4580a-d3e3-4d90-b73e-fa632b039c23,J&J's,0,6,0,0,,0
2026-09-23,catanzaro,catanzaro-lido,1aa18dc1-7762-464d-b0b1-93b3f7e05c48,J&J's,0,3,0,0,,0
2026-09-24,catanzaro,catanzaro-lido,1aa18dc1-7762-464d-b0b1-93b3f7e05c48,J&J's,0,8,0,0,,0
2026-09-25,catanzaro,catanzaro-lido,1aa18dc1-7762-464d-b0b1-93b3f7e05c48,J&J's,0,6,0,0,,0
2026-09-23,catanzaro,pontepiccolo,3455c143-1d71-44e5-a859-e4e545f4b9f5,J&J's,0,3,0,0,,0
2026-09-24,catanzaro,pontepiccolo,3455c143-1d71-44e5-a859-e4e545f4b9f5,J&J's,0,8,0,0,,0
2026-09-25,catanzaro,pontepiccolo,3455c143-1d71-44e5-a859-e4e545f4b9f5,J&J's,0,6,0,0,,0
2026-09-23,catanzaro,croci,49f1e0d0-2882-4cc2-9874-adf8a9ae9f32,J&J's,0,3,1,1,,1
2026-09-24,catanzaro,croci,49f1e0d0-2882-4cc2-9874-adf8a9ae9f32,J&J's,0,8,1,0,,1
2026-09-25,catanzaro,croci,49f1e0d0-2882-4cc2-9874-adf8a9ae9f32,J&J's,0,6,0,0,,0
2026-09-23,catanzaro,dulcino,6271472c-2b35-4348-854c-a3dd899431ea,J&J's,0,3,0,0,,0
2026-09-24,catanzaro,dulcino,6271472c-2b35-4348-854c-a3dd899431ea,J&J's,0,8,0,0,,0
2026-09-25,catanzaro,dulcino,6271472c-2b35-4348-854c-a3dd899431ea,J&J's,0,6,0,0,,0
2026-09-23,catanzaro,fortuna,74084669-662f-450a-a5ca-5c4caca2aff5,J&J's,0,3,0,0,,0
2026-09-24,catanzaro,fortuna,74084669-662f-450a-a5ca-5c4caca2aff5,J&J's,0,8,0,0,,0
2026-09-25,catanzaro,fortuna,74084669-662f-450a-a5ca-5c4caca2aff5,J&J's,0,6,0,0,,0
2026-09-23,catanzaro,sant'elia,a049d969-6c73-4268-90c9-6664f5142842,J&J's,0,3,0,0,,0
2026-09-24,catanzaro,sant'elia,a049d969-6c73-4268-90c9-6664f5142842,J&J's,0,8,0,0,,0
2026-09-25,catanzaro,sant'elia,a049d969-6c73-4268-90c9-6664f5142842,J&J's,0,6,0,0,,0
2026-09-23,catanzaro,sant'antonio,b15eae2a-505b-447f-8165-e50f2b31aa48,J&J's,0,3,0,0,,0
2026-09-24,catanzaro,sant'antonio,b15eae2a-505b-447f-8165-e50f2b31aa48,J&J's,0,8,0,0,,0
2026-09-25,catanzaro,sant'antonio,b15eae2a-505b-447f-8165-e50f2b31aa48,J&J's,0,6,0,0,,0
2026-09-23,catanzaro,mater-domini,c0321f65-6e52-42ba-8acd-3d6d72aa2260,J&J's,0,3,0,0,,0
2026-09-24,catanzaro,mater-domini,c0321f65-6e52-42ba-8acd-3d6d72aa2260,J&J's,0,8,0,0,,0
2026-09-25,catanzaro,mater-domini,c0321f65-6e52-42ba-8acd-3d6d72aa2260,J&J's,0,6,0,0,,0
2026-09-23,catanzaro,simeri-crichi,cb094b72-76e4-41c4-a30c-8d3a20b534f4,J&J's,0,3,0,0,,0
2026-09-24,catanzaro,simeri-crichi,cb094b72-76e4-41c4-a30c-8d3a20b534f4,J&J's,0,8,0,0,,0
2026-09-25,catanzaro,simeri-crichi,cb094b72-76e4-41c4-a30c-8d3a20b534f4,J&J's,0,6,0,0,,0
2026-09-23,catanzaro,pontepiccolo,e32dd6ee-d6f7-44d9-9329-45438e780689,J&J's,0,3,0,0,,0
2026-09-24,catanzaro,pontepiccolo,e32dd6ee-d6f7-44d9-9329-45438e780689,J&J's,0,8,0,0,,0
2026-09-25,catanzaro,pontepiccolo,e32dd6ee-d6f7-44d9-9329-45438e780689,J&J's,0,6,0,0,,0
2026-09-23,cesena,foro-boario,0128892a-62b5-4cc3-8a6a-55cce86624e0,J&J's,0,3,0,0,,0
2026-09-24,cesena,foro-boario,0128892a-62b5-4cc3-8a6a-55cce86624e0,J&J's,0,8,0,0,,0
2026-09-25,cesena,foro-boario,0128892a-62b5-4cc3-8a6a-55cce86624e0,J&J's,0,6,0,0,,0
2026-09-23,cesena,santa-sofia,0f0d5202-eb33-40c1-8956-5b1f5e00fb4b,J&J's,0,3,0,0,,0
2026-09-24,cesena,santa-sofia,0f0d5202-eb33-40c1-8956-5b1f5e00fb4b,J&J's,0,8,0,0,,0
2026-09-25,cesena,santa-sofia,0f0d5202-eb33-40c1-8956-5b1f5e00fb4b,J&J's,0,6,0,0,,0
2026-09-23,cesena,pinarella-di-cervia,0f7461eb-484c-4424-bbba-2ad621e66028,J&J's,0,3,0,0,,0
2026-09-24,cesena,pinarella-di-cervia,0f7461eb-484c-4424-bbba-2ad621e66028,J&J's,0,8,0,0,,0
2026-09-25,cesena,pinarella-di-cervia,0f7461eb-484c-4424-bbba-2ad621e66028,J&J's,0,6,0,0,,0
2026-09-23,cesena,gambettola,1190aab8-fa1d-430d-a84f-eaccdca1abe0,J&J's,0,3,0,0,,0
2026-09-24,cesena,gambettola,1190aab8-fa1d-430d-a84f-eaccdca1abe0,J&J's,0,8,0,0,,0
2026-09-25,cesena,gambettola,1190aab8-fa1d-430d-a84f-eaccdca1abe0,J&J's,0,6,0,0,,0
2026-09-23,cesena,quartiere-schiavonia-san-biagio,27da4b57-2236-4e81-a2af-2380525e7900,J&J's,0,3,3,3,,3
2026-09-24,cesena,quartiere-schiavonia-san-biagio,27da4b57-2236-4e81-a2af-2380525e7900,J&J's,0,8,3,3,,3
2026-09-25,cesena,quartiere-schiavonia-san-biagio,27da4b57-2236-4e81-a2af-2380525e7900,J&J's,0,6,3,3,,3
2026-09-23,cesena,sant'angelo,2cf3fba8-6514-40a7-8168-26acc10f1c77,J&J's,0,3,0,0,,0
2026-09-24,cesena,sant'angelo,2cf3fba8-6514-40a7-8168-26acc10f1c77,J&J's,0,8,0,0,,0
2026-09-25,cesena,sant'angelo,2cf3fba8-6514-40a7-8168-26acc10f1c77,J&J's,0,6,0,0,,0
2026-09-23,cesena,milano-marittima,327ac6ab-7a9b-42a9-837d-71b665c5565f,J&J's,0,3,0,0,,0
2026-09-24,cesena,milano-marittima,327ac6ab-7a9b-42a9-837d-71b665c5565f,J&J's,0,8,0,0,,0
2026-09-25,cesena,milano-marittima,327ac6ab-7a9b-42a9-837d-71b665c5565f,J&J's,0,6,0,0,,0
2026-09-23,cesena,quartiere-fiorenzuola,42ad2199-af20-4149-b7bf-9738d13411d5,J&J's,0,3,0,0,,0
2026-09-24,cesena,quartiere-fiorenzuola,42ad2199-af20-4149-b7bf-9738d13411d5,J&J's,0,8,0,0,,0
2026-09-25,cesena,quartiere-fiorenzuola,42ad2199-af20-4149-b7bf-9738d13411d5,J&J's,0,6,0,0,,0
2026-09-23,cesena,quartiere-cervese-sud,57afed5c-cc2f-4372-8dc3-2b078326e767,J&J's,0,3,0,0,,0
2026-09-24,cesena,quartiere-cervese-sud,57afed5c-cc2f-4372-8dc3-2b078326e767,J&J's,0,8,0,0,,0
2026-09-25,cesena,quartiere-cervese-sud,57afed5c-cc2f-4372-8dc3-2b078326e767,J&J's,0,6,0,0,,0
2026-09-23,cesena,san-piero-in-bagno,6e77f3f9-bafd-4379-8a3d-f38c2d004b29,J&J's,0,3,0,0,,0
2026-09-24,cesena,san-piero-in-bagno,6e77f3f9-bafd-4379-8a3d-f38c2d004b29,J&J's,0,8,0,0,,0
2026-09-25,cesena,san-piero-in-bagno,6e77f3f9-bafd-4379-8a3d-f38c2d004b29,J&J's,0,6,0,0,,0
2026-09-23,cesena,quartiere-oltre-savio,93314da0-0350-4117-a5fa-cd46d1fa9f68,J&J's,0,3,0,0,,0
2026-09-24,cesena,quartiere-oltre-savio,93314da0-0350-4117-a5fa-cd46d1fa9f68,J&J's,0,8,0,0,,0
2026-09-25,cesena,quartiere-oltre-savio,93314da0-0350-4117-a5fa-cd46d1fa9f68,J&J's,0,6,0,0,,0
2026-09-23,cesena,foro-boario,97757ff2-e33a-445c-9ce3-46200e1e90d4,J&J's,0,3,0,0,,0
2026-09-24,cesena,foro-boario,97757ff2-e33a-445c-9ce3-46200e1e90d4,J&J's,0,8,0,0,,0
2026-09-25,cesena,foro-boario,97757ff2-e33a-445c-9ce3-46200e1e90d4,J&J's,0,6,0,0,,0
2026-09-23,cesena,cesenatico,98e6abec-126a-4b13-b995-7b9ba55721de,J&J's,0,3,0,0,,0
2026-09-24,cesena,cesenatico,98e6abec-126a-4b13-b995-7b9ba55721de,J&J's,0,8,0,0,,0
2026-09-25,cesena,cesenatico,98e6abec-126a-4b13-b995-7b9ba55721de,J&J's,0,6,0,0,,0
2026-09-23,cesena,quartiere-fiorenzuola,9bbe49a8-593d-444d-a8ac-fc1dcd8c5fc3,J&J's,0,3,0,0,,0
2026-09-24,cesena,quartiere-fiorenzuola,9bbe49a8-593d-444d-a8ac-fc1dcd8c5fc3,J&J's,0,8,0,0,,0
2026-09-25,cesena,quartiere-fiorenzuola,9bbe49a8-593d-444d-a8ac-fc1dcd8c5fc3,J&J's,0,6,0,0,,0
2026-09-23,cesena,san-piero-in-bagno,a21ff2d6-13b0-4ec7-819b-3989be922e46,J&J's,0,3,0,0,,0
2026-09-24,cesena,san-piero-in-bagno,a21ff2d6-13b0-4ec7-819b-3989be922e46,J&J's,0,8,0,0,,0
2026-09-25,cesena,san-piero-in-bagno,a21ff2d6-13b0-4ec7-819b-3989be922e46,J&J's,0,6,0,0,,0
2026-09-23,cesena,quartiere-ravennate,a873c2ed-294f-4b1f-ad20-70f6696ff8d5,J&J's,0,3,0,0,,0
2026-09-24,cesena,quartiere-ravennate,a873c2ed-294f-4b1f-ad20-70f6696ff8d5,J&J's,0,8,0,0,,0
2026-09-25,cesena,quartiere-ravennate,a873c2ed-294f-4b1f-ad20-70f6696ff8d5,J&J's,0,6,0,0,,0
2026-09-23,cesena,quartiere-al-mare,aa03e903-fa0e-42f7-aa5b-84491bb627f7,J&J's,100,3,0,0,0.0,0
2026-09-24,cesena,quartiere-al-mare,aa03e903-fa0e-42f7-aa5b-84491bb627f7,J&J's,100,8,0,0,0.0,0
2026-09-25,cesena,quartiere-al-mare,aa03e903-fa0e-42f7-aa5b-84491bb627f7,J&J's,100,6,0,0,0.0,0
2026-09-23,cesena,bellaria,b4ca8c85-f00f-4243-89f8-6522dae6b535,J&J's,0,3,0,0,,0
2026-09-24,cesena,bellaria,b4ca8c85-f00f-4243-89f8-6522dae6b535,J&J's,0,8,0,0,,0
2026-09-25,cesena,bellaria,b4ca8c85-f00f-4243-89f8-6522dae6b535,J&J's,0,6,0,0,,0
2026-09-23,cesena,gatteo-a-mare,c5556fbf-2228-4587-9141-19951b9366e5,J&J's,0,3,0,0,,0
2026-09-24,cesena,gatteo-a-mare,c5556fbf-2228-4587-9141-19951b9366e5,J&J's,0,8,0,0,,0
2026-09-25,cesena,gatteo-a-mare,c5556fbf-2228-4587-9141-19951b9366e5,J&J's,0,6,0,0,,0
2026-09-23,cesena,pinarella-di-cervia,d516272d-1e0a-4d2b-89b0-1b91ae63f23d,J&J's,0,3,0,0,,0
2026-09-24,cesena,pinarella-di-cervia,d516272d-1e0a-4d2b-89b0-1b91ae63f23d,J&J's,0,8,0,0,,0
2026-09-25,cesena,pinarella-di-cervia,d516272d-1e0a-4d2b-89b0-1b91ae63f23d,J&J's,0,6,0,0,,0
2026-09-23,cesena,san-mauro-pascoli,d80f65a6-4ece-4817-bec3-cc2a4c98cc2e,J&J's,0,3,0,0,,0
2026-09-24,cesena,san-mauro-pascoli,d80f65a6-4ece-4817-bec3-cc2a4c98cc2e,J&J's,0,8,0,0,,0
2026-09-25,cesena,san-mauro-pascoli,d80f65a6-4ece-4817-bec3-cc2a4c98cc2e,J&J's,0,6,0,0,,0
2026-09-23,cesena,selbagnone,d856c655-306b-4f26-a6ba-b34200d1729a,J&J's,0,3,0,0,,0
2026-09-24,cesena,selbagnone,d856c655-306b-4f26-a6ba-b34200d1729a,J&J's,0,8,0,0,,0
2026-09-25,cesena,selbagnone,d856c655-306b-4f26-a6ba-b34200d1729a,J&J's,0,6,0,0,,0
2026-09-23,cesena,quartiere-centro-urbano,e9fbe824-e0eb-404b-abd3-ed76c2204b62,J&J's,5,3,0,0,0.0,0
2026-09-24,cesena,quartiere-centro-urbano,e9fbe824-e0eb-404b-abd3-ed76c2204b62,J&J's,5,8,0,0,0.0,0
2026-09-25,cesena,quartiere-centro-urbano,e9fbe824-e0eb-404b-abd3-ed76c2204b62,J&J's,5,6,0,0,0.0,0
2026-09-23,cesena,valverde,eecfe258-f12d-4a2a-bd81-bebd86722fa5,J&J's,0,3,0,0,,0
2026-09-24,cesena,valverde,eecfe258-f12d-4a2a-bd81-bebd86722fa5,J&J's,0,8,0,0,,0
2026-09-25,cesena,valverde,eecfe258-f12d-4a2a-bd81-bebd86722fa5,J&J's,0,6,0,0,,0
2026-09-23,cesena,quartiere-centro-urbano,f25afbd6-c18c-4613-8401-f1cb8ab4c11b,J&J's,0,3,0,0,,0
2026-09-24,cesena,quartiere-centro-urbano,f25afbd6-c18c-4613-8401-f1cb8ab4c11b,J&J's,0,8,0,0,,0
2026-09-25,cesena,quartiere-centro-urbano,f25afbd6-c18c-4613-8401-f1cb8ab4c11b,J&J's,0,6,0,0,,0
2026-09-23,cesena,san-mauro-pascoli,f3456de5-2afa-448e-9134-fa7f6c3db8d6,J&J's,0,3,0,0,,0
2026-09-24,cesena,san-mauro-pascoli,f3456de5-2afa-448e-9134-fa7f6c3db8d6,J&J's,0,8,0,0,,0
2026-09-25,cesena,san-mauro-pascoli,f3456de5-2afa-448e-9134-fa7f6c3db8d6,J&J's,0,6,0,0,,0
2026-09-23,chieti,san-salvo-marina,02867426-91ea-4cf3-95e4-b1c703dcfcb2,J&J's,0,3,0,0,,0
2026-09-24,chieti,san-salvo-marina,02867426-91ea-4cf3-95e4-b1c703dcfcb2,J&J's,0,8,0,0,,0
2026-09-25,chieti,san-salvo-marina,02867426-91ea-4cf3-95e4-b1c703dcfcb2,J&J's,0,6,0,0,,0
2026-09-23,chieti,santa-filomena,07d7a311-f137-4042-ad5c-704d9789163c,J&J's,0,3,0,0,,0
2026-09-24,chieti,santa-filomena,07d7a311-f137-4042-ad5c-704d9789163c,J&J's,0,8,0,0,,0
2026-09-25,chieti,santa-filomena,07d7a311-f137-4042-ad5c-704d9789163c,J&J's,0,6,0,0,,0
2026-09-23,chieti,centro-storico,2f5fdce8-a2d9-46d5-9c02-61ee27c730e2,J&J's,0,3,0,0,,0
2026-09-24,chieti,centro-storico,2f5fdce8-a2d9-46d5-9c02-61ee27c730e2,J&J's,0,8,0,0,,0
2026-09-25,chieti,centro-storico,2f5fdce8-a2d9-46d5-9c02-61ee27c730e2,J&J's,0,6,0,0,,0
2026-09-23,chieti,,414daa88-baa9-4bcd-87c3-bad674605bba,J&J's,0,3,0,0,,0
2026-09-24,chieti,,414daa88-baa9-4bcd-87c3-bad674605bba,J&J's,0,8,0,0,,0
2026-09-25,chieti,,414daa88-baa9-4bcd-87c3-bad674605bba,J&J's,0,6,0,0,,0
2026-09-23,chieti,colle-pizzuto,41b61955-fbd3-4abc-b319-372b405c17b4,J&J's,0,3,0,0,,0
2026-09-24,chieti,colle-pizzuto,41b61955-fbd3-4abc-b319-372b405c17b4,J&J's,0,8,0,0,,0
2026-09-25,chieti,colle-pizzuto,41b61955-fbd3-4abc-b319-372b405c17b4,J&J's,0,6,0,0,,0
2026-09-23,chieti,chieti-train-station,536deac1-d217-4598-85e1-3707a1e54ed8,J&J's,20,3,1,1,5.0,1
2026-09-24,chieti,chieti-train-station,536deac1-d217-4598-85e1-3707a1e54ed8,J&J's,20,8,1,1,5.0,1
2026-09-25,chieti,chieti-train-station,536deac1-d217-4598-85e1-3707a1e54ed8,J&J's,20,6,1,1,5.0,1
2026-09-23,chieti,chieti-train-station,5a7d13b8-e366-46eb-b778-78a90daf7407,J&J's,5,3,0,0,0.0,0
2026-09-24,chieti,chieti-train-station,5a7d13b8-e366-46eb-b778-78a90daf7407,J&J's,5,8,0,0,0.0,0
2026-09-25,chieti,chieti-train-station,5a7d13b8-e366-46eb-b778-78a90daf7407,J&J's,5,6,0,0,0.0,0
2026-09-23,chieti,chieti-train-station,6cb7482c-ea31-4503-9717-6a3743796963,J&J's,0,3,0,0,,0
2026-09-24,chieti,chieti-train-station,6cb7482c-ea31-4503-9717-6a3743796963,J&J's,0,8,0,0,,0
2026-09-25,chieti,chieti-train-station,6cb7482c-ea31-4503-9717-6a3743796963,J&J's,0,6,0,0,,0
2026-09-23,chieti,colli,88915b34-18bf-4373-99a7-3d9a23d94296,J&J's,0,3,0,0,,0
2026-09-24,chieti,colli,88915b34-18bf-4373-99a7-3d9a23d94296,J&J's,0,8,0,0,,0
2026-09-25,chieti,colli,88915b34-18bf-4373-99a7-3d9a23d94296,J&J's,0,6,0,0,,0
2026-09-23,chieti,pianella,b3d30a61-b21c-401f-98f0-9f1892e7e84b,J&J's,0,3,0,0,,0
2026-09-24,chieti,pianella,b3d30a61-b21c-401f-98f0-9f1892e7e84b,J&J's,0,8,0,0,,0
2026-09-25,chieti,pianella,b3d30a61-b21c-401f-98f0-9f1892e7e84b,J&J's,0,6,0,0,,0
2026-09-23,chieti,fresagrandinaria,c6d77ef0-0499-4174-8e9a-276fe370b97b,J&J's,0,3,0,0,,0
2026-09-24,chieti,fresagrandinaria,c6d77ef0-0499-4174-8e9a-276fe370b97b,J&J's,0,8,0,0,,0
2026-09-25,chieti,fresagrandinaria,c6d77ef0-0499-4174-8e9a-276fe370b97b,J&J's,0,6,0,0,,0
2026-09-23,chieti,miglianico,ef831fd2-57f8-4311-898b-4aa668abe669,J&J's,0,3,0,0,,0
2026-09-24,chieti,miglianico,ef831fd2-57f8-4311-898b-4aa668abe669,J&J's,0,8,0,0,,0
2026-09-25,chieti,miglianico,ef831fd2-57f8-4311-898b-4aa668abe669,J&J's,0,6,0,0,,0
2026-09-23,como,loveno,0e3239c4-c4e0-4e37-8063-855fe58f542d,J&J's,50,3,2,2,4.0,2
2026-09-24,como,loveno,0e3239c4-c4e0-4e37-8063-855fe58f542d,J&J's,50,8,1,1,2.0,1
2026-09-25,como,loveno,0e3239c4-c4e0-4e37-8063-855fe58f542d,J&J's,50,6,3,3,6.0,3
2026-09-23,como,city-center,138d69d4-6791-4b94-ad62-53435f728fd9,J&J's,15,3,4,4,26.7,4
2026-09-24,como,city-center,138d69d4-6791-4b94-ad62-53435f728fd9,J&J's,15,8,5,4,33.3,5
2026-09-25,como,city-center,138d69d4-6791-4b94-ad62-53435f728fd9,J&J's,15,6,4,3,26.7,4
2026-09-23,como,city-center,2cda7a92-a7c2-440c-a1e6-91adfcd0e1b5,J&J's,0,3,22,22,,22
2026-09-24,como,city-center,2cda7a92-a7c2-440c-a1e6-91adfcd0e1b5,J&J's,0,8,22,19,,22
2026-09-25,como,city-center,2cda7a92-a7c2-440c-a1e6-91adfcd0e1b5,J&J's,0,6,20,20,,20
2026-09-23,como,city-center,32beea54-c191-4b07-bd31-f5f0243138a7,J&J's,100,3,2,2,2.0,2
2026-09-24,como,city-center,32beea54-c191-4b07-bd31-f5f0243138a7,J&J's,100,8,2,2,2.0,2
2026-09-25,como,city-center,32beea54-c191-4b07-bd31-f5f0243138a7,J&J's,100,6,2,2,2.0,2
2026-09-23,como,lo-stallone,3370aa7c-57e1-4cf4-92d9-785dec24f187,J&J's,0,3,0,0,,0
2026-09-24,como,lo-stallone,3370aa7c-57e1-4cf4-92d9-785dec24f187,J&J's,0,8,0,0,,0
2026-09-25,como,lo-stallone,3370aa7c-57e1-4cf4-92d9-785dec24f187,J&J's,0,6,0,0,,0
2026-09-23,como,city-center,36e1124c-9447-4ce7-bf86-60d531dd15f9,J&J's,0,3,4,4,,4
2026-09-24,como,city-center,36e1124c-9447-4ce7-bf86-60d531dd15f9,J&J's,0,8,4,3,,4
2026-09-25,como,city-center,36e1124c-9447-4ce7-bf86-60d531dd15f9,J&J's,0,6,3,3,,3
2026-09-23,como,camerlata,3e2be24c-fda7-4210-923d-779a7b2be18c,J&J's,0,3,0,0,,0
2026-09-24,como,camerlata,3e2be24c-fda7-4210-923d-779a7b2be18c,J&J's,0,8,0,0,,0
2026-09-25,como,camerlata,3e2be24c-fda7-4210-923d-779a7b2be18c,J&J's,0,6,0,0,,0
2026-09-23,como,lanzo-d'intelvi,416a79e0-033a-4e1e-8aed-7596d064b2fa,J&J's,0,3,0,0,,0
2026-09-24,como,lanzo-d'intelvi,416a79e0-033a-4e1e-8aed-7596d064b2fa,J&J's,0,8,0,0,,0
2026-09-25,como,lanzo-d'intelvi,416a79e0-033a-4e1e-8aed-7596d064b2fa,J&J's,0,6,0,0,,0
2026-09-23,como,city-center,4db929ec-94e4-4449-b659-28f94e3230f9,J&J's,20,3,16,16,80.0,16
2026-09-24,como,city-center,4db929ec-94e4-4449-b659-28f94e3230f9,J&J's,20,8,17,15,85.0,17
2026-09-25,como,city-center,4db929ec-94e4-4449-b659-28f94e3230f9,J&J's,20,6,14,12,70.0,14
2026-09-23,como,city-center,515cdc47-ac05-41f9-ab19-5b0ed1b975f5,J&J's,0,3,0,0,,0
2026-09-24,como,city-center,515cdc47-ac05-41f9-ab19-5b0ed1b975f5,J&J's,0,8,0,0,,0
2026-09-25,como,city-center,515cdc47-ac05-41f9-ab19-5b0ed1b975f5,J&J's,0,6,0,0,,0
2026-09-23,como,city-center,51807aea-7176-4c69-852f-c41211f55d3d,J&J's,0,3,22,22,,22
2026-09-24,como,city-center,51807aea-7176-4c69-852f-c41211f55d3d,J&J's,0,8,22,22,,25
2026-09-25,como,city-center,51807aea-7176-4c69-852f-c41211f55d3d,J&J's,0,6,25,25,,25
2026-09-23,como,maslianico,5ff2449b-228d-4555-9307-c312ba6e9f78,J&J's,0,3,0,0,,0
2026-09-24,como,maslianico,5ff2449b-228d-4555-9307-c312ba6e9f78,J&J's,0,8,0,0,,0
2026-09-25,como,maslianico,5ff2449b-228d-4555-9307-c312ba6e9f78,J&J's,0,6,0,0,,0
2026-09-23,como,city-center,614010a4-b4e7-41fe-ac2c-34551ca58ecc,J&J's,0,3,1,1,,1
2026-09-24,como,city-center,614010a4-b4e7-41fe-ac2c-34551ca58ecc,J&J's,0,8,1,1,,1
2026-09-25,como,city-center,614010a4-b4e7-41fe-ac2c-34551ca58ecc,J&J's,0,6,1,0,,1
2026-09-23,como,city-center,65119038-39e3-4ca2-87d0-7ffbb597955d,J&J's,0,3,1,1,,1
2026-09-24,como,city-center,65119038-39e3-4ca2-87d0-7ffbb597955d,J&J's,0,8,1,1,,1
2026-09-25,como,city-center,65119038-39e3-4ca2-87d0-7ffbb597955d,J&J's,0,6,1,1,,1
2026-09-23,como,city-center,6b816ba8-348e-45ad-90aa-fceeb9d997ec,J&J's,0,3,5,5,,5
2026-09-24,como,city-center,6b816ba8-348e-45ad-90aa-fceeb9d997ec,J&J's,0,8,6,6,,6
2026-09-25,como,city-center,6b816ba8-348e-45ad-90aa-fceeb9d997ec,J&J's,0,6,6,6,,6
2026-09-23,como,tavordo,6f494811-3ab3-4576-ae11-26533d02ba8e,J&J's,0,3,0,0,,0
2026-09-24,como,tavordo,6f494811-3ab3-4576-ae11-26533d02ba8e,J&J's,0,8,0,0,,0
2026-09-25,como,tavordo,6f494811-3ab3-4576-ae11-26533d02ba8e,J&J's,0,6,0,0,,0
2026-09-23,como,city-center,6ff4dd17-bc07-458d-9fe1-72157d678d91,J&J's,0,3,2,2,,2
2026-09-24,como,city-center,6ff4dd17-bc07-458d-9fe1-72157d678d91,J&J's,0,8,2,2,,2
2026-09-25,como,city-center,6ff4dd17-bc07-458d-9fe1-72157d678d91,J&J's,0,6,2,2,,2
2026-09-23,como,sant'andrea,71f72315-2448-40f6-9194-7909cb3319e4,J&J's,0,3,0,0,,0
2026-09-24,como,sant'andrea,71f72315-2448-40f6-9194-7909cb3319e4,J&J's,0,8,0,0,,0
2026-09-25,como,sant'andrea,71f72315-2448-40f6-9194-7909cb3319e4,J&J's,0,6,0,0,,0
2026-09-23,como,casletto,74a47bf6-165b-448f-8598-e2cb708038e3,J&J's,0,3,0,0,,0
2026-09-24,como,casletto,74a47bf6-165b-448f-8598-e2cb708038e3,J&J's,0,8,0,0,,0
2026-09-25,como,casletto,74a47bf6-165b-448f-8598-e2cb708038e3,J&J's,0,6,0,0,,0
2026-09-23,como,city-center,76198a39-1fa2-4f87-b816-f0f973a94fc4,J&J's,0,3,1,1,,1
2026-09-24,como,city-center,76198a39-1fa2-4f87-b816-f0f973a94fc4,J&J's,0,8,1,0,,1
2026-09-25,como,city-center,76198a39-1fa2-4f87-b816-f0f973a94fc4,J&J's,0,6,2,2,,2
2026-09-23,como,city-center,80842cc5-ef1a-4c71-b6bb-61a3aa25f63a,J&J's,50,3,17,17,34.0,17
2026-09-24,como,city-center,80842cc5-ef1a-4c71-b6bb-61a3aa25f63a,J&J's,50,8,17,17,34.0,18
2026-09-25,como,city-center,80842cc5-ef1a-4c71-b6bb-61a3aa25f63a,J&J's,50,6,17,17,34.0,18
2026-09-23,como,crotto,8ed9b0eb-ac91-4434-9db6-09a5a2d555ae,J&J's,0,3,0,0,,0
2026-09-24,como,crotto,8ed9b0eb-ac91-4434-9db6-09a5a2d555ae,J&J's,0,8,0,0,,0
2026-09-25,como,crotto,8ed9b0eb-ac91-4434-9db6-09a5a2d555ae,J&J's,0,6,0,0,,0
2026-09-23,como,city-center,8f0d9f1a-a1fd-4936-9b32-d61fd74f508d,J&J's,0,3,17,17,,17
2026-09-24,como,city-center,8f0d9f1a-a1fd-4936-9b32-d61fd74f508d,J&J's,0,8,19,19,,19
2026-09-25,como,city-center,8f0d9f1a-a1fd-4936-9b32-d61fd74f508d,J&J's,0,6,20,19,,20
2026-09-23,como,city-center,a6837c29-a129-4197-8ac9-1333f8727206,J&J's,0,3,4,4,,4
2026-09-24,como,city-center,a6837c29-a129-4197-8ac9-1333f8727206,J&J's,0,8,4,4,,4
2026-09-25,como,city-center,a6837c29-a129-4197-8ac9-1333f8727206,J&J's,0,6,4,3,,4
2026-09-23,como,bellano,a82fceec-476e-4106-ab5f-29eb7e6cb9e2,J&J's,10,3,0,0,0.0,0
2026-09-24,como,bellano,a82fceec-476e-4106-ab5f-29eb7e6cb9e2,J&J's,10,8,0,0,0.0,0
2026-09-25,como,bellano,a82fceec-476e-4106-ab5f-29eb7e6cb9e2,J&J's,10,6,0,0,0.0,0
2026-09-23,como,carcano,b5180bdf-7119-46a4-8b68-2e183d9e85bf,J&J's,0,3,0,0,,0
2026-09-24,como,carcano,b5180bdf-7119-46a4-8b68-2e183d9e85bf,J&J's,0,8,0,0,,0
2026-09-25,como,carcano,b5180bdf-7119-46a4-8b68-2e183d9e85bf,J&J's,0,6,0,0,,0
2026-09-23,como,city-center,c70a8b39-829d-48be-b33e-001f2f28b16f,J&J's,0,3,4,3,,4
2026-09-24,como,city-center,c70a8b39-829d-48be-b33e-001f2f28b16f,J&J's,0,8,4,4,,4
2026-09-25,como,city-center,c70a8b39-829d-48be-b33e-001f2f28b16f,J&J's,0,6,4,4,,4
2026-09-23,como,casetta,c94cef5a-09b4-4960-a440-446f2bfe5d4f,J&J's,0,3,0,0,,0
2026-09-24,como,casetta,c94cef5a-09b4-4960-a440-446f2bfe5d4f,J&J's,0,8,0,0,,0
2026-09-25,como,casetta,c94cef5a-09b4-4960-a440-446f2bfe5d4f,J&J's,0,6,0,0,,0
2026-09-23,como,rovere,f142b5e4-2e48-4e6a-bf0a-d71f2a2a51cf,J&J's,0,3,0,0,,0
2026-09-24,como,rovere,f142b5e4-2e48-4e6a-bf0a-d71f2a2a51cf,J&J's,0,8,0,0,,0
2026-09-25,como,rovere,f142b5e4-2e48-4e6a-bf0a-d71f2a2a51cf,J&J's,0,6,0,0,,0
2026-09-23,cosenza,taverna,093d30c4-66f5-42e6-bdd8-cd29b8592c21,J&J's,0,3,0,0,,0
2026-09-24,cosenza,taverna,093d30c4-66f5-42e6-bdd8-cd29b8592c21,J&J's,0,8,0,0,,0
2026-09-25,cosenza,taverna,093d30c4-66f5-42e6-bdd8-cd29b8592c21,J&J's,0,6,0,0,,0
2026-09-23,cosenza,taverna,190fb080-ccc4-42a1-9202-f2033fc94d8d,J&J's,0,3,0,0,,0
2026-09-24,cosenza,taverna,190fb080-ccc4-42a1-9202-f2033fc94d8d,J&J's,0,8,0,0,,0
2026-09-25,cosenza,taverna,190fb080-ccc4-42a1-9202-f2033fc94d8d,J&J's,0,6,0,0,,0
2026-09-23,cosenza,quattromiglia,1fa74f8a-1ef9-405b-93cf-a3b8fbddc760,J&J's,0,3,0,0,,0
2026-09-24,cosenza,quattromiglia,1fa74f8a-1ef9-405b-93cf-a3b8fbddc760,J&J's,0,8,0,0,,0
2026-09-25,cosenza,quattromiglia,1fa74f8a-1ef9-405b-93cf-a3b8fbddc760,J&J's,0,6,0,0,,0
2026-09-23,cosenza,casole-bruzio,346e95ff-34a1-47de-8eaf-671909ed21c1,J&J's,0,3,0,0,,0
2026-09-24,cosenza,casole-bruzio,346e95ff-34a1-47de-8eaf-671909ed21c1,J&J's,0,8,0,0,,0
2026-09-25,cosenza,casole-bruzio,346e95ff-34a1-47de-8eaf-671909ed21c1,J&J's,0,6,0,0,,0
2026-09-23,cosenza,massa,43f86323-ee8f-4298-b32d-a0aea3d0a21f,J&J's,0,3,0,0,,0
2026-09-24,cosenza,massa,43f86323-ee8f-4298-b32d-a0aea3d0a21f,J&J's,0,8,0,0,,0
2026-09-25,cosenza,massa,43f86323-ee8f-4298-b32d-a0aea3d0a21f,J&J's,0,6,0,0,,0
2026-09-23,cosenza,città-2000,4e9b60fd-fa8a-41dc-b792-1719d8bac2e0,J&J's,0,3,0,0,,0
2026-09-24,cosenza,città-2000,4e9b60fd-fa8a-41dc-b792-1719d8bac2e0,J&J's,0,8,0,0,,0
2026-09-25,cosenza,città-2000,4e9b60fd-fa8a-41dc-b792-1719d8bac2e0,J&J's,0,6,0,0,,0
2026-09-23,cosenza,tivolille-pasquali-merenzata,54e569c8-bc3d-4410-b422-fb3bb1ca37fc,J&J's,0,3,0,0,,0
2026-09-24,cosenza,tivolille-pasquali-merenzata,54e569c8-bc3d-4410-b422-fb3bb1ca37fc,J&J's,0,8,0,0,,0
2026-09-25,cosenza,tivolille-pasquali-merenzata,54e569c8-bc3d-4410-b422-fb3bb1ca37fc,J&J's,0,6,0,0,,0
2026-09-23,cosenza,city-centre,5686c450-0a6e-4e9e-b499-578b141e9cfb,J&J's,0,3,0,0,,0
2026-09-24,cosenza,city-centre,5686c450-0a6e-4e9e-b499-578b141e9cfb,J&J's,0,8,0,0,,0
2026-09-25,cosenza,city-centre,5686c450-0a6e-4e9e-b499-578b141e9cfb,J&J's,0,6,0,0,,0
2026-09-23,cosenza,commenda,60c60f5a-3d59-4d3f-9e8a-875687b71f4b,J&J's,0,3,0,0,,0
2026-09-24,cosenza,commenda,60c60f5a-3d59-4d3f-9e8a-875687b71f4b,J&J's,0,8,0,0,,0
2026-09-25,cosenza,commenda,60c60f5a-3d59-4d3f-9e8a-875687b71f4b,J&J's,0,6,0,0,,0
2026-09-23,cosenza,città-2000,63971a8b-27ec-4ec8-9496-796b48e0bce2,J&J's,0,3,0,0,,0
2026-09-24,cosenza,città-2000,63971a8b-27ec-4ec8-9496-796b48e0bce2,J&J's,0,8,0,0,,0
2026-09-25,cosenza,città-2000,63971a8b-27ec-4ec8-9496-796b48e0bce2,J&J's,0,6,0,0,,0
2026-09-23,cosenza,quartiere-tribunale,71d923a9-8566-4034-b344-d9393bb9c2fa,J&J's,0,3,0,0,,0
2026-09-24,cosenza,quartiere-tribunale,71d923a9-8566-4034-b344-d9393bb9c2fa,J&J's,0,8,0,0,,0
2026-09-25,cosenza,quartiere-tribunale,71d923a9-8566-4034-b344-d9393bb9c2fa,J&J's,0,6,0,0,,0
2026-09-23,cosenza,sant'-agostino,74499976-a09d-4897-bf3a-6528965706ce,J&J's,0,3,0,0,,0
2026-09-24,cosenza,sant'-agostino,74499976-a09d-4897-bf3a-6528965706ce,J&J's,0,8,0,0,,0
2026-09-25,cosenza,sant'-agostino,74499976-a09d-4897-bf3a-6528965706ce,J&J's,0,6,0,0,,0
2026-09-23,cosenza,gidora,78969de8-b2f3-45da-beff-a78a4f30f6cf,J&J's,0,3,0,0,,0
2026-09-24,cosenza,gidora,78969de8-b2f3-45da-beff-a78a4f30f6cf,J&J's,0,8,0,0,,0
2026-09-25,cosenza,gidora,78969de8-b2f3-45da-beff-a78a4f30f6cf,J&J's,0,6,0,0,,0
2026-09-23,cosenza,quattromiglia,876944e9-8531-4a7b-99c0-9f3840546d24,J&J's,0,3,0,0,,0
2026-09-24,cosenza,quattromiglia,876944e9-8531-4a7b-99c0-9f3840546d24,J&J's,0,8,0,0,,0
2026-09-25,cosenza,quattromiglia,876944e9-8531-4a7b-99c0-9f3840546d24,J&J's,0,6,0,0,,0
2026-09-23,cosenza,torre-alta,8ebf30b4-7e40-449b-83cc-2504a19d56fd,J&J's,0,3,0,0,,0
2026-09-24,cosenza,torre-alta,8ebf30b4-7e40-449b-83cc-2504a19d56fd,J&J's,0,8,0,0,,0
2026-09-25,cosenza,torre-alta,8ebf30b4-7e40-449b-83cc-2504a19d56fd,J&J's,0,6,0,0,,0
2026-09-23,cosenza,andreotta,978f9b51-e1ec-431a-bb36-04f1fec6a1f3,J&J's,0,3,0,0,,0
2026-09-24,cosenza,andreotta,978f9b51-e1ec-431a-bb36-04f1fec6a1f3,J&J's,0,8,0,0,,0
2026-09-25,cosenza,andreotta,978f9b51-e1ec-431a-bb36-04f1fec6a1f3,J&J's,0,6,0,0,,0
2026-09-23,cosenza,villaggio-europa,a47d0980-1704-4132-9e0d-9eab1691ad44,J&J's,0,3,0,0,,0
2026-09-24,cosenza,villaggio-europa,a47d0980-1704-4132-9e0d-9eab1691ad44,J&J's,0,8,0,0,,0
2026-09-25,cosenza,villaggio-europa,a47d0980-1704-4132-9e0d-9eab1691ad44,J&J's,0,6,0,0,,0
2026-09-23,cosenza,mangone,ba825150-d2a3-4946-a3cf-f2c8edc7abda,J&J's,0,3,0,0,,0
2026-09-24,cosenza,mangone,ba825150-d2a3-4946-a3cf-f2c8edc7abda,J&J's,0,8,0,0,,0
2026-09-25,cosenza,mangone,ba825150-d2a3-4946-a3cf-f2c8edc7abda,J&J's,0,6,0,0,,0
2026-09-23,cosenza,lattarico,c35463a0-9118-4d78-a3dc-b091f12ec938,J&J's,0,3,0,0,,0
2026-09-24,cosenza,lattarico,c35463a0-9118-4d78-a3dc-b091f12ec938,J&J's,0,8,0,0,,0
2026-09-25,cosenza,lattarico,c35463a0-9118-4d78-a3dc-b091f12ec938,J&J's,0,6,0,0,,0
2026-09-23,cosenza,giardini,cde71351-7c91-471f-b98d-f55db38d17df,J&J's,0,3,0,0,,0
2026-09-24,cosenza,giardini,cde71351-7c91-471f-b98d-f55db38d17df,J&J's,0,8,0,0,,0
2026-09-25,cosenza,giardini,cde71351-7c91-471f-b98d-f55db38d17df,J&J's,0,6,0,0,,0
2026-09-23,cosenza,sant'-agostino,d54f9e0f-0259-476b-a3c3-619d6950b6d0,J&J's,0,3,0,0,,0
2026-09-24,cosenza,sant'-agostino,d54f9e0f-0259-476b-a3c3-619d6950b6d0,J&J's,0,8,0,0,,0
2026-09-25,cosenza,sant'-agostino,d54f9e0f-0259-476b-a3c3-619d6950b6d0,J&J's,0,6,0,0,,0
2026-09-23,cosenza,san-pietro,e19f78dd-0e20-4d1c-999f-6712f3fe0d21,J&J's,0,3,0,0,,0
2026-09-24,cosenza,san-pietro,e19f78dd-0e20-4d1c-999f-6712f3fe0d21,J&J's,0,8,0,0,,0
2026-09-25,cosenza,san-pietro,e19f78dd-0e20-4d1c-999f-6712f3fe0d21,J&J's,0,6,0,0,,0
2026-09-23,cosenza,city-centre,e815a201-14ea-4384-8097-529c6216241f,J&J's,0,3,0,0,,0
2026-09-24,cosenza,city-centre,e815a201-14ea-4384-8097-529c6216241f,J&J's,0,8,0,0,,0
2026-09-25,cosenza,city-centre,e815a201-14ea-4384-8097-529c6216241f,J&J's,0,6,0,0,,0
2026-09-23,cremona,city-center,07cf663b-18f1-4690-baad-d1a9de6aa71c,J&J's,0,3,1,1,,1
2026-09-24,cremona,city-center,07cf663b-18f1-4690-baad-d1a9de6aa71c,J&J's,0,8,1,1,,1
2026-09-25,cremona,city-center,07cf663b-18f1-4690-baad-d1a9de6aa71c,J&J's,0,6,1,1,,1
2026-09-23,cremona,city-center,0d634c45-b525-4ada-b191-ba04f611f1f9,J&J's,0,3,0,0,,0
2026-09-24,cremona,city-center,0d634c45-b525-4ada-b191-ba04f611f1f9,J&J's,0,8,0,0,,0
2026-09-25,cremona,city-center,0d634c45-b525-4ada-b191-ba04f611f1f9,J&J's,0,6,0,0,,0
2026-09-23,cremona,city-center,360fd0e5-fab9-40a2-b676-0fc3ae54cb6b,J&J's,0,3,0,0,,0
2026-09-24,cremona,city-center,360fd0e5-fab9-40a2-b676-0fc3ae54cb6b,J&J's,0,8,0,0,,0
2026-09-25,cremona,city-center,360fd0e5-fab9-40a2-b676-0fc3ae54cb6b,J&J's,0,6,0,0,,0
2026-09-23,cremona,city-center,755e9061-3665-427f-b9d1-b71e1d34cf6a,J&J's,0,3,0,0,,0
2026-09-24,cremona,city-center,755e9061-3665-427f-b9d1-b71e1d34cf6a,J&J's,0,8,0,0,,0
2026-09-25,cremona,city-center,755e9061-3665-427f-b9d1-b71e1d34cf6a,J&J's,0,6,0,0,,0
2026-09-23,cremona,sospiro,7cb999cd-d3b9-4195-9a85-e82b3939c2d6,J&J's,0,3,0,0,,0
2026-09-24,cremona,sospiro,7cb999cd-d3b9-4195-9a85-e82b3939c2d6,J&J's,0,8,0,0,,0
2026-09-25,cremona,sospiro,7cb999cd-d3b9-4195-9a85-e82b3939c2d6,J&J's,0,6,0,0,,0
2026-09-23,cremona,cremona-train-station,9f7bca0d-ec3b-4726-9727-9d98af345e44,J&J's,0,3,0,0,,0
2026-09-24,cremona,cremona-train-station,9f7bca0d-ec3b-4726-9727-9d98af345e44,J&J's,0,8,0,0,,0
2026-09-25,cremona,cremona-train-station,9f7bca0d-ec3b-4726-9727-9d98af345e44,J&J's,0,6,0,0,,0
2026-09-23,cremona,giuseppina,ffa27882-968c-4b86-a2a9-85d340e14033,J&J's,0,3,0,0,,0
2026-09-24,cremona,giuseppina,ffa27882-968c-4b86-a2a9-85d340e14033,J&J's,0,8,0,0,,0
2026-09-25,cremona,giuseppina,ffa27882-968c-4b86-a2a9-85d340e14033,J&J's,0,6,0,0,,0
2026-09-23,crotone,crotone-lungomare,4f7f982f-df05-4ac1-a409-73cd65fcdcee,J&J's,100,3,0,0,0.0,0
2026-09-24,crotone,crotone-lungomare,4f7f982f-df05-4ac1-a409-73cd65fcdcee,J&J's,100,8,0,0,0.0,0
2026-09-25,crotone,crotone-lungomare,4f7f982f-df05-4ac1-a409-73cd65fcdcee,J&J's,100,6,0,0,0.0,0
2026-09-23,crotone,48-alloggi,568cc064-76f1-4fe0-a9b3-3392054e4ece,J&J's,0,3,0,0,,0
2026-09-24,crotone,48-alloggi,568cc064-76f1-4fe0-a9b3-3392054e4ece,J&J's,0,8,0,0,,0
2026-09-25,crotone,48-alloggi,568cc064-76f1-4fe0-a9b3-3392054e4ece,J&J's,0,6,0,0,,0
2026-09-23,crotone,48-alloggi,68f6d523-a593-4304-9e41-bf15533196fb,J&J's,0,3,0,0,,0
2026-09-24,crotone,48-alloggi,68f6d523-a593-4304-9e41-bf15533196fb,J&J's,0,8,0,0,,0
2026-09-25,crotone,48-alloggi,68f6d523-a593-4304-9e41-bf15533196fb,J&J's,0,6,0,0,,0
2026-09-23,crotone,,9d2f21e3-20a6-42dd-a907-4f2025a83349,J&J's,0,3,0,0,,0
2026-09-24,crotone,,9d2f21e3-20a6-42dd-a907-4f2025a83349,J&J's,0,8,0,0,,0
2026-09-25,crotone,,9d2f21e3-20a6-42dd-a907-4f2025a83349,J&J's,0,6,0,0,,0
2026-09-23,crotone,,caa62d40-3f26-499d-b047-3056e8d307f2,J&J's,0,3,0,0,,0
2026-09-24,crotone,,caa62d40-3f26-499d-b047-3056e8d307f2,J&J's,0,8,0,0,,0
2026-09-25,crotone,,caa62d40-3f26-499d-b047-3056e8d307f2,J&J's,0,6,0,0,,0
2026-09-23,cuneo,cuneo-nuova,886f5a61-10b0-4465-9997-8dbdfd91a1c6,J&J's,0,3,0,0,,0
2026-09-24,cuneo,cuneo-nuova,886f5a61-10b0-4465-9997-8dbdfd91a1c6,J&J's,0,8,0,0,,0
2026-09-25,cuneo,cuneo-nuova,886f5a61-10b0-4465-9997-8dbdfd91a1c6,J&J's,0,6,0,0,,0
2026-09-23,enna,enna,d04274f5-3d41-417e-8b82-dfab6fa5b00d,J&J's,0,3,0,0,,0
2026-09-24,enna,enna,d04274f5-3d41-417e-8b82-dfab6fa5b00d,J&J's,0,8,0,0,,0
2026-09-25,enna,enna,d04274f5-3d41-417e-8b82-dfab6fa5b00d,J&J's,0,6,0,0,,0
2026-09-23,enna,monte,ed92195a-b832-488f-9e15-932c7d4c878e,J&J's,0,3,0,0,,0
2026-09-24,enna,monte,ed92195a-b832-488f-9e15-932c7d4c878e,J&J's,0,8,0,0,,0
2026-09-25,enna,monte,ed92195a-b832-488f-9e15-932c7d4c878e,J&J's,0,6,0,0,,0
2026-09-23,enna,monte,f0a82b0c-c145-4f58-ba7c-d347af2c0ca8,J&J's,5,3,0,0,0.0,0
2026-09-24,enna,monte,f0a82b0c-c145-4f58-ba7c-d347af2c0ca8,J&J's,5,8,0,0,0.0,0
2026-09-25,enna,monte,f0a82b0c-c145-4f58-ba7c-d347af2c0ca8,J&J's,5,6,0,0,0.0,0
2026-09-23,ferrara,city-center,0e79ec65-af2d-403e-902c-5e401c767111,J&J's,0,3,0,0,,0
2026-09-24,ferrara,city-center,0e79ec65-af2d-403e-902c-5e401c767111,J&J's,0,8,0,0,,0
2026-09-25,ferrara,city-center,0e79ec65-af2d-403e-902c-5e401c767111,J&J's,0,6,0,0,,0
2026-09-23,ferrara,city-center,319f9fbc-16f2-497c-a89e-47e8a264696c,J&J's,0,3,0,0,,0
2026-09-24,ferrara,city-center,319f9fbc-16f2-497c-a89e-47e8a264696c,J&J's,0,8,0,0,,0
2026-09-25,ferrara,city-center,319f9fbc-16f2-497c-a89e-47e8a264696c,J&J's,0,6,0,0,,0
2026-09-23,ferrara,city-center,4efa3f90-34f1-4642-adf7-638560921050,J&J's,0,3,0,0,,0
2026-09-24,ferrara,city-center,4efa3f90-34f1-4642-adf7-638560921050,J&J's,0,8,0,0,,0
2026-09-25,ferrara,city-center,4efa3f90-34f1-4642-adf7-638560921050,J&J's,0,6,0,0,,0
2026-09-23,ferrara,city-center,6e80cf3e-d9bc-43cf-940e-6dfbae1d0af6,J&J's,0,3,0,0,,0
2026-09-24,ferrara,city-center,6e80cf3e-d9bc-43cf-940e-6dfbae1d0af6,J&J's,0,8,0,0,,0
2026-09-25,ferrara,city-center,6e80cf3e-d9bc-43cf-940e-6dfbae1d0af6,J&J's,0,6,0,0,,0
2026-09-23,ferrara,doro,71df2b91-6c5a-4a28-b88e-73590f4554aa,J&J's,50,3,0,0,0.0,0
2026-09-24,ferrara,doro,71df2b91-6c5a-4a28-b88e-73590f4554aa,J&J's,50,8,0,0,0.0,0
2026-09-25,ferrara,doro,71df2b91-6c5a-4a28-b88e-73590f4554aa,J&J's,50,6,0,0,0.0,0
2026-09-23,ferrara,quacchio,9b443e02-ec5e-4650-a9a0-36a6a71bb2d0,J&J's,0,3,0,0,,0
2026-09-24,ferrara,quacchio,9b443e02-ec5e-4650-a9a0-36a6a71bb2d0,J&J's,0,8,0,0,,0
2026-09-25,ferrara,quacchio,9b443e02-ec5e-4650-a9a0-36a6a71bb2d0,J&J's,0,6,0,0,,0
2026-09-23,ferrara,city-center,afd73688-0464-4bfd-99b3-38b97340ce47,J&J's,0,3,0,0,,0
2026-09-24,ferrara,city-center,afd73688-0464-4bfd-99b3-38b97340ce47,J&J's,0,8,0,0,,0
2026-09-25,ferrara,city-center,afd73688-0464-4bfd-99b3-38b97340ce47,J&J's,0,6,0,0,,0
2026-09-23,ferrara,centro-cittadino,b88a3e30-1bcf-4e17-bc25-82aab665acad,J&J's,0,3,0,0,,0
2026-09-24,ferrara,centro-cittadino,b88a3e30-1bcf-4e17-bc25-82aab665acad,J&J's,0,8,0,0,,0
2026-09-25,ferrara,centro-cittadino,b88a3e30-1bcf-4e17-bc25-82aab665acad,J&J's,0,6,0,0,,0
2026-09-23,ferrara,city-center,c95c5adf-acb4-43c1-887b-33bed5ad7ec9,J&J's,0,3,3,3,,3
2026-09-24,ferrara,city-center,c95c5adf-acb4-43c1-887b-33bed5ad7ec9,J&J's,0,8,4,4,,4
2026-09-25,ferrara,city-center,c95c5adf-acb4-43c1-887b-33bed5ad7ec9,J&J's,0,6,4,4,,4
2026-09-23,ferrara,city-center,cbf3cc43-b8f8-4d60-b38e-804508704ae5,J&J's,0,3,0,0,,0
2026-09-24,ferrara,city-center,cbf3cc43-b8f8-4d60-b38e-804508704ae5,J&J's,0,8,0,0,,0
2026-09-25,ferrara,city-center,cbf3cc43-b8f8-4d60-b38e-804508704ae5,J&J's,0,6,0,0,,0
2026-09-23,florence,basilica-di-santo-spirito,01525248-692a-4f35-9fa0-f1edc1e560cb,J&J's,100,3,6,6,6.0,6
2026-09-24,florence,basilica-di-santo-spirito,01525248-692a-4f35-9fa0-f1edc1e560cb,J&J's,100,8,8,8,8.0,8
2026-09-25,florence,basilica-di-santo-spirito,01525248-692a-4f35-9fa0-f1edc1e560cb,J&J's,100,6,7,6,7.0,7
2026-09-23,florence,centro-direzionale,02676865-444a-4ba1-8186-48c54175c802,J&J's,0,3,0,0,,0
2026-09-24,florence,centro-direzionale,02676865-444a-4ba1-8186-48c54175c802,J&J's,0,8,0,0,,0
2026-09-25,florence,centro-direzionale,02676865-444a-4ba1-8186-48c54175c802,J&J's,0,6,0,0,,0
2026-09-23,florence,san-paolo,03041c36-a272-437c-9e0f-d428728ba484,J&J's,0,3,0,0,,0
2026-09-24,florence,san-paolo,03041c36-a272-437c-9e0f-d428728ba484,J&J's,0,8,0,0,,0
2026-09-25,florence,san-paolo,03041c36-a272-437c-9e0f-d428728ba484,J&J's,0,6,0,0,,0
2026-09-23,florence,santa-croce,034bb9d0-c240-41c0-8e0b-94b7e9859a39,J&J's,0,3,21,21,,21
2026-09-24,florence,santa-croce,034bb9d0-c240-41c0-8e0b-94b7e9859a39,J&J's,0,8,21,21,,21
2026-09-25,florence,santa-croce,034bb9d0-c240-41c0-8e0b-94b7e9859a39,J&J's,0,6,19,16,,19
2026-09-23,florence,santa-croce,03e81f70-65af-4099-b193-686195c634ed,J&J's,0,3,1,1,,1
2026-09-24,florence,santa-croce,03e81f70-65af-4099-b193-686195c634ed,J&J's,0,8,1,1,,1
2026-09-25,florence,santa-croce,03e81f70-65af-4099-b193-686195c634ed,J&J's,0,6,1,1,,1
2026-09-23,florence,duomo,0532685b-9028-4daf-a870-fbed77fe898d,J&J's,0,3,12,12,,12
2026-09-24,florence,duomo,0532685b-9028-4daf-a870-fbed77fe898d,J&J's,0,8,13,12,,13
2026-09-25,florence,duomo,0532685b-9028-4daf-a870-fbed77fe898d,J&J's,0,6,14,14,,14
2026-09-23,florence,santa-maria-novella,05b86e77-15e3-499b-9602-4ff582b7ea14,J&J's,35,3,13,13,37.1,13
2026-09-24,florence,santa-maria-novella,05b86e77-15e3-499b-9602-4ff582b7ea14,J&J's,35,8,13,11,37.1,13
2026-09-25,florence,santa-maria-novella,05b86e77-15e3-499b-9602-4ff582b7ea14,J&J's,35,6,11,11,31.4,11
2026-09-23,florence,coverelli,07b87462-3d98-492d-bd74-3ed532b49dfc,J&J's,10,3,6,6,60.0,6
2026-09-24,florence,coverelli,07b87462-3d98-492d-bd74-3ed532b49dfc,J&J's,10,8,6,5,60.0,6
2026-09-25,florence,coverelli,07b87462-3d98-492d-bd74-3ed532b49dfc,J&J's,10,6,5,5,50.0,5
2026-09-23,florence,pontassieve,0c9b56b8-3202-4b4d-8878-3267298d30e6,J&J's,0,3,0,0,,0
2026-09-24,florence,pontassieve,0c9b56b8-3202-4b4d-8878-3267298d30e6,J&J's,0,8,0,0,,0
2026-09-25,florence,pontassieve,0c9b56b8-3202-4b4d-8878-3267298d30e6,J&J's,0,6,0,0,,0
2026-09-23,florence,scandicci,0c9d3fbe-f1e8-41cd-8059-5c5f0dd19116,J&J's,0,3,1,1,,1
2026-09-24,florence,scandicci,0c9d3fbe-f1e8-41cd-8059-5c5f0dd19116,J&J's,0,8,1,1,,1
2026-09-25,florence,scandicci,0c9d3fbe-f1e8-41cd-8059-5c5f0dd19116,J&J's,0,6,1,1,,1
2026-09-23,florence,santo-spirito,0cfcaade-fffe-4a8b-b389-70c6784c3692,J&J's,15,3,8,8,53.3,8
2026-09-24,florence,santo-spirito,0cfcaade-fffe-4a8b-b389-70c6784c3692,J&J's,15,8,8,8,53.3,8
2026-09-25,florence,santo-spirito,0cfcaade-fffe-4a8b-b389-70c6784c3692,J&J's,15,6,8,8,53.3,9
2026-09-23,florence,san-gallo,0d0ad497-fc8f-4e38-b7a3-cd7da167ac16,J&J's,0,3,5,5,,5
2026-09-24,florence,san-gallo,0d0ad497-fc8f-4e38-b7a3-cd7da167ac16,J&J's,0,8,5,4,,5
2026-09-25,florence,san-gallo,0d0ad497-fc8f-4e38-b7a3-cd7da167ac16,J&J's,0,6,4,4,,4
2026-09-23,florence,via-de-boni,121adc54-6fa7-4282-bd44-3437414aad66,J&J's,100,3,10,10,10.0,10
2026-09-24,florence,via-de-boni,121adc54-6fa7-4282-bd44-3437414aad66,J&J's,100,8,11,11,11.0,11
2026-09-25,florence,via-de-boni,121adc54-6fa7-4282-bd44-3437414aad66,J&J's,100,6,11,10,11.0,11
2026-09-23,florence,pitti,1228e94a-059d-45b1-8c27-cf8dad4b2fd7,J&J's,30,3,31,31,103.3,31
2026-09-24,florence,pitti,1228e94a-059d-45b1-8c27-cf8dad4b2fd7,J&J's,30,8,31,31,103.3,31
2026-09-25,florence,pitti,1228e94a-059d-45b1-8c27-cf8dad4b2fd7,J&J's,30,6,31,28,103.3,33
2026-09-23,florence,campo-di-marte,159104ba-e3e7-4c86-a35a-acf75f868387,J&J's,50,3,0,0,0.0,0
2026-09-24,florence,campo-di-marte,159104ba-e3e7-4c86-a35a-acf75f868387,J&J's,50,8,0,0,0.0,0
2026-09-25,florence,campo-di-marte,159104ba-e3e7-4c86-a35a-acf75f868387,J&J's,50,6,0,0,0.0,0
2026-09-23,florence,battistero-di-san-giovanni,16bcd5d3-6300-4cfd-a6fa-3b217cc371ba,J&J's,0,3,50,49,,50
2026-09-24,florence,battistero-di-san-giovanni,16bcd5d3-6300-4cfd-a6fa-3b217cc371ba,J&J's,0,8,55,55,,55
2026-09-25,florence,battistero-di-san-giovanni,16bcd5d3-6300-4cfd-a6fa-3b217cc371ba,J&J's,0,6,54,50,,54
2026-09-23,florence,capalle,17250aaa-f355-4711-9de7-3a245055736a,J&J's,0,3,0,0,,0
2026-09-24,florence,capalle,17250aaa-f355-4711-9de7-3a245055736a,J&J's,0,8,0,0,,0
2026-09-25,florence,capalle,17250aaa-f355-4711-9de7-3a245055736a,J&J's,0,6,0,0,,0
2026-09-23,florence,campo-di-marte,19bb990d-4063-4f14-b591-c5804b6b827f,J&J's,0,3,0,0,,0
2026-09-24,florence,campo-di-marte,19bb990d-4063-4f14-b591-c5804b6b827f,J&J's,0,8,0,0,,0
2026-09-25,florence,campo-di-marte,19bb990d-4063-4f14-b591-c5804b6b827f,J&J's,0,6,0,0,,0
2026-09-23,florence,quartiere-1,204741da-af03-4567-9373-0c05c06f0e60,J&J's,0,3,0,0,,0
2026-09-24,florence,quartiere-1,204741da-af03-4567-9373-0c05c06f0e60,J&J's,0,8,0,0,,0
2026-09-25,florence,quartiere-1,204741da-af03-4567-9373-0c05c06f0e60,J&J's,0,6,0,0,,0
2026-09-23,florence,quartiere-1,21b12ee7-53c7-4137-8eef-614acf6b395e,J&J's,0,3,1,1,,1
2026-09-24,florence,quartiere-1,21b12ee7-53c7-4137-8eef-614acf6b395e,J&J's,0,8,1,1,,1
2026-09-25,florence,quartiere-1,21b12ee7-53c7-4137-8eef-614acf6b395e,J&J's,0,6,1,0,,1
2026-09-23,florence,santa-maria-novella,2868d0b4-458e-42d8-973f-ca7e5bcb2293,J&J's,0,3,30,30,,30
2026-09-24,florence,santa-maria-novella,2868d0b4-458e-42d8-973f-ca7e5bcb2293,J&J's,0,8,33,33,,33
2026-09-25,florence,santa-maria-novella,2868d0b4-458e-42d8-973f-ca7e5bcb2293,J&J's,0,6,33,33,,34
2026-09-23,florence,santa-croce,2bc4e021-7dd2-498d-8800-e71714978692,J&J's,50,3,4,3,8.0,4
2026-09-24,florence,santa-croce,2bc4e021-7dd2-498d-8800-e71714978692,J&J's,50,8,4,4,8.0,4
2026-09-25,florence,santa-croce,2bc4e021-7dd2-498d-8800-e71714978692,J&J's,50,6,4,4,8.0,4
2026-09-23,florence,santo-spirito,2dd83e81-fc1e-465d-bc90-75be8bbbd598,J&J's,5,3,5,5,100.0,5
2026-09-24,florence,santo-spirito,2dd83e81-fc1e-465d-bc90-75be8bbbd598,J&J's,5,8,5,4,100.0,5
2026-09-25,florence,santo-spirito,2dd83e81-fc1e-465d-bc90-75be8bbbd598,J&J's,5,6,4,4,80.0,5
2026-09-23,florence,peretola,2e6eb77c-fdbd-4d14-9b58-5bcf267ebf35,J&J's,0,3,4,4,,4
2026-09-24,florence,peretola,2e6eb77c-fdbd-4d14-9b58-5bcf267ebf35,J&J's,0,8,4,4,,4
2026-09-25,florence,peretola,2e6eb77c-fdbd-4d14-9b58-5bcf267ebf35,J&J's,0,6,4,4,,4
2026-09-23,florence,santa-maria-novella,2f596780-a201-48e3-bba7-65505b8131a2,J&J's,0,3,37,37,,38
2026-09-24,florence,santa-maria-novella,2f596780-a201-48e3-bba7-65505b8131a2,J&J's,0,8,40,40,,40
2026-09-25,florence,santa-maria-novella,2f596780-a201-48e3-bba7-65505b8131a2,J&J's,0,6,44,43,,44
2026-09-23,florence,santa-croce,2fefd1d7-e1a9-43cb-8b24-0952f0789d2c,J&J's,0,3,3,2,,3
2026-09-24,florence,santa-croce,2fefd1d7-e1a9-43cb-8b24-0952f0789d2c,J&J's,0,8,2,1,,2
2026-09-25,florence,santa-croce,2fefd1d7-e1a9-43cb-8b24-0952f0789d2c,J&J's,0,6,2,2,,2
2026-09-23,florence,porta-al-prato,303a8ca0-8e11-4542-a3d9-e4aa6dba61e3,J&J's,0,3,3,3,,3
2026-09-24,florence,porta-al-prato,303a8ca0-8e11-4542-a3d9-e4aa6dba61e3,J&J's,0,8,4,4,,4
2026-09-25,florence,porta-al-prato,303a8ca0-8e11-4542-a3d9-e4aa6dba61e3,J&J's,0,6,5,5,,5
2026-09-23,florence,santa-croce,33e10b9a-d7a9-428e-88ee-e83aba127bd5,J&J's,0,3,10,10,,10
2026-09-24,florence,santa-croce,33e10b9a-d7a9-428e-88ee-e83aba127bd5,J&J's,0,8,11,9,,11
2026-09-25,florence,santa-croce,33e10b9a-d7a9-428e-88ee-e83aba127bd5,J&J's,0,6,10,8,,10
2026-09-23,florence,romito,398d8dea-adfc-4ab9-8615-951db9dd703f,J&J's,0,3,1,1,,1
2026-09-24,florence,romito,398d8dea-adfc-4ab9-8615-951db9dd703f,J&J's,0,8,1,1,,1
2026-09-25,florence,romito,398d8dea-adfc-4ab9-8615-951db9dd703f,J&J's,0,6,2,2,,2
2026-09-23,florence,santa-croce,39b53474-23f9-4ba1-aa17-cedffd6b6bc8,J&J's,50,3,7,7,14.0,7
2026-09-24,florence,santa-croce,39b53474-23f9-4ba1-aa17-cedffd6b6bc8,J&J's,50,8,7,6,14.0,7
2026-09-25,florence,santa-croce,39b53474-23f9-4ba1-aa17-cedffd6b6bc8,J&J's,50,6,6,6,12.0,6
2026-09-23,florence,la-villa,3ae4dabf-11a0-4d5a-bec5-455f9e39def3,J&J's,0,3,0,0,,0
2026-09-24,florence,la-villa,3ae4dabf-11a0-4d5a-bec5-455f9e39def3,J&J's,0,8,0,0,,0
2026-09-25,florence,la-villa,3ae4dabf-11a0-4d5a-bec5-455f9e39def3,J&J's,0,6,0,0,,0
2026-09-23,florence,quartiere-1,3dd446e6-1fba-47e1-9eca-2016e440c3a3,J&J's,0,3,0,0,,0
2026-09-24,florence,quartiere-1,3dd446e6-1fba-47e1-9eca-2016e440c3a3,J&J's,0,8,0,0,,0
2026-09-25,florence,quartiere-1,3dd446e6-1fba-47e1-9eca-2016e440c3a3,J&J's,0,6,0,0,,0
2026-09-23,florence,ricorboli,3f715c42-7ac7-4d94-aca3-48c3dde93b99,J&J's,0,3,1,1,,1
2026-09-24,florence,ricorboli,3f715c42-7ac7-4d94-aca3-48c3dde93b99,J&J's,0,8,1,1,,1
2026-09-25,florence,ricorboli,3f715c42-7ac7-4d94-aca3-48c3dde93b99,J&J's,0,6,1,1,,1
2026-09-23,florence,santa-croce,407abd7e-c668-4f5d-906a-9635126882f7,J&J's,0,3,6,6,,6
2026-09-24,florence,santa-croce,407abd7e-c668-4f5d-906a-9635126882f7,J&J's,0,8,8,8,,8
2026-09-25,florence,santa-croce,407abd7e-c668-4f5d-906a-9635126882f7,J&J's,0,6,10,10,,10
2026-09-23,florence,querceto,410189d8-2112-46ff-993e-5936dfa75990,J&J's,0,3,0,0,,0
2026-09-24,florence,querceto,410189d8-2112-46ff-993e-5936dfa75990,J&J's,0,8,0,0,,0
2026-09-25,florence,querceto,410189d8-2112-46ff-993e-5936dfa75990,J&J's,0,6,0,0,,0
2026-09-23,florence,porta-al-prato,41ba8f29-1923-4720-b245-76ee8be5cfcf,J&J's,0,3,6,6,,6
2026-09-24,florence,porta-al-prato,41ba8f29-1923-4720-b245-76ee8be5cfcf,J&J's,0,8,7,6,,7
2026-09-25,florence,porta-al-prato,41ba8f29-1923-4720-b245-76ee8be5cfcf,J&J's,0,6,6,5,,6
2026-09-23,florence,santa-maria-novella,426b6885-10d4-43a1-a723-9861243fe8d7,J&J's,0,3,1,1,,1
2026-09-24,florence,santa-maria-novella,426b6885-10d4-43a1-a723-9861243fe8d7,J&J's,0,8,1,1,,1
2026-09-25,florence,santa-maria-novella,426b6885-10d4-43a1-a723-9861243fe8d7,J&J's,0,6,1,0,,1
2026-09-23,florence,san-marco-florence,4672dae0-78e0-41e1-a77a-74061f088cd2,J&J's,0,3,10,10,,10
2026-09-24,florence,san-marco-florence,4672dae0-78e0-41e1-a77a-74061f088cd2,J&J's,0,8,12,12,,12
2026-09-25,florence,san-marco-florence,4672dae0-78e0-41e1-a77a-74061f088cd2,J&J's,0,6,14,14,,14
2026-09-23,florence,santa-maria-novella,47ce7e01-02bb-4a62-96dd-22cddb3ce498,J&J's,25,3,1,1,4.0,1
2026-09-24,florence,santa-maria-novella,47ce7e01-02bb-4a62-96dd-22cddb3ce498,J&J's,25,8,1,1,4.0,1
2026-09-25,florence,santa-maria-novella,47ce7e01-02bb-4a62-96dd-22cddb3ce498,J&J's,25,6,1,1,4.0,1
2026-09-23,florence,basilica-of-santa-maria-novella,4975dde1-4ec5-48c4-9d2b-025f96242739,J&J's,0,3,26,26,,26
2026-09-24,florence,basilica-of-santa-maria-novella,4975dde1-4ec5-48c4-9d2b-025f96242739,J&J's,0,8,29,29,,29
2026-09-25,florence,basilica-of-santa-maria-novella,4975dde1-4ec5-48c4-9d2b-025f96242739,J&J's,0,6,29,29,,29
2026-09-23,florence,quartiere-5,4acae942-8188-4124-84d0-5240386c5f50,J&J's,0,3,0,0,,0
2026-09-24,florence,quartiere-5,4acae942-8188-4124-84d0-5240386c5f50,J&J's,0,8,0,0,,0
2026-09-25,florence,quartiere-5,4acae942-8188-4124-84d0-5240386c5f50,J&J's,0,6,0,0,,0
2026-09-23,florence,coverciano,4b74b743-a969-4317-a59d-4a6074215cea,J&J's,0,3,0,0,,0
2026-09-24,florence,coverciano,4b74b743-a969-4317-a59d-4a6074215cea,J&J's,0,8,0,0,,0
2026-09-25,florence,coverciano,4b74b743-a969-4317-a59d-4a6074215cea,J&J's,0,6,0,0,,0
2026-09-23,florence,le-cure,4e3bcfa1-648b-4d16-ae65-4314984b17ec,J&J's,20,3,1,1,5.0,1
2026-09-24,florence,le-cure,4e3bcfa1-648b-4d16-ae65-4314984b17ec,J&J's,20,8,1,0,5.0,1
2026-09-25,florence,le-cure,4e3bcfa1-648b-4d16-ae65-4314984b17ec,J&J's,20,6,0,0,0.0,0
2026-09-23,florence,campo-di-marte,4f4ab616-48d1-4964-8e3b-0b760b52bca9,J&J's,0,3,0,0,,0
2026-09-24,florence,campo-di-marte,4f4ab616-48d1-4964-8e3b-0b760b52bca9,J&J's,0,8,0,0,,0
2026-09-25,florence,campo-di-marte,4f4ab616-48d1-4964-8e3b-0b760b52bca9,J&J's,0,6,0,0,,0
2026-09-23,florence,district-1,50fe6360-2017-4753-b6c4-04764c85e9c4,J&J's,0,3,6,6,,6
2026-09-24,florence,district-1,50fe6360-2017-4753-b6c4-04764c85e9c4,J&J's,0,8,6,5,,6
2026-09-25,florence,district-1,50fe6360-2017-4753-b6c4-04764c85e9c4,J&J's,0,6,5,5,,5
2026-09-23,florence,peretola,513d9d75-a373-4b4d-b8c6-ee3ba18acb68,J&J's,0,3,1,1,,1
2026-09-24,florence,peretola,513d9d75-a373-4b4d-b8c6-ee3ba18acb68,J&J's,0,8,1,1,,1
2026-09-25,florence,peretola,513d9d75-a373-4b4d-b8c6-ee3ba18acb68,J&J's,0,6,1,1,,1
2026-09-23,florence,san-gallo,5249f431-530e-48ef-861a-584a78e94eb7,J&J's,0,3,0,0,,0
2026-09-24,florence,san-gallo,5249f431-530e-48ef-861a-584a78e94eb7,J&J's,0,8,0,0,,0
2026-09-25,florence,san-gallo,5249f431-530e-48ef-861a-584a78e94eb7,J&J's,0,6,0,0,,0
2026-09-23,florence,basilica-of-santa-maria-novella,5451781f-5d9a-4556-94b4-a97ccd838a33,J&J's,0,3,8,8,,9
2026-09-24,florence,basilica-of-santa-maria-novella,5451781f-5d9a-4556-94b4-a97ccd838a33,J&J's,0,8,10,10,,10
2026-09-25,florence,basilica-of-santa-maria-novella,5451781f-5d9a-4556-94b4-a97ccd838a33,J&J's,0,6,10,9,,10
2026-09-23,florence,campo-di-marte,59793641-860d-4baa-9915-0371eaf06cb2,J&J's,0,3,0,0,,0
2026-09-24,florence,campo-di-marte,59793641-860d-4baa-9915-0371eaf06cb2,J&J's,0,8,0,0,,0
2026-09-25,florence,campo-di-marte,59793641-860d-4baa-9915-0371eaf06cb2,J&J's,0,6,0,0,,0
2026-09-23,florence,santa-croce,5a8d7927-44fe-4ca0-9771-6a2b7237addf,J&J's,30,3,6,6,20.0,7
2026-09-24,florence,santa-croce,5a8d7927-44fe-4ca0-9771-6a2b7237addf,J&J's,30,8,7,7,23.3,8
2026-09-25,florence,santa-croce,5a8d7927-44fe-4ca0-9771-6a2b7237addf,J&J's,30,6,13,13,43.3,13
2026-09-23,florence,monticelli,5c437841-d083-4dfa-8eb2-7d3f9cebccb6,J&J's,0,3,0,0,,0
2026-09-24,florence,monticelli,5c437841-d083-4dfa-8eb2-7d3f9cebccb6,J&J's,0,8,0,0,,0
2026-09-25,florence,monticelli,5c437841-d083-4dfa-8eb2-7d3f9cebccb6,J&J's,0,6,0,0,,0
2026-09-23,florence,san-gallo,6214366e-ab62-474e-a5ca-7c724ebf3ccd,J&J's,0,3,3,3,,3
2026-09-24,florence,san-gallo,6214366e-ab62-474e-a5ca-7c724ebf3ccd,J&J's,0,8,3,3,,3
2026-09-25,florence,san-gallo,6214366e-ab62-474e-a5ca-7c724ebf3ccd,J&J's,0,6,3,3,,3
2026-09-23,florence,santa-maria-novella,659f17d2-79ab-4850-9269-27abe1f70122,J&J's,35,3,0,0,0.0,0
2026-09-24,florence,santa-maria-novella,659f17d2-79ab-4850-9269-27abe1f70122,J&J's,35,8,0,0,0.0,0
2026-09-25,florence,santa-maria-novella,659f17d2-79ab-4850-9269-27abe1f70122,J&J's,35,6,0,0,0.0,0
2026-09-23,florence,porta-al-prato,67e71e4a-1727-4c27-9cbc-2b386dcf9250,J&J's,0,3,33,33,,33
2026-09-24,florence,porta-al-prato,67e71e4a-1727-4c27-9cbc-2b386dcf9250,J&J's,0,8,33,30,,33
2026-09-25,florence,porta-al-prato,67e71e4a-1727-4c27-9cbc-2b386dcf9250,J&J's,0,6,33,32,,33
2026-09-23,florence,basilica-di-santo-spirito,6830dbdf-e164-448b-bfc2-2879e6502ae7,J&J's,0,3,1,1,,1
2026-09-24,florence,basilica-di-santo-spirito,6830dbdf-e164-448b-bfc2-2879e6502ae7,J&J's,0,8,3,3,,3
2026-09-25,florence,basilica-di-santo-spirito,6830dbdf-e164-448b-bfc2-2879e6502ae7,J&J's,0,6,5,4,,5
2026-09-23,florence,santa-croce,68350a70-fcc9-4f74-a2a5-bbd1b8abe045,J&J's,0,3,45,45,,45
2026-09-24,florence,santa-croce,68350a70-fcc9-4f74-a2a5-bbd1b8abe045,J&J's,0,8,45,43,,45
2026-09-25,florence,santa-croce,68350a70-fcc9-4f74-a2a5-bbd1b8abe045,J&J's,0,6,44,44,,45
2026-09-23,florence,santa-maria-novella,68c505a9-05c0-4257-ab52-af74eaac5fe5,J&J's,60,3,3,3,5.0,3
2026-09-24,florence,santa-maria-novella,68c505a9-05c0-4257-ab52-af74eaac5fe5,J&J's,60,8,3,2,5.0,3
2026-09-25,florence,santa-maria-novella,68c505a9-05c0-4257-ab52-af74eaac5fe5,J&J's,60,6,2,2,3.3,2
2026-09-23,florence,rifredi,69118623-e4fd-41cb-8de4-d61485feb26f,J&J's,0,3,0,0,,0
2026-09-24,florence,rifredi,69118623-e4fd-41cb-8de4-d61485feb26f,J&J's,0,8,0,0,,0
2026-09-25,florence,rifredi,69118623-e4fd-41cb-8de4-d61485feb26f,J&J's,0,6,0,0,,0
2026-09-23,florence,legnaia,6c8cc12a-a931-48c7-9769-d069a7123fa1,J&J's,0,3,0,0,,0
2026-09-24,florence,legnaia,6c8cc12a-a931-48c7-9769-d069a7123fa1,J&J's,0,8,0,0,,0
2026-09-25,florence,legnaia,6c8cc12a-a931-48c7-9769-d069a7123fa1,J&J's,0,6,0,0,,0
2026-09-23,florence,santa-croce,6df73a6a-0ee7-444b-8f5e-c59f0e85ccd6,J&J's,0,3,17,17,,17
2026-09-24,florence,santa-croce,6df73a6a-0ee7-444b-8f5e-c59f0e85ccd6,J&J's,0,8,17,17,,17
2026-09-25,florence,santa-croce,6df73a6a-0ee7-444b-8f5e-c59f0e85ccd6,J&J's,0,6,20,20,,20
2026-09-23,florence,district-1,705303b7-7a25-42eb-a99c-b32ba954ab51,J&J's,0,3,2,2,,2
2026-09-24,florence,district-1,705303b7-7a25-42eb-a99c-b32ba954ab51,J&J's,0,8,4,3,,4
2026-09-25,florence,district-1,705303b7-7a25-42eb-a99c-b32ba954ab51,J&J's,0,6,5,5,,5
2026-09-23,florence,santa-maria-novella,71848839-8504-4b4a-a548-ba587891e170,J&J's,0,3,4,4,,4
2026-09-24,florence,santa-maria-novella,71848839-8504-4b4a-a548-ba587891e170,J&J's,0,8,7,7,,7
2026-09-25,florence,santa-maria-novella,71848839-8504-4b4a-a548-ba587891e170,J&J's,0,6,6,5,,6
2026-09-23,florence,santa-maria-novella,71f4f2f1-5662-44a2-a1b6-398a3a9a6840,J&J's,0,3,0,0,,0
2026-09-24,florence,santa-maria-novella,71f4f2f1-5662-44a2-a1b6-398a3a9a6840,J&J's,0,8,0,0,,0
2026-09-25,florence,santa-maria-novella,71f4f2f1-5662-44a2-a1b6-398a3a9a6840,J&J's,0,6,0,0,,0
2026-09-23,florence,santa-maria-novella,739198dc-ae4c-4561-a930-94bca4aaeb2c,J&J's,30,3,26,25,86.7,26
2026-09-24,florence,santa-maria-novella,739198dc-ae4c-4561-a930-94bca4aaeb2c,J&J's,30,8,25,23,83.3,25
2026-09-25,florence,santa-maria-novella,739198dc-ae4c-4561-a930-94bca4aaeb2c,J&J's,30,6,27,27,90.0,27
2026-09-23,florence,san-lorenzo,7ae82967-fd56-4f9e-a91e-80bb0307f356,J&J's,0,3,10,10,,10
2026-09-24,florence,san-lorenzo,7ae82967-fd56-4f9e-a91e-80bb0307f356,J&J's,0,8,10,8,,10
2026-09-25,florence,san-lorenzo,7ae82967-fd56-4f9e-a91e-80bb0307f356,J&J's,0,6,8,8,,8
2026-09-23,florence,santa-maria-novella,7e41f1ec-e26a-4717-9b22-a3a5b1bffe56,J&J's,120,3,158,158,131.7,158
2026-09-24,florence,santa-maria-novella,7e41f1ec-e26a-4717-9b22-a3a5b1bffe56,J&J's,120,8,162,162,135.0,164
2026-09-25,florence,santa-maria-novella,7e41f1ec-e26a-4717-9b22-a3a5b1bffe56,J&J's,120,6,159,156,132.5,160
2026-09-23,florence,gavinana,82063b4f-2ea1-4890-a6b5-8562be12f671,J&J's,0,3,0,0,,0
2026-09-24,florence,gavinana,82063b4f-2ea1-4890-a6b5-8562be12f671,J&J's,0,8,0,0,,0
2026-09-25,florence,gavinana,82063b4f-2ea1-4890-a6b5-8562be12f671,J&J's,0,6,0,0,,0
2026-09-23,florence,rifredi,82c218b1-9a31-4829-ac2a-f035bf3a0da9,J&J's,0,3,0,0,,0
2026-09-24,florence,rifredi,82c218b1-9a31-4829-ac2a-f035bf3a0da9,J&J's,0,8,0,0,,0
2026-09-25,florence,rifredi,82c218b1-9a31-4829-ac2a-f035bf3a0da9,J&J's,0,6,0,0,,0
2026-09-23,florence,rifredi,8697f1ec-62d5-4792-9dad-1085684e86af,J&J's,0,3,0,0,,0
2026-09-24,florence,rifredi,8697f1ec-62d5-4792-9dad-1085684e86af,J&J's,0,8,0,0,,0
2026-09-25,florence,rifredi,8697f1ec-62d5-4792-9dad-1085684e86af,J&J's,0,6,1,1,,1
2026-09-23,florence,duomo,86fdbf18-d8a6-4e29-b8ff-efb6d838d5d9,J&J's,50,3,1,1,2.0,1
2026-09-24,florence,duomo,86fdbf18-d8a6-4e29-b8ff-efb6d838d5d9,J&J's,50,8,2,2,4.0,2
2026-09-25,florence,duomo,86fdbf18-d8a6-4e29-b8ff-efb6d838d5d9,J&J's,50,6,4,4,8.0,4
2026-09-23,florence,bellariva,879b4fab-ed7d-4405-9fb5-c775454027ba,J&J's,50,3,0,0,0.0,0
2026-09-24,florence,bellariva,879b4fab-ed7d-4405-9fb5-c775454027ba,J&J's,50,8,0,0,0.0,0
2026-09-25,florence,bellariva,879b4fab-ed7d-4405-9fb5-c775454027ba,J&J's,50,6,0,0,0.0,0
2026-09-23,florence,santo-spirito,88e9c773-9ac6-449e-9e1f-02ff84b50515,J&J's,50,3,26,24,52.0,26
2026-09-24,florence,santo-spirito,88e9c773-9ac6-449e-9e1f-02ff84b50515,J&J's,50,8,24,21,48.0,24
2026-09-25,florence,santo-spirito,88e9c773-9ac6-449e-9e1f-02ff84b50515,J&J's,50,6,22,22,44.0,22
2026-09-23,florence,basilica-of-santa-maria-novella,8e959b34-8921-448b-b22a-b21c793832cd,J&J's,0,3,1,1,,1
2026-09-24,florence,basilica-of-santa-maria-novella,8e959b34-8921-448b-b22a-b21c793832cd,J&J's,0,8,1,1,,1
2026-09-25,florence,basilica-of-santa-maria-novella,8e959b34-8921-448b-b22a-b21c793832cd,J&J's,0,6,1,1,,1
2026-09-23,florence,district-1,8f9dedaf-4fab-4b8a-8658-f3c48b791e27,J&J's,0,3,0,0,,0
2026-09-24,florence,district-1,8f9dedaf-4fab-4b8a-8658-f3c48b791e27,J&J's,0,8,0,0,,0
2026-09-25,florence,district-1,8f9dedaf-4fab-4b8a-8658-f3c48b791e27,J&J's,0,6,0,0,,0
2026-09-23,florence,santa-maria-novella,910100a6-2a0e-4fe2-b439-af962f81ef84,J&J's,0,3,0,0,,0
2026-09-24,florence,santa-maria-novella,910100a6-2a0e-4fe2-b439-af962f81ef84,J&J's,0,8,0,0,,0
2026-09-25,florence,santa-maria-novella,910100a6-2a0e-4fe2-b439-af962f81ef84,J&J's,0,6,0,0,,0
2026-09-23,florence,campo-di-marte,937ce1b6-cd64-4740-94ca-ab16ddc18a86,J&J's,0,3,2,2,,2
2026-09-24,florence,campo-di-marte,937ce1b6-cd64-4740-94ca-ab16ddc18a86,J&J's,0,8,2,2,,2
2026-09-25,florence,campo-di-marte,937ce1b6-cd64-4740-94ca-ab16ddc18a86,J&J's,0,6,2,2,,2
2026-09-23,florence,oltrarno,9744bec2-ae01-4c5e-b690-c40116e21412,J&J's,20,3,0,0,0.0,0
2026-09-24,florence,oltrarno,9744bec2-ae01-4c5e-b690-c40116e21412,J&J's,20,8,0,0,0.0,0
2026-09-25,florence,oltrarno,9744bec2-ae01-4c5e-b690-c40116e21412,J&J's,20,6,0,0,0.0,0
2026-09-23,florence,via-dell-albero,989b96ff-8364-4723-b675-a8c47c0855be,J&J's,20,3,42,42,210.0,42
2026-09-24,florence,via-dell-albero,989b96ff-8364-4723-b675-a8c47c0855be,J&J's,20,8,45,44,225.0,45
2026-09-25,florence,via-dell-albero,989b96ff-8364-4723-b675-a8c47c0855be,J&J's,20,6,44,43,220.0,45
2026-09-23,florence,gavinana,9b25edc6-1cf6-4729-80d4-9b8f276349b4,J&J's,0,3,1,1,,1
2026-09-24,florence,gavinana,9b25edc6-1cf6-4729-80d4-9b8f276349b4,J&J's,0,8,2,2,,2
2026-09-25,florence,gavinana,9b25edc6-1cf6-4729-80d4-9b8f276349b4,J&J's,0,6,2,2,,2
2026-09-23,florence,santa-croce,a307a370-6c30-4593-a769-8e3a60e1b2dd,J&J's,0,3,3,3,,3
2026-09-24,florence,santa-croce,a307a370-6c30-4593-a769-8e3a60e1b2dd,J&J's,0,8,4,4,,4
2026-09-25,florence,santa-croce,a307a370-6c30-4593-a769-8e3a60e1b2dd,J&J's,0,6,4,4,,4
2026-09-23,florence,novoli,a37614ad-81dc-4cbb-baa7-d6d725ac9f66,J&J's,0,3,0,0,,0
2026-09-24,florence,novoli,a37614ad-81dc-4cbb-baa7-d6d725ac9f66,J&J's,0,8,0,0,,0
2026-09-25,florence,novoli,a37614ad-81dc-4cbb-baa7-d6d725ac9f66,J&J's,0,6,0,0,,0
2026-09-23,florence,porta-al-prato,a51da357-148e-4b10-8009-c7269be751f8,J&J's,6,3,1,1,16.7,1
2026-09-24,florence,porta-al-prato,a51da357-148e-4b10-8009-c7269be751f8,J&J's,6,8,1,1,16.7,1
2026-09-25,florence,porta-al-prato,a51da357-148e-4b10-8009-c7269be751f8,J&J's,6,6,1,1,16.7,1
2026-09-23,florence,campo-di-marte,a6fc4f34-ed14-47d6-b868-a4e7a71cf9b3,J&J's,5,3,4,4,80.0,4
2026-09-24,florence,campo-di-marte,a6fc4f34-ed14-47d6-b868-a4e7a71cf9b3,J&J's,5,8,4,4,80.0,4
2026-09-25,florence,campo-di-marte,a6fc4f34-ed14-47d6-b868-a4e7a71cf9b3,J&J's,5,6,4,3,80.0,4
2026-09-23,florence,santa-maria-novella,af13b36a-d455-4f3a-b69c-9fb7473c9757,J&J's,0,3,0,0,,0
2026-09-24,florence,santa-maria-novella,af13b36a-d455-4f3a-b69c-9fb7473c9757,J&J's,0,8,1,1,,1
2026-09-25,florence,santa-maria-novella,af13b36a-d455-4f3a-b69c-9fb7473c9757,J&J's,0,6,2,2,,2
2026-09-23,florence,monticelli,b129a900-1a6a-4df5-8c26-d65f3523bc9e,J&J's,0,3,1,1,,1
2026-09-24,florence,monticelli,b129a900-1a6a-4df5-8c26-d65f3523bc9e,J&J's,0,8,1,1,,1
2026-09-25,florence,monticelli,b129a900-1a6a-4df5-8c26-d65f3523bc9e,J&J's,0,6,1,1,,1
2026-09-23,florence,santa-croce,b27a33f4-aa95-44e9-8bf6-24862455a3b4,J&J's,10,3,0,0,0.0,0
2026-09-24,florence,santa-croce,b27a33f4-aa95-44e9-8bf6-24862455a3b4,J&J's,10,8,0,0,0.0,0
2026-09-25,florence,santa-croce,b27a33f4-aa95-44e9-8bf6-24862455a3b4,J&J's,10,6,0,0,0.0,0
2026-09-23,florence,florence-city-center,b5cc9c01-8a5b-4ab7-b26c-dde7a98d1705,J&J's,0,3,3,3,,3
2026-09-24,florence,florence-city-center,b5cc9c01-8a5b-4ab7-b26c-dde7a98d1705,J&J's,0,8,3,3,,3
2026-09-25,florence,florence-city-center,b5cc9c01-8a5b-4ab7-b26c-dde7a98d1705,J&J's,0,6,4,4,,4
2026-09-23,florence,santa-maria-novella,b62ad1b9-fd97-451b-9918-a2b2ab4a107d,J&J's,0,3,0,0,,0
2026-09-24,florence,santa-maria-novella,b62ad1b9-fd97-451b-9918-a2b2ab4a107d,J&J's,0,8,0,0,,0
2026-09-25,florence,santa-maria-novella,b62ad1b9-fd97-451b-9918-a2b2ab4a107d,J&J's,0,6,0,0,,0
2026-09-23,florence,san-salvi,bb2dec64-8839-4321-a6e4-571215cedee6,J&J's,0,3,1,1,,1
2026-09-24,florence,san-salvi,bb2dec64-8839-4321-a6e4-571215cedee6,J&J's,0,8,1,1,,1
2026-09-25,florence,san-salvi,bb2dec64-8839-4321-a6e4-571215cedee6,J&J's,0,6,1,1,,1
2026-09-23,florence,basilica-of-santa-maria-novella,bbfa55e7-9c21-45d7-b9d4-57fb47dbd70c,J&J's,0,3,27,26,,27
2026-09-24,florence,basilica-of-santa-maria-novella,bbfa55e7-9c21-45d7-b9d4-57fb47dbd70c,J&J's,0,8,30,30,,30
2026-09-25,florence,basilica-of-santa-maria-novella,bbfa55e7-9c21-45d7-b9d4-57fb47dbd70c,J&J's,0,6,30,29,,31
2026-09-23,florence,rifredi,bc232664-3c2b-4032-aa43-87b69f077dab,J&J's,0,3,0,0,,0
2026-09-24,florence,rifredi,bc232664-3c2b-4032-aa43-87b69f077dab,J&J's,0,8,0,0,,0
2026-09-25,florence,rifredi,bc232664-3c2b-4032-aa43-87b69f077dab,J&J's,0,6,0,0,,0
2026-09-23,florence,piazza-torquato-tasso,c2f8b1a4-560a-449a-b748-b0d284b98d64,J&J's,0,3,3,3,,3
2026-09-24,florence,piazza-torquato-tasso,c2f8b1a4-560a-449a-b748-b0d284b98d64,J&J's,0,8,4,4,,4
2026-09-25,florence,piazza-torquato-tasso,c2f8b1a4-560a-449a-b748-b0d284b98d64,J&J's,0,6,4,3,,4
2026-09-23,florence,le-cure,c3c6769c-1864-4720-b16e-c92eb70307ea,J&J's,0,3,0,0,,0
2026-09-24,florence,le-cure,c3c6769c-1864-4720-b16e-c92eb70307ea,J&J's,0,8,0,0,,0
2026-09-25,florence,le-cure,c3c6769c-1864-4720-b16e-c92eb70307ea,J&J's,0,6,0,0,,0
2026-09-23,florence,rifredi,c45525fb-6f56-4dea-a8c8-5324333fbff2,J&J's,0,3,0,0,,0
2026-09-24,florence,rifredi,c45525fb-6f56-4dea-a8c8-5324333fbff2,J&J's,0,8,0,0,,0
2026-09-25,florence,rifredi,c45525fb-6f56-4dea-a8c8-5324333fbff2,J&J's,0,6,0,0,,0
2026-09-23,florence,duomo,c8d6b435-a3c6-4931-b0e1-a8c5f5906170,J&J's,0,3,76,76,,76
2026-09-24,florence,duomo,c8d6b435-a3c6-4931-b0e1-a8c5f5906170,J&J's,0,8,86,86,,89
2026-09-25,florence,duomo,c8d6b435-a3c6-4931-b0e1-a8c5f5906170,J&J's,0,6,84,82,,84
2026-09-23,florence,flixbus-florence,ca1d33e4-d3f2-4d66-8c83-b01935057c82,J&J's,0,3,10,10,,10
2026-09-24,florence,flixbus-florence,ca1d33e4-d3f2-4d66-8c83-b01935057c82,J&J's,0,8,11,11,,11
2026-09-25,florence,flixbus-florence,ca1d33e4-d3f2-4d66-8c83-b01935057c82,J&J's,0,6,11,10,,11
2026-09-23,florence,district-1,cbcf564d-abe9-445a-9599-651fca4f9e22,J&J's,0,3,1,1,,1
2026-09-24,florence,district-1,cbcf564d-abe9-445a-9599-651fca4f9e22,J&J's,0,8,1,1,,1
2026-09-25,florence,district-1,cbcf564d-abe9-445a-9599-651fca4f9e22,J&J's,0,6,2,2,,3
2026-09-23,florence,porta-al-prato,cce87fc7-d41c-49ec-b3a4-8d9551b9f8a9,J&J's,0,3,0,0,,0
2026-09-24,florence,porta-al-prato,cce87fc7-d41c-49ec-b3a4-8d9551b9f8a9,J&J's,0,8,1,1,,1
2026-09-25,florence,porta-al-prato,cce87fc7-d41c-49ec-b3a4-8d9551b9f8a9,J&J's,0,6,1,1,,1
2026-09-23,florence,san-niccolo,d8ef83cd-6ef6-458b-92d8-b3b6d85aabf7,J&J's,0,3,2,2,,2
2026-09-24,florence,san-niccolo,d8ef83cd-6ef6-458b-92d8-b3b6d85aabf7,J&J's,0,8,2,2,,2
2026-09-25,florence,san-niccolo,d8ef83cd-6ef6-458b-92d8-b3b6d85aabf7,J&J's,0,6,2,2,,2
2026-09-23,florence,basilica-of-santa-maria-novella,ddbb75a3-6885-43ca-abe3-8ce2cdc5c870,J&J's,0,3,1,1,,1
2026-09-24,florence,basilica-of-santa-maria-novella,ddbb75a3-6885-43ca-abe3-8ce2cdc5c870,J&J's,0,8,1,1,,1
2026-09-25,florence,basilica-of-santa-maria-novella,ddbb75a3-6885-43ca-abe3-8ce2cdc5c870,J&J's,0,6,1,1,,1
2026-09-23,florence,porta-al-prato,de77ae4e-c998-427f-8a54-427284f0cf32,J&J's,0,3,0,0,,0
2026-09-24,florence,porta-al-prato,de77ae4e-c998-427f-8a54-427284f0cf32,J&J's,0,8,0,0,,0
2026-09-25,florence,porta-al-prato,de77ae4e-c998-427f-8a54-427284f0cf32,J&J's,0,6,0,0,,0
2026-09-23,florence,santa-croce,e8db094b-24a1-429e-8264-45c907d24ce9,J&J's,0,3,2,2,,2
2026-09-24,florence,santa-croce,e8db094b-24a1-429e-8264-45c907d24ce9,J&J's,0,8,2,1,,2
2026-09-25,florence,santa-croce,e8db094b-24a1-429e-8264-45c907d24ce9,J&J's,0,6,1,1,,1
2026-09-23,florence,bellariva,ea63b415-161e-4b1c-8ffb-91fe7add7f55,J&J's,0,3,2,2,,2
2026-09-24,florence,bellariva,ea63b415-161e-4b1c-8ffb-91fe7add7f55,J&J's,0,8,2,2,,2
2026-09-25,florence,bellariva,ea63b415-161e-4b1c-8ffb-91fe7add7f55,J&J's,0,6,2,2,,2
2026-09-23,florence,san-marco-florence,eb3b0236-989e-4e42-916a-7ae6ad2eb52f,J&J's,100,3,1,1,1.0,1
2026-09-24,florence,san-marco-florence,eb3b0236-989e-4e42-916a-7ae6ad2eb52f,J&J's,100,8,1,1,1.0,1
2026-09-25,florence,san-marco-florence,eb3b0236-989e-4e42-916a-7ae6ad2eb52f,J&J's,100,6,2,2,2.0,2
2026-09-23,florence,santa-maria-novella,ecf10e1d-fd92-418c-ae94-986d24333e5b,J&J's,0,3,418,413,,418
2026-09-24,florence,santa-maria-novella,ecf10e1d-fd92-418c-ae94-986d24333e5b,J&J's,0,8,415,407,,417
2026-09-25,florence,santa-maria-novella,ecf10e1d-fd92-418c-ae94-986d24333e5b,J&J's,0,6,407,382,,407
2026-09-23,florence,novoli,ed81863e-9dc7-4491-8f85-1f86b7b36a2b,J&J's,0,3,0,0,,0
2026-09-24,florence,novoli,ed81863e-9dc7-4491-8f85-1f86b7b36a2b,J&J's,0,8,0,0,,0
2026-09-25,florence,novoli,ed81863e-9dc7-4491-8f85-1f86b7b36a2b,J&J's,0,6,0,0,,0
2026-09-23,florence,quartiere-2,efa62fc7-dcfb-4937-95e5-6923b04cd8f4,J&J's,0,3,1,1,,1
2026-09-24,florence,quartiere-2,efa62fc7-dcfb-4937-95e5-6923b04cd8f4,J&J's,0,8,1,1,,1
2026-09-25,florence,quartiere-2,efa62fc7-dcfb-4937-95e5-6923b04cd8f4,J&J's,0,6,1,1,,1
2026-09-23,florence,campo-di-marte,f07c40e1-1bf6-40c9-9eb3-760b749ded97,J&J's,0,3,4,4,,4
2026-09-24,florence,campo-di-marte,f07c40e1-1bf6-40c9-9eb3-760b749ded97,J&J's,0,8,5,5,,5
2026-09-25,florence,campo-di-marte,f07c40e1-1bf6-40c9-9eb3-760b749ded97,J&J's,0,6,5,5,,5
2026-09-23,florence,pitti,f6ccad87-7667-4006-8380-6f1bb0cc2df4,J&J's,0,3,2,2,,2
2026-09-24,florence,pitti,f6ccad87-7667-4006-8380-6f1bb0cc2df4,J&J's,0,8,2,2,,2
2026-09-25,florence,pitti,f6ccad87-7667-4006-8380-6f1bb0cc2df4,J&J's,0,6,2,2,,2
2026-09-23,florence,statuto,f88fca4d-9988-4494-961c-441cfde66e58,J&J's,0,3,0,0,,0
2026-09-24,florence,statuto,f88fca4d-9988-4494-961c-441cfde66e58,J&J's,0,8,0,0,,0
2026-09-25,florence,statuto,f88fca4d-9988-4494-961c-441cfde66e58,J&J's,0,6,0,0,,0
2026-09-23,florence,san-marco-florence,fb46c073-153f-456a-863e-fdc314228924,J&J's,0,3,16,16,,16
2026-09-24,florence,san-marco-florence,fb46c073-153f-456a-863e-fdc314228924,J&J's,0,8,19,19,,19
2026-09-25,florence,san-marco-florence,fb46c073-153f-456a-863e-fdc314228924,J&J's,0,6,23,22,,23
2026-09-23,florence,le-cure,fb6154c6-a219-4c68-b476-43b9930acde7,J&J's,50,3,0,0,0.0,0
2026-09-24,florence,le-cure,fb6154c6-a219-4c68-b476-43b9930acde7,J&J's,50,8,0,0,0.0,0
2026-09-25,florence,le-cure,fb6154c6-a219-4c68-b476-43b9930acde7,J&J's,50,6,0,0,0.0,0
2026-09-23,florence,bellariva,fbb83531-e99b-45fb-90bd-d34cfaa52a88,J&J's,0,3,0,0,,0
2026-09-24,florence,bellariva,fbb83531-e99b-45fb-90bd-d34cfaa52a88,J&J's,0,8,0,0,,0
2026-09-25,florence,bellariva,fbb83531-e99b-45fb-90bd-d34cfaa52a88,J&J's,0,6,0,0,,0
2026-09-23,florence,basilica-of-santa-maria-novella,fea06c05-f897-460e-97a3-12b4ff3f8390,J&J's,0,3,6,6,,6
2026-09-24,florence,basilica-of-santa-maria-novella,fea06c05-f897-460e-97a3-12b4ff3f8390,J&J's,0,8,8,7,,8
2026-09-25,florence,basilica-of-santa-maria-novella,fea06c05-f897-460e-97a3-12b4ff3f8390,J&J's,0,6,8,7,,8
2026-09-23,florence,legnaia,feeab264-89d0-4e43-9c13-db3c81da7345,J&J's,20,3,0,0,0.0,0
2026-09-24,florence,legnaia,feeab264-89d0-4e43-9c13-db3c81da7345,J&J's,20,8,0,0,0.0,0
2026-09-25,florence,legnaia,feeab264-89d0-4e43-9c13-db3c81da7345,J&J's,20,6,0,0,0.0,0
2026-09-23,foggia,,00835557-033f-4846-9224-0ccf12eb4761,J&J's,10,3,0,0,0.0,0
2026-09-24,foggia,,00835557-033f-4846-9224-0ccf12eb4761,J&J's,10,8,0,0,0.0,0
2026-09-25,foggia,,00835557-033f-4846-9224-0ccf12eb4761,J&J's,10,6,0,0,0.0,0
2026-09-23,foggia,,0c9002da-4c70-42d1-a669-8c437a9a9655,J&J's,0,3,0,0,,0
2026-09-24,foggia,,0c9002da-4c70-42d1-a669-8c437a9a9655,J&J's,0,8,0,0,,0
2026-09-25,foggia,,0c9002da-4c70-42d1-a669-8c437a9a9655,J&J's,0,6,0,0,,0
2026-09-23,foggia,,0de7bbb6-cc0d-4d26-879a-4125c9d31d31,J&J's,10,3,0,0,0.0,0
2026-09-24,foggia,,0de7bbb6-cc0d-4d26-879a-4125c9d31d31,J&J's,10,8,0,0,0.0,0
2026-09-25,foggia,,0de7bbb6-cc0d-4d26-879a-4125c9d31d31,J&J's,10,6,0,0,0.0,0
2026-09-23,foggia,,0f5caddc-9f76-48fa-b01c-91b4d27ba8cf,J&J's,0,3,0,0,,0
2026-09-24,foggia,,0f5caddc-9f76-48fa-b01c-91b4d27ba8cf,J&J's,0,8,0,0,,0
2026-09-25,foggia,,0f5caddc-9f76-48fa-b01c-91b4d27ba8cf,J&J's,0,6,0,0,,0
2026-09-23,foggia,,2585d250-d293-42f8-a8f4-e1663ccdcc91,J&J's,0,3,0,0,,0
2026-09-24,foggia,,2585d250-d293-42f8-a8f4-e1663ccdcc91,J&J's,0,8,0,0,,0
2026-09-25,foggia,,2585d250-d293-42f8-a8f4-e1663ccdcc91,J&J's,0,6,0,0,,0
2026-09-23,foggia,,42c2fbbd-45a9-43e7-b59f-5dc40e45ecbc,J&J's,0,3,0,0,,0
2026-09-24,foggia,,42c2fbbd-45a9-43e7-b59f-5dc40e45ecbc,J&J's,0,8,0,0,,0
2026-09-25,foggia,,42c2fbbd-45a9-43e7-b59f-5dc40e45ecbc,J&J's,0,6,0,0,,0
2026-09-23,foggia,,5cf922ea-fb99-4b12-beed-4d6ac1721342,J&J's,0,3,0,0,,0
2026-09-24,foggia,,5cf922ea-fb99-4b12-beed-4d6ac1721342,J&J's,0,8,0,0,,0
2026-09-25,foggia,,5cf922ea-fb99-4b12-beed-4d6ac1721342,J&J's,0,6,0,0,,0
2026-09-23,foggia,,6dc158f8-495f-4775-b9e9-f29d64452c39,J&J's,0,3,0,0,,0
2026-09-24,foggia,,6dc158f8-495f-4775-b9e9-f29d64452c39,J&J's,0,8,0,0,,0
2026-09-25,foggia,,6dc158f8-495f-4775-b9e9-f29d64452c39,J&J's,0,6,0,0,,0
2026-09-23,foggia,,76d73107-e439-4b19-9cb4-80ab29bfe05d,J&J's,0,3,1,1,,1
2026-09-24,foggia,,76d73107-e439-4b19-9cb4-80ab29bfe05d,J&J's,0,8,1,0,,1
2026-09-25,foggia,,76d73107-e439-4b19-9cb4-80ab29bfe05d,J&J's,0,6,0,0,,0
2026-09-23,foggia,,777dc309-882e-453e-a7f7-858d1f59350b,J&J's,0,3,0,0,,0
2026-09-24,foggia,,777dc309-882e-453e-a7f7-858d1f59350b,J&J's,0,8,0,0,,0
2026-09-25,foggia,,777dc309-882e-453e-a7f7-858d1f59350b,J&J's,0,6,0,0,,0
2026-09-23,foggia,,9d3ad470-8537-424e-a830-a549f70d2510,J&J's,0,3,0,0,,0
2026-09-24,foggia,,9d3ad470-8537-424e-a830-a549f70d2510,J&J's,0,8,0,0,,0
2026-09-25,foggia,,9d3ad470-8537-424e-a830-a549f70d2510,J&J's,0,6,0,0,,0
2026-09-23,foggia,,ce137f9b-6f78-4269-997a-63633a4d200c,J&J's,0,3,0,0,,0
2026-09-24,foggia,,ce137f9b-6f78-4269-997a-63633a4d200c,J&J's,0,8,0,0,,0
2026-09-25,foggia,,ce137f9b-6f78-4269-997a-63633a4d200c,J&J's,0,6,0,0,,0
2026-09-23,foggia,,f875b7d3-6104-4173-9898-8c6e4b7b7046,J&J's,0,3,0,0,,0
2026-09-24,foggia,,f875b7d3-6104-4173-9898-8c6e4b7b7046,J&J's,0,8,0,0,,0
2026-09-25,foggia,,f875b7d3-6104-4173-9898-8c6e4b7b7046,J&J's,0,6,0,0,,0
2026-09-23,frosinone,monte-san-marino,05c31bb2-0c96-457c-a562-9679d315cd00,J&J's,0,3,0,0,,0
2026-09-24,frosinone,monte-san-marino,05c31bb2-0c96-457c-a562-9679d315cd00,J&J's,0,8,0,0,,0
2026-09-25,frosinone,monte-san-marino,05c31bb2-0c96-457c-a562-9679d315cd00,J&J's,0,6,0,0,,0
2026-09-23,frosinone,monte-san-giovanni-campano,099d7548-ebe4-4eea-9372-fef697d207d5,J&J's,0,3,0,0,,0
2026-09-24,frosinone,monte-san-giovanni-campano,099d7548-ebe4-4eea-9372-fef697d207d5,J&J's,0,8,0,0,,0
2026-09-25,frosinone,monte-san-giovanni-campano,099d7548-ebe4-4eea-9372-fef697d207d5,J&J's,0,6,0,0,,0
2026-09-23,frosinone,ceccano,16f40374-b77c-4d4f-be03-61355dc517f6,J&J's,0,3,0,0,,0
2026-09-24,frosinone,ceccano,16f40374-b77c-4d4f-be03-61355dc517f6,J&J's,0,8,0,0,,0
2026-09-25,frosinone,ceccano,16f40374-b77c-4d4f-be03-61355dc517f6,J&J's,0,6,0,0,,0
2026-09-23,frosinone,de-matthaeis,1705d070-b879-45b6-9bdb-49eb42fbcda6,J&J's,0,3,0,0,,0
2026-09-24,frosinone,de-matthaeis,1705d070-b879-45b6-9bdb-49eb42fbcda6,J&J's,0,8,0,0,,0
2026-09-25,frosinone,de-matthaeis,1705d070-b879-45b6-9bdb-49eb42fbcda6,J&J's,0,6,0,0,,0
2026-09-23,frosinone,giglio,181040ce-d557-4aec-b953-edaa2c3704c3,J&J's,0,3,0,0,,0
2026-09-24,frosinone,giglio,181040ce-d557-4aec-b953-edaa2c3704c3,J&J's,0,8,0,0,,0
2026-09-25,frosinone,giglio,181040ce-d557-4aec-b953-edaa2c3704c3,J&J's,0,6,0,0,,0
2026-09-23,frosinone,cavoni,204d95b2-97fd-4129-90d8-84e5f85ac4c4,J&J's,0,3,0,0,,0
2026-09-24,frosinone,cavoni,204d95b2-97fd-4129-90d8-84e5f85ac4c4,J&J's,0,8,0,0,,0
2026-09-25,frosinone,cavoni,204d95b2-97fd-4129-90d8-84e5f85ac4c4,J&J's,0,6,0,0,,0
2026-09-23,frosinone,,25f1279a-87d6-484d-af8d-7488629b8744,J&J's,0,3,0,0,,0
2026-09-24,frosinone,,25f1279a-87d6-484d-af8d-7488629b8744,J&J's,0,8,0,0,,0
2026-09-25,frosinone,,25f1279a-87d6-484d-af8d-7488629b8744,J&J's,0,6,0,0,,0
2026-09-23,frosinone,selva-piana,35901781-0bf8-4285-ba9c-59e42bfa4728,J&J's,0,3,0,0,,0
2026-09-24,frosinone,selva-piana,35901781-0bf8-4285-ba9c-59e42bfa4728,J&J's,0,8,0,0,,0
2026-09-25,frosinone,selva-piana,35901781-0bf8-4285-ba9c-59e42bfa4728,J&J's,0,6,0,0,,0
2026-09-23,frosinone,arce,4da55273-110e-46c8-8910-99381c979f8f,J&J's,0,3,0,0,,0
2026-09-24,frosinone,arce,4da55273-110e-46c8-8910-99381c979f8f,J&J's,0,8,0,0,,0
2026-09-25,frosinone,arce,4da55273-110e-46c8-8910-99381c979f8f,J&J's,0,6,0,0,,0
2026-09-23,frosinone,,54cc696e-d423-45e3-b4a7-ec2874dba820,J&J's,0,3,0,0,,0
2026-09-24,frosinone,,54cc696e-d423-45e3-b4a7-ec2874dba820,J&J's,0,8,0,0,,0
2026-09-25,frosinone,,54cc696e-d423-45e3-b4a7-ec2874dba820,J&J's,0,6,0,0,,0
2026-09-23,frosinone,scalo,5897074e-d60b-4d30-98db-7dc30a10c170,J&J's,0,3,0,0,,0
2026-09-24,frosinone,scalo,5897074e-d60b-4d30-98db-7dc30a10c170,J&J's,0,8,0,0,,0
2026-09-25,frosinone,scalo,5897074e-d60b-4d30-98db-7dc30a10c170,J&J's,0,6,0,0,,0
2026-09-23,frosinone,de-matthaeis,5d1051d3-6208-4bdc-a124-cd2922426cb2,J&J's,0,3,0,0,,0
2026-09-24,frosinone,de-matthaeis,5d1051d3-6208-4bdc-a124-cd2922426cb2,J&J's,0,8,0,0,,0
2026-09-25,frosinone,de-matthaeis,5d1051d3-6208-4bdc-a124-cd2922426cb2,J&J's,0,6,0,0,,0
2026-09-23,frosinone,giardino,60bab9c1-762f-45bd-8007-0f929a47ecec,J&J's,0,3,0,0,,0
2026-09-24,frosinone,giardino,60bab9c1-762f-45bd-8007-0f929a47ecec,J&J's,0,8,0,0,,0
2026-09-25,frosinone,giardino,60bab9c1-762f-45bd-8007-0f929a47ecec,J&J's,0,6,0,0,,0
2026-09-23,frosinone,ceccano,6e0734dc-e4f7-4ddd-ac87-6f2a1f46074e,J&J's,0,3,0,0,,0
2026-09-24,frosinone,ceccano,6e0734dc-e4f7-4ddd-ac87-6f2a1f46074e,J&J's,0,8,0,0,,0
2026-09-25,frosinone,ceccano,6e0734dc-e4f7-4ddd-ac87-6f2a1f46074e,J&J's,0,6,0,0,,0
2026-09-23,frosinone,veroli,74274e81-5248-4a6b-9d16-e54b4143ac59,J&J's,0,3,0,0,,0
2026-09-24,frosinone,veroli,74274e81-5248-4a6b-9d16-e54b4143ac59,J&J's,0,8,0,0,,0
2026-09-25,frosinone,veroli,74274e81-5248-4a6b-9d16-e54b4143ac59,J&J's,0,6,0,0,,0
2026-09-23,frosinone,sora,7be74a3e-5b23-431c-8ce2-0851791133ca,J&J's,0,3,0,0,,0
2026-09-24,frosinone,sora,7be74a3e-5b23-431c-8ce2-0851791133ca,J&J's,0,8,0,0,,0
2026-09-25,frosinone,sora,7be74a3e-5b23-431c-8ce2-0851791133ca,J&J's,0,6,0,0,,0
2026-09-23,frosinone,ceccano,7d44d700-83a3-4d07-a422-0a2010a4866c,J&J's,0,3,0,0,,0
2026-09-24,frosinone,ceccano,7d44d700-83a3-4d07-a422-0a2010a4866c,J&J's,0,8,0,0,,0
2026-09-25,frosinone,ceccano,7d44d700-83a3-4d07-a422-0a2010a4866c,J&J's,0,6,0,0,,0
2026-09-23,frosinone,madonna-della-neve,7dacf632-b64e-4729-a4f1-3217eebf8dc9,J&J's,0,3,0,0,,0
2026-09-24,frosinone,madonna-della-neve,7dacf632-b64e-4729-a4f1-3217eebf8dc9,J&J's,0,8,0,0,,0
2026-09-25,frosinone,madonna-della-neve,7dacf632-b64e-4729-a4f1-3217eebf8dc9,J&J's,0,6,0,0,,0
2026-09-23,frosinone,sora,81923e2c-592f-47ad-a4de-9b6912d6899e,J&J's,0,3,0,0,,0
2026-09-24,frosinone,sora,81923e2c-592f-47ad-a4de-9b6912d6899e,J&J's,0,8,0,0,,0
2026-09-25,frosinone,sora,81923e2c-592f-47ad-a4de-9b6912d6899e,J&J's,0,6,0,0,,0
2026-09-23,frosinone,sora,84302eec-7054-4593-a1f7-ef7e030ee555,J&J's,0,3,0,0,,0
2026-09-24,frosinone,sora,84302eec-7054-4593-a1f7-ef7e030ee555,J&J's,0,8,0,0,,0
2026-09-25,frosinone,sora,84302eec-7054-4593-a1f7-ef7e030ee555,J&J's,0,6,0,0,,0
2026-09-23,frosinone,ferentino,94fda04f-3dff-4d67-901a-2987b53db1a4,J&J's,0,3,0,0,,0
2026-09-24,frosinone,ferentino,94fda04f-3dff-4d67-901a-2987b53db1a4,J&J's,0,8,0,0,,0
2026-09-25,frosinone,ferentino,94fda04f-3dff-4d67-901a-2987b53db1a4,J&J's,0,6,0,0,,0
2026-09-23,frosinone,guarcino,9a6eb0f1-056b-4d36-93ee-93af5dba9fbd,J&J's,0,3,0,0,,0
2026-09-24,frosinone,guarcino,9a6eb0f1-056b-4d36-93ee-93af5dba9fbd,J&J's,0,8,0,0,,0
2026-09-25,frosinone,guarcino,9a6eb0f1-056b-4d36-93ee-93af5dba9fbd,J&J's,0,6,0,0,,0
2026-09-23,frosinone,giglio,9dce8fc5-5758-4d4c-9ab9-56b1d29b1bf9,J&J's,0,3,0,0,,0
2026-09-24,frosinone,giglio,9dce8fc5-5758-4d4c-9ab9-56b1d29b1bf9,J&J's,0,8,0,0,,0
2026-09-25,frosinone,giglio,9dce8fc5-5758-4d4c-9ab9-56b1d29b1bf9,J&J's,0,6,0,0,,0
2026-09-23,frosinone,ferentino,aab0ea4e-8201-4322-aab4-f49ed04aac21,J&J's,0,3,0,0,,0
2026-09-24,frosinone,ferentino,aab0ea4e-8201-4322-aab4-f49ed04aac21,J&J's,0,8,0,0,,0
2026-09-25,frosinone,ferentino,aab0ea4e-8201-4322-aab4-f49ed04aac21,J&J's,0,6,0,0,,0
2026-09-23,frosinone,san-giuseppe-le-prata-cotropagno,adbe2d83-60f0-45cc-83b5-5667799d9610,J&J's,0,3,0,0,,0
2026-09-24,frosinone,san-giuseppe-le-prata-cotropagno,adbe2d83-60f0-45cc-83b5-5667799d9610,J&J's,0,8,0,0,,0
2026-09-25,frosinone,san-giuseppe-le-prata-cotropagno,adbe2d83-60f0-45cc-83b5-5667799d9610,J&J's,0,6,0,0,,0
2026-09-23,frosinone,giardino,b2c147d3-e86d-4cbc-bd3c-f6bf98dfc304,J&J's,0,3,0,0,,0
2026-09-24,frosinone,giardino,b2c147d3-e86d-4cbc-bd3c-f6bf98dfc304,J&J's,0,8,0,0,,0
2026-09-25,frosinone,giardino,b2c147d3-e86d-4cbc-bd3c-f6bf98dfc304,J&J's,0,6,0,0,,0
2026-09-23,frosinone,pofi,b95ad46f-69b1-42e6-81ce-87e93f04e44d,J&J's,0,3,0,0,,0
2026-09-24,frosinone,pofi,b95ad46f-69b1-42e6-81ce-87e93f04e44d,J&J's,0,8,0,0,,0
2026-09-25,frosinone,pofi,b95ad46f-69b1-42e6-81ce-87e93f04e44d,J&J's,0,6,0,0,,0
2026-09-23,frosinone,sora,bd46a11c-82c1-46d5-bc8b-4d8dd8a30851,J&J's,0,3,0,0,,0
2026-09-24,frosinone,sora,bd46a11c-82c1-46d5-bc8b-4d8dd8a30851,J&J's,0,8,0,0,,0
2026-09-25,frosinone,sora,bd46a11c-82c1-46d5-bc8b-4d8dd8a30851,J&J's,0,6,0,0,,0
2026-09-23,frosinone,ceccano,c9c7acf2-315e-44d0-8e13-5b63fa099734,J&J's,0,3,0,0,,0
2026-09-24,frosinone,ceccano,c9c7acf2-315e-44d0-8e13-5b63fa099734,J&J's,0,8,0,0,,0
2026-09-25,frosinone,ceccano,c9c7acf2-315e-44d0-8e13-5b63fa099734,J&J's,0,6,0,0,,0
2026-09-23,frosinone,giardino,d20b6c95-c1e6-4fba-88fb-e11868303d1a,J&J's,0,3,0,0,,0
2026-09-24,frosinone,giardino,d20b6c95-c1e6-4fba-88fb-e11868303d1a,J&J's,0,8,0,0,,0
2026-09-25,frosinone,giardino,d20b6c95-c1e6-4fba-88fb-e11868303d1a,J&J's,0,6,0,0,,0
2026-09-23,frosinone,cavoni,e17b038b-5457-43f0-a742-49a9db5552ff,J&J's,0,3,0,0,,0
2026-09-24,frosinone,cavoni,e17b038b-5457-43f0-a742-49a9db5552ff,J&J's,0,8,0,0,,0
2026-09-25,frosinone,cavoni,e17b038b-5457-43f0-a742-49a9db5552ff,J&J's,0,6,0,0,,0
2026-09-23,frosinone,san-giuseppe-le-prata-cotropagno,e42091c4-bda5-400d-8a75-a1ae1f7124d9,J&J's,0,3,0,0,,0
2026-09-24,frosinone,san-giuseppe-le-prata-cotropagno,e42091c4-bda5-400d-8a75-a1ae1f7124d9,J&J's,0,8,0,0,,0
2026-09-25,frosinone,san-giuseppe-le-prata-cotropagno,e42091c4-bda5-400d-8a75-a1ae1f7124d9,J&J's,0,6,0,0,,0
2026-09-23,frosinone,trivigliano,e4886c55-3964-4812-aedd-0b30dafb0174,J&J's,0,3,0,0,,0
2026-09-24,frosinone,trivigliano,e4886c55-3964-4812-aedd-0b30dafb0174,J&J's,0,8,0,0,,0
2026-09-25,frosinone,trivigliano,e4886c55-3964-4812-aedd-0b30dafb0174,J&J's,0,6,0,0,,0
2026-09-23,frosinone,arpino,e5355632-7f58-41f8-8639-d6e1f37ac2dc,J&J's,0,3,0,0,,0
2026-09-24,frosinone,arpino,e5355632-7f58-41f8-8639-d6e1f37ac2dc,J&J's,0,8,0,0,,0
2026-09-25,frosinone,arpino,e5355632-7f58-41f8-8639-d6e1f37ac2dc,J&J's,0,6,0,0,,0
2026-09-23,frosinone,selva-piana,e9409054-258e-4f56-845b-44cf6dd978d4,J&J's,0,3,0,0,,0
2026-09-24,frosinone,selva-piana,e9409054-258e-4f56-845b-44cf6dd978d4,J&J's,0,8,0,0,,0
2026-09-25,frosinone,selva-piana,e9409054-258e-4f56-845b-44cf6dd978d4,J&J's,0,6,0,0,,0
2026-09-23,frosinone,ferentino,ec6b2ebc-d4e2-4166-aa21-1d61aa34ff8b,J&J's,0,3,0,0,,0
2026-09-24,frosinone,ferentino,ec6b2ebc-d4e2-4166-aa21-1d61aa34ff8b,J&J's,0,8,0,0,,0
2026-09-25,frosinone,ferentino,ec6b2ebc-d4e2-4166-aa21-1d61aa34ff8b,J&J's,0,6,0,0,,0
2026-09-23,frosinone,ceprano,edbae071-25b0-4f3f-bb90-1577a0b10612,J&J's,0,3,0,0,,0
2026-09-24,frosinone,ceprano,edbae071-25b0-4f3f-bb90-1577a0b10612,J&J's,0,8,0,0,,0
2026-09-25,frosinone,ceprano,edbae071-25b0-4f3f-bb90-1577a0b10612,J&J's,0,6,0,0,,0
2026-09-23,frosinone,boville-ernica,ef0b86a9-4a2c-4b72-9cb1-2015b6a5f8f9,J&J's,0,3,0,0,,0
2026-09-24,frosinone,boville-ernica,ef0b86a9-4a2c-4b72-9cb1-2015b6a5f8f9,J&J's,0,8,0,0,,0
2026-09-25,frosinone,boville-ernica,ef0b86a9-4a2c-4b72-9cb1-2015b6a5f8f9,J&J's,0,6,0,0,,0
2026-09-23,frosinone,anagni,f4c3e52b-a538-4cac-a695-c52f3b704ad8,J&J's,0,3,0,0,,0
2026-09-24,frosinone,anagni,f4c3e52b-a538-4cac-a695-c52f3b704ad8,J&J's,0,8,0,0,,0
2026-09-25,frosinone,anagni,f4c3e52b-a538-4cac-a695-c52f3b704ad8,J&J's,0,6,0,0,,0
2026-09-23,frosinone,reggimento,f57ff92a-c5cb-473c-9e27-243663f02848,J&J's,0,3,0,0,,0
2026-09-24,frosinone,reggimento,f57ff92a-c5cb-473c-9e27-243663f02848,J&J's,0,8,0,0,,0
2026-09-25,frosinone,reggimento,f57ff92a-c5cb-473c-9e27-243663f02848,J&J's,0,6,0,0,,0
2026-09-23,frosinone,ferentino,f5cea09a-8696-4337-a1cc-3381ffafbf51,J&J's,0,3,0,0,,0
2026-09-24,frosinone,ferentino,f5cea09a-8696-4337-a1cc-3381ffafbf51,J&J's,0,8,0,0,,0
2026-09-25,frosinone,ferentino,f5cea09a-8696-4337-a1cc-3381ffafbf51,J&J's,0,6,0,0,,0
2026-09-23,frosinone,isola-del-liri,f9c86a48-18fc-4527-8114-42336e346951,J&J's,0,3,0,0,,0
2026-09-24,frosinone,isola-del-liri,f9c86a48-18fc-4527-8114-42336e346951,J&J's,0,8,0,0,,0
2026-09-25,frosinone,isola-del-liri,f9c86a48-18fc-4527-8114-42336e346951,J&J's,0,6,0,0,,0
2026-09-23,frosinone,casamari,fa51b87a-f5f4-4fc5-b678-32fc95e5f469,J&J's,0,3,0,0,,0
2026-09-24,frosinone,casamari,fa51b87a-f5f4-4fc5-b678-32fc95e5f469,J&J's,0,8,0,0,,0
2026-09-25,frosinone,casamari,fa51b87a-f5f4-4fc5-b678-32fc95e5f469,J&J's,0,6,0,0,,0
2026-09-23,genoa,brignole,019cc994-1620-45ae-988b-a505861e5e1c,J&J's,50,3,18,18,36.0,18
2026-09-24,genoa,brignole,019cc994-1620-45ae-988b-a505861e5e1c,J&J's,50,8,20,20,40.0,20
2026-09-25,genoa,brignole,019cc994-1620-45ae-988b-a505861e5e1c,J&J's,50,6,21,18,42.0,21
2026-09-23,genoa,chiappeto,052e12cb-ad77-4b93-89df-3df88979a65a,J&J's,0,3,0,0,,0
2026-09-24,genoa,chiappeto,052e12cb-ad77-4b93-89df-3df88979a65a,J&J's,0,8,0,0,,0
2026-09-25,genoa,chiappeto,052e12cb-ad77-4b93-89df-3df88979a65a,J&J's,0,6,0,0,,0
2026-09-23,genoa,sestri-ponente,0ba2f978-a93d-4e25-9a9d-a1821eceef94,J&J's,0,3,0,0,,0
2026-09-24,genoa,sestri-ponente,0ba2f978-a93d-4e25-9a9d-a1821eceef94,J&J's,0,8,0,0,,0
2026-09-25,genoa,sestri-ponente,0ba2f978-a93d-4e25-9a9d-a1821eceef94,J&J's,0,6,0,0,,0
2026-09-23,genoa,marina,146249d3-dc3d-40ce-b3d9-807cbf423efc,J&J's,0,3,0,0,,0
2026-09-24,genoa,marina,146249d3-dc3d-40ce-b3d9-807cbf423efc,J&J's,0,8,0,0,,0
2026-09-25,genoa,marina,146249d3-dc3d-40ce-b3d9-807cbf423efc,J&J's,0,6,0,0,,0
2026-09-23,genoa,san-fruttuoso,21954e3f-20be-474a-b1ed-d47cc042fef2,J&J's,0,3,0,0,,0
2026-09-24,genoa,san-fruttuoso,21954e3f-20be-474a-b1ed-d47cc042fef2,J&J's,0,8,0,0,,0
2026-09-25,genoa,san-fruttuoso,21954e3f-20be-474a-b1ed-d47cc042fef2,J&J's,0,6,0,0,,0
2026-09-23,genoa,marina,2cf813d8-26bb-4fba-a974-17a9079395b9,J&J's,0,3,0,0,,0
2026-09-24,genoa,marina,2cf813d8-26bb-4fba-a974-17a9079395b9,J&J's,0,8,0,0,,0
2026-09-25,genoa,marina,2cf813d8-26bb-4fba-a974-17a9079395b9,J&J's,0,6,0,0,,0
2026-09-23,genoa,prione,3034b9a5-4149-4279-be0a-57fb8b4ea9c6,J&J's,0,3,0,0,,0
2026-09-24,genoa,prione,3034b9a5-4149-4279-be0a-57fb8b4ea9c6,J&J's,0,8,0,0,,0
2026-09-25,genoa,prione,3034b9a5-4149-4279-be0a-57fb8b4ea9c6,J&J's,0,6,0,0,,0
2026-09-23,genoa,brignole,3893da95-268a-418e-bca4-473704e648d9,J&J's,0,3,0,0,,0
2026-09-24,genoa,brignole,3893da95-268a-418e-bca4-473704e648d9,J&J's,0,8,0,0,,0
2026-09-25,genoa,brignole,3893da95-268a-418e-bca4-473704e648d9,J&J's,0,6,0,0,,0
2026-09-23,genoa,rosata,3959b292-10a8-4f2e-a89a-13bf33843208,J&J's,0,3,0,0,,0
2026-09-24,genoa,rosata,3959b292-10a8-4f2e-a89a-13bf33843208,J&J's,0,8,0,0,,0
2026-09-25,genoa,rosata,3959b292-10a8-4f2e-a89a-13bf33843208,J&J's,0,6,0,0,,0
2026-09-23,genoa,piazza-principe,3c50d17b-f69e-4e58-8f59-24e66721135f,J&J's,0,3,28,28,,28
2026-09-24,genoa,piazza-principe,3c50d17b-f69e-4e58-8f59-24e66721135f,J&J's,0,8,28,25,,29
2026-09-25,genoa,piazza-principe,3c50d17b-f69e-4e58-8f59-24e66721135f,J&J's,0,6,25,22,,25
2026-09-23,genoa,piazza-de-ferrari,5568291f-2efa-4884-b9f0-fda76c00d3fd,J&J's,6,3,0,0,0.0,0
2026-09-24,genoa,piazza-de-ferrari,5568291f-2efa-4884-b9f0-fda76c00d3fd,J&J's,6,8,0,0,0.0,0
2026-09-25,genoa,piazza-de-ferrari,5568291f-2efa-4884-b9f0-fda76c00d3fd,J&J's,6,6,0,0,0.0,0
2026-09-23,genoa,genoa-port,77f225ce-812e-4ac4-89bb-e9f92cce372b,J&J's,0,3,2,2,,2
2026-09-24,genoa,genoa-port,77f225ce-812e-4ac4-89bb-e9f92cce372b,J&J's,0,8,2,2,,2
2026-09-25,genoa,genoa-port,77f225ce-812e-4ac4-89bb-e9f92cce372b,J&J's,0,6,3,3,,3
2026-09-23,genoa,aquarium-genoa,817ec764-4a3e-4bb4-b796-945aa305a447,J&J's,0,3,0,0,,0
2026-09-24,genoa,aquarium-genoa,817ec764-4a3e-4bb4-b796-945aa305a447,J&J's,0,8,0,0,,0
2026-09-25,genoa,aquarium-genoa,817ec764-4a3e-4bb4-b796-945aa305a447,J&J's,0,6,0,0,,0
2026-09-23,genoa,borgoratti,84b0ca12-cf4c-42b9-b715-874464e63396,J&J's,0,3,0,0,,0
2026-09-24,genoa,borgoratti,84b0ca12-cf4c-42b9-b715-874464e63396,J&J's,0,8,0,0,,0
2026-09-25,genoa,borgoratti,84b0ca12-cf4c-42b9-b715-874464e63396,J&J's,0,6,0,0,,0
2026-09-23,genoa,piazza-de-ferrari,8d92763d-c8be-462f-b682-ab5b4277a7b9,J&J's,0,3,5,5,,5
2026-09-24,genoa,piazza-de-ferrari,8d92763d-c8be-462f-b682-ab5b4277a7b9,J&J's,0,8,5,5,,5
2026-09-25,genoa,piazza-de-ferrari,8d92763d-c8be-462f-b682-ab5b4277a7b9,J&J's,0,6,5,4,,5
2026-09-23,genoa,brignole,97b73678-acbb-4352-9c4d-094d0ab82fc9,J&J's,15,3,0,0,0.0,0
2026-09-24,genoa,brignole,97b73678-acbb-4352-9c4d-094d0ab82fc9,J&J's,15,8,0,0,0.0,0
2026-09-25,genoa,brignole,97b73678-acbb-4352-9c4d-094d0ab82fc9,J&J's,15,6,0,0,0.0,0
2026-09-23,genoa,piazza-principe,a36d1a04-5a60-46bd-93e8-ab2a51845c3b,J&J's,0,3,1,1,,1
2026-09-24,genoa,piazza-principe,a36d1a04-5a60-46bd-93e8-ab2a51845c3b,J&J's,0,8,1,1,,1
2026-09-25,genoa,piazza-principe,a36d1a04-5a60-46bd-93e8-ab2a51845c3b,J&J's,0,6,1,1,,1
2026-09-23,genoa,sampierdarena,a3a93ac3-5ad9-4e61-829d-2ab86ae07e82,J&J's,0,3,0,0,,0
2026-09-24,genoa,sampierdarena,a3a93ac3-5ad9-4e61-829d-2ab86ae07e82,J&J's,0,8,0,0,,0
2026-09-25,genoa,sampierdarena,a3a93ac3-5ad9-4e61-829d-2ab86ae07e82,J&J's,0,6,0,0,,0
2026-09-23,genoa,brignole,a58c0cd0-dda4-4edc-82b0-c16a21af762f,J&J's,0,3,0,0,,0
2026-09-24,genoa,brignole,a58c0cd0-dda4-4edc-82b0-c16a21af762f,J&J's,0,8,0,0,,0
2026-09-25,genoa,brignole,a58c0cd0-dda4-4edc-82b0-c16a21af762f,J&J's,0,6,0,0,,0
2026-09-23,genoa,piazza-corvetto-piazza-de-ferrari,a7667aa5-1f95-495d-853e-db2d907bd220,J&J's,100,3,1,1,1.0,1
2026-09-24,genoa,piazza-corvetto-piazza-de-ferrari,a7667aa5-1f95-495d-853e-db2d907bd220,J&J's,100,8,1,1,1.0,1
2026-09-25,genoa,piazza-corvetto-piazza-de-ferrari,a7667aa5-1f95-495d-853e-db2d907bd220,J&J's,100,6,1,1,1.0,1
2026-09-23,genoa,brignole,a9b883f2-ff2e-4acc-8c0c-65a9d8b86d5d,J&J's,5,3,0,0,0.0,0
2026-09-24,genoa,brignole,a9b883f2-ff2e-4acc-8c0c-65a9d8b86d5d,J&J's,5,8,0,0,0.0,0
2026-09-25,genoa,brignole,a9b883f2-ff2e-4acc-8c0c-65a9d8b86d5d,J&J's,5,6,0,0,0.0,0
2026-09-23,genoa,busalla,aa61756d-50c8-49f2-b04e-f82efdc09846,J&J's,0,3,0,0,,0
2026-09-24,genoa,busalla,aa61756d-50c8-49f2-b04e-f82efdc09846,J&J's,0,8,0,0,,0
2026-09-25,genoa,busalla,aa61756d-50c8-49f2-b04e-f82efdc09846,J&J's,0,6,0,0,,0
2026-09-23,genoa,maddalena,b20fe49a-ea60-4ca0-aa9c-f3c70a22d55f,J&J's,0,3,1,1,,1
2026-09-24,genoa,maddalena,b20fe49a-ea60-4ca0-aa9c-f3c70a22d55f,J&J's,0,8,2,2,,2
2026-09-25,genoa,maddalena,b20fe49a-ea60-4ca0-aa9c-f3c70a22d55f,J&J's,0,6,2,1,,2
2026-09-23,genoa,brignole,b6acc587-3099-43ea-8075-05eae662ab52,J&J's,0,3,1,1,,1
2026-09-24,genoa,brignole,b6acc587-3099-43ea-8075-05eae662ab52,J&J's,0,8,1,1,,1
2026-09-25,genoa,brignole,b6acc587-3099-43ea-8075-05eae662ab52,J&J's,0,6,2,2,,2
2026-09-23,genoa,piazza-principe,b7541cfc-22b8-474f-b087-cdcd0169c14f,J&J's,0,3,5,5,,5
2026-09-24,genoa,piazza-principe,b7541cfc-22b8-474f-b087-cdcd0169c14f,J&J's,0,8,5,3,,5
2026-09-25,genoa,piazza-principe,b7541cfc-22b8-474f-b087-cdcd0169c14f,J&J's,0,6,4,4,,4
2026-09-23,genoa,nervi,b925f9f6-d7e1-43f0-8892-9050bda3cfc9,J&J's,0,3,0,0,,0
2026-09-24,genoa,nervi,b925f9f6-d7e1-43f0-8892-9050bda3cfc9,J&J's,0,8,0,0,,0
2026-09-25,genoa,nervi,b925f9f6-d7e1-43f0-8892-9050bda3cfc9,J&J's,0,6,0,0,,0
2026-09-23,genoa,marassi,bd15a020-6de3-4b11-8979-7cac58e96341,J&J's,0,3,0,0,,0
2026-09-24,genoa,marassi,bd15a020-6de3-4b11-8979-7cac58e96341,J&J's,0,8,0,0,,0
2026-09-25,genoa,marassi,bd15a020-6de3-4b11-8979-7cac58e96341,J&J's,0,6,0,0,,0
2026-09-23,genoa,brignole,c3584c20-7662-4293-ae24-3ced5ef0e602,J&J's,0,3,0,0,,0
2026-09-24,genoa,brignole,c3584c20-7662-4293-ae24-3ced5ef0e602,J&J's,0,8,0,0,,0
2026-09-25,genoa,brignole,c3584c20-7662-4293-ae24-3ced5ef0e602,J&J's,0,6,0,0,,0
2026-09-23,genoa,piazza-principe,d08c2404-4c7c-49c7-ae36-050ea2041bd2,J&J's,0,3,0,0,,0
2026-09-24,genoa,piazza-principe,d08c2404-4c7c-49c7-ae36-050ea2041bd2,J&J's,0,8,0,0,,0
2026-09-25,genoa,piazza-principe,d08c2404-4c7c-49c7-ae36-050ea2041bd2,J&J's,0,6,0,0,,0
2026-09-23,genoa,genoa-port,d1189ae3-a61c-456a-874d-2260fe476548,J&J's,0,3,1,1,,1
2026-09-24,genoa,genoa-port,d1189ae3-a61c-456a-874d-2260fe476548,J&J's,0,8,1,1,,1
2026-09-25,genoa,genoa-port,d1189ae3-a61c-456a-874d-2260fe476548,J&J's,0,6,1,1,,1
2026-09-23,genoa,orefici,d6dd83f0-9709-46b6-b91d-6b4848649188,J&J's,10,3,1,1,10.0,1
2026-09-24,genoa,orefici,d6dd83f0-9709-46b6-b91d-6b4848649188,J&J's,10,8,1,1,10.0,1
2026-09-25,genoa,orefici,d6dd83f0-9709-46b6-b91d-6b4848649188,J&J's,10,6,1,1,10.0,1
2026-09-23,genoa,marina,e1b8e549-803b-40cf-997b-25f13d346e36,J&J's,0,3,0,0,,0
2026-09-24,genoa,marina,e1b8e549-803b-40cf-997b-25f13d346e36,J&J's,0,8,0,0,,0
2026-09-25,genoa,marina,e1b8e549-803b-40cf-997b-25f13d346e36,J&J's,0,6,0,0,,0
2026-09-23,genoa,orefici,e37c97e4-ab30-4198-833d-e5c7d3411b3c,J&J's,50,3,1,1,2.0,1
2026-09-24,genoa,orefici,e37c97e4-ab30-4198-833d-e5c7d3411b3c,J&J's,50,8,2,2,4.0,2
2026-09-25,genoa,orefici,e37c97e4-ab30-4198-833d-e5c7d3411b3c,J&J's,50,6,2,2,4.0,2
2026-09-23,genoa,piazza-corvetto-piazza-de-ferrari,e641ad03-4421-4976-8f73-3fc46f45c6ba,J&J's,20,3,6,6,30.0,6
2026-09-24,genoa,piazza-corvetto-piazza-de-ferrari,e641ad03-4421-4976-8f73-3fc46f45c6ba,J&J's,20,8,6,6,30.0,6
2026-09-25,genoa,piazza-corvetto-piazza-de-ferrari,e641ad03-4421-4976-8f73-3fc46f45c6ba,J&J's,20,6,6,6,30.0,6
2026-09-23,genoa,maddalena,ed192c14-2524-497b-a93b-13b3cfa87b59,J&J's,0,3,1,1,,1
2026-09-24,genoa,maddalena,ed192c14-2524-497b-a93b-13b3cfa87b59,J&J's,0,8,1,1,,1
2026-09-25,genoa,maddalena,ed192c14-2524-497b-a93b-13b3cfa87b59,J&J's,0,6,1,0,,1
2026-09-23,genoa,villini-vecchi,eeba54d7-debf-4516-9ff5-461e3bdc662f,J&J's,0,3,0,0,,0
2026-09-24,genoa,villini-vecchi,eeba54d7-debf-4516-9ff5-461e3bdc662f,J&J's,0,8,0,0,,0
2026-09-25,genoa,villini-vecchi,eeba54d7-debf-4516-9ff5-461e3bdc662f,J&J's,0,6,0,0,,0
2026-09-23,genoa,aquarium-genoa,ffd352b2-7aa2-4ced-8d2c-4708d67a2c94,J&J's,0,3,3,3,,3
2026-09-24,genoa,aquarium-genoa,ffd352b2-7aa2-4ced-8d2c-4708d67a2c94,J&J's,0,8,3,3,,3
2026-09-25,genoa,aquarium-genoa,ffd352b2-7aa2-4ced-8d2c-4708d67a2c94,J&J's,0,6,3,2,,3
2026-09-23,isernia,isernia,1e97e1e3-644b-4e6a-8964-6c2ddfbbbe25,J&J's,0,3,0,0,,0
2026-09-24,isernia,isernia,1e97e1e3-644b-4e6a-8964-6c2ddfbbbe25,J&J's,0,8,0,0,,0
2026-09-25,isernia,isernia,1e97e1e3-644b-4e6a-8964-6c2ddfbbbe25,J&J's,0,6,0,0,,0
2026-09-23,isernia,pentri,6d6c926c-2fe7-4ed5-860e-d8145f5ef8e8,J&J's,30,3,0,0,0.0,0
2026-09-24,isernia,pentri,6d6c926c-2fe7-4ed5-860e-d8145f5ef8e8,J&J's,30,8,0,0,0.0,0
2026-09-25,isernia,pentri,6d6c926c-2fe7-4ed5-860e-d8145f5ef8e8,J&J's,30,6,0,0,0.0,0
2026-09-23,isernia,isernia-centro,b1de1f35-06e7-4a0b-ba52-7f05a2acb558,J&J's,0,3,0,0,,0
2026-09-24,isernia,isernia-centro,b1de1f35-06e7-4a0b-ba52-7f05a2acb558,J&J's,0,8,0,0,,0
2026-09-25,isernia,isernia-centro,b1de1f35-06e7-4a0b-ba52-7f05a2acb558,J&J's,0,6,0,0,,0
2026-09-23,isernia,isernia-centro,d2c3d163-7e7c-458e-9064-3940a035b7b6,J&J's,0,3,0,0,,0
2026-09-24,isernia,isernia-centro,d2c3d163-7e7c-458e-9064-3940a035b7b6,J&J's,0,8,0,0,,0
2026-09-25,isernia,isernia-centro,d2c3d163-7e7c-458e-9064-3940a035b7b6,J&J's,0,6,0,0,,0
2026-09-23,la-spezia,la-spezia-centrale,11193b68-dbf5-4414-b334-9b046abbe1e5,J&J's,11,3,5,5,45.5,5
2026-09-24,la-spezia,la-spezia-centrale,11193b68-dbf5-4414-b334-9b046abbe1e5,J&J's,11,8,6,6,54.5,6
2026-09-25,la-spezia,la-spezia-centrale,11193b68-dbf5-4414-b334-9b046abbe1e5,J&J's,11,6,6,6,54.5,7
2026-09-23,la-spezia,la-spezia-centrale,207ee74c-fb08-4f49-ad06-b3feacac0731,J&J's,0,3,0,0,,0
2026-09-24,la-spezia,la-spezia-centrale,207ee74c-fb08-4f49-ad06-b3feacac0731,J&J's,0,8,0,0,,0
2026-09-25,la-spezia,la-spezia-centrale,207ee74c-fb08-4f49-ad06-b3feacac0731,J&J's,0,6,0,0,,0
2026-09-23,la-spezia,montepertico,20a5cbca-bcac-4dc4-a538-f66a766d4328,J&J's,0,3,0,0,,0
2026-09-24,la-spezia,montepertico,20a5cbca-bcac-4dc4-a538-f66a766d4328,J&J's,0,8,0,0,,0
2026-09-25,la-spezia,montepertico,20a5cbca-bcac-4dc4-a538-f66a766d4328,J&J's,0,6,0,0,,0
2026-09-23,la-spezia,la-spezia-centrale,240084c4-09a8-4a11-b1a8-e13bdbc3e830,J&J's,0,3,10,9,,10
2026-09-24,la-spezia,la-spezia-centrale,240084c4-09a8-4a11-b1a8-e13bdbc3e830,J&J's,0,8,11,10,,11
2026-09-25,la-spezia,la-spezia-centrale,240084c4-09a8-4a11-b1a8-e13bdbc3e830,J&J's,0,6,10,9,,10
2026-09-23,la-spezia,la-spezia-centrale,2fe1075e-eeee-4096-af57-99bdf2644984,J&J's,0,3,0,0,,0
2026-09-24,la-spezia,la-spezia-centrale,2fe1075e-eeee-4096-af57-99bdf2644984,J&J's,0,8,0,0,,0
2026-09-25,la-spezia,la-spezia-centrale,2fe1075e-eeee-4096-af57-99bdf2644984,J&J's,0,6,0,0,,0
2026-09-23,la-spezia,la-spezia-centrale,32816541-31a7-4f37-a86c-5b1bc2afa557,J&J's,0,3,3,3,,3
2026-09-24,la-spezia,la-spezia-centrale,32816541-31a7-4f37-a86c-5b1bc2afa557,J&J's,0,8,3,1,,3
2026-09-25,la-spezia,la-spezia-centrale,32816541-31a7-4f37-a86c-5b1bc2afa557,J&J's,0,6,2,2,,2
2026-09-23,la-spezia,la-spezia-centrale,331da1af-0e22-4698-83d7-8a6d2c00dded,J&J's,25,3,10,10,40.0,10
2026-09-24,la-spezia,la-spezia-centrale,331da1af-0e22-4698-83d7-8a6d2c00dded,J&J's,25,8,10,10,40.0,11
2026-09-25,la-spezia,la-spezia-centrale,331da1af-0e22-4698-83d7-8a6d2c00dded,J&J's,25,6,10,10,40.0,10
2026-09-23,la-spezia,porta-rocca,36189a3f-5e25-4846-8723-81ac3fc90c44,J&J's,0,3,0,0,,0
2026-09-24,la-spezia,porta-rocca,36189a3f-5e25-4846-8723-81ac3fc90c44,J&J's,0,8,0,0,,0
2026-09-25,la-spezia,porta-rocca,36189a3f-5e25-4846-8723-81ac3fc90c44,J&J's,0,6,0,0,,0
2026-09-23,la-spezia,la-spezia-centrale,765d1b1e-2d4d-49d3-875e-56207d28a73d,J&J's,30,3,1,1,3.3,1
2026-09-24,la-spezia,la-spezia-centrale,765d1b1e-2d4d-49d3-875e-56207d28a73d,J&J's,30,8,1,1,3.3,1
2026-09-25,la-spezia,la-spezia-centrale,765d1b1e-2d4d-49d3-875e-56207d28a73d,J&J's,30,6,2,1,6.7,2
2026-09-23,la-spezia,porta-rocca,83c98128-a798-4d9c-892e-4e3b743ee753,J&J's,0,3,0,0,,0
2026-09-24,la-spezia,porta-rocca,83c98128-a798-4d9c-892e-4e3b743ee753,J&J's,0,8,0,0,,0
2026-09-25,la-spezia,porta-rocca,83c98128-a798-4d9c-892e-4e3b743ee753,J&J's,0,6,0,0,,0
2026-09-23,la-spezia,migliarina,902617a7-70cb-4910-aa45-f442b178f176,J&J's,0,3,1,1,,1
2026-09-24,la-spezia,migliarina,902617a7-70cb-4910-aa45-f442b178f176,J&J's,0,8,1,1,,1
2026-09-25,la-spezia,migliarina,902617a7-70cb-4910-aa45-f442b178f176,J&J's,0,6,1,1,,1
2026-09-23,la-spezia,la-spezia-centrale,b25cdd63-9947-4689-b6ca-1921ddb6f2ff,J&J's,15,3,8,8,53.3,8
2026-09-24,la-spezia,la-spezia-centrale,b25cdd63-9947-4689-b6ca-1921ddb6f2ff,J&J's,15,8,9,9,60.0,9
2026-09-25,la-spezia,la-spezia-centrale,b25cdd63-9947-4689-b6ca-1921ddb6f2ff,J&J's,15,6,9,8,60.0,9
2026-09-23,la-spezia,la-spezia-centrale,bc308f75-d30e-4f17-be84-016006ef66f3,J&J's,0,3,11,11,,11
2026-09-24,la-spezia,la-spezia-centrale,bc308f75-d30e-4f17-be84-016006ef66f3,J&J's,0,8,13,12,,13
2026-09-25,la-spezia,la-spezia-centrale,bc308f75-d30e-4f17-be84-016006ef66f3,J&J's,0,6,12,12,,12
2026-09-23,la-spezia,migliarina,c00e8b15-9281-4c17-921b-4384dda662a4,J&J's,0,3,0,0,,0
2026-09-24,la-spezia,migliarina,c00e8b15-9281-4c17-921b-4384dda662a4,J&J's,0,8,0,0,,0
2026-09-25,la-spezia,migliarina,c00e8b15-9281-4c17-921b-4384dda662a4,J&J's,0,6,0,0,,0
2026-09-23,laquila,quarto-di-santa-maria,2ee2698f-0f7d-4988-acd7-e9e1962afb73,J&J's,0,3,0,0,,0
2026-09-24,laquila,quarto-di-santa-maria,2ee2698f-0f7d-4988-acd7-e9e1962afb73,J&J's,0,8,0,0,,0
2026-09-25,laquila,quarto-di-santa-maria,2ee2698f-0f7d-4988-acd7-e9e1962afb73,J&J's,0,6,0,0,,0
2026-09-23,laquila,quarto-di-san-giovanni,4201fdb9-966a-420a-8361-4834e3c31d03,J&J's,0,3,0,0,,0
2026-09-24,laquila,quarto-di-san-giovanni,4201fdb9-966a-420a-8361-4834e3c31d03,J&J's,0,8,0,0,,0
2026-09-25,laquila,quarto-di-san-giovanni,4201fdb9-966a-420a-8361-4834e3c31d03,J&J's,0,6,0,0,,0
2026-09-23,laquila,pile,667e44ba-3f88-417f-a29c-ce137fac7cf9,J&J's,0,3,0,0,,0
2026-09-24,laquila,pile,667e44ba-3f88-417f-a29c-ce137fac7cf9,J&J's,0,8,0,0,,0
2026-09-25,laquila,pile,667e44ba-3f88-417f-a29c-ce137fac7cf9,J&J's,0,6,0,0,,0
2026-09-23,laquila,contrada-vetoio,6faf1247-6d00-48b0-936c-23ebdd1ecf2d,J&J's,0,3,0,0,,0
2026-09-24,laquila,contrada-vetoio,6faf1247-6d00-48b0-936c-23ebdd1ecf2d,J&J's,0,8,0,0,,0
2026-09-25,laquila,contrada-vetoio,6faf1247-6d00-48b0-936c-23ebdd1ecf2d,J&J's,0,6,0,0,,0
2026-09-23,laquila,quarto-di-san-giovanni,7949164e-57c0-4dea-aef8-0bfa7abe5833,J&J's,0,3,0,0,,0
2026-09-24,laquila,quarto-di-san-giovanni,7949164e-57c0-4dea-aef8-0bfa7abe5833,J&J's,0,8,0,0,,0
2026-09-25,laquila,quarto-di-san-giovanni,7949164e-57c0-4dea-aef8-0bfa7abe5833,J&J's,0,6,0,0,,0
2026-09-23,laquila,onna,a2db16b2-cf21-4dd6-a807-8d69d42dbf69,J&J's,0,3,0,0,,0
2026-09-24,laquila,onna,a2db16b2-cf21-4dd6-a807-8d69d42dbf69,J&J's,0,8,0,0,,0
2026-09-25,laquila,onna,a2db16b2-cf21-4dd6-a807-8d69d42dbf69,J&J's,0,6,0,0,,0
2026-09-23,laquila,paganica,a533914d-b6f5-4b36-9f18-3d12c929c65f,J&J's,0,3,0,0,,0
2026-09-24,laquila,paganica,a533914d-b6f5-4b36-9f18-3d12c929c65f,J&J's,0,8,0,0,,0
2026-09-25,laquila,paganica,a533914d-b6f5-4b36-9f18-3d12c929c65f,J&J's,0,6,0,0,,0
2026-09-23,laquila,barisciano,d3299a90-3034-433e-aea1-a5f6a24129a7,J&J's,0,3,0,0,,0
2026-09-24,laquila,barisciano,d3299a90-3034-433e-aea1-a5f6a24129a7,J&J's,0,8,0,0,,0
2026-09-25,laquila,barisciano,d3299a90-3034-433e-aea1-a5f6a24129a7,J&J's,0,6,0,0,,0
2026-09-23,latina,sezze,008b50fd-1e9e-4734-8a6a-6b3e0e796e73,J&J's,0,3,0,0,,0
2026-09-24,latina,sezze,008b50fd-1e9e-4734-8a6a-6b3e0e796e73,J&J's,0,8,0,0,,0
2026-09-25,latina,sezze,008b50fd-1e9e-4734-8a6a-6b3e0e796e73,J&J's,0,6,0,0,,0
2026-09-23,latina,nicolosi,07cb8dbc-fbbb-47fb-b48a-4e53f6780b52,J&J's,0,3,0,0,,0
2026-09-24,latina,nicolosi,07cb8dbc-fbbb-47fb-b48a-4e53f6780b52,J&J's,0,8,0,0,,0
2026-09-25,latina,nicolosi,07cb8dbc-fbbb-47fb-b48a-4e53f6780b52,J&J's,0,6,0,0,,0
2026-09-23,latina,piccarello,0981ec83-705f-4dbc-ab57-2e796175e71b,J&J's,0,3,0,0,,0
2026-09-24,latina,piccarello,0981ec83-705f-4dbc-ab57-2e796175e71b,J&J's,0,8,0,0,,0
2026-09-25,latina,piccarello,0981ec83-705f-4dbc-ab57-2e796175e71b,J&J's,0,6,0,0,,0
2026-09-23,latina,city-center,0abff66a-45a8-498d-8705-fdfa8d78f6a4,J&J's,0,3,0,0,,0
2026-09-24,latina,city-center,0abff66a-45a8-498d-8705-fdfa8d78f6a4,J&J's,0,8,0,0,,0
2026-09-25,latina,city-center,0abff66a-45a8-498d-8705-fdfa8d78f6a4,J&J's,0,6,0,0,,0
2026-09-23,latina,asves,0fa1ce34-a47a-40af-91a1-2609ba6f3b07,J&J's,0,3,0,0,,0
2026-09-24,latina,asves,0fa1ce34-a47a-40af-91a1-2609ba6f3b07,J&J's,0,8,0,0,,0
2026-09-25,latina,asves,0fa1ce34-a47a-40af-91a1-2609ba6f3b07,J&J's,0,6,0,0,,0
2026-09-23,latina,sezze,17762d8f-6e3e-4813-9ae8-0a04e60f90fc,J&J's,0,3,0,0,,0
2026-09-24,latina,sezze,17762d8f-6e3e-4813-9ae8-0a04e60f90fc,J&J's,0,8,0,0,,0
2026-09-25,latina,sezze,17762d8f-6e3e-4813-9ae8-0a04e60f90fc,J&J's,0,6,0,0,,0
2026-09-23,latina,chiesuola-di-piscinara,21bd4c16-2f37-4f1b-90a5-3575043fc95d,J&J's,0,3,0,0,,0
2026-09-24,latina,chiesuola-di-piscinara,21bd4c16-2f37-4f1b-90a5-3575043fc95d,J&J's,0,8,0,0,,0
2026-09-25,latina,chiesuola-di-piscinara,21bd4c16-2f37-4f1b-90a5-3575043fc95d,J&J's,0,6,0,0,,0
2026-09-23,latina,torre-la-felce,29694bcb-41a7-4032-9b1c-47fb5922547d,J&J's,0,3,0,0,,0
2026-09-24,latina,torre-la-felce,29694bcb-41a7-4032-9b1c-47fb5922547d,J&J's,0,8,0,0,,0
2026-09-25,latina,torre-la-felce,29694bcb-41a7-4032-9b1c-47fb5922547d,J&J's,0,6,0,0,,0
2026-09-23,latina,isonzo,29edf60f-379c-4d7c-b231-70d662c4ce8e,J&J's,0,3,0,0,,0
2026-09-24,latina,isonzo,29edf60f-379c-4d7c-b231-70d662c4ce8e,J&J's,0,8,0,0,,0
2026-09-25,latina,isonzo,29edf60f-379c-4d7c-b231-70d662c4ce8e,J&J's,0,6,0,0,,0
2026-09-23,latina,sezze-scalo,3bd0e569-f1b8-414b-a6d3-821e774c501f,J&J's,0,3,0,0,,0
2026-09-24,latina,sezze-scalo,3bd0e569-f1b8-414b-a6d3-821e774c501f,J&J's,0,8,0,0,,0
2026-09-25,latina,sezze-scalo,3bd0e569-f1b8-414b-a6d3-821e774c501f,J&J's,0,6,0,0,,0
2026-09-23,latina,persicara,3f776f8c-6f19-4639-be83-31a019ca9b0e,J&J's,0,3,0,0,,0
2026-09-24,latina,persicara,3f776f8c-6f19-4639-be83-31a019ca9b0e,J&J's,0,8,0,0,,0
2026-09-25,latina,persicara,3f776f8c-6f19-4639-be83-31a019ca9b0e,J&J's,0,6,0,0,,0
2026-09-23,latina,isonzo,44f0af69-a030-4d1f-9451-fdd634c1aaa9,J&J's,0,3,0,0,,0
2026-09-24,latina,isonzo,44f0af69-a030-4d1f-9451-fdd634c1aaa9,J&J's,0,8,0,0,,0
2026-09-25,latina,isonzo,44f0af69-a030-4d1f-9451-fdd634c1aaa9,J&J's,0,6,0,0,,0
2026-09-23,latina,lottizzazione-frattazzi,4a8a91a1-736c-445b-8c7f-a493b8f8afaf,J&J's,0,3,0,0,,0
2026-09-24,latina,lottizzazione-frattazzi,4a8a91a1-736c-445b-8c7f-a493b8f8afaf,J&J's,0,8,0,0,,0
2026-09-25,latina,lottizzazione-frattazzi,4a8a91a1-736c-445b-8c7f-a493b8f8afaf,J&J's,0,6,0,0,,0
2026-09-23,latina,city-center,5a6ee640-fc5b-4d6b-b891-f27149b1c096,J&J's,0,3,0,0,,0
2026-09-24,latina,city-center,5a6ee640-fc5b-4d6b-b891-f27149b1c096,J&J's,0,8,0,0,,0
2026-09-25,latina,city-center,5a6ee640-fc5b-4d6b-b891-f27149b1c096,J&J's,0,6,0,0,,0
2026-09-23,latina,priverno,71499249-9b40-4c24-bfbc-bef720ceb4ac,J&J's,0,3,0,0,,0
2026-09-24,latina,priverno,71499249-9b40-4c24-bfbc-bef720ceb4ac,J&J's,0,8,0,0,,0
2026-09-25,latina,priverno,71499249-9b40-4c24-bfbc-bef720ceb4ac,J&J's,0,6,0,0,,0
2026-09-23,latina,city-center,839b93f1-0adc-4483-95a7-d269c8578cea,J&J's,0,3,0,0,,0
2026-09-24,latina,city-center,839b93f1-0adc-4483-95a7-d269c8578cea,J&J's,0,8,0,0,,0
2026-09-25,latina,city-center,839b93f1-0adc-4483-95a7-d269c8578cea,J&J's,0,6,0,0,,0
2026-09-23,latina,borgo-pasubio,87814f6a-3cf8-42e9-b871-01ee901f8540,J&J's,0,3,0,0,,0
2026-09-24,latina,borgo-pasubio,87814f6a-3cf8-42e9-b871-01ee901f8540,J&J's,0,8,0,0,,0
2026-09-25,latina,borgo-pasubio,87814f6a-3cf8-42e9-b871-01ee901f8540,J&J's,0,6,0,0,,0
2026-09-23,latina,borgata-carrara,8e2d67f6-9d7c-4cf2-9825-9124643d6c76,J&J's,0,3,0,0,,0
2026-09-24,latina,borgata-carrara,8e2d67f6-9d7c-4cf2-9825-9124643d6c76,J&J's,0,8,0,0,,0
2026-09-25,latina,borgata-carrara,8e2d67f6-9d7c-4cf2-9825-9124643d6c76,J&J's,0,6,0,0,,0
2026-09-23,latina,gionchetto,918fca69-449f-4d2d-a65d-a3fc996b547b,J&J's,0,3,0,0,,0
2026-09-24,latina,gionchetto,918fca69-449f-4d2d-a65d-a3fc996b547b,J&J's,0,8,0,0,,0
2026-09-25,latina,gionchetto,918fca69-449f-4d2d-a65d-a3fc996b547b,J&J's,0,6,0,0,,0
2026-09-23,latina,borgo-carso,94bcd95d-3120-455b-9d60-6bcd312300e2,J&J's,0,3,0,0,,0
2026-09-24,latina,borgo-carso,94bcd95d-3120-455b-9d60-6bcd312300e2,J&J's,0,8,0,0,,0
2026-09-25,latina,borgo-carso,94bcd95d-3120-455b-9d60-6bcd312300e2,J&J's,0,6,0,0,,0
2026-09-23,latina,nuova-latina,974e782e-77bb-4c1f-9b2f-de4eacd2d45d,J&J's,0,3,0,0,,0
2026-09-24,latina,nuova-latina,974e782e-77bb-4c1f-9b2f-de4eacd2d45d,J&J's,0,8,0,0,,0
2026-09-25,latina,nuova-latina,974e782e-77bb-4c1f-9b2f-de4eacd2d45d,J&J's,0,6,0,0,,0
2026-09-23,latina,frezzotti,9867f918-dab3-4768-9aac-6b6f7fba505a,J&J's,0,3,0,0,,0
2026-09-24,latina,frezzotti,9867f918-dab3-4768-9aac-6b6f7fba505a,J&J's,0,8,0,0,,0
2026-09-25,latina,frezzotti,9867f918-dab3-4768-9aac-6b6f7fba505a,J&J's,0,6,0,0,,0
2026-09-23,latina,isonzo,a4e219ac-9647-4114-807d-c3c986e7dd54,J&J's,0,3,0,0,,0
2026-09-24,latina,isonzo,a4e219ac-9647-4114-807d-c3c986e7dd54,J&J's,0,8,0,0,,0
2026-09-25,latina,isonzo,a4e219ac-9647-4114-807d-c3c986e7dd54,J&J's,0,6,0,0,,0
2026-09-23,latina,nuova-latina,adee3f6a-51d2-4a9a-84b9-60bd2f625748,J&J's,0,3,0,0,,0
2026-09-24,latina,nuova-latina,adee3f6a-51d2-4a9a-84b9-60bd2f625748,J&J's,0,8,0,0,,0
2026-09-25,latina,nuova-latina,adee3f6a-51d2-4a9a-84b9-60bd2f625748,J&J's,0,6,0,0,,0
2026-09-23,latina,goretti,b275e927-6082-4b92-a3e9-49281f5b2792,J&J's,0,3,0,0,,0
2026-09-24,latina,goretti,b275e927-6082-4b92-a3e9-49281f5b2792,J&J's,0,8,0,0,,0
2026-09-25,latina,goretti,b275e927-6082-4b92-a3e9-49281f5b2792,J&J's,0,6,0,0,,0
2026-09-23,latina,borgo-podgora,b477385b-38c3-42e1-a836-69411e034233,J&J's,0,3,0,0,,0
2026-09-24,latina,borgo-podgora,b477385b-38c3-42e1-a836-69411e034233,J&J's,0,8,0,0,,0
2026-09-25,latina,borgo-podgora,b477385b-38c3-42e1-a836-69411e034233,J&J's,0,6,0,0,,0
2026-09-23,latina,quartiere-italia,b629523d-d7db-43f6-9578-8218cf19beec,J&J's,0,3,0,0,,0
2026-09-24,latina,quartiere-italia,b629523d-d7db-43f6-9578-8218cf19beec,J&J's,0,8,0,0,,0
2026-09-25,latina,quartiere-italia,b629523d-d7db-43f6-9578-8218cf19beec,J&J's,0,6,0,0,,0
2026-09-23,latina,sezze-scalo,b690accb-d3ea-4791-8c79-ab30c57489c7,J&J's,0,3,0,0,,0
2026-09-24,latina,sezze-scalo,b690accb-d3ea-4791-8c79-ab30c57489c7,J&J's,0,8,0,0,,0
2026-09-25,latina,sezze-scalo,b690accb-d3ea-4791-8c79-ab30c57489c7,J&J's,0,6,0,0,,0
2026-09-23,latina,goretti,bd5d5dc2-3e3b-44c7-a254-62ada0e4abfc,J&J's,0,3,0,0,,0
2026-09-24,latina,goretti,bd5d5dc2-3e3b-44c7-a254-62ada0e4abfc,J&J's,0,8,0,0,,0
2026-09-25,latina,goretti,bd5d5dc2-3e3b-44c7-a254-62ada0e4abfc,J&J's,0,6,0,0,,0
2026-09-23,latina,borgo-san-michele,c0a3ae5c-59c4-4366-a05e-f6a9803867ad,J&J's,0,3,0,0,,0
2026-09-24,latina,borgo-san-michele,c0a3ae5c-59c4-4366-a05e-f6a9803867ad,J&J's,0,8,0,0,,0
2026-09-25,latina,borgo-san-michele,c0a3ae5c-59c4-4366-a05e-f6a9803867ad,J&J's,0,6,0,0,,0
2026-09-23,latina,latina-scalo,d0b1d5df-895c-404a-836b-63d7464cdb5d,J&J's,0,3,0,0,,0
2026-09-24,latina,latina-scalo,d0b1d5df-895c-404a-836b-63d7464cdb5d,J&J's,0,8,0,0,,0
2026-09-25,latina,latina-scalo,d0b1d5df-895c-404a-836b-63d7464cdb5d,J&J's,0,6,0,0,,0
2026-09-23,latina,cisterna-di-latina,d4a45181-24d6-4795-b8fd-49caa5a825b4,J&J's,0,3,0,0,,0
2026-09-24,latina,cisterna-di-latina,d4a45181-24d6-4795-b8fd-49caa5a825b4,J&J's,0,8,0,0,,0
2026-09-25,latina,cisterna-di-latina,d4a45181-24d6-4795-b8fd-49caa5a825b4,J&J's,0,6,0,0,,0
2026-09-23,latina,latina-scalo,d682579e-bec7-4d2e-afae-aff4da1f4e0e,J&J's,0,3,0,0,,0
2026-09-24,latina,latina-scalo,d682579e-bec7-4d2e-afae-aff4da1f4e0e,J&J's,0,8,0,0,,0
2026-09-25,latina,latina-scalo,d682579e-bec7-4d2e-afae-aff4da1f4e0e,J&J's,0,6,0,0,,0
2026-09-23,latina,cisterna-di-latina,daa5e96d-405e-496a-bc45-fce450023fdc,J&J's,0,3,0,0,,0
2026-09-24,latina,cisterna-di-latina,daa5e96d-405e-496a-bc45-fce450023fdc,J&J's,0,8,0,0,,0
2026-09-25,latina,cisterna-di-latina,daa5e96d-405e-496a-bc45-fce450023fdc,J&J's,0,6,0,0,,0
2026-09-23,latina,priverno,ec6e1eee-ebe9-4e68-86c1-157a037bf986,J&J's,0,3,0,0,,0
2026-09-24,latina,priverno,ec6e1eee-ebe9-4e68-86c1-157a037bf986,J&J's,0,8,0,0,,0
2026-09-25,latina,priverno,ec6e1eee-ebe9-4e68-86c1-157a037bf986,J&J's,0,6,0,0,,0
2026-09-23,lecce,railway-station,0142aaa2-1751-4396-8a57-e01b8358b33f,J&J's,0,3,0,0,,0
2026-09-24,lecce,railway-station,0142aaa2-1751-4396-8a57-e01b8358b33f,J&J's,0,8,0,0,,0
2026-09-25,lecce,railway-station,0142aaa2-1751-4396-8a57-e01b8358b33f,J&J's,0,6,0,0,,0
2026-09-23,lecce,railway-station,0a57af4d-f071-4e45-8be9-f8dc2aafed86,J&J's,0,3,0,0,,0
2026-09-24,lecce,railway-station,0a57af4d-f071-4e45-8be9-f8dc2aafed86,J&J's,0,8,0,0,,0
2026-09-25,lecce,railway-station,0a57af4d-f071-4e45-8be9-f8dc2aafed86,J&J's,0,6,0,0,,0
2026-09-23,lecce,,1bd72cc2-bc46-407a-b899-2cdd94a6985d,J&J's,0,3,0,0,,0
2026-09-24,lecce,,1bd72cc2-bc46-407a-b899-2cdd94a6985d,J&J's,0,8,0,0,,0
2026-09-25,lecce,,1bd72cc2-bc46-407a-b899-2cdd94a6985d,J&J's,0,6,0,0,,0
2026-09-23,lecce,baia-verde,23033590-b659-46a8-9f8e-01c47a53c00a,J&J's,100,3,0,0,0.0,0
2026-09-24,lecce,baia-verde,23033590-b659-46a8-9f8e-01c47a53c00a,J&J's,100,8,0,0,0.0,0
2026-09-25,lecce,baia-verde,23033590-b659-46a8-9f8e-01c47a53c00a,J&J's,100,6,0,0,0.0,0
2026-09-23,lecce,railway-station,2fe239cd-03a5-44a9-82b4-ab25494e93e3,J&J's,100,3,0,0,0.0,0
2026-09-24,lecce,railway-station,2fe239cd-03a5-44a9-82b4-ab25494e93e3,J&J's,100,8,0,0,0.0,0
2026-09-25,lecce,railway-station,2fe239cd-03a5-44a9-82b4-ab25494e93e3,J&J's,100,6,0,0,0.0,0
2026-09-23,lecce,lecce-city-center,31b388bf-9c15-4ec5-acc7-a95bea04a793,J&J's,0,3,6,6,,6
2026-09-24,lecce,lecce-city-center,31b388bf-9c15-4ec5-acc7-a95bea04a793,J&J's,0,8,6,4,,6
2026-09-25,lecce,lecce-city-center,31b388bf-9c15-4ec5-acc7-a95bea04a793,J&J's,0,6,5,5,,5
2026-09-23,lecce,baia-verde,54ec8980-d3b6-4b85-8330-9f2c2b0fa445,J&J's,100,3,0,0,0.0,0
2026-09-24,lecce,baia-verde,54ec8980-d3b6-4b85-8330-9f2c2b0fa445,J&J's,100,8,0,0,0.0,0
2026-09-25,lecce,baia-verde,54ec8980-d3b6-4b85-8330-9f2c2b0fa445,J&J's,100,6,0,0,0.0,0
2026-09-23,lecce,lecce-city-center,5a003e70-215b-4306-a55b-7628c1a614a0,J&J's,100,3,0,0,0.0,0
2026-09-24,lecce,lecce-city-center,5a003e70-215b-4306-a55b-7628c1a614a0,J&J's,100,8,0,0,0.0,0
2026-09-25,lecce,lecce-city-center,5a003e70-215b-4306-a55b-7628c1a614a0,J&J's,100,6,0,0,0.0,0
2026-09-23,lecce,,5a843f8a-18ff-46d8-9ccd-92dac2af5b0b,J&J's,0,3,0,0,,0
2026-09-24,lecce,,5a843f8a-18ff-46d8-9ccd-92dac2af5b0b,J&J's,0,8,0,0,,0
2026-09-25,lecce,,5a843f8a-18ff-46d8-9ccd-92dac2af5b0b,J&J's,0,6,0,0,,0
2026-09-23,lecce,lecce-city-center,6128240a-1d42-4a6a-9dc1-7d717319177d,J&J's,0,3,0,0,,0
2026-09-24,lecce,lecce-city-center,6128240a-1d42-4a6a-9dc1-7d717319177d,J&J's,0,8,0,0,,0
2026-09-25,lecce,lecce-city-center,6128240a-1d42-4a6a-9dc1-7d717319177d,J&J's,0,6,0,0,,0
2026-09-23,lecce,railway-station,8d425549-0273-4535-aefe-62679b3f8687,J&J's,0,3,19,19,,19
2026-09-24,lecce,railway-station,8d425549-0273-4535-aefe-62679b3f8687,J&J's,0,8,19,16,,19
2026-09-25,lecce,railway-station,8d425549-0273-4535-aefe-62679b3f8687,J&J's,0,6,15,13,,16
2026-09-23,lecce,alezio,9338f3fa-7f35-4b33-befc-fc2bda7e0b15,J&J's,0,3,0,0,,0
2026-09-24,lecce,alezio,9338f3fa-7f35-4b33-befc-fc2bda7e0b15,J&J's,0,8,0,0,,0
2026-09-25,lecce,alezio,9338f3fa-7f35-4b33-befc-fc2bda7e0b15,J&J's,0,6,0,0,,0
2026-09-23,lecce,railway-station,a1b7ea4b-9a62-48e7-997a-e73feefca285,J&J's,25,3,0,0,0.0,0
2026-09-24,lecce,railway-station,a1b7ea4b-9a62-48e7-997a-e73feefca285,J&J's,25,8,0,0,0.0,0
2026-09-25,lecce,railway-station,a1b7ea4b-9a62-48e7-997a-e73feefca285,J&J's,25,6,0,0,0.0,0
2026-09-23,lecce,taviano,b181a041-6a98-4f15-9832-fb5777653dff,J&J's,0,3,0,0,,0
2026-09-24,lecce,taviano,b181a041-6a98-4f15-9832-fb5777653dff,J&J's,0,8,0,0,,0
2026-09-25,lecce,taviano,b181a041-6a98-4f15-9832-fb5777653dff,J&J's,0,6,0,0,,0
2026-09-23,lecce,railway-station,c775d06f-6a4b-4ea7-ae1e-e9a84469db70,J&J's,0,3,0,0,,0
2026-09-24,lecce,railway-station,c775d06f-6a4b-4ea7-ae1e-e9a84469db70,J&J's,0,8,0,0,,0
2026-09-25,lecce,railway-station,c775d06f-6a4b-4ea7-ae1e-e9a84469db70,J&J's,0,6,0,0,,0
2026-09-23,lecce,lecce-city-center,ca76a44c-233f-42ac-8839-f8d3c5bedd78,J&J's,0,3,0,0,,0
2026-09-24,lecce,lecce-city-center,ca76a44c-233f-42ac-8839-f8d3c5bedd78,J&J's,0,8,0,0,,0
2026-09-25,lecce,lecce-city-center,ca76a44c-233f-42ac-8839-f8d3c5bedd78,J&J's,0,6,1,1,,1
2026-09-23,lecce,railway-station,cd68127a-6285-4197-a9ba-33bbf33b0373,J&J's,0,3,0,0,,0
2026-09-24,lecce,railway-station,cd68127a-6285-4197-a9ba-33bbf33b0373,J&J's,0,8,0,0,,0
2026-09-25,lecce,railway-station,cd68127a-6285-4197-a9ba-33bbf33b0373,J&J's,0,6,0,0,,0
2026-09-23,lecce,,df3d7a56-fcb1-4070-9dd1-642b11d8850f,J&J's,0,3,0,0,,0
2026-09-24,lecce,,df3d7a56-fcb1-4070-9dd1-642b11d8850f,J&J's,0,8,0,0,,0
2026-09-25,lecce,,df3d7a56-fcb1-4070-9dd1-642b11d8850f,J&J's,0,6,0,0,,0
2026-09-23,lecce,lecce-city-center,e053a458-a678-434a-983a-9f739f34cb5d,J&J's,0,3,4,4,,4
2026-09-24,lecce,lecce-city-center,e053a458-a678-434a-983a-9f739f34cb5d,J&J's,0,8,4,3,,4
2026-09-25,lecce,lecce-city-center,e053a458-a678-434a-983a-9f739f34cb5d,J&J's,0,6,3,3,,3
2026-09-23,lecce,lizzanello,e0b49367-f220-4f8d-9c16-78d6df2647f7,J&J's,0,3,0,0,,0
2026-09-24,lecce,lizzanello,e0b49367-f220-4f8d-9c16-78d6df2647f7,J&J's,0,8,0,0,,0
2026-09-25,lecce,lizzanello,e0b49367-f220-4f8d-9c16-78d6df2647f7,J&J's,0,6,0,0,,0
2026-09-23,lecce,lecce-city-center,e342654b-d108-42a4-9fb1-2c9c8488d9c6,J&J's,0,3,0,0,,0
2026-09-24,lecce,lecce-city-center,e342654b-d108-42a4-9fb1-2c9c8488d9c6,J&J's,0,8,0,0,,0
2026-09-25,lecce,lecce-city-center,e342654b-d108-42a4-9fb1-2c9c8488d9c6,J&J's,0,6,0,0,,0
2026-09-23,lecce,lecce-city-center,e732bdc7-aab8-4a05-9870-536816e8c9bc,J&J's,100,3,1,1,1.0,1
2026-09-24,lecce,lecce-city-center,e732bdc7-aab8-4a05-9870-536816e8c9bc,J&J's,100,8,1,1,1.0,1
2026-09-25,lecce,lecce-city-center,e732bdc7-aab8-4a05-9870-536816e8c9bc,J&J's,100,6,1,1,1.0,1
2026-09-23,lecce,railway-station,e78b7531-dad5-45bb-82fe-c20c1171fdb5,J&J's,0,3,2,2,,2
2026-09-24,lecce,railway-station,e78b7531-dad5-45bb-82fe-c20c1171fdb5,J&J's,0,8,2,2,,2
2026-09-25,lecce,railway-station,e78b7531-dad5-45bb-82fe-c20c1171fdb5,J&J's,0,6,5,5,,5
2026-09-23,lecce,,f3e375af-e02c-4559-8e67-81683d563eda,J&J's,0,3,0,0,,0
2026-09-24,lecce,,f3e375af-e02c-4559-8e67-81683d563eda,J&J's,0,8,0,0,,0
2026-09-25,lecce,,f3e375af-e02c-4559-8e67-81683d563eda,J&J's,0,6,0,0,,0
2026-09-23,lecco,acquate,110df13a-5d58-4683-939c-0b73a06f7832,J&J's,0,3,0,0,,0
2026-09-24,lecco,acquate,110df13a-5d58-4683-939c-0b73a06f7832,J&J's,0,8,0,0,,0
2026-09-25,lecco,acquate,110df13a-5d58-4683-939c-0b73a06f7832,J&J's,0,6,0,0,,0
2026-09-23,lecco,lecco-train-station,16ddb390-4f7f-48d0-9151-47230d2651d2,J&J's,0,3,0,0,,0
2026-09-24,lecco,lecco-train-station,16ddb390-4f7f-48d0-9151-47230d2651d2,J&J's,0,8,0,0,,0
2026-09-25,lecco,lecco-train-station,16ddb390-4f7f-48d0-9151-47230d2651d2,J&J's,0,6,0,0,,0
2026-09-23,lecco,acquate,2297c97d-85f8-43ae-8f22-e7bdc6ff7274,J&J's,0,3,0,0,,0
2026-09-24,lecco,acquate,2297c97d-85f8-43ae-8f22-e7bdc6ff7274,J&J's,0,8,0,0,,0
2026-09-25,lecco,acquate,2297c97d-85f8-43ae-8f22-e7bdc6ff7274,J&J's,0,6,0,0,,0
2026-09-23,lecco,santo-stefano,4f8f257a-44ed-4909-9040-1d6d1ef97b82,J&J's,0,3,0,0,,0
2026-09-24,lecco,santo-stefano,4f8f257a-44ed-4909-9040-1d6d1ef97b82,J&J's,0,8,0,0,,0
2026-09-25,lecco,santo-stefano,4f8f257a-44ed-4909-9040-1d6d1ef97b82,J&J's,0,6,0,0,,0
2026-09-23,lecco,train-station,5702710b-0af3-4044-a4f9-60bdcd3589c9,J&J's,0,3,0,0,,0
2026-09-24,lecco,train-station,5702710b-0af3-4044-a4f9-60bdcd3589c9,J&J's,0,8,0,0,,0
2026-09-25,lecco,train-station,5702710b-0af3-4044-a4f9-60bdcd3589c9,J&J's,0,6,0,0,,0
2026-09-23,lecco,train-station,84bb6764-dfe7-4e81-9574-e55ed8f44c51,J&J's,0,3,12,12,,12
2026-09-24,lecco,train-station,84bb6764-dfe7-4e81-9574-e55ed8f44c51,J&J's,0,8,12,10,,12
2026-09-25,lecco,train-station,84bb6764-dfe7-4e81-9574-e55ed8f44c51,J&J's,0,6,10,9,,10
2026-09-23,lecco,train-station,8b209c5a-8363-431c-84c6-3d7e5dd900e8,J&J's,50,3,0,0,0.0,0
2026-09-24,lecco,train-station,8b209c5a-8363-431c-84c6-3d7e5dd900e8,J&J's,50,8,0,0,0.0,0
2026-09-25,lecco,train-station,8b209c5a-8363-431c-84c6-3d7e5dd900e8,J&J's,50,6,0,0,0.0,0
2026-09-23,lecco,roncada,b80d39fb-1520-4fd0-b73a-cd4edc1e3e39,J&J's,0,3,0,0,,0
2026-09-24,lecco,roncada,b80d39fb-1520-4fd0-b73a-cd4edc1e3e39,J&J's,0,8,0,0,,0
2026-09-25,lecco,roncada,b80d39fb-1520-4fd0-b73a-cd4edc1e3e39,J&J's,0,6,0,0,,0
2026-09-23,lecco,bulciago,cbc87f80-ba70-43ef-aa1b-83df28ba2472,J&J's,0,3,0,0,,0
2026-09-24,lecco,bulciago,cbc87f80-ba70-43ef-aa1b-83df28ba2472,J&J's,0,8,0,0,,0
2026-09-25,lecco,bulciago,cbc87f80-ba70-43ef-aa1b-83df28ba2472,J&J's,0,6,0,0,,0
2026-09-23,lecco,train-station,d7e6215f-95f8-47e6-bf4c-ca9a3981cee3,J&J's,0,3,0,0,,0
2026-09-24,lecco,train-station,d7e6215f-95f8-47e6-bf4c-ca9a3981cee3,J&J's,0,8,0,0,,0
2026-09-25,lecco,train-station,d7e6215f-95f8-47e6-bf4c-ca9a3981cee3,J&J's,0,6,0,0,,0
2026-09-23,lecco,castel,e570690a-3fbd-492d-82df-9492817db621,J&J's,0,3,0,0,,0
2026-09-24,lecco,castel,e570690a-3fbd-492d-82df-9492817db621,J&J's,0,8,0,0,,0
2026-09-25,lecco,castel,e570690a-3fbd-492d-82df-9492817db621,J&J's,0,6,0,0,,0
2026-09-23,lecco,lecco-train-station,f694f768-f68a-4212-a89f-a0f08f97e9bd,J&J's,30,3,4,4,13.3,4
2026-09-24,lecco,lecco-train-station,f694f768-f68a-4212-a89f-a0f08f97e9bd,J&J's,30,8,4,4,13.3,4
2026-09-25,lecco,lecco-train-station,f694f768-f68a-4212-a89f-a0f08f97e9bd,J&J's,30,6,4,4,13.3,4
2026-09-23,livorno,livorno-train-station,228cad88-66b4-4e51-b9b4-38dfa380d15d,J&J's,5,3,0,0,0.0,0
2026-09-24,livorno,livorno-train-station,228cad88-66b4-4e51-b9b4-38dfa380d15d,J&J's,5,8,0,0,0.0,0
2026-09-25,livorno,livorno-train-station,228cad88-66b4-4e51-b9b4-38dfa380d15d,J&J's,5,6,0,0,0.0,0
2026-09-23,livorno,city-center,2d694d04-73b2-4f8c-8df3-aed8ae5467c4,J&J's,0,3,0,0,,0
2026-09-24,livorno,city-center,2d694d04-73b2-4f8c-8df3-aed8ae5467c4,J&J's,0,8,0,0,,0
2026-09-25,livorno,city-center,2d694d04-73b2-4f8c-8df3-aed8ae5467c4,J&J's,0,6,0,0,,0
2026-09-23,livorno,livorno-train-station,352f5e37-a25e-4bce-b59d-9a99e147756b,J&J's,0,3,1,1,,1
2026-09-24,livorno,livorno-train-station,352f5e37-a25e-4bce-b59d-9a99e147756b,J&J's,0,8,2,2,,2
2026-09-25,livorno,livorno-train-station,352f5e37-a25e-4bce-b59d-9a99e147756b,J&J's,0,6,2,1,,2
2026-09-23,livorno,livorno-train-station,5956ca96-8864-4960-b73a-8779ec83a6bb,J&J's,0,3,0,0,,0
2026-09-24,livorno,livorno-train-station,5956ca96-8864-4960-b73a-8779ec83a6bb,J&J's,0,8,0,0,,0
2026-09-25,livorno,livorno-train-station,5956ca96-8864-4960-b73a-8779ec83a6bb,J&J's,0,6,0,0,,0
2026-09-23,livorno,livorno-train-station,8a91c613-97a3-46b1-817e-5ce8e9ed53dc,J&J's,0,3,2,2,,2
2026-09-24,livorno,livorno-train-station,8a91c613-97a3-46b1-817e-5ce8e9ed53dc,J&J's,0,8,2,2,,2
2026-09-25,livorno,livorno-train-station,8a91c613-97a3-46b1-817e-5ce8e9ed53dc,J&J's,0,6,2,2,,2
2026-09-23,livorno,consiglio-di-zona-2,948b1796-3ed7-4f35-9ac5-cd82e23d956d,J&J's,0,3,0,0,,0
2026-09-24,livorno,consiglio-di-zona-2,948b1796-3ed7-4f35-9ac5-cd82e23d956d,J&J's,0,8,0,0,,0
2026-09-25,livorno,consiglio-di-zona-2,948b1796-3ed7-4f35-9ac5-cd82e23d956d,J&J's,0,6,0,0,,0
2026-09-23,livorno,city-center,b38fddd1-74ce-4f68-808f-4a5db8d6aa37,J&J's,0,3,0,0,,0
2026-09-24,livorno,city-center,b38fddd1-74ce-4f68-808f-4a5db8d6aa37,J&J's,0,8,0,0,,0
2026-09-25,livorno,city-center,b38fddd1-74ce-4f68-808f-4a5db8d6aa37,J&J's,0,6,0,0,,0
2026-09-23,livorno,city-center,becc20a5-0cca-4ef7-869a-9698fed61572,J&J's,50,3,5,5,10.0,5
2026-09-24,livorno,city-center,becc20a5-0cca-4ef7-869a-9698fed61572,J&J's,50,8,5,5,10.0,5
2026-09-25,livorno,city-center,becc20a5-0cca-4ef7-869a-9698fed61572,J&J's,50,6,5,5,10.0,5
2026-09-23,livorno,city-center,dfa922bd-4683-418a-b26d-e5ea1f5b6df8,J&J's,0,3,0,0,,0
2026-09-24,livorno,city-center,dfa922bd-4683-418a-b26d-e5ea1f5b6df8,J&J's,0,8,0,0,,0
2026-09-25,livorno,city-center,dfa922bd-4683-418a-b26d-e5ea1f5b6df8,J&J's,0,6,0,0,,0
2026-09-23,livorno,livorno-train-station,e6cc9b8d-8e5f-44c4-8829-e364537b9c9c,J&J's,0,3,0,0,,0
2026-09-24,livorno,livorno-train-station,e6cc9b8d-8e5f-44c4-8829-e364537b9c9c,J&J's,0,8,0,0,,0
2026-09-25,livorno,livorno-train-station,e6cc9b8d-8e5f-44c4-8829-e364537b9c9c,J&J's,0,6,0,0,,0
2026-09-23,lucca,walled-city,3842c32f-2b8c-41eb-86cf-3967e3f51a6c,J&J's,6,3,0,0,0.0,0
2026-09-24,lucca,walled-city,3842c32f-2b8c-41eb-86cf-3967e3f51a6c,J&J's,6,8,0,0,0.0,0
2026-09-25,lucca,walled-city,3842c32f-2b8c-41eb-86cf-3967e3f51a6c,J&J's,6,6,0,0,0.0,0
2026-09-23,lucca,lucca-train-station,51f0957c-813b-46e1-8cb2-069dc641fb3f,J&J's,0,3,0,0,,0
2026-09-24,lucca,lucca-train-station,51f0957c-813b-46e1-8cb2-069dc641fb3f,J&J's,0,8,1,1,,1
2026-09-25,lucca,lucca-train-station,51f0957c-813b-46e1-8cb2-069dc641fb3f,J&J's,0,6,1,1,,1
2026-09-23,lucca,city-center,595a63af-1841-49c4-86e3-cfd79e2f1cdc,J&J's,20,3,0,0,0.0,0
2026-09-24,lucca,city-center,595a63af-1841-49c4-86e3-cfd79e2f1cdc,J&J's,20,8,0,0,0.0,0
2026-09-25,lucca,city-center,595a63af-1841-49c4-86e3-cfd79e2f1cdc,J&J's,20,6,0,0,0.0,0
2026-09-23,lucca,city-center,6d18a9ba-9349-4372-a190-3021a1999cab,J&J's,0,3,0,0,,0
2026-09-24,lucca,city-center,6d18a9ba-9349-4372-a190-3021a1999cab,J&J's,0,8,0,0,,0
2026-09-25,lucca,city-center,6d18a9ba-9349-4372-a190-3021a1999cab,J&J's,0,6,0,0,,0
2026-09-23,lucca,lucca-train-station,7124ff02-5adc-40a4-b5fe-1c3142bdda16,J&J's,0,3,15,15,,15
2026-09-24,lucca,lucca-train-station,7124ff02-5adc-40a4-b5fe-1c3142bdda16,J&J's,0,8,15,14,,15
2026-09-25,lucca,lucca-train-station,7124ff02-5adc-40a4-b5fe-1c3142bdda16,J&J's,0,6,14,12,,14
2026-09-23,lucca,city-center,ab80b0c1-271e-4bb1-928a-ee55fb8c20e4,J&J's,6,3,12,12,200.0,12
2026-09-24,lucca,city-center,ab80b0c1-271e-4bb1-928a-ee55fb8c20e4,J&J's,6,8,12,10,200.0,12
2026-09-25,lucca,city-center,ab80b0c1-271e-4bb1-928a-ee55fb8c20e4,J&J's,6,6,10,10,166.7,10
2026-09-23,lucca,city-center,b4a97407-e279-453b-be80-e3196c18ec9f,J&J's,0,3,0,0,,0
2026-09-24,lucca,city-center,b4a97407-e279-453b-be80-e3196c18ec9f,J&J's,0,8,0,0,,0
2026-09-25,lucca,city-center,b4a97407-e279-453b-be80-e3196c18ec9f,J&J's,0,6,1,1,,1
2026-09-23,lucca,city-center,d978361a-89c9-4ded-8c04-06cd91c3d0d0,J&J's,10,3,4,4,40.0,4
2026-09-24,lucca,city-center,d978361a-89c9-4ded-8c04-06cd91c3d0d0,J&J's,10,8,5,5,50.0,5
2026-09-25,lucca,city-center,d978361a-89c9-4ded-8c04-06cd91c3d0d0,J&J's,10,6,7,7,70.0,7
2026-09-23,lucca,lido-di-camaiore,ed0c23a6-fb3e-40bd-bcf6-61adc0aa738f,J&J's,100,3,0,0,0.0,0
2026-09-24,lucca,lido-di-camaiore,ed0c23a6-fb3e-40bd-bcf6-61adc0aa738f,J&J's,100,8,0,0,0.0,0
2026-09-25,lucca,lido-di-camaiore,ed0c23a6-fb3e-40bd-bcf6-61adc0aa738f,J&J's,100,6,0,0,0.0,0
2026-09-23,lucca,lucca-train-station,f8489471-37af-4e04-8ece-933e64f1dc21,J&J's,0,3,8,8,,8
2026-09-24,lucca,lucca-train-station,f8489471-37af-4e04-8ece-933e64f1dc21,J&J's,0,8,8,8,,8
2026-09-25,lucca,lucca-train-station,f8489471-37af-4e04-8ece-933e64f1dc21,J&J's,0,6,8,8,,8
2026-09-23,matera,matera-2000,01cc3b55-e908-4703-bfab-00b74a1a093a,J&J's,0,3,0,0,,0
2026-09-24,matera,matera-2000,01cc3b55-e908-4703-bfab-00b74a1a093a,J&J's,0,8,0,0,,0
2026-09-25,matera,matera-2000,01cc3b55-e908-4703-bfab-00b74a1a093a,J&J's,0,6,0,0,,0
2026-09-23,matera,city-center,183f16d7-9c41-4656-b008-b07039545ef9,J&J's,0,3,1,1,,1
2026-09-24,matera,city-center,183f16d7-9c41-4656-b008-b07039545ef9,J&J's,0,8,3,3,,3
2026-09-25,matera,city-center,183f16d7-9c41-4656-b008-b07039545ef9,J&J's,0,6,3,3,,3
2026-09-23,matera,gravina-in-puglia,30370e89-fcb3-4f65-b011-99a4a7f48112,J&J's,0,3,0,0,,0
2026-09-24,matera,gravina-in-puglia,30370e89-fcb3-4f65-b011-99a4a7f48112,J&J's,0,8,0,0,,0
2026-09-25,matera,gravina-in-puglia,30370e89-fcb3-4f65-b011-99a4a7f48112,J&J's,0,6,0,0,,0
2026-09-23,matera,city-center,406a22ef-099e-4a7f-8a40-ce44f3fd9939,J&J's,0,3,1,1,,1
2026-09-24,matera,city-center,406a22ef-099e-4a7f-8a40-ce44f3fd9939,J&J's,0,8,1,1,,1
2026-09-25,matera,city-center,406a22ef-099e-4a7f-8a40-ce44f3fd9939,J&J's,0,6,1,1,,1
2026-09-23,matera,zona-paip-2,4e6dd695-4300-49dc-ac39-cc7cb1d02bb0,J&J's,0,3,0,0,,0
2026-09-24,matera,zona-paip-2,4e6dd695-4300-49dc-ac39-cc7cb1d02bb0,J&J's,0,8,0,0,,0
2026-09-25,matera,zona-paip-2,4e6dd695-4300-49dc-ac39-cc7cb1d02bb0,J&J's,0,6,0,0,,0
2026-09-23,matera,platani,5550fd0e-f2cf-4f8a-85b9-847f3a81670a,J&J's,0,3,0,0,,0
2026-09-24,matera,platani,5550fd0e-f2cf-4f8a-85b9-847f3a81670a,J&J's,0,8,0,0,,0
2026-09-25,matera,platani,5550fd0e-f2cf-4f8a-85b9-847f3a81670a,J&J's,0,6,0,0,,0
2026-09-23,matera,rione-marco-polo,6cadad6f-546e-4915-8000-03d37c1c42fc,J&J's,0,3,0,0,,0
2026-09-24,matera,rione-marco-polo,6cadad6f-546e-4915-8000-03d37c1c42fc,J&J's,0,8,0,0,,0
2026-09-25,matera,rione-marco-polo,6cadad6f-546e-4915-8000-03d37c1c42fc,J&J's,0,6,0,0,,0
2026-09-23,matera,acquarium,727a2c09-1435-4145-aea7-0d9d01ce4625,J&J's,0,3,0,0,,0
2026-09-24,matera,acquarium,727a2c09-1435-4145-aea7-0d9d01ce4625,J&J's,0,8,0,0,,0
2026-09-25,matera,acquarium,727a2c09-1435-4145-aea7-0d9d01ce4625,J&J's,0,6,0,0,,0
2026-09-23,matera,city-center,78ef206e-6605-4a29-b4e4-a3df4095d0a1,J&J's,0,3,1,1,,1
2026-09-24,matera,city-center,78ef206e-6605-4a29-b4e4-a3df4095d0a1,J&J's,0,8,1,1,,1
2026-09-25,matera,city-center,78ef206e-6605-4a29-b4e4-a3df4095d0a1,J&J's,0,6,1,0,,1
2026-09-23,matera,via-dei-messapi,81265210-9e22-486f-bfc3-3f88d64bf51d,J&J's,0,3,0,0,,0
2026-09-24,matera,via-dei-messapi,81265210-9e22-486f-bfc3-3f88d64bf51d,J&J's,0,8,0,0,,0
2026-09-25,matera,via-dei-messapi,81265210-9e22-486f-bfc3-3f88d64bf51d,J&J's,0,6,0,0,,0
2026-09-23,matera,city-center,995de912-ac8f-4918-bd08-73ab0d960180,J&J's,0,3,2,2,,2
2026-09-24,matera,city-center,995de912-ac8f-4918-bd08-73ab0d960180,J&J's,0,8,2,1,,2
2026-09-25,matera,city-center,995de912-ac8f-4918-bd08-73ab0d960180,J&J's,0,6,2,2,,2
2026-09-23,matera,city-center,9e31d15f-19b8-4da9-9283-7cd7b66b8485,J&J's,0,3,0,0,,0
2026-09-24,matera,city-center,9e31d15f-19b8-4da9-9283-7cd7b66b8485,J&J's,0,8,0,0,,0
2026-09-25,matera,city-center,9e31d15f-19b8-4da9-9283-7cd7b66b8485,J&J's,0,6,0,0,,0
2026-09-23,matera,cappuccini,a4aeb2a0-22c6-42e6-a48e-93641c3d8c34,J&J's,0,3,0,0,,0
2026-09-24,matera,cappuccini,a4aeb2a0-22c6-42e6-a48e-93641c3d8c34,J&J's,0,8,0,0,,0
2026-09-25,matera,cappuccini,a4aeb2a0-22c6-42e6-a48e-93641c3d8c34,J&J's,0,6,0,0,,0
2026-09-23,matera,via-dei-messapi,b6a73222-3315-4859-bbef-35ceb428ed75,J&J's,0,3,0,0,,0
2026-09-24,matera,via-dei-messapi,b6a73222-3315-4859-bbef-35ceb428ed75,J&J's,0,8,0,0,,0
2026-09-25,matera,via-dei-messapi,b6a73222-3315-4859-bbef-35ceb428ed75,J&J's,0,6,0,0,,0
2026-09-23,matera,city-center,ba978c38-0908-41cf-bc76-7cd6a567bc46,J&J's,25,3,4,4,16.0,4
2026-09-24,matera,city-center,ba978c38-0908-41cf-bc76-7cd6a567bc46,J&J's,25,8,4,3,16.0,4
2026-09-25,matera,city-center,ba978c38-0908-41cf-bc76-7cd6a567bc46,J&J's,25,6,4,4,16.0,4
2026-09-23,matera,serra-rifusa,cd95be44-c6ed-47ba-87a9-730cfdf927f4,J&J's,0,3,0,0,,0
2026-09-24,matera,serra-rifusa,cd95be44-c6ed-47ba-87a9-730cfdf927f4,J&J's,0,8,0,0,,0
2026-09-25,matera,serra-rifusa,cd95be44-c6ed-47ba-87a9-730cfdf927f4,J&J's,0,6,0,0,,0
2026-09-23,matera,city-center,f654ac88-4e52-4607-b8db-90552350fcaf,J&J's,10,3,3,3,30.0,3
2026-09-24,matera,city-center,f654ac88-4e52-4607-b8db-90552350fcaf,J&J's,10,8,3,1,30.0,3
2026-09-25,matera,city-center,f654ac88-4e52-4607-b8db-90552350fcaf,J&J's,10,6,1,1,10.0,1
2026-09-23,messina,messina-centrale,0999b5e6-87b0-4bd6-af8b-cf262bea5615,J&J's,0,3,0,0,,0
2026-09-24,messina,messina-centrale,0999b5e6-87b0-4bd6-af8b-cf262bea5615,J&J's,0,8,0,0,,0
2026-09-25,messina,messina-centrale,0999b5e6-87b0-4bd6-af8b-cf262bea5615,J&J's,0,6,0,0,,0
2026-09-23,messina,villa-san-giovanni,0bee1d2f-30b5-4168-bdcc-356aa37db511,J&J's,0,3,0,0,,0
2026-09-24,messina,villa-san-giovanni,0bee1d2f-30b5-4168-bdcc-356aa37db511,J&J's,0,8,0,0,,0
2026-09-25,messina,villa-san-giovanni,0bee1d2f-30b5-4168-bdcc-356aa37db511,J&J's,0,6,0,0,,0
2026-09-23,messina,borgo-del-ringo,0ddada20-856f-4938-9d2f-cb61f8a346d4,J&J's,0,3,0,0,,0
2026-09-24,messina,borgo-del-ringo,0ddada20-856f-4938-9d2f-cb61f8a346d4,J&J's,0,8,0,0,,0
2026-09-25,messina,borgo-del-ringo,0ddada20-856f-4938-9d2f-cb61f8a346d4,J&J's,0,6,0,0,,0
2026-09-23,messina,messina-centrale,163f7b88-eea5-4e4b-b91b-fc9d5d3e8656,J&J's,0,3,0,0,,0
2026-09-24,messina,messina-centrale,163f7b88-eea5-4e4b-b91b-fc9d5d3e8656,J&J's,0,8,0,0,,0
2026-09-25,messina,messina-centrale,163f7b88-eea5-4e4b-b91b-fc9d5d3e8656,J&J's,0,6,0,0,,0
2026-09-23,messina,schisò,1f94249d-b6d6-45b5-8cec-fe84d7ddfd3d,J&J's,100,3,1,1,1.0,1
2026-09-24,messina,schisò,1f94249d-b6d6-45b5-8cec-fe84d7ddfd3d,J&J's,100,8,2,2,2.0,2
2026-09-25,messina,schisò,1f94249d-b6d6-45b5-8cec-fe84d7ddfd3d,J&J's,100,6,2,2,2.0,2
2026-09-23,messina,piedimonte-etneo,35069397-2602-4f7f-b1a8-98a5396b99ea,J&J's,0,3,0,0,,0
2026-09-24,messina,piedimonte-etneo,35069397-2602-4f7f-b1a8-98a5396b99ea,J&J's,0,8,0,0,,0
2026-09-25,messina,piedimonte-etneo,35069397-2602-4f7f-b1a8-98a5396b99ea,J&J's,0,6,0,0,,0
2026-09-23,messina,roccamatore,4168c7c8-3d30-4f89-9447-0125a3e2e1ae,J&J's,0,3,0,0,,0
2026-09-24,messina,roccamatore,4168c7c8-3d30-4f89-9447-0125a3e2e1ae,J&J's,0,8,0,0,,0
2026-09-25,messina,roccamatore,4168c7c8-3d30-4f89-9447-0125a3e2e1ae,J&J's,0,6,0,0,,0
2026-09-23,messina,messina-centrale,491f3d9d-91b9-4e15-bfbc-f1edf51b3abf,J&J's,0,3,0,0,,0
2026-09-24,messina,messina-centrale,491f3d9d-91b9-4e15-bfbc-f1edf51b3abf,J&J's,0,8,0,0,,0
2026-09-25,messina,messina-centrale,491f3d9d-91b9-4e15-bfbc-f1edf51b3abf,J&J's,0,6,0,0,,0
2026-09-23,messina,riposto,4c795219-d4ed-4540-8f17-142b74d82b0e,J&J's,0,3,0,0,,0
2026-09-24,messina,riposto,4c795219-d4ed-4540-8f17-142b74d82b0e,J&J's,0,8,0,0,,0
2026-09-25,messina,riposto,4c795219-d4ed-4540-8f17-142b74d82b0e,J&J's,0,6,0,0,,0
2026-09-23,messina,papardo,4ccfbefb-8921-4bfb-83e7-968de5868fa4,J&J's,0,3,0,0,,0
2026-09-24,messina,papardo,4ccfbefb-8921-4bfb-83e7-968de5868fa4,J&J's,0,8,0,0,,0
2026-09-25,messina,papardo,4ccfbefb-8921-4bfb-83e7-968de5868fa4,J&J's,0,6,0,0,,0
2026-09-23,messina,messina-centrale,5312dceb-906c-4d21-8a06-39678c392616,J&J's,0,3,0,0,,0
2026-09-24,messina,messina-centrale,5312dceb-906c-4d21-8a06-39678c392616,J&J's,0,8,0,0,,0
2026-09-25,messina,messina-centrale,5312dceb-906c-4d21-8a06-39678c392616,J&J's,0,6,0,0,,0
2026-09-23,messina,rione-taormina,5f9b96f3-932c-4766-a585-fc823bf83078,J&J's,0,3,0,0,,0
2026-09-24,messina,rione-taormina,5f9b96f3-932c-4766-a585-fc823bf83078,J&J's,0,8,0,0,,0
2026-09-25,messina,rione-taormina,5f9b96f3-932c-4766-a585-fc823bf83078,J&J's,0,6,0,0,,0
2026-09-23,messina,vi-circoscrizione,64240ee3-e56a-4a1d-8f5c-b40bea1c82d5,J&J's,0,3,0,0,,0
2026-09-24,messina,vi-circoscrizione,64240ee3-e56a-4a1d-8f5c-b40bea1c82d5,J&J's,0,8,0,0,,0
2026-09-25,messina,vi-circoscrizione,64240ee3-e56a-4a1d-8f5c-b40bea1c82d5,J&J's,0,6,0,0,,0
2026-09-23,messina,schisò,6d858fef-7f7b-49be-a316-7eba8f8d1fb4,J&J's,0,3,0,0,,0
2026-09-24,messina,schisò,6d858fef-7f7b-49be-a316-7eba8f8d1fb4,J&J's,0,8,0,0,,0
2026-09-25,messina,schisò,6d858fef-7f7b-49be-a316-7eba8f8d1fb4,J&J's,0,6,0,0,,0
2026-09-23,messina,messina-centrale,712aa5d4-be1d-41d7-acc8-41c45a744961,J&J's,0,3,1,1,,1
2026-09-24,messina,messina-centrale,712aa5d4-be1d-41d7-acc8-41c45a744961,J&J's,0,8,1,1,,1
2026-09-25,messina,messina-centrale,712aa5d4-be1d-41d7-acc8-41c45a744961,J&J's,0,6,1,1,,1
2026-09-23,messina,fondo-garufi,7407b5d4-a4a3-4207-b945-b4419d633d3d,J&J's,0,3,0,0,,0
2026-09-24,messina,fondo-garufi,7407b5d4-a4a3-4207-b945-b4419d633d3d,J&J's,0,8,0,0,,0
2026-09-25,messina,fondo-garufi,7407b5d4-a4a3-4207-b945-b4419d633d3d,J&J's,0,6,0,0,,0
2026-09-23,messina,messina-centrale,793db949-8ab3-44e8-87b4-d4c2ebe7208a,J&J's,0,3,14,14,,14
2026-09-24,messina,messina-centrale,793db949-8ab3-44e8-87b4-d4c2ebe7208a,J&J's,0,8,17,17,,17
2026-09-25,messina,messina-centrale,793db949-8ab3-44e8-87b4-d4c2ebe7208a,J&J's,0,6,18,18,,18
2026-09-23,messina,i-circoscrizione,7c864bcc-8592-4abd-8f2e-85eadda732e2,J&J's,0,3,0,0,,0
2026-09-24,messina,i-circoscrizione,7c864bcc-8592-4abd-8f2e-85eadda732e2,J&J's,0,8,0,0,,0
2026-09-25,messina,i-circoscrizione,7c864bcc-8592-4abd-8f2e-85eadda732e2,J&J's,0,6,0,0,,0
2026-09-23,messina,san-leonardello,7ef5369d-af3e-427b-83fe-d29f3fea86e4,J&J's,0,3,0,0,,0
2026-09-24,messina,san-leonardello,7ef5369d-af3e-427b-83fe-d29f3fea86e4,J&J's,0,8,0,0,,0
2026-09-25,messina,san-leonardello,7ef5369d-af3e-427b-83fe-d29f3fea86e4,J&J's,0,6,0,0,,0
2026-09-23,messina,i-circoscrizione,84f3d16a-4354-4e1c-91bc-97d346d1fa06,J&J's,0,3,0,0,,0
2026-09-24,messina,i-circoscrizione,84f3d16a-4354-4e1c-91bc-97d346d1fa06,J&J's,0,8,0,0,,0
2026-09-25,messina,i-circoscrizione,84f3d16a-4354-4e1c-91bc-97d346d1fa06,J&J's,0,6,0,0,,0
2026-09-23,messina,messina-centrale,882c207c-e8f6-45f6-899b-eca24ae04593,J&J's,0,3,0,0,,0
2026-09-24,messina,messina-centrale,882c207c-e8f6-45f6-899b-eca24ae04593,J&J's,0,8,0,0,,0
2026-09-25,messina,messina-centrale,882c207c-e8f6-45f6-899b-eca24ae04593,J&J's,0,6,0,0,,0
2026-09-23,messina,messina-centrale,88b754c8-7b97-4a6a-9609-29d800b5917b,J&J's,0,3,0,0,,0
2026-09-24,messina,messina-centrale,88b754c8-7b97-4a6a-9609-29d800b5917b,J&J's,0,8,0,0,,0
2026-09-25,messina,messina-centrale,88b754c8-7b97-4a6a-9609-29d800b5917b,J&J's,0,6,0,0,,0
2026-09-23,messina,villaggio-matteotti,8a1c1212-6cec-441b-a6c0-635ecb93ba2c,J&J's,0,3,0,0,,0
2026-09-24,messina,villaggio-matteotti,8a1c1212-6cec-441b-a6c0-635ecb93ba2c,J&J's,0,8,0,0,,0
2026-09-25,messina,villaggio-matteotti,8a1c1212-6cec-441b-a6c0-635ecb93ba2c,J&J's,0,6,0,0,,0
2026-09-23,messina,messina-centrale,98851087-b634-41bd-a885-99ad4303269f,J&J's,0,3,0,0,,0
2026-09-24,messina,messina-centrale,98851087-b634-41bd-a885-99ad4303269f,J&J's,0,8,0,0,,0
2026-09-25,messina,messina-centrale,98851087-b634-41bd-a885-99ad4303269f,J&J's,0,6,0,0,,0
2026-09-23,messina,san-salvatore-dei-greci,9deb8ce0-d0bd-46a9-97fe-5d667b7558de,J&J's,0,3,0,0,,0
2026-09-24,messina,san-salvatore-dei-greci,9deb8ce0-d0bd-46a9-97fe-5d667b7558de,J&J's,0,8,0,0,,0
2026-09-25,messina,san-salvatore-dei-greci,9deb8ce0-d0bd-46a9-97fe-5d667b7558de,J&J's,0,6,0,0,,0
2026-09-23,messina,messina-centrale,a3c3205c-bd35-4972-bd3e-b7cc9f0a54a0,J&J's,0,3,0,0,,0
2026-09-24,messina,messina-centrale,a3c3205c-bd35-4972-bd3e-b7cc9f0a54a0,J&J's,0,8,0,0,,0
2026-09-25,messina,messina-centrale,a3c3205c-bd35-4972-bd3e-b7cc9f0a54a0,J&J's,0,6,0,0,,0
2026-09-23,messina,messina-centrale,a3d869b4-3906-45a6-8808-9c027e13676d,J&J's,20,3,0,0,0.0,0
2026-09-24,messina,messina-centrale,a3d869b4-3906-45a6-8808-9c027e13676d,J&J's,20,8,0,0,0.0,0
2026-09-25,messina,messina-centrale,a3d869b4-3906-45a6-8808-9c027e13676d,J&J's,20,6,0,0,0.0,0
2026-09-23,messina,villaggio-matteotti,a47fb6bf-eadb-4f9f-9e79-9df55edcad1a,J&J's,0,3,0,0,,0
2026-09-24,messina,villaggio-matteotti,a47fb6bf-eadb-4f9f-9e79-9df55edcad1a,J&J's,0,8,0,0,,0
2026-09-25,messina,villaggio-matteotti,a47fb6bf-eadb-4f9f-9e79-9df55edcad1a,J&J's,0,6,0,0,,0
2026-09-23,messina,messina-centrale,b3e6293e-2990-484e-876e-fa8a75cf89ce,J&J's,0,3,0,0,,0
2026-09-24,messina,messina-centrale,b3e6293e-2990-484e-876e-fa8a75cf89ce,J&J's,0,8,0,0,,0
2026-09-25,messina,messina-centrale,b3e6293e-2990-484e-876e-fa8a75cf89ce,J&J's,0,6,0,0,,0
2026-09-23,messina,zaera,bad9484c-3e4b-4498-81de-cf73e718f26a,J&J's,0,3,0,0,,0
2026-09-24,messina,zaera,bad9484c-3e4b-4498-81de-cf73e718f26a,J&J's,0,8,0,0,,0
2026-09-25,messina,zaera,bad9484c-3e4b-4498-81de-cf73e718f26a,J&J's,0,6,0,0,,0
2026-09-23,messina,messina-centrale,bdea426b-6395-4926-9224-d61ab7cacbb1,J&J's,0,3,0,0,,0
2026-09-24,messina,messina-centrale,bdea426b-6395-4926-9224-d61ab7cacbb1,J&J's,0,8,0,0,,0
2026-09-25,messina,messina-centrale,bdea426b-6395-4926-9224-d61ab7cacbb1,J&J's,0,6,0,0,,0
2026-09-23,messina,peri,bf0b6b96-c9ff-47e4-9999-5eef1b84caf2,J&J's,0,3,0,0,,0
2026-09-24,messina,peri,bf0b6b96-c9ff-47e4-9999-5eef1b84caf2,J&J's,0,8,0,0,,0
2026-09-25,messina,peri,bf0b6b96-c9ff-47e4-9999-5eef1b84caf2,J&J's,0,6,0,0,,0
2026-09-23,messina,santa-maria-la-strada,c1caaaf7-5bc6-4ed5-b1fe-ff7175fe3952,J&J's,0,3,0,0,,0
2026-09-24,messina,santa-maria-la-strada,c1caaaf7-5bc6-4ed5-b1fe-ff7175fe3952,J&J's,0,8,0,0,,0
2026-09-25,messina,santa-maria-la-strada,c1caaaf7-5bc6-4ed5-b1fe-ff7175fe3952,J&J's,0,6,0,0,,0
2026-09-23,messina,messina-centrale,cb5eac9a-2fb2-4836-8da4-edfa1ee045ca,J&J's,0,3,0,0,,0
2026-09-24,messina,messina-centrale,cb5eac9a-2fb2-4836-8da4-edfa1ee045ca,J&J's,0,8,0,0,,0
2026-09-25,messina,messina-centrale,cb5eac9a-2fb2-4836-8da4-edfa1ee045ca,J&J's,0,6,0,0,,0
2026-09-23,messina,altarello,ce20a612-8c87-4700-8955-2ae6c3ea24c9,J&J's,0,3,0,0,,0
2026-09-24,messina,altarello,ce20a612-8c87-4700-8955-2ae6c3ea24c9,J&J's,0,8,0,0,,0
2026-09-25,messina,altarello,ce20a612-8c87-4700-8955-2ae6c3ea24c9,J&J's,0,6,0,0,,0
2026-09-23,messina,villaggio-sant'annibale,d8270a18-a056-4c7b-9e3a-47ec8e2ec792,J&J's,0,3,0,0,,0
2026-09-24,messina,villaggio-sant'annibale,d8270a18-a056-4c7b-9e3a-47ec8e2ec792,J&J's,0,8,0,0,,0
2026-09-25,messina,villaggio-sant'annibale,d8270a18-a056-4c7b-9e3a-47ec8e2ec792,J&J's,0,6,0,0,,0
2026-09-23,messina,altarello,db0221b2-dcc3-4d83-b228-17524e4bc6e3,J&J's,0,3,0,0,,0
2026-09-24,messina,altarello,db0221b2-dcc3-4d83-b228-17524e4bc6e3,J&J's,0,8,0,0,,0
2026-09-25,messina,altarello,db0221b2-dcc3-4d83-b228-17524e4bc6e3,J&J's,0,6,0,0,,0
2026-09-23,messina,messina-centrale,e4df0c84-17e9-422a-a589-904fd1692052,J&J's,0,3,0,0,,0
2026-09-24,messina,messina-centrale,e4df0c84-17e9-422a-a589-904fd1692052,J&J's,0,8,0,0,,0
2026-09-25,messina,messina-centrale,e4df0c84-17e9-422a-a589-904fd1692052,J&J's,0,6,0,0,,0
2026-09-23,messina,castiglione-di-sicilia,e736c002-b76d-4e54-b212-35f44b9cbb66,J&J's,0,3,0,0,,0
2026-09-24,messina,castiglione-di-sicilia,e736c002-b76d-4e54-b212-35f44b9cbb66,J&J's,0,8,0,0,,0
2026-09-25,messina,castiglione-di-sicilia,e736c002-b76d-4e54-b212-35f44b9cbb66,J&J's,0,6,0,0,,0
2026-09-23,messina,fondo-ragusa-e-marino,f42adc36-fffa-4048-9c30-d986a6b275d0,J&J's,0,3,0,0,,0
2026-09-24,messina,fondo-ragusa-e-marino,f42adc36-fffa-4048-9c30-d986a6b275d0,J&J's,0,8,0,0,,0
2026-09-25,messina,fondo-ragusa-e-marino,f42adc36-fffa-4048-9c30-d986a6b275d0,J&J's,0,6,0,0,,0
2026-09-23,messina,tre-monti,faf91cf2-35cb-456b-a442-0519dd7dd576,J&J's,0,3,0,0,,0
2026-09-24,messina,tre-monti,faf91cf2-35cb-456b-a442-0519dd7dd576,J&J's,0,8,0,0,,0
2026-09-25,messina,tre-monti,faf91cf2-35cb-456b-a442-0519dd7dd576,J&J's,0,6,0,0,,0
2026-09-23,messina,villaggio-matteotti,fb9ddfa8-054c-4dbc-9776-d96b29342ad4,J&J's,0,3,0,0,,0
2026-09-24,messina,villaggio-matteotti,fb9ddfa8-054c-4dbc-9776-d96b29342ad4,J&J's,0,8,0,0,,0
2026-09-25,messina,villaggio-matteotti,fb9ddfa8-054c-4dbc-9776-d96b29342ad4,J&J's,0,6,0,0,,0
2026-09-23,milan,milan-centrale-railway-station,01526196-4202-43fe-9b64-196511f602b0,J&J's,0,3,9,9,,9
2026-09-24,milan,milan-centrale-railway-station,01526196-4202-43fe-9b64-196511f602b0,J&J's,0,9,9,8,,9
2026-09-25,milan,milan-centrale-railway-station,01526196-4202-43fe-9b64-196511f602b0,J&J's,0,6,8,7,,8
2026-09-23,milan,milan-centrale-railway-station,01ee00ea-b2c3-49a0-a18d-d34e7d431d97,J&J's,100,3,86,85,86.0,86
2026-09-24,milan,milan-centrale-railway-station,01ee00ea-b2c3-49a0-a18d-d34e7d431d97,J&J's,100,9,85,81,85.0,86
2026-09-25,milan,milan-centrale-railway-station,01ee00ea-b2c3-49a0-a18d-d34e7d431d97,J&J's,100,6,82,78,82.0,82
2026-09-23,milan,dergano,0223d734-649d-433f-a381-92b163aa0a56,J&J's,0,3,0,0,,0
2026-09-24,milan,dergano,0223d734-649d-433f-a381-92b163aa0a56,J&J's,0,9,0,0,,0
2026-09-25,milan,dergano,0223d734-649d-433f-a381-92b163aa0a56,J&J's,0,6,0,0,,0
2026-09-23,milan,quartiere-lodovico-il-moro,03926c93-68f9-40ee-b041-eefe9dfbe0ce,J&J's,50,3,0,0,0.0,0
2026-09-24,milan,quartiere-lodovico-il-moro,03926c93-68f9-40ee-b041-eefe9dfbe0ce,J&J's,50,9,0,0,0.0,0
2026-09-25,milan,quartiere-lodovico-il-moro,03926c93-68f9-40ee-b041-eefe9dfbe0ce,J&J's,50,6,0,0,0.0,0
2026-09-23,milan,loreto,05fa9a84-b816-46e5-ae30-edfe855efbde,J&J's,0,3,0,0,,0
2026-09-24,milan,loreto,05fa9a84-b816-46e5-ae30-edfe855efbde,J&J's,0,9,0,0,,0
2026-09-25,milan,loreto,05fa9a84-b816-46e5-ae30-edfe855efbde,J&J's,0,6,0,0,,0
2026-09-23,milan,triulzo,066ce4dd-e4ca-40e2-b360-5bdefdff6841,J&J's,0,3,0,0,,0
2026-09-24,milan,triulzo,066ce4dd-e4ca-40e2-b360-5bdefdff6841,J&J's,0,9,0,0,,0
2026-09-25,milan,triulzo,066ce4dd-e4ca-40e2-b360-5bdefdff6841,J&J's,0,6,0,0,,0
2026-09-23,milan,loreto,07f69aca-521e-490f-be31-67ac649ec9e9,J&J's,0,3,3,3,,3
2026-09-24,milan,loreto,07f69aca-521e-490f-be31-67ac649ec9e9,J&J's,0,9,3,3,,3
2026-09-25,milan,loreto,07f69aca-521e-490f-be31-67ac649ec9e9,J&J's,0,6,7,7,,7
2026-09-23,milan,milan-centrale-railway-station,09f2f50f-644f-4a82-830c-07e8baf3b611,J&J's,0,3,10,10,,10
2026-09-24,milan,milan-centrale-railway-station,09f2f50f-644f-4a82-830c-07e8baf3b611,J&J's,0,9,10,9,,10
2026-09-25,milan,milan-centrale-railway-station,09f2f50f-644f-4a82-830c-07e8baf3b611,J&J's,0,6,9,9,,9
2026-09-23,milan,porta-garibaldi,0a80c1f5-33b6-4f50-abbc-30a326fec9cb,J&J's,15,3,14,13,93.3,14
2026-09-24,milan,porta-garibaldi,0a80c1f5-33b6-4f50-abbc-30a326fec9cb,J&J's,15,9,17,17,113.3,17
2026-09-25,milan,porta-garibaldi,0a80c1f5-33b6-4f50-abbc-30a326fec9cb,J&J's,15,6,17,17,113.3,17
2026-09-23,milan,santa-maria-delle-grazie,0ae4e568-c1b1-4805-97d3-7a3eb9ece766,J&J's,0,3,4,4,,4
2026-09-24,milan,santa-maria-delle-grazie,0ae4e568-c1b1-4805-97d3-7a3eb9ece766,J&J's,0,9,4,4,,4
2026-09-25,milan,santa-maria-delle-grazie,0ae4e568-c1b1-4805-97d3-7a3eb9ece766,J&J's,0,6,5,5,,5
2026-09-23,milan,casoretto,0bcfcf18-ede2-477d-a4ac-a4ba5a8852b3,J&J's,0,3,0,0,,0
2026-09-24,milan,casoretto,0bcfcf18-ede2-477d-a4ac-a4ba5a8852b3,J&J's,0,9,0,0,,0
2026-09-25,milan,casoretto,0bcfcf18-ede2-477d-a4ac-a4ba5a8852b3,J&J's,0,6,0,0,,0
2026-09-23,milan,porta-ticinese,0cd0e1e3-83ff-432a-9169-e11145da46cc,J&J's,0,3,2,2,,2
2026-09-24,milan,porta-ticinese,0cd0e1e3-83ff-432a-9169-e11145da46cc,J&J's,0,9,4,3,,4
2026-09-25,milan,porta-ticinese,0cd0e1e3-83ff-432a-9169-e11145da46cc,J&J's,0,6,3,3,,3
2026-09-23,milan,porta-venezia,0d427360-b701-4fb8-b8ce-8cffd5b87fe3,J&J's,5,3,1,1,20.0,1
2026-09-24,milan,porta-venezia,0d427360-b701-4fb8-b8ce-8cffd5b87fe3,J&J's,5,9,1,1,20.0,1
2026-09-25,milan,porta-venezia,0d427360-b701-4fb8-b8ce-8cffd5b87fe3,J&J's,5,6,1,1,20.0,1
2026-09-23,milan,porta-vittoria,0ef5077b-9b11-4a4b-8d79-deedd94e83ae,J&J's,0,3,0,0,,0
2026-09-24,milan,porta-vittoria,0ef5077b-9b11-4a4b-8d79-deedd94e83ae,J&J's,0,9,0,0,,0
2026-09-25,milan,porta-vittoria,0ef5077b-9b11-4a4b-8d79-deedd94e83ae,J&J's,0,6,0,0,,0
2026-09-23,milan,lodi---corvetto,10099cdf-69fb-4d33-9e81-73ffa7b2529f,J&J's,0,3,0,0,,0
2026-09-24,milan,lodi---corvetto,10099cdf-69fb-4d33-9e81-73ffa7b2529f,J&J's,0,9,0,0,,0
2026-09-25,milan,lodi---corvetto,10099cdf-69fb-4d33-9e81-73ffa7b2529f,J&J's,0,6,0,0,,0
2026-09-23,milan,missori,105e09f2-c357-4405-8ced-a14d09ddf2f3,J&J's,0,3,16,16,,17
2026-09-24,milan,missori,105e09f2-c357-4405-8ced-a14d09ddf2f3,J&J's,0,9,19,19,,19
2026-09-25,milan,missori,105e09f2-c357-4405-8ced-a14d09ddf2f3,J&J's,0,6,24,24,,24
2026-09-23,milan,milan-centrale-railway-station,115cd70d-82ad-4540-bee1-400957f2b5ba,J&J's,0,3,0,0,,0
2026-09-24,milan,milan-centrale-railway-station,115cd70d-82ad-4540-bee1-400957f2b5ba,J&J's,0,9,0,0,,0
2026-09-25,milan,milan-centrale-railway-station,115cd70d-82ad-4540-bee1-400957f2b5ba,J&J's,0,6,0,0,,0
2026-09-23,milan,zone-1-of-milan,1229e385-0efe-4aba-a54f-47fca4f40d49,J&J's,25,3,15,15,60.0,15
2026-09-24,milan,zone-1-of-milan,1229e385-0efe-4aba-a54f-47fca4f40d49,J&J's,25,9,16,16,64.0,16
2026-09-25,milan,zone-1-of-milan,1229e385-0efe-4aba-a54f-47fca4f40d49,J&J's,25,6,17,16,68.0,17
2026-09-23,milan,lorenteggio,1511afc5-8437-4fc5-afca-75032714c486,J&J's,0,3,0,0,,0
2026-09-24,milan,lorenteggio,1511afc5-8437-4fc5-afca-75032714c486,J&J's,0,9,0,0,,0
2026-09-25,milan,lorenteggio,1511afc5-8437-4fc5-afca-75032714c486,J&J's,0,6,0,0,,0
2026-09-23,milan,municipio-5,157a0fcc-cba7-47eb-b64f-58cc49119080,J&J's,0,3,0,0,,0
2026-09-24,milan,municipio-5,157a0fcc-cba7-47eb-b64f-58cc49119080,J&J's,0,9,0,0,,0
2026-09-25,milan,municipio-5,157a0fcc-cba7-47eb-b64f-58cc49119080,J&J's,0,6,0,0,,0
2026-09-23,milan,municipio-5,18ec80b9-637a-4b15-8685-efd0e5101449,J&J's,0,3,0,0,,0
2026-09-24,milan,municipio-5,18ec80b9-637a-4b15-8685-efd0e5101449,J&J's,0,9,0,0,,0
2026-09-25,milan,municipio-5,18ec80b9-637a-4b15-8685-efd0e5101449,J&J's,0,6,0,0,,0
2026-09-23,milan,porta-venezia,19118050-4973-401f-b88e-6e812cee3036,J&J's,0,3,0,0,,0
2026-09-24,milan,porta-venezia,19118050-4973-401f-b88e-6e812cee3036,J&J's,0,9,0,0,,0
2026-09-25,milan,porta-venezia,19118050-4973-401f-b88e-6e812cee3036,J&J's,0,6,0,0,,0
2026-09-23,milan,milan-centrale-railway-station,19573fed-ffe8-4691-b8f8-b69c730f7164,J&J's,0,3,33,33,,33
2026-09-24,milan,milan-centrale-railway-station,19573fed-ffe8-4691-b8f8-b69c730f7164,J&J's,0,9,34,34,,34
2026-09-25,milan,milan-centrale-railway-station,19573fed-ffe8-4691-b8f8-b69c730f7164,J&J's,0,6,34,31,,34
2026-09-23,milan,milano-repubblica-station,1a20a041-8360-46ed-90ad-af71019ee938,J&J's,0,3,1,1,,1
2026-09-24,milan,milano-repubblica-station,1a20a041-8360-46ed-90ad-af71019ee938,J&J's,0,9,1,1,,1
2026-09-25,milan,milano-repubblica-station,1a20a041-8360-46ed-90ad-af71019ee938,J&J's,0,6,1,1,,1
2026-09-23,milan,cadorna,1ad2fa7a-f895-4f11-87e2-88d7b77e9c14,J&J's,20,3,12,12,60.0,12
2026-09-24,milan,cadorna,1ad2fa7a-f895-4f11-87e2-88d7b77e9c14,J&J's,20,9,12,11,60.0,12
2026-09-25,milan,cadorna,1ad2fa7a-f895-4f11-87e2-88d7b77e9c14,J&J's,20,6,12,12,60.0,12
2026-09-23,milan,milan-centrale-railway-station,1c7508bd-72f6-4b7c-bc0e-49a414eb3cec,J&J's,50,3,0,0,0.0,0
2026-09-24,milan,milan-centrale-railway-station,1c7508bd-72f6-4b7c-bc0e-49a414eb3cec,J&J's,50,9,0,0,0.0,0
2026-09-25,milan,milan-centrale-railway-station,1c7508bd-72f6-4b7c-bc0e-49a414eb3cec,J&J's,50,6,0,0,0.0,0
2026-09-23,milan,bareggia,1c93f482-f896-4bab-a7c1-17d62d20ac96,J&J's,0,3,0,0,,0
2026-09-24,milan,bareggia,1c93f482-f896-4bab-a7c1-17d62d20ac96,J&J's,0,9,0,0,,0
2026-09-25,milan,bareggia,1c93f482-f896-4bab-a7c1-17d62d20ac96,J&J's,0,6,0,0,,0
2026-09-23,milan,porta-venezia,1e5887ba-3e2a-4736-8309-e15056fdb178,J&J's,0,3,2,2,,2
2026-09-24,milan,porta-venezia,1e5887ba-3e2a-4736-8309-e15056fdb178,J&J's,0,9,3,3,,3
2026-09-25,milan,porta-venezia,1e5887ba-3e2a-4736-8309-e15056fdb178,J&J's,0,6,5,5,,5
2026-09-23,milan,washington,1e76e976-aa6e-42ca-ab86-951a2d42f71f,J&J's,10,3,0,0,0.0,0
2026-09-24,milan,washington,1e76e976-aa6e-42ca-ab86-951a2d42f71f,J&J's,10,9,0,0,0.0,0
2026-09-25,milan,washington,1e76e976-aa6e-42ca-ab86-951a2d42f71f,J&J's,10,6,0,0,0.0,0
2026-09-23,milan,quartiere-omero,1ea7f938-9de5-4572-9069-3fae53915550,J&J's,0,3,0,0,,0
2026-09-24,milan,quartiere-omero,1ea7f938-9de5-4572-9069-3fae53915550,J&J's,0,9,0,0,,0
2026-09-25,milan,quartiere-omero,1ea7f938-9de5-4572-9069-3fae53915550,J&J's,0,6,0,0,,0
2026-09-23,milan,seggiano,20850f81-53da-42fb-b659-3b39731bb9a1,J&J's,0,3,0,0,,0
2026-09-24,milan,seggiano,20850f81-53da-42fb-b659-3b39731bb9a1,J&J's,0,9,0,0,,0
2026-09-25,milan,seggiano,20850f81-53da-42fb-b659-3b39731bb9a1,J&J's,0,6,0,0,,0
2026-09-23,milan,la-fontana,20be6751-2643-4cd0-96af-1ff6a711c088,J&J's,0,3,4,4,,4
2026-09-24,milan,la-fontana,20be6751-2643-4cd0-96af-1ff6a711c088,J&J's,0,9,6,6,,6
2026-09-25,milan,la-fontana,20be6751-2643-4cd0-96af-1ff6a711c088,J&J's,0,6,6,6,,6
2026-09-23,milan,missori,20e78dfb-f3ec-4c57-ae9b-2cb450e8b571,J&J's,50,3,4,4,8.0,4
2026-09-24,milan,missori,20e78dfb-f3ec-4c57-ae9b-2cb450e8b571,J&J's,50,9,4,4,8.0,4
2026-09-25,milan,missori,20e78dfb-f3ec-4c57-ae9b-2cb450e8b571,J&J's,50,6,4,2,8.0,4
2026-09-23,milan,loreto,21ed8ae6-dca7-4372-94fa-f066a8536cea,J&J's,0,3,1,1,,1
2026-09-24,milan,loreto,21ed8ae6-dca7-4372-94fa-f066a8536cea,J&J's,0,9,1,1,,1
2026-09-25,milan,loreto,21ed8ae6-dca7-4372-94fa-f066a8536cea,J&J's,0,6,2,2,,2
2026-09-23,milan,lambrate,2218a645-0ffd-4367-bd12-b3740bdab3b6,J&J's,0,3,7,7,,7
2026-09-24,milan,lambrate,2218a645-0ffd-4367-bd12-b3740bdab3b6,J&J's,0,9,7,7,,7
2026-09-25,milan,lambrate,2218a645-0ffd-4367-bd12-b3740bdab3b6,J&J's,0,6,11,11,,11
2026-09-23,milan,fiera,2233f41a-4ca4-47b8-90af-565a3132b730,J&J's,15,3,0,0,0.0,0
2026-09-24,milan,fiera,2233f41a-4ca4-47b8-90af-565a3132b730,J&J's,15,9,0,0,0.0,0
2026-09-25,milan,fiera,2233f41a-4ca4-47b8-90af-565a3132b730,J&J's,15,6,0,0,0.0,0
2026-09-23,milan,porta-garibaldi-train-station,22d469c3-7ad5-453c-8610-2e8c85fee3e4,J&J's,0,3,0,0,,0
2026-09-24,milan,porta-garibaldi-train-station,22d469c3-7ad5-453c-8610-2e8c85fee3e4,J&J's,0,9,0,0,,0
2026-09-25,milan,porta-garibaldi-train-station,22d469c3-7ad5-453c-8610-2e8c85fee3e4,J&J's,0,6,0,0,,0
2026-09-23,milan,porta-ticinese,2300264c-2ebd-421d-be81-a1ed016120be,J&J's,0,3,6,6,,6
2026-09-24,milan,porta-ticinese,2300264c-2ebd-421d-be81-a1ed016120be,J&J's,0,9,6,5,,6
2026-09-25,milan,porta-ticinese,2300264c-2ebd-421d-be81-a1ed016120be,J&J's,0,6,4,4,,4
2026-09-23,milan,missori,23ca169e-0c65-4211-9b50-5ae487dd3881,J&J's,0,3,0,0,,0
2026-09-24,milan,missori,23ca169e-0c65-4211-9b50-5ae487dd3881,J&J's,0,9,0,0,,0
2026-09-25,milan,missori,23ca169e-0c65-4211-9b50-5ae487dd3881,J&J's,0,6,0,0,,0
2026-09-23,milan,porta-romana,2541098f-d75b-45fb-b2a2-5177f5deb088,J&J's,0,3,4,4,,4
2026-09-24,milan,porta-romana,2541098f-d75b-45fb-b2a2-5177f5deb088,J&J's,0,9,4,4,,4
2026-09-25,milan,porta-romana,2541098f-d75b-45fb-b2a2-5177f5deb088,J&J's,0,6,4,4,,4
2026-09-23,milan,porta-ticinese,26e899c7-804b-45c6-b01b-b2b3732e48ae,J&J's,0,3,0,0,,0
2026-09-24,milan,porta-ticinese,26e899c7-804b-45c6-b01b-b2b3732e48ae,J&J's,0,9,0,0,,0
2026-09-25,milan,porta-ticinese,26e899c7-804b-45c6-b01b-b2b3732e48ae,J&J's,0,6,0,0,,0
2026-09-23,milan,porta-venezia,2748790e-e08a-4d76-9816-ef0066baa2c5,J&J's,0,3,0,0,,0
2026-09-24,milan,porta-venezia,2748790e-e08a-4d76-9816-ef0066baa2c5,J&J's,0,9,0,0,,0
2026-09-25,milan,porta-venezia,2748790e-e08a-4d76-9816-ef0066baa2c5,J&J's,0,6,0,0,,0
2026-09-23,milan,missori,28bf028b-df82-4d4c-82d1-a87c972239a2,J&J's,50,3,20,20,40.0,20
2026-09-24,milan,missori,28bf028b-df82-4d4c-82d1-a87c972239a2,J&J's,50,9,21,21,42.0,21
2026-09-25,milan,missori,28bf028b-df82-4d4c-82d1-a87c972239a2,J&J's,50,6,21,21,42.0,21
2026-09-23,milan,porta-venezia,2973c426-2a34-4c83-ab7e-046a3e5d7a3b,J&J's,0,3,0,0,,0
2026-09-24,milan,porta-venezia,2973c426-2a34-4c83-ab7e-046a3e5d7a3b,J&J's,0,9,0,0,,0
2026-09-25,milan,porta-venezia,2973c426-2a34-4c83-ab7e-046a3e5d7a3b,J&J's,0,6,0,0,,0
2026-09-23,milan,carrobbio,29aa49fd-383f-4e81-b51a-e4d6315a2c9b,J&J's,0,3,6,6,,6
2026-09-24,milan,carrobbio,29aa49fd-383f-4e81-b51a-e4d6315a2c9b,J&J's,0,9,6,4,,6
2026-09-25,milan,carrobbio,29aa49fd-383f-4e81-b51a-e4d6315a2c9b,J&J's,0,6,6,6,,7
2026-09-23,milan,duomo,2a5ef432-daea-4537-9ace-003273340654,J&J's,15,3,40,38,266.7,40
2026-09-24,milan,duomo,2a5ef432-daea-4537-9ace-003273340654,J&J's,15,9,38,38,253.3,38
2026-09-25,milan,duomo,2a5ef432-daea-4537-9ace-003273340654,J&J's,15,6,39,39,260.0,39
2026-09-23,milan,villapizzone-railway-station,2aa2c7e1-4c16-4f0a-811d-4fd7c7d0a6e0,J&J's,0,3,0,0,,0
2026-09-24,milan,villapizzone-railway-station,2aa2c7e1-4c16-4f0a-811d-4fd7c7d0a6e0,J&J's,0,9,0,0,,0
2026-09-25,milan,villapizzone-railway-station,2aa2c7e1-4c16-4f0a-811d-4fd7c7d0a6e0,J&J's,0,6,0,0,,0
2026-09-23,milan,duomo,2b6caf73-eb34-40a1-bdae-863e1ce57894,J&J's,20,3,45,44,225.0,45
2026-09-24,milan,duomo,2b6caf73-eb34-40a1-bdae-863e1ce57894,J&J's,20,9,43,43,215.0,44
2026-09-25,milan,duomo,2b6caf73-eb34-40a1-bdae-863e1ce57894,J&J's,20,6,44,44,220.0,44
2026-09-23,milan,porta-garibaldi-train-station,2b9e4336-893d-45e7-9e96-3817b7252bd3,J&J's,0,3,16,15,,16
2026-09-24,milan,porta-garibaldi-train-station,2b9e4336-893d-45e7-9e96-3817b7252bd3,J&J's,0,9,18,16,,18
2026-09-25,milan,porta-garibaldi-train-station,2b9e4336-893d-45e7-9e96-3817b7252bd3,J&J's,0,6,16,16,,17
2026-09-23,milan,san-siro-stadium,2c595673-0696-4acc-8ce9-113d6b9a71cb,J&J's,0,3,1,0,,1
2026-09-24,milan,san-siro-stadium,2c595673-0696-4acc-8ce9-113d6b9a71cb,J&J's,0,9,0,0,,0
2026-09-25,milan,san-siro-stadium,2c595673-0696-4acc-8ce9-113d6b9a71cb,J&J's,0,6,0,0,,0
2026-09-24,milan,,2cec056f-9a06-4a9a-aa02-29ec448deaea,J&J's,0,3,0,0,,0
2026-09-25,milan,,2cec056f-9a06-4a9a-aa02-29ec448deaea,J&J's,0,6,0,0,,0
2026-09-23,milan,porta-garibaldi-train-station,2dfd68f7-1a09-49e1-83f0-e6cdab7a8337,J&J's,0,3,6,6,,6
2026-09-24,milan,porta-garibaldi-train-station,2dfd68f7-1a09-49e1-83f0-e6cdab7a8337,J&J's,0,9,8,7,,8
2026-09-25,milan,porta-garibaldi-train-station,2dfd68f7-1a09-49e1-83f0-e6cdab7a8337,J&J's,0,6,9,9,,9
2026-09-23,milan,casoretto,2e18562c-dcdc-40cf-9cb2-08461387b1c9,J&J's,0,3,0,0,,0
2026-09-24,milan,casoretto,2e18562c-dcdc-40cf-9cb2-08461387b1c9,J&J's,0,9,0,0,,0
2026-09-25,milan,casoretto,2e18562c-dcdc-40cf-9cb2-08461387b1c9,J&J's,0,6,0,0,,0
2026-09-23,milan,dergano,2e19801b-de96-4a1a-a9bd-bce0b0c17204,J&J's,10,3,0,0,0.0,0
2026-09-24,milan,dergano,2e19801b-de96-4a1a-a9bd-bce0b0c17204,J&J's,10,9,0,0,0.0,0
2026-09-25,milan,dergano,2e19801b-de96-4a1a-a9bd-bce0b0c17204,J&J's,10,6,0,0,0.0,0
2026-09-23,milan,porta-ticinese,2e27de54-a78f-4f48-b43c-790893343226,J&J's,0,3,0,0,,0
2026-09-24,milan,porta-ticinese,2e27de54-a78f-4f48-b43c-790893343226,J&J's,0,9,0,0,,0
2026-09-25,milan,porta-ticinese,2e27de54-a78f-4f48-b43c-790893343226,J&J's,0,6,0,0,,0
2026-09-23,milan,porta-garibaldi-train-station,2e4bacbe-9827-46a0-a976-661bf3377adc,J&J's,6,3,2,2,33.3,2
2026-09-24,milan,porta-garibaldi-train-station,2e4bacbe-9827-46a0-a976-661bf3377adc,J&J's,6,9,2,2,33.3,2
2026-09-25,milan,porta-garibaldi-train-station,2e4bacbe-9827-46a0-a976-661bf3377adc,J&J's,6,6,2,2,33.3,2
2026-09-23,milan,porta-romana,2e6e3c52-172b-4a3b-836e-6883ad9678fb,J&J's,0,3,0,0,,0
2026-09-24,milan,porta-romana,2e6e3c52-172b-4a3b-836e-6883ad9678fb,J&J's,0,9,0,0,,0
2026-09-25,milan,porta-romana,2e6e3c52-172b-4a3b-836e-6883ad9678fb,J&J's,0,6,0,0,,0
2026-09-23,milan,porta-venezia,2f261e53-785b-4611-8cf6-39025e477556,J&J's,0,3,3,3,,3
2026-09-24,milan,porta-venezia,2f261e53-785b-4611-8cf6-39025e477556,J&J's,0,9,4,4,,4
2026-09-25,milan,porta-venezia,2f261e53-785b-4611-8cf6-39025e477556,J&J's,0,6,5,4,,5
2026-09-23,milan,san-pietro,2fc25cd9-187d-4122-a8d0-01e3ed9887f6,J&J's,0,3,0,0,,0
2026-09-24,milan,san-pietro,2fc25cd9-187d-4122-a8d0-01e3ed9887f6,J&J's,0,9,0,0,,0
2026-09-25,milan,san-pietro,2fc25cd9-187d-4122-a8d0-01e3ed9887f6,J&J's,0,6,0,0,,0
2026-09-23,milan,locate-di-triulzi,3070d196-fcb5-4c86-b51d-f3f27923549c,J&J's,0,3,0,0,,0
2026-09-24,milan,locate-di-triulzi,3070d196-fcb5-4c86-b51d-f3f27923549c,J&J's,0,9,0,0,,0
2026-09-25,milan,locate-di-triulzi,3070d196-fcb5-4c86-b51d-f3f27923549c,J&J's,0,6,0,0,,0
2026-09-23,milan,porta-genova,3137d081-d513-4c4e-b579-586cd1534849,J&J's,0,3,3,3,,3
2026-09-24,milan,porta-genova,3137d081-d513-4c4e-b579-586cd1534849,J&J's,0,9,3,3,,3
2026-09-25,milan,porta-genova,3137d081-d513-4c4e-b579-586cd1534849,J&J's,0,6,3,3,,3
2026-09-23,milan,tre-torri,31550a2b-a2d0-4bb2-8cf2-e202c9256da8,J&J's,0,3,0,0,,0
2026-09-24,milan,tre-torri,31550a2b-a2d0-4bb2-8cf2-e202c9256da8,J&J's,0,9,0,0,,0
2026-09-25,milan,tre-torri,31550a2b-a2d0-4bb2-8cf2-e202c9256da8,J&J's,0,6,0,0,,0
2026-09-23,milan,guastalla,31a078f3-7065-4c11-8db7-37b594a5f38e,J&J's,0,3,1,1,,1
2026-09-24,milan,guastalla,31a078f3-7065-4c11-8db7-37b594a5f38e,J&J's,0,9,1,1,,1
2026-09-25,milan,guastalla,31a078f3-7065-4c11-8db7-37b594a5f38e,J&J's,0,6,2,2,,2
2026-09-23,milan,ippocampo,31eaf75a-d8e9-48f4-bbce-1c39cbf54eb7,J&J's,0,3,0,0,,0
2026-09-24,milan,ippocampo,31eaf75a-d8e9-48f4-bbce-1c39cbf54eb7,J&J's,0,9,0,0,,0
2026-09-25,milan,ippocampo,31eaf75a-d8e9-48f4-bbce-1c39cbf54eb7,J&J's,0,6,0,0,,0
2026-09-23,milan,guastalla,3212455c-8c29-4c1e-958f-6ffd2ef22b93,J&J's,0,3,2,2,,2
2026-09-24,milan,guastalla,3212455c-8c29-4c1e-958f-6ffd2ef22b93,J&J's,0,9,2,2,,2
2026-09-25,milan,guastalla,3212455c-8c29-4c1e-958f-6ffd2ef22b93,J&J's,0,6,2,2,,2
2026-09-23,milan,la-fontana,337cfc6a-a218-4b94-9422-4efff5860d98,J&J's,0,3,1,1,,1
2026-09-24,milan,la-fontana,337cfc6a-a218-4b94-9422-4efff5860d98,J&J's,0,9,1,1,,1
2026-09-25,milan,la-fontana,337cfc6a-a218-4b94-9422-4efff5860d98,J&J's,0,6,1,1,,1
2026-09-23,milan,crescenzago,33d7ff24-9290-49e0-86ac-b0ec1d0fb86f,J&J's,0,3,0,0,,0
2026-09-24,milan,crescenzago,33d7ff24-9290-49e0-86ac-b0ec1d0fb86f,J&J's,0,9,0,0,,0
2026-09-25,milan,crescenzago,33d7ff24-9290-49e0-86ac-b0ec1d0fb86f,J&J's,0,6,0,0,,0
2026-09-23,milan,melegnano,33f95ef2-a0bb-4c6d-84b4-1396a12899ca,J&J's,0,3,0,0,,0
2026-09-24,milan,melegnano,33f95ef2-a0bb-4c6d-84b4-1396a12899ca,J&J's,0,9,0,0,,0
2026-09-25,milan,melegnano,33f95ef2-a0bb-4c6d-84b4-1396a12899ca,J&J's,0,6,0,0,,0
2026-09-23,milan,via-torino-via-palla,34b29368-3d28-43a2-9859-aeb3ed222480,J&J's,0,3,0,0,,0
2026-09-24,milan,via-torino-via-palla,34b29368-3d28-43a2-9859-aeb3ed222480,J&J's,0,9,1,1,,1
2026-09-25,milan,via-torino-via-palla,34b29368-3d28-43a2-9859-aeb3ed222480,J&J's,0,6,1,1,,1
2026-09-23,milan,niguarda,358aff6d-fc9b-462e-a8de-9e19432ac389,J&J's,0,3,0,0,,0
2026-09-24,milan,niguarda,358aff6d-fc9b-462e-a8de-9e19432ac389,J&J's,0,9,0,0,,0
2026-09-25,milan,niguarda,358aff6d-fc9b-462e-a8de-9e19432ac389,J&J's,0,6,0,0,,0
2026-09-23,milan,milan-centrale-railway-station,37919644-c8a5-4355-bcbf-993d9a078df2,J&J's,0,3,0,0,,0
2026-09-24,milan,milan-centrale-railway-station,37919644-c8a5-4355-bcbf-993d9a078df2,J&J's,0,9,0,0,,0
2026-09-25,milan,milan-centrale-railway-station,37919644-c8a5-4355-bcbf-993d9a078df2,J&J's,0,6,0,0,,0
2026-09-23,milan,vialba,38d32330-9506-46cf-8ab9-43bb7af6d2a2,J&J's,0,3,0,0,,0
2026-09-24,milan,vialba,38d32330-9506-46cf-8ab9-43bb7af6d2a2,J&J's,0,9,0,0,,0
2026-09-25,milan,vialba,38d32330-9506-46cf-8ab9-43bb7af6d2a2,J&J's,0,6,0,0,,0
2026-09-23,milan,cantun-sciatin,395b489b-c73c-466d-b730-af0c9b53219d,J&J's,50,3,0,0,0.0,0
2026-09-24,milan,cantun-sciatin,395b489b-c73c-466d-b730-af0c9b53219d,J&J's,50,9,0,0,0.0,0
2026-09-25,milan,cantun-sciatin,395b489b-c73c-466d-b730-af0c9b53219d,J&J's,50,6,0,0,0.0,0
2026-09-23,milan,cadorna,3aa8a160-20b5-41db-b451-69efa64b7b19,J&J's,0,3,78,78,,78
2026-09-24,milan,cadorna,3aa8a160-20b5-41db-b451-69efa64b7b19,J&J's,0,9,85,82,,85
2026-09-25,milan,cadorna,3aa8a160-20b5-41db-b451-69efa64b7b19,J&J's,0,6,82,76,,82
2026-09-23,milan,porta-romana,3ac4856d-57b7-4548-a4b4-50ec29f9c35d,J&J's,0,3,1,0,,1
2026-09-24,milan,porta-romana,3ac4856d-57b7-4548-a4b4-50ec29f9c35d,J&J's,0,9,0,0,,0
2026-09-25,milan,porta-romana,3ac4856d-57b7-4548-a4b4-50ec29f9c35d,J&J's,0,6,0,0,,0
2026-09-23,milan,duomo,3afdd956-07d1-48c9-8c16-51dd61ec286d,J&J's,0,3,1,1,,1
2026-09-24,milan,duomo,3afdd956-07d1-48c9-8c16-51dd61ec286d,J&J's,0,9,2,2,,2
2026-09-25,milan,duomo,3afdd956-07d1-48c9-8c16-51dd61ec286d,J&J's,0,6,2,2,,2
2026-09-23,milan,milan-centrale-railway-station,3da0a1ae-920a-455c-a460-8557ba3d1778,J&J's,15,3,6,6,40.0,6
2026-09-24,milan,milan-centrale-railway-station,3da0a1ae-920a-455c-a460-8557ba3d1778,J&J's,15,9,8,8,53.3,8
2026-09-25,milan,milan-centrale-railway-station,3da0a1ae-920a-455c-a460-8557ba3d1778,J&J's,15,6,8,8,53.3,8
2026-09-23,milan,santa-maria-delle-grazie,3db39fe9-27da-4747-8772-70081387ecc6,J&J's,100,3,1,1,1.0,1
2026-09-24,milan,santa-maria-delle-grazie,3db39fe9-27da-4747-8772-70081387ecc6,J&J's,100,9,1,1,1.0,1
2026-09-25,milan,santa-maria-delle-grazie,3db39fe9-27da-4747-8772-70081387ecc6,J&J's,100,6,1,1,1.0,1
2026-09-23,milan,satellite,3f109f0f-6b2a-4556-b71d-4e4edcb586a2,J&J's,0,3,0,0,,0
2026-09-24,milan,satellite,3f109f0f-6b2a-4556-b71d-4e4edcb586a2,J&J's,0,9,0,0,,0
2026-09-25,milan,satellite,3f109f0f-6b2a-4556-b71d-4e4edcb586a2,J&J's,0,6,0,0,,0
2026-09-23,milan,segnanino,40701bad-4b05-4b3f-8183-8359eeff371a,J&J's,0,3,0,0,,0
2026-09-24,milan,segnanino,40701bad-4b05-4b3f-8183-8359eeff371a,J&J's,0,9,0,0,,0
2026-09-25,milan,segnanino,40701bad-4b05-4b3f-8183-8359eeff371a,J&J's,0,6,0,0,,0
2026-09-23,milan,loreto,40bf0ce7-899a-48d2-b2ef-2fc87b1dd530,J&J's,0,3,2,2,,2
2026-09-24,milan,loreto,40bf0ce7-899a-48d2-b2ef-2fc87b1dd530,J&J's,0,9,2,1,,2
2026-09-25,milan,loreto,40bf0ce7-899a-48d2-b2ef-2fc87b1dd530,J&J's,0,6,1,1,,1
2026-09-23,milan,porta-genova,40c34ecd-7263-4f28-a201-d2761340669c,J&J's,50,3,6,6,12.0,6
2026-09-24,milan,porta-genova,40c34ecd-7263-4f28-a201-d2761340669c,J&J's,50,9,6,6,12.0,6
2026-09-25,milan,porta-genova,40c34ecd-7263-4f28-a201-d2761340669c,J&J's,50,6,6,6,12.0,6
2026-09-23,milan,china-town-milan,4178a5db-523a-40cc-9b00-eff60a298459,J&J's,70,3,13,12,18.6,13
2026-09-24,milan,china-town-milan,4178a5db-523a-40cc-9b00-eff60a298459,J&J's,70,9,13,13,18.6,13
2026-09-25,milan,china-town-milan,4178a5db-523a-40cc-9b00-eff60a298459,J&J's,70,6,13,11,18.6,13
2026-09-23,milan,assago,4355b6ee-fee8-4a94-8b5f-ca47137dee80,J&J's,0,3,0,0,,0
2026-09-24,milan,assago,4355b6ee-fee8-4a94-8b5f-ca47137dee80,J&J's,0,9,0,0,,0
2026-09-25,milan,assago,4355b6ee-fee8-4a94-8b5f-ca47137dee80,J&J's,0,6,0,0,,0
2026-09-23,milan,municipio-5,43d38df6-6334-403c-9f59-3a2e53fa2f5f,J&J's,50,3,0,0,0.0,0
2026-09-24,milan,municipio-5,43d38df6-6334-403c-9f59-3a2e53fa2f5f,J&J's,50,9,0,0,0.0,0
2026-09-25,milan,municipio-5,43d38df6-6334-403c-9f59-3a2e53fa2f5f,J&J's,50,6,0,0,0.0,0
2026-09-23,milan,loreto,450a5aca-d685-443b-b422-dc32b4536aa6,J&J's,0,3,0,0,,0
2026-09-24,milan,loreto,450a5aca-d685-443b-b422-dc32b4536aa6,J&J's,0,9,0,0,,0
2026-09-25,milan,loreto,450a5aca-d685-443b-b422-dc32b4536aa6,J&J's,0,6,1,1,,1
2026-09-23,milan,milano-repubblica-station,46580079-76ec-4a84-b220-150e929b373f,J&J's,40,3,9,9,22.5,9
2026-09-24,milan,milano-repubblica-station,46580079-76ec-4a84-b220-150e929b373f,J&J's,40,9,10,10,25.0,10
2026-09-25,milan,milano-repubblica-station,46580079-76ec-4a84-b220-150e929b373f,J&J's,40,6,10,8,25.0,10
2026-09-23,milan,quartiere-campo-dei-fiori,48d4043a-ebbd-4566-b0c5-8f2f555eb6fe,J&J's,0,3,1,1,,1
2026-09-24,milan,quartiere-campo-dei-fiori,48d4043a-ebbd-4566-b0c5-8f2f555eb6fe,J&J's,0,9,1,1,,1
2026-09-25,milan,quartiere-campo-dei-fiori,48d4043a-ebbd-4566-b0c5-8f2f555eb6fe,J&J's,0,6,0,0,,0
2026-09-23,milan,china-town,494c2bd0-b8fe-4987-8d35-5cf1faffeef9,J&J's,0,3,0,0,,0
2026-09-24,milan,china-town,494c2bd0-b8fe-4987-8d35-5cf1faffeef9,J&J's,0,9,0,0,,0
2026-09-25,milan,china-town,494c2bd0-b8fe-4987-8d35-5cf1faffeef9,J&J's,0,6,0,0,,0
2026-09-23,milan,santa-maria-delle-grazie,495e0244-0599-4d85-afc3-176d3a8cb5fc,J&J's,10,3,11,11,110.0,11
2026-09-24,milan,santa-maria-delle-grazie,495e0244-0599-4d85-afc3-176d3a8cb5fc,J&J's,10,9,11,10,110.0,11
2026-09-25,milan,santa-maria-delle-grazie,495e0244-0599-4d85-afc3-176d3a8cb5fc,J&J's,10,6,12,12,120.0,12
2026-09-23,milan,crescenzago,4a2a6a10-3a5a-4d62-8c0c-fed1d22b6904,J&J's,0,3,0,0,,0
2026-09-24,milan,crescenzago,4a2a6a10-3a5a-4d62-8c0c-fed1d22b6904,J&J's,0,9,0,0,,0
2026-09-25,milan,crescenzago,4a2a6a10-3a5a-4d62-8c0c-fed1d22b6904,J&J's,0,6,0,0,,0
2026-09-23,milan,caiazzo,4a6735f6-f660-4c02-9528-35f774ecbc30,J&J's,6,3,0,0,0.0,0
2026-09-24,milan,caiazzo,4a6735f6-f660-4c02-9528-35f774ecbc30,J&J's,6,9,0,0,0.0,0
2026-09-25,milan,caiazzo,4a6735f6-f660-4c02-9528-35f774ecbc30,J&J's,6,6,0,0,0.0,0
2026-09-23,milan,zone-7-of-milan,4aa628db-be2f-46da-be25-1e0b30a9be1d,J&J's,0,3,0,0,,0
2026-09-24,milan,zone-7-of-milan,4aa628db-be2f-46da-be25-1e0b30a9be1d,J&J's,0,9,0,0,,0
2026-09-25,milan,zone-7-of-milan,4aa628db-be2f-46da-be25-1e0b30a9be1d,J&J's,0,6,0,0,,0
2026-09-23,milan,washington,4b344114-6d8a-48d5-8780-659bcfd394b2,J&J's,100,3,0,0,0.0,0
2026-09-24,milan,washington,4b344114-6d8a-48d5-8780-659bcfd394b2,J&J's,100,9,0,0,0.0,0
2026-09-25,milan,washington,4b344114-6d8a-48d5-8780-659bcfd394b2,J&J's,100,6,0,0,0.0,0
2026-09-23,milan,zone-1-of-milan,4be51bcc-0c4c-4153-a002-d7a65453d74d,J&J's,0,3,2,2,,2
2026-09-24,milan,zone-1-of-milan,4be51bcc-0c4c-4153-a002-d7a65453d74d,J&J's,0,9,2,2,,2
2026-09-25,milan,zone-1-of-milan,4be51bcc-0c4c-4153-a002-d7a65453d74d,J&J's,0,6,2,2,,2
2026-09-23,milan,milano-repubblica-station,4e276ae8-8008-4cf7-bd36-85547a660673,J&J's,0,3,0,0,,0
2026-09-24,milan,milano-repubblica-station,4e276ae8-8008-4cf7-bd36-85547a660673,J&J's,0,9,0,0,,0
2026-09-25,milan,milano-repubblica-station,4e276ae8-8008-4cf7-bd36-85547a660673,J&J's,0,6,0,0,,0
2026-09-23,milan,porta-garibaldi,4f0f39be-5e74-4bac-b48e-758acf4693dd,J&J's,0,3,36,36,,36
2026-09-24,milan,porta-garibaldi,4f0f39be-5e74-4bac-b48e-758acf4693dd,J&J's,0,9,39,38,,40
2026-09-25,milan,porta-garibaldi,4f0f39be-5e74-4bac-b48e-758acf4693dd,J&J's,0,6,37,35,,37
2026-09-23,milan,porta-venezia,5130f06e-855e-45bb-9ae2-17096afd7b9f,J&J's,0,3,1,1,,1
2026-09-24,milan,porta-venezia,5130f06e-855e-45bb-9ae2-17096afd7b9f,J&J's,0,9,1,0,,1
2026-09-25,milan,porta-venezia,5130f06e-855e-45bb-9ae2-17096afd7b9f,J&J's,0,6,0,0,,0
2026-09-23,milan,zone-7-of-milan,515de8bd-f189-477a-88fc-a5889af43a9a,J&J's,0,3,0,0,,0
2026-09-24,milan,zone-7-of-milan,515de8bd-f189-477a-88fc-a5889af43a9a,J&J's,0,9,0,0,,0
2026-09-25,milan,zone-7-of-milan,515de8bd-f189-477a-88fc-a5889af43a9a,J&J's,0,6,0,0,,0
2026-09-23,milan,motta-visconti,51ca7baf-d4e9-48b0-9152-86a9604702fa,J&J's,20,3,0,0,0.0,0
2026-09-24,milan,motta-visconti,51ca7baf-d4e9-48b0-9152-86a9604702fa,J&J's,20,9,0,0,0.0,0
2026-09-25,milan,motta-visconti,51ca7baf-d4e9-48b0-9152-86a9604702fa,J&J's,20,6,0,0,0.0,0
2026-09-23,milan,vimodrone,51feea90-ab6e-417a-b0b2-c786ea4c272d,J&J's,0,3,0,0,,0
2026-09-24,milan,vimodrone,51feea90-ab6e-417a-b0b2-c786ea4c272d,J&J's,0,9,0,0,,0
2026-09-25,milan,vimodrone,51feea90-ab6e-417a-b0b2-c786ea4c272d,J&J's,0,6,0,0,,0
2026-09-23,milan,cadorna,52e90b47-9edd-427c-8362-f4ab5aa2cde5,J&J's,5,3,7,7,140.0,7
2026-09-24,milan,cadorna,52e90b47-9edd-427c-8362-f4ab5aa2cde5,J&J's,5,9,8,8,160.0,8
2026-09-25,milan,cadorna,52e90b47-9edd-427c-8362-f4ab5aa2cde5,J&J's,5,6,10,10,200.0,10
2026-09-23,milan,navigli,5390edd7-f5da-44a5-a240-7abe84d495f4,J&J's,10,3,1,1,10.0,1
2026-09-24,milan,navigli,5390edd7-f5da-44a5-a240-7abe84d495f4,J&J's,10,9,1,1,10.0,1
2026-09-25,milan,navigli,5390edd7-f5da-44a5-a240-7abe84d495f4,J&J's,10,6,1,1,10.0,1
2026-09-23,milan,loreto,539cf9a5-a0c5-4359-8407-c997cb40fc72,J&J's,0,3,1,1,,1
2026-09-24,milan,loreto,539cf9a5-a0c5-4359-8407-c997cb40fc72,J&J's,0,9,1,1,,1
2026-09-25,milan,loreto,539cf9a5-a0c5-4359-8407-c997cb40fc72,J&J's,0,6,1,1,,1
2026-09-23,milan,corso-buenos-aires,53b67bdc-0383-41a6-a0be-321bf9123bfa,J&J's,50,3,6,6,12.0,6
2026-09-24,milan,corso-buenos-aires,53b67bdc-0383-41a6-a0be-321bf9123bfa,J&J's,50,9,7,7,14.0,7
2026-09-25,milan,corso-buenos-aires,53b67bdc-0383-41a6-a0be-321bf9123bfa,J&J's,50,6,7,7,14.0,7
2026-09-23,milan,duomo,53fb42ef-b29c-4273-bdd1-1b5b2c5b9cf6,J&J's,0,3,9,9,,9
2026-09-24,milan,duomo,53fb42ef-b29c-4273-bdd1-1b5b2c5b9cf6,J&J's,0,9,9,9,,10
2026-09-25,milan,duomo,53fb42ef-b29c-4273-bdd1-1b5b2c5b9cf6,J&J's,0,6,9,9,,9
2026-09-23,milan,porta-venezia,54a9e37c-3709-4263-9532-a2f23d0dc5bd,J&J's,0,3,1,1,,1
2026-09-24,milan,porta-venezia,54a9e37c-3709-4263-9532-a2f23d0dc5bd,J&J's,0,9,1,1,,1
2026-09-25,milan,porta-venezia,54a9e37c-3709-4263-9532-a2f23d0dc5bd,J&J's,0,6,1,0,,1
2026-09-23,milan,casoretto,579e7950-736a-403f-9dc2-a67a39be9132,J&J's,0,3,0,0,,0
2026-09-24,milan,casoretto,579e7950-736a-403f-9dc2-a67a39be9132,J&J's,0,9,0,0,,0
2026-09-25,milan,casoretto,579e7950-736a-403f-9dc2-a67a39be9132,J&J's,0,6,0,0,,0
2026-09-23,milan,milan-centrale-railway-station,59310904-759a-4b9d-bf58-814c20c3a4b8,J&J's,50,3,50,46,100.0,50
2026-09-24,milan,milan-centrale-railway-station,59310904-759a-4b9d-bf58-814c20c3a4b8,J&J's,50,9,45,32,90.0,46
2026-09-25,milan,milan-centrale-railway-station,59310904-759a-4b9d-bf58-814c20c3a4b8,J&J's,50,6,45,45,90.0,45
2026-09-23,milan,baggio,5a5de21c-750e-4a5f-bf75-900ebb9f6306,J&J's,100,3,0,0,0.0,0
2026-09-24,milan,baggio,5a5de21c-750e-4a5f-bf75-900ebb9f6306,J&J's,100,9,0,0,0.0,0
2026-09-25,milan,baggio,5a5de21c-750e-4a5f-bf75-900ebb9f6306,J&J's,100,6,0,0,0.0,0
2026-09-23,milan,zone-7-of-milan,5bb6f9d1-a308-4a0d-9ff6-30c9484f22d3,J&J's,0,3,0,0,,0
2026-09-24,milan,zone-7-of-milan,5bb6f9d1-a308-4a0d-9ff6-30c9484f22d3,J&J's,0,9,0,0,,0
2026-09-25,milan,zone-7-of-milan,5bb6f9d1-a308-4a0d-9ff6-30c9484f22d3,J&J's,0,6,0,0,,0
2026-09-23,milan,missori,5d649e11-29dc-45a9-8f9d-0ed3f49f4303,J&J's,0,3,3,3,,3
2026-09-24,milan,missori,5d649e11-29dc-45a9-8f9d-0ed3f49f4303,J&J's,0,9,3,3,,3
2026-09-25,milan,missori,5d649e11-29dc-45a9-8f9d-0ed3f49f4303,J&J's,0,6,3,2,,3
2026-09-23,milan,santa-maria-delle-grazie,5d808cce-8150-4a08-a1ea-524d29e9feec,J&J's,0,3,0,0,,0
2026-09-24,milan,santa-maria-delle-grazie,5d808cce-8150-4a08-a1ea-524d29e9feec,J&J's,0,9,0,0,,0
2026-09-25,milan,santa-maria-delle-grazie,5d808cce-8150-4a08-a1ea-524d29e9feec,J&J's,0,6,0,0,,0
2026-09-23,milan,porta-ticinese,5feedb32-00da-4242-984c-9991a287ba90,J&J's,0,3,1,1,,1
2026-09-24,milan,porta-ticinese,5feedb32-00da-4242-984c-9991a287ba90,J&J's,0,9,1,1,,1
2026-09-25,milan,porta-ticinese,5feedb32-00da-4242-984c-9991a287ba90,J&J's,0,6,1,1,,1
2026-09-23,milan,greco,62ded901-668a-4bd3-ac65-5c3b391da742,J&J's,0,3,0,0,,0
2026-09-24,milan,greco,62ded901-668a-4bd3-ac65-5c3b391da742,J&J's,0,9,0,0,,0
2026-09-25,milan,greco,62ded901-668a-4bd3-ac65-5c3b391da742,J&J's,0,6,0,0,,0
2026-09-23,milan,santa-maria-delle-grazie,630398a2-10d5-458f-9471-03000437a6cb,J&J's,0,3,2,2,,2
2026-09-24,milan,santa-maria-delle-grazie,630398a2-10d5-458f-9471-03000437a6cb,J&J's,0,9,2,2,,2
2026-09-25,milan,santa-maria-delle-grazie,630398a2-10d5-458f-9471-03000437a6cb,J&J's,0,6,2,2,,2
2026-09-23,milan,bullona,6382993d-7c2d-4944-bd2e-6dc991dc3176,J&J's,0,3,0,0,,0
2026-09-24,milan,bullona,6382993d-7c2d-4944-bd2e-6dc991dc3176,J&J's,0,9,0,0,,0
2026-09-25,milan,bullona,6382993d-7c2d-4944-bd2e-6dc991dc3176,J&J's,0,6,0,0,,0
2026-09-23,milan,porta-garibaldi-train-station,63bf8bc9-4004-408c-afd5-82133abba2e5,J&J's,0,3,0,0,,0
2026-09-24,milan,porta-garibaldi-train-station,63bf8bc9-4004-408c-afd5-82133abba2e5,J&J's,0,9,0,0,,0
2026-09-25,milan,porta-garibaldi-train-station,63bf8bc9-4004-408c-afd5-82133abba2e5,J&J's,0,6,0,0,,0
2026-09-23,milan,milano-certosa,63ca69ea-b72f-4e97-913b-ca1b3e28cff6,J&J's,0,3,0,0,,0
2026-09-24,milan,milano-certosa,63ca69ea-b72f-4e97-913b-ca1b3e28cff6,J&J's,0,9,0,0,,0
2026-09-25,milan,milano-certosa,63ca69ea-b72f-4e97-913b-ca1b3e28cff6,J&J's,0,6,0,0,,0
2026-09-23,milan,bullona,64d8f26a-25d2-4086-851a-a40841dfce3c,J&J's,0,3,47,47,,47
2026-09-24,milan,bullona,64d8f26a-25d2-4086-851a-a40841dfce3c,J&J's,0,9,47,43,,47
2026-09-25,milan,bullona,64d8f26a-25d2-4086-851a-a40841dfce3c,J&J's,0,6,44,41,,44
2026-09-23,milan,citylife,65632514-5e27-4085-b10f-1b493f546885,J&J's,0,3,3,3,,3
2026-09-24,milan,citylife,65632514-5e27-4085-b10f-1b493f546885,J&J's,0,9,3,2,,3
2026-09-25,milan,citylife,65632514-5e27-4085-b10f-1b493f546885,J&J's,0,6,2,2,,2
2026-09-23,milan,san-carlo,6589b3da-8c33-453d-9341-59aa8a028411,J&J's,0,3,0,0,,0
2026-09-24,milan,san-carlo,6589b3da-8c33-453d-9341-59aa8a028411,J&J's,0,9,0,0,,0
2026-09-25,milan,san-carlo,6589b3da-8c33-453d-9341-59aa8a028411,J&J's,0,6,0,0,,0
2026-09-23,milan,battiloca,69c27365-e8d2-4b2f-8dcd-a9d6f2470d96,J&J's,0,3,0,0,,0
2026-09-24,milan,battiloca,69c27365-e8d2-4b2f-8dcd-a9d6f2470d96,J&J's,0,9,0,0,,0
2026-09-25,milan,battiloca,69c27365-e8d2-4b2f-8dcd-a9d6f2470d96,J&J's,0,6,0,0,,0
2026-09-23,milan,navigli,6aa7fec7-85b6-4023-87eb-2fb80c397efa,J&J's,5,3,3,3,60.0,3
2026-09-24,milan,navigli,6aa7fec7-85b6-4023-87eb-2fb80c397efa,J&J's,5,9,5,5,100.0,5
2026-09-25,milan,navigli,6aa7fec7-85b6-4023-87eb-2fb80c397efa,J&J's,5,6,5,4,100.0,5
2026-09-23,milan,zone-7-of-milan,6bab00c7-f1c6-485f-b890-abf660d284c5,J&J's,0,3,0,0,,0
2026-09-24,milan,zone-7-of-milan,6bab00c7-f1c6-485f-b890-abf660d284c5,J&J's,0,9,0,0,,0
2026-09-25,milan,zone-7-of-milan,6bab00c7-f1c6-485f-b890-abf660d284c5,J&J's,0,6,0,0,,0
2026-09-23,milan,ripamonti,6c05178f-14c5-41b2-9df7-6224dc883c9a,J&J's,0,3,0,0,,0
2026-09-24,milan,ripamonti,6c05178f-14c5-41b2-9df7-6224dc883c9a,J&J's,0,9,0,0,,0
2026-09-25,milan,ripamonti,6c05178f-14c5-41b2-9df7-6224dc883c9a,J&J's,0,6,0,0,,0
2026-09-23,milan,cascina-limito,6cd7d154-3688-4bad-8417-8f33eea3a51f,J&J's,0,3,0,0,,0
2026-09-24,milan,cascina-limito,6cd7d154-3688-4bad-8417-8f33eea3a51f,J&J's,0,9,0,0,,0
2026-09-25,milan,cascina-limito,6cd7d154-3688-4bad-8417-8f33eea3a51f,J&J's,0,6,0,0,,0
2026-09-23,milan,altopiano-di-seveso,6db3c12d-2eb0-444a-967c-6858b2f27f3b,J&J's,0,3,0,0,,0
2026-09-24,milan,altopiano-di-seveso,6db3c12d-2eb0-444a-967c-6858b2f27f3b,J&J's,0,9,0,0,,0
2026-09-25,milan,altopiano-di-seveso,6db3c12d-2eb0-444a-967c-6858b2f27f3b,J&J's,0,6,0,0,,0
2026-09-23,milan,porta-romana,6def5312-989e-4750-a4b3-6273aef52109,J&J's,0,3,0,0,,0
2026-09-24,milan,porta-romana,6def5312-989e-4750-a4b3-6273aef52109,J&J's,0,9,0,0,,0
2026-09-25,milan,porta-romana,6def5312-989e-4750-a4b3-6273aef52109,J&J's,0,6,0,0,,0
2026-09-23,milan,citylife,6dfa3f03-5adf-41ea-9809-ad0c487e8294,J&J's,0,3,3,3,,3
2026-09-24,milan,citylife,6dfa3f03-5adf-41ea-9809-ad0c487e8294,J&J's,0,9,5,5,,5
2026-09-25,milan,citylife,6dfa3f03-5adf-41ea-9809-ad0c487e8294,J&J's,0,6,6,6,,6
2026-09-23,milan,duomo,6e9fd4ed-2e37-408b-9d05-5f542a4969c8,J&J's,18,3,17,17,94.4,17
2026-09-24,milan,duomo,6e9fd4ed-2e37-408b-9d05-5f542a4969c8,J&J's,18,9,17,12,94.4,17
2026-09-25,milan,duomo,6e9fd4ed-2e37-408b-9d05-5f542a4969c8,J&J's,18,6,18,18,100.0,18
2026-09-23,milan,porta-romana,6f67bd36-850d-4cae-abab-7c9326932640,J&J's,15,3,4,4,26.7,4
2026-09-24,milan,porta-romana,6f67bd36-850d-4cae-abab-7c9326932640,J&J's,15,9,4,4,26.7,4
2026-09-25,milan,porta-romana,6f67bd36-850d-4cae-abab-7c9326932640,J&J's,15,6,4,4,26.7,4
2026-09-23,milan,porta-garibaldi,6fb6a749-a114-4db4-ab53-ef516443ffbf,J&J's,0,3,3,3,,3
2026-09-24,milan,porta-garibaldi,6fb6a749-a114-4db4-ab53-ef516443ffbf,J&J's,0,9,4,4,,4
2026-09-25,milan,porta-garibaldi,6fb6a749-a114-4db4-ab53-ef516443ffbf,J&J's,0,6,5,5,,5
2026-09-23,milan,porta-garibaldi,7152abd0-e622-4dbd-890b-a95a9cb4ba61,J&J's,0,3,16,16,,16
2026-09-24,milan,porta-garibaldi,7152abd0-e622-4dbd-890b-a95a9cb4ba61,J&J's,0,9,16,13,,16
2026-09-25,milan,porta-garibaldi,7152abd0-e622-4dbd-890b-a95a9cb4ba61,J&J's,0,6,16,15,,16
2026-09-23,milan,quartiere-harar,719b0ab0-d457-4314-8d42-8f7e8e100603,J&J's,20,3,0,0,0.0,0
2026-09-24,milan,quartiere-harar,719b0ab0-d457-4314-8d42-8f7e8e100603,J&J's,20,9,0,0,0.0,0
2026-09-25,milan,quartiere-harar,719b0ab0-d457-4314-8d42-8f7e8e100603,J&J's,20,6,0,0,0.0,0
2026-09-23,milan,porta-garibaldi-train-station,7379dea1-5ae1-49b2-8362-9f3892599e4f,J&J's,10,3,1,1,10.0,1
2026-09-24,milan,porta-garibaldi-train-station,7379dea1-5ae1-49b2-8362-9f3892599e4f,J&J's,10,9,1,0,10.0,1
2026-09-25,milan,porta-garibaldi-train-station,7379dea1-5ae1-49b2-8362-9f3892599e4f,J&J's,10,6,0,0,0.0,0
2026-09-23,milan,washington,73f295d3-d7bc-4965-9f0c-a7d8327a8c0b,J&J's,0,3,6,6,,6
2026-09-24,milan,washington,73f295d3-d7bc-4965-9f0c-a7d8327a8c0b,J&J's,0,9,8,8,,8
2026-09-25,milan,washington,73f295d3-d7bc-4965-9f0c-a7d8327a8c0b,J&J's,0,6,9,9,,9
2026-09-23,milan,la-fontana,745e1c75-9c6e-47ee-8f29-215aa3eb4a6a,J&J's,0,3,0,0,,0
2026-09-24,milan,la-fontana,745e1c75-9c6e-47ee-8f29-215aa3eb4a6a,J&J's,0,9,0,0,,0
2026-09-25,milan,la-fontana,745e1c75-9c6e-47ee-8f29-215aa3eb4a6a,J&J's,0,6,0,0,,0
2026-09-23,milan,bullona,7691ba08-d38f-4d21-8686-8a5cea9f4f95,J&J's,0,3,2,2,,2
2026-09-24,milan,bullona,7691ba08-d38f-4d21-8686-8a5cea9f4f95,J&J's,0,9,2,2,,2
2026-09-25,milan,bullona,7691ba08-d38f-4d21-8686-8a5cea9f4f95,J&J's,0,6,2,2,,2
2026-09-23,milan,maciachini---maggiolina,770c2191-2d50-466e-bfc3-02c8bf1f6d33,J&J's,0,3,1,1,,1
2026-09-24,milan,maciachini---maggiolina,770c2191-2d50-466e-bfc3-02c8bf1f6d33,J&J's,0,9,1,1,,1
2026-09-25,milan,maciachini---maggiolina,770c2191-2d50-466e-bfc3-02c8bf1f6d33,J&J's,0,6,1,1,,1
2026-09-23,milan,loreto,7719d5b5-2284-48e7-9b47-48090036e62d,J&J's,0,3,3,3,,3
2026-09-24,milan,loreto,7719d5b5-2284-48e7-9b47-48090036e62d,J&J's,0,9,3,2,,3
2026-09-25,milan,loreto,7719d5b5-2284-48e7-9b47-48090036e62d,J&J's,0,6,3,2,,3
2026-09-23,milan,cascina-meda,7873d1e3-0c59-41dd-9e80-aabc74e27c35,J&J's,0,3,0,0,,0
2026-09-24,milan,cascina-meda,7873d1e3-0c59-41dd-9e80-aabc74e27c35,J&J's,0,9,0,0,,0
2026-09-25,milan,cascina-meda,7873d1e3-0c59-41dd-9e80-aabc74e27c35,J&J's,0,6,0,0,,0
2026-09-23,milan,cim,78761acf-821a-4c1c-8770-d2666b9f5e54,J&J's,0,3,0,0,,0
2026-09-24,milan,cim,78761acf-821a-4c1c-8770-d2666b9f5e54,J&J's,0,9,0,0,,0
2026-09-25,milan,cim,78761acf-821a-4c1c-8770-d2666b9f5e54,J&J's,0,6,0,0,,0
2026-09-23,milan,cadorna,78ddf495-5bbb-4e94-bc27-da786d2a97ee,J&J's,0,3,24,24,,24
2026-09-24,milan,cadorna,78ddf495-5bbb-4e94-bc27-da786d2a97ee,J&J's,0,9,27,27,,27
2026-09-25,milan,cadorna,78ddf495-5bbb-4e94-bc27-da786d2a97ee,J&J's,0,6,32,32,,32
2026-09-23,milan,cassina-de'-gatti,793ca48f-d5c3-4660-8134-6172809cd53a,J&J's,0,3,0,0,,0
2026-09-24,milan,cassina-de'-gatti,793ca48f-d5c3-4660-8134-6172809cd53a,J&J's,0,9,0,0,,0
2026-09-25,milan,cassina-de'-gatti,793ca48f-d5c3-4660-8134-6172809cd53a,J&J's,0,6,0,0,,0
2026-09-23,milan,meda,7a88171e-c88c-4519-89e4-5f7036d93458,J&J's,0,3,0,0,,0
2026-09-24,milan,meda,7a88171e-c88c-4519-89e4-5f7036d93458,J&J's,0,9,0,0,,0
2026-09-25,milan,meda,7a88171e-c88c-4519-89e4-5f7036d93458,J&J's,0,6,0,0,,0
2026-09-23,milan,duomo,7b4c54b8-8320-4ecc-a1b4-cd5ac44f938d,J&J's,0,3,0,0,,0
2026-09-24,milan,duomo,7b4c54b8-8320-4ecc-a1b4-cd5ac44f938d,J&J's,0,9,0,0,,0
2026-09-25,milan,duomo,7b4c54b8-8320-4ecc-a1b4-cd5ac44f938d,J&J's,0,6,0,0,,0
2026-09-23,milan,porta-romana,7be463a8-fcf5-4912-9e67-f5c8ed3c5dc0,J&J's,8,3,0,0,0.0,0
2026-09-24,milan,porta-romana,7be463a8-fcf5-4912-9e67-f5c8ed3c5dc0,J&J's,8,9,0,0,0.0,0
2026-09-25,milan,porta-romana,7be463a8-fcf5-4912-9e67-f5c8ed3c5dc0,J&J's,8,6,0,0,0.0,0
2026-09-23,milan,porta-romana,7c98386e-dccc-4227-9fec-7459dc60ac1f,J&J's,0,3,0,0,,0
2026-09-24,milan,porta-romana,7c98386e-dccc-4227-9fec-7459dc60ac1f,J&J's,0,9,0,0,,0
2026-09-25,milan,porta-romana,7c98386e-dccc-4227-9fec-7459dc60ac1f,J&J's,0,6,0,0,,0
2026-09-23,milan,quartiere-zingone,7d14ea43-4a16-42b6-b053-e42fc9fa5afa,J&J's,0,3,0,0,,0
2026-09-24,milan,quartiere-zingone,7d14ea43-4a16-42b6-b053-e42fc9fa5afa,J&J's,0,9,0,0,,0
2026-09-25,milan,quartiere-zingone,7d14ea43-4a16-42b6-b053-e42fc9fa5afa,J&J's,0,6,0,0,,0
2026-09-23,milan,loreto,7ebb1e82-d820-4517-b8fb-4bfd911f8408,J&J's,0,3,2,2,,2
2026-09-24,milan,loreto,7ebb1e82-d820-4517-b8fb-4bfd911f8408,J&J's,0,9,3,3,,3
2026-09-25,milan,loreto,7ebb1e82-d820-4517-b8fb-4bfd911f8408,J&J's,0,6,3,3,,3
2026-09-23,milan,duomo,7f0f165b-86be-4243-b52f-896e9f92245c,J&J's,0,3,8,8,,8
2026-09-24,milan,duomo,7f0f165b-86be-4243-b52f-896e9f92245c,J&J's,0,9,8,7,,8
2026-09-25,milan,duomo,7f0f165b-86be-4243-b52f-896e9f92245c,J&J's,0,6,7,7,,7
2026-09-23,milan,crescenzago,80a6b165-dd98-4e7a-9b90-9a9fae9f1c41,J&J's,0,3,1,1,,1
2026-09-24,milan,crescenzago,80a6b165-dd98-4e7a-9b90-9a9fae9f1c41,J&J's,0,9,1,1,,1
2026-09-25,milan,crescenzago,80a6b165-dd98-4e7a-9b90-9a9fae9f1c41,J&J's,0,6,1,1,,1
2026-09-23,milan,da-là-dal-punt,820ac988-8d2f-42d8-b1d3-874c2e19de38,J&J's,0,3,0,0,,0
2026-09-24,milan,da-là-dal-punt,820ac988-8d2f-42d8-b1d3-874c2e19de38,J&J's,0,9,0,0,,0
2026-09-25,milan,da-là-dal-punt,820ac988-8d2f-42d8-b1d3-874c2e19de38,J&J's,0,6,0,0,,0
2026-09-23,milan,locate-di-triulzi,8274ac16-aeed-452b-a259-5fcef4d6d83a,J&J's,6,3,0,0,0.0,0
2026-09-24,milan,locate-di-triulzi,8274ac16-aeed-452b-a259-5fcef4d6d83a,J&J's,6,9,0,0,0.0,0
2026-09-25,milan,locate-di-triulzi,8274ac16-aeed-452b-a259-5fcef4d6d83a,J&J's,6,6,0,0,0.0,0
2026-09-23,milan,washington,82f71fb7-50d8-40d7-9279-c5113be226bd,J&J's,50,3,1,1,2.0,1
2026-09-24,milan,washington,82f71fb7-50d8-40d7-9279-c5113be226bd,J&J's,50,9,1,1,2.0,1
2026-09-25,milan,washington,82f71fb7-50d8-40d7-9279-c5113be226bd,J&J's,50,6,1,1,2.0,1
2026-09-23,milan,san-felice,83d55b60-a708-45df-9d00-083b9b70dc80,J&J's,0,3,0,0,,0
2026-09-24,milan,san-felice,83d55b60-a708-45df-9d00-083b9b70dc80,J&J's,0,9,0,0,,0
2026-09-25,milan,san-felice,83d55b60-a708-45df-9d00-083b9b70dc80,J&J's,0,6,0,0,,0
2026-09-23,milan,san-babila,8504d9ff-13f3-4599-8681-26e5e8b6a2bb,J&J's,0,3,6,6,,6
2026-09-24,milan,san-babila,8504d9ff-13f3-4599-8681-26e5e8b6a2bb,J&J's,0,9,8,8,,8
2026-09-25,milan,san-babila,8504d9ff-13f3-4599-8681-26e5e8b6a2bb,J&J's,0,6,8,7,,9
2026-09-23,milan,missori,862b64ed-5a43-449e-bd5f-d215e790e3a8,J&J's,0,3,0,0,,0
2026-09-24,milan,missori,862b64ed-5a43-449e-bd5f-d215e790e3a8,J&J's,0,9,0,0,,0
2026-09-25,milan,missori,862b64ed-5a43-449e-bd5f-d215e790e3a8,J&J's,0,6,0,0,,0
2026-09-23,milan,porta-ticinese,8819c2fa-8955-4692-a8a3-4b4ad5e7d5d1,J&J's,0,3,0,0,,0
2026-09-24,milan,porta-ticinese,8819c2fa-8955-4692-a8a3-4b4ad5e7d5d1,J&J's,0,9,0,0,,0
2026-09-25,milan,porta-ticinese,8819c2fa-8955-4692-a8a3-4b4ad5e7d5d1,J&J's,0,6,0,0,,0
2026-09-23,milan,china-town,88b27c23-456a-4712-afcf-ff2252596a77,J&J's,0,3,0,0,,0
2026-09-24,milan,china-town,88b27c23-456a-4712-afcf-ff2252596a77,J&J's,0,9,0,0,,0
2026-09-25,milan,china-town,88b27c23-456a-4712-afcf-ff2252596a77,J&J's,0,6,0,0,,0
2026-09-23,milan,santa-maria-delle-grazie,898791ec-29ad-49b5-b579-f50f84a19759,J&J's,0,3,0,0,,0
2026-09-24,milan,santa-maria-delle-grazie,898791ec-29ad-49b5-b579-f50f84a19759,J&J's,0,9,0,0,,0
2026-09-25,milan,santa-maria-delle-grazie,898791ec-29ad-49b5-b579-f50f84a19759,J&J's,0,6,0,0,,0
2026-09-23,milan,politecnico-di-milano-campus-bovisa-la-masa,89c09bda-d6e2-43da-9f95-8bf34731d1ed,J&J's,0,3,0,0,,0
2026-09-24,milan,politecnico-di-milano-campus-bovisa-la-masa,89c09bda-d6e2-43da-9f95-8bf34731d1ed,J&J's,0,9,0,0,,0
2026-09-25,milan,politecnico-di-milano-campus-bovisa-la-masa,89c09bda-d6e2-43da-9f95-8bf34731d1ed,J&J's,0,6,0,0,,0
2026-09-23,milan,missori,8a5b2871-fb6d-476c-9b2a-b81b3b24ec20,J&J's,50,3,6,6,12.0,6
2026-09-24,milan,missori,8a5b2871-fb6d-476c-9b2a-b81b3b24ec20,J&J's,50,9,6,6,12.0,6
2026-09-25,milan,missori,8a5b2871-fb6d-476c-9b2a-b81b3b24ec20,J&J's,50,6,6,5,12.0,6
2026-09-23,milan,santa-maria-delle-grazie,8a89f3cf-1b9f-488c-b32a-fd9a91e09cdc,J&J's,0,3,0,0,,0
2026-09-24,milan,santa-maria-delle-grazie,8a89f3cf-1b9f-488c-b32a-fd9a91e09cdc,J&J's,0,9,0,0,,0
2026-09-25,milan,santa-maria-delle-grazie,8a89f3cf-1b9f-488c-b32a-fd9a91e09cdc,J&J's,0,6,0,0,,0
2026-09-23,milan,milan-centrale-railway-station,8b064029-808e-490b-a8b1-9df75ced4df3,J&J's,0,3,0,0,,0
2026-09-24,milan,milan-centrale-railway-station,8b064029-808e-490b-a8b1-9df75ced4df3,J&J's,0,9,0,0,,0
2026-09-25,milan,milan-centrale-railway-station,8b064029-808e-490b-a8b1-9df75ced4df3,J&J's,0,6,0,0,,0
2026-09-23,milan,milan-centrale-railway-station,8b8a6f9b-35a8-4423-bf81-6ea25f7e5832,J&J's,0,3,11,11,,11
2026-09-24,milan,milan-centrale-railway-station,8b8a6f9b-35a8-4423-bf81-6ea25f7e5832,J&J's,0,9,12,12,,12
2026-09-25,milan,milan-centrale-railway-station,8b8a6f9b-35a8-4423-bf81-6ea25f7e5832,J&J's,0,6,12,11,,12
2026-09-23,milan,palazzo-di-giustizia,8cda64a1-4b53-4267-8b5b-f736056988d2,J&J's,0,3,8,8,,8
2026-09-24,milan,palazzo-di-giustizia,8cda64a1-4b53-4267-8b5b-f736056988d2,J&J's,0,9,13,13,,13
2026-09-25,milan,palazzo-di-giustizia,8cda64a1-4b53-4267-8b5b-f736056988d2,J&J's,0,6,13,13,,13
2026-09-23,milan,niguarda,8e941f8c-ba29-4ea7-a0c8-c4f8ebe1ef95,J&J's,0,3,0,0,,0
2026-09-24,milan,niguarda,8e941f8c-ba29-4ea7-a0c8-c4f8ebe1ef95,J&J's,0,9,0,0,,0
2026-09-25,milan,niguarda,8e941f8c-ba29-4ea7-a0c8-c4f8ebe1ef95,J&J's,0,6,0,0,,0
2026-09-23,milan,tibaldi,8f2563dd-512a-4642-b534-1ae1aa4ce88a,J&J's,0,3,0,0,,0
2026-09-24,milan,tibaldi,8f2563dd-512a-4642-b534-1ae1aa4ce88a,J&J's,0,9,0,0,,0
2026-09-25,milan,tibaldi,8f2563dd-512a-4642-b534-1ae1aa4ce88a,J&J's,0,6,0,0,,0
2026-09-23,milan,loreto,907874c4-a8f9-43c4-8225-dcf085683f5e,J&J's,0,3,0,0,,0
2026-09-24,milan,loreto,907874c4-a8f9-43c4-8225-dcf085683f5e,J&J's,0,9,1,1,,1
2026-09-25,milan,loreto,907874c4-a8f9-43c4-8225-dcf085683f5e,J&J's,0,6,1,1,,1
2026-09-23,milan,milan-centrale-railway-station,910c1014-b564-4cd0-9fd2-846fe1443825,J&J's,200,3,203,203,101.5,203
2026-09-24,milan,milan-centrale-railway-station,910c1014-b564-4cd0-9fd2-846fe1443825,J&J's,200,9,207,207,103.5,212
2026-09-25,milan,milan-centrale-railway-station,910c1014-b564-4cd0-9fd2-846fe1443825,J&J's,200,6,213,212,106.5,215
2026-09-23,milan,derganino,9232f4ae-ba1f-4202-8bbb-3b5008f83b62,J&J's,0,3,0,0,,0
2026-09-24,milan,derganino,9232f4ae-ba1f-4202-8bbb-3b5008f83b62,J&J's,0,9,0,0,,0
2026-09-25,milan,derganino,9232f4ae-ba1f-4202-8bbb-3b5008f83b62,J&J's,0,6,0,0,,0
2026-09-23,milan,porta-romana,93602ed9-3a0a-4fe5-9635-88de0ce48624,J&J's,0,3,0,0,,0
2026-09-24,milan,porta-romana,93602ed9-3a0a-4fe5-9635-88de0ce48624,J&J's,0,9,0,0,,0
2026-09-25,milan,porta-romana,93602ed9-3a0a-4fe5-9635-88de0ce48624,J&J's,0,6,0,0,,0
2026-09-23,milan,santa-giulia,94512190-a1bd-4cc0-a1f3-c597006fc4e2,J&J's,0,3,3,3,,3
2026-09-24,milan,santa-giulia,94512190-a1bd-4cc0-a1f3-c597006fc4e2,J&J's,0,9,4,4,,4
2026-09-25,milan,santa-giulia,94512190-a1bd-4cc0-a1f3-c597006fc4e2,J&J's,0,6,3,3,,3
2026-09-23,milan,piazza-gae-aulenti,955a3522-a940-4e67-b466-f31c33625d06,J&J's,0,3,34,34,,34
2026-09-24,milan,piazza-gae-aulenti,955a3522-a940-4e67-b466-f31c33625d06,J&J's,0,9,37,36,,38
2026-09-25,milan,piazza-gae-aulenti,955a3522-a940-4e67-b466-f31c33625d06,J&J's,0,6,39,39,,40
2026-09-23,milan,cormano,96ec269c-9554-4a9a-8910-de8e9ba5ee07,J&J's,0,3,0,0,,0
2026-09-24,milan,cormano,96ec269c-9554-4a9a-8910-de8e9ba5ee07,J&J's,0,9,0,0,,0
2026-09-25,milan,cormano,96ec269c-9554-4a9a-8910-de8e9ba5ee07,J&J's,0,6,0,0,,0
2026-09-23,milan,porta-genova,974ba19b-4368-4648-b56a-2fcbc76376f1,J&J's,0,3,16,16,,16
2026-09-24,milan,porta-genova,974ba19b-4368-4648-b56a-2fcbc76376f1,J&J's,0,9,16,16,,16
2026-09-25,milan,porta-genova,974ba19b-4368-4648-b56a-2fcbc76376f1,J&J's,0,6,19,19,,19
2026-09-23,milan,san-babila,99aa6a2d-e993-4d8f-9c60-c21bb0074389,J&J's,5,3,0,0,0.0,0
2026-09-24,milan,san-babila,99aa6a2d-e993-4d8f-9c60-c21bb0074389,J&J's,5,9,0,0,0.0,0
2026-09-25,milan,san-babila,99aa6a2d-e993-4d8f-9c60-c21bb0074389,J&J's,5,6,0,0,0.0,0
2026-09-23,milan,porta-genova,9a4327a3-4247-4178-acdf-e2b0db3c39d9,J&J's,20,3,1,1,5.0,1
2026-09-24,milan,porta-genova,9a4327a3-4247-4178-acdf-e2b0db3c39d9,J&J's,20,9,1,1,5.0,1
2026-09-25,milan,porta-genova,9a4327a3-4247-4178-acdf-e2b0db3c39d9,J&J's,20,6,1,1,5.0,1
2026-09-23,milan,milan-centrale-railway-station,9ae1bb05-1675-4193-9f15-8068b99f4d85,J&J's,0,3,4,4,,4
2026-09-24,milan,milan-centrale-railway-station,9ae1bb05-1675-4193-9f15-8068b99f4d85,J&J's,0,9,4,3,,4
2026-09-25,milan,milan-centrale-railway-station,9ae1bb05-1675-4193-9f15-8068b99f4d85,J&J's,0,6,3,3,,3
2026-09-23,milan,porta-romana,9b16d5f0-9e30-4986-b086-918179c24106,J&J's,0,3,4,3,,4
2026-09-24,milan,porta-romana,9b16d5f0-9e30-4986-b086-918179c24106,J&J's,0,9,3,2,,3
2026-09-25,milan,porta-romana,9b16d5f0-9e30-4986-b086-918179c24106,J&J's,0,6,3,3,,3
2026-09-23,milan,lorenteggio,9b26da65-f5d6-4447-979f-88b66a29ab31,J&J's,0,3,0,0,,0
2026-09-24,milan,lorenteggio,9b26da65-f5d6-4447-979f-88b66a29ab31,J&J's,0,9,0,0,,0
2026-09-25,milan,lorenteggio,9b26da65-f5d6-4447-979f-88b66a29ab31,J&J's,0,6,0,0,,0
2026-09-23,milan,duomo,9c601575-bad2-4fda-af88-2cc2f1d2febe,J&J's,0,3,295,295,,295
2026-09-24,milan,duomo,9c601575-bad2-4fda-af88-2cc2f1d2febe,J&J's,0,9,295,291,,296
2026-09-25,milan,duomo,9c601575-bad2-4fda-af88-2cc2f1d2febe,J&J's,0,6,290,281,,291
2026-09-23,milan,missori,9d5e6b4b-a94b-4538-97b7-5bcbf6f466f3,J&J's,0,3,2,2,,2
2026-09-24,milan,missori,9d5e6b4b-a94b-4538-97b7-5bcbf6f466f3,J&J's,0,9,3,3,,3
2026-09-25,milan,missori,9d5e6b4b-a94b-4538-97b7-5bcbf6f466f3,J&J's,0,6,3,3,,3
2026-09-23,milan,guastalla,9da58e87-255f-4d9c-9f77-ce6ce59d945c,J&J's,0,3,0,0,,0
2026-09-24,milan,guastalla,9da58e87-255f-4d9c-9f77-ce6ce59d945c,J&J's,0,9,0,0,,0
2026-09-25,milan,guastalla,9da58e87-255f-4d9c-9f77-ce6ce59d945c,J&J's,0,6,0,0,,0
2026-09-23,milan,san-rocco,9f066ba4-da0a-4490-b1e1-cfb7a32a4c21,J&J's,0,3,0,0,,0
2026-09-24,milan,san-rocco,9f066ba4-da0a-4490-b1e1-cfb7a32a4c21,J&J's,0,9,0,0,,0
2026-09-25,milan,san-rocco,9f066ba4-da0a-4490-b1e1-cfb7a32a4c21,J&J's,0,6,0,0,,0
2026-09-23,milan,bande-nere,9fbf6af0-e27c-4ebe-ac0b-bdc47d3f7bba,J&J's,0,3,0,0,,0
2026-09-24,milan,bande-nere,9fbf6af0-e27c-4ebe-ac0b-bdc47d3f7bba,J&J's,0,9,0,0,,0
2026-09-25,milan,bande-nere,9fbf6af0-e27c-4ebe-ac0b-bdc47d3f7bba,J&J's,0,6,0,0,,0
2026-09-23,milan,san-cristoforo,a0f27d38-0f0b-4d75-8911-5881ef125791,J&J's,10,3,3,3,30.0,3
2026-09-24,milan,san-cristoforo,a0f27d38-0f0b-4d75-8911-5881ef125791,J&J's,10,9,3,2,30.0,3
2026-09-25,milan,san-cristoforo,a0f27d38-0f0b-4d75-8911-5881ef125791,J&J's,10,6,2,2,20.0,2
2026-09-23,milan,baraggia,a1f48b3c-9888-4fac-a507-a7ce3331ad95,J&J's,0,3,0,0,,0
2026-09-24,milan,baraggia,a1f48b3c-9888-4fac-a507-a7ce3331ad95,J&J's,0,9,0,0,,0
2026-09-25,milan,baraggia,a1f48b3c-9888-4fac-a507-a7ce3331ad95,J&J's,0,6,0,0,,0
2026-09-23,milan,porta-genova,a39b128a-989b-4a39-85d3-660a88cf921d,J&J's,50,3,4,4,8.0,4
2026-09-24,milan,porta-genova,a39b128a-989b-4a39-85d3-660a88cf921d,J&J's,50,9,4,4,8.0,4
2026-09-25,milan,porta-genova,a39b128a-989b-4a39-85d3-660a88cf921d,J&J's,50,6,4,4,8.0,4
2026-09-23,milan,milan-centrale-railway-station,a439422f-82ed-4935-b2b4-398cb60b1a14,J&J's,0,3,2,1,,2
2026-09-24,milan,milan-centrale-railway-station,a439422f-82ed-4935-b2b4-398cb60b1a14,J&J's,0,9,1,1,,1
2026-09-25,milan,milan-centrale-railway-station,a439422f-82ed-4935-b2b4-398cb60b1a14,J&J's,0,6,1,1,,1
2026-09-23,milan,porta-romana,a4487913-cf76-4cc4-8aad-893c3001671b,J&J's,0,3,4,4,,4
2026-09-24,milan,porta-romana,a4487913-cf76-4cc4-8aad-893c3001671b,J&J's,0,9,4,4,,4
2026-09-25,milan,porta-romana,a4487913-cf76-4cc4-8aad-893c3001671b,J&J's,0,6,4,4,,4
2026-09-23,milan,milan-centrale-railway-station,a50243d1-9edf-4ffe-b5d2-93fdd1235056,J&J's,10,3,3,3,30.0,3
2026-09-24,milan,milan-centrale-railway-station,a50243d1-9edf-4ffe-b5d2-93fdd1235056,J&J's,10,9,3,3,30.0,3
2026-09-25,milan,milan-centrale-railway-station,a50243d1-9edf-4ffe-b5d2-93fdd1235056,J&J's,10,6,3,1,30.0,3
2026-09-23,milan,municipio-2,a508135c-b595-49f4-8132-713dcc8b88b5,J&J's,0,3,0,0,,0
2026-09-24,milan,municipio-2,a508135c-b595-49f4-8132-713dcc8b88b5,J&J's,0,9,0,0,,0
2026-09-25,milan,municipio-2,a508135c-b595-49f4-8132-713dcc8b88b5,J&J's,0,6,0,0,,0
2026-09-23,milan,san-babila,a633ce36-73b7-46a4-ac72-da9f088266d2,J&J's,16,3,28,28,175.0,28
2026-09-24,milan,san-babila,a633ce36-73b7-46a4-ac72-da9f088266d2,J&J's,16,9,30,30,187.5,30
2026-09-25,milan,san-babila,a633ce36-73b7-46a4-ac72-da9f088266d2,J&J's,16,6,30,30,187.5,31
2026-09-23,milan,masciago-milanese,a718d3f0-b226-427b-a280-7bf88fba0470,J&J's,0,3,0,0,,0
2026-09-24,milan,masciago-milanese,a718d3f0-b226-427b-a280-7bf88fba0470,J&J's,0,9,0,0,,0
2026-09-25,milan,masciago-milanese,a718d3f0-b226-427b-a280-7bf88fba0470,J&J's,0,6,0,0,,0
2026-09-23,milan,porta-romana,a766c66a-79fa-4bcd-96c7-4242e5d37a3f,J&J's,0,3,3,2,,3
2026-09-24,milan,porta-romana,a766c66a-79fa-4bcd-96c7-4242e5d37a3f,J&J's,0,9,5,5,,5
2026-09-25,milan,porta-romana,a766c66a-79fa-4bcd-96c7-4242e5d37a3f,J&J's,0,6,6,6,,6
2026-09-23,milan,san-martino,aaaf0b3b-7bc1-4b69-b04a-694533c3fcd7,J&J's,0,3,1,1,,1
2026-09-24,milan,san-martino,aaaf0b3b-7bc1-4b69-b04a-694533c3fcd7,J&J's,0,9,1,1,,1
2026-09-25,milan,san-martino,aaaf0b3b-7bc1-4b69-b04a-694533c3fcd7,J&J's,0,6,1,1,,1
2026-09-23,milan,cologno-monzese,ab59cf77-4911-449d-a370-718f7aff13fc,J&J's,0,3,0,0,,0
2026-09-24,milan,cologno-monzese,ab59cf77-4911-449d-a370-718f7aff13fc,J&J's,0,9,0,0,,0
2026-09-25,milan,cologno-monzese,ab59cf77-4911-449d-a370-718f7aff13fc,J&J's,0,6,0,0,,0
2026-09-23,milan,navigli,ae172b79-08b1-4a76-b449-e2ef26e48050,J&J's,0,3,1,1,,1
2026-09-24,milan,navigli,ae172b79-08b1-4a76-b449-e2ef26e48050,J&J's,0,9,1,1,,1
2026-09-25,milan,navigli,ae172b79-08b1-4a76-b449-e2ef26e48050,J&J's,0,6,2,2,,2
2026-09-23,milan,cagnola,ae271580-d38c-49b3-bcad-9e6f3dd71ce1,J&J's,0,3,0,0,,0
2026-09-24,milan,cagnola,ae271580-d38c-49b3-bcad-9e6f3dd71ce1,J&J's,0,9,0,0,,0
2026-09-25,milan,cagnola,ae271580-d38c-49b3-bcad-9e6f3dd71ce1,J&J's,0,6,0,0,,0
2026-09-23,milan,milan-centrale-railway-station,aeecbf00-e827-4a69-abb7-ca81f0dc6f62,J&J's,10,3,0,0,0.0,0
2026-09-24,milan,milan-centrale-railway-station,aeecbf00-e827-4a69-abb7-ca81f0dc6f62,J&J's,10,9,0,0,0.0,0
2026-09-25,milan,milan-centrale-railway-station,aeecbf00-e827-4a69-abb7-ca81f0dc6f62,J&J's,10,6,0,0,0.0,0
2026-09-23,milan,porta-romana,af296640-183e-4b4e-a5a9-50a58e9b82db,J&J's,0,3,0,0,,0
2026-09-24,milan,porta-romana,af296640-183e-4b4e-a5a9-50a58e9b82db,J&J's,0,9,0,0,,0
2026-09-25,milan,porta-romana,af296640-183e-4b4e-a5a9-50a58e9b82db,J&J's,0,6,0,0,,0
2026-09-23,milan,villaggio-dei-giovi,b0ffd8b5-4a6f-42c5-a860-e8a136f5324c,J&J's,0,3,0,0,,0
2026-09-24,milan,villaggio-dei-giovi,b0ffd8b5-4a6f-42c5-a860-e8a136f5324c,J&J's,0,9,0,0,,0
2026-09-25,milan,villaggio-dei-giovi,b0ffd8b5-4a6f-42c5-a860-e8a136f5324c,J&J's,0,6,0,0,,0
2026-09-23,milan,milan-centrale-railway-station,b14c19cc-c9ee-4548-afe7-dc29e98fa24d,J&J's,0,3,138,138,,138
2026-09-24,milan,milan-centrale-railway-station,b14c19cc-c9ee-4548-afe7-dc29e98fa24d,J&J's,0,9,147,146,,150
2026-09-25,milan,milan-centrale-railway-station,b14c19cc-c9ee-4548-afe7-dc29e98fa24d,J&J's,0,6,153,153,,153
2026-09-23,milan,lanza,b1ed6fd5-0316-47a2-bde8-c7e4b2616210,J&J's,0,3,9,9,,9
2026-09-24,milan,lanza,b1ed6fd5-0316-47a2-bde8-c7e4b2616210,J&J's,0,9,9,9,,11
2026-09-25,milan,lanza,b1ed6fd5-0316-47a2-bde8-c7e4b2616210,J&J's,0,6,11,11,,11
2026-09-23,milan,bullona,b233f975-92a3-47fa-a44b-e491a6f5fd4e,J&J's,0,3,1,1,,1
2026-09-24,milan,bullona,b233f975-92a3-47fa-a44b-e491a6f5fd4e,J&J's,0,9,1,1,,1
2026-09-25,milan,bullona,b233f975-92a3-47fa-a44b-e491a6f5fd4e,J&J's,0,6,1,1,,1
2026-09-23,milan,casorate-primo,b2e0b042-8390-49f8-908e-08082c746077,J&J's,0,3,0,0,,0
2026-09-24,milan,casorate-primo,b2e0b042-8390-49f8-908e-08082c746077,J&J's,0,9,0,0,,0
2026-09-25,milan,casorate-primo,b2e0b042-8390-49f8-908e-08082c746077,J&J's,0,6,0,0,,0
2026-09-23,milan,zone-7-of-milan,b4beb8ba-fccd-4875-9ac3-885cb18e4654,J&J's,0,3,0,0,,0
2026-09-24,milan,zone-7-of-milan,b4beb8ba-fccd-4875-9ac3-885cb18e4654,J&J's,0,9,0,0,,0
2026-09-25,milan,zone-7-of-milan,b4beb8ba-fccd-4875-9ac3-885cb18e4654,J&J's,0,6,0,0,,0
2026-09-23,milan,porta-venezia,b538e5d4-b83c-470e-988c-09bd746d3d12,J&J's,0,3,18,18,,18
2026-09-24,milan,porta-venezia,b538e5d4-b83c-470e-988c-09bd746d3d12,J&J's,0,9,18,16,,18
2026-09-25,milan,porta-venezia,b538e5d4-b83c-470e-988c-09bd746d3d12,J&J's,0,6,16,12,,16
2026-09-23,milan,porta-venezia,b7f0c949-5ae6-40b9-97f1-7b00e03ac985,J&J's,0,3,1,1,,1
2026-09-24,milan,porta-venezia,b7f0c949-5ae6-40b9-97f1-7b00e03ac985,J&J's,0,9,2,2,,2
2026-09-25,milan,porta-venezia,b7f0c949-5ae6-40b9-97f1-7b00e03ac985,J&J's,0,6,2,2,,2
2026-09-23,milan,santa-maria-delle-grazie,b8290b39-dd78-4744-bb40-784ead0f9d53,J&J's,0,3,3,3,,3
2026-09-24,milan,santa-maria-delle-grazie,b8290b39-dd78-4744-bb40-784ead0f9d53,J&J's,0,9,3,3,,3
2026-09-25,milan,santa-maria-delle-grazie,b8290b39-dd78-4744-bb40-784ead0f9d53,J&J's,0,6,4,3,,4
2026-09-23,milan,riozzo,b9048cb7-225a-40b9-bebe-ff6eb398a2da,J&J's,0,3,0,0,,0
2026-09-24,milan,riozzo,b9048cb7-225a-40b9-bebe-ff6eb398a2da,J&J's,0,9,0,0,,0
2026-09-25,milan,riozzo,b9048cb7-225a-40b9-bebe-ff6eb398a2da,J&J's,0,6,0,0,,0
2026-09-23,milan,porta-romana,b93c86c8-51d3-4704-857a-639c75b36869,J&J's,0,3,2,2,,2
2026-09-24,milan,porta-romana,b93c86c8-51d3-4704-857a-639c75b36869,J&J's,0,9,2,2,,2
2026-09-25,milan,porta-romana,b93c86c8-51d3-4704-857a-639c75b36869,J&J's,0,6,3,3,,3
2026-09-23,milan,lacchiarella,ba5c7ad0-6a05-45bc-ab84-ba6e3dc247fa,J&J's,0,3,0,0,,0
2026-09-24,milan,lacchiarella,ba5c7ad0-6a05-45bc-ab84-ba6e3dc247fa,J&J's,0,9,0,0,,0
2026-09-25,milan,lacchiarella,ba5c7ad0-6a05-45bc-ab84-ba6e3dc247fa,J&J's,0,6,0,0,,0
2026-09-23,milan,quartiere-omero,bb131d72-4703-499e-949e-e48c654e9889,J&J's,0,3,1,1,,1
2026-09-24,milan,quartiere-omero,bb131d72-4703-499e-949e-e48c654e9889,J&J's,0,9,1,1,,1
2026-09-25,milan,quartiere-omero,bb131d72-4703-499e-949e-e48c654e9889,J&J's,0,6,1,1,,1
2026-09-23,milan,carrobbio,bc00c97e-b97b-4f7e-bd11-bf932bdff31c,J&J's,15,3,17,17,113.3,17
2026-09-24,milan,carrobbio,bc00c97e-b97b-4f7e-bd11-bf932bdff31c,J&J's,15,9,20,20,133.3,20
2026-09-25,milan,carrobbio,bc00c97e-b97b-4f7e-bd11-bf932bdff31c,J&J's,15,6,20,18,133.3,20
2026-09-23,milan,duomo,bc5eaa44-afad-4f70-b232-515f5af2e4c2,J&J's,0,3,25,25,,25
2026-09-24,milan,duomo,bc5eaa44-afad-4f70-b232-515f5af2e4c2,J&J's,0,9,25,23,,25
2026-09-25,milan,duomo,bc5eaa44-afad-4f70-b232-515f5af2e4c2,J&J's,0,6,25,25,,25
2026-09-23,milan,novate-milanese,bcfef9ea-615b-4b09-9370-c88b9fe4bd4d,J&J's,0,3,0,0,,0
2026-09-24,milan,novate-milanese,bcfef9ea-615b-4b09-9370-c88b9fe4bd4d,J&J's,0,9,0,0,,0
2026-09-25,milan,novate-milanese,bcfef9ea-615b-4b09-9370-c88b9fe4bd4d,J&J's,0,6,0,0,,0
2026-09-23,milan,santa-maria-delle-grazie,be1cb4de-6966-4c40-a8eb-e61600b1f347,J&J's,0,3,1,1,,1
2026-09-24,milan,santa-maria-delle-grazie,be1cb4de-6966-4c40-a8eb-e61600b1f347,J&J's,0,9,1,0,,1
2026-09-25,milan,santa-maria-delle-grazie,be1cb4de-6966-4c40-a8eb-e61600b1f347,J&J's,0,6,0,0,,0
2026-09-23,milan,caiazzo,bf006635-a24d-4a4e-aa0d-63fc805bff51,J&J's,50,3,4,4,8.0,4
2026-09-24,milan,caiazzo,bf006635-a24d-4a4e-aa0d-63fc805bff51,J&J's,50,9,4,3,8.0,4
2026-09-25,milan,caiazzo,bf006635-a24d-4a4e-aa0d-63fc805bff51,J&J's,50,6,5,5,10.0,5
2026-09-23,milan,bullona,bf76448d-36d2-4b03-8866-dfa10e34d2aa,J&J's,51,3,0,0,0.0,0
2026-09-24,milan,bullona,bf76448d-36d2-4b03-8866-dfa10e34d2aa,J&J's,51,9,1,1,2.0,1
2026-09-25,milan,bullona,bf76448d-36d2-4b03-8866-dfa10e34d2aa,J&J's,51,6,1,1,2.0,1
2026-09-23,milan,missori,c0109373-d181-4f87-ab99-a69b1e6eb39d,J&J's,0,3,10,10,,10
2026-09-24,milan,missori,c0109373-d181-4f87-ab99-a69b1e6eb39d,J&J's,0,9,10,9,,10
2026-09-25,milan,missori,c0109373-d181-4f87-ab99-a69b1e6eb39d,J&J's,0,6,10,10,,10
2026-09-23,milan,porta-ticinese,c03b7e37-e675-4576-81b9-4069bce2caaa,J&J's,0,3,15,15,,15
2026-09-24,milan,porta-ticinese,c03b7e37-e675-4576-81b9-4069bce2caaa,J&J's,0,9,16,16,,16
2026-09-25,milan,porta-ticinese,c03b7e37-e675-4576-81b9-4069bce2caaa,J&J's,0,6,16,15,,16
2026-09-23,milan,lambrate,c0450f1b-e031-4c69-a527-ae3aa4ed2387,J&J's,0,3,0,0,,0
2026-09-24,milan,lambrate,c0450f1b-e031-4c69-a527-ae3aa4ed2387,J&J's,0,9,0,0,,0
2026-09-25,milan,lambrate,c0450f1b-e031-4c69-a527-ae3aa4ed2387,J&J's,0,6,0,0,,0
2026-09-23,milan,niguarda,c183fb32-de98-4425-b332-065102222a53,J&J's,0,3,0,0,,0
2026-09-24,milan,niguarda,c183fb32-de98-4425-b332-065102222a53,J&J's,0,9,0,0,,0
2026-09-25,milan,niguarda,c183fb32-de98-4425-b332-065102222a53,J&J's,0,6,0,0,,0
2026-09-23,milan,lanza,c20213d6-e320-4e48-9fb0-f032148e4e35,J&J's,0,3,0,0,,0
2026-09-24,milan,lanza,c20213d6-e320-4e48-9fb0-f032148e4e35,J&J's,0,9,0,0,,0
2026-09-25,milan,lanza,c20213d6-e320-4e48-9fb0-f032148e4e35,J&J's,0,6,0,0,,0
2026-09-23,milan,duomo,c271baf6-7205-4a4e-bd1b-7ee97f4f5910,J&J's,100,3,84,83,84.0,84
2026-09-24,milan,duomo,c271baf6-7205-4a4e-bd1b-7ee97f4f5910,J&J's,100,9,88,85,88.0,89
2026-09-25,milan,duomo,c271baf6-7205-4a4e-bd1b-7ee97f4f5910,J&J's,100,6,86,79,86.0,86
2026-09-23,milan,porta-garibaldi,c370b50c-d159-4597-b96b-4ed88382ad3b,J&J's,0,3,10,10,,10
2026-09-24,milan,porta-garibaldi,c370b50c-d159-4597-b96b-4ed88382ad3b,J&J's,0,9,11,11,,11
2026-09-25,milan,porta-garibaldi,c370b50c-d159-4597-b96b-4ed88382ad3b,J&J's,0,6,11,11,,11
2026-09-23,milan,santa-maria-delle-grazie,c3d9b947-22f2-43f3-b8ac-33e5f478cc45,J&J's,0,3,7,7,,7
2026-09-24,milan,santa-maria-delle-grazie,c3d9b947-22f2-43f3-b8ac-33e5f478cc45,J&J's,0,9,7,7,,7
2026-09-25,milan,santa-maria-delle-grazie,c3d9b947-22f2-43f3-b8ac-33e5f478cc45,J&J's,0,6,9,9,,9
2026-09-23,milan,milan-centrale-railway-station,c4086d7b-f352-426e-af76-0371baa29cb2,J&J's,0,3,6,6,,6
2026-09-24,milan,milan-centrale-railway-station,c4086d7b-f352-426e-af76-0371baa29cb2,J&J's,0,9,7,7,,7
2026-09-25,milan,milan-centrale-railway-station,c4086d7b-f352-426e-af76-0371baa29cb2,J&J's,0,6,7,7,,7
2026-09-23,milan,castello-sforzesco,c4f35e6a-e915-4aec-9378-f464d8b7c7be,J&J's,100,3,17,17,17.0,17
2026-09-24,milan,castello-sforzesco,c4f35e6a-e915-4aec-9378-f464d8b7c7be,J&J's,100,9,17,15,17.0,17
2026-09-25,milan,castello-sforzesco,c4f35e6a-e915-4aec-9378-f464d8b7c7be,J&J's,100,6,15,14,15.0,15
2026-09-23,milan,milan-centrale-railway-station,c52bf8f5-f59b-4f76-a0d6-e1ebc63dd8ff,J&J's,0,3,0,0,,0
2026-09-24,milan,milan-centrale-railway-station,c52bf8f5-f59b-4f76-a0d6-e1ebc63dd8ff,J&J's,0,9,0,0,,0
2026-09-25,milan,milan-centrale-railway-station,c52bf8f5-f59b-4f76-a0d6-e1ebc63dd8ff,J&J's,0,6,0,0,,0
2026-09-23,milan,fiera,c53709e9-08b1-4194-ae4d-8c01382aa0e7,J&J's,100,3,0,0,0.0,0
2026-09-24,milan,fiera,c53709e9-08b1-4194-ae4d-8c01382aa0e7,J&J's,100,9,0,0,0.0,0
2026-09-25,milan,fiera,c53709e9-08b1-4194-ae4d-8c01382aa0e7,J&J's,100,6,1,1,1.0,1
2026-09-23,milan,milan-centrale-railway-station,c54ab660-fd02-4dcc-9705-d9cda5938c9f,J&J's,0,3,0,0,,0
2026-09-24,milan,milan-centrale-railway-station,c54ab660-fd02-4dcc-9705-d9cda5938c9f,J&J's,0,9,0,0,,0
2026-09-25,milan,milan-centrale-railway-station,c54ab660-fd02-4dcc-9705-d9cda5938c9f,J&J's,0,6,0,0,,0
2026-09-23,milan,missori,c567ccc9-07da-4329-8631-039e8e13b599,J&J's,50,3,0,0,0.0,0
2026-09-24,milan,missori,c567ccc9-07da-4329-8631-039e8e13b599,J&J's,50,9,0,0,0.0,0
2026-09-25,milan,missori,c567ccc9-07da-4329-8631-039e8e13b599,J&J's,50,6,0,0,0.0,0
2026-09-23,milan,san-cristoforo,c7a85424-9e86-4371-b2e8-07f3745a7394,J&J's,10,3,1,1,10.0,1
2026-09-24,milan,san-cristoforo,c7a85424-9e86-4371-b2e8-07f3745a7394,J&J's,10,9,1,1,10.0,1
2026-09-25,milan,san-cristoforo,c7a85424-9e86-4371-b2e8-07f3745a7394,J&J's,10,6,1,1,10.0,1
2026-09-23,milan,bullona,c840c38f-de69-4596-b9a6-95779b047c15,J&J's,0,3,3,3,,3
2026-09-24,milan,bullona,c840c38f-de69-4596-b9a6-95779b047c15,J&J's,0,9,4,4,,4
2026-09-25,milan,bullona,c840c38f-de69-4596-b9a6-95779b047c15,J&J's,0,6,4,3,,4
2026-09-23,milan,santa-maria-delle-grazie,c8e632f8-8a53-4f8c-9af7-6ae060de7080,J&J's,0,3,1,1,,1
2026-09-24,milan,santa-maria-delle-grazie,c8e632f8-8a53-4f8c-9af7-6ae060de7080,J&J's,0,9,1,0,,1
2026-09-25,milan,santa-maria-delle-grazie,c8e632f8-8a53-4f8c-9af7-6ae060de7080,J&J's,0,6,0,0,,0
2026-09-23,milan,crescenzago,ca6cdd9d-889f-4032-afef-5dc74e19c241,J&J's,0,3,0,0,,0
2026-09-24,milan,crescenzago,ca6cdd9d-889f-4032-afef-5dc74e19c241,J&J's,0,9,0,0,,0
2026-09-25,milan,crescenzago,ca6cdd9d-889f-4032-afef-5dc74e19c241,J&J's,0,6,0,0,,0
2026-09-23,milan,binzago,cb72ac19-0f3b-45d3-b7fa-0e40354c9fc0,J&J's,0,3,0,0,,0
2026-09-24,milan,binzago,cb72ac19-0f3b-45d3-b7fa-0e40354c9fc0,J&J's,0,9,0,0,,0
2026-09-25,milan,binzago,cb72ac19-0f3b-45d3-b7fa-0e40354c9fc0,J&J's,0,6,0,0,,0
2026-09-23,milan,porta-romana,cc8e27a5-d874-4910-a74a-f2371cddec85,J&J's,0,3,0,0,,0
2026-09-24,milan,porta-romana,cc8e27a5-d874-4910-a74a-f2371cddec85,J&J's,0,9,0,0,,0
2026-09-25,milan,porta-romana,cc8e27a5-d874-4910-a74a-f2371cddec85,J&J's,0,6,0,0,,0
2026-09-23,milan,cairoli-subway-station,cd660dca-985f-427e-aa40-2df96cce103a,J&J's,0,3,10,10,,10
2026-09-24,milan,cairoli-subway-station,cd660dca-985f-427e-aa40-2df96cce103a,J&J's,0,9,11,11,,11
2026-09-25,milan,cairoli-subway-station,cd660dca-985f-427e-aa40-2df96cce103a,J&J's,0,6,12,11,,12
2026-09-23,milan,milan-centrale-railway-station,cf134732-f329-4757-86d0-bd4ff3391558,J&J's,150,3,241,241,160.7,241
2026-09-24,milan,milan-centrale-railway-station,cf134732-f329-4757-86d0-bd4ff3391558,J&J's,150,9,261,261,174.0,261
2026-09-25,milan,milan-centrale-railway-station,cf134732-f329-4757-86d0-bd4ff3391558,J&J's,150,6,268,267,178.7,269
2026-09-23,milan,porta-garibaldi-train-station,d014934d-e064-45d3-aac7-e907a317c6c7,J&J's,0,3,1,1,,1
2026-09-24,milan,porta-garibaldi-train-station,d014934d-e064-45d3-aac7-e907a317c6c7,J&J's,0,9,1,1,,1
2026-09-25,milan,porta-garibaldi-train-station,d014934d-e064-45d3-aac7-e907a317c6c7,J&J's,0,6,1,1,,1
2026-09-23,milan,navigli,d0961ab3-cc8c-4f19-96de-3d4f543964b4,J&J's,0,3,0,0,,0
2026-09-24,milan,navigli,d0961ab3-cc8c-4f19-96de-3d4f543964b4,J&J's,0,9,0,0,,0
2026-09-25,milan,navigli,d0961ab3-cc8c-4f19-96de-3d4f543964b4,J&J's,0,6,0,0,,0
2026-09-23,milan,quartiere-villa-magentino,d1941a2a-69d4-4da4-97d2-fc9206d6134a,J&J's,0,3,0,0,,0
2026-09-24,milan,quartiere-villa-magentino,d1941a2a-69d4-4da4-97d2-fc9206d6134a,J&J's,0,9,0,0,,0
2026-09-25,milan,quartiere-villa-magentino,d1941a2a-69d4-4da4-97d2-fc9206d6134a,J&J's,0,6,0,0,,0
2026-09-23,milan,porta-venezia,d19f676c-b3d8-40ea-940f-5671b12c48be,J&J's,0,3,13,13,,13
2026-09-24,milan,porta-venezia,d19f676c-b3d8-40ea-940f-5671b12c48be,J&J's,0,9,13,8,,13
2026-09-25,milan,porta-venezia,d19f676c-b3d8-40ea-940f-5671b12c48be,J&J's,0,6,10,10,,10
2026-09-23,milan,molino-borgazzi,d2b915a3-5f0f-4c62-a777-ec470d63102c,J&J's,0,3,0,0,,0
2026-09-24,milan,molino-borgazzi,d2b915a3-5f0f-4c62-a777-ec470d63102c,J&J's,0,9,0,0,,0
2026-09-25,milan,molino-borgazzi,d2b915a3-5f0f-4c62-a777-ec470d63102c,J&J's,0,6,0,0,,0
2026-09-23,milan,corso-buenos-aires,d3159d78-4cdf-4177-86fa-2965ec98f9f4,J&J's,100,3,2,2,2.0,2
2026-09-24,milan,corso-buenos-aires,d3159d78-4cdf-4177-86fa-2965ec98f9f4,J&J's,100,9,3,3,3.0,3
2026-09-25,milan,corso-buenos-aires,d3159d78-4cdf-4177-86fa-2965ec98f9f4,J&J's,100,6,4,4,4.0,4
2026-09-23,milan,duomo,d33d8b42-6d1e-4de9-8656-dd6109aa47d6,J&J's,27,3,28,28,103.7,28
2026-09-24,milan,duomo,d33d8b42-6d1e-4de9-8656-dd6109aa47d6,J&J's,27,9,33,33,122.2,33
2026-09-25,milan,duomo,d33d8b42-6d1e-4de9-8656-dd6109aa47d6,J&J's,27,6,33,33,122.2,33
2026-09-23,milan,la-trecca,d33fcd88-be98-4d74-ab55-b2524368f9ee,J&J's,0,3,0,0,,0
2026-09-24,milan,la-trecca,d33fcd88-be98-4d74-ab55-b2524368f9ee,J&J's,0,9,0,0,,0
2026-09-25,milan,la-trecca,d33fcd88-be98-4d74-ab55-b2524368f9ee,J&J's,0,6,0,0,,0
2026-09-23,milan,porta-genova,d37cbed7-0433-4747-9905-587fb67c6216,J&J's,0,3,10,10,,10
2026-09-24,milan,porta-genova,d37cbed7-0433-4747-9905-587fb67c6216,J&J's,0,9,12,12,,12
2026-09-25,milan,porta-genova,d37cbed7-0433-4747-9905-587fb67c6216,J&J's,0,6,15,15,,16
2026-09-23,milan,china-town-milan,d3da5bc1-45cb-4921-bae7-0704993debf7,J&J's,0,3,3,3,,3
2026-09-24,milan,china-town-milan,d3da5bc1-45cb-4921-bae7-0704993debf7,J&J's,0,9,3,3,,4
2026-09-25,milan,china-town-milan,d3da5bc1-45cb-4921-bae7-0704993debf7,J&J's,0,6,3,3,,3
2026-09-23,milan,vittoria,d646ec07-b9e4-42fe-823d-228fcbf13c51,J&J's,0,3,0,0,,0
2026-09-24,milan,vittoria,d646ec07-b9e4-42fe-823d-228fcbf13c51,J&J's,0,9,0,0,,0
2026-09-25,milan,vittoria,d646ec07-b9e4-42fe-823d-228fcbf13c51,J&J's,0,6,0,0,,0
2026-09-23,milan,guastalla,d655ec3d-3efb-4f17-8f45-399b8b723396,J&J's,0,3,0,0,,0
2026-09-24,milan,guastalla,d655ec3d-3efb-4f17-8f45-399b8b723396,J&J's,0,9,0,0,,0
2026-09-25,milan,guastalla,d655ec3d-3efb-4f17-8f45-399b8b723396,J&J's,0,6,0,0,,0
2026-09-23,milan,municipio-5,d66a36b8-12b8-483c-a08a-7e17ce99c7f9,J&J's,0,3,1,1,,1
2026-09-24,milan,municipio-5,d66a36b8-12b8-483c-a08a-7e17ce99c7f9,J&J's,0,9,1,0,,1
2026-09-25,milan,municipio-5,d66a36b8-12b8-483c-a08a-7e17ce99c7f9,J&J's,0,6,0,0,,0
2026-09-23,milan,san-babila,d7746256-ed16-48ff-aaf2-e7f2b522baf9,J&J's,0,3,0,0,,0
2026-09-24,milan,san-babila,d7746256-ed16-48ff-aaf2-e7f2b522baf9,J&J's,0,9,0,0,,0
2026-09-25,milan,san-babila,d7746256-ed16-48ff-aaf2-e7f2b522baf9,J&J's,0,6,0,0,,0
2026-09-23,milan,lambrate,d7d35199-510a-4a4e-ab26-8783db09ba3a,J&J's,15,3,1,1,6.7,1
2026-09-24,milan,lambrate,d7d35199-510a-4a4e-ab26-8783db09ba3a,J&J's,15,9,2,2,13.3,2
2026-09-25,milan,lambrate,d7d35199-510a-4a4e-ab26-8783db09ba3a,J&J's,15,6,3,3,20.0,3
2026-09-23,milan,cologno-monzese,d8a7e9df-e49b-4f29-ba46-b7145015f2b8,J&J's,0,3,0,0,,0
2026-09-24,milan,cologno-monzese,d8a7e9df-e49b-4f29-ba46-b7145015f2b8,J&J's,0,9,0,0,,0
2026-09-25,milan,cologno-monzese,d8a7e9df-e49b-4f29-ba46-b7145015f2b8,J&J's,0,6,0,0,,0
2026-09-23,milan,cadorna,d8c6164f-dc63-4da5-aa22-d6a64647f74a,J&J's,20,3,28,27,140.0,28
2026-09-24,milan,cadorna,d8c6164f-dc63-4da5-aa22-d6a64647f74a,J&J's,20,9,27,25,135.0,27
2026-09-25,milan,cadorna,d8c6164f-dc63-4da5-aa22-d6a64647f74a,J&J's,20,6,25,24,125.0,26
2026-09-23,milan,conchetta,d9121e85-8e7f-4957-9bd6-a1b9128b8f42,J&J's,0,3,0,0,,0
2026-09-24,milan,conchetta,d9121e85-8e7f-4957-9bd6-a1b9128b8f42,J&J's,0,9,0,0,,0
2026-09-25,milan,conchetta,d9121e85-8e7f-4957-9bd6-a1b9128b8f42,J&J's,0,6,0,0,,0
2026-09-23,milan,zone-1-of-milan,d9e76fad-af32-4143-95c8-f9b450f579f3,J&J's,50,3,0,0,0.0,0
2026-09-24,milan,zone-1-of-milan,d9e76fad-af32-4143-95c8-f9b450f579f3,J&J's,50,9,0,0,0.0,0
2026-09-25,milan,zone-1-of-milan,d9e76fad-af32-4143-95c8-f9b450f579f3,J&J's,50,6,0,0,0.0,0
2026-09-23,milan,porta-venezia,da7ce20b-6b57-4ebe-8c47-7471c9003198,J&J's,10,3,3,3,30.0,3
2026-09-24,milan,porta-venezia,da7ce20b-6b57-4ebe-8c47-7471c9003198,J&J's,10,9,3,3,30.0,3
2026-09-25,milan,porta-venezia,da7ce20b-6b57-4ebe-8c47-7471c9003198,J&J's,10,6,3,3,30.0,3
2026-09-23,milan,san-giuliano-monzese,daf81318-fbdf-4826-8bd9-a2109c1ed17e,J&J's,0,3,0,0,,0
2026-09-24,milan,san-giuliano-monzese,daf81318-fbdf-4826-8bd9-a2109c1ed17e,J&J's,0,9,0,0,,0
2026-09-25,milan,san-giuliano-monzese,daf81318-fbdf-4826-8bd9-a2109c1ed17e,J&J's,0,6,0,0,,0
2026-09-23,milan,villaggio-dei-fiori,dc00253d-2647-49f3-af4f-4fc47a00e2ff,J&J's,0,3,0,0,,0
2026-09-24,milan,villaggio-dei-fiori,dc00253d-2647-49f3-af4f-4fc47a00e2ff,J&J's,0,9,0,0,,0
2026-09-25,milan,villaggio-dei-fiori,dc00253d-2647-49f3-af4f-4fc47a00e2ff,J&J's,0,6,0,0,,0
2026-09-23,milan,via-torino-via-palla,dc632d5c-5565-461b-b422-22045d235a5c,J&J's,100,3,7,7,7.0,7
2026-09-24,milan,via-torino-via-palla,dc632d5c-5565-461b-b422-22045d235a5c,J&J's,100,9,7,7,7.0,8
2026-09-25,milan,via-torino-via-palla,dc632d5c-5565-461b-b422-22045d235a5c,J&J's,100,6,7,7,7.0,7
2026-09-23,milan,milan-centrale-railway-station,dd46c1c7-a86a-449a-a051-acb4089bb799,J&J's,40,3,0,0,0.0,0
2026-09-24,milan,milan-centrale-railway-station,dd46c1c7-a86a-449a-a051-acb4089bb799,J&J's,40,9,0,0,0.0,0
2026-09-25,milan,milan-centrale-railway-station,dd46c1c7-a86a-449a-a051-acb4089bb799,J&J's,40,6,0,0,0.0,0
2026-09-23,milan,duomo,de5d7e04-07d4-4582-a945-0dfc05e4dd26,J&J's,0,3,47,47,,47
2026-09-24,milan,duomo,de5d7e04-07d4-4582-a945-0dfc05e4dd26,J&J's,0,9,48,48,,50
2026-09-25,milan,duomo,de5d7e04-07d4-4582-a945-0dfc05e4dd26,J&J's,0,6,48,47,,49
2026-09-23,milan,milano-certosa,de7068dd-8756-4c53-9bfd-a1035f89ddb0,J&J's,0,3,2,2,,2
2026-09-24,milan,milano-certosa,de7068dd-8756-4c53-9bfd-a1035f89ddb0,J&J's,0,9,2,2,,2
2026-09-25,milan,milano-certosa,de7068dd-8756-4c53-9bfd-a1035f89ddb0,J&J's,0,6,2,2,,2
2026-09-23,milan,porta-genova,de74df24-ac09-4113-ab3f-0dc79e548988,J&J's,0,3,0,0,,0
2026-09-24,milan,porta-genova,de74df24-ac09-4113-ab3f-0dc79e548988,J&J's,0,9,0,0,,0
2026-09-25,milan,porta-genova,de74df24-ac09-4113-ab3f-0dc79e548988,J&J's,0,6,1,1,,1
2026-09-23,milan,milano-repubblica-station,df4293fd-19f7-4ebb-a59f-ba30f98f8fdc,J&J's,0,3,7,7,,7
2026-09-24,milan,milano-repubblica-station,df4293fd-19f7-4ebb-a59f-ba30f98f8fdc,J&J's,0,9,7,7,,8
2026-09-25,milan,milano-repubblica-station,df4293fd-19f7-4ebb-a59f-ba30f98f8fdc,J&J's,0,6,9,9,,9
2026-09-23,milan,cantun-sciatin,df65466f-4360-4194-8843-fe5b79df07fb,J&J's,0,3,0,0,,0
2026-09-24,milan,cantun-sciatin,df65466f-4360-4194-8843-fe5b79df07fb,J&J's,0,9,0,0,,0
2026-09-25,milan,cantun-sciatin,df65466f-4360-4194-8843-fe5b79df07fb,J&J's,0,6,0,0,,0
2026-09-23,milan,fiera,e16fe72a-ebe4-488d-b209-2a91279b8342,J&J's,100,3,3,3,3.0,3
2026-09-24,milan,fiera,e16fe72a-ebe4-488d-b209-2a91279b8342,J&J's,100,9,4,3,4.0,4
2026-09-25,milan,fiera,e16fe72a-ebe4-488d-b209-2a91279b8342,J&J's,100,6,3,3,3.0,3
2026-09-23,milan,duomo,e3ab625b-fd79-4b9b-bed9-8b5f16226d20,J&J's,40,3,53,53,132.5,53
2026-09-24,milan,duomo,e3ab625b-fd79-4b9b-bed9-8b5f16226d20,J&J's,40,9,54,47,135.0,54
2026-09-25,milan,duomo,e3ab625b-fd79-4b9b-bed9-8b5f16226d20,J&J's,40,6,48,48,120.0,48
2026-09-23,milan,santa-maria-delle-grazie,e4f2c389-3d06-440f-993c-0fb302c1f5a3,J&J's,0,3,1,1,,1
2026-09-24,milan,santa-maria-delle-grazie,e4f2c389-3d06-440f-993c-0fb302c1f5a3,J&J's,0,9,1,1,,1
2026-09-25,milan,santa-maria-delle-grazie,e4f2c389-3d06-440f-993c-0fb302c1f5a3,J&J's,0,6,2,2,,2
2026-09-23,milan,quartiere-travaglia,e73759aa-e481-4d67-880f-ae004050a742,J&J's,0,3,0,0,,0
2026-09-24,milan,quartiere-travaglia,e73759aa-e481-4d67-880f-ae004050a742,J&J's,0,9,0,0,,0
2026-09-25,milan,quartiere-travaglia,e73759aa-e481-4d67-880f-ae004050a742,J&J's,0,6,0,0,,0
2026-09-23,milan,fiera,e82aa93a-0040-4694-b142-bed1cebef98d,J&J's,0,3,0,0,,0
2026-09-24,milan,fiera,e82aa93a-0040-4694-b142-bed1cebef98d,J&J's,0,9,0,0,,0
2026-09-25,milan,fiera,e82aa93a-0040-4694-b142-bed1cebef98d,J&J's,0,6,0,0,,0
2026-09-23,milan,zone-1-of-milan,e8529be2-4926-45c1-8949-efa87d1d6d40,J&J's,0,3,7,7,,7
2026-09-24,milan,zone-1-of-milan,e8529be2-4926-45c1-8949-efa87d1d6d40,J&J's,0,9,7,6,,7
2026-09-25,milan,zone-1-of-milan,e8529be2-4926-45c1-8949-efa87d1d6d40,J&J's,0,6,7,7,,7
2026-09-23,milan,santa-maria-delle-grazie,e9015abd-02b7-46f1-9c64-af92eb55aae7,J&J's,0,3,4,4,,4
2026-09-24,milan,santa-maria-delle-grazie,e9015abd-02b7-46f1-9c64-af92eb55aae7,J&J's,0,9,4,3,,4
2026-09-25,milan,santa-maria-delle-grazie,e9015abd-02b7-46f1-9c64-af92eb55aae7,J&J's,0,6,3,3,,3
2026-09-23,milan,china-town,e9fdf8b1-1a7d-4223-9cd4-2bd08d14dda3,J&J's,50,3,0,0,0.0,0
2026-09-24,milan,china-town,e9fdf8b1-1a7d-4223-9cd4-2bd08d14dda3,J&J's,50,9,0,0,0.0,0
2026-09-25,milan,china-town,e9fdf8b1-1a7d-4223-9cd4-2bd08d14dda3,J&J's,50,6,0,0,0.0,0
2026-09-23,milan,crusèta,eb7a71ed-671f-49f7-9201-7753cc0f1613,J&J's,0,3,0,0,,0
2026-09-24,milan,crusèta,eb7a71ed-671f-49f7-9201-7753cc0f1613,J&J's,0,9,0,0,,0
2026-09-25,milan,crusèta,eb7a71ed-671f-49f7-9201-7753cc0f1613,J&J's,0,6,0,0,,0
2026-09-23,milan,milan-centrale-railway-station,eb87fde0-0893-4f2f-8ab7-299ac86610ea,J&J's,0,3,0,0,,0
2026-09-24,milan,milan-centrale-railway-station,eb87fde0-0893-4f2f-8ab7-299ac86610ea,J&J's,0,9,0,0,,0
2026-09-25,milan,milan-centrale-railway-station,eb87fde0-0893-4f2f-8ab7-299ac86610ea,J&J's,0,6,0,0,,0
2026-09-23,milan,politecnico-di-milano-campus-bovisa-la-masa,ebcb0ffe-6ef4-4bd3-862c-b39d010c3f9c,J&J's,0,3,2,2,,2
2026-09-24,milan,politecnico-di-milano-campus-bovisa-la-masa,ebcb0ffe-6ef4-4bd3-862c-b39d010c3f9c,J&J's,0,9,3,3,,3
2026-09-25,milan,politecnico-di-milano-campus-bovisa-la-masa,ebcb0ffe-6ef4-4bd3-862c-b39d010c3f9c,J&J's,0,6,3,3,,3
2026-09-23,milan,via-visconti-di-modrone,ec089e21-f105-408f-aa7a-6b21b98ce623,J&J's,10,3,1,1,10.0,1
2026-09-24,milan,via-visconti-di-modrone,ec089e21-f105-408f-aa7a-6b21b98ce623,J&J's,10,9,1,1,10.0,1
2026-09-25,milan,via-visconti-di-modrone,ec089e21-f105-408f-aa7a-6b21b98ce623,J&J's,10,6,1,1,10.0,1
2026-09-23,milan,milan-centrale-railway-station,ed41ffe3-e850-4625-b1cb-796584c20dd8,J&J's,0,3,4,4,,4
2026-09-24,milan,milan-centrale-railway-station,ed41ffe3-e850-4625-b1cb-796584c20dd8,J&J's,0,9,4,3,,4
2026-09-25,milan,milan-centrale-railway-station,ed41ffe3-e850-4625-b1cb-796584c20dd8,J&J's,0,6,4,3,,4
2026-09-23,milan,mecenate,eda0baa0-1bb5-43f7-86a3-22d3ead60a31,J&J's,0,3,0,0,,0
2026-09-24,milan,mecenate,eda0baa0-1bb5-43f7-86a3-22d3ead60a31,J&J's,0,9,0,0,,0
2026-09-25,milan,mecenate,eda0baa0-1bb5-43f7-86a3-22d3ead60a31,J&J's,0,6,0,0,,0
2026-09-23,milan,porta-genova,edd6d7a1-00de-4d50-92dc-6de6272f695b,J&J's,100,3,0,0,0.0,0
2026-09-24,milan,porta-genova,edd6d7a1-00de-4d50-92dc-6de6272f695b,J&J's,100,9,0,0,0.0,0
2026-09-25,milan,porta-genova,edd6d7a1-00de-4d50-92dc-6de6272f695b,J&J's,100,6,0,0,0.0,0
2026-09-23,milan,melegnano,ee37fdf9-811f-4278-a2b5-a8a3da6745db,J&J's,0,3,0,0,,0
2026-09-24,milan,melegnano,ee37fdf9-811f-4278-a2b5-a8a3da6745db,J&J's,0,9,0,0,,0
2026-09-25,milan,melegnano,ee37fdf9-811f-4278-a2b5-a8a3da6745db,J&J's,0,6,0,0,,0
2026-09-23,milan,milan-centrale-railway-station,ee8533d5-f8f7-4318-81be-f60003e8e589,J&J's,0,3,3,3,,3
2026-09-24,milan,milan-centrale-railway-station,ee8533d5-f8f7-4318-81be-f60003e8e589,J&J's,0,9,3,3,,3
2026-09-25,milan,milan-centrale-railway-station,ee8533d5-f8f7-4318-81be-f60003e8e589,J&J's,0,6,5,5,,5
2026-09-23,milan,bicocca,f0e4a206-426f-4549-9bec-e453a8100df4,J&J's,0,3,0,0,,0
2026-09-24,milan,bicocca,f0e4a206-426f-4549-9bec-e453a8100df4,J&J's,0,9,0,0,,0
2026-09-25,milan,bicocca,f0e4a206-426f-4549-9bec-e453a8100df4,J&J's,0,6,0,0,,0
2026-09-23,milan,washington,f0f377de-115f-4970-ace1-802efecb161f,J&J's,0,3,0,0,,0
2026-09-24,milan,washington,f0f377de-115f-4970-ace1-802efecb161f,J&J's,0,9,0,0,,0
2026-09-25,milan,washington,f0f377de-115f-4970-ace1-802efecb161f,J&J's,0,6,1,1,,1
2026-09-23,milan,santa-maria-delle-grazie,f1e65980-38a4-4f5d-a0be-5775f620aee0,J&J's,18,3,1,1,5.6,1
2026-09-24,milan,santa-maria-delle-grazie,f1e65980-38a4-4f5d-a0be-5775f620aee0,J&J's,18,9,1,1,5.6,1
2026-09-25,milan,santa-maria-delle-grazie,f1e65980-38a4-4f5d-a0be-5775f620aee0,J&J's,18,6,1,1,5.6,1
2026-09-23,milan,porta-venezia,f2568018-1742-43e8-b8bc-e49d58f49fc3,J&J's,10,3,2,2,20.0,2
2026-09-24,milan,porta-venezia,f2568018-1742-43e8-b8bc-e49d58f49fc3,J&J's,10,9,2,1,20.0,2
2026-09-25,milan,porta-venezia,f2568018-1742-43e8-b8bc-e49d58f49fc3,J&J's,10,6,1,1,10.0,1
2026-09-23,milan,porta-genova,f3b561c8-f84d-43bc-9b83-277dea3f08fb,J&J's,0,3,2,2,,2
2026-09-24,milan,porta-genova,f3b561c8-f84d-43bc-9b83-277dea3f08fb,J&J's,0,9,2,2,,2
2026-09-25,milan,porta-genova,f3b561c8-f84d-43bc-9b83-277dea3f08fb,J&J's,0,6,2,2,,2
2026-09-23,milan,porta-genova,f4798262-f719-43c8-8200-caffa68b3110,J&J's,0,3,5,5,,5
2026-09-24,milan,porta-genova,f4798262-f719-43c8-8200-caffa68b3110,J&J's,0,9,5,5,,6
2026-09-25,milan,porta-genova,f4798262-f719-43c8-8200-caffa68b3110,J&J's,0,6,5,5,,5
2026-09-23,milan,navigli,f484e59d-0468-442e-a386-db61b458708a,J&J's,0,3,1,1,,1
2026-09-24,milan,navigli,f484e59d-0468-442e-a386-db61b458708a,J&J's,0,9,1,1,,1
2026-09-25,milan,navigli,f484e59d-0468-442e-a386-db61b458708a,J&J's,0,6,1,1,,1
2026-09-23,milan,china-town-milan,f4cae4c8-d95d-4871-a3f7-aebc18291409,J&J's,30,3,0,0,0.0,0
2026-09-24,milan,china-town-milan,f4cae4c8-d95d-4871-a3f7-aebc18291409,J&J's,30,9,0,0,0.0,0
2026-09-25,milan,china-town-milan,f4cae4c8-d95d-4871-a3f7-aebc18291409,J&J's,30,6,0,0,0.0,0
2026-09-23,milan,cassina-del-pero,f752a6b3-df50-4263-9f8e-156b7728af55,J&J's,0,3,0,0,,0
2026-09-24,milan,cassina-del-pero,f752a6b3-df50-4263-9f8e-156b7728af55,J&J's,0,9,0,0,,0
2026-09-25,milan,cassina-del-pero,f752a6b3-df50-4263-9f8e-156b7728af55,J&J's,0,6,0,0,,0
2026-09-23,milan,milan-centrale-railway-station,f7d9efaf-cfe8-4984-88c0-a8c22bcf8602,J&J's,40,3,10,10,25.0,10
2026-09-24,milan,milan-centrale-railway-station,f7d9efaf-cfe8-4984-88c0-a8c22bcf8602,J&J's,40,9,10,10,25.0,10
2026-09-25,milan,milan-centrale-railway-station,f7d9efaf-cfe8-4984-88c0-a8c22bcf8602,J&J's,40,6,12,12,30.0,12
2026-09-23,milan,pont,f89be56c-47bb-4998-afb4-dc8f1fc0d19a,J&J's,0,3,0,0,,0
2026-09-24,milan,pont,f89be56c-47bb-4998-afb4-dc8f1fc0d19a,J&J's,0,9,0,0,,0
2026-09-25,milan,pont,f89be56c-47bb-4998-afb4-dc8f1fc0d19a,J&J's,0,6,0,0,,0
2026-09-23,milan,novate-milanese,fa57ebc0-1e80-4734-aa09-4290886142fc,J&J's,0,3,0,0,,0
2026-09-24,milan,novate-milanese,fa57ebc0-1e80-4734-aa09-4290886142fc,J&J's,0,9,0,0,,0
2026-09-25,milan,novate-milanese,fa57ebc0-1e80-4734-aa09-4290886142fc,J&J's,0,6,0,0,,0
2026-09-23,milan,porta-garibaldi-train-station,fcd35dc9-16c5-4ca4-877f-eb5b33ac1fef,J&J's,0,3,1,1,,1
2026-09-24,milan,porta-garibaldi-train-station,fcd35dc9-16c5-4ca4-877f-eb5b33ac1fef,J&J's,0,9,1,1,,1
2026-09-25,milan,porta-garibaldi-train-station,fcd35dc9-16c5-4ca4-877f-eb5b33ac1fef,J&J's,0,6,1,1,,1
2026-09-23,milan,porta-vittoria,fd8ba7bc-4a6e-485f-b75d-4f8d9d8cac6d,J&J's,0,3,0,0,,0
2026-09-24,milan,porta-vittoria,fd8ba7bc-4a6e-485f-b75d-4f8d9d8cac6d,J&J's,0,9,0,0,,0
2026-09-25,milan,porta-vittoria,fd8ba7bc-4a6e-485f-b75d-4f8d9d8cac6d,J&J's,0,6,0,0,,0
2026-09-23,milan,rogoredo-train-station,fe2fba04-991e-4f47-9763-d6f4ea2e11c8,J&J's,0,3,0,0,,0
2026-09-24,milan,rogoredo-train-station,fe2fba04-991e-4f47-9763-d6f4ea2e11c8,J&J's,0,9,0,0,,0
2026-09-25,milan,rogoredo-train-station,fe2fba04-991e-4f47-9763-d6f4ea2e11c8,J&J's,0,6,0,0,,0
2026-09-23,milan,via-torino-via-palla,feba3f46-d68f-4c6a-8e5e-6b8212feb6fa,J&J's,0,3,0,0,,0
2026-09-24,milan,via-torino-via-palla,feba3f46-d68f-4c6a-8e5e-6b8212feb6fa,J&J's,0,9,0,0,,0
2026-09-25,milan,via-torino-via-palla,feba3f46-d68f-4c6a-8e5e-6b8212feb6fa,J&J's,0,6,0,0,,0
2026-09-23,milan,porta-romana,fff898ee-78f5-4f68-a17c-4f1956745cf1,J&J's,70,3,3,3,4.3,3
2026-09-24,milan,porta-romana,fff898ee-78f5-4f68-a17c-4f1956745cf1,J&J's,70,9,5,5,7.1,5
2026-09-25,milan,porta-romana,fff898ee-78f5-4f68-a17c-4f1956745cf1,J&J's,70,6,5,3,7.1,5
2026-09-23,modena,bomporto,03999371-73a2-4513-ac56-38e990528500,J&J's,0,3,0,0,,0
2026-09-24,modena,bomporto,03999371-73a2-4513-ac56-38e990528500,J&J's,0,8,0,0,,0
2026-09-25,modena,bomporto,03999371-73a2-4513-ac56-38e990528500,J&J's,0,6,0,0,,0
2026-09-23,modena,sacca,0dba8a76-f177-488c-aee9-5299628dad1d,J&J's,0,3,0,0,,0
2026-09-24,modena,sacca,0dba8a76-f177-488c-aee9-5299628dad1d,J&J's,0,8,0,0,,0
2026-09-25,modena,sacca,0dba8a76-f177-488c-aee9-5299628dad1d,J&J's,0,6,0,0,,0
2026-09-23,modena,via-larga,2ceaf2b6-7659-4108-bcd9-8f0dd7731a5b,J&J's,0,3,0,0,,0
2026-09-24,modena,via-larga,2ceaf2b6-7659-4108-bcd9-8f0dd7731a5b,J&J's,0,8,0,0,,0
2026-09-25,modena,via-larga,2ceaf2b6-7659-4108-bcd9-8f0dd7731a5b,J&J's,0,6,0,0,,0
2026-09-23,modena,campogalliano,2d2fdf83-9393-49d1-8acb-4187a089d637,J&J's,0,3,0,0,,0
2026-09-24,modena,campogalliano,2d2fdf83-9393-49d1-8acb-4187a089d637,J&J's,0,8,0,0,,0
2026-09-25,modena,campogalliano,2d2fdf83-9393-49d1-8acb-4187a089d637,J&J's,0,6,0,0,,0
2026-09-23,modena,quartirolo,2e4f4abe-f7eb-455a-a4c4-af273472916e,J&J's,0,3,0,0,,0
2026-09-24,modena,quartirolo,2e4f4abe-f7eb-455a-a4c4-af273472916e,J&J's,0,8,0,0,,0
2026-09-25,modena,quartirolo,2e4f4abe-f7eb-455a-a4c4-af273472916e,J&J's,0,6,0,0,,0
2026-09-23,modena,san-giovanni-in-persiceto,42e7f892-e2c2-4cae-860e-0522bbb3d22f,J&J's,0,3,0,0,,0
2026-09-24,modena,san-giovanni-in-persiceto,42e7f892-e2c2-4cae-860e-0522bbb3d22f,J&J's,0,8,0,0,,0
2026-09-25,modena,san-giovanni-in-persiceto,42e7f892-e2c2-4cae-860e-0522bbb3d22f,J&J's,0,6,0,0,,0
2026-09-23,modena,casinalbo,5d1b8706-7298-4686-80ed-5a6f2d032acc,J&J's,0,3,0,0,,0
2026-09-24,modena,casinalbo,5d1b8706-7298-4686-80ed-5a6f2d032acc,J&J's,0,8,0,0,,0
2026-09-25,modena,casinalbo,5d1b8706-7298-4686-80ed-5a6f2d032acc,J&J's,0,6,0,0,,0
2026-09-23,modena,braida,616bdcad-ed68-4f6e-88f0-004f48cbcc43,J&J's,0,3,0,0,,0
2026-09-24,modena,braida,616bdcad-ed68-4f6e-88f0-004f48cbcc43,J&J's,0,8,0,0,,0
2026-09-25,modena,braida,616bdcad-ed68-4f6e-88f0-004f48cbcc43,J&J's,0,6,0,0,,0
2026-09-23,modena,buon-pastore-sant'agnese-san-damaso,71b81ce7-fe81-41c1-9741-3f85618b9efa,J&J's,0,3,0,0,,0
2026-09-24,modena,buon-pastore-sant'agnese-san-damaso,71b81ce7-fe81-41c1-9741-3f85618b9efa,J&J's,0,8,0,0,,0
2026-09-25,modena,buon-pastore-sant'agnese-san-damaso,71b81ce7-fe81-41c1-9741-3f85618b9efa,J&J's,0,6,0,0,,0
2026-09-23,modena,san-giorgio,72f3109c-8255-4bbf-b68f-77546f0b168d,J&J's,0,3,0,0,,0
2026-09-24,modena,san-giorgio,72f3109c-8255-4bbf-b68f-77546f0b168d,J&J's,0,8,0,0,,0
2026-09-25,modena,san-giorgio,72f3109c-8255-4bbf-b68f-77546f0b168d,J&J's,0,6,0,0,,0
2026-09-23,modena,reggiolo,739241eb-928a-42a3-82d4-75b73a1cb853,J&J's,0,3,0,0,,0
2026-09-24,modena,reggiolo,739241eb-928a-42a3-82d4-75b73a1cb853,J&J's,0,8,0,0,,0
2026-09-25,modena,reggiolo,739241eb-928a-42a3-82d4-75b73a1cb853,J&J's,0,6,0,0,,0
2026-09-23,modena,sant'agnese,9f79bda7-2aa0-45f7-91de-6f2e20fdb0af,J&J's,10,3,1,1,10.0,1
2026-09-24,modena,sant'agnese,9f79bda7-2aa0-45f7-91de-6f2e20fdb0af,J&J's,10,8,1,1,10.0,1
2026-09-25,modena,sant'agnese,9f79bda7-2aa0-45f7-91de-6f2e20fdb0af,J&J's,10,6,1,1,10.0,1
2026-09-23,modena,city-centre,9f7b4c1a-3a1e-4f2d-bb36-fd2dc4131dd1,J&J's,0,3,2,2,,2
2026-09-24,modena,city-centre,9f7b4c1a-3a1e-4f2d-bb36-fd2dc4131dd1,J&J's,0,8,3,3,,3
2026-09-25,modena,city-centre,9f7b4c1a-3a1e-4f2d-bb36-fd2dc4131dd1,J&J's,0,6,3,2,,3
2026-09-23,modena,quartiere-saliceto,a654ee06-d922-4ea1-a4af-037dc2a7ac77,J&J's,0,3,0,0,,0
2026-09-24,modena,quartiere-saliceto,a654ee06-d922-4ea1-a4af-037dc2a7ac77,J&J's,0,8,0,0,,0
2026-09-25,modena,quartiere-saliceto,a654ee06-d922-4ea1-a4af-037dc2a7ac77,J&J's,0,6,0,0,,0
2026-09-23,modena,quartiere-saliceto,b1de0a3b-5159-47af-ae08-35bce007fcac,J&J's,0,3,0,0,,0
2026-09-24,modena,quartiere-saliceto,b1de0a3b-5159-47af-ae08-35bce007fcac,J&J's,0,8,0,0,,0
2026-09-25,modena,quartiere-saliceto,b1de0a3b-5159-47af-ae08-35bce007fcac,J&J's,0,6,0,0,,0
2026-09-23,modena,sacca,ba7bd51b-b18e-45b4-be0e-df80e735f852,J&J's,0,3,0,0,,0
2026-09-24,modena,sacca,ba7bd51b-b18e-45b4-be0e-df80e735f852,J&J's,0,8,0,0,,0
2026-09-25,modena,sacca,ba7bd51b-b18e-45b4-be0e-df80e735f852,J&J's,0,6,0,0,,0
2026-09-23,modena,amendola,bc7f85f6-760f-4093-ac5d-63031c4ad4dc,J&J's,0,3,0,0,,0
2026-09-24,modena,amendola,bc7f85f6-760f-4093-ac5d-63031c4ad4dc,J&J's,0,8,0,0,,0
2026-09-25,modena,amendola,bc7f85f6-760f-4093-ac5d-63031c4ad4dc,J&J's,0,6,0,0,,0
2026-09-23,modena,city-centre,bce2bc84-df99-4ee5-a0b1-e1219fa7a53a,J&J's,0,3,0,0,,0
2026-09-24,modena,city-centre,bce2bc84-df99-4ee5-a0b1-e1219fa7a53a,J&J's,0,8,0,0,,0
2026-09-25,modena,city-centre,bce2bc84-df99-4ee5-a0b1-e1219fa7a53a,J&J's,0,6,0,0,,0
2026-09-23,modena,city-centre,be7d8b60-4c98-4e74-8388-fb95d06f42b3,J&J's,50,3,5,5,10.0,5
2026-09-24,modena,city-centre,be7d8b60-4c98-4e74-8388-fb95d06f42b3,J&J's,50,8,5,4,10.0,5
2026-09-25,modena,city-centre,be7d8b60-4c98-4e74-8388-fb95d06f42b3,J&J's,50,6,4,4,8.0,4
2026-09-23,modena,ubersetto,c610e18e-4a38-46d9-9e60-e6b6220290fb,J&J's,0,3,0,0,,0
2026-09-24,modena,ubersetto,c610e18e-4a38-46d9-9e60-e6b6220290fb,J&J's,0,8,0,0,,0
2026-09-25,modena,ubersetto,c610e18e-4a38-46d9-9e60-e6b6220290fb,J&J's,0,6,0,0,,0
2026-09-23,modena,musicisti,c618253a-e1dd-455e-897e-2c65061bbe6a,J&J's,50,3,0,0,0.0,0
2026-09-24,modena,musicisti,c618253a-e1dd-455e-897e-2c65061bbe6a,J&J's,50,8,0,0,0.0,0
2026-09-25,modena,musicisti,c618253a-e1dd-455e-897e-2c65061bbe6a,J&J's,50,6,0,0,0.0,0
2026-09-23,modena,central-station,c8fddd6d-6e9b-4e01-a09a-8f08fae04e72,J&J's,0,3,0,0,,0
2026-09-24,modena,central-station,c8fddd6d-6e9b-4e01-a09a-8f08fae04e72,J&J's,0,8,0,0,,0
2026-09-25,modena,central-station,c8fddd6d-6e9b-4e01-a09a-8f08fae04e72,J&J's,0,6,0,0,,0
2026-09-23,modena,novellara,d51701bf-ac03-4fff-8a87-e9c0c47675ae,J&J's,0,3,0,0,,0
2026-09-24,modena,novellara,d51701bf-ac03-4fff-8a87-e9c0c47675ae,J&J's,0,8,0,0,,0
2026-09-25,modena,novellara,d51701bf-ac03-4fff-8a87-e9c0c47675ae,J&J's,0,6,0,0,,0
2026-09-23,modena,central-station,d68cda7b-cd72-4ca8-9bab-97f10bfd78ca,J&J's,0,3,19,18,,19
2026-09-24,modena,central-station,d68cda7b-cd72-4ca8-9bab-97f10bfd78ca,J&J's,0,8,18,14,,18
2026-09-25,modena,central-station,d68cda7b-cd72-4ca8-9bab-97f10bfd78ca,J&J's,0,6,17,16,,17
2026-09-23,modena,central-station,e5e5d062-3d8b-4d14-8da7-3da554ac81d7,J&J's,0,3,0,0,,0
2026-09-24,modena,central-station,e5e5d062-3d8b-4d14-8da7-3da554ac81d7,J&J's,0,8,0,0,,0
2026-09-25,modena,central-station,e5e5d062-3d8b-4d14-8da7-3da554ac81d7,J&J's,0,6,0,0,,0
2026-09-23,modena,cavidole,eec43644-9964-41c7-927e-8d1737e862fe,J&J's,0,3,0,0,,0
2026-09-24,modena,cavidole,eec43644-9964-41c7-927e-8d1737e862fe,J&J's,0,8,0,0,,0
2026-09-25,modena,cavidole,eec43644-9964-41c7-927e-8d1737e862fe,J&J's,0,6,0,0,,0
2026-09-23,monza,san-fruttuoso,04d2b5cf-b052-4aae-82ec-a2366c071a51,J&J's,0,3,0,0,,0
2026-09-24,monza,san-fruttuoso,04d2b5cf-b052-4aae-82ec-a2366c071a51,J&J's,0,8,0,0,,0
2026-09-25,monza,san-fruttuoso,04d2b5cf-b052-4aae-82ec-a2366c071a51,J&J's,0,6,0,0,,0
2026-09-23,monza,rancate,3d73eb95-b462-493a-a936-d1ae79285a04,J&J's,0,3,0,0,,0
2026-09-24,monza,rancate,3d73eb95-b462-493a-a936-d1ae79285a04,J&J's,0,8,0,0,,0
2026-09-25,monza,rancate,3d73eb95-b462-493a-a936-d1ae79285a04,J&J's,0,6,0,0,,0
2026-09-23,monza,agrate-brianza,4567f4b9-e049-48f1-86f8-59b2fbf2c985,J&J's,0,3,0,0,,0
2026-09-24,monza,agrate-brianza,4567f4b9-e049-48f1-86f8-59b2fbf2c985,J&J's,0,8,0,0,,0
2026-09-25,monza,agrate-brianza,4567f4b9-e049-48f1-86f8-59b2fbf2c985,J&J's,0,6,0,0,,0
2026-09-23,monza,caviana,4ef71f47-c4a4-4b7b-ab51-908484649070,J&J's,0,3,0,0,,0
2026-09-24,monza,caviana,4ef71f47-c4a4-4b7b-ab51-908484649070,J&J's,0,8,0,0,,0
2026-09-25,monza,caviana,4ef71f47-c4a4-4b7b-ab51-908484649070,J&J's,0,6,0,0,,0
2026-09-23,monza,regina-pacis,59e8a95a-101b-43c9-b40f-a6605e1fc669,J&J's,0,3,0,0,,0
2026-09-24,monza,regina-pacis,59e8a95a-101b-43c9-b40f-a6605e1fc669,J&J's,0,8,0,0,,0
2026-09-25,monza,regina-pacis,59e8a95a-101b-43c9-b40f-a6605e1fc669,J&J's,0,6,0,0,,0
2026-09-23,monza,san-gottardo,88a17023-0272-4bbd-ad2d-d7e25797a4a8,J&J's,0,3,0,0,,0
2026-09-24,monza,san-gottardo,88a17023-0272-4bbd-ad2d-d7e25797a4a8,J&J's,0,8,0,0,,0
2026-09-25,monza,san-gottardo,88a17023-0272-4bbd-ad2d-d7e25797a4a8,J&J's,0,6,0,0,,0
2026-09-23,monza,monza-train-station,a49c15e0-738e-49c7-b1d7-aec7d034b19c,J&J's,0,3,1,1,,1
2026-09-24,monza,monza-train-station,a49c15e0-738e-49c7-b1d7-aec7d034b19c,J&J's,0,8,1,1,,1
2026-09-25,monza,monza-train-station,a49c15e0-738e-49c7-b1d7-aec7d034b19c,J&J's,0,6,1,1,,1
2026-09-23,monza,monza-train-station,bc8f3823-b3d5-403a-a80a-4eab2fe535e8,J&J's,0,3,0,0,,0
2026-09-24,monza,monza-train-station,bc8f3823-b3d5-403a-a80a-4eab2fe535e8,J&J's,0,8,0,0,,0
2026-09-25,monza,monza-train-station,bc8f3823-b3d5-403a-a80a-4eab2fe535e8,J&J's,0,6,0,0,,0
2026-09-23,monza,monza-train-station,cbe92ab7-6f7d-41e4-81af-c4aaee441111,J&J's,0,3,0,0,,0
2026-09-24,monza,monza-train-station,cbe92ab7-6f7d-41e4-81af-c4aaee441111,J&J's,0,8,0,0,,0
2026-09-25,monza,monza-train-station,cbe92ab7-6f7d-41e4-81af-c4aaee441111,J&J's,0,6,0,0,,0
2026-09-23,monza,monza-train-station,df118786-0036-4886-8cae-cdc2f9f6f9c1,J&J's,0,3,1,1,,1
2026-09-24,monza,monza-train-station,df118786-0036-4886-8cae-cdc2f9f6f9c1,J&J's,0,8,1,1,,1
2026-09-25,monza,monza-train-station,df118786-0036-4886-8cae-cdc2f9f6f9c1,J&J's,0,6,1,1,,1
2026-09-23,monza,rossignolo,df44fecf-18bf-4021-9637-b395aa740d59,J&J's,0,3,0,0,,0
2026-09-24,monza,rossignolo,df44fecf-18bf-4021-9637-b395aa740d59,J&J's,0,8,0,0,,0
2026-09-25,monza,rossignolo,df44fecf-18bf-4021-9637-b395aa740d59,J&J's,0,6,0,0,,0
2026-09-23,monza,triante,f8b91112-5f74-42b0-ad5a-a8b13238287f,J&J's,0,3,0,0,,0
2026-09-24,monza,triante,f8b91112-5f74-42b0-ad5a-a8b13238287f,J&J's,0,8,0,0,,0
2026-09-25,monza,triante,f8b91112-5f74-42b0-ad5a-a8b13238287f,J&J's,0,6,0,0,,0
2026-09-23,monza,centro,fee4d5fb-ccb2-4ea2-8b78-3568ff6b066b,J&J's,0,3,0,0,,0
2026-09-24,monza,centro,fee4d5fb-ccb2-4ea2-8b78-3568ff6b066b,J&J's,0,8,0,0,,0
2026-09-25,monza,centro,fee4d5fb-ccb2-4ea2-8b78-3568ff6b066b,J&J's,0,6,0,0,,0
2026-09-23,naples,villaricca,0013e316-b483-4d43-8a29-39fc095b7bc9,J&J's,0,3,0,0,,0
2026-09-24,naples,villaricca,0013e316-b483-4d43-8a29-39fc095b7bc9,J&J's,0,9,0,0,,0
2026-09-25,naples,villaricca,0013e316-b483-4d43-8a29-39fc095b7bc9,J&J's,0,6,0,0,,0
2026-09-23,naples,napoli-porta-nolana,00a13ec2-00d7-48f6-af55-18548681405d,J&J's,0,3,3,3,,3
2026-09-24,naples,napoli-porta-nolana,00a13ec2-00d7-48f6-af55-18548681405d,J&J's,0,9,4,4,,4
2026-09-25,naples,napoli-porta-nolana,00a13ec2-00d7-48f6-af55-18548681405d,J&J's,0,6,4,4,,4
2026-09-23,naples,ripuaria,015c053a-d8b3-4e58-a249-3dde59baade6,J&J's,0,3,0,0,,0
2026-09-24,naples,ripuaria,015c053a-d8b3-4e58-a249-3dde59baade6,J&J's,0,9,0,0,,0
2026-09-25,naples,ripuaria,015c053a-d8b3-4e58-a249-3dde59baade6,J&J's,0,6,0,0,,0
2026-09-23,naples,municipio,016674c5-8f03-44d3-87d1-5e95d8884da4,J&J's,0,3,1,1,,1
2026-09-24,naples,municipio,016674c5-8f03-44d3-87d1-5e95d8884da4,J&J's,0,9,1,1,,1
2026-09-25,naples,municipio,016674c5-8f03-44d3-87d1-5e95d8884da4,J&J's,0,6,0,0,,0
2026-09-23,naples,naples-city-center,01f5bfb0-f249-43b0-ba35-410bd82331b1,J&J's,0,3,0,0,,0
2026-09-24,naples,naples-city-center,01f5bfb0-f249-43b0-ba35-410bd82331b1,J&J's,0,9,0,0,,0
2026-09-25,naples,naples-city-center,01f5bfb0-f249-43b0-ba35-410bd82331b1,J&J's,0,6,0,0,,0
2026-09-23,naples,fuorigrotta,024d6ad1-1451-4ada-8c5a-de3af812a5b8,J&J's,0,3,0,0,,0
2026-09-24,naples,fuorigrotta,024d6ad1-1451-4ada-8c5a-de3af812a5b8,J&J's,0,9,0,0,,0
2026-09-25,naples,fuorigrotta,024d6ad1-1451-4ada-8c5a-de3af812a5b8,J&J's,0,6,0,0,,0
2026-09-23,naples,ponticelli,02b575e4-e139-4f92-bb12-df7d844eab20,J&J's,0,3,0,0,,0
2026-09-24,naples,ponticelli,02b575e4-e139-4f92-bb12-df7d844eab20,J&J's,0,9,0,0,,0
2026-09-25,naples,ponticelli,02b575e4-e139-4f92-bb12-df7d844eab20,J&J's,0,6,0,0,,0
2026-09-23,naples,piazza-del-gesu,02b59ec4-e02a-4a6c-99a8-572a82a4030b,J&J's,0,3,8,8,,8
2026-09-24,naples,piazza-del-gesu,02b59ec4-e02a-4a6c-99a8-572a82a4030b,J&J's,0,9,10,9,,10
2026-09-25,naples,piazza-del-gesu,02b59ec4-e02a-4a6c-99a8-572a82a4030b,J&J's,0,6,9,7,,9
2026-09-23,naples,ripuaria,03221ce1-728b-4ad3-8b28-0b8e69a67abc,J&J's,0,3,0,0,,0
2026-09-24,naples,ripuaria,03221ce1-728b-4ad3-8b28-0b8e69a67abc,J&J's,0,9,0,0,,0
2026-09-25,naples,ripuaria,03221ce1-728b-4ad3-8b28-0b8e69a67abc,J&J's,0,6,0,0,,0
2026-09-23,naples,saviano,0524cb76-a81e-4e3a-b252-ba737eb85d79,J&J's,0,3,0,0,,0
2026-09-24,naples,saviano,0524cb76-a81e-4e3a-b252-ba737eb85d79,J&J's,0,9,0,0,,0
2026-09-25,naples,saviano,0524cb76-a81e-4e3a-b252-ba737eb85d79,J&J's,0,6,0,0,,0
2026-09-23,naples,marianella,056555d2-1bab-451b-9428-0646dd87ef1a,J&J's,0,3,0,0,,0
2026-09-24,naples,marianella,056555d2-1bab-451b-9428-0646dd87ef1a,J&J's,0,9,0,0,,0
2026-09-25,naples,marianella,056555d2-1bab-451b-9428-0646dd87ef1a,J&J's,0,6,0,0,,0
2026-09-23,naples,via-toledo,0580166f-dffb-45c6-9100-61a0c8e981ab,J&J's,0,3,0,0,,0
2026-09-24,naples,via-toledo,0580166f-dffb-45c6-9100-61a0c8e981ab,J&J's,0,9,0,0,,0
2026-09-25,naples,via-toledo,0580166f-dffb-45c6-9100-61a0c8e981ab,J&J's,0,6,1,1,,1
2026-09-23,naples,miano,05c6b102-5b7c-4154-9c19-3e4fa76fe00d,J&J's,0,3,0,0,,0
2026-09-24,naples,miano,05c6b102-5b7c-4154-9c19-3e4fa76fe00d,J&J's,0,9,0,0,,0
2026-09-25,naples,miano,05c6b102-5b7c-4154-9c19-3e4fa76fe00d,J&J's,0,6,0,0,,0
2026-09-23,naples,,066dd657-bb04-46dd-ac98-b84b961b5f85,J&J's,0,3,0,0,,0
2026-09-24,naples,,066dd657-bb04-46dd-ac98-b84b961b5f85,J&J's,0,9,0,0,,0
2026-09-25,naples,,066dd657-bb04-46dd-ac98-b84b961b5f85,J&J's,0,6,0,0,,0
2026-09-23,naples,cimitile,071f5d1c-c980-45dd-8519-09b6dd7436b4,J&J's,0,3,0,0,,0
2026-09-24,naples,cimitile,071f5d1c-c980-45dd-8519-09b6dd7436b4,J&J's,0,9,0,0,,0
2026-09-25,naples,cimitile,071f5d1c-c980-45dd-8519-09b6dd7436b4,J&J's,0,6,0,0,,0
2026-09-23,naples,mezz'arco,07e98446-4997-4c13-9eee-767c64befde1,J&J's,0,3,0,0,,0
2026-09-24,naples,mezz'arco,07e98446-4997-4c13-9eee-767c64befde1,J&J's,0,9,0,0,,0
2026-09-25,naples,mezz'arco,07e98446-4997-4c13-9eee-767c64befde1,J&J's,0,6,0,0,,0
2026-09-23,naples,naples-cathedral,08e7f038-5381-4f15-80b5-332bbcfd3bdf,J&J's,15,3,1,1,6.7,1
2026-09-24,naples,naples-cathedral,08e7f038-5381-4f15-80b5-332bbcfd3bdf,J&J's,15,9,3,3,20.0,3
2026-09-25,naples,naples-cathedral,08e7f038-5381-4f15-80b5-332bbcfd3bdf,J&J's,15,6,3,3,20.0,3
2026-09-23,naples,san-giovanni-a-teduccio,090ea423-e4ff-4459-8798-af74263c48d8,J&J's,100,3,0,0,0.0,0
2026-09-24,naples,san-giovanni-a-teduccio,090ea423-e4ff-4459-8798-af74263c48d8,J&J's,100,9,0,0,0.0,0
2026-09-25,naples,san-giovanni-a-teduccio,090ea423-e4ff-4459-8798-af74263c48d8,J&J's,100,6,0,0,0.0,0
2026-09-23,naples,bonea,095039d9-c6dc-4c6a-b27a-210945e91c97,J&J's,0,3,0,0,,0
2026-09-24,naples,bonea,095039d9-c6dc-4c6a-b27a-210945e91c97,J&J's,0,9,0,0,,0
2026-09-25,naples,bonea,095039d9-c6dc-4c6a-b27a-210945e91c97,J&J's,0,6,0,0,,0
2026-09-23,naples,rione-cavalleggeri-aosta,095b9bf4-2917-4282-8b7b-22cfa95efc3d,J&J's,0,3,0,0,,0
2026-09-24,naples,rione-cavalleggeri-aosta,095b9bf4-2917-4282-8b7b-22cfa95efc3d,J&J's,0,9,0,0,,0
2026-09-25,naples,rione-cavalleggeri-aosta,095b9bf4-2917-4282-8b7b-22cfa95efc3d,J&J's,0,6,0,0,,0
2026-09-23,naples,napoli-porta-nolana,099137d1-7ebb-4671-9a8c-87a8203c4a1a,J&J's,0,3,4,3,,4
2026-09-24,naples,napoli-porta-nolana,099137d1-7ebb-4671-9a8c-87a8203c4a1a,J&J's,0,9,4,4,,4
2026-09-25,naples,napoli-porta-nolana,099137d1-7ebb-4671-9a8c-87a8203c4a1a,J&J's,0,6,5,4,,5
2026-09-23,naples,centro-storico,09ae1ec4-efc3-40c5-bab6-eb0c067f53be,J&J's,20,3,1,1,5.0,1
2026-09-24,naples,centro-storico,09ae1ec4-efc3-40c5-bab6-eb0c067f53be,J&J's,20,9,1,0,5.0,1
2026-09-25,naples,centro-storico,09ae1ec4-efc3-40c5-bab6-eb0c067f53be,J&J's,20,6,0,0,0.0,0
2026-09-23,naples,quarto,09e6851c-5ce4-4c00-8378-63b97a508c7a,J&J's,0,3,0,0,,0
2026-09-24,naples,quarto,09e6851c-5ce4-4c00-8378-63b97a508c7a,J&J's,0,9,0,0,,0
2026-09-25,naples,quarto,09e6851c-5ce4-4c00-8378-63b97a508c7a,J&J's,0,6,0,0,,0
2026-09-23,naples,,0c4c56a2-9b30-452c-a8e0-3e61712d3e08,J&J's,0,3,0,0,,0
2026-09-24,naples,,0c4c56a2-9b30-452c-a8e0-3e61712d3e08,J&J's,0,9,0,0,,0
2026-09-25,naples,,0c4c56a2-9b30-452c-a8e0-3e61712d3e08,J&J's,0,6,0,0,,0
2026-09-23,naples,villaricca,0c9ea6bd-9413-4e4b-a29b-dc176f4aa069,J&J's,0,3,0,0,,0
2026-09-24,naples,villaricca,0c9ea6bd-9413-4e4b-a29b-dc176f4aa069,J&J's,0,9,0,0,,0
2026-09-25,naples,villaricca,0c9ea6bd-9413-4e4b-a29b-dc176f4aa069,J&J's,0,6,0,0,,0
2026-09-23,naples,dietro-via-vecchia,0d1f6dcf-9d72-48f7-9c53-beecbae58db8,J&J's,0,3,0,0,,0
2026-09-24,naples,dietro-via-vecchia,0d1f6dcf-9d72-48f7-9c53-beecbae58db8,J&J's,0,9,0,0,,0
2026-09-25,naples,dietro-via-vecchia,0d1f6dcf-9d72-48f7-9c53-beecbae58db8,J&J's,0,6,0,0,,0
2026-09-23,naples,vesuvio-de-meis,0d6992f8-9a31-4db3-879a-7041b19e79cd,J&J's,0,3,0,0,,0
2026-09-24,naples,vesuvio-de-meis,0d6992f8-9a31-4db3-879a-7041b19e79cd,J&J's,0,9,0,0,,0
2026-09-25,naples,vesuvio-de-meis,0d6992f8-9a31-4db3-879a-7041b19e79cd,J&J's,0,6,0,0,,0
2026-09-23,naples,vicaria,0dbbefe9-c926-4b0b-8210-ca0d67b5cad3,J&J's,0,3,0,0,,0
2026-09-24,naples,vicaria,0dbbefe9-c926-4b0b-8210-ca0d67b5cad3,J&J's,0,9,0,0,,0
2026-09-25,naples,vicaria,0dbbefe9-c926-4b0b-8210-ca0d67b5cad3,J&J's,0,6,0,0,,0
2026-09-23,naples,dante,0df58e33-2219-4a46-8caa-2eb9429224ff,J&J's,60,3,1,1,1.7,1
2026-09-24,naples,dante,0df58e33-2219-4a46-8caa-2eb9429224ff,J&J's,60,9,2,2,3.3,2
2026-09-25,naples,dante,0df58e33-2219-4a46-8caa-2eb9429224ff,J&J's,60,6,1,1,1.7,1
2026-09-23,naples,vomero,0e55096c-7615-4924-8c7f-a3ddab6041e7,J&J's,0,3,0,0,,0
2026-09-24,naples,vomero,0e55096c-7615-4924-8c7f-a3ddab6041e7,J&J's,0,9,0,0,,0
2026-09-25,naples,vomero,0e55096c-7615-4924-8c7f-a3ddab6041e7,J&J's,0,6,0,0,,0
2026-09-23,naples,capodimonte,0ef8e94e-99d5-4483-9b0d-c44a9841a664,J&J's,0,3,0,0,,0
2026-09-24,naples,capodimonte,0ef8e94e-99d5-4483-9b0d-c44a9841a664,J&J's,0,9,0,0,,0
2026-09-25,naples,capodimonte,0ef8e94e-99d5-4483-9b0d-c44a9841a664,J&J's,0,6,0,0,,0
2026-09-23,naples,quarto,0f67e092-bb06-43a9-a82e-7eb3f9df4514,J&J's,0,3,0,0,,0
2026-09-24,naples,quarto,0f67e092-bb06-43a9-a82e-7eb3f9df4514,J&J's,0,9,0,0,,0
2026-09-25,naples,quarto,0f67e092-bb06-43a9-a82e-7eb3f9df4514,J&J's,0,6,0,0,,0
2026-09-23,naples,bonea,123f3af6-67ad-4e85-9f75-4c74c6bc762b,J&J's,0,3,0,0,,0
2026-09-24,naples,bonea,123f3af6-67ad-4e85-9f75-4c74c6bc762b,J&J's,0,9,0,0,,0
2026-09-25,naples,bonea,123f3af6-67ad-4e85-9f75-4c74c6bc762b,J&J's,0,6,0,0,,0
2026-09-23,naples,naples-cathedral,1291417b-c3fe-4c3b-8122-fd30b6f51a34,J&J's,20,3,6,6,30.0,6
2026-09-24,naples,naples-cathedral,1291417b-c3fe-4c3b-8122-fd30b6f51a34,J&J's,20,9,6,3,30.0,6
2026-09-25,naples,naples-cathedral,1291417b-c3fe-4c3b-8122-fd30b6f51a34,J&J's,20,6,3,3,15.0,3
2026-09-23,naples,rione-bognar,12c906d3-04b5-4aee-958a-3d0910d4bf51,J&J's,0,3,0,0,,0
2026-09-24,naples,rione-bognar,12c906d3-04b5-4aee-958a-3d0910d4bf51,J&J's,0,9,0,0,,0
2026-09-25,naples,rione-bognar,12c906d3-04b5-4aee-958a-3d0910d4bf51,J&J's,0,6,0,0,,0
2026-09-23,naples,vomero,13d912bd-bd7c-487c-9d0b-68f2074ab789,J&J's,0,3,0,0,,0
2026-09-24,naples,vomero,13d912bd-bd7c-487c-9d0b-68f2074ab789,J&J's,0,9,0,0,,0
2026-09-25,naples,vomero,13d912bd-bd7c-487c-9d0b-68f2074ab789,J&J's,0,6,0,0,,0
2026-09-23,naples,nola,13dd6c62-ef42-4295-bba3-31e9c5b4e73a,J&J's,0,3,0,0,,0
2026-09-24,naples,nola,13dd6c62-ef42-4295-bba3-31e9c5b4e73a,J&J's,0,9,0,0,,0
2026-09-25,naples,nola,13dd6c62-ef42-4295-bba3-31e9c5b4e73a,J&J's,0,6,0,0,,0
2026-09-23,naples,sant'antimo,144bd0af-d6e2-4376-9449-cde073cc91f5,J&J's,0,3,0,0,,0
2026-09-24,naples,sant'antimo,144bd0af-d6e2-4376-9449-cde073cc91f5,J&J's,0,9,0,0,,0
2026-09-25,naples,sant'antimo,144bd0af-d6e2-4376-9449-cde073cc91f5,J&J's,0,6,0,0,,0
2026-09-23,naples,porta-capuana,1468c460-d5e5-4dcd-8cb7-197b27b26eed,J&J's,0,3,0,0,,0
2026-09-24,naples,porta-capuana,1468c460-d5e5-4dcd-8cb7-197b27b26eed,J&J's,0,9,0,0,,0
2026-09-25,naples,porta-capuana,1468c460-d5e5-4dcd-8cb7-197b27b26eed,J&J's,0,6,0,0,,0
2026-09-23,naples,grotta-del-sole,14b9ec62-8326-485b-bc53-745d0554f380,J&J's,0,3,0,0,,0
2026-09-24,naples,grotta-del-sole,14b9ec62-8326-485b-bc53-745d0554f380,J&J's,0,9,0,0,,0
2026-09-25,naples,grotta-del-sole,14b9ec62-8326-485b-bc53-745d0554f380,J&J's,0,6,0,0,,0
2026-09-23,naples,napoli-porta-nolana,15913fe6-3333-4434-b42a-f5888cbbd257,J&J's,25,3,3,3,12.0,3
2026-09-24,naples,napoli-porta-nolana,15913fe6-3333-4434-b42a-f5888cbbd257,J&J's,25,9,3,3,12.0,3
2026-09-25,naples,napoli-porta-nolana,15913fe6-3333-4434-b42a-f5888cbbd257,J&J's,25,6,4,4,16.0,4
2026-09-23,naples,naples-centrale-train-station,165ec684-9234-4d5f-8189-d26c7e6ead7d,J&J's,0,3,30,30,,30
2026-09-24,naples,naples-centrale-train-station,165ec684-9234-4d5f-8189-d26c7e6ead7d,J&J's,0,9,30,27,,31
2026-09-25,naples,naples-centrale-train-station,165ec684-9234-4d5f-8189-d26c7e6ead7d,J&J's,0,6,29,28,,29
2026-09-23,naples,santa-lucia,170c956a-e3e8-43d8-832f-49ee4f1ea631,J&J's,30,3,0,0,0.0,0
2026-09-24,naples,santa-lucia,170c956a-e3e8-43d8-832f-49ee4f1ea631,J&J's,30,9,0,0,0.0,0
2026-09-25,naples,santa-lucia,170c956a-e3e8-43d8-832f-49ee4f1ea631,J&J's,30,6,0,0,0.0,0
2026-09-23,naples,ponticelli,17243f97-9065-484d-aa2d-676a6eb70457,J&J's,0,3,0,0,,0
2026-09-24,naples,ponticelli,17243f97-9065-484d-aa2d-676a6eb70457,J&J's,0,9,0,0,,0
2026-09-25,naples,ponticelli,17243f97-9065-484d-aa2d-676a6eb70457,J&J's,0,6,0,0,,0
2026-09-23,naples,universita,17c3a78b-f02c-420e-b00f-7c7cba15da34,J&J's,0,3,1,1,,1
2026-09-24,naples,universita,17c3a78b-f02c-420e-b00f-7c7cba15da34,J&J's,0,9,2,2,,2
2026-09-25,naples,universita,17c3a78b-f02c-420e-b00f-7c7cba15da34,J&J's,0,6,3,3,,3
2026-09-23,naples,soccavo,17d20f60-de69-49f5-8254-195108925307,J&J's,0,3,0,0,,0
2026-09-24,naples,soccavo,17d20f60-de69-49f5-8254-195108925307,J&J's,0,9,0,0,,0
2026-09-25,naples,soccavo,17d20f60-de69-49f5-8254-195108925307,J&J's,0,6,0,0,,0
2026-09-23,naples,rione-alto,189c5199-616a-4b73-b9e3-c9f2da500ab6,J&J's,0,3,0,0,,0
2026-09-24,naples,rione-alto,189c5199-616a-4b73-b9e3-c9f2da500ab6,J&J's,0,9,0,0,,0
2026-09-25,naples,rione-alto,189c5199-616a-4b73-b9e3-c9f2da500ab6,J&J's,0,6,0,0,,0
2026-09-23,naples,vomero,197d154f-10e6-44dd-99ce-ba5da77d965a,J&J's,0,3,0,0,,0
2026-09-24,naples,vomero,197d154f-10e6-44dd-99ce-ba5da77d965a,J&J's,0,9,0,0,,0
2026-09-25,naples,vomero,197d154f-10e6-44dd-99ce-ba5da77d965a,J&J's,0,6,0,0,,0
2026-09-23,naples,marano-di-napoli,19bf7292-f7c0-4174-adce-71e9005ea918,J&J's,0,3,0,0,,0
2026-09-24,naples,marano-di-napoli,19bf7292-f7c0-4174-adce-71e9005ea918,J&J's,0,9,0,0,,0
2026-09-25,naples,marano-di-napoli,19bf7292-f7c0-4174-adce-71e9005ea918,J&J's,0,6,0,0,,0
2026-09-23,naples,calvizzano,19de24c9-a126-4fef-94e3-73714611c6b9,J&J's,0,3,0,0,,0
2026-09-24,naples,calvizzano,19de24c9-a126-4fef-94e3-73714611c6b9,J&J's,0,9,0,0,,0
2026-09-25,naples,calvizzano,19de24c9-a126-4fef-94e3-73714611c6b9,J&J's,0,6,0,0,,0
2026-09-23,naples,traccia,1b1fa40f-ce19-4e87-a589-10aabaebbad1,J&J's,0,3,0,0,,0
2026-09-24,naples,traccia,1b1fa40f-ce19-4e87-a589-10aabaebbad1,J&J's,0,9,0,0,,0
2026-09-25,naples,traccia,1b1fa40f-ce19-4e87-a589-10aabaebbad1,J&J's,0,6,0,0,,0
2026-09-23,naples,traccia,1b5a4518-739a-4bd8-a51f-2d35611b4177,J&J's,0,3,0,0,,0
2026-09-24,naples,traccia,1b5a4518-739a-4bd8-a51f-2d35611b4177,J&J's,0,9,0,0,,0
2026-09-25,naples,traccia,1b5a4518-739a-4bd8-a51f-2d35611b4177,J&J's,0,6,0,0,,0
2026-09-23,naples,monaci,1b930635-ef42-4e48-b627-cb6f4bf42537,J&J's,0,3,0,0,,0
2026-09-24,naples,monaci,1b930635-ef42-4e48-b627-cb6f4bf42537,J&J's,0,9,0,0,,0
2026-09-25,naples,monaci,1b930635-ef42-4e48-b627-cb6f4bf42537,J&J's,0,6,0,0,,0
2026-09-23,naples,ponticelli,1c1b7041-e239-40ed-bd20-64532d549452,J&J's,0,3,0,0,,0
2026-09-24,naples,ponticelli,1c1b7041-e239-40ed-bd20-64532d549452,J&J's,0,9,0,0,,0
2026-09-25,naples,ponticelli,1c1b7041-e239-40ed-bd20-64532d549452,J&J's,0,6,0,0,,0
2026-09-23,naples,sant'antonio,1c24702d-efc4-4b88-b095-91af5a53dc8a,J&J's,0,3,0,0,,0
2026-09-24,naples,sant'antonio,1c24702d-efc4-4b88-b095-91af5a53dc8a,J&J's,0,9,0,0,,0
2026-09-25,naples,sant'antonio,1c24702d-efc4-4b88-b095-91af5a53dc8a,J&J's,0,6,0,0,,0
2026-09-23,naples,municipio,1c82b963-38ee-46f4-9dba-0c0b1ba73e73,J&J's,0,3,9,9,,9
2026-09-24,naples,municipio,1c82b963-38ee-46f4-9dba-0c0b1ba73e73,J&J's,0,9,9,9,,9
2026-09-25,naples,municipio,1c82b963-38ee-46f4-9dba-0c0b1ba73e73,J&J's,0,6,8,7,,8
2026-09-23,naples,naples-city-center,1ccedb3d-7eb1-4230-a277-2897691217e1,J&J's,0,3,0,0,,0
2026-09-24,naples,naples-city-center,1ccedb3d-7eb1-4230-a277-2897691217e1,J&J's,0,9,0,0,,0
2026-09-25,naples,naples-city-center,1ccedb3d-7eb1-4230-a277-2897691217e1,J&J's,0,6,0,0,,0
2026-09-23,naples,dietro-via-vecchia,1d26ceb4-f052-4690-af11-f0d6b86f24f3,J&J's,0,3,0,0,,0
2026-09-24,naples,dietro-via-vecchia,1d26ceb4-f052-4690-af11-f0d6b86f24f3,J&J's,0,9,0,0,,0
2026-09-25,naples,dietro-via-vecchia,1d26ceb4-f052-4690-af11-f0d6b86f24f3,J&J's,0,6,0,0,,0
2026-09-23,naples,soccavo,1d3b50c0-20f6-4548-92d7-0146abe65859,J&J's,0,3,0,0,,0
2026-09-24,naples,soccavo,1d3b50c0-20f6-4548-92d7-0146abe65859,J&J's,0,9,0,0,,0
2026-09-25,naples,soccavo,1d3b50c0-20f6-4548-92d7-0146abe65859,J&J's,0,6,0,0,,0
2026-09-23,naples,porta-capuana,1f012ae2-0b6e-4b71-ab7a-dbdb18424a5a,J&J's,0,3,0,0,,0
2026-09-24,naples,porta-capuana,1f012ae2-0b6e-4b71-ab7a-dbdb18424a5a,J&J's,0,9,0,0,,0
2026-09-25,naples,porta-capuana,1f012ae2-0b6e-4b71-ab7a-dbdb18424a5a,J&J's,0,6,0,0,,0
2026-09-23,naples,visciano,1f8aacf5-367f-481a-b5a4-e4c31b8609dc,J&J's,0,3,0,0,,0
2026-09-24,naples,visciano,1f8aacf5-367f-481a-b5a4-e4c31b8609dc,J&J's,0,9,0,0,,0
2026-09-25,naples,visciano,1f8aacf5-367f-481a-b5a4-e4c31b8609dc,J&J's,0,6,0,0,,0
2026-09-23,naples,naples-centrale-train-station,208df613-fdb7-4a0d-a2ed-48679a445d85,J&J's,50,3,4,4,8.0,4
2026-09-24,naples,naples-centrale-train-station,208df613-fdb7-4a0d-a2ed-48679a445d85,J&J's,50,9,4,4,8.0,4
2026-09-25,naples,naples-centrale-train-station,208df613-fdb7-4a0d-a2ed-48679a445d85,J&J's,50,6,4,3,8.0,5
2026-09-23,naples,vomero,20aa2fbc-08a8-44be-bcd5-54f2e7b2290f,J&J's,0,3,0,0,,0
2026-09-24,naples,vomero,20aa2fbc-08a8-44be-bcd5-54f2e7b2290f,J&J's,0,9,0,0,,0
2026-09-25,naples,vomero,20aa2fbc-08a8-44be-bcd5-54f2e7b2290f,J&J's,0,6,0,0,,0
2026-09-23,naples,naples-cathedral,20c69ad2-48c0-40df-af1c-2ee6fc35fc23,J&J's,0,3,3,3,,3
2026-09-24,naples,naples-cathedral,20c69ad2-48c0-40df-af1c-2ee6fc35fc23,J&J's,0,9,3,0,,3
2026-09-25,naples,naples-cathedral,20c69ad2-48c0-40df-af1c-2ee6fc35fc23,J&J's,0,6,0,0,,0
2026-09-23,naples,licola,211d0da9-8bec-4351-a32d-f92c7feb9f3c,J&J's,0,3,0,0,,0
2026-09-24,naples,licola,211d0da9-8bec-4351-a32d-f92c7feb9f3c,J&J's,0,9,0,0,,0
2026-09-25,naples,licola,211d0da9-8bec-4351-a32d-f92c7feb9f3c,J&J's,0,6,0,0,,0
2026-09-23,naples,rione-bognar,21b9d416-c954-4587-9ae9-0f126cab002a,J&J's,100,3,0,0,0.0,0
2026-09-24,naples,rione-bognar,21b9d416-c954-4587-9ae9-0f126cab002a,J&J's,100,9,0,0,0.0,0
2026-09-25,naples,rione-bognar,21b9d416-c954-4587-9ae9-0f126cab002a,J&J's,100,6,0,0,0.0,0
2026-09-23,naples,marano-di-napoli,22a14a53-046b-411e-a0a8-801fe9ba35d3,J&J's,0,3,0,0,,0
2026-09-24,naples,marano-di-napoli,22a14a53-046b-411e-a0a8-801fe9ba35d3,J&J's,0,9,0,0,,0
2026-09-25,naples,marano-di-napoli,22a14a53-046b-411e-a0a8-801fe9ba35d3,J&J's,0,6,0,0,,0
2026-09-23,naples,vomero,23d85bab-32a1-4890-b2a0-dd3ca4ee11ca,J&J's,20,3,0,0,0.0,0
2026-09-24,naples,vomero,23d85bab-32a1-4890-b2a0-dd3ca4ee11ca,J&J's,20,9,0,0,0.0,0
2026-09-25,naples,vomero,23d85bab-32a1-4890-b2a0-dd3ca4ee11ca,J&J's,20,6,0,0,0.0,0
2026-09-23,naples,dietro-via-vecchia,23d96bdf-b75c-48c8-a407-8cfe1a3b4b83,J&J's,0,3,0,0,,0
2026-09-24,naples,dietro-via-vecchia,23d96bdf-b75c-48c8-a407-8cfe1a3b4b83,J&J's,0,9,0,0,,0
2026-09-25,naples,dietro-via-vecchia,23d96bdf-b75c-48c8-a407-8cfe1a3b4b83,J&J's,0,6,0,0,,0
2026-09-23,naples,lanciasino,246a8bfd-fb45-4042-80cc-06cb5350b3a9,J&J's,0,3,0,0,,0
2026-09-24,naples,lanciasino,246a8bfd-fb45-4042-80cc-06cb5350b3a9,J&J's,0,9,0,0,,0
2026-09-25,naples,lanciasino,246a8bfd-fb45-4042-80cc-06cb5350b3a9,J&J's,0,6,0,0,,0
2026-09-23,naples,bagnoli,24a78eae-9e36-4376-8e82-ae425803de15,J&J's,0,3,0,0,,0
2026-09-24,naples,bagnoli,24a78eae-9e36-4376-8e82-ae425803de15,J&J's,0,9,0,0,,0
2026-09-25,naples,bagnoli,24a78eae-9e36-4376-8e82-ae425803de15,J&J's,0,6,0,0,,0
2026-09-23,naples,rione-219,24dbee64-98e6-48b7-a383-55d2138d98ca,J&J's,0,3,0,0,,0
2026-09-24,naples,rione-219,24dbee64-98e6-48b7-a383-55d2138d98ca,J&J's,0,9,0,0,,0
2026-09-25,naples,rione-219,24dbee64-98e6-48b7-a383-55d2138d98ca,J&J's,0,6,0,0,,0
2026-09-23,naples,marano-di-napoli,250edf1a-0d66-4f4b-b5f9-22be4820da13,J&J's,0,3,0,0,,0
2026-09-24,naples,marano-di-napoli,250edf1a-0d66-4f4b-b5f9-22be4820da13,J&J's,0,9,0,0,,0
2026-09-25,naples,marano-di-napoli,250edf1a-0d66-4f4b-b5f9-22be4820da13,J&J's,0,6,0,0,,0
2026-09-23,naples,piazza-del-plebiscito,2541b9df-6d6c-47ce-bb39-7afd5727c990,J&J's,0,3,0,0,,0
2026-09-24,naples,piazza-del-plebiscito,2541b9df-6d6c-47ce-bb39-7afd5727c990,J&J's,0,9,0,0,,0
2026-09-25,naples,piazza-del-plebiscito,2541b9df-6d6c-47ce-bb39-7afd5727c990,J&J's,0,6,0,0,,0
2026-09-23,naples,casavatore,277b1823-d51d-40a5-a137-c8f56c5157b4,J&J's,0,3,0,0,,0
2026-09-24,naples,casavatore,277b1823-d51d-40a5-a137-c8f56c5157b4,J&J's,0,9,0,0,,0
2026-09-25,naples,casavatore,277b1823-d51d-40a5-a137-c8f56c5157b4,J&J's,0,6,0,0,,0
2026-09-23,naples,colli-aminei,27d52089-dbee-4cc9-81b3-c1404842fa45,J&J's,0,3,0,0,,0
2026-09-24,naples,colli-aminei,27d52089-dbee-4cc9-81b3-c1404842fa45,J&J's,0,9,0,0,,0
2026-09-25,naples,colli-aminei,27d52089-dbee-4cc9-81b3-c1404842fa45,J&J's,0,6,0,0,,0
2026-09-23,naples,vomero,2861fd71-45ec-4127-8135-75fc9957a2d2,J&J's,0,3,0,0,,0
2026-09-24,naples,vomero,2861fd71-45ec-4127-8135-75fc9957a2d2,J&J's,0,9,0,0,,0
2026-09-25,naples,vomero,2861fd71-45ec-4127-8135-75fc9957a2d2,J&J's,0,6,0,0,,0
2026-09-23,naples,cinistrelli,2872f6e8-5b8c-4c11-9802-70782505509c,J&J's,0,3,0,0,,0
2026-09-24,naples,cinistrelli,2872f6e8-5b8c-4c11-9802-70782505509c,J&J's,0,9,0,0,,0
2026-09-25,naples,cinistrelli,2872f6e8-5b8c-4c11-9802-70782505509c,J&J's,0,6,0,0,,0
2026-09-23,naples,naples-airport,29ae5795-e08c-4312-a437-da86a09a14e2,J&J's,0,3,2,2,,2
2026-09-24,naples,naples-airport,29ae5795-e08c-4312-a437-da86a09a14e2,J&J's,0,9,3,3,,3
2026-09-25,naples,naples-airport,29ae5795-e08c-4312-a437-da86a09a14e2,J&J's,0,6,3,2,,3
2026-09-23,naples,naples-cathedral,2abbf5a6-24ea-40c7-a98e-587bf24b7a22,J&J's,100,3,0,0,0.0,0
2026-09-24,naples,naples-cathedral,2abbf5a6-24ea-40c7-a98e-587bf24b7a22,J&J's,100,9,0,0,0.0,0
2026-09-25,naples,naples-cathedral,2abbf5a6-24ea-40c7-a98e-587bf24b7a22,J&J's,100,6,0,0,0.0,0
2026-09-23,naples,rione-alto,2adabd2e-dd1d-4222-b8dd-9ba0a45f34bf,J&J's,0,3,0,0,,0
2026-09-24,naples,rione-alto,2adabd2e-dd1d-4222-b8dd-9ba0a45f34bf,J&J's,0,9,0,0,,0
2026-09-25,naples,rione-alto,2adabd2e-dd1d-4222-b8dd-9ba0a45f34bf,J&J's,0,6,0,0,,0
2026-09-23,naples,rione-219,2c35d893-861d-44d7-8c0b-e3e945226ade,J&J's,0,3,0,0,,0
2026-09-24,naples,rione-219,2c35d893-861d-44d7-8c0b-e3e945226ade,J&J's,0,9,0,0,,0
2026-09-25,naples,rione-219,2c35d893-861d-44d7-8c0b-e3e945226ade,J&J's,0,6,0,0,,0
2026-09-23,naples,cappella,2d1f2065-e12e-4774-88de-25d279f159f5,J&J's,0,3,0,0,,0
2026-09-24,naples,cappella,2d1f2065-e12e-4774-88de-25d279f159f5,J&J's,0,9,0,0,,0
2026-09-25,naples,cappella,2d1f2065-e12e-4774-88de-25d279f159f5,J&J's,0,6,0,0,,0
2026-09-23,naples,santa-maria-del-pozzo,2d2bcb00-b087-43da-aaec-470bf0b2e348,J&J's,0,3,0,0,,0
2026-09-24,naples,santa-maria-del-pozzo,2d2bcb00-b087-43da-aaec-470bf0b2e348,J&J's,0,9,0,0,,0
2026-09-25,naples,santa-maria-del-pozzo,2d2bcb00-b087-43da-aaec-470bf0b2e348,J&J's,0,6,0,0,,0
2026-09-23,naples,marano-di-napoli,2d42fd95-43c1-4f96-a5cd-41a059ab6da3,J&J's,0,3,0,0,,0
2026-09-24,naples,marano-di-napoli,2d42fd95-43c1-4f96-a5cd-41a059ab6da3,J&J's,0,9,0,0,,0
2026-09-25,naples,marano-di-napoli,2d42fd95-43c1-4f96-a5cd-41a059ab6da3,J&J's,0,6,0,0,,0
2026-09-23,naples,naples-city-center,2dbd0de0-1e6f-4e04-a4a1-390b48a07366,J&J's,0,3,0,0,,0
2026-09-24,naples,naples-city-center,2dbd0de0-1e6f-4e04-a4a1-390b48a07366,J&J's,0,9,0,0,,0
2026-09-25,naples,naples-city-center,2dbd0de0-1e6f-4e04-a4a1-390b48a07366,J&J's,0,6,0,0,,0
2026-09-23,naples,vicaria,2e03fb76-5026-4166-8333-34e085dba89e,J&J's,0,3,0,0,,0
2026-09-24,naples,vicaria,2e03fb76-5026-4166-8333-34e085dba89e,J&J's,0,9,0,0,,0
2026-09-25,naples,vicaria,2e03fb76-5026-4166-8333-34e085dba89e,J&J's,0,6,0,0,,0
2026-09-23,naples,quartieri-spagnoli,2fa868af-72f3-4beb-b65e-566365893e07,J&J's,100,3,7,7,7.0,7
2026-09-24,naples,quartieri-spagnoli,2fa868af-72f3-4beb-b65e-566365893e07,J&J's,100,9,8,8,8.0,8
2026-09-25,naples,quartieri-spagnoli,2fa868af-72f3-4beb-b65e-566365893e07,J&J's,100,6,7,7,7.0,7
2026-09-23,naples,traccia,321a9a08-fd11-44cc-954e-94aea2885491,J&J's,0,3,0,0,,0
2026-09-24,naples,traccia,321a9a08-fd11-44cc-954e-94aea2885491,J&J's,0,9,0,0,,0
2026-09-25,naples,traccia,321a9a08-fd11-44cc-954e-94aea2885491,J&J's,0,6,0,0,,0
2026-09-23,naples,dante,32b927d6-a23a-47cc-97ab-abb9348b7561,J&J's,0,3,0,0,,0
2026-09-24,naples,dante,32b927d6-a23a-47cc-97ab-abb9348b7561,J&J's,0,9,0,0,,0
2026-09-25,naples,dante,32b927d6-a23a-47cc-97ab-abb9348b7561,J&J's,0,6,0,0,,0
2026-09-23,naples,universita,3369bf97-f861-4c82-b4a6-20f1a40f1fa1,J&J's,0,3,0,0,,0
2026-09-24,naples,universita,3369bf97-f861-4c82-b4a6-20f1a40f1fa1,J&J's,0,9,0,0,,0
2026-09-25,naples,universita,3369bf97-f861-4c82-b4a6-20f1a40f1fa1,J&J's,0,6,0,0,,0
2026-09-23,naples,nola,349a4282-ff72-4bec-a18a-e69c9d981456,J&J's,0,3,0,0,,0
2026-09-24,naples,nola,349a4282-ff72-4bec-a18a-e69c9d981456,J&J's,0,9,0,0,,0
2026-09-25,naples,nola,349a4282-ff72-4bec-a18a-e69c9d981456,J&J's,0,6,0,0,,0
2026-09-23,naples,municipio,34df08ed-5d06-4b88-954d-1237bf28a284,J&J's,0,3,4,4,,4
2026-09-24,naples,municipio,34df08ed-5d06-4b88-954d-1237bf28a284,J&J's,0,9,4,4,,4
2026-09-25,naples,municipio,34df08ed-5d06-4b88-954d-1237bf28a284,J&J's,0,6,4,2,,4
2026-09-23,naples,naples-city-center,3604cb9a-46b3-4715-9301-28b9db9cf2bf,J&J's,0,3,0,0,,0
2026-09-24,naples,naples-city-center,3604cb9a-46b3-4715-9301-28b9db9cf2bf,J&J's,0,9,0,0,,0
2026-09-25,naples,naples-city-center,3604cb9a-46b3-4715-9301-28b9db9cf2bf,J&J's,0,6,0,0,,0
2026-09-23,naples,,36903496-8c6e-4970-b079-38263c9ac05c,J&J's,0,3,0,0,,0
2026-09-24,naples,,36903496-8c6e-4970-b079-38263c9ac05c,J&J's,0,9,0,0,,0
2026-09-25,naples,,36903496-8c6e-4970-b079-38263c9ac05c,J&J's,0,6,0,0,,0
2026-09-23,naples,bagnoli-agnano-terme,36c4431f-64ae-4b7b-af63-9846f8e21fa1,J&J's,0,3,0,0,,0
2026-09-24,naples,bagnoli-agnano-terme,36c4431f-64ae-4b7b-af63-9846f8e21fa1,J&J's,0,9,0,0,,0
2026-09-25,naples,bagnoli-agnano-terme,36c4431f-64ae-4b7b-af63-9846f8e21fa1,J&J's,0,6,0,0,,0
2026-09-23,naples,dante,37b75c06-67b4-446e-94d4-82c365b7515f,J&J's,0,3,0,0,,0
2026-09-24,naples,dante,37b75c06-67b4-446e-94d4-82c365b7515f,J&J's,0,9,0,0,,0
2026-09-25,naples,dante,37b75c06-67b4-446e-94d4-82c365b7515f,J&J's,0,6,0,0,,0
2026-09-23,naples,torretta-scalzapecora-(villaricca-due),3800adff-1c81-470b-b244-fa6500c64b3c,J&J's,0,3,0,0,,0
2026-09-24,naples,torretta-scalzapecora-(villaricca-due),3800adff-1c81-470b-b244-fa6500c64b3c,J&J's,0,9,0,0,,0
2026-09-25,naples,torretta-scalzapecora-(villaricca-due),3800adff-1c81-470b-b244-fa6500c64b3c,J&J's,0,6,0,0,,0
2026-09-23,naples,universita,38c3e43d-f7b2-490f-ab56-5ecdf972fadb,J&J's,0,3,10,10,,10
2026-09-24,naples,universita,38c3e43d-f7b2-490f-ab56-5ecdf972fadb,J&J's,0,9,14,14,,14
2026-09-25,naples,universita,38c3e43d-f7b2-490f-ab56-5ecdf972fadb,J&J's,0,6,12,12,,12
2026-09-23,naples,san-giorgio-a-cremano,3b1f22d9-8550-4583-9d28-1d7dc2478d34,J&J's,0,3,0,0,,0
2026-09-24,naples,san-giorgio-a-cremano,3b1f22d9-8550-4583-9d28-1d7dc2478d34,J&J's,0,9,0,0,,0
2026-09-25,naples,san-giorgio-a-cremano,3b1f22d9-8550-4583-9d28-1d7dc2478d34,J&J's,0,6,0,0,,0
2026-09-23,naples,vicaria,3b9a1422-c70a-41db-9d90-f421503ecce1,J&J's,0,3,0,0,,0
2026-09-24,naples,vicaria,3b9a1422-c70a-41db-9d90-f421503ecce1,J&J's,0,9,0,0,,0
2026-09-25,naples,vicaria,3b9a1422-c70a-41db-9d90-f421503ecce1,J&J's,0,6,0,0,,0
2026-09-23,naples,quarto,3c868d3f-c43e-47f6-8ab7-cd4f2730fadc,J&J's,0,3,0,0,,0
2026-09-24,naples,quarto,3c868d3f-c43e-47f6-8ab7-cd4f2730fadc,J&J's,0,9,0,0,,0
2026-09-25,naples,quarto,3c868d3f-c43e-47f6-8ab7-cd4f2730fadc,J&J's,0,6,0,0,,0
2026-09-23,naples,naples-city-center,3d2600b4-b7eb-4bce-b18b-76755befcce2,J&J's,50,3,8,8,16.0,8
2026-09-24,naples,naples-city-center,3d2600b4-b7eb-4bce-b18b-76755befcce2,J&J's,50,9,8,8,16.0,8
2026-09-25,naples,naples-city-center,3d2600b4-b7eb-4bce-b18b-76755befcce2,J&J's,50,6,11,11,22.0,11
2026-09-23,naples,via-chiaia,3d957e88-9916-4a90-848c-90606a928d3e,J&J's,0,3,0,0,,0
2026-09-24,naples,via-chiaia,3d957e88-9916-4a90-848c-90606a928d3e,J&J's,0,9,0,0,,0
2026-09-25,naples,via-chiaia,3d957e88-9916-4a90-848c-90606a928d3e,J&J's,0,6,0,0,,0
2026-09-23,naples,rione-219,3f4ccecd-88af-49a2-a04d-ee4561b0a082,J&J's,0,3,0,0,,0
2026-09-24,naples,rione-219,3f4ccecd-88af-49a2-a04d-ee4561b0a082,J&J's,0,9,0,0,,0
2026-09-25,naples,rione-219,3f4ccecd-88af-49a2-a04d-ee4561b0a082,J&J's,0,6,0,0,,0
2026-09-23,naples,casalnuovo-di-napoli,3f5928f6-8495-46dc-a089-3a2a2fa0766f,J&J's,0,3,0,0,,0
2026-09-24,naples,casalnuovo-di-napoli,3f5928f6-8495-46dc-a089-3a2a2fa0766f,J&J's,0,9,0,0,,0
2026-09-25,naples,casalnuovo-di-napoli,3f5928f6-8495-46dc-a089-3a2a2fa0766f,J&J's,0,6,0,0,,0
2026-09-23,naples,dante,4029a1a4-b64d-4954-9bd1-a3c3e2e01852,J&J's,0,3,1,1,,1
2026-09-24,naples,dante,4029a1a4-b64d-4954-9bd1-a3c3e2e01852,J&J's,0,9,1,1,,1
2026-09-25,naples,dante,4029a1a4-b64d-4954-9bd1-a3c3e2e01852,J&J's,0,6,1,1,,1
2026-09-23,naples,bagnoli-agnano-terme,42e2655e-b0f8-4091-bcdd-e3c17ea8c874,J&J's,10,3,0,0,0.0,0
2026-09-24,naples,bagnoli-agnano-terme,42e2655e-b0f8-4091-bcdd-e3c17ea8c874,J&J's,10,9,0,0,0.0,0
2026-09-25,naples,bagnoli-agnano-terme,42e2655e-b0f8-4091-bcdd-e3c17ea8c874,J&J's,10,6,0,0,0.0,0
2026-09-23,naples,dante,433dae7c-8ef4-4b2c-a057-30c839924d94,J&J's,10,3,0,0,0.0,0
2026-09-24,naples,dante,433dae7c-8ef4-4b2c-a057-30c839924d94,J&J's,10,9,0,0,0.0,0
2026-09-25,naples,dante,433dae7c-8ef4-4b2c-a057-30c839924d94,J&J's,10,6,0,0,0.0,0
2026-09-23,naples,traccia,4377b04b-c70e-4cd3-96a8-f93bde4a632d,J&J's,0,3,0,0,,0
2026-09-24,naples,traccia,4377b04b-c70e-4cd3-96a8-f93bde4a632d,J&J's,0,9,0,0,,0
2026-09-25,naples,traccia,4377b04b-c70e-4cd3-96a8-f93bde4a632d,J&J's,0,6,0,0,,0
2026-09-23,naples,mezz'arco,438e9e86-88a2-424c-a360-8b60a03f34f9,J&J's,0,3,0,0,,0
2026-09-24,naples,mezz'arco,438e9e86-88a2-424c-a360-8b60a03f34f9,J&J's,0,9,0,0,,0
2026-09-25,naples,mezz'arco,438e9e86-88a2-424c-a360-8b60a03f34f9,J&J's,0,6,0,0,,0
2026-09-23,naples,saviano,44a8a5e5-d363-4ce1-aeda-0fbbb2bdf381,J&J's,0,3,0,0,,0
2026-09-24,naples,saviano,44a8a5e5-d363-4ce1-aeda-0fbbb2bdf381,J&J's,0,9,0,0,,0
2026-09-25,naples,saviano,44a8a5e5-d363-4ce1-aeda-0fbbb2bdf381,J&J's,0,6,0,0,,0
2026-09-23,naples,mergellina-port,44b2ba62-99dd-43cb-a416-2789a4320fa6,J&J's,10,3,0,0,0.0,0
2026-09-24,naples,mergellina-port,44b2ba62-99dd-43cb-a416-2789a4320fa6,J&J's,10,9,0,0,0.0,0
2026-09-25,naples,mergellina-port,44b2ba62-99dd-43cb-a416-2789a4320fa6,J&J's,10,6,0,0,0.0,0
2026-09-23,naples,villanova-di-posillipo,44e08f94-64d0-43be-8451-32d411e1c627,J&J's,100,3,0,0,0.0,0
2026-09-24,naples,villanova-di-posillipo,44e08f94-64d0-43be-8451-32d411e1c627,J&J's,100,9,0,0,0.0,0
2026-09-25,naples,villanova-di-posillipo,44e08f94-64d0-43be-8451-32d411e1c627,J&J's,100,6,0,0,0.0,0
2026-09-23,naples,quattro-giornate-station,44e2cdae-032f-4c38-8fc7-3cd80f211d89,J&J's,0,3,0,0,,0
2026-09-24,naples,quattro-giornate-station,44e2cdae-032f-4c38-8fc7-3cd80f211d89,J&J's,0,9,0,0,,0
2026-09-25,naples,quattro-giornate-station,44e2cdae-032f-4c38-8fc7-3cd80f211d89,J&J's,0,6,0,0,,0
2026-09-23,naples,napoli-porta-nolana,45319acc-6fa2-4a29-8063-d3e5bd00dab6,J&J's,25,3,58,58,232.0,58
2026-09-24,naples,napoli-porta-nolana,45319acc-6fa2-4a29-8063-d3e5bd00dab6,J&J's,25,9,58,52,232.0,58
2026-09-25,naples,napoli-porta-nolana,45319acc-6fa2-4a29-8063-d3e5bd00dab6,J&J's,25,6,52,52,208.0,52
2026-09-23,naples,vicaria,455da505-a3db-4645-bbf6-e00642929df7,J&J's,0,3,0,0,,0
2026-09-24,naples,vicaria,455da505-a3db-4645-bbf6-e00642929df7,J&J's,0,9,0,0,,0
2026-09-25,naples,vicaria,455da505-a3db-4645-bbf6-e00642929df7,J&J's,0,6,0,0,,0
2026-09-23,naples,soccavo,4610356d-d970-453d-929b-6509e5ad6832,J&J's,0,3,0,0,,0
2026-09-24,naples,soccavo,4610356d-d970-453d-929b-6509e5ad6832,J&J's,0,9,0,0,,0
2026-09-25,naples,soccavo,4610356d-d970-453d-929b-6509e5ad6832,J&J's,0,6,0,0,,0
2026-09-23,naples,san-giorgio-a-cremano,4629bbe8-067f-45f7-a03b-79e71d2a01aa,J&J's,10,3,0,0,0.0,0
2026-09-24,naples,san-giorgio-a-cremano,4629bbe8-067f-45f7-a03b-79e71d2a01aa,J&J's,10,9,0,0,0.0,0
2026-09-25,naples,san-giorgio-a-cremano,4629bbe8-067f-45f7-a03b-79e71d2a01aa,J&J's,10,6,0,0,0.0,0
2026-09-23,naples,dietro-via-vecchia,489338cc-53b3-47dc-b5b5-7960a1ed0b9e,J&J's,0,3,0,0,,0
2026-09-24,naples,dietro-via-vecchia,489338cc-53b3-47dc-b5b5-7960a1ed0b9e,J&J's,0,9,0,0,,0
2026-09-25,naples,dietro-via-vecchia,489338cc-53b3-47dc-b5b5-7960a1ed0b9e,J&J's,0,6,0,0,,0
2026-09-23,naples,monterusciello,48a7eb9d-476a-4200-b361-342242af3baa,J&J's,0,3,0,0,,0
2026-09-24,naples,monterusciello,48a7eb9d-476a-4200-b361-342242af3baa,J&J's,0,9,0,0,,0
2026-09-25,naples,monterusciello,48a7eb9d-476a-4200-b361-342242af3baa,J&J's,0,6,0,0,,0
2026-09-23,naples,naples-airport,4950b6c1-187d-4e2d-8a8d-95cb85b21f35,J&J's,40,3,0,0,0.0,0
2026-09-24,naples,naples-airport,4950b6c1-187d-4e2d-8a8d-95cb85b21f35,J&J's,40,9,0,0,0.0,0
2026-09-25,naples,naples-airport,4950b6c1-187d-4e2d-8a8d-95cb85b21f35,J&J's,40,6,0,0,0.0,0
2026-09-23,naples,napoli-porta-nolana,499af41e-18a0-4bdb-b15b-767ee02f3628,J&J's,0,3,0,0,,0
2026-09-24,naples,napoli-porta-nolana,499af41e-18a0-4bdb-b15b-767ee02f3628,J&J's,0,9,0,0,,0
2026-09-25,naples,napoli-porta-nolana,499af41e-18a0-4bdb-b15b-767ee02f3628,J&J's,0,6,0,0,,0
2026-09-23,naples,rione-219,49ecd142-baa8-4908-9bce-08d867b8aa4a,J&J's,0,3,0,0,,0
2026-09-24,naples,rione-219,49ecd142-baa8-4908-9bce-08d867b8aa4a,J&J's,0,9,0,0,,0
2026-09-25,naples,rione-219,49ecd142-baa8-4908-9bce-08d867b8aa4a,J&J's,0,6,0,0,,0
2026-09-23,naples,porta-capuana,4a2d3319-6e41-49f6-9ec7-e03cadbb4ba8,J&J's,0,3,0,0,,0
2026-09-24,naples,porta-capuana,4a2d3319-6e41-49f6-9ec7-e03cadbb4ba8,J&J's,0,9,3,3,,3
2026-09-25,naples,porta-capuana,4a2d3319-6e41-49f6-9ec7-e03cadbb4ba8,J&J's,0,6,3,0,,3
2026-09-23,naples,napoli-porta-nolana,4b09bb35-6272-4c38-9d11-e4deeaa4b759,J&J's,20,3,0,0,0.0,0
2026-09-24,naples,napoli-porta-nolana,4b09bb35-6272-4c38-9d11-e4deeaa4b759,J&J's,20,9,0,0,0.0,0
2026-09-25,naples,napoli-porta-nolana,4b09bb35-6272-4c38-9d11-e4deeaa4b759,J&J's,20,6,0,0,0.0,0
2026-09-23,naples,napoli-porta-nolana,4b3d0388-fc90-49e1-9140-21177935ef47,J&J's,0,3,0,0,,0
2026-09-24,naples,napoli-porta-nolana,4b3d0388-fc90-49e1-9140-21177935ef47,J&J's,0,9,0,0,,0
2026-09-25,naples,napoli-porta-nolana,4b3d0388-fc90-49e1-9140-21177935ef47,J&J's,0,6,0,0,,0
2026-09-23,naples,volla,4c63b7d4-8956-4325-9c33-f01581c49eed,J&J's,0,3,0,0,,0
2026-09-24,naples,volla,4c63b7d4-8956-4325-9c33-f01581c49eed,J&J's,0,9,0,0,,0
2026-09-25,naples,volla,4c63b7d4-8956-4325-9c33-f01581c49eed,J&J's,0,6,0,0,,0
2026-09-23,naples,municipio,4d18a030-9a1c-4a49-a58b-9e41119db8cd,J&J's,0,3,0,0,,0
2026-09-24,naples,municipio,4d18a030-9a1c-4a49-a58b-9e41119db8cd,J&J's,0,9,0,0,,0
2026-09-25,naples,municipio,4d18a030-9a1c-4a49-a58b-9e41119db8cd,J&J's,0,6,0,0,,0
2026-09-23,naples,rione-berlingieri,4d24f873-ddc4-4c17-b472-5184183bc66d,J&J's,0,3,1,1,,1
2026-09-24,naples,rione-berlingieri,4d24f873-ddc4-4c17-b472-5184183bc66d,J&J's,0,9,1,1,,1
2026-09-25,naples,rione-berlingieri,4d24f873-ddc4-4c17-b472-5184183bc66d,J&J's,0,6,1,1,,1
2026-09-23,naples,quartieri-spagnoli,4d97025b-115e-49d2-846f-8e04b34e7ae5,J&J's,0,3,2,1,,2
2026-09-24,naples,quartieri-spagnoli,4d97025b-115e-49d2-846f-8e04b34e7ae5,J&J's,0,9,1,1,,1
2026-09-25,naples,quartieri-spagnoli,4d97025b-115e-49d2-846f-8e04b34e7ae5,J&J's,0,6,1,0,,1
2026-09-23,naples,rione-sant'alfonso,4df45b47-4f7b-4ec5-86e7-797a97b2ca3a,J&J's,0,3,0,0,,0
2026-09-24,naples,rione-sant'alfonso,4df45b47-4f7b-4ec5-86e7-797a97b2ca3a,J&J's,0,9,0,0,,0
2026-09-25,naples,rione-sant'alfonso,4df45b47-4f7b-4ec5-86e7-797a97b2ca3a,J&J's,0,6,0,0,,0
2026-09-23,naples,miano,4f979e51-7595-47e6-84a0-633bb193afe4,J&J's,0,3,0,0,,0
2026-09-24,naples,miano,4f979e51-7595-47e6-84a0-633bb193afe4,J&J's,0,9,0,0,,0
2026-09-25,naples,miano,4f979e51-7595-47e6-84a0-633bb193afe4,J&J's,0,6,0,0,,0
2026-09-23,naples,marano-di-napoli,51a93755-8f2f-4458-9d05-f12a6ff3015d,J&J's,0,3,0,0,,0
2026-09-24,naples,marano-di-napoli,51a93755-8f2f-4458-9d05-f12a6ff3015d,J&J's,0,9,0,0,,0
2026-09-25,naples,marano-di-napoli,51a93755-8f2f-4458-9d05-f12a6ff3015d,J&J's,0,6,0,0,,0
2026-09-23,naples,rione-sanita,51bdeb08-a729-40aa-ae94-37c60b4633f5,J&J's,0,3,1,1,,1
2026-09-24,naples,rione-sanita,51bdeb08-a729-40aa-ae94-37c60b4633f5,J&J's,0,9,1,1,,1
2026-09-25,naples,rione-sanita,51bdeb08-a729-40aa-ae94-37c60b4633f5,J&J's,0,6,1,1,,1
2026-09-23,naples,pianura,5205127d-caf3-4748-96f9-a5a79c2b985d,J&J's,0,3,0,0,,0
2026-09-24,naples,pianura,5205127d-caf3-4748-96f9-a5a79c2b985d,J&J's,0,9,0,0,,0
2026-09-25,naples,pianura,5205127d-caf3-4748-96f9-a5a79c2b985d,J&J's,0,6,0,0,,0
2026-09-23,naples,vomero,520d9973-cfb8-4261-aace-663b7e093042,J&J's,0,3,0,0,,0
2026-09-24,naples,vomero,520d9973-cfb8-4261-aace-663b7e093042,J&J's,0,9,0,0,,0
2026-09-25,naples,vomero,520d9973-cfb8-4261-aace-663b7e093042,J&J's,0,6,0,0,,0
2026-09-23,naples,agnano,5215716a-de18-4def-a92f-5d664a4b839e,J&J's,0,3,0,0,,0
2026-09-24,naples,agnano,5215716a-de18-4def-a92f-5d664a4b839e,J&J's,0,9,0,0,,0
2026-09-25,naples,agnano,5215716a-de18-4def-a92f-5d664a4b839e,J&J's,0,6,0,0,,0
2026-09-23,naples,naples-centrale-train-station,5324f4ad-1df2-457c-aec6-03657c3be1ed,J&J's,100,3,0,0,0.0,0
2026-09-24,naples,naples-centrale-train-station,5324f4ad-1df2-457c-aec6-03657c3be1ed,J&J's,100,9,0,0,0.0,0
2026-09-25,naples,naples-centrale-train-station,5324f4ad-1df2-457c-aec6-03657c3be1ed,J&J's,100,6,0,0,0.0,0
2026-09-23,naples,castello-monteleone,532bf575-04d7-410f-ab16-4e9781d53464,J&J's,0,3,0,0,,0
2026-09-24,naples,castello-monteleone,532bf575-04d7-410f-ab16-4e9781d53464,J&J's,0,9,0,0,,0
2026-09-25,naples,castello-monteleone,532bf575-04d7-410f-ab16-4e9781d53464,J&J's,0,6,0,0,,0
2026-09-23,naples,rione-sanita,532dc424-a472-43d7-bf10-28cdf8261753,J&J's,100,3,1,1,1.0,1
2026-09-24,naples,rione-sanita,532dc424-a472-43d7-bf10-28cdf8261753,J&J's,100,9,1,1,1.0,1
2026-09-25,naples,rione-sanita,532dc424-a472-43d7-bf10-28cdf8261753,J&J's,100,6,1,0,1.0,1
2026-09-23,naples,dante,53f17da8-0ad9-48ac-9cc3-45aa9e5f1ff0,J&J's,0,3,0,0,,0
2026-09-24,naples,dante,53f17da8-0ad9-48ac-9cc3-45aa9e5f1ff0,J&J's,0,9,0,0,,0
2026-09-25,naples,dante,53f17da8-0ad9-48ac-9cc3-45aa9e5f1ff0,J&J's,0,6,0,0,,0
2026-09-23,naples,naples-centrale-train-station,545107dd-2f11-421f-91a7-dbe37ff677cb,J&J's,0,3,135,135,,135
2026-09-24,naples,naples-centrale-train-station,545107dd-2f11-421f-91a7-dbe37ff677cb,J&J's,0,9,140,140,,146
2026-09-25,naples,naples-centrale-train-station,545107dd-2f11-421f-91a7-dbe37ff677cb,J&J's,0,6,146,144,,146
2026-09-23,naples,colonne,54c26b94-412a-4402-bcd3-ceaaf5b85704,J&J's,0,3,0,0,,0
2026-09-24,naples,colonne,54c26b94-412a-4402-bcd3-ceaaf5b85704,J&J's,0,9,0,0,,0
2026-09-25,naples,colonne,54c26b94-412a-4402-bcd3-ceaaf5b85704,J&J's,0,6,0,0,,0
2026-09-23,naples,naples-centrale-train-station,54d7bdc0-2dfc-44e7-8429-a91ae84aa939,J&J's,0,3,0,0,,0
2026-09-24,naples,naples-centrale-train-station,54d7bdc0-2dfc-44e7-8429-a91ae84aa939,J&J's,0,9,0,0,,0
2026-09-25,naples,naples-centrale-train-station,54d7bdc0-2dfc-44e7-8429-a91ae84aa939,J&J's,0,6,0,0,,0
2026-09-23,naples,rione-lauro,550bd75e-0ec8-44c8-9c2f-69ff88a9eb80,J&J's,0,3,0,0,,0
2026-09-24,naples,rione-lauro,550bd75e-0ec8-44c8-9c2f-69ff88a9eb80,J&J's,0,9,0,0,,0
2026-09-25,naples,rione-lauro,550bd75e-0ec8-44c8-9c2f-69ff88a9eb80,J&J's,0,6,0,0,,0
2026-09-23,naples,casavatore,563ec801-5ce6-4b22-ad21-9a0c02d7a851,J&J's,0,3,0,0,,0
2026-09-24,naples,casavatore,563ec801-5ce6-4b22-ad21-9a0c02d7a851,J&J's,0,9,0,0,,0
2026-09-25,naples,casavatore,563ec801-5ce6-4b22-ad21-9a0c02d7a851,J&J's,0,6,0,0,,0
2026-09-23,naples,barra,5789c609-40de-4997-ab3c-b8a565847472,J&J's,0,3,0,0,,0
2026-09-24,naples,barra,5789c609-40de-4997-ab3c-b8a565847472,J&J's,0,9,0,0,,0
2026-09-25,naples,barra,5789c609-40de-4997-ab3c-b8a565847472,J&J's,0,6,0,0,,0
2026-09-23,naples,napoli-porta-nolana,59b0b99e-074b-439f-999b-95aed7660d6e,J&J's,0,3,4,4,,4
2026-09-24,naples,napoli-porta-nolana,59b0b99e-074b-439f-999b-95aed7660d6e,J&J's,0,9,4,3,,4
2026-09-25,naples,napoli-porta-nolana,59b0b99e-074b-439f-999b-95aed7660d6e,J&J's,0,6,3,2,,3
2026-09-23,naples,castel-volturno,59e86e31-313a-47e4-936b-95e549f5e746,J&J's,0,3,0,0,,0
2026-09-24,naples,castel-volturno,59e86e31-313a-47e4-936b-95e549f5e746,J&J's,0,9,0,0,,0
2026-09-25,naples,castel-volturno,59e86e31-313a-47e4-936b-95e549f5e746,J&J's,0,6,0,0,,0
2026-09-23,naples,napoli-porta-nolana,5ab44a04-9d40-48ec-9f9f-b757549c0912,J&J's,100,3,0,0,0.0,0
2026-09-24,naples,napoli-porta-nolana,5ab44a04-9d40-48ec-9f9f-b757549c0912,J&J's,100,9,0,0,0.0,0
2026-09-25,naples,napoli-porta-nolana,5ab44a04-9d40-48ec-9f9f-b757549c0912,J&J's,100,6,0,0,0.0,0
2026-09-23,naples,naples-city-center,5ae28b48-4886-4d8f-b31d-af5da9f526bb,J&J's,0,3,1,1,,1
2026-09-24,naples,naples-city-center,5ae28b48-4886-4d8f-b31d-af5da9f526bb,J&J's,0,9,1,1,,1
2026-09-25,naples,naples-city-center,5ae28b48-4886-4d8f-b31d-af5da9f526bb,J&J's,0,6,1,1,,1
2026-09-23,naples,rione-alto,5b76bf44-fd61-4190-b2b6-2ac1c9ac1597,J&J's,0,3,0,0,,0
2026-09-24,naples,rione-alto,5b76bf44-fd61-4190-b2b6-2ac1c9ac1597,J&J's,0,9,0,0,,0
2026-09-25,naples,rione-alto,5b76bf44-fd61-4190-b2b6-2ac1c9ac1597,J&J's,0,6,0,0,,0
2026-09-23,naples,municipio,5bb72b1f-4497-4142-bd13-413e3a36f707,J&J's,20,3,1,1,5.0,1
2026-09-24,naples,municipio,5bb72b1f-4497-4142-bd13-413e3a36f707,J&J's,20,9,1,0,5.0,1
2026-09-25,naples,municipio,5bb72b1f-4497-4142-bd13-413e3a36f707,J&J's,20,6,0,0,0.0,0
2026-09-23,naples,rione-berlingieri,5beeb1a5-9d7a-4fc9-a947-ac315354db1c,J&J's,0,3,0,0,,0
2026-09-24,naples,rione-berlingieri,5beeb1a5-9d7a-4fc9-a947-ac315354db1c,J&J's,0,9,0,0,,0
2026-09-25,naples,rione-berlingieri,5beeb1a5-9d7a-4fc9-a947-ac315354db1c,J&J's,0,6,0,0,,0
2026-09-23,naples,vomero,5c4ae6f6-f123-49d7-a029-0340d3d33822,J&J's,0,3,0,0,,0
2026-09-24,naples,vomero,5c4ae6f6-f123-49d7-a029-0340d3d33822,J&J's,0,9,0,0,,0
2026-09-25,naples,vomero,5c4ae6f6-f123-49d7-a029-0340d3d33822,J&J's,0,6,0,0,,0
2026-09-23,naples,marano-di-napoli,5c4e4888-6f84-4312-a73e-0bda10e35f16,J&J's,0,3,0,0,,0
2026-09-24,naples,marano-di-napoli,5c4e4888-6f84-4312-a73e-0bda10e35f16,J&J's,0,9,0,0,,0
2026-09-25,naples,marano-di-napoli,5c4e4888-6f84-4312-a73e-0bda10e35f16,J&J's,0,6,0,0,,0
2026-09-23,naples,licignano-di-napoli,5c5e4841-f8ab-4d04-8cbf-f9b1109d4fd1,J&J's,0,3,0,0,,0
2026-09-24,naples,licignano-di-napoli,5c5e4841-f8ab-4d04-8cbf-f9b1109d4fd1,J&J's,0,9,0,0,,0
2026-09-25,naples,licignano-di-napoli,5c5e4841-f8ab-4d04-8cbf-f9b1109d4fd1,J&J's,0,6,0,0,,0
2026-09-23,naples,poggioreale,5c9f769b-e745-43e3-8dc5-860f1435c36f,J&J's,0,3,0,0,,0
2026-09-24,naples,poggioreale,5c9f769b-e745-43e3-8dc5-860f1435c36f,J&J's,0,9,0,0,,0
2026-09-25,naples,poggioreale,5c9f769b-e745-43e3-8dc5-860f1435c36f,J&J's,0,6,0,0,,0
2026-09-23,naples,naples-city-center,5d5abb5a-4044-497a-9001-98efcc49b826,J&J's,0,3,4,4,,4
2026-09-24,naples,naples-city-center,5d5abb5a-4044-497a-9001-98efcc49b826,J&J's,0,9,4,4,,4
2026-09-25,naples,naples-city-center,5d5abb5a-4044-497a-9001-98efcc49b826,J&J's,0,6,4,4,,4
2026-09-23,naples,san-giorgio-a-cremano,5e9fe798-9ef7-467b-adb7-f4ffad688b63,J&J's,0,3,0,0,,0
2026-09-24,naples,san-giorgio-a-cremano,5e9fe798-9ef7-467b-adb7-f4ffad688b63,J&J's,0,9,0,0,,0
2026-09-25,naples,san-giorgio-a-cremano,5e9fe798-9ef7-467b-adb7-f4ffad688b63,J&J's,0,6,0,0,,0
2026-09-23,naples,sant'antonio,609835ef-fdbb-4fe0-bcf6-8f3d57bfbea8,J&J's,0,3,0,0,,0
2026-09-24,naples,sant'antonio,609835ef-fdbb-4fe0-bcf6-8f3d57bfbea8,J&J's,0,9,0,0,,0
2026-09-25,naples,sant'antonio,609835ef-fdbb-4fe0-bcf6-8f3d57bfbea8,J&J's,0,6,0,0,,0
2026-09-23,naples,dante,6181f461-551b-4d3a-8da0-2a119bd97259,J&J's,0,3,1,1,,1
2026-09-24,naples,dante,6181f461-551b-4d3a-8da0-2a119bd97259,J&J's,0,9,1,1,,1
2026-09-25,naples,dante,6181f461-551b-4d3a-8da0-2a119bd97259,J&J's,0,6,1,1,,1
2026-09-23,naples,vomero,618d40de-62be-4151-9c5d-00b2b88ffc3e,J&J's,0,3,0,0,,0
2026-09-24,naples,vomero,618d40de-62be-4151-9c5d-00b2b88ffc3e,J&J's,0,9,0,0,,0
2026-09-25,naples,vomero,618d40de-62be-4151-9c5d-00b2b88ffc3e,J&J's,0,6,0,0,,0
2026-09-23,naples,naples-city-center,61950bd0-09cf-4663-bc08-ba0f855225cb,J&J's,0,3,3,3,,3
2026-09-24,naples,naples-city-center,61950bd0-09cf-4663-bc08-ba0f855225cb,J&J's,0,9,7,7,,7
2026-09-25,naples,naples-city-center,61950bd0-09cf-4663-bc08-ba0f855225cb,J&J's,0,6,7,7,,7
2026-09-23,naples,dante,62a0d3f0-ad54-4caa-86c8-5248ecceeda5,J&J's,0,3,1,1,,1
2026-09-24,naples,dante,62a0d3f0-ad54-4caa-86c8-5248ecceeda5,J&J's,0,9,1,0,,1
2026-09-25,naples,dante,62a0d3f0-ad54-4caa-86c8-5248ecceeda5,J&J's,0,6,0,0,,0
2026-09-23,naples,universita,634aaaa1-a1b8-4d36-9ac2-3074a1fddce0,J&J's,30,3,6,6,20.0,6
2026-09-24,naples,universita,634aaaa1-a1b8-4d36-9ac2-3074a1fddce0,J&J's,30,9,6,5,20.0,6
2026-09-25,naples,universita,634aaaa1-a1b8-4d36-9ac2-3074a1fddce0,J&J's,30,6,5,5,16.7,5
2026-09-23,naples,quartieri-spagnoli,635a5cc5-6dfb-40e7-a92e-c6957bef82f9,J&J's,0,3,1,1,,1
2026-09-24,naples,quartieri-spagnoli,635a5cc5-6dfb-40e7-a92e-c6957bef82f9,J&J's,0,9,1,1,,1
2026-09-25,naples,quartieri-spagnoli,635a5cc5-6dfb-40e7-a92e-c6957bef82f9,J&J's,0,6,1,1,,1
2026-09-23,naples,afragola,6498f242-b248-47e5-94bb-e44092367a26,J&J's,0,3,0,0,,0
2026-09-24,naples,afragola,6498f242-b248-47e5-94bb-e44092367a26,J&J's,0,9,0,0,,0
2026-09-25,naples,afragola,6498f242-b248-47e5-94bb-e44092367a26,J&J's,0,6,0,0,,0
2026-09-23,naples,rione-bognar,64bc078c-f269-42e6-954f-0f8b979515cd,J&J's,0,3,0,0,,0
2026-09-24,naples,rione-bognar,64bc078c-f269-42e6-954f-0f8b979515cd,J&J's,0,9,0,0,,0
2026-09-25,naples,rione-bognar,64bc078c-f269-42e6-954f-0f8b979515cd,J&J's,0,6,0,0,,0
2026-09-23,naples,vomero,64f2954a-11ee-4bd4-8425-9f6997e44746,J&J's,0,3,0,0,,0
2026-09-24,naples,vomero,64f2954a-11ee-4bd4-8425-9f6997e44746,J&J's,0,9,0,0,,0
2026-09-25,naples,vomero,64f2954a-11ee-4bd4-8425-9f6997e44746,J&J's,0,6,0,0,,0
2026-09-23,naples,marano-di-napoli,652b77d8-2351-4dd7-8b38-e04dfeb2b43b,J&J's,0,3,0,0,,0
2026-09-24,naples,marano-di-napoli,652b77d8-2351-4dd7-8b38-e04dfeb2b43b,J&J's,0,9,0,0,,0
2026-09-25,naples,marano-di-napoli,652b77d8-2351-4dd7-8b38-e04dfeb2b43b,J&J's,0,6,0,0,,0
2026-09-23,naples,rione-berlingieri,658fc11c-73f4-4070-b25f-6e91fb0a951e,J&J's,0,3,0,0,,0
2026-09-24,naples,rione-berlingieri,658fc11c-73f4-4070-b25f-6e91fb0a951e,J&J's,0,9,0,0,,0
2026-09-25,naples,rione-berlingieri,658fc11c-73f4-4070-b25f-6e91fb0a951e,J&J's,0,6,0,0,,0
2026-09-23,naples,via-chiaia,66929ca9-59be-4b95-a06d-3069e549b19b,J&J's,0,3,0,0,,0
2026-09-24,naples,via-chiaia,66929ca9-59be-4b95-a06d-3069e549b19b,J&J's,0,9,0,0,,0
2026-09-25,naples,via-chiaia,66929ca9-59be-4b95-a06d-3069e549b19b,J&J's,0,6,0,0,,0
2026-09-23,naples,centro-storico,66da7f2f-f851-40cf-b8f9-ab1d9b391e36,J&J's,0,3,0,0,,0
2026-09-24,naples,centro-storico,66da7f2f-f851-40cf-b8f9-ab1d9b391e36,J&J's,0,9,0,0,,0
2026-09-25,naples,centro-storico,66da7f2f-f851-40cf-b8f9-ab1d9b391e36,J&J's,0,6,0,0,,0
2026-09-23,naples,rione-lauro,670de660-52ce-4f88-b236-ce2178c569e3,J&J's,0,3,0,0,,0
2026-09-24,naples,rione-lauro,670de660-52ce-4f88-b236-ce2178c569e3,J&J's,0,9,0,0,,0
2026-09-25,naples,rione-lauro,670de660-52ce-4f88-b236-ce2178c569e3,J&J's,0,6,0,0,,0
2026-09-23,naples,universita,6730ed9e-4899-4551-8da3-38130f3cbade,J&J's,0,3,4,4,,4
2026-09-24,naples,universita,6730ed9e-4899-4551-8da3-38130f3cbade,J&J's,0,9,4,2,,4
2026-09-25,naples,universita,6730ed9e-4899-4551-8da3-38130f3cbade,J&J's,0,6,3,3,,3
2026-09-23,naples,naples-centrale-train-station,6770f2e7-cfc5-4dcb-8119-7331459d372f,J&J's,0,3,0,0,,0
2026-09-24,naples,naples-centrale-train-station,6770f2e7-cfc5-4dcb-8119-7331459d372f,J&J's,0,9,0,0,,0
2026-09-25,naples,naples-centrale-train-station,6770f2e7-cfc5-4dcb-8119-7331459d372f,J&J's,0,6,1,1,,1
2026-09-23,naples,centro-storico,6999b93f-03ad-498d-986c-739cc6c0a2ab,J&J's,0,3,8,8,,8
2026-09-24,naples,centro-storico,6999b93f-03ad-498d-986c-739cc6c0a2ab,J&J's,0,9,9,9,,9
2026-09-25,naples,centro-storico,6999b93f-03ad-498d-986c-739cc6c0a2ab,J&J's,0,6,9,9,,9
2026-09-23,naples,rione-cavalleggeri-aosta,6cbf4f84-bc93-48a9-8d98-a7809aea13bb,J&J's,100,3,0,0,0.0,0
2026-09-24,naples,rione-cavalleggeri-aosta,6cbf4f84-bc93-48a9-8d98-a7809aea13bb,J&J's,100,9,0,0,0.0,0
2026-09-25,naples,rione-cavalleggeri-aosta,6cbf4f84-bc93-48a9-8d98-a7809aea13bb,J&J's,100,6,0,0,0.0,0
2026-09-23,naples,quartieri-spagnoli,6ce755c8-1cf0-4085-b1c3-44e6e0c0f49a,J&J's,0,3,1,1,,1
2026-09-24,naples,quartieri-spagnoli,6ce755c8-1cf0-4085-b1c3-44e6e0c0f49a,J&J's,0,9,1,1,,1
2026-09-25,naples,quartieri-spagnoli,6ce755c8-1cf0-4085-b1c3-44e6e0c0f49a,J&J's,0,6,2,2,,2
2026-09-23,naples,pianura,6d759c86-0965-40b3-b36d-f19c2a4397d1,J&J's,0,3,0,0,,0
2026-09-24,naples,pianura,6d759c86-0965-40b3-b36d-f19c2a4397d1,J&J's,0,9,0,0,,0
2026-09-25,naples,pianura,6d759c86-0965-40b3-b36d-f19c2a4397d1,J&J's,0,6,0,0,,0
2026-09-23,naples,piazza-cavour,6db1f71c-cbe1-47f6-96c2-6122b453c1c8,J&J's,0,3,0,0,,0
2026-09-24,naples,piazza-cavour,6db1f71c-cbe1-47f6-96c2-6122b453c1c8,J&J's,0,9,0,0,,0
2026-09-25,naples,piazza-cavour,6db1f71c-cbe1-47f6-96c2-6122b453c1c8,J&J's,0,6,0,0,,0
2026-09-23,naples,glicine-teorema,6ed57306-b7fe-4895-ad47-431c8fb3c9de,J&J's,0,3,0,0,,0
2026-09-24,naples,glicine-teorema,6ed57306-b7fe-4895-ad47-431c8fb3c9de,J&J's,0,9,0,0,,0
2026-09-25,naples,glicine-teorema,6ed57306-b7fe-4895-ad47-431c8fb3c9de,J&J's,0,6,0,0,,0
2026-09-23,naples,universita,6f86736a-3848-4cf5-b161-101a2ac2834e,J&J's,100,3,3,3,3.0,3
2026-09-24,naples,universita,6f86736a-3848-4cf5-b161-101a2ac2834e,J&J's,100,9,4,4,4.0,4
2026-09-25,naples,universita,6f86736a-3848-4cf5-b161-101a2ac2834e,J&J's,100,6,5,5,5.0,5
2026-09-23,naples,dante,6ff9c503-af5a-4efd-b9ff-e8309e281ae7,J&J's,20,3,1,1,5.0,1
2026-09-24,naples,dante,6ff9c503-af5a-4efd-b9ff-e8309e281ae7,J&J's,20,9,1,1,5.0,1
2026-09-25,naples,dante,6ff9c503-af5a-4efd-b9ff-e8309e281ae7,J&J's,20,6,1,1,5.0,1
2026-09-23,naples,soccavo,70aae71c-ff9a-489c-8c03-d8f50a20650d,J&J's,0,3,0,0,,0
2026-09-24,naples,soccavo,70aae71c-ff9a-489c-8c03-d8f50a20650d,J&J's,0,9,0,0,,0
2026-09-25,naples,soccavo,70aae71c-ff9a-489c-8c03-d8f50a20650d,J&J's,0,6,0,0,,0
2026-09-23,naples,naples-centrale-train-station,711f1c04-6f67-4005-a028-dfcbd28264dd,J&J's,50,3,9,9,18.0,9
2026-09-24,naples,naples-centrale-train-station,711f1c04-6f67-4005-a028-dfcbd28264dd,J&J's,50,9,11,11,22.0,11
2026-09-25,naples,naples-centrale-train-station,711f1c04-6f67-4005-a028-dfcbd28264dd,J&J's,50,6,11,7,22.0,11
2026-09-23,naples,stadera,72c54031-f36c-417d-855f-f50930bfa12e,J&J's,0,3,0,0,,0
2026-09-24,naples,stadera,72c54031-f36c-417d-855f-f50930bfa12e,J&J's,0,9,0,0,,0
2026-09-25,naples,stadera,72c54031-f36c-417d-855f-f50930bfa12e,J&J's,0,6,0,0,,0
2026-09-23,naples,casalnuovo-di-napoli,74aaecd5-cf77-4644-aa54-2a8df4d64263,J&J's,0,3,0,0,,0
2026-09-24,naples,casalnuovo-di-napoli,74aaecd5-cf77-4644-aa54-2a8df4d64263,J&J's,0,9,0,0,,0
2026-09-25,naples,casalnuovo-di-napoli,74aaecd5-cf77-4644-aa54-2a8df4d64263,J&J's,0,6,0,0,,0
2026-09-23,naples,sant'antimo,74abc2ed-76db-45ee-ab08-a8c7f2eb9dcb,J&J's,0,3,0,0,,0
2026-09-24,naples,sant'antimo,74abc2ed-76db-45ee-ab08-a8c7f2eb9dcb,J&J's,0,9,0,0,,0
2026-09-25,naples,sant'antimo,74abc2ed-76db-45ee-ab08-a8c7f2eb9dcb,J&J's,0,6,0,0,,0
2026-09-23,naples,vomero,7596bf58-596b-41d4-b994-e6458a0fb516,J&J's,0,3,0,0,,0
2026-09-24,naples,vomero,7596bf58-596b-41d4-b994-e6458a0fb516,J&J's,0,9,0,0,,0
2026-09-25,naples,vomero,7596bf58-596b-41d4-b994-e6458a0fb516,J&J's,0,6,0,0,,0
2026-09-23,naples,licola,778560e0-56b6-42de-8973-299445a4d026,J&J's,0,3,0,0,,0
2026-09-24,naples,licola,778560e0-56b6-42de-8973-299445a4d026,J&J's,0,9,0,0,,0
2026-09-25,naples,licola,778560e0-56b6-42de-8973-299445a4d026,J&J's,0,6,0,0,,0
2026-09-23,naples,baia,77938649-9921-4f1b-a365-27a9473245a8,J&J's,0,3,0,0,,0
2026-09-24,naples,baia,77938649-9921-4f1b-a365-27a9473245a8,J&J's,0,9,0,0,,0
2026-09-25,naples,baia,77938649-9921-4f1b-a365-27a9473245a8,J&J's,0,6,0,0,,0
2026-09-23,naples,naples-centrale-train-station,77ad5e26-f8ea-42e1-a642-aa022442f645,J&J's,30,3,1,1,3.3,1
2026-09-24,naples,naples-centrale-train-station,77ad5e26-f8ea-42e1-a642-aa022442f645,J&J's,30,9,1,1,3.3,1
2026-09-25,naples,naples-centrale-train-station,77ad5e26-f8ea-42e1-a642-aa022442f645,J&J's,30,6,1,1,3.3,1
2026-09-23,naples,naples-city-center,78fdcaf4-747b-4f25-b90e-17f1e51facf9,J&J's,0,3,0,0,,0
2026-09-24,naples,naples-city-center,78fdcaf4-747b-4f25-b90e-17f1e51facf9,J&J's,0,9,0,0,,0
2026-09-25,naples,naples-city-center,78fdcaf4-747b-4f25-b90e-17f1e51facf9,J&J's,0,6,0,0,,0
2026-09-23,naples,starza,79009c22-e1fd-4ac1-af9b-bbd0a1495187,J&J's,0,3,0,0,,0
2026-09-24,naples,starza,79009c22-e1fd-4ac1-af9b-bbd0a1495187,J&J's,0,9,0,0,,0
2026-09-25,naples,starza,79009c22-e1fd-4ac1-af9b-bbd0a1495187,J&J's,0,6,0,0,,0
2026-09-23,naples,barra,797134fb-b3fb-456a-9587-d88dee3a9b55,J&J's,0,3,0,0,,0
2026-09-24,naples,barra,797134fb-b3fb-456a-9587-d88dee3a9b55,J&J's,0,9,0,0,,0
2026-09-25,naples,barra,797134fb-b3fb-456a-9587-d88dee3a9b55,J&J's,0,6,0,0,,0
2026-09-23,naples,marano-di-napoli,79f275d1-e4bc-4f78-9c85-6480b246226f,J&J's,0,3,0,0,,0
2026-09-24,naples,marano-di-napoli,79f275d1-e4bc-4f78-9c85-6480b246226f,J&J's,0,9,0,0,,0
2026-09-25,naples,marano-di-napoli,79f275d1-e4bc-4f78-9c85-6480b246226f,J&J's,0,6,0,0,,0
2026-09-23,naples,centro-storico,7a6a2b11-a05a-4924-8b91-28aee7f4869a,J&J's,0,3,0,0,,0
2026-09-24,naples,centro-storico,7a6a2b11-a05a-4924-8b91-28aee7f4869a,J&J's,0,9,0,0,,0
2026-09-25,naples,centro-storico,7a6a2b11-a05a-4924-8b91-28aee7f4869a,J&J's,0,6,0,0,,0
2026-09-23,naples,nola,7b40b6f2-d8cc-4c16-a8de-ba8355fd10a4,J&J's,0,3,0,0,,0
2026-09-24,naples,nola,7b40b6f2-d8cc-4c16-a8de-ba8355fd10a4,J&J's,0,9,0,0,,0
2026-09-25,naples,nola,7b40b6f2-d8cc-4c16-a8de-ba8355fd10a4,J&J's,0,6,0,0,,0
2026-09-23,naples,vomero,7b59a7b2-64e2-4d2e-9968-c016ed512d42,J&J's,0,3,0,0,,0
2026-09-24,naples,vomero,7b59a7b2-64e2-4d2e-9968-c016ed512d42,J&J's,0,9,0,0,,0
2026-09-25,naples,vomero,7b59a7b2-64e2-4d2e-9968-c016ed512d42,J&J's,0,6,0,0,,0
2026-09-23,naples,maradona-stadium,7b5ed948-52d7-4028-b20a-f9514f9a41e6,J&J's,0,3,0,0,,0
2026-09-24,naples,maradona-stadium,7b5ed948-52d7-4028-b20a-f9514f9a41e6,J&J's,0,9,0,0,,0
2026-09-25,naples,maradona-stadium,7b5ed948-52d7-4028-b20a-f9514f9a41e6,J&J's,0,6,0,0,,0
2026-09-23,naples,casalnuovo-di-napoli,7c6ab751-0a98-4405-b782-41ce8e2dafba,J&J's,0,3,0,0,,0
2026-09-24,naples,casalnuovo-di-napoli,7c6ab751-0a98-4405-b782-41ce8e2dafba,J&J's,0,9,0,0,,0
2026-09-25,naples,casalnuovo-di-napoli,7c6ab751-0a98-4405-b782-41ce8e2dafba,J&J's,0,6,0,0,,0
2026-09-23,naples,chiaiano,7cd28cb7-4720-4a10-b77c-cd082c5b2eba,J&J's,0,3,0,0,,0
2026-09-24,naples,chiaiano,7cd28cb7-4720-4a10-b77c-cd082c5b2eba,J&J's,0,9,0,0,,0
2026-09-25,naples,chiaiano,7cd28cb7-4720-4a10-b77c-cd082c5b2eba,J&J's,0,6,0,0,,0
2026-09-23,naples,barra,7d3042b3-f32e-4f56-91a5-9ff6fb4c1fd8,J&J's,0,3,0,0,,0
2026-09-24,naples,barra,7d3042b3-f32e-4f56-91a5-9ff6fb4c1fd8,J&J's,0,9,0,0,,0
2026-09-25,naples,barra,7d3042b3-f32e-4f56-91a5-9ff6fb4c1fd8,J&J's,0,6,0,0,,0
2026-09-23,naples,porta-capuana,7d58659b-3024-4f5c-8e3c-9321ebe40b38,J&J's,0,3,0,0,,0
2026-09-24,naples,porta-capuana,7d58659b-3024-4f5c-8e3c-9321ebe40b38,J&J's,0,9,0,0,,0
2026-09-25,naples,porta-capuana,7d58659b-3024-4f5c-8e3c-9321ebe40b38,J&J's,0,6,0,0,,0
2026-09-23,naples,municipalità-7,7dc6e075-b7e0-43cc-a582-03f092c5f76c,J&J's,0,3,0,0,,0
2026-09-24,naples,municipalità-7,7dc6e075-b7e0-43cc-a582-03f092c5f76c,J&J's,0,9,0,0,,0
2026-09-25,naples,municipalità-7,7dc6e075-b7e0-43cc-a582-03f092c5f76c,J&J's,0,6,0,0,,0
2026-09-23,naples,naples-cathedral,7e020f7a-c675-4764-94b0-9534a0534fe2,J&J's,20,3,0,0,0.0,0
2026-09-24,naples,naples-cathedral,7e020f7a-c675-4764-94b0-9534a0534fe2,J&J's,20,9,0,0,0.0,0
2026-09-25,naples,naples-cathedral,7e020f7a-c675-4764-94b0-9534a0534fe2,J&J's,20,6,0,0,0.0,0
2026-09-23,naples,ripuaria,82ec6056-0dbe-4bf2-b06f-f99f41078a09,J&J's,0,3,0,0,,0
2026-09-24,naples,ripuaria,82ec6056-0dbe-4bf2-b06f-f99f41078a09,J&J's,0,9,0,0,,0
2026-09-25,naples,ripuaria,82ec6056-0dbe-4bf2-b06f-f99f41078a09,J&J's,0,6,0,0,,0
2026-09-23,naples,bagnoli,830a1904-3c01-4cd7-bd61-1427db7b2626,J&J's,0,3,0,0,,0
2026-09-24,naples,bagnoli,830a1904-3c01-4cd7-bd61-1427db7b2626,J&J's,0,9,0,0,,0
2026-09-25,naples,bagnoli,830a1904-3c01-4cd7-bd61-1427db7b2626,J&J's,0,6,0,0,,0
2026-09-23,naples,stella,832a2ed1-cb39-4d0e-bd41-319b6af27233,J&J's,0,3,0,0,,0
2026-09-24,naples,stella,832a2ed1-cb39-4d0e-bd41-319b6af27233,J&J's,0,9,0,0,,0
2026-09-25,naples,stella,832a2ed1-cb39-4d0e-bd41-319b6af27233,J&J's,0,6,0,0,,0
2026-09-23,naples,frullone,84396a3c-50a5-47c7-a98c-8fe70de36be8,J&J's,0,3,0,0,,0
2026-09-24,naples,frullone,84396a3c-50a5-47c7-a98c-8fe70de36be8,J&J's,0,9,0,0,,0
2026-09-25,naples,frullone,84396a3c-50a5-47c7-a98c-8fe70de36be8,J&J's,0,6,0,0,,0
2026-09-23,naples,madonnelle,84c37b40-19ff-4289-a2f2-1fbc664c7551,J&J's,0,3,0,0,,0
2026-09-24,naples,madonnelle,84c37b40-19ff-4289-a2f2-1fbc664c7551,J&J's,0,9,0,0,,0
2026-09-25,naples,madonnelle,84c37b40-19ff-4289-a2f2-1fbc664c7551,J&J's,0,6,0,0,,0
2026-09-23,naples,mugnano-duemila,84eb7ddf-d0ec-48c6-be87-8b125f3354fd,J&J's,0,3,0,0,,0
2026-09-24,naples,mugnano-duemila,84eb7ddf-d0ec-48c6-be87-8b125f3354fd,J&J's,0,9,0,0,,0
2026-09-25,naples,mugnano-duemila,84eb7ddf-d0ec-48c6-be87-8b125f3354fd,J&J's,0,6,0,0,,0
2026-09-23,naples,bagnoli-agnano-terme,8516f1bd-612b-446e-a7af-d546dc83a6a4,J&J's,0,3,0,0,,0
2026-09-24,naples,bagnoli-agnano-terme,8516f1bd-612b-446e-a7af-d546dc83a6a4,J&J's,0,9,0,0,,0
2026-09-25,naples,bagnoli-agnano-terme,8516f1bd-612b-446e-a7af-d546dc83a6a4,J&J's,0,6,0,0,,0
2026-09-23,naples,cassano,85856e6c-556a-4c5a-9d2a-957c7ba877fd,J&J's,0,3,0,0,,0
2026-09-24,naples,cassano,85856e6c-556a-4c5a-9d2a-957c7ba877fd,J&J's,0,9,0,0,,0
2026-09-25,naples,cassano,85856e6c-556a-4c5a-9d2a-957c7ba877fd,J&J's,0,6,0,0,,0
2026-09-23,naples,varcaturo,858f40f5-3f98-41f7-a4f9-a24f1b029252,J&J's,0,3,0,0,,0
2026-09-24,naples,varcaturo,858f40f5-3f98-41f7-a4f9-a24f1b029252,J&J's,0,9,0,0,,0
2026-09-25,naples,varcaturo,858f40f5-3f98-41f7-a4f9-a24f1b029252,J&J's,0,6,0,0,,0
2026-09-23,naples,dante,86c3911e-738c-43c6-9a9a-85e85925dc04,J&J's,50,3,14,14,28.0,14
2026-09-24,naples,dante,86c3911e-738c-43c6-9a9a-85e85925dc04,J&J's,50,9,14,12,28.0,14
2026-09-25,naples,dante,86c3911e-738c-43c6-9a9a-85e85925dc04,J&J's,50,6,15,15,30.0,15
2026-09-23,naples,masseria-grande,86d78f73-e7bd-4747-9e1c-292137b7916d,J&J's,0,3,0,0,,0
2026-09-24,naples,masseria-grande,86d78f73-e7bd-4747-9e1c-292137b7916d,J&J's,0,9,0,0,,0
2026-09-25,naples,masseria-grande,86d78f73-e7bd-4747-9e1c-292137b7916d,J&J's,0,6,0,0,,0
2026-09-23,naples,fuorigrotta,8757c488-d522-41f3-aa54-40f9ed0ca148,J&J's,0,3,0,0,,0
2026-09-24,naples,fuorigrotta,8757c488-d522-41f3-aa54-40f9ed0ca148,J&J's,0,9,0,0,,0
2026-09-25,naples,fuorigrotta,8757c488-d522-41f3-aa54-40f9ed0ca148,J&J's,0,6,0,0,,0
2026-09-23,naples,miano,87b492f1-c754-490c-b477-38e9e0b59412,J&J's,0,3,0,0,,0
2026-09-24,naples,miano,87b492f1-c754-490c-b477-38e9e0b59412,J&J's,0,9,0,0,,0
2026-09-25,naples,miano,87b492f1-c754-490c-b477-38e9e0b59412,J&J's,0,6,0,0,,0
2026-09-23,naples,naples-centrale-train-station,88b54ec7-079c-4c9c-a8ae-7ef9b2741503,J&J's,100,3,1,1,1.0,1
2026-09-24,naples,naples-centrale-train-station,88b54ec7-079c-4c9c-a8ae-7ef9b2741503,J&J's,100,9,1,1,1.0,1
2026-09-25,naples,naples-centrale-train-station,88b54ec7-079c-4c9c-a8ae-7ef9b2741503,J&J's,100,6,1,1,1.0,1
2026-09-23,naples,rione-sanita,88df83dc-156f-4207-aa8d-f4a24d2ff378,J&J's,100,3,1,1,1.0,1
2026-09-24,naples,rione-sanita,88df83dc-156f-4207-aa8d-f4a24d2ff378,J&J's,100,9,1,1,1.0,1
2026-09-25,naples,rione-sanita,88df83dc-156f-4207-aa8d-f4a24d2ff378,J&J's,100,6,1,1,1.0,1
2026-09-23,naples,frullone,8904b1cc-85e5-464d-b30e-0f09a8c2bbfb,J&J's,0,3,0,0,,0
2026-09-24,naples,frullone,8904b1cc-85e5-464d-b30e-0f09a8c2bbfb,J&J's,0,9,0,0,,0
2026-09-25,naples,frullone,8904b1cc-85e5-464d-b30e-0f09a8c2bbfb,J&J's,0,6,0,0,,0
2026-09-23,naples,pizzofalcone,89869302-9808-4272-9822-2425e8df68b6,J&J's,0,3,1,1,,1
2026-09-24,naples,pizzofalcone,89869302-9808-4272-9822-2425e8df68b6,J&J's,0,9,1,1,,1
2026-09-25,naples,pizzofalcone,89869302-9808-4272-9822-2425e8df68b6,J&J's,0,6,1,1,,1
2026-09-23,naples,lanciasino,898d89d9-bee1-4ec4-9527-45829bde90f8,J&J's,0,3,0,0,,0
2026-09-24,naples,lanciasino,898d89d9-bee1-4ec4-9527-45829bde90f8,J&J's,0,9,0,0,,0
2026-09-25,naples,lanciasino,898d89d9-bee1-4ec4-9527-45829bde90f8,J&J's,0,6,0,0,,0
2026-09-23,naples,maradona-stadium,89afc098-eb05-4edc-ae9d-34e5eb08a2ea,J&J's,0,3,0,0,,0
2026-09-24,naples,maradona-stadium,89afc098-eb05-4edc-ae9d-34e5eb08a2ea,J&J's,0,9,0,0,,0
2026-09-25,naples,maradona-stadium,89afc098-eb05-4edc-ae9d-34e5eb08a2ea,J&J's,0,6,0,0,,0
2026-09-23,naples,universita,8a65d969-f57c-40bf-8534-35da63527203,J&J's,0,3,14,14,,14
2026-09-24,naples,universita,8a65d969-f57c-40bf-8534-35da63527203,J&J's,0,9,15,15,,15
2026-09-25,naples,universita,8a65d969-f57c-40bf-8534-35da63527203,J&J's,0,6,15,12,,15
2026-09-23,naples,sant'antonio,8b92aa2c-c8d1-4b8f-9937-38b999072fa3,J&J's,0,3,0,0,,0
2026-09-24,naples,sant'antonio,8b92aa2c-c8d1-4b8f-9937-38b999072fa3,J&J's,0,9,0,0,,0
2026-09-25,naples,sant'antonio,8b92aa2c-c8d1-4b8f-9937-38b999072fa3,J&J's,0,6,0,0,,0
2026-09-23,naples,vomero,8c77e7bc-ed99-4056-ae59-042c78206d98,J&J's,0,3,0,0,,0
2026-09-24,naples,vomero,8c77e7bc-ed99-4056-ae59-042c78206d98,J&J's,0,9,0,0,,0
2026-09-25,naples,vomero,8c77e7bc-ed99-4056-ae59-042c78206d98,J&J's,0,6,0,0,,0
2026-09-23,naples,via-toledo,8df33bea-0b6e-42a1-b9ae-08ae29516392,J&J's,0,3,2,2,,2
2026-09-24,naples,via-toledo,8df33bea-0b6e-42a1-b9ae-08ae29516392,J&J's,0,9,3,3,,3
2026-09-25,naples,via-toledo,8df33bea-0b6e-42a1-b9ae-08ae29516392,J&J's,0,6,3,1,,3
2026-09-23,naples,centro-storico,8e059320-c0e8-403b-87b2-eb9ab4decea4,J&J's,0,3,1,1,,1
2026-09-24,naples,centro-storico,8e059320-c0e8-403b-87b2-eb9ab4decea4,J&J's,0,9,1,1,,1
2026-09-25,naples,centro-storico,8e059320-c0e8-403b-87b2-eb9ab4decea4,J&J's,0,6,2,2,,2
2026-09-23,naples,casalnuovo-di-napoli,8e8ce6b1-081b-4c1c-8f32-f65743e0028d,J&J's,0,3,0,0,,0
2026-09-24,naples,casalnuovo-di-napoli,8e8ce6b1-081b-4c1c-8f32-f65743e0028d,J&J's,0,9,0,0,,0
2026-09-25,naples,casalnuovo-di-napoli,8e8ce6b1-081b-4c1c-8f32-f65743e0028d,J&J's,0,6,0,0,,0
2026-09-23,naples,quattro-giornate-station,8ede7274-3c29-453c-b622-c815cb460fa2,J&J's,0,3,0,0,,0
2026-09-24,naples,quattro-giornate-station,8ede7274-3c29-453c-b622-c815cb460fa2,J&J's,0,9,0,0,,0
2026-09-25,naples,quattro-giornate-station,8ede7274-3c29-453c-b622-c815cb460fa2,J&J's,0,6,0,0,,0
2026-09-23,naples,universita,8f909824-0108-43f9-bb10-24e6de56bdcb,J&J's,0,3,0,0,,0
2026-09-24,naples,universita,8f909824-0108-43f9-bb10-24e6de56bdcb,J&J's,0,9,0,0,,0
2026-09-25,naples,universita,8f909824-0108-43f9-bb10-24e6de56bdcb,J&J's,0,6,0,0,,0
2026-09-23,naples,botteghelle,90f4634c-bb0b-4e54-b31f-264b9f8964ff,J&J's,0,3,0,0,,0
2026-09-24,naples,botteghelle,90f4634c-bb0b-4e54-b31f-264b9f8964ff,J&J's,0,9,0,0,,0
2026-09-25,naples,botteghelle,90f4634c-bb0b-4e54-b31f-264b9f8964ff,J&J's,0,6,0,0,,0
2026-09-23,naples,sant'antonio,9102f8a5-3a1d-4b8c-adae-6235ebfb177b,J&J's,0,3,0,0,,0
2026-09-24,naples,sant'antonio,9102f8a5-3a1d-4b8c-adae-6235ebfb177b,J&J's,0,9,0,0,,0
2026-09-25,naples,sant'antonio,9102f8a5-3a1d-4b8c-adae-6235ebfb177b,J&J's,0,6,0,0,,0
2026-09-23,naples,piscinola,9143fac0-0197-47af-b0a0-35a38d6379cb,J&J's,0,3,0,0,,0
2026-09-24,naples,piscinola,9143fac0-0197-47af-b0a0-35a38d6379cb,J&J's,0,9,0,0,,0
2026-09-25,naples,piscinola,9143fac0-0197-47af-b0a0-35a38d6379cb,J&J's,0,6,0,0,,0
2026-09-23,naples,casalnuovo-di-napoli,92baaea0-3e44-497c-8c74-8d3241e674fe,J&J's,0,3,0,0,,0
2026-09-24,naples,casalnuovo-di-napoli,92baaea0-3e44-497c-8c74-8d3241e674fe,J&J's,0,9,0,0,,0
2026-09-25,naples,casalnuovo-di-napoli,92baaea0-3e44-497c-8c74-8d3241e674fe,J&J's,0,6,0,0,,0
2026-09-23,naples,napoli-porta-nolana,93dc8550-0792-4308-951a-67a7d0fa758a,J&J's,0,3,0,0,,0
2026-09-24,naples,napoli-porta-nolana,93dc8550-0792-4308-951a-67a7d0fa758a,J&J's,0,9,0,0,,0
2026-09-25,naples,napoli-porta-nolana,93dc8550-0792-4308-951a-67a7d0fa758a,J&J's,0,6,0,0,,0
2026-09-23,naples,naples-city-center,95742a7b-7f55-4070-82cc-cf838349a68b,J&J's,0,3,0,0,,0
2026-09-24,naples,naples-city-center,95742a7b-7f55-4070-82cc-cf838349a68b,J&J's,0,9,0,0,,0
2026-09-25,naples,naples-city-center,95742a7b-7f55-4070-82cc-cf838349a68b,J&J's,0,6,0,0,,0
2026-09-23,naples,,95e9518d-3e74-43fb-b7d7-4d3b62e6586d,J&J's,0,3,0,0,,0
2026-09-24,naples,,95e9518d-3e74-43fb-b7d7-4d3b62e6586d,J&J's,0,9,0,0,,0
2026-09-25,naples,,95e9518d-3e74-43fb-b7d7-4d3b62e6586d,J&J's,0,6,0,0,,0
2026-09-23,naples,castel-volturno,96d6a93f-d50b-4fe8-819a-79b58111a762,J&J's,0,3,0,0,,0
2026-09-24,naples,castel-volturno,96d6a93f-d50b-4fe8-819a-79b58111a762,J&J's,0,9,0,0,,0
2026-09-25,naples,castel-volturno,96d6a93f-d50b-4fe8-819a-79b58111a762,J&J's,0,6,0,0,,0
2026-09-23,naples,municipio,97343c64-f150-445a-97f2-8cbcfefb8f0f,J&J's,25,3,3,3,12.0,3
2026-09-24,naples,municipio,97343c64-f150-445a-97f2-8cbcfefb8f0f,J&J's,25,9,3,2,12.0,3
2026-09-25,naples,municipio,97343c64-f150-445a-97f2-8cbcfefb8f0f,J&J's,25,6,2,1,8.0,2
2026-09-23,naples,universita,97925a53-e5da-429c-9755-192845d9d151,J&J's,0,3,14,14,,14
2026-09-24,naples,universita,97925a53-e5da-429c-9755-192845d9d151,J&J's,0,9,14,12,,14
2026-09-25,naples,universita,97925a53-e5da-429c-9755-192845d9d151,J&J's,0,6,13,13,,13
2026-09-23,naples,naples-centrale-train-station,97b640ef-ea36-4eb5-83af-bff6994edefd,J&J's,0,3,0,0,,0
2026-09-24,naples,naples-centrale-train-station,97b640ef-ea36-4eb5-83af-bff6994edefd,J&J's,0,9,0,0,,0
2026-09-25,naples,naples-centrale-train-station,97b640ef-ea36-4eb5-83af-bff6994edefd,J&J's,0,6,0,0,,0
2026-09-23,naples,colli-aminei,97d4b3eb-9313-4790-b15e-706c2d84a4e8,J&J's,0,3,0,0,,0
2026-09-24,naples,colli-aminei,97d4b3eb-9313-4790-b15e-706c2d84a4e8,J&J's,0,9,0,0,,0
2026-09-25,naples,colli-aminei,97d4b3eb-9313-4790-b15e-706c2d84a4e8,J&J's,0,6,0,0,,0
2026-09-23,naples,universita,980107fb-c8cf-4b6e-91a0-6d169b4ebf1c,J&J's,0,3,8,8,,8
2026-09-24,naples,universita,980107fb-c8cf-4b6e-91a0-6d169b4ebf1c,J&J's,0,9,9,8,,9
2026-09-25,naples,universita,980107fb-c8cf-4b6e-91a0-6d169b4ebf1c,J&J's,0,6,10,10,,10
2026-09-23,naples,terra-murata,98268f37-1750-4eec-884f-3bac2d9f141c,J&J's,0,3,2,2,,2
2026-09-24,naples,terra-murata,98268f37-1750-4eec-884f-3bac2d9f141c,J&J's,0,9,2,1,,2
2026-09-25,naples,terra-murata,98268f37-1750-4eec-884f-3bac2d9f141c,J&J's,0,6,1,1,,1
2026-09-23,naples,massaquano,992545d2-d283-4935-87c8-833a774e2b34,J&J's,0,3,0,0,,0
2026-09-24,naples,massaquano,992545d2-d283-4935-87c8-833a774e2b34,J&J's,0,9,0,0,,0
2026-09-25,naples,massaquano,992545d2-d283-4935-87c8-833a774e2b34,J&J's,0,6,0,0,,0
2026-09-23,naples,bagnoli-agnano-terme,9942628e-eb19-4fef-afbc-01223983554d,J&J's,0,3,0,0,,0
2026-09-24,naples,bagnoli-agnano-terme,9942628e-eb19-4fef-afbc-01223983554d,J&J's,0,9,0,0,,0
2026-09-25,naples,bagnoli-agnano-terme,9942628e-eb19-4fef-afbc-01223983554d,J&J's,0,6,0,0,,0
2026-09-23,naples,terra-di-mezzo,9c6ccd1b-80df-4173-915c-4d24e1bb51b0,J&J's,0,3,1,1,,1
2026-09-24,naples,terra-di-mezzo,9c6ccd1b-80df-4173-915c-4d24e1bb51b0,J&J's,0,9,1,1,,1
2026-09-25,naples,terra-di-mezzo,9c6ccd1b-80df-4173-915c-4d24e1bb51b0,J&J's,0,6,1,1,,1
2026-09-23,naples,capodimonte,9d40261d-989f-45c0-8211-cd9c4a8ecffc,J&J's,0,3,0,0,,0
2026-09-24,naples,capodimonte,9d40261d-989f-45c0-8211-cd9c4a8ecffc,J&J's,0,9,0,0,,0
2026-09-25,naples,capodimonte,9d40261d-989f-45c0-8211-cd9c4a8ecffc,J&J's,0,6,0,0,,0
2026-09-23,naples,san-carlo-all'arena,9d651a68-0efe-49fb-8da3-dac5f2ee361c,J&J's,0,3,0,0,,0
2026-09-24,naples,san-carlo-all'arena,9d651a68-0efe-49fb-8da3-dac5f2ee361c,J&J's,0,9,0,0,,0
2026-09-25,naples,san-carlo-all'arena,9d651a68-0efe-49fb-8da3-dac5f2ee361c,J&J's,0,6,0,0,,0
2026-09-23,naples,naples-centrale-train-station,9d6fc726-7bbd-46f3-8c17-22c5bb1f5b1a,J&J's,100,3,5,5,5.0,5
2026-09-24,naples,naples-centrale-train-station,9d6fc726-7bbd-46f3-8c17-22c5bb1f5b1a,J&J's,100,9,6,6,6.0,6
2026-09-25,naples,naples-centrale-train-station,9d6fc726-7bbd-46f3-8c17-22c5bb1f5b1a,J&J's,100,6,7,7,7.0,7
2026-09-23,naples,napoli-porta-nolana,9e0b3210-d5b6-40ec-8644-d69b00dd04a0,J&J's,0,3,0,0,,0
2026-09-24,naples,napoli-porta-nolana,9e0b3210-d5b6-40ec-8644-d69b00dd04a0,J&J's,0,9,0,0,,0
2026-09-25,naples,napoli-porta-nolana,9e0b3210-d5b6-40ec-8644-d69b00dd04a0,J&J's,0,6,0,0,,0
2026-09-23,naples,madonnelle,9e5e67bd-6ddc-4d69-802b-49105e2209fa,J&J's,0,3,0,0,,0
2026-09-24,naples,madonnelle,9e5e67bd-6ddc-4d69-802b-49105e2209fa,J&J's,0,9,0,0,,0
2026-09-25,naples,madonnelle,9e5e67bd-6ddc-4d69-802b-49105e2209fa,J&J's,0,6,0,0,,0
2026-09-23,naples,santa-lucia,9edaae2b-ae15-4207-b5f7-d422e6e516ae,J&J's,0,3,0,0,,0
2026-09-24,naples,santa-lucia,9edaae2b-ae15-4207-b5f7-d422e6e516ae,J&J's,0,9,0,0,,0
2026-09-25,naples,santa-lucia,9edaae2b-ae15-4207-b5f7-d422e6e516ae,J&J's,0,6,0,0,,0
2026-09-23,naples,mugnano-duemila,9f41e048-642e-4e71-a378-5e4469d361ed,J&J's,0,3,0,0,,0
2026-09-24,naples,mugnano-duemila,9f41e048-642e-4e71-a378-5e4469d361ed,J&J's,0,9,0,0,,0
2026-09-25,naples,mugnano-duemila,9f41e048-642e-4e71-a378-5e4469d361ed,J&J's,0,6,0,0,,0
2026-09-23,naples,pianura,9fd89289-6614-44c9-8cbd-907a05d2ce27,J&J's,0,3,0,0,,0
2026-09-24,naples,pianura,9fd89289-6614-44c9-8cbd-907a05d2ce27,J&J's,0,9,0,0,,0
2026-09-25,naples,pianura,9fd89289-6614-44c9-8cbd-907a05d2ce27,J&J's,0,6,0,0,,0
2026-09-23,naples,rione-alto,a0baeaaf-7c5e-40ca-9975-08d972ff6e13,J&J's,0,3,0,0,,0
2026-09-24,naples,rione-alto,a0baeaaf-7c5e-40ca-9975-08d972ff6e13,J&J's,0,9,0,0,,0
2026-09-25,naples,rione-alto,a0baeaaf-7c5e-40ca-9975-08d972ff6e13,J&J's,0,6,0,0,,0
2026-09-23,naples,lanciasino,a0e97b44-d3ef-4576-aa60-4d576fba2fcb,J&J's,0,3,0,0,,0
2026-09-24,naples,lanciasino,a0e97b44-d3ef-4576-aa60-4d576fba2fcb,J&J's,0,9,0,0,,0
2026-09-25,naples,lanciasino,a0e97b44-d3ef-4576-aa60-4d576fba2fcb,J&J's,0,6,0,0,,0
2026-09-23,naples,vesuvio-de-meis,a1ce05ef-0d5f-482a-92c7-1c86cc29f925,J&J's,0,3,0,0,,0
2026-09-24,naples,vesuvio-de-meis,a1ce05ef-0d5f-482a-92c7-1c86cc29f925,J&J's,0,9,0,0,,0
2026-09-25,naples,vesuvio-de-meis,a1ce05ef-0d5f-482a-92c7-1c86cc29f925,J&J's,0,6,0,0,,0
2026-09-23,naples,miano,a27d329e-8416-4ea9-aef0-3087a47e2c89,J&J's,0,3,0,0,,0
2026-09-24,naples,miano,a27d329e-8416-4ea9-aef0-3087a47e2c89,J&J's,0,9,0,0,,0
2026-09-25,naples,miano,a27d329e-8416-4ea9-aef0-3087a47e2c89,J&J's,0,6,0,0,,0
2026-09-23,naples,via-chiaia,a4af2757-b581-4459-8c3b-4efc1f47a98e,J&J's,0,3,3,3,,3
2026-09-24,naples,via-chiaia,a4af2757-b581-4459-8c3b-4efc1f47a98e,J&J's,0,9,3,3,,3
2026-09-25,naples,via-chiaia,a4af2757-b581-4459-8c3b-4efc1f47a98e,J&J's,0,6,3,1,,3
2026-09-23,naples,casalnuovo-di-napoli,a749795b-81ef-4906-831b-f7fad6cb894a,J&J's,0,3,0,0,,0
2026-09-24,naples,casalnuovo-di-napoli,a749795b-81ef-4906-831b-f7fad6cb894a,J&J's,0,9,0,0,,0
2026-09-25,naples,casalnuovo-di-napoli,a749795b-81ef-4906-831b-f7fad6cb894a,J&J's,0,6,0,0,,0
2026-09-23,naples,soccavo,a79bcc12-a6ab-4c74-b15b-056060635fd6,J&J's,0,3,0,0,,0
2026-09-24,naples,soccavo,a79bcc12-a6ab-4c74-b15b-056060635fd6,J&J's,0,9,0,0,,0
2026-09-25,naples,soccavo,a79bcc12-a6ab-4c74-b15b-056060635fd6,J&J's,0,6,0,0,,0
2026-09-23,naples,avella,a9aad69e-fe3b-4669-baf9-7f8270213ad7,J&J's,0,3,0,0,,0
2026-09-24,naples,avella,a9aad69e-fe3b-4669-baf9-7f8270213ad7,J&J's,0,9,0,0,,0
2026-09-25,naples,avella,a9aad69e-fe3b-4669-baf9-7f8270213ad7,J&J's,0,6,0,0,,0
2026-09-23,naples,san-lorenzo,aa9d7e63-0e8c-45dc-bbf7-b09765514772,J&J's,0,3,1,1,,1
2026-09-24,naples,san-lorenzo,aa9d7e63-0e8c-45dc-bbf7-b09765514772,J&J's,0,9,2,2,,2
2026-09-25,naples,san-lorenzo,aa9d7e63-0e8c-45dc-bbf7-b09765514772,J&J's,0,6,2,2,,2
2026-09-23,naples,pianura,aac5079f-c159-4d0d-aad7-30795d3e55b0,J&J's,0,3,0,0,,0
2026-09-24,naples,pianura,aac5079f-c159-4d0d-aad7-30795d3e55b0,J&J's,0,9,0,0,,0
2026-09-25,naples,pianura,aac5079f-c159-4d0d-aad7-30795d3e55b0,J&J's,0,6,0,0,,0
2026-09-23,naples,monte-di-procida,aafd9fce-c22e-484e-a6b8-5e804f2fad32,J&J's,0,3,0,0,,0
2026-09-24,naples,monte-di-procida,aafd9fce-c22e-484e-a6b8-5e804f2fad32,J&J's,0,9,0,0,,0
2026-09-25,naples,monte-di-procida,aafd9fce-c22e-484e-a6b8-5e804f2fad32,J&J's,0,6,0,0,,0
2026-09-23,naples,barra,aba751a8-51e7-47fa-bc4b-b9ce49aea159,J&J's,0,3,0,0,,0
2026-09-24,naples,barra,aba751a8-51e7-47fa-bc4b-b9ce49aea159,J&J's,0,9,0,0,,0
2026-09-25,naples,barra,aba751a8-51e7-47fa-bc4b-b9ce49aea159,J&J's,0,6,0,0,,0
2026-09-23,naples,napoli-port,abdaba6e-3560-4ef0-8f0b-3f039c59c50a,J&J's,0,3,1,1,,1
2026-09-24,naples,napoli-port,abdaba6e-3560-4ef0-8f0b-3f039c59c50a,J&J's,0,9,3,3,,3
2026-09-25,naples,napoli-port,abdaba6e-3560-4ef0-8f0b-3f039c59c50a,J&J's,0,6,3,3,,3
2026-09-23,naples,massaquano,ac32df7e-0471-4b6f-8ba2-cdd666ae077d,J&J's,0,3,0,0,,0
2026-09-24,naples,massaquano,ac32df7e-0471-4b6f-8ba2-cdd666ae077d,J&J's,0,9,0,0,,0
2026-09-25,naples,massaquano,ac32df7e-0471-4b6f-8ba2-cdd666ae077d,J&J's,0,6,0,0,,0
2026-09-23,naples,borgo-maddalena,ac7d551d-83d0-49dd-89e2-ed8840dea385,J&J's,0,3,0,0,,0
2026-09-24,naples,borgo-maddalena,ac7d551d-83d0-49dd-89e2-ed8840dea385,J&J's,0,9,0,0,,0
2026-09-25,naples,borgo-maddalena,ac7d551d-83d0-49dd-89e2-ed8840dea385,J&J's,0,6,0,0,,0
2026-09-23,naples,marano-di-napoli,ac96a8e8-01c8-439c-b199-3dea1279e09c,J&J's,0,3,0,0,,0
2026-09-24,naples,marano-di-napoli,ac96a8e8-01c8-439c-b199-3dea1279e09c,J&J's,0,9,0,0,,0
2026-09-25,naples,marano-di-napoli,ac96a8e8-01c8-439c-b199-3dea1279e09c,J&J's,0,6,0,0,,0
2026-09-23,naples,marianella,acf88ecc-d953-4f48-bf47-41b312e49088,J&J's,0,3,0,0,,0
2026-09-24,naples,marianella,acf88ecc-d953-4f48-bf47-41b312e49088,J&J's,0,9,0,0,,0
2026-09-25,naples,marianella,acf88ecc-d953-4f48-bf47-41b312e49088,J&J's,0,6,0,0,,0
2026-09-23,naples,vomero,adb8210a-39a5-45ae-a2a6-1eb2d7847f3e,J&J's,0,3,0,0,,0
2026-09-24,naples,vomero,adb8210a-39a5-45ae-a2a6-1eb2d7847f3e,J&J's,0,9,0,0,,0
2026-09-25,naples,vomero,adb8210a-39a5-45ae-a2a6-1eb2d7847f3e,J&J's,0,6,0,0,,0
2026-09-23,naples,bagnoli,add58e0b-d926-4026-aa79-f08f049575bc,J&J's,0,3,0,0,,0
2026-09-24,naples,bagnoli,add58e0b-d926-4026-aa79-f08f049575bc,J&J's,0,9,0,0,,0
2026-09-25,naples,bagnoli,add58e0b-d926-4026-aa79-f08f049575bc,J&J's,0,6,0,0,,0
2026-09-23,naples,naples-centrale-train-station,adf261e7-541b-4e00-98fc-9dc95cd51455,J&J's,0,3,7,7,,7
2026-09-24,naples,naples-centrale-train-station,adf261e7-541b-4e00-98fc-9dc95cd51455,J&J's,0,9,8,8,,8
2026-09-25,naples,naples-centrale-train-station,adf261e7-541b-4e00-98fc-9dc95cd51455,J&J's,0,6,8,6,,8
2026-09-23,naples,via-toledo,ae93d61f-7d6d-440f-be50-5cb849342767,J&J's,0,3,0,0,,0
2026-09-24,naples,via-toledo,ae93d61f-7d6d-440f-be50-5cb849342767,J&J's,0,9,0,0,,0
2026-09-25,naples,via-toledo,ae93d61f-7d6d-440f-be50-5cb849342767,J&J's,0,6,0,0,,0
2026-09-23,naples,vomero,aedb7058-830e-4a02-b989-8fe21e9b234c,J&J's,0,3,0,0,,0
2026-09-24,naples,vomero,aedb7058-830e-4a02-b989-8fe21e9b234c,J&J's,0,9,0,0,,0
2026-09-25,naples,vomero,aedb7058-830e-4a02-b989-8fe21e9b234c,J&J's,0,6,0,0,,0
2026-09-23,naples,maradona-stadium,aef4c2b6-e2fd-4c86-be99-8cd8aec16758,J&J's,0,3,0,0,,0
2026-09-24,naples,maradona-stadium,aef4c2b6-e2fd-4c86-be99-8cd8aec16758,J&J's,0,9,0,0,,0
2026-09-25,naples,maradona-stadium,aef4c2b6-e2fd-4c86-be99-8cd8aec16758,J&J's,0,6,0,0,,0
2026-09-23,naples,vicaria,af73b29e-33c5-48e6-9724-37ed3517f9d6,J&J's,0,3,0,0,,0
2026-09-24,naples,vicaria,af73b29e-33c5-48e6-9724-37ed3517f9d6,J&J's,0,9,0,0,,0
2026-09-25,naples,vicaria,af73b29e-33c5-48e6-9724-37ed3517f9d6,J&J's,0,6,0,0,,0
2026-09-23,naples,marano-di-napoli,b035b28a-c63a-4be1-9bfe-e9b1d8f2f6a6,J&J's,0,3,0,0,,0
2026-09-24,naples,marano-di-napoli,b035b28a-c63a-4be1-9bfe-e9b1d8f2f6a6,J&J's,0,9,0,0,,0
2026-09-25,naples,marano-di-napoli,b035b28a-c63a-4be1-9bfe-e9b1d8f2f6a6,J&J's,0,6,0,0,,0
2026-09-23,naples,miano,b0b4ad03-1285-4616-8cdf-380417fa24f6,J&J's,0,3,0,0,,0
2026-09-24,naples,miano,b0b4ad03-1285-4616-8cdf-380417fa24f6,J&J's,0,9,0,0,,0
2026-09-25,naples,miano,b0b4ad03-1285-4616-8cdf-380417fa24f6,J&J's,0,6,0,0,,0
2026-09-23,naples,porta-capuana,b1e97cd7-bc5b-457a-9449-e0198fd47b91,J&J's,0,3,0,0,,0
2026-09-24,naples,porta-capuana,b1e97cd7-bc5b-457a-9449-e0198fd47b91,J&J's,0,9,0,0,,0
2026-09-25,naples,porta-capuana,b1e97cd7-bc5b-457a-9449-e0198fd47b91,J&J's,0,6,0,0,,0
2026-09-23,naples,quarto,b2e98492-72dd-4c62-95dc-e6e4be37ad5c,J&J's,0,3,0,0,,0
2026-09-24,naples,quarto,b2e98492-72dd-4c62-95dc-e6e4be37ad5c,J&J's,0,9,0,0,,0
2026-09-25,naples,quarto,b2e98492-72dd-4c62-95dc-e6e4be37ad5c,J&J's,0,6,0,0,,0
2026-09-23,naples,glicine-teorema,b39ec75f-2d63-4e20-9245-cddebeb353df,J&J's,0,3,0,0,,0
2026-09-24,naples,glicine-teorema,b39ec75f-2d63-4e20-9245-cddebeb353df,J&J's,0,9,0,0,,0
2026-09-25,naples,glicine-teorema,b39ec75f-2d63-4e20-9245-cddebeb353df,J&J's,0,6,0,0,,0
2026-09-23,naples,paratina,b4163586-e731-4abe-b0b3-7c04297776e0,J&J's,0,3,0,0,,0
2026-09-24,naples,paratina,b4163586-e731-4abe-b0b3-7c04297776e0,J&J's,0,9,0,0,,0
2026-09-25,naples,paratina,b4163586-e731-4abe-b0b3-7c04297776e0,J&J's,0,6,0,0,,0
2026-09-23,naples,naples-city-center,b4a1e80d-c5f5-4e37-897e-82267496a3ae,J&J's,0,3,4,4,,4
2026-09-24,naples,naples-city-center,b4a1e80d-c5f5-4e37-897e-82267496a3ae,J&J's,0,9,5,5,,5
2026-09-25,naples,naples-city-center,b4a1e80d-c5f5-4e37-897e-82267496a3ae,J&J's,0,6,5,4,,5
2026-09-23,naples,centro-direzionale-di-napoli,b4b6e2ba-1b16-47aa-b9b7-dea5fdbeabc5,J&J's,0,3,0,0,,0
2026-09-24,naples,centro-direzionale-di-napoli,b4b6e2ba-1b16-47aa-b9b7-dea5fdbeabc5,J&J's,0,9,0,0,,0
2026-09-25,naples,centro-direzionale-di-napoli,b4b6e2ba-1b16-47aa-b9b7-dea5fdbeabc5,J&J's,0,6,0,0,,0
2026-09-23,naples,centro-storico,b4c89898-b790-4545-aedf-81a559d11b22,J&J's,0,3,4,4,,4
2026-09-24,naples,centro-storico,b4c89898-b790-4545-aedf-81a559d11b22,J&J's,0,9,4,3,,4
2026-09-25,naples,centro-storico,b4c89898-b790-4545-aedf-81a559d11b22,J&J's,0,6,3,2,,3
2026-09-23,naples,dante,b4ece101-fedc-402e-99fa-c8e28fa7987c,J&J's,0,3,0,0,,0
2026-09-24,naples,dante,b4ece101-fedc-402e-99fa-c8e28fa7987c,J&J's,0,9,0,0,,0
2026-09-25,naples,dante,b4ece101-fedc-402e-99fa-c8e28fa7987c,J&J's,0,6,0,0,,0
2026-09-23,naples,pianura,b55bb5e2-0f9f-48d7-bd12-cb8412c6731a,J&J's,0,3,0,0,,0
2026-09-24,naples,pianura,b55bb5e2-0f9f-48d7-bd12-cb8412c6731a,J&J's,0,9,0,0,,0
2026-09-25,naples,pianura,b55bb5e2-0f9f-48d7-bd12-cb8412c6731a,J&J's,0,6,0,0,,0
2026-09-23,naples,vomero,b74ec2d9-a370-421f-a8d7-d6336f9aea48,J&J's,0,3,0,0,,0
2026-09-24,naples,vomero,b74ec2d9-a370-421f-a8d7-d6336f9aea48,J&J's,0,9,0,0,,0
2026-09-25,naples,vomero,b74ec2d9-a370-421f-a8d7-d6336f9aea48,J&J's,0,6,0,0,,0
2026-09-23,naples,san-pietro-a-patierno,b7591bde-d7b8-4ab1-964c-9f651db4d0a0,J&J's,0,3,0,0,,0
2026-09-24,naples,san-pietro-a-patierno,b7591bde-d7b8-4ab1-964c-9f651db4d0a0,J&J's,0,9,0,0,,0
2026-09-25,naples,san-pietro-a-patierno,b7591bde-d7b8-4ab1-964c-9f651db4d0a0,J&J's,0,6,0,0,,0
2026-09-23,naples,sant'antimo,b75c7705-eb97-4f66-898d-ccf7cbcc7764,J&J's,0,3,0,0,,0
2026-09-24,naples,sant'antimo,b75c7705-eb97-4f66-898d-ccf7cbcc7764,J&J's,0,9,0,0,,0
2026-09-25,naples,sant'antimo,b75c7705-eb97-4f66-898d-ccf7cbcc7764,J&J's,0,6,0,0,,0
2026-09-23,naples,chiaia,b8031a08-f771-41c5-b487-82e2bad43389,J&J's,0,3,0,0,,0
2026-09-24,naples,chiaia,b8031a08-f771-41c5-b487-82e2bad43389,J&J's,0,9,0,0,,0
2026-09-25,naples,chiaia,b8031a08-f771-41c5-b487-82e2bad43389,J&J's,0,6,0,0,,0
2026-09-23,naples,rione-berlingieri,b95d6291-6326-4098-8dc4-8fad275f89e6,J&J's,0,3,0,0,,0
2026-09-24,naples,rione-berlingieri,b95d6291-6326-4098-8dc4-8fad275f89e6,J&J's,0,9,0,0,,0
2026-09-25,naples,rione-berlingieri,b95d6291-6326-4098-8dc4-8fad275f89e6,J&J's,0,6,0,0,,0
2026-09-23,naples,glicine-teorema,b988e95f-2b75-4db5-a8df-93fddc7c911f,J&J's,0,3,0,0,,0
2026-09-24,naples,glicine-teorema,b988e95f-2b75-4db5-a8df-93fddc7c911f,J&J's,0,9,0,0,,0
2026-09-25,naples,glicine-teorema,b988e95f-2b75-4db5-a8df-93fddc7c911f,J&J's,0,6,0,0,,0
2026-09-23,naples,naples-centrale-train-station,bb94574e-ad09-45d4-9020-8cba2a304481,J&J's,0,3,0,0,,0
2026-09-24,naples,naples-centrale-train-station,bb94574e-ad09-45d4-9020-8cba2a304481,J&J's,0,9,0,0,,0
2026-09-25,naples,naples-centrale-train-station,bb94574e-ad09-45d4-9020-8cba2a304481,J&J's,0,6,0,0,,0
2026-09-23,naples,rione-cavalleggeri-aosta,bbf02610-65b7-4cc4-b6fd-c1177d23436b,J&J's,0,3,0,0,,0
2026-09-24,naples,rione-cavalleggeri-aosta,bbf02610-65b7-4cc4-b6fd-c1177d23436b,J&J's,0,9,0,0,,0
2026-09-25,naples,rione-cavalleggeri-aosta,bbf02610-65b7-4cc4-b6fd-c1177d23436b,J&J's,0,6,0,0,,0
2026-09-23,naples,rione-sanita,bc47f6a5-17a0-4552-af4c-4652804f5fee,J&J's,0,3,0,0,,0
2026-09-24,naples,rione-sanita,bc47f6a5-17a0-4552-af4c-4652804f5fee,J&J's,0,9,0,0,,0
2026-09-25,naples,rione-sanita,bc47f6a5-17a0-4552-af4c-4652804f5fee,J&J's,0,6,0,0,,0
2026-09-23,naples,maradona-stadium,bd7b52cb-9aac-49dc-b2a2-877324202b57,J&J's,50,3,0,0,0.0,0
2026-09-24,naples,maradona-stadium,bd7b52cb-9aac-49dc-b2a2-877324202b57,J&J's,50,9,0,0,0.0,0
2026-09-25,naples,maradona-stadium,bd7b52cb-9aac-49dc-b2a2-877324202b57,J&J's,50,6,0,0,0.0,0
2026-09-23,naples,frullone,bda03509-30ce-45f1-a8f5-d96ab4c43d81,J&J's,0,3,0,0,,0
2026-09-24,naples,frullone,bda03509-30ce-45f1-a8f5-d96ab4c43d81,J&J's,0,9,0,0,,0
2026-09-25,naples,frullone,bda03509-30ce-45f1-a8f5-d96ab4c43d81,J&J's,0,6,0,0,,0
2026-09-23,naples,stella,bdc8b262-86f4-4ec6-ab90-004eb2a9e16f,J&J's,0,3,0,0,,0
2026-09-24,naples,stella,bdc8b262-86f4-4ec6-ab90-004eb2a9e16f,J&J's,0,9,0,0,,0
2026-09-25,naples,stella,bdc8b262-86f4-4ec6-ab90-004eb2a9e16f,J&J's,0,6,0,0,,0
2026-09-23,naples,vomero,bfc85ea6-9b50-4150-8bca-eb6f84e655b3,J&J's,0,3,0,0,,0
2026-09-24,naples,vomero,bfc85ea6-9b50-4150-8bca-eb6f84e655b3,J&J's,0,9,0,0,,0
2026-09-25,naples,vomero,bfc85ea6-9b50-4150-8bca-eb6f84e655b3,J&J's,0,6,0,0,,0
2026-09-23,naples,quarto,bfcb4f0d-f144-4720-b29a-b38028144a6e,J&J's,0,3,0,0,,0
2026-09-24,naples,quarto,bfcb4f0d-f144-4720-b29a-b38028144a6e,J&J's,0,9,0,0,,0
2026-09-25,naples,quarto,bfcb4f0d-f144-4720-b29a-b38028144a6e,J&J's,0,6,0,0,,0
2026-09-23,naples,seiano,bfe77315-0855-4c84-98d9-d04c9f82e91a,J&J's,0,3,0,0,,0
2026-09-24,naples,seiano,bfe77315-0855-4c84-98d9-d04c9f82e91a,J&J's,0,9,0,0,,0
2026-09-25,naples,seiano,bfe77315-0855-4c84-98d9-d04c9f82e91a,J&J's,0,6,0,0,,0
2026-09-23,naples,dante,c144b3fe-de2f-448d-a103-7cb8b837d84e,J&J's,0,3,0,0,,0
2026-09-24,naples,dante,c144b3fe-de2f-448d-a103-7cb8b837d84e,J&J's,0,9,0,0,,0
2026-09-25,naples,dante,c144b3fe-de2f-448d-a103-7cb8b837d84e,J&J's,0,6,0,0,,0
2026-09-23,naples,naples-centrale-train-station,c1e33999-9489-4e22-90d2-7d57a10036db,J&J's,0,3,9,8,,9
2026-09-24,naples,naples-centrale-train-station,c1e33999-9489-4e22-90d2-7d57a10036db,J&J's,0,9,11,11,,11
2026-09-25,naples,naples-centrale-train-station,c1e33999-9489-4e22-90d2-7d57a10036db,J&J's,0,6,12,12,,12
2026-09-23,naples,licignano-di-napoli,c27f0c60-4159-4c07-959f-83b2cd5df457,J&J's,0,3,0,0,,0
2026-09-24,naples,licignano-di-napoli,c27f0c60-4159-4c07-959f-83b2cd5df457,J&J's,0,9,0,0,,0
2026-09-25,naples,licignano-di-napoli,c27f0c60-4159-4c07-959f-83b2cd5df457,J&J's,0,6,0,0,,0
2026-09-23,naples,varcaturo,c2ec7255-96d6-4634-abd7-7858462c389e,J&J's,0,3,0,0,,0
2026-09-24,naples,varcaturo,c2ec7255-96d6-4634-abd7-7858462c389e,J&J's,0,9,0,0,,0
2026-09-25,naples,varcaturo,c2ec7255-96d6-4634-abd7-7858462c389e,J&J's,0,6,0,0,,0
2026-09-23,naples,maradona-stadium,c4961069-2871-4584-a236-9a7e2500f2f1,J&J's,0,3,0,0,,0
2026-09-24,naples,maradona-stadium,c4961069-2871-4584-a236-9a7e2500f2f1,J&J's,0,9,0,0,,0
2026-09-25,naples,maradona-stadium,c4961069-2871-4584-a236-9a7e2500f2f1,J&J's,0,6,0,0,,0
2026-09-23,naples,san-carlo-all'arena,c4dd2c15-dcee-4fb0-9946-93d90287fbe2,J&J's,0,3,0,0,,0
2026-09-24,naples,san-carlo-all'arena,c4dd2c15-dcee-4fb0-9946-93d90287fbe2,J&J's,0,9,0,0,,0
2026-09-25,naples,san-carlo-all'arena,c4dd2c15-dcee-4fb0-9946-93d90287fbe2,J&J's,0,6,0,0,,0
2026-09-23,naples,sant'antimo,c4eab10b-72ff-4186-82c5-29e2c3e68105,J&J's,0,3,0,0,,0
2026-09-24,naples,sant'antimo,c4eab10b-72ff-4186-82c5-29e2c3e68105,J&J's,0,9,0,0,,0
2026-09-25,naples,sant'antimo,c4eab10b-72ff-4186-82c5-29e2c3e68105,J&J's,0,6,0,0,,0
2026-09-23,naples,mergellina-port,c5a21eeb-d879-449f-965b-3e9a37506055,J&J's,5,3,1,1,20.0,1
2026-09-24,naples,mergellina-port,c5a21eeb-d879-449f-965b-3e9a37506055,J&J's,5,9,1,1,20.0,1
2026-09-25,naples,mergellina-port,c5a21eeb-d879-449f-965b-3e9a37506055,J&J's,5,6,1,1,20.0,1
2026-09-23,naples,san-giovanni-a-teduccio,c5d0c8d7-268d-4ef9-8413-4ab74f140f21,J&J's,0,3,0,0,,0
2026-09-24,naples,san-giovanni-a-teduccio,c5d0c8d7-268d-4ef9-8413-4ab74f140f21,J&J's,0,9,0,0,,0
2026-09-25,naples,san-giovanni-a-teduccio,c5d0c8d7-268d-4ef9-8413-4ab74f140f21,J&J's,0,6,0,0,,0
2026-09-23,naples,centro-storico,c607257a-6ae5-48d3-8457-a31ef48a18dc,J&J's,0,3,18,18,,18
2026-09-24,naples,centro-storico,c607257a-6ae5-48d3-8457-a31ef48a18dc,J&J's,0,9,20,20,,20
2026-09-25,naples,centro-storico,c607257a-6ae5-48d3-8457-a31ef48a18dc,J&J's,0,6,20,20,,20
2026-09-23,naples,sant'antonio,c685fb81-5b63-49da-90d2-39645b8abd14,J&J's,0,3,0,0,,0
2026-09-24,naples,sant'antonio,c685fb81-5b63-49da-90d2-39645b8abd14,J&J's,0,9,0,0,,0
2026-09-25,naples,sant'antonio,c685fb81-5b63-49da-90d2-39645b8abd14,J&J's,0,6,0,0,,0
2026-09-23,naples,pietrarsa,c6c63842-c31b-4861-8e6f-82450e3e8ca7,J&J's,0,3,0,0,,0
2026-09-24,naples,pietrarsa,c6c63842-c31b-4861-8e6f-82450e3e8ca7,J&J's,0,9,0,0,,0
2026-09-25,naples,pietrarsa,c6c63842-c31b-4861-8e6f-82450e3e8ca7,J&J's,0,6,0,0,,0
2026-09-23,naples,mezz'arco,c72827aa-7da6-48d6-8109-4e3d650fbee4,J&J's,30,3,0,0,0.0,0
2026-09-24,naples,mezz'arco,c72827aa-7da6-48d6-8109-4e3d650fbee4,J&J's,30,9,0,0,0.0,0
2026-09-25,naples,mezz'arco,c72827aa-7da6-48d6-8109-4e3d650fbee4,J&J's,30,6,0,0,0.0,0
2026-09-23,naples,rione-berlingieri,c773b46e-a13b-476e-b588-db75e1efe5fa,J&J's,0,3,0,0,,0
2026-09-24,naples,rione-berlingieri,c773b46e-a13b-476e-b588-db75e1efe5fa,J&J's,0,9,0,0,,0
2026-09-25,naples,rione-berlingieri,c773b46e-a13b-476e-b588-db75e1efe5fa,J&J's,0,6,0,0,,0
2026-09-23,naples,colli-aminei,c8559dc3-927e-4888-9847-3f4cd5171c9c,J&J's,0,3,0,0,,0
2026-09-24,naples,colli-aminei,c8559dc3-927e-4888-9847-3f4cd5171c9c,J&J's,0,9,0,0,,0
2026-09-25,naples,colli-aminei,c8559dc3-927e-4888-9847-3f4cd5171c9c,J&J's,0,6,0,0,,0
2026-09-23,naples,casavatore,c8583113-bd43-4934-9700-f01544e73b84,J&J's,0,3,0,0,,0
2026-09-24,naples,casavatore,c8583113-bd43-4934-9700-f01544e73b84,J&J's,0,9,0,0,,0
2026-09-25,naples,casavatore,c8583113-bd43-4934-9700-f01544e73b84,J&J's,0,6,0,0,,0
2026-09-23,naples,bagnoli-agnano-terme,c902673e-5757-468a-bacb-0a32d65b30fb,J&J's,0,3,0,0,,0
2026-09-24,naples,bagnoli-agnano-terme,c902673e-5757-468a-bacb-0a32d65b30fb,J&J's,0,9,0,0,,0
2026-09-25,naples,bagnoli-agnano-terme,c902673e-5757-468a-bacb-0a32d65b30fb,J&J's,0,6,0,0,,0
2026-09-23,naples,porta-capuana,c97057c4-e4b0-4d7e-ac35-ff79432cae61,J&J's,0,3,1,1,,1
2026-09-24,naples,porta-capuana,c97057c4-e4b0-4d7e-ac35-ff79432cae61,J&J's,0,9,1,1,,1
2026-09-25,naples,porta-capuana,c97057c4-e4b0-4d7e-ac35-ff79432cae61,J&J's,0,6,1,1,,1
2026-09-23,naples,sant'antonio,ca3613c6-39d2-4ee1-9e06-643dd4be9c72,J&J's,0,3,0,0,,0
2026-09-24,naples,sant'antonio,ca3613c6-39d2-4ee1-9e06-643dd4be9c72,J&J's,0,9,0,0,,0
2026-09-25,naples,sant'antonio,ca3613c6-39d2-4ee1-9e06-643dd4be9c72,J&J's,0,6,0,0,,0
2026-09-23,naples,rione-sanita,cb837710-f200-4925-b41d-42bd95b1a45c,J&J's,0,3,0,0,,0
2026-09-24,naples,rione-sanita,cb837710-f200-4925-b41d-42bd95b1a45c,J&J's,0,9,0,0,,0
2026-09-25,naples,rione-sanita,cb837710-f200-4925-b41d-42bd95b1a45c,J&J's,0,6,0,0,,0
2026-09-23,naples,fuorigrotta,cdbea089-a57a-4ff4-9b7f-dad40481c7ee,J&J's,15,3,0,0,0.0,0
2026-09-24,naples,fuorigrotta,cdbea089-a57a-4ff4-9b7f-dad40481c7ee,J&J's,15,9,0,0,0.0,0
2026-09-25,naples,fuorigrotta,cdbea089-a57a-4ff4-9b7f-dad40481c7ee,J&J's,15,6,0,0,0.0,0
2026-09-23,naples,nola,cee6a1e0-1f4d-43cd-9d93-d1147a4f79f6,J&J's,50,3,0,0,0.0,0
2026-09-24,naples,nola,cee6a1e0-1f4d-43cd-9d93-d1147a4f79f6,J&J's,50,9,0,0,0.0,0
2026-09-25,naples,nola,cee6a1e0-1f4d-43cd-9d93-d1147a4f79f6,J&J's,50,6,0,0,0.0,0
2026-09-23,naples,marano-di-napoli,cf1f6d23-e6f1-478c-9aa7-36469bb80004,J&J's,0,3,0,0,,0
2026-09-24,naples,marano-di-napoli,cf1f6d23-e6f1-478c-9aa7-36469bb80004,J&J's,0,9,0,0,,0
2026-09-25,naples,marano-di-napoli,cf1f6d23-e6f1-478c-9aa7-36469bb80004,J&J's,0,6,0,0,,0
2026-09-23,naples,rione-alto,d033d583-e55b-483f-8afa-f1064495dbd6,J&J's,0,3,0,0,,0
2026-09-24,naples,rione-alto,d033d583-e55b-483f-8afa-f1064495dbd6,J&J's,0,9,0,0,,0
2026-09-25,naples,rione-alto,d033d583-e55b-483f-8afa-f1064495dbd6,J&J's,0,6,0,0,,0
2026-09-23,naples,mergellina-port,d0ef6fb9-a85c-49cf-9435-8f92607aea3c,J&J's,100,3,1,0,1.0,1
2026-09-24,naples,mergellina-port,d0ef6fb9-a85c-49cf-9435-8f92607aea3c,J&J's,100,9,1,1,1.0,1
2026-09-25,naples,mergellina-port,d0ef6fb9-a85c-49cf-9435-8f92607aea3c,J&J's,100,6,1,1,1.0,1
2026-09-23,naples,naples-centrale-train-station,d1ae375c-708e-4f12-8902-d39e0fcd2456,J&J's,0,3,0,0,,0
2026-09-24,naples,naples-centrale-train-station,d1ae375c-708e-4f12-8902-d39e0fcd2456,J&J's,0,9,0,0,,0
2026-09-25,naples,naples-centrale-train-station,d1ae375c-708e-4f12-8902-d39e0fcd2456,J&J's,0,6,0,0,,0
2026-09-23,naples,rione-ortodonico,d2b35007-28ba-4963-9e8b-ac94dddf7c1f,J&J's,100,3,0,0,0.0,0
2026-09-24,naples,rione-ortodonico,d2b35007-28ba-4963-9e8b-ac94dddf7c1f,J&J's,100,9,0,0,0.0,0
2026-09-25,naples,rione-ortodonico,d2b35007-28ba-4963-9e8b-ac94dddf7c1f,J&J's,100,6,0,0,0.0,0
2026-09-23,naples,dante,d379391d-27d2-46a7-bfa4-fd9a329f00b1,J&J's,100,3,9,9,9.0,9
2026-09-24,naples,dante,d379391d-27d2-46a7-bfa4-fd9a329f00b1,J&J's,100,9,10,10,10.0,11
2026-09-25,naples,dante,d379391d-27d2-46a7-bfa4-fd9a329f00b1,J&J's,100,6,11,11,11.0,11
2026-09-23,naples,rione-sanita,d37bfd28-cf80-49f4-971d-26a8a3639b58,J&J's,0,3,0,0,,0
2026-09-24,naples,rione-sanita,d37bfd28-cf80-49f4-971d-26a8a3639b58,J&J's,0,9,0,0,,0
2026-09-25,naples,rione-sanita,d37bfd28-cf80-49f4-971d-26a8a3639b58,J&J's,0,6,0,0,,0
2026-09-23,naples,quarto,d38f8276-7358-4008-804b-eaca3ea237e1,J&J's,0,3,0,0,,0
2026-09-24,naples,quarto,d38f8276-7358-4008-804b-eaca3ea237e1,J&J's,0,9,0,0,,0
2026-09-25,naples,quarto,d38f8276-7358-4008-804b-eaca3ea237e1,J&J's,0,6,0,0,,0
2026-09-23,naples,vomero,d3d15aea-1568-4644-ad90-c89fcd803b99,J&J's,8,3,0,0,0.0,0
2026-09-24,naples,vomero,d3d15aea-1568-4644-ad90-c89fcd803b99,J&J's,8,9,1,1,12.5,1
2026-09-25,naples,vomero,d3d15aea-1568-4644-ad90-c89fcd803b99,J&J's,8,6,1,1,12.5,1
2026-09-23,naples,centro-storico,d3fcf001-66d4-400a-a573-c1679bbb0ad7,J&J's,0,3,0,0,,0
2026-09-24,naples,centro-storico,d3fcf001-66d4-400a-a573-c1679bbb0ad7,J&J's,0,9,0,0,,0
2026-09-25,naples,centro-storico,d3fcf001-66d4-400a-a573-c1679bbb0ad7,J&J's,0,6,0,0,,0
2026-09-23,naples,vomero,d431df3e-0f92-4d20-9399-df33072bf58b,J&J's,0,3,0,0,,0
2026-09-24,naples,vomero,d431df3e-0f92-4d20-9399-df33072bf58b,J&J's,0,9,0,0,,0
2026-09-25,naples,vomero,d431df3e-0f92-4d20-9399-df33072bf58b,J&J's,0,6,0,0,,0
2026-09-23,naples,quattro-giornate-station,d4a6c262-e4a4-4747-ae9e-25bc823bb2cd,J&J's,0,3,0,0,,0
2026-09-24,naples,quattro-giornate-station,d4a6c262-e4a4-4747-ae9e-25bc823bb2cd,J&J's,0,9,0,0,,0
2026-09-25,naples,quattro-giornate-station,d4a6c262-e4a4-4747-ae9e-25bc823bb2cd,J&J's,0,6,0,0,,0
2026-09-23,naples,napoli-porta-nolana,d4b763bd-78ea-477f-b0de-7663464dff8b,J&J's,100,3,0,0,0.0,0
2026-09-24,naples,napoli-porta-nolana,d4b763bd-78ea-477f-b0de-7663464dff8b,J&J's,100,9,0,0,0.0,0
2026-09-25,naples,napoli-porta-nolana,d4b763bd-78ea-477f-b0de-7663464dff8b,J&J's,100,6,0,0,0.0,0
2026-09-23,naples,dietro-via-vecchia,d4fbd1ff-ca58-491e-bab0-e8d5fd114918,J&J's,0,3,0,0,,0
2026-09-24,naples,dietro-via-vecchia,d4fbd1ff-ca58-491e-bab0-e8d5fd114918,J&J's,0,9,0,0,,0
2026-09-25,naples,dietro-via-vecchia,d4fbd1ff-ca58-491e-bab0-e8d5fd114918,J&J's,0,6,0,0,,0
2026-09-23,naples,universita,d525542e-14a6-49a4-ab2f-c82616e7b6fd,J&J's,0,3,3,3,,3
2026-09-24,naples,universita,d525542e-14a6-49a4-ab2f-c82616e7b6fd,J&J's,0,9,3,2,,3
2026-09-25,naples,universita,d525542e-14a6-49a4-ab2f-c82616e7b6fd,J&J's,0,6,2,2,,2
2026-09-23,naples,scanzano,d54efbe0-1551-47dc-8b7b-b4984315664b,J&J's,0,3,3,3,,3
2026-09-24,naples,scanzano,d54efbe0-1551-47dc-8b7b-b4984315664b,J&J's,0,9,3,3,,3
2026-09-25,naples,scanzano,d54efbe0-1551-47dc-8b7b-b4984315664b,J&J's,0,6,3,1,,3
2026-09-23,naples,soccavo,d578fd01-cb23-4b39-b759-2133d4e7bfd9,J&J's,0,3,0,0,,0
2026-09-24,naples,soccavo,d578fd01-cb23-4b39-b759-2133d4e7bfd9,J&J's,0,9,0,0,,0
2026-09-25,naples,soccavo,d578fd01-cb23-4b39-b759-2133d4e7bfd9,J&J's,0,6,0,0,,0
2026-09-23,naples,municipalità-9,d7340c8c-1bcf-4219-b0c6-d874cb38d73f,J&J's,0,3,0,0,,0
2026-09-24,naples,municipalità-9,d7340c8c-1bcf-4219-b0c6-d874cb38d73f,J&J's,0,9,0,0,,0
2026-09-25,naples,municipalità-9,d7340c8c-1bcf-4219-b0c6-d874cb38d73f,J&J's,0,6,0,0,,0
2026-09-23,naples,vicaria,d80e3573-a8f6-4b37-8e68-91de1c3c2156,J&J's,0,3,0,0,,0
2026-09-24,naples,vicaria,d80e3573-a8f6-4b37-8e68-91de1c3c2156,J&J's,0,9,0,0,,0
2026-09-25,naples,vicaria,d80e3573-a8f6-4b37-8e68-91de1c3c2156,J&J's,0,6,0,0,,0
2026-09-23,naples,naples-city-center,d82632d4-82bd-4858-8121-add3b67053b5,J&J's,0,3,0,0,,0
2026-09-24,naples,naples-city-center,d82632d4-82bd-4858-8121-add3b67053b5,J&J's,0,9,0,0,,0
2026-09-25,naples,naples-city-center,d82632d4-82bd-4858-8121-add3b67053b5,J&J's,0,6,0,0,,0
2026-09-23,naples,rione-sanità,d885fce5-349f-44ea-beae-e3ee3f01fee2,J&J's,0,3,0,0,,0
2026-09-24,naples,rione-sanità,d885fce5-349f-44ea-beae-e3ee3f01fee2,J&J's,0,9,0,0,,0
2026-09-25,naples,rione-sanità,d885fce5-349f-44ea-beae-e3ee3f01fee2,J&J's,0,6,0,0,,0
2026-09-23,naples,volla,d9a6c85c-dbe7-4276-8c29-98ae0e2dec51,J&J's,0,3,0,0,,0
2026-09-24,naples,volla,d9a6c85c-dbe7-4276-8c29-98ae0e2dec51,J&J's,0,9,0,0,,0
2026-09-25,naples,volla,d9a6c85c-dbe7-4276-8c29-98ae0e2dec51,J&J's,0,6,0,0,,0
2026-09-23,naples,via-toledo,d9b83d4d-5c9e-4870-b363-99c334e327d7,J&J's,0,3,0,0,,0
2026-09-24,naples,via-toledo,d9b83d4d-5c9e-4870-b363-99c334e327d7,J&J's,0,9,0,0,,0
2026-09-25,naples,via-toledo,d9b83d4d-5c9e-4870-b363-99c334e327d7,J&J's,0,6,0,0,,0
2026-09-23,naples,fuorigrotta,da8bf6ba-d850-4434-a17d-ece5166cb4b8,J&J's,0,3,0,0,,0
2026-09-24,naples,fuorigrotta,da8bf6ba-d850-4434-a17d-ece5166cb4b8,J&J's,0,9,0,0,,0
2026-09-25,naples,fuorigrotta,da8bf6ba-d850-4434-a17d-ece5166cb4b8,J&J's,0,6,0,0,,0
2026-09-23,naples,lucrino,dacd7221-b4d8-4297-8458-db8356bbb42e,J&J's,0,3,0,0,,0
2026-09-24,naples,lucrino,dacd7221-b4d8-4297-8458-db8356bbb42e,J&J's,0,9,0,0,,0
2026-09-25,naples,lucrino,dacd7221-b4d8-4297-8458-db8356bbb42e,J&J's,0,6,0,0,,0
2026-09-23,naples,,dc12e4e5-7f70-46a0-b679-eae86cb72693,J&J's,0,3,0,0,,0
2026-09-24,naples,,dc12e4e5-7f70-46a0-b679-eae86cb72693,J&J's,0,9,0,0,,0
2026-09-25,naples,,dc12e4e5-7f70-46a0-b679-eae86cb72693,J&J's,0,6,0,0,,0
2026-09-23,naples,vomero,dd550738-cee2-4050-97fe-2ad0ffdaa59c,J&J's,0,3,0,0,,0
2026-09-24,naples,vomero,dd550738-cee2-4050-97fe-2ad0ffdaa59c,J&J's,0,9,0,0,,0
2026-09-25,naples,vomero,dd550738-cee2-4050-97fe-2ad0ffdaa59c,J&J's,0,6,0,0,,0
2026-09-23,naples,villanova-di-posillipo,de75d61d-d2f3-49ed-b81f-109c95121ed0,J&J's,0,3,0,0,,0
2026-09-24,naples,villanova-di-posillipo,de75d61d-d2f3-49ed-b81f-109c95121ed0,J&J's,0,9,0,0,,0
2026-09-25,naples,villanova-di-posillipo,de75d61d-d2f3-49ed-b81f-109c95121ed0,J&J's,0,6,0,0,,0
2026-09-23,naples,naples-centrale-train-station,def6a6f6-3e96-4f86-9d1c-973e14953a45,J&J's,0,3,0,0,,0
2026-09-24,naples,naples-centrale-train-station,def6a6f6-3e96-4f86-9d1c-973e14953a45,J&J's,0,9,0,0,,0
2026-09-25,naples,naples-centrale-train-station,def6a6f6-3e96-4f86-9d1c-973e14953a45,J&J's,0,6,0,0,,0
2026-09-23,naples,casalnuovo-di-napoli,dfceb202-68a1-4a16-bd6c-7384f8b2cf35,J&J's,0,3,0,0,,0
2026-09-24,naples,casalnuovo-di-napoli,dfceb202-68a1-4a16-bd6c-7384f8b2cf35,J&J's,0,9,0,0,,0
2026-09-25,naples,casalnuovo-di-napoli,dfceb202-68a1-4a16-bd6c-7384f8b2cf35,J&J's,0,6,0,0,,0
2026-09-23,naples,fuorigrotta,e103e645-5583-445c-9dc8-31d2cfac5658,J&J's,0,3,0,0,,0
2026-09-24,naples,fuorigrotta,e103e645-5583-445c-9dc8-31d2cfac5658,J&J's,0,9,0,0,,0
2026-09-25,naples,fuorigrotta,e103e645-5583-445c-9dc8-31d2cfac5658,J&J's,0,6,0,0,,0
2026-09-23,naples,centro-direzionale-di-napoli,e1137ad6-4211-45dd-8d7f-ddde1de001e7,J&J's,0,3,0,0,,0
2026-09-24,naples,centro-direzionale-di-napoli,e1137ad6-4211-45dd-8d7f-ddde1de001e7,J&J's,0,9,0,0,,0
2026-09-25,naples,centro-direzionale-di-napoli,e1137ad6-4211-45dd-8d7f-ddde1de001e7,J&J's,0,6,0,0,,0
2026-09-23,naples,napoli-porta-nolana,e16b282a-24aa-40fa-b9eb-ca6ba8300d02,J&J's,0,3,5,5,,5
2026-09-24,naples,napoli-porta-nolana,e16b282a-24aa-40fa-b9eb-ca6ba8300d02,J&J's,0,9,5,4,,5
2026-09-25,naples,napoli-porta-nolana,e16b282a-24aa-40fa-b9eb-ca6ba8300d02,J&J's,0,6,4,4,,4
2026-09-23,naples,naples-centrale-train-station,e189fc4d-d8af-4d28-942c-932c7b0d5484,J&J's,30,3,3,3,10.0,3
2026-09-24,naples,naples-centrale-train-station,e189fc4d-d8af-4d28-942c-932c7b0d5484,J&J's,30,9,3,2,10.0,3
2026-09-25,naples,naples-centrale-train-station,e189fc4d-d8af-4d28-942c-932c7b0d5484,J&J's,30,6,2,2,6.7,2
2026-09-23,naples,sant'antimo,e209c6c9-c29c-4304-a00f-02b0a5e610c1,J&J's,0,3,0,0,,0
2026-09-24,naples,sant'antimo,e209c6c9-c29c-4304-a00f-02b0a5e610c1,J&J's,0,9,0,0,,0
2026-09-25,naples,sant'antimo,e209c6c9-c29c-4304-a00f-02b0a5e610c1,J&J's,0,6,0,0,,0
2026-09-23,naples,naples-centrale-train-station,e2e0eb44-1ca9-4c03-89b0-aade42e75534,J&J's,0,3,8,8,,8
2026-09-24,naples,naples-centrale-train-station,e2e0eb44-1ca9-4c03-89b0-aade42e75534,J&J's,0,9,9,9,,9
2026-09-25,naples,naples-centrale-train-station,e2e0eb44-1ca9-4c03-89b0-aade42e75534,J&J's,0,6,9,5,,9
2026-09-23,naples,naples-centrale-train-station,e3665b49-8f74-4a42-b299-721ece6fac5c,J&J's,0,3,15,13,,15
2026-09-24,naples,naples-centrale-train-station,e3665b49-8f74-4a42-b299-721ece6fac5c,J&J's,0,9,12,7,,12
2026-09-25,naples,naples-centrale-train-station,e3665b49-8f74-4a42-b299-721ece6fac5c,J&J's,0,6,7,7,,7
2026-09-23,naples,palma-campania,e3689512-84ab-42b7-841b-3bfc651b1121,J&J's,0,3,0,0,,0
2026-09-24,naples,palma-campania,e3689512-84ab-42b7-841b-3bfc651b1121,J&J's,0,9,0,0,,0
2026-09-25,naples,palma-campania,e3689512-84ab-42b7-841b-3bfc651b1121,J&J's,0,6,0,0,,0
2026-09-23,naples,naples-centrale-train-station,e42e6e36-e162-44a6-9832-c94e9a6b2c1f,J&J's,100,3,0,0,0.0,0
2026-09-24,naples,naples-centrale-train-station,e42e6e36-e162-44a6-9832-c94e9a6b2c1f,J&J's,100,9,0,0,0.0,0
2026-09-25,naples,naples-centrale-train-station,e42e6e36-e162-44a6-9832-c94e9a6b2c1f,J&J's,100,6,1,1,1.0,1
2026-09-23,naples,monument-of-giuseppe-garibaldi,e454b0c5-e9fb-4c91-acef-b901d142a977,J&J's,0,3,10,10,,10
2026-09-24,naples,monument-of-giuseppe-garibaldi,e454b0c5-e9fb-4c91-acef-b901d142a977,J&J's,0,9,10,10,,10
2026-09-25,naples,monument-of-giuseppe-garibaldi,e454b0c5-e9fb-4c91-acef-b901d142a977,J&J's,0,6,10,10,,10
2026-09-23,naples,palma-campania,e582e63c-a67f-45e8-ae36-51fa4c54d256,J&J's,0,3,0,0,,0
2026-09-24,naples,palma-campania,e582e63c-a67f-45e8-ae36-51fa4c54d256,J&J's,0,9,0,0,,0
2026-09-25,naples,palma-campania,e582e63c-a67f-45e8-ae36-51fa4c54d256,J&J's,0,6,0,0,,0
2026-09-23,naples,ponticelli,e5fef565-a32b-4505-89fd-f8cad2579fce,J&J's,50,3,0,0,0.0,0
2026-09-24,naples,ponticelli,e5fef565-a32b-4505-89fd-f8cad2579fce,J&J's,50,9,0,0,0.0,0
2026-09-25,naples,ponticelli,e5fef565-a32b-4505-89fd-f8cad2579fce,J&J's,50,6,0,0,0.0,0
2026-09-23,naples,massaquano,e675b52f-946a-4c5d-a6c1-aa3f8f3a637b,J&J's,0,3,0,0,,0
2026-09-24,naples,massaquano,e675b52f-946a-4c5d-a6c1-aa3f8f3a637b,J&J's,0,9,0,0,,0
2026-09-25,naples,massaquano,e675b52f-946a-4c5d-a6c1-aa3f8f3a637b,J&J's,0,6,0,0,,0
2026-09-23,naples,via-chiaia,e785940a-4022-4908-aaff-70a5903d8bd0,J&J's,0,3,0,0,,0
2026-09-24,naples,via-chiaia,e785940a-4022-4908-aaff-70a5903d8bd0,J&J's,0,9,0,0,,0
2026-09-25,naples,via-chiaia,e785940a-4022-4908-aaff-70a5903d8bd0,J&J's,0,6,0,0,,0
2026-09-23,naples,quartieri-spagnoli,e7fd5868-66c2-4f7a-8f74-87f846802854,J&J's,100,3,2,2,2.0,2
2026-09-24,naples,quartieri-spagnoli,e7fd5868-66c2-4f7a-8f74-87f846802854,J&J's,100,9,2,2,2.0,2
2026-09-25,naples,quartieri-spagnoli,e7fd5868-66c2-4f7a-8f74-87f846802854,J&J's,100,6,2,2,2.0,2
2026-09-23,naples,vicaria,e9059b30-8809-4bdf-87d4-913608859597,J&J's,0,3,0,0,,0
2026-09-24,naples,vicaria,e9059b30-8809-4bdf-87d4-913608859597,J&J's,0,9,0,0,,0
2026-09-25,naples,vicaria,e9059b30-8809-4bdf-87d4-913608859597,J&J's,0,6,0,0,,0
2026-09-23,naples,rione-luzzatti,ea28bd72-282f-4ca6-9959-b11fdcdb1512,J&J's,0,3,0,0,,0
2026-09-24,naples,rione-luzzatti,ea28bd72-282f-4ca6-9959-b11fdcdb1512,J&J's,0,9,0,0,,0
2026-09-25,naples,rione-luzzatti,ea28bd72-282f-4ca6-9959-b11fdcdb1512,J&J's,0,6,0,0,,0
2026-09-23,naples,ponticelli,eabf1e52-746e-430f-a499-e334c4b0dfa2,J&J's,0,3,0,0,,0
2026-09-24,naples,ponticelli,eabf1e52-746e-430f-a499-e334c4b0dfa2,J&J's,0,9,0,0,,0
2026-09-25,naples,ponticelli,eabf1e52-746e-430f-a499-e334c4b0dfa2,J&J's,0,6,0,0,,0
2026-09-23,naples,bagnoli-agnano-terme,eb666941-86c2-4625-b610-2f667f182376,J&J's,0,3,0,0,,0
2026-09-24,naples,bagnoli-agnano-terme,eb666941-86c2-4625-b610-2f667f182376,J&J's,0,9,0,0,,0
2026-09-25,naples,bagnoli-agnano-terme,eb666941-86c2-4625-b610-2f667f182376,J&J's,0,6,0,0,,0
2026-09-23,naples,masseria-grande,ebb33acc-0d0a-4ed4-a67f-04ef0567930d,J&J's,0,3,0,0,,0
2026-09-24,naples,masseria-grande,ebb33acc-0d0a-4ed4-a67f-04ef0567930d,J&J's,0,9,0,0,,0
2026-09-25,naples,masseria-grande,ebb33acc-0d0a-4ed4-a67f-04ef0567930d,J&J's,0,6,0,0,,0
2026-09-23,naples,lanciasino,ec7db712-8bfe-44e3-85d9-80f0d852f515,J&J's,0,3,0,0,,0
2026-09-24,naples,lanciasino,ec7db712-8bfe-44e3-85d9-80f0d852f515,J&J's,0,9,0,0,,0
2026-09-25,naples,lanciasino,ec7db712-8bfe-44e3-85d9-80f0d852f515,J&J's,0,6,0,0,,0
2026-09-23,naples,municipio,ecf64a60-1e04-434a-97cc-d806ce9ee742,J&J's,0,3,6,6,,6
2026-09-24,naples,municipio,ecf64a60-1e04-434a-97cc-d806ce9ee742,J&J's,0,9,6,6,,6
2026-09-25,naples,municipio,ecf64a60-1e04-434a-97cc-d806ce9ee742,J&J's,0,6,6,5,,6
2026-09-23,naples,lotto-w-isolato-k,eddf58c5-f3b6-4ecb-9f40-acefbcd0b206,J&J's,0,3,0,0,,0
2026-09-24,naples,lotto-w-isolato-k,eddf58c5-f3b6-4ecb-9f40-acefbcd0b206,J&J's,0,9,0,0,,0
2026-09-25,naples,lotto-w-isolato-k,eddf58c5-f3b6-4ecb-9f40-acefbcd0b206,J&J's,0,6,0,0,,0
2026-09-23,naples,vicaria,ede5c76e-6cc9-41fb-9422-a31da13fe666,J&J's,0,3,0,0,,0
2026-09-24,naples,vicaria,ede5c76e-6cc9-41fb-9422-a31da13fe666,J&J's,0,9,0,0,,0
2026-09-25,naples,vicaria,ede5c76e-6cc9-41fb-9422-a31da13fe666,J&J's,0,6,0,0,,0
2026-09-23,naples,naples-centrale-train-station,eeb5e886-fe3c-4ec5-8025-209e95224a82,J&J's,0,3,0,0,,0
2026-09-24,naples,naples-centrale-train-station,eeb5e886-fe3c-4ec5-8025-209e95224a82,J&J's,0,9,0,0,,0
2026-09-25,naples,naples-centrale-train-station,eeb5e886-fe3c-4ec5-8025-209e95224a82,J&J's,0,6,0,0,,0
2026-09-23,naples,vomero,ef4da1c1-3b62-4be8-aab7-4ecbc1caa534,J&J's,0,3,0,0,,0
2026-09-24,naples,vomero,ef4da1c1-3b62-4be8-aab7-4ecbc1caa534,J&J's,0,9,0,0,,0
2026-09-25,naples,vomero,ef4da1c1-3b62-4be8-aab7-4ecbc1caa534,J&J's,0,6,0,0,,0
2026-09-23,naples,vicaria,f180f5e6-783c-419a-a6f2-0860268f4654,J&J's,0,3,0,0,,0
2026-09-24,naples,vicaria,f180f5e6-783c-419a-a6f2-0860268f4654,J&J's,0,9,0,0,,0
2026-09-25,naples,vicaria,f180f5e6-783c-419a-a6f2-0860268f4654,J&J's,0,6,0,0,,0
2026-09-23,naples,sant'antimo,f1885dd0-f8a0-4da1-ad68-d20e997f359b,J&J's,0,3,0,0,,0
2026-09-24,naples,sant'antimo,f1885dd0-f8a0-4da1-ad68-d20e997f359b,J&J's,0,9,0,0,,0
2026-09-25,naples,sant'antimo,f1885dd0-f8a0-4da1-ad68-d20e997f359b,J&J's,0,6,0,0,,0
2026-09-23,naples,naples-centrale-train-station,f1ae4087-23f4-4b67-862a-585c9b3840ac,J&J's,0,3,0,0,,0
2026-09-24,naples,naples-centrale-train-station,f1ae4087-23f4-4b67-862a-585c9b3840ac,J&J's,0,9,0,0,,0
2026-09-25,naples,naples-centrale-train-station,f1ae4087-23f4-4b67-862a-585c9b3840ac,J&J's,0,6,0,0,,0
2026-09-23,naples,fuorigrotta,f1f3fae6-2d58-44ce-87bd-1b5f44dc7633,J&J's,0,3,0,0,,0
2026-09-24,naples,fuorigrotta,f1f3fae6-2d58-44ce-87bd-1b5f44dc7633,J&J's,0,9,0,0,,0
2026-09-25,naples,fuorigrotta,f1f3fae6-2d58-44ce-87bd-1b5f44dc7633,J&J's,0,6,0,0,,0
2026-09-23,naples,rione-sanita,f3152db9-e6cb-4d11-a50f-7f7a3b8824c5,J&J's,0,3,0,0,,0
2026-09-24,naples,rione-sanita,f3152db9-e6cb-4d11-a50f-7f7a3b8824c5,J&J's,0,9,0,0,,0
2026-09-25,naples,rione-sanita,f3152db9-e6cb-4d11-a50f-7f7a3b8824c5,J&J's,0,6,0,0,,0
2026-09-23,naples,vomero,f32f1a5c-b485-4bbb-8a87-1fe298b8aa85,J&J's,0,3,0,0,,0
2026-09-24,naples,vomero,f32f1a5c-b485-4bbb-8a87-1fe298b8aa85,J&J's,0,9,0,0,,0
2026-09-25,naples,vomero,f32f1a5c-b485-4bbb-8a87-1fe298b8aa85,J&J's,0,6,0,0,,0
2026-09-23,naples,universita,f362ac69-5b3e-410d-bbd3-8c5c01f07dec,J&J's,0,3,0,0,,0
2026-09-24,naples,universita,f362ac69-5b3e-410d-bbd3-8c5c01f07dec,J&J's,0,9,0,0,,0
2026-09-25,naples,universita,f362ac69-5b3e-410d-bbd3-8c5c01f07dec,J&J's,0,6,0,0,,0
2026-09-23,naples,rione-219,f3ee39f6-94d5-458b-8edc-caf9d6b818cc,J&J's,0,3,0,0,,0
2026-09-24,naples,rione-219,f3ee39f6-94d5-458b-8edc-caf9d6b818cc,J&J's,0,9,0,0,,0
2026-09-25,naples,rione-219,f3ee39f6-94d5-458b-8edc-caf9d6b818cc,J&J's,0,6,0,0,,0
2026-09-23,naples,quartieri-spagnoli,f43a1731-c73e-43e1-996a-a41e8c1769bc,J&J's,0,3,0,0,,0
2026-09-24,naples,quartieri-spagnoli,f43a1731-c73e-43e1-996a-a41e8c1769bc,J&J's,0,9,0,0,,0
2026-09-25,naples,quartieri-spagnoli,f43a1731-c73e-43e1-996a-a41e8c1769bc,J&J's,0,6,0,0,,0
2026-09-23,naples,vomero,f451c609-0c08-4cfd-b822-c93f7fb723f7,J&J's,0,3,0,0,,0
2026-09-24,naples,vomero,f451c609-0c08-4cfd-b822-c93f7fb723f7,J&J's,0,9,0,0,,0
2026-09-25,naples,vomero,f451c609-0c08-4cfd-b822-c93f7fb723f7,J&J's,0,6,0,0,,0
2026-09-23,naples,naples-centrale-train-station,f4a0dbba-0d98-4490-b58b-43bc5ba965ae,J&J's,0,3,1,1,,1
2026-09-24,naples,naples-centrale-train-station,f4a0dbba-0d98-4490-b58b-43bc5ba965ae,J&J's,0,9,2,2,,2
2026-09-25,naples,naples-centrale-train-station,f4a0dbba-0d98-4490-b58b-43bc5ba965ae,J&J's,0,6,1,1,,1
2026-09-23,naples,vicaria,f5d8fd5f-2d16-42a1-b70d-f25eb32146ae,J&J's,0,3,0,0,,0
2026-09-24,naples,vicaria,f5d8fd5f-2d16-42a1-b70d-f25eb32146ae,J&J's,0,9,0,0,,0
2026-09-25,naples,vicaria,f5d8fd5f-2d16-42a1-b70d-f25eb32146ae,J&J's,0,6,0,0,,0
2026-09-23,naples,fuorigrotta,f60399bf-6843-46d1-822c-482ed844e04f,J&J's,10,3,0,0,0.0,0
2026-09-24,naples,fuorigrotta,f60399bf-6843-46d1-822c-482ed844e04f,J&J's,10,9,0,0,0.0,0
2026-09-25,naples,fuorigrotta,f60399bf-6843-46d1-822c-482ed844e04f,J&J's,10,6,0,0,0.0,0
2026-09-23,naples,vomero,f7550ad3-4305-4807-8f28-f4cb30b05e76,J&J's,0,3,0,0,,0
2026-09-24,naples,vomero,f7550ad3-4305-4807-8f28-f4cb30b05e76,J&J's,0,9,0,0,,0
2026-09-25,naples,vomero,f7550ad3-4305-4807-8f28-f4cb30b05e76,J&J's,0,6,0,0,,0
2026-09-23,naples,naples-centrale-train-station,f7a01611-7a82-47ba-a28f-390a82f5b8f6,J&J's,0,3,0,0,,0
2026-09-24,naples,naples-centrale-train-station,f7a01611-7a82-47ba-a28f-390a82f5b8f6,J&J's,0,9,0,0,,0
2026-09-25,naples,naples-centrale-train-station,f7a01611-7a82-47ba-a28f-390a82f5b8f6,J&J's,0,6,0,0,,0
2026-09-23,naples,soccavo,f86435b1-cd1b-4bb7-8973-fc84f48c2827,J&J's,0,3,0,0,,0
2026-09-24,naples,soccavo,f86435b1-cd1b-4bb7-8973-fc84f48c2827,J&J's,0,9,0,0,,0
2026-09-25,naples,soccavo,f86435b1-cd1b-4bb7-8973-fc84f48c2827,J&J's,0,6,0,0,,0
2026-09-23,naples,sant'anna,f8d2ea26-131d-4bcd-9ff7-dce9fe2ef13e,J&J's,0,3,0,0,,0
2026-09-24,naples,sant'anna,f8d2ea26-131d-4bcd-9ff7-dce9fe2ef13e,J&J's,0,9,0,0,,0
2026-09-25,naples,sant'anna,f8d2ea26-131d-4bcd-9ff7-dce9fe2ef13e,J&J's,0,6,0,0,,0
2026-09-23,naples,villaricca,f910585a-f4fb-4921-ad09-8066b01f3296,J&J's,0,3,0,0,,0
2026-09-24,naples,villaricca,f910585a-f4fb-4921-ad09-8066b01f3296,J&J's,0,9,0,0,,0
2026-09-25,naples,villaricca,f910585a-f4fb-4921-ad09-8066b01f3296,J&J's,0,6,0,0,,0
2026-09-23,naples,quattro-giornate-station,f9e46f53-f5cf-42dc-9b25-21c8cb0cdac7,J&J's,0,3,0,0,,0
2026-09-24,naples,quattro-giornate-station,f9e46f53-f5cf-42dc-9b25-21c8cb0cdac7,J&J's,0,9,0,0,,0
2026-09-25,naples,quattro-giornate-station,f9e46f53-f5cf-42dc-9b25-21c8cb0cdac7,J&J's,0,6,0,0,,0
2026-09-23,naples,rione-berlingieri,fa33b5b7-f654-46c3-918a-c1e03a2c76aa,J&J's,100,3,0,0,0.0,0
2026-09-24,naples,rione-berlingieri,fa33b5b7-f654-46c3-918a-c1e03a2c76aa,J&J's,100,9,0,0,0.0,0
2026-09-25,naples,rione-berlingieri,fa33b5b7-f654-46c3-918a-c1e03a2c76aa,J&J's,100,6,0,0,0.0,0
2026-09-23,naples,via-chiaia,fab5e1c8-0fed-4951-9087-3f5760b03ab3,J&J's,0,3,0,0,,0
2026-09-24,naples,via-chiaia,fab5e1c8-0fed-4951-9087-3f5760b03ab3,J&J's,0,9,0,0,,0
2026-09-25,naples,via-chiaia,fab5e1c8-0fed-4951-9087-3f5760b03ab3,J&J's,0,6,0,0,,0
2026-09-23,naples,sant'antonio,fad627a2-ba16-419c-8b0e-5980198261be,J&J's,0,3,0,0,,0
2026-09-24,naples,sant'antonio,fad627a2-ba16-419c-8b0e-5980198261be,J&J's,0,9,0,0,,0
2026-09-25,naples,sant'antonio,fad627a2-ba16-419c-8b0e-5980198261be,J&J's,0,6,0,0,,0
2026-09-23,naples,naples-centrale-train-station,fae6e2f9-25fb-4610-add3-02b4d1e8f78d,J&J's,200,3,8,8,4.0,8
2026-09-24,naples,naples-centrale-train-station,fae6e2f9-25fb-4610-add3-02b4d1e8f78d,J&J's,200,9,8,7,4.0,8
2026-09-25,naples,naples-centrale-train-station,fae6e2f9-25fb-4610-add3-02b4d1e8f78d,J&J's,200,6,7,7,3.5,7
2026-09-23,naples,grotta-del-sole,fca92248-c08f-4938-a4fa-19c9a1842315,J&J's,0,3,0,0,,0
2026-09-24,naples,grotta-del-sole,fca92248-c08f-4938-a4fa-19c9a1842315,J&J's,0,9,0,0,,0
2026-09-25,naples,grotta-del-sole,fca92248-c08f-4938-a4fa-19c9a1842315,J&J's,0,6,0,0,,0
2026-09-23,naples,sant'antonio,fcf6b5f5-d770-445a-a6c1-da123d41965b,J&J's,0,3,0,0,,0
2026-09-24,naples,sant'antonio,fcf6b5f5-d770-445a-a6c1-da123d41965b,J&J's,0,9,0,0,,0
2026-09-25,naples,sant'antonio,fcf6b5f5-d770-445a-a6c1-da123d41965b,J&J's,0,6,0,0,,0
2026-09-23,naples,bagnoli-agnano-terme,fe1d1bf8-4c84-4ddc-a8a2-82c818c17986,J&J's,0,3,0,0,,0
2026-09-24,naples,bagnoli-agnano-terme,fe1d1bf8-4c84-4ddc-a8a2-82c818c17986,J&J's,0,9,0,0,,0
2026-09-25,naples,bagnoli-agnano-terme,fe1d1bf8-4c84-4ddc-a8a2-82c818c17986,J&J's,0,6,0,0,,0
2026-09-23,naples,masseria-grande,ff62a0ad-65e5-4a37-aa1d-24dbaf48f54a,J&J's,0,3,0,0,,0
2026-09-24,naples,masseria-grande,ff62a0ad-65e5-4a37-aa1d-24dbaf48f54a,J&J's,0,9,0,0,,0
2026-09-25,naples,masseria-grande,ff62a0ad-65e5-4a37-aa1d-24dbaf48f54a,J&J's,0,6,0,0,,0
2026-09-23,novara,sant'agabio,18f4fdd6-139e-4cdc-813d-bf31f18452ea,J&J's,0,3,0,0,,0
2026-09-24,novara,sant'agabio,18f4fdd6-139e-4cdc-813d-bf31f18452ea,J&J's,0,8,0,0,,0
2026-09-25,novara,sant'agabio,18f4fdd6-139e-4cdc-813d-bf31f18452ea,J&J's,0,6,0,0,,0
2026-09-23,novara,sant'agabio,1eddfc16-8331-4c2a-8578-95be939a18ee,J&J's,0,3,0,0,,0
2026-09-24,novara,sant'agabio,1eddfc16-8331-4c2a-8578-95be939a18ee,J&J's,0,8,0,0,,0
2026-09-25,novara,sant'agabio,1eddfc16-8331-4c2a-8578-95be939a18ee,J&J's,0,6,0,0,,0
2026-09-23,novara,san-martino,37076a8b-f265-4b35-ad4a-ae57322869d9,J&J's,0,3,0,0,,0
2026-09-24,novara,san-martino,37076a8b-f265-4b35-ad4a-ae57322869d9,J&J's,0,8,0,0,,0
2026-09-25,novara,san-martino,37076a8b-f265-4b35-ad4a-ae57322869d9,J&J's,0,6,0,0,,0
2026-09-23,novara,trecate,3fe63205-6a52-472c-afa0-65d8c8ca275d,J&J's,0,3,0,0,,0
2026-09-24,novara,trecate,3fe63205-6a52-472c-afa0-65d8c8ca275d,J&J's,0,8,0,0,,0
2026-09-25,novara,trecate,3fe63205-6a52-472c-afa0-65d8c8ca275d,J&J's,0,6,0,0,,0
2026-09-23,novara,city-center,5e760baf-2485-438c-a000-75b5c59b95f3,J&J's,0,3,0,0,,0
2026-09-24,novara,city-center,5e760baf-2485-438c-a000-75b5c59b95f3,J&J's,0,8,0,0,,0
2026-09-25,novara,city-center,5e760baf-2485-438c-a000-75b5c59b95f3,J&J's,0,6,0,0,,0
2026-09-23,novara,cameri,60a4d3a8-e140-4bae-bfe2-94bd2cd65d94,J&J's,0,3,0,0,,0
2026-09-24,novara,cameri,60a4d3a8-e140-4bae-bfe2-94bd2cd65d94,J&J's,0,8,0,0,,0
2026-09-25,novara,cameri,60a4d3a8-e140-4bae-bfe2-94bd2cd65d94,J&J's,0,6,0,0,,0
2026-09-23,novara,city-center,677d6178-8fd1-48cc-b577-7e2d1712716a,J&J's,0,3,0,0,,0
2026-09-24,novara,city-center,677d6178-8fd1-48cc-b577-7e2d1712716a,J&J's,0,8,0,0,,0
2026-09-25,novara,city-center,677d6178-8fd1-48cc-b577-7e2d1712716a,J&J's,0,6,0,0,,0
2026-09-23,novara,san-paolo,6948a4b1-d3a5-40eb-b3f7-a6aadfaad177,J&J's,0,3,0,0,,0
2026-09-24,novara,san-paolo,6948a4b1-d3a5-40eb-b3f7-a6aadfaad177,J&J's,0,8,0,0,,0
2026-09-25,novara,san-paolo,6948a4b1-d3a5-40eb-b3f7-a6aadfaad177,J&J's,0,6,0,0,,0
2026-09-23,novara,zona-agogna,90fdef61-019a-4b18-8cdc-257157a588c2,J&J's,0,3,0,0,,0
2026-09-24,novara,zona-agogna,90fdef61-019a-4b18-8cdc-257157a588c2,J&J's,0,8,0,0,,0
2026-09-25,novara,zona-agogna,90fdef61-019a-4b18-8cdc-257157a588c2,J&J's,0,6,0,0,,0
2026-09-23,novara,madonna-delle-grazie,a39e220f-82b5-48a3-8d23-1d6beaaa7f59,J&J's,0,3,0,0,,0
2026-09-24,novara,madonna-delle-grazie,a39e220f-82b5-48a3-8d23-1d6beaaa7f59,J&J's,0,8,0,0,,0
2026-09-25,novara,madonna-delle-grazie,a39e220f-82b5-48a3-8d23-1d6beaaa7f59,J&J's,0,6,0,0,,0
2026-09-23,novara,porta-mortara,d3f3854d-2870-4786-bae4-71532e94624b,J&J's,0,3,0,0,,0
2026-09-24,novara,porta-mortara,d3f3854d-2870-4786-bae4-71532e94624b,J&J's,0,8,0,0,,0
2026-09-25,novara,porta-mortara,d3f3854d-2870-4786-bae4-71532e94624b,J&J's,0,6,0,0,,0
2026-09-23,novara,city-center,dfb6e40c-fac5-455e-b0ee-a9d490633e33,J&J's,0,3,0,0,,0
2026-09-24,novara,city-center,dfb6e40c-fac5-455e-b0ee-a9d490633e33,J&J's,0,8,0,0,,0
2026-09-25,novara,city-center,dfb6e40c-fac5-455e-b0ee-a9d490633e33,J&J's,0,6,0,0,,0
2026-09-23,novara,borgo,f887eabf-824a-43c0-bcf9-6ba2c9d5505e,J&J's,0,3,0,0,,0
2026-09-24,novara,borgo,f887eabf-824a-43c0-bcf9-6ba2c9d5505e,J&J's,0,8,0,0,,0
2026-09-25,novara,borgo,f887eabf-824a-43c0-bcf9-6ba2c9d5505e,J&J's,0,6,0,0,,0
2026-09-23,olbia,cannigione,0e95e7d6-aeda-4619-b8fb-1e61abd151e6,J&J's,0,3,2,1,,2
2026-09-24,olbia,cannigione,0e95e7d6-aeda-4619-b8fb-1e61abd151e6,J&J's,0,8,1,1,,1
2026-09-25,olbia,cannigione,0e95e7d6-aeda-4619-b8fb-1e61abd151e6,J&J's,0,6,1,1,,1
2026-09-23,olbia,train-station,395ee8f7-fe66-4046-a3f6-9ede623b89fc,J&J's,0,3,1,1,,1
2026-09-24,olbia,train-station,395ee8f7-fe66-4046-a3f6-9ede623b89fc,J&J's,0,8,2,2,,2
2026-09-25,olbia,train-station,395ee8f7-fe66-4046-a3f6-9ede623b89fc,J&J's,0,6,2,2,,2
2026-09-23,olbia,olbia,3ee38e59-73a1-4efd-8f20-36fce8ad8021,J&J's,0,3,0,0,,0
2026-09-24,olbia,olbia,3ee38e59-73a1-4efd-8f20-36fce8ad8021,J&J's,0,8,0,0,,0
2026-09-25,olbia,olbia,3ee38e59-73a1-4efd-8f20-36fce8ad8021,J&J's,0,6,0,0,,0
2026-09-23,olbia,san-pantaleo,b32fee39-c171-451b-9d68-b87f88a29c16,J&J's,0,3,0,0,,0
2026-09-24,olbia,san-pantaleo,b32fee39-c171-451b-9d68-b87f88a29c16,J&J's,0,8,0,0,,0
2026-09-25,olbia,san-pantaleo,b32fee39-c171-451b-9d68-b87f88a29c16,J&J's,0,6,0,0,,0
2026-09-23,olbia,train-station,c5a10889-65bb-407c-8dc9-ae3e232a1174,J&J's,0,3,23,23,,23
2026-09-24,olbia,train-station,c5a10889-65bb-407c-8dc9-ae3e232a1174,J&J's,0,8,24,23,,24
2026-09-25,olbia,train-station,c5a10889-65bb-407c-8dc9-ae3e232a1174,J&J's,0,6,23,18,,23
2026-09-23,olbia,alzachèna/arzachena,cc8102ef-f8f7-44de-90f3-afdcbae096e7,J&J's,0,3,0,0,,0
2026-09-24,olbia,alzachèna/arzachena,cc8102ef-f8f7-44de-90f3-afdcbae096e7,J&J's,0,8,0,0,,0
2026-09-25,olbia,alzachèna/arzachena,cc8102ef-f8f7-44de-90f3-afdcbae096e7,J&J's,0,6,0,0,,0
2026-09-23,oristano,crabas/cabras,0c101a9b-b1a9-47b3-b3e5-58eb84737e74,J&J's,0,3,0,0,,0
2026-09-24,oristano,crabas/cabras,0c101a9b-b1a9-47b3-b3e5-58eb84737e74,J&J's,0,8,0,0,,0
2026-09-25,oristano,crabas/cabras,0c101a9b-b1a9-47b3-b3e5-58eb84737e74,J&J's,0,6,0,0,,0
2026-09-23,oristano,san-paolo,4c6c2759-6f25-4fe1-80a3-1911b2b83f6f,J&J's,0,3,0,0,,0
2026-09-24,oristano,san-paolo,4c6c2759-6f25-4fe1-80a3-1911b2b83f6f,J&J's,0,8,0,0,,0
2026-09-25,oristano,san-paolo,4c6c2759-6f25-4fe1-80a3-1911b2b83f6f,J&J's,0,6,0,0,,0
2026-09-23,oristano,cualbu,64ea178d-a274-4d37-952f-301c0170c7ba,J&J's,0,3,0,0,,0
2026-09-24,oristano,cualbu,64ea178d-a274-4d37-952f-301c0170c7ba,J&J's,0,8,0,0,,0
2026-09-25,oristano,cualbu,64ea178d-a274-4d37-952f-301c0170c7ba,J&J's,0,6,0,0,,0
2026-09-23,oristano,sa-rodia,69cc94d7-655a-443a-a033-038da451d956,J&J's,0,3,0,0,,0
2026-09-24,oristano,sa-rodia,69cc94d7-655a-443a-a033-038da451d956,J&J's,0,8,0,0,,0
2026-09-25,oristano,sa-rodia,69cc94d7-655a-443a-a033-038da451d956,J&J's,0,6,0,0,,0
2026-09-23,oristano,san-paolo,cae542ad-e849-40c4-87e5-2f2b6dc149ac,J&J's,0,3,0,0,,0
2026-09-24,oristano,san-paolo,cae542ad-e849-40c4-87e5-2f2b6dc149ac,J&J's,0,8,0,0,,0
2026-09-25,oristano,san-paolo,cae542ad-e849-40c4-87e5-2f2b6dc149ac,J&J's,0,6,0,0,,0
2026-09-23,oristano,centro-storico,e8105378-b1d1-421b-b2df-f5287021c255,J&J's,0,3,0,0,,0
2026-09-24,oristano,centro-storico,e8105378-b1d1-421b-b2df-f5287021c255,J&J's,0,8,0,0,,0
2026-09-25,oristano,centro-storico,e8105378-b1d1-421b-b2df-f5287021c255,J&J's,0,6,0,0,,0
2026-09-23,padova,monteortone,0282bff4-b461-4c2a-9533-4a107826f044,J&J's,0,3,0,0,,0
2026-09-24,padova,monteortone,0282bff4-b461-4c2a-9533-4a107826f044,J&J's,0,8,0,0,,0
2026-09-25,padova,monteortone,0282bff4-b461-4c2a-9533-4a107826f044,J&J's,0,6,0,0,,0
2026-09-23,padova,cantone-cornirotti,0819458a-74df-4b78-b122-5012aa0a50ba,J&J's,0,3,0,0,,0
2026-09-24,padova,cantone-cornirotti,0819458a-74df-4b78-b122-5012aa0a50ba,J&J's,0,8,0,0,,0
2026-09-25,padova,cantone-cornirotti,0819458a-74df-4b78-b122-5012aa0a50ba,J&J's,0,6,0,0,,0
2026-09-23,padova,montegrotto-terme,0833a0a9-eaf1-464c-adc5-ac9f3e1a08fb,J&J's,0,3,0,0,,0
2026-09-24,padova,montegrotto-terme,0833a0a9-eaf1-464c-adc5-ac9f3e1a08fb,J&J's,0,8,0,0,,0
2026-09-25,padova,montegrotto-terme,0833a0a9-eaf1-464c-adc5-ac9f3e1a08fb,J&J's,0,6,0,0,,0
2026-09-23,padova,san-giuseppe,15a8a7a8-679e-4b52-83d1-ccb0ce7158a4,J&J's,0,3,2,2,,2
2026-09-24,padova,san-giuseppe,15a8a7a8-679e-4b52-83d1-ccb0ce7158a4,J&J's,0,8,2,1,,2
2026-09-25,padova,san-giuseppe,15a8a7a8-679e-4b52-83d1-ccb0ce7158a4,J&J's,0,6,1,0,,1
2026-09-23,padova,marini,18c3338e-e7fd-43b1-b631-56acb4338660,J&J's,0,3,0,0,,0
2026-09-24,padova,marini,18c3338e-e7fd-43b1-b631-56acb4338660,J&J's,0,8,0,0,,0
2026-09-25,padova,marini,18c3338e-e7fd-43b1-b631-56acb4338660,J&J's,0,6,0,0,,0
2026-09-23,padova,fonte-alto,20650732-595e-4700-a6bf-907b176a6c4e,J&J's,0,3,0,0,,0
2026-09-24,padova,fonte-alto,20650732-595e-4700-a6bf-907b176a6c4e,J&J's,0,8,0,0,,0
2026-09-25,padova,fonte-alto,20650732-595e-4700-a6bf-907b176a6c4e,J&J's,0,6,0,0,,0
2026-09-23,padova,santa-rita,2f2a88c1-4a06-485c-a607-4226d87a8ade,J&J's,20,3,0,0,0.0,0
2026-09-24,padova,santa-rita,2f2a88c1-4a06-485c-a607-4226d87a8ade,J&J's,20,8,0,0,0.0,0
2026-09-25,padova,santa-rita,2f2a88c1-4a06-485c-a607-4226d87a8ade,J&J's,20,6,0,0,0.0,0
2026-09-23,padova,largo-parolini,359c7fec-a315-4745-9fea-cc43b3accfd7,J&J's,0,3,1,1,,1
2026-09-24,padova,largo-parolini,359c7fec-a315-4745-9fea-cc43b3accfd7,J&J's,0,8,1,1,,1
2026-09-25,padova,largo-parolini,359c7fec-a315-4745-9fea-cc43b3accfd7,J&J's,0,6,1,1,,1
2026-09-23,padova,main-station,3dad566c-a18d-4868-9fd6-a7fcd18369fc,J&J's,0,3,27,26,,27
2026-09-24,padova,main-station,3dad566c-a18d-4868-9fd6-a7fcd18369fc,J&J's,0,8,25,21,,25
2026-09-25,padova,main-station,3dad566c-a18d-4868-9fd6-a7fcd18369fc,J&J's,0,6,27,26,,27
2026-09-23,padova,roggia,4555d487-09ea-4de7-83aa-f6a88a3dc8f7,J&J's,0,3,0,0,,0
2026-09-24,padova,roggia,4555d487-09ea-4de7-83aa-f6a88a3dc8f7,J&J's,0,8,0,0,,0
2026-09-25,padova,roggia,4555d487-09ea-4de7-83aa-f6a88a3dc8f7,J&J's,0,6,0,0,,0
2026-09-23,padova,turri,48afc10e-6fb4-4352-a08c-98b3589de54f,J&J's,0,3,0,0,,0
2026-09-24,padova,turri,48afc10e-6fb4-4352-a08c-98b3589de54f,J&J's,0,8,0,0,,0
2026-09-25,padova,turri,48afc10e-6fb4-4352-a08c-98b3589de54f,J&J's,0,6,0,0,,0
2026-09-23,padova,city-center,49e57ea3-4b8c-4090-ad64-be0b26fcda7b,J&J's,8,3,0,0,0.0,0
2026-09-24,padova,city-center,49e57ea3-4b8c-4090-ad64-be0b26fcda7b,J&J's,8,8,0,0,0.0,0
2026-09-25,padova,city-center,49e57ea3-4b8c-4090-ad64-be0b26fcda7b,J&J's,8,6,0,0,0.0,0
2026-09-23,padova,santa-rita,4c0c6928-b160-4118-b794-a67c8c27e23d,J&J's,45,3,0,0,0.0,0
2026-09-24,padova,santa-rita,4c0c6928-b160-4118-b794-a67c8c27e23d,J&J's,45,8,0,0,0.0,0
2026-09-25,padova,santa-rita,4c0c6928-b160-4118-b794-a67c8c27e23d,J&J's,45,6,0,0,0.0,0
2026-09-23,padova,san-giuseppe,5012d292-27ef-4b8b-b6fb-20fcad5f27be,J&J's,0,3,2,2,,2
2026-09-24,padova,san-giuseppe,5012d292-27ef-4b8b-b6fb-20fcad5f27be,J&J's,0,8,3,2,,3
2026-09-25,padova,san-giuseppe,5012d292-27ef-4b8b-b6fb-20fcad5f27be,J&J's,0,6,3,3,,3
2026-09-23,padova,biadene,5cad9578-fa87-4410-a8fd-2431e0c6ef2b,J&J's,0,3,0,0,,0
2026-09-24,padova,biadene,5cad9578-fa87-4410-a8fd-2431e0c6ef2b,J&J's,0,8,0,0,,0
2026-09-25,padova,biadene,5cad9578-fa87-4410-a8fd-2431e0c6ef2b,J&J's,0,6,0,0,,0
2026-09-23,padova,city-center,67f7775e-07bd-4716-b018-66a5c6458710,J&J's,25,3,0,0,0.0,0
2026-09-24,padova,city-center,67f7775e-07bd-4716-b018-66a5c6458710,J&J's,25,8,0,0,0.0,0
2026-09-25,padova,city-center,67f7775e-07bd-4716-b018-66a5c6458710,J&J's,25,6,0,0,0.0,0
2026-09-23,padova,city-center,6811118c-bbd6-443f-abe1-70c57cd72ad8,J&J's,0,3,1,1,,1
2026-09-24,padova,city-center,6811118c-bbd6-443f-abe1-70c57cd72ad8,J&J's,0,8,1,0,,1
2026-09-25,padova,city-center,6811118c-bbd6-443f-abe1-70c57cd72ad8,J&J's,0,6,0,0,,0
2026-09-23,padova,battaglia-terme,68271dea-a2fe-416e-9d34-5a2dded99d57,J&J's,0,3,0,0,,0
2026-09-24,padova,battaglia-terme,68271dea-a2fe-416e-9d34-5a2dded99d57,J&J's,0,8,0,0,,0
2026-09-25,padova,battaglia-terme,68271dea-a2fe-416e-9d34-5a2dded99d57,J&J's,0,6,0,0,,0
2026-09-23,padova,vaccarino,6fbd43ec-591c-42bf-a338-1ba66458ab38,J&J's,0,3,0,0,,0
2026-09-24,padova,vaccarino,6fbd43ec-591c-42bf-a338-1ba66458ab38,J&J's,0,8,0,0,,0
2026-09-25,padova,vaccarino,6fbd43ec-591c-42bf-a338-1ba66458ab38,J&J's,0,6,0,0,,0
2026-09-23,padova,largo-parolini,789d7468-86a5-462c-8a59-b33304e4b19f,J&J's,0,3,1,1,,1
2026-09-24,padova,largo-parolini,789d7468-86a5-462c-8a59-b33304e4b19f,J&J's,0,8,1,1,,1
2026-09-25,padova,largo-parolini,789d7468-86a5-462c-8a59-b33304e4b19f,J&J's,0,6,1,1,,1
2026-09-23,padova,mestrino,79994cc8-d74c-44c2-b4ac-5300608b0b57,J&J's,0,3,0,0,,0
2026-09-24,padova,mestrino,79994cc8-d74c-44c2-b4ac-5300608b0b57,J&J's,0,8,0,0,,0
2026-09-25,padova,mestrino,79994cc8-d74c-44c2-b4ac-5300608b0b57,J&J's,0,6,0,0,,0
2026-09-23,padova,forcellini,81de9390-4949-4945-926c-65512f8ec341,J&J's,0,3,0,0,,0
2026-09-24,padova,forcellini,81de9390-4949-4945-926c-65512f8ec341,J&J's,0,8,0,0,,0
2026-09-25,padova,forcellini,81de9390-4949-4945-926c-65512f8ec341,J&J's,0,6,0,0,,0
2026-09-23,padova,city-center,8621f3dc-4f65-4f25-985c-4083bf9ea083,J&J's,5,3,0,0,0.0,0
2026-09-24,padova,city-center,8621f3dc-4f65-4f25-985c-4083bf9ea083,J&J's,5,8,0,0,0.0,0
2026-09-25,padova,city-center,8621f3dc-4f65-4f25-985c-4083bf9ea083,J&J's,5,6,0,0,0.0,0
2026-09-23,padova,largo-parolini,87ef219b-52a2-4766-b845-e5559036fca5,J&J's,0,3,0,0,,0
2026-09-24,padova,largo-parolini,87ef219b-52a2-4766-b845-e5559036fca5,J&J's,0,8,0,0,,0
2026-09-25,padova,largo-parolini,87ef219b-52a2-4766-b845-e5559036fca5,J&J's,0,6,0,0,,0
2026-09-23,padova,city-center,a6f93cd5-f87f-489d-a073-7b5afd2a9943,J&J's,0,3,0,0,,0
2026-09-24,padova,city-center,a6f93cd5-f87f-489d-a073-7b5afd2a9943,J&J's,0,8,0,0,,0
2026-09-25,padova,city-center,a6f93cd5-f87f-489d-a073-7b5afd2a9943,J&J's,0,6,0,0,,0
2026-09-23,padova,caselle-di-altivole,b0f50836-e44f-49aa-906a-91cb1d676fdd,J&J's,0,3,0,0,,0
2026-09-24,padova,caselle-di-altivole,b0f50836-e44f-49aa-906a-91cb1d676fdd,J&J's,0,8,0,0,,0
2026-09-25,padova,caselle-di-altivole,b0f50836-e44f-49aa-906a-91cb1d676fdd,J&J's,0,6,0,0,,0
2026-09-23,padova,mortise,b53dad62-d1b0-49ad-a220-954c583ba894,J&J's,100,3,0,0,0.0,0
2026-09-24,padova,mortise,b53dad62-d1b0-49ad-a220-954c583ba894,J&J's,100,8,0,0,0.0,0
2026-09-25,padova,mortise,b53dad62-d1b0-49ad-a220-954c583ba894,J&J's,100,6,0,0,0.0,0
2026-09-23,padova,sant'ignazio,baccc6ba-0c30-40bb-a544-39ba482691f7,J&J's,0,3,0,0,,0
2026-09-24,padova,sant'ignazio,baccc6ba-0c30-40bb-a544-39ba482691f7,J&J's,0,8,0,0,,0
2026-09-25,padova,sant'ignazio,baccc6ba-0c30-40bb-a544-39ba482691f7,J&J's,0,6,0,0,,0
2026-09-23,padova,ponte-di-brenta,bcfb4051-87e9-43b5-8f40-02938fb74f45,J&J's,0,3,0,0,,0
2026-09-24,padova,ponte-di-brenta,bcfb4051-87e9-43b5-8f40-02938fb74f45,J&J's,0,8,0,0,,0
2026-09-25,padova,ponte-di-brenta,bcfb4051-87e9-43b5-8f40-02938fb74f45,J&J's,0,6,0,0,,0
2026-09-23,padova,main-station,c1661df1-30c9-437d-bc27-9d48e0bf0c1b,J&J's,50,3,5,5,10.0,5
2026-09-24,padova,main-station,c1661df1-30c9-437d-bc27-9d48e0bf0c1b,J&J's,50,8,5,5,10.0,6
2026-09-25,padova,main-station,c1661df1-30c9-437d-bc27-9d48e0bf0c1b,J&J's,50,6,5,5,10.0,5
2026-09-23,padova,city-center,d1929bd1-71f9-4c20-9625-b92c8150c1ba,J&J's,0,3,0,0,,0
2026-09-24,padova,city-center,d1929bd1-71f9-4c20-9625-b92c8150c1ba,J&J's,0,8,0,0,,0
2026-09-25,padova,city-center,d1929bd1-71f9-4c20-9625-b92c8150c1ba,J&J's,0,6,1,1,,1
2026-09-23,padova,feriole,f25c110f-f63f-4c13-9bb8-ef65b8e4e6da,J&J's,14,3,0,0,0.0,0
2026-09-24,padova,feriole,f25c110f-f63f-4c13-9bb8-ef65b8e4e6da,J&J's,14,8,0,0,0.0,0
2026-09-25,padova,feriole,f25c110f-f63f-4c13-9bb8-ef65b8e4e6da,J&J's,14,6,0,0,0.0,0
2026-09-23,padova,stanga,f3ed582e-b415-4605-9039-80b079eb356a,J&J's,0,3,0,0,,0
2026-09-24,padova,stanga,f3ed582e-b415-4605-9039-80b079eb356a,J&J's,0,8,0,0,,0
2026-09-25,padova,stanga,f3ed582e-b415-4605-9039-80b079eb356a,J&J's,0,6,0,0,,0
2026-09-23,palermo,corso-dei-mille-sant-erasmo,00b478df-4352-4c1f-a8fa-7dec0b8c8880,J&J's,0,3,0,0,,0
2026-09-24,palermo,corso-dei-mille-sant-erasmo,00b478df-4352-4c1f-a8fa-7dec0b8c8880,J&J's,0,8,0,0,,0
2026-09-25,palermo,corso-dei-mille-sant-erasmo,00b478df-4352-4c1f-a8fa-7dec0b8c8880,J&J's,0,6,0,0,,0
2026-09-23,palermo,palermo-city-center,01252a7b-718e-419c-98dd-9a195ab1a65f,J&J's,0,3,24,24,,24
2026-09-24,palermo,palermo-city-center,01252a7b-718e-419c-98dd-9a195ab1a65f,J&J's,0,8,23,19,,23
2026-09-25,palermo,palermo-city-center,01252a7b-718e-419c-98dd-9a195ab1a65f,J&J's,0,6,20,20,,20
2026-09-23,palermo,albergheria,02338106-591b-456d-9540-2466eac3f297,J&J's,50,3,30,30,60.0,30
2026-09-24,palermo,albergheria,02338106-591b-456d-9540-2466eac3f297,J&J's,50,8,31,31,62.0,31
2026-09-25,palermo,albergheria,02338106-591b-456d-9540-2466eac3f297,J&J's,50,6,31,28,62.0,31
2026-09-23,palermo,san-lorenzo,0568301b-d889-4963-9d82-2e08b005ed0d,J&J's,0,3,0,0,,0
2026-09-24,palermo,san-lorenzo,0568301b-d889-4963-9d82-2e08b005ed0d,J&J's,0,8,0,0,,0
2026-09-25,palermo,san-lorenzo,0568301b-d889-4963-9d82-2e08b005ed0d,J&J's,0,6,0,0,,0
2026-09-23,palermo,palermo-city-center,05d38c4f-6f61-4dcb-8efa-cef7fca5b847,J&J's,0,3,0,0,,0
2026-09-24,palermo,palermo-city-center,05d38c4f-6f61-4dcb-8efa-cef7fca5b847,J&J's,0,8,0,0,,0
2026-09-25,palermo,palermo-city-center,05d38c4f-6f61-4dcb-8efa-cef7fca5b847,J&J's,0,6,0,0,,0
2026-09-23,palermo,misilmeri,0a62eaeb-db4b-4433-b65a-3dd3cd913cb4,J&J's,0,3,0,0,,0
2026-09-24,palermo,misilmeri,0a62eaeb-db4b-4433-b65a-3dd3cd913cb4,J&J's,0,8,0,0,,0
2026-09-25,palermo,misilmeri,0a62eaeb-db4b-4433-b65a-3dd3cd913cb4,J&J's,0,6,0,0,,0
2026-09-23,palermo,centro-storico,0c23fa32-1fa8-4fe8-b7c9-c852ff86b29f,J&J's,0,3,0,0,,0
2026-09-24,palermo,centro-storico,0c23fa32-1fa8-4fe8-b7c9-c852ff86b29f,J&J's,0,8,0,0,,0
2026-09-25,palermo,centro-storico,0c23fa32-1fa8-4fe8-b7c9-c852ff86b29f,J&J's,0,6,0,0,,0
2026-09-23,palermo,port-palermo,0effffa7-955a-4381-af06-50dbc845f964,J&J's,100,3,5,5,5.0,5
2026-09-24,palermo,port-palermo,0effffa7-955a-4381-af06-50dbc845f964,J&J's,100,8,5,4,5.0,5
2026-09-25,palermo,port-palermo,0effffa7-955a-4381-af06-50dbc845f964,J&J's,100,6,4,4,4.0,5
2026-09-23,palermo,palermo-city-center,0fb2dcc6-45a1-4842-a283-7e9735e9ca1c,J&J's,100,3,5,5,5.0,5
2026-09-24,palermo,palermo-city-center,0fb2dcc6-45a1-4842-a283-7e9735e9ca1c,J&J's,100,8,5,3,5.0,5
2026-09-25,palermo,palermo-city-center,0fb2dcc6-45a1-4842-a283-7e9735e9ca1c,J&J's,100,6,4,3,4.0,4
2026-09-23,palermo,viii-circoscrizione,11a36855-7abb-4a75-9d22-7b5abe16813a,J&J's,0,3,0,0,,0
2026-09-24,palermo,viii-circoscrizione,11a36855-7abb-4a75-9d22-7b5abe16813a,J&J's,0,8,0,0,,0
2026-09-25,palermo,viii-circoscrizione,11a36855-7abb-4a75-9d22-7b5abe16813a,J&J's,0,6,0,0,,0
2026-09-23,palermo,viii-circoscrizione,1283daf6-2f8e-43d8-8864-b81d0e6528e2,J&J's,0,3,0,0,,0
2026-09-24,palermo,viii-circoscrizione,1283daf6-2f8e-43d8-8864-b81d0e6528e2,J&J's,0,8,0,0,,0
2026-09-25,palermo,viii-circoscrizione,1283daf6-2f8e-43d8-8864-b81d0e6528e2,J&J's,0,6,0,0,,0
2026-09-23,palermo,corso-dei-mille-sant-erasmo,12e7ab60-43ac-4890-96d4-cf5c9c82e2c9,J&J's,0,3,0,0,,0
2026-09-24,palermo,corso-dei-mille-sant-erasmo,12e7ab60-43ac-4890-96d4-cf5c9c82e2c9,J&J's,0,8,0,0,,0
2026-09-25,palermo,corso-dei-mille-sant-erasmo,12e7ab60-43ac-4890-96d4-cf5c9c82e2c9,J&J's,0,6,0,0,,0
2026-09-23,palermo,port-palermo,13326973-ee95-4c43-9f3b-5c335b82e9dc,J&J's,0,3,1,1,,1
2026-09-24,palermo,port-palermo,13326973-ee95-4c43-9f3b-5c335b82e9dc,J&J's,0,8,1,1,,1
2026-09-25,palermo,port-palermo,13326973-ee95-4c43-9f3b-5c335b82e9dc,J&J's,0,6,1,1,,1
2026-09-23,palermo,villaggio-santa-rosalia,13a8d613-a515-402f-986f-86cadf3e8694,J&J's,0,3,0,0,,0
2026-09-24,palermo,villaggio-santa-rosalia,13a8d613-a515-402f-986f-86cadf3e8694,J&J's,0,8,0,0,,0
2026-09-25,palermo,villaggio-santa-rosalia,13a8d613-a515-402f-986f-86cadf3e8694,J&J's,0,6,0,0,,0
2026-09-23,palermo,palermo-centrale,157ac42f-6fb6-4c84-aa69-8dd3d7461c69,J&J's,0,3,0,0,,0
2026-09-24,palermo,palermo-centrale,157ac42f-6fb6-4c84-aa69-8dd3d7461c69,J&J's,0,8,1,1,,1
2026-09-25,palermo,palermo-centrale,157ac42f-6fb6-4c84-aa69-8dd3d7461c69,J&J's,0,6,1,1,,1
2026-09-23,palermo,viii-circoscrizione,175b6a2b-de28-47bd-89bf-cfc85318661f,J&J's,0,3,1,1,,1
2026-09-24,palermo,viii-circoscrizione,175b6a2b-de28-47bd-89bf-cfc85318661f,J&J's,0,8,1,1,,1
2026-09-25,palermo,viii-circoscrizione,175b6a2b-de28-47bd-89bf-cfc85318661f,J&J's,0,6,1,1,,1
2026-09-23,palermo,viii-circoscrizione,18553541-f412-4b55-9ef5-7bf0f98d42b6,J&J's,0,3,0,0,,0
2026-09-24,palermo,viii-circoscrizione,18553541-f412-4b55-9ef5-7bf0f98d42b6,J&J's,0,8,0,0,,0
2026-09-25,palermo,viii-circoscrizione,18553541-f412-4b55-9ef5-7bf0f98d42b6,J&J's,0,6,0,0,,0
2026-09-23,palermo,palermo-city-center,19b73f43-a9f7-48f4-9144-3d43efd8ccec,J&J's,50,3,13,13,26.0,13
2026-09-24,palermo,palermo-city-center,19b73f43-a9f7-48f4-9144-3d43efd8ccec,J&J's,50,8,13,13,26.0,14
2026-09-25,palermo,palermo-city-center,19b73f43-a9f7-48f4-9144-3d43efd8ccec,J&J's,50,6,13,12,26.0,13
2026-09-23,palermo,valdesi,19f12374-983c-47a0-9802-b6704f4bcd1f,J&J's,0,3,7,7,,7
2026-09-24,palermo,valdesi,19f12374-983c-47a0-9802-b6704f4bcd1f,J&J's,0,8,7,6,,7
2026-09-25,palermo,valdesi,19f12374-983c-47a0-9802-b6704f4bcd1f,J&J's,0,6,6,6,,6
2026-09-23,palermo,misilmeri,1b97cd9c-7906-4902-b7df-1a910e575c7d,J&J's,0,3,0,0,,0
2026-09-24,palermo,misilmeri,1b97cd9c-7906-4902-b7df-1a910e575c7d,J&J's,0,8,0,0,,0
2026-09-25,palermo,misilmeri,1b97cd9c-7906-4902-b7df-1a910e575c7d,J&J's,0,6,0,0,,0
2026-09-23,palermo,port-palermo,228adde4-b898-4086-badb-628b4362c49f,J&J's,15,3,1,1,6.7,1
2026-09-24,palermo,port-palermo,228adde4-b898-4086-badb-628b4362c49f,J&J's,15,8,1,1,6.7,1
2026-09-25,palermo,port-palermo,228adde4-b898-4086-badb-628b4362c49f,J&J's,15,6,1,1,6.7,1
2026-09-23,palermo,palermo-city-center,22b2f6b3-e914-4e31-94eb-46805abbebce,J&J's,20,3,5,5,25.0,5
2026-09-24,palermo,palermo-city-center,22b2f6b3-e914-4e31-94eb-46805abbebce,J&J's,20,8,5,5,25.0,5
2026-09-25,palermo,palermo-city-center,22b2f6b3-e914-4e31-94eb-46805abbebce,J&J's,20,6,5,5,25.0,5
2026-09-23,palermo,palermo-centrale,2395fe89-8508-4641-9e08-5811be3d9341,J&J's,0,3,4,4,,4
2026-09-24,palermo,palermo-centrale,2395fe89-8508-4641-9e08-5811be3d9341,J&J's,0,8,4,3,,4
2026-09-25,palermo,palermo-centrale,2395fe89-8508-4641-9e08-5811be3d9341,J&J's,0,6,9,9,,9
2026-09-23,palermo,villa-raverio,27af9d41-b611-4d65-be3f-5b39b5ab4fa5,J&J's,0,3,0,0,,0
2026-09-24,palermo,villa-raverio,27af9d41-b611-4d65-be3f-5b39b5ab4fa5,J&J's,0,8,0,0,,0
2026-09-25,palermo,villa-raverio,27af9d41-b611-4d65-be3f-5b39b5ab4fa5,J&J's,0,6,0,0,,0
2026-09-23,palermo,caravella,2df0e17e-d22f-46d7-8c08-d624c7e919b8,J&J's,0,3,0,0,,0
2026-09-24,palermo,caravella,2df0e17e-d22f-46d7-8c08-d624c7e919b8,J&J's,0,8,0,0,,0
2026-09-25,palermo,caravella,2df0e17e-d22f-46d7-8c08-d624c7e919b8,J&J's,0,6,0,0,,0
2026-09-23,palermo,mont-di-pieta,34437b49-81d6-4344-a454-45f15ae37701,J&J's,0,3,0,0,,0
2026-09-24,palermo,mont-di-pieta,34437b49-81d6-4344-a454-45f15ae37701,J&J's,0,8,0,0,,0
2026-09-25,palermo,mont-di-pieta,34437b49-81d6-4344-a454-45f15ae37701,J&J's,0,6,0,0,,0
2026-09-23,palermo,port-palermo,360f2471-2325-4eb0-8a1a-46b86d38d8ea,J&J's,0,3,0,0,,0
2026-09-24,palermo,port-palermo,360f2471-2325-4eb0-8a1a-46b86d38d8ea,J&J's,0,8,0,0,,0
2026-09-25,palermo,port-palermo,360f2471-2325-4eb0-8a1a-46b86d38d8ea,J&J's,0,6,0,0,,0
2026-09-23,palermo,mont-di-pieta,37cc5be9-7db2-416d-8f22-07fb99ea6302,J&J's,0,3,1,1,,1
2026-09-24,palermo,mont-di-pieta,37cc5be9-7db2-416d-8f22-07fb99ea6302,J&J's,0,8,1,1,,1
2026-09-25,palermo,mont-di-pieta,37cc5be9-7db2-416d-8f22-07fb99ea6302,J&J's,0,6,1,0,,1
2026-09-23,palermo,palermo-city-center,3eee15eb-dba6-45ea-854e-5f1b714060eb,J&J's,100,3,2,2,2.0,2
2026-09-24,palermo,palermo-city-center,3eee15eb-dba6-45ea-854e-5f1b714060eb,J&J's,100,8,2,2,2.0,2
2026-09-25,palermo,palermo-city-center,3eee15eb-dba6-45ea-854e-5f1b714060eb,J&J's,100,6,2,2,2.0,2
2026-09-23,palermo,historical-centre-of-palermo,43debf9c-ef21-40fe-a347-20999ce997ad,J&J's,50,3,29,29,58.0,29
2026-09-24,palermo,historical-centre-of-palermo,43debf9c-ef21-40fe-a347-20999ce997ad,J&J's,50,8,29,29,58.0,29
2026-09-25,palermo,historical-centre-of-palermo,43debf9c-ef21-40fe-a347-20999ce997ad,J&J's,50,6,29,25,58.0,29
2026-09-23,palermo,v-circoscrizione,459ae862-3d63-4ffe-a5f8-2cd4305c9853,J&J's,0,3,1,1,,1
2026-09-24,palermo,v-circoscrizione,459ae862-3d63-4ffe-a5f8-2cd4305c9853,J&J's,0,8,1,1,,1
2026-09-25,palermo,v-circoscrizione,459ae862-3d63-4ffe-a5f8-2cd4305c9853,J&J's,0,6,1,1,,1
2026-09-23,palermo,san-lorenzo,47f9c8dd-71a2-46c8-849b-d0c0f9b40c62,J&J's,0,3,0,0,,0
2026-09-24,palermo,san-lorenzo,47f9c8dd-71a2-46c8-849b-d0c0f9b40c62,J&J's,0,8,0,0,,0
2026-09-25,palermo,san-lorenzo,47f9c8dd-71a2-46c8-849b-d0c0f9b40c62,J&J's,0,6,0,0,,0
2026-09-23,palermo,blandino,4a028403-f522-440d-8a54-2d5856b003bf,J&J's,0,3,0,0,,0
2026-09-24,palermo,blandino,4a028403-f522-440d-8a54-2d5856b003bf,J&J's,0,8,0,0,,0
2026-09-25,palermo,blandino,4a028403-f522-440d-8a54-2d5856b003bf,J&J's,0,6,0,0,,0
2026-09-23,palermo,historical-centre-of-palermo,4b4a2963-353a-4839-b2cc-aa20a622d037,J&J's,0,3,3,3,,3
2026-09-24,palermo,historical-centre-of-palermo,4b4a2963-353a-4839-b2cc-aa20a622d037,J&J's,0,8,3,1,,3
2026-09-25,palermo,historical-centre-of-palermo,4b4a2963-353a-4839-b2cc-aa20a622d037,J&J's,0,6,1,1,,1
2026-09-23,palermo,viii-circoscrizione,4e0b8dff-b202-4302-961e-e1a6a5db6a12,J&J's,20,3,0,0,0.0,0
2026-09-24,palermo,viii-circoscrizione,4e0b8dff-b202-4302-961e-e1a6a5db6a12,J&J's,20,8,0,0,0.0,0
2026-09-25,palermo,viii-circoscrizione,4e0b8dff-b202-4302-961e-e1a6a5db6a12,J&J's,20,6,0,0,0.0,0
2026-09-23,palermo,port-palermo,50c6316a-8a5c-4bfe-9d2d-4432cdd8f161,J&J's,0,3,0,0,,0
2026-09-24,palermo,port-palermo,50c6316a-8a5c-4bfe-9d2d-4432cdd8f161,J&J's,0,8,0,0,,0
2026-09-25,palermo,port-palermo,50c6316a-8a5c-4bfe-9d2d-4432cdd8f161,J&J's,0,6,0,0,,0
2026-09-23,palermo,mont-di-pieta,50e61882-930a-43b6-987c-73f50897d9d0,J&J's,0,3,0,0,,0
2026-09-24,palermo,mont-di-pieta,50e61882-930a-43b6-987c-73f50897d9d0,J&J's,0,8,0,0,,0
2026-09-25,palermo,mont-di-pieta,50e61882-930a-43b6-987c-73f50897d9d0,J&J's,0,6,0,0,,0
2026-09-23,palermo,mont-di-pieta,513248d4-ae1f-41ef-8707-6471f8fc0cbe,J&J's,0,3,1,1,,1
2026-09-24,palermo,mont-di-pieta,513248d4-ae1f-41ef-8707-6471f8fc0cbe,J&J's,0,8,2,2,,2
2026-09-25,palermo,mont-di-pieta,513248d4-ae1f-41ef-8707-6471f8fc0cbe,J&J's,0,6,2,2,,2
2026-09-23,palermo,palermo-city-center,51b92596-e35d-49e8-b199-1b5e5dc85a5f,J&J's,0,3,0,0,,0
2026-09-24,palermo,palermo-city-center,51b92596-e35d-49e8-b199-1b5e5dc85a5f,J&J's,0,8,0,0,,0
2026-09-25,palermo,palermo-city-center,51b92596-e35d-49e8-b199-1b5e5dc85a5f,J&J's,0,6,0,0,,0
2026-09-23,palermo,serradifalco,55c0b916-ff67-4a00-8165-6b53a0c5b6b8,J&J's,0,3,0,0,,0
2026-09-24,palermo,serradifalco,55c0b916-ff67-4a00-8165-6b53a0c5b6b8,J&J's,0,8,0,0,,0
2026-09-25,palermo,serradifalco,55c0b916-ff67-4a00-8165-6b53a0c5b6b8,J&J's,0,6,0,0,,0
2026-09-23,palermo,palermo-city-center,5fe330e3-6a61-40a1-9c19-1d8cbda85d66,J&J's,0,3,1,1,,1
2026-09-24,palermo,palermo-city-center,5fe330e3-6a61-40a1-9c19-1d8cbda85d66,J&J's,0,8,1,1,,1
2026-09-25,palermo,palermo-city-center,5fe330e3-6a61-40a1-9c19-1d8cbda85d66,J&J's,0,6,1,1,,1
2026-09-23,palermo,albergheria,60e3c4e1-7587-4c04-a977-e103d96e3261,J&J's,100,3,0,0,0.0,0
2026-09-24,palermo,albergheria,60e3c4e1-7587-4c04-a977-e103d96e3261,J&J's,100,8,0,0,0.0,0
2026-09-25,palermo,albergheria,60e3c4e1-7587-4c04-a977-e103d96e3261,J&J's,100,6,0,0,0.0,0
2026-09-23,palermo,palermo-city-center,61e9bf90-b7d9-4ff7-8227-8938fba8027e,J&J's,0,3,1,1,,1
2026-09-24,palermo,palermo-city-center,61e9bf90-b7d9-4ff7-8227-8938fba8027e,J&J's,0,8,1,1,,1
2026-09-25,palermo,palermo-city-center,61e9bf90-b7d9-4ff7-8227-8938fba8027e,J&J's,0,6,2,2,,2
2026-09-23,palermo,porticello,6a5f0d08-e900-4a9b-9e20-3a4a36d9dc12,J&J's,0,3,0,0,,0
2026-09-24,palermo,porticello,6a5f0d08-e900-4a9b-9e20-3a4a36d9dc12,J&J's,0,8,0,0,,0
2026-09-25,palermo,porticello,6a5f0d08-e900-4a9b-9e20-3a4a36d9dc12,J&J's,0,6,0,0,,0
2026-09-23,palermo,figino-serenza,6d63cb2c-7023-408d-8868-24ecefdb6236,J&J's,0,3,0,0,,0
2026-09-24,palermo,figino-serenza,6d63cb2c-7023-408d-8868-24ecefdb6236,J&J's,0,8,0,0,,0
2026-09-25,palermo,figino-serenza,6d63cb2c-7023-408d-8868-24ecefdb6236,J&J's,0,6,0,0,,0
2026-09-23,palermo,mont-di-pieta,71abc8cf-78cd-43cc-8786-18103070194f,J&J's,0,3,1,1,,1
2026-09-24,palermo,mont-di-pieta,71abc8cf-78cd-43cc-8786-18103070194f,J&J's,0,8,1,1,,1
2026-09-25,palermo,mont-di-pieta,71abc8cf-78cd-43cc-8786-18103070194f,J&J's,0,6,1,1,,1
2026-09-23,palermo,albergheria,73fbb486-eb82-4eb8-98f8-0cc8087432cf,J&J's,50,3,2,2,4.0,2
2026-09-24,palermo,albergheria,73fbb486-eb82-4eb8-98f8-0cc8087432cf,J&J's,50,8,2,2,4.0,2
2026-09-25,palermo,albergheria,73fbb486-eb82-4eb8-98f8-0cc8087432cf,J&J's,50,6,2,2,4.0,2
2026-09-23,palermo,ficarazzelli,74abfbe0-98af-409f-bfeb-a3016defab1d,J&J's,0,3,0,0,,0
2026-09-24,palermo,ficarazzelli,74abfbe0-98af-409f-bfeb-a3016defab1d,J&J's,0,8,0,0,,0
2026-09-25,palermo,ficarazzelli,74abfbe0-98af-409f-bfeb-a3016defab1d,J&J's,0,6,0,0,,0
2026-09-23,palermo,olivuzza,76ac55b4-1e41-41a0-9351-67c6af14332a,J&J's,0,3,0,0,,0
2026-09-24,palermo,olivuzza,76ac55b4-1e41-41a0-9351-67c6af14332a,J&J's,0,8,0,0,,0
2026-09-25,palermo,olivuzza,76ac55b4-1e41-41a0-9351-67c6af14332a,J&J's,0,6,0,0,,0
2026-09-23,palermo,palermo-city-center,79aab298-1ea5-4789-800f-23c09b64ef00,J&J's,0,3,1,1,,1
2026-09-24,palermo,palermo-city-center,79aab298-1ea5-4789-800f-23c09b64ef00,J&J's,0,8,1,1,,1
2026-09-25,palermo,palermo-city-center,79aab298-1ea5-4789-800f-23c09b64ef00,J&J's,0,6,1,1,,1
2026-09-23,palermo,villaggio-santa-rosalia,83d10dd1-c6f0-453d-b7e8-2427d467d3e2,J&J's,0,3,0,0,,0
2026-09-24,palermo,villaggio-santa-rosalia,83d10dd1-c6f0-453d-b7e8-2427d467d3e2,J&J's,0,8,0,0,,0
2026-09-25,palermo,villaggio-santa-rosalia,83d10dd1-c6f0-453d-b7e8-2427d467d3e2,J&J's,0,6,0,0,,0
2026-09-23,palermo,rovellasca,873ad015-8eae-4371-b396-0338b6688885,J&J's,0,3,0,0,,0
2026-09-24,palermo,rovellasca,873ad015-8eae-4371-b396-0338b6688885,J&J's,0,8,0,0,,0
2026-09-25,palermo,rovellasca,873ad015-8eae-4371-b396-0338b6688885,J&J's,0,6,0,0,,0
2026-09-23,palermo,historical-centre-of-palermo,876a9913-61ce-4552-8627-1b96d4ecee77,J&J's,0,3,0,0,,0
2026-09-24,palermo,historical-centre-of-palermo,876a9913-61ce-4552-8627-1b96d4ecee77,J&J's,0,8,0,0,,0
2026-09-25,palermo,historical-centre-of-palermo,876a9913-61ce-4552-8627-1b96d4ecee77,J&J's,0,6,0,0,,0
2026-09-23,palermo,politeama,876bd0c4-2539-420c-bd31-706115f3979b,J&J's,0,3,0,0,,0
2026-09-24,palermo,politeama,876bd0c4-2539-420c-bd31-706115f3979b,J&J's,0,8,1,1,,1
2026-09-25,palermo,politeama,876bd0c4-2539-420c-bd31-706115f3979b,J&J's,0,6,1,1,,1
2026-09-23,palermo,palazzo-comitini,87e6056d-afe1-4e4c-9885-5653199513a7,J&J's,0,3,1,1,,1
2026-09-24,palermo,palazzo-comitini,87e6056d-afe1-4e4c-9885-5653199513a7,J&J's,0,8,1,1,,1
2026-09-25,palermo,palazzo-comitini,87e6056d-afe1-4e4c-9885-5653199513a7,J&J's,0,6,1,1,,1
2026-09-23,palermo,palermo-centrale,89f37751-7c70-411e-9f55-0c2121326b88,J&J's,0,3,3,3,,3
2026-09-24,palermo,palermo-centrale,89f37751-7c70-411e-9f55-0c2121326b88,J&J's,0,8,3,3,,3
2026-09-25,palermo,palermo-centrale,89f37751-7c70-411e-9f55-0c2121326b88,J&J's,0,6,3,1,,3
2026-09-23,palermo,palermo-centrale,8a49f45f-e4b8-49ec-8427-9fe60e093e5c,J&J's,25,3,17,16,68.0,17
2026-09-24,palermo,palermo-centrale,8a49f45f-e4b8-49ec-8427-9fe60e093e5c,J&J's,25,8,16,9,64.0,16
2026-09-25,palermo,palermo-centrale,8a49f45f-e4b8-49ec-8427-9fe60e093e5c,J&J's,25,6,10,10,40.0,11
2026-09-23,palermo,viii-circoscrizione,8c665906-dc73-4715-9deb-03a0aadd79f5,J&J's,0,3,0,0,,0
2026-09-24,palermo,viii-circoscrizione,8c665906-dc73-4715-9deb-03a0aadd79f5,J&J's,0,8,0,0,,0
2026-09-25,palermo,viii-circoscrizione,8c665906-dc73-4715-9deb-03a0aadd79f5,J&J's,0,6,0,0,,0
2026-09-23,palermo,angiò,8d536d04-a75c-49fc-abbc-a42b290ca884,J&J's,0,3,0,0,,0
2026-09-24,palermo,angiò,8d536d04-a75c-49fc-abbc-a42b290ca884,J&J's,0,8,0,0,,0
2026-09-25,palermo,angiò,8d536d04-a75c-49fc-abbc-a42b290ca884,J&J's,0,6,0,0,,0
2026-09-23,palermo,palermo-city-center,92a184ed-fa57-41f1-9d57-07e1ea18d88e,J&J's,0,3,0,0,,0
2026-09-24,palermo,palermo-city-center,92a184ed-fa57-41f1-9d57-07e1ea18d88e,J&J's,0,8,1,1,,1
2026-09-25,palermo,palermo-city-center,92a184ed-fa57-41f1-9d57-07e1ea18d88e,J&J's,0,6,1,1,,1
2026-09-23,palermo,politeama,976493f5-bea2-4c9c-988c-0aa5f52e9da2,J&J's,0,3,0,0,,0
2026-09-24,palermo,politeama,976493f5-bea2-4c9c-988c-0aa5f52e9da2,J&J's,0,8,2,2,,2
2026-09-25,palermo,politeama,976493f5-bea2-4c9c-988c-0aa5f52e9da2,J&J's,0,6,2,2,,2
2026-09-23,palermo,port-palermo,9875e261-ae5f-4f78-9c87-3d83362a674e,J&J's,0,3,0,0,,0
2026-09-24,palermo,port-palermo,9875e261-ae5f-4f78-9c87-3d83362a674e,J&J's,0,8,0,0,,0
2026-09-25,palermo,port-palermo,9875e261-ae5f-4f78-9c87-3d83362a674e,J&J's,0,6,0,0,,0
2026-09-23,palermo,palermo-centrale,9c668f1b-dde9-4523-bea2-385c14489fce,J&J's,0,3,33,33,,33
2026-09-24,palermo,palermo-centrale,9c668f1b-dde9-4523-bea2-385c14489fce,J&J's,0,8,37,35,,37
2026-09-25,palermo,palermo-centrale,9c668f1b-dde9-4523-bea2-385c14489fce,J&J's,0,6,36,36,,36
2026-09-23,palermo,aquino,9ef08c36-f5d9-421d-ad34-d099e8740471,J&J's,0,3,2,2,,2
2026-09-24,palermo,aquino,9ef08c36-f5d9-421d-ad34-d099e8740471,J&J's,0,8,2,2,,2
2026-09-25,palermo,aquino,9ef08c36-f5d9-421d-ad34-d099e8740471,J&J's,0,6,2,2,,2
2026-09-23,palermo,port-palermo,9fa54404-d703-4d0a-8142-8fe218475640,J&J's,0,3,0,0,,0
2026-09-24,palermo,port-palermo,9fa54404-d703-4d0a-8142-8fe218475640,J&J's,0,8,0,0,,0
2026-09-25,palermo,port-palermo,9fa54404-d703-4d0a-8142-8fe218475640,J&J's,0,6,0,0,,0
2026-09-23,palermo,viii-circoscrizione,9fc2715b-4bd7-4c42-8e24-666afa26e0e3,J&J's,0,3,0,0,,0
2026-09-24,palermo,viii-circoscrizione,9fc2715b-4bd7-4c42-8e24-666afa26e0e3,J&J's,0,8,0,0,,0
2026-09-25,palermo,viii-circoscrizione,9fc2715b-4bd7-4c42-8e24-666afa26e0e3,J&J's,0,6,0,0,,0
2026-09-23,palermo,historical-centre-of-palermo,a02038d2-54b3-4b61-b9b4-33b05c435e4d,J&J's,100,3,1,1,1.0,1
2026-09-24,palermo,historical-centre-of-palermo,a02038d2-54b3-4b61-b9b4-33b05c435e4d,J&J's,100,8,1,1,1.0,1
2026-09-25,palermo,historical-centre-of-palermo,a02038d2-54b3-4b61-b9b4-33b05c435e4d,J&J's,100,6,1,1,1.0,1
2026-09-23,palermo,aquino,a1304e3b-c94f-496a-af74-74edda8af26c,J&J's,6,3,0,0,0.0,0
2026-09-24,palermo,aquino,a1304e3b-c94f-496a-af74-74edda8af26c,J&J's,6,8,0,0,0.0,0
2026-09-25,palermo,aquino,a1304e3b-c94f-496a-af74-74edda8af26c,J&J's,6,6,0,0,0.0,0
2026-09-23,palermo,falsomiele,a7efb907-e74d-460f-ae61-06bf80c46fed,J&J's,50,3,1,1,2.0,1
2026-09-24,palermo,falsomiele,a7efb907-e74d-460f-ae61-06bf80c46fed,J&J's,50,8,1,0,2.0,1
2026-09-25,palermo,falsomiele,a7efb907-e74d-460f-ae61-06bf80c46fed,J&J's,50,6,0,0,0.0,0
2026-09-23,palermo,historical-centre-of-palermo,a94a4bf3-9418-4b04-9ef8-fc3e8c5ad788,J&J's,0,3,12,12,,12
2026-09-24,palermo,historical-centre-of-palermo,a94a4bf3-9418-4b04-9ef8-fc3e8c5ad788,J&J's,0,8,15,15,,15
2026-09-25,palermo,historical-centre-of-palermo,a94a4bf3-9418-4b04-9ef8-fc3e8c5ad788,J&J's,0,6,15,14,,15
2026-09-23,palermo,inserra,aaf6c900-63df-4a9f-9a09-5b025741049a,J&J's,0,3,0,0,,0
2026-09-24,palermo,inserra,aaf6c900-63df-4a9f-9a09-5b025741049a,J&J's,0,8,0,0,,0
2026-09-25,palermo,inserra,aaf6c900-63df-4a9f-9a09-5b025741049a,J&J's,0,6,0,0,,0
2026-09-23,palermo,viii-circoscrizione,ace4738d-900d-48a7-997d-0720d9918626,J&J's,0,3,1,1,,1
2026-09-24,palermo,viii-circoscrizione,ace4738d-900d-48a7-997d-0720d9918626,J&J's,0,8,1,1,,1
2026-09-25,palermo,viii-circoscrizione,ace4738d-900d-48a7-997d-0720d9918626,J&J's,0,6,1,1,,1
2026-09-23,palermo,corso-dei-mille-sant-erasmo,b248891a-912e-4455-920d-e7c7209191e3,J&J's,50,3,0,0,0.0,0
2026-09-24,palermo,corso-dei-mille-sant-erasmo,b248891a-912e-4455-920d-e7c7209191e3,J&J's,50,8,0,0,0.0,0
2026-09-25,palermo,corso-dei-mille-sant-erasmo,b248891a-912e-4455-920d-e7c7209191e3,J&J's,50,6,0,0,0.0,0
2026-09-23,palermo,cruillas,b323d6df-be99-4941-8c99-954408362a5c,J&J's,0,3,0,0,,0
2026-09-24,palermo,cruillas,b323d6df-be99-4941-8c99-954408362a5c,J&J's,0,8,0,0,,0
2026-09-25,palermo,cruillas,b323d6df-be99-4941-8c99-954408362a5c,J&J's,0,6,0,0,,0
2026-09-23,palermo,mondello,b339bc10-9b20-4367-8ab0-78b6fc6371e2,J&J's,0,3,0,0,,0
2026-09-24,palermo,mondello,b339bc10-9b20-4367-8ab0-78b6fc6371e2,J&J's,0,8,0,0,,0
2026-09-25,palermo,mondello,b339bc10-9b20-4367-8ab0-78b6fc6371e2,J&J's,0,6,0,0,,0
2026-09-23,palermo,olivuzza,b71351c0-d436-49e3-b22b-3e1759560833,J&J's,0,3,3,3,,3
2026-09-24,palermo,olivuzza,b71351c0-d436-49e3-b22b-3e1759560833,J&J's,0,8,3,3,,3
2026-09-25,palermo,olivuzza,b71351c0-d436-49e3-b22b-3e1759560833,J&J's,0,6,3,3,,3
2026-09-23,palermo,mariano-comense,b83f1f23-dd7d-4205-a094-e2566de675bd,J&J's,0,3,0,0,,0
2026-09-24,palermo,mariano-comense,b83f1f23-dd7d-4205-a094-e2566de675bd,J&J's,0,8,0,0,,0
2026-09-25,palermo,mariano-comense,b83f1f23-dd7d-4205-a094-e2566de675bd,J&J's,0,6,0,0,,0
2026-09-23,palermo,settecannoli,b88edd4d-7dc3-47f5-82cc-472a2acb53d1,J&J's,0,3,0,0,,0
2026-09-24,palermo,settecannoli,b88edd4d-7dc3-47f5-82cc-472a2acb53d1,J&J's,0,8,0,0,,0
2026-09-25,palermo,settecannoli,b88edd4d-7dc3-47f5-82cc-472a2acb53d1,J&J's,0,6,0,0,,0
2026-09-23,palermo,falsomiele,b8d4495b-5af8-4f4e-a896-a4091640bb23,J&J's,0,3,0,0,,0
2026-09-24,palermo,falsomiele,b8d4495b-5af8-4f4e-a896-a4091640bb23,J&J's,0,8,0,0,,0
2026-09-25,palermo,falsomiele,b8d4495b-5af8-4f4e-a896-a4091640bb23,J&J's,0,6,0,0,,0
2026-09-23,palermo,villaggio-santa-rosalia,bcc2819f-abbe-4f82-8233-f7d95c549c26,J&J's,0,3,0,0,,0
2026-09-24,palermo,villaggio-santa-rosalia,bcc2819f-abbe-4f82-8233-f7d95c549c26,J&J's,0,8,0,0,,0
2026-09-25,palermo,villaggio-santa-rosalia,bcc2819f-abbe-4f82-8233-f7d95c549c26,J&J's,0,6,0,0,,0
2026-09-23,palermo,villaggio-santa-rosalia,bcddde0d-208a-43da-a888-9566a3c662c2,J&J's,0,3,0,0,,0
2026-09-24,palermo,villaggio-santa-rosalia,bcddde0d-208a-43da-a888-9566a3c662c2,J&J's,0,8,0,0,,0
2026-09-25,palermo,villaggio-santa-rosalia,bcddde0d-208a-43da-a888-9566a3c662c2,J&J's,0,6,0,0,,0
2026-09-23,palermo,volta-prealpi,c1b55f39-a67c-40d8-b32d-9d56e563be9c,J&J's,0,3,0,0,,0
2026-09-24,palermo,volta-prealpi,c1b55f39-a67c-40d8-b32d-9d56e563be9c,J&J's,0,8,0,0,,0
2026-09-25,palermo,volta-prealpi,c1b55f39-a67c-40d8-b32d-9d56e563be9c,J&J's,0,6,0,0,,0
2026-09-23,palermo,passo-di-rigano,c5d499d6-9f18-48f5-b006-f902c389f852,J&J's,0,3,0,0,,0
2026-09-24,palermo,passo-di-rigano,c5d499d6-9f18-48f5-b006-f902c389f852,J&J's,0,8,0,0,,0
2026-09-25,palermo,passo-di-rigano,c5d499d6-9f18-48f5-b006-f902c389f852,J&J's,0,6,0,0,,0
2026-09-23,palermo,porticello,c74c96b9-3b75-4753-81c3-d5c66b54e312,J&J's,0,3,0,0,,0
2026-09-24,palermo,porticello,c74c96b9-3b75-4753-81c3-d5c66b54e312,J&J's,0,8,0,0,,0
2026-09-25,palermo,porticello,c74c96b9-3b75-4753-81c3-d5c66b54e312,J&J's,0,6,0,0,,0
2026-09-23,palermo,palermo-city-center,c81aeb35-af82-4861-b287-0f9ffd4fe9fd,J&J's,100,3,0,0,0.0,0
2026-09-24,palermo,palermo-city-center,c81aeb35-af82-4861-b287-0f9ffd4fe9fd,J&J's,100,8,0,0,0.0,0
2026-09-25,palermo,palermo-city-center,c81aeb35-af82-4861-b287-0f9ffd4fe9fd,J&J's,100,6,0,0,0.0,0
2026-09-23,palermo,viii-circoscrizione,cd16bf2c-9a7d-4610-8a62-e67ad3c5dfb5,J&J's,0,3,0,0,,0
2026-09-24,palermo,viii-circoscrizione,cd16bf2c-9a7d-4610-8a62-e67ad3c5dfb5,J&J's,0,8,0,0,,0
2026-09-25,palermo,viii-circoscrizione,cd16bf2c-9a7d-4610-8a62-e67ad3c5dfb5,J&J's,0,6,0,0,,0
2026-09-23,palermo,palermo-city-center,cd7e8a63-31f1-4461-b55d-be6530540a4a,J&J's,0,3,22,22,,22
2026-09-24,palermo,palermo-city-center,cd7e8a63-31f1-4461-b55d-be6530540a4a,J&J's,0,8,24,22,,24
2026-09-25,palermo,palermo-city-center,cd7e8a63-31f1-4461-b55d-be6530540a4a,J&J's,0,6,22,22,,22
2026-09-23,palermo,palermo-city-center,ce9f312c-c0ec-4a7f-858a-a9853c5441f7,J&J's,0,3,0,0,,0
2026-09-24,palermo,palermo-city-center,ce9f312c-c0ec-4a7f-858a-a9853c5441f7,J&J's,0,8,1,1,,1
2026-09-25,palermo,palermo-city-center,ce9f312c-c0ec-4a7f-858a-a9853c5441f7,J&J's,0,6,1,1,,1
2026-09-23,palermo,politeama,d0ca2fb7-629c-4559-a02a-646a3a612e62,J&J's,0,3,2,2,,2
2026-09-24,palermo,politeama,d0ca2fb7-629c-4559-a02a-646a3a612e62,J&J's,0,8,2,2,,2
2026-09-25,palermo,politeama,d0ca2fb7-629c-4559-a02a-646a3a612e62,J&J's,0,6,2,2,,2
2026-09-23,palermo,fiera,d2d2a2b2-e39e-4a96-b469-79c1504a5f43,J&J's,0,3,0,0,,0
2026-09-24,palermo,fiera,d2d2a2b2-e39e-4a96-b469-79c1504a5f43,J&J's,0,8,0,0,,0
2026-09-25,palermo,fiera,d2d2a2b2-e39e-4a96-b469-79c1504a5f43,J&J's,0,6,0,0,,0
2026-09-23,palermo,fiera,d92a4113-dc16-4d77-9f0d-4b8cac0a259b,J&J's,100,3,2,2,2.0,2
2026-09-24,palermo,fiera,d92a4113-dc16-4d77-9f0d-4b8cac0a259b,J&J's,100,8,2,2,2.0,2
2026-09-25,palermo,fiera,d92a4113-dc16-4d77-9f0d-4b8cac0a259b,J&J's,100,6,2,2,2.0,2
2026-09-23,palermo,palermo-centrale,dacd2b85-ff88-4d69-aca8-26944bd4fcf2,J&J's,0,3,4,4,,4
2026-09-24,palermo,palermo-centrale,dacd2b85-ff88-4d69-aca8-26944bd4fcf2,J&J's,0,8,4,4,,4
2026-09-25,palermo,palermo-centrale,dacd2b85-ff88-4d69-aca8-26944bd4fcf2,J&J's,0,6,4,2,,4
2026-09-23,palermo,casteldaccia,dbcd487b-4f71-4e54-b6e0-c313b36c1d73,J&J's,0,3,0,0,,0
2026-09-24,palermo,casteldaccia,dbcd487b-4f71-4e54-b6e0-c313b36c1d73,J&J's,0,8,0,0,,0
2026-09-25,palermo,casteldaccia,dbcd487b-4f71-4e54-b6e0-c313b36c1d73,J&J's,0,6,0,0,,0
2026-09-23,palermo,port-palermo,dc62674d-4707-4e94-99d0-916338b36ad7,J&J's,50,3,1,1,2.0,1
2026-09-24,palermo,port-palermo,dc62674d-4707-4e94-99d0-916338b36ad7,J&J's,50,8,1,1,2.0,1
2026-09-25,palermo,port-palermo,dc62674d-4707-4e94-99d0-916338b36ad7,J&J's,50,6,1,1,2.0,2
2026-09-23,palermo,piazza-verdi,dd5871ce-2252-4529-94d5-8cb42543e787,J&J's,0,3,1,1,,1
2026-09-24,palermo,piazza-verdi,dd5871ce-2252-4529-94d5-8cb42543e787,J&J's,0,8,1,0,,1
2026-09-25,palermo,piazza-verdi,dd5871ce-2252-4529-94d5-8cb42543e787,J&J's,0,6,0,0,,0
2026-09-23,palermo,viii-circoscrizione,ddba9d42-61ee-468f-add3-c79f6d44a570,J&J's,0,3,2,2,,2
2026-09-24,palermo,viii-circoscrizione,ddba9d42-61ee-468f-add3-c79f6d44a570,J&J's,0,8,2,2,,2
2026-09-25,palermo,viii-circoscrizione,ddba9d42-61ee-468f-add3-c79f6d44a570,J&J's,0,6,2,2,,2
2026-09-23,palermo,pianeta,de07ce4b-a044-4eda-bb58-2e2d49b51142,J&J's,0,3,0,0,,0
2026-09-24,palermo,pianeta,de07ce4b-a044-4eda-bb58-2e2d49b51142,J&J's,0,8,0,0,,0
2026-09-25,palermo,pianeta,de07ce4b-a044-4eda-bb58-2e2d49b51142,J&J's,0,6,0,0,,0
2026-09-23,palermo,volta-prealpi,e0547f9e-93b5-4d97-8573-78ab92b36f6e,J&J's,30,3,0,0,0.0,0
2026-09-24,palermo,volta-prealpi,e0547f9e-93b5-4d97-8573-78ab92b36f6e,J&J's,30,8,0,0,0.0,0
2026-09-25,palermo,volta-prealpi,e0547f9e-93b5-4d97-8573-78ab92b36f6e,J&J's,30,6,0,0,0.0,0
2026-09-23,palermo,volta-prealpi,e46a166a-58b5-4272-af31-a3bfb33157ac,J&J's,0,3,0,0,,0
2026-09-24,palermo,volta-prealpi,e46a166a-58b5-4272-af31-a3bfb33157ac,J&J's,0,8,0,0,,0
2026-09-25,palermo,volta-prealpi,e46a166a-58b5-4272-af31-a3bfb33157ac,J&J's,0,6,0,0,,0
2026-09-23,palermo,viii-circoscrizione,e51ef665-eb42-4a14-b79a-069578ea002e,J&J's,0,3,0,0,,0
2026-09-24,palermo,viii-circoscrizione,e51ef665-eb42-4a14-b79a-069578ea002e,J&J's,0,8,0,0,,0
2026-09-25,palermo,viii-circoscrizione,e51ef665-eb42-4a14-b79a-069578ea002e,J&J's,0,6,0,0,,0
2026-09-23,palermo,la-prevostina,e67ba203-2cbf-4e48-af9a-5ea9fca2bd06,J&J's,0,3,0,0,,0
2026-09-24,palermo,la-prevostina,e67ba203-2cbf-4e48-af9a-5ea9fca2bd06,J&J's,0,8,0,0,,0
2026-09-25,palermo,la-prevostina,e67ba203-2cbf-4e48-af9a-5ea9fca2bd06,J&J's,0,6,0,0,,0
2026-09-23,palermo,villaggio-santa-rosalia,e98ce4e8-9e07-4f30-9b97-c1c5132c394d,J&J's,0,3,0,0,,0
2026-09-24,palermo,villaggio-santa-rosalia,e98ce4e8-9e07-4f30-9b97-c1c5132c394d,J&J's,0,8,0,0,,0
2026-09-25,palermo,villaggio-santa-rosalia,e98ce4e8-9e07-4f30-9b97-c1c5132c394d,J&J's,0,6,0,0,,0
2026-09-23,palermo,palermo-centrale,e9d9e8c5-238a-40a1-a885-24943d52111d,J&J's,0,3,49,49,,49
2026-09-24,palermo,palermo-centrale,e9d9e8c5-238a-40a1-a885-24943d52111d,J&J's,0,8,48,44,,48
2026-09-25,palermo,palermo-centrale,e9d9e8c5-238a-40a1-a885-24943d52111d,J&J's,0,6,44,37,,44
2026-09-23,palermo,historical-centre-of-palermo,ea4b4223-b988-49a7-bceb-f1b51e61948c,J&J's,0,3,6,5,,6
2026-09-24,palermo,historical-centre-of-palermo,ea4b4223-b988-49a7-bceb-f1b51e61948c,J&J's,0,8,7,7,,7
2026-09-25,palermo,historical-centre-of-palermo,ea4b4223-b988-49a7-bceb-f1b51e61948c,J&J's,0,6,7,7,,7
2026-09-23,palermo,palermo-centrale,eda99b59-dcd0-44bc-8b60-30f354e8620e,J&J's,0,3,46,46,,46
2026-09-24,palermo,palermo-centrale,eda99b59-dcd0-44bc-8b60-30f354e8620e,J&J's,0,8,47,46,,47
2026-09-25,palermo,palermo-centrale,eda99b59-dcd0-44bc-8b60-30f354e8620e,J&J's,0,6,46,46,,46
2026-09-23,palermo,uditore,f23fad78-7e46-40eb-9996-79e1ca6ab552,J&J's,0,3,0,0,,0
2026-09-24,palermo,uditore,f23fad78-7e46-40eb-9996-79e1ca6ab552,J&J's,0,8,0,0,,0
2026-09-25,palermo,uditore,f23fad78-7e46-40eb-9996-79e1ca6ab552,J&J's,0,6,0,0,,0
2026-09-23,palermo,palermo-city-center,f9f1df3b-af56-4e5c-8888-8af8f0a21ead,J&J's,0,3,8,8,,8
2026-09-24,palermo,palermo-city-center,f9f1df3b-af56-4e5c-8888-8af8f0a21ead,J&J's,0,8,8,6,,8
2026-09-25,palermo,palermo-city-center,f9f1df3b-af56-4e5c-8888-8af8f0a21ead,J&J's,0,6,6,6,,6
2026-09-23,parma,fidenza,0fd1630c-f109-416e-96ff-e994fa1758c1,J&J's,0,3,0,0,,0
2026-09-24,parma,fidenza,0fd1630c-f109-416e-96ff-e994fa1758c1,J&J's,0,8,0,0,,0
2026-09-25,parma,fidenza,0fd1630c-f109-416e-96ff-e994fa1758c1,J&J's,0,6,0,0,,0
2026-09-23,parma,pellegrino-parmense,1319122c-62be-4236-989e-b497d22ee1b1,J&J's,0,3,0,0,,0
2026-09-24,parma,pellegrino-parmense,1319122c-62be-4236-989e-b497d22ee1b1,J&J's,0,8,0,0,,0
2026-09-25,parma,pellegrino-parmense,1319122c-62be-4236-989e-b497d22ee1b1,J&J's,0,6,0,0,,0
2026-09-23,parma,sant'ilario-d'enza,13bd105a-b55f-4c26-976a-f5f100e2b755,J&J's,0,3,0,0,,0
2026-09-24,parma,sant'ilario-d'enza,13bd105a-b55f-4c26-976a-f5f100e2b755,J&J's,0,8,0,0,,0
2026-09-25,parma,sant'ilario-d'enza,13bd105a-b55f-4c26-976a-f5f100e2b755,J&J's,0,6,0,0,,0
2026-09-23,parma,collecchio,15ae1e62-1811-4c4e-a671-7a99a2f56235,J&J's,0,3,0,0,,0
2026-09-24,parma,collecchio,15ae1e62-1811-4c4e-a671-7a99a2f56235,J&J's,0,8,0,0,,0
2026-09-25,parma,collecchio,15ae1e62-1811-4c4e-a671-7a99a2f56235,J&J's,0,6,0,0,,0
2026-09-23,parma,campegine,1f70fa38-a1b2-4972-a6e6-ee4d49244312,J&J's,0,3,0,0,,0
2026-09-24,parma,campegine,1f70fa38-a1b2-4972-a6e6-ee4d49244312,J&J's,0,8,0,0,,0
2026-09-25,parma,campegine,1f70fa38-a1b2-4972-a6e6-ee4d49244312,J&J's,0,6,0,0,,0
2026-09-23,parma,station,2f9c55c8-7f01-48b8-892b-a1347aba3a03,J&J's,50,3,18,17,36.0,18
2026-09-24,parma,station,2f9c55c8-7f01-48b8-892b-a1347aba3a03,J&J's,50,8,19,19,38.0,19
2026-09-25,parma,station,2f9c55c8-7f01-48b8-892b-a1347aba3a03,J&J's,50,6,19,18,38.0,19
2026-09-23,parma,city-center,322fe643-0238-48dc-92f7-9f337f3f797b,J&J's,0,3,0,0,,0
2026-09-24,parma,city-center,322fe643-0238-48dc-92f7-9f337f3f797b,J&J's,0,8,0,0,,0
2026-09-25,parma,city-center,322fe643-0238-48dc-92f7-9f337f3f797b,J&J's,0,6,0,0,,0
2026-09-23,parma,felino,3edf00b0-be51-4c33-8864-804df93b12da,J&J's,0,3,0,0,,0
2026-09-24,parma,felino,3edf00b0-be51-4c33-8864-804df93b12da,J&J's,0,8,0,0,,0
2026-09-25,parma,felino,3edf00b0-be51-4c33-8864-804df93b12da,J&J's,0,6,0,0,,0
2026-09-23,parma,oltretorrente,40333d41-b1cb-4e3f-8c37-2b627b86b01d,J&J's,0,3,0,0,,0
2026-09-24,parma,oltretorrente,40333d41-b1cb-4e3f-8c37-2b627b86b01d,J&J's,0,8,0,0,,0
2026-09-25,parma,oltretorrente,40333d41-b1cb-4e3f-8c37-2b627b86b01d,J&J's,0,6,0,0,,0
2026-09-23,parma,salsomaggiore-terme,5268129d-66ed-412d-b333-8c3b38680817,J&J's,0,3,0,0,,0
2026-09-24,parma,salsomaggiore-terme,5268129d-66ed-412d-b333-8c3b38680817,J&J's,0,8,0,0,,0
2026-09-25,parma,salsomaggiore-terme,5268129d-66ed-412d-b333-8c3b38680817,J&J's,0,6,0,0,,0
2026-09-23,parma,lubiana,63954e23-7a69-485a-a0e4-02f96cda10d2,J&J's,0,3,0,0,,0
2026-09-24,parma,lubiana,63954e23-7a69-485a-a0e4-02f96cda10d2,J&J's,0,8,0,0,,0
2026-09-25,parma,lubiana,63954e23-7a69-485a-a0e4-02f96cda10d2,J&J's,0,6,0,0,,0
2026-09-23,parma,city-center,70764b1f-e78a-4120-912b-bd4d41807d72,J&J's,0,3,5,5,,5
2026-09-24,parma,city-center,70764b1f-e78a-4120-912b-bd4d41807d72,J&J's,0,8,7,7,,7
2026-09-25,parma,city-center,70764b1f-e78a-4120-912b-bd4d41807d72,J&J's,0,6,8,8,,8
2026-09-23,parma,city-center,88576053-4e83-4034-af63-b83089da5b91,J&J's,0,3,1,1,,1
2026-09-24,parma,city-center,88576053-4e83-4034-af63-b83089da5b91,J&J's,0,8,1,1,,1
2026-09-25,parma,city-center,88576053-4e83-4034-af63-b83089da5b91,J&J's,0,6,1,0,,1
2026-09-23,parma,station,8f3da92b-b1f1-4a11-af8f-20028531d7fa,J&J's,0,3,3,3,,3
2026-09-24,parma,station,8f3da92b-b1f1-4a11-af8f-20028531d7fa,J&J's,0,8,4,4,,4
2026-09-25,parma,station,8f3da92b-b1f1-4a11-af8f-20028531d7fa,J&J's,0,6,7,6,,7
2026-09-23,parma,castell'arquato,916ca95b-761c-4310-b629-760aeed55ef1,J&J's,0,3,0,0,,0
2026-09-24,parma,castell'arquato,916ca95b-761c-4310-b629-760aeed55ef1,J&J's,0,8,0,0,,0
2026-09-25,parma,castell'arquato,916ca95b-761c-4310-b629-760aeed55ef1,J&J's,0,6,0,0,,0
2026-09-23,parma,cortile-san-martino,92984be1-6533-451f-be7e-63173b34a144,J&J's,0,3,0,0,,0
2026-09-24,parma,cortile-san-martino,92984be1-6533-451f-be7e-63173b34a144,J&J's,0,8,0,0,,0
2026-09-25,parma,cortile-san-martino,92984be1-6533-451f-be7e-63173b34a144,J&J's,0,6,0,0,,0
2026-09-23,parma,city-center,945d6a69-c031-459f-8e39-c26cb9e0f6e1,J&J's,0,3,0,0,,0
2026-09-24,parma,city-center,945d6a69-c031-459f-8e39-c26cb9e0f6e1,J&J's,0,8,0,0,,0
2026-09-25,parma,city-center,945d6a69-c031-459f-8e39-c26cb9e0f6e1,J&J's,0,6,0,0,,0
2026-09-23,parma,castell'aicardi,9a787242-3ad7-4a2c-a27f-d691a4328169,J&J's,0,3,0,0,,0
2026-09-24,parma,castell'aicardi,9a787242-3ad7-4a2c-a27f-d691a4328169,J&J's,0,8,0,0,,0
2026-09-25,parma,castell'aicardi,9a787242-3ad7-4a2c-a27f-d691a4328169,J&J's,0,6,0,0,,0
2026-09-23,parma,lubiana,9fa6cf98-a584-403b-9b16-4b887ffbc33a,J&J's,0,3,0,0,,0
2026-09-24,parma,lubiana,9fa6cf98-a584-403b-9b16-4b887ffbc33a,J&J's,0,8,0,0,,0
2026-09-25,parma,lubiana,9fa6cf98-a584-403b-9b16-4b887ffbc33a,J&J's,0,6,0,0,,0
2026-09-23,parma,salsominore,af930e93-42cc-4f1d-96b5-c7abf35bbe34,J&J's,0,3,0,0,,0
2026-09-24,parma,salsominore,af930e93-42cc-4f1d-96b5-c7abf35bbe34,J&J's,0,8,0,0,,0
2026-09-25,parma,salsominore,af930e93-42cc-4f1d-96b5-c7abf35bbe34,J&J's,0,6,0,0,,0
2026-09-23,parma,city-center,b08898ad-cfda-40ce-831b-92512ccc627b,J&J's,0,3,1,1,,1
2026-09-24,parma,city-center,b08898ad-cfda-40ce-831b-92512ccc627b,J&J's,0,8,1,0,,1
2026-09-25,parma,city-center,b08898ad-cfda-40ce-831b-92512ccc627b,J&J's,0,6,0,0,,0
2026-09-23,parma,montanara,ce3cca0c-ef5e-4947-ba2a-080c85c1b261,J&J's,0,3,0,0,,0
2026-09-24,parma,montanara,ce3cca0c-ef5e-4947-ba2a-080c85c1b261,J&J's,0,8,0,0,,0
2026-09-25,parma,montanara,ce3cca0c-ef5e-4947-ba2a-080c85c1b261,J&J's,0,6,0,0,,0
2026-09-23,parma,city-center,ced81dca-8925-4494-acdb-c24da73e31d9,J&J's,10,3,0,0,0.0,0
2026-09-24,parma,city-center,ced81dca-8925-4494-acdb-c24da73e31d9,J&J's,10,8,0,0,0.0,0
2026-09-25,parma,city-center,ced81dca-8925-4494-acdb-c24da73e31d9,J&J's,10,6,0,0,0.0,0
2026-09-23,parma,station,eba625a4-dde1-4f19-8a88-842928d42d1f,J&J's,0,3,0,0,,0
2026-09-24,parma,station,eba625a4-dde1-4f19-8a88-842928d42d1f,J&J's,0,8,0,0,,0
2026-09-25,parma,station,eba625a4-dde1-4f19-8a88-842928d42d1f,J&J's,0,6,0,0,,0
2026-09-23,pavia,torretta,006cd36e-48c2-45ee-841b-cbf2d881ae07,J&J's,10,3,0,0,0.0,0
2026-09-24,pavia,torretta,006cd36e-48c2-45ee-841b-cbf2d881ae07,J&J's,10,8,0,0,0.0,0
2026-09-25,pavia,torretta,006cd36e-48c2-45ee-841b-cbf2d881ae07,J&J's,10,6,0,0,0.0,0
2026-09-23,pavia,città-giardino,0e256d2e-5233-45eb-ae3e-74b8d35121c1,J&J's,0,3,0,0,,0
2026-09-24,pavia,città-giardino,0e256d2e-5233-45eb-ae3e-74b8d35121c1,J&J's,0,8,0,0,,0
2026-09-25,pavia,città-giardino,0e256d2e-5233-45eb-ae3e-74b8d35121c1,J&J's,0,6,0,0,,0
2026-09-23,pavia,pavia-train-station,348c24a0-7b9c-413d-96db-10a008bcb1bf,J&J's,0,3,0,0,,0
2026-09-24,pavia,pavia-train-station,348c24a0-7b9c-413d-96db-10a008bcb1bf,J&J's,0,8,0,0,,0
2026-09-25,pavia,pavia-train-station,348c24a0-7b9c-413d-96db-10a008bcb1bf,J&J's,0,6,0,0,,0
2026-09-23,pavia,downtown,707f0914-3157-4c00-b3fa-8a4bf19f5994,J&J's,0,3,0,0,,0
2026-09-24,pavia,downtown,707f0914-3157-4c00-b3fa-8a4bf19f5994,J&J's,0,8,0,0,,0
2026-09-25,pavia,downtown,707f0914-3157-4c00-b3fa-8a4bf19f5994,J&J's,0,6,0,0,,0
2026-09-23,pavia,downtown,7b8359c8-9559-454a-893e-871812648b40,J&J's,0,3,1,1,,1
2026-09-24,pavia,downtown,7b8359c8-9559-454a-893e-871812648b40,J&J's,0,8,1,1,,1
2026-09-25,pavia,downtown,7b8359c8-9559-454a-893e-871812648b40,J&J's,0,6,1,1,,1
2026-09-23,pavia,pavia-train-station,933fd7c9-1372-4ca8-9fea-9943f4eef052,J&J's,0,3,0,0,,0
2026-09-24,pavia,pavia-train-station,933fd7c9-1372-4ca8-9fea-9943f4eef052,J&J's,0,8,0,0,,0
2026-09-25,pavia,pavia-train-station,933fd7c9-1372-4ca8-9fea-9943f4eef052,J&J's,0,6,0,0,,0
2026-09-23,pavia,pavia-train-station,9cabb027-813b-4458-86d5-3851131a716d,J&J's,25,3,0,0,0.0,0
2026-09-24,pavia,pavia-train-station,9cabb027-813b-4458-86d5-3851131a716d,J&J's,25,8,0,0,0.0,0
2026-09-25,pavia,pavia-train-station,9cabb027-813b-4458-86d5-3851131a716d,J&J's,25,6,0,0,0.0,0
2026-09-23,pavia,bastida-pancarana,b2f1f0cf-d333-4dfd-ac64-714b5b66e906,J&J's,0,3,0,0,,0
2026-09-24,pavia,bastida-pancarana,b2f1f0cf-d333-4dfd-ac64-714b5b66e906,J&J's,0,8,0,0,,0
2026-09-25,pavia,bastida-pancarana,b2f1f0cf-d333-4dfd-ac64-714b5b66e906,J&J's,0,6,0,0,,0
2026-09-23,pavia,villa-serafina,d30d2839-5446-4181-a6aa-cd1bf37f3615,J&J's,0,3,0,0,,0
2026-09-24,pavia,villa-serafina,d30d2839-5446-4181-a6aa-cd1bf37f3615,J&J's,0,8,0,0,,0
2026-09-25,pavia,villa-serafina,d30d2839-5446-4181-a6aa-cd1bf37f3615,J&J's,0,6,0,0,,0
2026-09-23,perugia,canneto,06885195-bf1f-4d16-bee7-2ff3cdad1372,J&J's,0,3,0,0,,0
2026-09-24,perugia,canneto,06885195-bf1f-4d16-bee7-2ff3cdad1372,J&J's,0,8,0,0,,0
2026-09-25,perugia,canneto,06885195-bf1f-4d16-bee7-2ff3cdad1372,J&J's,0,6,0,0,,0
2026-09-23,perugia,deruta,21c592b5-5053-4041-960d-d60b0812170f,J&J's,0,3,0,0,,0
2026-09-24,perugia,deruta,21c592b5-5053-4041-960d-d60b0812170f,J&J's,0,8,0,0,,0
2026-09-25,perugia,deruta,21c592b5-5053-4041-960d-d60b0812170f,J&J's,0,6,0,0,,0
2026-09-23,perugia,casenuove,2725ff66-565d-44f0-a51e-e5de1a58d038,J&J's,0,3,0,0,,0
2026-09-24,perugia,casenuove,2725ff66-565d-44f0-a51e-e5de1a58d038,J&J's,0,8,0,0,,0
2026-09-25,perugia,casenuove,2725ff66-565d-44f0-a51e-e5de1a58d038,J&J's,0,6,0,0,,0
2026-09-23,perugia,santa-lucia,30c135e3-08cc-4e57-90e1-6cba0288a11f,J&J's,0,3,0,0,,0
2026-09-24,perugia,santa-lucia,30c135e3-08cc-4e57-90e1-6cba0288a11f,J&J's,0,8,0,0,,0
2026-09-25,perugia,santa-lucia,30c135e3-08cc-4e57-90e1-6cba0288a11f,J&J's,0,6,0,0,,0
2026-09-23,perugia,passignano-sul-trasimeno,38593de8-4bb9-4a2f-80c9-0e99adb037ee,J&J's,0,3,0,0,,0
2026-09-24,perugia,passignano-sul-trasimeno,38593de8-4bb9-4a2f-80c9-0e99adb037ee,J&J's,0,8,0,0,,0
2026-09-25,perugia,passignano-sul-trasimeno,38593de8-4bb9-4a2f-80c9-0e99adb037ee,J&J's,0,6,0,0,,0
2026-09-23,perugia,piazza-della-repubblica,3af885a4-c6ff-485b-8cc9-9b71a2d03c96,J&J's,0,3,0,0,,0
2026-09-24,perugia,piazza-della-repubblica,3af885a4-c6ff-485b-8cc9-9b71a2d03c96,J&J's,0,8,0,0,,0
2026-09-25,perugia,piazza-della-repubblica,3af885a4-c6ff-485b-8cc9-9b71a2d03c96,J&J's,0,6,0,0,,0
2026-09-23,perugia,santa-lucia,5928f90f-94c9-4486-ab98-66832fb80a6c,J&J's,0,3,0,0,,0
2026-09-24,perugia,santa-lucia,5928f90f-94c9-4486-ab98-66832fb80a6c,J&J's,0,8,0,0,,0
2026-09-25,perugia,santa-lucia,5928f90f-94c9-4486-ab98-66832fb80a6c,J&J's,0,6,0,0,,0
2026-09-23,perugia,la-commenda,600e4a30-6f14-4f71-a3eb-5089ee40758e,J&J's,0,3,0,0,,0
2026-09-24,perugia,la-commenda,600e4a30-6f14-4f71-a3eb-5089ee40758e,J&J's,0,8,0,0,,0
2026-09-25,perugia,la-commenda,600e4a30-6f14-4f71-a3eb-5089ee40758e,J&J's,0,6,0,0,,0
2026-09-23,perugia,central-station,8045397f-d3e9-4bf4-b8d2-adb1938278a7,J&J's,0,3,3,3,,3
2026-09-24,perugia,central-station,8045397f-d3e9-4bf4-b8d2-adb1938278a7,J&J's,0,8,3,2,,3
2026-09-25,perugia,central-station,8045397f-d3e9-4bf4-b8d2-adb1938278a7,J&J's,0,6,2,2,,2
2026-09-23,perugia,bus-station,8425633d-e3cc-4d8b-9590-3aaa7acf8c89,J&J's,0,3,0,0,,0
2026-09-24,perugia,bus-station,8425633d-e3cc-4d8b-9590-3aaa7acf8c89,J&J's,0,8,0,0,,0
2026-09-25,perugia,bus-station,8425633d-e3cc-4d8b-9590-3aaa7acf8c89,J&J's,0,6,1,1,,1
2026-09-23,perugia,piazza-della-repubblica,a0eab4a4-f035-4aa0-8e4e-df23cb1350f4,J&J's,0,3,0,0,,0
2026-09-24,perugia,piazza-della-repubblica,a0eab4a4-f035-4aa0-8e4e-df23cb1350f4,J&J's,0,8,0,0,,0
2026-09-25,perugia,piazza-della-repubblica,a0eab4a4-f035-4aa0-8e4e-df23cb1350f4,J&J's,0,6,0,0,,0
2026-09-23,perugia,sant'egidio,a54e0885-6851-4785-9dd5-82dcb6e73636,J&J's,0,3,0,0,,0
2026-09-24,perugia,sant'egidio,a54e0885-6851-4785-9dd5-82dcb6e73636,J&J's,0,8,0,0,,0
2026-09-25,perugia,sant'egidio,a54e0885-6851-4785-9dd5-82dcb6e73636,J&J's,0,6,0,0,,0
2026-09-23,perugia,fornaci,cee81030-f3a0-407f-a72c-680e22e24a5b,J&J's,0,3,0,0,,0
2026-09-24,perugia,fornaci,cee81030-f3a0-407f-a72c-680e22e24a5b,J&J's,0,8,0,0,,0
2026-09-25,perugia,fornaci,cee81030-f3a0-407f-a72c-680e22e24a5b,J&J's,0,6,0,0,,0
2026-09-23,perugia,bus-station,d34cef78-85f5-40a7-bd4e-fe223a031ab3,J&J's,50,3,0,0,0.0,0
2026-09-24,perugia,bus-station,d34cef78-85f5-40a7-bd4e-fe223a031ab3,J&J's,50,8,0,0,0.0,0
2026-09-25,perugia,bus-station,d34cef78-85f5-40a7-bd4e-fe223a031ab3,J&J's,50,6,0,0,0.0,0
2026-09-23,perugia,bus-station,d7cfe721-7a35-4129-b366-8fb131d7adc5,J&J's,5,3,0,0,0.0,0
2026-09-24,perugia,bus-station,d7cfe721-7a35-4129-b366-8fb131d7adc5,J&J's,5,8,0,0,0.0,0
2026-09-25,perugia,bus-station,d7cfe721-7a35-4129-b366-8fb131d7adc5,J&J's,5,6,0,0,0.0,0
2026-09-23,perugia,piazza-iv-novembre,e10ae970-6311-4d29-8387-f03e4100ef52,J&J's,0,3,0,0,,0
2026-09-24,perugia,piazza-iv-novembre,e10ae970-6311-4d29-8387-f03e4100ef52,J&J's,0,8,0,0,,0
2026-09-25,perugia,piazza-iv-novembre,e10ae970-6311-4d29-8387-f03e4100ef52,J&J's,0,6,0,0,,0
2026-09-23,perugia,santa-maria-degli-angeli,e4af9c2c-625c-49b6-ac21-fdd0f15a2dc4,J&J's,100,3,1,1,1.0,1
2026-09-24,perugia,santa-maria-degli-angeli,e4af9c2c-625c-49b6-ac21-fdd0f15a2dc4,J&J's,100,8,2,2,2.0,2
2026-09-25,perugia,santa-maria-degli-angeli,e4af9c2c-625c-49b6-ac21-fdd0f15a2dc4,J&J's,100,6,2,2,2.0,2
2026-09-23,perugia,piazza-iv-novembre,fbc20b27-958b-449d-9335-7b35f31e68ce,J&J's,0,3,7,7,,7
2026-09-24,perugia,piazza-iv-novembre,fbc20b27-958b-449d-9335-7b35f31e68ce,J&J's,0,8,7,6,,7
2026-09-25,perugia,piazza-iv-novembre,fbc20b27-958b-449d-9335-7b35f31e68ce,J&J's,0,6,6,4,,6
2026-09-23,perugia,central-station,fc763b80-34fa-4771-96d1-5ea732a7ce62,J&J's,0,3,6,6,,6
2026-09-24,perugia,central-station,fc763b80-34fa-4771-96d1-5ea732a7ce62,J&J's,0,8,6,5,,6
2026-09-25,perugia,central-station,fc763b80-34fa-4771-96d1-5ea732a7ce62,J&J's,0,6,6,6,,6
2026-09-23,pesaro,city-center,23abdc34-d4ee-4644-898f-666be745f6c6,J&J's,0,3,1,1,,1
2026-09-24,pesaro,city-center,23abdc34-d4ee-4644-898f-666be745f6c6,J&J's,0,8,1,1,,1
2026-09-25,pesaro,city-center,23abdc34-d4ee-4644-898f-666be745f6c6,J&J's,0,6,1,0,,1
2026-09-23,pesaro,,8c3b1f95-e59e-4976-b330-74a56b6cb6ed,J&J's,0,3,0,0,,0
2026-09-24,pesaro,,8c3b1f95-e59e-4976-b330-74a56b6cb6ed,J&J's,0,8,0,0,,0
2026-09-25,pesaro,,8c3b1f95-e59e-4976-b330-74a56b6cb6ed,J&J's,0,6,0,0,,0
2026-09-23,pesaro,loreto,a2358197-f5ba-45fc-9f9e-1658050fdde2,J&J's,6,3,0,0,0.0,0
2026-09-24,pesaro,loreto,a2358197-f5ba-45fc-9f9e-1658050fdde2,J&J's,6,8,0,0,0.0,0
2026-09-25,pesaro,loreto,a2358197-f5ba-45fc-9f9e-1658050fdde2,J&J's,6,6,0,0,0.0,0
2026-09-23,pesaro,city-center,ba26e74c-368c-4f4d-9f86-3d5e3887d53d,J&J's,0,3,0,0,,0
2026-09-24,pesaro,city-center,ba26e74c-368c-4f4d-9f86-3d5e3887d53d,J&J's,0,8,0,0,,0
2026-09-25,pesaro,city-center,ba26e74c-368c-4f4d-9f86-3d5e3887d53d,J&J's,0,6,0,0,,0
2026-09-23,pescara,porta-nuova,0762ae69-0c34-490a-b880-1e5b83822a29,J&J's,10,3,0,0,0.0,0
2026-09-24,pescara,porta-nuova,0762ae69-0c34-490a-b880-1e5b83822a29,J&J's,10,8,0,0,0.0,0
2026-09-25,pescara,porta-nuova,0762ae69-0c34-490a-b880-1e5b83822a29,J&J's,10,6,0,0,0.0,0
2026-09-23,pescara,francavilla-al-mare,07d893b5-42b0-4e12-9146-144e4bc62dce,J&J's,0,3,0,0,,0
2026-09-24,pescara,francavilla-al-mare,07d893b5-42b0-4e12-9146-144e4bc62dce,J&J's,0,8,0,0,,0
2026-09-25,pescara,francavilla-al-mare,07d893b5-42b0-4e12-9146-144e4bc62dce,J&J's,0,6,0,0,,0
2026-09-23,pescara,villa-verlengia,18cb0aff-4924-4c34-bf37-eaf9eb53c8e8,J&J's,0,3,0,0,,0
2026-09-24,pescara,villa-verlengia,18cb0aff-4924-4c34-bf37-eaf9eb53c8e8,J&J's,0,8,0,0,,0
2026-09-25,pescara,villa-verlengia,18cb0aff-4924-4c34-bf37-eaf9eb53c8e8,J&J's,0,6,0,0,,0
2026-09-23,pescara,santa-filomena,18d9c7f4-77e3-40f3-9cb4-5298a0db1b85,J&J's,0,3,0,0,,0
2026-09-24,pescara,santa-filomena,18d9c7f4-77e3-40f3-9cb4-5298a0db1b85,J&J's,0,8,0,0,,0
2026-09-25,pescara,santa-filomena,18d9c7f4-77e3-40f3-9cb4-5298a0db1b85,J&J's,0,6,0,0,,0
2026-09-23,pescara,villa-carmine,2ae465e4-2a1a-4530-a197-8dd75843e7fa,J&J's,0,3,0,0,,0
2026-09-24,pescara,villa-carmine,2ae465e4-2a1a-4530-a197-8dd75843e7fa,J&J's,0,8,0,0,,0
2026-09-25,pescara,villa-carmine,2ae465e4-2a1a-4530-a197-8dd75843e7fa,J&J's,0,6,0,0,,0
2026-09-23,pescara,villa-verlengia,2dc6c4dc-73c7-4c68-8a9b-38a9b10528a2,J&J's,0,3,0,0,,0
2026-09-24,pescara,villa-verlengia,2dc6c4dc-73c7-4c68-8a9b-38a9b10528a2,J&J's,0,8,0,0,,0
2026-09-25,pescara,villa-verlengia,2dc6c4dc-73c7-4c68-8a9b-38a9b10528a2,J&J's,0,6,0,0,,0
2026-09-23,pescara,francavilla-al-mare,2e1c9ba3-6c9a-4c0d-a6a0-1be95f47fe7d,J&J's,0,3,0,0,,0
2026-09-24,pescara,francavilla-al-mare,2e1c9ba3-6c9a-4c0d-a6a0-1be95f47fe7d,J&J's,0,8,0,0,,0
2026-09-25,pescara,francavilla-al-mare,2e1c9ba3-6c9a-4c0d-a6a0-1be95f47fe7d,J&J's,0,6,0,0,,0
2026-09-23,pescara,villa-verrocchio,3a765b05-3d79-4f50-ae55-f57bdf19d98e,J&J's,0,3,0,0,,0
2026-09-24,pescara,villa-verrocchio,3a765b05-3d79-4f50-ae55-f57bdf19d98e,J&J's,0,8,0,0,,0
2026-09-25,pescara,villa-verrocchio,3a765b05-3d79-4f50-ae55-f57bdf19d98e,J&J's,0,6,0,0,,0
2026-09-23,pescara,pescara-centrale-train-station,3afbce75-8c5d-474d-9764-2be962843ffd,J&J's,0,3,1,1,,1
2026-09-24,pescara,pescara-centrale-train-station,3afbce75-8c5d-474d-9764-2be962843ffd,J&J's,0,8,1,1,,1
2026-09-25,pescara,pescara-centrale-train-station,3afbce75-8c5d-474d-9764-2be962843ffd,J&J's,0,6,1,1,,1
2026-09-23,pescara,pescara-centrale-train-station,3ba19996-e376-47b7-910d-5b29f8bb5c31,J&J's,0,3,3,3,,3
2026-09-24,pescara,pescara-centrale-train-station,3ba19996-e376-47b7-910d-5b29f8bb5c31,J&J's,0,8,3,3,,3
2026-09-25,pescara,pescara-centrale-train-station,3ba19996-e376-47b7-910d-5b29f8bb5c31,J&J's,0,6,3,2,,3
2026-09-23,pescara,porta-nuova,3e1ebc83-72d4-4402-b8bb-726207637c11,J&J's,5,3,0,0,0.0,0
2026-09-24,pescara,porta-nuova,3e1ebc83-72d4-4402-b8bb-726207637c11,J&J's,5,8,0,0,0.0,0
2026-09-25,pescara,porta-nuova,3e1ebc83-72d4-4402-b8bb-726207637c11,J&J's,5,6,0,0,0.0,0
2026-09-23,pescara,rancitelli,4a1b5808-b869-42ad-9c97-ffb3d13220fb,J&J's,0,3,0,0,,0
2026-09-24,pescara,rancitelli,4a1b5808-b869-42ad-9c97-ffb3d13220fb,J&J's,0,8,0,0,,0
2026-09-25,pescara,rancitelli,4a1b5808-b869-42ad-9c97-ffb3d13220fb,J&J's,0,6,0,0,,0
2026-09-23,pescara,pescara-centrale-train-station,4e4c4549-bfa3-4b01-8d92-0e79481d8c87,J&J's,0,3,3,3,,3
2026-09-24,pescara,pescara-centrale-train-station,4e4c4549-bfa3-4b01-8d92-0e79481d8c87,J&J's,0,8,3,3,,3
2026-09-25,pescara,pescara-centrale-train-station,4e4c4549-bfa3-4b01-8d92-0e79481d8c87,J&J's,0,6,3,3,,3
2026-09-23,pescara,villa-raspa,5d93af80-7ec4-4f93-8e58-0056d66d7195,J&J's,0,3,0,0,,0
2026-09-24,pescara,villa-raspa,5d93af80-7ec4-4f93-8e58-0056d66d7195,J&J's,0,8,0,0,,0
2026-09-25,pescara,villa-raspa,5d93af80-7ec4-4f93-8e58-0056d66d7195,J&J's,0,6,0,0,,0
2026-09-23,pescara,città-sant'angelo,672ad4a1-f1ef-46ff-b1b6-e7d3aac2da40,J&J's,0,3,0,0,,0
2026-09-24,pescara,città-sant'angelo,672ad4a1-f1ef-46ff-b1b6-e7d3aac2da40,J&J's,0,8,0,0,,0
2026-09-25,pescara,città-sant'angelo,672ad4a1-f1ef-46ff-b1b6-e7d3aac2da40,J&J's,0,6,0,0,,0
2026-09-23,pescara,villa-verlengia,6cc26edd-8154-40e8-b78c-8ffd84504a9a,J&J's,0,3,0,0,,0
2026-09-24,pescara,villa-verlengia,6cc26edd-8154-40e8-b78c-8ffd84504a9a,J&J's,0,8,0,0,,0
2026-09-25,pescara,villa-verlengia,6cc26edd-8154-40e8-b78c-8ffd84504a9a,J&J's,0,6,0,0,,0
2026-09-23,pescara,san-giovanni-teatino,954644aa-de82-4f2b-86a4-1cbaf086c5bd,J&J's,0,3,0,0,,0
2026-09-24,pescara,san-giovanni-teatino,954644aa-de82-4f2b-86a4-1cbaf086c5bd,J&J's,0,8,0,0,,0
2026-09-25,pescara,san-giovanni-teatino,954644aa-de82-4f2b-86a4-1cbaf086c5bd,J&J's,0,6,0,0,,0
2026-09-23,pescara,pescara-centrale-train-station,95c5e060-fa4c-4600-8936-e334c9761658,J&J's,0,3,0,0,,0
2026-09-24,pescara,pescara-centrale-train-station,95c5e060-fa4c-4600-8936-e334c9761658,J&J's,0,8,0,0,,0
2026-09-25,pescara,pescara-centrale-train-station,95c5e060-fa4c-4600-8936-e334c9761658,J&J's,0,6,0,0,,0
2026-09-23,pescara,sambuceto,990e90b0-2ff8-47eb-987b-6417496d630d,J&J's,0,3,0,0,,0
2026-09-24,pescara,sambuceto,990e90b0-2ff8-47eb-987b-6417496d630d,J&J's,0,8,0,0,,0
2026-09-25,pescara,sambuceto,990e90b0-2ff8-47eb-987b-6417496d630d,J&J's,0,6,0,0,,0
2026-09-23,pescara,pescara-centrale-train-station,a72e1d5b-1d37-48ae-b9c2-0f40e13d534e,J&J's,30,3,11,11,36.7,11
2026-09-24,pescara,pescara-centrale-train-station,a72e1d5b-1d37-48ae-b9c2-0f40e13d534e,J&J's,30,8,11,11,36.7,11
2026-09-25,pescara,pescara-centrale-train-station,a72e1d5b-1d37-48ae-b9c2-0f40e13d534e,J&J's,30,6,12,12,40.0,13
2026-09-23,pescara,pescara-centrale-train-station,b311266e-8fa7-4ae9-8ad9-1162760e3a81,J&J's,0,3,1,1,,1
2026-09-24,pescara,pescara-centrale-train-station,b311266e-8fa7-4ae9-8ad9-1162760e3a81,J&J's,0,8,1,1,,1
2026-09-25,pescara,pescara-centrale-train-station,b311266e-8fa7-4ae9-8ad9-1162760e3a81,J&J's,0,6,1,1,,1
2026-09-23,pescara,san-donato,cf590c53-999c-47a6-9bab-854515c72837,J&J's,0,3,0,0,,0
2026-09-24,pescara,san-donato,cf590c53-999c-47a6-9bab-854515c72837,J&J's,0,8,0,0,,0
2026-09-25,pescara,san-donato,cf590c53-999c-47a6-9bab-854515c72837,J&J's,0,6,0,0,,0
2026-09-23,pescara,rancitelli,d81e5538-e652-4b72-aeb1-5af9d25b0636,J&J's,0,3,0,0,,0
2026-09-24,pescara,rancitelli,d81e5538-e652-4b72-aeb1-5af9d25b0636,J&J's,0,8,0,0,,0
2026-09-25,pescara,rancitelli,d81e5538-e652-4b72-aeb1-5af9d25b0636,J&J's,0,6,0,0,,0
2026-09-23,pescara,pescara-centrale-train-station,da44cc30-18f7-4865-963f-e4bcfb7f2fb2,J&J's,0,3,0,0,,0
2026-09-24,pescara,pescara-centrale-train-station,da44cc30-18f7-4865-963f-e4bcfb7f2fb2,J&J's,0,8,0,0,,0
2026-09-25,pescara,pescara-centrale-train-station,da44cc30-18f7-4865-963f-e4bcfb7f2fb2,J&J's,0,6,0,0,,0
2026-09-23,pescara,pescara-centrale-train-station,ee08d469-abe5-438c-b414-6680ef7d8a49,J&J's,0,3,0,0,,0
2026-09-24,pescara,pescara-centrale-train-station,ee08d469-abe5-438c-b414-6680ef7d8a49,J&J's,0,8,0,0,,0
2026-09-25,pescara,pescara-centrale-train-station,ee08d469-abe5-438c-b414-6680ef7d8a49,J&J's,0,6,0,0,,0
2026-09-23,pescara,porta-nuova,f37b1301-49d3-4c13-ba2d-8667aaf23282,J&J's,0,3,0,0,,0
2026-09-24,pescara,porta-nuova,f37b1301-49d3-4c13-ba2d-8667aaf23282,J&J's,0,8,0,0,,0
2026-09-25,pescara,porta-nuova,f37b1301-49d3-4c13-ba2d-8667aaf23282,J&J's,0,6,0,0,,0
2026-09-23,pescara,pescara-centrale-train-station,f4429155-eef3-4e86-9ded-add404bef4b7,J&J's,0,3,0,0,,0
2026-09-24,pescara,pescara-centrale-train-station,f4429155-eef3-4e86-9ded-add404bef4b7,J&J's,0,8,0,0,,0
2026-09-25,pescara,pescara-centrale-train-station,f4429155-eef3-4e86-9ded-add404bef4b7,J&J's,0,6,0,0,,0
2026-09-23,pescara,silvi,f6842a1d-cb3b-4e9e-ad10-85e15a959c29,J&J's,0,3,0,0,,0
2026-09-24,pescara,silvi,f6842a1d-cb3b-4e9e-ad10-85e15a959c29,J&J's,0,8,0,0,,0
2026-09-25,pescara,silvi,f6842a1d-cb3b-4e9e-ad10-85e15a959c29,J&J's,0,6,0,0,,0
2026-09-23,pescara,silvi,f882ade6-9121-49f9-8049-910b656573c1,J&J's,0,3,0,0,,0
2026-09-24,pescara,silvi,f882ade6-9121-49f9-8049-910b656573c1,J&J's,0,8,0,0,,0
2026-09-25,pescara,silvi,f882ade6-9121-49f9-8049-910b656573c1,J&J's,0,6,0,0,,0
2026-09-23,piacenza,veggioletta,002439ee-23e4-4cfd-94b9-66164af64dfc,J&J's,20,3,0,0,0.0,0
2026-09-24,piacenza,veggioletta,002439ee-23e4-4cfd-94b9-66164af64dfc,J&J's,20,8,0,0,0.0,0
2026-09-25,piacenza,veggioletta,002439ee-23e4-4cfd-94b9-66164af64dfc,J&J's,20,6,0,0,0.0,0
2026-09-23,piacenza,madonna-del-pilastro,1026258e-2106-40d0-8987-b6198e0827db,J&J's,0,3,0,0,,0
2026-09-24,piacenza,madonna-del-pilastro,1026258e-2106-40d0-8987-b6198e0827db,J&J's,0,8,0,0,,0
2026-09-25,piacenza,madonna-del-pilastro,1026258e-2106-40d0-8987-b6198e0827db,J&J's,0,6,0,0,,0
2026-09-23,piacenza,belvedere,1079e86f-c85d-464f-8046-1ce33d3bf047,J&J's,0,3,0,0,,0
2026-09-24,piacenza,belvedere,1079e86f-c85d-464f-8046-1ce33d3bf047,J&J's,0,8,0,0,,0
2026-09-25,piacenza,belvedere,1079e86f-c85d-464f-8046-1ce33d3bf047,J&J's,0,6,0,0,,0
2026-09-23,piacenza,barriera-torino,23befe74-c6ee-4274-90ea-eb3f00bd5fb2,J&J's,0,3,0,0,,0
2026-09-24,piacenza,barriera-torino,23befe74-c6ee-4274-90ea-eb3f00bd5fb2,J&J's,0,8,1,0,,1
2026-09-25,piacenza,barriera-torino,23befe74-c6ee-4274-90ea-eb3f00bd5fb2,J&J's,0,6,0,0,,0
2026-09-23,piacenza,podenzano,2fd73a05-8745-4896-bcdb-9dc695254056,J&J's,5,3,0,0,0.0,0
2026-09-24,piacenza,podenzano,2fd73a05-8745-4896-bcdb-9dc695254056,J&J's,5,8,0,0,0.0,0
2026-09-25,piacenza,podenzano,2fd73a05-8745-4896-bcdb-9dc695254056,J&J's,5,6,0,0,0.0,0
2026-09-23,piacenza,casalpusterlengo,7b557ac8-a4c1-4f5a-86bc-3db16a98bf24,J&J's,0,3,0,0,,0
2026-09-24,piacenza,casalpusterlengo,7b557ac8-a4c1-4f5a-86bc-3db16a98bf24,J&J's,0,8,0,0,,0
2026-09-25,piacenza,casalpusterlengo,7b557ac8-a4c1-4f5a-86bc-3db16a98bf24,J&J's,0,6,0,0,,0
2026-09-23,piacenza,barriera-torino,a7260ff6-5759-42ad-8824-39f4627ac900,J&J's,0,3,0,0,,0
2026-09-24,piacenza,barriera-torino,a7260ff6-5759-42ad-8824-39f4627ac900,J&J's,0,8,0,0,,0
2026-09-25,piacenza,barriera-torino,a7260ff6-5759-42ad-8824-39f4627ac900,J&J's,0,6,0,0,,0
2026-09-23,piacenza,orio-litta,bc7c6cbf-716b-417f-a388-4bade74d07b7,J&J's,0,3,0,0,,0
2026-09-24,piacenza,orio-litta,bc7c6cbf-716b-417f-a388-4bade74d07b7,J&J's,0,8,0,0,,0
2026-09-25,piacenza,orio-litta,bc7c6cbf-716b-417f-a388-4bade74d07b7,J&J's,0,6,0,0,,0
2026-09-23,piacenza,infrangibile,c271b4e6-6ced-4b53-a4e3-781018373cbb,J&J's,0,3,0,0,,0
2026-09-24,piacenza,infrangibile,c271b4e6-6ced-4b53-a4e3-781018373cbb,J&J's,0,8,0,0,,0
2026-09-25,piacenza,infrangibile,c271b4e6-6ced-4b53-a4e3-781018373cbb,J&J's,0,6,0,0,,0
2026-09-23,piacenza,san-bonico,c343ffcd-49d1-4e83-80aa-9c24af6924e1,J&J's,0,3,0,0,,0
2026-09-24,piacenza,san-bonico,c343ffcd-49d1-4e83-80aa-9c24af6924e1,J&J's,0,8,0,0,,0
2026-09-25,piacenza,san-bonico,c343ffcd-49d1-4e83-80aa-9c24af6924e1,J&J's,0,6,0,0,,0
2026-09-23,piacenza,ina-casa,cefc2387-0682-43c9-b5b0-9c1741f8e42a,J&J's,0,3,0,0,,0
2026-09-24,piacenza,ina-casa,cefc2387-0682-43c9-b5b0-9c1741f8e42a,J&J's,0,8,0,0,,0
2026-09-25,piacenza,ina-casa,cefc2387-0682-43c9-b5b0-9c1741f8e42a,J&J's,0,6,0,0,,0
2026-09-23,piacenza,baia-del-re,d27a93fa-d574-43e4-9b2d-40fa1f895503,J&J's,0,3,0,0,,0
2026-09-24,piacenza,baia-del-re,d27a93fa-d574-43e4-9b2d-40fa1f895503,J&J's,0,8,0,0,,0
2026-09-25,piacenza,baia-del-re,d27a93fa-d574-43e4-9b2d-40fa1f895503,J&J's,0,6,0,0,,0
2026-09-23,piacenza,giarona,e1e045fa-3431-4b25-aecc-72d616691cb4,J&J's,0,3,0,0,,0
2026-09-24,piacenza,giarona,e1e045fa-3431-4b25-aecc-72d616691cb4,J&J's,0,8,0,0,,0
2026-09-25,piacenza,giarona,e1e045fa-3431-4b25-aecc-72d616691cb4,J&J's,0,6,0,0,,0
2026-09-23,piacenza,baia-del-re,e5bcb5c8-8241-493a-8ace-681067f73b39,J&J's,0,3,0,0,,0
2026-09-24,piacenza,baia-del-re,e5bcb5c8-8241-493a-8ace-681067f73b39,J&J's,0,8,0,0,,0
2026-09-25,piacenza,baia-del-re,e5bcb5c8-8241-493a-8ace-681067f73b39,J&J's,0,6,0,0,,0
2026-09-23,piacenza,casalpusterlengo,fac9b139-30b0-4148-997c-c5381e717847,J&J's,0,3,0,0,,0
2026-09-24,piacenza,casalpusterlengo,fac9b139-30b0-4148-997c-c5381e717847,J&J's,0,8,0,0,,0
2026-09-25,piacenza,casalpusterlengo,fac9b139-30b0-4148-997c-c5381e717847,J&J's,0,6,0,0,,0
2026-09-23,piacenza,gera,fbc93733-838e-48a9-a9d2-7d3aef46f692,J&J's,0,3,0,0,,0
2026-09-24,piacenza,gera,fbc93733-838e-48a9-a9d2-7d3aef46f692,J&J's,0,8,0,0,,0
2026-09-25,piacenza,gera,fbc93733-838e-48a9-a9d2-7d3aef46f692,J&J's,0,6,0,0,,0
2026-09-23,pisa,pisa-centrale-train-station,1ca64275-dc10-4274-adf5-834538119e96,J&J's,100,3,8,8,8.0,8
2026-09-24,pisa,pisa-centrale-train-station,1ca64275-dc10-4274-adf5-834538119e96,J&J's,100,8,9,9,9.0,9
2026-09-25,pisa,pisa-centrale-train-station,1ca64275-dc10-4274-adf5-834538119e96,J&J's,100,6,10,10,10.0,10
2026-09-23,pisa,porta-a-piagge,1d38c624-c421-4571-b364-e18f4a84e9ef,J&J's,0,3,0,0,,0
2026-09-24,pisa,porta-a-piagge,1d38c624-c421-4571-b364-e18f4a84e9ef,J&J's,0,8,0,0,,0
2026-09-25,pisa,porta-a-piagge,1d38c624-c421-4571-b364-e18f4a84e9ef,J&J's,0,6,0,0,,0
2026-09-23,pisa,santa-maria,20444004-e9bd-4310-b673-6e8e6a2e2c10,J&J's,100,3,4,4,4.0,4
2026-09-24,pisa,santa-maria,20444004-e9bd-4310-b673-6e8e6a2e2c10,J&J's,100,8,4,3,4.0,4
2026-09-25,pisa,santa-maria,20444004-e9bd-4310-b673-6e8e6a2e2c10,J&J's,100,6,2,1,2.0,2
2026-09-23,pisa,santa-maria,2119ca53-1cca-4741-88d5-acb331e508af,J&J's,0,3,0,0,,0
2026-09-24,pisa,santa-maria,2119ca53-1cca-4741-88d5-acb331e508af,J&J's,0,8,1,1,,1
2026-09-25,pisa,santa-maria,2119ca53-1cca-4741-88d5-acb331e508af,J&J's,0,6,1,1,,1
2026-09-23,pisa,tower-of-pisa,2254606c-f06f-46f0-881c-30f8434c2c61,J&J's,0,3,4,4,,4
2026-09-24,pisa,tower-of-pisa,2254606c-f06f-46f0-881c-30f8434c2c61,J&J's,0,8,4,4,,4
2026-09-25,pisa,tower-of-pisa,2254606c-f06f-46f0-881c-30f8434c2c61,J&J's,0,6,4,4,,4
2026-09-23,pisa,pisa-centrale-train-station,3cb14726-6107-4766-aa8f-08186bf197af,J&J's,0,3,5,5,,5
2026-09-24,pisa,pisa-centrale-train-station,3cb14726-6107-4766-aa8f-08186bf197af,J&J's,0,8,7,6,,7
2026-09-25,pisa,pisa-centrale-train-station,3cb14726-6107-4766-aa8f-08186bf197af,J&J's,0,6,6,6,,6
2026-09-23,pisa,pisa-centrale-train-station,4214b70b-e0f4-4d79-b644-9c2cbec766ce,J&J's,0,3,84,83,,84
2026-09-24,pisa,pisa-centrale-train-station,4214b70b-e0f4-4d79-b644-9c2cbec766ce,J&J's,0,8,86,82,,86
2026-09-25,pisa,pisa-centrale-train-station,4214b70b-e0f4-4d79-b644-9c2cbec766ce,J&J's,0,6,84,84,,86
2026-09-23,pisa,san-francesco,4db672ef-7af2-4d98-9968-25bc00e98de1,J&J's,30,3,0,0,0.0,0
2026-09-24,pisa,san-francesco,4db672ef-7af2-4d98-9968-25bc00e98de1,J&J's,30,8,0,0,0.0,0
2026-09-25,pisa,san-francesco,4db672ef-7af2-4d98-9968-25bc00e98de1,J&J's,30,6,1,1,3.3,1
2026-09-23,pisa,pisa-centrale-train-station,59a3f90c-e9a5-4ba5-90e8-ae22e2ec275e,J&J's,50,3,0,0,0.0,0
2026-09-24,pisa,pisa-centrale-train-station,59a3f90c-e9a5-4ba5-90e8-ae22e2ec275e,J&J's,50,8,0,0,0.0,0
2026-09-25,pisa,pisa-centrale-train-station,59a3f90c-e9a5-4ba5-90e8-ae22e2ec275e,J&J's,50,6,0,0,0.0,0
2026-09-23,pisa,pisa-centrale-train-station,5fb6ba7b-f506-483b-afe7-dfc9deb932d4,J&J's,0,3,3,3,,3
2026-09-24,pisa,pisa-centrale-train-station,5fb6ba7b-f506-483b-afe7-dfc9deb932d4,J&J's,0,8,5,5,,5
2026-09-25,pisa,pisa-centrale-train-station,5fb6ba7b-f506-483b-afe7-dfc9deb932d4,J&J's,0,6,5,4,,5
2026-09-23,pisa,pisa-centrale-train-station,64ef6933-0d0c-4a14-8892-e4c00f901850,J&J's,100,3,2,2,2.0,2
2026-09-24,pisa,pisa-centrale-train-station,64ef6933-0d0c-4a14-8892-e4c00f901850,J&J's,100,8,2,1,2.0,2
2026-09-25,pisa,pisa-centrale-train-station,64ef6933-0d0c-4a14-8892-e4c00f901850,J&J's,100,6,2,2,2.0,2
2026-09-23,pisa,pisa-centrale-train-station,68f56104-9bdc-4330-849b-7dbaec39dfcd,J&J's,50,3,4,4,8.0,4
2026-09-24,pisa,pisa-centrale-train-station,68f56104-9bdc-4330-849b-7dbaec39dfcd,J&J's,50,8,6,6,12.0,6
2026-09-25,pisa,pisa-centrale-train-station,68f56104-9bdc-4330-849b-7dbaec39dfcd,J&J's,50,6,8,8,16.0,8
2026-09-23,pisa,forcoli,6a78f997-8a83-4946-a9ee-8e03935e4bbc,J&J's,0,3,0,0,,0
2026-09-24,pisa,forcoli,6a78f997-8a83-4946-a9ee-8e03935e4bbc,J&J's,0,8,0,0,,0
2026-09-25,pisa,forcoli,6a78f997-8a83-4946-a9ee-8e03935e4bbc,J&J's,0,6,0,0,,0
2026-09-23,pisa,navacchio,6dfc4408-c569-476a-8a13-cb56ff8c0d82,J&J's,0,3,0,0,,0
2026-09-24,pisa,navacchio,6dfc4408-c569-476a-8a13-cb56ff8c0d82,J&J's,0,8,0,0,,0
2026-09-25,pisa,navacchio,6dfc4408-c569-476a-8a13-cb56ff8c0d82,J&J's,0,6,0,0,,0
2026-09-23,pisa,pisa-centrale-train-station,6f67c73c-40d8-41b0-8815-86336f7c9398,J&J's,200,3,14,14,7.0,14
2026-09-24,pisa,pisa-centrale-train-station,6f67c73c-40d8-41b0-8815-86336f7c9398,J&J's,200,8,13,10,6.5,13
2026-09-25,pisa,pisa-centrale-train-station,6f67c73c-40d8-41b0-8815-86336f7c9398,J&J's,200,6,12,12,6.0,12
2026-09-23,pisa,pisa-piazza-del-duomo,89062afd-6055-44f4-a898-503cfd21279a,J&J's,0,3,4,4,,4
2026-09-24,pisa,pisa-piazza-del-duomo,89062afd-6055-44f4-a898-503cfd21279a,J&J's,0,8,4,2,,4
2026-09-25,pisa,pisa-piazza-del-duomo,89062afd-6055-44f4-a898-503cfd21279a,J&J's,0,6,2,2,,2
2026-09-23,pisa,pisa-piazza-del-duomo,8966585b-94a2-416d-9038-db99f3c0c7f1,J&J's,10,3,21,21,210.0,21
2026-09-24,pisa,pisa-piazza-del-duomo,8966585b-94a2-416d-9038-db99f3c0c7f1,J&J's,10,8,21,17,210.0,21
2026-09-25,pisa,pisa-piazza-del-duomo,8966585b-94a2-416d-9038-db99f3c0c7f1,J&J's,10,6,18,16,180.0,18
2026-09-23,pisa,airport,8e84d0d2-0698-4a1c-a89a-422654ba5ab9,J&J's,0,3,4,4,,4
2026-09-24,pisa,airport,8e84d0d2-0698-4a1c-a89a-422654ba5ab9,J&J's,0,8,5,5,,5
2026-09-25,pisa,airport,8e84d0d2-0698-4a1c-a89a-422654ba5ab9,J&J's,0,6,5,5,,5
2026-09-23,pisa,sozzifanti,964bb195-ab79-43aa-80bc-6dc7ece8c0d4,J&J's,7,3,0,0,0.0,0
2026-09-24,pisa,sozzifanti,964bb195-ab79-43aa-80bc-6dc7ece8c0d4,J&J's,7,8,0,0,0.0,0
2026-09-25,pisa,sozzifanti,964bb195-ab79-43aa-80bc-6dc7ece8c0d4,J&J's,7,6,0,0,0.0,0
2026-09-23,pisa,asciano,9dd68cf0-1fad-4d5b-bade-a6972de852f0,J&J's,0,3,0,0,,0
2026-09-24,pisa,asciano,9dd68cf0-1fad-4d5b-bade-a6972de852f0,J&J's,0,8,0,0,,0
2026-09-25,pisa,asciano,9dd68cf0-1fad-4d5b-bade-a6972de852f0,J&J's,0,6,0,0,,0
2026-09-23,pisa,santa-maria,a8da6707-5ec7-4be5-b0f0-5f1b0a3e4566,J&J's,0,3,1,1,,1
2026-09-24,pisa,santa-maria,a8da6707-5ec7-4be5-b0f0-5f1b0a3e4566,J&J's,0,8,1,1,,1
2026-09-25,pisa,santa-maria,a8da6707-5ec7-4be5-b0f0-5f1b0a3e4566,J&J's,0,6,1,1,,1
2026-09-23,pisa,tower-of-pisa,b03914d6-d9ae-48c5-aab8-735bb4e66879,J&J's,0,3,1,1,,1
2026-09-24,pisa,tower-of-pisa,b03914d6-d9ae-48c5-aab8-735bb4e66879,J&J's,0,8,2,0,,2
2026-09-25,pisa,tower-of-pisa,b03914d6-d9ae-48c5-aab8-735bb4e66879,J&J's,0,6,0,0,,0
2026-09-23,pisa,cisanello,b291b047-2c3a-4b52-a57c-2323fab14bf2,J&J's,50,3,0,0,0.0,0
2026-09-24,pisa,cisanello,b291b047-2c3a-4b52-a57c-2323fab14bf2,J&J's,50,8,0,0,0.0,0
2026-09-25,pisa,cisanello,b291b047-2c3a-4b52-a57c-2323fab14bf2,J&J's,50,6,0,0,0.0,0
2026-09-23,pisa,santa-maria,b34b3a1b-af84-420b-a2c0-b87e53245939,J&J's,0,3,8,8,,8
2026-09-24,pisa,santa-maria,b34b3a1b-af84-420b-a2c0-b87e53245939,J&J's,0,8,8,8,,9
2026-09-25,pisa,santa-maria,b34b3a1b-af84-420b-a2c0-b87e53245939,J&J's,0,6,8,6,,8
2026-09-23,pisa,barbaricina,b497da7e-ba1c-4e85-9c6c-d091885e2503,J&J's,0,3,0,0,,0
2026-09-24,pisa,barbaricina,b497da7e-ba1c-4e85-9c6c-d091885e2503,J&J's,0,8,0,0,,0
2026-09-25,pisa,barbaricina,b497da7e-ba1c-4e85-9c6c-d091885e2503,J&J's,0,6,0,0,,0
2026-09-23,pisa,pisa-centrale-train-station,b5abc953-cb3a-4f42-85ad-6c32e234cd61,J&J's,0,3,11,11,,11
2026-09-24,pisa,pisa-centrale-train-station,b5abc953-cb3a-4f42-85ad-6c32e234cd61,J&J's,0,8,11,11,,11
2026-09-25,pisa,pisa-centrale-train-station,b5abc953-cb3a-4f42-85ad-6c32e234cd61,J&J's,0,6,11,11,,11
2026-09-23,pisa,gagno,b871e1fd-5bba-4f2b-a4c4-9cc54d385b43,J&J's,0,3,0,0,,0
2026-09-24,pisa,gagno,b871e1fd-5bba-4f2b-a4c4-9cc54d385b43,J&J's,0,8,0,0,,0
2026-09-25,pisa,gagno,b871e1fd-5bba-4f2b-a4c4-9cc54d385b43,J&J's,0,6,0,0,,0
2026-09-23,pisa,bientina,c5e3f639-9dbb-43fb-a557-df79a6402ead,J&J's,0,3,0,0,,0
2026-09-24,pisa,bientina,c5e3f639-9dbb-43fb-a557-df79a6402ead,J&J's,0,8,0,0,,0
2026-09-25,pisa,bientina,c5e3f639-9dbb-43fb-a557-df79a6402ead,J&J's,0,6,0,0,,0
2026-09-23,pisa,pisa-centrale-train-station,c9568069-4ade-4ca6-86b7-9aa832f70b5e,J&J's,30,3,15,15,50.0,15
2026-09-24,pisa,pisa-centrale-train-station,c9568069-4ade-4ca6-86b7-9aa832f70b5e,J&J's,30,8,15,13,50.0,15
2026-09-25,pisa,pisa-centrale-train-station,c9568069-4ade-4ca6-86b7-9aa832f70b5e,J&J's,30,6,15,15,50.0,15
2026-09-23,pisa,piazza-dei-cavalieri,ca87dce5-0660-4dfe-8761-63f86b511e54,J&J's,0,3,2,2,,2
2026-09-24,pisa,piazza-dei-cavalieri,ca87dce5-0660-4dfe-8761-63f86b511e54,J&J's,0,8,2,2,,2
2026-09-25,pisa,piazza-dei-cavalieri,ca87dce5-0660-4dfe-8761-63f86b511e54,J&J's,0,6,2,2,,2
2026-09-23,pisa,pisa-centrale-train-station,cf998d10-d2f5-4303-a171-40d77c5a14e6,J&J's,70,3,101,101,144.3,101
2026-09-24,pisa,pisa-centrale-train-station,cf998d10-d2f5-4303-a171-40d77c5a14e6,J&J's,70,8,109,109,155.7,111
2026-09-25,pisa,pisa-centrale-train-station,cf998d10-d2f5-4303-a171-40d77c5a14e6,J&J's,70,6,111,106,158.6,111
2026-09-23,pisa,pisa-centrale-train-station,daf1be1c-e1bd-4732-80b2-43621ccafbf4,J&J's,0,3,0,0,,0
2026-09-24,pisa,pisa-centrale-train-station,daf1be1c-e1bd-4732-80b2-43621ccafbf4,J&J's,0,8,0,0,,0
2026-09-25,pisa,pisa-centrale-train-station,daf1be1c-e1bd-4732-80b2-43621ccafbf4,J&J's,0,6,2,2,,2
2026-09-23,pisa,pisa-centrale-train-station,de1958e0-59b5-4df9-b2e3-1cad92267ae6,J&J's,50,3,8,7,16.0,8
2026-09-24,pisa,pisa-centrale-train-station,de1958e0-59b5-4df9-b2e3-1cad92267ae6,J&J's,50,8,7,6,14.0,7
2026-09-25,pisa,pisa-centrale-train-station,de1958e0-59b5-4df9-b2e3-1cad92267ae6,J&J's,50,6,6,4,12.0,6
2026-09-23,pisa,pisa-centrale-train-station,e5fbd89c-9eb3-48e6-89f2-716547cd4ba1,J&J's,50,3,16,16,32.0,16
2026-09-24,pisa,pisa-centrale-train-station,e5fbd89c-9eb3-48e6-89f2-716547cd4ba1,J&J's,50,8,22,22,44.0,22
2026-09-25,pisa,pisa-centrale-train-station,e5fbd89c-9eb3-48e6-89f2-716547cd4ba1,J&J's,50,6,23,21,46.0,23
2026-09-23,pisa,pisa-centrale-train-station,f797c4f3-2fa0-420e-976b-e443e2a7c42e,J&J's,0,3,0,0,,0
2026-09-24,pisa,pisa-centrale-train-station,f797c4f3-2fa0-420e-976b-e443e2a7c42e,J&J's,0,8,0,0,,0
2026-09-25,pisa,pisa-centrale-train-station,f797c4f3-2fa0-420e-976b-e443e2a7c42e,J&J's,0,6,0,0,,0
2026-09-23,pisa,piazza-dei-cavalieri,f8699415-ffa4-4059-913e-047de6846ccd,J&J's,0,3,0,0,,0
2026-09-24,pisa,piazza-dei-cavalieri,f8699415-ffa4-4059-913e-047de6846ccd,J&J's,0,8,0,0,,0
2026-09-25,pisa,piazza-dei-cavalieri,f8699415-ffa4-4059-913e-047de6846ccd,J&J's,0,6,0,0,,0
2026-09-23,pisa,porta-a-lucca,ff55bfe0-e835-429f-9672-34a96277e083,J&J's,0,3,0,0,,0
2026-09-24,pisa,porta-a-lucca,ff55bfe0-e835-429f-9672-34a96277e083,J&J's,0,8,0,0,,0
2026-09-25,pisa,porta-a-lucca,ff55bfe0-e835-429f-9672-34a96277e083,J&J's,0,6,0,0,,0
2026-09-23,pordenone,san-giovanni-di-casarsa,071fa2df-2bbc-46f3-8c36-f69dc3200724,J&J's,0,3,0,0,,0
2026-09-24,pordenone,san-giovanni-di-casarsa,071fa2df-2bbc-46f3-8c36-f69dc3200724,J&J's,0,8,0,0,,0
2026-09-25,pordenone,san-giovanni-di-casarsa,071fa2df-2bbc-46f3-8c36-f69dc3200724,J&J's,0,6,0,0,,0
2026-09-23,pordenone,visinale,0cc4e674-b7c0-4863-ac8f-0dbeb2866ed2,J&J's,0,3,0,0,,0
2026-09-24,pordenone,visinale,0cc4e674-b7c0-4863-ac8f-0dbeb2866ed2,J&J's,0,8,0,0,,0
2026-09-25,pordenone,visinale,0cc4e674-b7c0-4863-ac8f-0dbeb2866ed2,J&J's,0,6,0,0,,0
2026-09-23,pordenone,rorai-piccolo,14d1ff11-2283-4f7b-8df1-ac2b68f0c74f,J&J's,0,3,0,0,,0
2026-09-24,pordenone,rorai-piccolo,14d1ff11-2283-4f7b-8df1-ac2b68f0c74f,J&J's,0,8,0,0,,0
2026-09-25,pordenone,rorai-piccolo,14d1ff11-2283-4f7b-8df1-ac2b68f0c74f,J&J's,0,6,0,0,,0
2026-09-23,pordenone,fiume-veneto,3d087305-509f-422b-8abd-63b7e7f642c3,J&J's,0,3,0,0,,0
2026-09-24,pordenone,fiume-veneto,3d087305-509f-422b-8abd-63b7e7f642c3,J&J's,0,8,0,0,,0
2026-09-25,pordenone,fiume-veneto,3d087305-509f-422b-8abd-63b7e7f642c3,J&J's,0,6,0,0,,0
2026-09-23,pordenone,san-liberale,68db789c-acac-4dfe-bc8c-d5ac61ba5946,J&J's,0,3,0,0,,0
2026-09-24,pordenone,san-liberale,68db789c-acac-4dfe-bc8c-d5ac61ba5946,J&J's,0,8,0,0,,0
2026-09-25,pordenone,san-liberale,68db789c-acac-4dfe-bc8c-d5ac61ba5946,J&J's,0,6,0,0,,0
2026-09-23,pordenone,ornedo,706fae18-8394-442a-8528-4f60bec11ec0,J&J's,0,3,0,0,,0
2026-09-24,pordenone,ornedo,706fae18-8394-442a-8528-4f60bec11ec0,J&J's,0,8,0,0,,0
2026-09-25,pordenone,ornedo,706fae18-8394-442a-8528-4f60bec11ec0,J&J's,0,6,0,0,,0
2026-09-23,pordenone,san-giorgio,b6f548f5-07a1-45a1-ac53-69d7e28a6b05,J&J's,0,3,0,0,,0
2026-09-24,pordenone,san-giorgio,b6f548f5-07a1-45a1-ac53-69d7e28a6b05,J&J's,0,8,1,1,,1
2026-09-25,pordenone,san-giorgio,b6f548f5-07a1-45a1-ac53-69d7e28a6b05,J&J's,0,6,1,1,,1
2026-09-23,pordenone,rorai-piccolo,b9d67d0b-5c3d-4d0c-862c-cdeedd185dea,J&J's,0,3,0,0,,0
2026-09-24,pordenone,rorai-piccolo,b9d67d0b-5c3d-4d0c-862c-cdeedd185dea,J&J's,0,8,0,0,,0
2026-09-25,pordenone,rorai-piccolo,b9d67d0b-5c3d-4d0c-862c-cdeedd185dea,J&J's,0,6,0,0,,0
2026-09-23,pordenone,rosa,d762940a-96fe-43db-a090-0ad224edb0bb,J&J's,0,3,0,0,,0
2026-09-24,pordenone,rosa,d762940a-96fe-43db-a090-0ad224edb0bb,J&J's,0,8,0,0,,0
2026-09-25,pordenone,rosa,d762940a-96fe-43db-a090-0ad224edb0bb,J&J's,0,6,0,0,,0
2026-09-23,pordenone,rorai-grande,e88cac3b-21c8-404b-803f-cca01997a397,J&J's,0,3,0,0,,0
2026-09-24,pordenone,rorai-grande,e88cac3b-21c8-404b-803f-cca01997a397,J&J's,0,8,0,0,,0
2026-09-25,pordenone,rorai-grande,e88cac3b-21c8-404b-803f-cca01997a397,J&J's,0,6,0,0,,0
2026-09-23,pordenone,san-giorgio,e967db07-f8a4-46dd-961a-04a03d63fa12,J&J's,0,3,0,0,,0
2026-09-24,pordenone,san-giorgio,e967db07-f8a4-46dd-961a-04a03d63fa12,J&J's,0,8,0,0,,0
2026-09-25,pordenone,san-giorgio,e967db07-f8a4-46dd-961a-04a03d63fa12,J&J's,0,6,0,0,,0
2026-09-23,pordenone,romans-di-sotto,fc794dca-39b2-4cb8-9fdc-ee60a7758765,J&J's,0,3,0,0,,0
2026-09-24,pordenone,romans-di-sotto,fc794dca-39b2-4cb8-9fdc-ee60a7758765,J&J's,0,8,0,0,,0
2026-09-25,pordenone,romans-di-sotto,fc794dca-39b2-4cb8-9fdc-ee60a7758765,J&J's,0,6,0,0,,0
2026-09-23,potenza,macchia-romana,0c07b892-1696-4969-94b4-59beb15a7b77,J&J's,0,3,0,0,,0
2026-09-24,potenza,macchia-romana,0c07b892-1696-4969-94b4-59beb15a7b77,J&J's,0,8,0,0,,0
2026-09-25,potenza,macchia-romana,0c07b892-1696-4969-94b4-59beb15a7b77,J&J's,0,6,0,0,,0
2026-09-23,potenza,santa-croce,2764cf9e-71e5-4eb3-89d2-a99e1bdefcad,J&J's,0,3,0,0,,0
2026-09-24,potenza,santa-croce,2764cf9e-71e5-4eb3-89d2-a99e1bdefcad,J&J's,0,8,0,0,,0
2026-09-25,potenza,santa-croce,2764cf9e-71e5-4eb3-89d2-a99e1bdefcad,J&J's,0,6,0,0,,0
2026-09-23,potenza,quartiere-europa,4d7e6f64-1181-4288-8cfb-8f0a47e549c5,J&J's,0,3,0,0,,0
2026-09-24,potenza,quartiere-europa,4d7e6f64-1181-4288-8cfb-8f0a47e549c5,J&J's,0,8,0,0,,0
2026-09-25,potenza,quartiere-europa,4d7e6f64-1181-4288-8cfb-8f0a47e549c5,J&J's,0,6,0,0,,0
2026-09-23,potenza,san-rocco,595a5080-bec4-437c-96c7-aad8d1376318,J&J's,0,3,0,0,,0
2026-09-24,potenza,san-rocco,595a5080-bec4-437c-96c7-aad8d1376318,J&J's,0,8,0,0,,0
2026-09-25,potenza,san-rocco,595a5080-bec4-437c-96c7-aad8d1376318,J&J's,0,6,0,0,,0
2026-09-23,potenza,potenza-city-center,730de0b2-d16a-4977-8e36-9c0b509b333a,J&J's,0,3,0,0,,0
2026-09-24,potenza,potenza-city-center,730de0b2-d16a-4977-8e36-9c0b509b333a,J&J's,0,8,0,0,,0
2026-09-25,potenza,potenza-city-center,730de0b2-d16a-4977-8e36-9c0b509b333a,J&J's,0,6,0,0,,0
2026-09-23,potenza,ruoti,73bcfc37-beb9-4522-8c81-7bd3c619a1d1,J&J's,0,3,0,0,,0
2026-09-24,potenza,ruoti,73bcfc37-beb9-4522-8c81-7bd3c619a1d1,J&J's,0,8,0,0,,0
2026-09-25,potenza,ruoti,73bcfc37-beb9-4522-8c81-7bd3c619a1d1,J&J's,0,6,0,0,,0
2026-09-23,potenza,san-vito,8647b041-8c97-4974-9fa7-c84885aeaac3,J&J's,0,3,0,0,,0
2026-09-24,potenza,san-vito,8647b041-8c97-4974-9fa7-c84885aeaac3,J&J's,0,8,0,0,,0
2026-09-25,potenza,san-vito,8647b041-8c97-4974-9fa7-c84885aeaac3,J&J's,0,6,0,0,,0
2026-09-23,potenza,potenza-city-center,88db773d-a3d4-4750-b75e-0c9cd616e289,J&J's,0,3,0,0,,0
2026-09-24,potenza,potenza-city-center,88db773d-a3d4-4750-b75e-0c9cd616e289,J&J's,0,8,0,0,,0
2026-09-25,potenza,potenza-city-center,88db773d-a3d4-4750-b75e-0c9cd616e289,J&J's,0,6,0,0,,0
2026-09-23,potenza,risorgimento,93150e02-1b15-466e-b7cb-ebe5d3a31a1b,J&J's,0,3,0,0,,0
2026-09-24,potenza,risorgimento,93150e02-1b15-466e-b7cb-ebe5d3a31a1b,J&J's,0,8,0,0,,0
2026-09-25,potenza,risorgimento,93150e02-1b15-466e-b7cb-ebe5d3a31a1b,J&J's,0,6,0,0,,0
2026-09-23,potenza,city-center,c3a6f92b-f450-43d5-ac4a-5026784764d9,J&J's,0,3,0,0,,0
2026-09-24,potenza,city-center,c3a6f92b-f450-43d5-ac4a-5026784764d9,J&J's,0,8,0,0,,0
2026-09-25,potenza,city-center,c3a6f92b-f450-43d5-ac4a-5026784764d9,J&J's,0,6,0,0,,0
2026-09-23,potenza,malvaccaro,cc2085bd-5002-4401-a37d-32deb3db478a,J&J's,0,3,0,0,,0
2026-09-24,potenza,malvaccaro,cc2085bd-5002-4401-a37d-32deb3db478a,J&J's,0,8,0,0,,0
2026-09-25,potenza,malvaccaro,cc2085bd-5002-4401-a37d-32deb3db478a,J&J's,0,6,0,0,,0
2026-09-23,potenza,montereale,d94ce857-a2c9-40c4-8e1d-736bdd6be55a,J&J's,0,3,0,0,,0
2026-09-24,potenza,montereale,d94ce857-a2c9-40c4-8e1d-736bdd6be55a,J&J's,0,8,0,0,,0
2026-09-25,potenza,montereale,d94ce857-a2c9-40c4-8e1d-736bdd6be55a,J&J's,0,6,0,0,,0
2026-09-23,potenza,quartiere-europa,e3293cc7-a0a2-46e6-81fd-a77b49eb2423,J&J's,0,3,0,0,,0
2026-09-24,potenza,quartiere-europa,e3293cc7-a0a2-46e6-81fd-a77b49eb2423,J&J's,0,8,0,0,,0
2026-09-25,potenza,quartiere-europa,e3293cc7-a0a2-46e6-81fd-a77b49eb2423,J&J's,0,6,0,0,,0
2026-09-23,potenza,tintera,fd51af48-910a-4b15-b2d0-a207d356f7fe,J&J's,0,3,0,0,,0
2026-09-24,potenza,tintera,fd51af48-910a-4b15-b2d0-a207d356f7fe,J&J's,0,8,0,0,,0
2026-09-25,potenza,tintera,fd51af48-910a-4b15-b2d0-a207d356f7fe,J&J's,0,6,0,0,,0
2026-09-23,ragusa,modica-alta,02fbd5b7-5423-486f-b7d8-ac204ecd69ab,J&J's,0,3,0,0,,0
2026-09-24,ragusa,modica-alta,02fbd5b7-5423-486f-b7d8-ac204ecd69ab,J&J's,0,8,0,0,,0
2026-09-25,ragusa,modica-alta,02fbd5b7-5423-486f-b7d8-ac204ecd69ab,J&J's,0,6,0,0,,0
2026-09-23,ragusa,rosolini,086776a9-710e-45c0-9e6e-e9a6a01d077e,J&J's,0,3,0,0,,0
2026-09-24,ragusa,rosolini,086776a9-710e-45c0-9e6e-e9a6a01d077e,J&J's,0,8,0,0,,0
2026-09-25,ragusa,rosolini,086776a9-710e-45c0-9e6e-e9a6a01d077e,J&J's,0,6,0,0,,0
2026-09-23,ragusa,villaggio-gulfi,08d48d85-d97d-4c3a-ad09-1beedea6790a,J&J's,0,3,0,0,,0
2026-09-24,ragusa,villaggio-gulfi,08d48d85-d97d-4c3a-ad09-1beedea6790a,J&J's,0,8,0,0,,0
2026-09-25,ragusa,villaggio-gulfi,08d48d85-d97d-4c3a-ad09-1beedea6790a,J&J's,0,6,0,0,,0
2026-09-23,ragusa,city-center,1151c668-86a4-44c5-af8d-c4151bf672a6,J&J's,0,3,0,0,,0
2026-09-24,ragusa,city-center,1151c668-86a4-44c5-af8d-c4151bf672a6,J&J's,0,8,0,0,,0
2026-09-25,ragusa,city-center,1151c668-86a4-44c5-af8d-c4151bf672a6,J&J's,0,6,0,0,,0
2026-09-23,ragusa,scicli,1b24179e-b34c-497c-8efd-c1ce10966ebb,J&J's,0,3,1,1,,1
2026-09-24,ragusa,scicli,1b24179e-b34c-497c-8efd-c1ce10966ebb,J&J's,0,8,1,1,,1
2026-09-25,ragusa,scicli,1b24179e-b34c-497c-8efd-c1ce10966ebb,J&J's,0,6,1,1,,1
2026-09-23,ragusa,ispica,261ab87f-ef25-4749-b5b5-994770c32712,J&J's,0,3,0,0,,0
2026-09-24,ragusa,ispica,261ab87f-ef25-4749-b5b5-994770c32712,J&J's,0,8,0,0,,0
2026-09-25,ragusa,ispica,261ab87f-ef25-4749-b5b5-994770c32712,J&J's,0,6,0,0,,0
2026-09-23,ragusa,cappuccini,2f4b143d-e2e3-40b4-9734-468f0d58090d,J&J's,0,3,0,0,,0
2026-09-24,ragusa,cappuccini,2f4b143d-e2e3-40b4-9734-468f0d58090d,J&J's,0,8,0,0,,0
2026-09-25,ragusa,cappuccini,2f4b143d-e2e3-40b4-9734-468f0d58090d,J&J's,0,6,0,0,,0
2026-09-23,ragusa,raganzino,321f6799-f4b5-49b4-9a3c-51c3c8a87cc3,J&J's,0,3,0,0,,0
2026-09-24,ragusa,raganzino,321f6799-f4b5-49b4-9a3c-51c3c8a87cc3,J&J's,0,8,0,0,,0
2026-09-25,ragusa,raganzino,321f6799-f4b5-49b4-9a3c-51c3c8a87cc3,J&J's,0,6,0,0,,0
2026-09-23,ragusa,ragusa-train-station,94c048f3-8840-49a3-9e8d-3d0b3f9dfaa2,J&J's,80,3,0,0,0.0,0
2026-09-24,ragusa,ragusa-train-station,94c048f3-8840-49a3-9e8d-3d0b3f9dfaa2,J&J's,80,8,0,0,0.0,0
2026-09-25,ragusa,ragusa-train-station,94c048f3-8840-49a3-9e8d-3d0b3f9dfaa2,J&J's,80,6,0,0,0.0,0
2026-09-23,ragusa,duomo-di-san-giorgio,a3b6ec7b-2a4f-4394-a532-d42080a217ac,J&J's,0,3,0,0,,0
2026-09-24,ragusa,duomo-di-san-giorgio,a3b6ec7b-2a4f-4394-a532-d42080a217ac,J&J's,0,8,0,0,,0
2026-09-25,ragusa,duomo-di-san-giorgio,a3b6ec7b-2a4f-4394-a532-d42080a217ac,J&J's,0,6,0,0,,0
2026-09-23,ragusa,ispica,c63358db-8856-4d3d-ad07-c86b76091494,J&J's,0,3,0,0,,0
2026-09-24,ragusa,ispica,c63358db-8856-4d3d-ad07-c86b76091494,J&J's,0,8,0,0,,0
2026-09-25,ragusa,ispica,c63358db-8856-4d3d-ad07-c86b76091494,J&J's,0,6,0,0,,0
2026-09-23,ragusa,city-center,d0ea69b2-312f-4598-b563-607dd1e16cfa,J&J's,0,3,0,0,,0
2026-09-24,ragusa,city-center,d0ea69b2-312f-4598-b563-607dd1e16cfa,J&J's,0,8,0,0,,0
2026-09-25,ragusa,city-center,d0ea69b2-312f-4598-b563-607dd1e16cfa,J&J's,0,6,0,0,,0
2026-09-23,ragusa,rosolini,d9097b3d-033d-4a2e-9a73-0ca0b5a36c7b,J&J's,0,3,0,0,,0
2026-09-24,ragusa,rosolini,d9097b3d-033d-4a2e-9a73-0ca0b5a36c7b,J&J's,0,8,0,0,,0
2026-09-25,ragusa,rosolini,d9097b3d-033d-4a2e-9a73-0ca0b5a36c7b,J&J's,0,6,0,0,,0
2026-09-23,ragusa,selvaggio,df103618-2eb8-46dd-a239-e7f88119fc27,J&J's,0,3,0,0,,0
2026-09-24,ragusa,selvaggio,df103618-2eb8-46dd-a239-e7f88119fc27,J&J's,0,8,0,0,,0
2026-09-25,ragusa,selvaggio,df103618-2eb8-46dd-a239-e7f88119fc27,J&J's,0,6,0,0,,0
2026-09-23,ragusa,giarratana,e69e12a2-d0da-4438-8c67-1f4c69060dff,J&J's,0,3,0,0,,0
2026-09-24,ragusa,giarratana,e69e12a2-d0da-4438-8c67-1f4c69060dff,J&J's,0,8,0,0,,0
2026-09-25,ragusa,giarratana,e69e12a2-d0da-4438-8c67-1f4c69060dff,J&J's,0,6,0,0,,0
2026-09-23,ragusa,selvaggio,ef8b9d32-e30a-439b-a187-6dc5da5a8ed0,J&J's,0,3,0,0,,0
2026-09-24,ragusa,selvaggio,ef8b9d32-e30a-439b-a187-6dc5da5a8ed0,J&J's,0,8,0,0,,0
2026-09-25,ragusa,selvaggio,ef8b9d32-e30a-439b-a187-6dc5da5a8ed0,J&J's,0,6,0,0,,0
2026-09-23,ravenna,main-station,04f30065-380c-4b4a-9cbb-83756cbad25d,J&J's,100,3,27,27,27.0,27
2026-09-24,ravenna,main-station,04f30065-380c-4b4a-9cbb-83756cbad25d,J&J's,100,8,30,30,30.0,30
2026-09-25,ravenna,main-station,04f30065-380c-4b4a-9cbb-83756cbad25d,J&J's,100,6,30,30,30.0,31
2026-09-23,ravenna,porto-garibaldi,0a318c3c-f07d-4aee-91f4-dd995eae25d1,J&J's,0,3,0,0,,0
2026-09-24,ravenna,porto-garibaldi,0a318c3c-f07d-4aee-91f4-dd995eae25d1,J&J's,0,8,0,0,,0
2026-09-25,ravenna,porto-garibaldi,0a318c3c-f07d-4aee-91f4-dd995eae25d1,J&J's,0,6,0,0,,0
2026-09-23,ravenna,russi,4bcd1842-3361-42fe-9573-011981e8ef66,J&J's,0,3,0,0,,0
2026-09-24,ravenna,russi,4bcd1842-3361-42fe-9573-011981e8ef66,J&J's,0,8,0,0,,0
2026-09-25,ravenna,russi,4bcd1842-3361-42fe-9573-011981e8ef66,J&J's,0,6,0,0,,0
2026-09-23,ravenna,,57ad2fd9-0933-4ff9-a6e0-cd37aa508437,J&J's,0,3,0,0,,0
2026-09-24,ravenna,,57ad2fd9-0933-4ff9-a6e0-cd37aa508437,J&J's,0,8,0,0,,0
2026-09-25,ravenna,,57ad2fd9-0933-4ff9-a6e0-cd37aa508437,J&J's,0,6,0,0,,0
2026-09-23,ravenna,bagnacavallo,734263d2-ad8f-4fab-881d-d89c470e2588,J&J's,0,3,0,0,,0
2026-09-24,ravenna,bagnacavallo,734263d2-ad8f-4fab-881d-d89c470e2588,J&J's,0,8,0,0,,0
2026-09-25,ravenna,bagnacavallo,734263d2-ad8f-4fab-881d-d89c470e2588,J&J's,0,6,0,0,,0
2026-09-23,ravenna,main-station,768ba96b-beda-4ddd-8d87-55f45b448b84,J&J's,0,3,0,0,,0
2026-09-24,ravenna,main-station,768ba96b-beda-4ddd-8d87-55f45b448b84,J&J's,0,8,0,0,,0
2026-09-25,ravenna,main-station,768ba96b-beda-4ddd-8d87-55f45b448b84,J&J's,0,6,0,0,,0
2026-09-23,ravenna,,78a6437c-5364-4f5f-a2ec-f061755ade1d,J&J's,0,3,0,0,,0
2026-09-24,ravenna,,78a6437c-5364-4f5f-a2ec-f061755ade1d,J&J's,0,8,0,0,,0
2026-09-25,ravenna,,78a6437c-5364-4f5f-a2ec-f061755ade1d,J&J's,0,6,0,0,,0
2026-09-23,ravenna,dante-tomb,9ce97464-08e5-45a9-b917-376ed2f03c6c,J&J's,0,3,0,0,,0
2026-09-24,ravenna,dante-tomb,9ce97464-08e5-45a9-b917-376ed2f03c6c,J&J's,0,8,0,0,,0
2026-09-25,ravenna,dante-tomb,9ce97464-08e5-45a9-b917-376ed2f03c6c,J&J's,0,6,0,0,,0
2026-09-23,ravenna,dante-tomb,a994cc80-36a6-4bc6-8a28-37a3e9c1facc,J&J's,0,3,2,2,,2
2026-09-24,ravenna,dante-tomb,a994cc80-36a6-4bc6-8a28-37a3e9c1facc,J&J's,0,8,2,1,,2
2026-09-25,ravenna,dante-tomb,a994cc80-36a6-4bc6-8a28-37a3e9c1facc,J&J's,0,6,1,1,,1
2026-09-23,ravenna,punta-marina-terme,e8bbeb6a-0793-423f-b882-2979a7d7e982,J&J's,0,3,0,0,,0
2026-09-24,ravenna,punta-marina-terme,e8bbeb6a-0793-423f-b882-2979a7d7e982,J&J's,0,8,0,0,,0
2026-09-25,ravenna,punta-marina-terme,e8bbeb6a-0793-423f-b882-2979a7d7e982,J&J's,0,6,0,0,,0
2026-09-23,ravenna,main-station,eb8bfadc-fd5f-49d0-855a-a884bbad7d9b,J&J's,0,3,3,3,,3
2026-09-24,ravenna,main-station,eb8bfadc-fd5f-49d0-855a-a884bbad7d9b,J&J's,0,8,3,3,,3
2026-09-25,ravenna,main-station,eb8bfadc-fd5f-49d0-855a-a884bbad7d9b,J&J's,0,6,3,3,,3
2026-09-23,ravenna,punta-marina-terme,fe6cb636-fe58-48d9-8f78-036dc5049da2,J&J's,0,3,0,0,,0
2026-09-24,ravenna,punta-marina-terme,fe6cb636-fe58-48d9-8f78-036dc5049da2,J&J's,0,8,0,0,,0
2026-09-25,ravenna,punta-marina-terme,fe6cb636-fe58-48d9-8f78-036dc5049da2,J&J's,0,6,0,0,,0
2026-09-23,reggio-calabria,gallina,026dbb74-bf09-4e1a-85a2-62ae0e1be88b,J&J's,30,3,0,0,0.0,0
2026-09-24,reggio-calabria,gallina,026dbb74-bf09-4e1a-85a2-62ae0e1be88b,J&J's,30,8,0,0,0.0,0
2026-09-25,reggio-calabria,gallina,026dbb74-bf09-4e1a-85a2-62ae0e1be88b,J&J's,30,6,0,0,0.0,0
2026-09-23,reggio-calabria,catona,055584d2-93dd-49e4-a4aa-65930338cf72,J&J's,0,3,0,0,,0
2026-09-24,reggio-calabria,catona,055584d2-93dd-49e4-a4aa-65930338cf72,J&J's,0,8,0,0,,0
2026-09-25,reggio-calabria,catona,055584d2-93dd-49e4-a4aa-65930338cf72,J&J's,0,6,0,0,,0
2026-09-23,reggio-calabria,center,223a0294-17bb-4473-999d-b3095a48230c,J&J's,0,3,0,0,,0
2026-09-24,reggio-calabria,center,223a0294-17bb-4473-999d-b3095a48230c,J&J's,0,8,0,0,,0
2026-09-25,reggio-calabria,center,223a0294-17bb-4473-999d-b3095a48230c,J&J's,0,6,0,0,,0
2026-09-23,reggio-calabria,,44dbe42f-ab76-4c86-b2d5-c0461776a01b,J&J's,0,3,0,0,,0
2026-09-24,reggio-calabria,,44dbe42f-ab76-4c86-b2d5-c0461776a01b,J&J's,0,8,0,0,,0
2026-09-25,reggio-calabria,,44dbe42f-ab76-4c86-b2d5-c0461776a01b,J&J's,0,6,0,0,,0
2026-09-23,reggio-calabria,gallina,4d40dd04-8d25-4b50-8a0c-350487285923,J&J's,0,3,0,0,,0
2026-09-24,reggio-calabria,gallina,4d40dd04-8d25-4b50-8a0c-350487285923,J&J's,0,8,0,0,,0
2026-09-25,reggio-calabria,gallina,4d40dd04-8d25-4b50-8a0c-350487285923,J&J's,0,6,0,0,,0
2026-09-23,reggio-calabria,center,534a8c9b-1a9a-47d4-9d04-b0305af62667,J&J's,0,3,0,0,,0
2026-09-24,reggio-calabria,center,534a8c9b-1a9a-47d4-9d04-b0305af62667,J&J's,0,8,0,0,,0
2026-09-25,reggio-calabria,center,534a8c9b-1a9a-47d4-9d04-b0305af62667,J&J's,0,6,0,0,,0
2026-09-23,reggio-calabria,center,5572035b-ca2c-4149-b779-115d4d7469ac,J&J's,0,3,0,0,,0
2026-09-24,reggio-calabria,center,5572035b-ca2c-4149-b779-115d4d7469ac,J&J's,0,8,0,0,,0
2026-09-25,reggio-calabria,center,5572035b-ca2c-4149-b779-115d4d7469ac,J&J's,0,6,0,0,,0
2026-09-23,reggio-calabria,center,69771465-11ae-43da-9dfb-6782a323f5f8,J&J's,200,3,0,0,0.0,0
2026-09-24,reggio-calabria,center,69771465-11ae-43da-9dfb-6782a323f5f8,J&J's,200,8,0,0,0.0,0
2026-09-25,reggio-calabria,center,69771465-11ae-43da-9dfb-6782a323f5f8,J&J's,200,6,0,0,0.0,0
2026-09-23,reggio-calabria,gallico-marina,76152a66-899c-4b19-b40e-575781348ec1,J&J's,0,3,0,0,,0
2026-09-24,reggio-calabria,gallico-marina,76152a66-899c-4b19-b40e-575781348ec1,J&J's,0,8,0,0,,0
2026-09-25,reggio-calabria,gallico-marina,76152a66-899c-4b19-b40e-575781348ec1,J&J's,0,6,0,0,,0
2026-09-23,reggio-calabria,center,8e05e8ff-f300-4f3e-9ff6-32e5579af43c,J&J's,70,3,2,2,2.9,2
2026-09-24,reggio-calabria,center,8e05e8ff-f300-4f3e-9ff6-32e5579af43c,J&J's,70,8,2,1,2.9,2
2026-09-25,reggio-calabria,center,8e05e8ff-f300-4f3e-9ff6-32e5579af43c,J&J's,70,6,1,1,1.4,1
2026-09-23,reggio-calabria,central-station,94951eea-9d40-48ea-aa2c-45849e462b91,J&J's,0,3,0,0,,0
2026-09-24,reggio-calabria,central-station,94951eea-9d40-48ea-aa2c-45849e462b91,J&J's,0,8,0,0,,0
2026-09-25,reggio-calabria,central-station,94951eea-9d40-48ea-aa2c-45849e462b91,J&J's,0,6,0,0,,0
2026-09-23,reggio-calabria,ravagnese,b2dd4d15-6e69-4b8d-996e-26cf8bf10317,J&J's,0,3,0,0,,0
2026-09-24,reggio-calabria,ravagnese,b2dd4d15-6e69-4b8d-996e-26cf8bf10317,J&J's,0,8,0,0,,0
2026-09-25,reggio-calabria,ravagnese,b2dd4d15-6e69-4b8d-996e-26cf8bf10317,J&J's,0,6,0,0,,0
2026-09-23,reggio-calabria,san-gregorio,b3592065-bc0b-4e9f-925d-4a73ecd6419c,J&J's,0,3,0,0,,0
2026-09-24,reggio-calabria,san-gregorio,b3592065-bc0b-4e9f-925d-4a73ecd6419c,J&J's,0,8,0,0,,0
2026-09-25,reggio-calabria,san-gregorio,b3592065-bc0b-4e9f-925d-4a73ecd6419c,J&J's,0,6,0,0,,0
2026-09-23,reggio-calabria,,b68d5c67-fac4-4bbb-8c24-8ddd7c733a8d,J&J's,0,3,0,0,,0
2026-09-24,reggio-calabria,,b68d5c67-fac4-4bbb-8c24-8ddd7c733a8d,J&J's,0,8,0,0,,0
2026-09-25,reggio-calabria,,b68d5c67-fac4-4bbb-8c24-8ddd7c733a8d,J&J's,0,6,0,0,,0
2026-09-23,reggio-calabria,catona,cba5720d-21b0-4da5-8675-257a7fb7ce6d,J&J's,0,3,0,0,,0
2026-09-24,reggio-calabria,catona,cba5720d-21b0-4da5-8675-257a7fb7ce6d,J&J's,0,8,0,0,,0
2026-09-25,reggio-calabria,catona,cba5720d-21b0-4da5-8675-257a7fb7ce6d,J&J's,0,6,0,0,,0
2026-09-23,reggio-calabria,ravagnese,d5895361-5d02-4cbe-a7f1-7e87963636e9,J&J's,0,3,0,0,,0
2026-09-24,reggio-calabria,ravagnese,d5895361-5d02-4cbe-a7f1-7e87963636e9,J&J's,0,8,0,0,,0
2026-09-25,reggio-calabria,ravagnese,d5895361-5d02-4cbe-a7f1-7e87963636e9,J&J's,0,6,0,0,,0
2026-09-23,reggio-calabria,center,f1b08ea0-9e34-4924-b3f5-aa980876351c,J&J's,0,3,1,1,,1
2026-09-24,reggio-calabria,center,f1b08ea0-9e34-4924-b3f5-aa980876351c,J&J's,0,8,1,1,,1
2026-09-25,reggio-calabria,center,f1b08ea0-9e34-4924-b3f5-aa980876351c,J&J's,0,6,1,1,,1
2026-09-23,reggio-calabria,center,f4e4fe74-b65e-46b5-958b-cdc5733f0ce0,J&J's,0,3,0,0,,0
2026-09-24,reggio-calabria,center,f4e4fe74-b65e-46b5-958b-cdc5733f0ce0,J&J's,0,8,0,0,,0
2026-09-25,reggio-calabria,center,f4e4fe74-b65e-46b5-958b-cdc5733f0ce0,J&J's,0,6,0,0,,0
2026-09-23,reggio-calabria,ravagnese,fe84ec03-fa34-4cc8-ae64-1548f0b79e37,J&J's,0,3,0,0,,0
2026-09-24,reggio-calabria,ravagnese,fe84ec03-fa34-4cc8-ae64-1548f0b79e37,J&J's,0,8,0,0,,0
2026-09-25,reggio-calabria,ravagnese,fe84ec03-fa34-4cc8-ae64-1548f0b79e37,J&J's,0,6,1,1,,1
2026-09-23,reggio-emilia,porta-san-pietro,5f0aefb1-636c-4f56-b062-bdbd2f6eabd4,J&J's,0,3,0,0,,0
2026-09-24,reggio-emilia,porta-san-pietro,5f0aefb1-636c-4f56-b062-bdbd2f6eabd4,J&J's,0,8,0,0,,0
2026-09-25,reggio-emilia,porta-san-pietro,5f0aefb1-636c-4f56-b062-bdbd2f6eabd4,J&J's,0,6,0,0,,0
2026-09-23,reggio-emilia,bagnolo-in-piano,659d2c15-6361-439b-8517-5afd39ba924f,J&J's,0,3,0,0,,0
2026-09-24,reggio-emilia,bagnolo-in-piano,659d2c15-6361-439b-8517-5afd39ba924f,J&J's,0,8,0,0,,0
2026-09-25,reggio-emilia,bagnolo-in-piano,659d2c15-6361-439b-8517-5afd39ba924f,J&J's,0,6,0,0,,0
2026-09-23,reggio-emilia,il-follo,a42a5c28-0457-468d-9616-77dc1d053360,J&J's,0,3,0,0,,0
2026-09-24,reggio-emilia,il-follo,a42a5c28-0457-468d-9616-77dc1d053360,J&J's,0,8,0,0,,0
2026-09-25,reggio-emilia,il-follo,a42a5c28-0457-468d-9616-77dc1d053360,J&J's,0,6,0,0,,0
2026-09-23,reggio-emilia,zona-industriale-mancasale,af9c9a59-7a8d-4684-aa0f-d4ebf417b7d8,J&J's,0,3,0,0,,0
2026-09-24,reggio-emilia,zona-industriale-mancasale,af9c9a59-7a8d-4684-aa0f-d4ebf417b7d8,J&J's,0,8,0,0,,0
2026-09-25,reggio-emilia,zona-industriale-mancasale,af9c9a59-7a8d-4684-aa0f-d4ebf417b7d8,J&J's,0,6,0,0,,0
2026-09-23,reggio-emilia,arceto,c2fcc1ed-7d6a-4a0d-9288-7dfaf680bbdb,J&J's,0,3,0,0,,0
2026-09-24,reggio-emilia,arceto,c2fcc1ed-7d6a-4a0d-9288-7dfaf680bbdb,J&J's,0,8,0,0,,0
2026-09-25,reggio-emilia,arceto,c2fcc1ed-7d6a-4a0d-9288-7dfaf680bbdb,J&J's,0,6,0,0,,0
2026-09-23,reggio-emilia,rosta-nuova,d4e36ecd-a61b-46c6-9c3b-86ce0fd0deb4,J&J's,0,3,0,0,,0
2026-09-24,reggio-emilia,rosta-nuova,d4e36ecd-a61b-46c6-9c3b-86ce0fd0deb4,J&J's,0,8,0,0,,0
2026-09-25,reggio-emilia,rosta-nuova,d4e36ecd-a61b-46c6-9c3b-86ce0fd0deb4,J&J's,0,6,0,0,,0
2026-09-23,reggio-emilia,buon-pastore,f673950d-e7a7-4307-b35a-331e1abbd3ce,J&J's,0,3,0,0,,0
2026-09-24,reggio-emilia,buon-pastore,f673950d-e7a7-4307-b35a-331e1abbd3ce,J&J's,0,8,0,0,,0
2026-09-25,reggio-emilia,buon-pastore,f673950d-e7a7-4307-b35a-331e1abbd3ce,J&J's,0,6,0,0,,0
2026-09-23,reggio-emilia,gavasseto,fe47b540-5d00-4215-b5a6-4adb677d9a52,J&J's,0,3,0,0,,0
2026-09-24,reggio-emilia,gavasseto,fe47b540-5d00-4215-b5a6-4adb677d9a52,J&J's,0,8,0,0,,0
2026-09-25,reggio-emilia,gavasseto,fe47b540-5d00-4215-b5a6-4adb677d9a52,J&J's,0,6,0,0,,0
2026-09-23,rieti,contigliano,1277d18e-e32f-4280-bc94-b8cbcdf750e7,J&J's,0,3,0,0,,0
2026-09-24,rieti,contigliano,1277d18e-e32f-4280-bc94-b8cbcdf750e7,J&J's,0,8,0,0,,0
2026-09-25,rieti,contigliano,1277d18e-e32f-4280-bc94-b8cbcdf750e7,J&J's,0,6,0,0,,0
2026-09-23,rieti,limiti-di-greccio,d4a3499d-0a9a-4f20-840c-84073766ad21,J&J's,0,3,0,0,,0
2026-09-24,rieti,limiti-di-greccio,d4a3499d-0a9a-4f20-840c-84073766ad21,J&J's,0,8,0,0,,0
2026-09-25,rieti,limiti-di-greccio,d4a3499d-0a9a-4f20-840c-84073766ad21,J&J's,0,6,0,0,,0
2026-09-23,rieti,regina-pacis,da9a2571-17ea-4674-a90c-5e3ea5108567,J&J's,0,3,0,0,,0
2026-09-24,rieti,regina-pacis,da9a2571-17ea-4674-a90c-5e3ea5108567,J&J's,0,8,0,0,,0
2026-09-25,rieti,regina-pacis,da9a2571-17ea-4674-a90c-5e3ea5108567,J&J's,0,6,0,0,,0
2026-09-23,rimini,viserba,0cb1f831-1106-4b88-9ae8-7b87c4b2f881,J&J's,0,3,0,0,,0
2026-09-24,rimini,viserba,0cb1f831-1106-4b88-9ae8-7b87c4b2f881,J&J's,0,8,0,0,,0
2026-09-25,rimini,viserba,0cb1f831-1106-4b88-9ae8-7b87c4b2f881,J&J's,0,6,0,0,,0
2026-09-23,rimini,city-center,1327f947-5f8c-46ec-b41d-aa355928529c,J&J's,0,3,0,0,,0
2026-09-24,rimini,city-center,1327f947-5f8c-46ec-b41d-aa355928529c,J&J's,0,8,0,0,,0
2026-09-25,rimini,city-center,1327f947-5f8c-46ec-b41d-aa355928529c,J&J's,0,6,0,0,,0
2026-09-23,rimini,viserba,2e867a4f-e8a9-425e-97ad-3915cc2d80cd,J&J's,0,3,0,0,,0
2026-09-24,rimini,viserba,2e867a4f-e8a9-425e-97ad-3915cc2d80cd,J&J's,0,8,0,0,,0
2026-09-25,rimini,viserba,2e867a4f-e8a9-425e-97ad-3915cc2d80cd,J&J's,0,6,0,0,,0
2026-09-23,rimini,,2ea67982-4a91-42e5-94da-96af50afb184,J&J's,0,3,0,0,,0
2026-09-24,rimini,,2ea67982-4a91-42e5-94da-96af50afb184,J&J's,0,8,0,0,,0
2026-09-25,rimini,,2ea67982-4a91-42e5-94da-96af50afb184,J&J's,0,6,0,0,,0
2026-09-23,rimini,lungomare-augusto-murri,343ee7b1-fc49-4a1f-8c33-f68654bc48f7,J&J's,10,3,0,0,0.0,0
2026-09-24,rimini,lungomare-augusto-murri,343ee7b1-fc49-4a1f-8c33-f68654bc48f7,J&J's,10,8,0,0,0.0,0
2026-09-25,rimini,lungomare-augusto-murri,343ee7b1-fc49-4a1f-8c33-f68654bc48f7,J&J's,10,6,0,0,0.0,0
2026-09-23,rimini,san-giuliano-mare,57eb793f-8e9e-4050-8767-0c79671321bb,J&J's,0,3,0,0,,0
2026-09-24,rimini,san-giuliano-mare,57eb793f-8e9e-4050-8767-0c79671321bb,J&J's,0,8,0,0,,0
2026-09-25,rimini,san-giuliano-mare,57eb793f-8e9e-4050-8767-0c79671321bb,J&J's,0,6,0,0,,0
2026-09-23,rimini,rimini-train-station,5d18f2cf-fe28-495f-9739-407d43b0c754,J&J's,0,3,0,0,,0
2026-09-24,rimini,rimini-train-station,5d18f2cf-fe28-495f-9739-407d43b0c754,J&J's,0,8,0,0,,0
2026-09-25,rimini,rimini-train-station,5d18f2cf-fe28-495f-9739-407d43b0c754,J&J's,0,6,0,0,,0
2026-09-23,rimini,city-center,7d08053f-bf10-414d-932c-c375cb08ea28,J&J's,0,3,0,0,,0
2026-09-24,rimini,city-center,7d08053f-bf10-414d-932c-c375cb08ea28,J&J's,0,8,0,0,,0
2026-09-25,rimini,city-center,7d08053f-bf10-414d-932c-c375cb08ea28,J&J's,0,6,0,0,,0
2026-09-23,rimini,rimini-train-station,8ae8e990-15f6-4de2-a8ad-49952afb03ff,J&J's,50,3,30,30,60.0,30
2026-09-24,rimini,rimini-train-station,8ae8e990-15f6-4de2-a8ad-49952afb03ff,J&J's,50,8,30,30,60.0,31
2026-09-25,rimini,rimini-train-station,8ae8e990-15f6-4de2-a8ad-49952afb03ff,J&J's,50,6,32,31,64.0,32
2026-09-23,rimini,rimini-train-station,91af0efe-bf6a-46d7-8c2f-5b25b595ac56,J&J's,0,3,0,0,,0
2026-09-24,rimini,rimini-train-station,91af0efe-bf6a-46d7-8c2f-5b25b595ac56,J&J's,0,8,0,0,,0
2026-09-25,rimini,rimini-train-station,91af0efe-bf6a-46d7-8c2f-5b25b595ac56,J&J's,0,6,0,0,,0
2026-09-23,rimini,rimini-train-station,9ada91f9-0c75-4f47-956b-cac6bc495f69,J&J's,0,3,0,0,,0
2026-09-24,rimini,rimini-train-station,9ada91f9-0c75-4f47-956b-cac6bc495f69,J&J's,0,8,0,0,,0
2026-09-25,rimini,rimini-train-station,9ada91f9-0c75-4f47-956b-cac6bc495f69,J&J's,0,6,0,0,,0
2026-09-23,rimini,lungomare-augusto-murri,a5fd69b2-07a8-4b36-9cd7-0f7e1fc1df76,J&J's,0,3,0,0,,0
2026-09-24,rimini,lungomare-augusto-murri,a5fd69b2-07a8-4b36-9cd7-0f7e1fc1df76,J&J's,0,8,0,0,,0
2026-09-25,rimini,lungomare-augusto-murri,a5fd69b2-07a8-4b36-9cd7-0f7e1fc1df76,J&J's,0,6,0,0,,0
2026-09-23,rimini,rimini-train-station,aa0bfac3-ef8f-4196-9ff6-9ad968fb9afc,J&J's,0,3,0,0,,0
2026-09-24,rimini,rimini-train-station,aa0bfac3-ef8f-4196-9ff6-9ad968fb9afc,J&J's,0,8,0,0,,0
2026-09-25,rimini,rimini-train-station,aa0bfac3-ef8f-4196-9ff6-9ad968fb9afc,J&J's,0,6,0,0,,0
2026-09-23,rimini,city-center,b0e2ac8c-d973-43b1-8d98-3f27c8cb83e3,J&J's,0,3,0,0,,0
2026-09-24,rimini,city-center,b0e2ac8c-d973-43b1-8d98-3f27c8cb83e3,J&J's,0,8,0,0,,0
2026-09-25,rimini,city-center,b0e2ac8c-d973-43b1-8d98-3f27c8cb83e3,J&J's,0,6,0,0,,0
2026-09-23,rimini,villaggio-1°-maggio,b1c112ef-dab0-4eaf-8791-f555ade9aaf8,J&J's,0,3,0,0,,0
2026-09-24,rimini,villaggio-1°-maggio,b1c112ef-dab0-4eaf-8791-f555ade9aaf8,J&J's,0,8,0,0,,0
2026-09-25,rimini,villaggio-1°-maggio,b1c112ef-dab0-4eaf-8791-f555ade9aaf8,J&J's,0,6,0,0,,0
2026-09-23,rimini,federico-fellini-park,e31df5f5-0983-4b80-af54-2b0dcbbf141e,J&J's,100,3,0,0,0.0,0
2026-09-24,rimini,federico-fellini-park,e31df5f5-0983-4b80-af54-2b0dcbbf141e,J&J's,100,8,0,0,0.0,0
2026-09-25,rimini,federico-fellini-park,e31df5f5-0983-4b80-af54-2b0dcbbf141e,J&J's,100,6,0,0,0.0,0
2026-09-23,rimini,grotta-rossa,ecbd08a1-4a5b-476c-a733-ec7944930953,J&J's,0,3,0,0,,0
2026-09-24,rimini,grotta-rossa,ecbd08a1-4a5b-476c-a733-ec7944930953,J&J's,0,8,0,0,,0
2026-09-25,rimini,grotta-rossa,ecbd08a1-4a5b-476c-a733-ec7944930953,J&J's,0,6,0,0,,0
2026-09-23,rimini,city-center,f3078bc1-5964-40b8-bf15-8770edf4578a,J&J's,0,3,0,0,,0
2026-09-24,rimini,city-center,f3078bc1-5964-40b8-bf15-8770edf4578a,J&J's,0,8,0,0,,0
2026-09-25,rimini,city-center,f3078bc1-5964-40b8-bf15-8770edf4578a,J&J's,0,6,0,0,,0
2026-09-23,rimini,city-center,f5238226-cf44-44b9-b282-d1b84f71c913,J&J's,0,3,0,0,,0
2026-09-24,rimini,city-center,f5238226-cf44-44b9-b282-d1b84f71c913,J&J's,0,8,0,0,,0
2026-09-25,rimini,city-center,f5238226-cf44-44b9-b282-d1b84f71c913,J&J's,0,6,0,0,,0
2026-09-23,rome,aprilia,00db0c2f-fa90-4d92-a274-e1d7bf32b5fd,J&J's,0,3,0,0,,0
2026-09-24,rome,aprilia,00db0c2f-fa90-4d92-a274-e1d7bf32b5fd,J&J's,0,9,0,0,,0
2026-09-25,rome,aprilia,00db0c2f-fa90-4d92-a274-e1d7bf32b5fd,J&J's,0,6,0,0,,0
2026-09-23,rome,selva-candida,01227db8-2398-4af4-b937-580cb8c6c0a4,J&J's,0,3,0,0,,0
2026-09-24,rome,selva-candida,01227db8-2398-4af4-b937-580cb8c6c0a4,J&J's,0,9,0,0,,0
2026-09-25,rome,selva-candida,01227db8-2398-4af4-b937-580cb8c6c0a4,J&J's,0,6,0,0,,0
2026-09-23,rome,piazza-di-san-pietro-in-vincoli,01bc0ee1-7180-48d5-ba99-3e59b4c1fcf9,J&J's,0,3,2,2,,2
2026-09-24,rome,piazza-di-san-pietro-in-vincoli,01bc0ee1-7180-48d5-ba99-3e59b4c1fcf9,J&J's,0,9,2,2,,2
2026-09-25,rome,piazza-di-san-pietro-in-vincoli,01bc0ee1-7180-48d5-ba99-3e59b4c1fcf9,J&J's,0,6,2,2,,2
2026-09-23,rome,parrocchietta,01d8a05e-7700-43af-aa39-2ef995947c33,J&J's,0,3,0,0,,0
2026-09-24,rome,parrocchietta,01d8a05e-7700-43af-aa39-2ef995947c33,J&J's,0,9,0,0,,0
2026-09-25,rome,parrocchietta,01d8a05e-7700-43af-aa39-2ef995947c33,J&J's,0,6,0,0,,0
2026-09-23,rome,vatican,0235d0dd-d1e8-40a0-9a73-40f5f4363f0a,J&J's,0,3,10,9,,10
2026-09-24,rome,vatican,0235d0dd-d1e8-40a0-9a73-40f5f4363f0a,J&J's,0,9,9,9,,9
2026-09-25,rome,vatican,0235d0dd-d1e8-40a0-9a73-40f5f4363f0a,J&J's,0,6,9,8,,9
2026-09-23,rome,brancaccio,023d4011-459b-493f-aef8-b382ae2271ed,J&J's,0,3,5,5,,5
2026-09-24,rome,brancaccio,023d4011-459b-493f-aef8-b382ae2271ed,J&J's,0,9,5,5,,5
2026-09-25,rome,brancaccio,023d4011-459b-493f-aef8-b382ae2271ed,J&J's,0,6,7,7,,7
2026-09-23,rome,isola-46,029fa759-a3ed-48c0-b8f5-0a8695f1702f,J&J's,0,3,0,0,,0
2026-09-24,rome,isola-46,029fa759-a3ed-48c0-b8f5-0a8695f1702f,J&J's,0,9,0,0,,0
2026-09-25,rome,isola-46,029fa759-a3ed-48c0-b8f5-0a8695f1702f,J&J's,0,6,0,0,,0
2026-09-23,rome,municipio-roma-v,02ad9772-09d5-467c-827e-7047500fe89b,J&J's,0,3,0,0,,0
2026-09-24,rome,municipio-roma-v,02ad9772-09d5-467c-827e-7047500fe89b,J&J's,0,9,0,0,,0
2026-09-25,rome,municipio-roma-v,02ad9772-09d5-467c-827e-7047500fe89b,J&J's,0,6,0,0,,0
2026-09-23,rome,Quartiere-IX-appio-latino,02d815eb-df2d-43f7-9c52-64001b0c9cc1,J&J's,18,3,5,5,27.8,5
2026-09-24,rome,Quartiere-IX-appio-latino,02d815eb-df2d-43f7-9c52-64001b0c9cc1,J&J's,18,9,7,7,38.9,7
2026-09-25,rome,Quartiere-IX-appio-latino,02d815eb-df2d-43f7-9c52-64001b0c9cc1,J&J's,18,6,7,7,38.9,7
2026-09-23,rome,furio-camillo,02feca54-d1b3-45b6-aff0-77cc3473ca63,J&J's,0,3,1,1,,1
2026-09-24,rome,furio-camillo,02feca54-d1b3-45b6-aff0-77cc3473ca63,J&J's,0,9,1,1,,1
2026-09-25,rome,furio-camillo,02feca54-d1b3-45b6-aff0-77cc3473ca63,J&J's,0,6,1,1,,1
2026-09-23,rome,trevi,0305d591-0a38-4098-96e4-3f8bc489a9b3,J&J's,0,3,15,15,,15
2026-09-24,rome,trevi,0305d591-0a38-4098-96e4-3f8bc489a9b3,J&J's,0,9,17,17,,17
2026-09-25,rome,trevi,0305d591-0a38-4098-96e4-3f8bc489a9b3,J&J's,0,6,18,16,,18
2026-09-23,rome,scacciapensieri,03677025-037d-4647-a88d-2a53d7c33a1d,J&J's,0,3,0,0,,0
2026-09-24,rome,scacciapensieri,03677025-037d-4647-a88d-2a53d7c33a1d,J&J's,0,9,0,0,,0
2026-09-25,rome,scacciapensieri,03677025-037d-4647-a88d-2a53d7c33a1d,J&J's,0,6,0,0,,0
2026-09-23,rome,ottaviano,036f7c7e-22de-4a32-94d7-b041cfa02d74,J&J's,0,3,0,0,,0
2026-09-24,rome,ottaviano,036f7c7e-22de-4a32-94d7-b041cfa02d74,J&J's,0,9,1,1,,1
2026-09-25,rome,ottaviano,036f7c7e-22de-4a32-94d7-b041cfa02d74,J&J's,0,6,1,1,,1
2026-09-23,rome,ottaviano,037df59c-2bda-4c86-9e07-af548623b42e,J&J's,0,3,0,0,,0
2026-09-24,rome,ottaviano,037df59c-2bda-4c86-9e07-af548623b42e,J&J's,0,9,0,0,,0
2026-09-25,rome,ottaviano,037df59c-2bda-4c86-9e07-af548623b42e,J&J's,0,6,0,0,,0
2026-09-23,rome,montarelli,03a52b43-55ad-44d6-b578-95b83d41b83d,J&J's,0,3,0,0,,0
2026-09-24,rome,montarelli,03a52b43-55ad-44d6-b578-95b83d41b83d,J&J's,0,9,0,0,,0
2026-09-25,rome,montarelli,03a52b43-55ad-44d6-b578-95b83d41b83d,J&J's,0,6,0,0,,0
2026-09-23,rome,piazza-campo-de-fiori,054837ce-69f8-4c28-9d49-0ebb38151785,J&J's,100,3,4,4,4.0,4
2026-09-24,rome,piazza-campo-de-fiori,054837ce-69f8-4c28-9d49-0ebb38151785,J&J's,100,9,5,5,5.0,5
2026-09-25,rome,piazza-campo-de-fiori,054837ce-69f8-4c28-9d49-0ebb38151785,J&J's,100,6,5,5,5.0,5
2026-09-23,rome,ostia-1,056a14c3-464f-42fc-b272-316a40df7d16,J&J's,0,3,1,1,,1
2026-09-24,rome,ostia-1,056a14c3-464f-42fc-b272-316a40df7d16,J&J's,0,9,3,3,,3
2026-09-25,rome,ostia-1,056a14c3-464f-42fc-b272-316a40df7d16,J&J's,0,6,3,3,,3
2026-09-23,rome,nuova-florida,05aefcbd-7b05-40b4-b854-0e010548e33f,J&J's,0,3,0,0,,0
2026-09-24,rome,nuova-florida,05aefcbd-7b05-40b4-b854-0e010548e33f,J&J's,0,9,0,0,,0
2026-09-25,rome,nuova-florida,05aefcbd-7b05-40b4-b854-0e010548e33f,J&J's,0,6,0,0,,0
2026-09-23,rome,parco-leonardo,05b0692d-a089-464a-8719-10090cac343d,J&J's,0,3,15,14,,15
2026-09-24,rome,parco-leonardo,05b0692d-a089-464a-8719-10090cac343d,J&J's,0,9,19,19,,19
2026-09-25,rome,parco-leonardo,05b0692d-a089-464a-8719-10090cac343d,J&J's,0,6,19,16,,19
2026-09-23,rome,trieste,0647ba98-b64f-4730-b94a-f4a2d82db5f9,J&J's,100,3,5,5,5.0,5
2026-09-24,rome,trieste,0647ba98-b64f-4730-b94a-f4a2d82db5f9,J&J's,100,9,5,5,5.0,5
2026-09-25,rome,trieste,0647ba98-b64f-4730-b94a-f4a2d82db5f9,J&J's,100,6,5,5,5.0,5
2026-09-23,rome,montecelio,068850e9-127a-407d-9b3a-e825c1b24409,J&J's,0,3,0,0,,0
2026-09-24,rome,montecelio,068850e9-127a-407d-9b3a-e825c1b24409,J&J's,0,9,0,0,,0
2026-09-25,rome,montecelio,068850e9-127a-407d-9b3a-e825c1b24409,J&J's,0,6,0,0,,0
2026-09-23,rome,pantheon,06eece39-786b-43b5-8c0a-447d62e7d5e3,J&J's,60,3,55,54,91.7,55
2026-09-24,rome,pantheon,06eece39-786b-43b5-8c0a-447d62e7d5e3,J&J's,60,9,56,56,93.3,58
2026-09-25,rome,pantheon,06eece39-786b-43b5-8c0a-447d62e7d5e3,J&J's,60,6,55,47,91.7,55
2026-09-23,rome,carchitti,06fe4f88-60a4-486c-b86e-c5837f378126,J&J's,0,3,0,0,,0
2026-09-24,rome,carchitti,06fe4f88-60a4-486c-b86e-c5837f378126,J&J's,0,9,0,0,,0
2026-09-25,rome,carchitti,06fe4f88-60a4-486c-b86e-c5837f378126,J&J's,0,6,0,0,,0
2026-09-23,rome,ciampino,0727f184-e53e-4fa9-9c9f-fbaac3f34911,J&J's,0,3,1,1,,1
2026-09-24,rome,ciampino,0727f184-e53e-4fa9-9c9f-fbaac3f34911,J&J's,0,9,1,0,,1
2026-09-25,rome,ciampino,0727f184-e53e-4fa9-9c9f-fbaac3f34911,J&J's,0,6,0,0,,0
2026-09-23,rome,piazza-venezia,0736c1e8-e56e-4545-931d-9454ef300644,J&J's,0,3,1,1,,1
2026-09-24,rome,piazza-venezia,0736c1e8-e56e-4545-931d-9454ef300644,J&J's,0,9,1,1,,1
2026-09-25,rome,piazza-venezia,0736c1e8-e56e-4545-931d-9454ef300644,J&J's,0,6,1,1,,1
2026-09-23,rome,focene,0747739a-1e50-4d68-9690-91ae6387d970,J&J's,0,3,2,2,,2
2026-09-24,rome,focene,0747739a-1e50-4d68-9690-91ae6387d970,J&J's,0,9,2,2,,2
2026-09-25,rome,focene,0747739a-1e50-4d68-9690-91ae6387d970,J&J's,0,6,2,2,,2
2026-09-23,rome,tiburtina,074a0ce0-666c-4f6b-b223-03478ef8ea88,J&J's,0,3,2,2,,2
2026-09-24,rome,tiburtina,074a0ce0-666c-4f6b-b223-03478ef8ea88,J&J's,0,9,2,2,,2
2026-09-25,rome,tiburtina,074a0ce0-666c-4f6b-b223-03478ef8ea88,J&J's,0,6,2,2,,2
2026-09-23,rome,fiera-di-roma,074fc449-6129-4f85-8ba4-6074b5c9e75f,J&J's,5,3,0,0,0.0,0
2026-09-24,rome,fiera-di-roma,074fc449-6129-4f85-8ba4-6074b5c9e75f,J&J's,5,9,0,0,0.0,0
2026-09-25,rome,fiera-di-roma,074fc449-6129-4f85-8ba4-6074b5c9e75f,J&J's,5,6,0,0,0.0,0
2026-09-23,rome,monti,094140db-590c-4584-9913-d5f4e5d19d2d,J&J's,500,3,11,10,2.2,11
2026-09-24,rome,monti,094140db-590c-4584-9913-d5f4e5d19d2d,J&J's,500,9,10,10,2.0,10
2026-09-25,rome,monti,094140db-590c-4584-9913-d5f4e5d19d2d,J&J's,500,6,11,10,2.2,11
2026-09-23,rome,piazza-del-popolo,0991feb4-8823-4abe-9038-f5264933f768,J&J's,0,3,8,7,,8
2026-09-24,rome,piazza-del-popolo,0991feb4-8823-4abe-9038-f5264933f768,J&J's,0,9,7,7,,7
2026-09-25,rome,piazza-del-popolo,0991feb4-8823-4abe-9038-f5264933f768,J&J's,0,6,7,5,,7
2026-09-23,rome,sant'anastasio,09a43062-7b78-433b-ac7f-5dbc6f7a1962,J&J's,0,3,0,0,,0
2026-09-24,rome,sant'anastasio,09a43062-7b78-433b-ac7f-5dbc6f7a1962,J&J's,0,9,0,0,,0
2026-09-25,rome,sant'anastasio,09a43062-7b78-433b-ac7f-5dbc6f7a1962,J&J's,0,6,0,0,,0
2026-09-23,rome,largo-di-torre-argentina,0a4159bc-9270-4b82-830a-fc23a6b39234,J&J's,0,3,2,2,,2
2026-09-24,rome,largo-di-torre-argentina,0a4159bc-9270-4b82-830a-fc23a6b39234,J&J's,0,9,2,2,,2
2026-09-25,rome,largo-di-torre-argentina,0a4159bc-9270-4b82-830a-fc23a6b39234,J&J's,0,6,2,2,,2
2026-09-23,rome,ottaviano,0af27da5-ec80-441c-a0d5-e8434a18fa2c,J&J's,0,3,0,0,,0
2026-09-24,rome,ottaviano,0af27da5-ec80-441c-a0d5-e8434a18fa2c,J&J's,0,9,0,0,,0
2026-09-25,rome,ottaviano,0af27da5-ec80-441c-a0d5-e8434a18fa2c,J&J's,0,6,0,0,,0
2026-09-23,rome,paterno,0b8f5824-fead-452b-af05-1860069e42b6,J&J's,100,3,1,1,1.0,1
2026-09-24,rome,paterno,0b8f5824-fead-452b-af05-1860069e42b6,J&J's,100,9,1,1,1.0,1
2026-09-25,rome,paterno,0b8f5824-fead-452b-af05-1860069e42b6,J&J's,100,6,1,0,1.0,1
2026-09-23,rome,monte-sacro,0c74adb8-e9ea-4971-bdc7-7126a4f1d495,J&J's,0,3,0,0,,0
2026-09-24,rome,monte-sacro,0c74adb8-e9ea-4971-bdc7-7126a4f1d495,J&J's,0,9,0,0,,0
2026-09-25,rome,monte-sacro,0c74adb8-e9ea-4971-bdc7-7126a4f1d495,J&J's,0,6,0,0,,0
2026-09-23,rome,piane-di-vaccina,0c7f2f0d-1517-4ac5-8c3b-708089db9520,J&J's,0,3,0,0,,0
2026-09-24,rome,piane-di-vaccina,0c7f2f0d-1517-4ac5-8c3b-708089db9520,J&J's,0,9,0,0,,0
2026-09-25,rome,piane-di-vaccina,0c7f2f0d-1517-4ac5-8c3b-708089db9520,J&J's,0,6,0,0,,0
2026-09-23,rome,ostia-1,0d6b0c50-0038-42eb-aa86-c99538065f5b,J&J's,0,3,0,0,,0
2026-09-24,rome,ostia-1,0d6b0c50-0038-42eb-aa86-c99538065f5b,J&J's,0,9,0,0,,0
2026-09-25,rome,ostia-1,0d6b0c50-0038-42eb-aa86-c99538065f5b,J&J's,0,6,0,0,,0
2026-09-23,rome,esquilino,0d85d142-a143-42d9-9bc9-acf80a71cdcc,J&J's,0,3,7,7,,7
2026-09-24,rome,esquilino,0d85d142-a143-42d9-9bc9-acf80a71cdcc,J&J's,0,9,7,7,,7
2026-09-25,rome,esquilino,0d85d142-a143-42d9-9bc9-acf80a71cdcc,J&J's,0,6,7,7,,7
2026-09-23,rome,tiburtina,0e020c48-8e9b-4d6d-9b24-884a3bb19499,J&J's,0,3,1,1,,1
2026-09-24,rome,tiburtina,0e020c48-8e9b-4d6d-9b24-884a3bb19499,J&J's,0,9,1,1,,1
2026-09-25,rome,tiburtina,0e020c48-8e9b-4d6d-9b24-884a3bb19499,J&J's,0,6,1,1,,1
2026-09-23,rome,piazza-di-san-pietro-in-vincoli,0f1f5e72-9dfc-4e67-974f-53c403fbf87b,J&J's,50,3,60,58,120.0,60
2026-09-24,rome,piazza-di-san-pietro-in-vincoli,0f1f5e72-9dfc-4e67-974f-53c403fbf87b,J&J's,50,9,58,50,116.0,58
2026-09-25,rome,piazza-di-san-pietro-in-vincoli,0f1f5e72-9dfc-4e67-974f-53c403fbf87b,J&J's,50,6,50,50,100.0,51
2026-09-23,rome,pantheon,0f70c271-68a1-49e1-a43a-de137b70522f,J&J's,12,3,18,18,150.0,18
2026-09-24,rome,pantheon,0f70c271-68a1-49e1-a43a-de137b70522f,J&J's,12,9,20,19,166.7,21
2026-09-25,rome,pantheon,0f70c271-68a1-49e1-a43a-de137b70522f,J&J's,12,6,19,17,158.3,19
2026-09-23,rome,municipio-roma-xv,0fcaf7e5-a6a0-48b5-be86-4acb5ef2bb1b,J&J's,0,3,0,0,,0
2026-09-24,rome,municipio-roma-xv,0fcaf7e5-a6a0-48b5-be86-4acb5ef2bb1b,J&J's,0,9,0,0,,0
2026-09-25,rome,municipio-roma-xv,0fcaf7e5-a6a0-48b5-be86-4acb5ef2bb1b,J&J's,0,6,0,0,,0
2026-09-23,rome,piazza-campo-de-fiori,0ffac5bf-5a11-415c-be88-690d586887fb,J&J's,10,3,1,1,10.0,1
2026-09-24,rome,piazza-campo-de-fiori,0ffac5bf-5a11-415c-be88-690d586887fb,J&J's,10,9,2,2,20.0,3
2026-09-25,rome,piazza-campo-de-fiori,0ffac5bf-5a11-415c-be88-690d586887fb,J&J's,10,6,2,2,20.0,2
2026-09-23,rome,pantheon,10c11783-c9b4-4f7b-a187-fb99972cf26b,J&J's,0,3,1,1,,1
2026-09-24,rome,pantheon,10c11783-c9b4-4f7b-a187-fb99972cf26b,J&J's,0,9,1,1,,1
2026-09-25,rome,pantheon,10c11783-c9b4-4f7b-a187-fb99972cf26b,J&J's,0,6,1,1,,1
2026-09-23,rome,fiano-romano,119da845-8530-42c5-b25b-a43380a9cc94,J&J's,0,3,0,0,,0
2026-09-24,rome,fiano-romano,119da845-8530-42c5-b25b-a43380a9cc94,J&J's,0,9,0,0,,0
2026-09-25,rome,fiano-romano,119da845-8530-42c5-b25b-a43380a9cc94,J&J's,0,6,0,0,,0
2026-09-23,rome,termini,12347e4b-c6f9-4c81-ab1b-5370a2feaf26,J&J's,0,3,91,91,,91
2026-09-24,rome,termini,12347e4b-c6f9-4c81-ab1b-5370a2feaf26,J&J's,0,9,93,90,,95
2026-09-25,rome,termini,12347e4b-c6f9-4c81-ab1b-5370a2feaf26,J&J's,0,6,94,94,,102
2026-09-23,rome,parrocchietta,12b90f9d-f94e-48cf-88b7-5f25b60a83b2,J&J's,0,3,0,0,,0
2026-09-24,rome,parrocchietta,12b90f9d-f94e-48cf-88b7-5f25b60a83b2,J&J's,0,9,0,0,,0
2026-09-25,rome,parrocchietta,12b90f9d-f94e-48cf-88b7-5f25b60a83b2,J&J's,0,6,0,0,,0
2026-09-23,rome,san-giovanni,13344126-7b8a-4c75-bf42-24b0175fbc54,J&J's,30,3,0,0,0.0,0
2026-09-24,rome,san-giovanni,13344126-7b8a-4c75-bf42-24b0175fbc54,J&J's,30,9,0,0,0.0,0
2026-09-25,rome,san-giovanni,13344126-7b8a-4c75-bf42-24b0175fbc54,J&J's,30,6,0,0,0.0,0
2026-09-23,rome,ariccia,13fdb1fc-8c94-493a-9a71-c84e83fa2105,J&J's,0,3,0,0,,0
2026-09-24,rome,ariccia,13fdb1fc-8c94-493a-9a71-c84e83fa2105,J&J's,0,9,0,0,,0
2026-09-25,rome,ariccia,13fdb1fc-8c94-493a-9a71-c84e83fa2105,J&J's,0,6,0,0,,0
2026-09-23,rome,borgo-vecchio,1417ea2f-235b-45d8-b8a3-e80cb893df5a,J&J's,0,3,0,0,,0
2026-09-24,rome,borgo-vecchio,1417ea2f-235b-45d8-b8a3-e80cb893df5a,J&J's,0,9,0,0,,0
2026-09-25,rome,borgo-vecchio,1417ea2f-235b-45d8-b8a3-e80cb893df5a,J&J's,0,6,0,0,,0
2026-09-23,rome,castel-sant-angelo,14b0c6bc-58d8-4d34-9fc4-b88082faba5d,J&J's,0,3,10,10,,10
2026-09-24,rome,castel-sant-angelo,14b0c6bc-58d8-4d34-9fc4-b88082faba5d,J&J's,0,9,10,9,,10
2026-09-25,rome,castel-sant-angelo,14b0c6bc-58d8-4d34-9fc4-b88082faba5d,J&J's,0,6,9,9,,10
2026-09-23,rome,nomentano,150e0196-6473-4e71-b839-6a092a8bf25a,J&J's,0,3,0,0,,0
2026-09-24,rome,nomentano,150e0196-6473-4e71-b839-6a092a8bf25a,J&J's,0,9,0,0,,0
2026-09-25,rome,nomentano,150e0196-6473-4e71-b839-6a092a8bf25a,J&J's,0,6,0,0,,0
2026-09-23,rome,salario,151953e5-88f6-4c1c-9ddc-2b8df3be3de0,J&J's,0,3,1,1,,1
2026-09-24,rome,salario,151953e5-88f6-4c1c-9ddc-2b8df3be3de0,J&J's,0,9,1,1,,1
2026-09-25,rome,salario,151953e5-88f6-4c1c-9ddc-2b8df3be3de0,J&J's,0,6,1,1,,1
2026-09-23,rome,trastevere,153c7451-3f23-4247-948d-8f4cf19e0223,J&J's,0,3,9,9,,9
2026-09-24,rome,trastevere,153c7451-3f23-4247-948d-8f4cf19e0223,J&J's,0,9,9,8,,9
2026-09-25,rome,trastevere,153c7451-3f23-4247-948d-8f4cf19e0223,J&J's,0,6,11,9,,11
2026-09-23,rome,casalazzara,15a01d59-d9b5-49af-bfd5-e2f61156c643,J&J's,0,3,0,0,,0
2026-09-24,rome,casalazzara,15a01d59-d9b5-49af-bfd5-e2f61156c643,J&J's,0,9,0,0,,0
2026-09-25,rome,casalazzara,15a01d59-d9b5-49af-bfd5-e2f61156c643,J&J's,0,6,0,0,,0
2026-09-23,rome,sallustiano,15cb5a9f-d9cd-4a67-b327-ee8e1c6bb5b3,J&J's,0,3,0,0,,0
2026-09-24,rome,sallustiano,15cb5a9f-d9cd-4a67-b327-ee8e1c6bb5b3,J&J's,0,9,0,0,,0
2026-09-25,rome,sallustiano,15cb5a9f-d9cd-4a67-b327-ee8e1c6bb5b3,J&J's,0,6,0,0,,0
2026-09-23,rome,s-pietro,15ce5736-1b35-4729-a0e3-5e67c5900332,J&J's,0,3,2,2,,2
2026-09-24,rome,s-pietro,15ce5736-1b35-4729-a0e3-5e67c5900332,J&J's,0,9,3,3,,3
2026-09-25,rome,s-pietro,15ce5736-1b35-4729-a0e3-5e67c5900332,J&J's,0,6,3,2,,3
2026-09-23,rome,san-giovanni,15e26774-857a-4e2c-a685-1f78ce2862d2,J&J's,8,3,5,5,62.5,5
2026-09-24,rome,san-giovanni,15e26774-857a-4e2c-a685-1f78ce2862d2,J&J's,8,9,5,5,62.5,6
2026-09-25,rome,san-giovanni,15e26774-857a-4e2c-a685-1f78ce2862d2,J&J's,8,6,5,3,62.5,5
2026-09-23,rome,tiburtina,1614d434-ae09-4cff-9221-b9e87b707a2f,J&J's,0,3,3,3,,3
2026-09-24,rome,tiburtina,1614d434-ae09-4cff-9221-b9e87b707a2f,J&J's,0,9,3,3,,3
2026-09-25,rome,tiburtina,1614d434-ae09-4cff-9221-b9e87b707a2f,J&J's,0,6,4,4,,4
2026-09-23,rome,ara-nova,164ae881-41b5-4b8f-ba27-f51512245ce9,J&J's,0,3,0,0,,0
2026-09-24,rome,ara-nova,164ae881-41b5-4b8f-ba27-f51512245ce9,J&J's,0,9,0,0,,0
2026-09-25,rome,ara-nova,164ae881-41b5-4b8f-ba27-f51512245ce9,J&J's,0,6,0,0,,0
2026-09-23,rome,san-lorenzo,16746bee-c507-4cb7-8a52-9aa84cf13685,J&J's,0,3,1,1,,1
2026-09-24,rome,san-lorenzo,16746bee-c507-4cb7-8a52-9aa84cf13685,J&J's,0,9,1,1,,1
2026-09-25,rome,san-lorenzo,16746bee-c507-4cb7-8a52-9aa84cf13685,J&J's,0,6,1,1,,1
2026-09-23,rome,ciampino,17039569-a8d4-4022-aa6b-8214d75ff9ce,J&J's,100,3,0,0,0.0,0
2026-09-24,rome,ciampino,17039569-a8d4-4022-aa6b-8214d75ff9ce,J&J's,100,9,0,0,0.0,0
2026-09-25,rome,ciampino,17039569-a8d4-4022-aa6b-8214d75ff9ce,J&J's,100,6,0,0,0.0,0
2026-09-23,rome,ottaviano,17a3aad7-8532-41f6-96c7-24fde9018458,J&J's,0,3,1,1,,1
2026-09-24,rome,ottaviano,17a3aad7-8532-41f6-96c7-24fde9018458,J&J's,0,9,1,1,,1
2026-09-25,rome,ottaviano,17a3aad7-8532-41f6-96c7-24fde9018458,J&J's,0,6,1,1,,1
2026-09-23,rome,manziana,17ea037f-7fc0-4600-89bc-3b487a798ffa,J&J's,0,3,0,0,,0
2026-09-24,rome,manziana,17ea037f-7fc0-4600-89bc-3b487a798ffa,J&J's,0,9,0,0,,0
2026-09-25,rome,manziana,17ea037f-7fc0-4600-89bc-3b487a798ffa,J&J's,0,6,0,0,,0
2026-09-23,rome,porta-di-roma,183537ed-a114-407c-aa2e-24868497df04,J&J's,0,3,0,0,,0
2026-09-24,rome,porta-di-roma,183537ed-a114-407c-aa2e-24868497df04,J&J's,0,9,0,0,,0
2026-09-25,rome,porta-di-roma,183537ed-a114-407c-aa2e-24868497df04,J&J's,0,6,0,0,,0
2026-09-23,rome,vatican,1960821a-2eaa-4a7a-bcf8-5cdf79078457,J&J's,0,3,0,0,,0
2026-09-24,rome,vatican,1960821a-2eaa-4a7a-bcf8-5cdf79078457,J&J's,0,9,0,0,,0
2026-09-25,rome,vatican,1960821a-2eaa-4a7a-bcf8-5cdf79078457,J&J's,0,6,0,0,,0
2026-09-23,rome,portuense,1a869a3c-4dc3-4f6d-a3cc-a57fb6338720,J&J's,0,3,0,0,,0
2026-09-24,rome,portuense,1a869a3c-4dc3-4f6d-a3cc-a57fb6338720,J&J's,0,9,0,0,,0
2026-09-25,rome,portuense,1a869a3c-4dc3-4f6d-a3cc-a57fb6338720,J&J's,0,6,0,0,,0
2026-09-23,rome,monti,1aa0176c-80a2-4b5c-8b5e-80048d85dec0,J&J's,0,3,3,3,,3
2026-09-24,rome,monti,1aa0176c-80a2-4b5c-8b5e-80048d85dec0,J&J's,0,9,4,4,,4
2026-09-25,rome,monti,1aa0176c-80a2-4b5c-8b5e-80048d85dec0,J&J's,0,6,4,4,,4
2026-09-23,rome,gallicano-nel-lazio,1be559fe-a3c6-482e-8ef7-9ca4cdd867a7,J&J's,0,3,0,0,,0
2026-09-24,rome,gallicano-nel-lazio,1be559fe-a3c6-482e-8ef7-9ca4cdd867a7,J&J's,0,9,0,0,,0
2026-09-25,rome,gallicano-nel-lazio,1be559fe-a3c6-482e-8ef7-9ca4cdd867a7,J&J's,0,6,0,0,,0
2026-09-23,rome,la-valle,1c4cbf26-fbd7-4cc8-8c33-8e17f92d7135,J&J's,0,3,0,0,,0
2026-09-24,rome,la-valle,1c4cbf26-fbd7-4cc8-8c33-8e17f92d7135,J&J's,0,9,0,0,,0
2026-09-25,rome,la-valle,1c4cbf26-fbd7-4cc8-8c33-8e17f92d7135,J&J's,0,6,0,0,,0
2026-09-23,rome,s-pietro,1c90c76f-988c-4f3f-9f37-1417c0cb6405,J&J's,0,3,12,11,,12
2026-09-24,rome,s-pietro,1c90c76f-988c-4f3f-9f37-1417c0cb6405,J&J's,0,9,12,12,,12
2026-09-25,rome,s-pietro,1c90c76f-988c-4f3f-9f37-1417c0cb6405,J&J's,0,6,14,14,,15
2026-09-23,rome,s-pietro,1cb2bfc0-b9b8-452d-ba86-e16b91544870,J&J's,100,3,66,65,66.0,66
2026-09-24,rome,s-pietro,1cb2bfc0-b9b8-452d-ba86-e16b91544870,J&J's,100,9,71,71,71.0,71
2026-09-25,rome,s-pietro,1cb2bfc0-b9b8-452d-ba86-e16b91544870,J&J's,100,6,75,75,75.0,75
2026-09-23,rome,colle-sant'antonino,1ccda846-89de-47f9-ad41-10e4225882a1,J&J's,0,3,0,0,,0
2026-09-24,rome,colle-sant'antonino,1ccda846-89de-47f9-ad41-10e4225882a1,J&J's,0,9,0,0,,0
2026-09-25,rome,colle-sant'antonino,1ccda846-89de-47f9-ad41-10e4225882a1,J&J's,0,6,0,0,,0
2026-09-23,rome,furio-camillo,1cf221f3-c5f4-4d85-8167-833666c732d8,J&J's,30,3,1,1,3.3,1
2026-09-24,rome,furio-camillo,1cf221f3-c5f4-4d85-8167-833666c732d8,J&J's,30,9,1,1,3.3,1
2026-09-25,rome,furio-camillo,1cf221f3-c5f4-4d85-8167-833666c732d8,J&J's,30,6,1,1,3.3,1
2026-09-23,rome,navona,1cf81da6-14ae-4385-9155-86dcbe1fc166,J&J's,0,3,8,8,,8
2026-09-24,rome,navona,1cf81da6-14ae-4385-9155-86dcbe1fc166,J&J's,0,9,9,9,,9
2026-09-25,rome,navona,1cf81da6-14ae-4385-9155-86dcbe1fc166,J&J's,0,6,9,5,,9
2026-09-23,rome,esquilino,1d404531-df1c-4516-bb78-0ce21faa1ec2,J&J's,0,3,0,0,,0
2026-09-24,rome,esquilino,1d404531-df1c-4516-bb78-0ce21faa1ec2,J&J's,0,9,0,0,,0
2026-09-25,rome,esquilino,1d404531-df1c-4516-bb78-0ce21faa1ec2,J&J's,0,6,0,0,,0
2026-09-23,rome,vatican,1dc20f34-383f-42db-bfa0-33c42718d385,J&J's,15,3,12,12,80.0,12
2026-09-24,rome,vatican,1dc20f34-383f-42db-bfa0-33c42718d385,J&J's,15,9,13,12,86.7,13
2026-09-25,rome,vatican,1dc20f34-383f-42db-bfa0-33c42718d385,J&J's,15,6,16,16,106.7,16
2026-09-23,rome,primavera,1df81d33-1aca-4af2-8758-7f869b3b8a42,J&J's,0,3,0,0,,0
2026-09-24,rome,primavera,1df81d33-1aca-4af2-8758-7f869b3b8a42,J&J's,0,9,0,0,,0
2026-09-25,rome,primavera,1df81d33-1aca-4af2-8758-7f869b3b8a42,J&J's,0,6,0,0,,0
2026-09-23,rome,esquilino,1e96557d-1fe8-4eac-a627-6f125b17469b,J&J's,0,3,1,1,,1
2026-09-24,rome,esquilino,1e96557d-1fe8-4eac-a627-6f125b17469b,J&J's,0,9,1,0,,1
2026-09-25,rome,esquilino,1e96557d-1fe8-4eac-a627-6f125b17469b,J&J's,0,6,0,0,,0
2026-09-23,rome,salario,1ea0702a-fc01-41c8-8f33-40aaf1268228,J&J's,0,3,0,0,,0
2026-09-24,rome,salario,1ea0702a-fc01-41c8-8f33-40aaf1268228,J&J's,0,9,1,1,,1
2026-09-25,rome,salario,1ea0702a-fc01-41c8-8f33-40aaf1268228,J&J's,0,6,1,1,,1
2026-09-23,rome,europa,201b0d03-26f9-4399-9a2e-d49eb4b82bbd,J&J's,12,3,0,0,0.0,0
2026-09-24,rome,europa,201b0d03-26f9-4399-9a2e-d49eb4b82bbd,J&J's,12,9,0,0,0.0,0
2026-09-25,rome,europa,201b0d03-26f9-4399-9a2e-d49eb4b82bbd,J&J's,12,6,0,0,0.0,0
2026-09-23,rome,torrevecchia,2099f864-5e6b-48d4-afce-422379d00cf4,J&J's,0,3,0,0,,0
2026-09-24,rome,torrevecchia,2099f864-5e6b-48d4-afce-422379d00cf4,J&J's,0,9,0,0,,0
2026-09-25,rome,torrevecchia,2099f864-5e6b-48d4-afce-422379d00cf4,J&J's,0,6,0,0,,0
2026-09-23,rome,vatican,21496092-6732-4765-b38f-1f170d88fb99,J&J's,0,3,2,2,,2
2026-09-24,rome,vatican,21496092-6732-4765-b38f-1f170d88fb99,J&J's,0,9,2,2,,2
2026-09-25,rome,vatican,21496092-6732-4765-b38f-1f170d88fb99,J&J's,0,6,2,2,,2
2026-09-23,rome,nomentano,2165538b-f63f-4534-8966-ff90aba85aed,J&J's,30,3,0,0,0.0,0
2026-09-24,rome,nomentano,2165538b-f63f-4534-8966-ff90aba85aed,J&J's,30,9,0,0,0.0,0
2026-09-25,rome,nomentano,2165538b-f63f-4534-8966-ff90aba85aed,J&J's,30,6,0,0,0.0,0
2026-09-23,rome,esquilino,2182f5d6-000d-4497-a62a-522ed00c8b3f,J&J's,10,3,1,1,10.0,1
2026-09-24,rome,esquilino,2182f5d6-000d-4497-a62a-522ed00c8b3f,J&J's,10,9,1,1,10.0,1
2026-09-25,rome,esquilino,2182f5d6-000d-4497-a62a-522ed00c8b3f,J&J's,10,6,1,1,10.0,1
2026-09-23,rome,piazza-di-san-pietro-in-vincoli,21be7700-0870-41be-8120-7da2d96d0dae,J&J's,0,3,16,16,,16
2026-09-24,rome,piazza-di-san-pietro-in-vincoli,21be7700-0870-41be-8120-7da2d96d0dae,J&J's,0,9,17,16,,17
2026-09-25,rome,piazza-di-san-pietro-in-vincoli,21be7700-0870-41be-8120-7da2d96d0dae,J&J's,0,6,17,16,,17
2026-09-23,rome,pantheon,221d18fa-416d-4b7a-8616-c634d5f01ac0,J&J's,0,3,3,3,,3
2026-09-24,rome,pantheon,221d18fa-416d-4b7a-8616-c634d5f01ac0,J&J's,0,9,2,2,,2
2026-09-25,rome,pantheon,221d18fa-416d-4b7a-8616-c634d5f01ac0,J&J's,0,6,4,4,,4
2026-09-23,rome,spanish-steps,22387b59-2f94-4fb2-a3ad-6a1a361a4d42,J&J's,0,3,38,38,,39
2026-09-24,rome,spanish-steps,22387b59-2f94-4fb2-a3ad-6a1a361a4d42,J&J's,0,9,41,40,,41
2026-09-25,rome,spanish-steps,22387b59-2f94-4fb2-a3ad-6a1a361a4d42,J&J's,0,6,41,40,,41
2026-09-23,rome,esquilino,224c9e10-1544-4d85-9b88-4588b43df038,J&J's,10,3,0,0,0.0,0
2026-09-24,rome,esquilino,224c9e10-1544-4d85-9b88-4588b43df038,J&J's,10,9,1,1,10.0,1
2026-09-25,rome,esquilino,224c9e10-1544-4d85-9b88-4588b43df038,J&J's,10,6,1,1,10.0,1
2026-09-23,rome,poggio-dell'asino,22c00244-1b65-4a53-8ab4-41b828dc9c6f,J&J's,0,3,0,0,,0
2026-09-24,rome,poggio-dell'asino,22c00244-1b65-4a53-8ab4-41b828dc9c6f,J&J's,0,9,0,0,,0
2026-09-25,rome,poggio-dell'asino,22c00244-1b65-4a53-8ab4-41b828dc9c6f,J&J's,0,6,0,0,,0
2026-09-23,rome,cinecittà,22ca9afd-9a3b-4a94-8f2b-a2bf8670d964,J&J's,0,3,3,3,,3
2026-09-24,rome,cinecittà,22ca9afd-9a3b-4a94-8f2b-a2bf8670d964,J&J's,0,9,4,4,,4
2026-09-25,rome,cinecittà,22ca9afd-9a3b-4a94-8f2b-a2bf8670d964,J&J's,0,6,4,3,,4
2026-09-23,rome,trastevere,233df7ab-ae57-4f94-a286-0868dbd36d8f,J&J's,5,3,14,13,280.0,14
2026-09-24,rome,trastevere,233df7ab-ae57-4f94-a286-0868dbd36d8f,J&J's,5,9,13,13,260.0,14
2026-09-25,rome,trastevere,233df7ab-ae57-4f94-a286-0868dbd36d8f,J&J's,5,6,13,12,260.0,14
2026-09-23,rome,monterotondo,23e4b612-d237-4ff5-9ac6-fadf5754398e,J&J's,20,3,0,0,0.0,0
2026-09-24,rome,monterotondo,23e4b612-d237-4ff5-9ac6-fadf5754398e,J&J's,20,9,0,0,0.0,0
2026-09-25,rome,monterotondo,23e4b612-d237-4ff5-9ac6-fadf5754398e,J&J's,20,6,0,0,0.0,0
2026-09-23,rome,parioli,24536a7a-6f48-455e-b74b-97e84362a788,J&J's,0,3,2,1,,2
2026-09-24,rome,parioli,24536a7a-6f48-455e-b74b-97e84362a788,J&J's,0,9,2,2,,2
2026-09-25,rome,parioli,24536a7a-6f48-455e-b74b-97e84362a788,J&J's,0,6,2,2,,2
2026-09-23,rome,la-rustica,25e8860b-ea09-4c4c-bbc1-ed94ccd8ebc7,J&J's,0,3,0,0,,0
2026-09-24,rome,la-rustica,25e8860b-ea09-4c4c-bbc1-ed94ccd8ebc7,J&J's,0,9,0,0,,0
2026-09-25,rome,la-rustica,25e8860b-ea09-4c4c-bbc1-ed94ccd8ebc7,J&J's,0,6,0,0,,0
2026-09-23,rome,baldo-degli-ubaldi-station,2606a600-eb44-44ca-8761-c84bd26da172,J&J's,20,3,0,0,0.0,0
2026-09-24,rome,baldo-degli-ubaldi-station,2606a600-eb44-44ca-8761-c84bd26da172,J&J's,20,9,0,0,0.0,0
2026-09-25,rome,baldo-degli-ubaldi-station,2606a600-eb44-44ca-8761-c84bd26da172,J&J's,20,6,0,0,0.0,0
2026-09-23,rome,velletri,2728caa1-07c3-493e-941e-6ad33671f471,J&J's,0,3,0,0,,0
2026-09-24,rome,velletri,2728caa1-07c3-493e-941e-6ad33671f471,J&J's,0,9,0,0,,0
2026-09-25,rome,velletri,2728caa1-07c3-493e-941e-6ad33671f471,J&J's,0,6,0,0,,0
2026-09-23,rome,pantheon,272f9b33-7464-481f-9bf3-4d89267e0ec4,J&J's,0,3,4,4,,4
2026-09-24,rome,pantheon,272f9b33-7464-481f-9bf3-4d89267e0ec4,J&J's,0,9,6,6,,6
2026-09-25,rome,pantheon,272f9b33-7464-481f-9bf3-4d89267e0ec4,J&J's,0,6,6,5,,6
2026-09-23,rome,vatican,2909a817-5341-42a5-80cd-70763b762ce7,J&J's,500,3,18,18,3.6,18
2026-09-24,rome,vatican,2909a817-5341-42a5-80cd-70763b762ce7,J&J's,500,9,20,16,4.0,20
2026-09-25,rome,vatican,2909a817-5341-42a5-80cd-70763b762ce7,J&J's,500,6,19,19,3.8,19
2026-09-23,rome,municipio-roma-x,2926e03e-de87-4d02-8785-30c19aef1631,J&J's,0,3,0,0,,0
2026-09-24,rome,municipio-roma-x,2926e03e-de87-4d02-8785-30c19aef1631,J&J's,0,9,0,0,,0
2026-09-25,rome,municipio-roma-x,2926e03e-de87-4d02-8785-30c19aef1631,J&J's,0,6,0,0,,0
2026-09-23,rome,rione-ix-pigna,29350a88-7442-4dda-a6a5-7ae23e93aaa0,J&J's,0,3,0,0,,0
2026-09-24,rome,rione-ix-pigna,29350a88-7442-4dda-a6a5-7ae23e93aaa0,J&J's,0,9,1,1,,1
2026-09-25,rome,rione-ix-pigna,29350a88-7442-4dda-a6a5-7ae23e93aaa0,J&J's,0,6,1,1,,1
2026-09-23,rome,fiumicino,2ab7311b-02e3-4e37-823f-68f0e9527134,J&J's,0,3,1,1,,1
2026-09-24,rome,fiumicino,2ab7311b-02e3-4e37-823f-68f0e9527134,J&J's,0,9,1,1,,1
2026-09-25,rome,fiumicino,2ab7311b-02e3-4e37-823f-68f0e9527134,J&J's,0,6,1,1,,1
2026-09-23,rome,ottaviano,2aec2e0e-995c-4d25-ae7c-1c5dd6748380,J&J's,8,3,3,3,37.5,3
2026-09-24,rome,ottaviano,2aec2e0e-995c-4d25-ae7c-1c5dd6748380,J&J's,8,9,3,3,37.5,3
2026-09-25,rome,ottaviano,2aec2e0e-995c-4d25-ae7c-1c5dd6748380,J&J's,8,6,4,4,50.0,4
2026-09-23,rome,casilino-23,2b4c5f64-6041-47e5-a90b-0fec9e0948f3,J&J's,0,3,0,0,,0
2026-09-24,rome,casilino-23,2b4c5f64-6041-47e5-a90b-0fec9e0948f3,J&J's,0,9,0,0,,0
2026-09-25,rome,casilino-23,2b4c5f64-6041-47e5-a90b-0fec9e0948f3,J&J's,0,6,0,0,,0
2026-09-23,rome,esquilino,2b5451d9-92ce-4355-a7fe-bbf1a229d583,J&J's,0,3,3,3,,3
2026-09-24,rome,esquilino,2b5451d9-92ce-4355-a7fe-bbf1a229d583,J&J's,0,9,3,3,,3
2026-09-25,rome,esquilino,2b5451d9-92ce-4355-a7fe-bbf1a229d583,J&J's,0,6,3,3,,3
2026-09-23,rome,labicana,2b8ce8d9-1a2d-407f-8898-16d0e5375d8c,J&J's,300,3,0,0,0.0,0
2026-09-24,rome,labicana,2b8ce8d9-1a2d-407f-8898-16d0e5375d8c,J&J's,300,9,0,0,0.0,0
2026-09-25,rome,labicana,2b8ce8d9-1a2d-407f-8898-16d0e5375d8c,J&J's,300,6,1,1,0.3,1
2026-09-23,rome,rignano-flaminio,2c1cdc33-260b-4ebf-8d1a-0d5ff03c7d0a,J&J's,0,3,0,0,,0
2026-09-24,rome,rignano-flaminio,2c1cdc33-260b-4ebf-8d1a-0d5ff03c7d0a,J&J's,0,9,0,0,,0
2026-09-25,rome,rignano-flaminio,2c1cdc33-260b-4ebf-8d1a-0d5ff03c7d0a,J&J's,0,6,0,0,,0
2026-09-23,rome,quartiere-xv-della-vittoria,2cc8ceca-e9eb-4b07-90ed-16d63c471d7a,J&J's,0,3,0,0,,0
2026-09-24,rome,quartiere-xv-della-vittoria,2cc8ceca-e9eb-4b07-90ed-16d63c471d7a,J&J's,0,9,0,0,,0
2026-09-25,rome,quartiere-xv-della-vittoria,2cc8ceca-e9eb-4b07-90ed-16d63c471d7a,J&J's,0,6,0,0,,0
2026-09-23,rome,tiburtina,2e0b0346-dc74-452b-b40c-02a83be0ffea,J&J's,0,3,3,3,,3
2026-09-24,rome,tiburtina,2e0b0346-dc74-452b-b40c-02a83be0ffea,J&J's,0,9,3,3,,3
2026-09-25,rome,tiburtina,2e0b0346-dc74-452b-b40c-02a83be0ffea,J&J's,0,6,3,3,,3
2026-09-23,rome,prati,2e184331-f605-44e0-bdc3-7fc05319c227,J&J's,20,3,11,11,55.0,11
2026-09-24,rome,prati,2e184331-f605-44e0-bdc3-7fc05319c227,J&J's,20,9,13,13,65.0,13
2026-09-25,rome,prati,2e184331-f605-44e0-bdc3-7fc05319c227,J&J's,20,6,16,16,80.0,16
2026-09-23,rome,nomentana,2e2d24db-29bf-440a-a4f2-dd7b209d3c0d,J&J's,0,3,0,0,,0
2026-09-24,rome,nomentana,2e2d24db-29bf-440a-a4f2-dd7b209d3c0d,J&J's,0,9,0,0,,0
2026-09-25,rome,nomentana,2e2d24db-29bf-440a-a4f2-dd7b209d3c0d,J&J's,0,6,1,1,,1
2026-09-23,rome,ciampino,2e861b37-9f3b-496d-97e1-28a3a7353711,J&J's,0,3,0,0,,0
2026-09-24,rome,ciampino,2e861b37-9f3b-496d-97e1-28a3a7353711,J&J's,0,9,0,0,,0
2026-09-25,rome,ciampino,2e861b37-9f3b-496d-97e1-28a3a7353711,J&J's,0,6,0,0,,0
2026-09-23,rome,area-produttiva,2ebd65fb-0799-41d6-9ce5-0e715d5a3f5d,J&J's,0,3,0,0,,0
2026-09-24,rome,area-produttiva,2ebd65fb-0799-41d6-9ce5-0e715d5a3f5d,J&J's,0,9,0,0,,0
2026-09-25,rome,area-produttiva,2ebd65fb-0799-41d6-9ce5-0e715d5a3f5d,J&J's,0,6,0,0,,0
2026-09-23,rome,monti,2eee6d4d-71c2-4715-9eed-02e4925a5a79,J&J's,20,3,12,12,60.0,12
2026-09-24,rome,monti,2eee6d4d-71c2-4715-9eed-02e4925a5a79,J&J's,20,9,13,13,65.0,14
2026-09-25,rome,monti,2eee6d4d-71c2-4715-9eed-02e4925a5a79,J&J's,20,6,13,9,65.0,13
2026-09-23,rome,torvajanica,2f9ab800-0570-482c-acdb-352bf8b03609,J&J's,0,3,0,0,,0
2026-09-24,rome,torvajanica,2f9ab800-0570-482c-acdb-352bf8b03609,J&J's,0,9,0,0,,0
2026-09-25,rome,torvajanica,2f9ab800-0570-482c-acdb-352bf8b03609,J&J's,0,6,0,0,,0
2026-09-23,rome,vatican,2f9bf5a6-7f97-4d19-8c25-d3d4ef7baad0,J&J's,0,3,12,12,,12
2026-09-24,rome,vatican,2f9bf5a6-7f97-4d19-8c25-d3d4ef7baad0,J&J's,0,9,12,9,,12
2026-09-25,rome,vatican,2f9bf5a6-7f97-4d19-8c25-d3d4ef7baad0,J&J's,0,6,11,11,,11
2026-09-23,rome,baldo-degli-ubaldi-station,311e9cef-29cc-4c17-97cd-5622f283465f,J&J's,0,3,0,0,,0
2026-09-24,rome,baldo-degli-ubaldi-station,311e9cef-29cc-4c17-97cd-5622f283465f,J&J's,0,9,0,0,,0
2026-09-25,rome,baldo-degli-ubaldi-station,311e9cef-29cc-4c17-97cd-5622f283465f,J&J's,0,6,0,0,,0
2026-09-23,rome,roma-vatican-museums,3135f45d-7809-467f-86a0-197addf3d1fc,J&J's,0,3,0,0,,0
2026-09-24,rome,roma-vatican-museums,3135f45d-7809-467f-86a0-197addf3d1fc,J&J's,0,9,0,0,,0
2026-09-25,rome,roma-vatican-museums,3135f45d-7809-467f-86a0-197addf3d1fc,J&J's,0,6,0,0,,0
2026-09-23,rome,aventino,31907d53-b059-46c6-a435-0daa753168c2,J&J's,6,3,1,1,16.7,1
2026-09-24,rome,aventino,31907d53-b059-46c6-a435-0daa753168c2,J&J's,6,9,1,1,16.7,1
2026-09-25,rome,aventino,31907d53-b059-46c6-a435-0daa753168c2,J&J's,6,6,1,1,16.7,1
2026-09-23,rome,ottaviano,320038ba-18ba-4276-a2d9-0e7a24e93a36,J&J's,0,3,2,2,,2
2026-09-24,rome,ottaviano,320038ba-18ba-4276-a2d9-0e7a24e93a36,J&J's,0,9,3,3,,3
2026-09-25,rome,ottaviano,320038ba-18ba-4276-a2d9-0e7a24e93a36,J&J's,0,6,3,2,,3
2026-09-23,rome,piazza-campo-de-fiori,32fd3456-4287-4603-8c43-8d12c5d05574,J&J's,100,3,1,1,1.0,1
2026-09-24,rome,piazza-campo-de-fiori,32fd3456-4287-4603-8c43-8d12c5d05574,J&J's,100,9,2,2,2.0,2
2026-09-25,rome,piazza-campo-de-fiori,32fd3456-4287-4603-8c43-8d12c5d05574,J&J's,100,6,2,2,2.0,2
2026-09-23,rome,termini,34ce2bf2-f287-442d-adf4-55a67fbe99bb,J&J's,0,3,1,1,,1
2026-09-24,rome,termini,34ce2bf2-f287-442d-adf4-55a67fbe99bb,J&J's,0,9,1,1,,1
2026-09-25,rome,termini,34ce2bf2-f287-442d-adf4-55a67fbe99bb,J&J's,0,6,1,1,,1
2026-09-23,rome,monte-sacro-alto,354b9b64-e295-4ea8-a4f2-98b257b8bd87,J&J's,0,3,0,0,,0
2026-09-24,rome,monte-sacro-alto,354b9b64-e295-4ea8-a4f2-98b257b8bd87,J&J's,0,9,0,0,,0
2026-09-25,rome,monte-sacro-alto,354b9b64-e295-4ea8-a4f2-98b257b8bd87,J&J's,0,6,0,0,,0
2026-09-23,rome,velletri,35c07140-29ab-49a5-816b-a6a66b020704,J&J's,0,3,0,0,,0
2026-09-24,rome,velletri,35c07140-29ab-49a5-816b-a6a66b020704,J&J's,0,9,0,0,,0
2026-09-25,rome,velletri,35c07140-29ab-49a5-816b-a6a66b020704,J&J's,0,6,0,0,,0
2026-09-23,rome,esquilino,366b0ed7-0b0e-445b-a25b-98167e81ad1d,J&J's,100,3,0,0,0.0,0
2026-09-24,rome,esquilino,366b0ed7-0b0e-445b-a25b-98167e81ad1d,J&J's,100,9,1,1,1.0,1
2026-09-25,rome,esquilino,366b0ed7-0b0e-445b-a25b-98167e81ad1d,J&J's,100,6,3,3,3.0,3
2026-09-23,rome,lepanto,37f401a3-8a63-4ba9-ac61-cf80d781a8c1,J&J's,50,3,4,4,8.0,4
2026-09-24,rome,lepanto,37f401a3-8a63-4ba9-ac61-cf80d781a8c1,J&J's,50,9,4,4,8.0,4
2026-09-25,rome,lepanto,37f401a3-8a63-4ba9-ac61-cf80d781a8c1,J&J's,50,6,4,2,8.0,4
2026-09-23,rome,roma-stadio-olimpico,3893ec82-8d44-4f6b-b909-397c31264cca,J&J's,0,3,0,0,,0
2026-09-24,rome,roma-stadio-olimpico,3893ec82-8d44-4f6b-b909-397c31264cca,J&J's,0,9,0,0,,0
2026-09-25,rome,roma-stadio-olimpico,3893ec82-8d44-4f6b-b909-397c31264cca,J&J's,0,6,1,1,,1
2026-09-23,rome,lido-di-ostia-levante,3895e5a4-0aa7-40f0-88b4-8471be8d7183,J&J's,0,3,0,0,,0
2026-09-24,rome,lido-di-ostia-levante,3895e5a4-0aa7-40f0-88b4-8471be8d7183,J&J's,0,9,0,0,,0
2026-09-25,rome,lido-di-ostia-levante,3895e5a4-0aa7-40f0-88b4-8471be8d7183,J&J's,0,6,0,0,,0
2026-09-23,rome,monte-sacro-alto,38f452b1-599e-402e-9afb-a7f3ce3fe3ab,J&J's,0,3,0,0,,0
2026-09-24,rome,monte-sacro-alto,38f452b1-599e-402e-9afb-a7f3ce3fe3ab,J&J's,0,9,0,0,,0
2026-09-25,rome,monte-sacro-alto,38f452b1-599e-402e-9afb-a7f3ce3fe3ab,J&J's,0,6,0,0,,0
2026-09-23,rome,tor-lupara,3963b7be-7d9a-4c60-b117-262ba2e6f77e,J&J's,0,3,0,0,,0
2026-09-24,rome,tor-lupara,3963b7be-7d9a-4c60-b117-262ba2e6f77e,J&J's,0,9,0,0,,0
2026-09-25,rome,tor-lupara,3963b7be-7d9a-4c60-b117-262ba2e6f77e,J&J's,0,6,0,0,,0
2026-09-23,rome,lepanto,39bb83bc-9db2-4e65-9289-4235cae3f50c,J&J's,0,3,0,0,,0
2026-09-24,rome,lepanto,39bb83bc-9db2-4e65-9289-4235cae3f50c,J&J's,0,9,0,0,,0
2026-09-25,rome,lepanto,39bb83bc-9db2-4e65-9289-4235cae3f50c,J&J's,0,6,0,0,,0
2026-09-23,rome,monti,3a0b3c7c-984c-4cc2-bd79-8e1bbe39d5f7,J&J's,0,3,6,6,,6
2026-09-24,rome,monti,3a0b3c7c-984c-4cc2-bd79-8e1bbe39d5f7,J&J's,0,9,7,7,,7
2026-09-25,rome,monti,3a0b3c7c-984c-4cc2-bd79-8e1bbe39d5f7,J&J's,0,6,7,5,,7
2026-09-23,rome,san-lorenzo,3a279e2a-877f-46e7-ac44-a5d449660ea8,J&J's,100,3,1,1,1.0,1
2026-09-24,rome,san-lorenzo,3a279e2a-877f-46e7-ac44-a5d449660ea8,J&J's,100,9,1,1,1.0,1
2026-09-25,rome,san-lorenzo,3a279e2a-877f-46e7-ac44-a5d449660ea8,J&J's,100,6,2,2,2.0,2
2026-09-23,rome,san-giovanni,3a455c17-7c7a-4e74-ba9b-5aca254e8d3b,J&J's,0,3,0,0,,0
2026-09-24,rome,san-giovanni,3a455c17-7c7a-4e74-ba9b-5aca254e8d3b,J&J's,0,9,0,0,,0
2026-09-25,rome,san-giovanni,3a455c17-7c7a-4e74-ba9b-5aca254e8d3b,J&J's,0,6,0,0,,0
2026-09-23,rome,pomezia,3a4c7b22-4d1a-4e66-82b6-503c4a673458,J&J's,0,3,0,0,,0
2026-09-24,rome,pomezia,3a4c7b22-4d1a-4e66-82b6-503c4a673458,J&J's,0,9,0,0,,0
2026-09-25,rome,pomezia,3a4c7b22-4d1a-4e66-82b6-503c4a673458,J&J's,0,6,0,0,,0
2026-09-23,rome,pantheon,3a7bac35-e76a-41ab-81c2-a697050a5cd4,J&J's,0,3,36,36,,36
2026-09-24,rome,pantheon,3a7bac35-e76a-41ab-81c2-a697050a5cd4,J&J's,0,9,39,39,,39
2026-09-25,rome,pantheon,3a7bac35-e76a-41ab-81c2-a697050a5cd4,J&J's,0,6,37,34,,37
2026-09-23,rome,piazza-campo-de-fiori,3bc4f8bd-c46d-432f-83ba-e2aff05c5ab0,J&J's,100,3,2,2,2.0,2
2026-09-24,rome,piazza-campo-de-fiori,3bc4f8bd-c46d-432f-83ba-e2aff05c5ab0,J&J's,100,9,2,2,2.0,2
2026-09-25,rome,piazza-campo-de-fiori,3bc4f8bd-c46d-432f-83ba-e2aff05c5ab0,J&J's,100,6,4,4,4.0,4
2026-09-23,rome,prati,3cd9516b-b839-4ce8-a40b-3ae4804918a0,J&J's,0,3,31,30,,31
2026-09-24,rome,prati,3cd9516b-b839-4ce8-a40b-3ae4804918a0,J&J's,0,9,32,32,,32
2026-09-25,rome,prati,3cd9516b-b839-4ce8-a40b-3ae4804918a0,J&J's,0,6,32,31,,32
2026-09-23,rome,balduina,3d4d8f07-af31-4b1c-b384-e161027f9bdb,J&J's,0,3,1,1,,1
2026-09-24,rome,balduina,3d4d8f07-af31-4b1c-b384-e161027f9bdb,J&J's,0,9,1,0,,1
2026-09-25,rome,balduina,3d4d8f07-af31-4b1c-b384-e161027f9bdb,J&J's,0,6,0,0,,0
2026-09-23,rome,baldo-degli-ubaldi-station,3e60ac0a-7e15-47bc-b997-e8acee40f2f3,J&J's,0,3,0,0,,0
2026-09-24,rome,baldo-degli-ubaldi-station,3e60ac0a-7e15-47bc-b997-e8acee40f2f3,J&J's,0,9,1,1,,1
2026-09-25,rome,baldo-degli-ubaldi-station,3e60ac0a-7e15-47bc-b997-e8acee40f2f3,J&J's,0,6,1,1,,1
2026-09-23,rome,gattone,3eef0b6b-6a10-4c83-96ff-cbcd55aafbd5,J&J's,0,3,0,0,,0
2026-09-24,rome,gattone,3eef0b6b-6a10-4c83-96ff-cbcd55aafbd5,J&J's,0,9,0,0,,0
2026-09-25,rome,gattone,3eef0b6b-6a10-4c83-96ff-cbcd55aafbd5,J&J's,0,6,0,0,,0
2026-09-23,rome,aprilia,3f8bd3b1-558a-4892-bf68-3e69e4483758,J&J's,0,3,0,0,,0
2026-09-24,rome,aprilia,3f8bd3b1-558a-4892-bf68-3e69e4483758,J&J's,0,9,0,0,,0
2026-09-25,rome,aprilia,3f8bd3b1-558a-4892-bf68-3e69e4483758,J&J's,0,6,0,0,,0
2026-09-23,rome,repubblica,3f9238fd-3f72-4e1d-afe6-5fd6f0622aad,J&J's,0,3,0,0,,0
2026-09-24,rome,repubblica,3f9238fd-3f72-4e1d-afe6-5fd6f0622aad,J&J's,0,9,0,0,,0
2026-09-25,rome,repubblica,3f9238fd-3f72-4e1d-afe6-5fd6f0622aad,J&J's,0,6,0,0,,0
2026-09-23,rome,quartiere-xv-della-vittoria,40055f0d-cfc2-4ac2-b9b2-eb38510ba44a,J&J's,0,3,2,2,,2
2026-09-24,rome,quartiere-xv-della-vittoria,40055f0d-cfc2-4ac2-b9b2-eb38510ba44a,J&J's,0,9,2,2,,2
2026-09-25,rome,quartiere-xv-della-vittoria,40055f0d-cfc2-4ac2-b9b2-eb38510ba44a,J&J's,0,6,2,2,,2
2026-09-23,rome,ponte-mammolo,407fd8c1-dd72-4f4d-bad9-621e82f669ae,J&J's,0,3,0,0,,0
2026-09-24,rome,ponte-mammolo,407fd8c1-dd72-4f4d-bad9-621e82f669ae,J&J's,0,9,0,0,,0
2026-09-25,rome,ponte-mammolo,407fd8c1-dd72-4f4d-bad9-621e82f669ae,J&J's,0,6,0,0,,0
2026-09-23,rome,san-giovanni,411c5bbb-e5d7-4f27-9da2-a53485311da9,J&J's,0,3,4,4,,4
2026-09-24,rome,san-giovanni,411c5bbb-e5d7-4f27-9da2-a53485311da9,J&J's,0,9,4,0,,4
2026-09-25,rome,san-giovanni,411c5bbb-e5d7-4f27-9da2-a53485311da9,J&J's,0,6,0,0,,0
2026-09-23,rome,trastevere,429a5180-c2ad-44f3-92d5-66a6663f8cde,J&J's,100,3,4,4,4.0,4
2026-09-24,rome,trastevere,429a5180-c2ad-44f3-92d5-66a6663f8cde,J&J's,100,9,6,4,6.0,6
2026-09-25,rome,trastevere,429a5180-c2ad-44f3-92d5-66a6663f8cde,J&J's,100,6,4,4,4.0,4
2026-09-23,rome,cisterna-faro,429feda9-0ac6-4edb-96b0-58abb6105a6e,J&J's,0,3,0,0,,0
2026-09-24,rome,cisterna-faro,429feda9-0ac6-4edb-96b0-58abb6105a6e,J&J's,0,9,0,0,,0
2026-09-25,rome,cisterna-faro,429feda9-0ac6-4edb-96b0-58abb6105a6e,J&J's,0,6,0,0,,0
2026-09-23,rome,trastevere,42e4dd9e-1be3-4440-bf0a-08d8b8a9c772,J&J's,0,3,0,0,,0
2026-09-24,rome,trastevere,42e4dd9e-1be3-4440-bf0a-08d8b8a9c772,J&J's,0,9,1,1,,1
2026-09-25,rome,trastevere,42e4dd9e-1be3-4440-bf0a-08d8b8a9c772,J&J's,0,6,1,1,,1
2026-09-23,rome,ottaviano,43681017-24bb-4465-8ead-81733ff02bc8,J&J's,0,3,0,0,,0
2026-09-24,rome,ottaviano,43681017-24bb-4465-8ead-81733ff02bc8,J&J's,0,9,0,0,,0
2026-09-25,rome,ottaviano,43681017-24bb-4465-8ead-81733ff02bc8,J&J's,0,6,0,0,,0
2026-09-23,rome,furio-camillo,4415e515-87a9-4a96-8970-9bb3ac35f60e,J&J's,0,3,0,0,,0
2026-09-24,rome,furio-camillo,4415e515-87a9-4a96-8970-9bb3ac35f60e,J&J's,0,9,0,0,,0
2026-09-25,rome,furio-camillo,4415e515-87a9-4a96-8970-9bb3ac35f60e,J&J's,0,6,0,0,,0
2026-09-23,rome,terrignano,44b397af-b167-468c-ba5a-8e636526650c,J&J's,0,3,0,0,,0
2026-09-24,rome,terrignano,44b397af-b167-468c-ba5a-8e636526650c,J&J's,0,9,0,0,,0
2026-09-25,rome,terrignano,44b397af-b167-468c-ba5a-8e636526650c,J&J's,0,6,0,0,,0
2026-09-23,rome,labicana,4505cfa5-d07e-4294-a1bb-fba6d5070bb4,J&J's,50,3,31,30,62.0,31
2026-09-24,rome,labicana,4505cfa5-d07e-4294-a1bb-fba6d5070bb4,J&J's,50,9,33,33,66.0,33
2026-09-25,rome,labicana,4505cfa5-d07e-4294-a1bb-fba6d5070bb4,J&J's,50,6,34,31,68.0,34
2026-09-23,rome,furio-camillo,452d44c3-9b08-4545-a4bf-1a233b3928c9,J&J's,0,3,2,2,,2
2026-09-24,rome,furio-camillo,452d44c3-9b08-4545-a4bf-1a233b3928c9,J&J's,0,9,2,2,,2
2026-09-25,rome,furio-camillo,452d44c3-9b08-4545-a4bf-1a233b3928c9,J&J's,0,6,2,2,,2
2026-09-23,rome,furio-camillo,456d7e6c-4ed1-4251-90d4-264caeec29fb,J&J's,0,3,0,0,,0
2026-09-24,rome,furio-camillo,456d7e6c-4ed1-4251-90d4-264caeec29fb,J&J's,0,9,0,0,,0
2026-09-25,rome,furio-camillo,456d7e6c-4ed1-4251-90d4-264caeec29fb,J&J's,0,6,0,0,,0
2026-09-23,rome,selva-nera,45845a75-aee8-4c7e-9067-3ab93f5e057d,J&J's,0,3,0,0,,0
2026-09-24,rome,selva-nera,45845a75-aee8-4c7e-9067-3ab93f5e057d,J&J's,0,9,0,0,,0
2026-09-25,rome,selva-nera,45845a75-aee8-4c7e-9067-3ab93f5e057d,J&J's,0,6,0,0,,0
2026-09-23,rome,pantheon,45d46d08-7fad-4e37-845d-d59eb0a44ce3,J&J's,10,3,0,0,0.0,0
2026-09-24,rome,pantheon,45d46d08-7fad-4e37-845d-d59eb0a44ce3,J&J's,10,9,1,1,10.0,1
2026-09-25,rome,pantheon,45d46d08-7fad-4e37-845d-d59eb0a44ce3,J&J's,10,6,1,1,10.0,1
2026-09-23,rome,poggio-cinolfo,461c571b-a1f6-4a4f-bd6e-3a4365f6dc33,J&J's,0,3,0,0,,0
2026-09-24,rome,poggio-cinolfo,461c571b-a1f6-4a4f-bd6e-3a4365f6dc33,J&J's,0,9,0,0,,0
2026-09-25,rome,poggio-cinolfo,461c571b-a1f6-4a4f-bd6e-3a4365f6dc33,J&J's,0,6,0,0,,0
2026-09-23,rome,la-buca,469eba7e-3029-4371-8512-4c405e2c26b2,J&J's,0,3,1,1,,1
2026-09-24,rome,la-buca,469eba7e-3029-4371-8512-4c405e2c26b2,J&J's,0,9,1,1,,1
2026-09-25,rome,la-buca,469eba7e-3029-4371-8512-4c405e2c26b2,J&J's,0,6,1,0,,1
2026-09-23,rome,montagnola,475a2ad9-7575-43a2-863b-8d29656ad111,J&J's,0,3,0,0,,0
2026-09-24,rome,montagnola,475a2ad9-7575-43a2-863b-8d29656ad111,J&J's,0,9,0,0,,0
2026-09-25,rome,montagnola,475a2ad9-7575-43a2-863b-8d29656ad111,J&J's,0,6,0,0,,0
2026-09-23,rome,municipio-roma-iv,47cd70f7-c91d-4617-86d3-296cc891b3b4,J&J's,0,3,0,0,,0
2026-09-24,rome,municipio-roma-iv,47cd70f7-c91d-4617-86d3-296cc891b3b4,J&J's,0,9,0,0,,0
2026-09-25,rome,municipio-roma-iv,47cd70f7-c91d-4617-86d3-296cc891b3b4,J&J's,0,6,0,0,,0
2026-09-23,rome,termini,4903d4fb-be2e-4609-a571-dc80dc5d0a0a,J&J's,0,3,121,120,,121
2026-09-24,rome,termini,4903d4fb-be2e-4609-a571-dc80dc5d0a0a,J&J's,0,9,129,129,,129
2026-09-25,rome,termini,4903d4fb-be2e-4609-a571-dc80dc5d0a0a,J&J's,0,6,132,132,,134
2026-09-23,rome,colosseum,4b2ae0c7-447f-49c7-bf2f-1f5180d316c2,J&J's,0,3,9,8,,9
2026-09-24,rome,colosseum,4b2ae0c7-447f-49c7-bf2f-1f5180d316c2,J&J's,0,9,8,7,,8
2026-09-25,rome,colosseum,4b2ae0c7-447f-49c7-bf2f-1f5180d316c2,J&J's,0,6,8,8,,8
2026-09-23,rome,trevi,4beb4a9e-73a8-4d3f-bf6a-128f5e2fcb2d,J&J's,0,3,1,1,,1
2026-09-24,rome,trevi,4beb4a9e-73a8-4d3f-bf6a-128f5e2fcb2d,J&J's,0,9,1,1,,1
2026-09-25,rome,trevi,4beb4a9e-73a8-4d3f-bf6a-128f5e2fcb2d,J&J's,0,6,1,0,,1
2026-09-23,rome,tor-di-quinto,4befec6c-273c-4eed-8127-70f37f70f916,J&J's,0,3,0,0,,0
2026-09-24,rome,tor-di-quinto,4befec6c-273c-4eed-8127-70f37f70f916,J&J's,0,9,0,0,,0
2026-09-25,rome,tor-di-quinto,4befec6c-273c-4eed-8127-70f37f70f916,J&J's,0,6,0,0,,0
2026-09-23,rome,nomentano,4bf22591-5336-483b-a917-80a5556c4fc4,J&J's,0,3,0,0,,0
2026-09-24,rome,nomentano,4bf22591-5336-483b-a917-80a5556c4fc4,J&J's,0,9,0,0,,0
2026-09-25,rome,nomentano,4bf22591-5336-483b-a917-80a5556c4fc4,J&J's,0,6,0,0,,0
2026-09-23,rome,municipio-roma-iv,4c3bd44c-4319-4c22-8f16-a7c90a70ce69,J&J's,0,3,0,0,,0
2026-09-24,rome,municipio-roma-iv,4c3bd44c-4319-4c22-8f16-a7c90a70ce69,J&J's,0,9,0,0,,0
2026-09-25,rome,municipio-roma-iv,4c3bd44c-4319-4c22-8f16-a7c90a70ce69,J&J's,0,6,0,0,,0
2026-09-23,rome,grottaferrata,4cb43a50-639d-47c9-83f7-719293c5141f,J&J's,0,3,0,0,,0
2026-09-24,rome,grottaferrata,4cb43a50-639d-47c9-83f7-719293c5141f,J&J's,0,9,0,0,,0
2026-09-25,rome,grottaferrata,4cb43a50-639d-47c9-83f7-719293c5141f,J&J's,0,6,0,0,,0
2026-09-23,rome,colosseum,4ce96670-644f-48d2-a81e-03565b2db110,J&J's,0,3,65,65,,65
2026-09-24,rome,colosseum,4ce96670-644f-48d2-a81e-03565b2db110,J&J's,0,9,67,67,,68
2026-09-25,rome,colosseum,4ce96670-644f-48d2-a81e-03565b2db110,J&J's,0,6,64,57,,64
2026-09-23,rome,trastevere,4ced0aa0-839a-43c9-b741-6e8fe55865dc,J&J's,0,3,13,13,,13
2026-09-24,rome,trastevere,4ced0aa0-839a-43c9-b741-6e8fe55865dc,J&J's,0,9,14,13,,15
2026-09-25,rome,trastevere,4ced0aa0-839a-43c9-b741-6e8fe55865dc,J&J's,0,6,15,15,,15
2026-09-23,rome,municipio-roma-x,4d20616d-eecb-4a54-bb62-eb4a92736e2d,J&J's,0,3,0,0,,0
2026-09-24,rome,municipio-roma-x,4d20616d-eecb-4a54-bb62-eb4a92736e2d,J&J's,0,9,0,0,,0
2026-09-25,rome,municipio-roma-x,4d20616d-eecb-4a54-bb62-eb4a92736e2d,J&J's,0,6,0,0,,0
2026-09-23,rome,municipio-roma-xiv,4d359067-423c-4343-bab0-99ff4ed1ec01,J&J's,100,3,1,1,1.0,1
2026-09-24,rome,municipio-roma-xiv,4d359067-423c-4343-bab0-99ff4ed1ec01,J&J's,100,9,1,1,1.0,1
2026-09-25,rome,municipio-roma-xiv,4d359067-423c-4343-bab0-99ff4ed1ec01,J&J's,100,6,1,1,1.0,1
2026-09-23,rome,giustiniana,4d6b3a94-84bd-4f5e-afa5-76bbc6bf1deb,J&J's,0,3,0,0,,0
2026-09-24,rome,giustiniana,4d6b3a94-84bd-4f5e-afa5-76bbc6bf1deb,J&J's,0,9,0,0,,0
2026-09-25,rome,giustiniana,4d6b3a94-84bd-4f5e-afa5-76bbc6bf1deb,J&J's,0,6,0,0,,0
2026-09-23,rome,quartiere-cipollaro,4d7c999d-7f25-4445-a741-f62889dc7172,J&J's,0,3,0,0,,0
2026-09-24,rome,quartiere-cipollaro,4d7c999d-7f25-4445-a741-f62889dc7172,J&J's,0,9,0,0,,0
2026-09-25,rome,quartiere-cipollaro,4d7c999d-7f25-4445-a741-f62889dc7172,J&J's,0,6,0,0,,0
2026-09-23,rome,Quartiere-IX-appio-latino,4de835f8-53fc-4373-8c8e-187ed007df13,J&J's,0,3,14,14,,14
2026-09-24,rome,Quartiere-IX-appio-latino,4de835f8-53fc-4373-8c8e-187ed007df13,J&J's,0,9,14,14,,14
2026-09-25,rome,Quartiere-IX-appio-latino,4de835f8-53fc-4373-8c8e-187ed007df13,J&J's,0,6,15,15,,15
2026-09-23,rome,prati,4dfe6320-4b7c-41cd-b474-00858e50f290,J&J's,0,3,1,1,,1
2026-09-24,rome,prati,4dfe6320-4b7c-41cd-b474-00858e50f290,J&J's,0,9,1,1,,1
2026-09-25,rome,prati,4dfe6320-4b7c-41cd-b474-00858e50f290,J&J's,0,6,1,1,,1
2026-09-23,rome,frascati,4f45be14-e6d7-493b-8753-52b717aa1e96,J&J's,0,3,1,1,,1
2026-09-24,rome,frascati,4f45be14-e6d7-493b-8753-52b717aa1e96,J&J's,0,9,1,1,,1
2026-09-25,rome,frascati,4f45be14-e6d7-493b-8753-52b717aa1e96,J&J's,0,6,1,1,,1
2026-09-23,rome,municipio-roma-xiii,4f912538-a516-4332-95de-b4dba196c934,J&J's,0,3,0,0,,0
2026-09-24,rome,municipio-roma-xiii,4f912538-a516-4332-95de-b4dba196c934,J&J's,0,9,2,2,,2
2026-09-25,rome,municipio-roma-xiii,4f912538-a516-4332-95de-b4dba196c934,J&J's,0,6,2,2,,2
2026-09-23,rome,ardea,4fc87c73-9af5-4121-b470-00a85b168ca5,J&J's,0,3,0,0,,0
2026-09-24,rome,ardea,4fc87c73-9af5-4121-b470-00a85b168ca5,J&J's,0,9,0,0,,0
2026-09-25,rome,ardea,4fc87c73-9af5-4121-b470-00a85b168ca5,J&J's,0,6,0,0,,0
2026-09-23,rome,colle-biadaro,4fe73c1c-30a0-4d65-917e-97c45a494c86,J&J's,0,3,0,0,,0
2026-09-24,rome,colle-biadaro,4fe73c1c-30a0-4d65-917e-97c45a494c86,J&J's,0,9,0,0,,0
2026-09-25,rome,colle-biadaro,4fe73c1c-30a0-4d65-917e-97c45a494c86,J&J's,0,6,0,0,,0
2026-09-23,rome,rione-ix-pigna,515c6fec-c788-49c9-89f0-703b637f76e2,J&J's,0,3,21,21,,21
2026-09-24,rome,rione-ix-pigna,515c6fec-c788-49c9-89f0-703b637f76e2,J&J's,0,9,26,26,,27
2026-09-25,rome,rione-ix-pigna,515c6fec-c788-49c9-89f0-703b637f76e2,J&J's,0,6,26,25,,26
2026-09-23,rome,salario,5173b14d-e71e-4cb8-9388-a7d7b8e0194f,J&J's,0,3,3,3,,3
2026-09-24,rome,salario,5173b14d-e71e-4cb8-9388-a7d7b8e0194f,J&J's,0,9,3,3,,3
2026-09-25,rome,salario,5173b14d-e71e-4cb8-9388-a7d7b8e0194f,J&J's,0,6,3,3,,3
2026-09-23,rome,ostiense,51a415f7-5131-4772-8516-b69faaae85e0,J&J's,15,3,1,1,6.7,1
2026-09-24,rome,ostiense,51a415f7-5131-4772-8516-b69faaae85e0,J&J's,15,9,1,1,6.7,1
2026-09-25,rome,ostiense,51a415f7-5131-4772-8516-b69faaae85e0,J&J's,15,6,1,1,6.7,1
2026-09-23,rome,isola-sacra,53448e41-a77e-4dca-a851-543132faa44f,J&J's,0,3,2,2,,2
2026-09-24,rome,isola-sacra,53448e41-a77e-4dca-a851-543132faa44f,J&J's,0,9,2,2,,2
2026-09-25,rome,isola-sacra,53448e41-a77e-4dca-a851-543132faa44f,J&J's,0,6,3,3,,3
2026-09-23,rome,pigneto,534ce4a6-ad04-4949-a7c9-45bbba807791,J&J's,0,3,2,2,,2
2026-09-24,rome,pigneto,534ce4a6-ad04-4949-a7c9-45bbba807791,J&J's,0,9,2,2,,2
2026-09-25,rome,pigneto,534ce4a6-ad04-4949-a7c9-45bbba807791,J&J's,0,6,2,2,,2
2026-09-23,rome,esquilino,536ea3bd-6136-430a-8d59-aef9a9412db5,J&J's,0,3,9,9,,9
2026-09-24,rome,esquilino,536ea3bd-6136-430a-8d59-aef9a9412db5,J&J's,0,9,9,9,,9
2026-09-25,rome,esquilino,536ea3bd-6136-430a-8d59-aef9a9412db5,J&J's,0,6,9,8,,9
2026-09-23,rome,monti,53e8f222-70b3-44b6-927d-0988299d2847,J&J's,35,3,2,2,5.7,2
2026-09-24,rome,monti,53e8f222-70b3-44b6-927d-0988299d2847,J&J's,35,9,2,2,5.7,2
2026-09-25,rome,monti,53e8f222-70b3-44b6-927d-0988299d2847,J&J's,35,6,4,4,11.4,4
2026-09-23,rome,garbatella,5466ff30-e8b0-4cd4-b141-72b5a6c19f48,J&J's,0,3,3,2,,3
2026-09-24,rome,garbatella,5466ff30-e8b0-4cd4-b141-72b5a6c19f48,J&J's,0,9,2,2,,2
2026-09-25,rome,garbatella,5466ff30-e8b0-4cd4-b141-72b5a6c19f48,J&J's,0,6,3,3,,3
2026-09-23,rome,tiburtina,5536b471-878e-474d-bb2a-c8f2a0730d6a,J&J's,0,3,2,2,,2
2026-09-24,rome,tiburtina,5536b471-878e-474d-bb2a-c8f2a0730d6a,J&J's,0,9,2,2,,2
2026-09-25,rome,tiburtina,5536b471-878e-474d-bb2a-c8f2a0730d6a,J&J's,0,6,2,2,,2
2026-09-23,rome,piazza-venezia,55ae4696-926e-42e8-828e-e6f6c8be3c51,J&J's,0,3,0,0,,0
2026-09-24,rome,piazza-venezia,55ae4696-926e-42e8-828e-e6f6c8be3c51,J&J's,0,9,0,0,,0
2026-09-25,rome,piazza-venezia,55ae4696-926e-42e8-828e-e6f6c8be3c51,J&J's,0,6,0,0,,0
2026-09-23,rome,portuense,5628c628-8e69-4d61-ad8c-82a47f8a0daf,J&J's,0,3,1,1,,1
2026-09-24,rome,portuense,5628c628-8e69-4d61-ad8c-82a47f8a0daf,J&J's,0,9,1,1,,1
2026-09-25,rome,portuense,5628c628-8e69-4d61-ad8c-82a47f8a0daf,J&J's,0,6,1,0,,1
2026-09-23,rome,trevi,56ef23a1-2c3a-4b8b-92b5-5fe530446115,J&J's,0,3,5,5,,5
2026-09-24,rome,trevi,56ef23a1-2c3a-4b8b-92b5-5fe530446115,J&J's,0,9,5,5,,5
2026-09-25,rome,trevi,56ef23a1-2c3a-4b8b-92b5-5fe530446115,J&J's,0,6,5,5,,5
2026-09-23,rome,cretarossa,571fe54e-0d5d-4866-b0b2-66834ae0a2ba,J&J's,0,3,0,0,,0
2026-09-24,rome,cretarossa,571fe54e-0d5d-4866-b0b2-66834ae0a2ba,J&J's,0,9,0,0,,0
2026-09-25,rome,cretarossa,571fe54e-0d5d-4866-b0b2-66834ae0a2ba,J&J's,0,6,0,0,,0
2026-09-23,rome,municipio-roma-xiii,5777818e-6a6a-4033-9b30-8392b52f4c4b,J&J's,0,3,1,1,,1
2026-09-24,rome,municipio-roma-xiii,5777818e-6a6a-4033-9b30-8392b52f4c4b,J&J's,0,9,1,1,,1
2026-09-25,rome,municipio-roma-xiii,5777818e-6a6a-4033-9b30-8392b52f4c4b,J&J's,0,6,1,1,,1
2026-09-23,rome,prati,57bbe87b-e608-45cf-bb81-ffac782a23f8,J&J's,0,3,4,4,,4
2026-09-24,rome,prati,57bbe87b-e608-45cf-bb81-ffac782a23f8,J&J's,0,9,7,7,,7
2026-09-25,rome,prati,57bbe87b-e608-45cf-bb81-ffac782a23f8,J&J's,0,6,7,7,,7
2026-09-23,rome,nomentana,58fd3ff0-957d-4fb9-9801-a2ddcfc24184,J&J's,100,3,0,0,0.0,0
2026-09-24,rome,nomentana,58fd3ff0-957d-4fb9-9801-a2ddcfc24184,J&J's,100,9,0,0,0.0,0
2026-09-25,rome,nomentana,58fd3ff0-957d-4fb9-9801-a2ddcfc24184,J&J's,100,6,0,0,0.0,0
2026-09-23,rome,navona,5942815d-063c-4049-9552-0f72e76ec0e9,J&J's,0,3,10,10,,10
2026-09-24,rome,navona,5942815d-063c-4049-9552-0f72e76ec0e9,J&J's,0,9,10,7,,10
2026-09-25,rome,navona,5942815d-063c-4049-9552-0f72e76ec0e9,J&J's,0,6,7,6,,7
2026-09-23,rome,municipio-roma-xv,5984e7ce-bf67-496b-b5c4-5326f31d79e1,J&J's,0,3,0,0,,0
2026-09-24,rome,municipio-roma-xv,5984e7ce-bf67-496b-b5c4-5326f31d79e1,J&J's,0,9,0,0,,0
2026-09-25,rome,municipio-roma-xv,5984e7ce-bf67-496b-b5c4-5326f31d79e1,J&J's,0,6,0,0,,0
2026-09-23,rome,bocca-della-verita,599c44c7-310d-4549-86b1-c61e8242c304,J&J's,0,3,22,22,,22
2026-09-24,rome,bocca-della-verita,599c44c7-310d-4549-86b1-c61e8242c304,J&J's,0,9,25,25,,25
2026-09-25,rome,bocca-della-verita,599c44c7-310d-4549-86b1-c61e8242c304,J&J's,0,6,26,22,,26
2026-09-23,rome,porta-di-roma,5a535d22-e4a7-4e4f-8ad0-c9221ec6550b,J&J's,0,3,0,0,,0
2026-09-24,rome,porta-di-roma,5a535d22-e4a7-4e4f-8ad0-c9221ec6550b,J&J's,0,9,0,0,,0
2026-09-25,rome,porta-di-roma,5a535d22-e4a7-4e4f-8ad0-c9221ec6550b,J&J's,0,6,0,0,,0
2026-09-23,rome,roma-vatican-museums,5af20cff-5635-46cd-a743-06605e5d632b,J&J's,100,3,1,1,1.0,1
2026-09-24,rome,roma-vatican-museums,5af20cff-5635-46cd-a743-06605e5d632b,J&J's,100,9,1,1,1.0,1
2026-09-25,rome,roma-vatican-museums,5af20cff-5635-46cd-a743-06605e5d632b,J&J's,100,6,1,0,1.0,1
2026-09-23,rome,piscina-cardillo,5b41562e-59fc-4cac-acd1-60f3f1a7a88b,J&J's,0,3,0,0,,0
2026-09-24,rome,piscina-cardillo,5b41562e-59fc-4cac-acd1-60f3f1a7a88b,J&J's,0,9,0,0,,0
2026-09-25,rome,piscina-cardillo,5b41562e-59fc-4cac-acd1-60f3f1a7a88b,J&J's,0,6,0,0,,0
2026-09-23,rome,acilia-sud,5b7313a0-f36d-48c1-9df2-4d511accd7a5,J&J's,0,3,0,0,,0
2026-09-24,rome,acilia-sud,5b7313a0-f36d-48c1-9df2-4d511accd7a5,J&J's,0,9,0,0,,0
2026-09-25,rome,acilia-sud,5b7313a0-f36d-48c1-9df2-4d511accd7a5,J&J's,0,6,0,0,,0
2026-09-23,rome,focene,5c00d24e-50a2-4630-9a79-cb9ee3dcc7b5,J&J's,0,3,0,0,,0
2026-09-24,rome,focene,5c00d24e-50a2-4630-9a79-cb9ee3dcc7b5,J&J's,0,9,0,0,,0
2026-09-25,rome,focene,5c00d24e-50a2-4630-9a79-cb9ee3dcc7b5,J&J's,0,6,1,1,,1
2026-09-23,rome,municipio-roma-iv,5d8075c8-89d8-45d7-85cf-05b53ae56c4c,J&J's,0,3,0,0,,0
2026-09-24,rome,municipio-roma-iv,5d8075c8-89d8-45d7-85cf-05b53ae56c4c,J&J's,0,9,0,0,,0
2026-09-25,rome,municipio-roma-iv,5d8075c8-89d8-45d7-85cf-05b53ae56c4c,J&J's,0,6,0,0,,0
2026-09-23,rome,municipio-roma-vi,5d925fef-7eec-43bf-9a60-846fe9e75b21,J&J's,0,3,0,0,,0
2026-09-24,rome,municipio-roma-vi,5d925fef-7eec-43bf-9a60-846fe9e75b21,J&J's,0,9,0,0,,0
2026-09-25,rome,municipio-roma-vi,5d925fef-7eec-43bf-9a60-846fe9e75b21,J&J's,0,6,0,0,,0
2026-09-23,rome,quartiere-xii-gianicolense,5da4e1d2-3808-4a5f-9ba0-641a105b0387,J&J's,0,3,0,0,,0
2026-09-24,rome,quartiere-xii-gianicolense,5da4e1d2-3808-4a5f-9ba0-641a105b0387,J&J's,0,9,0,0,,0
2026-09-25,rome,quartiere-xii-gianicolense,5da4e1d2-3808-4a5f-9ba0-641a105b0387,J&J's,0,6,0,0,,0
2026-09-23,rome,torvaianica-alta,5ec888ad-2e53-4b1b-908d-3d20e494ddf7,J&J's,0,3,0,0,,0
2026-09-24,rome,torvaianica-alta,5ec888ad-2e53-4b1b-908d-3d20e494ddf7,J&J's,0,9,0,0,,0
2026-09-25,rome,torvaianica-alta,5ec888ad-2e53-4b1b-908d-3d20e494ddf7,J&J's,0,6,0,0,,0
2026-09-23,rome,trastevere,5ee0c55d-cb1f-4d19-bb15-80ea7ca09ddc,J&J's,70,3,100,98,142.9,100
2026-09-24,rome,trastevere,5ee0c55d-cb1f-4d19-bb15-80ea7ca09ddc,J&J's,70,9,105,104,150.0,106
2026-09-25,rome,trastevere,5ee0c55d-cb1f-4d19-bb15-80ea7ca09ddc,J&J's,70,6,108,106,154.3,109
2026-09-23,rome,pantheon,5f24aa21-fc3d-4999-a816-a647eed2960f,J&J's,0,3,2,2,,2
2026-09-24,rome,pantheon,5f24aa21-fc3d-4999-a816-a647eed2960f,J&J's,0,9,4,4,,4
2026-09-25,rome,pantheon,5f24aa21-fc3d-4999-a816-a647eed2960f,J&J's,0,6,4,4,,4
2026-09-23,rome,pantheon,5f61043f-9cc3-4a56-81f5-c47a04eae968,J&J's,0,3,1,1,,1
2026-09-24,rome,pantheon,5f61043f-9cc3-4a56-81f5-c47a04eae968,J&J's,0,9,1,1,,1
2026-09-25,rome,pantheon,5f61043f-9cc3-4a56-81f5-c47a04eae968,J&J's,0,6,1,1,,1
2026-09-23,rome,repubblica,5fc38fed-bae2-4564-803e-2990e9959d63,J&J's,0,3,43,43,,44
2026-09-24,rome,repubblica,5fc38fed-bae2-4564-803e-2990e9959d63,J&J's,0,9,42,40,,45
2026-09-25,rome,repubblica,5fc38fed-bae2-4564-803e-2990e9959d63,J&J's,0,6,41,32,,42
2026-09-23,rome,fonte-ostiense,600fbc2a-b7ad-44dd-bcfe-5c1e7aa70e0c,J&J's,0,3,2,2,,2
2026-09-24,rome,fonte-ostiense,600fbc2a-b7ad-44dd-bcfe-5c1e7aa70e0c,J&J's,0,9,2,2,,2
2026-09-25,rome,fonte-ostiense,600fbc2a-b7ad-44dd-bcfe-5c1e7aa70e0c,J&J's,0,6,2,2,,2
2026-09-23,rome,flaminio,60609f59-91be-44bf-832c-2bc0c9fead73,J&J's,0,3,0,0,,0
2026-09-24,rome,flaminio,60609f59-91be-44bf-832c-2bc0c9fead73,J&J's,0,9,0,0,,0
2026-09-25,rome,flaminio,60609f59-91be-44bf-832c-2bc0c9fead73,J&J's,0,6,0,0,,0
2026-09-23,rome,bocca-della-verita,611f4aa6-8247-483f-a248-4a2b348d04aa,J&J's,0,3,0,0,,0
2026-09-24,rome,bocca-della-verita,611f4aa6-8247-483f-a248-4a2b348d04aa,J&J's,0,9,0,0,,0
2026-09-25,rome,bocca-della-verita,611f4aa6-8247-483f-a248-4a2b348d04aa,J&J's,0,6,0,0,,0
2026-09-23,rome,municipio-roma-x,612d6524-42a7-4796-ab7f-b1934ce30206,J&J's,0,3,0,0,,0
2026-09-24,rome,municipio-roma-x,612d6524-42a7-4796-ab7f-b1934ce30206,J&J's,0,9,0,0,,0
2026-09-25,rome,municipio-roma-x,612d6524-42a7-4796-ab7f-b1934ce30206,J&J's,0,6,0,0,,0
2026-09-23,rome,bocca-della-verita,614ebb90-f774-4926-9706-a96edeaf6cf8,J&J's,0,3,21,21,,21
2026-09-24,rome,bocca-della-verita,614ebb90-f774-4926-9706-a96edeaf6cf8,J&J's,0,9,21,18,,21
2026-09-25,rome,bocca-della-verita,614ebb90-f774-4926-9706-a96edeaf6cf8,J&J's,0,6,20,20,,20
2026-09-23,rome,termini,6194c0dc-aab1-4f6b-9a3a-c24fb7c0ce36,J&J's,0,3,90,90,,90
2026-09-24,rome,termini,6194c0dc-aab1-4f6b-9a3a-c24fb7c0ce36,J&J's,0,9,94,91,,95
2026-09-25,rome,termini,6194c0dc-aab1-4f6b-9a3a-c24fb7c0ce36,J&J's,0,6,92,92,,93
2026-09-23,rome,pigneto,6260c490-ca41-45ca-841a-b579ded4d608,J&J's,0,3,3,3,,3
2026-09-24,rome,pigneto,6260c490-ca41-45ca-841a-b579ded4d608,J&J's,0,9,3,3,,3
2026-09-25,rome,pigneto,6260c490-ca41-45ca-841a-b579ded4d608,J&J's,0,6,3,3,,3
2026-09-23,rome,furio-camillo,631e9097-ba93-4421-ab8d-426d4a20848c,J&J's,0,3,5,5,,5
2026-09-24,rome,furio-camillo,631e9097-ba93-4421-ab8d-426d4a20848c,J&J's,0,9,5,5,,5
2026-09-25,rome,furio-camillo,631e9097-ba93-4421-ab8d-426d4a20848c,J&J's,0,6,5,5,,5
2026-09-23,rome,baldo-degli-ubaldi-station,63d4984a-809a-4842-8f06-08ad9735b3fe,J&J's,0,3,2,2,,2
2026-09-24,rome,baldo-degli-ubaldi-station,63d4984a-809a-4842-8f06-08ad9735b3fe,J&J's,0,9,3,3,,3
2026-09-25,rome,baldo-degli-ubaldi-station,63d4984a-809a-4842-8f06-08ad9735b3fe,J&J's,0,6,3,3,,3
2026-09-23,rome,municipio-roma-xiii,6496cfc4-7701-45a0-9dd0-cc034af53337,J&J's,0,3,0,0,,0
2026-09-24,rome,municipio-roma-xiii,6496cfc4-7701-45a0-9dd0-cc034af53337,J&J's,0,9,0,0,,0
2026-09-25,rome,municipio-roma-xiii,6496cfc4-7701-45a0-9dd0-cc034af53337,J&J's,0,6,0,0,,0
2026-09-23,rome,borgo-odescalchi,64cea0f1-5fd3-473e-9baa-8249c0abb818,J&J's,0,3,2,1,,2
2026-09-24,rome,borgo-odescalchi,64cea0f1-5fd3-473e-9baa-8249c0abb818,J&J's,0,9,1,1,,1
2026-09-25,rome,borgo-odescalchi,64cea0f1-5fd3-473e-9baa-8249c0abb818,J&J's,0,6,1,1,,1
2026-09-23,rome,municipio-roma-xiii,666629a0-2cd6-4b5c-b2ab-ed9fcc87c492,J&J's,0,3,0,0,,0
2026-09-24,rome,municipio-roma-xiii,666629a0-2cd6-4b5c-b2ab-ed9fcc87c492,J&J's,0,9,0,0,,0
2026-09-25,rome,municipio-roma-xiii,666629a0-2cd6-4b5c-b2ab-ed9fcc87c492,J&J's,0,6,0,0,,0
2026-09-23,rome,manzoni,6681fc8a-a420-430d-bf39-3b8fdb354ba1,J&J's,100,3,6,6,6.0,6
2026-09-24,rome,manzoni,6681fc8a-a420-430d-bf39-3b8fdb354ba1,J&J's,100,9,7,7,7.0,7
2026-09-25,rome,manzoni,6681fc8a-a420-430d-bf39-3b8fdb354ba1,J&J's,100,6,9,9,9.0,9
2026-09-23,rome,trevi,6681fe3f-e481-4aea-8962-3d1d274e0491,J&J's,0,3,3,3,,3
2026-09-24,rome,trevi,6681fe3f-e481-4aea-8962-3d1d274e0491,J&J's,0,9,3,3,,3
2026-09-25,rome,trevi,6681fe3f-e481-4aea-8962-3d1d274e0491,J&J's,0,6,3,3,,3
2026-09-23,rome,termini,6698ced9-bb1d-4055-863e-19b3dbec902e,J&J's,0,3,358,357,,359
2026-09-24,rome,termini,6698ced9-bb1d-4055-863e-19b3dbec902e,J&J's,0,9,378,378,,379
2026-09-25,rome,termini,6698ced9-bb1d-4055-863e-19b3dbec902e,J&J's,0,6,387,387,,389
2026-09-23,rome,castel-di-leva,67453181-1958-44f2-85b5-6e8dddfe191a,J&J's,500,3,0,0,0.0,0
2026-09-24,rome,castel-di-leva,67453181-1958-44f2-85b5-6e8dddfe191a,J&J's,500,9,0,0,0.0,0
2026-09-25,rome,castel-di-leva,67453181-1958-44f2-85b5-6e8dddfe191a,J&J's,500,6,0,0,0.0,0
2026-09-23,rome,pinciano,67913932-4b32-4719-82f6-5785439399a9,J&J's,0,3,0,0,,0
2026-09-24,rome,pinciano,67913932-4b32-4719-82f6-5785439399a9,J&J's,0,9,0,0,,0
2026-09-25,rome,pinciano,67913932-4b32-4719-82f6-5785439399a9,J&J's,0,6,0,0,,0
2026-09-23,rome,vatican,67a559b1-157a-4b65-bbf3-d490f23a4d3c,J&J's,0,3,7,7,,7
2026-09-24,rome,vatican,67a559b1-157a-4b65-bbf3-d490f23a4d3c,J&J's,0,9,9,6,,9
2026-09-25,rome,vatican,67a559b1-157a-4b65-bbf3-d490f23a4d3c,J&J's,0,6,9,9,,9
2026-09-23,rome,portuense,684134a7-deb5-481e-896b-550bf5752e5a,J&J's,0,3,0,0,,0
2026-09-24,rome,portuense,684134a7-deb5-481e-896b-550bf5752e5a,J&J's,0,9,0,0,,0
2026-09-25,rome,portuense,684134a7-deb5-481e-896b-550bf5752e5a,J&J's,0,6,0,0,,0
2026-09-23,rome,garbatella,687e0d43-5310-4be0-b248-c66cba67ba4b,J&J's,0,3,2,2,,2
2026-09-24,rome,garbatella,687e0d43-5310-4be0-b248-c66cba67ba4b,J&J's,0,9,2,2,,2
2026-09-25,rome,garbatella,687e0d43-5310-4be0-b248-c66cba67ba4b,J&J's,0,6,2,2,,2
2026-09-23,rome,zucchetti,6a4f29e6-1601-42f8-9b46-8a914cbaae55,J&J's,0,3,0,0,,0
2026-09-24,rome,zucchetti,6a4f29e6-1601-42f8-9b46-8a914cbaae55,J&J's,0,9,0,0,,0
2026-09-25,rome,zucchetti,6a4f29e6-1601-42f8-9b46-8a914cbaae55,J&J's,0,6,0,0,,0
2026-09-23,rome,casal-monastero,6a6ab8b3-f1fc-4d1a-969a-185d8eaea824,J&J's,0,3,0,0,,0
2026-09-24,rome,casal-monastero,6a6ab8b3-f1fc-4d1a-969a-185d8eaea824,J&J's,0,9,0,0,,0
2026-09-25,rome,casal-monastero,6a6ab8b3-f1fc-4d1a-969a-185d8eaea824,J&J's,0,6,0,0,,0
2026-09-23,rome,ostiense,6a8a4fbe-13cb-400e-92a2-56c4caf18eb7,J&J's,0,3,2,2,,2
2026-09-24,rome,ostiense,6a8a4fbe-13cb-400e-92a2-56c4caf18eb7,J&J's,0,9,2,2,,2
2026-09-25,rome,ostiense,6a8a4fbe-13cb-400e-92a2-56c4caf18eb7,J&J's,0,6,3,3,,3
2026-09-23,rome,repubblica,6accffae-58ed-46ec-8996-6122f6becd36,J&J's,0,3,1,1,,1
2026-09-24,rome,repubblica,6accffae-58ed-46ec-8996-6122f6becd36,J&J's,0,9,1,1,,1
2026-09-25,rome,repubblica,6accffae-58ed-46ec-8996-6122f6becd36,J&J's,0,6,1,1,,1
2026-09-23,rome,primavalle,6ad6e0bf-3d8a-44f3-833d-3b0236c5b8ee,J&J's,0,3,0,0,,0
2026-09-24,rome,primavalle,6ad6e0bf-3d8a-44f3-833d-3b0236c5b8ee,J&J's,0,9,2,2,,2
2026-09-25,rome,primavalle,6ad6e0bf-3d8a-44f3-833d-3b0236c5b8ee,J&J's,0,6,2,2,,2
2026-09-23,rome,tiburtina,6adab3c1-b8ba-4240-b508-96420231e4dd,J&J's,0,3,1,1,,1
2026-09-24,rome,tiburtina,6adab3c1-b8ba-4240-b508-96420231e4dd,J&J's,0,9,1,1,,1
2026-09-25,rome,tiburtina,6adab3c1-b8ba-4240-b508-96420231e4dd,J&J's,0,6,1,1,,1
2026-09-23,rome,cava-dei-selci,6bc04dc7-d573-432d-8f60-be7f72d4d803,J&J's,0,3,0,0,,0
2026-09-24,rome,cava-dei-selci,6bc04dc7-d573-432d-8f60-be7f72d4d803,J&J's,0,9,0,0,,0
2026-09-25,rome,cava-dei-selci,6bc04dc7-d573-432d-8f60-be7f72d4d803,J&J's,0,6,0,0,,0
2026-09-23,rome,acilia-sud,6c285ee2-81f7-4d4d-a2b1-3cbd12f99628,J&J's,0,3,0,0,,0
2026-09-24,rome,acilia-sud,6c285ee2-81f7-4d4d-a2b1-3cbd12f99628,J&J's,0,9,0,0,,0
2026-09-25,rome,acilia-sud,6c285ee2-81f7-4d4d-a2b1-3cbd12f99628,J&J's,0,6,0,0,,0
2026-09-23,rome,garbatella,6dec3a02-c1c3-4488-a8ee-f9e43e4873e6,J&J's,0,3,0,0,,0
2026-09-24,rome,garbatella,6dec3a02-c1c3-4488-a8ee-f9e43e4873e6,J&J's,0,9,0,0,,0
2026-09-25,rome,garbatella,6dec3a02-c1c3-4488-a8ee-f9e43e4873e6,J&J's,0,6,0,0,,0
2026-09-23,rome,termini,6e930db8-0f31-4813-98d4-8cfa619422db,J&J's,0,3,18,18,,18
2026-09-24,rome,termini,6e930db8-0f31-4813-98d4-8cfa619422db,J&J's,0,8,21,21,,21
2026-09-25,rome,termini,6e930db8-0f31-4813-98d4-8cfa619422db,J&J's,0,6,24,24,,24
2026-09-23,rome,monti,70926489-efa3-4e80-a622-b67ea40b55c4,J&J's,0,3,3,3,,3
2026-09-24,rome,monti,70926489-efa3-4e80-a622-b67ea40b55c4,J&J's,0,9,3,3,,3
2026-09-25,rome,monti,70926489-efa3-4e80-a622-b67ea40b55c4,J&J's,0,6,3,2,,3
2026-09-23,rome,termini,71175c4b-4de7-4ce6-9b29-8c2ea1054915,J&J's,50,3,9,9,18.0,9
2026-09-24,rome,termini,71175c4b-4de7-4ce6-9b29-8c2ea1054915,J&J's,50,9,11,11,22.0,11
2026-09-25,rome,termini,71175c4b-4de7-4ce6-9b29-8c2ea1054915,J&J's,50,6,11,10,22.0,11
2026-09-23,rome,ostiense,71f6b062-cccb-4e72-90de-2fe371988504,J&J's,0,3,23,23,,23
2026-09-24,rome,ostiense,71f6b062-cccb-4e72-90de-2fe371988504,J&J's,0,9,24,24,,25
2026-09-25,rome,ostiense,71f6b062-cccb-4e72-90de-2fe371988504,J&J's,0,6,24,22,,24
2026-09-23,rome,portuense,72335148-ff47-490d-b5d3-671de83c22ab,J&J's,0,3,0,0,,0
2026-09-24,rome,portuense,72335148-ff47-490d-b5d3-671de83c22ab,J&J's,0,9,0,0,,0
2026-09-25,rome,portuense,72335148-ff47-490d-b5d3-671de83c22ab,J&J's,0,6,0,0,,0
2026-09-23,rome,vatican,72b6e79f-8e0c-48d4-aca1-d4a4e457073d,J&J's,0,3,4,4,,4
2026-09-24,rome,vatican,72b6e79f-8e0c-48d4-aca1-d4a4e457073d,J&J's,0,9,4,3,,4
2026-09-25,rome,vatican,72b6e79f-8e0c-48d4-aca1-d4a4e457073d,J&J's,0,6,3,2,,3
2026-09-23,rome,pantheon,72c9a00f-8817-482a-86c5-47b921745233,J&J's,0,3,8,6,,8
2026-09-24,rome,pantheon,72c9a00f-8817-482a-86c5-47b921745233,J&J's,0,9,8,8,,8
2026-09-25,rome,pantheon,72c9a00f-8817-482a-86c5-47b921745233,J&J's,0,6,8,8,,8
2026-09-23,rome,repubblica,734afa93-c95d-4d18-b548-d6f660b104d7,J&J's,100,3,1,1,1.0,1
2026-09-24,rome,repubblica,734afa93-c95d-4d18-b548-d6f660b104d7,J&J's,100,9,1,1,1.0,1
2026-09-25,rome,repubblica,734afa93-c95d-4d18-b548-d6f660b104d7,J&J's,100,6,1,1,1.0,1
2026-09-23,rome,termini,75a4a576-c404-4b3b-8e72-eef5f9bf5232,J&J's,0,3,62,61,,62
2026-09-24,rome,termini,75a4a576-c404-4b3b-8e72-eef5f9bf5232,J&J's,0,9,62,58,,64
2026-09-25,rome,termini,75a4a576-c404-4b3b-8e72-eef5f9bf5232,J&J's,0,6,64,64,,65
2026-09-23,rome,castel-sant-angelo,76f52173-7e26-42ec-8858-7ba1fe8aa940,J&J's,0,3,0,0,,0
2026-09-24,rome,castel-sant-angelo,76f52173-7e26-42ec-8858-7ba1fe8aa940,J&J's,0,9,0,0,,0
2026-09-25,rome,castel-sant-angelo,76f52173-7e26-42ec-8858-7ba1fe8aa940,J&J's,0,6,0,0,,0
2026-09-23,rome,manzoni,77907816-e76e-4db9-9a4e-ea860f1f0702,J&J's,0,3,0,0,,0
2026-09-24,rome,manzoni,77907816-e76e-4db9-9a4e-ea860f1f0702,J&J's,0,9,0,0,,0
2026-09-25,rome,manzoni,77907816-e76e-4db9-9a4e-ea860f1f0702,J&J's,0,6,0,0,,0
2026-09-23,rome,tufello,78832131-507e-4297-a666-8ef2364436cd,J&J's,0,3,0,0,,0
2026-09-24,rome,tufello,78832131-507e-4297-a666-8ef2364436cd,J&J's,0,9,0,0,,0
2026-09-25,rome,tufello,78832131-507e-4297-a666-8ef2364436cd,J&J's,0,6,0,0,,0
2026-09-23,rome,cretarossa,798847e1-2fd1-462c-8f29-5d9de3888388,J&J's,0,3,0,0,,0
2026-09-24,rome,cretarossa,798847e1-2fd1-462c-8f29-5d9de3888388,J&J's,0,9,0,0,,0
2026-09-25,rome,cretarossa,798847e1-2fd1-462c-8f29-5d9de3888388,J&J's,0,6,0,0,,0
2026-09-23,rome,cassia,79d49e98-17be-4e34-9b62-36e4885082d9,J&J's,0,3,0,0,,0
2026-09-24,rome,cassia,79d49e98-17be-4e34-9b62-36e4885082d9,J&J's,0,9,0,0,,0
2026-09-25,rome,cassia,79d49e98-17be-4e34-9b62-36e4885082d9,J&J's,0,6,0,0,,0
2026-09-23,rome,esquilino,79e91c66-f72c-41c6-84da-b17ef73487fd,J&J's,50,3,7,7,14.0,7
2026-09-24,rome,esquilino,79e91c66-f72c-41c6-84da-b17ef73487fd,J&J's,50,9,7,7,14.0,9
2026-09-25,rome,esquilino,79e91c66-f72c-41c6-84da-b17ef73487fd,J&J's,50,6,8,7,16.0,8
2026-09-23,rome,s-pietro,7acbaa2f-702b-47c4-b994-ac856366614d,J&J's,100,3,2,2,2.0,2
2026-09-24,rome,s-pietro,7acbaa2f-702b-47c4-b994-ac856366614d,J&J's,100,9,2,2,2.0,2
2026-09-25,rome,s-pietro,7acbaa2f-702b-47c4-b994-ac856366614d,J&J's,100,6,2,2,2.0,2
2026-09-23,rome,esquilino,7b921563-669f-4251-9a4e-ffbc22d3a390,J&J's,0,3,3,3,,3
2026-09-24,rome,esquilino,7b921563-669f-4251-9a4e-ffbc22d3a390,J&J's,0,9,3,3,,3
2026-09-25,rome,esquilino,7b921563-669f-4251-9a4e-ffbc22d3a390,J&J's,0,6,3,3,,3
2026-09-23,rome,castel-sant-angelo,7c1f1cdd-b8be-4868-b8e2-0099fd0045fc,J&J's,0,3,3,3,,3
2026-09-24,rome,castel-sant-angelo,7c1f1cdd-b8be-4868-b8e2-0099fd0045fc,J&J's,0,9,3,3,,3
2026-09-25,rome,castel-sant-angelo,7c1f1cdd-b8be-4868-b8e2-0099fd0045fc,J&J's,0,6,4,4,,4
2026-09-23,rome,Municipio-Roma-X,7fd1bf86-0bc8-4b33-ad8c-46a90a7eaafe,J&J's,0,3,0,0,,0
2026-09-24,rome,Municipio-Roma-X,7fd1bf86-0bc8-4b33-ad8c-46a90a7eaafe,J&J's,0,9,0,0,,0
2026-09-25,rome,Municipio-Roma-X,7fd1bf86-0bc8-4b33-ad8c-46a90a7eaafe,J&J's,0,6,0,0,,0
2026-09-23,rome,tufello,7ffbe86c-f9b2-4b39-a557-51e561233600,J&J's,0,3,0,0,,0
2026-09-24,rome,tufello,7ffbe86c-f9b2-4b39-a557-51e561233600,J&J's,0,9,0,0,,0
2026-09-25,rome,tufello,7ffbe86c-f9b2-4b39-a557-51e561233600,J&J's,0,6,0,0,,0
2026-09-23,rome,villaggio-rinascita,805bada9-3036-413a-ab01-5bec3007cfd6,J&J's,0,3,0,0,,0
2026-09-24,rome,villaggio-rinascita,805bada9-3036-413a-ab01-5bec3007cfd6,J&J's,0,9,0,0,,0
2026-09-25,rome,villaggio-rinascita,805bada9-3036-413a-ab01-5bec3007cfd6,J&J's,0,6,0,0,,0
2026-09-23,rome,torrevecchia,80f7fac5-3ea6-421d-bfe0-7072c84e3f83,J&J's,0,3,0,0,,0
2026-09-24,rome,torrevecchia,80f7fac5-3ea6-421d-bfe0-7072c84e3f83,J&J's,0,9,0,0,,0
2026-09-25,rome,torrevecchia,80f7fac5-3ea6-421d-bfe0-7072c84e3f83,J&J's,0,6,0,0,,0
2026-09-23,rome,portuense,8199f8db-de7a-453e-8d94-222ad3332cfb,J&J's,0,3,0,0,,0
2026-09-24,rome,portuense,8199f8db-de7a-453e-8d94-222ad3332cfb,J&J's,0,9,0,0,,0
2026-09-25,rome,portuense,8199f8db-de7a-453e-8d94-222ad3332cfb,J&J's,0,6,0,0,,0
2026-09-23,rome,vatican,82b384bf-8d33-41f7-abd6-a2019b939461,J&J's,0,3,5,5,,5
2026-09-24,rome,vatican,82b384bf-8d33-41f7-abd6-a2019b939461,J&J's,0,9,5,4,,5
2026-09-25,rome,vatican,82b384bf-8d33-41f7-abd6-a2019b939461,J&J's,0,6,5,5,,5
2026-09-23,rome,municipio-roma-xi,82decccb-6fac-4bee-9639-960a54eea768,J&J's,0,3,0,0,,0
2026-09-24,rome,municipio-roma-xi,82decccb-6fac-4bee-9639-960a54eea768,J&J's,0,9,0,0,,0
2026-09-25,rome,municipio-roma-xi,82decccb-6fac-4bee-9639-960a54eea768,J&J's,0,6,0,0,,0
2026-09-23,rome,prenestino-centocelle,8330c565-2d9d-4dc6-826b-192c15f3e963,J&J's,0,3,0,0,,0
2026-09-24,rome,prenestino-centocelle,8330c565-2d9d-4dc6-826b-192c15f3e963,J&J's,0,9,0,0,,0
2026-09-25,rome,prenestino-centocelle,8330c565-2d9d-4dc6-826b-192c15f3e963,J&J's,0,6,0,0,,0
2026-09-23,rome,roma-vatican-museums,833b511c-49a4-4526-8bf0-6a9099eb4c8c,J&J's,0,3,37,36,,37
2026-09-24,rome,roma-vatican-museums,833b511c-49a4-4526-8bf0-6a9099eb4c8c,J&J's,0,9,36,35,,36
2026-09-25,rome,roma-vatican-museums,833b511c-49a4-4526-8bf0-6a9099eb4c8c,J&J's,0,6,35,35,,36
2026-09-23,rome,trevi,839b6a0a-7f5e-441d-a434-66581491266b,J&J's,0,3,3,3,,3
2026-09-24,rome,trevi,839b6a0a-7f5e-441d-a434-66581491266b,J&J's,0,9,3,3,,3
2026-09-25,rome,trevi,839b6a0a-7f5e-441d-a434-66581491266b,J&J's,0,6,3,2,,3
2026-09-23,rome,labaro,839eca4b-813a-4c19-9800-4fc33e7bbde4,J&J's,0,3,0,0,,0
2026-09-24,rome,labaro,839eca4b-813a-4c19-9800-4fc33e7bbde4,J&J's,0,9,0,0,,0
2026-09-25,rome,labaro,839eca4b-813a-4c19-9800-4fc33e7bbde4,J&J's,0,6,0,0,,0
2026-09-23,rome,fidene,83e70bda-3e7a-48c5-bc05-582629428e28,J&J's,0,3,0,0,,0
2026-09-24,rome,fidene,83e70bda-3e7a-48c5-bc05-582629428e28,J&J's,0,9,0,0,,0
2026-09-25,rome,fidene,83e70bda-3e7a-48c5-bc05-582629428e28,J&J's,0,6,0,0,,0
2026-09-23,rome,roma-vatican-museums,849342f7-8886-4ae3-803f-9f0fbc9cdd9f,J&J's,100,3,3,3,3.0,3
2026-09-24,rome,roma-vatican-museums,849342f7-8886-4ae3-803f-9f0fbc9cdd9f,J&J's,100,9,5,5,5.0,5
2026-09-25,rome,roma-vatican-museums,849342f7-8886-4ae3-803f-9f0fbc9cdd9f,J&J's,100,6,5,5,5.0,5
2026-09-23,rome,pantheon,87084b7c-0dd0-4af0-bbd3-e862e1138126,J&J's,0,3,2,2,,2
2026-09-24,rome,pantheon,87084b7c-0dd0-4af0-bbd3-e862e1138126,J&J's,0,9,2,2,,2
2026-09-25,rome,pantheon,87084b7c-0dd0-4af0-bbd3-e862e1138126,J&J's,0,6,2,2,,2
2026-09-23,rome,vatican,870c20d0-8cec-4944-ae56-be81d3720230,J&J's,500,3,8,8,1.6,8
2026-09-24,rome,vatican,870c20d0-8cec-4944-ae56-be81d3720230,J&J's,500,9,8,8,1.6,8
2026-09-25,rome,vatican,870c20d0-8cec-4944-ae56-be81d3720230,J&J's,500,6,10,10,2.0,10
2026-09-23,rome,villa-adriana,87eb3fbf-314d-4616-bb61-b901285291d8,J&J's,0,3,0,0,,0
2026-09-24,rome,villa-adriana,87eb3fbf-314d-4616-bb61-b901285291d8,J&J's,0,9,0,0,,0
2026-09-25,rome,villa-adriana,87eb3fbf-314d-4616-bb61-b901285291d8,J&J's,0,6,0,0,,0
2026-09-23,rome,pantheon,87f54090-d181-4da1-a614-ef9e8d03d77b,J&J's,0,3,18,18,,18
2026-09-24,rome,pantheon,87f54090-d181-4da1-a614-ef9e8d03d77b,J&J's,0,9,18,18,,18
2026-09-25,rome,pantheon,87f54090-d181-4da1-a614-ef9e8d03d77b,J&J's,0,6,17,17,,18
2026-09-23,rome,lido-di-ostia-levante,88362338-87bd-4708-b444-d83b5c774a97,J&J's,0,3,7,7,,7
2026-09-24,rome,lido-di-ostia-levante,88362338-87bd-4708-b444-d83b5c774a97,J&J's,0,9,14,14,,14
2026-09-25,rome,lido-di-ostia-levante,88362338-87bd-4708-b444-d83b5c774a97,J&J's,0,6,14,14,,14
2026-09-23,rome,spanish-steps,88969cef-c863-43ed-b548-5b13ecf3741b,J&J's,0,3,3,3,,3
2026-09-24,rome,spanish-steps,88969cef-c863-43ed-b548-5b13ecf3741b,J&J's,0,9,3,3,,3
2026-09-25,rome,spanish-steps,88969cef-c863-43ed-b548-5b13ecf3741b,J&J's,0,6,3,3,,3
2026-09-23,rome,municipio-roma-xv,88fbf507-ab92-446d-b88d-4b9d1aa10e2d,J&J's,0,3,0,0,,0
2026-09-24,rome,municipio-roma-xv,88fbf507-ab92-446d-b88d-4b9d1aa10e2d,J&J's,0,9,0,0,,0
2026-09-25,rome,municipio-roma-xv,88fbf507-ab92-446d-b88d-4b9d1aa10e2d,J&J's,0,6,0,0,,0
2026-09-23,rome,trastevere,8918382b-e266-4e0c-9e91-79e73f92e3a2,J&J's,0,3,0,0,,0
2026-09-24,rome,trastevere,8918382b-e266-4e0c-9e91-79e73f92e3a2,J&J's,0,9,0,0,,0
2026-09-25,rome,trastevere,8918382b-e266-4e0c-9e91-79e73f92e3a2,J&J's,0,6,0,0,,0
2026-09-23,rome,parioli,8973c210-75d1-43b5-ae7c-75ec8ec0b836,J&J's,0,3,0,0,,0
2026-09-24,rome,parioli,8973c210-75d1-43b5-ae7c-75ec8ec0b836,J&J's,0,9,0,0,,0
2026-09-25,rome,parioli,8973c210-75d1-43b5-ae7c-75ec8ec0b836,J&J's,0,6,0,0,,0
2026-09-23,rome,cecchina,89a694f1-a665-4c95-8303-94b628ef6151,J&J's,0,3,0,0,,0
2026-09-24,rome,cecchina,89a694f1-a665-4c95-8303-94b628ef6151,J&J's,0,9,0,0,,0
2026-09-25,rome,cecchina,89a694f1-a665-4c95-8303-94b628ef6151,J&J's,0,6,0,0,,0
2026-09-23,rome,cava-dei-selci,89f03fc2-9501-415d-936b-82c94f1f6caa,J&J's,0,3,1,1,,1
2026-09-24,rome,cava-dei-selci,89f03fc2-9501-415d-936b-82c94f1f6caa,J&J's,0,9,1,1,,1
2026-09-25,rome,cava-dei-selci,89f03fc2-9501-415d-936b-82c94f1f6caa,J&J's,0,6,1,1,,1
2026-09-23,rome,quartiere-xii-gianicolense,8a4b96d8-8418-4380-806f-e287f15804a7,J&J's,0,3,0,0,,0
2026-09-24,rome,quartiere-xii-gianicolense,8a4b96d8-8418-4380-806f-e287f15804a7,J&J's,0,9,0,0,,0
2026-09-25,rome,quartiere-xii-gianicolense,8a4b96d8-8418-4380-806f-e287f15804a7,J&J's,0,6,0,0,,0
2026-09-23,rome,colosseum,8add7dc5-1fd5-44ea-b7e5-c4a335bf1e7e,J&J's,100,3,38,37,38.0,38
2026-09-24,rome,colosseum,8add7dc5-1fd5-44ea-b7e5-c4a335bf1e7e,J&J's,100,9,36,34,36.0,37
2026-09-25,rome,colosseum,8add7dc5-1fd5-44ea-b7e5-c4a335bf1e7e,J&J's,100,6,34,34,34.0,34
2026-09-23,rome,roma-vatican-museums,8b3b0e9e-3a45-4c60-b8d9-1293a5cfb870,J&J's,0,3,18,18,,18
2026-09-24,rome,roma-vatican-museums,8b3b0e9e-3a45-4c60-b8d9-1293a5cfb870,J&J's,0,9,17,17,,18
2026-09-25,rome,roma-vatican-museums,8b3b0e9e-3a45-4c60-b8d9-1293a5cfb870,J&J's,0,6,19,19,,19
2026-09-23,rome,trastevere,8bc35ef7-60be-4a11-98b6-a82476e27b2e,J&J's,10,3,0,0,0.0,0
2026-09-24,rome,trastevere,8bc35ef7-60be-4a11-98b6-a82476e27b2e,J&J's,10,9,0,0,0.0,0
2026-09-25,rome,trastevere,8bc35ef7-60be-4a11-98b6-a82476e27b2e,J&J's,10,6,1,1,10.0,1
2026-09-23,rome,termini,8cba7209-63a3-4bfa-93d4-899d92a7a69e,J&J's,1000,3,15,14,1.5,15
2026-09-24,rome,termini,8cba7209-63a3-4bfa-93d4-899d92a7a69e,J&J's,1000,9,14,11,1.4,14
2026-09-25,rome,termini,8cba7209-63a3-4bfa-93d4-899d92a7a69e,J&J's,1000,6,11,7,1.1,11
2026-09-23,rome,balduina,8d4248b6-1371-45a9-a90d-3511fe9c92fb,J&J's,0,3,0,0,,0
2026-09-24,rome,balduina,8d4248b6-1371-45a9-a90d-3511fe9c92fb,J&J's,0,9,0,0,,0
2026-09-25,rome,balduina,8d4248b6-1371-45a9-a90d-3511fe9c92fb,J&J's,0,6,0,0,,0
2026-09-23,rome,pinciano,8ee87a22-8e53-4265-8462-86a19a23ec12,J&J's,0,3,0,0,,0
2026-09-24,rome,pinciano,8ee87a22-8e53-4265-8462-86a19a23ec12,J&J's,0,9,0,0,,0
2026-09-25,rome,pinciano,8ee87a22-8e53-4265-8462-86a19a23ec12,J&J's,0,6,0,0,,0
2026-09-23,rome,baldo-degli-ubaldi-station,8f31029f-0166-442a-a6a7-cdd38d0dcba6,J&J's,30,3,4,4,13.3,4
2026-09-24,rome,baldo-degli-ubaldi-station,8f31029f-0166-442a-a6a7-cdd38d0dcba6,J&J's,30,9,6,6,20.0,6
2026-09-25,rome,baldo-degli-ubaldi-station,8f31029f-0166-442a-a6a7-cdd38d0dcba6,J&J's,30,6,6,6,20.0,6
2026-09-23,rome,velletri,8f824129-8d68-4810-a2a3-f079c7a501cf,J&J's,0,3,0,0,,0
2026-09-24,rome,velletri,8f824129-8d68-4810-a2a3-f079c7a501cf,J&J's,0,9,0,0,,0
2026-09-25,rome,velletri,8f824129-8d68-4810-a2a3-f079c7a501cf,J&J's,0,6,0,0,,0
2026-09-23,rome,castel-giubileo,90f043f1-b122-4681-8dd3-e9e739e35611,J&J's,0,3,0,0,,0
2026-09-24,rome,castel-giubileo,90f043f1-b122-4681-8dd3-e9e739e35611,J&J's,0,9,0,0,,0
2026-09-25,rome,castel-giubileo,90f043f1-b122-4681-8dd3-e9e739e35611,J&J's,0,6,0,0,,0
2026-09-23,rome,spanish-steps,910736f3-77ca-4cf3-872b-84a25c78ce11,J&J's,30,3,1,0,3.3,1
2026-09-24,rome,spanish-steps,910736f3-77ca-4cf3-872b-84a25c78ce11,J&J's,30,9,0,0,0.0,0
2026-09-25,rome,spanish-steps,910736f3-77ca-4cf3-872b-84a25c78ce11,J&J's,30,6,0,0,0.0,0
2026-09-23,rome,parioli,9135ddbc-cf67-458d-99a2-cf32453899a4,J&J's,0,3,0,0,,0
2026-09-24,rome,parioli,9135ddbc-cf67-458d-99a2-cf32453899a4,J&J's,0,9,0,0,,0
2026-09-25,rome,parioli,9135ddbc-cf67-458d-99a2-cf32453899a4,J&J's,0,6,0,0,,0
2026-09-23,rome,repubblica,91af40ee-77b8-4b2a-8c84-1b749d7ef9a8,J&J's,0,3,23,22,,23
2026-09-24,rome,repubblica,91af40ee-77b8-4b2a-8c84-1b749d7ef9a8,J&J's,0,9,23,23,,23
2026-09-25,rome,repubblica,91af40ee-77b8-4b2a-8c84-1b749d7ef9a8,J&J's,0,6,26,26,,26
2026-09-23,rome,manzoni,920f77d8-1e14-44fe-a3a4-3b3c7fb9290b,J&J's,0,3,0,0,,0
2026-09-24,rome,manzoni,920f77d8-1e14-44fe-a3a4-3b3c7fb9290b,J&J's,0,9,0,0,,0
2026-09-25,rome,manzoni,920f77d8-1e14-44fe-a3a4-3b3c7fb9290b,J&J's,0,6,0,0,,0
2026-09-23,rome,pantheon,927eea3d-a392-4b18-b940-6499c9c34ad4,J&J's,0,3,3,3,,3
2026-09-24,rome,pantheon,927eea3d-a392-4b18-b940-6499c9c34ad4,J&J's,0,9,3,3,,3
2026-09-25,rome,pantheon,927eea3d-a392-4b18-b940-6499c9c34ad4,J&J's,0,6,3,3,,3
2026-09-23,rome,esquilino,927f3436-be60-4bad-8810-5f4e6bca0cbb,J&J's,0,3,0,0,,0
2026-09-24,rome,esquilino,927f3436-be60-4bad-8810-5f4e6bca0cbb,J&J's,0,9,0,0,,0
2026-09-25,rome,esquilino,927f3436-be60-4bad-8810-5f4e6bca0cbb,J&J's,0,6,0,0,,0
2026-09-23,rome,trevi,9280d997-c74d-49a7-948d-ae0f5df4d5aa,J&J's,0,3,23,23,,23
2026-09-24,rome,trevi,9280d997-c74d-49a7-948d-ae0f5df4d5aa,J&J's,0,9,27,27,,28
2026-09-25,rome,trevi,9280d997-c74d-49a7-948d-ae0f5df4d5aa,J&J's,0,6,33,33,,33
2026-09-23,rome,salario,92c93053-6ddf-4dd8-97bd-4a31ba541795,J&J's,5,3,1,1,20.0,1
2026-09-24,rome,salario,92c93053-6ddf-4dd8-97bd-4a31ba541795,J&J's,5,9,1,1,20.0,1
2026-09-25,rome,salario,92c93053-6ddf-4dd8-97bd-4a31ba541795,J&J's,5,6,1,0,20.0,1
2026-09-23,rome,monti,9356f9c9-6772-40f0-a551-565ec98e1066,J&J's,0,3,23,23,,23
2026-09-24,rome,monti,9356f9c9-6772-40f0-a551-565ec98e1066,J&J's,0,9,24,23,,24
2026-09-25,rome,monti,9356f9c9-6772-40f0-a551-565ec98e1066,J&J's,0,6,23,19,,23
2026-09-23,rome,casali,9462e290-9276-4622-bd6b-5157e68cad4e,J&J's,0,3,0,0,,0
2026-09-24,rome,casali,9462e290-9276-4622-bd6b-5157e68cad4e,J&J's,0,9,0,0,,0
2026-09-25,rome,casali,9462e290-9276-4622-bd6b-5157e68cad4e,J&J's,0,6,0,0,,0
2026-09-23,rome,primavera,948a7440-cf14-41b6-a322-2a60bb4e2870,J&J's,0,3,0,0,,0
2026-09-24,rome,primavera,948a7440-cf14-41b6-a322-2a60bb4e2870,J&J's,0,9,0,0,,0
2026-09-25,rome,primavera,948a7440-cf14-41b6-a322-2a60bb4e2870,J&J's,0,6,0,0,,0
2026-09-23,rome,nomentana,953e4c3a-5057-437e-8f99-649b7f06f60e,J&J's,0,3,1,1,,1
2026-09-24,rome,nomentana,953e4c3a-5057-437e-8f99-649b7f06f60e,J&J's,0,9,1,0,,1
2026-09-25,rome,nomentana,953e4c3a-5057-437e-8f99-649b7f06f60e,J&J's,0,6,0,0,,0
2026-09-23,rome,garbatella,9627b227-7408-43ed-bbac-39b138ae2be2,J&J's,0,3,0,0,,0
2026-09-24,rome,garbatella,9627b227-7408-43ed-bbac-39b138ae2be2,J&J's,0,9,0,0,,0
2026-09-25,rome,garbatella,9627b227-7408-43ed-bbac-39b138ae2be2,J&J's,0,6,0,0,,0
2026-09-23,rome,s-pietro,96b4df40-880a-4ca7-9597-09ed3e321656,J&J's,0,3,7,7,,7
2026-09-24,rome,s-pietro,96b4df40-880a-4ca7-9597-09ed3e321656,J&J's,0,9,8,8,,8
2026-09-25,rome,s-pietro,96b4df40-880a-4ca7-9597-09ed3e321656,J&J's,0,6,8,6,,8
2026-09-23,rome,rione-ix-pigna,98cc5ee4-6ae9-40df-90cf-02eb35568149,J&J's,0,3,7,7,,7
2026-09-24,rome,rione-ix-pigna,98cc5ee4-6ae9-40df-90cf-02eb35568149,J&J's,0,9,9,9,,9
2026-09-25,rome,rione-ix-pigna,98cc5ee4-6ae9-40df-90cf-02eb35568149,J&J's,0,6,10,10,,10
2026-09-23,rome,termini,9958c46f-c4b5-4d20-a2d2-f6b2aecee47a,J&J's,200,3,244,244,122.0,244
2026-09-24,rome,termini,9958c46f-c4b5-4d20-a2d2-f6b2aecee47a,J&J's,200,9,246,246,123.0,248
2026-09-25,rome,termini,9958c46f-c4b5-4d20-a2d2-f6b2aecee47a,J&J's,200,6,244,244,122.0,251
2026-09-23,rome,roman-forum,9ae2d556-54ff-4cf5-9fbd-d36bb3ea3542,J&J's,100,3,3,3,3.0,3
2026-09-24,rome,roman-forum,9ae2d556-54ff-4cf5-9fbd-d36bb3ea3542,J&J's,100,9,3,2,3.0,3
2026-09-25,rome,roman-forum,9ae2d556-54ff-4cf5-9fbd-d36bb3ea3542,J&J's,100,6,2,1,2.0,2
2026-09-23,rome,ostiense,9b09cb7b-ab63-4a04-bc08-0f68856e3473,J&J's,0,3,3,3,,3
2026-09-24,rome,ostiense,9b09cb7b-ab63-4a04-bc08-0f68856e3473,J&J's,0,9,3,3,,3
2026-09-25,rome,ostiense,9b09cb7b-ab63-4a04-bc08-0f68856e3473,J&J's,0,6,3,3,,3
2026-09-23,rome,villa-borghese,9bdd4baf-c113-421a-ae08-c362916a4913,J&J's,0,3,7,7,,7
2026-09-24,rome,villa-borghese,9bdd4baf-c113-421a-ae08-c362916a4913,J&J's,0,9,7,7,,7
2026-09-25,rome,villa-borghese,9bdd4baf-c113-421a-ae08-c362916a4913,J&J's,0,6,7,7,,7
2026-09-23,rome,navona,9d3ab902-da2d-48cb-afc1-6df1244c9313,J&J's,25,3,17,16,68.0,17
2026-09-24,rome,navona,9d3ab902-da2d-48cb-afc1-6df1244c9313,J&J's,25,9,16,12,64.0,16
2026-09-25,rome,navona,9d3ab902-da2d-48cb-afc1-6df1244c9313,J&J's,25,6,14,12,56.0,15
2026-09-23,rome,monti,9d809354-5bf4-4452-8b10-3b628bdac207,J&J's,0,3,3,3,,3
2026-09-24,rome,monti,9d809354-5bf4-4452-8b10-3b628bdac207,J&J's,0,9,4,4,,4
2026-09-25,rome,monti,9d809354-5bf4-4452-8b10-3b628bdac207,J&J's,0,6,4,3,,4
2026-09-23,rome,municipio-roma-vii,9deadfea-3f7d-4c59-9007-5bae3ee32450,J&J's,0,3,0,0,,0
2026-09-24,rome,municipio-roma-vii,9deadfea-3f7d-4c59-9007-5bae3ee32450,J&J's,0,9,0,0,,0
2026-09-25,rome,municipio-roma-vii,9deadfea-3f7d-4c59-9007-5bae3ee32450,J&J's,0,6,0,0,,0
2026-09-23,rome,vatican,9e66a356-bf8f-47c3-b6f3-5bdba93c5b21,J&J's,0,3,6,6,,6
2026-09-24,rome,vatican,9e66a356-bf8f-47c3-b6f3-5bdba93c5b21,J&J's,0,9,6,6,,6
2026-09-25,rome,vatican,9e66a356-bf8f-47c3-b6f3-5bdba93c5b21,J&J's,0,6,6,5,,6
2026-09-23,rome,casetta-mattei,a08a1db0-4551-4987-97eb-92af84a2fd69,J&J's,0,3,0,0,,0
2026-09-24,rome,casetta-mattei,a08a1db0-4551-4987-97eb-92af84a2fd69,J&J's,0,9,0,0,,0
2026-09-25,rome,casetta-mattei,a08a1db0-4551-4987-97eb-92af84a2fd69,J&J's,0,6,0,0,,0
2026-09-23,rome,monti,a0fdea96-4bc0-432d-ada4-83c754582952,J&J's,20,3,12,12,60.0,12
2026-09-24,rome,monti,a0fdea96-4bc0-432d-ada4-83c754582952,J&J's,20,9,12,12,60.0,12
2026-09-25,rome,monti,a0fdea96-4bc0-432d-ada4-83c754582952,J&J's,20,6,12,11,60.0,12
2026-09-23,rome,vigne-nuove,a45a0e04-4b9b-4388-83a2-b09542bd501e,J&J's,0,3,0,0,,0
2026-09-24,rome,vigne-nuove,a45a0e04-4b9b-4388-83a2-b09542bd501e,J&J's,0,9,0,0,,0
2026-09-25,rome,vigne-nuove,a45a0e04-4b9b-4388-83a2-b09542bd501e,J&J's,0,6,0,0,,0
2026-09-23,rome,montelibretti,a4693b0b-8912-403d-87d7-de319a0b43ea,J&J's,0,3,0,0,,0
2026-09-24,rome,montelibretti,a4693b0b-8912-403d-87d7-de319a0b43ea,J&J's,0,9,0,0,,0
2026-09-25,rome,montelibretti,a4693b0b-8912-403d-87d7-de319a0b43ea,J&J's,0,6,0,0,,0
2026-09-23,rome,collatino,a49fd158-23ba-4f00-a8e3-35d38851df5b,J&J's,0,3,0,0,,0
2026-09-24,rome,collatino,a49fd158-23ba-4f00-a8e3-35d38851df5b,J&J's,0,9,0,0,,0
2026-09-25,rome,collatino,a49fd158-23ba-4f00-a8e3-35d38851df5b,J&J's,0,6,0,0,,0
2026-09-23,rome,municipio-roma-xiv,a612eaf7-6b33-4e1a-974b-42812f3265bf,J&J's,0,3,0,0,,0
2026-09-24,rome,municipio-roma-xiv,a612eaf7-6b33-4e1a-974b-42812f3265bf,J&J's,0,9,0,0,,0
2026-09-25,rome,municipio-roma-xiv,a612eaf7-6b33-4e1a-974b-42812f3265bf,J&J's,0,6,0,0,,0
2026-09-23,rome,magliana-vecchia,a61f2973-76b4-4cfe-95de-9adf0ffbb50f,J&J's,0,3,1,1,,1
2026-09-24,rome,magliana-vecchia,a61f2973-76b4-4cfe-95de-9adf0ffbb50f,J&J's,0,9,2,2,,2
2026-09-25,rome,magliana-vecchia,a61f2973-76b4-4cfe-95de-9adf0ffbb50f,J&J's,0,6,2,1,,2
2026-09-23,rome,trastevere,a708e061-24bb-48e4-ac00-88d1383e39ef,J&J's,0,3,9,9,,9
2026-09-24,rome,trastevere,a708e061-24bb-48e4-ac00-88d1383e39ef,J&J's,0,9,9,9,,10
2026-09-25,rome,trastevere,a708e061-24bb-48e4-ac00-88d1383e39ef,J&J's,0,6,10,10,,10
2026-09-23,rome,largo-di-torre-argentina,a72a2c82-a585-43a5-aa74-e2b24ea8fd4f,J&J's,100,3,15,15,15.0,15
2026-09-24,rome,largo-di-torre-argentina,a72a2c82-a585-43a5-aa74-e2b24ea8fd4f,J&J's,100,9,17,16,17.0,17
2026-09-25,rome,largo-di-torre-argentina,a72a2c82-a585-43a5-aa74-e2b24ea8fd4f,J&J's,100,6,18,18,18.0,18
2026-09-23,rome,val-melaina,a76f6f03-fe28-4945-a501-53e182c01eee,J&J's,0,3,0,0,,0
2026-09-24,rome,val-melaina,a76f6f03-fe28-4945-a501-53e182c01eee,J&J's,0,9,0,0,,0
2026-09-25,rome,val-melaina,a76f6f03-fe28-4945-a501-53e182c01eee,J&J's,0,6,0,0,,0
2026-09-23,rome,roviano,a7a55a3f-c2f3-420e-a473-31f88e7d00d2,J&J's,0,3,0,0,,0
2026-09-24,rome,roviano,a7a55a3f-c2f3-420e-a473-31f88e7d00d2,J&J's,0,9,0,0,,0
2026-09-25,rome,roviano,a7a55a3f-c2f3-420e-a473-31f88e7d00d2,J&J's,0,6,0,0,,0
2026-09-23,rome,san-giovanni,a83c76e7-f0cd-451c-a963-5d08d7614f86,J&J's,0,3,8,8,,8
2026-09-24,rome,san-giovanni,a83c76e7-f0cd-451c-a963-5d08d7614f86,J&J's,0,9,8,8,,8
2026-09-25,rome,san-giovanni,a83c76e7-f0cd-451c-a963-5d08d7614f86,J&J's,0,6,8,8,,8
2026-09-23,rome,municipio-roma-iv,a9300947-ab10-4ed9-a3ca-d2b84465ba0d,J&J's,0,3,0,0,,0
2026-09-24,rome,municipio-roma-iv,a9300947-ab10-4ed9-a3ca-d2b84465ba0d,J&J's,0,9,0,0,,0
2026-09-25,rome,municipio-roma-iv,a9300947-ab10-4ed9-a3ca-d2b84465ba0d,J&J's,0,6,0,0,,0
2026-09-23,rome,tiburtina,a93d8f55-44cb-4e8f-bb85-bcc833c9bcab,J&J's,0,3,0,0,,0
2026-09-24,rome,tiburtina,a93d8f55-44cb-4e8f-bb85-bcc833c9bcab,J&J's,0,9,0,0,,0
2026-09-25,rome,tiburtina,a93d8f55-44cb-4e8f-bb85-bcc833c9bcab,J&J's,0,6,1,1,,1
2026-09-23,rome,lido-di-ostia-levante,aa6c6cc7-d4a1-4dd0-829a-325aaae2ab2d,J&J's,10,3,0,0,0.0,0
2026-09-24,rome,lido-di-ostia-levante,aa6c6cc7-d4a1-4dd0-829a-325aaae2ab2d,J&J's,10,9,0,0,0.0,0
2026-09-25,rome,lido-di-ostia-levante,aa6c6cc7-d4a1-4dd0-829a-325aaae2ab2d,J&J's,10,6,0,0,0.0,0
2026-09-23,rome,rignano-flaminio,aab42c44-ec62-46ed-abf0-baa31d0d5b91,J&J's,0,3,0,0,,0
2026-09-24,rome,rignano-flaminio,aab42c44-ec62-46ed-abf0-baa31d0d5b91,J&J's,0,9,0,0,,0
2026-09-25,rome,rignano-flaminio,aab42c44-ec62-46ed-abf0-baa31d0d5b91,J&J's,0,6,0,0,,0
2026-09-23,rome,s-pietro,ab963a13-31c1-408b-b39f-6df69745ac60,J&J's,0,3,6,6,,6
2026-09-24,rome,s-pietro,ab963a13-31c1-408b-b39f-6df69745ac60,J&J's,0,9,6,5,,6
2026-09-25,rome,s-pietro,ab963a13-31c1-408b-b39f-6df69745ac60,J&J's,0,6,5,5,,5
2026-09-23,rome,formello,ac42f353-a8c6-4461-a4a2-ecdfd205c9da,J&J's,0,3,0,0,,0
2026-09-24,rome,formello,ac42f353-a8c6-4461-a4a2-ecdfd205c9da,J&J's,0,9,0,0,,0
2026-09-25,rome,formello,ac42f353-a8c6-4461-a4a2-ecdfd205c9da,J&J's,0,6,0,0,,0
2026-09-23,rome,esquilino,acaad5ab-0ea1-4508-b762-a74d8cc2cfe6,J&J's,0,3,1,1,,1
2026-09-24,rome,esquilino,acaad5ab-0ea1-4508-b762-a74d8cc2cfe6,J&J's,0,9,1,1,,1
2026-09-25,rome,esquilino,acaad5ab-0ea1-4508-b762-a74d8cc2cfe6,J&J's,0,6,1,1,,1
2026-09-23,rome,termini,ad28a46e-72e7-4dfb-a9d3-d9ad153514c9,J&J's,0,3,20,20,,20
2026-09-24,rome,termini,ad28a46e-72e7-4dfb-a9d3-d9ad153514c9,J&J's,0,9,20,19,,21
2026-09-25,rome,termini,ad28a46e-72e7-4dfb-a9d3-d9ad153514c9,J&J's,0,6,20,20,,20
2026-09-23,rome,piane-di-vaccina,ad33246d-da08-435e-9ba3-451afeda8bd4,J&J's,0,3,0,0,,0
2026-09-24,rome,piane-di-vaccina,ad33246d-da08-435e-9ba3-451afeda8bd4,J&J's,0,9,0,0,,0
2026-09-25,rome,piane-di-vaccina,ad33246d-da08-435e-9ba3-451afeda8bd4,J&J's,0,6,0,0,,0
2026-09-23,rome,monte-sacro-alto,adbfa18e-35af-4b0a-a8e0-39ce0ab2e68e,J&J's,0,3,0,0,,0
2026-09-24,rome,monte-sacro-alto,adbfa18e-35af-4b0a-a8e0-39ce0ab2e68e,J&J's,0,9,0,0,,0
2026-09-25,rome,monte-sacro-alto,adbfa18e-35af-4b0a-a8e0-39ce0ab2e68e,J&J's,0,6,0,0,,0
2026-09-23,rome,quartiere-xv-della-vittoria,ae4d1179-de0a-422c-a14b-a23b9dbf15a8,J&J's,0,3,2,2,,2
2026-09-24,rome,quartiere-xv-della-vittoria,ae4d1179-de0a-422c-a14b-a23b9dbf15a8,J&J's,0,9,2,2,,2
2026-09-25,rome,quartiere-xv-della-vittoria,ae4d1179-de0a-422c-a14b-a23b9dbf15a8,J&J's,0,6,9,9,,9
2026-09-23,rome,salario,ae4dc03d-0196-44d6-bd7e-1ad5c73570b6,J&J's,0,3,4,4,,4
2026-09-24,rome,salario,ae4dc03d-0196-44d6-bd7e-1ad5c73570b6,J&J's,0,9,4,3,,4
2026-09-25,rome,salario,ae4dc03d-0196-44d6-bd7e-1ad5c73570b6,J&J's,0,6,3,3,,3
2026-09-23,rome,borgo-medievale,ae63d0c7-1006-400c-be0e-16b0a6a084cd,J&J's,0,3,0,0,,0
2026-09-24,rome,borgo-medievale,ae63d0c7-1006-400c-be0e-16b0a6a084cd,J&J's,0,9,0,0,,0
2026-09-25,rome,borgo-medievale,ae63d0c7-1006-400c-be0e-16b0a6a084cd,J&J's,0,6,0,0,,0
2026-09-23,rome,vatican,aea7f2bc-1425-4bd4-919c-e179dfc41daf,J&J's,50,3,1,1,2.0,1
2026-09-24,rome,vatican,aea7f2bc-1425-4bd4-919c-e179dfc41daf,J&J's,50,9,1,1,2.0,1
2026-09-25,rome,vatican,aea7f2bc-1425-4bd4-919c-e179dfc41daf,J&J's,50,6,2,1,4.0,2
2026-09-23,rome,aurelio,af83f4ed-2f72-4b33-a2f2-97bab5252071,J&J's,0,3,0,0,,0
2026-09-24,rome,aurelio,af83f4ed-2f72-4b33-a2f2-97bab5252071,J&J's,0,9,0,0,,0
2026-09-25,rome,aurelio,af83f4ed-2f72-4b33-a2f2-97bab5252071,J&J's,0,6,0,0,,0
2026-09-23,rome,ottaviano,b026f4d8-6640-481f-b2cf-6481852aba18,J&J's,20,3,0,0,0.0,0
2026-09-24,rome,ottaviano,b026f4d8-6640-481f-b2cf-6481852aba18,J&J's,20,9,0,0,0.0,0
2026-09-25,rome,ottaviano,b026f4d8-6640-481f-b2cf-6481852aba18,J&J's,20,6,0,0,0.0,0
2026-09-23,rome,san-giovanni,b0830441-cc28-4d79-9aa2-311684bba482,J&J's,0,3,3,3,,3
2026-09-24,rome,san-giovanni,b0830441-cc28-4d79-9aa2-311684bba482,J&J's,0,9,5,5,,5
2026-09-25,rome,san-giovanni,b0830441-cc28-4d79-9aa2-311684bba482,J&J's,0,6,5,5,,5
2026-09-23,rome,vatican,b2a389ac-8828-4764-8fa6-f5d61bbef9a2,J&J's,6,3,0,0,0.0,0
2026-09-24,rome,vatican,b2a389ac-8828-4764-8fa6-f5d61bbef9a2,J&J's,6,9,0,0,0.0,0
2026-09-25,rome,vatican,b2a389ac-8828-4764-8fa6-f5d61bbef9a2,J&J's,6,6,0,0,0.0,0
2026-09-23,rome,termini,b33fe01a-edd9-4e4d-b9ff-bc15ffc67f67,J&J's,0,3,9,9,,9
2026-09-24,rome,termini,b33fe01a-edd9-4e4d-b9ff-bc15ffc67f67,J&J's,0,9,9,8,,9
2026-09-25,rome,termini,b33fe01a-edd9-4e4d-b9ff-bc15ffc67f67,J&J's,0,6,8,8,,8
2026-09-23,rome,vatican,b3b00792-c02f-405c-b682-891f81d0e582,J&J's,0,3,2,2,,2
2026-09-24,rome,vatican,b3b00792-c02f-405c-b682-891f81d0e582,J&J's,0,9,2,2,,2
2026-09-25,rome,vatican,b3b00792-c02f-405c-b682-891f81d0e582,J&J's,0,6,2,2,,2
2026-09-23,rome,primavalle,b41726de-16c8-4171-9615-f0c57e6c5df7,J&J's,0,3,0,0,,0
2026-09-24,rome,primavalle,b41726de-16c8-4171-9615-f0c57e6c5df7,J&J's,0,9,0,0,,0
2026-09-25,rome,primavalle,b41726de-16c8-4171-9615-f0c57e6c5df7,J&J's,0,6,0,0,,0
2026-09-23,rome,parco-regionale-appia-antica,b4744ee7-222e-4edb-9884-cfa1bd488d8c,J&J's,0,3,1,1,,1
2026-09-24,rome,parco-regionale-appia-antica,b4744ee7-222e-4edb-9884-cfa1bd488d8c,J&J's,0,9,1,1,,1
2026-09-25,rome,parco-regionale-appia-antica,b4744ee7-222e-4edb-9884-cfa1bd488d8c,J&J's,0,6,1,1,,1
2026-09-23,rome,bracciano,b4dde6c4-a73c-4768-bf69-68dfac509e1a,J&J's,0,3,1,1,,1
2026-09-24,rome,bracciano,b4dde6c4-a73c-4768-bf69-68dfac509e1a,J&J's,0,9,1,1,,1
2026-09-25,rome,bracciano,b4dde6c4-a73c-4768-bf69-68dfac509e1a,J&J's,0,6,1,0,,1
2026-09-23,rome,termini,b54abd6a-6876-417c-83d9-b252da710097,J&J's,100,3,9,9,9.0,9
2026-09-24,rome,termini,b54abd6a-6876-417c-83d9-b252da710097,J&J's,100,9,9,8,9.0,9
2026-09-25,rome,termini,b54abd6a-6876-417c-83d9-b252da710097,J&J's,100,6,8,8,8.0,9
2026-09-23,rome,torre-spaccata,b64503e4-9546-4507-a65d-2cc7bc116af6,J&J's,0,3,0,0,,0
2026-09-24,rome,torre-spaccata,b64503e4-9546-4507-a65d-2cc7bc116af6,J&J's,0,9,0,0,,0
2026-09-25,rome,torre-spaccata,b64503e4-9546-4507-a65d-2cc7bc116af6,J&J's,0,6,0,0,,0
2026-09-23,rome,fiumicino,b68d35d8-7cab-4595-9ef5-1d3a236b3336,J&J's,0,3,12,12,,12
2026-09-24,rome,fiumicino,b68d35d8-7cab-4595-9ef5-1d3a236b3336,J&J's,0,9,12,12,,12
2026-09-25,rome,fiumicino,b68d35d8-7cab-4595-9ef5-1d3a236b3336,J&J's,0,6,12,12,,12
2026-09-23,rome,navona,b6dc615f-ded4-4804-ae5b-6c8feb127e52,J&J's,0,3,3,3,,3
2026-09-24,rome,navona,b6dc615f-ded4-4804-ae5b-6c8feb127e52,J&J's,0,9,5,4,,5
2026-09-25,rome,navona,b6dc615f-ded4-4804-ae5b-6c8feb127e52,J&J's,0,6,4,4,,4
2026-09-23,rome,san-cesareo,b75c18e6-7c1c-4439-a4ad-8956f9922e35,J&J's,0,3,0,0,,0
2026-09-24,rome,san-cesareo,b75c18e6-7c1c-4439-a4ad-8956f9922e35,J&J's,0,9,0,0,,0
2026-09-25,rome,san-cesareo,b75c18e6-7c1c-4439-a4ad-8956f9922e35,J&J's,0,6,0,0,,0
2026-09-23,rome,pantheon,b7ec1f4d-b2cf-40de-ae2c-223f493ae443,J&J's,18,3,1,1,5.6,1
2026-09-24,rome,pantheon,b7ec1f4d-b2cf-40de-ae2c-223f493ae443,J&J's,18,9,1,1,5.6,1
2026-09-25,rome,pantheon,b7ec1f4d-b2cf-40de-ae2c-223f493ae443,J&J's,18,6,1,0,5.6,1
2026-09-23,rome,s-pietro,b83f3d49-1ba6-4257-b356-88cdb08febe8,J&J's,0,3,9,9,,9
2026-09-24,rome,s-pietro,b83f3d49-1ba6-4257-b356-88cdb08febe8,J&J's,0,9,9,9,,10
2026-09-25,rome,s-pietro,b83f3d49-1ba6-4257-b356-88cdb08febe8,J&J's,0,6,10,9,,10
2026-09-23,rome,termini,b859c47f-ed7f-4dc4-8fc1-aa9924e00f60,J&J's,10,3,0,0,0.0,0
2026-09-24,rome,termini,b859c47f-ed7f-4dc4-8fc1-aa9924e00f60,J&J's,10,9,1,1,10.0,1
2026-09-25,rome,termini,b859c47f-ed7f-4dc4-8fc1-aa9924e00f60,J&J's,10,6,1,1,10.0,1
2026-09-23,rome,montelanico,b88831da-b0bb-475a-9423-0b35540556f1,J&J's,0,3,0,0,,0
2026-09-24,rome,montelanico,b88831da-b0bb-475a-9423-0b35540556f1,J&J's,0,9,0,0,,0
2026-09-25,rome,montelanico,b88831da-b0bb-475a-9423-0b35540556f1,J&J's,0,6,0,0,,0
2026-09-23,rome,cerenova-costantica,b8b6e787-8ed4-4593-a073-d3baf1ef68da,J&J's,10,3,0,0,0.0,0
2026-09-24,rome,cerenova-costantica,b8b6e787-8ed4-4593-a073-d3baf1ef68da,J&J's,10,9,0,0,0.0,0
2026-09-25,rome,cerenova-costantica,b8b6e787-8ed4-4593-a073-d3baf1ef68da,J&J's,10,6,0,0,0.0,0
2026-09-23,rome,termini,ba9b7c2e-bc62-46a8-b717-c0fd9e2b82a0,J&J's,40,3,19,18,47.5,19
2026-09-24,rome,termini,ba9b7c2e-bc62-46a8-b717-c0fd9e2b82a0,J&J's,40,9,18,13,45.0,18
2026-09-25,rome,termini,ba9b7c2e-bc62-46a8-b717-c0fd9e2b82a0,J&J's,40,6,13,11,32.5,13
2026-09-23,rome,roman-forum,baff0295-c52a-4fe8-b35f-e341723d04f7,J&J's,0,3,5,5,,5
2026-09-24,rome,roman-forum,baff0295-c52a-4fe8-b35f-e341723d04f7,J&J's,0,9,7,7,,7
2026-09-25,rome,roman-forum,baff0295-c52a-4fe8-b35f-e341723d04f7,J&J's,0,6,7,6,,7
2026-09-23,rome,furio-camillo,bb546d8f-ead8-4a5f-9ce1-4dea2e8ccd63,J&J's,0,3,0,0,,0
2026-09-24,rome,furio-camillo,bb546d8f-ead8-4a5f-9ce1-4dea2e8ccd63,J&J's,0,9,0,0,,0
2026-09-25,rome,furio-camillo,bb546d8f-ead8-4a5f-9ce1-4dea2e8ccd63,J&J's,0,6,0,0,,0
2026-09-23,rome,palestrina,bbf048d9-2f7a-4f2d-bc2e-38dda2114d53,J&J's,0,3,0,0,,0
2026-09-24,rome,palestrina,bbf048d9-2f7a-4f2d-bc2e-38dda2114d53,J&J's,0,9,0,0,,0
2026-09-25,rome,palestrina,bbf048d9-2f7a-4f2d-bc2e-38dda2114d53,J&J's,0,6,0,0,,0
2026-09-23,rome,mezzocammino,bd028a8b-5ec0-4b5f-8da9-d6e129aeb01d,J&J's,0,3,0,0,,0
2026-09-24,rome,mezzocammino,bd028a8b-5ec0-4b5f-8da9-d6e129aeb01d,J&J's,0,9,0,0,,0
2026-09-25,rome,mezzocammino,bd028a8b-5ec0-4b5f-8da9-d6e129aeb01d,J&J's,0,6,0,0,,0
2026-09-23,rome,pantheon,bd9aa866-a86d-4ec2-9e9b-8b44ca089788,J&J's,0,3,19,19,,19
2026-09-24,rome,pantheon,bd9aa866-a86d-4ec2-9e9b-8b44ca089788,J&J's,0,9,20,18,,20
2026-09-25,rome,pantheon,bd9aa866-a86d-4ec2-9e9b-8b44ca089788,J&J's,0,6,19,19,,19
2026-09-23,rome,trevi,bdcc0628-11cd-47b2-b020-f94afbd54dc5,J&J's,0,3,0,0,,0
2026-09-24,rome,trevi,bdcc0628-11cd-47b2-b020-f94afbd54dc5,J&J's,0,9,1,1,,1
2026-09-25,rome,trevi,bdcc0628-11cd-47b2-b020-f94afbd54dc5,J&J's,0,6,1,1,,1
2026-09-23,rome,pantheon,bdffc689-6ea3-419d-8513-d052969dfefd,J&J's,0,3,36,36,,36
2026-09-24,rome,pantheon,bdffc689-6ea3-419d-8513-d052969dfefd,J&J's,0,9,40,40,,40
2026-09-25,rome,pantheon,bdffc689-6ea3-419d-8513-d052969dfefd,J&J's,0,6,48,44,,48
2026-09-23,rome,giustiniana,be5fb4f0-29d8-4cf0-b7b2-b454524e7d72,J&J's,0,3,0,0,,0
2026-09-24,rome,giustiniana,be5fb4f0-29d8-4cf0-b7b2-b454524e7d72,J&J's,0,9,0,0,,0
2026-09-25,rome,giustiniana,be5fb4f0-29d8-4cf0-b7b2-b454524e7d72,J&J's,0,6,0,0,,0
2026-09-23,rome,municipio-roma-xiii,bf24e378-2796-48ee-8648-9a80d330f809,J&J's,0,3,0,0,,0
2026-09-24,rome,municipio-roma-xiii,bf24e378-2796-48ee-8648-9a80d330f809,J&J's,0,9,0,0,,0
2026-09-25,rome,municipio-roma-xiii,bf24e378-2796-48ee-8648-9a80d330f809,J&J's,0,6,0,0,,0
2026-09-23,rome,villa-certosa,bf3873e3-988d-41f5-bb74-1d78158d554d,J&J's,0,3,0,0,,0
2026-09-24,rome,villa-certosa,bf3873e3-988d-41f5-bb74-1d78158d554d,J&J's,0,9,1,1,,1
2026-09-25,rome,villa-certosa,bf3873e3-988d-41f5-bb74-1d78158d554d,J&J's,0,6,1,1,,1
2026-09-23,rome,pantheon,c0239c58-47e6-48f8-8e51-95bea7693490,J&J's,0,3,16,16,,16
2026-09-24,rome,pantheon,c0239c58-47e6-48f8-8e51-95bea7693490,J&J's,0,9,18,18,,18
2026-09-25,rome,pantheon,c0239c58-47e6-48f8-8e51-95bea7693490,J&J's,0,6,18,17,,18
2026-09-23,rome,cecchina,c3605c00-d4d4-454b-8ac1-5bc64307aefd,J&J's,0,3,1,1,,1
2026-09-24,rome,cecchina,c3605c00-d4d4-454b-8ac1-5bc64307aefd,J&J's,0,9,1,0,,1
2026-09-25,rome,cecchina,c3605c00-d4d4-454b-8ac1-5bc64307aefd,J&J's,0,6,0,0,,0
2026-09-23,rome,trastevere,c3b658bf-42fb-44c8-b875-6c6edf12c2b2,J&J's,0,3,24,24,,24
2026-09-24,rome,trastevere,c3b658bf-42fb-44c8-b875-6c6edf12c2b2,J&J's,0,9,26,25,,27
2026-09-25,rome,trastevere,c3b658bf-42fb-44c8-b875-6c6edf12c2b2,J&J's,0,6,27,27,,27
2026-09-23,rome,san-lorenzo,c3ce8b54-7ad9-41ed-97b8-ccf656b08d59,J&J's,0,3,2,2,,2
2026-09-24,rome,san-lorenzo,c3ce8b54-7ad9-41ed-97b8-ccf656b08d59,J&J's,0,9,4,4,,4
2026-09-25,rome,san-lorenzo,c3ce8b54-7ad9-41ed-97b8-ccf656b08d59,J&J's,0,6,4,4,,4
2026-09-23,rome,fiera-di-roma,c457d602-1239-4431-bbae-0cdd28e5b2b3,J&J's,0,3,2,2,,2
2026-09-24,rome,fiera-di-roma,c457d602-1239-4431-bbae-0cdd28e5b2b3,J&J's,0,9,2,1,,2
2026-09-25,rome,fiera-di-roma,c457d602-1239-4431-bbae-0cdd28e5b2b3,J&J's,0,6,1,1,,1
2026-09-23,rome,casalotti,c4866738-1d0b-478c-a804-68ff9c989e16,J&J's,0,3,0,0,,0
2026-09-24,rome,casalotti,c4866738-1d0b-478c-a804-68ff9c989e16,J&J's,0,9,0,0,,0
2026-09-25,rome,casalotti,c4866738-1d0b-478c-a804-68ff9c989e16,J&J's,0,6,0,0,,0
2026-09-23,rome,paterno,c4a3c7fc-3663-4336-8690-55cb28fe473f,J&J's,0,3,0,0,,0
2026-09-24,rome,paterno,c4a3c7fc-3663-4336-8690-55cb28fe473f,J&J's,0,9,0,0,,0
2026-09-25,rome,paterno,c4a3c7fc-3663-4336-8690-55cb28fe473f,J&J's,0,6,0,0,,0
2026-09-23,rome,lepanto,c4cdec7a-6352-4b5c-adbd-43a511678ba3,J&J's,0,3,53,53,,53
2026-09-24,rome,lepanto,c4cdec7a-6352-4b5c-adbd-43a511678ba3,J&J's,0,9,67,67,,67
2026-09-25,rome,lepanto,c4cdec7a-6352-4b5c-adbd-43a511678ba3,J&J's,0,6,69,69,,70
2026-09-23,rome,quartiere-xii-gianicolense,c50b42e1-02a7-497a-8d76-002975820e5a,J&J's,0,3,2,2,,2
2026-09-24,rome,quartiere-xii-gianicolense,c50b42e1-02a7-497a-8d76-002975820e5a,J&J's,0,9,2,2,,2
2026-09-25,rome,quartiere-xii-gianicolense,c50b42e1-02a7-497a-8d76-002975820e5a,J&J's,0,6,2,1,,2
2026-09-23,rome,aprilia,c5176915-97a3-423a-9884-fe1063b643ad,J&J's,0,3,0,0,,0
2026-09-24,rome,aprilia,c5176915-97a3-423a-9884-fe1063b643ad,J&J's,0,9,0,0,,0
2026-09-25,rome,aprilia,c5176915-97a3-423a-9884-fe1063b643ad,J&J's,0,6,0,0,,0
2026-09-23,rome,termini,c5ba6aee-bf56-4a8c-91bf-f72e01ff6a2a,J&J's,0,3,0,0,,0
2026-09-24,rome,termini,c5ba6aee-bf56-4a8c-91bf-f72e01ff6a2a,J&J's,0,9,0,0,,0
2026-09-25,rome,termini,c5ba6aee-bf56-4a8c-91bf-f72e01ff6a2a,J&J's,0,6,0,0,,0
2026-09-23,rome,pantheon,c6a24103-cb04-4951-80f9-2f5d40e2fdf5,J&J's,0,3,2,2,,2
2026-09-24,rome,pantheon,c6a24103-cb04-4951-80f9-2f5d40e2fdf5,J&J's,0,9,2,1,,2
2026-09-25,rome,pantheon,c6a24103-cb04-4951-80f9-2f5d40e2fdf5,J&J's,0,6,1,1,,1
2026-09-23,rome,pantheon,c6bbe2c2-6f74-4138-9d49-2cfa8b872899,J&J's,0,3,14,14,,14
2026-09-24,rome,pantheon,c6bbe2c2-6f74-4138-9d49-2cfa8b872899,J&J's,0,9,14,14,,14
2026-09-25,rome,pantheon,c6bbe2c2-6f74-4138-9d49-2cfa8b872899,J&J's,0,6,14,12,,14
2026-09-23,rome,primavalle,c6ec3a28-85c2-4569-804b-9a3f6e347438,J&J's,0,3,0,0,,0
2026-09-24,rome,primavalle,c6ec3a28-85c2-4569-804b-9a3f6e347438,J&J's,0,9,0,0,,0
2026-09-25,rome,primavalle,c6ec3a28-85c2-4569-804b-9a3f6e347438,J&J's,0,6,0,0,,0
2026-09-23,rome,tre-pini,c79db078-f25b-4a8a-aed2-db9b8de0f73f,J&J's,0,3,0,0,,0
2026-09-24,rome,tre-pini,c79db078-f25b-4a8a-aed2-db9b8de0f73f,J&J's,0,9,0,0,,0
2026-09-25,rome,tre-pini,c79db078-f25b-4a8a-aed2-db9b8de0f73f,J&J's,0,6,0,0,,0
2026-09-23,rome,tor-lupara,c95aa3c2-8af9-4363-8d9a-01bf2d64c668,J&J's,0,3,0,0,,0
2026-09-24,rome,tor-lupara,c95aa3c2-8af9-4363-8d9a-01bf2d64c668,J&J's,0,9,0,0,,0
2026-09-25,rome,tor-lupara,c95aa3c2-8af9-4363-8d9a-01bf2d64c668,J&J's,0,6,0,0,,0
2026-09-23,rome,roma-vatican-museums,c98e3d9e-e375-4d3f-b055-48fcc34f4583,J&J's,20,3,8,8,40.0,8
2026-09-24,rome,roma-vatican-museums,c98e3d9e-e375-4d3f-b055-48fcc34f4583,J&J's,20,9,11,10,55.0,11
2026-09-25,rome,roma-vatican-museums,c98e3d9e-e375-4d3f-b055-48fcc34f4583,J&J's,20,6,11,10,55.0,11
2026-09-23,rome,san-lorenzo,ca441517-e448-43e6-ba33-1389c12e8605,J&J's,0,3,1,1,,1
2026-09-24,rome,san-lorenzo,ca441517-e448-43e6-ba33-1389c12e8605,J&J's,0,9,1,1,,1
2026-09-25,rome,san-lorenzo,ca441517-e448-43e6-ba33-1389c12e8605,J&J's,0,6,1,1,,1
2026-09-23,rome,roma-vatican-museums,cb5b0a9a-e935-4e73-9ae6-7459923f5125,J&J's,0,3,21,21,,21
2026-09-24,rome,roma-vatican-museums,cb5b0a9a-e935-4e73-9ae6-7459923f5125,J&J's,0,9,24,22,,24
2026-09-25,rome,roma-vatican-museums,cb5b0a9a-e935-4e73-9ae6-7459923f5125,J&J's,0,6,23,22,,23
2026-09-23,rome,nomentana,cb784850-1f0f-4b36-8f17-e6f6ad4ad4f2,J&J's,0,3,0,0,,0
2026-09-24,rome,nomentana,cb784850-1f0f-4b36-8f17-e6f6ad4ad4f2,J&J's,0,9,0,0,,0
2026-09-25,rome,nomentana,cb784850-1f0f-4b36-8f17-e6f6ad4ad4f2,J&J's,0,6,0,0,,0
2026-09-23,rome,setteville,cba28019-1e48-498b-874d-ec3d15fea290,J&J's,0,3,0,0,,0
2026-09-24,rome,setteville,cba28019-1e48-498b-874d-ec3d15fea290,J&J's,0,9,0,0,,0
2026-09-25,rome,setteville,cba28019-1e48-498b-874d-ec3d15fea290,J&J's,0,6,0,0,,0
2026-09-23,rome,navona,cbd48991-6de8-43a5-afd5-3d4f55700547,J&J's,25,3,25,25,100.0,25
2026-09-24,rome,navona,cbd48991-6de8-43a5-afd5-3d4f55700547,J&J's,25,9,26,24,104.0,26
2026-09-25,rome,navona,cbd48991-6de8-43a5-afd5-3d4f55700547,J&J's,25,6,26,26,104.0,26
2026-09-23,rome,capannelle,cd1657b8-34ff-44f9-a150-66de39b2d359,J&J's,20,3,0,0,0.0,0
2026-09-24,rome,capannelle,cd1657b8-34ff-44f9-a150-66de39b2d359,J&J's,20,9,0,0,0.0,0
2026-09-25,rome,capannelle,cd1657b8-34ff-44f9-a150-66de39b2d359,J&J's,20,6,0,0,0.0,0
2026-09-23,rome,repubblica,cdb9b5a7-fb1b-4b4a-88ca-4c82617a92bb,J&J's,100,3,1,1,1.0,1
2026-09-24,rome,repubblica,cdb9b5a7-fb1b-4b4a-88ca-4c82617a92bb,J&J's,100,9,1,1,1.0,1
2026-09-25,rome,repubblica,cdb9b5a7-fb1b-4b4a-88ca-4c82617a92bb,J&J's,100,6,1,0,1.0,1
2026-09-23,rome,europa,cf38cd86-0da8-401d-ba3f-37b4e0118de1,J&J's,0,3,0,0,,0
2026-09-24,rome,europa,cf38cd86-0da8-401d-ba3f-37b4e0118de1,J&J's,0,9,0,0,,0
2026-09-25,rome,europa,cf38cd86-0da8-401d-ba3f-37b4e0118de1,J&J's,0,6,0,0,,0
2026-09-23,rome,ottaviano,cfb0e3e8-9342-4951-b139-2a9a80a0c669,J&J's,0,3,1,1,,1
2026-09-24,rome,ottaviano,cfb0e3e8-9342-4951-b139-2a9a80a0c669,J&J's,0,9,1,1,,1
2026-09-25,rome,ottaviano,cfb0e3e8-9342-4951-b139-2a9a80a0c669,J&J's,0,6,2,2,,2
2026-09-23,rome,tiburtina,cfbe9390-0708-4b33-98ee-1ee9994c0845,J&J's,0,3,0,0,,0
2026-09-24,rome,tiburtina,cfbe9390-0708-4b33-98ee-1ee9994c0845,J&J's,0,9,0,0,,0
2026-09-25,rome,tiburtina,cfbe9390-0708-4b33-98ee-1ee9994c0845,J&J's,0,6,0,0,,0
2026-09-23,rome,garbatella,cfccf44b-bb66-456e-9de6-9363828d7fec,J&J's,0,3,0,0,,0
2026-09-24,rome,garbatella,cfccf44b-bb66-456e-9de6-9363828d7fec,J&J's,0,9,0,0,,0
2026-09-25,rome,garbatella,cfccf44b-bb66-456e-9de6-9363828d7fec,J&J's,0,6,0,0,,0
2026-09-23,rome,termini,d0fcae55-7f25-4c3a-bc79-28a7434c90b8,J&J's,0,3,0,0,,0
2026-09-24,rome,termini,d0fcae55-7f25-4c3a-bc79-28a7434c90b8,J&J's,0,9,0,0,,0
2026-09-25,rome,termini,d0fcae55-7f25-4c3a-bc79-28a7434c90b8,J&J's,0,6,0,0,,0
2026-09-23,rome,tor-marancia,d12f1a4c-6b64-4912-8b6a-ce75bdfc783a,J&J's,0,3,1,1,,1
2026-09-24,rome,tor-marancia,d12f1a4c-6b64-4912-8b6a-ce75bdfc783a,J&J's,0,9,1,1,,1
2026-09-25,rome,tor-marancia,d12f1a4c-6b64-4912-8b6a-ce75bdfc783a,J&J's,0,6,1,1,,1
2026-09-23,rome,nomentana,d1653410-f0e4-4772-968c-b16f856afd2d,J&J's,0,3,1,1,,1
2026-09-24,rome,nomentana,d1653410-f0e4-4772-968c-b16f856afd2d,J&J's,0,9,1,1,,1
2026-09-25,rome,nomentana,d1653410-f0e4-4772-968c-b16f856afd2d,J&J's,0,6,1,1,,1
2026-09-23,rome,prati,d16d3201-9c2e-4f54-95b9-9e15d8d75572,J&J's,0,3,6,6,,6
2026-09-24,rome,prati,d16d3201-9c2e-4f54-95b9-9e15d8d75572,J&J's,0,9,6,6,,6
2026-09-25,rome,prati,d16d3201-9c2e-4f54-95b9-9e15d8d75572,J&J's,0,6,6,6,,6
2026-09-23,rome,porta-pinciana,d1eb8b67-391b-48e8-98a3-d8a03d72bab2,J&J's,20,3,9,8,45.0,9
2026-09-24,rome,porta-pinciana,d1eb8b67-391b-48e8-98a3-d8a03d72bab2,J&J's,20,9,8,5,40.0,8
2026-09-25,rome,porta-pinciana,d1eb8b67-391b-48e8-98a3-d8a03d72bab2,J&J's,20,6,5,4,25.0,5
2026-09-23,rome,vatican,d274acd1-830b-420b-8801-a31b90a35ce7,J&J's,0,3,2,2,,2
2026-09-24,rome,vatican,d274acd1-830b-420b-8801-a31b90a35ce7,J&J's,0,9,2,2,,2
2026-09-25,rome,vatican,d274acd1-830b-420b-8801-a31b90a35ce7,J&J's,0,6,2,2,,2
2026-09-23,rome,pantheon,d47c18d6-d8b4-4203-8a83-78eeb18f91a9,J&J's,0,3,1,1,,1
2026-09-24,rome,pantheon,d47c18d6-d8b4-4203-8a83-78eeb18f91a9,J&J's,0,9,1,1,,1
2026-09-25,rome,pantheon,d47c18d6-d8b4-4203-8a83-78eeb18f91a9,J&J's,0,6,1,1,,1
2026-09-23,rome,municipio-roma-vi,d5883087-1f87-4820-a3e5-7c428361dfbd,J&J's,0,3,0,0,,0
2026-09-24,rome,municipio-roma-vi,d5883087-1f87-4820-a3e5-7c428361dfbd,J&J's,0,9,0,0,,0
2026-09-25,rome,municipio-roma-vi,d5883087-1f87-4820-a3e5-7c428361dfbd,J&J's,0,6,0,0,,0
2026-09-23,rome,municipio-roma-ix,d58f3833-81c3-4fa4-83aa-c62cc1ccda89,J&J's,0,3,0,0,,0
2026-09-24,rome,municipio-roma-ix,d58f3833-81c3-4fa4-83aa-c62cc1ccda89,J&J's,0,9,0,0,,0
2026-09-25,rome,municipio-roma-ix,d58f3833-81c3-4fa4-83aa-c62cc1ccda89,J&J's,0,6,0,0,,0
2026-09-23,rome,ostia-1,d6e25d65-fa9d-4f06-88cb-fe7faacb4387,J&J's,0,3,0,0,,0
2026-09-24,rome,ostia-1,d6e25d65-fa9d-4f06-88cb-fe7faacb4387,J&J's,0,9,0,0,,0
2026-09-25,rome,ostia-1,d6e25d65-fa9d-4f06-88cb-fe7faacb4387,J&J's,0,6,0,0,,0
2026-09-23,rome,tiburtina,d7e11044-fd0b-4260-bb6a-cd4c5d42ccf6,J&J's,0,3,0,0,,0
2026-09-24,rome,tiburtina,d7e11044-fd0b-4260-bb6a-cd4c5d42ccf6,J&J's,0,9,0,0,,0
2026-09-25,rome,tiburtina,d7e11044-fd0b-4260-bb6a-cd4c5d42ccf6,J&J's,0,6,0,0,,0
2026-09-23,rome,palestrina,d843d5b7-93a5-4523-9839-3d6e2b040f4c,J&J's,0,3,0,0,,0
2026-09-24,rome,palestrina,d843d5b7-93a5-4523-9839-3d6e2b040f4c,J&J's,0,9,0,0,,0
2026-09-25,rome,palestrina,d843d5b7-93a5-4523-9839-3d6e2b040f4c,J&J's,0,6,0,0,,0
2026-09-23,rome,baldo-degli-ubaldi-station,d864ef5f-dc99-4505-844f-f5341d4f7f42,J&J's,0,3,3,3,,3
2026-09-24,rome,baldo-degli-ubaldi-station,d864ef5f-dc99-4505-844f-f5341d4f7f42,J&J's,0,9,3,3,,3
2026-09-25,rome,baldo-degli-ubaldi-station,d864ef5f-dc99-4505-844f-f5341d4f7f42,J&J's,0,6,3,3,,3
2026-09-23,rome,piazza-del-popolo,d8dd8470-3c2f-4d9b-89b0-4c27c9771152,J&J's,500,3,25,25,5.0,25
2026-09-24,rome,piazza-del-popolo,d8dd8470-3c2f-4d9b-89b0-4c27c9771152,J&J's,500,9,26,26,5.2,26
2026-09-25,rome,piazza-del-popolo,d8dd8470-3c2f-4d9b-89b0-4c27c9771152,J&J's,500,6,27,27,5.4,27
2026-09-23,rome,velletri,d92521e9-d4ea-4250-9fc0-9d75178d012d,J&J's,0,3,0,0,,0
2026-09-24,rome,velletri,d92521e9-d4ea-4250-9fc0-9d75178d012d,J&J's,0,9,0,0,,0
2026-09-25,rome,velletri,d92521e9-d4ea-4250-9fc0-9d75178d012d,J&J's,0,6,0,0,,0
2026-09-23,rome,rione-ix-pigna,d99d88be-4c68-4265-9ee1-1c4e359552ce,J&J's,0,3,34,34,,34
2026-09-24,rome,rione-ix-pigna,d99d88be-4c68-4265-9ee1-1c4e359552ce,J&J's,0,9,36,36,,36
2026-09-25,rome,rione-ix-pigna,d99d88be-4c68-4265-9ee1-1c4e359552ce,J&J's,0,6,36,32,,36
2026-09-23,rome,casalotti,d9a41446-8bc3-4b7b-b544-c8e9dfdad99d,J&J's,0,3,0,0,,0
2026-09-24,rome,casalotti,d9a41446-8bc3-4b7b-b544-c8e9dfdad99d,J&J's,0,9,0,0,,0
2026-09-25,rome,casalotti,d9a41446-8bc3-4b7b-b544-c8e9dfdad99d,J&J's,0,6,0,0,,0
2026-09-23,rome,municipio-roma-vi,d9ba7295-ddba-4297-8798-323b001a86cc,J&J's,0,3,0,0,,0
2026-09-24,rome,municipio-roma-vi,d9ba7295-ddba-4297-8798-323b001a86cc,J&J's,0,9,0,0,,0
2026-09-25,rome,municipio-roma-vi,d9ba7295-ddba-4297-8798-323b001a86cc,J&J's,0,6,0,0,,0
2026-09-23,rome,tufello,da5afd61-8423-4b65-a48b-3671bd9c03ee,J&J's,0,3,1,1,,1
2026-09-24,rome,tufello,da5afd61-8423-4b65-a48b-3671bd9c03ee,J&J's,0,9,1,1,,1
2026-09-25,rome,tufello,da5afd61-8423-4b65-a48b-3671bd9c03ee,J&J's,0,6,1,1,,1
2026-09-23,rome,trastevere,da8415d9-3589-4e63-944f-7c456119d760,J&J's,0,3,2,2,,2
2026-09-24,rome,trastevere,da8415d9-3589-4e63-944f-7c456119d760,J&J's,0,9,2,2,,2
2026-09-25,rome,trastevere,da8415d9-3589-4e63-944f-7c456119d760,J&J's,0,6,3,3,,3
2026-09-23,rome,piazza-venezia,db209203-5182-48a5-97bf-a5f322b4de16,J&J's,0,3,8,8,,8
2026-09-24,rome,piazza-venezia,db209203-5182-48a5-97bf-a5f322b4de16,J&J's,0,9,9,9,,9
2026-09-25,rome,piazza-venezia,db209203-5182-48a5-97bf-a5f322b4de16,J&J's,0,6,10,10,,10
2026-09-23,rome,aprilia,dbe33a9f-7ea5-470b-afb5-b5e2f15c1118,J&J's,0,3,0,0,,0
2026-09-24,rome,aprilia,dbe33a9f-7ea5-470b-afb5-b5e2f15c1118,J&J's,0,9,0,0,,0
2026-09-25,rome,aprilia,dbe33a9f-7ea5-470b-afb5-b5e2f15c1118,J&J's,0,6,0,0,,0
2026-09-23,rome,zagarolo,dd100e7f-56c4-4730-a882-ef1492e52f7d,J&J's,0,3,0,0,,0
2026-09-24,rome,zagarolo,dd100e7f-56c4-4730-a882-ef1492e52f7d,J&J's,0,9,0,0,,0
2026-09-25,rome,zagarolo,dd100e7f-56c4-4730-a882-ef1492e52f7d,J&J's,0,6,0,0,,0
2026-09-23,rome,colosseum,dd6b3e71-cb80-4287-aaca-bce58b4f1512,J&J's,0,3,4,4,,4
2026-09-24,rome,colosseum,dd6b3e71-cb80-4287-aaca-bce58b4f1512,J&J's,0,9,4,4,,5
2026-09-25,rome,colosseum,dd6b3e71-cb80-4287-aaca-bce58b4f1512,J&J's,0,6,7,7,,7
2026-09-23,rome,esquilino,de6f40cd-a095-4e00-8187-46a43b89853e,J&J's,0,3,3,3,,3
2026-09-24,rome,esquilino,de6f40cd-a095-4e00-8187-46a43b89853e,J&J's,0,9,3,2,,3
2026-09-25,rome,esquilino,de6f40cd-a095-4e00-8187-46a43b89853e,J&J's,0,6,2,2,,2
2026-09-23,rome,baldo-degli-ubaldi-station,df668f34-54f2-4334-90ae-d3f237435787,J&J's,0,3,1,1,,1
2026-09-24,rome,baldo-degli-ubaldi-station,df668f34-54f2-4334-90ae-d3f237435787,J&J's,0,9,1,1,,1
2026-09-25,rome,baldo-degli-ubaldi-station,df668f34-54f2-4334-90ae-d3f237435787,J&J's,0,6,1,0,,1
2026-09-23,rome,flaminio,df7af6ad-f383-436b-9fef-9e66f27f57a4,J&J's,100,3,0,0,0.0,0
2026-09-24,rome,flaminio,df7af6ad-f383-436b-9fef-9e66f27f57a4,J&J's,100,9,0,0,0.0,0
2026-09-25,rome,flaminio,df7af6ad-f383-436b-9fef-9e66f27f57a4,J&J's,100,6,0,0,0.0,0
2026-09-23,rome,trastevere,df812163-15bb-4a4a-bed1-b4b7b5001665,J&J's,0,3,0,0,,0
2026-09-24,rome,trastevere,df812163-15bb-4a4a-bed1-b4b7b5001665,J&J's,0,9,0,0,,0
2026-09-25,rome,trastevere,df812163-15bb-4a4a-bed1-b4b7b5001665,J&J's,0,6,0,0,,0
2026-09-23,rome,roman-forum,df9b37ff-f532-426b-8bb0-f5cc39e4bb9c,J&J's,100,3,14,13,14.0,14
2026-09-24,rome,roman-forum,df9b37ff-f532-426b-8bb0-f5cc39e4bb9c,J&J's,100,9,13,12,13.0,13
2026-09-25,rome,roman-forum,df9b37ff-f532-426b-8bb0-f5cc39e4bb9c,J&J's,100,6,13,13,13.0,13
2026-09-23,rome,marina-piccola,e0ea09da-6fb7-4b71-a208-1a7b00e58048,J&J's,0,3,0,0,,0
2026-09-24,rome,marina-piccola,e0ea09da-6fb7-4b71-a208-1a7b00e58048,J&J's,0,9,0,0,,0
2026-09-25,rome,marina-piccola,e0ea09da-6fb7-4b71-a208-1a7b00e58048,J&J's,0,6,0,0,,0
2026-09-23,rome,pantheon,e1957bf0-3dc6-4330-a74f-907569380089,J&J's,0,3,1,1,,1
2026-09-24,rome,pantheon,e1957bf0-3dc6-4330-a74f-907569380089,J&J's,0,9,1,1,,1
2026-09-25,rome,pantheon,e1957bf0-3dc6-4330-a74f-907569380089,J&J's,0,6,2,2,,2
2026-09-23,rome,trastevere,e2f9d7ae-5dfc-4f84-ab83-826a61600695,J&J's,0,3,4,4,,4
2026-09-24,rome,trastevere,e2f9d7ae-5dfc-4f84-ab83-826a61600695,J&J's,0,9,4,4,,4
2026-09-25,rome,trastevere,e2f9d7ae-5dfc-4f84-ab83-826a61600695,J&J's,0,6,5,5,,5
2026-09-23,rome,ciampino,e3098771-c367-4e4b-a546-b2334996f7a8,J&J's,0,3,2,2,,2
2026-09-24,rome,ciampino,e3098771-c367-4e4b-a546-b2334996f7a8,J&J's,0,9,4,4,,4
2026-09-25,rome,ciampino,e3098771-c367-4e4b-a546-b2334996f7a8,J&J's,0,6,4,4,,4
2026-09-23,rome,municipio-roma-v,e34f7d54-9432-4d74-9d51-37e018cf326f,J&J's,0,3,0,0,,0
2026-09-24,rome,municipio-roma-v,e34f7d54-9432-4d74-9d51-37e018cf326f,J&J's,0,9,0,0,,0
2026-09-25,rome,municipio-roma-v,e34f7d54-9432-4d74-9d51-37e018cf326f,J&J's,0,6,0,0,,0
2026-09-23,rome,vatican,e3691104-4dd1-4570-93cb-860488fbec82,J&J's,0,3,5,5,,5
2026-09-24,rome,vatican,e3691104-4dd1-4570-93cb-860488fbec82,J&J's,0,9,5,4,,5
2026-09-25,rome,vatican,e3691104-4dd1-4570-93cb-860488fbec82,J&J's,0,6,4,3,,4
2026-09-23,rome,furio-camillo,e38d9eea-0b66-4c0a-ae16-ec487c1469eb,J&J's,20,3,0,0,0.0,0
2026-09-24,rome,furio-camillo,e38d9eea-0b66-4c0a-ae16-ec487c1469eb,J&J's,20,9,1,1,5.0,1
2026-09-25,rome,furio-camillo,e38d9eea-0b66-4c0a-ae16-ec487c1469eb,J&J's,20,6,1,1,5.0,1
2026-09-23,rome,agosta,e407afe1-2a6b-49ba-866d-f3d41afaded1,J&J's,0,3,0,0,,0
2026-09-24,rome,agosta,e407afe1-2a6b-49ba-866d-f3d41afaded1,J&J's,0,9,0,0,,0
2026-09-25,rome,agosta,e407afe1-2a6b-49ba-866d-f3d41afaded1,J&J's,0,6,0,0,,0
2026-09-23,rome,labicana,e4cbcb01-b77a-4509-81be-93826b43bd52,J&J's,0,3,4,4,,4
2026-09-24,rome,labicana,e4cbcb01-b77a-4509-81be-93826b43bd52,J&J's,0,9,5,4,,5
2026-09-25,rome,labicana,e4cbcb01-b77a-4509-81be-93826b43bd52,J&J's,0,6,7,6,,7
2026-09-23,rome,ottaviano,e76b2647-7dfc-4e82-816a-5a7b6dbc4162,J&J's,0,3,0,0,,0
2026-09-24,rome,ottaviano,e76b2647-7dfc-4e82-816a-5a7b6dbc4162,J&J's,0,9,0,0,,0
2026-09-25,rome,ottaviano,e76b2647-7dfc-4e82-816a-5a7b6dbc4162,J&J's,0,6,0,0,,0
2026-09-23,rome,portuense,e79898cb-e290-41ae-8c51-0c16f90c4de7,J&J's,0,3,0,0,,0
2026-09-24,rome,portuense,e79898cb-e290-41ae-8c51-0c16f90c4de7,J&J's,0,9,0,0,,0
2026-09-25,rome,portuense,e79898cb-e290-41ae-8c51-0c16f90c4de7,J&J's,0,6,0,0,,0
2026-09-23,rome,termini,e99f0e8a-0abe-4b9f-a404-9a20a64280de,J&J's,30,3,2,2,6.7,2
2026-09-24,rome,termini,e99f0e8a-0abe-4b9f-a404-9a20a64280de,J&J's,30,9,3,2,10.0,3
2026-09-25,rome,termini,e99f0e8a-0abe-4b9f-a404-9a20a64280de,J&J's,30,6,2,2,6.7,2
2026-09-23,rome,santa-barbara,e9a4aecd-0971-4cc8-a034-86d6d05a3940,J&J's,0,3,1,1,,1
2026-09-24,rome,santa-barbara,e9a4aecd-0971-4cc8-a034-86d6d05a3940,J&J's,0,9,1,0,,1
2026-09-25,rome,santa-barbara,e9a4aecd-0971-4cc8-a034-86d6d05a3940,J&J's,0,6,0,0,,0
2026-09-23,rome,porta-s-paolo,e9a7432d-d406-4e94-93fb-ec140e240c17,J&J's,0,3,38,38,,38
2026-09-24,rome,porta-s-paolo,e9a7432d-d406-4e94-93fb-ec140e240c17,J&J's,0,9,44,43,,44
2026-09-25,rome,porta-s-paolo,e9a7432d-d406-4e94-93fb-ec140e240c17,J&J's,0,6,44,44,,44
2026-09-23,rome,roma-stadio-olimpico,e9e5bf94-960c-4515-9753-60d28fc2a3bb,J&J's,0,3,1,1,,1
2026-09-24,rome,roma-stadio-olimpico,e9e5bf94-960c-4515-9753-60d28fc2a3bb,J&J's,0,9,1,1,,1
2026-09-25,rome,roma-stadio-olimpico,e9e5bf94-960c-4515-9753-60d28fc2a3bb,J&J's,0,6,1,1,,1
2026-09-23,rome,castel-sant-angelo,ea560866-0393-45e0-aca0-b6606ea1f9c4,J&J's,10,3,12,12,120.0,12
2026-09-24,rome,castel-sant-angelo,ea560866-0393-45e0-aca0-b6606ea1f9c4,J&J's,10,9,12,11,120.0,12
2026-09-25,rome,castel-sant-angelo,ea560866-0393-45e0-aca0-b6606ea1f9c4,J&J's,10,6,13,13,130.0,13
2026-09-23,rome,quadraro,ea69f83d-05f1-481b-9126-b98206bf4968,J&J's,0,3,0,0,,0
2026-09-24,rome,quadraro,ea69f83d-05f1-481b-9126-b98206bf4968,J&J's,0,9,0,0,,0
2026-09-25,rome,quadraro,ea69f83d-05f1-481b-9126-b98206bf4968,J&J's,0,6,0,0,,0
2026-09-23,rome,vignarola,ebf04d10-b032-42fd-b76d-9be48c05c10b,J&J's,0,3,0,0,,0
2026-09-24,rome,vignarola,ebf04d10-b032-42fd-b76d-9be48c05c10b,J&J's,0,9,0,0,,0
2026-09-25,rome,vignarola,ebf04d10-b032-42fd-b76d-9be48c05c10b,J&J's,0,6,0,0,,0
2026-09-23,rome,area-produttiva,ed4af836-160e-418b-93a3-0354756014ac,J&J's,0,3,0,0,,0
2026-09-24,rome,area-produttiva,ed4af836-160e-418b-93a3-0354756014ac,J&J's,0,9,0,0,,0
2026-09-25,rome,area-produttiva,ed4af836-160e-418b-93a3-0354756014ac,J&J's,0,6,0,0,,0
2026-09-23,rome,colonna,ed59f99a-bd9e-4b8d-bd64-38ba86a6ce1e,J&J's,0,3,0,0,,0
2026-09-24,rome,colonna,ed59f99a-bd9e-4b8d-bd64-38ba86a6ce1e,J&J's,0,9,0,0,,0
2026-09-25,rome,colonna,ed59f99a-bd9e-4b8d-bd64-38ba86a6ce1e,J&J's,0,6,0,0,,0
2026-09-23,rome,quadraretto,ed82976d-17d4-4945-87c2-687ec0ef9cc2,J&J's,0,3,0,0,,0
2026-09-24,rome,quadraretto,ed82976d-17d4-4945-87c2-687ec0ef9cc2,J&J's,0,9,0,0,,0
2026-09-25,rome,quadraretto,ed82976d-17d4-4945-87c2-687ec0ef9cc2,J&J's,0,6,0,0,,0
2026-09-23,rome,pantheon,edb13df9-c589-4e4e-9bbb-fda87cb34438,J&J's,0,3,1,1,,1
2026-09-24,rome,pantheon,edb13df9-c589-4e4e-9bbb-fda87cb34438,J&J's,0,9,1,1,,1
2026-09-25,rome,pantheon,edb13df9-c589-4e4e-9bbb-fda87cb34438,J&J's,0,6,1,1,,1
2026-09-23,rome,colosseum,edc07dba-4cc4-454c-820b-2d82f43b560b,J&J's,0,3,17,17,,17
2026-09-24,rome,colosseum,edc07dba-4cc4-454c-820b-2d82f43b560b,J&J's,0,9,17,17,,18
2026-09-25,rome,colosseum,edc07dba-4cc4-454c-820b-2d82f43b560b,J&J's,0,6,17,15,,17
2026-09-23,rome,monte-sacro,eddedadd-4613-4a46-a3b7-3da4e1b8b8c7,J&J's,0,3,0,0,,0
2026-09-24,rome,monte-sacro,eddedadd-4613-4a46-a3b7-3da4e1b8b8c7,J&J's,0,9,0,0,,0
2026-09-25,rome,monte-sacro,eddedadd-4613-4a46-a3b7-3da4e1b8b8c7,J&J's,0,6,0,0,,0
2026-09-23,rome,centocelle,ee0b7e7f-49a8-4d12-a1cc-ab8bce4760e2,J&J's,0,3,0,0,,0
2026-09-24,rome,centocelle,ee0b7e7f-49a8-4d12-a1cc-ab8bce4760e2,J&J's,0,9,0,0,,0
2026-09-25,rome,centocelle,ee0b7e7f-49a8-4d12-a1cc-ab8bce4760e2,J&J's,0,6,0,0,,0
2026-09-23,rome,tufello,ee5dae8b-0f1c-4650-9302-a01efab25d14,J&J's,0,3,0,0,,0
2026-09-24,rome,tufello,ee5dae8b-0f1c-4650-9302-a01efab25d14,J&J's,0,9,0,0,,0
2026-09-25,rome,tufello,ee5dae8b-0f1c-4650-9302-a01efab25d14,J&J's,0,6,0,0,,0
2026-09-23,rome,termini,ee8dbffe-41ea-4116-829d-f9cc2dc3141c,J&J's,0,3,16,16,,16
2026-09-24,rome,termini,ee8dbffe-41ea-4116-829d-f9cc2dc3141c,J&J's,0,9,18,17,,18
2026-09-25,rome,termini,ee8dbffe-41ea-4116-829d-f9cc2dc3141c,J&J's,0,6,20,20,,20
2026-09-23,rome,ponte-mammolo,eefafa80-a6ee-4b5f-91fc-49f03c032f91,J&J's,0,3,0,0,,0
2026-09-24,rome,ponte-mammolo,eefafa80-a6ee-4b5f-91fc-49f03c032f91,J&J's,0,9,0,0,,0
2026-09-25,rome,ponte-mammolo,eefafa80-a6ee-4b5f-91fc-49f03c032f91,J&J's,0,6,0,0,,0
2026-09-23,rome,tiburtina,ef12673f-4faa-45bb-a0e5-18f0df3e0a7c,J&J's,70,3,45,44,64.3,45
2026-09-24,rome,tiburtina,ef12673f-4faa-45bb-a0e5-18f0df3e0a7c,J&J's,70,9,54,54,77.1,54
2026-09-25,rome,tiburtina,ef12673f-4faa-45bb-a0e5-18f0df3e0a7c,J&J's,70,6,59,59,84.3,59
2026-09-23,rome,municipio-roma-xii,ef8f956d-6ae9-4cef-8526-66ed54aec723,J&J's,0,3,0,0,,0
2026-09-24,rome,municipio-roma-xii,ef8f956d-6ae9-4cef-8526-66ed54aec723,J&J's,0,9,0,0,,0
2026-09-25,rome,municipio-roma-xii,ef8f956d-6ae9-4cef-8526-66ed54aec723,J&J's,0,6,0,0,,0
2026-09-23,rome,roma-vatican-museums,ef9a44ef-e445-4fd6-9f14-381528de3286,J&J's,0,3,0,0,,0
2026-09-24,rome,roma-vatican-museums,ef9a44ef-e445-4fd6-9f14-381528de3286,J&J's,0,9,0,0,,0
2026-09-25,rome,roma-vatican-museums,ef9a44ef-e445-4fd6-9f14-381528de3286,J&J's,0,6,0,0,,0
2026-09-23,rome,trevi,efc5bf68-e2b4-47f5-9c64-18e2953b1960,J&J's,0,3,6,6,,6
2026-09-24,rome,trevi,efc5bf68-e2b4-47f5-9c64-18e2953b1960,J&J's,0,9,6,6,,6
2026-09-25,rome,trevi,efc5bf68-e2b4-47f5-9c64-18e2953b1960,J&J's,0,6,6,6,,6
2026-09-23,rome,san-cesareo,efd079f9-f674-4dc1-b0c7-44784559e9e6,J&J's,0,3,0,0,,0
2026-09-24,rome,san-cesareo,efd079f9-f674-4dc1-b0c7-44784559e9e6,J&J's,0,9,0,0,,0
2026-09-25,rome,san-cesareo,efd079f9-f674-4dc1-b0c7-44784559e9e6,J&J's,0,6,0,0,,0
2026-09-23,rome,lido-di-ostia-levante,f09ff4ee-5ec2-485f-8b6a-555b628ac62f,J&J's,0,3,0,0,,0
2026-09-24,rome,lido-di-ostia-levante,f09ff4ee-5ec2-485f-8b6a-555b628ac62f,J&J's,0,9,0,0,,0
2026-09-25,rome,lido-di-ostia-levante,f09ff4ee-5ec2-485f-8b6a-555b628ac62f,J&J's,0,6,0,0,,0
2026-09-23,rome,navona,f1476a80-42ac-4daf-9620-100b37980299,J&J's,50,3,15,14,30.0,15
2026-09-24,rome,navona,f1476a80-42ac-4daf-9620-100b37980299,J&J's,50,9,14,13,28.0,14
2026-09-25,rome,navona,f1476a80-42ac-4daf-9620-100b37980299,J&J's,50,6,13,13,26.0,13
2026-09-23,rome,anagni,f1a56df4-0b41-4f6b-885c-06fe823bece6,J&J's,0,3,0,0,,0
2026-09-24,rome,anagni,f1a56df4-0b41-4f6b-885c-06fe823bece6,J&J's,0,9,0,0,,0
2026-09-25,rome,anagni,f1a56df4-0b41-4f6b-885c-06fe823bece6,J&J's,0,6,0,0,,0
2026-09-23,rome,ponte-mammolo,f253306f-b555-45cc-983a-7865aee913d0,J&J's,10,3,0,0,0.0,0
2026-09-24,rome,ponte-mammolo,f253306f-b555-45cc-983a-7865aee913d0,J&J's,10,9,0,0,0.0,0
2026-09-25,rome,ponte-mammolo,f253306f-b555-45cc-983a-7865aee913d0,J&J's,10,6,0,0,0.0,0
2026-09-23,rome,casalotti,f2af79e2-db95-403f-98f9-df971f62a29d,J&J's,0,3,0,0,,0
2026-09-24,rome,casalotti,f2af79e2-db95-403f-98f9-df971f62a29d,J&J's,0,9,0,0,,0
2026-09-25,rome,casalotti,f2af79e2-db95-403f-98f9-df971f62a29d,J&J's,0,6,0,0,,0
2026-09-23,rome,prenestino-centocelle,f2afc369-3276-4cc2-8430-71acbd136bd8,J&J's,0,3,1,1,,1
2026-09-24,rome,prenestino-centocelle,f2afc369-3276-4cc2-8430-71acbd136bd8,J&J's,0,9,1,1,,1
2026-09-25,rome,prenestino-centocelle,f2afc369-3276-4cc2-8430-71acbd136bd8,J&J's,0,6,1,1,,1
2026-09-23,rome,tor-marancia,f2dd5cbd-2855-4494-9c22-79199b1d9c19,J&J's,20,3,0,0,0.0,0
2026-09-24,rome,tor-marancia,f2dd5cbd-2855-4494-9c22-79199b1d9c19,J&J's,20,9,0,0,0.0,0
2026-09-25,rome,tor-marancia,f2dd5cbd-2855-4494-9c22-79199b1d9c19,J&J's,20,6,0,0,0.0,0
2026-09-23,rome,termini,f417d733-a07b-47b9-86bd-d49de2d0f747,J&J's,100,3,10,10,10.0,10
2026-09-24,rome,termini,f417d733-a07b-47b9-86bd-d49de2d0f747,J&J's,100,9,10,9,10.0,10
2026-09-25,rome,termini,f417d733-a07b-47b9-86bd-d49de2d0f747,J&J's,100,6,9,8,9.0,9
2026-09-23,rome,monte-porzio-catone,f4b0aae0-2998-4a5b-94d9-e0b21ec74ea6,J&J's,0,3,0,0,,0
2026-09-24,rome,monte-porzio-catone,f4b0aae0-2998-4a5b-94d9-e0b21ec74ea6,J&J's,0,9,0,0,,0
2026-09-25,rome,monte-porzio-catone,f4b0aae0-2998-4a5b-94d9-e0b21ec74ea6,J&J's,0,6,0,0,,0
2026-09-23,rome,piazza-di-san-pietro-in-vincoli,f5219943-c1de-4041-b870-341c759c78b7,J&J's,25,3,2,2,8.0,2
2026-09-24,rome,piazza-di-san-pietro-in-vincoli,f5219943-c1de-4041-b870-341c759c78b7,J&J's,25,9,2,2,8.0,2
2026-09-25,rome,piazza-di-san-pietro-in-vincoli,f5219943-c1de-4041-b870-341c759c78b7,J&J's,25,6,3,3,12.0,4
2026-09-23,rome,borgo-odescalchi,f5588a58-d577-4ed5-9de0-bf834ce12303,J&J's,0,3,0,0,,0
2026-09-24,rome,borgo-odescalchi,f5588a58-d577-4ed5-9de0-bf834ce12303,J&J's,0,9,0,0,,0
2026-09-25,rome,borgo-odescalchi,f5588a58-d577-4ed5-9de0-bf834ce12303,J&J's,0,6,0,0,,0
2026-09-23,rome,pinciano,f6ca0a26-ee6c-408f-8a09-8ec2ed0cbbd7,J&J's,0,3,1,1,,1
2026-09-24,rome,pinciano,f6ca0a26-ee6c-408f-8a09-8ec2ed0cbbd7,J&J's,0,9,1,1,,1
2026-09-25,rome,pinciano,f6ca0a26-ee6c-408f-8a09-8ec2ed0cbbd7,J&J's,0,6,1,1,,1
2026-09-23,rome,trevi,f72fb979-4a1a-4f93-a23e-a18530153af8,J&J's,0,3,17,17,,17
2026-09-24,rome,trevi,f72fb979-4a1a-4f93-a23e-a18530153af8,J&J's,0,9,17,17,,17
2026-09-25,rome,trevi,f72fb979-4a1a-4f93-a23e-a18530153af8,J&J's,0,6,16,16,,16
2026-09-23,rome,torre-maura,f7b8fd4a-05fa-4581-927b-9a6f61196a6e,J&J's,100,3,0,0,0.0,0
2026-09-24,rome,torre-maura,f7b8fd4a-05fa-4581-927b-9a6f61196a6e,J&J's,100,9,0,0,0.0,0
2026-09-25,rome,torre-maura,f7b8fd4a-05fa-4581-927b-9a6f61196a6e,J&J's,100,6,0,0,0.0,0
2026-09-23,rome,flaminio,f84dde51-7714-4555-bf99-5f8b65072055,J&J's,0,3,1,1,,1
2026-09-24,rome,flaminio,f84dde51-7714-4555-bf99-5f8b65072055,J&J's,0,9,1,1,,1
2026-09-25,rome,flaminio,f84dde51-7714-4555-bf99-5f8b65072055,J&J's,0,6,1,1,,1
2026-09-23,rome,termini,f86eddec-5b96-4fec-802d-5d75f8e3721b,J&J's,0,3,16,16,,16
2026-09-24,rome,termini,f86eddec-5b96-4fec-802d-5d75f8e3721b,J&J's,0,9,17,17,,17
2026-09-25,rome,termini,f86eddec-5b96-4fec-802d-5d75f8e3721b,J&J's,0,6,20,19,,20
2026-09-23,rome,ciampino,f931acea-60d3-4bb8-b5b2-d4f75a0a64d4,J&J's,0,3,0,0,,0
2026-09-24,rome,ciampino,f931acea-60d3-4bb8-b5b2-d4f75a0a64d4,J&J's,0,9,1,1,,1
2026-09-25,rome,ciampino,f931acea-60d3-4bb8-b5b2-d4f75a0a64d4,J&J's,0,6,2,2,,2
2026-09-23,rome,municipio-roma-xii,f964bcd1-167f-4066-bf92-90ddddf7b741,J&J's,0,3,0,0,,0
2026-09-24,rome,municipio-roma-xii,f964bcd1-167f-4066-bf92-90ddddf7b741,J&J's,0,9,0,0,,0
2026-09-25,rome,municipio-roma-xii,f964bcd1-167f-4066-bf92-90ddddf7b741,J&J's,0,6,0,0,,0
2026-09-23,rome,prati,f96b7cd7-d3b8-4e26-b8c9-d9cfd65903ed,J&J's,0,3,0,0,,0
2026-09-24,rome,prati,f96b7cd7-d3b8-4e26-b8c9-d9cfd65903ed,J&J's,0,9,0,0,,0
2026-09-25,rome,prati,f96b7cd7-d3b8-4e26-b8c9-d9cfd65903ed,J&J's,0,6,0,0,,0
2026-09-23,rome,torre-maura,fa0517da-455c-4b4e-9097-9295008182cf,J&J's,0,3,0,0,,0
2026-09-24,rome,torre-maura,fa0517da-455c-4b4e-9097-9295008182cf,J&J's,0,9,0,0,,0
2026-09-25,rome,torre-maura,fa0517da-455c-4b4e-9097-9295008182cf,J&J's,0,6,0,0,,0
2026-09-23,rome,vatican,fac0145f-8a18-4d80-9615-100ecaf4a2a8,J&J's,0,3,6,6,,6
2026-09-24,rome,vatican,fac0145f-8a18-4d80-9615-100ecaf4a2a8,J&J's,0,9,7,5,,7
2026-09-25,rome,vatican,fac0145f-8a18-4d80-9615-100ecaf4a2a8,J&J's,0,6,5,3,,5
2026-09-23,rome,tor-di-quinto,fb953c9d-005a-42c6-97f8-d38874e3c72c,J&J's,0,3,0,0,,0
2026-09-24,rome,tor-di-quinto,fb953c9d-005a-42c6-97f8-d38874e3c72c,J&J's,0,9,0,0,,0
2026-09-25,rome,tor-di-quinto,fb953c9d-005a-42c6-97f8-d38874e3c72c,J&J's,0,6,0,0,,0
2026-09-23,rome,lamaro,fc9dc4d5-e2cb-471a-95e3-761dae53e129,J&J's,0,3,0,0,,0
2026-09-24,rome,lamaro,fc9dc4d5-e2cb-471a-95e3-761dae53e129,J&J's,0,9,0,0,,0
2026-09-25,rome,lamaro,fc9dc4d5-e2cb-471a-95e3-761dae53e129,J&J's,0,6,0,0,,0
2026-09-23,rome,tiburtina,fcaaddb2-f91a-4c53-b45d-b89ddab864c9,J&J's,60,3,0,0,0.0,0
2026-09-24,rome,tiburtina,fcaaddb2-f91a-4c53-b45d-b89ddab864c9,J&J's,60,9,0,0,0.0,0
2026-09-25,rome,tiburtina,fcaaddb2-f91a-4c53-b45d-b89ddab864c9,J&J's,60,6,0,0,0.0,0
2026-09-23,rome,quartiere-cipollaro,fd4bed8c-7a6b-4347-8b0c-d7a51c72f87a,J&J's,60,3,0,0,0.0,0
2026-09-24,rome,quartiere-cipollaro,fd4bed8c-7a6b-4347-8b0c-d7a51c72f87a,J&J's,60,9,0,0,0.0,0
2026-09-25,rome,quartiere-cipollaro,fd4bed8c-7a6b-4347-8b0c-d7a51c72f87a,J&J's,60,6,0,0,0.0,0
2026-09-23,rome,marranella,fe204ce1-ae6f-4dc0-a134-6f4f6e1d9292,J&J's,0,3,1,1,,1
2026-09-24,rome,marranella,fe204ce1-ae6f-4dc0-a134-6f4f6e1d9292,J&J's,0,9,1,1,,1
2026-09-25,rome,marranella,fe204ce1-ae6f-4dc0-a134-6f4f6e1d9292,J&J's,0,6,1,0,,1
2026-09-23,rome,rione-ix-pigna,ffe1d2da-7295-4f2a-8f31-dded4ed50cdf,J&J's,0,3,0,0,,0
2026-09-24,rome,rione-ix-pigna,ffe1d2da-7295-4f2a-8f31-dded4ed50cdf,J&J's,0,9,0,0,,0
2026-09-25,rome,rione-ix-pigna,ffe1d2da-7295-4f2a-8f31-dded4ed50cdf,J&J's,0,6,0,0,,0
2026-09-23,rome,piane-di-vaccina,ffe75221-e40a-4c3f-9bfa-bfcca4adaa53,J&J's,0,3,1,1,,1
2026-09-24,rome,piane-di-vaccina,ffe75221-e40a-4c3f-9bfa-bfcca4adaa53,J&J's,0,9,1,1,,1
2026-09-25,rome,piane-di-vaccina,ffe75221-e40a-4c3f-9bfa-bfcca4adaa53,J&J's,0,6,1,0,,1
2026-09-23,salerno,city-centre,012ed7eb-b513-42fd-a337-a3ad9588d084,J&J's,0,3,0,0,,0
2026-09-24,salerno,city-centre,012ed7eb-b513-42fd-a337-a3ad9588d084,J&J's,0,8,0,0,,0
2026-09-25,salerno,city-centre,012ed7eb-b513-42fd-a337-a3ad9588d084,J&J's,0,6,1,1,,1
2026-09-23,salerno,giffoni-valle-piana,02136bdc-4581-4d41-8af2-7adb1cdf7754,J&J's,0,3,0,0,,0
2026-09-24,salerno,giffoni-valle-piana,02136bdc-4581-4d41-8af2-7adb1cdf7754,J&J's,0,8,0,0,,0
2026-09-25,salerno,giffoni-valle-piana,02136bdc-4581-4d41-8af2-7adb1cdf7754,J&J's,0,6,0,0,,0
2026-09-23,salerno,torrione,0578bdb8-f6f1-48f7-bc5e-d25aebe51d6f,J&J's,0,3,0,0,,0
2026-09-24,salerno,torrione,0578bdb8-f6f1-48f7-bc5e-d25aebe51d6f,J&J's,0,8,0,0,,0
2026-09-25,salerno,torrione,0578bdb8-f6f1-48f7-bc5e-d25aebe51d6f,J&J's,0,6,0,0,,0
2026-09-23,salerno,saragnano,0c57e88b-438f-4981-a6de-06173b73c42d,J&J's,0,3,0,0,,0
2026-09-24,salerno,saragnano,0c57e88b-438f-4981-a6de-06173b73c42d,J&J's,0,8,0,0,,0
2026-09-25,salerno,saragnano,0c57e88b-438f-4981-a6de-06173b73c42d,J&J's,0,6,0,0,,0
2026-09-23,salerno,pastena,147ce524-e490-494f-9952-9e77fdc1bbf6,J&J's,0,3,0,0,,0
2026-09-24,salerno,pastena,147ce524-e490-494f-9952-9e77fdc1bbf6,J&J's,0,8,0,0,,0
2026-09-25,salerno,pastena,147ce524-e490-494f-9952-9e77fdc1bbf6,J&J's,0,6,0,0,,0
2026-09-23,salerno,praiano,1bc5caa8-4c1f-4b2a-ad63-2356576ac4a4,J&J's,0,3,1,1,,1
2026-09-24,salerno,praiano,1bc5caa8-4c1f-4b2a-ad63-2356576ac4a4,J&J's,0,8,1,1,,1
2026-09-25,salerno,praiano,1bc5caa8-4c1f-4b2a-ad63-2356576ac4a4,J&J's,0,6,2,2,,2
2026-09-23,salerno,salerno-train-station,1fc45409-5992-400e-a4a1-c8d4f3dd79f8,J&J's,100,3,0,0,0.0,0
2026-09-24,salerno,salerno-train-station,1fc45409-5992-400e-a4a1-c8d4f3dd79f8,J&J's,100,8,1,1,1.0,1
2026-09-25,salerno,salerno-train-station,1fc45409-5992-400e-a4a1-c8d4f3dd79f8,J&J's,100,6,1,1,1.0,1
2026-09-23,salerno,praiano,2073cb8d-c1fa-4759-9d86-c639c4351061,J&J's,0,3,0,0,,0
2026-09-24,salerno,praiano,2073cb8d-c1fa-4759-9d86-c639c4351061,J&J's,0,8,0,0,,0
2026-09-25,salerno,praiano,2073cb8d-c1fa-4759-9d86-c639c4351061,J&J's,0,6,0,0,,0
2026-09-23,salerno,torchiati,2393e71f-ab12-4964-9ff6-4e1be6b2e134,J&J's,0,3,0,0,,0
2026-09-24,salerno,torchiati,2393e71f-ab12-4964-9ff6-4e1be6b2e134,J&J's,0,8,0,0,,0
2026-09-25,salerno,torchiati,2393e71f-ab12-4964-9ff6-4e1be6b2e134,J&J's,0,6,0,0,,0
2026-09-23,salerno,carpineto,260c9ce3-41a6-4f7e-90ef-609d65c22993,J&J's,0,3,0,0,,0
2026-09-24,salerno,carpineto,260c9ce3-41a6-4f7e-90ef-609d65c22993,J&J's,0,8,0,0,,0
2026-09-25,salerno,carpineto,260c9ce3-41a6-4f7e-90ef-609d65c22993,J&J's,0,6,0,0,,0
2026-09-23,salerno,salerno-train-station,2efa81e8-620c-455c-a496-66d58d3ca099,J&J's,0,3,0,0,,0
2026-09-24,salerno,salerno-train-station,2efa81e8-620c-455c-a496-66d58d3ca099,J&J's,0,8,0,0,,0
2026-09-25,salerno,salerno-train-station,2efa81e8-620c-455c-a496-66d58d3ca099,J&J's,0,6,0,0,,0
2026-09-23,salerno,corticelle,2f868578-4392-4413-8c7d-c889be0cff34,J&J's,0,3,0,0,,0
2026-09-24,salerno,corticelle,2f868578-4392-4413-8c7d-c889be0cff34,J&J's,0,8,0,0,,0
2026-09-25,salerno,corticelle,2f868578-4392-4413-8c7d-c889be0cff34,J&J's,0,6,0,0,,0
2026-09-23,salerno,penta,33b94d6f-6a26-4518-b2c1-7326970e38d8,J&J's,0,3,0,0,,0
2026-09-24,salerno,penta,33b94d6f-6a26-4518-b2c1-7326970e38d8,J&J's,0,8,0,0,,0
2026-09-25,salerno,penta,33b94d6f-6a26-4518-b2c1-7326970e38d8,J&J's,0,6,0,0,,0
2026-09-23,salerno,,34e74d34-c4e2-41cf-8d69-5fb8e489b723,J&J's,0,3,0,0,,0
2026-09-24,salerno,,34e74d34-c4e2-41cf-8d69-5fb8e489b723,J&J's,0,8,0,0,,0
2026-09-25,salerno,,34e74d34-c4e2-41cf-8d69-5fb8e489b723,J&J's,0,6,0,0,,0
2026-09-23,salerno,salerno-train-station,372374ff-af3c-4eba-ace6-993588ce846e,J&J's,25,3,37,37,148.0,37
2026-09-24,salerno,salerno-train-station,372374ff-af3c-4eba-ace6-993588ce846e,J&J's,25,8,37,35,148.0,39
2026-09-25,salerno,salerno-train-station,372374ff-af3c-4eba-ace6-993588ce846e,J&J's,25,6,36,35,144.0,36
2026-09-23,salerno,torrione,3a4b77ae-6fe3-48d8-afed-74bd512ef5d8,J&J's,0,3,0,0,,0
2026-09-24,salerno,torrione,3a4b77ae-6fe3-48d8-afed-74bd512ef5d8,J&J's,0,8,0,0,,0
2026-09-25,salerno,torrione,3a4b77ae-6fe3-48d8-afed-74bd512ef5d8,J&J's,0,6,0,0,,0
2026-09-23,salerno,curteri,3b019fd0-b1b0-4741-ac15-c95a8f655f4f,J&J's,0,3,0,0,,0
2026-09-24,salerno,curteri,3b019fd0-b1b0-4741-ac15-c95a8f655f4f,J&J's,0,8,0,0,,0
2026-09-25,salerno,curteri,3b019fd0-b1b0-4741-ac15-c95a8f655f4f,J&J's,0,6,0,0,,0
2026-09-23,salerno,city-centre,3ff43874-eb02-4969-8d52-067de73e3a21,J&J's,100,3,0,0,0.0,0
2026-09-24,salerno,city-centre,3ff43874-eb02-4969-8d52-067de73e3a21,J&J's,100,8,0,0,0.0,0
2026-09-25,salerno,city-centre,3ff43874-eb02-4969-8d52-067de73e3a21,J&J's,100,6,0,0,0.0,0
2026-09-23,salerno,,418abe06-c145-439a-865a-0f5123f87844,J&J's,0,3,0,0,,0
2026-09-24,salerno,,418abe06-c145-439a-865a-0f5123f87844,J&J's,0,8,0,0,,0
2026-09-25,salerno,,418abe06-c145-439a-865a-0f5123f87844,J&J's,0,6,0,0,,0
2026-09-23,salerno,,43ad5a59-03b2-48e1-bfd8-e7271e8d0fea,J&J's,50,3,0,0,0.0,0
2026-09-24,salerno,,43ad5a59-03b2-48e1-bfd8-e7271e8d0fea,J&J's,50,8,0,0,0.0,0
2026-09-25,salerno,,43ad5a59-03b2-48e1-bfd8-e7271e8d0fea,J&J's,50,6,0,0,0.0,0
2026-09-23,salerno,,45ddcf3d-911b-47e1-aab0-07a9d1d5b734,J&J's,0,3,0,0,,0
2026-09-24,salerno,,45ddcf3d-911b-47e1-aab0-07a9d1d5b734,J&J's,0,8,0,0,,0
2026-09-25,salerno,,45ddcf3d-911b-47e1-aab0-07a9d1d5b734,J&J's,0,6,0,0,,0
2026-09-23,salerno,,4d2da7e7-72dc-4e4a-8e0e-65a57d76f1b2,J&J's,0,3,0,0,,0
2026-09-24,salerno,,4d2da7e7-72dc-4e4a-8e0e-65a57d76f1b2,J&J's,0,8,0,0,,0
2026-09-25,salerno,,4d2da7e7-72dc-4e4a-8e0e-65a57d76f1b2,J&J's,0,6,0,0,,0
2026-09-23,salerno,giffoni-sei-casali,562cc1e4-8abe-4a88-b8d9-678f4cb044f7,J&J's,0,3,0,0,,0
2026-09-24,salerno,giffoni-sei-casali,562cc1e4-8abe-4a88-b8d9-678f4cb044f7,J&J's,0,8,0,0,,0
2026-09-25,salerno,giffoni-sei-casali,562cc1e4-8abe-4a88-b8d9-678f4cb044f7,J&J's,0,6,0,0,,0
2026-09-23,salerno,pastena,57e20209-5d7e-4d68-9212-b9bb85770c7d,J&J's,0,3,0,0,,0
2026-09-24,salerno,pastena,57e20209-5d7e-4d68-9212-b9bb85770c7d,J&J's,0,8,0,0,,0
2026-09-25,salerno,pastena,57e20209-5d7e-4d68-9212-b9bb85770c7d,J&J's,0,6,0,0,,0
2026-09-23,salerno,salerno-train-station,5a637f27-acd5-4dda-a4f0-3ab9428f2a5a,J&J's,0,3,0,0,,0
2026-09-24,salerno,salerno-train-station,5a637f27-acd5-4dda-a4f0-3ab9428f2a5a,J&J's,0,8,0,0,,0
2026-09-25,salerno,salerno-train-station,5a637f27-acd5-4dda-a4f0-3ab9428f2a5a,J&J's,0,6,0,0,,0
2026-09-23,salerno,city-centre,5a865472-fcc4-4015-9df5-d1056cf35774,J&J's,0,3,0,0,,0
2026-09-24,salerno,city-centre,5a865472-fcc4-4015-9df5-d1056cf35774,J&J's,0,8,0,0,,0
2026-09-25,salerno,city-centre,5a865472-fcc4-4015-9df5-d1056cf35774,J&J's,0,6,0,0,,0
2026-09-23,salerno,torrione,5d6f9bb8-5bb2-4c04-8252-1c111068acc1,J&J's,0,3,0,0,,0
2026-09-24,salerno,torrione,5d6f9bb8-5bb2-4c04-8252-1c111068acc1,J&J's,0,8,0,0,,0
2026-09-25,salerno,torrione,5d6f9bb8-5bb2-4c04-8252-1c111068acc1,J&J's,0,6,0,0,,0
2026-09-23,salerno,curteri,6b50546e-fd29-4aa6-96da-3aca5437dffa,J&J's,0,3,0,0,,0
2026-09-24,salerno,curteri,6b50546e-fd29-4aa6-96da-3aca5437dffa,J&J's,0,8,0,0,,0
2026-09-25,salerno,curteri,6b50546e-fd29-4aa6-96da-3aca5437dffa,J&J's,0,6,0,0,,0
2026-09-23,salerno,arbostella,78393624-76cf-4000-ae43-a8cfc87368ab,J&J's,0,3,0,0,,0
2026-09-24,salerno,arbostella,78393624-76cf-4000-ae43-a8cfc87368ab,J&J's,0,8,0,0,,0
2026-09-25,salerno,arbostella,78393624-76cf-4000-ae43-a8cfc87368ab,J&J's,0,6,0,0,,0
2026-09-23,salerno,salerno-train-station,79b7231c-49d5-4ed7-8e2e-ecead1c562c4,J&J's,20,3,0,0,0.0,0
2026-09-24,salerno,salerno-train-station,79b7231c-49d5-4ed7-8e2e-ecead1c562c4,J&J's,20,8,0,0,0.0,0
2026-09-25,salerno,salerno-train-station,79b7231c-49d5-4ed7-8e2e-ecead1c562c4,J&J's,20,6,0,0,0.0,0
2026-09-23,salerno,salerno-train-station,7d3cdafd-80ea-4192-b44d-b04020f89033,J&J's,0,3,0,0,,0
2026-09-24,salerno,salerno-train-station,7d3cdafd-80ea-4192-b44d-b04020f89033,J&J's,0,8,2,2,,2
2026-09-25,salerno,salerno-train-station,7d3cdafd-80ea-4192-b44d-b04020f89033,J&J's,0,6,2,2,,2
2026-09-23,salerno,torrione,8183b552-5ab7-4f86-ab7d-1b509e5b72c2,J&J's,0,3,0,0,,0
2026-09-24,salerno,torrione,8183b552-5ab7-4f86-ab7d-1b509e5b72c2,J&J's,0,8,0,0,,0
2026-09-25,salerno,torrione,8183b552-5ab7-4f86-ab7d-1b509e5b72c2,J&J's,0,6,0,0,,0
2026-09-23,salerno,city-centre,88b8c41c-a07f-4094-84ad-170d3f1a3cc0,J&J's,0,3,0,0,,0
2026-09-24,salerno,city-centre,88b8c41c-a07f-4094-84ad-170d3f1a3cc0,J&J's,0,8,0,0,,0
2026-09-25,salerno,city-centre,88b8c41c-a07f-4094-84ad-170d3f1a3cc0,J&J's,0,6,0,0,,0
2026-09-23,salerno,corticelle,89266a18-e4b9-460a-b11b-6a3b70e24f48,J&J's,0,3,0,0,,0
2026-09-24,salerno,corticelle,89266a18-e4b9-460a-b11b-6a3b70e24f48,J&J's,0,8,0,0,,0
2026-09-25,salerno,corticelle,89266a18-e4b9-460a-b11b-6a3b70e24f48,J&J's,0,6,0,0,,0
2026-09-23,salerno,salerno-train-station,8d0d9b1d-09db-456d-8296-ae660ab1758d,J&J's,0,3,0,0,,0
2026-09-24,salerno,salerno-train-station,8d0d9b1d-09db-456d-8296-ae660ab1758d,J&J's,0,8,0,0,,0
2026-09-25,salerno,salerno-train-station,8d0d9b1d-09db-456d-8296-ae660ab1758d,J&J's,0,6,0,0,,0
2026-09-23,salerno,city-centre,8ead3e2d-286e-4d51-a1e4-eed64a604e89,J&J's,0,3,2,1,,2
2026-09-24,salerno,city-centre,8ead3e2d-286e-4d51-a1e4-eed64a604e89,J&J's,0,8,2,2,,2
2026-09-25,salerno,city-centre,8ead3e2d-286e-4d51-a1e4-eed64a604e89,J&J's,0,6,3,3,,3
2026-09-23,salerno,torrione,8f7ece0a-01c9-4218-9d63-62dba8ce2578,J&J's,50,3,0,0,0.0,0
2026-09-24,salerno,torrione,8f7ece0a-01c9-4218-9d63-62dba8ce2578,J&J's,50,8,0,0,0.0,0
2026-09-25,salerno,torrione,8f7ece0a-01c9-4218-9d63-62dba8ce2578,J&J's,50,6,0,0,0.0,0
2026-09-23,salerno,pastena,906b3466-7db0-4c7f-94e1-a4a7b6c3c95c,J&J's,0,3,0,0,,0
2026-09-24,salerno,pastena,906b3466-7db0-4c7f-94e1-a4a7b6c3c95c,J&J's,0,8,0,0,,0
2026-09-25,salerno,pastena,906b3466-7db0-4c7f-94e1-a4a7b6c3c95c,J&J's,0,6,0,0,,0
2026-09-23,salerno,salerno-train-station,94d4dbe8-e8d1-46af-a8b9-22a8ad2ebece,J&J's,0,3,6,6,,6
2026-09-24,salerno,salerno-train-station,94d4dbe8-e8d1-46af-a8b9-22a8ad2ebece,J&J's,0,8,6,6,,6
2026-09-25,salerno,salerno-train-station,94d4dbe8-e8d1-46af-a8b9-22a8ad2ebece,J&J's,0,6,6,6,,6
2026-09-23,salerno,pastena,9923095f-1f18-4fd8-968a-3cbffa8320f4,J&J's,0,3,0,0,,0
2026-09-24,salerno,pastena,9923095f-1f18-4fd8-968a-3cbffa8320f4,J&J's,0,8,0,0,,0
2026-09-25,salerno,pastena,9923095f-1f18-4fd8-968a-3cbffa8320f4,J&J's,0,6,0,0,,0
2026-09-23,salerno,giffoni-valle-piana,9ab75d83-00ba-4dca-b6b9-85070222ba59,J&J's,0,3,0,0,,0
2026-09-24,salerno,giffoni-valle-piana,9ab75d83-00ba-4dca-b6b9-85070222ba59,J&J's,0,8,0,0,,0
2026-09-25,salerno,giffoni-valle-piana,9ab75d83-00ba-4dca-b6b9-85070222ba59,J&J's,0,6,0,0,,0
2026-09-23,salerno,salerno-train-station,9b084ef9-3679-48f9-88c3-72df137ffb11,J&J's,0,3,0,0,,0
2026-09-24,salerno,salerno-train-station,9b084ef9-3679-48f9-88c3-72df137ffb11,J&J's,0,8,0,0,,0
2026-09-25,salerno,salerno-train-station,9b084ef9-3679-48f9-88c3-72df137ffb11,J&J's,0,6,0,0,,0
2026-09-23,salerno,salerno-train-station,9fb1a17d-046a-46a9-8a9c-35ade06211bf,J&J's,0,3,10,10,,10
2026-09-24,salerno,salerno-train-station,9fb1a17d-046a-46a9-8a9c-35ade06211bf,J&J's,0,8,10,10,,10
2026-09-25,salerno,salerno-train-station,9fb1a17d-046a-46a9-8a9c-35ade06211bf,J&J's,0,6,10,10,,11
2026-09-23,salerno,,b6852d7f-8613-44ca-a304-b6bc31d9172a,J&J's,0,3,0,0,,0
2026-09-24,salerno,,b6852d7f-8613-44ca-a304-b6bc31d9172a,J&J's,0,8,0,0,,0
2026-09-25,salerno,,b6852d7f-8613-44ca-a304-b6bc31d9172a,J&J's,0,6,0,0,,0
2026-09-23,salerno,torrione,b7325c42-56d0-410c-b27e-c19a8b7bda54,J&J's,0,3,0,0,,0
2026-09-24,salerno,torrione,b7325c42-56d0-410c-b27e-c19a8b7bda54,J&J's,0,8,0,0,,0
2026-09-25,salerno,torrione,b7325c42-56d0-410c-b27e-c19a8b7bda54,J&J's,0,6,0,0,,0
2026-09-23,salerno,penta,bd0362f4-a7cd-4c95-ab79-2aa571b42826,J&J's,0,3,0,0,,0
2026-09-24,salerno,penta,bd0362f4-a7cd-4c95-ab79-2aa571b42826,J&J's,0,8,0,0,,0
2026-09-25,salerno,penta,bd0362f4-a7cd-4c95-ab79-2aa571b42826,J&J's,0,6,0,0,,0
2026-09-23,salerno,salerno-train-station,c11e937f-7425-4d60-8174-8232a5271286,J&J's,100,3,6,6,6.0,6
2026-09-24,salerno,salerno-train-station,c11e937f-7425-4d60-8174-8232a5271286,J&J's,100,8,6,6,6.0,6
2026-09-25,salerno,salerno-train-station,c11e937f-7425-4d60-8174-8232a5271286,J&J's,100,6,6,4,6.0,6
2026-09-23,salerno,quartiere-europa,c3fbac08-af74-466b-bcfb-18fb89627d1c,J&J's,0,3,0,0,,0
2026-09-24,salerno,quartiere-europa,c3fbac08-af74-466b-bcfb-18fb89627d1c,J&J's,0,8,0,0,,0
2026-09-25,salerno,quartiere-europa,c3fbac08-af74-466b-bcfb-18fb89627d1c,J&J's,0,6,0,0,,0
2026-09-23,salerno,coperchia,d24ec50e-4cca-4a40-bf89-154c3fa8cbed,J&J's,0,3,0,0,,0
2026-09-24,salerno,coperchia,d24ec50e-4cca-4a40-bf89-154c3fa8cbed,J&J's,0,8,0,0,,0
2026-09-25,salerno,coperchia,d24ec50e-4cca-4a40-bf89-154c3fa8cbed,J&J's,0,6,0,0,,0
2026-09-23,salerno,salerno-train-station,d801da55-0aa2-4c05-b34f-03c5ee413f4b,J&J's,0,3,0,0,,0
2026-09-24,salerno,salerno-train-station,d801da55-0aa2-4c05-b34f-03c5ee413f4b,J&J's,0,8,0,0,,0
2026-09-25,salerno,salerno-train-station,d801da55-0aa2-4c05-b34f-03c5ee413f4b,J&J's,0,6,0,0,,0
2026-09-23,salerno,torrione,dac891a1-f27c-4189-a9ff-522bf0333081,J&J's,0,3,0,0,,0
2026-09-24,salerno,torrione,dac891a1-f27c-4189-a9ff-522bf0333081,J&J's,0,8,0,0,,0
2026-09-25,salerno,torrione,dac891a1-f27c-4189-a9ff-522bf0333081,J&J's,0,6,0,0,,0
2026-09-23,salerno,pellezzano,e14ac8d2-d1c3-4b66-97bf-ca8fdf5b3ff1,J&J's,0,3,0,0,,0
2026-09-24,salerno,pellezzano,e14ac8d2-d1c3-4b66-97bf-ca8fdf5b3ff1,J&J's,0,8,0,0,,0
2026-09-25,salerno,pellezzano,e14ac8d2-d1c3-4b66-97bf-ca8fdf5b3ff1,J&J's,0,6,0,0,,0
2026-09-23,salerno,praiano,e5245300-ef5b-4bc0-b62a-2eba1def4cd9,J&J's,100,3,0,0,0.0,0
2026-09-24,salerno,praiano,e5245300-ef5b-4bc0-b62a-2eba1def4cd9,J&J's,100,8,0,0,0.0,0
2026-09-25,salerno,praiano,e5245300-ef5b-4bc0-b62a-2eba1def4cd9,J&J's,100,6,0,0,0.0,0
2026-09-23,salerno,salerno-train-station,ecc96cc5-ca15-48b5-a545-bf1d1975b712,J&J's,0,3,0,0,,0
2026-09-24,salerno,salerno-train-station,ecc96cc5-ca15-48b5-a545-bf1d1975b712,J&J's,0,8,0,0,,0
2026-09-25,salerno,salerno-train-station,ecc96cc5-ca15-48b5-a545-bf1d1975b712,J&J's,0,6,0,0,,0
2026-09-23,salerno,city-centre,f0e20aeb-3586-4728-9d0a-e4711d387b1c,J&J's,0,3,2,2,,2
2026-09-24,salerno,city-centre,f0e20aeb-3586-4728-9d0a-e4711d387b1c,J&J's,0,8,2,2,,2
2026-09-25,salerno,city-centre,f0e20aeb-3586-4728-9d0a-e4711d387b1c,J&J's,0,6,2,1,,2
2026-09-23,salerno,praiano,f5aeb3cc-d4a0-47a5-919a-4e8499669206,J&J's,0,3,0,0,,0
2026-09-24,salerno,praiano,f5aeb3cc-d4a0-47a5-919a-4e8499669206,J&J's,0,8,0,0,,0
2026-09-25,salerno,praiano,f5aeb3cc-d4a0-47a5-919a-4e8499669206,J&J's,0,6,0,0,,0
2026-09-23,salerno,salerno-train-station,f6f27c39-2f32-4706-8f90-785312bee896,J&J's,0,3,0,0,,0
2026-09-24,salerno,salerno-train-station,f6f27c39-2f32-4706-8f90-785312bee896,J&J's,0,8,0,0,,0
2026-09-25,salerno,salerno-train-station,f6f27c39-2f32-4706-8f90-785312bee896,J&J's,0,6,0,0,,0
2026-09-23,salerno,maiori,ffabdbb8-b407-44dc-940a-c64bd63ac74f,J&J's,50,3,2,2,4.0,2
2026-09-24,salerno,maiori,ffabdbb8-b407-44dc-940a-c64bd63ac74f,J&J's,50,8,2,2,4.0,2
2026-09-25,salerno,maiori,ffabdbb8-b407-44dc-940a-c64bd63ac74f,J&J's,50,6,2,2,4.0,2
2026-09-23,sassari,piazza-italia,114c953e-a0c4-4584-92af-fc278d2bdaf4,J&J's,0,3,1,1,,1
2026-09-24,sassari,piazza-italia,114c953e-a0c4-4584-92af-fc278d2bdaf4,J&J's,0,8,1,1,,1
2026-09-25,sassari,piazza-italia,114c953e-a0c4-4584-92af-fc278d2bdaf4,J&J's,0,6,1,0,,1
2026-09-23,sassari,piazza-italia,1eceac54-876f-439f-84f6-6b1640b1bb98,J&J's,0,3,0,0,,0
2026-09-24,sassari,piazza-italia,1eceac54-876f-439f-84f6-6b1640b1bb98,J&J's,0,8,0,0,,0
2026-09-25,sassari,piazza-italia,1eceac54-876f-439f-84f6-6b1640b1bb98,J&J's,0,6,0,0,,0
2026-09-23,sassari,palmadula,5cd815a7-2ad5-410b-8983-5e29e9ead851,J&J's,0,3,0,0,,0
2026-09-24,sassari,palmadula,5cd815a7-2ad5-410b-8983-5e29e9ead851,J&J's,0,8,0,0,,0
2026-09-25,sassari,palmadula,5cd815a7-2ad5-410b-8983-5e29e9ead851,J&J's,0,6,0,0,,0
2026-09-23,sassari,city-center,5e5c93cd-e672-45f0-b45f-11170b3f8dd8,J&J's,0,3,0,0,,0
2026-09-24,sassari,city-center,5e5c93cd-e672-45f0-b45f-11170b3f8dd8,J&J's,0,8,0,0,,0
2026-09-25,sassari,city-center,5e5c93cd-e672-45f0-b45f-11170b3f8dd8,J&J's,0,6,0,0,,0
2026-09-23,sassari,sacro-cuore,8badfed1-70f7-43b2-9c74-28830df3829d,J&J's,0,3,0,0,,0
2026-09-24,sassari,sacro-cuore,8badfed1-70f7-43b2-9c74-28830df3829d,J&J's,0,8,0,0,,0
2026-09-25,sassari,sacro-cuore,8badfed1-70f7-43b2-9c74-28830df3829d,J&J's,0,6,0,0,,0
2026-09-23,sassari,city-center,c0af950f-0213-4020-b758-4522764f8990,J&J's,0,3,0,0,,0
2026-09-24,sassari,city-center,c0af950f-0213-4020-b758-4522764f8990,J&J's,0,8,0,0,,0
2026-09-25,sassari,city-center,c0af950f-0213-4020-b758-4522764f8990,J&J's,0,6,0,0,,0
2026-09-23,sassari,lu-bagnu,cc3070bf-3bbd-432d-8236-2ed679ceae47,J&J's,0,3,0,0,,0
2026-09-24,sassari,lu-bagnu,cc3070bf-3bbd-432d-8236-2ed679ceae47,J&J's,0,8,0,0,,0
2026-09-25,sassari,lu-bagnu,cc3070bf-3bbd-432d-8236-2ed679ceae47,J&J's,0,6,0,0,,0
2026-09-23,sassari,codaruina,d37d73ad-bf3c-4a70-b2e6-8921b85f4c67,J&J's,0,3,0,0,,0
2026-09-24,sassari,codaruina,d37d73ad-bf3c-4a70-b2e6-8921b85f4c67,J&J's,0,8,0,0,,0
2026-09-25,sassari,codaruina,d37d73ad-bf3c-4a70-b2e6-8921b85f4c67,J&J's,0,6,0,0,,0
2026-09-23,sassari,piazza-italia,dc393433-0b78-4251-9397-81457295debd,J&J's,0,3,0,0,,0
2026-09-24,sassari,piazza-italia,dc393433-0b78-4251-9397-81457295debd,J&J's,0,8,0,0,,0
2026-09-25,sassari,piazza-italia,dc393433-0b78-4251-9397-81457295debd,J&J's,0,6,0,0,,0
2026-09-23,savona,vado-ligure,0ddb1cca-5f7a-4c24-b340-17482a4c5cff,J&J's,0,3,0,0,,0
2026-09-24,savona,vado-ligure,0ddb1cca-5f7a-4c24-b340-17482a4c5cff,J&J's,0,8,0,0,,0
2026-09-25,savona,vado-ligure,0ddb1cca-5f7a-4c24-b340-17482a4c5cff,J&J's,0,6,0,0,,0
2026-09-23,savona,savona-port,15e1edb8-7bf7-47ec-87f0-839112ca2c5f,J&J's,0,3,0,0,,0
2026-09-24,savona,savona-port,15e1edb8-7bf7-47ec-87f0-839112ca2c5f,J&J's,0,8,0,0,,0
2026-09-25,savona,savona-port,15e1edb8-7bf7-47ec-87f0-839112ca2c5f,J&J's,0,6,0,0,,0
2026-09-23,savona,train-station,17e1aefe-6deb-4afe-9215-f9831eff638d,J&J's,0,3,0,0,,0
2026-09-24,savona,train-station,17e1aefe-6deb-4afe-9215-f9831eff638d,J&J's,0,8,0,0,,0
2026-09-25,savona,train-station,17e1aefe-6deb-4afe-9215-f9831eff638d,J&J's,0,6,0,0,,0
2026-09-23,savona,public-beach-lo-scaletto-dei-pescatori,2d9bd430-c3a7-4754-b069-1a436e4292a7,J&J's,0,3,0,0,,0
2026-09-24,savona,public-beach-lo-scaletto-dei-pescatori,2d9bd430-c3a7-4754-b069-1a436e4292a7,J&J's,0,8,0,0,,0
2026-09-25,savona,public-beach-lo-scaletto-dei-pescatori,2d9bd430-c3a7-4754-b069-1a436e4292a7,J&J's,0,6,0,0,,0
2026-09-23,savona,valleggia,3b9057ab-63a5-40de-ac30-3f2982ab12ac,J&J's,0,3,0,0,,0
2026-09-24,savona,valleggia,3b9057ab-63a5-40de-ac30-3f2982ab12ac,J&J's,0,8,0,0,,0
2026-09-25,savona,valleggia,3b9057ab-63a5-40de-ac30-3f2982ab12ac,J&J's,0,6,0,0,,0
2026-09-23,savona,priamar-fortress,4cdda73a-c934-4b45-b4f1-1789fda1777c,J&J's,0,3,0,0,,0
2026-09-24,savona,priamar-fortress,4cdda73a-c934-4b45-b4f1-1789fda1777c,J&J's,0,8,0,0,,0
2026-09-25,savona,priamar-fortress,4cdda73a-c934-4b45-b4f1-1789fda1777c,J&J's,0,6,0,0,,0
2026-09-23,savona,cogoleto,58221b1b-4fa1-4dbf-86f0-ff6a531a7eed,J&J's,0,3,0,0,,0
2026-09-24,savona,cogoleto,58221b1b-4fa1-4dbf-86f0-ff6a531a7eed,J&J's,0,8,0,0,,0
2026-09-25,savona,cogoleto,58221b1b-4fa1-4dbf-86f0-ff6a531a7eed,J&J's,0,6,0,0,,0
2026-09-23,savona,fornaci,687cf5fa-37be-419d-871a-228c2537fb3c,J&J's,0,3,0,0,,0
2026-09-24,savona,fornaci,687cf5fa-37be-419d-871a-228c2537fb3c,J&J's,0,8,0,0,,0
2026-09-25,savona,fornaci,687cf5fa-37be-419d-871a-228c2537fb3c,J&J's,0,6,0,0,,0
2026-09-23,savona,priamar-fortress,c0c5237c-0931-47c3-86da-1c9f4182747c,J&J's,0,3,1,1,,1
2026-09-24,savona,priamar-fortress,c0c5237c-0931-47c3-86da-1c9f4182747c,J&J's,0,8,1,1,,1
2026-09-25,savona,priamar-fortress,c0c5237c-0931-47c3-86da-1c9f4182747c,J&J's,0,6,1,1,,1
2026-09-23,siena,city-center,34582af1-e6b1-423c-8ad1-c0e91c6645e1,J&J's,0,3,0,0,,0
2026-09-24,siena,city-center,34582af1-e6b1-423c-8ad1-c0e91c6645e1,J&J's,0,8,1,1,,1
2026-09-25,siena,city-center,34582af1-e6b1-423c-8ad1-c0e91c6645e1,J&J's,0,6,1,1,,1
2026-09-23,siena,city-center,3afcdd72-0772-4939-8cce-226f376cad09,J&J's,0,3,1,1,,1
2026-09-24,siena,city-center,3afcdd72-0772-4939-8cce-226f376cad09,J&J's,0,8,2,2,,2
2026-09-25,siena,city-center,3afcdd72-0772-4939-8cce-226f376cad09,J&J's,0,6,2,2,,2
2026-09-23,siena,city-center,59640c14-0179-48d6-aa31-ca83f51e2db1,J&J's,0,3,1,1,,1
2026-09-24,siena,city-center,59640c14-0179-48d6-aa31-ca83f51e2db1,J&J's,0,8,1,1,,1
2026-09-25,siena,city-center,59640c14-0179-48d6-aa31-ca83f51e2db1,J&J's,0,6,1,1,,1
2026-09-23,siena,lupa,5dd12d85-a160-4af4-ad09-fa0c7bce27b9,J&J's,0,3,2,2,,2
2026-09-24,siena,lupa,5dd12d85-a160-4af4-ad09-fa0c7bce27b9,J&J's,0,8,3,3,,3
2026-09-25,siena,lupa,5dd12d85-a160-4af4-ad09-fa0c7bce27b9,J&J's,0,6,3,2,,3
2026-09-23,siena,city-center,60f3684b-cbe2-46ca-b25d-8b5aa2c177ac,J&J's,0,3,0,0,,0
2026-09-24,siena,city-center,60f3684b-cbe2-46ca-b25d-8b5aa2c177ac,J&J's,0,8,0,0,,0
2026-09-25,siena,city-center,60f3684b-cbe2-46ca-b25d-8b5aa2c177ac,J&J's,0,6,0,0,,0
2026-09-23,siena,siena-train-station,6edce31c-de7a-4af6-9baf-891248699233,J&J's,10,3,23,23,230.0,23
2026-09-24,siena,siena-train-station,6edce31c-de7a-4af6-9baf-891248699233,J&J's,10,8,24,24,240.0,25
2026-09-25,siena,siena-train-station,6edce31c-de7a-4af6-9baf-891248699233,J&J's,10,6,26,26,260.0,26
2026-09-23,siena,city-center,c26de993-7d95-434b-b477-ef857f969b67,J&J's,0,3,0,0,,0
2026-09-24,siena,city-center,c26de993-7d95-434b-b477-ef857f969b67,J&J's,0,8,0,0,,0
2026-09-25,siena,city-center,c26de993-7d95-434b-b477-ef857f969b67,J&J's,0,6,0,0,,0
2026-09-23,siena,city-center,caeae10a-42ef-434d-b01d-1f5b76e08473,J&J's,5,3,1,1,20.0,1
2026-09-24,siena,city-center,caeae10a-42ef-434d-b01d-1f5b76e08473,J&J's,5,8,1,1,20.0,1
2026-09-25,siena,city-center,caeae10a-42ef-434d-b01d-1f5b76e08473,J&J's,5,6,1,1,20.0,1
2026-09-23,siena,city-center,cbc056ae-96bc-4d6d-921a-07a1d7e02186,J&J's,0,3,4,4,,4
2026-09-24,siena,city-center,cbc056ae-96bc-4d6d-921a-07a1d7e02186,J&J's,0,8,4,4,,4
2026-09-25,siena,city-center,cbc056ae-96bc-4d6d-921a-07a1d7e02186,J&J's,0,6,4,3,,4
2026-09-23,siena,city-center,d1bf6a35-6bdc-4d2b-a279-349add7ed58a,J&J's,5,3,0,0,0.0,0
2026-09-24,siena,city-center,d1bf6a35-6bdc-4d2b-a279-349add7ed58a,J&J's,5,8,0,0,0.0,0
2026-09-25,siena,city-center,d1bf6a35-6bdc-4d2b-a279-349add7ed58a,J&J's,5,6,0,0,0.0,0
2026-09-23,siena,city-center,e4c7170c-8c00-4b06-baac-7f62c3ded33a,J&J's,7,3,2,2,28.6,2
2026-09-24,siena,city-center,e4c7170c-8c00-4b06-baac-7f62c3ded33a,J&J's,7,8,2,2,28.6,3
2026-09-25,siena,city-center,e4c7170c-8c00-4b06-baac-7f62c3ded33a,J&J's,7,6,3,3,42.9,3
2026-09-23,siena,city-center,e7f1a55b-f7ec-4ad6-a803-82259402d76d,J&J's,0,3,2,2,,2
2026-09-24,siena,city-center,e7f1a55b-f7ec-4ad6-a803-82259402d76d,J&J's,0,8,2,2,,2
2026-09-25,siena,city-center,e7f1a55b-f7ec-4ad6-a803-82259402d76d,J&J's,0,6,2,1,,2
2026-09-23,siena,city-center,ed566b71-4d2c-4719-a6ad-dc9d4ad63d3c,J&J's,0,3,0,0,,0
2026-09-24,siena,city-center,ed566b71-4d2c-4719-a6ad-dc9d4ad63d3c,J&J's,0,8,0,0,,0
2026-09-25,siena,city-center,ed566b71-4d2c-4719-a6ad-dc9d4ad63d3c,J&J's,0,6,0,0,,0
2026-09-23,siena,siena-train-station,facf2d9b-1399-4016-9c3e-a5cfcaabf7e2,J&J's,5,3,0,0,0.0,0
2026-09-24,siena,siena-train-station,facf2d9b-1399-4016-9c3e-a5cfcaabf7e2,J&J's,5,8,0,0,0.0,0
2026-09-25,siena,siena-train-station,facf2d9b-1399-4016-9c3e-a5cfcaabf7e2,J&J's,5,6,0,0,0.0,0
2026-09-23,sondrio,cantone,0cec4d7c-db2c-4a44-b838-50b90db3b9c6,J&J's,0,3,0,0,,0
2026-09-24,sondrio,cantone,0cec4d7c-db2c-4a44-b838-50b90db3b9c6,J&J's,0,8,0,0,,0
2026-09-25,sondrio,cantone,0cec4d7c-db2c-4a44-b838-50b90db3b9c6,J&J's,0,6,0,0,,0
2026-09-23,sondrio,ponte-in-valtellina,0d3af7ec-21d4-43c8-8422-67a0f1868516,J&J's,0,3,0,0,,0
2026-09-24,sondrio,ponte-in-valtellina,0d3af7ec-21d4-43c8-8422-67a0f1868516,J&J's,0,8,0,0,,0
2026-09-25,sondrio,ponte-in-valtellina,0d3af7ec-21d4-43c8-8422-67a0f1868516,J&J's,0,6,0,0,,0
2026-09-23,sondrio,cantone,1fa88bab-14fa-4594-a451-1d8ef5296c22,J&J's,0,3,0,0,,0
2026-09-24,sondrio,cantone,1fa88bab-14fa-4594-a451-1d8ef5296c22,J&J's,0,8,0,0,,0
2026-09-25,sondrio,cantone,1fa88bab-14fa-4594-a451-1d8ef5296c22,J&J's,0,6,0,0,,0
2026-09-23,sondrio,cantone,53b04276-e561-4c38-8ab8-1fbb25c9514f,J&J's,0,3,0,0,,0
2026-09-24,sondrio,cantone,53b04276-e561-4c38-8ab8-1fbb25c9514f,J&J's,0,8,0,0,,0
2026-09-25,sondrio,cantone,53b04276-e561-4c38-8ab8-1fbb25c9514f,J&J's,0,6,0,0,,0
2026-09-23,sondrio,cantone,6e26a079-2108-4199-a98e-f15785e67951,J&J's,0,3,0,0,,0
2026-09-24,sondrio,cantone,6e26a079-2108-4199-a98e-f15785e67951,J&J's,0,8,0,0,,0
2026-09-25,sondrio,cantone,6e26a079-2108-4199-a98e-f15785e67951,J&J's,0,6,0,0,,0
2026-09-23,sondrio,scarpatetti,7d8098f8-8e73-4763-b8b0-4cd1a5bb1f7d,J&J's,0,3,0,0,,0
2026-09-24,sondrio,scarpatetti,7d8098f8-8e73-4763-b8b0-4cd1a5bb1f7d,J&J's,0,8,0,0,,0
2026-09-25,sondrio,scarpatetti,7d8098f8-8e73-4763-b8b0-4cd1a5bb1f7d,J&J's,0,6,0,0,,0
2026-09-23,sondrio,cantone,e30331d9-a836-4381-80ad-38438b4b6d0e,J&J's,0,3,0,0,,0
2026-09-24,sondrio,cantone,e30331d9-a836-4381-80ad-38438b4b6d0e,J&J's,0,8,0,0,,0
2026-09-25,sondrio,cantone,e30331d9-a836-4381-80ad-38438b4b6d0e,J&J's,0,6,0,0,,0
2026-09-23,sondrio,cantone,f30efccd-8779-4651-a796-33048f7442c2,J&J's,0,3,0,0,,0
2026-09-24,sondrio,cantone,f30efccd-8779-4651-a796-33048f7442c2,J&J's,0,8,0,0,,0
2026-09-25,sondrio,cantone,f30efccd-8779-4651-a796-33048f7442c2,J&J's,0,6,0,0,,0
2026-09-23,taranto,lizzano,02a550af-0de6-4a85-87b6-6c3ed8ce7b2c,J&J's,0,3,0,0,,0
2026-09-24,taranto,lizzano,02a550af-0de6-4a85-87b6-6c3ed8ce7b2c,J&J's,0,8,0,0,,0
2026-09-25,taranto,lizzano,02a550af-0de6-4a85-87b6-6c3ed8ce7b2c,J&J's,0,6,0,0,,0
2026-09-23,taranto,tamburi-lido-azzurro,1555b2b7-bfc6-4fb7-bc98-5117c2a9fc13,J&J's,0,3,1,1,,1
2026-09-24,taranto,tamburi-lido-azzurro,1555b2b7-bfc6-4fb7-bc98-5117c2a9fc13,J&J's,0,8,1,1,,1
2026-09-25,taranto,tamburi-lido-azzurro,1555b2b7-bfc6-4fb7-bc98-5117c2a9fc13,J&J's,0,6,2,2,,2
2026-09-23,taranto,sacello-romano,16482810-3285-44fe-bc4c-3ddb921e606c,J&J's,30,3,0,0,0.0,0
2026-09-24,taranto,sacello-romano,16482810-3285-44fe-bc4c-3ddb921e606c,J&J's,30,8,0,0,0.0,0
2026-09-25,taranto,sacello-romano,16482810-3285-44fe-bc4c-3ddb921e606c,J&J's,30,6,0,0,0.0,0
2026-09-23,taranto,solito-tre-carrare,2300e55d-f57a-43f4-983b-e3c4d358cf52,J&J's,0,3,0,0,,0
2026-09-24,taranto,solito-tre-carrare,2300e55d-f57a-43f4-983b-e3c4d358cf52,J&J's,0,8,0,0,,0
2026-09-25,taranto,solito-tre-carrare,2300e55d-f57a-43f4-983b-e3c4d358cf52,J&J's,0,6,0,0,,0
2026-09-23,taranto,solito-tre-carrare,32d754d6-b27f-4038-bd1c-fe5ff7808dd5,J&J's,0,3,0,0,,0
2026-09-24,taranto,solito-tre-carrare,32d754d6-b27f-4038-bd1c-fe5ff7808dd5,J&J's,0,8,0,0,,0
2026-09-25,taranto,solito-tre-carrare,32d754d6-b27f-4038-bd1c-fe5ff7808dd5,J&J's,0,6,0,0,,0
2026-09-23,taranto,massafra,382cd0a4-dabb-467a-9e72-923cd5d52b74,J&J's,0,3,0,0,,0
2026-09-24,taranto,massafra,382cd0a4-dabb-467a-9e72-923cd5d52b74,J&J's,0,8,0,0,,0
2026-09-25,taranto,massafra,382cd0a4-dabb-467a-9e72-923cd5d52b74,J&J's,0,6,0,0,,0
2026-09-23,taranto,carosino,3cf4658f-0aa3-4142-8d85-6b85a0613f35,J&J's,10,3,0,0,0.0,0
2026-09-24,taranto,carosino,3cf4658f-0aa3-4142-8d85-6b85a0613f35,J&J's,10,8,0,0,0.0,0
2026-09-25,taranto,carosino,3cf4658f-0aa3-4142-8d85-6b85a0613f35,J&J's,10,6,0,0,0.0,0
2026-09-23,taranto,sava,674cf8d1-4221-464f-a410-95d1540caadb,J&J's,0,3,0,0,,0
2026-09-24,taranto,sava,674cf8d1-4221-464f-a410-95d1540caadb,J&J's,0,8,0,0,,0
2026-09-25,taranto,sava,674cf8d1-4221-464f-a410-95d1540caadb,J&J's,0,6,0,0,,0
2026-09-23,taranto,uggiano-montefusco,73ae994f-a02f-4431-8b4c-060fb7b13b37,J&J's,0,3,0,0,,0
2026-09-24,taranto,uggiano-montefusco,73ae994f-a02f-4431-8b4c-060fb7b13b37,J&J's,0,8,0,0,,0
2026-09-25,taranto,uggiano-montefusco,73ae994f-a02f-4431-8b4c-060fb7b13b37,J&J's,0,6,0,0,,0
2026-09-23,taranto,solito-tre-carrare,7e39f6ae-9006-4f93-a7e3-d695a8dbf695,J&J's,0,3,0,0,,0
2026-09-24,taranto,solito-tre-carrare,7e39f6ae-9006-4f93-a7e3-d695a8dbf695,J&J's,0,8,0,0,,0
2026-09-25,taranto,solito-tre-carrare,7e39f6ae-9006-4f93-a7e3-d695a8dbf695,J&J's,0,6,0,0,,0
2026-09-23,taranto,solito-tre-carrare,883952eb-cc8a-4549-bad3-f3dd6dbd57b5,J&J's,0,3,0,0,,0
2026-09-24,taranto,solito-tre-carrare,883952eb-cc8a-4549-bad3-f3dd6dbd57b5,J&J's,0,8,0,0,,0
2026-09-25,taranto,solito-tre-carrare,883952eb-cc8a-4549-bad3-f3dd6dbd57b5,J&J's,0,6,0,0,,0
2026-09-23,taranto,solito-tre-carrare,940ea941-ab23-4d9d-9ab5-710aa68bc0c7,J&J's,50,3,0,0,0.0,0
2026-09-24,taranto,solito-tre-carrare,940ea941-ab23-4d9d-9ab5-710aa68bc0c7,J&J's,50,8,0,0,0.0,0
2026-09-25,taranto,solito-tre-carrare,940ea941-ab23-4d9d-9ab5-710aa68bc0c7,J&J's,50,6,0,0,0.0,0
2026-09-23,taranto,lama,b59bb76a-8c20-44ba-8dfa-30b6a0725e1d,J&J's,0,3,0,0,,0
2026-09-24,taranto,lama,b59bb76a-8c20-44ba-8dfa-30b6a0725e1d,J&J's,0,8,0,0,,0
2026-09-25,taranto,lama,b59bb76a-8c20-44ba-8dfa-30b6a0725e1d,J&J's,0,6,0,0,,0
2026-09-23,taranto,marina-di-ginosa,b91d2557-9dbb-4fe3-a320-0464f1f68ced,J&J's,0,3,0,0,,0
2026-09-24,taranto,marina-di-ginosa,b91d2557-9dbb-4fe3-a320-0464f1f68ced,J&J's,0,8,0,0,,0
2026-09-25,taranto,marina-di-ginosa,b91d2557-9dbb-4fe3-a320-0464f1f68ced,J&J's,0,6,0,0,,0
2026-09-23,taranto,castello-aragonese,e59bf40a-3448-4ea9-90c3-bfca35ac4dcd,J&J's,0,3,0,0,,0
2026-09-24,taranto,castello-aragonese,e59bf40a-3448-4ea9-90c3-bfca35ac4dcd,J&J's,0,8,0,0,,0
2026-09-25,taranto,castello-aragonese,e59bf40a-3448-4ea9-90c3-bfca35ac4dcd,J&J's,0,6,0,0,,0
2026-09-23,tempio-pausania,luras,189f5355-8182-43c2-87b7-2335862edcdc,J&J's,0,3,0,0,,0
2026-09-24,tempio-pausania,luras,189f5355-8182-43c2-87b7-2335862edcdc,J&J's,0,8,0,0,,0
2026-09-25,tempio-pausania,luras,189f5355-8182-43c2-87b7-2335862edcdc,J&J's,0,6,0,0,,0
2026-09-23,tempio-pausania,tèmpiu/tempio-pausania,97ffa351-35ea-4a9f-a306-52dfe5e14b85,J&J's,0,3,0,0,,0
2026-09-24,tempio-pausania,tèmpiu/tempio-pausania,97ffa351-35ea-4a9f-a306-52dfe5e14b85,J&J's,0,8,0,0,,0
2026-09-25,tempio-pausania,tèmpiu/tempio-pausania,97ffa351-35ea-4a9f-a306-52dfe5e14b85,J&J's,0,6,0,0,,0
2026-09-23,tempio-pausania,costa-del-turchese,b73f530d-45d9-4d3f-8606-5292228eb61a,J&J's,0,3,0,0,,0
2026-09-24,tempio-pausania,costa-del-turchese,b73f530d-45d9-4d3f-8606-5292228eb61a,J&J's,0,8,0,0,,0
2026-09-25,tempio-pausania,costa-del-turchese,b73f530d-45d9-4d3f-8606-5292228eb61a,J&J's,0,6,0,0,,0
2026-09-23,teramo,isola-del-gran-sasso-d'italia,1d216f22-0de8-46e4-b213-98a730ceaa12,J&J's,0,3,0,0,,0
2026-09-24,teramo,isola-del-gran-sasso-d'italia,1d216f22-0de8-46e4-b213-98a730ceaa12,J&J's,0,8,0,0,,0
2026-09-25,teramo,isola-del-gran-sasso-d'italia,1d216f22-0de8-46e4-b213-98a730ceaa12,J&J's,0,6,0,0,,0
2026-09-23,teramo,val-vomano,246dead2-2022-44d9-a87b-e56a5138e273,J&J's,0,3,0,0,,0
2026-09-24,teramo,val-vomano,246dead2-2022-44d9-a87b-e56a5138e273,J&J's,0,8,0,0,,0
2026-09-25,teramo,val-vomano,246dead2-2022-44d9-a87b-e56a5138e273,J&J's,0,6,0,0,,0
2026-09-23,teramo,san-giorgio,4100e299-20da-4d47-a9e8-dac0b6cc4d0b,J&J's,0,3,0,0,,0
2026-09-24,teramo,san-giorgio,4100e299-20da-4d47-a9e8-dac0b6cc4d0b,J&J's,0,8,0,0,,0
2026-09-25,teramo,san-giorgio,4100e299-20da-4d47-a9e8-dac0b6cc4d0b,J&J's,0,6,0,0,,0
2026-09-23,teramo,san-giorgio,514f36fb-d9b6-4be1-84dd-54f7a1728dc2,J&J's,0,3,0,0,,0
2026-09-24,teramo,san-giorgio,514f36fb-d9b6-4be1-84dd-54f7a1728dc2,J&J's,0,8,0,0,,0
2026-09-25,teramo,san-giorgio,514f36fb-d9b6-4be1-84dd-54f7a1728dc2,J&J's,0,6,0,0,,0
2026-09-23,teramo,san-berardo,6d71b47f-acb1-4455-af72-04a605d3d609,J&J's,0,3,0,0,,0
2026-09-24,teramo,san-berardo,6d71b47f-acb1-4455-af72-04a605d3d609,J&J's,0,8,0,0,,0
2026-09-25,teramo,san-berardo,6d71b47f-acb1-4455-af72-04a605d3d609,J&J's,0,6,0,0,,0
2026-09-23,teramo,villa-mosca,a0364839-764e-4e06-a72b-60613f41436b,J&J's,0,3,0,0,,0
2026-09-24,teramo,villa-mosca,a0364839-764e-4e06-a72b-60613f41436b,J&J's,0,8,0,0,,0
2026-09-25,teramo,villa-mosca,a0364839-764e-4e06-a72b-60613f41436b,J&J's,0,6,0,0,,0
2026-09-23,teramo,castiglione-messer-raimondo,a52543f2-b9a1-4ab0-9f7c-da87e4c1ba50,J&J's,0,3,0,0,,0
2026-09-24,teramo,castiglione-messer-raimondo,a52543f2-b9a1-4ab0-9f7c-da87e4c1ba50,J&J's,0,8,0,0,,0
2026-09-25,teramo,castiglione-messer-raimondo,a52543f2-b9a1-4ab0-9f7c-da87e4c1ba50,J&J's,0,6,0,0,,0
2026-09-23,teramo,campli,fd07f1ab-b9b8-4680-93dd-e2f1bc0d1b4f,J&J's,0,3,0,0,,0
2026-09-24,teramo,campli,fd07f1ab-b9b8-4680-93dd-e2f1bc0d1b4f,J&J's,0,8,0,0,,0
2026-09-25,teramo,campli,fd07f1ab-b9b8-4680-93dd-e2f1bc0d1b4f,J&J's,0,6,0,0,,0
2026-09-23,terni,borgo-rivo,1a7975de-af36-4267-90ee-41bb9a7e1be2,J&J's,0,3,0,0,,0
2026-09-24,terni,borgo-rivo,1a7975de-af36-4267-90ee-41bb9a7e1be2,J&J's,0,8,0,0,,0
2026-09-25,terni,borgo-rivo,1a7975de-af36-4267-90ee-41bb9a7e1be2,J&J's,0,6,0,0,,0
2026-09-23,terni,railway-station,4b1851db-32b2-46e1-b127-61063b3b9c84,J&J's,0,3,0,0,,0
2026-09-24,terni,railway-station,4b1851db-32b2-46e1-b127-61063b3b9c84,J&J's,0,8,0,0,,0
2026-09-25,terni,railway-station,4b1851db-32b2-46e1-b127-61063b3b9c84,J&J's,0,6,0,0,,0
2026-09-23,terni,cospea,a124bb10-c2a2-4ce0-b801-948eda38a212,J&J's,0,3,0,0,,0
2026-09-24,terni,cospea,a124bb10-c2a2-4ce0-b801-948eda38a212,J&J's,0,8,0,0,,0
2026-09-25,terni,cospea,a124bb10-c2a2-4ce0-b801-948eda38a212,J&J's,0,6,0,0,,0
2026-09-23,terni,narni-scalo,ab1be65d-f8a5-45c1-b0c0-d8ec030932b8,J&J's,6,3,0,0,0.0,0
2026-09-24,terni,narni-scalo,ab1be65d-f8a5-45c1-b0c0-d8ec030932b8,J&J's,6,8,0,0,0.0,0
2026-09-25,terni,narni-scalo,ab1be65d-f8a5-45c1-b0c0-d8ec030932b8,J&J's,6,6,0,0,0.0,0
2026-09-23,terni,città-giardino,b141b257-ce26-4730-bfbf-6c449c805d6d,J&J's,0,3,0,0,,0
2026-09-24,terni,città-giardino,b141b257-ce26-4730-bfbf-6c449c805d6d,J&J's,0,8,0,0,,0
2026-09-25,terni,città-giardino,b141b257-ce26-4730-bfbf-6c449c805d6d,J&J's,0,6,0,0,,0
2026-09-23,terni,railway-station,fa3a0e4c-8c83-4406-af2c-73635363fc0c,J&J's,0,3,0,0,,0
2026-09-24,terni,railway-station,fa3a0e4c-8c83-4406-af2c-73635363fc0c,J&J's,0,8,0,0,,0
2026-09-25,terni,railway-station,fa3a0e4c-8c83-4406-af2c-73635363fc0c,J&J's,0,6,0,0,,0
2026-09-23,trani,trani-transit-station,00895f11-1032-4721-b5da-3f8bca9a6bbe,J&J's,0,3,0,0,,0
2026-09-24,trani,trani-transit-station,00895f11-1032-4721-b5da-3f8bca9a6bbe,J&J's,0,8,0,0,,0
2026-09-25,trani,trani-transit-station,00895f11-1032-4721-b5da-3f8bca9a6bbe,J&J's,0,6,0,0,,0
2026-09-23,trani,corato,023868c0-3027-4d1a-9fd5-5b15ae01a49d,J&J's,0,3,0,0,,0
2026-09-24,trani,corato,023868c0-3027-4d1a-9fd5-5b15ae01a49d,J&J's,0,8,0,0,,0
2026-09-25,trani,corato,023868c0-3027-4d1a-9fd5-5b15ae01a49d,J&J's,0,6,0,0,,0
2026-09-23,trani,bisceglie,094e2f44-6d02-413c-a670-dc3ffac43fc8,J&J's,0,3,0,0,,0
2026-09-24,trani,bisceglie,094e2f44-6d02-413c-a670-dc3ffac43fc8,J&J's,0,8,0,0,,0
2026-09-25,trani,bisceglie,094e2f44-6d02-413c-a670-dc3ffac43fc8,J&J's,0,6,0,0,,0
2026-09-23,trani,trani-transit-station,25cbb9d0-2882-4675-8d0f-8817206f5cf2,J&J's,0,3,0,0,,0
2026-09-24,trani,trani-transit-station,25cbb9d0-2882-4675-8d0f-8817206f5cf2,J&J's,0,8,0,0,,0
2026-09-25,trani,trani-transit-station,25cbb9d0-2882-4675-8d0f-8817206f5cf2,J&J's,0,6,0,0,,0
2026-09-23,trani,bisceglie,2c0786fa-b0bb-4380-ade6-fefd14f48368,J&J's,0,3,0,0,,0
2026-09-24,trani,bisceglie,2c0786fa-b0bb-4380-ade6-fefd14f48368,J&J's,0,8,0,0,,0
2026-09-25,trani,bisceglie,2c0786fa-b0bb-4380-ade6-fefd14f48368,J&J's,0,6,0,0,,0
2026-09-23,trani,trani-transit-station,3213a35e-feae-496c-b153-f259c0553d2b,J&J's,0,3,3,3,,3
2026-09-24,trani,trani-transit-station,3213a35e-feae-496c-b153-f259c0553d2b,J&J's,0,8,3,2,,3
2026-09-25,trani,trani-transit-station,3213a35e-feae-496c-b153-f259c0553d2b,J&J's,0,6,2,1,,2
2026-09-23,trani,,464693bb-569b-4273-b51b-4bc90f0b518f,J&J's,0,3,0,0,,0
2026-09-24,trani,,464693bb-569b-4273-b51b-4bc90f0b518f,J&J's,0,8,0,0,,0
2026-09-25,trani,,464693bb-569b-4273-b51b-4bc90f0b518f,J&J's,0,6,0,0,,0
2026-09-23,trani,bisceglie,4cc2d7e9-8e71-4948-905a-11a275372693,J&J's,0,3,0,0,,0
2026-09-24,trani,bisceglie,4cc2d7e9-8e71-4948-905a-11a275372693,J&J's,0,8,0,0,,0
2026-09-25,trani,bisceglie,4cc2d7e9-8e71-4948-905a-11a275372693,J&J's,0,6,0,0,,0
2026-09-23,trani,bisceglie,5b71664e-c592-4965-a459-021e0476e096,J&J's,0,3,0,0,,0
2026-09-24,trani,bisceglie,5b71664e-c592-4965-a459-021e0476e096,J&J's,0,8,0,0,,0
2026-09-25,trani,bisceglie,5b71664e-c592-4965-a459-021e0476e096,J&J's,0,6,0,0,,0
2026-09-23,trani,bisceglie,7108ff43-02a7-4dbc-9d7f-2106c5253507,J&J's,0,3,0,0,,0
2026-09-24,trani,bisceglie,7108ff43-02a7-4dbc-9d7f-2106c5253507,J&J's,0,8,0,0,,0
2026-09-25,trani,bisceglie,7108ff43-02a7-4dbc-9d7f-2106c5253507,J&J's,0,6,0,0,,0
2026-09-23,trani,bisceglie,8594fb7c-e865-40ed-b0c8-f2256d3d2b44,J&J's,0,3,0,0,,0
2026-09-24,trani,bisceglie,8594fb7c-e865-40ed-b0c8-f2256d3d2b44,J&J's,0,8,0,0,,0
2026-09-25,trani,bisceglie,8594fb7c-e865-40ed-b0c8-f2256d3d2b44,J&J's,0,6,0,0,,0
2026-09-23,trani,trani-transit-station,a8b301ce-2710-4c1e-9751-66fc02829a7b,J&J's,0,3,0,0,,0
2026-09-24,trani,trani-transit-station,a8b301ce-2710-4c1e-9751-66fc02829a7b,J&J's,0,8,0,0,,0
2026-09-25,trani,trani-transit-station,a8b301ce-2710-4c1e-9751-66fc02829a7b,J&J's,0,6,0,0,,0
2026-09-23,trani,bisceglie,b46ca621-e0be-4f81-a55b-20ffc0b5a0ec,J&J's,0,3,0,0,,0
2026-09-24,trani,bisceglie,b46ca621-e0be-4f81-a55b-20ffc0b5a0ec,J&J's,0,8,0,0,,0
2026-09-25,trani,bisceglie,b46ca621-e0be-4f81-a55b-20ffc0b5a0ec,J&J's,0,6,0,0,,0
2026-09-23,trani,bisceglie,b585556c-7cb6-488e-8e66-43fd53426cee,J&J's,0,3,0,0,,0
2026-09-24,trani,bisceglie,b585556c-7cb6-488e-8e66-43fd53426cee,J&J's,0,8,0,0,,0
2026-09-25,trani,bisceglie,b585556c-7cb6-488e-8e66-43fd53426cee,J&J's,0,6,0,0,,0
2026-09-23,trani,,d360a511-70ed-4454-a214-58d48a3757c6,J&J's,0,3,0,0,,0
2026-09-24,trani,,d360a511-70ed-4454-a214-58d48a3757c6,J&J's,0,8,0,0,,0
2026-09-25,trani,,d360a511-70ed-4454-a214-58d48a3757c6,J&J's,0,6,0,0,,0
2026-09-23,trani,corato,eb03aecd-b68b-43a8-8780-a9bbdace4f11,J&J's,0,3,0,0,,0
2026-09-24,trani,corato,eb03aecd-b68b-43a8-8780-a9bbdace4f11,J&J's,0,8,0,0,,0
2026-09-25,trani,corato,eb03aecd-b68b-43a8-8780-a9bbdace4f11,J&J's,0,6,0,0,,0
2026-09-23,trani,san-valentino,f6e974a3-cbd3-4273-9a4e-95111c91abc2,J&J's,0,3,0,0,,0
2026-09-24,trani,san-valentino,f6e974a3-cbd3-4273-9a4e-95111c91abc2,J&J's,0,8,0,0,,0
2026-09-25,trani,san-valentino,f6e974a3-cbd3-4273-9a4e-95111c91abc2,J&J's,0,6,0,0,,0
2026-09-23,trapani,il-palazzo,0fa997b6-6e51-4739-837f-97704da15003,J&J's,0,3,0,0,,0
2026-09-24,trapani,il-palazzo,0fa997b6-6e51-4739-837f-97704da15003,J&J's,0,8,0,0,,0
2026-09-25,trapani,il-palazzo,0fa997b6-6e51-4739-837f-97704da15003,J&J's,0,6,0,0,,0
2026-09-23,trapani,xitta,290c2c0f-ef78-4b47-9bb6-39215155d907,J&J's,0,3,0,0,,0
2026-09-24,trapani,xitta,290c2c0f-ef78-4b47-9bb6-39215155d907,J&J's,0,8,0,0,,0
2026-09-25,trapani,xitta,290c2c0f-ef78-4b47-9bb6-39215155d907,J&J's,0,6,0,0,,0
2026-09-23,trapani,trapani-port,377eda91-6df2-47d2-8904-5b57d2c8b739,J&J's,0,3,3,3,,3
2026-09-24,trapani,trapani-port,377eda91-6df2-47d2-8904-5b57d2c8b739,J&J's,0,8,4,4,,4
2026-09-25,trapani,trapani-port,377eda91-6df2-47d2-8904-5b57d2c8b739,J&J's,0,6,4,4,,4
2026-09-23,trapani,trapani-port,56380712-bc5b-4d47-851a-d12def292380,J&J's,100,3,2,2,2.0,2
2026-09-24,trapani,trapani-port,56380712-bc5b-4d47-851a-d12def292380,J&J's,100,8,2,1,2.0,2
2026-09-25,trapani,trapani-port,56380712-bc5b-4d47-851a-d12def292380,J&J's,100,6,1,1,1.0,1
2026-09-23,trapani,train-station,75a1524d-c048-4359-b34a-40cfa548f2a0,J&J's,0,3,0,0,,0
2026-09-24,trapani,train-station,75a1524d-c048-4359-b34a-40cfa548f2a0,J&J's,0,8,0,0,,0
2026-09-25,trapani,train-station,75a1524d-c048-4359-b34a-40cfa548f2a0,J&J's,0,6,0,0,,0
2026-09-23,trapani,city-center,7892556e-09e5-4c07-85b2-c3733604b0bb,J&J's,0,3,0,0,,0
2026-09-24,trapani,city-center,7892556e-09e5-4c07-85b2-c3733604b0bb,J&J's,0,8,0,0,,0
2026-09-25,trapani,city-center,7892556e-09e5-4c07-85b2-c3733604b0bb,J&J's,0,6,0,0,,0
2026-09-23,trapani,city-center,7f1253d8-acee-44e4-948d-8da2bf132422,J&J's,40,3,0,0,0.0,0
2026-09-24,trapani,city-center,7f1253d8-acee-44e4-948d-8da2bf132422,J&J's,40,8,0,0,0.0,0
2026-09-25,trapani,city-center,7f1253d8-acee-44e4-948d-8da2bf132422,J&J's,40,6,0,0,0.0,0
2026-09-23,trapani,city-center,80b969b3-ab58-402c-b8e8-e34536a79610,J&J's,0,3,0,0,,0
2026-09-24,trapani,city-center,80b969b3-ab58-402c-b8e8-e34536a79610,J&J's,0,8,0,0,,0
2026-09-25,trapani,city-center,80b969b3-ab58-402c-b8e8-e34536a79610,J&J's,0,6,0,0,,0
2026-09-23,trapani,,aa69b7f2-0e5b-4bc2-beaf-a5c353920a68,J&J's,50,3,0,0,0.0,0
2026-09-24,trapani,,aa69b7f2-0e5b-4bc2-beaf-a5c353920a68,J&J's,50,8,0,0,0.0,0
2026-09-25,trapani,,aa69b7f2-0e5b-4bc2-beaf-a5c353920a68,J&J's,50,6,0,0,0.0,0
2026-09-23,trapani,trapani-train-station,ae87bd24-5984-49eb-bfb2-7dc279179934,J&J's,0,3,0,0,,0
2026-09-24,trapani,trapani-train-station,ae87bd24-5984-49eb-bfb2-7dc279179934,J&J's,0,8,0,0,,0
2026-09-25,trapani,trapani-train-station,ae87bd24-5984-49eb-bfb2-7dc279179934,J&J's,0,6,0,0,,0
2026-09-23,trapani,trapani-port,b26867de-b3bc-46e4-981c-c10ae538125e,J&J's,0,3,3,3,,3
2026-09-24,trapani,trapani-port,b26867de-b3bc-46e4-981c-c10ae538125e,J&J's,0,8,4,4,,4
2026-09-25,trapani,trapani-port,b26867de-b3bc-46e4-981c-c10ae538125e,J&J's,0,6,4,4,,4
2026-09-23,trapani,,bfacda03-c00d-4736-bdab-f9e0c0331085,J&J's,0,3,0,0,,0
2026-09-24,trapani,,bfacda03-c00d-4736-bdab-f9e0c0331085,J&J's,0,8,0,0,,0
2026-09-25,trapani,,bfacda03-c00d-4736-bdab-f9e0c0331085,J&J's,0,6,0,0,,0
2026-09-23,trapani,trapani-port,c092898b-3dc7-49a5-8f06-56b021886f55,J&J's,0,3,0,0,,0
2026-09-24,trapani,trapani-port,c092898b-3dc7-49a5-8f06-56b021886f55,J&J's,0,8,1,1,,1
2026-09-25,trapani,trapani-port,c092898b-3dc7-49a5-8f06-56b021886f55,J&J's,0,6,1,1,,1
2026-09-23,trapani,,cba5603a-7c95-4287-beee-d445ca7971a5,J&J's,5,3,0,0,0.0,0
2026-09-24,trapani,,cba5603a-7c95-4287-beee-d445ca7971a5,J&J's,5,8,0,0,0.0,0
2026-09-25,trapani,,cba5603a-7c95-4287-beee-d445ca7971a5,J&J's,5,6,0,0,0.0,0
2026-09-23,trapani,sperone,d1163d66-9c3c-49c6-acff-591b10e1fe23,J&J's,0,3,0,0,,0
2026-09-24,trapani,sperone,d1163d66-9c3c-49c6-acff-591b10e1fe23,J&J's,0,8,0,0,,0
2026-09-25,trapani,sperone,d1163d66-9c3c-49c6-acff-591b10e1fe23,J&J's,0,6,0,0,,0
2026-09-23,trapani,xitta,deb494f1-7f04-4306-8b86-8dd164e6f768,J&J's,0,3,0,0,,0
2026-09-24,trapani,xitta,deb494f1-7f04-4306-8b86-8dd164e6f768,J&J's,0,8,0,0,,0
2026-09-25,trapani,xitta,deb494f1-7f04-4306-8b86-8dd164e6f768,J&J's,0,6,0,0,,0
2026-09-23,trapani,trapani-port,e4539e41-1eb4-4c82-8595-738953eca18f,J&J's,0,3,1,1,,1
2026-09-24,trapani,trapani-port,e4539e41-1eb4-4c82-8595-738953eca18f,J&J's,0,8,1,1,,1
2026-09-25,trapani,trapani-port,e4539e41-1eb4-4c82-8595-738953eca18f,J&J's,0,6,1,1,,1
2026-09-23,trapani,palma,f933df27-986e-4c1d-af10-0fcc833d4622,J&J's,0,3,0,0,,0
2026-09-24,trapani,palma,f933df27-986e-4c1d-af10-0fcc833d4622,J&J's,0,8,0,0,,0
2026-09-25,trapani,palma,f933df27-986e-4c1d-af10-0fcc833d4622,J&J's,0,6,0,0,,0
2026-09-23,trento,le-albere,141372c0-42c4-44ec-96ba-a1591a98f820,J&J's,0,3,0,0,,0
2026-09-24,trento,le-albere,141372c0-42c4-44ec-96ba-a1591a98f820,J&J's,0,8,0,0,,0
2026-09-25,trento,le-albere,141372c0-42c4-44ec-96ba-a1591a98f820,J&J's,0,6,0,0,,0
2026-09-23,trento,main-station,271e8a0d-91b5-4c56-9dc1-9165c8807494,J&J's,0,3,0,0,,0
2026-09-24,trento,main-station,271e8a0d-91b5-4c56-9dc1-9165c8807494,J&J's,0,8,0,0,,0
2026-09-25,trento,main-station,271e8a0d-91b5-4c56-9dc1-9165c8807494,J&J's,0,6,0,0,,0
2026-09-23,trento,main-station,4bf44e33-47ce-44dc-a3c6-e550a30ea032,J&J's,0,3,1,1,,1
2026-09-24,trento,main-station,4bf44e33-47ce-44dc-a3c6-e550a30ea032,J&J's,0,8,1,0,,1
2026-09-25,trento,main-station,4bf44e33-47ce-44dc-a3c6-e550a30ea032,J&J's,0,6,0,0,,0
2026-09-23,trento,pristol,5a9ca27b-87a2-416a-93a4-1eeba49c1e1c,J&J's,0,3,0,0,,0
2026-09-24,trento,pristol,5a9ca27b-87a2-416a-93a4-1eeba49c1e1c,J&J's,0,8,0,0,,0
2026-09-25,trento,pristol,5a9ca27b-87a2-416a-93a4-1eeba49c1e1c,J&J's,0,6,0,0,,0
2026-09-23,trento,bondone,5c7f5796-59d5-4dc6-9b38-eea9182a7b60,J&J's,0,3,0,0,,0
2026-09-24,trento,bondone,5c7f5796-59d5-4dc6-9b38-eea9182a7b60,J&J's,0,8,0,0,,0
2026-09-25,trento,bondone,5c7f5796-59d5-4dc6-9b38-eea9182a7b60,J&J's,0,6,0,0,,0
2026-09-23,trento,san-giuseppe,5cf8258b-1762-4c87-b751-774c83771f6f,J&J's,20,3,0,0,0.0,0
2026-09-24,trento,san-giuseppe,5cf8258b-1762-4c87-b751-774c83771f6f,J&J's,20,8,0,0,0.0,0
2026-09-25,trento,san-giuseppe,5cf8258b-1762-4c87-b751-774c83771f6f,J&J's,20,6,0,0,0.0,0
2026-09-23,trento,bondone,9b3f3103-a5f5-4096-bcab-a188d9309e84,J&J's,0,3,0,0,,0
2026-09-24,trento,bondone,9b3f3103-a5f5-4096-bcab-a188d9309e84,J&J's,0,8,0,0,,0
2026-09-25,trento,bondone,9b3f3103-a5f5-4096-bcab-a188d9309e84,J&J's,0,6,0,0,,0
2026-09-23,trento,solteri,a667706c-5250-463a-bb3e-659624563871,J&J's,0,3,0,0,,0
2026-09-24,trento,solteri,a667706c-5250-463a-bb3e-659624563871,J&J's,0,8,0,0,,0
2026-09-25,trento,solteri,a667706c-5250-463a-bb3e-659624563871,J&J's,0,6,0,0,,0
2026-09-23,trento,main-station,b0862e4c-337a-4f1d-a962-bfd180114e22,J&J's,0,3,0,0,,0
2026-09-24,trento,main-station,b0862e4c-337a-4f1d-a962-bfd180114e22,J&J's,0,8,0,0,,0
2026-09-25,trento,main-station,b0862e4c-337a-4f1d-a962-bfd180114e22,J&J's,0,6,0,0,,0
2026-09-23,trento,main-station,bda74a24-0d26-41cb-94f8-dff88b84d99b,J&J's,0,3,0,0,,0
2026-09-24,trento,main-station,bda74a24-0d26-41cb-94f8-dff88b84d99b,J&J's,0,8,0,0,,0
2026-09-25,trento,main-station,bda74a24-0d26-41cb-94f8-dff88b84d99b,J&J's,0,6,0,0,,0
2026-09-23,trento,dezima,fc35f159-6d9c-432d-8b34-5c892b0282f0,J&J's,0,3,0,0,,0
2026-09-24,trento,dezima,fc35f159-6d9c-432d-8b34-5c892b0282f0,J&J's,0,8,0,0,,0
2026-09-25,trento,dezima,fc35f159-6d9c-432d-8b34-5c892b0282f0,J&J's,0,6,0,0,,0
2026-09-23,treviso,martellago,00c924f1-5261-45d9-9061-2c836271a783,J&J's,0,3,0,0,,0
2026-09-24,treviso,martellago,00c924f1-5261-45d9-9061-2c836271a783,J&J's,0,8,0,0,,0
2026-09-25,treviso,martellago,00c924f1-5261-45d9-9061-2c836271a783,J&J's,0,6,0,0,,0
2026-09-23,treviso,santa-maria-del-rovere,08db0215-d8c3-436b-a7cd-0d930ac8408d,J&J's,0,3,0,0,,0
2026-09-24,treviso,santa-maria-del-rovere,08db0215-d8c3-436b-a7cd-0d930ac8408d,J&J's,0,8,0,0,,0
2026-09-25,treviso,santa-maria-del-rovere,08db0215-d8c3-436b-a7cd-0d930ac8408d,J&J's,0,6,0,0,,0
2026-09-23,treviso,quinto-di-treviso,1691168d-6c7b-4d32-88ff-afd98a8b3f9a,J&J's,0,3,0,0,,0
2026-09-24,treviso,quinto-di-treviso,1691168d-6c7b-4d32-88ff-afd98a8b3f9a,J&J's,0,8,0,0,,0
2026-09-25,treviso,quinto-di-treviso,1691168d-6c7b-4d32-88ff-afd98a8b3f9a,J&J's,0,6,0,0,,0
2026-09-23,treviso,castagnole,20ac82cb-6d8b-4cb6-b899-c0b2b7f89b58,J&J's,0,3,0,0,,0
2026-09-24,treviso,castagnole,20ac82cb-6d8b-4cb6-b899-c0b2b7f89b58,J&J's,0,8,0,0,,0
2026-09-25,treviso,castagnole,20ac82cb-6d8b-4cb6-b899-c0b2b7f89b58,J&J's,0,6,0,0,,0
2026-09-23,treviso,city-center,41ddcf4b-d511-4196-86bf-994b51377c7e,J&J's,0,3,0,0,,0
2026-09-24,treviso,city-center,41ddcf4b-d511-4196-86bf-994b51377c7e,J&J's,0,8,0,0,,0
2026-09-25,treviso,city-center,41ddcf4b-d511-4196-86bf-994b51377c7e,J&J's,0,6,0,0,,0
2026-09-23,treviso,noale,490b9477-3d80-41d2-93b9-5b7220f90bbf,J&J's,0,3,0,0,,0
2026-09-24,treviso,noale,490b9477-3d80-41d2-93b9-5b7220f90bbf,J&J's,0,8,0,0,,0
2026-09-25,treviso,noale,490b9477-3d80-41d2-93b9-5b7220f90bbf,J&J's,0,6,0,0,,0
2026-09-23,treviso,city-center,54a2c982-456b-40b1-b88d-740f9cdc6a8b,J&J's,0,3,0,0,,0
2026-09-24,treviso,city-center,54a2c982-456b-40b1-b88d-740f9cdc6a8b,J&J's,0,8,0,0,,0
2026-09-25,treviso,city-center,54a2c982-456b-40b1-b88d-740f9cdc6a8b,J&J's,0,6,0,0,,0
2026-09-23,treviso,povegliano,5548fe7e-3bd6-4eed-9da3-1a81e117a48e,J&J's,0,3,0,0,,0
2026-09-24,treviso,povegliano,5548fe7e-3bd6-4eed-9da3-1a81e117a48e,J&J's,0,8,0,0,,0
2026-09-25,treviso,povegliano,5548fe7e-3bd6-4eed-9da3-1a81e117a48e,J&J's,0,6,0,0,,0
2026-09-23,treviso,treviso-train-station,5629f847-7917-48c0-8cf4-f807a6ceeb51,J&J's,0,3,0,0,,0
2026-09-24,treviso,treviso-train-station,5629f847-7917-48c0-8cf4-f807a6ceeb51,J&J's,0,8,0,0,,0
2026-09-25,treviso,treviso-train-station,5629f847-7917-48c0-8cf4-f807a6ceeb51,J&J's,0,6,0,0,,0
2026-09-23,treviso,zero-branco,5ecdbcef-4a6b-4d53-aa3b-d06dd2ca85a7,J&J's,0,3,0,0,,0
2026-09-24,treviso,zero-branco,5ecdbcef-4a6b-4d53-aa3b-d06dd2ca85a7,J&J's,0,8,0,0,,0
2026-09-25,treviso,zero-branco,5ecdbcef-4a6b-4d53-aa3b-d06dd2ca85a7,J&J's,0,6,0,0,,0
2026-09-23,treviso,casale-sul-sile,62a5c017-bfbc-47e6-bfec-d769328adca2,J&J's,0,3,0,0,,0
2026-09-24,treviso,casale-sul-sile,62a5c017-bfbc-47e6-bfec-d769328adca2,J&J's,0,8,0,0,,0
2026-09-25,treviso,casale-sul-sile,62a5c017-bfbc-47e6-bfec-d769328adca2,J&J's,0,6,0,0,,0
2026-09-23,treviso,trebaseleghe,6bd832c1-6202-47f0-ac81-b96d4c0bf049,J&J's,0,3,0,0,,0
2026-09-24,treviso,trebaseleghe,6bd832c1-6202-47f0-ac81-b96d4c0bf049,J&J's,0,8,0,0,,0
2026-09-25,treviso,trebaseleghe,6bd832c1-6202-47f0-ac81-b96d4c0bf049,J&J's,0,6,0,0,,0
2026-09-23,treviso,preganziol,7094ed3b-0dd4-4868-a1af-e4a558e2c119,J&J's,0,3,0,0,,0
2026-09-24,treviso,preganziol,7094ed3b-0dd4-4868-a1af-e4a558e2c119,J&J's,0,8,0,0,,0
2026-09-25,treviso,preganziol,7094ed3b-0dd4-4868-a1af-e4a558e2c119,J&J's,0,6,0,0,,0
2026-09-23,treviso,maserada-sul-piave,73e58d5a-73af-4f1d-bc9e-0fc48bfc1b73,J&J's,0,3,0,0,,0
2026-09-24,treviso,maserada-sul-piave,73e58d5a-73af-4f1d-bc9e-0fc48bfc1b73,J&J's,0,8,0,0,,0
2026-09-25,treviso,maserada-sul-piave,73e58d5a-73af-4f1d-bc9e-0fc48bfc1b73,J&J's,0,6,0,0,,0
2026-09-23,treviso,city-center,756a87e1-ee96-4b21-a124-11e45e125973,J&J's,0,3,0,0,,0
2026-09-24,treviso,city-center,756a87e1-ee96-4b21-a124-11e45e125973,J&J's,0,8,0,0,,0
2026-09-25,treviso,city-center,756a87e1-ee96-4b21-a124-11e45e125973,J&J's,0,6,0,0,,0
2026-09-23,treviso,san-zeno,839fa1ea-ced4-40e6-99e6-59cdf3e2e377,J&J's,0,3,0,0,,0
2026-09-24,treviso,san-zeno,839fa1ea-ced4-40e6-99e6-59cdf3e2e377,J&J's,0,8,0,0,,0
2026-09-25,treviso,san-zeno,839fa1ea-ced4-40e6-99e6-59cdf3e2e377,J&J's,0,6,0,0,,0
2026-09-23,treviso,casier,8742adcc-3d1c-4d6a-8d28-dfe9e328d3b9,J&J's,0,3,0,0,,0
2026-09-24,treviso,casier,8742adcc-3d1c-4d6a-8d28-dfe9e328d3b9,J&J's,0,8,0,0,,0
2026-09-25,treviso,casier,8742adcc-3d1c-4d6a-8d28-dfe9e328d3b9,J&J's,0,6,0,0,,0
2026-09-23,treviso,olme,8babffe8-a637-4ccd-afbf-8e8ff1f7e0ba,J&J's,0,3,0,0,,0
2026-09-24,treviso,olme,8babffe8-a637-4ccd-afbf-8e8ff1f7e0ba,J&J's,0,8,0,0,,0
2026-09-25,treviso,olme,8babffe8-a637-4ccd-afbf-8e8ff1f7e0ba,J&J's,0,6,0,0,,0
2026-09-23,treviso,,93f90f93-8767-4580-88d9-8f0748d0e808,J&J's,0,3,0,0,,0
2026-09-24,treviso,,93f90f93-8767-4580-88d9-8f0748d0e808,J&J's,0,8,0,0,,0
2026-09-25,treviso,,93f90f93-8767-4580-88d9-8f0748d0e808,J&J's,0,6,0,0,,0
2026-09-23,treviso,area-appiani,d12774cc-af26-4f52-bf48-c5490fa61ae0,J&J's,0,3,0,0,,0
2026-09-24,treviso,area-appiani,d12774cc-af26-4f52-bf48-c5490fa61ae0,J&J's,0,8,0,0,,0
2026-09-25,treviso,area-appiani,d12774cc-af26-4f52-bf48-c5490fa61ae0,J&J's,0,6,0,0,,0
2026-09-23,treviso,carità,d2332084-2bb4-46b2-9929-1e4beb3bd240,J&J's,0,3,0,0,,0
2026-09-24,treviso,carità,d2332084-2bb4-46b2-9929-1e4beb3bd240,J&J's,0,8,0,0,,0
2026-09-25,treviso,carità,d2332084-2bb4-46b2-9929-1e4beb3bd240,J&J's,0,6,0,0,,0
2026-09-23,treviso,city-center,d4afb722-9298-4208-ad88-2626f4baf5c4,J&J's,5,3,1,1,20.0,1
2026-09-24,treviso,city-center,d4afb722-9298-4208-ad88-2626f4baf5c4,J&J's,5,8,2,2,40.0,2
2026-09-25,treviso,city-center,d4afb722-9298-4208-ad88-2626f4baf5c4,J&J's,5,6,2,1,40.0,2
2026-09-23,treviso,treviso-train-station,e02eeda4-7804-4846-9b46-77264dbb8c14,J&J's,0,3,11,11,,11
2026-09-24,treviso,treviso-train-station,e02eeda4-7804-4846-9b46-77264dbb8c14,J&J's,0,8,11,11,,11
2026-09-25,treviso,treviso-train-station,e02eeda4-7804-4846-9b46-77264dbb8c14,J&J's,0,6,11,9,,11
2026-09-23,treviso,city-center,e8daae1c-b0bf-4fcd-983b-a12f63b388f5,J&J's,0,3,0,0,,0
2026-09-24,treviso,city-center,e8daae1c-b0bf-4fcd-983b-a12f63b388f5,J&J's,0,8,0,0,,0
2026-09-25,treviso,city-center,e8daae1c-b0bf-4fcd-983b-a12f63b388f5,J&J's,0,6,0,0,,0
2026-09-23,treviso,city-center,edcbc32d-8a17-4e1a-9cec-75222845db79,J&J's,0,3,2,2,,2
2026-09-24,treviso,city-center,edcbc32d-8a17-4e1a-9cec-75222845db79,J&J's,0,8,3,3,,3
2026-09-25,treviso,city-center,edcbc32d-8a17-4e1a-9cec-75222845db79,J&J's,0,6,2,2,,2
2026-09-23,treviso,city-center,f79257bc-5eba-43f9-9098-16d014095552,J&J's,0,3,6,6,,6
2026-09-24,treviso,city-center,f79257bc-5eba-43f9-9098-16d014095552,J&J's,0,8,7,6,,7
2026-09-25,treviso,city-center,f79257bc-5eba-43f9-9098-16d014095552,J&J's,0,6,6,5,,6
2026-09-23,trieste,trieste-train-station,05f91b49-4fdf-4cdd-8fef-9775c9cf3de6,J&J's,0,3,0,0,,0
2026-09-24,trieste,trieste-train-station,05f91b49-4fdf-4cdd-8fef-9775c9cf3de6,J&J's,0,8,0,0,,0
2026-09-25,trieste,trieste-train-station,05f91b49-4fdf-4cdd-8fef-9775c9cf3de6,J&J's,0,6,0,0,,0
2026-09-23,trieste,perugino,0c7901c8-be4a-4f6c-8cab-c231a49d13b7,J&J's,0,3,0,0,,0
2026-09-24,trieste,perugino,0c7901c8-be4a-4f6c-8cab-c231a49d13b7,J&J's,0,8,0,0,,0
2026-09-25,trieste,perugino,0c7901c8-be4a-4f6c-8cab-c231a49d13b7,J&J's,0,6,0,0,,0
2026-09-23,trieste,trieste-train-station,1c690631-1a7e-4d13-b7a5-5aeb0b5926f9,J&J's,0,3,0,0,,0
2026-09-24,trieste,trieste-train-station,1c690631-1a7e-4d13-b7a5-5aeb0b5926f9,J&J's,0,8,0,0,,0
2026-09-25,trieste,trieste-train-station,1c690631-1a7e-4d13-b7a5-5aeb0b5926f9,J&J's,0,6,1,1,,1
2026-09-23,trieste,lazzaretto-vecchio,317f0886-8718-4d4b-9822-49df2e20bbb9,J&J's,0,3,0,0,,0
2026-09-24,trieste,lazzaretto-vecchio,317f0886-8718-4d4b-9822-49df2e20bbb9,J&J's,0,8,0,0,,0
2026-09-25,trieste,lazzaretto-vecchio,317f0886-8718-4d4b-9822-49df2e20bbb9,J&J's,0,6,0,0,,0
2026-09-23,trieste,montuzza,3c22e8e1-dcc2-4f36-8a6d-dfd0bee639f5,J&J's,0,3,0,0,,0
2026-09-24,trieste,montuzza,3c22e8e1-dcc2-4f36-8a6d-dfd0bee639f5,J&J's,0,8,0,0,,0
2026-09-25,trieste,montuzza,3c22e8e1-dcc2-4f36-8a6d-dfd0bee639f5,J&J's,0,6,0,0,,0
2026-09-23,trieste,trieste-train-station,453a2886-cef6-426f-a025-6ef7abcdb218,J&J's,10,3,1,1,10.0,1
2026-09-24,trieste,trieste-train-station,453a2886-cef6-426f-a025-6ef7abcdb218,J&J's,10,8,1,1,10.0,1
2026-09-25,trieste,trieste-train-station,453a2886-cef6-426f-a025-6ef7abcdb218,J&J's,10,6,1,1,10.0,1
2026-09-23,trieste,trieste-train-station,608935b2-1bc5-4c43-bed2-ea0e01ba5f31,J&J's,0,3,3,3,,3
2026-09-24,trieste,trieste-train-station,608935b2-1bc5-4c43-bed2-ea0e01ba5f31,J&J's,0,8,3,2,,3
2026-09-25,trieste,trieste-train-station,608935b2-1bc5-4c43-bed2-ea0e01ba5f31,J&J's,0,6,3,3,,3
2026-09-23,trieste,scoglietto,663cf050-d241-414e-911b-1e9f6cd99c16,J&J's,0,3,0,0,,0
2026-09-24,trieste,scoglietto,663cf050-d241-414e-911b-1e9f6cd99c16,J&J's,0,8,0,0,,0
2026-09-25,trieste,scoglietto,663cf050-d241-414e-911b-1e9f6cd99c16,J&J's,0,6,0,0,,0
2026-09-23,trieste,trieste-train-station,97f11b77-f7b5-4286-bdb2-2ea7e4229911,J&J's,0,3,25,24,,25
2026-09-24,trieste,trieste-train-station,97f11b77-f7b5-4286-bdb2-2ea7e4229911,J&J's,0,8,28,28,,28
2026-09-25,trieste,trieste-train-station,97f11b77-f7b5-4286-bdb2-2ea7e4229911,J&J's,0,6,27,27,,27
2026-09-23,trieste,trieste-train-station,a2cef6cb-c6a7-4e44-a409-a4ff8b30e6d9,J&J's,0,3,3,3,,3
2026-09-24,trieste,trieste-train-station,a2cef6cb-c6a7-4e44-a409-a4ff8b30e6d9,J&J's,0,8,3,3,,3
2026-09-25,trieste,trieste-train-station,a2cef6cb-c6a7-4e44-a409-a4ff8b30e6d9,J&J's,0,6,3,3,,3
2026-09-23,trieste,trieste-train-station,a9bf1e03-4f85-4c5b-a566-579882958315,J&J's,0,3,2,2,,2
2026-09-24,trieste,trieste-train-station,a9bf1e03-4f85-4c5b-a566-579882958315,J&J's,0,8,2,2,,2
2026-09-25,trieste,trieste-train-station,a9bf1e03-4f85-4c5b-a566-579882958315,J&J's,0,6,2,1,,2
2026-09-23,trieste,ponziana,abe64419-04f5-4c84-81ea-3449f4ff4f8f,J&J's,0,3,0,0,,0
2026-09-24,trieste,ponziana,abe64419-04f5-4c84-81ea-3449f4ff4f8f,J&J's,0,8,0,0,,0
2026-09-25,trieste,ponziana,abe64419-04f5-4c84-81ea-3449f4ff4f8f,J&J's,0,6,0,0,,0
2026-09-23,trieste,trieste-train-station,b233870e-bfca-4a3a-ad6b-84b6a4c774d9,J&J's,0,3,0,0,,0
2026-09-24,trieste,trieste-train-station,b233870e-bfca-4a3a-ad6b-84b6a4c774d9,J&J's,0,8,0,0,,0
2026-09-25,trieste,trieste-train-station,b233870e-bfca-4a3a-ad6b-84b6a4c774d9,J&J's,0,6,0,0,,0
2026-09-23,trieste,trieste-train-station,b2681226-9b07-4b87-be07-f8b13978e658,J&J's,0,3,0,0,,0
2026-09-24,trieste,trieste-train-station,b2681226-9b07-4b87-be07-f8b13978e658,J&J's,0,8,0,0,,0
2026-09-25,trieste,trieste-train-station,b2681226-9b07-4b87-be07-f8b13978e658,J&J's,0,6,0,0,,0
2026-09-23,trieste,cul-de-nave,b2c53439-e6da-43f5-aaa2-1f3771e857fa,J&J's,0,3,0,0,,0
2026-09-24,trieste,cul-de-nave,b2c53439-e6da-43f5-aaa2-1f3771e857fa,J&J's,0,8,0,0,,0
2026-09-25,trieste,cul-de-nave,b2c53439-e6da-43f5-aaa2-1f3771e857fa,J&J's,0,6,0,0,,0
2026-09-23,trieste,barriera-nuova,b97163f9-dfad-4d95-a8cb-5de4ae0a6e00,J&J's,0,3,0,0,,0
2026-09-24,trieste,barriera-nuova,b97163f9-dfad-4d95-a8cb-5de4ae0a6e00,J&J's,0,8,0,0,,0
2026-09-25,trieste,barriera-nuova,b97163f9-dfad-4d95-a8cb-5de4ae0a6e00,J&J's,0,6,0,0,,0
2026-09-23,trieste,trieste-train-station,c9cf30d3-0e3f-4015-9542-3f365b20f0ab,J&J's,0,3,1,0,,1
2026-09-24,trieste,trieste-train-station,c9cf30d3-0e3f-4015-9542-3f365b20f0ab,J&J's,0,8,0,0,,0
2026-09-25,trieste,trieste-train-station,c9cf30d3-0e3f-4015-9542-3f365b20f0ab,J&J's,0,6,0,0,,0
2026-09-23,trieste,perugino,caf0ae43-bea9-4421-99ad-2e7c19b94cee,J&J's,0,3,0,0,,0
2026-09-24,trieste,perugino,caf0ae43-bea9-4421-99ad-2e7c19b94cee,J&J's,0,8,0,0,,0
2026-09-25,trieste,perugino,caf0ae43-bea9-4421-99ad-2e7c19b94cee,J&J's,0,6,0,0,,0
2026-09-23,trieste,trieste-train-station,cb026efd-0055-490d-85ce-8148857e9b96,J&J's,0,3,4,4,,4
2026-09-24,trieste,trieste-train-station,cb026efd-0055-490d-85ce-8148857e9b96,J&J's,0,8,4,3,,4
2026-09-25,trieste,trieste-train-station,cb026efd-0055-490d-85ce-8148857e9b96,J&J's,0,6,3,2,,3
2026-09-23,trieste,san-sabba,cd456484-ad4b-4079-a165-50b5a61aeb75,J&J's,0,3,0,0,,0
2026-09-24,trieste,san-sabba,cd456484-ad4b-4079-a165-50b5a61aeb75,J&J's,0,8,0,0,,0
2026-09-25,trieste,san-sabba,cd456484-ad4b-4079-a165-50b5a61aeb75,J&J's,0,6,0,0,,0
2026-09-23,trieste,trieste-train-station,cfea1e08-f549-4fa4-8298-9b89811b05be,J&J's,6,3,0,0,0.0,0
2026-09-24,trieste,trieste-train-station,cfea1e08-f549-4fa4-8298-9b89811b05be,J&J's,6,8,1,1,16.7,1
2026-09-25,trieste,trieste-train-station,cfea1e08-f549-4fa4-8298-9b89811b05be,J&J's,6,6,1,1,16.7,1
2026-09-23,trieste,montuzza,f5c999fa-0629-42bf-9683-e6a3c920779a,J&J's,0,3,1,1,,1
2026-09-24,trieste,montuzza,f5c999fa-0629-42bf-9683-e6a3c920779a,J&J's,0,8,1,1,,1
2026-09-25,trieste,montuzza,f5c999fa-0629-42bf-9683-e6a3c920779a,J&J's,0,6,1,1,,1
2026-09-23,trieste,trieste-train-station,fa90d608-ac8d-4b70-a71a-8e57ab547c55,J&J's,0,3,5,4,,5
2026-09-24,trieste,trieste-train-station,fa90d608-ac8d-4b70-a71a-8e57ab547c55,J&J's,0,8,4,4,,4
2026-09-25,trieste,trieste-train-station,fa90d608-ac8d-4b70-a71a-8e57ab547c55,J&J's,0,6,5,5,,5
2026-09-23,turin,torino-porta-susa,001971d3-cb5e-41f0-8afa-ec702f5c8541,J&J's,0,3,0,0,,0
2026-09-24,turin,torino-porta-susa,001971d3-cb5e-41f0-8afa-ec702f5c8541,J&J's,0,8,0,0,,0
2026-09-25,turin,torino-porta-susa,001971d3-cb5e-41f0-8afa-ec702f5c8541,J&J's,0,6,0,0,,0
2026-09-23,turin,grugliasco,084f5d39-0879-46c0-9bcc-85381ccd6867,J&J's,0,3,0,0,,0
2026-09-24,turin,grugliasco,084f5d39-0879-46c0-9bcc-85381ccd6867,J&J's,0,8,0,0,,0
2026-09-25,turin,grugliasco,084f5d39-0879-46c0-9bcc-85381ccd6867,J&J's,0,6,0,0,,0
2026-09-23,turin,city-center,08753c68-1cbb-435a-9dd5-60da704ebdb4,J&J's,0,3,3,3,,3
2026-09-24,turin,city-center,08753c68-1cbb-435a-9dd5-60da704ebdb4,J&J's,0,8,3,3,,3
2026-09-25,turin,city-center,08753c68-1cbb-435a-9dd5-60da704ebdb4,J&J's,0,6,3,2,,3
2026-09-23,turin,galleria-sabauda,098b1d19-8aed-4e1c-9c16-293e93642e85,J&J's,10,3,3,3,30.0,3
2026-09-24,turin,galleria-sabauda,098b1d19-8aed-4e1c-9c16-293e93642e85,J&J's,10,8,3,3,30.0,3
2026-09-25,turin,galleria-sabauda,098b1d19-8aed-4e1c-9c16-293e93642e85,J&J's,10,6,3,3,30.0,3
2026-09-23,turin,stazione-porta-nuova,0d976c35-515d-4157-9cdd-858685f060c3,J&J's,0,3,0,0,,0
2026-09-24,turin,stazione-porta-nuova,0d976c35-515d-4157-9cdd-858685f060c3,J&J's,0,8,0,0,,0
2026-09-25,turin,stazione-porta-nuova,0d976c35-515d-4157-9cdd-858685f060c3,J&J's,0,6,1,1,,1
2026-09-23,turin,torino-porta-susa,0ed3b157-31f5-42dd-841d-f3de01b1dcbb,J&J's,0,3,0,0,,0
2026-09-24,turin,torino-porta-susa,0ed3b157-31f5-42dd-841d-f3de01b1dcbb,J&J's,0,8,0,0,,0
2026-09-25,turin,torino-porta-susa,0ed3b157-31f5-42dd-841d-f3de01b1dcbb,J&J's,0,6,0,0,,0
2026-09-23,turin,cenisia,0ed6a335-e254-4b73-b910-ef0f5be0bd84,J&J's,0,3,0,0,,0
2026-09-24,turin,cenisia,0ed6a335-e254-4b73-b910-ef0f5be0bd84,J&J's,0,8,0,0,,0
2026-09-25,turin,cenisia,0ed6a335-e254-4b73-b910-ef0f5be0bd84,J&J's,0,6,0,0,,0
2026-09-23,turin,piazza-san-carlo,0eed8d49-46d0-4b76-bac8-5dce30820bb9,J&J's,0,3,0,0,,0
2026-09-24,turin,piazza-san-carlo,0eed8d49-46d0-4b76-bac8-5dce30820bb9,J&J's,0,8,0,0,,0
2026-09-25,turin,piazza-san-carlo,0eed8d49-46d0-4b76-bac8-5dce30820bb9,J&J's,0,6,0,0,,0
2026-09-23,turin,madonna-del-pilone,0f2b1b72-c86a-4663-b836-2c53abb4284f,J&J's,0,3,0,0,,0
2026-09-24,turin,madonna-del-pilone,0f2b1b72-c86a-4663-b836-2c53abb4284f,J&J's,0,8,0,0,,0
2026-09-25,turin,madonna-del-pilone,0f2b1b72-c86a-4663-b836-2c53abb4284f,J&J's,0,6,0,0,,0
2026-09-23,turin,orbassano,113abe5c-d31a-4f4b-919c-565ec0c22fb2,J&J's,0,3,0,0,,0
2026-09-24,turin,orbassano,113abe5c-d31a-4f4b-919c-565ec0c22fb2,J&J's,0,8,0,0,,0
2026-09-25,turin,orbassano,113abe5c-d31a-4f4b-919c-565ec0c22fb2,J&J's,0,6,0,0,,0
2026-09-23,turin,rivoli,128866f4-5d19-4d85-8f26-f1f732ba2379,J&J's,0,3,0,0,,0
2026-09-24,turin,rivoli,128866f4-5d19-4d85-8f26-f1f732ba2379,J&J's,0,8,0,0,,0
2026-09-25,turin,rivoli,128866f4-5d19-4d85-8f26-f1f732ba2379,J&J's,0,6,0,0,,0
2026-09-23,turin,stazione-porta-nuova,13b115c4-ad40-4f2b-8a4d-c32b6d1c4bab,J&J's,40,3,5,5,12.5,5
2026-09-24,turin,stazione-porta-nuova,13b115c4-ad40-4f2b-8a4d-c32b6d1c4bab,J&J's,40,8,5,5,12.5,5
2026-09-25,turin,stazione-porta-nuova,13b115c4-ad40-4f2b-8a4d-c32b6d1c4bab,J&J's,40,6,4,3,10.0,4
2026-09-23,turin,torino-dora,1885ec68-e782-4789-b554-7b6c10ac695a,J&J's,0,3,0,0,,0
2026-09-24,turin,torino-dora,1885ec68-e782-4789-b554-7b6c10ac695a,J&J's,0,8,0,0,,0
2026-09-25,turin,torino-dora,1885ec68-e782-4789-b554-7b6c10ac695a,J&J's,0,6,0,0,,0
2026-09-23,turin,piazza-castello,18a4f5d9-27ed-47dd-9a47-d51478862a8a,J&J's,0,3,5,5,,5
2026-09-24,turin,piazza-castello,18a4f5d9-27ed-47dd-9a47-d51478862a8a,J&J's,0,8,5,4,,5
2026-09-25,turin,piazza-castello,18a4f5d9-27ed-47dd-9a47-d51478862a8a,J&J's,0,6,4,4,,4
2026-09-23,turin,museo-pietro-micca,1971706e-350a-4b44-aa1f-0baee3fc184b,J&J's,16,3,3,3,18.8,3
2026-09-24,turin,museo-pietro-micca,1971706e-350a-4b44-aa1f-0baee3fc184b,J&J's,16,8,4,4,25.0,4
2026-09-25,turin,museo-pietro-micca,1971706e-350a-4b44-aa1f-0baee3fc184b,J&J's,16,6,4,4,25.0,4
2026-09-23,turin,regina-margherita,1b4e504c-6452-406b-9084-c12d4d24ed6c,J&J's,0,3,0,0,,0
2026-09-24,turin,regina-margherita,1b4e504c-6452-406b-9084-c12d4d24ed6c,J&J's,0,8,0,0,,0
2026-09-25,turin,regina-margherita,1b4e504c-6452-406b-9084-c12d4d24ed6c,J&J's,0,6,0,0,,0
2026-09-23,turin,borgo-vittoria,1b530c94-f3cf-4fa0-984d-f3ced8dd5046,J&J's,0,3,0,0,,0
2026-09-24,turin,borgo-vittoria,1b530c94-f3cf-4fa0-984d-f3ced8dd5046,J&J's,0,8,0,0,,0
2026-09-25,turin,borgo-vittoria,1b530c94-f3cf-4fa0-984d-f3ced8dd5046,J&J's,0,6,0,0,,0
2026-09-23,turin,piazza-castello,1e28b679-9607-4d29-9d1d-01e381ad66a5,J&J's,0,3,41,41,,41
2026-09-24,turin,piazza-castello,1e28b679-9607-4d29-9d1d-01e381ad66a5,J&J's,0,8,41,37,,41
2026-09-25,turin,piazza-castello,1e28b679-9607-4d29-9d1d-01e381ad66a5,J&J's,0,6,37,36,,37
2026-09-23,turin,stazione-porta-nuova,1f3e5302-33b8-4c0c-acde-1ed7c67c543e,J&J's,30,3,0,0,0.0,0
2026-09-24,turin,stazione-porta-nuova,1f3e5302-33b8-4c0c-acde-1ed7c67c543e,J&J's,30,8,0,0,0.0,0
2026-09-25,turin,stazione-porta-nuova,1f3e5302-33b8-4c0c-acde-1ed7c67c543e,J&J's,30,6,0,0,0.0,0
2026-09-23,turin,torino-dora,22e9be69-9543-48ab-951e-23ad66baad14,J&J's,0,3,0,0,,0
2026-09-24,turin,torino-dora,22e9be69-9543-48ab-951e-23ad66baad14,J&J's,0,8,0,0,,0
2026-09-25,turin,torino-dora,22e9be69-9543-48ab-951e-23ad66baad14,J&J's,0,6,0,0,,0
2026-09-23,turin,allianz-stadium,2423c201-2657-40c1-b617-27cdb4633f33,J&J's,100,3,0,0,0.0,0
2026-09-24,turin,allianz-stadium,2423c201-2657-40c1-b617-27cdb4633f33,J&J's,100,8,0,0,0.0,0
2026-09-25,turin,allianz-stadium,2423c201-2657-40c1-b617-27cdb4633f33,J&J's,100,6,0,0,0.0,0
2026-09-23,turin,torino-dora,29952867-a76a-41be-a9fb-9e46e4edc86b,J&J's,0,3,1,1,,1
2026-09-24,turin,torino-dora,29952867-a76a-41be-a9fb-9e46e4edc86b,J&J's,0,8,1,1,,1
2026-09-25,turin,torino-dora,29952867-a76a-41be-a9fb-9e46e4edc86b,J&J's,0,6,1,1,,1
2026-09-23,turin,stazione-porta-nuova,2a912291-9a85-4097-8250-eae5ce7986ae,J&J's,0,3,2,2,,2
2026-09-24,turin,stazione-porta-nuova,2a912291-9a85-4097-8250-eae5ce7986ae,J&J's,0,8,2,2,,2
2026-09-25,turin,stazione-porta-nuova,2a912291-9a85-4097-8250-eae5ce7986ae,J&J's,0,6,2,2,,2
2026-09-23,turin,altessano,2ab57a3d-9744-4bd9-9b75-b3737de7bd4f,J&J's,0,3,0,0,,0
2026-09-24,turin,altessano,2ab57a3d-9744-4bd9-9b75-b3737de7bd4f,J&J's,0,8,0,0,,0
2026-09-25,turin,altessano,2ab57a3d-9744-4bd9-9b75-b3737de7bd4f,J&J's,0,6,0,0,,0
2026-09-23,turin,orbassano,2d52beef-1e09-49cf-a6a1-82783b4646ca,J&J's,0,3,0,0,,0
2026-09-24,turin,orbassano,2d52beef-1e09-49cf-a6a1-82783b4646ca,J&J's,0,8,0,0,,0
2026-09-25,turin,orbassano,2d52beef-1e09-49cf-a6a1-82783b4646ca,J&J's,0,6,0,0,,0
2026-09-23,turin,torino-porta-susa,2d637f64-7e8c-40bd-beb9-777a51b1fc11,J&J's,0,3,0,0,,0
2026-09-24,turin,torino-porta-susa,2d637f64-7e8c-40bd-beb9-777a51b1fc11,J&J's,0,8,0,0,,0
2026-09-25,turin,torino-porta-susa,2d637f64-7e8c-40bd-beb9-777a51b1fc11,J&J's,0,6,0,0,,0
2026-09-23,turin,santa-rita,2f1bc8ed-3437-4765-a577-e4fb9ed26c91,J&J's,0,3,0,0,,0
2026-09-24,turin,santa-rita,2f1bc8ed-3437-4765-a577-e4fb9ed26c91,J&J's,0,8,0,0,,0
2026-09-25,turin,santa-rita,2f1bc8ed-3437-4765-a577-e4fb9ed26c91,J&J's,0,6,0,0,,0
2026-09-23,turin,sant'ambrogio-di-torino,2f55941a-4e3d-420b-9570-23232927cf74,J&J's,0,3,0,0,,0
2026-09-24,turin,sant'ambrogio-di-torino,2f55941a-4e3d-420b-9570-23232927cf74,J&J's,0,8,0,0,,0
2026-09-25,turin,sant'ambrogio-di-torino,2f55941a-4e3d-420b-9570-23232927cf74,J&J's,0,6,0,0,,0
2026-09-23,turin,nichelino,2fe2446c-1a3e-478f-8a98-e5e043d0ccbd,J&J's,0,3,0,0,,0
2026-09-24,turin,nichelino,2fe2446c-1a3e-478f-8a98-e5e043d0ccbd,J&J's,0,8,0,0,,0
2026-09-25,turin,nichelino,2fe2446c-1a3e-478f-8a98-e5e043d0ccbd,J&J's,0,6,0,0,,0
2026-09-23,turin,allianz-stadium,2ff2d5b9-0985-4bea-b2c2-e0db17426259,J&J's,0,3,2,2,,2
2026-09-24,turin,allianz-stadium,2ff2d5b9-0985-4bea-b2c2-e0db17426259,J&J's,0,8,2,2,,2
2026-09-25,turin,allianz-stadium,2ff2d5b9-0985-4bea-b2c2-e0db17426259,J&J's,0,6,2,2,,2
2026-09-23,turin,crocetta,31ce0cc0-ae03-4ce3-a6bc-5626061a1895,J&J's,0,3,18,18,,18
2026-09-24,turin,crocetta,31ce0cc0-ae03-4ce3-a6bc-5626061a1895,J&J's,0,8,18,16,,18
2026-09-25,turin,crocetta,31ce0cc0-ae03-4ce3-a6bc-5626061a1895,J&J's,0,6,18,12,,18
2026-09-23,turin,mirafiori-nord,32efaaa9-ffe2-48cf-ba08-5ae985c6e944,J&J's,0,3,4,4,,4
2026-09-24,turin,mirafiori-nord,32efaaa9-ffe2-48cf-ba08-5ae985c6e944,J&J's,0,8,4,4,,4
2026-09-25,turin,mirafiori-nord,32efaaa9-ffe2-48cf-ba08-5ae985c6e944,J&J's,0,6,4,4,,4
2026-09-23,turin,settimo-torinese,3675f38d-a8ae-4b13-8d4e-b8d5b8197f97,J&J's,50,3,0,0,0.0,0
2026-09-24,turin,settimo-torinese,3675f38d-a8ae-4b13-8d4e-b8d5b8197f97,J&J's,50,8,0,0,0.0,0
2026-09-25,turin,settimo-torinese,3675f38d-a8ae-4b13-8d4e-b8d5b8197f97,J&J's,50,6,0,0,0.0,0
2026-09-23,turin,stazione-porta-nuova,3ce2313e-8859-4c44-b751-3bbe80eba270,J&J's,0,3,1,1,,1
2026-09-24,turin,stazione-porta-nuova,3ce2313e-8859-4c44-b751-3bbe80eba270,J&J's,0,8,1,1,,1
2026-09-25,turin,stazione-porta-nuova,3ce2313e-8859-4c44-b751-3bbe80eba270,J&J's,0,6,1,1,,1
2026-09-23,turin,galleria-sabauda,3dd8d714-a26f-4924-a41f-10388f4a8173,J&J's,0,3,7,7,,7
2026-09-24,turin,galleria-sabauda,3dd8d714-a26f-4924-a41f-10388f4a8173,J&J's,0,8,7,7,,8
2026-09-25,turin,galleria-sabauda,3dd8d714-a26f-4924-a41f-10388f4a8173,J&J's,0,6,7,5,,7
2026-09-23,turin,martinetto,3f3b632f-ded4-46c2-b34a-2df363ad3309,J&J's,0,3,0,0,,0
2026-09-24,turin,martinetto,3f3b632f-ded4-46c2-b34a-2df363ad3309,J&J's,0,8,0,0,,0
2026-09-25,turin,martinetto,3f3b632f-ded4-46c2-b34a-2df363ad3309,J&J's,0,6,0,0,,0
2026-09-23,turin,rebaudengo,416f6823-8b80-455e-8b4b-43085b66d6b3,J&J's,0,3,0,0,,0
2026-09-24,turin,rebaudengo,416f6823-8b80-455e-8b4b-43085b66d6b3,J&J's,0,8,0,0,,0
2026-09-25,turin,rebaudengo,416f6823-8b80-455e-8b4b-43085b66d6b3,J&J's,0,6,0,0,,0
2026-09-23,turin,ciriè,41d937f6-5393-4f1e-bfbf-e064c60fb929,J&J's,0,3,0,0,,0
2026-09-24,turin,ciriè,41d937f6-5393-4f1e-bfbf-e064c60fb929,J&J's,0,8,0,0,,0
2026-09-25,turin,ciriè,41d937f6-5393-4f1e-bfbf-e064c60fb929,J&J's,0,6,0,0,,0
2026-09-23,turin,circoscrizione-2,487d73e9-7b63-485d-80d8-8783ed1a8265,J&J's,0,3,0,0,,0
2026-09-24,turin,circoscrizione-2,487d73e9-7b63-485d-80d8-8783ed1a8265,J&J's,0,8,0,0,,0
2026-09-25,turin,circoscrizione-2,487d73e9-7b63-485d-80d8-8783ed1a8265,J&J's,0,6,0,0,,0
2026-09-23,turin,city-center,48e4c152-a94c-4709-aa28-5252e849f8d0,J&J's,0,3,1,1,,1
2026-09-24,turin,city-center,48e4c152-a94c-4709-aa28-5252e849f8d0,J&J's,0,8,2,2,,2
2026-09-25,turin,city-center,48e4c152-a94c-4709-aa28-5252e849f8d0,J&J's,0,6,2,2,,2
2026-09-23,turin,stazione-porta-nuova,5817defc-7df4-4a82-9920-62a1d38a726e,J&J's,0,3,0,0,,0
2026-09-24,turin,stazione-porta-nuova,5817defc-7df4-4a82-9920-62a1d38a726e,J&J's,0,8,0,0,,0
2026-09-25,turin,stazione-porta-nuova,5817defc-7df4-4a82-9920-62a1d38a726e,J&J's,0,6,0,0,,0
2026-09-23,turin,polo-nord,60e78ddd-28c2-4e1d-a9a1-2d22166b2c2a,J&J's,0,3,0,0,,0
2026-09-24,turin,polo-nord,60e78ddd-28c2-4e1d-a9a1-2d22166b2c2a,J&J's,0,8,0,0,,0
2026-09-25,turin,polo-nord,60e78ddd-28c2-4e1d-a9a1-2d22166b2c2a,J&J's,0,6,0,0,,0
2026-09-23,turin,museo-pietro-micca,60f03202-f047-44c3-8c05-ba1e7b8ac0cd,J&J's,0,3,13,12,,13
2026-09-24,turin,museo-pietro-micca,60f03202-f047-44c3-8c05-ba1e7b8ac0cd,J&J's,0,8,13,11,,13
2026-09-25,turin,museo-pietro-micca,60f03202-f047-44c3-8c05-ba1e7b8ac0cd,J&J's,0,6,11,10,,12
2026-09-23,turin,leumann,63e63aae-8257-4a59-9788-1940401d0c26,J&J's,0,3,0,0,,0
2026-09-24,turin,leumann,63e63aae-8257-4a59-9788-1940401d0c26,J&J's,0,8,0,0,,0
2026-09-25,turin,leumann,63e63aae-8257-4a59-9788-1940401d0c26,J&J's,0,6,0,0,,0
2026-09-23,turin,quadrilatero,645e918a-e856-421d-9c58-a510326f10b5,J&J's,0,3,4,4,,4
2026-09-24,turin,quadrilatero,645e918a-e856-421d-9c58-a510326f10b5,J&J's,0,8,4,4,,4
2026-09-25,turin,quadrilatero,645e918a-e856-421d-9c58-a510326f10b5,J&J's,0,6,5,5,,5
2026-09-23,turin,barriera-di-lanzo,672c58bf-0629-4629-8b7d-4e6ab5f0ba1d,J&J's,0,3,0,0,,0
2026-09-24,turin,barriera-di-lanzo,672c58bf-0629-4629-8b7d-4e6ab5f0ba1d,J&J's,0,8,0,0,,0
2026-09-25,turin,barriera-di-lanzo,672c58bf-0629-4629-8b7d-4e6ab5f0ba1d,J&J's,0,6,0,0,,0
2026-09-23,turin,vanchiglietta,6a9ff834-eca8-4425-8466-856ea5afbb1f,J&J's,0,3,0,0,,0
2026-09-24,turin,vanchiglietta,6a9ff834-eca8-4425-8466-856ea5afbb1f,J&J's,0,8,0,0,,0
2026-09-25,turin,vanchiglietta,6a9ff834-eca8-4425-8466-856ea5afbb1f,J&J's,0,6,0,0,,0
2026-09-23,turin,lingotto,6bf9a9c8-8ef3-4b72-8c2e-7b4642ea769e,J&J's,0,3,0,0,,0
2026-09-24,turin,lingotto,6bf9a9c8-8ef3-4b72-8c2e-7b4642ea769e,J&J's,0,8,0,0,,0
2026-09-25,turin,lingotto,6bf9a9c8-8ef3-4b72-8c2e-7b4642ea769e,J&J's,0,6,0,0,,0
2026-09-23,turin,torino-porta-susa,6cc5a38d-f3ca-441a-8d8a-307932e5b294,J&J's,0,3,0,0,,0
2026-09-24,turin,torino-porta-susa,6cc5a38d-f3ca-441a-8d8a-307932e5b294,J&J's,0,8,0,0,,0
2026-09-25,turin,torino-porta-susa,6cc5a38d-f3ca-441a-8d8a-307932e5b294,J&J's,0,6,0,0,,0
2026-09-23,turin,san-maurizio-canavese,6e0c3d2b-5d41-4375-882f-cf879c1a59a7,J&J's,100,3,1,1,1.0,1
2026-09-24,turin,san-maurizio-canavese,6e0c3d2b-5d41-4375-882f-cf879c1a59a7,J&J's,100,8,1,1,1.0,1
2026-09-25,turin,san-maurizio-canavese,6e0c3d2b-5d41-4375-882f-cf879c1a59a7,J&J's,100,6,1,1,1.0,1
2026-09-23,turin,alta-parella,725118db-bad9-42cd-a2e5-877838213161,J&J's,0,3,0,0,,0
2026-09-24,turin,alta-parella,725118db-bad9-42cd-a2e5-877838213161,J&J's,0,8,0,0,,0
2026-09-25,turin,alta-parella,725118db-bad9-42cd-a2e5-877838213161,J&J's,0,6,0,0,,0
2026-09-23,turin,piazza-statuto,72a9b412-01d4-4d56-9b9f-c9e653621185,J&J's,0,3,0,0,,0
2026-09-24,turin,piazza-statuto,72a9b412-01d4-4d56-9b9f-c9e653621185,J&J's,0,8,0,0,,0
2026-09-25,turin,piazza-statuto,72a9b412-01d4-4d56-9b9f-c9e653621185,J&J's,0,6,0,0,,0
2026-09-23,turin,city-center,7337a544-d9fb-4f71-976c-d3457b0eca29,J&J's,7,3,3,3,42.9,3
2026-09-24,turin,city-center,7337a544-d9fb-4f71-976c-d3457b0eca29,J&J's,7,8,3,2,42.9,3
2026-09-25,turin,city-center,7337a544-d9fb-4f71-976c-d3457b0eca29,J&J's,7,6,2,2,28.6,2
2026-09-23,turin,pilonetto,74d8fdc8-4761-44ba-9524-2aa82c8dd76b,J&J's,0,3,0,0,,0
2026-09-24,turin,pilonetto,74d8fdc8-4761-44ba-9524-2aa82c8dd76b,J&J's,0,8,0,0,,0
2026-09-25,turin,pilonetto,74d8fdc8-4761-44ba-9524-2aa82c8dd76b,J&J's,0,6,0,0,,0
2026-09-23,turin,porta-palazzo-market,75883885-d707-4658-8675-edb4755599e3,J&J's,0,3,0,0,,0
2026-09-24,turin,porta-palazzo-market,75883885-d707-4658-8675-edb4755599e3,J&J's,0,8,1,1,,1
2026-09-25,turin,porta-palazzo-market,75883885-d707-4658-8675-edb4755599e3,J&J's,0,6,1,1,,1
2026-09-23,turin,torino-porta-susa,75fa35c3-a823-4711-a697-844ac811defc,J&J's,0,3,0,0,,0
2026-09-24,turin,torino-porta-susa,75fa35c3-a823-4711-a697-844ac811defc,J&J's,0,8,0,0,,0
2026-09-25,turin,torino-porta-susa,75fa35c3-a823-4711-a697-844ac811defc,J&J's,0,6,0,0,,0
2026-09-23,turin,maiasco,7be26183-614a-4ca3-973b-25a98abc29bd,J&J's,0,3,0,0,,0
2026-09-24,turin,maiasco,7be26183-614a-4ca3-973b-25a98abc29bd,J&J's,0,8,0,0,,0
2026-09-25,turin,maiasco,7be26183-614a-4ca3-973b-25a98abc29bd,J&J's,0,6,0,0,,0
2026-09-23,turin,centro,7c8d85e0-e670-41fe-b2d9-8731266674bc,J&J's,0,3,0,0,,0
2026-09-24,turin,centro,7c8d85e0-e670-41fe-b2d9-8731266674bc,J&J's,0,8,0,0,,0
2026-09-25,turin,centro,7c8d85e0-e670-41fe-b2d9-8731266674bc,J&J's,0,6,0,0,,0
2026-09-23,turin,mole-antonelliana,7ca8c1cb-a45e-4df6-9da9-a71c5aa8f4e6,J&J's,0,3,2,2,,2
2026-09-24,turin,mole-antonelliana,7ca8c1cb-a45e-4df6-9da9-a71c5aa8f4e6,J&J's,0,8,2,1,,2
2026-09-25,turin,mole-antonelliana,7ca8c1cb-a45e-4df6-9da9-a71c5aa8f4e6,J&J's,0,6,1,1,,1
2026-09-23,turin,museo-pietro-micca,7e4751e6-df44-42ff-9071-2800b3ecef77,J&J's,0,3,2,2,,2
2026-09-24,turin,museo-pietro-micca,7e4751e6-df44-42ff-9071-2800b3ecef77,J&J's,0,8,2,0,,2
2026-09-25,turin,museo-pietro-micca,7e4751e6-df44-42ff-9071-2800b3ecef77,J&J's,0,6,1,1,,1
2026-09-23,turin,lingotto-fiere,7ef12cf8-65af-4cc7-bdfa-0d8d71ae1cd8,J&J's,10,3,0,0,0.0,0
2026-09-24,turin,lingotto-fiere,7ef12cf8-65af-4cc7-bdfa-0d8d71ae1cd8,J&J's,10,8,0,0,0.0,0
2026-09-25,turin,lingotto-fiere,7ef12cf8-65af-4cc7-bdfa-0d8d71ae1cd8,J&J's,10,6,0,0,0.0,0
2026-09-23,turin,stazione-porta-nuova,80fdedd7-15d2-4f84-954c-fa3eefefb003,J&J's,0,3,4,4,,4
2026-09-24,turin,stazione-porta-nuova,80fdedd7-15d2-4f84-954c-fa3eefefb003,J&J's,0,8,4,4,,4
2026-09-25,turin,stazione-porta-nuova,80fdedd7-15d2-4f84-954c-fa3eefefb003,J&J's,0,6,5,5,,5
2026-09-23,turin,gerbido,8406d20f-8fc1-4544-b8fb-494bcbf30913,J&J's,0,3,0,0,,0
2026-09-24,turin,gerbido,8406d20f-8fc1-4544-b8fb-494bcbf30913,J&J's,0,8,0,0,,0
2026-09-25,turin,gerbido,8406d20f-8fc1-4544-b8fb-494bcbf30913,J&J's,0,6,0,0,,0
2026-09-23,turin,piossasco,8605e900-22c6-48df-884f-140137cab0c3,J&J's,0,3,0,0,,0
2026-09-24,turin,piossasco,8605e900-22c6-48df-884f-140137cab0c3,J&J's,0,8,0,0,,0
2026-09-25,turin,piossasco,8605e900-22c6-48df-884f-140137cab0c3,J&J's,0,6,0,0,,0
2026-09-23,turin,palazzo-reale,8788e9e2-83ec-4c1f-a4d4-f8f059ad9007,J&J's,0,3,0,0,,0
2026-09-24,turin,palazzo-reale,8788e9e2-83ec-4c1f-a4d4-f8f059ad9007,J&J's,0,8,0,0,,0
2026-09-25,turin,palazzo-reale,8788e9e2-83ec-4c1f-a4d4-f8f059ad9007,J&J's,0,6,0,0,,0
2026-09-23,turin,stazione-porta-nuova,89e5a0c5-d941-4cf3-90fd-03e80440015c,J&J's,0,3,6,6,,6
2026-09-24,turin,stazione-porta-nuova,89e5a0c5-d941-4cf3-90fd-03e80440015c,J&J's,0,8,8,8,,8
2026-09-25,turin,stazione-porta-nuova,89e5a0c5-d941-4cf3-90fd-03e80440015c,J&J's,0,6,9,9,,9
2026-09-23,turin,stazione-porta-nuova,8a81f4a2-1625-4b7b-a06e-bdfc29f6a0ae,J&J's,9,3,0,0,0.0,0
2026-09-24,turin,stazione-porta-nuova,8a81f4a2-1625-4b7b-a06e-bdfc29f6a0ae,J&J's,9,8,1,0,11.1,1
2026-09-25,turin,stazione-porta-nuova,8a81f4a2-1625-4b7b-a06e-bdfc29f6a0ae,J&J's,9,6,0,0,0.0,0
2026-09-23,turin,torino-porta-susa,8b2392dc-8f57-462a-bb5d-26738de6b51e,J&J's,0,3,0,0,,0
2026-09-24,turin,torino-porta-susa,8b2392dc-8f57-462a-bb5d-26738de6b51e,J&J's,0,8,0,0,,0
2026-09-25,turin,torino-porta-susa,8b2392dc-8f57-462a-bb5d-26738de6b51e,J&J's,0,6,0,0,,0
2026-09-23,turin,fornaci,97e42236-d790-4dc4-ba84-e3c1f54a94d5,J&J's,0,3,0,0,,0
2026-09-24,turin,fornaci,97e42236-d790-4dc4-ba84-e3c1f54a94d5,J&J's,0,8,0,0,,0
2026-09-25,turin,fornaci,97e42236-d790-4dc4-ba84-e3c1f54a94d5,J&J's,0,6,0,0,,0
2026-09-23,turin,chivasso,9f19f52c-dbb7-42e8-8c8d-18d0b987d6c5,J&J's,0,3,0,0,,0
2026-09-24,turin,chivasso,9f19f52c-dbb7-42e8-8c8d-18d0b987d6c5,J&J's,0,8,0,0,,0
2026-09-25,turin,chivasso,9f19f52c-dbb7-42e8-8c8d-18d0b987d6c5,J&J's,0,6,0,0,,0
2026-09-23,turin,piazza-statuto,a6b8cec5-3a27-4dfc-8f2a-5ffb16062f75,J&J's,0,3,0,0,,0
2026-09-24,turin,piazza-statuto,a6b8cec5-3a27-4dfc-8f2a-5ffb16062f75,J&J's,0,8,1,1,,1
2026-09-25,turin,piazza-statuto,a6b8cec5-3a27-4dfc-8f2a-5ffb16062f75,J&J's,0,6,1,1,,1
2026-09-23,turin,stazione-porta-nuova,b1036f9f-6d0e-44a8-833b-bd4ed0d7342e,J&J's,60,3,3,3,5.0,3
2026-09-24,turin,stazione-porta-nuova,b1036f9f-6d0e-44a8-833b-bd4ed0d7342e,J&J's,60,8,3,2,5.0,3
2026-09-25,turin,stazione-porta-nuova,b1036f9f-6d0e-44a8-833b-bd4ed0d7342e,J&J's,60,6,3,3,5.0,3
2026-09-23,turin,san-salvario,b4acf11b-2aad-411a-b13c-34c62be25310,J&J's,0,3,1,1,,1
2026-09-24,turin,san-salvario,b4acf11b-2aad-411a-b13c-34c62be25310,J&J's,0,8,1,0,,1
2026-09-25,turin,san-salvario,b4acf11b-2aad-411a-b13c-34c62be25310,J&J's,0,6,0,0,,0
2026-09-23,turin,stazione-porta-nuova,bea3dcde-5a59-47d7-820c-deea34d52fc7,J&J's,0,3,2,2,,2
2026-09-24,turin,stazione-porta-nuova,bea3dcde-5a59-47d7-820c-deea34d52fc7,J&J's,0,8,3,3,,3
2026-09-25,turin,stazione-porta-nuova,bea3dcde-5a59-47d7-820c-deea34d52fc7,J&J's,0,6,3,3,,3
2026-09-23,turin,crocetta,bf44a537-4cb1-436b-819b-b020aa328501,J&J's,0,3,0,0,,0
2026-09-24,turin,crocetta,bf44a537-4cb1-436b-819b-b020aa328501,J&J's,0,8,0,0,,0
2026-09-25,turin,crocetta,bf44a537-4cb1-436b-819b-b020aa328501,J&J's,0,6,0,0,,0
2026-09-23,turin,barriera-di-milano,bf8accbb-5575-4416-952f-a424e2d385ce,J&J's,50,3,0,0,0.0,0
2026-09-24,turin,barriera-di-milano,bf8accbb-5575-4416-952f-a424e2d385ce,J&J's,50,8,0,0,0.0,0
2026-09-25,turin,barriera-di-milano,bf8accbb-5575-4416-952f-a424e2d385ce,J&J's,50,6,0,0,0.0,0
2026-09-23,turin,stazione-porta-nuova,bfd43c76-ad4f-4a89-bf88-1988696fa5a0,J&J's,0,3,31,31,,31
2026-09-24,turin,stazione-porta-nuova,bfd43c76-ad4f-4a89-bf88-1988696fa5a0,J&J's,0,8,31,31,,31
2026-09-25,turin,stazione-porta-nuova,bfd43c76-ad4f-4a89-bf88-1988696fa5a0,J&J's,0,6,33,32,,33
2026-09-23,turin,volpiano,c20ea3cf-4bf7-4520-82f1-00ab85715bae,J&J's,30,3,0,0,0.0,0
2026-09-24,turin,volpiano,c20ea3cf-4bf7-4520-82f1-00ab85715bae,J&J's,30,8,0,0,0.0,0
2026-09-25,turin,volpiano,c20ea3cf-4bf7-4520-82f1-00ab85715bae,J&J's,30,6,0,0,0.0,0
2026-09-23,turin,gassino-torinese,c38a9f51-0733-4e21-a83f-bb0b4746a9ae,J&J's,0,3,0,0,,0
2026-09-24,turin,gassino-torinese,c38a9f51-0733-4e21-a83f-bb0b4746a9ae,J&J's,0,8,0,0,,0
2026-09-25,turin,gassino-torinese,c38a9f51-0733-4e21-a83f-bb0b4746a9ae,J&J's,0,6,0,0,,0
2026-09-23,turin,torino-via-roma,c69bef3b-2f2b-4ce8-819e-e777f42e7f67,J&J's,0,3,5,5,,5
2026-09-24,turin,torino-via-roma,c69bef3b-2f2b-4ce8-819e-e777f42e7f67,J&J's,0,8,6,5,,6
2026-09-25,turin,torino-via-roma,c69bef3b-2f2b-4ce8-819e-e777f42e7f67,J&J's,0,6,5,4,,5
2026-09-23,turin,montanaro,c8cb4011-2dba-4ddf-b55e-0be185627647,J&J's,0,3,0,0,,0
2026-09-24,turin,montanaro,c8cb4011-2dba-4ddf-b55e-0be185627647,J&J's,0,8,0,0,,0
2026-09-25,turin,montanaro,c8cb4011-2dba-4ddf-b55e-0be185627647,J&J's,0,6,0,0,,0
2026-09-23,turin,santa-rita,d3f63cf7-b49c-416b-8fb6-a89d096ba094,J&J's,0,3,0,0,,0
2026-09-24,turin,santa-rita,d3f63cf7-b49c-416b-8fb6-a89d096ba094,J&J's,0,8,0,0,,0
2026-09-25,turin,santa-rita,d3f63cf7-b49c-416b-8fb6-a89d096ba094,J&J's,0,6,0,0,,0
2026-09-23,turin,borgo-vittoria,e2be592a-7555-449f-a8da-a7c2d89f270c,J&J's,0,3,0,0,,0
2026-09-24,turin,borgo-vittoria,e2be592a-7555-449f-a8da-a7c2d89f270c,J&J's,0,8,0,0,,0
2026-09-25,turin,borgo-vittoria,e2be592a-7555-449f-a8da-a7c2d89f270c,J&J's,0,6,0,0,,0
2026-09-23,turin,orbassano,e323d882-a0ac-4bac-9dbe-1a2a9bf2ca06,J&J's,0,3,0,0,,0
2026-09-24,turin,orbassano,e323d882-a0ac-4bac-9dbe-1a2a9bf2ca06,J&J's,0,8,0,0,,0
2026-09-25,turin,orbassano,e323d882-a0ac-4bac-9dbe-1a2a9bf2ca06,J&J's,0,6,0,0,,0
2026-09-23,turin,giaveno,e7959354-7180-4d38-9f4f-4a471fa28950,J&J's,0,3,0,0,,0
2026-09-24,turin,giaveno,e7959354-7180-4d38-9f4f-4a471fa28950,J&J's,0,8,0,0,,0
2026-09-25,turin,giaveno,e7959354-7180-4d38-9f4f-4a471fa28950,J&J's,0,6,0,0,,0
2026-09-23,turin,san-donato,e8355c1f-5971-431b-a142-de9087e4c451,J&J's,0,3,0,0,,0
2026-09-24,turin,san-donato,e8355c1f-5971-431b-a142-de9087e4c451,J&J's,0,8,0,0,,0
2026-09-25,turin,san-donato,e8355c1f-5971-431b-a142-de9087e4c451,J&J's,0,6,0,0,,0
2026-09-23,turin,borgo-san-paolo,e9beb0ae-b4fd-4891-8485-2cf1aa43d717,J&J's,0,3,0,0,,0
2026-09-24,turin,borgo-san-paolo,e9beb0ae-b4fd-4891-8485-2cf1aa43d717,J&J's,0,8,0,0,,0
2026-09-25,turin,borgo-san-paolo,e9beb0ae-b4fd-4891-8485-2cf1aa43d717,J&J's,0,6,0,0,,0
2026-09-23,turin,city-center,ea94b252-827b-4967-8d1e-dc02ef3b3575,J&J's,0,3,4,4,,4
2026-09-24,turin,city-center,ea94b252-827b-4967-8d1e-dc02ef3b3575,J&J's,0,8,5,5,,5
2026-09-25,turin,city-center,ea94b252-827b-4967-8d1e-dc02ef3b3575,J&J's,0,6,5,5,,5
2026-09-23,turin,egyptian-museum,ece8f208-ec93-419c-ad82-746ba0ad03f7,J&J's,0,3,8,8,,8
2026-09-24,turin,egyptian-museum,ece8f208-ec93-419c-ad82-746ba0ad03f7,J&J's,0,8,9,9,,9
2026-09-25,turin,egyptian-museum,ece8f208-ec93-419c-ad82-746ba0ad03f7,J&J's,0,6,9,9,,9
2026-09-23,turin,mole-antonelliana,f202af9f-1300-4e3b-9d8e-79416431ebb6,J&J's,0,3,1,1,,1
2026-09-24,turin,mole-antonelliana,f202af9f-1300-4e3b-9d8e-79416431ebb6,J&J's,0,8,1,1,,1
2026-09-25,turin,mole-antonelliana,f202af9f-1300-4e3b-9d8e-79416431ebb6,J&J's,0,6,1,1,,1
2026-09-23,turin,sant'antonino-di-susa,f32ac12a-6e7d-4192-b754-129326a99cef,J&J's,100,3,0,0,0.0,0
2026-09-24,turin,sant'antonino-di-susa,f32ac12a-6e7d-4192-b754-129326a99cef,J&J's,100,8,0,0,0.0,0
2026-09-25,turin,sant'antonino-di-susa,f32ac12a-6e7d-4192-b754-129326a99cef,J&J's,100,6,0,0,0.0,0
2026-09-23,turin,piazza-san-carlo,f36a8162-50b0-473d-a05f-aaff5d0a614c,J&J's,0,3,0,0,,0
2026-09-24,turin,piazza-san-carlo,f36a8162-50b0-473d-a05f-aaff5d0a614c,J&J's,0,8,0,0,,0
2026-09-25,turin,piazza-san-carlo,f36a8162-50b0-473d-a05f-aaff5d0a614c,J&J's,0,6,0,0,,0
2026-09-23,turin,barriera-di-milano,f53d6c6b-4c7c-42a3-910d-07f3d5e6229d,J&J's,0,3,0,0,,0
2026-09-24,turin,barriera-di-milano,f53d6c6b-4c7c-42a3-910d-07f3d5e6229d,J&J's,0,8,0,0,,0
2026-09-25,turin,barriera-di-milano,f53d6c6b-4c7c-42a3-910d-07f3d5e6229d,J&J's,0,6,0,0,,0
2026-09-23,turin,piazza-statuto,fc62ad91-3761-4f08-a589-3509e83cb3a4,J&J's,0,3,5,5,,5
2026-09-24,turin,piazza-statuto,fc62ad91-3761-4f08-a589-3509e83cb3a4,J&J's,0,8,5,5,,5
2026-09-25,turin,piazza-statuto,fc62ad91-3761-4f08-a589-3509e83cb3a4,J&J's,0,6,5,2,,5
2026-09-23,turin,barriera-di-lanzo,fd712671-7563-4ef2-bc1d-87142e984cb5,J&J's,0,3,1,1,,1
2026-09-24,turin,barriera-di-lanzo,fd712671-7563-4ef2-bc1d-87142e984cb5,J&J's,0,8,1,1,,1
2026-09-25,turin,barriera-di-lanzo,fd712671-7563-4ef2-bc1d-87142e984cb5,J&J's,0,6,1,1,,1
2026-09-23,turin,stazione-porta-nuova,fe1b3b8e-b10f-428f-a530-7a50935065ad,J&J's,0,3,4,4,,4
2026-09-24,turin,stazione-porta-nuova,fe1b3b8e-b10f-428f-a530-7a50935065ad,J&J's,0,8,4,3,,4
2026-09-25,turin,stazione-porta-nuova,fe1b3b8e-b10f-428f-a530-7a50935065ad,J&J's,0,6,5,5,,5
2026-09-23,udine,faugnacco,1a1757b8-caf5-4778-9f1f-b18f82353abd,J&J's,0,3,0,0,,0
2026-09-24,udine,faugnacco,1a1757b8-caf5-4778-9f1f-b18f82353abd,J&J's,0,8,0,0,,0
2026-09-25,udine,faugnacco,1a1757b8-caf5-4778-9f1f-b18f82353abd,J&J's,0,6,0,0,,0
2026-09-23,udine,case,2289cd5b-2ee8-48b7-bd3c-e6bee3c27878,J&J's,0,3,0,0,,0
2026-09-24,udine,case,2289cd5b-2ee8-48b7-bd3c-e6bee3c27878,J&J's,0,8,0,0,,0
2026-09-25,udine,case,2289cd5b-2ee8-48b7-bd3c-e6bee3c27878,J&J's,0,6,0,0,,0
2026-09-23,udine,borgo-di-san-lazzaro,24249bba-9f2f-48f1-911a-52e91c10433f,J&J's,0,3,0,0,,0
2026-09-24,udine,borgo-di-san-lazzaro,24249bba-9f2f-48f1-911a-52e91c10433f,J&J's,0,8,0,0,,0
2026-09-25,udine,borgo-di-san-lazzaro,24249bba-9f2f-48f1-911a-52e91c10433f,J&J's,0,6,0,0,,0
2026-09-23,udine,ronchiettis,391803ef-ef0a-49e0-b3bc-d6320973702d,J&J's,0,3,0,0,,0
2026-09-24,udine,ronchiettis,391803ef-ef0a-49e0-b3bc-d6320973702d,J&J's,0,8,0,0,,0
2026-09-25,udine,ronchiettis,391803ef-ef0a-49e0-b3bc-d6320973702d,J&J's,0,6,0,0,,0
2026-09-23,udine,cavalicco,394517dc-59be-442b-84f7-165a472ba6e5,J&J's,0,3,0,0,,0
2026-09-24,udine,cavalicco,394517dc-59be-442b-84f7-165a472ba6e5,J&J's,0,8,0,0,,0
2026-09-25,udine,cavalicco,394517dc-59be-442b-84f7-165a472ba6e5,J&J's,0,6,0,0,,0
2026-09-23,udine,martinazzo,4765b0c9-0e02-45f1-91b0-2d42582bfe49,J&J's,0,3,0,0,,0
2026-09-24,udine,martinazzo,4765b0c9-0e02-45f1-91b0-2d42582bfe49,J&J's,0,8,0,0,,0
2026-09-25,udine,martinazzo,4765b0c9-0e02-45f1-91b0-2d42582bfe49,J&J's,0,6,0,0,,0
2026-09-23,udine,cormons-/-krmin,4e588880-468b-44a2-b000-938bb232054c,J&J's,0,3,0,0,,0
2026-09-24,udine,cormons-/-krmin,4e588880-468b-44a2-b000-938bb232054c,J&J's,0,8,0,0,,0
2026-09-25,udine,cormons-/-krmin,4e588880-468b-44a2-b000-938bb232054c,J&J's,0,6,0,0,,0
2026-09-23,udine,studenec-/-studenitz,5238ee04-afd6-48d7-b027-56bb86e4a4de,J&J's,0,3,1,1,,1
2026-09-24,udine,studenec-/-studenitz,5238ee04-afd6-48d7-b027-56bb86e4a4de,J&J's,0,8,1,0,,1
2026-09-25,udine,studenec-/-studenitz,5238ee04-afd6-48d7-b027-56bb86e4a4de,J&J's,0,6,0,0,,0
2026-09-23,udine,paderno,6423e539-84d2-40a3-89b7-54cae4331a7f,J&J's,0,3,0,0,,0
2026-09-24,udine,paderno,6423e539-84d2-40a3-89b7-54cae4331a7f,J&J's,0,8,0,0,,0
2026-09-25,udine,paderno,6423e539-84d2-40a3-89b7-54cae4331a7f,J&J's,0,6,0,0,,0
2026-09-23,udine,udine-train-station,676a05fa-f132-47df-bde9-e831bdf83391,J&J's,0,3,1,1,,1
2026-09-24,udine,udine-train-station,676a05fa-f132-47df-bde9-e831bdf83391,J&J's,0,8,3,3,,3
2026-09-25,udine,udine-train-station,676a05fa-f132-47df-bde9-e831bdf83391,J&J's,0,6,3,3,,3
2026-09-23,udine,selvuzzis,7676510a-228f-4a91-ab21-c0fd94020637,J&J's,0,3,0,0,,0
2026-09-24,udine,selvuzzis,7676510a-228f-4a91-ab21-c0fd94020637,J&J's,0,8,0,0,,0
2026-09-25,udine,selvuzzis,7676510a-228f-4a91-ab21-c0fd94020637,J&J's,0,6,0,0,,0
2026-09-23,udine,partidor/-partidôr,77c35550-a1ff-4c22-94e4-5639daa0bd79,J&J's,0,3,0,0,,0
2026-09-24,udine,partidor/-partidôr,77c35550-a1ff-4c22-94e4-5639daa0bd79,J&J's,0,8,0,0,,0
2026-09-25,udine,partidor/-partidôr,77c35550-a1ff-4c22-94e4-5639daa0bd79,J&J's,0,6,0,0,,0
2026-09-23,udine,lovaria,8dc530ed-4f52-429f-bbf9-ff366cf13e1d,J&J's,0,3,0,0,,0
2026-09-24,udine,lovaria,8dc530ed-4f52-429f-bbf9-ff366cf13e1d,J&J's,0,8,0,0,,0
2026-09-25,udine,lovaria,8dc530ed-4f52-429f-bbf9-ff366cf13e1d,J&J's,0,6,0,0,,0
2026-09-23,udine,borgobello,97e465df-ecf6-44cd-95fe-3f2f441525c9,J&J's,0,3,0,0,,0
2026-09-24,udine,borgobello,97e465df-ecf6-44cd-95fe-3f2f441525c9,J&J's,0,8,0,0,,0
2026-09-25,udine,borgobello,97e465df-ecf6-44cd-95fe-3f2f441525c9,J&J's,0,6,0,0,,0
2026-09-23,udine,paderno,9c644a7d-eb33-452e-b81b-0e8df1205808,J&J's,0,3,0,0,,0
2026-09-24,udine,paderno,9c644a7d-eb33-452e-b81b-0e8df1205808,J&J's,0,8,0,0,,0
2026-09-25,udine,paderno,9c644a7d-eb33-452e-b81b-0e8df1205808,J&J's,0,6,0,0,,0
2026-09-23,udine,paderno,a1fef200-6a27-4a4e-bf2d-6642a37d1dac,J&J's,0,3,0,0,,0
2026-09-24,udine,paderno,a1fef200-6a27-4a4e-bf2d-6642a37d1dac,J&J's,0,8,0,0,,0
2026-09-25,udine,paderno,a1fef200-6a27-4a4e-bf2d-6642a37d1dac,J&J's,0,6,0,0,,0
2026-09-23,udine,san-giovanni-in-collel,b48a0e5f-0c7e-471b-9e4a-5029a9ebb501,J&J's,0,3,0,0,,0
2026-09-24,udine,san-giovanni-in-collel,b48a0e5f-0c7e-471b-9e4a-5029a9ebb501,J&J's,0,8,0,0,,0
2026-09-25,udine,san-giovanni-in-collel,b48a0e5f-0c7e-471b-9e4a-5029a9ebb501,J&J's,0,6,0,0,,0
2026-09-23,udine,san-rocco,c4a692eb-8d70-49c5-990c-cf3c1e454875,J&J's,0,3,0,0,,0
2026-09-24,udine,san-rocco,c4a692eb-8d70-49c5-990c-cf3c1e454875,J&J's,0,8,0,0,,0
2026-09-25,udine,san-rocco,c4a692eb-8d70-49c5-990c-cf3c1e454875,J&J's,0,6,0,0,,0
2026-09-23,udine,caminetto,d2b5d5eb-c700-479d-a6c6-ae5db1d1cfb4,J&J's,0,3,0,0,,0
2026-09-24,udine,caminetto,d2b5d5eb-c700-479d-a6c6-ae5db1d1cfb4,J&J's,0,8,0,0,,0
2026-09-25,udine,caminetto,d2b5d5eb-c700-479d-a6c6-ae5db1d1cfb4,J&J's,0,6,0,0,,0
2026-09-23,udine,dolegnano,dc41c634-6da0-432d-be87-05d231e76779,J&J's,0,3,0,0,,0
2026-09-24,udine,dolegnano,dc41c634-6da0-432d-be87-05d231e76779,J&J's,0,8,0,0,,0
2026-09-25,udine,dolegnano,dc41c634-6da0-432d-be87-05d231e76779,J&J's,0,6,0,0,,0
2026-09-23,udine,san-marco,e016481f-f240-4f08-af1a-d1f60477604f,J&J's,0,3,0,0,,0
2026-09-24,udine,san-marco,e016481f-f240-4f08-af1a-d1f60477604f,J&J's,0,8,0,0,,0
2026-09-25,udine,san-marco,e016481f-f240-4f08-af1a-d1f60477604f,J&J's,0,6,0,0,,0
2026-09-23,varese,barasso,12a955a2-3920-4423-ae64-8fc4a222644d,J&J's,0,3,0,0,,0
2026-09-24,varese,barasso,12a955a2-3920-4423-ae64-8fc4a222644d,J&J's,0,8,0,0,,0
2026-09-25,varese,barasso,12a955a2-3920-4423-ae64-8fc4a222644d,J&J's,0,6,0,0,,0
2026-09-23,varese,ronco,2fbc3715-54f0-480b-aa9a-e7e96ddf9469,J&J's,0,3,0,0,,0
2026-09-24,varese,ronco,2fbc3715-54f0-480b-aa9a-e7e96ddf9469,J&J's,0,8,0,0,,0
2026-09-25,varese,ronco,2fbc3715-54f0-480b-aa9a-e7e96ddf9469,J&J's,0,6,0,0,,0
2026-09-23,varese,trevisago,41759990-670e-40a2-ad8b-6f1439e2692d,J&J's,0,3,0,0,,0
2026-09-24,varese,trevisago,41759990-670e-40a2-ad8b-6f1439e2692d,J&J's,0,8,0,0,,0
2026-09-25,varese,trevisago,41759990-670e-40a2-ad8b-6f1439e2692d,J&J's,0,6,0,0,,0
2026-09-23,varese,centro,4facac6f-0f88-4472-a6d9-db8e2401a98c,J&J's,100,3,3,3,3.0,3
2026-09-24,varese,centro,4facac6f-0f88-4472-a6d9-db8e2401a98c,J&J's,100,8,3,2,3.0,3
2026-09-25,varese,centro,4facac6f-0f88-4472-a6d9-db8e2401a98c,J&J's,100,6,2,1,2.0,2
2026-09-23,varese,cittiglio,71c8025e-741a-4448-8f32-4af9bb13f82f,J&J's,0,3,0,0,,0
2026-09-24,varese,cittiglio,71c8025e-741a-4448-8f32-4af9bb13f82f,J&J's,0,8,0,0,,0
2026-09-25,varese,cittiglio,71c8025e-741a-4448-8f32-4af9bb13f82f,J&J's,0,6,0,0,,0
2026-09-23,varese,cassinetta,8cf7e50c-3ffa-4ac1-899f-6388e8b4cac2,J&J's,0,3,0,0,,0
2026-09-24,varese,cassinetta,8cf7e50c-3ffa-4ac1-899f-6388e8b4cac2,J&J's,0,8,0,0,,0
2026-09-25,varese,cassinetta,8cf7e50c-3ffa-4ac1-899f-6388e8b4cac2,J&J's,0,6,0,0,,0
2026-09-23,varese,giardinetto,90f77d35-4b54-443b-a0f1-ab2f34f52139,J&J's,0,3,0,0,,0
2026-09-24,varese,giardinetto,90f77d35-4b54-443b-a0f1-ab2f34f52139,J&J's,0,8,0,0,,0
2026-09-25,varese,giardinetto,90f77d35-4b54-443b-a0f1-ab2f34f52139,J&J's,0,6,0,0,,0
2026-09-23,varese,varese-train-station,9c756a92-7a2a-4852-a89c-8b55e1e0c4fb,J&J's,0,3,0,0,,0
2026-09-24,varese,varese-train-station,9c756a92-7a2a-4852-a89c-8b55e1e0c4fb,J&J's,0,8,0,0,,0
2026-09-25,varese,varese-train-station,9c756a92-7a2a-4852-a89c-8b55e1e0c4fb,J&J's,0,6,0,0,,0
2026-09-23,varese,varese-train-station,bae18799-e97b-4332-845d-fd6dc58b076c,J&J's,0,3,0,0,,0
2026-09-24,varese,varese-train-station,bae18799-e97b-4332-845d-fd6dc58b076c,J&J's,0,8,0,0,,0
2026-09-25,varese,varese-train-station,bae18799-e97b-4332-845d-fd6dc58b076c,J&J's,0,6,0,0,,0
2026-09-23,varese,cuveglio,ceb9669f-9c84-4ad9-9a46-dbc31e4f3338,J&J's,0,3,0,0,,0
2026-09-24,varese,cuveglio,ceb9669f-9c84-4ad9-9a46-dbc31e4f3338,J&J's,0,8,0,0,,0
2026-09-25,varese,cuveglio,ceb9669f-9c84-4ad9-9a46-dbc31e4f3338,J&J's,0,6,0,0,,0
2026-09-23,varese,schianno,dcc85180-b79e-40cb-9c36-5bf89adf81df,J&J's,0,3,1,1,,1
2026-09-24,varese,schianno,dcc85180-b79e-40cb-9c36-5bf89adf81df,J&J's,0,8,1,1,,1
2026-09-25,varese,schianno,dcc85180-b79e-40cb-9c36-5bf89adf81df,J&J's,0,6,1,1,,1
2026-09-23,varese,centro,ddb76deb-e645-4353-9022-bd14b55f851b,J&J's,0,3,0,0,,0
2026-09-24,varese,centro,ddb76deb-e645-4353-9022-bd14b55f851b,J&J's,0,8,0,0,,0
2026-09-25,varese,centro,ddb76deb-e645-4353-9022-bd14b55f851b,J&J's,0,6,0,0,,0
2026-09-23,varese,centro,ffd72c83-96eb-46ae-ae2b-860044e13ccf,J&J's,0,3,1,1,,1
2026-09-24,varese,centro,ffd72c83-96eb-46ae-ae2b-860044e13ccf,J&J's,0,8,1,1,,1
2026-09-25,varese,centro,ffd72c83-96eb-46ae-ae2b-860044e13ccf,J&J's,0,6,1,1,,1
2026-09-23,venice,dorsoduro,03e15881-4168-4e3a-aeed-168db56adc75,J&J's,0,3,14,14,,14
2026-09-24,venice,dorsoduro,03e15881-4168-4e3a-aeed-168db56adc75,J&J's,0,8,14,13,,14
2026-09-25,venice,dorsoduro,03e15881-4168-4e3a-aeed-168db56adc75,J&J's,0,6,14,14,,15
2026-09-23,venice,rione-pertini,0443c586-5c9b-496f-bdf1-c21ba4a783eb,J&J's,25,3,38,36,152.0,38
2026-09-24,venice,rione-pertini,0443c586-5c9b-496f-bdf1-c21ba4a783eb,J&J's,25,8,36,34,144.0,36
2026-09-25,venice,rione-pertini,0443c586-5c9b-496f-bdf1-c21ba4a783eb,J&J's,25,6,36,36,144.0,36
2026-09-23,venice,rialto,09ce814f-9bbf-4db1-a9a7-c9fab1f64abc,J&J's,15,3,0,0,0.0,0
2026-09-24,venice,rialto,09ce814f-9bbf-4db1-a9a7-c9fab1f64abc,J&J's,15,8,0,0,0.0,0
2026-09-25,venice,rialto,09ce814f-9bbf-4db1-a9a7-c9fab1f64abc,J&J's,15,6,0,0,0.0,0
2026-09-23,venice,giudecca,09fb658f-2c97-4508-a4ab-64e6a8f86b30,J&J's,0,3,0,0,,0
2026-09-24,venice,giudecca,09fb658f-2c97-4508-a4ab-64e6a8f86b30,J&J's,0,8,0,0,,0
2026-09-25,venice,giudecca,09fb658f-2c97-4508-a4ab-64e6a8f86b30,J&J's,0,6,0,0,,0
2026-09-23,venice,city-center,0cfe5e9f-dbea-4adf-92f8-8a0612e51607,J&J's,10,3,3,2,30.0,3
2026-09-24,venice,city-center,0cfe5e9f-dbea-4adf-92f8-8a0612e51607,J&J's,10,8,4,4,40.0,4
2026-09-25,venice,city-center,0cfe5e9f-dbea-4adf-92f8-8a0612e51607,J&J's,10,6,4,4,40.0,4
2026-09-23,venice,orgnano,0f468748-a63e-4fb6-9c6d-4d823b5bcaa6,J&J's,0,3,0,0,,0
2026-09-24,venice,orgnano,0f468748-a63e-4fb6-9c6d-4d823b5bcaa6,J&J's,0,8,0,0,,0
2026-09-25,venice,orgnano,0f468748-a63e-4fb6-9c6d-4d823b5bcaa6,J&J's,0,6,0,0,,0
2026-09-23,venice,san-polo,0f61bd56-1a1f-490b-9aae-193ce2fc0814,J&J's,20,3,7,7,35.0,7
2026-09-24,venice,san-polo,0f61bd56-1a1f-490b-9aae-193ce2fc0814,J&J's,20,8,7,6,35.0,7
2026-09-25,venice,san-polo,0f61bd56-1a1f-490b-9aae-193ce2fc0814,J&J's,20,6,6,6,30.0,6
2026-09-23,venice,santa-lucia-station,11b27f2d-9fa3-49db-bfec-7f8ffe30edcf,J&J's,0,3,143,143,,143
2026-09-24,venice,santa-lucia-station,11b27f2d-9fa3-49db-bfec-7f8ffe30edcf,J&J's,0,8,151,151,,151
2026-09-25,venice,santa-lucia-station,11b27f2d-9fa3-49db-bfec-7f8ffe30edcf,J&J's,0,6,155,155,,156
2026-09-23,venice,lido-di-jesolo,12489858-5940-4c92-a1b6-5c748d4ee7cb,J&J's,50,3,0,0,0.0,0
2026-09-24,venice,lido-di-jesolo,12489858-5940-4c92-a1b6-5c748d4ee7cb,J&J's,50,8,0,0,0.0,0
2026-09-25,venice,lido-di-jesolo,12489858-5940-4c92-a1b6-5c748d4ee7cb,J&J's,50,6,0,0,0.0,0
2026-09-23,venice,carpenedo,12a576eb-5c29-4415-aa1a-8bab1e539b65,J&J's,100,3,2,2,2.0,2
2026-09-24,venice,carpenedo,12a576eb-5c29-4415-aa1a-8bab1e539b65,J&J's,100,8,2,1,2.0,2
2026-09-25,venice,carpenedo,12a576eb-5c29-4415-aa1a-8bab1e539b65,J&J's,100,6,1,1,1.0,1
2026-09-23,venice,san-polo,1561c376-7104-4862-ac9b-080ff4d29a73,J&J's,0,3,6,6,,6
2026-09-24,venice,san-polo,1561c376-7104-4862-ac9b-080ff4d29a73,J&J's,0,8,6,5,,6
2026-09-25,venice,san-polo,1561c376-7104-4862-ac9b-080ff4d29a73,J&J's,0,6,5,5,,5
2026-09-23,venice,accademia-gallery,1ab14450-861a-43ba-947d-fcb6f726b78c,J&J's,0,3,7,7,,7
2026-09-24,venice,accademia-gallery,1ab14450-861a-43ba-947d-fcb6f726b78c,J&J's,0,8,7,6,,7
2026-09-25,venice,accademia-gallery,1ab14450-861a-43ba-947d-fcb6f726b78c,J&J's,0,6,5,3,,5
2026-09-23,venice,santa-lucia-station,24c41338-1530-4e4b-a35b-10c5d7855523,J&J's,35,3,31,31,88.6,31
2026-09-24,venice,santa-lucia-station,24c41338-1530-4e4b-a35b-10c5d7855523,J&J's,35,8,33,32,94.3,33
2026-09-25,venice,santa-lucia-station,24c41338-1530-4e4b-a35b-10c5d7855523,J&J's,35,6,32,31,91.4,32
2026-09-23,venice,lido-pellestrina,272e9ed2-e883-483a-99c0-38ab0ef3a0c0,J&J's,0,3,0,0,,0
2026-09-24,venice,lido-pellestrina,272e9ed2-e883-483a-99c0-38ab0ef3a0c0,J&J's,0,8,0,0,,0
2026-09-25,venice,lido-pellestrina,272e9ed2-e883-483a-99c0-38ab0ef3a0c0,J&J's,0,6,0,0,,0
2026-09-23,venice,lido-pellestrina,274b5ccd-8af9-4b61-80bd-0925b0a53f24,J&J's,50,3,0,0,0.0,0
2026-09-24,venice,lido-pellestrina,274b5ccd-8af9-4b61-80bd-0925b0a53f24,J&J's,50,8,1,1,2.0,1
2026-09-25,venice,lido-pellestrina,274b5ccd-8af9-4b61-80bd-0925b0a53f24,J&J's,50,6,1,1,2.0,1
2026-09-23,venice,guglie-bridge,2dc31e12-33e3-4afb-bf78-8a4d26803ecf,J&J's,0,3,2,2,,2
2026-09-24,venice,guglie-bridge,2dc31e12-33e3-4afb-bf78-8a4d26803ecf,J&J's,0,8,2,2,,2
2026-09-25,venice,guglie-bridge,2dc31e12-33e3-4afb-bf78-8a4d26803ecf,J&J's,0,6,3,2,,3
2026-09-23,venice,rialto,2fa45054-8846-4bec-a5c8-81565ffb86ea,J&J's,20,3,17,16,85.0,17
2026-09-24,venice,rialto,2fa45054-8846-4bec-a5c8-81565ffb86ea,J&J's,20,8,17,16,85.0,17
2026-09-25,venice,rialto,2fa45054-8846-4bec-a5c8-81565ffb86ea,J&J's,20,6,16,15,80.0,16
2026-09-23,venice,mestre-carpenedo,309c91e9-cd60-4428-a313-5e894344d81a,J&J's,0,3,1,1,,1
2026-09-24,venice,mestre-carpenedo,309c91e9-cd60-4428-a313-5e894344d81a,J&J's,0,8,1,1,,1
2026-09-25,venice,mestre-carpenedo,309c91e9-cd60-4428-a313-5e894344d81a,J&J's,0,6,1,1,,1
2026-09-23,venice,cannaregio,31e4a768-aa54-4bc8-9ff9-97ad52f9607f,J&J's,10,3,2,2,20.0,2
2026-09-24,venice,cannaregio,31e4a768-aa54-4bc8-9ff9-97ad52f9607f,J&J's,10,8,2,1,20.0,2
2026-09-25,venice,cannaregio,31e4a768-aa54-4bc8-9ff9-97ad52f9607f,J&J's,10,6,3,3,30.0,3
2026-09-23,venice,cannaregio,32050747-2be9-46dd-b598-7766d1836cba,J&J's,0,3,20,20,,20
2026-09-24,venice,cannaregio,32050747-2be9-46dd-b598-7766d1836cba,J&J's,0,8,21,21,,21
2026-09-25,venice,cannaregio,32050747-2be9-46dd-b598-7766d1836cba,J&J's,0,6,25,25,,25
2026-09-23,venice,sant'elena,375e185c-6021-4d0b-ad5e-8edf031104ed,J&J's,0,3,11,9,,12
2026-09-24,venice,sant'elena,375e185c-6021-4d0b-ad5e-8edf031104ed,J&J's,0,8,9,9,,9
2026-09-25,venice,sant'elena,375e185c-6021-4d0b-ad5e-8edf031104ed,J&J's,0,6,9,8,,9
2026-09-23,venice,san-marco,380be3fc-bcce-450e-b3bd-35ce6b7749e5,J&J's,0,3,15,14,,15
2026-09-24,venice,san-marco,380be3fc-bcce-450e-b3bd-35ce6b7749e5,J&J's,0,8,14,13,,14
2026-09-25,venice,san-marco,380be3fc-bcce-450e-b3bd-35ce6b7749e5,J&J's,0,6,14,12,,15
2026-09-23,venice,campo-dei-frari,38109b96-000d-4414-a8df-b76489304f80,J&J's,30,3,5,5,16.7,5
2026-09-24,venice,campo-dei-frari,38109b96-000d-4414-a8df-b76489304f80,J&J's,30,8,7,7,23.3,7
2026-09-25,venice,campo-dei-frari,38109b96-000d-4414-a8df-b76489304f80,J&J's,30,6,8,7,26.7,8
2026-09-23,venice,san-polo,38404597-b951-4eab-892b-404bc07b5a23,J&J's,14,3,12,11,85.7,12
2026-09-24,venice,san-polo,38404597-b951-4eab-892b-404bc07b5a23,J&J's,14,8,11,11,78.6,11
2026-09-25,venice,san-polo,38404597-b951-4eab-892b-404bc07b5a23,J&J's,14,6,11,10,78.6,11
2026-09-23,venice,carpenedo,4321be32-afa0-412f-a2b5-5f6f4eed4d9e,J&J's,0,3,0,0,,0
2026-09-24,venice,carpenedo,4321be32-afa0-412f-a2b5-5f6f4eed4d9e,J&J's,0,8,0,0,,0
2026-09-25,venice,carpenedo,4321be32-afa0-412f-a2b5-5f6f4eed4d9e,J&J's,0,6,0,0,,0
2026-09-23,venice,santa-lucia-train-station,45498729-3d22-43ba-b4b1-2183949c8cee,J&J's,0,3,57,57,,57
2026-09-24,venice,santa-lucia-train-station,45498729-3d22-43ba-b4b1-2183949c8cee,J&J's,0,8,63,63,,63
2026-09-25,venice,santa-lucia-train-station,45498729-3d22-43ba-b4b1-2183949c8cee,J&J's,0,6,63,59,,63
2026-09-23,venice,guglie-bridge,46483063-8e29-446e-af89-476ecdd73639,J&J's,10,3,0,0,0.0,0
2026-09-24,venice,guglie-bridge,46483063-8e29-446e-af89-476ecdd73639,J&J's,10,8,0,0,0.0,0
2026-09-25,venice,guglie-bridge,46483063-8e29-446e-af89-476ecdd73639,J&J's,10,6,0,0,0.0,0
2026-09-23,venice,cannaregio,490e4e2e-d9b8-4d56-8d7d-0145949eadee,J&J's,30,3,56,56,186.7,56
2026-09-24,venice,cannaregio,490e4e2e-d9b8-4d56-8d7d-0145949eadee,J&J's,30,8,59,59,196.7,59
2026-09-25,venice,cannaregio,490e4e2e-d9b8-4d56-8d7d-0145949eadee,J&J's,30,6,58,55,193.3,58
2026-09-23,venice,venice-marco-polo-airport,502cfabd-4cd8-456a-adc6-0adb17e1e7be,J&J's,0,3,9,9,,9
2026-09-24,venice,venice-marco-polo-airport,502cfabd-4cd8-456a-adc6-0adb17e1e7be,J&J's,0,8,10,9,,10
2026-09-25,venice,venice-marco-polo-airport,502cfabd-4cd8-456a-adc6-0adb17e1e7be,J&J's,0,6,11,11,,11
2026-09-23,venice,campo-dei-frari,504dcbb7-20e4-49c6-9699-c66fed30270a,J&J's,0,3,5,5,,5
2026-09-24,venice,campo-dei-frari,504dcbb7-20e4-49c6-9699-c66fed30270a,J&J's,0,8,5,4,,5
2026-09-25,venice,campo-dei-frari,504dcbb7-20e4-49c6-9699-c66fed30270a,J&J's,0,6,4,4,,4
2026-09-23,venice,san-polo,50aa1dc3-cd9b-4012-b0df-215bfea5e13a,J&J's,50,3,14,14,28.0,14
2026-09-24,venice,san-polo,50aa1dc3-cd9b-4012-b0df-215bfea5e13a,J&J's,50,8,16,16,32.0,16
2026-09-25,venice,san-polo,50aa1dc3-cd9b-4012-b0df-215bfea5e13a,J&J's,50,6,16,16,32.0,16
2026-09-23,venice,venezia-murano-burano,56b406f8-65c7-4043-b15c-e0bc97fe1492,J&J's,70,3,23,23,32.9,23
2026-09-24,venice,venezia-murano-burano,56b406f8-65c7-4043-b15c-e0bc97fe1492,J&J's,70,8,23,23,32.9,25
2026-09-25,venice,venezia-murano-burano,56b406f8-65c7-4043-b15c-e0bc97fe1492,J&J's,70,6,23,23,32.9,23
2026-09-23,venice,city-center,5a347cb6-bbfe-4a5f-b67c-f02d369cf227,J&J's,0,3,9,9,,9
2026-09-24,venice,city-center,5a347cb6-bbfe-4a5f-b67c-f02d369cf227,J&J's,0,8,9,6,,9
2026-09-25,venice,city-center,5a347cb6-bbfe-4a5f-b67c-f02d369cf227,J&J's,0,6,7,6,,7
2026-09-23,venice,san-polo,5c81865e-ba45-4085-aa88-e117ab166742,J&J's,50,3,6,6,12.0,6
2026-09-24,venice,san-polo,5c81865e-ba45-4085-aa88-e117ab166742,J&J's,50,8,8,8,16.0,8
2026-09-25,venice,san-polo,5c81865e-ba45-4085-aa88-e117ab166742,J&J's,50,6,8,7,16.0,8
2026-09-23,venice,san-polo,61c95d56-745e-4a88-bf0b-1958fc3750f0,J&J's,20,3,1,1,5.0,1
2026-09-24,venice,san-polo,61c95d56-745e-4a88-bf0b-1958fc3750f0,J&J's,20,8,1,1,5.0,1
2026-09-25,venice,san-polo,61c95d56-745e-4a88-bf0b-1958fc3750f0,J&J's,20,6,1,1,5.0,1
2026-09-23,venice,lido-pellestrina,63643538-f155-400f-a73d-d056e83f5ccb,J&J's,0,3,0,0,,0
2026-09-24,venice,lido-pellestrina,63643538-f155-400f-a73d-d056e83f5ccb,J&J's,0,8,0,0,,0
2026-09-25,venice,lido-pellestrina,63643538-f155-400f-a73d-d056e83f5ccb,J&J's,0,6,0,0,,0
2026-09-23,venice,olme,63d1302a-a6b6-40fb-badb-f663dd9198f8,J&J's,0,3,0,0,,0
2026-09-24,venice,olme,63d1302a-a6b6-40fb-badb-f663dd9198f8,J&J's,0,8,0,0,,0
2026-09-25,venice,olme,63d1302a-a6b6-40fb-badb-f663dd9198f8,J&J's,0,6,0,0,,0
2026-09-23,venice,dorsoduro,65aea700-e5f8-4c77-a320-5061ea799144,J&J's,60,3,38,38,63.3,38
2026-09-24,venice,dorsoduro,65aea700-e5f8-4c77-a320-5061ea799144,J&J's,60,8,41,41,68.3,41
2026-09-25,venice,dorsoduro,65aea700-e5f8-4c77-a320-5061ea799144,J&J's,60,6,43,43,71.7,43
2026-09-23,venice,favaro-veneto,685184e5-c224-4e10-b417-957aa4e831cf,J&J's,30,3,0,0,0.0,0
2026-09-24,venice,favaro-veneto,685184e5-c224-4e10-b417-957aa4e831cf,J&J's,30,8,0,0,0.0,0
2026-09-25,venice,favaro-veneto,685184e5-c224-4e10-b417-957aa4e831cf,J&J's,30,6,0,0,0.0,0
2026-09-23,venice,carpenedo,6b4d64cd-3558-4571-82b1-850ef6396ba8,J&J's,0,3,7,7,,7
2026-09-24,venice,carpenedo,6b4d64cd-3558-4571-82b1-850ef6396ba8,J&J's,0,8,7,6,,7
2026-09-25,venice,carpenedo,6b4d64cd-3558-4571-82b1-850ef6396ba8,J&J's,0,6,6,5,,6
2026-09-23,venice,doge-s-palace,6ef57029-7507-4bfc-a1f5-11d276ef8967,J&J's,0,3,1,0,,1
2026-09-24,venice,doge-s-palace,6ef57029-7507-4bfc-a1f5-11d276ef8967,J&J's,0,8,0,0,,0
2026-09-25,venice,doge-s-palace,6ef57029-7507-4bfc-a1f5-11d276ef8967,J&J's,0,6,0,0,,0
2026-09-23,venice,ca-d-oro-pier-station,72ce001f-2e53-456d-9b47-af1eb6ad5f0d,J&J's,0,3,11,11,,11
2026-09-24,venice,ca-d-oro-pier-station,72ce001f-2e53-456d-9b47-af1eb6ad5f0d,J&J's,0,8,13,12,,13
2026-09-25,venice,ca-d-oro-pier-station,72ce001f-2e53-456d-9b47-af1eb6ad5f0d,J&J's,0,6,13,13,,13
2026-09-23,venice,cita,77821480-26b4-4479-bedd-e17005525687,J&J's,0,3,0,0,,0
2026-09-24,venice,cita,77821480-26b4-4479-bedd-e17005525687,J&J's,0,8,0,0,,0
2026-09-25,venice,cita,77821480-26b4-4479-bedd-e17005525687,J&J's,0,6,0,0,,0
2026-09-23,venice,accademia-gallery,78799ff8-721e-48c8-be71-575c66dff5c0,J&J's,20,3,7,6,35.0,7
2026-09-24,venice,accademia-gallery,78799ff8-721e-48c8-be71-575c66dff5c0,J&J's,20,8,6,6,30.0,6
2026-09-25,venice,accademia-gallery,78799ff8-721e-48c8-be71-575c66dff5c0,J&J's,20,6,6,5,30.0,6
2026-09-23,venice,giudecca,7f9869a5-2e64-4a0f-adbf-b7b7a4173b56,J&J's,10,3,3,3,30.0,3
2026-09-24,venice,giudecca,7f9869a5-2e64-4a0f-adbf-b7b7a4173b56,J&J's,10,8,4,4,40.0,4
2026-09-25,venice,giudecca,7f9869a5-2e64-4a0f-adbf-b7b7a4173b56,J&J's,10,6,4,4,40.0,4
2026-09-23,venice,constitution-bridge,80ab207d-9199-46dd-94e9-b21f7b644563,J&J's,20,3,41,39,205.0,41
2026-09-24,venice,constitution-bridge,80ab207d-9199-46dd-94e9-b21f7b644563,J&J's,20,8,39,37,195.0,39
2026-09-25,venice,constitution-bridge,80ab207d-9199-46dd-94e9-b21f7b644563,J&J's,20,6,36,32,180.0,36
2026-09-23,venice,lido-pellestrina,82a139e2-57af-41d9-876f-040f625a1a85,J&J's,0,3,0,0,,0
2026-09-24,venice,lido-pellestrina,82a139e2-57af-41d9-876f-040f625a1a85,J&J's,0,8,0,0,,0
2026-09-25,venice,lido-pellestrina,82a139e2-57af-41d9-876f-040f625a1a85,J&J's,0,6,0,0,,0
2026-09-23,venice,dorsoduro,835e698c-786c-4d92-ae55-20f16f9d6f68,J&J's,0,3,0,0,,0
2026-09-24,venice,dorsoduro,835e698c-786c-4d92-ae55-20f16f9d6f68,J&J's,0,8,0,0,,0
2026-09-25,venice,dorsoduro,835e698c-786c-4d92-ae55-20f16f9d6f68,J&J's,0,6,0,0,,0
2026-09-23,venice,santa-barbara,85bf49ed-ccda-4f48-98fa-b5eb30da0bd3,J&J's,0,3,0,0,,0
2026-09-24,venice,santa-barbara,85bf49ed-ccda-4f48-98fa-b5eb30da0bd3,J&J's,0,8,0,0,,0
2026-09-25,venice,santa-barbara,85bf49ed-ccda-4f48-98fa-b5eb30da0bd3,J&J's,0,6,0,0,,0
2026-09-23,venice,sottomarina,872aad54-b48d-422e-a87d-d2a6325ad7af,J&J's,0,3,0,0,,0
2026-09-24,venice,sottomarina,872aad54-b48d-422e-a87d-d2a6325ad7af,J&J's,0,8,0,0,,0
2026-09-25,venice,sottomarina,872aad54-b48d-422e-a87d-d2a6325ad7af,J&J's,0,6,0,0,,0
2026-09-23,venice,cita,8813ffb6-195f-4e0d-bdad-2954837cb7cd,J&J's,0,3,0,0,,0
2026-09-24,venice,cita,8813ffb6-195f-4e0d-bdad-2954837cb7cd,J&J's,0,8,0,0,,0
2026-09-25,venice,cita,8813ffb6-195f-4e0d-bdad-2954837cb7cd,J&J's,0,6,0,0,,0
2026-09-23,venice,cita,94fb2732-93e9-4a66-a54b-b1b000d5a83a,J&J's,50,3,8,8,16.0,8
2026-09-24,venice,cita,94fb2732-93e9-4a66-a54b-b1b000d5a83a,J&J's,50,8,8,6,16.0,8
2026-09-25,venice,cita,94fb2732-93e9-4a66-a54b-b1b000d5a83a,J&J's,50,6,8,6,16.0,8
2026-09-23,venice,san-polo,9544347d-bff2-481e-9a0c-e7c493f5a62c,J&J's,0,3,2,2,,2
2026-09-24,venice,san-polo,9544347d-bff2-481e-9a0c-e7c493f5a62c,J&J's,0,8,3,3,,3
2026-09-25,venice,san-polo,9544347d-bff2-481e-9a0c-e7c493f5a62c,J&J's,0,6,3,3,,3
2026-09-23,venice,santa-lucia-station,95b7e3a6-5b4c-4a68-8d88-966fd9fc1f88,J&J's,50,3,1,1,2.0,1
2026-09-24,venice,santa-lucia-station,95b7e3a6-5b4c-4a68-8d88-966fd9fc1f88,J&J's,50,8,1,1,2.0,1
2026-09-25,venice,santa-lucia-station,95b7e3a6-5b4c-4a68-8d88-966fd9fc1f88,J&J's,50,6,1,1,2.0,1
2026-09-23,venice,cannaregio,962c92fd-6033-4270-a1c2-4cdbd611f7b9,J&J's,10,3,7,7,70.0,7
2026-09-24,venice,cannaregio,962c92fd-6033-4270-a1c2-4cdbd611f7b9,J&J's,10,8,8,8,80.0,8
2026-09-25,venice,cannaregio,962c92fd-6033-4270-a1c2-4cdbd611f7b9,J&J's,10,6,8,8,80.0,8
2026-09-23,venice,biennale,962d73a3-fef4-4dff-b726-6a6ba856aa0c,J&J's,50,3,3,2,6.0,3
2026-09-24,venice,biennale,962d73a3-fef4-4dff-b726-6a6ba856aa0c,J&J's,50,8,2,2,4.0,2
2026-09-25,venice,biennale,962d73a3-fef4-4dff-b726-6a6ba856aa0c,J&J's,50,6,3,2,6.0,3
2026-09-23,venice,venezia-murano-burano,9916186b-7dc0-40df-8f54-2f4b648e6ddd,J&J's,55,3,43,43,78.2,43
2026-09-24,venice,venezia-murano-burano,9916186b-7dc0-40df-8f54-2f4b648e6ddd,J&J's,55,8,43,43,78.2,45
2026-09-25,venice,venezia-murano-burano,9916186b-7dc0-40df-8f54-2f4b648e6ddd,J&J's,55,6,47,46,85.5,49
2026-09-23,venice,giudecca,993fceda-86cb-4f02-b4f8-9f22eedfe37a,J&J's,0,3,0,0,,0
2026-09-24,venice,giudecca,993fceda-86cb-4f02-b4f8-9f22eedfe37a,J&J's,0,8,0,0,,0
2026-09-25,venice,giudecca,993fceda-86cb-4f02-b4f8-9f22eedfe37a,J&J's,0,6,0,0,,0
2026-09-23,venice,cita,a09ecd9b-f604-4770-a2d9-ac60ad1250fc,J&J's,0,3,0,0,,0
2026-09-24,venice,cita,a09ecd9b-f604-4770-a2d9-ac60ad1250fc,J&J's,0,8,0,0,,0
2026-09-25,venice,cita,a09ecd9b-f604-4770-a2d9-ac60ad1250fc,J&J's,0,6,0,0,,0
2026-09-23,venice,san-marco,a0b4f2b6-fdaa-4868-b029-04bd188223ce,J&J's,25,3,55,51,220.0,55
2026-09-24,venice,san-marco,a0b4f2b6-fdaa-4868-b029-04bd188223ce,J&J's,25,8,53,49,212.0,54
2026-09-25,venice,san-marco,a0b4f2b6-fdaa-4868-b029-04bd188223ce,J&J's,25,6,52,49,208.0,52
2026-09-23,venice,peggy-guggenheim-collection,a257cc1b-223d-4012-873b-6c1da58951b2,J&J's,0,3,14,14,,15
2026-09-24,venice,peggy-guggenheim-collection,a257cc1b-223d-4012-873b-6c1da58951b2,J&J's,0,8,17,17,,17
2026-09-25,venice,peggy-guggenheim-collection,a257cc1b-223d-4012-873b-6c1da58951b2,J&J's,0,6,17,15,,17
2026-09-23,venice,campo-dei-frari,a5bad0b6-b6c3-4420-9167-a9857884fc73,J&J's,0,3,11,11,,11
2026-09-24,venice,campo-dei-frari,a5bad0b6-b6c3-4420-9167-a9857884fc73,J&J's,0,8,11,10,,11
2026-09-25,venice,campo-dei-frari,a5bad0b6-b6c3-4420-9167-a9857884fc73,J&J's,0,6,10,10,,10
2026-09-23,venice,peggy-guggenheim-collection,a67bfdba-c8da-463d-9b23-f9a3db8f3061,J&J's,50,3,12,12,24.0,12
2026-09-24,venice,peggy-guggenheim-collection,a67bfdba-c8da-463d-9b23-f9a3db8f3061,J&J's,50,8,13,13,26.0,13
2026-09-25,venice,peggy-guggenheim-collection,a67bfdba-c8da-463d-9b23-f9a3db8f3061,J&J's,50,6,13,13,26.0,13
2026-09-23,venice,cannaregio,aa1d6e9c-3475-45da-9259-d29de5865a32,J&J's,0,3,14,14,,14
2026-09-24,venice,cannaregio,aa1d6e9c-3475-45da-9259-d29de5865a32,J&J's,0,8,16,16,,16
2026-09-25,venice,cannaregio,aa1d6e9c-3475-45da-9259-d29de5865a32,J&J's,0,6,18,18,,18
2026-09-23,venice,cannaregio,b1c35231-e0c2-4c23-8f6b-4605c00eac24,J&J's,0,3,8,8,,8
2026-09-24,venice,cannaregio,b1c35231-e0c2-4c23-8f6b-4605c00eac24,J&J's,0,8,8,6,,8
2026-09-25,venice,cannaregio,b1c35231-e0c2-4c23-8f6b-4605c00eac24,J&J's,0,6,6,4,,6
2026-09-23,venice,constitution-bridge,b275ab14-bf1c-4ba8-b64b-f776d14d4d13,J&J's,0,3,137,135,,137
2026-09-24,venice,constitution-bridge,b275ab14-bf1c-4ba8-b64b-f776d14d4d13,J&J's,0,8,145,144,,146
2026-09-25,venice,constitution-bridge,b275ab14-bf1c-4ba8-b64b-f776d14d4d13,J&J's,0,6,147,146,,147
2026-09-23,venice,venice-castello,b6cce0e2-b1b0-4677-99b9-be8b44842b5c,J&J's,0,3,12,12,,12
2026-09-24,venice,venice-castello,b6cce0e2-b1b0-4677-99b9-be8b44842b5c,J&J's,0,8,12,6,,12
2026-09-25,venice,venice-castello,b6cce0e2-b1b0-4677-99b9-be8b44842b5c,J&J's,0,6,6,6,,6
2026-09-23,venice,peggy-guggenheim-collection,bc5c0b4d-fb31-40c1-b492-7f8feac693d3,J&J's,20,3,5,5,25.0,5
2026-09-24,venice,peggy-guggenheim-collection,bc5c0b4d-fb31-40c1-b492-7f8feac693d3,J&J's,20,8,5,5,25.0,5
2026-09-25,venice,peggy-guggenheim-collection,bc5c0b4d-fb31-40c1-b492-7f8feac693d3,J&J's,20,6,5,4,25.0,5
2026-09-23,venice,rialto,bfeef17d-fdaf-4187-8752-3eab53549c8b,J&J's,5,3,3,3,60.0,3
2026-09-24,venice,rialto,bfeef17d-fdaf-4187-8752-3eab53549c8b,J&J's,5,8,3,2,60.0,3
2026-09-25,venice,rialto,bfeef17d-fdaf-4187-8752-3eab53549c8b,J&J's,5,6,2,2,40.0,2
2026-09-23,venice,piazzale-roma,c616e4a9-e8da-44d9-8518-8177212b6a21,J&J's,0,3,0,0,,0
2026-09-24,venice,piazzale-roma,c616e4a9-e8da-44d9-8518-8177212b6a21,J&J's,0,8,0,0,,0
2026-09-25,venice,piazzale-roma,c616e4a9-e8da-44d9-8518-8177212b6a21,J&J's,0,6,2,2,,2
2026-09-23,venice,san-marco,c959a40c-ac91-402c-88c6-0ede55fc0f5e,J&J's,20,3,5,5,25.0,5
2026-09-24,venice,san-marco,c959a40c-ac91-402c-88c6-0ede55fc0f5e,J&J's,20,8,5,5,25.0,5
2026-09-25,venice,san-marco,c959a40c-ac91-402c-88c6-0ede55fc0f5e,J&J's,20,6,4,2,20.0,4
2026-09-23,venice,murano,ce68e94c-798b-45f0-99e9-3873182289a2,J&J's,50,3,2,2,4.0,2
2026-09-24,venice,murano,ce68e94c-798b-45f0-99e9-3873182289a2,J&J's,50,8,2,2,4.0,2
2026-09-25,venice,murano,ce68e94c-798b-45f0-99e9-3873182289a2,J&J's,50,6,2,2,4.0,2
2026-09-23,venice,lido-pellestrina,cf3549f6-78ea-444d-b7e9-1b1c93a65940,J&J's,10,3,0,0,0.0,0
2026-09-24,venice,lido-pellestrina,cf3549f6-78ea-444d-b7e9-1b1c93a65940,J&J's,10,8,0,0,0.0,0
2026-09-25,venice,lido-pellestrina,cf3549f6-78ea-444d-b7e9-1b1c93a65940,J&J's,10,6,0,0,0.0,0
2026-09-23,venice,carpenedo,d09316b9-b53f-418c-ae4d-74ed604896cf,J&J's,0,3,0,0,,0
2026-09-24,venice,carpenedo,d09316b9-b53f-418c-ae4d-74ed604896cf,J&J's,0,8,0,0,,0
2026-09-25,venice,carpenedo,d09316b9-b53f-418c-ae4d-74ed604896cf,J&J's,0,6,0,0,,0
2026-09-23,venice,carpenedo,d3563ae0-7308-4a0a-8fc9-930ed6499b2b,J&J's,0,3,1,1,,1
2026-09-24,venice,carpenedo,d3563ae0-7308-4a0a-8fc9-930ed6499b2b,J&J's,0,8,1,0,,1
2026-09-25,venice,carpenedo,d3563ae0-7308-4a0a-8fc9-930ed6499b2b,J&J's,0,6,0,0,,0
2026-09-23,venice,cannaregio,d39f6a60-8340-4555-8402-02291caebd43,J&J's,20,3,21,21,105.0,21
2026-09-24,venice,cannaregio,d39f6a60-8340-4555-8402-02291caebd43,J&J's,20,8,25,25,125.0,25
2026-09-25,venice,cannaregio,d39f6a60-8340-4555-8402-02291caebd43,J&J's,20,6,28,28,140.0,28
2026-09-23,venice,santa-lucia-station,d5e9b9db-3510-4888-bb59-bd5d14ee5c32,J&J's,50,3,69,69,138.0,69
2026-09-24,venice,santa-lucia-station,d5e9b9db-3510-4888-bb59-bd5d14ee5c32,J&J's,50,8,69,68,138.0,72
2026-09-25,venice,santa-lucia-station,d5e9b9db-3510-4888-bb59-bd5d14ee5c32,J&J's,50,6,70,68,140.0,71
2026-09-23,venice,lido-pellestrina,d6e6014f-548e-4c54-b322-2159786a26e1,J&J's,0,3,2,2,,2
2026-09-24,venice,lido-pellestrina,d6e6014f-548e-4c54-b322-2159786a26e1,J&J's,0,8,2,2,,2
2026-09-25,venice,lido-pellestrina,d6e6014f-548e-4c54-b322-2159786a26e1,J&J's,0,6,2,1,,2
2026-09-23,venice,mestre-carpenedo,d8c0641a-6354-4627-b8c4-28482aca6853,J&J's,100,3,50,50,50.0,50
2026-09-24,venice,mestre-carpenedo,d8c0641a-6354-4627-b8c4-28482aca6853,J&J's,100,8,57,57,57.0,57
2026-09-25,venice,mestre-carpenedo,d8c0641a-6354-4627-b8c4-28482aca6853,J&J's,100,6,59,59,59.0,59
2026-09-23,venice,bissuola,da6e95de-4969-486d-9120-155c7cba4c5a,J&J's,0,3,1,1,,1
2026-09-24,venice,bissuola,da6e95de-4969-486d-9120-155c7cba4c5a,J&J's,0,8,1,1,,1
2026-09-25,venice,bissuola,da6e95de-4969-486d-9120-155c7cba4c5a,J&J's,0,6,2,2,,2
2026-09-23,venice,campo-dei-frari,dabab66e-1d7f-4648-83ff-4d58b0873c1e,J&J's,50,3,9,9,18.0,9
2026-09-24,venice,campo-dei-frari,dabab66e-1d7f-4648-83ff-4d58b0873c1e,J&J's,50,8,9,7,18.0,9
2026-09-25,venice,campo-dei-frari,dabab66e-1d7f-4648-83ff-4d58b0873c1e,J&J's,50,6,7,7,14.0,7
2026-09-23,venice,murano-da-mula,df2aebe6-a857-428f-8ac4-f145e4b0c9ff,J&J's,0,3,3,2,,3
2026-09-24,venice,murano-da-mula,df2aebe6-a857-428f-8ac4-f145e4b0c9ff,J&J's,0,8,2,2,,2
2026-09-25,venice,murano-da-mula,df2aebe6-a857-428f-8ac4-f145e4b0c9ff,J&J's,0,6,2,2,,2
2026-09-23,venice,san-marco,e0398e1b-60ed-43a8-be52-048184491f9d,J&J's,10,3,5,5,50.0,5
2026-09-24,venice,san-marco,e0398e1b-60ed-43a8-be52-048184491f9d,J&J's,10,8,5,5,50.0,6
2026-09-25,venice,san-marco,e0398e1b-60ed-43a8-be52-048184491f9d,J&J's,10,6,6,6,60.0,7
2026-09-23,venice,lido-pellestrina,e2c3351f-68d7-4cb2-abb3-ec20ab57b865,J&J's,0,3,1,1,,1
2026-09-24,venice,lido-pellestrina,e2c3351f-68d7-4cb2-abb3-ec20ab57b865,J&J's,0,8,2,2,,2
2026-09-25,venice,lido-pellestrina,e2c3351f-68d7-4cb2-abb3-ec20ab57b865,J&J's,0,6,3,3,,3
2026-09-23,venice,peggy-guggenheim-collection,e3bf2e40-bab0-4040-aa19-b18d5cee141e,J&J's,0,3,6,6,,6
2026-09-24,venice,peggy-guggenheim-collection,e3bf2e40-bab0-4040-aa19-b18d5cee141e,J&J's,0,8,6,6,,6
2026-09-25,venice,peggy-guggenheim-collection,e3bf2e40-bab0-4040-aa19-b18d5cee141e,J&J's,0,6,10,10,,10
2026-09-23,venice,city-center,e66a3683-13ad-4f2f-b0f8-ac9dfa0fadb2,J&J's,50,3,0,0,0.0,0
2026-09-24,venice,city-center,e66a3683-13ad-4f2f-b0f8-ac9dfa0fadb2,J&J's,50,8,0,0,0.0,0
2026-09-25,venice,city-center,e66a3683-13ad-4f2f-b0f8-ac9dfa0fadb2,J&J's,50,6,0,0,0.0,0
2026-09-23,venice,marghera,e6de8ff0-8ebb-4d31-84fa-e36fd42e7447,J&J's,0,3,0,0,,0
2026-09-24,venice,marghera,e6de8ff0-8ebb-4d31-84fa-e36fd42e7447,J&J's,0,8,0,0,,0
2026-09-25,venice,marghera,e6de8ff0-8ebb-4d31-84fa-e36fd42e7447,J&J's,0,6,0,0,,0
2026-09-23,venice,rione-pertini,e7227503-28ae-4c16-bd35-2ecade9ad6ed,J&J's,0,3,185,185,,185
2026-09-24,venice,rione-pertini,e7227503-28ae-4c16-bd35-2ecade9ad6ed,J&J's,0,8,186,181,,186
2026-09-25,venice,rione-pertini,e7227503-28ae-4c16-bd35-2ecade9ad6ed,J&J's,0,6,181,171,,182
2026-09-23,venice,cita,eb81693f-e970-4dd3-89eb-5a6031b3e77b,J&J's,0,3,0,0,,0
2026-09-24,venice,cita,eb81693f-e970-4dd3-89eb-5a6031b3e77b,J&J's,0,8,0,0,,0
2026-09-25,venice,cita,eb81693f-e970-4dd3-89eb-5a6031b3e77b,J&J's,0,6,0,0,,0
2026-09-23,venice,carpenedo,eca23af9-7ab0-4acc-98d0-830f1309f937,J&J's,0,3,2,2,,2
2026-09-24,venice,carpenedo,eca23af9-7ab0-4acc-98d0-830f1309f937,J&J's,0,8,1,1,,1
2026-09-25,venice,carpenedo,eca23af9-7ab0-4acc-98d0-830f1309f937,J&J's,0,6,1,1,,1
2026-09-23,venice,san-polo,f3c03b0b-258b-47dd-81d1-8c7ac8feedc4,J&J's,50,3,10,10,20.0,10
2026-09-24,venice,san-polo,f3c03b0b-258b-47dd-81d1-8c7ac8feedc4,J&J's,50,8,10,6,20.0,10
2026-09-25,venice,san-polo,f3c03b0b-258b-47dd-81d1-8c7ac8feedc4,J&J's,50,6,10,10,20.0,10
2026-09-23,venice,rialto,f482ffcc-3ebe-4b81-9e2c-9a5dd94682a0,J&J's,50,3,6,5,12.0,6
2026-09-24,venice,rialto,f482ffcc-3ebe-4b81-9e2c-9a5dd94682a0,J&J's,50,8,5,4,10.0,5
2026-09-25,venice,rialto,f482ffcc-3ebe-4b81-9e2c-9a5dd94682a0,J&J's,50,6,6,6,12.0,6
2026-09-23,venice,piazzale-roma,fc815f33-9dec-4611-86e0-8ddc6079132d,J&J's,15,3,28,28,186.7,28
2026-09-24,venice,piazzale-roma,fc815f33-9dec-4611-86e0-8ddc6079132d,J&J's,15,8,31,31,206.7,31
2026-09-25,venice,piazzale-roma,fc815f33-9dec-4611-86e0-8ddc6079132d,J&J's,15,6,30,29,200.0,30
2026-09-23,verbania,miasino,301d2534-4f7f-4b65-a37f-e2935c2a183a,J&J's,0,3,0,0,,0
2026-09-24,verbania,miasino,301d2534-4f7f-4b65-a37f-e2935c2a183a,J&J's,0,8,0,0,,0
2026-09-25,verbania,miasino,301d2534-4f7f-4b65-a37f-e2935c2a183a,J&J's,0,6,0,0,,0
2026-09-23,verbania,pallanza,4f98e169-3df2-4b38-b73d-09e6d4af1261,J&J's,0,3,0,0,,0
2026-09-24,verbania,pallanza,4f98e169-3df2-4b38-b73d-09e6d4af1261,J&J's,0,8,0,0,,0
2026-09-25,verbania,pallanza,4f98e169-3df2-4b38-b73d-09e6d4af1261,J&J's,0,6,0,0,,0
2026-09-23,verbania,intra,90f62910-e393-4166-8890-d238115671fc,J&J's,0,3,0,0,,0
2026-09-24,verbania,intra,90f62910-e393-4166-8890-d238115671fc,J&J's,0,8,0,0,,0
2026-09-25,verbania,intra,90f62910-e393-4166-8890-d238115671fc,J&J's,0,6,0,0,,0
2026-09-23,verbania,oltrefiume,98d0098e-1732-4d44-9865-a6763d73075b,J&J's,0,3,0,0,,0
2026-09-24,verbania,oltrefiume,98d0098e-1732-4d44-9865-a6763d73075b,J&J's,0,8,0,0,,0
2026-09-25,verbania,oltrefiume,98d0098e-1732-4d44-9865-a6763d73075b,J&J's,0,6,0,0,,0
2026-09-23,verbania,roggiano,9cd040cb-eb6a-40f3-a0fb-16b777c707df,J&J's,0,3,0,0,,0
2026-09-24,verbania,roggiano,9cd040cb-eb6a-40f3-a0fb-16b777c707df,J&J's,0,8,0,0,,0
2026-09-25,verbania,roggiano,9cd040cb-eb6a-40f3-a0fb-16b777c707df,J&J's,0,6,0,0,,0
2026-09-23,verbania,laveno,a007848c-c447-478e-a76b-28832e55dede,J&J's,0,3,3,3,,3
2026-09-24,verbania,laveno,a007848c-c447-478e-a76b-28832e55dede,J&J's,0,8,3,2,,3
2026-09-25,verbania,laveno,a007848c-c447-478e-a76b-28832e55dede,J&J's,0,6,2,2,,2
2026-09-23,verbania,due-cossani,bea76f39-ba41-4dc4-836f-7f24eb0535ba,J&J's,0,3,0,0,,0
2026-09-24,verbania,due-cossani,bea76f39-ba41-4dc4-836f-7f24eb0535ba,J&J's,0,8,0,0,,0
2026-09-25,verbania,due-cossani,bea76f39-ba41-4dc4-836f-7f24eb0535ba,J&J's,0,6,0,0,,0
2026-09-23,verbania,verbania,d1560f1d-0cdb-4e28-a0fe-82d6628475f1,J&J's,100,3,0,0,0.0,0
2026-09-24,verbania,verbania,d1560f1d-0cdb-4e28-a0fe-82d6628475f1,J&J's,100,8,0,0,0.0,0
2026-09-25,verbania,verbania,d1560f1d-0cdb-4e28-a0fe-82d6628475f1,J&J's,100,6,0,0,0.0,0
2026-09-23,verbania,bagnella,d2ab421f-9269-444a-9ca8-08a857dfe2d7,J&J's,20,3,1,1,5.0,1
2026-09-24,verbania,bagnella,d2ab421f-9269-444a-9ca8-08a857dfe2d7,J&J's,20,8,1,0,5.0,1
2026-09-25,verbania,bagnella,d2ab421f-9269-444a-9ca8-08a857dfe2d7,J&J's,20,6,0,0,0.0,0
2026-09-23,verbania,intra,dc2b49ea-85d8-4541-b43a-796412058274,J&J's,10,3,0,0,0.0,0
2026-09-24,verbania,intra,dc2b49ea-85d8-4541-b43a-796412058274,J&J's,10,8,0,0,0.0,0
2026-09-25,verbania,intra,dc2b49ea-85d8-4541-b43a-796412058274,J&J's,10,6,0,0,0.0,0
2026-09-23,verbania,binda,e3e0396c-6955-4f71-806c-33f60abffd87,J&J's,0,3,10,10,,10
2026-09-24,verbania,binda,e3e0396c-6955-4f71-806c-33f60abffd87,J&J's,0,8,11,11,,11
2026-09-25,verbania,binda,e3e0396c-6955-4f71-806c-33f60abffd87,J&J's,0,6,14,14,,14
2026-09-23,verbania,pallanza,edb2759d-73b3-494a-8ef6-4bba8293d6c0,J&J's,80,3,0,0,0.0,0
2026-09-24,verbania,pallanza,edb2759d-73b3-494a-8ef6-4bba8293d6c0,J&J's,80,8,0,0,0.0,0
2026-09-25,verbania,pallanza,edb2759d-73b3-494a-8ef6-4bba8293d6c0,J&J's,80,6,0,0,0.0,0
2026-09-23,vercelli,valentino,0a2ae6ae-f6a5-453e-bd19-ab82e6fc17bb,J&J's,0,3,0,0,,0
2026-09-24,vercelli,valentino,0a2ae6ae-f6a5-453e-bd19-ab82e6fc17bb,J&J's,0,8,0,0,,0
2026-09-25,vercelli,valentino,0a2ae6ae-f6a5-453e-bd19-ab82e6fc17bb,J&J's,0,6,0,0,,0
2026-09-23,vercelli,porta-casale,257646ee-b308-43f2-a152-8c555e192d7a,J&J's,10,3,0,0,0.0,0
2026-09-24,vercelli,porta-casale,257646ee-b308-43f2-a152-8c555e192d7a,J&J's,10,8,0,0,0.0,0
2026-09-25,vercelli,porta-casale,257646ee-b308-43f2-a152-8c555e192d7a,J&J's,10,6,0,0,0.0,0
2026-09-23,vercelli,city-center,96f311df-2465-43a7-8ac3-0411b0bb678b,J&J's,0,3,1,1,,1
2026-09-24,vercelli,city-center,96f311df-2465-43a7-8ac3-0411b0bb678b,J&J's,0,8,1,1,,1
2026-09-25,vercelli,city-center,96f311df-2465-43a7-8ac3-0411b0bb678b,J&J's,0,6,1,1,,1
2026-09-23,verona,chievo,013387a9-285a-4dbb-88c6-017648edce1f,J&J's,0,3,0,0,,0
2026-09-24,verona,chievo,013387a9-285a-4dbb-88c6-017648edce1f,J&J's,0,8,0,0,,0
2026-09-25,verona,chievo,013387a9-285a-4dbb-88c6-017648edce1f,J&J's,0,6,0,0,,0
2026-09-23,verona,borgo-venezia,09079ea0-2de4-4a9b-8fa2-15599caedbe9,J&J's,0,3,0,0,,0
2026-09-24,verona,borgo-venezia,09079ea0-2de4-4a9b-8fa2-15599caedbe9,J&J's,0,8,0,0,,0
2026-09-25,verona,borgo-venezia,09079ea0-2de4-4a9b-8fa2-15599caedbe9,J&J's,0,6,0,0,,0
2026-09-23,verona,pedemonte,0b37629d-0f04-469f-8a68-005fee3ef4a8,J&J's,0,3,0,0,,0
2026-09-24,verona,pedemonte,0b37629d-0f04-469f-8a68-005fee3ef4a8,J&J's,0,8,0,0,,0
2026-09-25,verona,pedemonte,0b37629d-0f04-469f-8a68-005fee3ef4a8,J&J's,0,6,0,0,,0
2026-09-23,verona,nord-est,0c94249e-6db2-4071-b8f9-70e31c67802c,J&J's,0,3,0,0,,0
2026-09-24,verona,nord-est,0c94249e-6db2-4071-b8f9-70e31c67802c,J&J's,0,8,0,0,,0
2026-09-25,verona,nord-est,0c94249e-6db2-4071-b8f9-70e31c67802c,J&J's,0,6,0,0,,0
2026-09-23,verona,valdonega,0e02fdcc-05f7-4165-ad57-985fec930369,J&J's,0,3,0,0,,0
2026-09-24,verona,valdonega,0e02fdcc-05f7-4165-ad57-985fec930369,J&J's,0,8,0,0,,0
2026-09-25,verona,valdonega,0e02fdcc-05f7-4165-ad57-985fec930369,J&J's,0,6,0,0,,0
2026-09-23,verona,borgo-roma,146727fe-ce47-4050-b395-7ec860fe92db,J&J's,0,3,1,1,,1
2026-09-24,verona,borgo-roma,146727fe-ce47-4050-b395-7ec860fe92db,J&J's,0,8,1,1,,1
2026-09-25,verona,borgo-roma,146727fe-ce47-4050-b395-7ec860fe92db,J&J's,0,6,1,1,,1
2026-09-23,verona,borgo-roma,15e55e74-851a-417e-8196-d437e193c622,J&J's,0,3,0,0,,0
2026-09-24,verona,borgo-roma,15e55e74-851a-417e-8196-d437e193c622,J&J's,0,8,0,0,,0
2026-09-25,verona,borgo-roma,15e55e74-851a-417e-8196-d437e193c622,J&J's,0,6,0,0,,0
2026-09-23,verona,san-pietro-in-cariano,1e386b69-ac70-46c0-8af2-fd76357657c6,J&J's,0,3,0,0,,0
2026-09-24,verona,san-pietro-in-cariano,1e386b69-ac70-46c0-8af2-fd76357657c6,J&J's,0,8,0,0,,0
2026-09-25,verona,san-pietro-in-cariano,1e386b69-ac70-46c0-8af2-fd76357657c6,J&J's,0,6,0,0,,0
2026-09-23,verona,vigasio,21944148-2179-4e1a-afd0-f9ab837a64eb,J&J's,0,3,0,0,,0
2026-09-24,verona,vigasio,21944148-2179-4e1a-afd0-f9ab837a64eb,J&J's,0,8,0,0,,0
2026-09-25,verona,vigasio,21944148-2179-4e1a-afd0-f9ab837a64eb,J&J's,0,6,0,0,,0
2026-09-23,verona,san-bonifacio,21f79b54-9cf1-4bb5-85e2-8927d2bc4d99,J&J's,0,3,0,0,,0
2026-09-24,verona,san-bonifacio,21f79b54-9cf1-4bb5-85e2-8927d2bc4d99,J&J's,0,8,0,0,,0
2026-09-25,verona,san-bonifacio,21f79b54-9cf1-4bb5-85e2-8927d2bc4d99,J&J's,0,6,0,0,,0
2026-09-23,verona,san-michele-extra,27de3284-1c75-416d-869f-709209ddc516,J&J's,0,3,0,0,,0
2026-09-24,verona,san-michele-extra,27de3284-1c75-416d-869f-709209ddc516,J&J's,0,8,0,0,,0
2026-09-25,verona,san-michele-extra,27de3284-1c75-416d-869f-709209ddc516,J&J's,0,6,0,0,,0
2026-09-23,verona,veronetta,301d16d1-a7f6-40f0-8fa6-4c026838a4e7,J&J's,50,3,1,1,2.0,1
2026-09-24,verona,veronetta,301d16d1-a7f6-40f0-8fa6-4c026838a4e7,J&J's,50,8,1,1,2.0,1
2026-09-25,verona,veronetta,301d16d1-a7f6-40f0-8fa6-4c026838a4e7,J&J's,50,6,2,2,4.0,2
2026-09-23,verona,pontoncello,39ec0fff-a3e6-454f-85fa-19b42eceef46,J&J's,0,3,0,0,,0
2026-09-24,verona,pontoncello,39ec0fff-a3e6-454f-85fa-19b42eceef46,J&J's,0,8,0,0,,0
2026-09-25,verona,pontoncello,39ec0fff-a3e6-454f-85fa-19b42eceef46,J&J's,0,6,0,0,,0
2026-09-23,verona,citta-antica,3bf8b84a-cf70-4159-a84c-e3d81d465cf1,J&J's,0,3,15,15,,15
2026-09-24,verona,citta-antica,3bf8b84a-cf70-4159-a84c-e3d81d465cf1,J&J's,0,8,17,17,,17
2026-09-25,verona,citta-antica,3bf8b84a-cf70-4159-a84c-e3d81d465cf1,J&J's,0,6,18,18,,19
2026-09-23,verona,cittadella,3dba5a42-34c6-4508-a7bf-d71f415d5930,J&J's,0,3,5,5,,5
2026-09-24,verona,cittadella,3dba5a42-34c6-4508-a7bf-d71f415d5930,J&J's,0,8,6,6,,6
2026-09-25,verona,cittadella,3dba5a42-34c6-4508-a7bf-d71f415d5930,J&J's,0,6,5,4,,5
2026-09-23,verona,citta-antica,4cd6d56f-f19c-4f57-aa08-80af2c7c6dc3,J&J's,18,3,18,18,100.0,18
2026-09-24,verona,citta-antica,4cd6d56f-f19c-4f57-aa08-80af2c7c6dc3,J&J's,18,8,18,16,100.0,18
2026-09-25,verona,citta-antica,4cd6d56f-f19c-4f57-aa08-80af2c7c6dc3,J&J's,18,6,19,19,105.6,19
2026-09-23,verona,arena-di-verona,5095ddba-3b08-4e16-bbdb-3805de900aad,J&J's,0,3,7,7,,7
2026-09-24,verona,arena-di-verona,5095ddba-3b08-4e16-bbdb-3805de900aad,J&J's,0,8,12,12,,12
2026-09-25,verona,arena-di-verona,5095ddba-3b08-4e16-bbdb-3805de900aad,J&J's,0,6,12,12,,12
2026-09-23,verona,citta-antica,535c861a-3159-48fb-abdc-ab9fb4f4b485,J&J's,0,3,23,23,,23
2026-09-24,verona,citta-antica,535c861a-3159-48fb-abdc-ab9fb4f4b485,J&J's,0,8,26,26,,26
2026-09-25,verona,citta-antica,535c861a-3159-48fb-abdc-ab9fb4f4b485,J&J's,0,6,26,26,,26
2026-09-23,verona,villafranca-di-verona,540b57cf-57ee-4a05-b1f7-c01c4ad1b982,J&J's,0,3,0,0,,0
2026-09-24,verona,villafranca-di-verona,540b57cf-57ee-4a05-b1f7-c01c4ad1b982,J&J's,0,8,0,0,,0
2026-09-25,verona,villafranca-di-verona,540b57cf-57ee-4a05-b1f7-c01c4ad1b982,J&J's,0,6,0,0,,0
2026-09-23,verona,borgo-roma,5a0d00a6-7c4f-4ca0-bbb5-aa76d43185a0,J&J's,0,3,0,0,,0
2026-09-24,verona,borgo-roma,5a0d00a6-7c4f-4ca0-bbb5-aa76d43185a0,J&J's,0,8,1,1,,1
2026-09-25,verona,borgo-roma,5a0d00a6-7c4f-4ca0-bbb5-aa76d43185a0,J&J's,0,6,1,1,,1
2026-09-23,verona,porta-nuova,5ad11204-336e-4409-8f0a-197e1840d890,J&J's,0,3,48,46,,48
2026-09-24,verona,porta-nuova,5ad11204-336e-4409-8f0a-197e1840d890,J&J's,0,8,48,48,,48
2026-09-25,verona,porta-nuova,5ad11204-336e-4409-8f0a-197e1840d890,J&J's,0,6,48,43,,48
2026-09-23,verona,citta-antica,5ed92367-abb9-4e11-911d-19242a3a49f3,J&J's,10,3,4,4,40.0,4
2026-09-24,verona,citta-antica,5ed92367-abb9-4e11-911d-19242a3a49f3,J&J's,10,8,4,4,40.0,4
2026-09-25,verona,citta-antica,5ed92367-abb9-4e11-911d-19242a3a49f3,J&J's,10,6,4,4,40.0,4
2026-09-23,verona,alpo,626efcc1-b08e-4f9c-aa70-613cc9edd20e,J&J's,0,3,0,0,,0
2026-09-24,verona,alpo,626efcc1-b08e-4f9c-aa70-613cc9edd20e,J&J's,0,8,0,0,,0
2026-09-25,verona,alpo,626efcc1-b08e-4f9c-aa70-613cc9edd20e,J&J's,0,6,0,0,,0
2026-09-23,verona,citta-antica,677ff30b-a058-4d4b-8c88-da9069d2952b,J&J's,0,3,13,13,,13
2026-09-24,verona,citta-antica,677ff30b-a058-4d4b-8c88-da9069d2952b,J&J's,0,8,16,16,,16
2026-09-25,verona,citta-antica,677ff30b-a058-4d4b-8c88-da9069d2952b,J&J's,0,6,17,17,,17
2026-09-23,verona,juliet-s-house,6ac95226-95ed-4517-a984-a7338c10070e,J&J's,0,3,2,1,,2
2026-09-24,verona,juliet-s-house,6ac95226-95ed-4517-a984-a7338c10070e,J&J's,0,8,1,1,,1
2026-09-25,verona,juliet-s-house,6ac95226-95ed-4517-a984-a7338c10070e,J&J's,0,6,1,1,,1
2026-09-23,verona,sona,6ddb728f-4055-4eb4-927a-4c6e58df816d,J&J's,0,3,0,0,,0
2026-09-24,verona,sona,6ddb728f-4055-4eb4-927a-4c6e58df816d,J&J's,0,8,0,0,,0
2026-09-25,verona,sona,6ddb728f-4055-4eb4-927a-4c6e58df816d,J&J's,0,6,0,0,,0
2026-09-23,verona,arena-di-verona,72614706-95a4-4178-96ff-9dd02f02bf1d,J&J's,40,3,10,10,25.0,10
2026-09-24,verona,arena-di-verona,72614706-95a4-4178-96ff-9dd02f02bf1d,J&J's,40,8,12,12,30.0,12
2026-09-25,verona,arena-di-verona,72614706-95a4-4178-96ff-9dd02f02bf1d,J&J's,40,6,15,15,37.5,15
2026-09-23,verona,monteforte-d'alpone,72abcb98-f4af-4842-a5ed-378d3d6f161e,J&J's,0,3,0,0,,0
2026-09-24,verona,monteforte-d'alpone,72abcb98-f4af-4842-a5ed-378d3d6f161e,J&J's,0,8,0,0,,0
2026-09-25,verona,monteforte-d'alpone,72abcb98-f4af-4842-a5ed-378d3d6f161e,J&J's,0,6,0,0,,0
2026-09-23,verona,citta-antica,762882df-e35a-40e4-8ddb-88a58aa4d3f2,J&J's,0,3,0,0,,0
2026-09-24,verona,citta-antica,762882df-e35a-40e4-8ddb-88a58aa4d3f2,J&J's,0,8,0,0,,0
2026-09-25,verona,citta-antica,762882df-e35a-40e4-8ddb-88a58aa4d3f2,J&J's,0,6,0,0,,0
2026-09-23,verona,porta-nuova,7aee090a-0d3c-4a97-9f6f-11c887fcad00,J&J's,0,3,12,12,,12
2026-09-24,verona,porta-nuova,7aee090a-0d3c-4a97-9f6f-11c887fcad00,J&J's,0,8,13,13,,13
2026-09-25,verona,porta-nuova,7aee090a-0d3c-4a97-9f6f-11c887fcad00,J&J's,0,6,13,13,,14
2026-09-23,verona,castel-d'azzano,8d018108-36c0-45f6-abc9-85e2adb0a173,J&J's,0,3,0,0,,0
2026-09-24,verona,castel-d'azzano,8d018108-36c0-45f6-abc9-85e2adb0a173,J&J's,0,8,0,0,,0
2026-09-25,verona,castel-d'azzano,8d018108-36c0-45f6-abc9-85e2adb0a173,J&J's,0,6,0,0,,0
2026-09-23,verona,borgo-roma,973c98e0-5a0a-40e7-a198-c1e1fdbffb8f,J&J's,0,3,1,1,,1
2026-09-24,verona,borgo-roma,973c98e0-5a0a-40e7-a198-c1e1fdbffb8f,J&J's,0,8,1,1,,1
2026-09-25,verona,borgo-roma,973c98e0-5a0a-40e7-a198-c1e1fdbffb8f,J&J's,0,6,1,1,,1
2026-09-23,verona,città-antica,9c3012ad-4d24-4559-96ce-13dbc8c0dc48,J&J's,10,3,1,1,10.0,1
2026-09-24,verona,città-antica,9c3012ad-4d24-4559-96ce-13dbc8c0dc48,J&J's,10,8,1,1,10.0,1
2026-09-25,verona,città-antica,9c3012ad-4d24-4559-96ce-13dbc8c0dc48,J&J's,10,6,1,1,10.0,1
2026-09-23,verona,santa-lucia,9f709e9e-11d9-41b6-bb6a-17d41f54d348,J&J's,0,3,0,0,,0
2026-09-24,verona,santa-lucia,9f709e9e-11d9-41b6-bb6a-17d41f54d348,J&J's,0,8,0,0,,0
2026-09-25,verona,santa-lucia,9f709e9e-11d9-41b6-bb6a-17d41f54d348,J&J's,0,6,0,0,,0
2026-09-23,verona,borgo-roma,a01f9790-953a-4257-adf9-3af7681fd264,J&J's,100,3,0,0,0.0,0
2026-09-24,verona,borgo-roma,a01f9790-953a-4257-adf9-3af7681fd264,J&J's,100,8,0,0,0.0,0
2026-09-25,verona,borgo-roma,a01f9790-953a-4257-adf9-3af7681fd264,J&J's,100,6,0,0,0.0,0
2026-09-23,verona,dossobuono,a19b2720-6368-4f87-a60a-f125ccd5fcc8,J&J's,0,3,0,0,,0
2026-09-24,verona,dossobuono,a19b2720-6368-4f87-a60a-f125ccd5fcc8,J&J's,0,8,0,0,,0
2026-09-25,verona,dossobuono,a19b2720-6368-4f87-a60a-f125ccd5fcc8,J&J's,0,6,0,0,,0
2026-09-23,verona,cittadella,ab6a4fbe-c9bd-4bf8-86a1-9daf2708e37a,J&J's,15,3,11,11,73.3,11
2026-09-24,verona,cittadella,ab6a4fbe-c9bd-4bf8-86a1-9daf2708e37a,J&J's,15,8,13,13,86.7,13
2026-09-25,verona,cittadella,ab6a4fbe-c9bd-4bf8-86a1-9daf2708e37a,J&J's,15,6,13,9,86.7,13
2026-09-23,verona,cittadella,abe3a260-35a6-4f22-9b11-08843befd23a,J&J's,0,3,3,3,,3
2026-09-24,verona,cittadella,abe3a260-35a6-4f22-9b11-08843befd23a,J&J's,0,8,3,3,,3
2026-09-25,verona,cittadella,abe3a260-35a6-4f22-9b11-08843befd23a,J&J's,0,6,4,4,,4
2026-09-23,verona,citta-antica,af82a3ec-f646-4465-93aa-0ddf61b71d51,J&J's,0,3,2,2,,2
2026-09-24,verona,citta-antica,af82a3ec-f646-4465-93aa-0ddf61b71d51,J&J's,0,8,2,2,,2
2026-09-25,verona,citta-antica,af82a3ec-f646-4465-93aa-0ddf61b71d51,J&J's,0,6,2,1,,2
2026-09-23,verona,arena-di-verona,aff204f4-8555-4dfb-ae48-f6470ad92203,J&J's,0,3,0,0,,0
2026-09-24,verona,arena-di-verona,aff204f4-8555-4dfb-ae48-f6470ad92203,J&J's,0,8,0,0,,0
2026-09-25,verona,arena-di-verona,aff204f4-8555-4dfb-ae48-f6470ad92203,J&J's,0,6,0,0,,0
2026-09-23,verona,bovolone,b3e7bf5a-91c8-4712-a710-041d2f61260d,J&J's,0,3,0,0,,0
2026-09-24,verona,bovolone,b3e7bf5a-91c8-4712-a710-041d2f61260d,J&J's,0,8,0,0,,0
2026-09-25,verona,bovolone,b3e7bf5a-91c8-4712-a710-041d2f61260d,J&J's,0,6,0,0,,0
2026-09-23,verona,santa-lucia,b44c2150-055d-4bc0-9bd7-66a6a60a62e9,J&J's,0,3,1,1,,1
2026-09-24,verona,santa-lucia,b44c2150-055d-4bc0-9bd7-66a6a60a62e9,J&J's,0,8,1,0,,1
2026-09-25,verona,santa-lucia,b44c2150-055d-4bc0-9bd7-66a6a60a62e9,J&J's,0,6,0,0,,0
2026-09-23,verona,bussolengo,bb5a7614-4072-4505-a7a3-8028cd7beff0,J&J's,0,3,0,0,,0
2026-09-24,verona,bussolengo,bb5a7614-4072-4505-a7a3-8028cd7beff0,J&J's,0,8,0,0,,0
2026-09-25,verona,bussolengo,bb5a7614-4072-4505-a7a3-8028cd7beff0,J&J's,0,6,0,0,,0
2026-09-23,verona,roverè-veronese,bfdc1749-0c52-4033-af7b-3c6b95cca0b1,J&J's,0,3,0,0,,0
2026-09-24,verona,roverè-veronese,bfdc1749-0c52-4033-af7b-3c6b95cca0b1,J&J's,0,8,0,0,,0
2026-09-25,verona,roverè-veronese,bfdc1749-0c52-4033-af7b-3c6b95cca0b1,J&J's,0,6,0,0,,0
2026-09-23,verona,juliet-s-house,c544a780-67ba-4f72-b1f9-5ce5b928b75f,J&J's,0,3,3,3,,3
2026-09-24,verona,juliet-s-house,c544a780-67ba-4f72-b1f9-5ce5b928b75f,J&J's,0,8,3,2,,3
2026-09-25,verona,juliet-s-house,c544a780-67ba-4f72-b1f9-5ce5b928b75f,J&J's,0,6,2,1,,2
2026-09-23,verona,zevio,c5e3172e-86f6-4802-a7d1-9d2621702ff3,J&J's,0,3,0,0,,0
2026-09-24,verona,zevio,c5e3172e-86f6-4802-a7d1-9d2621702ff3,J&J's,0,8,0,0,,0
2026-09-25,verona,zevio,c5e3172e-86f6-4802-a7d1-9d2621702ff3,J&J's,0,6,0,0,,0
2026-09-23,verona,veronetta,c74d3c68-63ac-436c-81ee-2a8ee8869f9b,J&J's,0,3,0,0,,0
2026-09-24,verona,veronetta,c74d3c68-63ac-436c-81ee-2a8ee8869f9b,J&J's,0,8,0,0,,0
2026-09-25,verona,veronetta,c74d3c68-63ac-436c-81ee-2a8ee8869f9b,J&J's,0,6,0,0,,0
2026-09-23,verona,bagnolo,c89873ec-343a-4c6e-82c6-fd6dfe71136d,J&J's,0,3,0,0,,0
2026-09-24,verona,bagnolo,c89873ec-343a-4c6e-82c6-fd6dfe71136d,J&J's,0,8,0,0,,0
2026-09-25,verona,bagnolo,c89873ec-343a-4c6e-82c6-fd6dfe71136d,J&J's,0,6,0,0,,0
2026-09-23,verona,caldiero,cdd532b2-a97e-44bf-8dea-785bc897920d,J&J's,0,3,0,0,,0
2026-09-24,verona,caldiero,cdd532b2-a97e-44bf-8dea-785bc897920d,J&J's,0,8,0,0,,0
2026-09-25,verona,caldiero,cdd532b2-a97e-44bf-8dea-785bc897920d,J&J's,0,6,0,0,,0
2026-09-23,verona,cittadella,d459127f-1673-4d48-a522-a29d184b2146,J&J's,0,3,1,1,,1
2026-09-24,verona,cittadella,d459127f-1673-4d48-a522-a29d184b2146,J&J's,0,8,1,1,,1
2026-09-25,verona,cittadella,d459127f-1673-4d48-a522-a29d184b2146,J&J's,0,6,1,1,,1
2026-09-23,verona,villafranca-di-verona,d4863dd7-0599-4aa1-9d9d-4a065c08ad60,J&J's,0,3,0,0,,0
2026-09-24,verona,villafranca-di-verona,d4863dd7-0599-4aa1-9d9d-4a065c08ad60,J&J's,0,8,0,0,,0
2026-09-25,verona,villafranca-di-verona,d4863dd7-0599-4aa1-9d9d-4a065c08ad60,J&J's,0,6,0,0,,0
2026-09-23,verona,porta-nuova,d71173d3-9456-4d23-b386-b888b622c572,J&J's,0,3,8,7,,8
2026-09-24,verona,porta-nuova,d71173d3-9456-4d23-b386-b888b622c572,J&J's,0,8,8,8,,8
2026-09-25,verona,porta-nuova,d71173d3-9456-4d23-b386-b888b622c572,J&J's,0,6,8,8,,8
2026-09-23,verona,juliet-s-house,d824a4f5-5fcd-4449-a07a-b3335ad27875,J&J's,0,3,0,0,,0
2026-09-24,verona,juliet-s-house,d824a4f5-5fcd-4449-a07a-b3335ad27875,J&J's,0,8,0,0,,0
2026-09-25,verona,juliet-s-house,d824a4f5-5fcd-4449-a07a-b3335ad27875,J&J's,0,6,0,0,,0
2026-09-23,verona,raldon,d868b842-18a8-47aa-8463-00088d4a06df,J&J's,0,3,0,0,,0
2026-09-24,verona,raldon,d868b842-18a8-47aa-8463-00088d4a06df,J&J's,0,8,0,0,,0
2026-09-25,verona,raldon,d868b842-18a8-47aa-8463-00088d4a06df,J&J's,0,6,0,0,,0
2026-09-23,verona,citta-antica,da0825c5-d6fc-46b9-bd40-e3d4053c3728,J&J's,0,3,9,9,,9
2026-09-24,verona,citta-antica,da0825c5-d6fc-46b9-bd40-e3d4053c3728,J&J's,0,8,9,8,,9
2026-09-25,verona,citta-antica,da0825c5-d6fc-46b9-bd40-e3d4053c3728,J&J's,0,6,9,9,,9
2026-09-23,verona,vago,da3dc5d4-3632-48a8-8dc8-b479960d8368,J&J's,0,3,0,0,,0
2026-09-24,verona,vago,da3dc5d4-3632-48a8-8dc8-b479960d8368,J&J's,0,8,0,0,,0
2026-09-25,verona,vago,da3dc5d4-3632-48a8-8dc8-b479960d8368,J&J's,0,6,0,0,,0
2026-09-23,verona,bussolengo,dde120bb-64f4-40c9-93a9-a6be517de1ea,J&J's,0,3,0,0,,0
2026-09-24,verona,bussolengo,dde120bb-64f4-40c9-93a9-a6be517de1ea,J&J's,0,8,0,0,,0
2026-09-25,verona,bussolengo,dde120bb-64f4-40c9-93a9-a6be517de1ea,J&J's,0,6,0,0,,0
2026-09-23,verona,bussolengo,e083d66a-56dd-410e-bb86-3c4e4328d2fd,J&J's,0,3,0,0,,0
2026-09-24,verona,bussolengo,e083d66a-56dd-410e-bb86-3c4e4328d2fd,J&J's,0,8,0,0,,0
2026-09-25,verona,bussolengo,e083d66a-56dd-410e-bb86-3c4e4328d2fd,J&J's,0,6,0,0,,0
2026-09-23,verona,bovolone,e0956d25-8ade-4e18-bb6d-a2b19c55e206,J&J's,0,3,0,0,,0
2026-09-24,verona,bovolone,e0956d25-8ade-4e18-bb6d-a2b19c55e206,J&J's,0,8,0,0,,0
2026-09-25,verona,bovolone,e0956d25-8ade-4e18-bb6d-a2b19c55e206,J&J's,0,6,0,0,,0
2026-09-23,verona,raldon,ed4f6066-3469-4777-9dde-48dfc4635dd7,J&J's,0,3,0,0,,0
2026-09-24,verona,raldon,ed4f6066-3469-4777-9dde-48dfc4635dd7,J&J's,0,8,0,0,,0
2026-09-25,verona,raldon,ed4f6066-3469-4777-9dde-48dfc4635dd7,J&J's,0,6,0,0,,0
2026-09-23,verona,buttapietra,ed818c7d-ec80-438a-92a5-525158a6bbba,J&J's,0,3,0,0,,0
2026-09-24,verona,buttapietra,ed818c7d-ec80-438a-92a5-525158a6bbba,J&J's,0,8,0,0,,0
2026-09-25,verona,buttapietra,ed818c7d-ec80-438a-92a5-525158a6bbba,J&J's,0,6,0,0,,0
2026-09-23,verona,cavaion-veronese,f1e39761-c7ce-4361-9361-03e242334875,J&J's,0,3,0,0,,0
2026-09-24,verona,cavaion-veronese,f1e39761-c7ce-4361-9361-03e242334875,J&J's,0,8,0,0,,0
2026-09-25,verona,cavaion-veronese,f1e39761-c7ce-4361-9361-03e242334875,J&J's,0,6,0,0,,0
2026-09-23,verona,arena-di-verona,f60550fc-ea47-45b2-9fd9-f3b6e1e171cc,J&J's,0,3,1,1,,1
2026-09-24,verona,arena-di-verona,f60550fc-ea47-45b2-9fd9-f3b6e1e171cc,J&J's,0,8,1,1,,1
2026-09-25,verona,arena-di-verona,f60550fc-ea47-45b2-9fd9-f3b6e1e171cc,J&J's,0,6,1,1,,1
2026-09-23,verona,veronetta,f7007043-1729-4344-812d-11e614dfef4d,J&J's,0,3,2,2,,2
2026-09-24,verona,veronetta,f7007043-1729-4344-812d-11e614dfef4d,J&J's,0,8,2,1,,2
2026-09-25,verona,veronetta,f7007043-1729-4344-812d-11e614dfef4d,J&J's,0,6,1,1,,1
2026-09-23,verona,citta-antica,fe6dcef1-0d5f-413e-b4e3-f35e787fdd07,J&J's,0,3,6,6,,6
2026-09-24,verona,citta-antica,fe6dcef1-0d5f-413e-b4e3-f35e787fdd07,J&J's,0,8,7,7,,7
2026-09-25,verona,citta-antica,fe6dcef1-0d5f-413e-b4e3-f35e787fdd07,J&J's,0,6,6,5,,6
2026-09-23,vibo-valentia,carmine,138bd910-d844-47e8-be7b-62887e356178,J&J's,0,3,0,0,,0
2026-09-24,vibo-valentia,carmine,138bd910-d844-47e8-be7b-62887e356178,J&J's,0,8,0,0,,0
2026-09-25,vibo-valentia,carmine,138bd910-d844-47e8-be7b-62887e356178,J&J's,0,6,0,0,,0
2026-09-23,vibo-valentia,,27bf6b46-2222-47b6-aa0c-ae8b6d2dd560,J&J's,0,3,0,0,,0
2026-09-24,vibo-valentia,,27bf6b46-2222-47b6-aa0c-ae8b6d2dd560,J&J's,0,8,0,0,,0
2026-09-25,vibo-valentia,,27bf6b46-2222-47b6-aa0c-ae8b6d2dd560,J&J's,0,6,0,0,,0
2026-09-23,vibo-valentia,vibo-valentia,2e97e07f-fcfa-438b-a7f4-2c6132dd4ac9,J&J's,0,3,0,0,,0
2026-09-24,vibo-valentia,vibo-valentia,2e97e07f-fcfa-438b-a7f4-2c6132dd4ac9,J&J's,0,8,0,0,,0
2026-09-25,vibo-valentia,vibo-valentia,2e97e07f-fcfa-438b-a7f4-2c6132dd4ac9,J&J's,0,6,0,0,,0
2026-09-23,vibo-valentia,vibo-valentia,310ae05b-b59e-4812-b87a-bc93a09599ae,J&J's,0,3,0,0,,0
2026-09-24,vibo-valentia,vibo-valentia,310ae05b-b59e-4812-b87a-bc93a09599ae,J&J's,0,8,0,0,,0
2026-09-25,vibo-valentia,vibo-valentia,310ae05b-b59e-4812-b87a-bc93a09599ae,J&J's,0,6,0,0,,0
2026-09-23,vibo-valentia,paravati,43989cc1-9fb0-47de-a1e8-cd212d4a9747,J&J's,0,3,0,0,,0
2026-09-24,vibo-valentia,paravati,43989cc1-9fb0-47de-a1e8-cd212d4a9747,J&J's,0,8,0,0,,0
2026-09-25,vibo-valentia,paravati,43989cc1-9fb0-47de-a1e8-cd212d4a9747,J&J's,0,6,0,0,,0
2026-09-23,vibo-valentia,marina,53521810-e328-4ccb-a199-daff84cb5c49,J&J's,0,3,4,4,,4
2026-09-24,vibo-valentia,marina,53521810-e328-4ccb-a199-daff84cb5c49,J&J's,0,8,4,4,,4
2026-09-25,vibo-valentia,marina,53521810-e328-4ccb-a199-daff84cb5c49,J&J's,0,6,4,4,,4
2026-09-23,vibo-valentia,baglio,67375fef-2af9-47da-bad1-f740689c2abf,J&J's,0,3,0,0,,0
2026-09-24,vibo-valentia,baglio,67375fef-2af9-47da-bad1-f740689c2abf,J&J's,0,8,0,0,,0
2026-09-25,vibo-valentia,baglio,67375fef-2af9-47da-bad1-f740689c2abf,J&J's,0,6,0,0,,0
2026-09-23,vibo-valentia,vena,71c9f7a3-4dae-408c-b700-ef82df8a64fb,J&J's,0,3,0,0,,0
2026-09-24,vibo-valentia,vena,71c9f7a3-4dae-408c-b700-ef82df8a64fb,J&J's,0,8,0,0,,0
2026-09-25,vibo-valentia,vena,71c9f7a3-4dae-408c-b700-ef82df8a64fb,J&J's,0,6,0,0,,0
2026-09-23,vibo-valentia,san-ferdinando,79a32494-d1e2-42a1-bc33-451020009167,J&J's,0,3,0,0,,0
2026-09-24,vibo-valentia,san-ferdinando,79a32494-d1e2-42a1-bc33-451020009167,J&J's,0,8,0,0,,0
2026-09-25,vibo-valentia,san-ferdinando,79a32494-d1e2-42a1-bc33-451020009167,J&J's,0,6,0,0,,0
2026-09-23,vibo-valentia,paravati,7e56f781-a5cf-4035-9ad2-66934aaf401c,J&J's,0,3,0,0,,0
2026-09-24,vibo-valentia,paravati,7e56f781-a5cf-4035-9ad2-66934aaf401c,J&J's,0,8,0,0,,0
2026-09-25,vibo-valentia,paravati,7e56f781-a5cf-4035-9ad2-66934aaf401c,J&J's,0,6,0,0,,0
2026-09-23,vibo-valentia,gioia-tauro,9811034e-3d93-489c-bd59-19e6708ffe75,J&J's,0,3,0,0,,0
2026-09-24,vibo-valentia,gioia-tauro,9811034e-3d93-489c-bd59-19e6708ffe75,J&J's,0,8,0,0,,0
2026-09-25,vibo-valentia,gioia-tauro,9811034e-3d93-489c-bd59-19e6708ffe75,J&J's,0,6,0,0,,0
2026-09-23,vibo-valentia,dasà,9f22da53-5be6-4907-9502-7420741ba1fe,J&J's,0,3,0,0,,0
2026-09-24,vibo-valentia,dasà,9f22da53-5be6-4907-9502-7420741ba1fe,J&J's,0,8,0,0,,0
2026-09-25,vibo-valentia,dasà,9f22da53-5be6-4907-9502-7420741ba1fe,J&J's,0,6,0,0,,0
2026-09-23,vibo-valentia,castellana,d11876ee-f19c-4ab3-b72c-7661b4c0dd0a,J&J's,0,3,0,0,,0
2026-09-24,vibo-valentia,castellana,d11876ee-f19c-4ab3-b72c-7661b4c0dd0a,J&J's,0,8,0,0,,0
2026-09-25,vibo-valentia,castellana,d11876ee-f19c-4ab3-b72c-7661b4c0dd0a,J&J's,0,6,0,0,,0
2026-09-23,vibo-valentia,triparni,e30d646c-daf1-4f22-a211-49feed4bc9dc,J&J's,0,3,0,0,,0
2026-09-24,vibo-valentia,triparni,e30d646c-daf1-4f22-a211-49feed4bc9dc,J&J's,0,8,0,0,,0
2026-09-25,vibo-valentia,triparni,e30d646c-daf1-4f22-a211-49feed4bc9dc,J&J's,0,6,0,0,,0
2026-09-23,vibo-valentia,rosarno,fed061a6-54f2-4fc6-8ad2-58227a5307f7,J&J's,0,3,0,0,,0
2026-09-24,vibo-valentia,rosarno,fed061a6-54f2-4fc6-8ad2-58227a5307f7,J&J's,0,8,0,0,,0
2026-09-25,vibo-valentia,rosarno,fed061a6-54f2-4fc6-8ad2-58227a5307f7,J&J's,0,6,0,0,,0
2026-09-23,vicenza,villaggio-montegrappa,1bb66e3f-5205-48db-8b7c-edaab5220e18,J&J's,0,3,0,0,,0
2026-09-24,vicenza,villaggio-montegrappa,1bb66e3f-5205-48db-8b7c-edaab5220e18,J&J's,0,8,0,0,,0
2026-09-25,vicenza,villaggio-montegrappa,1bb66e3f-5205-48db-8b7c-edaab5220e18,J&J's,0,6,0,0,,0
2026-09-23,vicenza,city-center,26c6a385-4c12-4cb2-ac55-ae849354e5b1,J&J's,0,3,0,0,,0
2026-09-24,vicenza,city-center,26c6a385-4c12-4cb2-ac55-ae849354e5b1,J&J's,0,8,0,0,,0
2026-09-25,vicenza,city-center,26c6a385-4c12-4cb2-ac55-ae849354e5b1,J&J's,0,6,0,0,,0
2026-09-23,vicenza,ca'-dolfin,343f46e0-6306-4484-88d2-09eafc9a6624,J&J's,0,3,0,0,,0
2026-09-24,vicenza,ca'-dolfin,343f46e0-6306-4484-88d2-09eafc9a6624,J&J's,0,8,0,0,,0
2026-09-25,vicenza,ca'-dolfin,343f46e0-6306-4484-88d2-09eafc9a6624,J&J's,0,6,0,0,,0
2026-09-23,vicenza,ponticello,348b5375-8bc5-4dcb-9de2-d15536c749aa,J&J's,0,3,0,0,,0
2026-09-24,vicenza,ponticello,348b5375-8bc5-4dcb-9de2-d15536c749aa,J&J's,0,8,0,0,,0
2026-09-25,vicenza,ponticello,348b5375-8bc5-4dcb-9de2-d15536c749aa,J&J's,0,6,0,0,,0
2026-09-23,vicenza,city-center,38cbd27f-8e6d-4ffb-97a3-18fbf3f0c10b,J&J's,0,3,14,14,,14
2026-09-24,vicenza,city-center,38cbd27f-8e6d-4ffb-97a3-18fbf3f0c10b,J&J's,0,8,15,15,,15
2026-09-25,vicenza,city-center,38cbd27f-8e6d-4ffb-97a3-18fbf3f0c10b,J&J's,0,6,15,14,,15
2026-09-23,vicenza,castelgomberto,48da59ed-a70f-44c7-ab35-29237acfc275,J&J's,0,3,0,0,,0
2026-09-24,vicenza,castelgomberto,48da59ed-a70f-44c7-ab35-29237acfc275,J&J's,0,8,0,0,,0
2026-09-25,vicenza,castelgomberto,48da59ed-a70f-44c7-ab35-29237acfc275,J&J's,0,6,0,0,,0
2026-09-23,vicenza,abbazia-pisani,508788f7-295a-495b-8608-9584b9502604,J&J's,0,3,0,0,,0
2026-09-24,vicenza,abbazia-pisani,508788f7-295a-495b-8608-9584b9502604,J&J's,0,8,0,0,,0
2026-09-25,vicenza,abbazia-pisani,508788f7-295a-495b-8608-9584b9502604,J&J's,0,6,0,0,,0
2026-09-23,vicenza,rive,53a3aed2-a0e0-486a-88d6-a2a0e02d480a,J&J's,0,3,0,0,,0
2026-09-24,vicenza,rive,53a3aed2-a0e0-486a-88d6-a2a0e02d480a,J&J's,0,8,0,0,,0
2026-09-25,vicenza,rive,53a3aed2-a0e0-486a-88d6-a2a0e02d480a,J&J's,0,6,0,0,,0
2026-09-23,vicenza,city-center,56dcf541-a78c-4009-ae33-964afac59411,J&J's,0,3,0,0,,0
2026-09-24,vicenza,city-center,56dcf541-a78c-4009-ae33-964afac59411,J&J's,0,8,0,0,,0
2026-09-25,vicenza,city-center,56dcf541-a78c-4009-ae33-964afac59411,J&J's,0,6,0,0,,0
2026-09-23,vicenza,ponte-di-nanto,6055e006-31c4-471c-8d9c-3aec9c6aed11,J&J's,0,3,0,0,,0
2026-09-24,vicenza,ponte-di-nanto,6055e006-31c4-471c-8d9c-3aec9c6aed11,J&J's,0,8,0,0,,0
2026-09-25,vicenza,ponte-di-nanto,6055e006-31c4-471c-8d9c-3aec9c6aed11,J&J's,0,6,0,0,,0
2026-09-23,vicenza,pozzoleone,7838da6b-1d62-4e04-b868-181d1eb10e7e,J&J's,0,3,0,0,,0
2026-09-24,vicenza,pozzoleone,7838da6b-1d62-4e04-b868-181d1eb10e7e,J&J's,0,8,0,0,,0
2026-09-25,vicenza,pozzoleone,7838da6b-1d62-4e04-b868-181d1eb10e7e,J&J's,0,6,0,0,,0
2026-09-23,vicenza,la-stanga,a05da7b3-249c-4784-875e-08b6a4b1666c,J&J's,0,3,0,0,,0
2026-09-24,vicenza,la-stanga,a05da7b3-249c-4784-875e-08b6a4b1666c,J&J's,0,8,0,0,,0
2026-09-25,vicenza,la-stanga,a05da7b3-249c-4784-875e-08b6a4b1666c,J&J's,0,6,0,0,,0
2026-09-23,vicenza,marsan,aae6b90f-cdac-481a-b677-83909c3b505d,J&J's,0,3,0,0,,0
2026-09-24,vicenza,marsan,aae6b90f-cdac-481a-b677-83909c3b505d,J&J's,0,8,0,0,,0
2026-09-25,vicenza,marsan,aae6b90f-cdac-481a-b677-83909c3b505d,J&J's,0,6,0,0,,0
2026-09-23,vicenza,villaggio-giardino,b86a7575-5b77-4125-b9f0-485c4ab27a0b,J&J's,0,3,0,0,,0
2026-09-24,vicenza,villaggio-giardino,b86a7575-5b77-4125-b9f0-485c4ab27a0b,J&J's,0,8,0,0,,0
2026-09-25,vicenza,villaggio-giardino,b86a7575-5b77-4125-b9f0-485c4ab27a0b,J&J's,0,6,0,0,,0
2026-09-23,vicenza,tezze-sul-brenta,b97084b2-7b0a-4d65-9377-1b579be73af3,J&J's,0,3,0,0,,0
2026-09-24,vicenza,tezze-sul-brenta,b97084b2-7b0a-4d65-9377-1b579be73af3,J&J's,0,8,0,0,,0
2026-09-25,vicenza,tezze-sul-brenta,b97084b2-7b0a-4d65-9377-1b579be73af3,J&J's,0,6,0,0,,0
2026-09-23,vicenza,olmo,cb23642a-f4b7-4237-a0c0-14e147e52d41,J&J's,0,3,0,0,,0
2026-09-24,vicenza,olmo,cb23642a-f4b7-4237-a0c0-14e147e52d41,J&J's,0,8,0,0,,0
2026-09-25,vicenza,olmo,cb23642a-f4b7-4237-a0c0-14e147e52d41,J&J's,0,6,0,0,,0
2026-09-23,vicenza,dueville,cdb0f62b-02de-4e5f-9a03-ca903c41d89a,J&J's,0,3,0,0,,0
2026-09-24,vicenza,dueville,cdb0f62b-02de-4e5f-9a03-ca903c41d89a,J&J's,0,8,0,0,,0
2026-09-25,vicenza,dueville,cdb0f62b-02de-4e5f-9a03-ca903c41d89a,J&J's,0,6,0,0,,0
2026-09-23,vicenza,sovizzo,d347eda3-c91f-4141-9c56-3332d918e124,J&J's,0,3,0,0,,0
2026-09-24,vicenza,sovizzo,d347eda3-c91f-4141-9c56-3332d918e124,J&J's,0,8,0,0,,0
2026-09-25,vicenza,sovizzo,d347eda3-c91f-4141-9c56-3332d918e124,J&J's,0,6,0,0,,0
2026-09-23,vicenza,city-center,d5300f25-b785-4358-8b8f-448c5c750e33,J&J's,0,3,0,0,,0
2026-09-24,vicenza,city-center,d5300f25-b785-4358-8b8f-448c5c750e33,J&J's,0,8,0,0,,0
2026-09-25,vicenza,city-center,d5300f25-b785-4358-8b8f-448c5c750e33,J&J's,0,6,0,0,,0
2026-09-23,vicenza,san-paolo,d53c9043-416c-4d56-b13e-09e72f2f7223,J&J's,0,3,0,0,,0
2026-09-24,vicenza,san-paolo,d53c9043-416c-4d56-b13e-09e72f2f7223,J&J's,0,8,0,0,,0
2026-09-25,vicenza,san-paolo,d53c9043-416c-4d56-b13e-09e72f2f7223,J&J's,0,6,0,0,,0
2026-09-23,vicenza,bolzano-vicentino,e3e287b1-6b02-4413-9932-1a28f8aa71c0,J&J's,0,3,0,0,,0
2026-09-24,vicenza,bolzano-vicentino,e3e287b1-6b02-4413-9932-1a28f8aa71c0,J&J's,0,8,0,0,,0
2026-09-25,vicenza,bolzano-vicentino,e3e287b1-6b02-4413-9932-1a28f8aa71c0,J&J's,0,6,0,0,,0
2026-09-23,vicenza,trissino,e92db649-0881-419b-a5db-bbfc37ab33ee,J&J's,10,3,0,0,0.0,0
2026-09-24,vicenza,trissino,e92db649-0881-419b-a5db-bbfc37ab33ee,J&J's,10,8,0,0,0.0,0
2026-09-25,vicenza,trissino,e92db649-0881-419b-a5db-bbfc37ab33ee,J&J's,10,6,0,0,0.0,0
2026-09-23,vicenza,carmignano-di-brenta,ee6e7afd-0ded-4927-8d4d-d51dfc8f0049,J&J's,0,3,0,0,,0
2026-09-24,vicenza,carmignano-di-brenta,ee6e7afd-0ded-4927-8d4d-d51dfc8f0049,J&J's,0,8,0,0,,0
2026-09-25,vicenza,carmignano-di-brenta,ee6e7afd-0ded-4927-8d4d-d51dfc8f0049,J&J's,0,6,0,0,,0
2026-09-23,vicenza,tezze-sul-brenta,f5700d1f-1328-40d8-883f-6ed19b8ee27c,J&J's,0,3,0,0,,0
2026-09-24,vicenza,tezze-sul-brenta,f5700d1f-1328-40d8-883f-6ed19b8ee27c,J&J's,0,8,0,0,,0
2026-09-25,vicenza,tezze-sul-brenta,f5700d1f-1328-40d8-883f-6ed19b8ee27c,J&J's,0,6,0,0,,0
2026-09-23,vicenza,cartigliano,fcfc4b0e-915e-4ac7-a379-58c3cd470a76,J&J's,0,3,0,0,,0
2026-09-24,vicenza,cartigliano,fcfc4b0e-915e-4ac7-a379-58c3cd470a76,J&J's,0,8,0,0,,0
2026-09-25,vicenza,cartigliano,fcfc4b0e-915e-4ac7-a379-58c3cd470a76,J&J's,0,6,0,0,,0
2026-09-23,viterbo,villanova,5503f92c-bc01-4a5e-a3f7-f6bc5258a2e6,J&J's,10,3,2,2,20.0,2
2026-09-24,viterbo,villanova,5503f92c-bc01-4a5e-a3f7-f6bc5258a2e6,J&J's,10,8,2,1,20.0,2
2026-09-25,viterbo,villanova,5503f92c-bc01-4a5e-a3f7-f6bc5258a2e6,J&J's,10,6,1,1,10.0,1
2026-09-23,viterbo,la-quercia,63603031-ed0d-4f9a-8d9f-7efbad51293c,J&J's,0,3,0,0,,0
2026-09-24,viterbo,la-quercia,63603031-ed0d-4f9a-8d9f-7efbad51293c,J&J's,0,8,0,0,,0
2026-09-25,viterbo,la-quercia,63603031-ed0d-4f9a-8d9f-7efbad51293c,J&J's,0,6,0,0,,0
2026-09-23,viterbo,la-quercia,694a4979-c2d3-43b6-a2b5-27c3c5afa765,J&J's,0,3,0,0,,0
2026-09-24,viterbo,la-quercia,694a4979-c2d3-43b6-a2b5-27c3c5afa765,J&J's,0,8,0,0,,0
2026-09-25,viterbo,la-quercia,694a4979-c2d3-43b6-a2b5-27c3c5afa765,J&J's,0,6,0,0,,0
2026-09-23,viterbo,pallone,990432c2-d7a4-4b5b-be2b-313b9138c507,J&J's,0,3,0,0,,0
2026-09-24,viterbo,pallone,990432c2-d7a4-4b5b-be2b-313b9138c507,J&J's,0,8,0,0,,0
2026-09-25,viterbo,pallone,990432c2-d7a4-4b5b-be2b-313b9138c507,J&J's,0,6,0,0,,0
2026-09-23,viterbo,,a571488a-2b77-495d-8332-aca6002cb4d5,J&J's,0,3,0,0,,0
2026-09-24,viterbo,,a571488a-2b77-495d-8332-aca6002cb4d5,J&J's,0,8,0,0,,0
2026-09-25,viterbo,,a571488a-2b77-495d-8332-aca6002cb4d5,J&J's,0,6,0,0,,0
