spot_id,city,slug,url,status,checked_on
4903d4fb-be2e-4609-a571-dc80dc5d0a0a,rome,nidcUa,https://bounce.com/stores/rome/nidcUa,200,2026-10-06
12347e4b-c6f9-4c81-ab1b-5370a2feaf26,rome,HLTHkG,https://bounce.com/stores/rome/HLTHkG,200,2026-10-06
1dc20f34-383f-42db-bfa0-33c42718d385,rome,uPZm4f,https://bounce.com/stores/rome/uPZm4f,200,2026-10-06
d8dd8470-3c2f-4d9b-89b0-4c27c9771152,rome,np0YWk,https://bounce.com/stores/rome/np0YWk,200,2026-10-06
06eece39-786b-43b5-8c0a-447d62e7d5e3,rome,bcIWdX,https://bounce.com/stores/rome/bcIWdX,200,2026-10-06
1cb2bfc0-b9b8-452d-ba86-e16b91544870,rome,2gvuCr,https://bounce.com/stores/rome/2gvuCr,200,2026-10-06
0f1f5e72-9dfc-4e67-974f-53c403fbf87b,rome,jfSOma,https://bounce.com/stores/rome/jfSOma,200,2026-10-06
9958c46f-c4b5-4d20-a2d2-f6b2aecee47a,rome,HrngsL,https://bounce.com/stores/rome/HrngsL,200,2026-10-06
6e930db8-0f31-4813-98d4-8cfa619422db,rome,q0-bZ8,https://bounce.com/stores/rome/q0-bZ8,200,2026-10-06
6698ced9-bb1d-4055-863e-19b3dbec902e,rome,b5FDeP,https://bounce.com/stores/rome/b5FDeP,200,2026-10-06
d843d5b7-93a5-4523-9839-3d6e2b040f4c,rome,fw4lfn,https://bounce.com/stores/rome/fw4lfn,200,2026-10-06
b859c47f-ed7f-4dc4-8fc1-aa9924e00f60,rome,4caq9e,https://bounce.com/stores/rome/4caq9e,200,2026-10-06
2909a817-5341-42a5-80cd-70763b762ce7,rome,ftmpvo,https://bounce.com/stores/rome/ftmpvo,200,2026-10-06
d9a41446-8bc3-4b7b-b544-c8e9dfdad99d,rome,xcske9,https://bounce.com/stores/rome/xcske9,200,2026-10-06
cfbe9390-0708-4b33-98ee-1ee9994c0845,rome,YUiBFe,https://bounce.com/stores/rome/YUiBFe,200,2026-10-06
f84dde51-7714-4555-bf99-5f8b65072055,rome,mro5iw,https://bounce.com/stores/rome/mro5iw,200,2026-10-06
3eef0b6b-6a10-4c83-96ff-cbcd55aafbd5,rome,qwavf_,https://bounce.com/stores/rome/qwavf_,200,2026-10-06
2eee6d4d-71c2-4715-9eed-02e4925a5a79,rome,s9POYX,https://bounce.com/stores/rome/s9POYX,200,2026-10-06
320038ba-18ba-4276-a2d9-0e7a24e93a36,rome,zWpnoK,https://bounce.com/stores/rome/zWpnoK,200,2026-10-06
4d7c999d-7f25-4445-a741-f62889dc7172,rome,vdqfst,https://bounce.com/stores/rome/vdqfst,200,2026-10-06
e79898cb-e290-41ae-8c51-0c16f90c4de7,rome,g0vtml,https://bounce.com/stores/rome/g0vtml,200,2026-10-06
55ae4696-926e-42e8-828e-e6f6c8be3c51,rome,z6esan,https://bounce.com/stores/rome/z6esan,200,2026-10-06
96b4df40-880a-4ca7-9597-09ed3e321656,rome,lc2vyt,https://bounce.com/stores/rome/lc2vyt,200,2026-10-06
151953e5-88f6-4c1c-9ddc-2b8df3be3de0,rome,insrnu,https://bounce.com/stores/rome/insrnu,200,2026-10-06
aab42c44-ec62-46ed-abf0-baa31d0d5b91,rome,qbtepf,https://bounce.com/stores/rome/qbtepf,200,2026-10-06
5d925fef-7eec-43bf-9a60-846fe9e75b21,rome,nl5lm1,https://bounce.com/stores/rome/nl5lm1,200,2026-10-06
e407afe1-2a6b-49ba-866d-f3d41afaded1,rome,3qmgjx,https://bounce.com/stores/rome/3qmgjx,200,2026-10-06
15a01d59-d9b5-49af-bfd5-e2f61156c643,rome,lxu2wz,https://bounce.com/stores/rome/lxu2wz,200,2026-10-06
02ad9772-09d5-467c-827e-7047500fe89b,rome,x8ld2s,https://bounce.com/stores/rome/x8ld2s,200,2026-10-06
c95aa3c2-8af9-4363-8d9a-01bf2d64c668,rome,vlitg8,https://bounce.com/stores/rome/vlitg8,200,2026-10-06
22c00244-1b65-4a53-8ab4-41b828dc9c6f,rome,-ixifa,https://bounce.com/stores/rome/-ixifa,200,2026-10-06
3895e5a4-0aa7-40f0-88b4-8471be8d7183,rome,k7nq27,https://bounce.com/stores/rome/k7nq27,200,2026-10-06
1c4cbf26-fbd7-4cc8-8c33-8e17f92d7135,rome,rdabdn,https://bounce.com/stores/rome/rdabdn,200,2026-10-06
f4b0aae0-2998-4a5b-94d9-e0b21ec74ea6,rome,yqh9lx,https://bounce.com/stores/rome/yqh9lx,200,2026-10-06
5777818e-6a6a-4033-9b30-8392b52f4c4b,rome,w1k29j,https://bounce.com/stores/rome/w1k29j,200,2026-10-06
6dec3a02-c1c3-4488-a8ee-f9e43e4873e6,rome,dfcevn,https://bounce.com/stores/rome/dfcevn,200,2026-10-06
0727f184-e53e-4fa9-9c9f-fbaac3f34911,rome,ugm6rm,https://bounce.com/stores/rome/ugm6rm,200,2026-10-06
13344126-7b8a-4c75-bf42-24b0175fbc54,rome,4ccnw2,https://bounce.com/stores/rome/4ccnw2,200,2026-10-06
acaad5ab-0ea1-4508-b762-a74d8cc2cfe6,rome,VA1pkh,https://bounce.com/stores/rome/VA1pkh,200,2026-10-06
8d4248b6-1371-45a9-a90d-3511fe9c92fb,rome,bah1jt,https://bounce.com/stores/rome/bah1jt,200,2026-10-06
12b90f9d-f94e-48cf-88b7-5f25b60a83b2,rome,x_fnv6,https://bounce.com/stores/rome/x_fnv6,200,2026-10-06
074fc449-6129-4f85-8ba4-6074b5c9e75f,rome,1g8in3,https://bounce.com/stores/rome/1g8in3,200,2026-10-06
3a455c17-7c7a-4e74-ba9b-5aca254e8d3b,rome,uwplqx,https://bounce.com/stores/rome/uwplqx,200,2026-10-06
183537ed-a114-407c-aa2e-24868497df04,rome,jvw89_,https://bounce.com/stores/rome/jvw89_,200,2026-10-06
35c07140-29ab-49a5-816b-a6a66b020704,rome,vp7tma,https://bounce.com/stores/rome/vp7tma,200,2026-10-06
31907d53-b059-46c6-a435-0daa753168c2,rome,l4pkcx,https://bounce.com/stores/rome/l4pkcx,200,2026-10-06
a49fd158-23ba-4f00-a8e3-35d38851df5b,rome,r_3d7i,https://bounce.com/stores/rome/r_3d7i,200,2026-10-06
5ec888ad-2e53-4b1b-908d-3d20e494ddf7,rome,pxghyj,https://bounce.com/stores/rome/pxghyj,200,2026-10-06
6bc04dc7-d573-432d-8f60-be7f72d4d803,rome,uhtk1k,https://bounce.com/stores/rome/uhtk1k,200,2026-10-06
571fe54e-0d5d-4866-b0b2-66834ae0a2ba,rome,ostqlv,https://bounce.com/stores/rome/ostqlv,200,2026-10-06
05aefcbd-7b05-40b4-b854-0e010548e33f,rome,czyrs6,https://bounce.com/stores/rome/czyrs6,200,2026-10-06
3a4c7b22-4d1a-4e66-82b6-503c4a673458,rome,lqec6e,https://bounce.com/stores/rome/lqec6e,200,2026-10-06
4415e515-87a9-4a96-8970-9bb3ac35f60e,rome,59sqfq,https://bounce.com/stores/rome/59sqfq,200,2026-10-06
23e4b612-d237-4ff5-9ac6-fadf5754398e,rome,z2ayku,https://bounce.com/stores/rome/z2ayku,200,2026-10-06
adbfa18e-35af-4b0a-a8e0-39ce0ab2e68e,rome,aibttk,https://bounce.com/stores/rome/aibttk,200,2026-10-06
2099f864-5e6b-48d4-afce-422379d00cf4,rome,ocvmki,https://bounce.com/stores/rome/ocvmki,200,2026-10-06
a83c76e7-f0cd-451c-a963-5d08d7614f86,rome,vr5s8s,https://bounce.com/stores/rome/vr5s8s,200,2026-10-06
0a4159bc-9270-4b82-830a-fc23a6b39234,rome,b6zni2,https://bounce.com/stores/rome/b6zni2,200,2026-10-06
1d404531-df1c-4516-bb78-0ce21faa1ec2,rome,on86y5,https://bounce.com/stores/rome/on86y5,200,2026-10-06
4cb43a50-639d-47c9-83f7-719293c5141f,rome,8xv-ev,https://bounce.com/stores/rome/8xv-ev,200,2026-10-06
00db0c2f-fa90-4d92-a274-e1d7bf32b5fd,rome,wjxm1w,https://bounce.com/stores/rome/wjxm1w,200,2026-10-06
e0ea09da-6fb7-4b71-a208-1a7b00e58048,rome,gue_qa,https://bounce.com/stores/rome/gue_qa,200,2026-10-06
92c93053-6ddf-4dd8-97bd-4a31ba541795,rome,nm5umy,https://bounce.com/stores/rome/nm5umy,200,2026-10-06
45845a75-aee8-4c7e-9067-3ab93f5e057d,rome,oayafo,https://bounce.com/stores/rome/oayafo,200,2026-10-06
b83f3d49-1ba6-4257-b356-88cdb08febe8,rome,m0zmir,https://bounce.com/stores/rome/m0zmir,200,2026-10-06
d5883087-1f87-4820-a3e5-7c428361dfbd,rome,3jotek,https://bounce.com/stores/rome/3jotek,200,2026-10-06
0e020c48-8e9b-4d6d-9b24-884a3bb19499,rome,ikiw4l,https://bounce.com/stores/rome/ikiw4l,200,2026-10-06
fc9dc4d5-e2cb-471a-95e3-761dae53e129,rome,uc-sk9,https://bounce.com/stores/rome/uc-sk9,200,2026-10-06
e34f7d54-9432-4d74-9d51-37e018cf326f,rome,ypgdot,https://bounce.com/stores/rome/ypgdot,200,2026-10-06
2ebd65fb-0799-41d6-9ce5-0e715d5a3f5d,rome,bblyjc,https://bounce.com/stores/rome/bblyjc,200,2026-10-06
01d8a05e-7700-43af-aa39-2ef995947c33,rome,dxafkt,https://bounce.com/stores/rome/dxafkt,200,2026-10-06
38f452b1-599e-402e-9afb-a7f3ce3fe3ab,rome,shhtoj,https://bounce.com/stores/rome/shhtoj,200,2026-10-06
600fbc2a-b7ad-44dd-bcfe-5c1e7aa70e0c,rome,tdu-wx,https://bounce.com/stores/rome/tdu-wx,200,2026-10-06
948a7440-cf14-41b6-a322-2a60bb4e2870,rome,xnozkh,https://bounce.com/stores/rome/xnozkh,200,2026-10-06
1ccda846-89de-47f9-ad41-10e4225882a1,rome,rexr_b,https://bounce.com/stores/rome/rexr_b,200,2026-10-06
150e0196-6473-4e71-b839-6a092a8bf25a,rome,mtp5ud,https://bounce.com/stores/rome/mtp5ud,200,2026-10-06
798847e1-2fd1-462c-8f29-5d9de3888388,rome,iytyhq,https://bounce.com/stores/rome/iytyhq,200,2026-10-06
2182f5d6-000d-4497-a62a-522ed00c8b3f,rome,c9oXCn,https://bounce.com/stores/rome/c9oXCn,200,2026-10-06
b8b6e787-8ed4-4593-a073-d3baf1ef68da,rome,m_o8la,https://bounce.com/stores/rome/m_o8la,200,2026-10-06
90f043f1-b122-4681-8dd3-e9e739e35611,rome,vgmv7d,https://bounce.com/stores/rome/vgmv7d,200,2026-10-06
1417ea2f-235b-45d8-b8a3-e80cb893df5a,rome,imhiyx,https://bounce.com/stores/rome/imhiyx,200,2026-10-06
534ce4a6-ad04-4949-a7c9-45bbba807791,rome,y9ajeb,https://bounce.com/stores/rome/y9ajeb,200,2026-10-06
666629a0-2cd6-4b5c-b2ab-ed9fcc87c492,rome,ypmkjo,https://bounce.com/stores/rome/ypmkjo,200,2026-10-06
83e70bda-3e7a-48c5-bc05-582629428e28,rome,cwyhkh,https://bounce.com/stores/rome/cwyhkh,200,2026-10-06
44b397af-b167-468c-ba5a-8e636526650c,rome,ult_hh,https://bounce.com/stores/rome/ult_hh,200,2026-10-06
af83f4ed-2f72-4b33-a2f2-97bab5252071,rome,aac-0k,https://bounce.com/stores/rome/aac-0k,200,2026-10-06
ad28a46e-72e7-4dfb-a9d3-d9ad153514c9,rome,8stow9,https://bounce.com/stores/rome/8stow9,200,2026-10-06
9e66a356-bf8f-47c3-b6f3-5bdba93c5b21,rome,XHQyV5,https://bounce.com/stores/rome/XHQyV5,200,2026-10-06
fd4bed8c-7a6b-4347-8b0c-d7a51c72f87a,rome,zvibaj,https://bounce.com/stores/rome/zvibaj,200,2026-10-06
ae63d0c7-1006-400c-be0e-16b0a6a084cd,rome,6rd_px,https://bounce.com/stores/rome/6rd_px,200,2026-10-06
ea69f83d-05f1-481b-9126-b98206bf4968,rome,kqf_gh,https://bounce.com/stores/rome/kqf_gh,200,2026-10-06
8918382b-e266-4e0c-9e91-79e73f92e3a2,rome,p33ewy,https://bounce.com/stores/rome/p33ewy,200,2026-10-06
f931acea-60d3-4bb8-b5b2-d4f75a0a64d4,rome,ypBHgq,https://bounce.com/stores/rome/ypBHgq,200,2026-10-06
a76f6f03-fe28-4945-a501-53e182c01eee,rome,y1ltno,https://bounce.com/stores/rome/y1ltno,200,2026-10-06
ad33246d-da08-435e-9ba3-451afeda8bd4,rome,j5dkea,https://bounce.com/stores/rome/j5dkea,200,2026-10-06
24536a7a-6f48-455e-b74b-97e84362a788,rome,dac0ek,https://bounce.com/stores/rome/dac0ek,200,2026-10-06
805bada9-3036-413a-ab01-5bec3007cfd6,rome,doyqij,https://bounce.com/stores/rome/doyqij,200,2026-10-06
be5fb4f0-29d8-4cf0-b7b2-b454524e7d72,rome,d0pczi,https://bounce.com/stores/rome/d0pczi,200,2026-10-06
e9a4aecd-0971-4cc8-a034-86d6d05a3940,rome,wdjay0,https://bounce.com/stores/rome/wdjay0,200,2026-10-06
a08a1db0-4551-4987-97eb-92af84a2fd69,rome,6kksx-,https://bounce.com/stores/rome/6kksx-,200,2026-10-06
b75c18e6-7c1c-4439-a4ad-8956f9922e35,rome,xsavzw,https://bounce.com/stores/rome/xsavzw,200,2026-10-06
82b384bf-8d33-41f7-abd6-a2019b939461,rome,se2acm,https://bounce.com/stores/rome/se2acm,200,2026-10-06
1cf221f3-c5f4-4d85-8167-833666c732d8,rome,nd_gtt,https://bounce.com/stores/rome/nd_gtt,200,2026-10-06
cb784850-1f0f-4b36-8f17-e6f6ad4ad4f2,rome,srkubi,https://bounce.com/stores/rome/srkubi,200,2026-10-06
89a694f1-a665-4c95-8303-94b628ef6151,rome,tkzwxj,https://bounce.com/stores/rome/tkzwxj,200,2026-10-06
839b6a0a-7f5e-441d-a434-66581491266b,rome,zkgdgr,https://bounce.com/stores/rome/zkgdgr,200,2026-10-06
c79db078-f25b-4a8a-aed2-db9b8de0f73f,rome,sxlibh,https://bounce.com/stores/rome/sxlibh,200,2026-10-06
6496cfc4-7701-45a0-9dd0-cc034af53337,rome,snum5t,https://bounce.com/stores/rome/snum5t,200,2026-10-06
036f7c7e-22de-4a32-94d7-b041cfa02d74,rome,phv8cb,https://bounce.com/stores/rome/phv8cb,200,2026-10-06
684134a7-deb5-481e-896b-550bf5752e5a,rome,deit5c,https://bounce.com/stores/rome/deit5c,200,2026-10-06
f6ca0a26-ee6c-408f-8a09-8ec2ed0cbbd7,rome,rw4zpw,https://bounce.com/stores/rome/rw4zpw,200,2026-10-06
612d6524-42a7-4796-ab7f-b1934ce30206,rome,4ekvvq,https://bounce.com/stores/rome/4ekvvq,200,2026-10-06
5a535d22-e4a7-4e4f-8ad0-c9221ec6550b,rome,xBY-xY,https://bounce.com/stores/rome/xBY-xY,200,2026-10-06
72335148-ff47-490d-b5d3-671de83c22ab,rome,fhwa4-,https://bounce.com/stores/rome/fhwa4-,200,2026-10-06
c457d602-1239-4431-bbae-0cdd28e5b2b3,rome,QklBlX,https://bounce.com/stores/rome/QklBlX,200,2026-10-06
1a869a3c-4dc3-4f6d-a3cc-a57fb6338720,rome,wcblo4,https://bounce.com/stores/rome/wcblo4,200,2026-10-06
bd028a8b-5ec0-4b5f-8da9-d6e129aeb01d,rome,hvdmih,https://bounce.com/stores/rome/hvdmih,200,2026-10-06
c6bbe2c2-6f74-4138-9d49-2cfa8b872899,rome,zp-03g,https://bounce.com/stores/rome/zp-03g,200,2026-10-06
536ea3bd-6136-430a-8d59-aef9a9412db5,rome,gz-obt,https://bounce.com/stores/rome/gz-obt,200,2026-10-06
839eca4b-813a-4c19-9800-4fc33e7bbde4,rome,lgaqed,https://bounce.com/stores/rome/lgaqed,200,2026-10-06
d6e25d65-fa9d-4f06-88cb-fe7faacb4387,rome,r1rukq,https://bounce.com/stores/rome/r1rukq,200,2026-10-06
354b9b64-e295-4ea8-a4f2-98b257b8bd87,rome,9zm6va,https://bounce.com/stores/rome/9zm6va,200,2026-10-06
98cc5ee4-6ae9-40df-90cf-02eb35568149,rome,pabxux,https://bounce.com/stores/rome/pabxux,200,2026-10-06
a61f2973-76b4-4cfe-95de-9adf0ffbb50f,rome,BVyO4a,https://bounce.com/stores/rome/BVyO4a,200,2026-10-06
fac0145f-8a18-4d80-9615-100ecaf4a2a8,rome,m8DO2S,https://bounce.com/stores/rome/m8DO2S,200,2026-10-06
475a2ad9-7575-43a2-863b-8d29656ad111,rome,udpzew,https://bounce.com/stores/rome/udpzew,200,2026-10-06
d92521e9-d4ea-4250-9fc0-9d75178d012d,rome,3-vrhl,https://bounce.com/stores/rome/3-vrhl,200,2026-10-06
ee5dae8b-0f1c-4650-9302-a01efab25d14,rome,pudjwy,https://bounce.com/stores/rome/pudjwy,200,2026-10-06
6260c490-ca41-45ca-841a-b579ded4d608,rome,o-cpao,https://bounce.com/stores/rome/o-cpao,200,2026-10-06
3a279e2a-877f-46e7-ac44-a5d449660ea8,rome,iBaL_F,https://bounce.com/stores/rome/iBaL_F,200,2026-10-06
17ea037f-7fc0-4600-89bc-3b487a798ffa,rome,ew5dre,https://bounce.com/stores/rome/ew5dre,200,2026-10-06
849342f7-8886-4ae3-803f-9f0fbc9cdd9f,rome,-P1p1O,https://bounce.com/stores/rome/-P1p1O,200,2026-10-06
cf38cd86-0da8-401d-ba3f-37b4e0118de1,rome,zfrdnn,https://bounce.com/stores/rome/zfrdnn,200,2026-10-06
029fa759-a3ed-48c0-b8f5-0a8695f1702f,rome,_zmsd1,https://bounce.com/stores/rome/_zmsd1,200,2026-10-06
119da845-8530-42c5-b25b-a43380a9cc94,rome,3jxppk,https://bounce.com/stores/rome/3jxppk,200,2026-10-06
ac42f353-a8c6-4461-a4a2-ecdfd205c9da,rome,vvq-ns,https://bounce.com/stores/rome/vvq-ns,200,2026-10-06
4beb4a9e-73a8-4d3f-bf6a-128f5e2fcb2d,rome,r-e1r6,https://bounce.com/stores/rome/r-e1r6,200,2026-10-06
8b3b0e9e-3a45-4c60-b8d9-1293a5cfb870,rome,ja_6uk,https://bounce.com/stores/rome/ja_6uk,200,2026-10-06
3cd9516b-b839-4ce8-a40b-3ae4804918a0,rome,ssetqc,https://bounce.com/stores/rome/ssetqc,200,2026-10-06
429feda9-0ac6-4edb-96b0-58abb6105a6e,rome,1wtm1v,https://bounce.com/stores/rome/1wtm1v,200,2026-10-06
3d4d8f07-af31-4b1c-b384-e161027f9bdb,rome,0nfvai,https://bounce.com/stores/rome/0nfvai,200,2026-10-06
7acbaa2f-702b-47c4-b994-ac856366614d,rome,ZFXSVs,https://bounce.com/stores/rome/ZFXSVs,200,2026-10-06
ea560866-0393-45e0-aca0-b6606ea1f9c4,rome,lnyrmu,https://bounce.com/stores/rome/lnyrmu,200,2026-10-06
0af27da5-ec80-441c-a0d5-e8434a18fa2c,rome,mzhbvi,https://bounce.com/stores/rome/mzhbvi,200,2026-10-06
cfb0e3e8-9342-4951-b139-2a9a80a0c669,rome,7d97rw,https://bounce.com/stores/rome/7d97rw,200,2026-10-06
76f52173-7e26-42ec-8858-7ba1fe8aa940,rome,Y_Q5jb,https://bounce.com/stores/rome/Y_Q5jb,200,2026-10-06
2728caa1-07c3-493e-941e-6ad33671f471,rome,-st2bj,https://bounce.com/stores/rome/-st2bj,200,2026-10-06
67913932-4b32-4719-82f6-5785439399a9,rome,_16t11,https://bounce.com/stores/rome/_16t11,200,2026-10-06
8ee87a22-8e53-4265-8462-86a19a23ec12,rome,kremfk,https://bounce.com/stores/rome/kremfk,200,2026-10-06
cd1657b8-34ff-44f9-a150-66de39b2d359,rome,yjaqji,https://bounce.com/stores/rome/yjaqji,200,2026-10-06
4d359067-423c-4343-bab0-99ff4ed1ec01,rome,1huzDU,https://bounce.com/stores/rome/1huzDU,200,2026-10-06
87084b7c-0dd0-4af0-bbd3-e862e1138126,rome,1wj0xa,https://bounce.com/stores/rome/1wj0xa,200,2026-10-06
a7a55a3f-c2f3-420e-a473-31f88e7d00d2,rome,713x6l,https://bounce.com/stores/rome/713x6l,200,2026-10-06
c98e3d9e-e375-4d3f-b055-48fcc34f4583,rome,WYnjk1,https://bounce.com/stores/rome/WYnjk1,200,2026-10-06
4d20616d-eecb-4a54-bb62-eb4a92736e2d,rome,oa2tib,https://bounce.com/stores/rome/oa2tib,200,2026-10-06
db209203-5182-48a5-97bf-a5f322b4de16,rome,yq95on,https://bounce.com/stores/rome/yq95on,200,2026-10-06
89f03fc2-9501-415d-936b-82c94f1f6caa,rome,snyhim,https://bounce.com/stores/rome/snyhim,200,2026-10-06
ae4d1179-de0a-422c-a14b-a23b9dbf15a8,rome,gknhpf,https://bounce.com/stores/rome/gknhpf,200,2026-10-06
5da4e1d2-3808-4a5f-9ba0-641a105b0387,rome,-kfitb,https://bounce.com/stores/rome/-kfitb,200,2026-10-06
fe204ce1-ae6f-4dc0-a134-6f4f6e1d9292,rome,q5kaup,https://bounce.com/stores/rome/q5kaup,200,2026-10-06
e3691104-4dd1-4570-93cb-860488fbec82,rome,z9iDrl,https://bounce.com/stores/rome/z9iDrl,200,2026-10-06
9135ddbc-cf67-458d-99a2-cf32453899a4,rome,sguhr3,https://bounce.com/stores/rome/sguhr3,200,2026-10-06
d1eb8b67-391b-48e8-98a3-d8a03d72bab2,rome,SEu__h,https://bounce.com/stores/rome/SEu__h,200,2026-10-06
e99f0e8a-0abe-4b9f-a404-9a20a64280de,rome,uqrmzg,https://bounce.com/stores/rome/uqrmzg,200,2026-10-06
0fcaf7e5-a6a0-48b5-be86-4acb5ef2bb1b,rome,zedvt6,https://bounce.com/stores/rome/zedvt6,200,2026-10-06
f72fb979-4a1a-4f93-a23e-a18530153af8,rome,0o_f53,https://bounce.com/stores/rome/0o_f53,200,2026-10-06
fcaaddb2-f91a-4c53-b45d-b89ddab864c9,rome,8w5cKf,https://bounce.com/stores/rome/8w5cKf,200,2026-10-06
40055f0d-cfc2-4ac2-b9b2-eb38510ba44a,rome,_XtutV,https://bounce.com/stores/rome/_XtutV,200,2026-10-06
b4dde6c4-a73c-4768-bf69-68dfac509e1a,rome,we77rm,https://bounce.com/stores/rome/we77rm,200,2026-10-06
f964bcd1-167f-4066-bf92-90ddddf7b741,rome,_nc4hj,https://bounce.com/stores/rome/_nc4hj,200,2026-10-06
cdb9b5a7-fb1b-4b4a-88ca-4c82617a92bb,rome,miui0h,https://bounce.com/stores/rome/miui0h,200,2026-10-06
037df59c-2bda-4c86-9e07-af548623b42e,rome,AUeIlC,https://bounce.com/stores/rome/AUeIlC,200,2026-10-06
1e96557d-1fe8-4eac-a627-6f125b17469b,rome,oU92Ov,https://bounce.com/stores/rome/oU92Ov,200,2026-10-06
9d809354-5bf4-4452-8b10-3b628bdac207,rome,uuAY0r,https://bounce.com/stores/rome/uuAY0r,200,2026-10-06
2e861b37-9f3b-496d-97e1-28a3a7353711,rome,-g2JWt,https://bounce.com/stores/rome/-g2JWt,200,2026-10-06
2aec2e0e-995c-4d25-ae7c-1c5dd6748380,rome,ulzqdz,https://bounce.com/stores/rome/ulzqdz,200,2026-10-06
c6a24103-cb04-4951-80f9-2f5d40e2fdf5,rome,kvdnwr,https://bounce.com/stores/rome/kvdnwr,200,2026-10-06
da8415d9-3589-4e63-944f-7c456119d760,rome,q1_-sl,https://bounce.com/stores/rome/q1_-sl,200,2026-10-06
32fd3456-4287-4603-8c43-8d12c5d05574,rome,_cRlvg,https://bounce.com/stores/rome/_cRlvg,200,2026-10-06
d274acd1-830b-420b-8801-a31b90a35ce7,rome,PfVZB3,https://bounce.com/stores/rome/PfVZB3,200,2026-10-06
054837ce-69f8-4c28-9d49-0ebb38151785,rome,pZFZT2,https://bounce.com/stores/rome/pZFZT2,200,2026-10-06
e9a7432d-d406-4e94-93fb-ec140e240c17,rome,3GDris,https://bounce.com/stores/rome/3GDris,200,2026-10-06
201b0d03-26f9-4399-9a2e-d49eb4b82bbd,rome,rrjz52,https://bounce.com/stores/rome/rrjz52,200,2026-10-06
c3b658bf-42fb-44c8-b875-6c6edf12c2b2,rome,BO7vX8,https://bounce.com/stores/rome/BO7vX8,200,2026-10-06
f2afc369-3276-4cc2-8430-71acbd136bd8,rome,ukxutm,https://bounce.com/stores/rome/ukxutm,200,2026-10-06
4dfe6320-4b7c-41cd-b474-00858e50f290,rome,azl54d,https://bounce.com/stores/rome/azl54d,200,2026-10-06
87f54090-d181-4da1-a614-ef9e8d03d77b,rome,wvnhtw,https://bounce.com/stores/rome/wvnhtw,200,2026-10-06
d864ef5f-dc99-4505-844f-f5341d4f7f42,rome,qgueq6,https://bounce.com/stores/rome/qgueq6,200,2026-10-06
e1957bf0-3dc6-4330-a74f-907569380089,rome,fj61ye,https://bounce.com/stores/rome/fj61ye,200,2026-10-06
05b0692d-a089-464a-8719-10090cac343d,rome,P3tykU,https://bounce.com/stores/rome/P3tykU,200,2026-10-06
64cea0f1-5fd3-473e-9baa-8249c0abb818,rome,c_vtjg,https://bounce.com/stores/rome/c_vtjg,200,2026-10-06
c4a3c7fc-3663-4336-8690-55cb28fe473f,rome,nziljz,https://bounce.com/stores/rome/nziljz,200,2026-10-06
9ae2d556-54ff-4cf5-9fbd-d36bb3ea3542,rome,VplBcl,https://bounce.com/stores/rome/VplBcl,200,2026-10-06
7fd1bf86-0bc8-4b33-ad8c-46a90a7eaafe,rome,bds6d4,https://bounce.com/stores/rome/bds6d4,200,2026-10-06
ffe1d2da-7295-4f2a-8f31-dded4ed50cdf,rome,IFXpdV,https://bounce.com/stores/rome/IFXpdV,200,2026-10-06
ab963a13-31c1-408b-b39f-6df69745ac60,rome,uwzwec,https://bounce.com/stores/rome/uwzwec,200,2026-10-06
5173b14d-e71e-4cb8-9388-a7d7b8e0194f,rome,whvssm,https://bounce.com/stores/rome/whvssm,200,2026-10-06
77907816-e76e-4db9-9a4e-ea860f1f0702,rome,g6wqop,https://bounce.com/stores/rome/g6wqop,200,2026-10-06
6681fc8a-a420-430d-bf39-3b8fdb354ba1,rome,0_faFo,https://bounce.com/stores/rome/0_faFo,200,2026-10-06
3893ec82-8d44-4f6b-b909-397c31264cca,rome,jpzixe,https://bounce.com/stores/rome/jpzixe,200,2026-10-06
cb5b0a9a-e935-4e73-9ae6-7459923f5125,rome,a8rlen,https://bounce.com/stores/rome/a8rlen,200,2026-10-06
c5ba6aee-bf56-4a8c-91bf-f72e01ff6a2a,rome,1cCPKM,https://bounce.com/stores/rome/1cCPKM,200,2026-10-06
efc5bf68-e2b4-47f5-9c64-18e2953b1960,rome,iQqasN,https://bounce.com/stores/rome/iQqasN,200,2026-10-06
5ee0c55d-cb1f-4d19-bb15-80ea7ca09ddc,rome,AqmNQ5,https://bounce.com/stores/rome/AqmNQ5,200,2026-10-06
311e9cef-29cc-4c17-97cd-5622f283465f,rome,hs-ctk,https://bounce.com/stores/rome/hs-ctk,200,2026-10-06
6adab3c1-b8ba-4240-b508-96420231e4dd,rome,5t-XFY,https://bounce.com/stores/rome/5t-XFY,200,2026-10-06
de6f40cd-a095-4e00-8187-46a43b89853e,rome,x9qy5b,https://bounce.com/stores/rome/x9qy5b,200,2026-10-06
b7ec1f4d-b2cf-40de-ae2c-223f493ae443,rome,pk_w9d,https://bounce.com/stores/rome/pk_w9d,200,2026-10-06
cba28019-1e48-498b-874d-ec3d15fea290,rome,nh81ab,https://bounce.com/stores/rome/nh81ab,200,2026-10-06
5f24aa21-fc3d-4999-a816-a647eed2960f,rome,amok0h,https://bounce.com/stores/rome/amok0h,200,2026-10-06
2e2d24db-29bf-440a-a4f2-dd7b209d3c0d,rome,neldwe,https://bounce.com/stores/rome/neldwe,200,2026-10-06
5fc38fed-bae2-4564-803e-2990e9959d63,rome,hkNz6T,https://bounce.com/stores/rome/hkNz6T,200,2026-10-06
14b0c6bc-58d8-4d34-9fc4-b88082faba5d,rome,3hCJbz,https://bounce.com/stores/rome/3hCJbz,200,2026-10-06
2926e03e-de87-4d02-8785-30c19aef1631,rome,9bjx8j,https://bounce.com/stores/rome/9bjx8j,200,2026-10-06
611f4aa6-8247-483f-a248-4a2b348d04aa,rome,02aABG,https://bounce.com/stores/rome/02aABG,200,2026-10-06
9627b227-7408-43ed-bbac-39b138ae2be2,rome,vg2qol,https://bounce.com/stores/rome/vg2qol,200,2026-10-06
023d4011-459b-493f-aef8-b382ae2271ed,rome,G0FKFy,https://bounce.com/stores/rome/G0FKFy,200,2026-10-06
6a8a4fbe-13cb-400e-92a2-56c4caf18eb7,rome,f01lbo,https://bounce.com/stores/rome/f01lbo,200,2026-10-06
a93d8f55-44cb-4e8f-bb85-bcc833c9bcab,rome,Qu9JQX,https://bounce.com/stores/rome/Qu9JQX,200,2026-10-06
6c285ee2-81f7-4d4d-a2b1-3cbd12f99628,rome,uaa7rb,https://bounce.com/stores/rome/uaa7rb,200,2026-10-06
71175c4b-4de7-4ce6-9b29-8c2ea1054915,rome,0zhewk,https://bounce.com/stores/rome/0zhewk,200,2026-10-06
2cc8ceca-e9eb-4b07-90ed-16d63c471d7a,rome,hedkis,https://bounce.com/stores/rome/hedkis,200,2026-10-06
068850e9-127a-407d-9b3a-e825c1b24409,rome,ih7tns,https://bounce.com/stores/rome/ih7tns,200,2026-10-06
4ced0aa0-839a-43c9-b741-6e8fe55865dc,rome,DzUTvS,https://bounce.com/stores/rome/DzUTvS,200,2026-10-06
47cd70f7-c91d-4617-86d3-296cc891b3b4,rome,mx5fr8,https://bounce.com/stores/rome/mx5fr8,200,2026-10-06
3963b7be-7d9a-4c60-b117-262ba2e6f77e,rome,ehx8gr,https://bounce.com/stores/rome/ehx8gr,200,2026-10-06
45d46d08-7fad-4e37-845d-d59eb0a44ce3,rome,mP-mhG,https://bounce.com/stores/rome/mP-mhG,200,2026-10-06
7b921563-669f-4251-9a4e-ffbc22d3a390,rome,unif_4,https://bounce.com/stores/rome/unif_4,200,2026-10-06
88fbf507-ab92-446d-b88d-4b9d1aa10e2d,rome,0zobei,https://bounce.com/stores/rome/0zobei,200,2026-10-06
0c7f2f0d-1517-4ac5-8c3b-708089db9520,rome,wwtsm_,https://bounce.com/stores/rome/wwtsm_,200,2026-10-06
aea7f2bc-1425-4bd4-919c-e179dfc41daf,rome,fG-KJq,https://bounce.com/stores/rome/fG-KJq,200,2026-10-06
4d6b3a94-84bd-4f5e-afa5-76bbc6bf1deb,rome,qo9nas,https://bounce.com/stores/rome/qo9nas,200,2026-10-06
bf24e378-2796-48ee-8648-9a80d330f809,rome,n0gjna,https://bounce.com/stores/rome/n0gjna,200,2026-10-06
224c9e10-1544-4d85-9b88-4588b43df038,rome,rcqxqw,https://bounce.com/stores/rome/rcqxqw,200,2026-10-06
efd079f9-f674-4dc1-b0c7-44784559e9e6,rome,gm2kox,https://bounce.com/stores/rome/gm2kox,200,2026-10-06
9deadfea-3f7d-4c59-9007-5bae3ee32450,rome,-vrduz,https://bounce.com/stores/rome/-vrduz,200,2026-10-06
d12f1a4c-6b64-4912-8b6a-ce75bdfc783a,rome,nhn8-p,https://bounce.com/stores/rome/nhn8-p,200,2026-10-06
8f824129-8d68-4810-a2a3-f079c7a501cf,rome,w_ixqp,https://bounce.com/stores/rome/w_ixqp,200,2026-10-06
5628c628-8e69-4d61-ad8c-82a47f8a0daf,rome,t8cotj,https://bounce.com/stores/rome/t8cotj,200,2026-10-06
a612eaf7-6b33-4e1a-974b-42812f3265bf,rome,w7nlhn,https://bounce.com/stores/rome/w7nlhn,200,2026-10-06
c6ec3a28-85c2-4569-804b-9a3f6e347438,rome,nusux6,https://bounce.com/stores/rome/nusux6,200,2026-10-06
4fe73c1c-30a0-4d65-917e-97c45a494c86,rome,6awghd,https://bounce.com/stores/rome/6awghd,200,2026-10-06
734afa93-c95d-4d18-b548-d6f660b104d7,rome,9hkqnt,https://bounce.com/stores/rome/9hkqnt,200,2026-10-06
72b6e79f-8e0c-48d4-aca1-d4a4e457073d,rome,cinu0u,https://bounce.com/stores/rome/cinu0u,200,2026-10-06
0747739a-1e50-4d68-9690-91ae6387d970,rome,kxwvif,https://bounce.com/stores/rome/kxwvif,200,2026-10-06
f2af79e2-db95-403f-98f9-df971f62a29d,rome,_v45hs,https://bounce.com/stores/rome/_v45hs,200,2026-10-06
2f9ab800-0570-482c-acdb-352bf8b03609,rome,v0r1wz,https://bounce.com/stores/rome/v0r1wz,200,2026-10-06
5af20cff-5635-46cd-a743-06605e5d632b,rome,HHKXhI,https://bounce.com/stores/rome/HHKXhI,200,2026-10-06
ef9a44ef-e445-4fd6-9f14-381528de3286,rome,1axhbc,https://bounce.com/stores/rome/1axhbc,200,2026-10-06
f1a56df4-0b41-4f6b-885c-06fe823bece6,rome,eq1u2i,https://bounce.com/stores/rome/eq1u2i,200,2026-10-06
df668f34-54f2-4334-90ae-d3f237435787,rome,giedtr,https://bounce.com/stores/rome/giedtr,200,2026-10-06
c4866738-1d0b-478c-a804-68ff9c989e16,rome,etoxdn,https://bounce.com/stores/rome/etoxdn,200,2026-10-06
15cb5a9f-d9cd-4a67-b327-ee8e1c6bb5b3,rome,6zdmn7,https://bounce.com/stores/rome/6zdmn7,200,2026-10-06
2606a600-eb44-44ca-8761-c84bd26da172,rome,wnl6xc,https://bounce.com/stores/rome/wnl6xc,200,2026-10-06
ed4af836-160e-418b-93a3-0354756014ac,rome,3voyq-,https://bounce.com/stores/rome/3voyq-,200,2026-10-06
7ffbe86c-f9b2-4b39-a557-51e561233600,rome,v7ep-g,https://bounce.com/stores/rome/v7ep-g,200,2026-10-06
c50b42e1-02a7-497a-8d76-002975820e5a,rome,gccji1,https://bounce.com/stores/rome/gccji1,200,2026-10-06
8bc35ef7-60be-4a11-98b6-a82476e27b2e,rome,aGu1Y_,https://bounce.com/stores/rome/aGu1Y_,200,2026-10-06
407fd8c1-dd72-4f4d-bad9-621e82f669ae,rome,5jkt8a,https://bounce.com/stores/rome/5jkt8a,200,2026-10-06
67453181-1958-44f2-85b5-6e8dddfe191a,rome,e6oxk5,https://bounce.com/stores/rome/e6oxk5,200,2026-10-06
f5588a58-d577-4ed5-9de0-bf834ce12303,rome,jDqaCz,https://bounce.com/stores/rome/jDqaCz,200,2026-10-06
9462e290-9276-4622-bd6b-5157e68cad4e,rome,sxhzb6,https://bounce.com/stores/rome/sxhzb6,200,2026-10-06
5b7313a0-f36d-48c1-9df2-4d511accd7a5,rome,39rqoi,https://bounce.com/stores/rome/39rqoi,200,2026-10-06
b026f4d8-6640-481f-b2cf-6481852aba18,rome,tbh5kd,https://bounce.com/stores/rome/tbh5kd,200,2026-10-06
df812163-15bb-4a4a-bed1-b4b7b5001665,rome,NyFoHq,https://bounce.com/stores/rome/NyFoHq,200,2026-10-06
da5afd61-8423-4b65-a48b-3671bd9c03ee,rome,gapbg5,https://bounce.com/stores/rome/gapbg5,200,2026-10-06
ed82976d-17d4-4945-87c2-687ec0ef9cc2,rome,qjfbvu,https://bounce.com/stores/rome/qjfbvu,200,2026-10-06
1aa0176c-80a2-4b5c-8b5e-80048d85dec0,rome,RxMfSN,https://bounce.com/stores/rome/RxMfSN,200,2026-10-06
edb13df9-c589-4e4e-9bbb-fda87cb34438,rome,iij48o,https://bounce.com/stores/rome/iij48o,200,2026-10-06
3e60ac0a-7e15-47bc-b997-e8acee40f2f3,rome,qjk1pw,https://bounce.com/stores/rome/qjk1pw,200,2026-10-06
fa0517da-455c-4b4e-9097-9295008182cf,rome,utkbow,https://bounce.com/stores/rome/utkbow,200,2026-10-06
a45a0e04-4b9b-4388-83a2-b09542bd501e,rome,1_bgkz,https://bounce.com/stores/rome/1_bgkz,200,2026-10-06
920f77d8-1e14-44fe-a3a4-3b3c7fb9290b,rome,6tmtzm,https://bounce.com/stores/rome/6tmtzm,200,2026-10-06
e3098771-c367-4e4b-a546-b2334996f7a8,rome,2jfg2X,https://bounce.com/stores/rome/2jfg2X,200,2026-10-06
ae4dc03d-0196-44d6-bd7e-1ad5c73570b6,rome,yxj1w5,https://bounce.com/stores/rome/yxj1w5,200,2026-10-06
dbe33a9f-7ea5-470b-afb5-b5e2f15c1118,rome,1xud1h,https://bounce.com/stores/rome/1xud1h,200,2026-10-06
d16d3201-9c2e-4f54-95b9-9e15d8d75572,rome,qbmlpm,https://bounce.com/stores/rome/qbmlpm,200,2026-10-06
f253306f-b555-45cc-983a-7865aee913d0,rome,5y-3cq,https://bounce.com/stores/rome/5y-3cq,200,2026-10-06
4b2ae0c7-447f-49c7-bf2f-1f5180d316c2,rome,0uQKMg,https://bounce.com/stores/rome/0uQKMg,200,2026-10-06
6a6ab8b3-f1fc-4d1a-969a-185d8eaea824,rome,uvjejn,https://bounce.com/stores/rome/uvjejn,200,2026-10-06
2b4c5f64-6041-47e5-a90b-0fec9e0948f3,rome,xxm81y,https://bounce.com/stores/rome/xxm81y,200,2026-10-06
fb953c9d-005a-42c6-97f8-d38874e3c72c,rome,vf_siE,https://bounce.com/stores/rome/vf_siE,200,2026-10-06
927f3436-be60-4bad-8810-5f4e6bca0cbb,rome,-pbhl-,https://bounce.com/stores/rome/-pbhl-,200,2026-10-06
515c6fec-c788-49c9-89f0-703b637f76e2,rome,YN7swb,https://bounce.com/stores/rome/YN7swb,200,2026-10-06
21be7700-0870-41be-8120-7da2d96d0dae,rome,2TgcJG,https://bounce.com/stores/rome/2TgcJG,200,2026-10-06
2ab7311b-02e3-4e37-823f-68f0e9527134,rome,0o61qq,https://bounce.com/stores/rome/0o61qq,200,2026-10-06
eefafa80-a6ee-4b5f-91fc-49f03c032f91,rome,vengda,https://bounce.com/stores/rome/vengda,200,2026-10-06
87eb3fbf-314d-4616-bb61-b901285291d8,rome,0-waqt,https://bounce.com/stores/rome/0-waqt,200,2026-10-06
01bc0ee1-7180-48d5-ba99-3e59b4c1fcf9,rome,1qn6qw,https://bounce.com/stores/rome/1qn6qw,200,2026-10-06
5c00d24e-50a2-4630-9a79-cb9ee3dcc7b5,rome,3dskld,https://bounce.com/stores/rome/3dskld,200,2026-10-06
02d815eb-df2d-43f7-9c52-64001b0c9cc1,rome,nWb8WU,https://bounce.com/stores/rome/nWb8WU,200,2026-10-06
4f45be14-e6d7-493b-8753-52b717aa1e96,rome,2qrh7u,https://bounce.com/stores/rome/2qrh7u,200,2026-10-06
b2a389ac-8828-4764-8fa6-f5d61bbef9a2,rome,m45htj,https://bounce.com/stores/rome/m45htj,200,2026-10-06
456d7e6c-4ed1-4251-90d4-264caeec29fb,rome,ju2aqa,https://bounce.com/stores/rome/ju2aqa,200,2026-10-06
80f7fac5-3ea6-421d-bfe0-7072c84e3f83,rome,lbw3vk,https://bounce.com/stores/rome/lbw3vk,200,2026-10-06
c0239c58-47e6-48f8-8e51-95bea7693490,rome,eojh7x,https://bounce.com/stores/rome/eojh7x,200,2026-10-06
ee8dbffe-41ea-4116-829d-f9cc2dc3141c,rome,ar4c06,https://bounce.com/stores/rome/ar4c06,200,2026-10-06
164ae881-41b5-4b8f-ba27-f51512245ce9,rome,0scb99,https://bounce.com/stores/rome/0scb99,200,2026-10-06
dd100e7f-56c4-4730-a882-ef1492e52f7d,rome,nfnwkh,https://bounce.com/stores/rome/nfnwkh,200,2026-10-06
ee0b7e7f-49a8-4d12-a1cc-ab8bce4760e2,rome,ajptz1,https://bounce.com/stores/rome/ajptz1,200,2026-10-06
c5176915-97a3-423a-9884-fe1063b643ad,rome,c7k2dx,https://bounce.com/stores/rome/c7k2dx,200,2026-10-06
b0830441-cc28-4d79-9aa2-311684bba482,rome,irob8q,https://bounce.com/stores/rome/irob8q,200,2026-10-06
1ea0702a-fc01-41c8-8f33-40aaf1268228,rome,e9s1r_,https://bounce.com/stores/rome/e9s1r_,200,2026-10-06
ba9b7c2e-bc62-46a8-b717-c0fd9e2b82a0,rome,b3g6MT,https://bounce.com/stores/rome/b3g6MT,200,2026-10-06
4bf22591-5336-483b-a917-80a5556c4fc4,rome,kj1he1,https://bounce.com/stores/rome/kj1he1,200,2026-10-06
0d6b0c50-0038-42eb-aa86-c99538065f5b,rome,d6ohce,https://bounce.com/stores/rome/d6ohce,200,2026-10-06
bf3873e3-988d-41f5-bb74-1d78158d554d,rome,hjugw3,https://bounce.com/stores/rome/hjugw3,200,2026-10-06
631e9097-ba93-4421-ab8d-426d4a20848c,rome,juljqg,https://bounce.com/stores/rome/juljqg,200,2026-10-06
e38d9eea-0b66-4c0a-ae16-ec487c1469eb,rome,hyt0p8,https://bounce.com/stores/rome/hyt0p8,200,2026-10-06
d9ba7295-ddba-4297-8798-323b001a86cc,rome,zybunm,https://bounce.com/stores/rome/zybunm,200,2026-10-06
2e184331-f605-44e0-bdc3-7fc05319c227,rome,93Hkm6,https://bounce.com/stores/rome/93Hkm6,200,2026-10-06
d47c18d6-d8b4-4203-8a83-78eeb18f91a9,rome,nrpr3t,https://bounce.com/stores/rome/nrpr3t,200,2026-10-06
f7b8fd4a-05fa-4581-927b-9a6f61196a6e,rome,KoaDDY,https://bounce.com/stores/rome/KoaDDY,200,2026-10-06
75a4a576-c404-4b3b-8e72-eef5f9bf5232,rome,tzg3ko,https://bounce.com/stores/rome/tzg3ko,200,2026-10-06
8add7dc5-1fd5-44ea-b7e5-c4a335bf1e7e,rome,puR6VR,https://bounce.com/stores/rome/puR6VR,200,2026-10-06
0ffac5bf-5a11-415c-be88-690d586887fb,rome,B52Q4k,https://bounce.com/stores/rome/B52Q4k,200,2026-10-06
469eba7e-3029-4371-8512-4c405e2c26b2,rome,y3ch-9,https://bounce.com/stores/rome/y3ch-9,200,2026-10-06
df7af6ad-f383-436b-9fef-9e66f27f57a4,rome,dTLSbY,https://bounce.com/stores/rome/dTLSbY,200,2026-10-06
43681017-24bb-4465-8ead-81733ff02bc8,rome,nlcklt,https://bounce.com/stores/rome/nlcklt,200,2026-10-06
e2f9d7ae-5dfc-4f84-ab83-826a61600695,rome,zoyxhe,https://bounce.com/stores/rome/zoyxhe,200,2026-10-06
21496092-6732-4765-b38f-1f170d88fb99,rome,j7fnxh,https://bounce.com/stores/rome/j7fnxh,200,2026-10-06
aa6c6cc7-d4a1-4dd0-829a-325aaae2ab2d,rome,vrnylg,https://bounce.com/stores/rome/vrnylg,200,2026-10-06
d99d88be-4c68-4265-9ee1-1c4e359552ce,rome,Bof1oi,https://bounce.com/stores/rome/Bof1oi,200,2026-10-06
82decccb-6fac-4bee-9639-960a54eea768,rome,udwp9y,https://bounce.com/stores/rome/udwp9y,200,2026-10-06
0736c1e8-e56e-4545-931d-9454ef300644,rome,6Gj5hB,https://bounce.com/stores/rome/6Gj5hB,200,2026-10-06
79d49e98-17be-4e34-9b62-36e4885082d9,rome,dykvfv,https://bounce.com/stores/rome/dykvfv,200,2026-10-06
d7e11044-fd0b-4260-bb6a-cd4c5d42ccf6,rome,e6-ny-,https://bounce.com/stores/rome/e6-ny-,200,2026-10-06
461c571b-a1f6-4a4f-bd6e-3a4365f6dc33,rome,omokoq,https://bounce.com/stores/rome/omokoq,200,2026-10-06
687e0d43-5310-4be0-b248-c66cba67ba4b,rome,jc_wtw,https://bounce.com/stores/rome/jc_wtw,200,2026-10-06
4c3bd44c-4319-4c22-8f16-a7c90a70ce69,rome,faqqnv,https://bounce.com/stores/rome/faqqnv,200,2026-10-06
a4693b0b-8912-403d-87d7-de319a0b43ea,rome,waxvfe,https://bounce.com/stores/rome/waxvfe,200,2026-10-06
a9300947-ab10-4ed9-a3ca-d2b84465ba0d,rome,-bbs2q,https://bounce.com/stores/rome/-bbs2q,200,2026-10-06
03677025-037d-4647-a88d-2a53d7c33a1d,rome,5cg1ka,https://bounce.com/stores/rome/5cg1ka,200,2026-10-06
06fe4f88-60a4-486c-b86e-c5837f378126,rome,reyjzw,https://bounce.com/stores/rome/reyjzw,200,2026-10-06
b4744ee7-222e-4edb-9884-cfa1bd488d8c,rome,PXMwz6,https://bounce.com/stores/rome/PXMwz6,200,2026-10-06
8a4b96d8-8418-4380-806f-e287f15804a7,rome,qdyzzf,https://bounce.com/stores/rome/qdyzzf,200,2026-10-06
01227db8-2398-4af4-b937-580cb8c6c0a4,rome,burhsg,https://bounce.com/stores/rome/burhsg,200,2026-10-06
0c74adb8-e9ea-4971-bdc7-7126a4f1d495,rome,ex3min,https://bounce.com/stores/rome/ex3min,200,2026-10-06
e9e5bf94-960c-4515-9753-60d28fc2a3bb,rome,OhRIDI,https://bounce.com/stores/rome/OhRIDI,200,2026-10-06
13fdb1fc-8c94-493a-9a71-c84e83fa2105,rome,kltfxk,https://bounce.com/stores/rome/kltfxk,200,2026-10-06
1df81d33-1aca-4af2-8758-7f869b3b8a42,rome,uwpfdi,https://bounce.com/stores/rome/uwpfdi,200,2026-10-06
1614d434-ae09-4cff-9221-b9e87b707a2f,rome,5cWlG-,https://bounce.com/stores/rome/5cWlG-,200,2026-10-06
6194c0dc-aab1-4f6b-9a3a-c24fb7c0ce36,rome,9luobp,https://bounce.com/stores/rome/9luobp,200,2026-10-06
29350a88-7442-4dda-a6a5-7ae23e93aaa0,rome,wsLfz3,https://bounce.com/stores/rome/wsLfz3,200,2026-10-06
58fd3ff0-957d-4fb9-9801-a2ddcfc24184,rome,t2dfmh,https://bounce.com/stores/rome/t2dfmh,200,2026-10-06
4fc87c73-9af5-4121-b470-00a85b168ca5,rome,gc-hn8,https://bounce.com/stores/rome/gc-hn8,200,2026-10-06
4befec6c-273c-4eed-8127-70f37f70f916,rome,stattb,https://bounce.com/stores/rome/stattb,200,2026-10-06
3f8bd3b1-558a-4892-bf68-3e69e4483758,rome,dr8mos,https://bounce.com/stores/rome/dr8mos,200,2026-10-06
4f912538-a516-4332-95de-b4dba196c934,rome,4a7dat,https://bounce.com/stores/rome/4a7dat,200,2026-10-06
5984e7ce-bf67-496b-b5c4-5326f31d79e1,rome,ol4y1z,https://bounce.com/stores/rome/ol4y1z,200,2026-10-06
5b41562e-59fc-4cac-acd1-60f3f1a7a88b,rome,ynx_c5,https://bounce.com/stores/rome/ynx_c5,200,2026-10-06
67a559b1-157a-4b65-bbf3-d490f23a4d3c,rome,WLTojf,https://bounce.com/stores/rome/WLTojf,200,2026-10-06
78832131-507e-4297-a666-8ef2364436cd,rome,suzyg-,https://bounce.com/stores/rome/suzyg-,200,2026-10-06
8973c210-75d1-43b5-ae7c-75ec8ec0b836,rome,qu2s0e,https://bounce.com/stores/rome/qu2s0e,200,2026-10-06
9b09cb7b-ab63-4a04-bc08-0f68856e3473,rome,wv0gom,https://bounce.com/stores/rome/wv0gom,200,2026-10-06
bbf048d9-2f7a-4f2d-bc2e-38dda2114d53,rome,_hlf5v,https://bounce.com/stores/rome/_hlf5v,200,2026-10-06
17a3aad7-8532-41f6-96c7-24fde9018458,rome,-a90hw,https://bounce.com/stores/rome/-a90hw,200,2026-10-06
d58f3833-81c3-4fa4-83aa-c62cc1ccda89,rome,lw2gdz,https://bounce.com/stores/rome/lw2gdz,200,2026-10-06
0235d0dd-d1e8-40a0-9a73-40f5f4363f0a,rome,JRjOLG,https://bounce.com/stores/rome/JRjOLG,200,2026-10-06
eddedadd-4613-4a46-a3b7-3da4e1b8b8c7,rome,njajyr,https://bounce.com/stores/rome/njajyr,200,2026-10-06
ef8f956d-6ae9-4cef-8526-66ed54aec723,rome,z_wegw,https://bounce.com/stores/rome/z_wegw,200,2026-10-06
ed59f99a-bd9e-4b8d-bd64-38ba86a6ce1e,rome,f1frxx,https://bounce.com/stores/rome/f1frxx,200,2026-10-06
70926489-efa3-4e80-a622-b67ea40b55c4,rome,bBL5sg,https://bounce.com/stores/rome/bBL5sg,200,2026-10-06
d0fcae55-7f25-4c3a-bc79-28a7434c90b8,rome,mVTPTt,https://bounce.com/stores/rome/mVTPTt,200,2026-10-06
a708e061-24bb-48e4-ac00-88d1383e39ef,rome,ycyPx7,https://bounce.com/stores/rome/ycyPx7,200,2026-10-06
0991feb4-8823-4abe-9038-f5264933f768,rome,jJ_tv8,https://bounce.com/stores/rome/jJ_tv8,200,2026-10-06
16746bee-c507-4cb7-8a52-9aa84cf13685,rome,5YQTtz,https://bounce.com/stores/rome/5YQTtz,200,2026-10-06
2f9bf5a6-7f97-4d19-8c25-d3d4ef7baad0,rome,qaf82e,https://bounce.com/stores/rome/qaf82e,200,2026-10-06
0b8f5824-fead-452b-af05-1860069e42b6,rome,Hch53J,https://bounce.com/stores/rome/Hch53J,200,2026-10-06
5466ff30-e8b0-4cd4-b141-72b5a6c19f48,rome,uFFzqG,https://bounce.com/stores/rome/uFFzqG,200,2026-10-06
f09ff4ee-5ec2-485f-8b6a-555b628ac62f,rome,dng8d8,https://bounce.com/stores/rome/dng8d8,200,2026-10-06
cfccf44b-bb66-456e-9de6-9363828d7fec,rome,-s73tf,https://bounce.com/stores/rome/-s73tf,200,2026-10-06
42e4dd9e-1be3-4440-bf0a-08d8b8a9c772,rome,lqezie,https://bounce.com/stores/rome/lqezie,200,2026-10-06
927eea3d-a392-4b18-b940-6499c9c34ad4,rome,tbbb6r,https://bounce.com/stores/rome/tbbb6r,200,2026-10-06
e76b2647-7dfc-4e82-816a-5a7b6dbc4162,rome,0r_ude,https://bounce.com/stores/rome/0r_ude,200,2026-10-06
57bbe87b-e608-45cf-bb81-ffac782a23f8,rome,I34RP_,https://bounce.com/stores/rome/I34RP_,200,2026-10-06
10c11783-c9b4-4f7b-a187-fb99972cf26b,rome,l4tejh,https://bounce.com/stores/rome/l4tejh,200,2026-10-06
c3ce8b54-7ad9-41ed-97b8-ccf656b08d59,rome,a-MQ2F,https://bounce.com/stores/rome/a-MQ2F,200,2026-10-06
b3b00792-c02f-405c-b682-891f81d0e582,rome,54xhHe,https://bounce.com/stores/rome/54xhHe,200,2026-10-06
2e0b0346-dc74-452b-b40c-02a83be0ffea,rome,yiqnao,https://bounce.com/stores/rome/yiqnao,200,2026-10-06
1c90c76f-988c-4f3f-9f37-1417c0cb6405,rome,erfc6l,https://bounce.com/stores/rome/erfc6l,200,2026-10-06
f1476a80-42ac-4daf-9620-100b37980299,rome,5zgsoh,https://bounce.com/stores/rome/5zgsoh,200,2026-10-06
f417d733-a07b-47b9-86bd-d49de2d0f747,rome,vY8Beu,https://bounce.com/stores/rome/vY8Beu,200,2026-10-06
3a0b3c7c-984c-4cc2-bd79-8e1bbe39d5f7,rome,OBzhn8,https://bounce.com/stores/rome/OBzhn8,200,2026-10-06
d1653410-f0e4-4772-968c-b16f856afd2d,rome,e0zvfa,https://bounce.com/stores/rome/e0zvfa,200,2026-10-06
2b5451d9-92ce-4355-a7fe-bbf1a229d583,rome,bkwds_,https://bounce.com/stores/rome/bkwds_,200,2026-10-06
9356f9c9-6772-40f0-a551-565ec98e1066,rome,newa4m,https://bounce.com/stores/rome/newa4m,200,2026-10-06
f5219943-c1de-4041-b870-341c759c78b7,rome,kKtNt8,https://bounce.com/stores/rome/kKtNt8,200,2026-10-06
79e91c66-f72c-41c6-84da-b17ef73487fd,rome,4gaifr,https://bounce.com/stores/rome/4gaifr,200,2026-10-06
953e4c3a-5057-437e-8f99-649b7f06f60e,rome,ex8oi2,https://bounce.com/stores/rome/ex8oi2,200,2026-10-06
0647ba98-b64f-4730-b94a-f4a2d82db5f9,rome,5XP1vq,https://bounce.com/stores/rome/5XP1vq,200,2026-10-06
4de835f8-53fc-4373-8c8e-187ed007df13,rome,HxOdGk,https://bounce.com/stores/rome/HxOdGk,200,2026-10-06
91af40ee-77b8-4b2a-8c84-1b749d7ef9a8,rome,xhRmok,https://bounce.com/stores/rome/xhRmok,200,2026-10-06
baff0295-c52a-4fe8-b35f-e341723d04f7,rome,U3qbND,https://bounce.com/stores/rome/U3qbND,200,2026-10-06
56ef23a1-2c3a-4b8b-92b5-5fe530446115,rome,JtMKA9,https://bounce.com/stores/rome/JtMKA9,200,2026-10-06
a72a2c82-a585-43a5-aa74-e2b24ea8fd4f,rome,33Tm2U,https://bounce.com/stores/rome/33Tm2U,200,2026-10-06
056a14c3-464f-42fc-b272-316a40df7d16,rome,9loexf,https://bounce.com/stores/rome/9loexf,200,2026-10-06
1cf81da6-14ae-4385-9155-86dcbe1fc166,rome,8ErT59,https://bounce.com/stores/rome/8ErT59,200,2026-10-06
71f6b062-cccb-4e72-90de-2fe371988504,rome,ybs5ax,https://bounce.com/stores/rome/ybs5ax,200,2026-10-06
b64503e4-9546-4507-a65d-2cc7bc116af6,rome,goxpd6,https://bounce.com/stores/rome/goxpd6,200,2026-10-06
b6dc615f-ded4-4804-ae5b-6c8feb127e52,rome,9mJe7d,https://bounce.com/stores/rome/9mJe7d,200,2026-10-06
cbd48991-6de8-43a5-afd5-3d4f55700547,rome,h7PQSA,https://bounce.com/stores/rome/h7PQSA,200,2026-10-06
5942815d-063c-4049-9552-0f72e76ec0e9,rome,7zcson,https://bounce.com/stores/rome/7zcson,200,2026-10-06
02feca54-d1b3-45b6-aff0-77cc3473ca63,rome,x2my42,https://bounce.com/stores/rome/x2my42,200,2026-10-06
88362338-87bd-4708-b444-d83b5c774a97,rome,a7ugu9,https://bounce.com/stores/rome/a7ugu9,200,2026-10-06
614ebb90-f774-4926-9706-a96edeaf6cf8,rome,jSMHRj,https://bounce.com/stores/rome/jSMHRj,200,2026-10-06
0305d591-0a38-4098-96e4-3f8bc489a9b3,rome,F5GT1w,https://bounce.com/stores/rome/F5GT1w,200,2026-10-06
8199f8db-de7a-453e-8d94-222ad3332cfb,rome,xs4kqk,https://bounce.com/stores/rome/xs4kqk,200,2026-10-06
c3605c00-d4d4-454b-8ac1-5bc64307aefd,rome,8mdscq,https://bounce.com/stores/rome/8mdscq,200,2026-10-06
366b0ed7-0b0e-445b-a25b-98167e81ad1d,rome,uWEI0j,https://bounce.com/stores/rome/uWEI0j,200,2026-10-06
ffe75221-e40a-4c3f-9bfa-bfcca4adaa53,rome,oswvuz,https://bounce.com/stores/rome/oswvuz,200,2026-10-06
f96b7cd7-d3b8-4e26-b8c9-d9cfd65903ed,rome,qfomfk,https://bounce.com/stores/rome/qfomfk,200,2026-10-06
233df7ab-ae57-4f94-a286-0868dbd36d8f,rome,qcdi7g,https://bounce.com/stores/rome/qcdi7g,200,2026-10-06
15e26774-857a-4e2c-a685-1f78ce2862d2,rome,RuoyZQ,https://bounce.com/stores/rome/RuoyZQ,200,2026-10-06
4ce96670-644f-48d2-a81e-03565b2db110,rome,xbrr_1,https://bounce.com/stores/rome/xbrr_1,200,2026-10-06
3bc4f8bd-c46d-432f-83ba-e2aff05c5ab0,rome,ihowuh,https://bounce.com/stores/rome/ihowuh,200,2026-10-06
9280d997-c74d-49a7-948d-ae0f5df4d5aa,rome,-ujlgb,https://bounce.com/stores/rome/-ujlgb,200,2026-10-06
37f401a3-8a63-4ba9-ac61-cf80d781a8c1,rome,lompXS,https://bounce.com/stores/rome/lompXS,200,2026-10-06
429a5180-c2ad-44f3-92d5-66a6663f8cde,rome,i8895E,https://bounce.com/stores/rome/i8895E,200,2026-10-06
5f61043f-9cc3-4a56-81f5-c47a04eae968,rome,fohsvl,https://bounce.com/stores/rome/fohsvl,200,2026-10-06
6681fe3f-e481-4aea-8962-3d1d274e0491,rome,xvsltw,https://bounce.com/stores/rome/xvsltw,200,2026-10-06
dd6b3e71-cb80-4287-aaca-bce58b4f1512,rome,PVEn0G,https://bounce.com/stores/rome/PVEn0G,200,2026-10-06
910736f3-77ca-4cf3-872b-84a25c78ce11,rome,jip-cd,https://bounce.com/stores/rome/jip-cd,200,2026-10-06
3a7bac35-e76a-41ab-81c2-a697050a5cd4,rome,blgmyx,https://bounce.com/stores/rome/blgmyx,200,2026-10-06
df9b37ff-f532-426b-8bb0-f5cc39e4bb9c,rome,JTpxfc,https://bounce.com/stores/rome/JTpxfc,200,2026-10-06
599c44c7-310d-4549-86b1-c61e8242c304,rome,_GSo4I,https://bounce.com/stores/rome/_GSo4I,200,2026-10-06
6ad6e0bf-3d8a-44f3-833d-3b0236c5b8ee,rome,ctdmin,https://bounce.com/stores/rome/ctdmin,200,2026-10-06
25e8860b-ea09-4c4c-bbc1-ed94ccd8ebc7,rome,0-d_ya,https://bounce.com/stores/rome/0-d_ya,200,2026-10-06
51a415f7-5131-4772-8516-b69faaae85e0,rome,4eepff,https://bounce.com/stores/rome/4eepff,200,2026-10-06
39bb83bc-9db2-4e65-9289-4235cae3f50c,rome,v3ismu,https://bounce.com/stores/rome/v3ismu,200,2026-10-06
a0fdea96-4bc0-432d-ada4-83c754582952,rome,Q51ZYM,https://bounce.com/stores/rome/Q51ZYM,200,2026-10-06
452d44c3-9b08-4545-a4bf-1a233b3928c9,rome,wbgqlq,https://bounce.com/stores/rome/wbgqlq,200,2026-10-06
17039569-a8d4-4022-aa6b-8214d75ff9ce,rome,yVbjfL,https://bounce.com/stores/rome/yVbjfL,200,2026-10-06
7c1f1cdd-b8be-4868-b8e2-0099fd0045fc,rome,mxqoaA,https://bounce.com/stores/rome/mxqoaA,200,2026-10-06
ef12673f-4faa-45bb-a0e5-18f0df3e0a7c,rome,Ygirvh,https://bounce.com/stores/rome/Ygirvh,200,2026-10-06
b54abd6a-6876-417c-83d9-b252da710097,rome,IA9NeE,https://bounce.com/stores/rome/IA9NeE,200,2026-10-06
bdcc0628-11cd-47b2-b020-f94afbd54dc5,rome,aRrngp,https://bounce.com/stores/rome/aRrngp,200,2026-10-06
411c5bbb-e5d7-4f27-9da2-a53485311da9,rome,azo5vv,https://bounce.com/stores/rome/azo5vv,200,2026-10-06
53448e41-a77e-4dca-a851-543132faa44f,rome,aa8xrn,https://bounce.com/stores/rome/aa8xrn,200,2026-10-06
0f70c271-68a1-49e1-a43a-de137b70522f,rome,po3mh5,https://bounce.com/stores/rome/po3mh5,200,2026-10-06
72c9a00f-8817-482a-86c5-47b921745233,rome,kiyY60,https://bounce.com/stores/rome/kiyY60,200,2026-10-06
c4cdec7a-6352-4b5c-adbd-43a511678ba3,rome,Z-GmHB,https://bounce.com/stores/rome/Z-GmHB,200,2026-10-06
094140db-590c-4584-9913-d5f4e5d19d2d,rome,vogirs,https://bounce.com/stores/rome/vogirs,200,2026-10-06
221d18fa-416d-4b7a-8616-c634d5f01ac0,rome,yhoi3m,https://bounce.com/stores/rome/yhoi3m,200,2026-10-06
b88831da-b0bb-475a-9423-0b35540556f1,rome,omykld,https://bounce.com/stores/rome/omykld,200,2026-10-06
1960821a-2eaa-4a7a-bcf8-5cdf79078457,rome,jqigi3,https://bounce.com/stores/rome/jqigi3,200,2026-10-06
1be559fe-a3c6-482e-8ef7-9ca4cdd867a7,rome,uak3n1,https://bounce.com/stores/rome/uak3n1,200,2026-10-06
bb546d8f-ead8-4a5f-9ce1-4dea2e8ccd63,rome,8ugfjg,https://bounce.com/stores/rome/8ugfjg,200,2026-10-06
0d85d142-a143-42d9-9bc9-acf80a71cdcc,rome,n86mwq,https://bounce.com/stores/rome/n86mwq,200,2026-10-06
88969cef-c863-43ed-b548-5b13ecf3741b,rome,g9ZGPF,https://bounce.com/stores/rome/g9ZGPF,200,2026-10-06
b68d35d8-7cab-4595-9ef5-1d3a236b3336,rome,eznhza,https://bounce.com/stores/rome/eznhza,200,2026-10-06
b33fe01a-edd9-4e4d-b9ff-bc15ffc67f67,rome,ku7rcp,https://bounce.com/stores/rome/ku7rcp,200,2026-10-06
153c7451-3f23-4247-948d-8f4cf19e0223,rome,5C1Bw4,https://bounce.com/stores/rome/5C1Bw4,200,2026-10-06
4505cfa5-d07e-4294-a1bb-fba6d5070bb4,rome,TAbZRK,https://bounce.com/stores/rome/TAbZRK,200,2026-10-06
22387b59-2f94-4fb2-a3ad-6a1a361a4d42,rome,edufzT,https://bounce.com/stores/rome/edufzT,200,2026-10-06
15ce5736-1b35-4729-a0e3-5e67c5900332,rome,bsailk,https://bounce.com/stores/rome/bsailk,200,2026-10-06
edc07dba-4cc4-454c-820b-2d82f43b560b,rome,UUstFj,https://bounce.com/stores/rome/UUstFj,200,2026-10-06
f86eddec-5b96-4fec-802d-5d75f8e3721b,rome,jmeb8w,https://bounce.com/stores/rome/jmeb8w,200,2026-10-06
53e8f222-70b3-44b6-927d-0988299d2847,rome,i8jxly,https://bounce.com/stores/rome/i8jxly,200,2026-10-06
bdffc689-6ea3-419d-8513-d052969dfefd,rome,drx7mt,https://bounce.com/stores/rome/drx7mt,200,2026-10-06
60609f59-91be-44bf-832c-2bc0c9fead73,rome,bnkkb-,https://bounce.com/stores/rome/bnkkb-,200,2026-10-06
870c20d0-8cec-4944-ae56-be81d3720230,rome,z6Fx3u,https://bounce.com/stores/rome/z6Fx3u,200,2026-10-06
bd9aa866-a86d-4ec2-9e9b-8b44ca089788,rome,roiv1g,https://bounce.com/stores/rome/roiv1g,200,2026-10-06
272f9b33-7464-481f-9bf3-4d89267e0ec4,rome,uKQlUF,https://bounce.com/stores/rome/uKQlUF,200,2026-10-06
2165538b-f63f-4534-8966-ff90aba85aed,rome,hwtxls,https://bounce.com/stores/rome/hwtxls,200,2026-10-06
e4cbcb01-b77a-4509-81be-93826b43bd52,rome,4hktmt,https://bounce.com/stores/rome/4hktmt,200,2026-10-06
2b8ce8d9-1a2d-407f-8898-16d0e5375d8c,rome,bkyo1q,https://bounce.com/stores/rome/bkyo1q,200,2026-10-06
22ca9afd-9a3b-4a94-8f2b-a2bf8670d964,rome,wyej6h,https://bounce.com/stores/rome/wyej6h,200,2026-10-06
3f9238fd-3f72-4e1d-afe6-5fd6f0622aad,rome,tsita3,https://bounce.com/stores/rome/tsita3,200,2026-10-06
8330c565-2d9d-4dc6-826b-192c15f3e963,rome,4hesq3,https://bounce.com/stores/rome/4hesq3,200,2026-10-06
8f31029f-0166-442a-a6a7-cdd38d0dcba6,rome,ETaWo-,https://bounce.com/stores/rome/ETaWo-,200,2026-10-06
63d4984a-809a-4842-8f06-08ad9735b3fe,rome,-jarz6,https://bounce.com/stores/rome/-jarz6,200,2026-10-06
3135f45d-7809-467f-86a0-197addf3d1fc,rome,ghqng2,https://bounce.com/stores/rome/ghqng2,200,2026-10-06
074a0ce0-666c-4f6b-b223-03478ef8ea88,rome,bsodyk,https://bounce.com/stores/rome/bsodyk,200,2026-10-06
9d3ab902-da2d-48cb-afc1-6df1244c9313,rome,u8g79z,https://bounce.com/stores/rome/u8g79z,200,2026-10-06
6accffae-58ed-46ec-8996-6122f6becd36,rome,j1jvan,https://bounce.com/stores/rome/j1jvan,200,2026-10-06
9bdd4baf-c113-421a-ae08-c362916a4913,rome,A79Q0r,https://bounce.com/stores/rome/A79Q0r,200,2026-10-06
833b511c-49a4-4526-8bf0-6a9099eb4c8c,rome,ew2mfk,https://bounce.com/stores/rome/ew2mfk,200,2026-10-06
ca441517-e448-43e6-ba33-1389c12e8605,rome,u_k60p,https://bounce.com/stores/rome/u_k60p,200,2026-10-06
ebf04d10-b032-42fd-b76d-9be48c05c10b,rome,o4okx1,https://bounce.com/stores/rome/o4okx1,200,2026-10-06
8cba7209-63a3-4bfa-93d4-899d92a7a69e,rome,pderfh,https://bounce.com/stores/rome/pderfh,200,2026-10-06
34ce2bf2-f287-442d-adf4-55a67fbe99bb,rome,vgsf9c,https://bounce.com/stores/rome/vgsf9c,200,2026-10-06
f2dd5cbd-2855-4494-9c22-79199b1d9c19,rome,nskq24,https://bounce.com/stores/rome/nskq24,200,2026-10-06
03a52b43-55ad-44d6-b578-95b83d41b83d,rome,_vzpwm,https://bounce.com/stores/rome/_vzpwm,200,2026-10-06
2c1cdc33-260b-4ebf-8d1a-0d5ff03c7d0a,rome,jxsysv,https://bounce.com/stores/rome/jxsysv,200,2026-10-06
5d8075c8-89d8-45d7-85cf-05b53ae56c4c,rome,c9xpiv,https://bounce.com/stores/rome/c9xpiv,200,2026-10-06
6a4f29e6-1601-42f8-9b46-8a914cbaae55,rome,li3amr,https://bounce.com/stores/rome/li3amr,200,2026-10-06
5536b471-878e-474d-bb2a-c8f2a0730d6a,rome,jtjsce,https://bounce.com/stores/rome/jtjsce,200,2026-10-06
09a43062-7b78-433b-ac7f-5dbc6f7a1962,rome,rcb3_n,https://bounce.com/stores/rome/rcb3_n,200,2026-10-06
b41726de-16c8-4171-9615-f0c57e6c5df7,rome,dnewsz,https://bounce.com/stores/rome/dnewsz,200,2026-10-06
545107dd-2f11-421f-91a7-dbe37ff677cb,naples,vjcdpl,https://bounce.com/stores/naples/vjcdpl,200,2026-10-06
165ec684-9234-4d5f-8189-d26c7e6ead7d,naples,nGNpn4,https://bounce.com/stores/naples/nGNpn4,200,2026-10-06
d379391d-27d2-46a7-bfa4-fd9a329f00b1,naples,e0J1ra,https://bounce.com/stores/naples/e0J1ra,200,2026-10-06
e3665b49-8f74-4a42-b299-721ece6fac5c,naples,m1pHPv,https://bounce.com/stores/naples/m1pHPv,200,2026-10-06
e454b0c5-e9fb-4c91-acef-b901d142a977,naples,nk1EL7,https://bounce.com/stores/naples/nk1EL7,200,2026-10-06
9d6fc726-7bbd-46f3-8c17-22c5bb1f5b1a,naples,tYcYjg,https://bounce.com/stores/naples/tYcYjg,200,2026-10-06
c1e33999-9489-4e22-90d2-7d57a10036db,naples,-7ddTT,https://bounce.com/stores/naples/-7ddTT,200,2026-10-06
86c3911e-738c-43c6-9a9a-85e85925dc04,naples,T98Qie,https://bounce.com/stores/naples/T98Qie,200,2026-10-06
634aaaa1-a1b8-4d36-9ac2-3074a1fddce0,naples,-IJnuj,https://bounce.com/stores/naples/-IJnuj,200,2026-10-06
45319acc-6fa2-4a29-8063-d3e5bd00dab6,naples,l7Cgdd,https://bounce.com/stores/naples/l7Cgdd,200,2026-10-06
3d957e88-9916-4a90-848c-90606a928d3e,naples,hxitrx,https://bounce.com/stores/naples/hxitrx,200,2026-10-06
87b492f1-c754-490c-b477-38e9e0b59412,naples,kapqc6,https://bounce.com/stores/naples/kapqc6,200,2026-10-06
b7591bde-d7b8-4ab1-964c-9f651db4d0a0,naples,j6_ue6,https://bounce.com/stores/naples/j6_ue6,200,2026-10-06
532dc424-a472-43d7-bf10-28cdf8261753,naples,i-h-xF,https://bounce.com/stores/naples/i-h-xF,200,2026-10-06
c4961069-2871-4584-a236-9a7e2500f2f1,naples,0jpg84,https://bounce.com/stores/naples/0jpg84,200,2026-10-06
2872f6e8-5b8c-4c11-9802-70782505509c,naples,dzp312,https://bounce.com/stores/naples/dzp312,200,2026-10-06
4d24f873-ddc4-4c17-b472-5184183bc66d,naples,jdhefs,https://bounce.com/stores/naples/jdhefs,200,2026-10-06
b39ec75f-2d63-4e20-9245-cddebeb353df,naples,mpswij,https://bounce.com/stores/naples/mpswij,200,2026-10-06
aac5079f-c159-4d0d-aad7-30795d3e55b0,naples,-rd2u8,https://bounce.com/stores/naples/-rd2u8,200,2026-10-06
9fd89289-6614-44c9-8cbd-907a05d2ce27,naples,4wusj6,https://bounce.com/stores/naples/4wusj6,200,2026-10-06
acf88ecc-d953-4f48-bf47-41b312e49088,naples,l7dm_9,https://bounce.com/stores/naples/l7dm_9,200,2026-10-06
d37bfd28-cf80-49f4-971d-26a8a3639b58,naples,zjyiyl,https://bounce.com/stores/naples/zjyiyl,200,2026-10-06
0013e316-b483-4d43-8a29-39fc095b7bc9,naples,gjvht4,https://bounce.com/stores/naples/gjvht4,200,2026-10-06
7b40b6f2-d8cc-4c16-a8de-ba8355fd10a4,naples,oeaila,https://bounce.com/stores/naples/oeaila,200,2026-10-06
e7fd5868-66c2-4f7a-8f74-87f846802854,naples,4-TqeW,https://bounce.com/stores/naples/4-TqeW,200,2026-10-06
66da7f2f-f851-40cf-b8f9-ab1d9b391e36,naples,ur6avu,https://bounce.com/stores/naples/ur6avu,200,2026-10-06
eabf1e52-746e-430f-a499-e334c4b0dfa2,naples,_rdlf_,https://bounce.com/stores/naples/_rdlf_,200,2026-10-06
ac32df7e-0471-4b6f-8ba2-cdd666ae077d,naples,2f5awr,https://bounce.com/stores/naples/2f5awr,200,2026-10-06
17243f97-9065-484d-aa2d-676a6eb70457,naples,xeyoxj,https://bounce.com/stores/naples/xeyoxj,200,2026-10-06
44a8a5e5-d363-4ce1-aeda-0fbbb2bdf381,naples,mw5_n7,https://bounce.com/stores/naples/mw5_n7,200,2026-10-06
d80e3573-a8f6-4b37-8e68-91de1c3c2156,naples,lmr5sg,https://bounce.com/stores/naples/lmr5sg,200,2026-10-06
7a6a2b11-a05a-4924-8b91-28aee7f4869a,naples,l-wc2d,https://bounce.com/stores/naples/l-wc2d,200,2026-10-06
13dd6c62-ef42-4295-bba3-31e9c5b4e73a,naples,d5h_hx,https://bounce.com/stores/naples/d5h_hx,200,2026-10-06
bda03509-30ce-45f1-a8f5-d96ab4c43d81,naples,scbqjx,https://bounce.com/stores/naples/scbqjx,200,2026-10-06
321a9a08-fd11-44cc-954e-94aea2885491,naples,9fssdb,https://bounce.com/stores/naples/9fssdb,200,2026-10-06
de75d61d-d2f3-49ed-b81f-109c95121ed0,naples,t5ryhl,https://bounce.com/stores/naples/t5ryhl,200,2026-10-06
b4163586-e731-4abe-b0b3-7c04297776e0,naples,w_vi3q,https://bounce.com/stores/naples/w_vi3q,200,2026-10-06
aba751a8-51e7-47fa-bc4b-b9ce49aea159,naples,ffwuav,https://bounce.com/stores/naples/ffwuav,200,2026-10-06
84396a3c-50a5-47c7-a98c-8fe70de36be8,naples,cof-m7,https://bounce.com/stores/naples/cof-m7,200,2026-10-06
f1f3fae6-2d58-44ce-87bd-1b5f44dc7633,naples,g-vy88,https://bounce.com/stores/naples/g-vy88,200,2026-10-06
e675b52f-946a-4c5d-a6c1-aa3f8f3a637b,naples,u5pqug,https://bounce.com/stores/naples/u5pqug,200,2026-10-06
250edf1a-0d66-4f4b-b5f9-22be4820da13,naples,suqr_n,https://bounce.com/stores/naples/suqr_n,200,2026-10-06
4029a1a4-b64d-4954-9bd1-a3c3e2e01852,naples,_xa2uy,https://bounce.com/stores/naples/_xa2uy,200,2026-10-06
09e6851c-5ce4-4c00-8378-63b97a508c7a,naples,rslplw,https://bounce.com/stores/naples/rslplw,200,2026-10-06
563ec801-5ce6-4b22-ad21-9a0c02d7a851,naples,dckn92,https://bounce.com/stores/naples/dckn92,200,2026-10-06
1b930635-ef42-4e48-b627-cb6f4bf42537,naples,ow9qwb,https://bounce.com/stores/naples/ow9qwb,200,2026-10-06
2c35d893-861d-44d7-8c0b-e3e945226ade,naples,cdsvq5,https://bounce.com/stores/naples/cdsvq5,200,2026-10-06
c8559dc3-927e-4888-9847-3f4cd5171c9c,naples,7rehbr,https://bounce.com/stores/naples/7rehbr,200,2026-10-06
dd550738-cee2-4050-97fe-2ad0ffdaa59c,naples,xkivvs,https://bounce.com/stores/naples/xkivvs,200,2026-10-06
61950bd0-09cf-4663-bc08-ba0f855225cb,naples,cBK2c4,https://bounce.com/stores/naples/cBK2c4,200,2026-10-06
2d1f2065-e12e-4774-88de-25d279f159f5,naples,hbwxfk,https://bounce.com/stores/naples/hbwxfk,200,2026-10-06
1f012ae2-0b6e-4b71-ab7a-dbdb18424a5a,naples,toq8nb,https://bounce.com/stores/naples/toq8nb,200,2026-10-06
c8583113-bd43-4934-9700-f01544e73b84,naples,qsxn3d,https://bounce.com/stores/naples/qsxn3d,200,2026-10-06
532bf575-04d7-410f-ab16-4e9781d53464,naples,vs4s1l,https://bounce.com/stores/naples/vs4s1l,200,2026-10-06
015c053a-d8b3-4e58-a249-3dde59baade6,naples,qiuh53,https://bounce.com/stores/naples/qiuh53,200,2026-10-06
d4a6c262-e4a4-4747-ae9e-25bc823bb2cd,naples,uri-ng,https://bounce.com/stores/naples/uri-ng,200,2026-10-06
c4eab10b-72ff-4186-82c5-29e2c3e68105,naples,mxycio,https://bounce.com/stores/naples/mxycio,200,2026-10-06
9f41e048-642e-4e71-a378-5e4469d361ed,naples,lsxkmh,https://bounce.com/stores/naples/lsxkmh,200,2026-10-06
dfceb202-68a1-4a16-bd6c-7384f8b2cf35,naples,vwr05c,https://bounce.com/stores/naples/vwr05c,200,2026-10-06
ca3613c6-39d2-4ee1-9e06-643dd4be9c72,naples,fmq9iv,https://bounce.com/stores/naples/fmq9iv,200,2026-10-06
898d89d9-bee1-4ec4-9527-45829bde90f8,naples,qiydch,https://bounce.com/stores/naples/qiydch,200,2026-10-06
d38f8276-7358-4008-804b-eaca3ea237e1,naples,crpzts,https://bounce.com/stores/naples/crpzts,200,2026-10-06
c2ec7255-96d6-4634-abd7-7858462c389e,naples,edslhc,https://bounce.com/stores/naples/edslhc,200,2026-10-06
3c868d3f-c43e-47f6-8ab7-cd4f2730fadc,naples,m0n1rz,https://bounce.com/stores/naples/m0n1rz,200,2026-10-06
4377b04b-c70e-4cd3-96a8-f93bde4a632d,naples,j0iwbz,https://bounce.com/stores/naples/j0iwbz,200,2026-10-06
0dbbefe9-c926-4b0b-8210-ca0d67b5cad3,naples,sadtns,https://bounce.com/stores/naples/sadtns,200,2026-10-06
b75c7705-eb97-4f66-898d-ccf7cbcc7764,naples,yajcsm,https://bounce.com/stores/naples/yajcsm,200,2026-10-06
2d2bcb00-b087-43da-aaec-470bf0b2e348,naples,xzc5ka,https://bounce.com/stores/naples/xzc5ka,200,2026-10-06
095b9bf4-2917-4282-8b7b-22cfa95efc3d,naples,pmgy6i,https://bounce.com/stores/naples/pmgy6i,200,2026-10-06
74abc2ed-76db-45ee-ab08-a8c7f2eb9dcb,naples,fhvl5h,https://bounce.com/stores/naples/fhvl5h,200,2026-10-06
59e86e31-313a-47e4-936b-95e549f5e746,naples,dmkpwe,https://bounce.com/stores/naples/dmkpwe,200,2026-10-06
1d3b50c0-20f6-4548-92d7-0146abe65859,naples,aqtscr,https://bounce.com/stores/naples/aqtscr,200,2026-10-06
a27d329e-8416-4ea9-aef0-3087a47e2c89,naples,blxt7n,https://bounce.com/stores/naples/blxt7n,200,2026-10-06
dc12e4e5-7f70-46a0-b679-eae86cb72693,naples,23jckj,https://bounce.com/stores/naples/23jckj,200,2026-10-06
89afc098-eb05-4edc-ae9d-34e5eb08a2ea,naples,dtfsjj,https://bounce.com/stores/naples/dtfsjj,200,2026-10-06
ff62a0ad-65e5-4a37-aa1d-24dbaf48f54a,naples,5ztunh,https://bounce.com/stores/naples/5ztunh,200,2026-10-06
84eb7ddf-d0ec-48c6-be87-8b125f3354fd,naples,hb9mgc,https://bounce.com/stores/naples/hb9mgc,200,2026-10-06
fad627a2-ba16-419c-8b0e-5980198261be,naples,heldwp,https://bounce.com/stores/naples/heldwp,200,2026-10-06
22a14a53-046b-411e-a0a8-801fe9ba35d3,naples,zrajvy,https://bounce.com/stores/naples/zrajvy,200,2026-10-06
066dd657-bb04-46dd-ac98-b84b961b5f85,naples,otbxkj,https://bounce.com/stores/naples/otbxkj,200,2026-10-06
ea28bd72-282f-4ca6-9959-b11fdcdb1512,naples,crqaps,https://bounce.com/stores/naples/crqaps,200,2026-10-06
1c1b7041-e239-40ed-bd20-64532d549452,naples,_hy6fs,https://bounce.com/stores/naples/_hy6fs,200,2026-10-06
144bd0af-d6e2-4376-9449-cde073cc91f5,naples,qv3le8,https://bounce.com/stores/naples/qv3le8,200,2026-10-06
96d6a93f-d50b-4fe8-819a-79b58111a762,naples,_motwx,https://bounce.com/stores/naples/_motwx,200,2026-10-06
e785940a-4022-4908-aaff-70a5903d8bd0,naples,m8kgef,https://bounce.com/stores/naples/m8kgef,200,2026-10-06
48a7eb9d-476a-4200-b361-342242af3baa,naples,p4vcrs,https://bounce.com/stores/naples/p4vcrs,200,2026-10-06
adb8210a-39a5-45ae-a2a6-1eb2d7847f3e,naples,ddgqem,https://bounce.com/stores/naples/ddgqem,200,2026-10-06
9d40261d-989f-45c0-8211-cd9c4a8ecffc,naples,xm9jdz,https://bounce.com/stores/naples/xm9jdz,200,2026-10-06
ede5c76e-6cc9-41fb-9422-a31da13fe666,naples,n6dlph,https://bounce.com/stores/naples/n6dlph,200,2026-10-06
95e9518d-3e74-43fb-b7d7-4d3b62e6586d,naples,ickjst,https://bounce.com/stores/naples/ickjst,200,2026-10-06
3b1f22d9-8550-4583-9d28-1d7dc2478d34,naples,vbqlqm,https://bounce.com/stores/naples/vbqlqm,200,2026-10-06
82ec6056-0dbe-4bf2-b06f-f99f41078a09,naples,fiankf,https://bounce.com/stores/naples/fiankf,200,2026-10-06
5bb72b1f-4497-4142-bd13-413e3a36f707,naples,h_dkvf,https://bounce.com/stores/naples/h_dkvf,200,2026-10-06
0ef8e94e-99d5-4483-9b0d-c44a9841a664,naples,8wdxis,https://bounce.com/stores/naples/8wdxis,200,2026-10-06
a1ce05ef-0d5f-482a-92c7-1c86cc29f925,naples,ehelov,https://bounce.com/stores/naples/ehelov,200,2026-10-06
86d78f73-e7bd-4747-9e1c-292137b7916d,naples,sjptmg,https://bounce.com/stores/naples/sjptmg,200,2026-10-06
53f17da8-0ad9-48ac-9cc3-45aa9e5f1ff0,naples,owey1w,https://bounce.com/stores/naples/owey1w,200,2026-10-06
9c6ccd1b-80df-4173-915c-4d24e1bb51b0,naples,jyluc5,https://bounce.com/stores/naples/jyluc5,200,2026-10-06
016674c5-8f03-44d3-87d1-5e95d8884da4,naples,dBUCPR,https://bounce.com/stores/naples/dBUCPR,200,2026-10-06
5b76bf44-fd61-4190-b2b6-2ac1c9ac1597,naples,ux9a4g,https://bounce.com/stores/naples/ux9a4g,200,2026-10-06
14b9ec62-8326-485b-bc53-745d0554f380,naples,aiz6iw,https://bounce.com/stores/naples/aiz6iw,200,2026-10-06
54c26b94-412a-4402-bcd3-ceaaf5b85704,naples,1xiujn,https://bounce.com/stores/naples/1xiujn,200,2026-10-06
72c54031-f36c-417d-855f-f50930bfa12e,naples,j05-tb,https://bounce.com/stores/naples/j05-tb,200,2026-10-06
b4a1e80d-c5f5-4e37-897e-82267496a3ae,naples,cmsnde,https://bounce.com/stores/naples/cmsnde,200,2026-10-06
05c6b102-5b7c-4154-9c19-3e4fa76fe00d,naples,s2frsr,https://bounce.com/stores/naples/s2frsr,200,2026-10-06
211d0da9-8bec-4351-a32d-f92c7feb9f3c,naples,w-rghz,https://bounce.com/stores/naples/w-rghz,200,2026-10-06
cb837710-f200-4925-b41d-42bd95b1a45c,naples,o2n5n7,https://bounce.com/stores/naples/o2n5n7,200,2026-10-06
fcf6b5f5-d770-445a-a6c1-da123d41965b,naples,pyzgft,https://bounce.com/stores/naples/pyzgft,200,2026-10-06
652b77d8-2351-4dd7-8b38-e04dfeb2b43b,naples,sdglwi,https://bounce.com/stores/naples/sdglwi,200,2026-10-06
c4dd2c15-dcee-4fb0-9946-93d90287fbe2,naples,6mchsq,https://bounce.com/stores/naples/6mchsq,200,2026-10-06
4b09bb35-6272-4c38-9d11-e4deeaa4b759,naples,u5b7de,https://bounce.com/stores/naples/u5b7de,200,2026-10-06
fe1d1bf8-4c84-4ddc-a8a2-82c818c17986,naples,wma5s6,https://bounce.com/stores/naples/wma5s6,200,2026-10-06
0d1f6dcf-9d72-48f7-9c53-beecbae58db8,naples,j_durs,https://bounce.com/stores/naples/j_durs,200,2026-10-06
c773b46e-a13b-476e-b588-db75e1efe5fa,naples,mefhfo,https://bounce.com/stores/naples/mefhfo,200,2026-10-06
44e08f94-64d0-43be-8451-32d411e1c627,naples,PUXduM,https://bounce.com/stores/naples/PUXduM,200,2026-10-06
1b5a4518-739a-4bd8-a51f-2d35611b4177,naples,euy5kl,https://bounce.com/stores/naples/euy5kl,200,2026-10-06
97343c64-f150-445a-97f2-8cbcfefb8f0f,naples,pJ5Bng,https://bounce.com/stores/naples/pJ5Bng,200,2026-10-06
adf261e7-541b-4e00-98fc-9dc95cd51455,naples,vwC-6x,https://bounce.com/stores/naples/vwC-6x,200,2026-10-06
f4a0dbba-0d98-4490-b58b-43bc5ba965ae,naples,zcJzMK,https://bounce.com/stores/naples/zcJzMK,200,2026-10-06
e16b282a-24aa-40fa-b9eb-ca6ba8300d02,naples,aw_zwp,https://bounce.com/stores/naples/aw_zwp,200,2026-10-06
5d5abb5a-4044-497a-9001-98efcc49b826,naples,-wMs9L,https://bounce.com/stores/naples/-wMs9L,200,2026-10-06
6181f461-551b-4d3a-8da0-2a119bd97259,naples,MvhHHk,https://bounce.com/stores/naples/MvhHHk,200,2026-10-06
1f8aacf5-367f-481a-b5a4-e4c31b8609dc,naples,rnv1yf,https://bounce.com/stores/naples/rnv1yf,200,2026-10-06
438e9e86-88a2-424c-a360-8b60a03f34f9,naples,klcbsw,https://bounce.com/stores/naples/klcbsw,200,2026-10-06
b4c89898-b790-4545-aedf-81a559d11b22,naples,jB94B4,https://bounce.com/stores/naples/jB94B4,200,2026-10-06
9143fac0-0197-47af-b0a0-35a38d6379cb,naples,vgzc_y,https://bounce.com/stores/naples/vgzc_y,200,2026-10-06
bc47f6a5-17a0-4552-af4c-4652804f5fee,naples,lgkjqi,https://bounce.com/stores/naples/lgkjqi,200,2026-10-06
bdc8b262-86f4-4ec6-ab90-004eb2a9e16f,naples,km_op1,https://bounce.com/stores/naples/km_op1,200,2026-10-06
7d58659b-3024-4f5c-8e3c-9321ebe40b38,naples,thkttp,https://bounce.com/stores/naples/thkttp,200,2026-10-06
24dbee64-98e6-48b7-a383-55d2138d98ca,naples,loa7et,https://bounce.com/stores/naples/loa7et,200,2026-10-06
aef4c2b6-e2fd-4c86-be99-8cd8aec16758,naples,oxrxkr,https://bounce.com/stores/naples/oxrxkr,200,2026-10-06
b988e95f-2b75-4db5-a8df-93fddc7c911f,naples,hg3pom,https://bounce.com/stores/naples/hg3pom,200,2026-10-06
af73b29e-33c5-48e6-9724-37ed3517f9d6,naples,moac5t,https://bounce.com/stores/naples/moac5t,200,2026-10-06
7e020f7a-c675-4764-94b0-9534a0534fe2,naples,QKazDL,https://bounce.com/stores/naples/QKazDL,200,2026-10-06
3f4ccecd-88af-49a2-a04d-ee4561b0a082,naples,ld_onh,https://bounce.com/stores/naples/ld_onh,200,2026-10-06
1291417b-c3fe-4c3b-8122-fd30b6f51a34,naples,B7Us3h,https://bounce.com/stores/naples/B7Us3h,200,2026-10-06
6db1f71c-cbe1-47f6-96c2-6122b453c1c8,naples,i9eaas,https://bounce.com/stores/naples/i9eaas,200,2026-10-06
c5d0c8d7-268d-4ef9-8413-4ab74f140f21,naples,l9mmb3,https://bounce.com/stores/naples/l9mmb3,200,2026-10-06
d033d583-e55b-483f-8afa-f1064495dbd6,naples,jir1kr,https://bounce.com/stores/naples/jir1kr,200,2026-10-06
7b59a7b2-64e2-4d2e-9968-c016ed512d42,naples,5j20nc,https://bounce.com/stores/naples/5j20nc,200,2026-10-06
88b54ec7-079c-4c9c-a8ae-7ef9b2741503,naples,7LrL13,https://bounce.com/stores/naples/7LrL13,200,2026-10-06
8e8ce6b1-081b-4c1c-8f32-f65743e0028d,naples,w2vlpf,https://bounce.com/stores/naples/w2vlpf,200,2026-10-06
d7340c8c-1bcf-4219-b0c6-d874cb38d73f,naples,bcx0hd,https://bounce.com/stores/naples/bcx0hd,200,2026-10-06
8ede7274-3c29-453c-b622-c815cb460fa2,naples,_3jd4i,https://bounce.com/stores/naples/_3jd4i,200,2026-10-06
d3d15aea-1568-4644-ad90-c89fcd803b99,naples,d7kv3n,https://bounce.com/stores/naples/d7kv3n,200,2026-10-06
8757c488-d522-41f3-aa54-40f9ed0ca148,naples,wmh57a,https://bounce.com/stores/naples/wmh57a,200,2026-10-06
bd7b52cb-9aac-49dc-b2a2-877324202b57,naples,D0iQt3,https://bounce.com/stores/naples/D0iQt3,200,2026-10-06
d3fcf001-66d4-400a-a573-c1679bbb0ad7,naples,ittsv9,https://bounce.com/stores/naples/ittsv9,200,2026-10-06
1b1fa40f-ce19-4e87-a589-10aabaebbad1,naples,8ruioe,https://bounce.com/stores/naples/8ruioe,200,2026-10-06
37b75c06-67b4-446e-94d4-82c365b7515f,naples,l6eay9,https://bounce.com/stores/naples/l6eay9,200,2026-10-06
79009c22-e1fd-4ac1-af9b-bbd0a1495187,naples,dde223,https://bounce.com/stores/naples/dde223,200,2026-10-06
d82632d4-82bd-4858-8121-add3b67053b5,naples,k2kkll,https://bounce.com/stores/naples/k2kkll,200,2026-10-06
b0b4ad03-1285-4616-8cdf-380417fa24f6,naples,njejm7,https://bounce.com/stores/naples/njejm7,200,2026-10-06
1468c460-d5e5-4dcd-8cb7-197b27b26eed,naples,xRQthN,https://bounce.com/stores/naples/xRQthN,200,2026-10-06
cdbea089-a57a-4ff4-9b7f-dad40481c7ee,naples,p-amXG,https://bounce.com/stores/naples/p-amXG,200,2026-10-06
4f979e51-7595-47e6-84a0-633bb193afe4,naples,BTDvnI,https://bounce.com/stores/naples/BTDvnI,200,2026-10-06
3369bf97-f861-4c82-b4a6-20f1a40f1fa1,naples,fWPMe-,https://bounce.com/stores/naples/fWPMe-,200,2026-10-06
2861fd71-45ec-4127-8135-75fc9957a2d2,naples,ev_quz,https://bounce.com/stores/naples/ev_quz,200,2026-10-06
e42e6e36-e162-44a6-9832-c94e9a6b2c1f,naples,RNGmLn,https://bounce.com/stores/naples/RNGmLn,200,2026-10-06
f43a1731-c73e-43e1-996a-a41e8c1769bc,naples,WzCsTE,https://bounce.com/stores/naples/WzCsTE,200,2026-10-06
88df83dc-156f-4207-aa8d-f4a24d2ff378,naples,_qtsRr,https://bounce.com/stores/naples/_qtsRr,200,2026-10-06
b4ece101-fedc-402e-99fa-c8e28fa7987c,naples,sR60VP,https://bounce.com/stores/naples/sR60VP,200,2026-10-06
97925a53-e5da-429c-9755-192845d9d151,naples,xyprzz,https://bounce.com/stores/naples/xyprzz,200,2026-10-06
d4b763bd-78ea-477f-b0de-7663464dff8b,naples,iheBfS,https://bounce.com/stores/naples/iheBfS,200,2026-10-06
711f1c04-6f67-4005-a028-dfcbd28264dd,naples,8X6L0d,https://bounce.com/stores/naples/8X6L0d,200,2026-10-06
090ea423-e4ff-4459-8798-af74263c48d8,naples,mZhJGZ,https://bounce.com/stores/naples/mZhJGZ,200,2026-10-06
e3689512-84ab-42b7-841b-3bfc651b1121,naples,c8ztd8,https://bounce.com/stores/naples/c8ztd8,200,2026-10-06
8e059320-c0e8-403b-87b2-eb9ab4decea4,naples,aR9DYy,https://bounce.com/stores/naples/aR9DYy,200,2026-10-06
64bc078c-f269-42e6-954f-0f8b979515cd,naples,13dulv,https://bounce.com/stores/naples/13dulv,200,2026-10-06
6ce755c8-1cf0-4085-b1c3-44e6e0c0f49a,naples,abmcf8,https://bounce.com/stores/naples/abmcf8,200,2026-10-06
071f5d1c-c980-45dd-8519-09b6dd7436b4,naples,azwhbw,https://bounce.com/stores/naples/azwhbw,200,2026-10-06
fa33b5b7-f654-46c3-918a-c1e03a2c76aa,naples,YzwFGM,https://bounce.com/stores/naples/YzwFGM,200,2026-10-06
f451c609-0c08-4cfd-b822-c93f7fb723f7,naples,crool-,https://bounce.com/stores/naples/crool-,200,2026-10-06
e209c6c9-c29c-4304-a00f-02b0a5e610c1,naples,7w9p7k,https://bounce.com/stores/naples/7w9p7k,200,2026-10-06
5c4ae6f6-f123-49d7-a029-0340d3d33822,naples,iip1u_,https://bounce.com/stores/naples/iip1u_,200,2026-10-06
da8bf6ba-d850-4434-a17d-ece5166cb4b8,naples,j_hbxo,https://bounce.com/stores/naples/j_hbxo,200,2026-10-06
6ed57306-b7fe-4895-ad47-431c8fb3c9de,naples,slursk,https://bounce.com/stores/naples/slursk,200,2026-10-06
97d4b3eb-9313-4790-b15e-706c2d84a4e8,naples,jwdgpc,https://bounce.com/stores/naples/jwdgpc,200,2026-10-06
9e0b3210-d5b6-40ec-8644-d69b00dd04a0,naples,6leijv,https://bounce.com/stores/naples/6leijv,200,2026-10-06
4629bbe8-067f-45f7-a03b-79e71d2a01aa,naples,zfczo1,https://bounce.com/stores/naples/zfczo1,200,2026-10-06
658fc11c-73f4-4070-b25f-6e91fb0a951e,naples,3r7pel,https://bounce.com/stores/naples/3r7pel,200,2026-10-06
5324f4ad-1df2-457c-aec6-03657c3be1ed,naples,dh98Rr,https://bounce.com/stores/naples/dh98Rr,200,2026-10-06
fca92248-c08f-4938-a4fa-19c9a1842315,naples,nzvfxz,https://bounce.com/stores/naples/nzvfxz,200,2026-10-06
7c6ab751-0a98-4405-b782-41ce8e2dafba,naples,kqpsmq,https://bounce.com/stores/naples/kqpsmq,200,2026-10-06
79f275d1-e4bc-4f78-9c85-6480b246226f,naples,jhrp3f,https://bounce.com/stores/naples/jhrp3f,200,2026-10-06
bbf02610-65b7-4cc4-b6fd-c1177d23436b,naples,kk9qp_,https://bounce.com/stores/naples/kk9qp_,200,2026-10-06
5beeb1a5-9d7a-4fc9-a947-ac315354db1c,naples,yzuy3-,https://bounce.com/stores/naples/yzuy3-,200,2026-10-06
8df33bea-0b6e-42a1-b9ae-08ae29516392,naples,9m_pzo,https://bounce.com/stores/naples/9m_pzo,200,2026-10-06
cee6a1e0-1f4d-43cd-9d93-d1147a4f79f6,naples,cmLHqS,https://bounce.com/stores/naples/cmLHqS,200,2026-10-06
90f4634c-bb0b-4e54-b31f-264b9f8964ff,naples,cqp6ov,https://bounce.com/stores/naples/cqp6ov,200,2026-10-06
eddf58c5-f3b6-4ecb-9f40-acefbcd0b206,naples,nkp-fx,https://bounce.com/stores/naples/nkp-fx,200,2026-10-06
c27f0c60-4159-4c07-959f-83b2cd5df457,naples,dsdag8,https://bounce.com/stores/naples/dsdag8,200,2026-10-06
6cbf4f84-bc93-48a9-8d98-a7809aea13bb,naples,0KOygc,https://bounce.com/stores/naples/0KOygc,200,2026-10-06
7596bf58-596b-41d4-b994-e6458a0fb516,naples,z_n9gz,https://bounce.com/stores/naples/z_n9gz,200,2026-10-06
eeb5e886-fe3c-4ec5-8025-209e95224a82,naples,f1bgso,https://bounce.com/stores/naples/f1bgso,200,2026-10-06
aedb7058-830e-4a02-b989-8fe21e9b234c,naples,cezkyc,https://bounce.com/stores/naples/cezkyc,200,2026-10-06
51a93755-8f2f-4458-9d05-f12a6ff3015d,naples,qlmwij,https://bounce.com/stores/naples/qlmwij,200,2026-10-06
02b575e4-e139-4f92-bb12-df7d844eab20,naples,htxfbt,https://bounce.com/stores/naples/htxfbt,200,2026-10-06
2d42fd95-43c1-4f96-a5cd-41a059ab6da3,naples,kofds9,https://bounce.com/stores/naples/kofds9,200,2026-10-06
23d96bdf-b75c-48c8-a407-8cfe1a3b4b83,naples,p2tiez,https://bounce.com/stores/naples/p2tiez,200,2026-10-06
9d651a68-0efe-49fb-8da3-dac5f2ee361c,naples,6sQ7pV,https://bounce.com/stores/naples/6sQ7pV,200,2026-10-06
6ff9c503-af5a-4efd-b9ff-e8309e281ae7,naples,gdl22v,https://bounce.com/stores/naples/gdl22v,200,2026-10-06
bfcb4f0d-f144-4720-b29a-b38028144a6e,naples,u2gctr,https://bounce.com/stores/naples/u2gctr,200,2026-10-06
6999b93f-03ad-498d-986c-739cc6c0a2ab,naples,aQxl9D,https://bounce.com/stores/naples/aQxl9D,200,2026-10-06
24a78eae-9e36-4376-8e82-ae425803de15,naples,txrhrm,https://bounce.com/stores/naples/txrhrm,200,2026-10-06
77ad5e26-f8ea-42e1-a642-aa022442f645,naples,0_2dsb,https://bounce.com/stores/naples/0_2dsb,200,2026-10-06
1c24702d-efc4-4b88-b095-91af5a53dc8a,naples,xrodhe,https://bounce.com/stores/naples/xrodhe,200,2026-10-06
170c956a-e3e8-43d8-832f-49ee4f1ea631,naples,PIPKxX,https://bounce.com/stores/naples/PIPKxX,200,2026-10-06
5215716a-de18-4def-a92f-5d664a4b839e,naples,kwsg5o,https://bounce.com/stores/naples/kwsg5o,200,2026-10-06
520d9973-cfb8-4261-aace-663b7e093042,naples,g9mw0d,https://bounce.com/stores/naples/g9mw0d,200,2026-10-06
056555d2-1bab-451b-9428-0646dd87ef1a,naples,jahvm-,https://bounce.com/stores/naples/jahvm-,200,2026-10-06
c6c63842-c31b-4861-8e6f-82450e3e8ca7,naples,a409wa,https://bounce.com/stores/naples/a409wa,200,2026-10-06
277b1823-d51d-40a5-a137-c8f56c5157b4,naples,7iwjwl,https://bounce.com/stores/naples/7iwjwl,200,2026-10-06
d54efbe0-1551-47dc-8b7b-b4984315664b,naples,rS7JRX,https://bounce.com/stores/naples/rS7JRX,200,2026-10-06
5789c609-40de-4997-ab3c-b8a565847472,naples,uuxxzg,https://bounce.com/stores/naples/uuxxzg,200,2026-10-06
92baaea0-3e44-497c-8c74-8d3241e674fe,naples,ozjs0z,https://bounce.com/stores/naples/ozjs0z,200,2026-10-06
0e55096c-7615-4924-8c7f-a3ddab6041e7,naples,bdcz_6,https://bounce.com/stores/naples/bdcz_6,200,2026-10-06
01f5bfb0-f249-43b0-ba35-410bd82331b1,naples,-rys5y,https://bounce.com/stores/naples/-rys5y,200,2026-10-06
f60399bf-6843-46d1-822c-482ed844e04f,naples,--neme,https://bounce.com/stores/naples/--neme,200,2026-10-06
123f3af6-67ad-4e85-9f75-4c74c6bc762b,naples,Lhta9T,https://bounce.com/stores/naples/Lhta9T,200,2026-10-06
3604cb9a-46b3-4715-9301-28b9db9cf2bf,naples,3_mwyj,https://bounce.com/stores/naples/3_mwyj,200,2026-10-06
2dbd0de0-1e6f-4e04-a4a1-390b48a07366,naples,3DzXly,https://bounce.com/stores/naples/3DzXly,200,2026-10-06
ef4da1c1-3b62-4be8-aab7-4ecbc1caa534,naples,rayc7X,https://bounce.com/stores/naples/rayc7X,200,2026-10-06
e5fef565-a32b-4505-89fd-f8cad2579fce,naples,mfbaln,https://bounce.com/stores/naples/mfbaln,200,2026-10-06
4d18a030-9a1c-4a49-a58b-9e41119db8cd,naples,i5ey4i,https://bounce.com/stores/naples/i5ey4i,200,2026-10-06
c72827aa-7da6-48d6-8109-4e3d650fbee4,naples,_5kbkk,https://bounce.com/stores/naples/_5kbkk,200,2026-10-06
19bf7292-f7c0-4174-adce-71e9005ea918,naples,rrbjsp,https://bounce.com/stores/naples/rrbjsp,200,2026-10-06
489338cc-53b3-47dc-b5b5-7960a1ed0b9e,naples,7566mj,https://bounce.com/stores/naples/7566mj,200,2026-10-06
2541b9df-6d6c-47ce-bb39-7afd5727c990,naples,XHKGuM,https://bounce.com/stores/naples/XHKGuM,200,2026-10-06
74aaecd5-cf77-4644-aa54-2a8df4d64263,naples,-1krza,https://bounce.com/stores/naples/-1krza,200,2026-10-06
8904b1cc-85e5-464d-b30e-0f09a8c2bbfb,naples,_luuye,https://bounce.com/stores/naples/_luuye,200,2026-10-06
670de660-52ce-4f88-b236-ce2178c569e3,naples,sqme_q,https://bounce.com/stores/naples/sqme_q,200,2026-10-06
5205127d-caf3-4748-96f9-a5a79c2b985d,naples,5ahuiq,https://bounce.com/stores/naples/5ahuiq,200,2026-10-06
84c37b40-19ff-4289-a2f2-1fbc664c7551,naples,ehxpr3,https://bounce.com/stores/naples/ehxpr3,200,2026-10-06
c902673e-5757-468a-bacb-0a32d65b30fb,naples,ynxaia,https://bounce.com/stores/naples/ynxaia,200,2026-10-06
0524cb76-a81e-4e3a-b252-ba737eb85d79,naples,ahmpih,https://bounce.com/stores/naples/ahmpih,200,2026-10-06
7cd28cb7-4720-4a10-b77c-cd082c5b2eba,naples,qdqxjs,https://bounce.com/stores/naples/qdqxjs,200,2026-10-06
13d912bd-bd7c-487c-9d0b-68f2074ab789,naples,4ulfbc,https://bounce.com/stores/naples/4ulfbc,200,2026-10-06
78fdcaf4-747b-4f25-b90e-17f1e51facf9,naples,8HI3kf,https://bounce.com/stores/naples/8HI3kf,200,2026-10-06
ec7db712-8bfe-44e3-85d9-80f0d852f515,naples,xyfryk,https://bounce.com/stores/naples/xyfryk,200,2026-10-06
07e98446-4997-4c13-9eee-767c64befde1,naples,zkc96k,https://bounce.com/stores/naples/zkc96k,200,2026-10-06
197d154f-10e6-44dd-99ce-ba5da77d965a,naples,jp5wkg,https://bounce.com/stores/naples/jp5wkg,200,2026-10-06
12c906d3-04b5-4aee-958a-3d0910d4bf51,naples,j-tza1,https://bounce.com/stores/naples/j-tza1,200,2026-10-06
618d40de-62be-4151-9c5d-00b2b88ffc3e,naples,ecyysf,https://bounce.com/stores/naples/ecyysf,200,2026-10-06
349a4282-ff72-4bec-a18a-e69c9d981456,naples,g6hcy8,https://bounce.com/stores/naples/g6hcy8,200,2026-10-06
f3ee39f6-94d5-458b-8edc-caf9d6b818cc,naples,cdzvz_,https://bounce.com/stores/naples/cdzvz_,200,2026-10-06
e582e63c-a67f-45e8-ae36-51fa4c54d256,naples,yf5lpk,https://bounce.com/stores/naples/yf5lpk,200,2026-10-06
797134fb-b3fb-456a-9587-d88dee3a9b55,naples,7em-on,https://bounce.com/stores/naples/7em-on,200,2026-10-06
635a5cc5-6dfb-40e7-a92e-c6957bef82f9,naples,gmvxtk,https://bounce.com/stores/naples/gmvxtk,200,2026-10-06
9e5e67bd-6ddc-4d69-802b-49105e2209fa,naples,mpqb5o,https://bounce.com/stores/naples/mpqb5o,200,2026-10-06
2adabd2e-dd1d-4222-b8dd-9ba0a45f34bf,naples,h9-6ep,https://bounce.com/stores/naples/h9-6ep,200,2026-10-06
97b640ef-ea36-4eb5-83af-bff6994edefd,naples,xsdlxi,https://bounce.com/stores/naples/xsdlxi,200,2026-10-06
36903496-8c6e-4970-b079-38263c9ac05c,naples,xlx1yf,https://bounce.com/stores/naples/xlx1yf,200,2026-10-06
f7550ad3-4305-4807-8f28-f4cb30b05e76,naples,giru_r,https://bounce.com/stores/naples/giru_r,200,2026-10-06
44e2cdae-032f-4c38-8fc7-3cd80f211d89,naples,y_p_je,https://bounce.com/stores/naples/y_p_je,200,2026-10-06
858f40f5-3f98-41f7-a4f9-a24f1b029252,naples,spk8w0,https://bounce.com/stores/naples/spk8w0,200,2026-10-06
f7a01611-7a82-47ba-a28f-390a82f5b8f6,naples,ltvghb,https://bounce.com/stores/naples/ltvghb,200,2026-10-06
19de24c9-a126-4fef-94e3-73714611c6b9,naples,ag87m0,https://bounce.com/stores/naples/ag87m0,200,2026-10-06
7dc6e075-b7e0-43cc-a582-03f092c5f76c,naples,nqndvl,https://bounce.com/stores/naples/nqndvl,200,2026-10-06
ebb33acc-0d0a-4ed4-a67f-04ef0567930d,naples,ohhk88,https://bounce.com/stores/naples/ohhk88,200,2026-10-06
9942628e-eb19-4fef-afbc-01223983554d,naples,uwzzti,https://bounce.com/stores/naples/uwzzti,200,2026-10-06
b2e98492-72dd-4c62-95dc-e6e4be37ad5c,naples,ap3yar,https://bounce.com/stores/naples/ap3yar,200,2026-10-06
d578fd01-cb23-4b39-b759-2133d4e7bfd9,naples,fps1ut,https://bounce.com/stores/naples/fps1ut,200,2026-10-06
fab5e1c8-0fed-4951-9087-3f5760b03ab3,naples,hg3aeo,https://bounce.com/stores/naples/hg3aeo,200,2026-10-06
b95d6291-6326-4098-8dc4-8fad275f89e6,naples,mxx5xm,https://bounce.com/stores/naples/mxx5xm,200,2026-10-06
49ecd142-baa8-4908-9bce-08d867b8aa4a,naples,ar-8bm,https://bounce.com/stores/naples/ar-8bm,200,2026-10-06
208df613-fdb7-4a0d-a2ed-48679a445d85,naples,zitbfx,https://bounce.com/stores/naples/zitbfx,200,2026-10-06
5e9fe798-9ef7-467b-adb7-f4ffad688b63,naples,wglfxx,https://bounce.com/stores/naples/wglfxx,200,2026-10-06
def6a6f6-3e96-4f86-9d1c-973e14953a45,naples,t6noaz,https://bounce.com/stores/naples/t6noaz,200,2026-10-06
bfe77315-0855-4c84-98d9-d04c9f82e91a,naples,8j2x3z,https://bounce.com/stores/naples/8j2x3z,200,2026-10-06
1d26ceb4-f052-4690-af11-f0d6b86f24f3,naples,bzwioi,https://bounce.com/stores/naples/bzwioi,200,2026-10-06
550bd75e-0ec8-44c8-9c2f-69ff88a9eb80,naples,umabpg,https://bounce.com/stores/naples/umabpg,200,2026-10-06
34df08ed-5d06-4b88-954d-1237bf28a284,naples,fo4hs1,https://bounce.com/stores/naples/fo4hs1,200,2026-10-06
f910585a-f4fb-4921-ad09-8066b01f3296,naples,exh8ui,https://bounce.com/stores/naples/exh8ui,200,2026-10-06
4b3d0388-fc90-49e1-9140-21177935ef47,naples,khxhpb,https://bounce.com/stores/naples/khxhpb,200,2026-10-06
d431df3e-0f92-4d20-9399-df33072bf58b,naples,ayi0hx,https://bounce.com/stores/naples/ayi0hx,200,2026-10-06
aafd9fce-c22e-484e-a6b8-5e804f2fad32,naples,l-lmog,https://bounce.com/stores/naples/l-lmog,200,2026-10-06
17d20f60-de69-49f5-8254-195108925307,naples,iiupls,https://bounce.com/stores/naples/iiupls,200,2026-10-06
23d85bab-32a1-4890-b2a0-dd3ca4ee11ca,naples,6rlw2h,https://bounce.com/stores/naples/6rlw2h,200,2026-10-06
f32f1a5c-b485-4bbb-8a87-1fe298b8aa85,naples,apio79,https://bounce.com/stores/naples/apio79,200,2026-10-06
36c4431f-64ae-4b7b-af63-9846f8e21fa1,naples,krumnz,https://bounce.com/stores/naples/krumnz,200,2026-10-06
9edaae2b-ae15-4207-b5f7-d422e6e516ae,naples,8a64bi,https://bounce.com/stores/naples/8a64bi,200,2026-10-06
d0ef6fb9-a85c-49cf-9435-8f92607aea3c,naples,dB6-Xi,https://bounce.com/stores/naples/dB6-Xi,200,2026-10-06
189c5199-616a-4b73-b9e3-c9f2da500ab6,naples,4cecgw,https://bounce.com/stores/naples/4cecgw,200,2026-10-06
eb666941-86c2-4625-b610-2f667f182376,naples,3jhxpm,https://bounce.com/stores/naples/3jhxpm,200,2026-10-06
8516f1bd-612b-446e-a7af-d546dc83a6a4,naples,lguujf,https://bounce.com/stores/naples/lguujf,200,2026-10-06
77938649-9921-4f1b-a365-27a9473245a8,naples,ega-hu,https://bounce.com/stores/naples/ega-hu,200,2026-10-06
455da505-a3db-4645-bbf6-e00642929df7,naples,g0moqt,https://bounce.com/stores/naples/g0moqt,200,2026-10-06
a79bcc12-a6ab-4c74-b15b-056060635fd6,naples,orvhig,https://bounce.com/stores/naples/orvhig,200,2026-10-06
4d97025b-115e-49d2-846f-8e04b34e7ae5,naples,NSFSuL,https://bounce.com/stores/naples/NSFSuL,200,2026-10-06
c685fb81-5b63-49da-90d2-39645b8abd14,naples,fvvs1q,https://bounce.com/stores/naples/fvvs1q,200,2026-10-06
433dae7c-8ef4-4b2c-a057-30c839924d94,naples,zd3tto,https://bounce.com/stores/naples/zd3tto,200,2026-10-06
ac96a8e8-01c8-439c-b199-3dea1279e09c,naples,ufxved,https://bounce.com/stores/naples/ufxved,200,2026-10-06
7b5ed948-52d7-4028-b20a-f9514f9a41e6,naples,vpvvyt,https://bounce.com/stores/naples/vpvvyt,200,2026-10-06
609835ef-fdbb-4fe0-bcf6-8f3d57bfbea8,naples,og0_dj,https://bounce.com/stores/naples/og0_dj,200,2026-10-06
d885fce5-349f-44ea-beae-e3ee3f01fee2,naples,v-8w2c,https://bounce.com/stores/naples/v-8w2c,200,2026-10-06
5c4e4888-6f84-4312-a73e-0bda10e35f16,naples,xief7s,https://bounce.com/stores/naples/xief7s,200,2026-10-06
4610356d-d970-453d-929b-6509e5ad6832,naples,of1k8j,https://bounce.com/stores/naples/of1k8j,200,2026-10-06
0c9ea6bd-9413-4e4b-a29b-dc176f4aa069,naples,if2zll,https://bounce.com/stores/naples/if2zll,200,2026-10-06
b1e97cd7-bc5b-457a-9449-e0198fd47b91,naples,0hssnq,https://bounce.com/stores/naples/0hssnq,200,2026-10-06
d4fbd1ff-ca58-491e-bab0-e8d5fd114918,naples,jpslib,https://bounce.com/stores/naples/jpslib,200,2026-10-06
a749795b-81ef-4906-831b-f7fad6cb894a,naples,adzpk1,https://bounce.com/stores/naples/adzpk1,200,2026-10-06
778560e0-56b6-42de-8973-299445a4d026,naples,9zmh0w,https://bounce.com/stores/naples/9zmh0w,200,2026-10-06
246a8bfd-fb45-4042-80cc-06cb5350b3a9,naples,xs6evc,https://bounce.com/stores/naples/xs6evc,200,2026-10-06
42e2655e-b0f8-4091-bcdd-e3c17ea8c874,naples,endlkj,https://bounce.com/stores/naples/endlkj,200,2026-10-06
32b927d6-a23a-47cc-97ab-abb9348b7561,naples,hipi6s,https://bounce.com/stores/naples/hipi6s,200,2026-10-06
66929ca9-59be-4b95-a06d-3069e549b19b,naples,efb7ej,https://bounce.com/stores/naples/efb7ej,200,2026-10-06
54d7bdc0-2dfc-44e7-8429-a91ae84aa939,naples,pGXRwf,https://bounce.com/stores/naples/pGXRwf,200,2026-10-06
a9aad69e-fe3b-4669-baf9-7f8270213ad7,naples,jw_d49,https://bounce.com/stores/naples/jw_d49,200,2026-10-06
f8d2ea26-131d-4bcd-9ff7-dce9fe2ef13e,naples,fofa_d,https://bounce.com/stores/naples/fofa_d,200,2026-10-06
03221ce1-728b-4ad3-8b28-0b8e69a67abc,naples,racjjh,https://bounce.com/stores/naples/racjjh,200,2026-10-06
0c4c56a2-9b30-452c-a8e0-3e61712d3e08,naples,q72ygk,https://bounce.com/stores/naples/q72ygk,200,2026-10-06
095039d9-c6dc-4c6a-b27a-210945e91c97,naples,bjouzg,https://bounce.com/stores/naples/bjouzg,200,2026-10-06
c5a21eeb-d879-449f-965b-3e9a37506055,naples,1llQ0F,https://bounce.com/stores/naples/1llQ0F,200,2026-10-06
e1137ad6-4211-45dd-8d7f-ddde1de001e7,naples,XkxRmP,https://bounce.com/stores/naples/XkxRmP,200,2026-10-06
b4b6e2ba-1b16-47aa-b9b7-dea5fdbeabc5,naples,92nKaB,https://bounce.com/stores/naples/92nKaB,200,2026-10-06
5ab44a04-9d40-48ec-9f9f-b757549c0912,naples,h6LKI8,https://bounce.com/stores/naples/h6LKI8,200,2026-10-06
3b9a1422-c70a-41db-9d90-f421503ecce1,naples,bUzhME,https://bounce.com/stores/naples/bUzhME,200,2026-10-06
3800adff-1c81-470b-b244-fa6500c64b3c,naples,g0k42_,https://bounce.com/stores/naples/g0k42_,200,2026-10-06
4c63b7d4-8956-4325-9c33-f01581c49eed,naples,n2ives,https://bounce.com/stores/naples/n2ives,200,2026-10-06
3f5928f6-8495-46dc-a089-3a2a2fa0766f,naples,mlmy4k,https://bounce.com/stores/naples/mlmy4k,200,2026-10-06
024d6ad1-1451-4ada-8c5a-de3af812a5b8,naples,-spkhi,https://bounce.com/stores/naples/-spkhi,200,2026-10-06
4df45b47-4f7b-4ec5-86e7-797a97b2ca3a,naples,4zplxj,https://bounce.com/stores/naples/4zplxj,200,2026-10-06
6498f242-b248-47e5-94bb-e44092367a26,naples,yxj1sq,https://bounce.com/stores/naples/yxj1sq,200,2026-10-06
8b92aa2c-c8d1-4b8f-9937-38b999072fa3,naples,wsxzlg,https://bounce.com/stores/naples/wsxzlg,200,2026-10-06
85856e6c-556a-4c5a-9d2a-957c7ba877fd,naples,5sdgvh,https://bounce.com/stores/naples/5sdgvh,200,2026-10-06
8f909824-0108-43f9-bb10-24e6de56bdcb,naples,pblciw,https://bounce.com/stores/naples/pblciw,200,2026-10-06
a0e97b44-d3ef-4576-aa60-4d576fba2fcb,naples,bdwjgu,https://bounce.com/stores/naples/bdwjgu,200,2026-10-06
a4af2757-b581-4459-8c3b-4efc1f47a98e,naples,1y6yxo,https://bounce.com/stores/naples/1y6yxo,200,2026-10-06
add58e0b-d926-4026-aa79-f08f049575bc,naples,mv3lgj,https://bounce.com/stores/naples/mv3lgj,200,2026-10-06
bfc85ea6-9b50-4150-8bca-eb6f84e655b3,naples,ilv46t,https://bounce.com/stores/naples/ilv46t,200,2026-10-06
b74ec2d9-a370-421f-a8d7-d6336f9aea48,naples,h9qbuj,https://bounce.com/stores/naples/h9qbuj,200,2026-10-06
ae93d61f-7d6d-440f-be50-5cb849342767,naples,snkm28,https://bounce.com/stores/naples/snkm28,200,2026-10-06
c144b3fe-de2f-448d-a103-7cb8b837d84e,naples,HH-W_Z,https://bounce.com/stores/naples/HH-W_Z,200,2026-10-06
c97057c4-e4b0-4d7e-ac35-ff79432cae61,naples,rsxcpw,https://bounce.com/stores/naples/rsxcpw,200,2026-10-06
f1885dd0-f8a0-4da1-ad68-d20e997f359b,naples,8xt-zc,https://bounce.com/stores/naples/8xt-zc,200,2026-10-06
f86435b1-cd1b-4bb7-8973-fc84f48c2827,naples,0ylwso,https://bounce.com/stores/naples/0ylwso,200,2026-10-06
d2b35007-28ba-4963-9e8b-ac94dddf7c1f,naples,DKIOKM,https://bounce.com/stores/naples/DKIOKM,200,2026-10-06
4a2d3319-6e41-49f6-9ec7-e03cadbb4ba8,naples,3D_W2S,https://bounce.com/stores/naples/3D_W2S,200,2026-10-06
5c9f769b-e745-43e3-8dc5-860f1435c36f,naples,qdt0gu,https://bounce.com/stores/naples/qdt0gu,200,2026-10-06
0580166f-dffb-45c6-9100-61a0c8e981ab,naples,497imh,https://bounce.com/stores/naples/497imh,200,2026-10-06
c607257a-6ae5-48d3-8457-a31ef48a18dc,naples,OjLTBQ,https://bounce.com/stores/naples/OjLTBQ,200,2026-10-06
e189fc4d-d8af-4d28-942c-932c7b0d5484,naples,tl0lki,https://bounce.com/stores/naples/tl0lki,200,2026-10-06
980107fb-c8cf-4b6e-91a0-6d169b4ebf1c,naples,immlkN,https://bounce.com/stores/naples/immlkN,200,2026-10-06
2abbf5a6-24ea-40c7-a98e-587bf24b7a22,naples,WF96aU,https://bounce.com/stores/naples/WF96aU,200,2026-10-06
5ae28b48-4886-4d8f-b31d-af5da9f526bb,naples,3bhrag,https://bounce.com/stores/naples/3bhrag,200,2026-10-06
62a0d3f0-ad54-4caa-86c8-5248ecceeda5,naples,nybwpj,https://bounce.com/stores/naples/nybwpj,200,2026-10-06
2fa868af-72f3-4beb-b65e-566365893e07,naples,Y_EISX,https://bounce.com/stores/naples/Y_EISX,200,2026-10-06
aa9d7e63-0e8c-45dc-bbf7-b09765514772,naples,EFj2Tl,https://bounce.com/stores/naples/EFj2Tl,200,2026-10-06
15913fe6-3333-4434-b42a-f5888cbbd257,naples,Md7G3Q,https://bounce.com/stores/naples/Md7G3Q,200,2026-10-06
832a2ed1-cb39-4d0e-bd41-319b6af27233,naples,dodcge,https://bounce.com/stores/naples/dodcge,200,2026-10-06
d9b83d4d-5c9e-4870-b363-99c334e327d7,naples,jgqAmc,https://bounce.com/stores/naples/jgqAmc,200,2026-10-06
ecf64a60-1e04-434a-97cc-d806ce9ee742,naples,pjnmt2,https://bounce.com/stores/naples/pjnmt2,200,2026-10-06
08e7f038-5381-4f15-80b5-332bbcfd3bdf,naples,DoNwuY,https://bounce.com/stores/naples/DoNwuY,200,2026-10-06
d525542e-14a6-49a4-ab2f-c82616e7b6fd,naples,1olIeb,https://bounce.com/stores/naples/1olIeb,200,2026-10-06
fae6e2f9-25fb-4610-add3-02b4d1e8f78d,naples,I-IaS7,https://bounce.com/stores/naples/I-IaS7,200,2026-10-06
abdaba6e-3560-4ef0-8f0b-3f039c59c50a,naples,ZYMebN,https://bounce.com/stores/naples/ZYMebN,200,2026-10-06
3d2600b4-b7eb-4bce-b18b-76755befcce2,naples,i1MR4e,https://bounce.com/stores/naples/i1MR4e,200,2026-10-06
f362ac69-5b3e-410d-bbd3-8c5c01f07dec,naples,0ac-vj,https://bounce.com/stores/naples/0ac-vj,200,2026-10-06
0d6992f8-9a31-4db3-879a-7041b19e79cd,naples,iy6lq8,https://bounce.com/stores/naples/iy6lq8,200,2026-10-06
8a65d969-f57c-40bf-8534-35da63527203,naples,TflEaU,https://bounce.com/stores/naples/TflEaU,200,2026-10-06
4950b6c1-187d-4e2d-8a8d-95cb85b21f35,naples,ivrkmv,https://bounce.com/stores/naples/ivrkmv,200,2026-10-06
2e03fb76-5026-4166-8333-34e085dba89e,naples,o20bhv,https://bounce.com/stores/naples/o20bhv,200,2026-10-06
64f2954a-11ee-4bd4-8425-9f6997e44746,naples,b-71vv,https://bounce.com/stores/naples/b-71vv,200,2026-10-06
6770f2e7-cfc5-4dcb-8119-7331459d372f,naples,sK2QI3,https://bounce.com/stores/naples/sK2QI3,200,2026-10-06
e103e645-5583-445c-9dc8-31d2cfac5658,naples,nt-569,https://bounce.com/stores/naples/nt-569,200,2026-10-06
02b59ec4-e02a-4a6c-99a8-572a82a4030b,naples,fmj1fa,https://bounce.com/stores/naples/fmj1fa,200,2026-10-06
e2e0eb44-1ca9-4c03-89b0-aade42e75534,naples,ojxcy2,https://bounce.com/stores/naples/ojxcy2,200,2026-10-06
a0baeaaf-7c5e-40ca-9975-08d972ff6e13,naples,29d_yz,https://bounce.com/stores/naples/29d_yz,200,2026-10-06
1ccedb3d-7eb1-4230-a277-2897691217e1,naples,mtx5jg,https://bounce.com/stores/naples/mtx5jg,200,2026-10-06
f3152db9-e6cb-4d11-a50f-7f7a3b8824c5,naples,1-bfs_,https://bounce.com/stores/naples/1-bfs_,200,2026-10-06
17c3a78b-f02c-420e-b00f-7c7cba15da34,naples,cbt4k4,https://bounce.com/stores/naples/cbt4k4,200,2026-10-06
d9a6c85c-dbe7-4276-8c29-98ae0e2dec51,naples,cunpsh,https://bounce.com/stores/naples/cunpsh,200,2026-10-06
6d759c86-0965-40b3-b36d-f19c2a4397d1,naples,ofbmfk,https://bounce.com/stores/naples/ofbmfk,200,2026-10-06
21b9d416-c954-4587-9ae9-0f126cab002a,naples,JIA8NG,https://bounce.com/stores/naples/JIA8NG,200,2026-10-06
93dc8550-0792-4308-951a-67a7d0fa758a,naples,v_nxey,https://bounce.com/stores/naples/v_nxey,200,2026-10-06
38c3e43d-f7b2-490f-ab56-5ecdf972fadb,naples,D_wDql,https://bounce.com/stores/naples/D_wDql,200,2026-10-06
59b0b99e-074b-439f-999b-95aed7660d6e,naples,w3wWe9,https://bounce.com/stores/naples/w3wWe9,200,2026-10-06
b8031a08-f771-41c5-b487-82e2bad43389,naples,ipd0xl,https://bounce.com/stores/naples/ipd0xl,200,2026-10-06
f5d8fd5f-2d16-42a1-b70d-f25eb32146ae,naples,cqs5s3,https://bounce.com/stores/naples/cqs5s3,200,2026-10-06
20c69ad2-48c0-40df-af1c-2ee6fc35fc23,naples,vmqils,https://bounce.com/stores/naples/vmqils,200,2026-10-06
51bdeb08-a729-40aa-ae94-37c60b4633f5,naples,xifoxw,https://bounce.com/stores/naples/xifoxw,200,2026-10-06
f1ae4087-23f4-4b67-862a-585c9b3840ac,naples,58tzmt,https://bounce.com/stores/naples/58tzmt,200,2026-10-06
992545d2-d283-4935-87c8-833a774e2b34,naples,yvjhnw,https://bounce.com/stores/naples/yvjhnw,200,2026-10-06
b55bb5e2-0f9f-48d7-bd12-cb8412c6731a,naples,rtlgnv,https://bounce.com/stores/naples/rtlgnv,200,2026-10-06
f9e46f53-f5cf-42dc-9b25-21c8cb0cdac7,naples,--abe8,https://bounce.com/stores/naples/--abe8,200,2026-10-06
9102f8a5-3a1d-4b8c-adae-6235ebfb177b,naples,rdmf91,https://bounce.com/stores/naples/rdmf91,200,2026-10-06
d1ae375c-708e-4f12-8902-d39e0fcd2456,naples,c15ojh,https://bounce.com/stores/naples/c15ojh,200,2026-10-06
ac7d551d-83d0-49dd-89e2-ed8840dea385,naples,suykmf,https://bounce.com/stores/naples/suykmf,200,2026-10-06
0f67e092-bb06-43a9-a82e-7eb3f9df4514,naples,ez-xcu,https://bounce.com/stores/naples/ez-xcu,200,2026-10-06
7d3042b3-f32e-4f56-91a5-9ff6fb4c1fd8,naples,yihmau,https://bounce.com/stores/naples/yihmau,200,2026-10-06
6f86736a-3848-4cf5-b161-101a2ac2834e,naples,mWuIFk,https://bounce.com/stores/naples/mWuIFk,200,2026-10-06
499af41e-18a0-4bdb-b15b-767ee02f3628,naples,y7yoij,https://bounce.com/stores/naples/y7yoij,200,2026-10-06
00a13ec2-00d7-48f6-af55-18548681405d,naples,xyfvhv,https://bounce.com/stores/naples/xyfvhv,200,2026-10-06
09ae1ec4-efc3-40c5-bab6-eb0c067f53be,naples,g3tnih,https://bounce.com/stores/naples/g3tnih,200,2026-10-06
98268f37-1750-4eec-884f-3bac2d9f141c,naples,kzHiEc,https://bounce.com/stores/naples/kzHiEc,200,2026-10-06
1c82b963-38ee-46f4-9dba-0c0b1ba73e73,naples,uitszq,https://bounce.com/stores/naples/uitszq,200,2026-10-06
89869302-9808-4272-9822-2425e8df68b6,naples,ghziyi,https://bounce.com/stores/naples/ghziyi,200,2026-10-06
44b2ba62-99dd-43cb-a416-2789a4320fa6,naples,m-fgxr,https://bounce.com/stores/naples/m-fgxr,200,2026-10-06
6730ed9e-4899-4551-8da3-38130f3cbade,naples,v0d5PM,https://bounce.com/stores/naples/v0d5PM,200,2026-10-06
29ae5795-e08c-4312-a437-da86a09a14e2,naples,ny2r75,https://bounce.com/stores/naples/ny2r75,200,2026-10-06
099137d1-7ebb-4671-9a8c-87a8203c4a1a,naples,STO2i9,https://bounce.com/stores/naples/STO2i9,200,2026-10-06
f180f5e6-783c-419a-a6f2-0860268f4654,naples,kn-ufd,https://bounce.com/stores/naples/kn-ufd,200,2026-10-06
20aa2fbc-08a8-44be-bcd5-54f2e7b2290f,naples,ua2tjj,https://bounce.com/stores/naples/ua2tjj,200,2026-10-06
0df58e33-2219-4a46-8caa-2eb9429224ff,naples,hnxcvt,https://bounce.com/stores/naples/hnxcvt,200,2026-10-06
27d52089-dbee-4cc9-81b3-c1404842fa45,naples,flmhg3,https://bounce.com/stores/naples/flmhg3,200,2026-10-06
70aae71c-ff9a-489c-8c03-d8f50a20650d,naples,7tlmcd,https://bounce.com/stores/naples/7tlmcd,200,2026-10-06
b035b28a-c63a-4be1-9bfe-e9b1d8f2f6a6,naples,ttyco9,https://bounce.com/stores/naples/ttyco9,200,2026-10-06
5c5e4841-f8ab-4d04-8cbf-f9b1109d4fd1,naples,bgohxi,https://bounce.com/stores/naples/bgohxi,200,2026-10-06
e9059b30-8809-4bdf-87d4-913608859597,naples,34cksx,https://bounce.com/stores/naples/34cksx,200,2026-10-06
830a1904-3c01-4cd7-bd61-1427db7b2626,naples,c_wmvh,https://bounce.com/stores/naples/c_wmvh,200,2026-10-06
95742a7b-7f55-4070-82cc-cf838349a68b,naples,WfX4tk,https://bounce.com/stores/naples/WfX4tk,200,2026-10-06
bb94574e-ad09-45d4-9020-8cba2a304481,naples,flkr-1,https://bounce.com/stores/naples/flkr-1,200,2026-10-06
cf1f6d23-e6f1-478c-9aa7-36469bb80004,naples,o8cv0t,https://bounce.com/stores/naples/o8cv0t,200,2026-10-06
8c77e7bc-ed99-4056-ae59-042c78206d98,naples,oc4j8w,https://bounce.com/stores/naples/oc4j8w,200,2026-10-06
dacd7221-b4d8-4297-8458-db8356bbb42e,naples,lfsn6e,https://bounce.com/stores/naples/lfsn6e,200,2026-10-06
910c1014-b564-4cd0-9fd2-846fe1443825,milan,yzDaBz,https://bounce.com/stores/milan/yzDaBz,200,2026-10-06
2b6caf73-eb34-40a1-bdae-863e1ce57894,milan,t_vwk7,https://bounce.com/stores/milan/t_vwk7,200,2026-10-06
9c601575-bad2-4fda-af88-2cc2f1d2febe,milan,qr8ML9,https://bounce.com/stores/milan/qr8ML9,200,2026-10-06
01ee00ea-b2c3-49a0-a18d-d34e7d431d97,milan,dr934n,https://bounce.com/stores/milan/dr934n,200,2026-10-06
1ad2fa7a-f895-4f11-87e2-88d7b77e9c14,milan,tf2Lmp,https://bounce.com/stores/milan/tf2Lmp,200,2026-10-06
2a5ef432-daea-4537-9ace-003273340654,milan,zVHaYI,https://bounce.com/stores/milan/zVHaYI,200,2026-10-06
cf134732-f329-4757-86d0-bd4ff3391558,milan,Jl-fZK,https://bounce.com/stores/milan/Jl-fZK,200,2026-10-06
c271baf6-7205-4a4e-bd1b-7ee97f4f5910,milan,a713VP,https://bounce.com/stores/milan/a713VP,200,2026-10-06
b14c19cc-c9ee-4548-afe7-dc29e98fa24d,milan,QPiUud,https://bounce.com/stores/milan/QPiUud,200,2026-10-06
59310904-759a-4b9d-bf58-814c20c3a4b8,milan,vy83y8,https://bounce.com/stores/milan/vy83y8,200,2026-10-06
6db3c12d-2eb0-444a-967c-6858b2f27f3b,milan,mqb2by,https://bounce.com/stores/milan/mqb2by,200,2026-10-06
066ce4dd-e4ca-40e2-b360-5bdefdff6841,milan,4qnfa_,https://bounce.com/stores/milan/4qnfa_,200,2026-10-06
770c2191-2d50-466e-bfc3-02c8bf1f6d33,milan,dpgpoc,https://bounce.com/stores/milan/dpgpoc,200,2026-10-06
7691ba08-d38f-4d21-8686-8a5cea9f4f95,milan,zye0P1,https://bounce.com/stores/milan/zye0P1,200,2026-10-06
9f066ba4-da0a-4490-b1e1-cfb7a32a4c21,milan,pvrtdy,https://bounce.com/stores/milan/pvrtdy,200,2026-10-06
6cd7d154-3688-4bad-8417-8f33eea3a51f,milan,uxjbfs,https://bounce.com/stores/milan/uxjbfs,200,2026-10-06
a633ce36-73b7-46a4-ac72-da9f088266d2,milan,CkXAN7,https://bounce.com/stores/milan/CkXAN7,200,2026-10-06
4178a5db-523a-40cc-9b00-eff60a298459,milan,CsyEsl,https://bounce.com/stores/milan/CsyEsl,200,2026-10-06
96ec269c-9554-4a9a-8910-de8e9ba5ee07,milan,phruwg,https://bounce.com/stores/milan/phruwg,200,2026-10-06
83d55b60-a708-45df-9d00-083b9b70dc80,milan,6ppyfu,https://bounce.com/stores/milan/6ppyfu,200,2026-10-06
6bab00c7-f1c6-485f-b890-abf660d284c5,milan,v_gt4o,https://bounce.com/stores/milan/v_gt4o,200,2026-10-06
8a89f3cf-1b9f-488c-b32a-fd9a91e09cdc,milan,Ka7Ckp,https://bounce.com/stores/milan/Ka7Ckp,200,2026-10-06
de7068dd-8756-4c53-9bfd-a1035f89ddb0,milan,lTaNYP,https://bounce.com/stores/milan/lTaNYP,200,2026-10-06
bf76448d-36d2-4b03-8866-dfa10e34d2aa,milan,2y8Ltl,https://bounce.com/stores/milan/2y8Ltl,200,2026-10-06
630398a2-10d5-458f-9471-03000437a6cb,milan,7DbkjE,https://bounce.com/stores/milan/7DbkjE,200,2026-10-06
3070d196-fcb5-4c86-b51d-f3f27923549c,milan,ialm0d,https://bounce.com/stores/milan/ialm0d,200,2026-10-06
0ef5077b-9b11-4a4b-8d79-deedd94e83ae,milan,jlksl5,https://bounce.com/stores/milan/jlksl5,200,2026-10-06
4e276ae8-8008-4cf7-bd36-85547a660673,milan,xenn9o,https://bounce.com/stores/milan/xenn9o,200,2026-10-06
e73759aa-e481-4d67-880f-ae004050a742,milan,obe4jk,https://bounce.com/stores/milan/obe4jk,200,2026-10-06
10099cdf-69fb-4d33-9e81-73ffa7b2529f,milan,_pswtg,https://bounce.com/stores/milan/_pswtg,200,2026-10-06
c0450f1b-e031-4c69-a527-ae3aa4ed2387,milan,vrlxmd,https://bounce.com/stores/milan/vrlxmd,200,2026-10-06
0a80c1f5-33b6-4f50-abbc-30a326fec9cb,milan,2araok,https://bounce.com/stores/milan/2araok,200,2026-10-06
b1ed6fd5-0316-47a2-bde8-c7e4b2616210,milan,X8n178,https://bounce.com/stores/milan/X8n178,200,2026-10-06
fa57ebc0-1e80-4734-aa09-4290886142fc,milan,ukhlhe,https://bounce.com/stores/milan/ukhlhe,200,2026-10-06
2973c426-2a34-4c83-ab7e-046a3e5d7a3b,milan,or2427,https://bounce.com/stores/milan/or2427,200,2026-10-06
c53709e9-08b1-4194-ae4d-8c01382aa0e7,milan,VNOFxj,https://bounce.com/stores/milan/VNOFxj,200,2026-10-06
bc5eaa44-afad-4f70-b232-515f5af2e4c2,milan,fgxpaq,https://bounce.com/stores/milan/fgxpaq,200,2026-10-06
23ca169e-0c65-4211-9b50-5ae487dd3881,milan,6d1gvp,https://bounce.com/stores/milan/6d1gvp,200,2026-10-06
bb131d72-4703-499e-949e-e48c654e9889,milan,k4fib1,https://bounce.com/stores/milan/k4fib1,200,2026-10-06
579e7950-736a-403f-9dc2-a67a39be9132,milan,j5q7p1,https://bounce.com/stores/milan/j5q7p1,200,2026-10-06
820ac988-8d2f-42d8-b1d3-874c2e19de38,milan,or7w8l,https://bounce.com/stores/milan/or7w8l,200,2026-10-06
f0f377de-115f-4970-ace1-802efecb161f,milan,mnz9tg,https://bounce.com/stores/milan/mnz9tg,200,2026-10-06
3f109f0f-6b2a-4556-b71d-4e4edcb586a2,milan,vbsvkf,https://bounce.com/stores/milan/vbsvkf,200,2026-10-06
0bcfcf18-ede2-477d-a4ac-a4ba5a8852b3,milan,0izsiv,https://bounce.com/stores/milan/0izsiv,200,2026-10-06
d8a7e9df-e49b-4f29-ba46-b7145015f2b8,milan,z7thqh,https://bounce.com/stores/milan/z7thqh,200,2026-10-06
f2568018-1742-43e8-b8bc-e49d58f49fc3,milan,tobrqj,https://bounce.com/stores/milan/tobrqj,200,2026-10-06
fd8ba7bc-4a6e-485f-b75d-4f8d9d8cac6d,milan,2hi32c,https://bounce.com/stores/milan/2hi32c,200,2026-10-06
9fbf6af0-e27c-4ebe-ac0b-bdc47d3f7bba,milan,0tgpe7,https://bounce.com/stores/milan/0tgpe7,200,2026-10-06
6c05178f-14c5-41b2-9df7-6224dc883c9a,milan,iwq2jm,https://bounce.com/stores/milan/iwq2jm,200,2026-10-06
ca6cdd9d-889f-4032-afef-5dc74e19c241,milan,ugcnty,https://bounce.com/stores/milan/ugcnty,200,2026-10-06
be1cb4de-6966-4c40-a8eb-e61600b1f347,milan,NGZRvF,https://bounce.com/stores/milan/NGZRvF,200,2026-10-06
358aff6d-fc9b-462e-a8de-9e19432ac389,milan,2lo77g,https://bounce.com/stores/milan/2lo77g,200,2026-10-06
7b4c54b8-8320-4ecc-a1b4-cd5ac44f938d,milan,5dopq_,https://bounce.com/stores/milan/5dopq_,200,2026-10-06
5390edd7-f5da-44a5-a240-7abe84d495f4,milan,5vqmhf,https://bounce.com/stores/milan/5vqmhf,200,2026-10-06
515de8bd-f189-477a-88fc-a5889af43a9a,milan,c1mrt2,https://bounce.com/stores/milan/c1mrt2,200,2026-10-06
a4487913-cf76-4cc4-8aad-893c3001671b,milan,g5awbv,https://bounce.com/stores/milan/g5awbv,200,2026-10-06
26e899c7-804b-45c6-b01b-b2b3732e48ae,milan,zi5jxE,https://bounce.com/stores/milan/zi5jxE,200,2026-10-06
7873d1e3-0c59-41dd-9e80-aabc74e27c35,milan,7wxicj,https://bounce.com/stores/milan/7wxicj,200,2026-10-06
ae271580-d38c-49b3-bcad-9e6f3dd71ce1,milan,vaizwx,https://bounce.com/stores/milan/vaizwx,200,2026-10-06
4a6735f6-f660-4c02-9528-35f774ecbc30,milan,nwrpms,https://bounce.com/stores/milan/nwrpms,200,2026-10-06
eda0baa0-1bb5-43f7-86a3-22d3ead60a31,milan,0vibfw,https://bounce.com/stores/milan/0vibfw,200,2026-10-06
d3159d78-4cdf-4177-86fa-2965ec98f9f4,milan,VuqMki,https://bounce.com/stores/milan/VuqMki,200,2026-10-06
e9fdf8b1-1a7d-4223-9cd4-2bd08d14dda3,milan,k0Wlln,https://bounce.com/stores/milan/k0Wlln,200,2026-10-06
33d7ff24-9290-49e0-86ac-b0ec1d0fb86f,milan,tdceiu,https://bounce.com/stores/milan/tdceiu,200,2026-10-06
b9048cb7-225a-40b9-bebe-ff6eb398a2da,milan,u4yyvq,https://bounce.com/stores/milan/u4yyvq,200,2026-10-06
c03b7e37-e675-4576-81b9-4069bce2caaa,milan,ONL7zD,https://bounce.com/stores/milan/ONL7zD,200,2026-10-06
dd46c1c7-a86a-449a-a051-acb4089bb799,milan,OsOfs5,https://bounce.com/stores/milan/OsOfs5,200,2026-10-06
62ded901-668a-4bd3-ac65-5c3b391da742,milan,5ylphs,https://bounce.com/stores/milan/5ylphs,200,2026-10-06
c54ab660-fd02-4dcc-9705-d9cda5938c9f,milan,fx5znh,https://bounce.com/stores/milan/fx5znh,200,2026-10-06
f0e4a206-426f-4549-9bec-e453a8100df4,milan,4j8fc6,https://bounce.com/stores/milan/4j8fc6,200,2026-10-06
51feea90-ab6e-417a-b0b2-c786ea4c272d,milan,wcqqyz,https://bounce.com/stores/milan/wcqqyz,200,2026-10-06
99aa6a2d-e993-4d8f-9c60-c21bb0074389,milan,-ppo0b,https://bounce.com/stores/milan/-ppo0b,200,2026-10-06
6589b3da-8c33-453d-9341-59aa8a028411,milan,uezedr,https://bounce.com/stores/milan/uezedr,200,2026-10-06
c8e632f8-8a53-4f8c-9af7-6ae060de7080,milan,ahyf1x,https://bounce.com/stores/milan/ahyf1x,200,2026-10-06
2233f41a-4ca4-47b8-90af-565a3132b730,milan,4prfcg,https://bounce.com/stores/milan/4prfcg,200,2026-10-06
b0ffd8b5-4a6f-42c5-a860-e8a136f5324c,milan,h8oie9,https://bounce.com/stores/milan/h8oie9,200,2026-10-06
2fc25cd9-187d-4122-a8d0-01e3ed9887f6,milan,wbpkr6,https://bounce.com/stores/milan/wbpkr6,200,2026-10-06
93602ed9-3a0a-4fe5-9635-88de0ce48624,milan,50azk9,https://bounce.com/stores/milan/50azk9,200,2026-10-06
40c34ecd-7263-4f28-a201-d2761340669c,milan,0nPXH9,https://bounce.com/stores/milan/0nPXH9,200,2026-10-06
94512190-a1bd-4cc0-a1f3-c597006fc4e2,milan,dxgdq7,https://bounce.com/stores/milan/dxgdq7,200,2026-10-06
9d5e6b4b-a94b-4538-97b7-5bcbf6f466f3,milan,9fwy_4,https://bounce.com/stores/milan/9fwy_4,200,2026-10-06
b7f0c949-5ae6-40b9-97f1-7b00e03ac985,milan,jneeuq,https://bounce.com/stores/milan/jneeuq,200,2026-10-06
6e9fd4ed-2e37-408b-9d05-5f542a4969c8,milan,8GOO8k,https://bounce.com/stores/milan/8GOO8k,200,2026-10-06
6382993d-7c2d-4944-bd2e-6dc991dc3176,milan,mr7jr2,https://bounce.com/stores/milan/mr7jr2,200,2026-10-06
f1e65980-38a4-4f5d-a0be-5775f620aee0,milan,C3Y0kb,https://bounce.com/stores/milan/C3Y0kb,200,2026-10-06
9b26da65-f5d6-4447-979f-88b66a29ab31,milan,y73h43,https://bounce.com/stores/milan/y73h43,200,2026-10-06
8f2563dd-512a-4642-b534-1ae1aa4ce88a,milan,3a7mus,https://bounce.com/stores/milan/3a7mus,200,2026-10-06
0d427360-b701-4fb8-b8ce-8cffd5b87fe3,milan,yxwpsc,https://bounce.com/stores/milan/yxwpsc,200,2026-10-06
ed41ffe3-e850-4625-b1cb-796584c20dd8,milan,m1zqil,https://bounce.com/stores/milan/m1zqil,200,2026-10-06
a50243d1-9edf-4ffe-b5d2-93fdd1235056,milan,HU102F,https://bounce.com/stores/milan/HU102F,200,2026-10-06
feba3f46-d68f-4c6a-8e5e-6b8212feb6fa,milan,m6yfbq,https://bounce.com/stores/milan/m6yfbq,200,2026-10-06
19118050-4973-401f-b88e-6e812cee3036,milan,xc18mt,https://bounce.com/stores/milan/xc18mt,200,2026-10-06
2f261e53-785b-4611-8cf6-39025e477556,milan,90y9Te,https://bounce.com/stores/milan/90y9Te,200,2026-10-06
1229e385-0efe-4aba-a54f-47fca4f40d49,milan,vqpuv9,https://bounce.com/stores/milan/vqpuv9,200,2026-10-06
6f67bd36-850d-4cae-abab-7c9326932640,milan,Pm2Mof,https://bounce.com/stores/milan/Pm2Mof,200,2026-10-06
3db39fe9-27da-4747-8772-70081387ecc6,milan,zpv63l,https://bounce.com/stores/milan/zpv63l,200,2026-10-06
9b16d5f0-9e30-4986-b086-918179c24106,milan,ugtJQ3,https://bounce.com/stores/milan/ugtJQ3,200,2026-10-06
2e18562c-dcdc-40cf-9cb2-08461387b1c9,milan,hs5llw,https://bounce.com/stores/milan/hs5llw,200,2026-10-06
a39b128a-989b-4a39-85d3-660a88cf921d,milan,ItXzTs,https://bounce.com/stores/milan/ItXzTs,200,2026-10-06
03926c93-68f9-40ee-b041-eefe9dfbe0ce,milan,NCdGaT,https://bounce.com/stores/milan/NCdGaT,200,2026-10-06
43d38df6-6334-403c-9f59-3a2e53fa2f5f,milan,l2IFSh,https://bounce.com/stores/milan/l2IFSh,200,2026-10-06
4b344114-6d8a-48d5-8780-659bcfd394b2,milan,wQNf4G,https://bounce.com/stores/milan/wQNf4G,200,2026-10-06
f752a6b3-df50-4263-9f8e-156b7728af55,milan,9RY9Nm,https://bounce.com/stores/milan/9RY9Nm,200,2026-10-06
862b64ed-5a43-449e-bd5f-d215e790e3a8,milan,eHlEfz,https://bounce.com/stores/milan/eHlEfz,200,2026-10-06
88b27c23-456a-4712-afcf-ff2252596a77,milan,32oNzt,https://bounce.com/stores/milan/32oNzt,200,2026-10-06
53b67bdc-0383-41a6-a0be-321bf9123bfa,milan,B8vjME,https://bounce.com/stores/milan/B8vjME,200,2026-10-06
fcd35dc9-16c5-4ca4-877f-eb5b33ac1fef,milan,ZhNEIj,https://bounce.com/stores/milan/ZhNEIj,200,2026-10-06
115cd70d-82ad-4540-bee1-400957f2b5ba,milan,bvv1b3,https://bounce.com/stores/milan/bvv1b3,200,2026-10-06
395b489b-c73c-466d-b730-af0c9b53219d,milan,11dnvl,https://bounce.com/stores/milan/11dnvl,200,2026-10-06
de74df24-ac09-4113-ab3f-0dc79e548988,milan,WH6Q3a,https://bounce.com/stores/milan/WH6Q3a,200,2026-10-06
4355b6ee-fee8-4a94-8b5f-ca47137dee80,milan,IhAJyi,https://bounce.com/stores/milan/IhAJyi,200,2026-10-06
d7746256-ed16-48ff-aaf2-e7f2b522baf9,milan,9DGzv8,https://bounce.com/stores/milan/9DGzv8,200,2026-10-06
8a5b2871-fb6d-476c-9b2a-b81b3b24ec20,milan,WV3wpY,https://bounce.com/stores/milan/WV3wpY,200,2026-10-06
20e78dfb-f3ec-4c57-ae9b-2cb450e8b571,milan,mPhCAD,https://bounce.com/stores/milan/mPhCAD,200,2026-10-06
5feedb32-00da-4242-984c-9991a287ba90,milan,Kkyq8M,https://bounce.com/stores/milan/Kkyq8M,200,2026-10-06
bc00c97e-b97b-4f7e-bd11-bf932bdff31c,milan,QvexI2,https://bounce.com/stores/milan/QvexI2,200,2026-10-06
ebcb0ffe-6ef4-4bd3-862c-b39d010c3f9c,milan,gkl9an,https://bounce.com/stores/milan/gkl9an,200,2026-10-06
974ba19b-4368-4648-b56a-2fcbc76376f1,milan,HGsYb4,https://bounce.com/stores/milan/HGsYb4,200,2026-10-06
e3ab625b-fd79-4b9b-bed9-8b5f16226d20,milan,rMaoYE,https://bounce.com/stores/milan/rMaoYE,200,2026-10-06
f484e59d-0468-442e-a386-db61b458708a,milan,n99xcx,https://bounce.com/stores/milan/n99xcx,200,2026-10-06
898791ec-29ad-49b5-b579-f50f84a19759,milan,xqYEDj,https://bounce.com/stores/milan/xqYEDj,200,2026-10-06
31a078f3-7065-4c11-8db7-37b594a5f38e,milan,Gl0DO3,https://bounce.com/stores/milan/Gl0DO3,200,2026-10-06
907874c4-a8f9-43c4-8225-dcf085683f5e,milan,32e5pm,https://bounce.com/stores/milan/32e5pm,200,2026-10-06
495e0244-0599-4d85-afc3-176d3a8cb5fc,milan,mzoOov,https://bounce.com/stores/milan/mzoOov,200,2026-10-06
4be51bcc-0c4c-4153-a002-d7a65453d74d,milan,ndhkam,https://bounce.com/stores/milan/ndhkam,200,2026-10-06
719b0ab0-d457-4314-8d42-8f7e8e100603,milan,ojhyaj,https://bounce.com/stores/milan/ojhyaj,200,2026-10-06
8504d9ff-13f3-4599-8681-26e5e8b6a2bb,milan,-mttrs,https://bounce.com/stores/milan/-mttrs,200,2026-10-06
7f0f165b-86be-4243-b52f-896e9f92245c,milan,q6mb3u,https://bounce.com/stores/milan/q6mb3u,200,2026-10-06
6dfa3f03-5adf-41ea-9809-ad0c487e8294,milan,_aX-U_,https://bounce.com/stores/milan/_aX-U_,200,2026-10-06
da7ce20b-6b57-4ebe-8c47-7471c9003198,milan,7kl0vt,https://bounce.com/stores/milan/7kl0vt,200,2026-10-06
d33d8b42-6d1e-4de9-8656-dd6109aa47d6,milan,GnweRI,https://bounce.com/stores/milan/GnweRI,200,2026-10-06
cd660dca-985f-427e-aa40-2df96cce103a,milan,ubj2qt,https://bounce.com/stores/milan/ubj2qt,200,2026-10-06
f4cae4c8-d95d-4871-a3f7-aebc18291409,milan,feejqw,https://bounce.com/stores/milan/feejqw,200,2026-10-06
31eaf75a-d8e9-48f4-bbce-1c39cbf54eb7,milan,fc7nnr,https://bounce.com/stores/milan/fc7nnr,200,2026-10-06
7c98386e-dccc-4227-9fec-7459dc60ac1f,milan,CFJ2Eo,https://bounce.com/stores/milan/CFJ2Eo,200,2026-10-06
0223d734-649d-433f-a381-92b163aa0a56,milan,y9yoij,https://bounce.com/stores/milan/y9yoij,200,2026-10-06
daf81318-fbdf-4826-8bd9-a2109c1ed17e,milan,cxyp_m,https://bounce.com/stores/milan/cxyp_m,200,2026-10-06
bf006635-a24d-4a4e-aa0d-63fc805bff51,milan,2sSbPJ,https://bounce.com/stores/milan/2sSbPJ,200,2026-10-06
793ca48f-d5c3-4660-8134-6172809cd53a,milan,oxkx8x,https://bounce.com/stores/milan/oxkx8x,200,2026-10-06
31550a2b-a2d0-4bb2-8cf2-e202c9256da8,milan,ezgd0f,https://bounce.com/stores/milan/ezgd0f,200,2026-10-06
5bb6f9d1-a308-4a0d-9ff6-30c9484f22d3,milan,hd4hpv,https://bounce.com/stores/milan/hd4hpv,200,2026-10-06
9ae1bb05-1675-4193-9f15-8068b99f4d85,milan,7nnnug,https://bounce.com/stores/milan/7nnnug,200,2026-10-06
bcfef9ea-615b-4b09-9370-c88b9fe4bd4d,milan,i5u27y,https://bounce.com/stores/milan/i5u27y,200,2026-10-06
eb7a71ed-671f-49f7-9201-7753cc0f1613,milan,_cesgy,https://bounce.com/stores/milan/_cesgy,200,2026-10-06
8819c2fa-8955-4692-a8a3-4b4ad5e7d5d1,milan,Y6BUk-,https://bounce.com/stores/milan/Y6BUk-,200,2026-10-06
8274ac16-aeed-452b-a259-5fcef4d6d83a,milan,iqfgji,https://bounce.com/stores/milan/iqfgji,200,2026-10-06
fff898ee-78f5-4f68-a17c-4f1956745cf1,milan,w-9q2f,https://bounce.com/stores/milan/w-9q2f,200,2026-10-06
edd6d7a1-00de-4d50-92dc-6de6272f695b,milan,6OxEt3,https://bounce.com/stores/milan/6OxEt3,200,2026-10-06
c4f35e6a-e915-4aec-9378-f464d8b7c7be,milan,EIYF4R,https://bounce.com/stores/milan/EIYF4R,200,2026-10-06
0cd0e1e3-83ff-432a-9169-e11145da46cc,milan,uqsrbg,https://bounce.com/stores/milan/uqsrbg,200,2026-10-06
c840c38f-de69-4596-b9a6-95779b047c15,milan,NOqcZp,https://bounce.com/stores/milan/NOqcZp,200,2026-10-06
2218a645-0ffd-4367-bd12-b3740bdab3b6,milan,RkKWQ3,https://bounce.com/stores/milan/RkKWQ3,200,2026-10-06
82f71fb7-50d8-40d7-9279-c5113be226bd,milan,_HNjj7,https://bounce.com/stores/milan/_HNjj7,200,2026-10-06
51ca7baf-d4e9-48b0-9152-86a9604702fa,milan,-hx2lf,https://bounce.com/stores/milan/-hx2lf,200,2026-10-06
d3da5bc1-45cb-4921-bae7-0704993debf7,milan,ofs_qc,https://bounce.com/stores/milan/ofs_qc,200,2026-10-06
d33fcd88-be98-4d74-ab55-b2524368f9ee,milan,faszw5,https://bounce.com/stores/milan/faszw5,200,2026-10-06
64d8f26a-25d2-4086-851a-a40841dfce3c,milan,VYWJsY,https://bounce.com/stores/milan/VYWJsY,200,2026-10-06
c567ccc9-07da-4329-8631-039e8e13b599,milan,mIXQ9u,https://bounce.com/stores/milan/mIXQ9u,200,2026-10-06
c4086d7b-f352-426e-af76-0371baa29cb2,milan,qdfgh-,https://bounce.com/stores/milan/qdfgh-,200,2026-10-06
d19f676c-b3d8-40ea-940f-5671b12c48be,milan,OiRtKI,https://bounce.com/stores/milan/OiRtKI,200,2026-10-06
2c595673-0696-4acc-8ce9-113d6b9a71cb,milan,h-cxsh,https://bounce.com/stores/milan/h-cxsh,200,2026-10-06
7d14ea43-4a16-42b6-b053-e42fc9fa5afa,milan,da-ujy,https://bounce.com/stores/milan/da-ujy,200,2026-10-06
d7d35199-510a-4a4e-ab26-8783db09ba3a,milan,bniiy5,https://bounce.com/stores/milan/bniiy5,200,2026-10-06
d9121e85-8e7f-4957-9bd6-a1b9128b8f42,milan,cpcp5g,https://bounce.com/stores/milan/cpcp5g,200,2026-10-06
b233f975-92a3-47fa-a44b-e491a6f5fd4e,milan,x-e35x,https://bounce.com/stores/milan/x-e35x,200,2026-10-06
a1f48b3c-9888-4fac-a507-a7ce3331ad95,milan,fibrou,https://bounce.com/stores/milan/fibrou,200,2026-10-06
af296640-183e-4b4e-a5a9-50a58e9b82db,milan,zow0eo,https://bounce.com/stores/milan/zow0eo,200,2026-10-06
d2b915a3-5f0f-4c62-a777-ec470d63102c,milan,sdknjs,https://bounce.com/stores/milan/sdknjs,200,2026-10-06
cb72ac19-0f3b-45d3-b7fa-0e40354c9fc0,milan,vtb1bp,https://bounce.com/stores/milan/vtb1bp,200,2026-10-06
539cf9a5-a0c5-4359-8407-c997cb40fc72,milan,umlr2q,https://bounce.com/stores/milan/umlr2q,200,2026-10-06
1ea7f938-9de5-4572-9069-3fae53915550,milan,1n7eoo,https://bounce.com/stores/milan/1n7eoo,200,2026-10-06
20850f81-53da-42fb-b659-3b39731bb9a1,milan,ncv1jr,https://bounce.com/stores/milan/ncv1jr,200,2026-10-06
2e4bacbe-9827-46a0-a976-661bf3377adc,milan,YtgQZC,https://bounce.com/stores/milan/YtgQZC,200,2026-10-06
450a5aca-d685-443b-b422-dc32b4536aa6,milan,tkgdxy,https://bounce.com/stores/milan/tkgdxy,200,2026-10-06
7379dea1-5ae1-49b2-8362-9f3892599e4f,milan,emef96,https://bounce.com/stores/milan/emef96,200,2026-10-06
63ca69ea-b72f-4e97-913b-ca1b3e28cff6,milan,xeffak,https://bounce.com/stores/milan/xeffak,200,2026-10-06
aaaf0b3b-7bc1-4b69-b04a-694533c3fcd7,milan,gajay-,https://bounce.com/stores/milan/gajay-,200,2026-10-06
05fa9a84-b816-46e5-ae30-edfe855efbde,milan,wtlmnu,https://bounce.com/stores/milan/wtlmnu,200,2026-10-06
8b064029-808e-490b-a8b1-9df75ced4df3,milan,awcpig,https://bounce.com/stores/milan/awcpig,200,2026-10-06
9da58e87-255f-4d9c-9f77-ce6ce59d945c,milan,2wtv9i,https://bounce.com/stores/milan/2wtv9i,200,2026-10-06
1511afc5-8437-4fc5-afca-75032714c486,milan,iaxalr,https://bounce.com/stores/milan/iaxalr,200,2026-10-06
ee8533d5-f8f7-4318-81be-f60003e8e589,milan,aa_gqd,https://bounce.com/stores/milan/aa_gqd,200,2026-10-06
eb87fde0-0893-4f2f-8ab7-299ac86610ea,milan,_0wbpx,https://bounce.com/stores/milan/_0wbpx,200,2026-10-06
b4beb8ba-fccd-4875-9ac3-885cb18e4654,milan,0xkqcp,https://bounce.com/stores/milan/0xkqcp,200,2026-10-06
3da0a1ae-920a-455c-a460-8557ba3d1778,milan,t9nfeo,https://bounce.com/stores/milan/t9nfeo,200,2026-10-06
c7a85424-9e86-4371-b2e8-07f3745a7394,milan,qxs6l9,https://bounce.com/stores/milan/qxs6l9,200,2026-10-06
7719d5b5-2284-48e7-9b47-48090036e62d,milan,Y0s7So,https://bounce.com/stores/milan/Y0s7So,200,2026-10-06
53fb42ef-b29c-4273-bdd1-1b5b2c5b9cf6,milan,ni38r-,https://bounce.com/stores/milan/ni38r-,200,2026-10-06
37919644-c8a5-4355-bcbf-993d9a078df2,milan,fmk7yf,https://bounce.com/stores/milan/fmk7yf,200,2026-10-06
40bf0ce7-899a-48d2-b2ef-2fc87b1dd530,milan,0hef9l,https://bounce.com/stores/milan/0hef9l,200,2026-10-06
d66a36b8-12b8-483c-a08a-7e17ce99c7f9,milan,e7sp0k,https://bounce.com/stores/milan/e7sp0k,200,2026-10-06
c183fb32-de98-4425-b332-065102222a53,milan,kjj5yn,https://bounce.com/stores/milan/kjj5yn,200,2026-10-06
8e941f8c-ba29-4ea7-a0c8-c4f8ebe1ef95,milan,qafwcy,https://bounce.com/stores/milan/qafwcy,200,2026-10-06
d014934d-e064-45d3-aac7-e907a317c6c7,milan,ysAIW-,https://bounce.com/stores/milan/ysAIW-,200,2026-10-06
40701bad-4b05-4b3f-8183-8359eeff371a,milan,zu2kw7,https://bounce.com/stores/milan/zu2kw7,200,2026-10-06
33f95ef2-a0bb-4c6d-84b4-1396a12899ca,milan,hjts3j,https://bounce.com/stores/milan/hjts3j,200,2026-10-06
22d469c3-7ad5-453c-8610-2e8c85fee3e4,milan,begn_x,https://bounce.com/stores/milan/begn_x,200,2026-10-06
69c27365-e8d2-4b2f-8dcd-a9d6f2470d96,milan,5rkvdq,https://bounce.com/stores/milan/5rkvdq,200,2026-10-06
6fb6a749-a114-4db4-ab53-ef516443ffbf,milan,SJTVcs,https://bounce.com/stores/milan/SJTVcs,200,2026-10-06
3212455c-8c29-4c1e-958f-6ffd2ef22b93,milan,f4mye_,https://bounce.com/stores/milan/f4mye_,200,2026-10-06
7a88171e-c88c-4519-89e4-5f7036d93458,milan,cvz8md,https://bounce.com/stores/milan/cvz8md,200,2026-10-06
b2e0b042-8390-49f8-908e-08082c746077,milan,hqhhjk,https://bounce.com/stores/milan/hqhhjk,200,2026-10-06
ba5c7ad0-6a05-45bc-ab84-ba6e3dc247fa,milan,0d0fzg,https://bounce.com/stores/milan/0d0fzg,200,2026-10-06
df65466f-4360-4194-8843-fe5b79df07fb,milan,kaqc4c,https://bounce.com/stores/milan/kaqc4c,200,2026-10-06
dc00253d-2647-49f3-af4f-4fc47a00e2ff,milan,nqdnpi,https://bounce.com/stores/milan/nqdnpi,200,2026-10-06
f89be56c-47bb-4998-afb4-dc8f1fc0d19a,milan,--uokm,https://bounce.com/stores/milan/--uokm,200,2026-10-06
29aa49fd-383f-4e81-b51a-e4d6315a2c9b,milan,VCYgou,https://bounce.com/stores/milan/VCYgou,200,2026-10-06
4a2a6a10-3a5a-4d62-8c0c-fed1d22b6904,milan,eohznx,https://bounce.com/stores/milan/eohznx,200,2026-10-06
9a4327a3-4247-4178-acdf-e2b0db3c39d9,milan,hzitnr,https://bounce.com/stores/milan/hzitnr,200,2026-10-06
c3d9b947-22f2-43f3-b8ac-33e5f478cc45,milan,vvkmcC,https://bounce.com/stores/milan/vvkmcC,200,2026-10-06
5130f06e-855e-45bb-9ae2-17096afd7b9f,milan,6rho3q,https://bounce.com/stores/milan/6rho3q,200,2026-10-06
c20213d6-e320-4e48-9fb0-f032148e4e35,milan,x9pxx6,https://bounce.com/stores/milan/x9pxx6,200,2026-10-06
ae172b79-08b1-4a76-b449-e2ef26e48050,milan,z0exy_,https://bounce.com/stores/milan/z0exy_,200,2026-10-06
d37cbed7-0433-4747-9905-587fb67c6216,milan,N2vkMY,https://bounce.com/stores/milan/N2vkMY,200,2026-10-06
a439422f-82ed-4935-b2b4-398cb60b1a14,milan,1kbxr1,https://bounce.com/stores/milan/1kbxr1,200,2026-10-06
b538e5d4-b83c-470e-988c-09bd746d3d12,milan,c4dapq,https://bounce.com/stores/milan/c4dapq,200,2026-10-06
a508135c-b595-49f4-8132-713dcc8b88b5,milan,yEz6Zg,https://bounce.com/stores/milan/yEz6Zg,200,2026-10-06
dc632d5c-5565-461b-b422-22045d235a5c,milan,qgTSuD,https://bounce.com/stores/milan/qgTSuD,200,2026-10-06
d0961ab3-cc8c-4f19-96de-3d4f543964b4,milan,z7zoea,https://bounce.com/stores/milan/z7zoea,200,2026-10-06
2dfd68f7-1a09-49e1-83f0-e6cdab7a8337,milan,0mn0En,https://bounce.com/stores/milan/0mn0En,200,2026-10-06
df4293fd-19f7-4ebb-a59f-ba30f98f8fdc,milan,pqp-ep,https://bounce.com/stores/milan/pqp-ep,200,2026-10-06
73f295d3-d7bc-4965-9f0c-a7d8327a8c0b,milan,RtqPox,https://bounce.com/stores/milan/RtqPox,200,2026-10-06
fe2fba04-991e-4f47-9763-d6f4ea2e11c8,milan,hrbmjz,https://bounce.com/stores/milan/hrbmjz,200,2026-10-06
6def5312-989e-4750-a4b3-6273aef52109,milan,mn3p8z,https://bounce.com/stores/milan/mn3p8z,200,2026-10-06
19573fed-ffe8-4691-b8f8-b69c730f7164,milan,iO8iwu,https://bounce.com/stores/milan/iO8iwu,200,2026-10-06
aeecbf00-e827-4a69-abb7-ca81f0dc6f62,milan,n7lmv0,https://bounce.com/stores/milan/n7lmv0,200,2026-10-06
f4798262-f719-43c8-8200-caffa68b3110,milan,icnrqi,https://bounce.com/stores/milan/icnrqi,200,2026-10-06
f7d9efaf-cfe8-4984-88c0-a8c22bcf8602,milan,rv0y7i,https://bounce.com/stores/milan/rv0y7i,200,2026-10-06
1e5887ba-3e2a-4736-8309-e15056fdb178,milan,W5xAXG,https://bounce.com/stores/milan/W5xAXG,200,2026-10-06
20be6751-2643-4cd0-96af-1ff6a711c088,milan,boho1r,https://bounce.com/stores/milan/boho1r,200,2026-10-06
3afdd956-07d1-48c9-8c16-51dd61ec286d,milan,DIxavF,https://bounce.com/stores/milan/DIxavF,200,2026-10-06
5d649e11-29dc-45a9-8f9d-0ed3f49f4303,milan,k9aiit,https://bounce.com/stores/milan/k9aiit,200,2026-10-06
63bf8bc9-4004-408c-afd5-82133abba2e5,milan,TyNVHZ,https://bounce.com/stores/milan/TyNVHZ,200,2026-10-06
7152abd0-e622-4dbd-890b-a95a9cb4ba61,milan,itv_tt,https://bounce.com/stores/milan/itv_tt,200,2026-10-06
2b9e4336-893d-45e7-9e96-3817b7252bd3,milan,mPe9h9,https://bounce.com/stores/milan/mPe9h9,200,2026-10-06
c0109373-d181-4f87-ab99-a69b1e6eb39d,milan,s6dcns,https://bounce.com/stores/milan/s6dcns,200,2026-10-06
80a6b165-dd98-4e7a-9b90-9a9fae9f1c41,milan,0rqdyy,https://bounce.com/stores/milan/0rqdyy,200,2026-10-06
955a3522-a940-4e67-b466-f31c33625d06,milan,36hefn,https://bounce.com/stores/milan/36hefn,200,2026-10-06
de5d7e04-07d4-4582-a945-0dfc05e4dd26,milan,qI6f4H,https://bounce.com/stores/milan/qI6f4H,200,2026-10-06
8b8a6f9b-35a8-4423-bf81-6ea25f7e5832,milan,oHIO4H,https://bounce.com/stores/milan/oHIO4H,200,2026-10-06
c370b50c-d159-4597-b96b-4ed88382ad3b,milan,ttc8et,https://bounce.com/stores/milan/ttc8et,200,2026-10-06
1a20a041-8360-46ed-90ad-af71019ee938,milan,nm8uKS,https://bounce.com/stores/milan/nm8uKS,200,2026-10-06
65632514-5e27-4085-b10f-1b493f546885,milan,injUyB,https://bounce.com/stores/milan/injUyB,200,2026-10-06
105e09f2-c357-4405-8ced-a14d09ddf2f3,milan,cSYapX,https://bounce.com/stores/milan/cSYapX,200,2026-10-06
2300264c-2ebd-421d-be81-a1ed016120be,milan,q-gav2,https://bounce.com/stores/milan/q-gav2,200,2026-10-06
157a0fcc-cba7-47eb-b64f-58cc49119080,milan,64hgw7,https://bounce.com/stores/milan/64hgw7,200,2026-10-06
ec089e21-f105-408f-aa7a-6b21b98ce623,milan,378pzq,https://bounce.com/stores/milan/378pzq,200,2026-10-06
0ae4e568-c1b1-4805-97d3-7a3eb9ece766,milan,cbcgwa,https://bounce.com/stores/milan/cbcgwa,200,2026-10-06
1c7508bd-72f6-4b7c-bc0e-49a414eb3cec,milan,V9yFXt,https://bounce.com/stores/milan/V9yFXt,200,2026-10-06
18ec80b9-637a-4b15-8685-efd0e5101449,milan,-jnpic,https://bounce.com/stores/milan/-jnpic,200,2026-10-06
d646ec07-b9e4-42fe-823d-228fcbf13c51,milan,vcwmnf,https://bounce.com/stores/milan/vcwmnf,200,2026-10-06
5d808cce-8150-4a08-a1ea-524d29e9feec,milan,rm0-ym,https://bounce.com/stores/milan/rm0-ym,200,2026-10-06
3137d081-d513-4c4e-b579-586cd1534849,milan,APedNI,https://bounce.com/stores/milan/APedNI,200,2026-10-06
d1941a2a-69d4-4da4-97d2-fc9206d6134a,milan,aablz4,https://bounce.com/stores/milan/aablz4,200,2026-10-06
a0f27d38-0f0b-4d75-8911-5881ef125791,milan,jzqjys,https://bounce.com/stores/milan/jzqjys,200,2026-10-06
e82aa93a-0040-4694-b142-bed1cebef98d,milan,cpyhwh,https://bounce.com/stores/milan/cpyhwh,200,2026-10-06
e16fe72a-ebe4-488d-b209-2a91279b8342,milan,8wnewz,https://bounce.com/stores/milan/8wnewz,200,2026-10-06
01526196-4202-43fe-9b64-196511f602b0,milan,yxugkd,https://bounce.com/stores/milan/yxugkd,200,2026-10-06
337cfc6a-a218-4b94-9422-4efff5860d98,milan,ygmqde,https://bounce.com/stores/milan/ygmqde,200,2026-10-06
745e1c75-9c6e-47ee-8f29-215aa3eb4a6a,milan,nxj6w4,https://bounce.com/stores/milan/nxj6w4,200,2026-10-06
2748790e-e08a-4d76-9816-ef0066baa2c5,milan,tpgwyj,https://bounce.com/stores/milan/tpgwyj,200,2026-10-06
78761acf-821a-4c1c-8770-d2666b9f5e54,milan,t2um0f,https://bounce.com/stores/milan/t2um0f,200,2026-10-06
2541098f-d75b-45fb-b2a2-5177f5deb088,milan,ohlt8e,https://bounce.com/stores/milan/ohlt8e,200,2026-10-06
f3b561c8-f84d-43bc-9b83-277dea3f08fb,milan,vhx-ts,https://bounce.com/stores/milan/vhx-ts,200,2026-10-06
1e76e976-aa6e-42ca-ab86-951a2d42f71f,milan,6xXqMl,https://bounce.com/stores/milan/6xXqMl,200,2026-10-06
3aa8a160-20b5-41db-b451-69efa64b7b19,milan,p_jbm3,https://bounce.com/stores/milan/p_jbm3,200,2026-10-06
c52bf8f5-f59b-4f76-a0d6-e1ebc63dd8ff,milan,uvsmxl,https://bounce.com/stores/milan/uvsmxl,200,2026-10-06
4aa628db-be2f-46da-be25-1e0b30a9be1d,milan,xuesbh,https://bounce.com/stores/milan/xuesbh,200,2026-10-06
d8c6164f-dc63-4da5-aa22-d6a64647f74a,milan,eydvg0,https://bounce.com/stores/milan/eydvg0,200,2026-10-06
89c09bda-d6e2-43da-9f95-8bf34731d1ed,milan,dmphhv,https://bounce.com/stores/milan/dmphhv,200,2026-10-06
2e6e3c52-172b-4a3b-836e-6883ad9678fb,milan,w_f-vn,https://bounce.com/stores/milan/w_f-vn,200,2026-10-06
7ebb1e82-d820-4517-b8fb-4bfd911f8408,milan,14kume,https://bounce.com/stores/milan/14kume,200,2026-10-06
28bf028b-df82-4d4c-82d1-a87c972239a2,milan,dma1t0,https://bounce.com/stores/milan/dma1t0,200,2026-10-06
8cda64a1-4b53-4267-8b5b-f736056988d2,milan,v8Ap1R,https://bounce.com/stores/milan/v8Ap1R,200,2026-10-06
46580079-76ec-4a84-b220-150e929b373f,milan,k--mfn,https://bounce.com/stores/milan/k--mfn,200,2026-10-06
21ed8ae6-dca7-4372-94fa-f066a8536cea,milan,2q2wyf,https://bounce.com/stores/milan/2q2wyf,200,2026-10-06
2aa2c7e1-4c16-4f0a-811d-4fd7c7d0a6e0,milan,whe5ke,https://bounce.com/stores/milan/whe5ke,200,2026-10-06
b93c86c8-51d3-4704-857a-639c75b36869,milan,73d_ok,https://bounce.com/stores/milan/73d_ok,200,2026-10-06
34b29368-3d28-43a2-9859-aeb3ed222480,milan,6xxyas,https://bounce.com/stores/milan/6xxyas,200,2026-10-06
07f69aca-521e-490f-be31-67ac649ec9e9,milan,cqsos7,https://bounce.com/stores/milan/cqsos7,200,2026-10-06
52e90b47-9edd-427c-8362-f4ab5aa2cde5,milan,u0lych,https://bounce.com/stores/milan/u0lych,200,2026-10-06
09f2f50f-644f-4a82-830c-07e8baf3b611,milan,lwqzhj,https://bounce.com/stores/milan/lwqzhj,200,2026-10-06
a766c66a-79fa-4bcd-96c7-4242e5d37a3f,milan,rvrwex,https://bounce.com/stores/milan/rvrwex,200,2026-10-06
4f0f39be-5e74-4bac-b48e-758acf4693dd,milan,o1a7gf,https://bounce.com/stores/milan/o1a7gf,200,2026-10-06
2e19801b-de96-4a1a-a9bd-bce0b0c17204,milan,rfxbf2,https://bounce.com/stores/milan/rfxbf2,200,2026-10-06
78ddf495-5bbb-4e94-bc27-da786d2a97ee,milan,sgemig,https://bounce.com/stores/milan/sgemig,200,2026-10-06
e4f2c389-3d06-440f-993c-0fb302c1f5a3,milan,pmletx,https://bounce.com/stores/milan/pmletx,200,2026-10-06
d9e76fad-af32-4143-95c8-f9b450f579f3,milan,JvWUtL,https://bounce.com/stores/milan/JvWUtL,200,2026-10-06
e8529be2-4926-45c1-8949-efa87d1d6d40,milan,vtgiug,https://bounce.com/stores/milan/vtgiug,200,2026-10-06
6aa7fec7-85b6-4023-87eb-2fb80c397efa,milan,why9ul,https://bounce.com/stores/milan/why9ul,200,2026-10-06
54a9e37c-3709-4263-9532-a2f23d0dc5bd,milan,u9d6us,https://bounce.com/stores/milan/u9d6us,200,2026-10-06
9232f4ae-ba1f-4202-8bbb-3b5008f83b62,milan,6wmyqt,https://bounce.com/stores/milan/6wmyqt,200,2026-10-06
3ac4856d-57b7-4548-a4b4-50ec29f9c35d,milan,42ovzl,https://bounce.com/stores/milan/42ovzl,200,2026-10-06
2e27de54-a78f-4f48-b43c-790893343226,milan,ivc7kq,https://bounce.com/stores/milan/ivc7kq,200,2026-10-06
48d4043a-ebbd-4566-b0c5-8f2f555eb6fe,milan,_tu12s,https://bounce.com/stores/milan/_tu12s,200,2026-10-06
1c93f482-f896-4bab-a7c1-17d62d20ac96,milan,xhzsxa,https://bounce.com/stores/milan/xhzsxa,200,2026-10-06
cc8e27a5-d874-4910-a74a-f2371cddec85,milan,weflhj,https://bounce.com/stores/milan/weflhj,200,2026-10-06
d655ec3d-3efb-4f17-8f45-399b8b723396,milan,oj22an,https://bounce.com/stores/milan/oj22an,200,2026-10-06
7be463a8-fcf5-4912-9e67-f5c8ed3c5dc0,milan,pphflv,https://bounce.com/stores/milan/pphflv,200,2026-10-06
494c2bd0-b8fe-4987-8d35-5cf1faffeef9,milan,v73mp-,https://bounce.com/stores/milan/v73mp-,200,2026-10-06
a718d3f0-b226-427b-a280-7bf88fba0470,milan,zarcpx,https://bounce.com/stores/milan/zarcpx,200,2026-10-06
ee37fdf9-811f-4278-a2b5-a8a3da6745db,milan,thqorj,https://bounce.com/stores/milan/thqorj,200,2026-10-06
e9015abd-02b7-46f1-9c64-af92eb55aae7,milan,uucoau,https://bounce.com/stores/milan/uucoau,200,2026-10-06
b8290b39-dd78-4744-bb40-784ead0f9d53,milan,o57myo,https://bounce.com/stores/milan/o57myo,200,2026-10-06
5a5de21c-750e-4a5f-bf75-900ebb9f6306,milan,dsujoe,https://bounce.com/stores/milan/dsujoe,200,2026-10-06
38d32330-9506-46cf-8ab9-43bb7af6d2a2,milan,wwexiy,https://bounce.com/stores/milan/wwexiy,200,2026-10-06
ab59cf77-4911-449d-a370-718f7aff13fc,milan,6gz4o7,https://bounce.com/stores/milan/6gz4o7,200,2026-10-06
a135e598-33ba-4a38-97f4-1405fc944076,catania,i8jQ6q,https://bounce.com/stores/catania/i8jQ6q,200,2026-10-06
3f7205c1-6153-4c8a-a280-a8e71b17c755,catania,XDPe9P,https://bounce.com/stores/catania/XDPe9P,200,2026-10-06
c64e68d7-1773-4791-aa5a-e355e49342d5,catania,cpFaXA,https://bounce.com/stores/catania/cpFaXA,200,2026-10-06
5f75d17d-7456-4431-bb35-d638fdd9a96a,catania,KMef30,https://bounce.com/stores/catania/KMef30,200,2026-10-06
8298f352-4c9f-4126-afc1-f189e1b63b94,catania,n2y7ve,https://bounce.com/stores/catania/n2y7ve,200,2026-10-06
35baaf88-81af-4a39-bb19-8486ee97b9d7,catania,Psams6,https://bounce.com/stores/catania/Psams6,200,2026-10-06
cc4fb4ea-b396-4d35-8deb-44d55d18aed3,catania,su7hw8,https://bounce.com/stores/catania/su7hw8,200,2026-10-06
5c2cd141-0aee-4f7d-a84c-1511bae2b646,catania,h2za3v,https://bounce.com/stores/catania/h2za3v,200,2026-10-06
907c8925-6f0b-4a95-8263-a7a7dd2a3101,catania,R6HxLW,https://bounce.com/stores/catania/R6HxLW,200,2026-10-06
02018bd0-a784-45af-9fcb-2aa9a4f59778,catania,WVAru2,https://bounce.com/stores/catania/WVAru2,200,2026-10-06
414c189f-565b-47cb-9687-17ea2696b2fd,catania,kschse,https://bounce.com/stores/catania/kschse,200,2026-10-06
0518e764-b7ac-42d8-bdfb-9bf2fc8e83e8,catania,yzs3js,https://bounce.com/stores/catania/yzs3js,200,2026-10-06
c7131b6e-ea78-40d7-b95c-7bc254af84c5,catania,xqi-ds,https://bounce.com/stores/catania/xqi-ds,200,2026-10-06
0340dec4-b4f3-42d8-85b6-635be1afb4aa,catania,c0hga9,https://bounce.com/stores/catania/c0hga9,200,2026-10-06
02099208-49d5-4ceb-a195-0ac9aad9171a,catania,wimlax,https://bounce.com/stores/catania/wimlax,200,2026-10-06
09a8e8d0-ec2b-4f21-a132-e7cb6c29c387,catania,7eyekg,https://bounce.com/stores/catania/7eyekg,200,2026-10-06
2375e08b-acd4-4526-8713-169c599eb3c6,catania,_zsxuy,https://bounce.com/stores/catania/_zsxuy,200,2026-10-06
dbe34a1e-bdb7-47a8-86f6-d2ab8bb18a7f,catania,rjzv0j,https://bounce.com/stores/catania/rjzv0j,200,2026-10-06
d56580ad-81a7-4cf8-b281-ab14a124c034,catania,iufzmt,https://bounce.com/stores/catania/iufzmt,200,2026-10-06
8eaa1322-8263-41cb-9aea-0ee60752029f,catania,47hhka,https://bounce.com/stores/catania/47hhka,200,2026-10-06
2c8a0c39-cbee-49ca-867f-fc065b358c18,catania,z-tyg2,https://bounce.com/stores/catania/z-tyg2,200,2026-10-06
f112f342-f5d4-4abf-9e94-dc4a9e453c4f,catania,q07dde,https://bounce.com/stores/catania/q07dde,200,2026-10-06
4d3cfc17-90a2-4140-996d-d1bf448e4a58,catania,fzkcbw,https://bounce.com/stores/catania/fzkcbw,200,2026-10-06
a114a706-5e4a-4c43-9ea3-0477ab8e78b4,catania,sag7-p,https://bounce.com/stores/catania/sag7-p,200,2026-10-06
20eb54ac-92bf-4638-93e5-084a1ab27e12,catania,yaffal,https://bounce.com/stores/catania/yaffal,200,2026-10-06
55118407-71e1-4ae4-ac31-1dc85759a2f2,catania,tojigt,https://bounce.com/stores/catania/tojigt,200,2026-10-06
d2f86f03-8c41-4cea-aab9-d8881a9086d7,catania,aojolk,https://bounce.com/stores/catania/aojolk,200,2026-10-06
dab2d113-13ca-4902-a654-c741db93a2df,catania,__qvuo,https://bounce.com/stores/catania/__qvuo,200,2026-10-06
dfc75c92-f120-4f1e-bb81-896149884e8c,catania,mmbljz,https://bounce.com/stores/catania/mmbljz,200,2026-10-06
a18f81b7-8515-4dd8-9bab-446a59abf284,catania,hx4lsy,https://bounce.com/stores/catania/hx4lsy,200,2026-10-06
439be1e8-901e-4333-b5f0-7cdbc6b2bb10,catania,g7ip8b,https://bounce.com/stores/catania/g7ip8b,200,2026-10-06
5cb3befa-f365-4790-a580-122c833b9d9b,catania,u1rj9r,https://bounce.com/stores/catania/u1rj9r,200,2026-10-06
04a75d4a-114f-425e-b495-c4d22720cdc4,catania,h-d0si,https://bounce.com/stores/catania/h-d0si,200,2026-10-06
da235377-da67-4be3-a583-aebee50ce3cf,catania,m9u2m_,https://bounce.com/stores/catania/m9u2m_,200,2026-10-06
a58d83f9-5909-406e-a247-7392f3a581e0,catania,ntcprb,https://bounce.com/stores/catania/ntcprb,200,2026-10-06
99ff2b2a-bca6-4387-8d71-8139ba2dd424,catania,C8dZjG,https://bounce.com/stores/catania/C8dZjG,200,2026-10-06
ca8a7f1f-53cb-4bd6-8d5b-3bee18918d47,catania,yfb0h-,https://bounce.com/stores/catania/yfb0h-,200,2026-10-06
2ca4a027-71ff-487d-acf0-602c09830370,catania,_tgdy5,https://bounce.com/stores/catania/_tgdy5,200,2026-10-06
b7d656b4-9e10-4fc3-a11f-e419221e0d20,catania,1o6wwj,https://bounce.com/stores/catania/1o6wwj,200,2026-10-06
2b2e5014-2f4a-48b4-88b7-5c762743ecbe,catania,lop5jo,https://bounce.com/stores/catania/lop5jo,200,2026-10-06
6290b9a5-fa99-4ae6-94a9-4e14354a4d5d,catania,m4oty_,https://bounce.com/stores/catania/m4oty_,200,2026-10-06
84ceafc9-26a9-49c1-be92-3f3fa082c30f,catania,xhsutx,https://bounce.com/stores/catania/xhsutx,200,2026-10-06
8cb31d36-82b0-40d1-82cd-e692555ebaad,catania,d-0jam,https://bounce.com/stores/catania/d-0jam,200,2026-10-06
70b8a23a-5eaf-4a62-9a70-0c8a3a8fec49,catania,aod6ve,https://bounce.com/stores/catania/aod6ve,200,2026-10-06
838da79d-8e57-4f02-a9e5-640526c9a4fc,catania,baaqvq,https://bounce.com/stores/catania/baaqvq,200,2026-10-06
ff7597c0-ebed-421c-b8f2-27592d8450a1,catania,e4fbbn,https://bounce.com/stores/catania/e4fbbn,200,2026-10-06
bb0e8dbb-1b53-4e9b-bad0-6683b5bfd859,catania,faywvl,https://bounce.com/stores/catania/faywvl,200,2026-10-06
dd0be31d-fb0f-4fc9-8b0f-5a23b499f882,catania,miphad,https://bounce.com/stores/catania/miphad,200,2026-10-06
93d8c85c-7f4d-477d-82e5-cc6b5cc51c1b,catania,o9-jo9,https://bounce.com/stores/catania/o9-jo9,200,2026-10-06
f76e593a-2c59-432c-935f-324ee35e7262,catania,jew0m8,https://bounce.com/stores/catania/jew0m8,200,2026-10-06
3c9015ef-998c-47d5-b30d-0e6460cda8db,catania,ju1x9z,https://bounce.com/stores/catania/ju1x9z,200,2026-10-06
ca90a2c2-28e9-43f0-92e0-62034fee9c5d,catania,ckoq6l,https://bounce.com/stores/catania/ckoq6l,200,2026-10-06
a69224b2-0a60-4864-af90-cf3bbfe1fe65,catania,wGXiq1,https://bounce.com/stores/catania/wGXiq1,200,2026-10-06
07cda390-bd53-49f2-824b-e383a26a9f06,catania,2r7reb,https://bounce.com/stores/catania/2r7reb,200,2026-10-06
b850c9c4-5b18-44a3-b88d-ffc6f67d3032,catania,den3ab,https://bounce.com/stores/catania/den3ab,200,2026-10-06
929e7b20-5b68-4fbe-976e-4eda1876dbb0,catania,xnda0p,https://bounce.com/stores/catania/xnda0p,200,2026-10-06
1767952f-e007-41b6-a6cd-cce28f4612e3,catania,y45H6I,https://bounce.com/stores/catania/y45H6I,200,2026-10-06
3e62985c-04f7-4b13-9627-17cfa7e4b353,catania,ukiecf,https://bounce.com/stores/catania/ukiecf,200,2026-10-06
92af6c6c-e8dd-46d2-8b9d-259e6c2c403c,catania,wtBMBl,https://bounce.com/stores/catania/wtBMBl,200,2026-10-06
f2ae8484-9b8d-4818-bd13-c213dbf0bbf3,catania,BrCCEm,https://bounce.com/stores/catania/BrCCEm,200,2026-10-06
83164ef7-1920-4d97-8fbb-ee953c9a8efb,catania,OOw0HK,https://bounce.com/stores/catania/OOw0HK,200,2026-10-06
5e6a2611-1b29-4784-aa0a-e28d8f46d241,catania,bg8juf,https://bounce.com/stores/catania/bg8juf,200,2026-10-06
23393a33-adf7-4201-8985-c70a2f5afca6,catania,wsupfl,https://bounce.com/stores/catania/wsupfl,200,2026-10-06
5b77bbed-54ef-43a6-ae44-40395352a8bc,catania,q7kpcr,https://bounce.com/stores/catania/q7kpcr,200,2026-10-06
d7034b80-3ba7-4a4b-941c-f5957f9b9660,catania,lizign,https://bounce.com/stores/catania/lizign,200,2026-10-06
b718a115-378e-401d-bd2e-f9a950afbb77,catania,xpoysj,https://bounce.com/stores/catania/xpoysj,200,2026-10-06
4894af42-15ee-4778-9c91-429dc30ff2b1,catania,wosnyo,https://bounce.com/stores/catania/wosnyo,200,2026-10-06
dcb4787b-c4fe-495a-8a1d-114511406439,catania,mug0yu,https://bounce.com/stores/catania/mug0yu,200,2026-10-06
af90c5a8-0deb-400c-b8ae-2d8c1c7ba01b,catania,55q7ol,https://bounce.com/stores/catania/55q7ol,200,2026-10-06
be3a70e5-bd54-4f11-8dbf-818c80676bc9,catania,5cdxke,https://bounce.com/stores/catania/5cdxke,200,2026-10-06
3cfbd539-a7f3-4998-ab32-cdfe6ac64df6,catania,OmbXSw,https://bounce.com/stores/catania/OmbXSw,200,2026-10-06
d1c228a4-5193-4c6f-8fa2-8030fcf911dd,catania,a9e6yu,https://bounce.com/stores/catania/a9e6yu,200,2026-10-06
3cfbf119-c98e-44c3-b0f2-54f85fdb63f3,catania,D20mDG,https://bounce.com/stores/catania/D20mDG,200,2026-10-06
2cfd0f97-d3ad-4601-b678-81348a838b0e,catania,MmQ3JR,https://bounce.com/stores/catania/MmQ3JR,200,2026-10-06
aca776b1-d5e7-4d8b-8796-e241c7c0128f,catania,oePwRr,https://bounce.com/stores/catania/oePwRr,200,2026-10-06
e62e2b27-8847-4aaf-87f0-ce05210dfb1c,catania,kni2s2,https://bounce.com/stores/catania/kni2s2,200,2026-10-06
b6b1bb37-db20-4a1c-9ab1-995986e63811,catania,xptbkh,https://bounce.com/stores/catania/xptbkh,200,2026-10-06
0df762bd-2503-49f6-b0d7-9bf5984480fe,catania,IJJixl,https://bounce.com/stores/catania/IJJixl,200,2026-10-06
8560c3ba-b69c-446e-b04f-f93cec40635f,catania,6K1RYC,https://bounce.com/stores/catania/6K1RYC,200,2026-10-06
091cb1d9-b28e-4ba7-bdab-f9e9022be0c6,catania,ZK2pmG,https://bounce.com/stores/catania/ZK2pmG,200,2026-10-06
ef458f94-dfda-46d9-bce0-aa40ce248d27,catania,5trzfe,https://bounce.com/stores/catania/5trzfe,200,2026-10-06
b0fe5117-af6a-46fc-b70b-14162be47bab,catania,vy3ki_,https://bounce.com/stores/catania/vy3ki_,200,2026-10-06
b773ef84-a64e-4da7-bb38-eac1c87a5c60,catania,4sec56,https://bounce.com/stores/catania/4sec56,200,2026-10-06
3c5c6a1b-96f4-4ac2-8bd5-4d96cc1cd363,catania,z7vdcj,https://bounce.com/stores/catania/z7vdcj,200,2026-10-06
8c982b62-5cb2-4532-aab1-1052b726c8bb,catania,a5m4ws,https://bounce.com/stores/catania/a5m4ws,200,2026-10-06
78ec4fe4-a18f-45b6-9b35-89d11590347d,catania,vn0mtj,https://bounce.com/stores/catania/vn0mtj,200,2026-10-06
e9d4c0de-e65e-4a5e-9141-c2686fbc2ccb,catania,kvpu2p,https://bounce.com/stores/catania/kvpu2p,200,2026-10-06
7c10f2e0-15e4-4b76-8a68-6cc9d44a84ef,catania,00-p5h,https://bounce.com/stores/catania/00-p5h,200,2026-10-06
1e341335-224a-4586-84bc-07fa973efc22,catania,bouf7l,https://bounce.com/stores/catania/bouf7l,200,2026-10-06
65b62b81-9415-4a39-9cdf-66ce4eed1878,catania,kjjzfq,https://bounce.com/stores/catania/kjjzfq,200,2026-10-06
b2921179-524b-4701-974b-4279f8200d08,catania,ufzuo2,https://bounce.com/stores/catania/ufzuo2,200,2026-10-06
91904724-dd51-4136-b529-1d2714f78a9c,catania,erwjaj,https://bounce.com/stores/catania/erwjaj,200,2026-10-06
09ef2e04-64ea-4075-a3f1-6935af93c47d,catania,xkts7o,https://bounce.com/stores/catania/xkts7o,200,2026-10-06
627973b9-ccaf-40e3-ba95-e2620aa2f5e0,catania,zkp0v6,https://bounce.com/stores/catania/zkp0v6,200,2026-10-06
70d6e671-d610-41ef-a9f7-afa8a3990314,catania,u4rmkx,https://bounce.com/stores/catania/u4rmkx,200,2026-10-06
a33980dc-c549-4ae5-9959-819a3cc2e43c,catania,L_e_ZT,https://bounce.com/stores/catania/L_e_ZT,200,2026-10-06
8d4e9002-902c-4613-82ce-8970edc1ac1b,catania,tlif3e,https://bounce.com/stores/catania/tlif3e,200,2026-10-06
100dc367-13ea-428f-80c6-d1305cb0c4c0,catania,kvt8rw,https://bounce.com/stores/catania/kvt8rw,200,2026-10-06
dddeb65d-f9d9-47ff-b262-8d6aa57645aa,catania,4h34vj,https://bounce.com/stores/catania/4h34vj,200,2026-10-06
2b29b71c-5f56-4f6e-b4fa-c57f691a0db6,catania,yjdpgg,https://bounce.com/stores/catania/yjdpgg,200,2026-10-06
62d55322-27d6-4b48-a37e-5630ddb477fa,catania,aaggtg,https://bounce.com/stores/catania/aaggtg,200,2026-10-06
6a2af7ba-b96f-4c48-866a-3e56103c04b2,catania,0kr6kq,https://bounce.com/stores/catania/0kr6kq,200,2026-10-06
433f7935-7fcc-4133-bcae-90f9c83e4f00,catania,0xazwe,https://bounce.com/stores/catania/0xazwe,200,2026-10-06
198b4dfc-49d7-4204-b4aa-14e95567321e,catania,m8memy,https://bounce.com/stores/catania/m8memy,200,2026-10-06
1f336d92-ac05-4625-bd54-927d59e35af6,catania,rcuznc,https://bounce.com/stores/catania/rcuznc,200,2026-10-06
ce5acdb9-d01c-46c4-9676-38beb5dd76da,catania,BgrSsX,https://bounce.com/stores/catania/BgrSsX,200,2026-10-06
1599e79a-4e79-4d95-a3a7-bbb0508455a0,catania,ar2suu,https://bounce.com/stores/catania/ar2suu,200,2026-10-06
235c9537-a875-47ae-909e-c6ae763f8315,catania,ttxhgp,https://bounce.com/stores/catania/ttxhgp,200,2026-10-06
32e77937-d8ef-4b7e-aeae-4c1d74be2bb3,catania,itftws,https://bounce.com/stores/catania/itftws,200,2026-10-06
2195708e-ca87-4167-b420-00042853651f,catania,euu55h,https://bounce.com/stores/catania/euu55h,200,2026-10-06
82dd31ef-b740-43d6-8318-3fb94d16b290,catania,j4rPBa,https://bounce.com/stores/catania/j4rPBa,200,2026-10-06
153764ef-0e05-467c-bdac-f14a22ea9f47,catania,bwckxs,https://bounce.com/stores/catania/bwckxs,200,2026-10-06
41d75465-ac9f-4c9c-8849-f0ce24409433,catania,rrhxsp,https://bounce.com/stores/catania/rrhxsp,200,2026-10-06
4b7a4304-04bc-4002-9eb8-d46efe8311d4,catania,5gliln,https://bounce.com/stores/catania/5gliln,200,2026-10-06
9cbfebaf-5a11-4a33-970a-bf006d3ba835,catania,_qpfpb,https://bounce.com/stores/catania/_qpfpb,200,2026-10-06
d45cc956-6962-403d-8afb-64050be4a3e9,catania,qa3rzo,https://bounce.com/stores/catania/qa3rzo,200,2026-10-06
316a66ee-d109-4fe1-9c39-8345f005634b,catania,bVbP_9,https://bounce.com/stores/catania/bVbP_9,200,2026-10-06
17d9657e-99b0-4774-98e1-1e7aa632dd74,catania,DnAxq0,https://bounce.com/stores/catania/DnAxq0,200,2026-10-06
5618a763-934d-4abb-813c-c27656799285,catania,zfwzcp,https://bounce.com/stores/catania/zfwzcp,200,2026-10-06
f6358323-1b0a-4e14-bf3c-4b7c6b02f9c8,catania,vr3cn9,https://bounce.com/stores/catania/vr3cn9,200,2026-10-06
bdce43ab-e9ab-433b-8958-dc9885f03ef6,catania,gvot8b,https://bounce.com/stores/catania/gvot8b,200,2026-10-06
7ecd92d8-2274-46db-a268-39b989e5b612,catania,RBQc1L,https://bounce.com/stores/catania/RBQc1L,200,2026-10-06
79c197a3-699c-44d8-b665-50bd4c635fa5,catania,z1gf1e,https://bounce.com/stores/catania/z1gf1e,200,2026-10-06
5010cd06-430d-4974-add9-a0cae9f44449,catania,ramgra,https://bounce.com/stores/catania/ramgra,200,2026-10-06
db0bad4e-d39e-42cf-b503-b3d708bade78,catania,lbnfae,https://bounce.com/stores/catania/lbnfae,200,2026-10-06
cb224493-1e64-46d2-9c57-ba27563fe400,catania,3OocBP,https://bounce.com/stores/catania/3OocBP,200,2026-10-06
01d3e853-9da8-41d0-972e-f904f4d523de,catania,nwdzqb,https://bounce.com/stores/catania/nwdzqb,200,2026-10-06
d8880417-dfb9-4fa1-95a2-701e4838ca00,catania,nouwht,https://bounce.com/stores/catania/nouwht,200,2026-10-06
a1897723-618b-47d0-8535-d675c68c2bad,catania,rhz9tw,https://bounce.com/stores/catania/rhz9tw,200,2026-10-06
be28ad9f-2b94-4f38-b1a0-ea25f24ed4ba,catania,sszvwc,https://bounce.com/stores/catania/sszvwc,200,2026-10-06
de3e824c-0894-4387-a845-0d7f3ecf94d1,catania,-VE3S_,https://bounce.com/stores/catania/-VE3S_,200,2026-10-06
118339a4-c237-4241-a96c-90f42220e0d1,catania,oqhj2w,https://bounce.com/stores/catania/oqhj2w,200,2026-10-06
88cfbade-a149-4bae-8d86-e7fe605fbbca,catania,jo2i3h,https://bounce.com/stores/catania/jo2i3h,200,2026-10-06
bcafc411-a242-4f35-938f-e8378f0c2cc5,catania,qpj_le,https://bounce.com/stores/catania/qpj_le,200,2026-10-06
243afbd4-a039-4ae2-9008-a2617de37506,catania,sx4hki,https://bounce.com/stores/catania/sx4hki,200,2026-10-06
9dce2230-ced0-4bd2-99ef-bf64507620c0,catania,1yhep7,https://bounce.com/stores/catania/1yhep7,200,2026-10-06
1499fa35-4c1b-4f74-9b72-55995dd4c2ab,catania,czfmd6,https://bounce.com/stores/catania/czfmd6,200,2026-10-06
1bef6010-a05a-4bd1-90be-ed971e822c75,catania,hegyy0,https://bounce.com/stores/catania/hegyy0,200,2026-10-06
05b86e77-15e3-499b-9602-4ff582b7ea14,florence,4cVPf3,https://bounce.com/stores/florence/4cVPf3,200,2026-10-06
659f17d2-79ab-4850-9269-27abe1f70122,florence,sMmB2q,https://bounce.com/stores/florence/sMmB2q,200,2026-10-06
c8d6b435-a3c6-4931-b0e1-a8c5f5906170,florence,ilqako,https://bounce.com/stores/florence/ilqako,200,2026-10-06
2f596780-a201-48e3-bba7-65505b8131a2,florence,HuhixT,https://bounce.com/stores/florence/HuhixT,200,2026-10-06
68350a70-fcc9-4f74-a2a5-bbd1b8abe045,florence,mu6tdl,https://bounce.com/stores/florence/mu6tdl,200,2026-10-06
739198dc-ae4c-4561-a930-94bca4aaeb2c,florence,eF9D_U,https://bounce.com/stores/florence/eF9D_U,200,2026-10-06
7e41f1ec-e26a-4717-9b22-a3a5b1bffe56,florence,E06d66,https://bounce.com/stores/florence/E06d66,200,2026-10-06
989b96ff-8364-4723-b675-a8c47c0855be,florence,jGaFmD,https://bounce.com/stores/florence/jGaFmD,200,2026-10-06
88e9c773-9ac6-449e-9e1f-02ff84b50515,florence,TJicpr,https://bounce.com/stores/florence/TJicpr,200,2026-10-06
ecf10e1d-fd92-418c-ae94-986d24333e5b,florence,LFw0lc,https://bounce.com/stores/florence/LFw0lc,200,2026-10-06
41ba8f29-1923-4720-b245-76ee8be5cfcf,florence,xnxbu0,https://bounce.com/stores/florence/xnxbu0,200,2026-10-06
82063b4f-2ea1-4890-a6b5-8562be12f671,florence,f75be3,https://bounce.com/stores/florence/f75be3,200,2026-10-06
69118623-e4fd-41cb-8de4-d61485feb26f,florence,-cbpxq,https://bounce.com/stores/florence/-cbpxq,200,2026-10-06
5c437841-d083-4dfa-8eb2-7d3f9cebccb6,florence,uh_zob,https://bounce.com/stores/florence/uh_zob,200,2026-10-06
6214366e-ab62-474e-a5ca-7c724ebf3ccd,florence,jraq_0,https://bounce.com/stores/florence/jraq_0,200,2026-10-06
bc232664-3c2b-4032-aa43-87b69f077dab,florence,cuscpr,https://bounce.com/stores/florence/cuscpr,200,2026-10-06
71f4f2f1-5662-44a2-a1b6-398a3a9a6840,florence,flj0vl,https://bounce.com/stores/florence/flj0vl,200,2026-10-06
17250aaa-f355-4711-9de7-3a245055736a,florence,c-sbqx,https://bounce.com/stores/florence/c-sbqx,200,2026-10-06
de77ae4e-c998-427f-8a54-427284f0cf32,florence,9qzfj2,https://bounce.com/stores/florence/9qzfj2,200,2026-10-06
3ae4dabf-11a0-4d5a-bec5-455f9e39def3,florence,njc4mL,https://bounce.com/stores/florence/njc4mL,200,2026-10-06
6c8cc12a-a931-48c7-9769-d069a7123fa1,florence,zss0hz,https://bounce.com/stores/florence/zss0hz,200,2026-10-06
efa62fc7-dcfb-4937-95e5-6923b04cd8f4,florence,0jc11m,https://bounce.com/stores/florence/0jc11m,200,2026-10-06
21b12ee7-53c7-4137-8eef-614acf6b395e,florence,tvybfn,https://bounce.com/stores/florence/tvybfn,200,2026-10-06
ddbb75a3-6885-43ca-abe3-8ce2cdc5c870,florence,xoxjao,https://bounce.com/stores/florence/xoxjao,200,2026-10-06
0c9d3fbe-f1e8-41cd-8059-5c5f0dd19116,florence,884qzq,https://bounce.com/stores/florence/884qzq,200,2026-10-06
5451781f-5d9a-4556-94b4-a97ccd838a33,florence,pg0r67,https://bounce.com/stores/florence/pg0r67,200,2026-10-06
6830dbdf-e164-448b-bfc2-2879e6502ae7,florence,7QCLKQ,https://bounce.com/stores/florence/7QCLKQ,200,2026-10-06
fb6154c6-a219-4c68-b476-43b9930acde7,florence,Lx3HHK,https://bounce.com/stores/florence/Lx3HHK,200,2026-10-06
937ce1b6-cd64-4740-94ca-ab16ddc18a86,florence,f-pnmc,https://bounce.com/stores/florence/f-pnmc,200,2026-10-06
8e959b34-8921-448b-b22a-b21c793832cd,florence,HQ5kKx,https://bounce.com/stores/florence/HQ5kKx,200,2026-10-06
513d9d75-a373-4b4d-b8c6-ee3ba18acb68,florence,mpefzu,https://bounce.com/stores/florence/mpefzu,200,2026-10-06
b5cc9c01-8a5b-4ab7-b26c-dde7a98d1705,florence,5EqqEn,https://bounce.com/stores/florence/5EqqEn,200,2026-10-06
a37614ad-81dc-4cbb-baa7-d6d725ac9f66,florence,7auc-e,https://bounce.com/stores/florence/7auc-e,200,2026-10-06
2fefd1d7-e1a9-43cb-8b24-0952f0789d2c,florence,9hnnb3,https://bounce.com/stores/florence/9hnnb3,200,2026-10-06
b129a900-1a6a-4df5-8c26-d65f3523bc9e,florence,be6fph,https://bounce.com/stores/florence/be6fph,200,2026-10-06
39b53474-23f9-4ba1-aa17-cedffd6b6bc8,florence,mkfdzi,https://bounce.com/stores/florence/mkfdzi,200,2026-10-06
5a8d7927-44fe-4ca0-9771-6a2b7237addf,florence,-1H6oE,https://bounce.com/stores/florence/-1H6oE,200,2026-10-06
121adc54-6fa7-4282-bd44-3437414aad66,florence,X7XRK7,https://bounce.com/stores/florence/X7XRK7,200,2026-10-06
a6fc4f34-ed14-47d6-b868-a4e7a71cf9b3,florence,QcEs1g,https://bounce.com/stores/florence/QcEs1g,200,2026-10-06
b27a33f4-aa95-44e9-8bf6-24862455a3b4,florence,WqZXbK,https://bounce.com/stores/florence/WqZXbK,200,2026-10-06
f07c40e1-1bf6-40c9-9eb3-760b749ded97,florence,lu8y-b,https://bounce.com/stores/florence/lu8y-b,200,2026-10-06
e8db094b-24a1-429e-8264-45c907d24ce9,florence,cfhdss,https://bounce.com/stores/florence/cfhdss,200,2026-10-06
82c218b1-9a31-4829-ac2a-f035bf3a0da9,florence,t51cal,https://bounce.com/stores/florence/t51cal,200,2026-10-06
7ae82967-fd56-4f9e-a91e-80bb0307f356,florence,ek5p_q,https://bounce.com/stores/florence/ek5p_q,200,2026-10-06
0cfcaade-fffe-4a8b-b389-70c6784c3692,florence,KSxtUn,https://bounce.com/stores/florence/KSxtUn,200,2026-10-06
71848839-8504-4b4a-a548-ba587891e170,florence,pfxd-9,https://bounce.com/stores/florence/pfxd-9,200,2026-10-06
ca1d33e4-d3f2-4d66-8c83-b01935057c82,florence,_Eo0YV,https://bounce.com/stores/florence/_Eo0YV,200,2026-10-06
4b74b743-a969-4317-a59d-4a6074215cea,florence,v0xf18,https://bounce.com/stores/florence/v0xf18,200,2026-10-06
cbcf564d-abe9-445a-9599-651fca4f9e22,florence,lfqtQd,https://bounce.com/stores/florence/lfqtQd,200,2026-10-06
303a8ca0-8e11-4542-a3d9-e4aa6dba61e3,florence,abVq5h,https://bounce.com/stores/florence/abVq5h,200,2026-10-06
b62ad1b9-fd97-451b-9918-a2b2ab4a107d,florence,LF0hIf,https://bounce.com/stores/florence/LF0hIf,200,2026-10-06
fbb83531-e99b-45fb-90bd-d34cfaa52a88,florence,r9paho,https://bounce.com/stores/florence/r9paho,200,2026-10-06
68c505a9-05c0-4257-ab52-af74eaac5fe5,florence,rxLexT,https://bounce.com/stores/florence/rxLexT,200,2026-10-06
204741da-af03-4567-9373-0c05c06f0e60,florence,hi-opq,https://bounce.com/stores/florence/hi-opq,200,2026-10-06
fea06c05-f897-460e-97a3-12b4ff3f8390,florence,TOuLff,https://bounce.com/stores/florence/TOuLff,200,2026-10-06
4e3bcfa1-648b-4d16-ae65-4314984b17ec,florence,gmkz7o,https://bounce.com/stores/florence/gmkz7o,200,2026-10-06
feeab264-89d0-4e43-9c13-db3c81da7345,florence,zw_6vw,https://bounce.com/stores/florence/zw_6vw,200,2026-10-06
a51da357-148e-4b10-8009-c7269be751f8,florence,loxrg4,https://bounce.com/stores/florence/loxrg4,200,2026-10-06
3dd446e6-1fba-47e1-9eca-2016e440c3a3,florence,kl8fdh,https://bounce.com/stores/florence/kl8fdh,200,2026-10-06
2868d0b4-458e-42d8-973f-ca7e5bcb2293,florence,nicxaa,https://bounce.com/stores/florence/nicxaa,200,2026-10-06
01525248-692a-4f35-9fa0-f1edc1e560cb,florence,NHWLcJ,https://bounce.com/stores/florence/NHWLcJ,200,2026-10-06
af13b36a-d455-4f3a-b69c-9fb7473c9757,florence,7mthkb,https://bounce.com/stores/florence/7mthkb,200,2026-10-06
03041c36-a272-437c-9e0f-d428728ba484,florence,5yyny8,https://bounce.com/stores/florence/5yyny8,200,2026-10-06
9744bec2-ae01-4c5e-b690-c40116e21412,florence,rinhlq,https://bounce.com/stores/florence/rinhlq,200,2026-10-06
410189d8-2112-46ff-993e-5936dfa75990,florence,s4wr5f,https://bounce.com/stores/florence/s4wr5f,200,2026-10-06
398d8dea-adfc-4ab9-8615-951db9dd703f,florence,T6gexU,https://bounce.com/stores/florence/T6gexU,200,2026-10-06
bb2dec64-8839-4321-a6e4-571215cedee6,florence,2jn95e,https://bounce.com/stores/florence/2jn95e,200,2026-10-06
c45525fb-6f56-4dea-a8c8-5324333fbff2,florence,66gqwm,https://bounce.com/stores/florence/66gqwm,200,2026-10-06
8697f1ec-62d5-4792-9dad-1085684e86af,florence,non06c,https://bounce.com/stores/florence/non06c,200,2026-10-06
4f4ab616-48d1-4964-8e3b-0b760b52bca9,florence,tk4v0w,https://bounce.com/stores/florence/tk4v0w,200,2026-10-06
50fe6360-2017-4753-b6c4-04764c85e9c4,florence,lib_kx,https://bounce.com/stores/florence/lib_kx,200,2026-10-06
f88fca4d-9988-4494-961c-441cfde66e58,florence,yzg3ha,https://bounce.com/stores/florence/yzg3ha,200,2026-10-06
4975dde1-4ec5-48c4-9d2b-025f96242739,florence,hucpld,https://bounce.com/stores/florence/hucpld,200,2026-10-06
03e81f70-65af-4099-b193-686195c634ed,florence,iHmzdV,https://bounce.com/stores/florence/iHmzdV,200,2026-10-06
16bcd5d3-6300-4cfd-a6fa-3b217cc371ba,florence,rw0vx2,https://bounce.com/stores/florence/rw0vx2,200,2026-10-06
159104ba-e3e7-4c86-a35a-acf75f868387,florence,47gPd6,https://bounce.com/stores/florence/47gPd6,200,2026-10-06
47ce7e01-02bb-4a62-96dd-22cddb3ce498,florence,iktjaa,https://bounce.com/stores/florence/iktjaa,200,2026-10-06
2bc4e021-7dd2-498d-8800-e71714978692,florence,813Umf,https://bounce.com/stores/florence/813Umf,200,2026-10-06
4acae942-8188-4124-84d0-5240386c5f50,florence,hkog1s,https://bounce.com/stores/florence/hkog1s,200,2026-10-06
ed81863e-9dc7-4491-8f85-1f86b7b36a2b,florence,0jaqns,https://bounce.com/stores/florence/0jaqns,200,2026-10-06
2dd83e81-fc1e-465d-bc90-75be8bbbd598,florence,gatkwr,https://bounce.com/stores/florence/gatkwr,200,2026-10-06
407abd7e-c668-4f5d-906a-9635126882f7,florence,irvt-k,https://bounce.com/stores/florence/irvt-k,200,2026-10-06
9b25edc6-1cf6-4729-80d4-9b8f276349b4,florence,np376f,https://bounce.com/stores/florence/np376f,200,2026-10-06
bbfa55e7-9c21-45d7-b9d4-57fb47dbd70c,florence,m3o-hr,https://bounce.com/stores/florence/m3o-hr,200,2026-10-06
cce87fc7-d41c-49ec-b3a4-8d9551b9f8a9,florence,o9vubq,https://bounce.com/stores/florence/o9vubq,200,2026-10-06
910100a6-2a0e-4fe2-b439-af962f81ef84,florence,nmax0u,https://bounce.com/stores/florence/nmax0u,200,2026-10-06
59793641-860d-4baa-9915-0371eaf06cb2,florence,ur30ui,https://bounce.com/stores/florence/ur30ui,200,2026-10-06
0532685b-9028-4daf-a870-fbed77fe898d,florence,pxc9QV,https://bounce.com/stores/florence/pxc9QV,200,2026-10-06
705303b7-7a25-42eb-a99c-b32ba954ab51,florence,he5a5t,https://bounce.com/stores/florence/he5a5t,200,2026-10-06
a307a370-6c30-4593-a769-8e3a60e1b2dd,florence,aofoel,https://bounce.com/stores/florence/aofoel,200,2026-10-06
d8ef83cd-6ef6-458b-92d8-b3b6d85aabf7,florence,rphpoh,https://bounce.com/stores/florence/rphpoh,200,2026-10-06
ea63b415-161e-4b1c-8ffb-91fe7add7f55,florence,fBCEJO,https://bounce.com/stores/florence/fBCEJO,200,2026-10-06
4672dae0-78e0-41e1-a77a-74061f088cd2,florence,PSTAH9,https://bounce.com/stores/florence/PSTAH9,200,2026-10-06
2e6eb77c-fdbd-4d14-9b58-5bcf267ebf35,florence,igleek,https://bounce.com/stores/florence/igleek,200,2026-10-06
07b87462-3d98-492d-bd74-3ed532b49dfc,florence,hwuu_y,https://bounce.com/stores/florence/hwuu_y,200,2026-10-06
33e10b9a-d7a9-428e-88ee-e83aba127bd5,florence,yzqwvp,https://bounce.com/stores/florence/yzqwvp,200,2026-10-06
1228e94a-059d-45b1-8c27-cf8dad4b2fd7,florence,5Kuc0P,https://bounce.com/stores/florence/5Kuc0P,200,2026-10-06
879b4fab-ed7d-4405-9fb5-c775454027ba,florence,pt1wdl,https://bounce.com/stores/florence/pt1wdl,200,2026-10-06
fb46c073-153f-456a-863e-fdc314228924,florence,dVSa2o,https://bounce.com/stores/florence/dVSa2o,200,2026-10-06
5249f431-530e-48ef-861a-584a78e94eb7,florence,rj5koh,https://bounce.com/stores/florence/rj5koh,200,2026-10-06
c2f8b1a4-560a-449a-b748-b0d284b98d64,florence,g3cifx,https://bounce.com/stores/florence/g3cifx,200,2026-10-06
034bb9d0-c240-41c0-8e0b-94b7e9859a39,florence,iqmaui,https://bounce.com/stores/florence/iqmaui,200,2026-10-06
0d0ad497-fc8f-4e38-b7a3-cd7da167ac16,florence,H9d0Tt,https://bounce.com/stores/florence/H9d0Tt,200,2026-10-06
67e71e4a-1727-4c27-9cbc-2b386dcf9250,florence,fl5ik2,https://bounce.com/stores/florence/fl5ik2,200,2026-10-06
f6ccad87-7667-4006-8380-6f1bb0cc2df4,florence,1-lq0m,https://bounce.com/stores/florence/1-lq0m,200,2026-10-06
86fdbf18-d8a6-4e29-b8ff-efb6d838d5d9,florence,tKt4hs,https://bounce.com/stores/florence/tKt4hs,200,2026-10-06
3f715c42-7ac7-4d94-aca3-48c3dde93b99,florence,rea8li,https://bounce.com/stores/florence/rea8li,200,2026-10-06
c3c6769c-1864-4720-b16e-c92eb70307ea,florence,xqbion,https://bounce.com/stores/florence/xqbion,200,2026-10-06
02676865-444a-4ba1-8186-48c54175c802,florence,pbezon,https://bounce.com/stores/florence/pbezon,200,2026-10-06
eb3b0236-989e-4e42-916a-7ae6ad2eb52f,florence,u7vwbg,https://bounce.com/stores/florence/u7vwbg,200,2026-10-06
19bb990d-4063-4f14-b591-c5804b6b827f,florence,a9ihpg,https://bounce.com/stores/florence/a9ihpg,200,2026-10-06
426b6885-10d4-43a1-a723-9861243fe8d7,florence,9ruttp,https://bounce.com/stores/florence/9ruttp,200,2026-10-06
6df73a6a-0ee7-444b-8f5e-c59f0e85ccd6,florence,lii8qg,https://bounce.com/stores/florence/lii8qg,200,2026-10-06
0c9b56b8-3202-4b4d-8878-3267298d30e6,florence,g95zea,https://bounce.com/stores/florence/g95zea,200,2026-10-06
8f9dedaf-4fab-4b8a-8658-f3c48b791e27,florence,o35-dr,https://bounce.com/stores/florence/o35-dr,200,2026-10-06
cd6f8c12-2432-4b02-9ad4-84cd7b44ce16,caserta,ne2gda,https://bounce.com/stores/caserta/ne2gda,404,2026-10-06
70b08fe3-89d1-47f5-a862-d0193feadfa6,caserta,25aa5j,https://bounce.com/stores/caserta/25aa5j,404,2026-10-06
c33f7d38-4184-4c94-9dac-ad5d93f00787,caserta,ypyqha,https://bounce.com/stores/caserta/ypyqha,404,2026-10-06
cfa0a866-6a3a-4ba5-aca3-7268302d8552,caserta,si1gba,https://bounce.com/stores/caserta/si1gba,404,2026-10-06
bf4f317f-93d3-4467-b1c2-de233b6723ca,caserta,zppfuu,https://bounce.com/stores/caserta/zppfuu,404,2026-10-06
241817a0-8a11-47e0-b227-a9b3594d2c6b,caserta,iafdo_,https://bounce.com/stores/caserta/iafdo_,404,2026-10-06
16b3152b-6c47-4c59-910e-ada0a3542481,caserta,b_j5wq,https://bounce.com/stores/caserta/b_j5wq,404,2026-10-06
93f711ef-1170-44a1-afc5-4c6f9681b5f3,caserta,gicr3g,https://bounce.com/stores/caserta/gicr3g,404,2026-10-06
e9bfe9ed-96a8-4f17-930d-27766adfab70,caserta,sepvxc,https://bounce.com/stores/caserta/sepvxc,404,2026-10-06
2b86b06c-7994-4e50-b78e-297f5b7de41e,caserta,cpvo2c,https://bounce.com/stores/caserta/cpvo2c,404,2026-10-06
d06288a4-e5eb-4a03-b276-e15b11655b85,caserta,xbsplv,https://bounce.com/stores/caserta/xbsplv,404,2026-10-06
e01d874e-2456-42ac-80ad-437bd4ef9382,caserta,7gub1d,https://bounce.com/stores/caserta/7gub1d,404,2026-10-06
414578c2-6621-47ea-8cf5-f757466351e9,caserta,egt7kd,https://bounce.com/stores/caserta/egt7kd,404,2026-10-06
e4e20e33-1e84-45fe-88b1-255ba436a498,caserta,se0hfv,https://bounce.com/stores/caserta/se0hfv,404,2026-10-06
0794e50c-0d62-4302-8ee1-e95959e0de6f,caserta,vsfcbd,https://bounce.com/stores/caserta/vsfcbd,404,2026-10-06
221357f6-95ec-488b-8acc-dd11cdaa8442,caserta,odyjyk,https://bounce.com/stores/caserta/odyjyk,404,2026-10-06
3b9db0c2-3222-4f4d-a564-2522b758a4e1,caserta,yzzf_1,https://bounce.com/stores/caserta/yzzf_1,404,2026-10-06
ccfe8f26-f7d8-41e5-84fa-a60ac195176d,caserta,dx6jrv,https://bounce.com/stores/caserta/dx6jrv,404,2026-10-06
0be2ac76-c7ef-4ecc-987f-0f8c6dd528e3,caserta,2b042m,https://bounce.com/stores/caserta/2b042m,404,2026-10-06
701d3a28-cf20-4d6d-9f1d-7db176d5bb60,caserta,71mcnx,https://bounce.com/stores/caserta/71mcnx,404,2026-10-06
609485d7-5172-4742-bc01-d8c721f7b7cd,caserta,d6qj3c,https://bounce.com/stores/caserta/d6qj3c,404,2026-10-06
815fc20e-e053-4655-94b9-65fde3cd12c2,caserta,smz77c,https://bounce.com/stores/caserta/smz77c,404,2026-10-06
3a1c95c9-6da2-4546-b24e-c0fce5bce66d,caserta,0ugvc4,https://bounce.com/stores/caserta/0ugvc4,404,2026-10-06
df5b5b49-7f6a-4d8c-ba5a-a2d0c5655567,caserta,sfulv5,https://bounce.com/stores/caserta/sfulv5,404,2026-10-06
610ebb62-74e8-47d4-aa64-6f4897db63a5,caserta,8iobpi,https://bounce.com/stores/caserta/8iobpi,404,2026-10-06
9453ccc2-f3dd-4214-a5a6-f51769e5c66c,caserta,pdnb6t,https://bounce.com/stores/caserta/pdnb6t,404,2026-10-06
0d870bc5-a81f-42e5-adef-5a7a328c0e47,caserta,jkumjf,https://bounce.com/stores/caserta/jkumjf,404,2026-10-06
810ee566-b068-4122-87dc-477285b1db88,caserta,fet0jf,https://bounce.com/stores/caserta/fet0jf,404,2026-10-06
00b1f61d-99b1-4a71-9df2-5cd9227f246d,caserta,3zisxz,https://bounce.com/stores/caserta/3zisxz,404,2026-10-06
f0618a17-8ec5-4122-9bc5-578094cbd42a,caserta,c_e5ll,https://bounce.com/stores/caserta/c_e5ll,404,2026-10-06
8f6d0137-a15f-49ab-b7c2-766751951c72,caserta,yiw8bo,https://bounce.com/stores/caserta/yiw8bo,404,2026-10-06
bbbdf003-10ab-4f32-8d04-40705ab99c76,caserta,o0emnb,https://bounce.com/stores/caserta/o0emnb,404,2026-10-06
5e07aa29-302e-4869-858e-f54b7f3f392b,caserta,i2xqyz,https://bounce.com/stores/caserta/i2xqyz,404,2026-10-06
17106f35-c260-4718-9678-329f6771d2c0,caserta,t3sd4u,https://bounce.com/stores/caserta/t3sd4u,404,2026-10-06
931ed86a-603e-4348-a1c1-c06d1c411402,caserta,6w9-iy,https://bounce.com/stores/caserta/6w9-iy,404,2026-10-06
1279c693-3793-4cfc-87a2-cc07542d8ea9,caserta,kworqt,https://bounce.com/stores/caserta/kworqt,404,2026-10-06
f40be5bb-0381-4188-8968-1260fce53d11,caserta,uyp-qu,https://bounce.com/stores/caserta/uyp-qu,404,2026-10-06
bde96b91-a797-4eac-aad6-c357230af496,caserta,jqk8ic,https://bounce.com/stores/caserta/jqk8ic,404,2026-10-06
262db3e0-d315-4fd3-a53a-fe1112883566,caserta,e7gsoc,https://bounce.com/stores/caserta/e7gsoc,404,2026-10-06
517ff9cf-f95c-4294-aea5-d3a9efdc8282,caserta,ac7z5a,https://bounce.com/stores/caserta/ac7z5a,404,2026-10-06
6258554a-cf35-4a13-826d-140168019191,caserta,rg30wo,https://bounce.com/stores/caserta/rg30wo,404,2026-10-06
2084e8ea-7a66-47bf-83c8-e28daa1d8af5,caserta,amcpuv,https://bounce.com/stores/caserta/amcpuv,404,2026-10-06
975c0a00-6f9a-4018-90d1-5f3a6966ba2f,caserta,tueyf0,https://bounce.com/stores/caserta/tueyf0,404,2026-10-06
8f6d79e8-9c1c-44f3-b5db-6152a0fdec61,caserta,lodtfg,https://bounce.com/stores/caserta/lodtfg,404,2026-10-06
ad9de24c-4f47-47f9-82d9-b1933c8cb195,caserta,yppyxe,https://bounce.com/stores/caserta/yppyxe,404,2026-10-06
8901938e-f1c7-4b72-9158-46371d8077bc,caserta,efokmz,https://bounce.com/stores/caserta/efokmz,404,2026-10-06
6708662e-2183-4193-93f7-83b0ffe926b2,caserta,f0t_eu,https://bounce.com/stores/caserta/f0t_eu,404,2026-10-06
6ea66bf0-e298-45e7-a1db-93f38d75ee99,caserta,zs0x4b,https://bounce.com/stores/caserta/zs0x4b,404,2026-10-06
0350c6b7-00da-4f5a-90d1-a0891dbbde9b,caserta,dyt1_y,https://bounce.com/stores/caserta/dyt1_y,404,2026-10-06
f92e66fe-b884-472a-8485-3ae34dc12301,caserta,v5ufnn,https://bounce.com/stores/caserta/v5ufnn,404,2026-10-06
b6bbdb48-5735-4c83-9af4-3da324ea69bf,caserta,svghdb,https://bounce.com/stores/caserta/svghdb,404,2026-10-06
9dc212ec-d2e3-4d59-a66b-c6d11acf33c3,caserta,vprnri,https://bounce.com/stores/caserta/vprnri,404,2026-10-06
eb396252-29ec-4c52-8eb8-68d5aca693ab,caserta,j-4c0b,https://bounce.com/stores/caserta/j-4c0b,404,2026-10-06
2aff29be-2c6a-40c2-ad5d-6a0587eca069,caserta,lcxv9i,https://bounce.com/stores/caserta/lcxv9i,404,2026-10-06
bc828772-223f-42ab-942f-b05f17496533,caserta,yf0urp,https://bounce.com/stores/caserta/yf0urp,404,2026-10-06
de1c181e-9cfb-439d-bf8f-097552179e9a,caserta,wvqz1p,https://bounce.com/stores/caserta/wvqz1p,404,2026-10-06
0c9f9b77-3748-4d4d-bbe5-6bf5be57ac8a,caserta,o-umhc,https://bounce.com/stores/caserta/o-umhc,404,2026-10-06
8cce8bf1-184d-4d5b-b4c7-26185fc32cf4,caserta,hspo2l,https://bounce.com/stores/caserta/hspo2l,404,2026-10-06
4eece1cb-d885-43d2-ab49-3db05082e3cb,caserta,0vzj8_,https://bounce.com/stores/caserta/0vzj8_,404,2026-10-06
a121e1c2-6507-4976-8d7f-f041f5b7a90b,caserta,ax-gr5,https://bounce.com/stores/caserta/ax-gr5,404,2026-10-06
251963d3-fce0-48f6-a0dd-aa40096da906,caserta,yn8pu8,https://bounce.com/stores/caserta/yn8pu8,404,2026-10-06
2dea704c-ccab-40c4-9cbe-32ed368a1434,caserta,k7ywde,https://bounce.com/stores/caserta/k7ywde,404,2026-10-06
b780f3e4-ce9c-4c7b-a8e0-9d743c5e97db,caserta,6ud08e,https://bounce.com/stores/caserta/6ud08e,404,2026-10-06
dc609b83-d12d-4f23-875e-c39116e107fb,caserta,a73yzt,https://bounce.com/stores/caserta/a73yzt,404,2026-10-06
b54735aa-c31e-445f-87b4-a31e5963cf46,caserta,rl1m8_,https://bounce.com/stores/caserta/rl1m8_,404,2026-10-06
e7817989-e948-497b-8974-020cfef41288,caserta,p3hvpe,https://bounce.com/stores/caserta/p3hvpe,404,2026-10-06
843c6c75-fbad-4652-a1a3-4bd648c1b475,caserta,c7n_iw,https://bounce.com/stores/caserta/c7n_iw,404,2026-10-06
3a8a5a54-f32f-4a51-9ae9-3303e3a1d065,caserta,dxc3vt,https://bounce.com/stores/caserta/dxc3vt,404,2026-10-06
159b4626-32c5-423e-bb4b-cdbc255df66e,caserta,fkt4mm,https://bounce.com/stores/caserta/fkt4mm,404,2026-10-06
9735ba69-4a44-4e65-8cf7-aaf887677081,caserta,bsojny,https://bounce.com/stores/caserta/bsojny,404,2026-10-06
0792e640-3df7-4fa6-bfdd-c1088a48515a,caserta,atiney,https://bounce.com/stores/caserta/atiney,404,2026-10-06
8cce7888-4eb5-4f3e-8fd2-c511dd358f28,caserta,dnzb_-,https://bounce.com/stores/caserta/dnzb_-,404,2026-10-06
1513bd3a-a83e-4061-aea4-a7bac29092d8,caserta,o0e_lv,https://bounce.com/stores/caserta/o0e_lv,404,2026-10-06
ad6c3b2e-f3a7-46bb-915f-da2779c3fc5a,caserta,ik6hcl,https://bounce.com/stores/caserta/ik6hcl,404,2026-10-06
0f24d640-b1b7-46b8-8488-472a9e2e2be6,caserta,8iebwz,https://bounce.com/stores/caserta/8iebwz,404,2026-10-06
72f490d8-e52f-4d19-bac5-8768e4bc6014,caserta,cs8y3y,https://bounce.com/stores/caserta/cs8y3y,404,2026-10-06
96f81c0b-37f0-409c-8a02-a0f97121e501,caserta,v9vklw,https://bounce.com/stores/caserta/v9vklw,404,2026-10-06
ef60965c-3883-4380-adf8-104419df4b7d,caserta,3fp52y,https://bounce.com/stores/caserta/3fp52y,404,2026-10-06
8acbf72b-a8a7-4d45-b128-368cfe971f2a,caserta,lmpkma,https://bounce.com/stores/caserta/lmpkma,404,2026-10-06
1189e463-e9b4-4354-8176-cc7710a965f8,caserta,66rju2,https://bounce.com/stores/caserta/66rju2,404,2026-10-06
a8f2721e-879e-4563-a514-b1e8ac089994,caserta,iiu5y8,https://bounce.com/stores/caserta/iiu5y8,404,2026-10-06
0ba31bb6-3e65-4667-8a33-ee15c1f62827,caserta,FeBrew,https://bounce.com/stores/caserta/FeBrew,404,2026-10-06
627c4d9d-afbb-44e2-9706-24b1e2232c7c,caserta,bpzfku,https://bounce.com/stores/caserta/bpzfku,404,2026-10-06
a61edf7c-1d89-44ee-816b-d3a22c2ed319,caserta,gqahpq,https://bounce.com/stores/caserta/gqahpq,404,2026-10-06
47fe0c29-fb20-482c-9786-a183a2c25302,caserta,90dg-v,https://bounce.com/stores/caserta/90dg-v,404,2026-10-06
861b2cea-5d48-4e36-a0d4-abb1f923204a,caserta,syhmj0,https://bounce.com/stores/caserta/syhmj0,404,2026-10-06
494be8c0-5c10-4ba0-9ef0-5403cc2ef4fa,caserta,lerlqe,https://bounce.com/stores/caserta/lerlqe,404,2026-10-06
563f71f2-badb-4a7f-876e-ab0ff02350a4,caserta,b9g-nq,https://bounce.com/stores/caserta/b9g-nq,404,2026-10-06
de58eace-f023-4cc2-8e47-417b1fae1952,caserta,38hgda,https://bounce.com/stores/caserta/38hgda,404,2026-10-06
2c92eb52-6759-4c59-bc99-70a9e724c7a8,caserta,pbup-w,https://bounce.com/stores/caserta/pbup-w,404,2026-10-06
deecd326-4b5f-4d49-a620-9202f62f7437,caserta,v3548b,https://bounce.com/stores/caserta/v3548b,404,2026-10-06
857ecb3b-cad5-488f-a467-ab701791ac85,caserta,iji4qo,https://bounce.com/stores/caserta/iji4qo,404,2026-10-06
9b352531-b198-49ee-9659-1ae7f7fad5d3,caserta,duygbi,https://bounce.com/stores/caserta/duygbi,404,2026-10-06
1553eb89-113d-4e6b-81ea-e7a8906c0c64,caserta,cjk-oi,https://bounce.com/stores/caserta/cjk-oi,404,2026-10-06
303322b1-db34-42ed-be1e-6c9def3d39b3,caserta,wsfj4e,https://bounce.com/stores/caserta/wsfj4e,404,2026-10-06
6cd06555-71c6-4528-bc21-0c8e087b26b1,caserta,k9p46u,https://bounce.com/stores/caserta/k9p46u,404,2026-10-06
8e8ab14a-54a7-42d6-8ed7-1f027bcd5bc8,caserta,uomahp,https://bounce.com/stores/caserta/uomahp,404,2026-10-06
9188d7a6-46dd-4a93-b0e1-ef35e134f86b,caserta,sinmfs,https://bounce.com/stores/caserta/sinmfs,404,2026-10-06
93f75285-3d71-4b6f-bbe2-8610e3dd84bf,caserta,n41syo,https://bounce.com/stores/caserta/n41syo,404,2026-10-06
d2a1acf7-7c62-4ff8-b45b-6415ee3c40ff,caserta,rwzi2z,https://bounce.com/stores/caserta/rwzi2z,404,2026-10-06
d2b0af7e-048a-4856-811e-5c06eab64cc4,caserta,zdgrdc,https://bounce.com/stores/caserta/zdgrdc,404,2026-10-06
ded34978-31f5-4f96-9fda-b0f9e3b38b29,caserta,iwg4x2,https://bounce.com/stores/caserta/iwg4x2,404,2026-10-06
e4e36672-afcd-4800-8c89-1e3a3b7bab71,caserta,gg7fts,https://bounce.com/stores/caserta/gg7fts,404,2026-10-06
f43c207e-97b1-44e9-939b-058910b42140,caserta,rm7ltx,https://bounce.com/stores/caserta/rm7ltx,404,2026-10-06
f4ca153b-d340-4fed-90fe-54e8dd7170a0,caserta,vvwdek,https://bounce.com/stores/caserta/vvwdek,404,2026-10-06
67046e55-b8cf-4e99-bbb5-ccefe8329109,caserta,eqgqfs,https://bounce.com/stores/caserta/eqgqfs,404,2026-10-06
e98fc1dd-31b9-4fec-b666-358a50457930,caserta,fxc8-z,https://bounce.com/stores/caserta/fxc8-z,404,2026-10-06
cd7e8a63-31f1-4461-b55d-be6530540a4a,palermo,Ubg5nD,https://bounce.com/stores/palermo/Ubg5nD,200,2026-10-06
a94a4bf3-9418-4b04-9ef8-fc3e8c5ad788,palermo,cwSOjk,https://bounce.com/stores/palermo/cwSOjk,200,2026-10-06
0fb2dcc6-45a1-4842-a283-7e9735e9ca1c,palermo,IyvK1S,https://bounce.com/stores/palermo/IyvK1S,200,2026-10-06
eda99b59-dcd0-44bc-8b60-30f354e8620e,palermo,cfmasy,https://bounce.com/stores/palermo/cfmasy,200,2026-10-06
dc62674d-4707-4e94-99d0-916338b36ad7,palermo,iyE8KN,https://bounce.com/stores/palermo/iyE8KN,200,2026-10-06
0effffa7-955a-4381-af06-50dbc845f964,palermo,okapqL,https://bounce.com/stores/palermo/okapqL,200,2026-10-06
43debf9c-ef21-40fe-a347-20999ce997ad,palermo,upbBPy,https://bounce.com/stores/palermo/upbBPy,200,2026-10-06
e9d9e8c5-238a-40a1-a885-24943d52111d,palermo,cDvEKk,https://bounce.com/stores/palermo/cDvEKk,200,2026-10-06
02338106-591b-456d-9540-2466eac3f297,palermo,gq9uli,https://bounce.com/stores/palermo/gq9uli,200,2026-10-06
01252a7b-718e-419c-98dd-9a195ab1a65f,palermo,J_Zg52,https://bounce.com/stores/palermo/J_Zg52,200,2026-10-06
ce9f312c-c0ec-4a7f-858a-a9853c5441f7,palermo,fo1yys,https://bounce.com/stores/palermo/fo1yys,200,2026-10-06
de07ce4b-a044-4eda-bb58-2e2d49b51142,palermo,ahbmvv,https://bounce.com/stores/palermo/ahbmvv,200,2026-10-06
ddba9d42-61ee-468f-add3-c79f6d44a570,palermo,-uou3v,https://bounce.com/stores/palermo/-uou3v,200,2026-10-06
50c6316a-8a5c-4bfe-9d2d-4432cdd8f161,palermo,02qmlv,https://bounce.com/stores/palermo/02qmlv,200,2026-10-06
9fc2715b-4bd7-4c42-8e24-666afa26e0e3,palermo,ugetg1,https://bounce.com/stores/palermo/ugetg1,200,2026-10-06
c5d499d6-9f18-48f5-b006-f902c389f852,palermo,azoyen,https://bounce.com/stores/palermo/azoyen,200,2026-10-06
360f2471-2325-4eb0-8a1a-46b86d38d8ea,palermo,akvis2,https://bounce.com/stores/palermo/akvis2,200,2026-10-06
bcddde0d-208a-43da-a888-9566a3c662c2,palermo,kb1x-s,https://bounce.com/stores/palermo/kb1x-s,200,2026-10-06
9875e261-ae5f-4f78-9c87-3d83362a674e,palermo,p-aiw0,https://bounce.com/stores/palermo/p-aiw0,200,2026-10-06
bcc2819f-abbe-4f82-8233-f7d95c549c26,palermo,n-gyvl,https://bounce.com/stores/palermo/n-gyvl,200,2026-10-06
e46a166a-58b5-4272-af31-a3bfb33157ac,palermo,wsvjp7,https://bounce.com/stores/palermo/wsvjp7,200,2026-10-06
e98ce4e8-9e07-4f30-9b97-c1c5132c394d,palermo,lgn70z,https://bounce.com/stores/palermo/lgn70z,200,2026-10-06
c1b55f39-a67c-40d8-b32d-9d56e563be9c,palermo,nviggo,https://bounce.com/stores/palermo/nviggo,200,2026-10-06
228adde4-b898-4086-badb-628b4362c49f,palermo,j6cuyu,https://bounce.com/stores/palermo/j6cuyu,200,2026-10-06
b71351c0-d436-49e3-b22b-3e1759560833,palermo,_jo5zp,https://bounce.com/stores/palermo/_jo5zp,200,2026-10-06
dacd2b85-ff88-4d69-aca8-26944bd4fcf2,palermo,1wwlym,https://bounce.com/stores/palermo/1wwlym,200,2026-10-06
8c665906-dc73-4715-9deb-03a0aadd79f5,palermo,lw-9c2,https://bounce.com/stores/palermo/lw-9c2,200,2026-10-06
b88edd4d-7dc3-47f5-82cc-472a2acb53d1,palermo,9c2cvj,https://bounce.com/stores/palermo/9c2cvj,200,2026-10-06
27af9d41-b611-4d65-be3f-5b39b5ab4fa5,palermo,pvtkum,https://bounce.com/stores/palermo/pvtkum,200,2026-10-06
19f12374-983c-47a0-9802-b6704f4bcd1f,palermo,yh_zni,https://bounce.com/stores/palermo/yh_zni,200,2026-10-06
79aab298-1ea5-4789-800f-23c09b64ef00,palermo,6g0b1a,https://bounce.com/stores/palermo/6g0b1a,200,2026-10-06
175b6a2b-de28-47bd-89bf-cfc85318661f,palermo,odw7io,https://bounce.com/stores/palermo/odw7io,200,2026-10-06
a1304e3b-c94f-496a-af74-74edda8af26c,palermo,g5mylr,https://bounce.com/stores/palermo/g5mylr,200,2026-10-06
9c668f1b-dde9-4523-bea2-385c14489fce,palermo,n7wtld,https://bounce.com/stores/palermo/n7wtld,200,2026-10-06
b8d4495b-5af8-4f4e-a896-a4091640bb23,palermo,qj5ts_,https://bounce.com/stores/palermo/qj5ts_,200,2026-10-06
ace4738d-900d-48a7-997d-0720d9918626,palermo,x2zzlg,https://bounce.com/stores/palermo/x2zzlg,200,2026-10-06
b339bc10-9b20-4367-8ab0-78b6fc6371e2,palermo,azp5W-,https://bounce.com/stores/palermo/azp5W-,200,2026-10-06
47f9c8dd-71a2-46c8-849b-d0c0f9b40c62,palermo,p8vgd7,https://bounce.com/stores/palermo/p8vgd7,200,2026-10-06
dd5871ce-2252-4529-94d5-8cb42543e787,palermo,vpavwj,https://bounce.com/stores/palermo/vpavwj,200,2026-10-06
12e7ab60-43ac-4890-96d4-cf5c9c82e2c9,palermo,eoCTIS,https://bounce.com/stores/palermo/eoCTIS,200,2026-10-06
71abc8cf-78cd-43cc-8786-18103070194f,palermo,3722it,https://bounce.com/stores/palermo/3722it,200,2026-10-06
c74c96b9-3b75-4753-81c3-d5c66b54e312,palermo,hun5gu,https://bounce.com/stores/palermo/hun5gu,200,2026-10-06
6a5f0d08-e900-4a9b-9e20-3a4a36d9dc12,palermo,130eil,https://bounce.com/stores/palermo/130eil,200,2026-10-06
b248891a-912e-4455-920d-e7c7209191e3,palermo,LaVWcN,https://bounce.com/stores/palermo/LaVWcN,200,2026-10-06
4b4a2963-353a-4839-b2cc-aa20a622d037,palermo,z0ga_g,https://bounce.com/stores/palermo/z0ga_g,200,2026-10-06
5fe330e3-6a61-40a1-9c19-1d8cbda85d66,palermo,-y3lax,https://bounce.com/stores/palermo/-y3lax,200,2026-10-06
2df0e17e-d22f-46d7-8c08-d624c7e919b8,palermo,wnvwvo,https://bounce.com/stores/palermo/wnvwvo,200,2026-10-06
cd16bf2c-9a7d-4610-8a62-e67ad3c5dfb5,palermo,o54yp1,https://bounce.com/stores/palermo/o54yp1,200,2026-10-06
11a36855-7abb-4a75-9d22-7b5abe16813a,palermo,giwtjv,https://bounce.com/stores/palermo/giwtjv,200,2026-10-06
3eee15eb-dba6-45ea-854e-5f1b714060eb,palermo,QejTd5,https://bounce.com/stores/palermo/QejTd5,200,2026-10-06
459ae862-3d63-4ffe-a5f8-2cd4305c9853,palermo,lapaoo,https://bounce.com/stores/palermo/lapaoo,200,2026-10-06
4a028403-f522-440d-8a54-2d5856b003bf,palermo,8ijhhm,https://bounce.com/stores/palermo/8ijhhm,200,2026-10-06
13a8d613-a515-402f-986f-86cadf3e8694,palermo,pvvl7_,https://bounce.com/stores/palermo/pvvl7_,200,2026-10-06
83d10dd1-c6f0-453d-b7e8-2427d467d3e2,palermo,nmh7-t,https://bounce.com/stores/palermo/nmh7-t,200,2026-10-06
b83f1f23-dd7d-4205-a094-e2566de675bd,palermo,71dt2b,https://bounce.com/stores/palermo/71dt2b,200,2026-10-06
876a9913-61ce-4552-8627-1b96d4ecee77,palermo,lbfjxx,https://bounce.com/stores/palermo/lbfjxx,200,2026-10-06
aaf6c900-63df-4a9f-9a09-5b025741049a,palermo,tu8kd4,https://bounce.com/stores/palermo/tu8kd4,200,2026-10-06
a7efb907-e74d-460f-ae61-06bf80c46fed,palermo,oYBhLR,https://bounce.com/stores/palermo/oYBhLR,200,2026-10-06
0c23fa32-1fa8-4fe8-b7c9-c852ff86b29f,palermo,9ilg3t,https://bounce.com/stores/palermo/9ilg3t,200,2026-10-06
1283daf6-2f8e-43d8-8864-b81d0e6528e2,palermo,6oierv,https://bounce.com/stores/palermo/6oierv,200,2026-10-06
b323d6df-be99-4941-8c99-954408362a5c,palermo,GNR7CQ,https://bounce.com/stores/palermo/GNR7CQ,200,2026-10-06
60e3c4e1-7587-4c04-a977-e103d96e3261,palermo,BAYQ-y,https://bounce.com/stores/palermo/BAYQ-y,200,2026-10-06
9fa54404-d703-4d0a-8142-8fe218475640,palermo,-eag-r,https://bounce.com/stores/palermo/-eag-r,200,2026-10-06
0568301b-d889-4963-9d82-2e08b005ed0d,palermo,wdcigl,https://bounce.com/stores/palermo/wdcigl,200,2026-10-06
34437b49-81d6-4344-a454-45f15ae37701,palermo,3ciHeB,https://bounce.com/stores/palermo/3ciHeB,200,2026-10-06
4e0b8dff-b202-4302-961e-e1a6a5db6a12,palermo,xf5nro,https://bounce.com/stores/palermo/xf5nro,200,2026-10-06
e0547f9e-93b5-4d97-8573-78ab92b36f6e,palermo,mmyk-t,https://bounce.com/stores/palermo/mmyk-t,200,2026-10-06
d0ca2fb7-629c-4559-a02a-646a3a612e62,palermo,-3e-8y,https://bounce.com/stores/palermo/-3e-8y,200,2026-10-06
0a62eaeb-db4b-4433-b65a-3dd3cd913cb4,palermo,ppe1r4,https://bounce.com/stores/palermo/ppe1r4,200,2026-10-06
92a184ed-fa57-41f1-9d57-07e1ea18d88e,palermo,2cHXWL,https://bounce.com/stores/palermo/2cHXWL,200,2026-10-06
1b97cd9c-7906-4902-b7df-1a910e575c7d,palermo,vwnkkt,https://bounce.com/stores/palermo/vwnkkt,200,2026-10-06
c81aeb35-af82-4861-b287-0f9ffd4fe9fd,palermo,Usx4_L,https://bounce.com/stores/palermo/Usx4_L,200,2026-10-06
74abfbe0-98af-409f-bfeb-a3016defab1d,palermo,urr02j,https://bounce.com/stores/palermo/urr02j,200,2026-10-06
76ac55b4-1e41-41a0-9351-67c6af14332a,palermo,gk1o_i,https://bounce.com/stores/palermo/gk1o_i,200,2026-10-06
dbcd487b-4f71-4e54-b6e0-c313b36c1d73,palermo,wb41xs,https://bounce.com/stores/palermo/wb41xs,200,2026-10-06
61e9bf90-b7d9-4ff7-8227-8938fba8027e,palermo,ztmtu4,https://bounce.com/stores/palermo/ztmtu4,200,2026-10-06
e51ef665-eb42-4a14-b79a-069578ea002e,palermo,udi71l,https://bounce.com/stores/palermo/udi71l,200,2026-10-06
e67ba203-2cbf-4e48-af9a-5ea9fca2bd06,palermo,le7_vw,https://bounce.com/stores/palermo/le7_vw,200,2026-10-06
2395fe89-8508-4641-9e08-5811be3d9341,palermo,x2ezn1,https://bounce.com/stores/palermo/x2ezn1,200,2026-10-06
50e61882-930a-43b6-987c-73f50897d9d0,palermo,gkx2n5,https://bounce.com/stores/palermo/gkx2n5,200,2026-10-06
d2d2a2b2-e39e-4a96-b469-79c1504a5f43,palermo,wwdrp2,https://bounce.com/stores/palermo/wwdrp2,200,2026-10-06
13326973-ee95-4c43-9f3b-5c335b82e9dc,palermo,roeigk,https://bounce.com/stores/palermo/roeigk,200,2026-10-06
f9f1df3b-af56-4e5c-8888-8af8f0a21ead,palermo,5w8yas,https://bounce.com/stores/palermo/5w8yas,200,2026-10-06
d92a4113-dc16-4d77-9f0d-4b8cac0a259b,palermo,tfra16,https://bounce.com/stores/palermo/tfra16,200,2026-10-06
19b73f43-a9f7-48f4-9144-3d43efd8ccec,palermo,8a79cq,https://bounce.com/stores/palermo/8a79cq,200,2026-10-06
513248d4-ae1f-41ef-8707-6471f8fc0cbe,palermo,ciqemc,https://bounce.com/stores/palermo/ciqemc,200,2026-10-06
976493f5-bea2-4c9c-988c-0aa5f52e9da2,palermo,-sdt_h,https://bounce.com/stores/palermo/-sdt_h,200,2026-10-06
73fbb486-eb82-4eb8-98f8-0cc8087432cf,palermo,Waon_P,https://bounce.com/stores/palermo/Waon_P,200,2026-10-06
157ac42f-6fb6-4c84-aa69-8dd3d7461c69,palermo,oqiunl,https://bounce.com/stores/palermo/oqiunl,200,2026-10-06
8a49f45f-e4b8-49ec-8427-9fe60e093e5c,palermo,deyqkb,https://bounce.com/stores/palermo/deyqkb,200,2026-10-06
22b2f6b3-e914-4e31-94eb-46805abbebce,palermo,O2oSUG,https://bounce.com/stores/palermo/O2oSUG,200,2026-10-06
37cc5be9-7db2-416d-8f22-07fb99ea6302,palermo,7f_lj0,https://bounce.com/stores/palermo/7f_lj0,200,2026-10-06
87e6056d-afe1-4e4c-9885-5653199513a7,palermo,ol99wr,https://bounce.com/stores/palermo/ol99wr,200,2026-10-06
51b92596-e35d-49e8-b199-1b5e5dc85a5f,palermo,swjy3a,https://bounce.com/stores/palermo/swjy3a,200,2026-10-06
ea4b4223-b988-49a7-bceb-f1b51e61948c,palermo,qart0y,https://bounce.com/stores/palermo/qart0y,200,2026-10-06
05d38c4f-6f61-4dcb-8efa-cef7fca5b847,palermo,bu75pb,https://bounce.com/stores/palermo/bu75pb,200,2026-10-06
9ef08c36-f5d9-421d-ad34-d099e8740471,palermo,q6xnjw,https://bounce.com/stores/palermo/q6xnjw,200,2026-10-06
89f37751-7c70-411e-9f55-0c2121326b88,palermo,k1viep,https://bounce.com/stores/palermo/k1viep,200,2026-10-06
a02038d2-54b3-4b61-b9b4-33b05c435e4d,palermo,SgMj2I,https://bounce.com/stores/palermo/SgMj2I,200,2026-10-06
8d536d04-a75c-49fc-abbc-a42b290ca884,palermo,womwtq,https://bounce.com/stores/palermo/womwtq,200,2026-10-06
6d63cb2c-7023-408d-8868-24ecefdb6236,palermo,vwkm93,https://bounce.com/stores/palermo/vwkm93,200,2026-10-06
876bd0c4-2539-420c-bd31-706115f3979b,palermo,d_nd-a,https://bounce.com/stores/palermo/d_nd-a,200,2026-10-06
55c0b916-ff67-4a00-8165-6b53a0c5b6b8,palermo,nnjstd,https://bounce.com/stores/palermo/nnjstd,200,2026-10-06
873ad015-8eae-4371-b396-0338b6688885,palermo,k64k_n,https://bounce.com/stores/palermo/k64k_n,200,2026-10-06
00b478df-4352-4c1f-a8fa-7dec0b8c8880,palermo,z3pmng,https://bounce.com/stores/palermo/z3pmng,200,2026-10-06
f23fad78-7e46-40eb-9996-79e1ca6ab552,palermo,nl4dmb,https://bounce.com/stores/palermo/nl4dmb,200,2026-10-06
18553541-f412-4b55-9ef5-7bf0f98d42b6,palermo,qker4t,https://bounce.com/stores/palermo/qker4t,200,2026-10-06
0c590ad7-e660-4b11-8f3a-7923bcc814a3,bologna,QTcuSx,https://bounce.com/stores/bologna/QTcuSx,200,2026-10-06
e031267a-225b-4052-bf55-3709d323498b,bologna,AwS4NC,https://bounce.com/stores/bologna/AwS4NC,200,2026-10-06
7d08af56-fe4a-420e-b125-73cce9f8d2cb,bologna,NomxzB,https://bounce.com/stores/bologna/NomxzB,200,2026-10-06
ff93b58b-c0d1-4b5e-812c-eb447beba739,bologna,y53rKD,https://bounce.com/stores/bologna/y53rKD,200,2026-10-06
eb7a90d2-dab1-496a-973c-11f8719d7588,bologna,sjbfmg,https://bounce.com/stores/bologna/sjbfmg,200,2026-10-06
5923ec0f-bebe-4927-9af4-98648f9224c7,bologna,P5ABcf,https://bounce.com/stores/bologna/P5ABcf,200,2026-10-06
26376a61-1a65-465b-a76b-4eb4a43359df,bologna,hNXJik,https://bounce.com/stores/bologna/hNXJik,200,2026-10-06
ba09191c-e6ee-469e-b699-8240803ce9a4,bologna,HG6T0J,https://bounce.com/stores/bologna/HG6T0J,200,2026-10-06
5aba26a4-de12-4add-be85-629a9a5b9a38,bologna,raB0YM,https://bounce.com/stores/bologna/raB0YM,200,2026-10-06
9f34b2be-b528-4334-899a-d5f53cfa7651,bologna,QWDXDu,https://bounce.com/stores/bologna/QWDXDu,200,2026-10-06
d3ad8c57-9d8e-4209-bb08-a6648b798771,bologna,h7zh1n,https://bounce.com/stores/bologna/h7zh1n,200,2026-10-06
b6f706df-caba-4a81-9685-a1258c154e66,bologna,eiu2u-,https://bounce.com/stores/bologna/eiu2u-,200,2026-10-06
a32289de-983e-4b33-9b3c-991a53a5720f,bologna,atc9sq,https://bounce.com/stores/bologna/atc9sq,200,2026-10-06
749a5826-94d3-4926-81a7-0a26a21c87dc,bologna,c13_hj,https://bounce.com/stores/bologna/c13_hj,200,2026-10-06
0978b620-d70d-4b07-ac0c-15ea029addf8,bologna,4QvHPG,https://bounce.com/stores/bologna/4QvHPG,200,2026-10-06
446c3951-e92f-4a36-8c26-bcb2114c0e28,bologna,3tqtvt,https://bounce.com/stores/bologna/3tqtvt,200,2026-10-06
9315173c-fe29-41bc-b50b-dc6d74bfdf10,bologna,c0rjxg,https://bounce.com/stores/bologna/c0rjxg,200,2026-10-06
e92180c7-3ef4-47bd-b938-38d4d2993845,bologna,uvugnw,https://bounce.com/stores/bologna/uvugnw,200,2026-10-06
e8912cef-1b43-49c1-9f3e-6124bfbf5b2f,bologna,wjlpwg,https://bounce.com/stores/bologna/wjlpwg,200,2026-10-06
6ab15e14-2fd0-4589-8679-11483193a9ae,bologna,fncfo5,https://bounce.com/stores/bologna/fncfo5,200,2026-10-06
a761932d-83da-41dd-8686-7201fa53a209,bologna,tffbto,https://bounce.com/stores/bologna/tffbto,200,2026-10-06
bb02a69f-694b-445b-a53f-3dbb7557f9d2,bologna,akgvk-,https://bounce.com/stores/bologna/akgvk-,200,2026-10-06
263cff9d-e118-44af-a733-034d8f796809,bologna,qbtp4h,https://bounce.com/stores/bologna/qbtp4h,200,2026-10-06
33828025-fc4b-46ed-b202-5686dbbbe370,bologna,hvrnxe,https://bounce.com/stores/bologna/hvrnxe,200,2026-10-06
958bf482-cb1b-49a3-9dc3-2f8dc5a771a0,bologna,lg8k-q,https://bounce.com/stores/bologna/lg8k-q,200,2026-10-06
e2ccc070-44db-451a-bfa1-ab45c7d43231,bologna,t371nl,https://bounce.com/stores/bologna/t371nl,200,2026-10-06
cc20b46d-e420-4b12-9e52-ed192a862677,bologna,3GB9Yi,https://bounce.com/stores/bologna/3GB9Yi,200,2026-10-06
c112f270-6a3b-4f2b-8657-1b6c946de78f,bologna,ji8vtw,https://bounce.com/stores/bologna/ji8vtw,200,2026-10-06
7d6686cd-cfdd-484b-b7f2-b4fe81e8aa91,bologna,-lslC0,https://bounce.com/stores/bologna/-lslC0,200,2026-10-06
4b57b499-232c-46f1-ae18-d4ed336a7809,bologna,3KXPro,https://bounce.com/stores/bologna/3KXPro,200,2026-10-06
27973954-0b4a-4381-b240-cf9b6e797449,bologna,n54xdd,https://bounce.com/stores/bologna/n54xdd,200,2026-10-06
334f960c-498c-48e0-8137-e9577842c1aa,bologna,doe3ht,https://bounce.com/stores/bologna/doe3ht,200,2026-10-06
5631038e-340f-429b-9b0c-4072c345db28,bologna,EbzyMg,https://bounce.com/stores/bologna/EbzyMg,200,2026-10-06
992dc866-8e2d-47cc-a363-8eb08d7dfdc8,bologna,fnadhc,https://bounce.com/stores/bologna/fnadhc,200,2026-10-06
28b3fac3-eebe-4dc2-b1d2-533b5dee8584,bologna,ruc2x1,https://bounce.com/stores/bologna/ruc2x1,200,2026-10-06
fdd1b752-c590-45c6-87e9-d53d5098b5ad,bologna,RX7Yj0,https://bounce.com/stores/bologna/RX7Yj0,200,2026-10-06
0da0014b-2ce2-414e-bb46-3f6aa535a485,bologna,2tugGg,https://bounce.com/stores/bologna/2tugGg,200,2026-10-06
a13bea59-2aa3-4ed3-8ca1-b829b2a096dc,bologna,xh5xev,https://bounce.com/stores/bologna/xh5xev,200,2026-10-06
2b5a124b-07fb-496f-9750-912b3ed2de05,bologna,56uv6y,https://bounce.com/stores/bologna/56uv6y,200,2026-10-06
24640c52-0fc6-4d0e-b6f8-85d1a077730d,bologna,54pyfp,https://bounce.com/stores/bologna/54pyfp,200,2026-10-06
1c8ca615-0613-4f5c-938f-0c4ea34e6471,bologna,8L67Ve,https://bounce.com/stores/bologna/8L67Ve,200,2026-10-06
5341e7bd-9a54-442a-9d6e-3eb2f5b9fe1f,bologna,ngobrM,https://bounce.com/stores/bologna/ngobrM,200,2026-10-06
3120b1c3-a23b-4b4e-9270-551b8143c25f,bologna,nep6fu,https://bounce.com/stores/bologna/nep6fu,200,2026-10-06
688c22eb-bbb1-4f17-9bd6-3d7898ced711,bologna,k-zub2,https://bounce.com/stores/bologna/k-zub2,200,2026-10-06
240b36d7-d4a6-496d-8662-b62752ed2921,bologna,w9xiwi,https://bounce.com/stores/bologna/w9xiwi,200,2026-10-06
e2e6a8e1-5a33-448f-9419-95fe9a0c43f6,bologna,dj7hye,https://bounce.com/stores/bologna/dj7hye,200,2026-10-06
a4062199-fd8f-4299-a303-59abad879170,bologna,qxt1rt,https://bounce.com/stores/bologna/qxt1rt,200,2026-10-06
0c5fe378-4d60-45be-a6a4-f364ff86c5b4,bologna,k29-a8,https://bounce.com/stores/bologna/k29-a8,200,2026-10-06
18464991-603a-47a6-b844-7925cd56596e,bologna,rrpnez,https://bounce.com/stores/bologna/rrpnez,200,2026-10-06
1e75d916-ec99-4a4d-af64-0f1325aa929f,bologna,sejwww,https://bounce.com/stores/bologna/sejwww,200,2026-10-06
7af339a1-b826-4bd4-923a-bf83e67de5c2,bologna,tnftdw,https://bounce.com/stores/bologna/tnftdw,200,2026-10-06
11f845db-055b-48e2-b0e4-ab1ffe330abc,bologna,suqkim,https://bounce.com/stores/bologna/suqkim,200,2026-10-06
8b273245-3d6a-43ae-84b0-cd10aaab1779,bologna,4drqdg,https://bounce.com/stores/bologna/4drqdg,200,2026-10-06
f061645f-9328-4258-8f8b-8de00a179488,bologna,fkkzaw,https://bounce.com/stores/bologna/fkkzaw,200,2026-10-06
80838faf-dd4a-49c4-8c27-48ace55ece8d,bologna,xLvf7n,https://bounce.com/stores/bologna/xLvf7n,200,2026-10-06
4affc3eb-98b8-49b7-978e-4b750004affb,bologna,z_pcof,https://bounce.com/stores/bologna/z_pcof,200,2026-10-06
5c224328-7922-48f8-9540-b8079ebb60c2,bologna,4dImuK,https://bounce.com/stores/bologna/4dImuK,200,2026-10-06
598239cb-b3f3-431d-a112-1fefe47375cb,bologna,d-goeb,https://bounce.com/stores/bologna/d-goeb,200,2026-10-06
b630c358-359c-4f00-b05e-b651988f158a,bologna,7ZRpUp,https://bounce.com/stores/bologna/7ZRpUp,200,2026-10-06
42da76ac-c38a-4695-abb5-6f8cee832e36,bologna,aiz_xr,https://bounce.com/stores/bologna/aiz_xr,200,2026-10-06
13eb97f2-e4f1-4c7b-a028-f43aaddac424,bologna,h0_hhv,https://bounce.com/stores/bologna/h0_hhv,200,2026-10-06
f2bfb0c6-1874-4e7f-b4bb-cc5fd177ef7a,bologna,2GR81l,https://bounce.com/stores/bologna/2GR81l,200,2026-10-06
a518434d-0784-4640-b705-0712e06dfe05,bologna,bmyp8a,https://bounce.com/stores/bologna/bmyp8a,200,2026-10-06
22f6b12b-0ca5-40cd-88fc-08d808dc01ea,bologna,psw9l2,https://bounce.com/stores/bologna/psw9l2,200,2026-10-06
af6778a1-00c1-48c3-92d3-1f80af7caf97,bologna,4DqO_3,https://bounce.com/stores/bologna/4DqO_3,200,2026-10-06
326b46ce-d785-46bf-bfa0-f89536798bb4,bologna,zi4xuw,https://bounce.com/stores/bologna/zi4xuw,200,2026-10-06
3eb22be7-d129-4394-b284-63f91888ea92,bologna,ctzqop,https://bounce.com/stores/bologna/ctzqop,200,2026-10-06
97c0ee97-3bc0-41b8-824c-6ba92bf6a042,bologna,z7u4qr,https://bounce.com/stores/bologna/z7u4qr,200,2026-10-06
a809d5d4-444a-4b25-9844-ba7c60676a14,bologna,36jz1k,https://bounce.com/stores/bologna/36jz1k,200,2026-10-06
cb5c4e2b-3b4d-4fde-b42a-0b29ecb6f903,bologna,1dcm-m,https://bounce.com/stores/bologna/1dcm-m,200,2026-10-06
cfdecd77-2cd4-4631-999b-63453dbabb64,bologna,utozqc,https://bounce.com/stores/bologna/utozqc,200,2026-10-06
11fa1a33-b82c-4aec-bbc0-130606c706f5,bologna,NeVQL2,https://bounce.com/stores/bologna/NeVQL2,200,2026-10-06
e55c707f-eb46-4111-900a-b7875a1eb16f,bologna,qybzmt,https://bounce.com/stores/bologna/qybzmt,200,2026-10-06
fce0de85-326a-4aed-99a1-01fcd0d72d1c,bologna,sydylc,https://bounce.com/stores/bologna/sydylc,200,2026-10-06
012672ed-dc00-49ea-b43f-c59b24e4a3aa,bologna,odk8ti,https://bounce.com/stores/bologna/odk8ti,200,2026-10-06
96a15753-8ad1-4c34-9e4e-0d09628b0642,bologna,pqpbtt,https://bounce.com/stores/bologna/pqpbtt,200,2026-10-06
a443c285-9d91-4ac5-b9f8-cd23cc7bfe9a,bologna,ccspb_,https://bounce.com/stores/bologna/ccspb_,200,2026-10-06
20b1fdc9-8be3-41d1-9584-4343463e87aa,bologna,pdsq7h,https://bounce.com/stores/bologna/pdsq7h,200,2026-10-06
abe6f071-bb94-4c30-95f8-4d54a6b33eda,bologna,4cu6Yc,https://bounce.com/stores/bologna/4cu6Yc,200,2026-10-06
1e1bc842-f44e-42c8-a067-bd9fa659e6d5,bologna,MijG7g,https://bounce.com/stores/bologna/MijG7g,200,2026-10-06
1c441c12-c6df-4ab5-ad78-4429addb6556,bologna,_CR1BM,https://bounce.com/stores/bologna/_CR1BM,200,2026-10-06
f1dd2bbd-47a4-4ffe-a113-15900536dd44,bologna,mics7t,https://bounce.com/stores/bologna/mics7t,200,2026-10-06
24a9559f-cc24-4355-a9b0-df576cdb7f7d,bologna,7ml_qw,https://bounce.com/stores/bologna/7ml_qw,200,2026-10-06
064eabc5-8bd3-4f75-b0de-5e10251af10d,bologna,ryegih,https://bounce.com/stores/bologna/ryegih,200,2026-10-06
99a611f5-ac9e-40c4-b758-11cfd5c402ae,bologna,clyexk,https://bounce.com/stores/bologna/clyexk,200,2026-10-06
9d2af863-9a7a-4a98-90b6-17d042b0bcc2,bologna,y4m2fu,https://bounce.com/stores/bologna/y4m2fu,200,2026-10-06
93ee55e8-1660-49cc-b0b4-cb68ecb979e0,bologna,uuxlcb,https://bounce.com/stores/bologna/uuxlcb,200,2026-10-06
6fb5d6df-3970-4eea-915e-592ca8884132,bologna,6yziol,https://bounce.com/stores/bologna/6yziol,200,2026-10-06
7889a5b3-21b0-4192-bd3d-539359135818,bologna,nznbxy,https://bounce.com/stores/bologna/nznbxy,200,2026-10-06
8d5b29f5-a9c6-4030-9865-bca4c28cc68a,bologna,xzvqsi,https://bounce.com/stores/bologna/xzvqsi,200,2026-10-06
0811a8b0-26ba-4bd0-bd10-a15e6ba75778,bologna,BtRhym,https://bounce.com/stores/bologna/BtRhym,200,2026-10-06
c09e49d4-8727-4360-8454-08c894943ef3,bologna,-oansa,https://bounce.com/stores/bologna/-oansa,200,2026-10-06
2fc37f30-0b6d-4d22-a0a5-bb4c70c91408,bologna,pzah1a,https://bounce.com/stores/bologna/pzah1a,200,2026-10-06
0653cc69-85b8-4e12-a869-c0d74b0c58d4,bologna,6_gugq,https://bounce.com/stores/bologna/6_gugq,200,2026-10-06
79c23a7c-e2e6-4942-b66a-a5f350d44b1a,bologna,4k4awe,https://bounce.com/stores/bologna/4k4awe,200,2026-10-06
1cf6853c-9957-4746-b8d6-1d9876b6cd6f,bologna,hd4gzo,https://bounce.com/stores/bologna/hd4gzo,200,2026-10-06
5e2939cc-11c4-4150-bedf-0dcba6946d88,bologna,a_pu5u,https://bounce.com/stores/bologna/a_pu5u,200,2026-10-06
06cb6ec5-1c27-4c2f-a3d3-3fb51563b354,bologna,o0nwvo,https://bounce.com/stores/bologna/o0nwvo,200,2026-10-06
d09d1148-858f-48f1-a479-f61827ad00f7,bologna,bux2tz,https://bounce.com/stores/bologna/bux2tz,200,2026-10-06
cca7b8ed-afc5-4a96-a978-9dd097855359,bologna,scgeur,https://bounce.com/stores/bologna/scgeur,200,2026-10-06
5817defc-7df4-4a82-9920-62a1d38a726e,turin,1SGA9j,https://bounce.com/stores/turin/1SGA9j,200,2026-10-06
13b115c4-ad40-4f2b-8a4d-c32b6d1c4bab,turin,tneraf,https://bounce.com/stores/turin/tneraf,200,2026-10-06
1e28b679-9607-4d29-9d1d-01e381ad66a5,turin,3aCo_i,https://bounce.com/stores/turin/3aCo_i,200,2026-10-06
2a912291-9a85-4097-8250-eae5ce7986ae,turin,rDKfeJ,https://bounce.com/stores/turin/rDKfeJ,200,2026-10-06
bfd43c76-ad4f-4a89-bf88-1988696fa5a0,turin,vz3szl,https://bounce.com/stores/turin/vz3szl,200,2026-10-06
ece8f208-ec93-419c-ad82-746ba0ad03f7,turin,p0oeoO,https://bounce.com/stores/turin/p0oeoO,200,2026-10-06
645e918a-e856-421d-9c58-a510326f10b5,turin,ofyi7d,https://bounce.com/stores/turin/ofyi7d,200,2026-10-06
1f3e5302-33b8-4c0c-acde-1ed7c67c543e,turin,ctjyby,https://bounce.com/stores/turin/ctjyby,200,2026-10-06
31ce0cc0-ae03-4ce3-a6bc-5626061a1895,turin,sv2duj,https://bounce.com/stores/turin/sv2duj,200,2026-10-06
7337a544-d9fb-4f71-976c-d3457b0eca29,turin,tvd9zl,https://bounce.com/stores/turin/tvd9zl,200,2026-10-06
6a9ff834-eca8-4425-8466-856ea5afbb1f,turin,mvcdfr,https://bounce.com/stores/turin/mvcdfr,200,2026-10-06
22e9be69-9543-48ab-951e-23ad66baad14,turin,y5bsjh,https://bounce.com/stores/turin/y5bsjh,200,2026-10-06
128866f4-5d19-4d85-8f26-f1f732ba2379,turin,-so8qe,https://bounce.com/stores/turin/-so8qe,200,2026-10-06
60e78ddd-28c2-4e1d-a9a1-2d22166b2c2a,turin,nzs2pr,https://bounce.com/stores/turin/nzs2pr,200,2026-10-06
8406d20f-8fc1-4544-b8fb-494bcbf30913,turin,gimikm,https://bounce.com/stores/turin/gimikm,200,2026-10-06
e7959354-7180-4d38-9f4f-4a471fa28950,turin,wukes4,https://bounce.com/stores/turin/wukes4,200,2026-10-06
75fa35c3-a823-4711-a697-844ac811defc,turin,p8yqu6,https://bounce.com/stores/turin/p8yqu6,200,2026-10-06
fd712671-7563-4ef2-bc1d-87142e984cb5,turin,fb2vhy,https://bounce.com/stores/turin/fb2vhy,200,2026-10-06
41d937f6-5393-4f1e-bfbf-e064c60fb929,turin,fhe_nt,https://bounce.com/stores/turin/fhe_nt,200,2026-10-06
0ed6a335-e254-4b73-b910-ef0f5be0bd84,turin,vgyo_f,https://bounce.com/stores/turin/vgyo_f,200,2026-10-06
084f5d39-0879-46c0-9bcc-85381ccd6867,turin,mhhoiq,https://bounce.com/stores/turin/mhhoiq,200,2026-10-06
7c8d85e0-e670-41fe-b2d9-8731266674bc,turin,hnyvzt,https://bounce.com/stores/turin/hnyvzt,200,2026-10-06
8605e900-22c6-48df-884f-140137cab0c3,turin,h09aaq,https://bounce.com/stores/turin/h09aaq,200,2026-10-06
2ff2d5b9-0985-4bea-b2c2-e0db17426259,turin,g6d33k,https://bounce.com/stores/turin/g6d33k,200,2026-10-06
60f03202-f047-44c3-8c05-ba1e7b8ac0cd,turin,mfgzx4,https://bounce.com/stores/turin/mfgzx4,200,2026-10-06
6e0c3d2b-5d41-4375-882f-cf879c1a59a7,turin,iasa2f,https://bounce.com/stores/turin/iasa2f,200,2026-10-06
2fe2446c-1a3e-478f-8a98-e5e043d0ccbd,turin,qefr4p,https://bounce.com/stores/turin/qefr4p,200,2026-10-06
e9beb0ae-b4fd-4891-8485-2cf1aa43d717,turin,xvv1l0,https://bounce.com/stores/turin/xvv1l0,200,2026-10-06
75883885-d707-4658-8675-edb4755599e3,turin,k2TEmv,https://bounce.com/stores/turin/k2TEmv,200,2026-10-06
0eed8d49-46d0-4b76-bac8-5dce30820bb9,turin,ilpgsx,https://bounce.com/stores/turin/ilpgsx,200,2026-10-06
1b4e504c-6452-406b-9084-c12d4d24ed6c,turin,pqtld3,https://bounce.com/stores/turin/pqtld3,200,2026-10-06
8b2392dc-8f57-462a-bb5d-26738de6b51e,turin,u7qxqn,https://bounce.com/stores/turin/u7qxqn,200,2026-10-06
fe1b3b8e-b10f-428f-a530-7a50935065ad,turin,k97gyn,https://bounce.com/stores/turin/k97gyn,200,2026-10-06
fc62ad91-3761-4f08-a589-3509e83cb3a4,turin,5yu4ai,https://bounce.com/stores/turin/5yu4ai,200,2026-10-06
72a9b412-01d4-4d56-9b9f-c9e653621185,turin,x4pxyk,https://bounce.com/stores/turin/x4pxyk,200,2026-10-06
0d976c35-515d-4157-9cdd-858685f060c3,turin,K6ryuW,https://bounce.com/stores/turin/K6ryuW,200,2026-10-06
c69bef3b-2f2b-4ce8-819e-e777f42e7f67,turin,hvtosu,https://bounce.com/stores/turin/hvtosu,200,2026-10-06
7ca8c1cb-a45e-4df6-9da9-a71c5aa8f4e6,turin,tfaiiq,https://bounce.com/stores/turin/tfaiiq,200,2026-10-06
7ef12cf8-65af-4cc7-bdfa-0d8d71ae1cd8,turin,mfqglg,https://bounce.com/stores/turin/mfqglg,200,2026-10-06
1885ec68-e782-4789-b554-7b6c10ac695a,turin,o1l4nk,https://bounce.com/stores/turin/o1l4nk,200,2026-10-06
bf44a537-4cb1-436b-819b-b020aa328501,turin,gFNmas,https://bounce.com/stores/turin/gFNmas,200,2026-10-06
0f2b1b72-c86a-4663-b836-2c53abb4284f,turin,4z55a9,https://bounce.com/stores/turin/4z55a9,200,2026-10-06
725118db-bad9-42cd-a2e5-877838213161,turin,nov954,https://bounce.com/stores/turin/nov954,200,2026-10-06
c20ea3cf-4bf7-4520-82f1-00ab85715bae,turin,dfidv_,https://bounce.com/stores/turin/dfidv_,200,2026-10-06
2423c201-2657-40c1-b617-27cdb4633f33,turin,agAHZv,https://bounce.com/stores/turin/agAHZv,200,2026-10-06
3675f38d-a8ae-4b13-8d4e-b8d5b8197f97,turin,WjjWig,https://bounce.com/stores/turin/WjjWig,200,2026-10-06
8a81f4a2-1625-4b7b-a06e-bdfc29f6a0ae,turin,lktayb,https://bounce.com/stores/turin/lktayb,200,2026-10-06
6cc5a38d-f3ca-441a-8d8a-307932e5b294,turin,yr_2p6,https://bounce.com/stores/turin/yr_2p6,200,2026-10-06
f32ac12a-6e7d-4192-b754-129326a99cef,turin,x5mexX,https://bounce.com/stores/turin/x5mexX,200,2026-10-06
29952867-a76a-41be-a9fb-9e46e4edc86b,turin,wf2g6u,https://bounce.com/stores/turin/wf2g6u,200,2026-10-06
487d73e9-7b63-485d-80d8-8783ed1a8265,turin,c0h6j2,https://bounce.com/stores/turin/c0h6j2,200,2026-10-06
f53d6c6b-4c7c-42a3-910d-07f3d5e6229d,turin,rdcwfh,https://bounce.com/stores/turin/rdcwfh,200,2026-10-06
2ab57a3d-9744-4bd9-9b75-b3737de7bd4f,turin,f_ywvt,https://bounce.com/stores/turin/f_ywvt,200,2026-10-06
9f19f52c-dbb7-42e8-8c8d-18d0b987d6c5,turin,zprb37,https://bounce.com/stores/turin/zprb37,200,2026-10-06
2f55941a-4e3d-420b-9570-23232927cf74,turin,pc4w-o,https://bounce.com/stores/turin/pc4w-o,200,2026-10-06
2d52beef-1e09-49cf-a6a1-82783b4646ca,turin,zwfhwo,https://bounce.com/stores/turin/zwfhwo,200,2026-10-06
2d637f64-7e8c-40bd-beb9-777a51b1fc11,turin,y8b_si,https://bounce.com/stores/turin/y8b_si,200,2026-10-06
e2be592a-7555-449f-a8da-a7c2d89f270c,turin,k21qb8,https://bounce.com/stores/turin/k21qb8,200,2026-10-06
63e63aae-8257-4a59-9788-1940401d0c26,turin,i9yzy1,https://bounce.com/stores/turin/i9yzy1,200,2026-10-06
c8cb4011-2dba-4ddf-b55e-0be185627647,turin,1yjguo,https://bounce.com/stores/turin/1yjguo,200,2026-10-06
80fdedd7-15d2-4f84-954c-fa3eefefb003,turin,ogpcm_,https://bounce.com/stores/turin/ogpcm_,200,2026-10-06
c38a9f51-0733-4e21-a83f-bb0b4746a9ae,turin,bweq3o,https://bounce.com/stores/turin/bweq3o,200,2026-10-06
bf8accbb-5575-4416-952f-a424e2d385ce,turin,zpfbkg,https://bounce.com/stores/turin/zpfbkg,200,2026-10-06
113abe5c-d31a-4f4b-919c-565ec0c22fb2,turin,34vjgt,https://bounce.com/stores/turin/34vjgt,200,2026-10-06
b4acf11b-2aad-411a-b13c-34c62be25310,turin,bam4ys,https://bounce.com/stores/turin/bam4ys,200,2026-10-06
f202af9f-1300-4e3b-9d8e-79416431ebb6,turin,7ccei1,https://bounce.com/stores/turin/7ccei1,200,2026-10-06
6bf9a9c8-8ef3-4b72-8c2e-7b4642ea769e,turin,d_wfnj,https://bounce.com/stores/turin/d_wfnj,200,2026-10-06
0ed3b157-31f5-42dd-841d-f3de01b1dcbb,turin,grv0ka,https://bounce.com/stores/turin/grv0ka,200,2026-10-06
bea3dcde-5a59-47d7-820c-deea34d52fc7,turin,09wgrw,https://bounce.com/stores/turin/09wgrw,200,2026-10-06
098b1d19-8aed-4e1c-9c16-293e93642e85,turin,isrgyv,https://bounce.com/stores/turin/isrgyv,200,2026-10-06
3ce2313e-8859-4c44-b751-3bbe80eba270,turin,y30qzj,https://bounce.com/stores/turin/y30qzj,200,2026-10-06
7e4751e6-df44-42ff-9071-2800b3ecef77,turin,ap2tkw,https://bounce.com/stores/turin/ap2tkw,200,2026-10-06
8788e9e2-83ec-4c1f-a4d4-f8f059ad9007,turin,tKUsRi,https://bounce.com/stores/turin/tKUsRi,200,2026-10-06
08753c68-1cbb-435a-9dd5-60da704ebdb4,turin,k3shmj,https://bounce.com/stores/turin/k3shmj,200,2026-10-06
a6b8cec5-3a27-4dfc-8f2a-5ffb16062f75,turin,2veiqc,https://bounce.com/stores/turin/2veiqc,200,2026-10-06
1971706e-350a-4b44-aa1f-0baee3fc184b,turin,1bedln,https://bounce.com/stores/turin/1bedln,200,2026-10-06
b1036f9f-6d0e-44a8-833b-bd4ed0d7342e,turin,CZz7uj,https://bounce.com/stores/turin/CZz7uj,200,2026-10-06
ea94b252-827b-4967-8d1e-dc02ef3b3575,turin,npdatj,https://bounce.com/stores/turin/npdatj,200,2026-10-06
32efaaa9-ffe2-48cf-ba08-5ae985c6e944,turin,osjtth,https://bounce.com/stores/turin/osjtth,200,2026-10-06
2f1bc8ed-3437-4765-a577-e4fb9ed26c91,turin,iuzvai,https://bounce.com/stores/turin/iuzvai,200,2026-10-06
7be26183-614a-4ca3-973b-25a98abc29bd,turin,4vefka,https://bounce.com/stores/turin/4vefka,200,2026-10-06
001971d3-cb5e-41f0-8afa-ec702f5c8541,turin,p5nb_5,https://bounce.com/stores/turin/p5nb_5,200,2026-10-06
e8355c1f-5971-431b-a142-de9087e4c451,turin,wdwpgb,https://bounce.com/stores/turin/wdwpgb,200,2026-10-06
3dd8d714-a26f-4924-a41f-10388f4a8173,turin,co0kbw,https://bounce.com/stores/turin/co0kbw,200,2026-10-06
48e4c152-a94c-4709-aa28-5252e849f8d0,turin,TFhCf6,https://bounce.com/stores/turin/TFhCf6,200,2026-10-06
97e42236-d790-4dc4-ba84-e3c1f54a94d5,turin,uqvnoy,https://bounce.com/stores/turin/uqvnoy,200,2026-10-06
89e5a0c5-d941-4cf3-90fd-03e80440015c,turin,-9wdjy,https://bounce.com/stores/turin/-9wdjy,200,2026-10-06
672c58bf-0629-4629-8b7d-4e6ab5f0ba1d,turin,9eymca,https://bounce.com/stores/turin/9eymca,200,2026-10-06
3f3b632f-ded4-46c2-b34a-2df363ad3309,turin,zryrks,https://bounce.com/stores/turin/zryrks,200,2026-10-06
18a4f5d9-27ed-47dd-9a47-d51478862a8a,turin,bxuon5,https://bounce.com/stores/turin/bxuon5,200,2026-10-06
74d8fdc8-4761-44ba-9524-2aa82c8dd76b,turin,iydhu1,https://bounce.com/stores/turin/iydhu1,200,2026-10-06
1b530c94-f3cf-4fa0-984d-f3ced8dd5046,turin,dko_eu,https://bounce.com/stores/turin/dko_eu,200,2026-10-06
416f6823-8b80-455e-8b4b-43085b66d6b3,turin,idi8k9,https://bounce.com/stores/turin/idi8k9,200,2026-10-06
f36a8162-50b0-473d-a05f-aaff5d0a614c,turin,nXJgXk,https://bounce.com/stores/turin/nXJgXk,200,2026-10-06
e323d882-a0ac-4bac-9dbe-1a2a9bf2ca06,turin,kx09zr,https://bounce.com/stores/turin/kx09zr,200,2026-10-06
d3f63cf7-b49c-416b-8fb6-a89d096ba094,turin,wgk4in,https://bounce.com/stores/turin/wgk4in,200,2026-10-06
65aea700-e5f8-4c77-a320-5061ea799144,venice,AdCRhb,https://bounce.com/stores/venice/AdCRhb,200,2026-10-06
24c41338-1530-4e4b-a35b-10c5d7855523,venice,mrIEAl,https://bounce.com/stores/venice/mrIEAl,200,2026-10-06
45498729-3d22-43ba-b4b1-2183949c8cee,venice,zzuisw,https://bounce.com/stores/venice/zzuisw,200,2026-10-06
b275ab14-bf1c-4ba8-b64b-f776d14d4d13,venice,-t-ORc,https://bounce.com/stores/venice/-t-ORc,200,2026-10-06
32050747-2be9-46dd-b598-7766d1836cba,venice,KBGjUv,https://bounce.com/stores/venice/KBGjUv,200,2026-10-06
e7227503-28ae-4c16-bd35-2ecade9ad6ed,venice,DhzR5V,https://bounce.com/stores/venice/DhzR5V,200,2026-10-06
2fa45054-8846-4bec-a5c8-81565ffb86ea,venice,_kXxRl,https://bounce.com/stores/venice/_kXxRl,200,2026-10-06
490e4e2e-d9b8-4d56-8d7d-0145949eadee,venice,TDCnqU,https://bounce.com/stores/venice/TDCnqU,200,2026-10-06
d5e9b9db-3510-4888-bb59-bd5d14ee5c32,venice,uNUBnv,https://bounce.com/stores/venice/uNUBnv,200,2026-10-06
a0b4f2b6-fdaa-4868-b029-04bd188223ce,venice,9WW2R4,https://bounce.com/stores/venice/9WW2R4,200,2026-10-06
da6e95de-4969-486d-9120-155c7cba4c5a,venice,1h085_,https://bounce.com/stores/venice/1h085_,200,2026-10-06
d09316b9-b53f-418c-ae4d-74ed604896cf,venice,vsaez_,https://bounce.com/stores/venice/vsaez_,200,2026-10-06
94fb2732-93e9-4a66-a54b-b1b000d5a83a,venice,N18g1m,https://bounce.com/stores/venice/N18g1m,200,2026-10-06
f482ffcc-3ebe-4b81-9e2c-9a5dd94682a0,venice,YS0tZj,https://bounce.com/stores/venice/YS0tZj,200,2026-10-06
09fb658f-2c97-4508-a4ab-64e6a8f86b30,venice,w04q7-,https://bounce.com/stores/venice/w04q7-,200,2026-10-06
375e185c-6021-4d0b-ad5e-8edf031104ed,venice,OVnOgQ,https://bounce.com/stores/venice/OVnOgQ,200,2026-10-06
504dcbb7-20e4-49c6-9699-c66fed30270a,venice,brc4tn,https://bounce.com/stores/venice/brc4tn,200,2026-10-06
e0398e1b-60ed-43a8-be52-048184491f9d,venice,4UYuH4,https://bounce.com/stores/venice/4UYuH4,200,2026-10-06
7f9869a5-2e64-4a0f-adbf-b7b7a4173b56,venice,e_-46I,https://bounce.com/stores/venice/e_-46I,200,2026-10-06
a257cc1b-223d-4012-873b-6c1da58951b2,venice,B8T4Qu,https://bounce.com/stores/venice/B8T4Qu,200,2026-10-06
5a347cb6-bbfe-4a5f-b67c-f02d369cf227,venice,xiYqlx,https://bounce.com/stores/venice/xiYqlx,200,2026-10-06
c959a40c-ac91-402c-88c6-0ede55fc0f5e,venice,FNKgUB,https://bounce.com/stores/venice/FNKgUB,200,2026-10-06
b6cce0e2-b1b0-4677-99b9-be8b44842b5c,venice,AJrmJl,https://bounce.com/stores/venice/AJrmJl,200,2026-10-06
09ce814f-9bbf-4db1-a9a7-c9fab1f64abc,venice,6NS0WY,https://bounce.com/stores/venice/6NS0WY,200,2026-10-06
95b7e3a6-5b4c-4a68-8d88-966fd9fc1f88,venice,0QojDG,https://bounce.com/stores/venice/0QojDG,200,2026-10-06
77821480-26b4-4479-bedd-e17005525687,venice,JIVlAX,https://bounce.com/stores/venice/JIVlAX,200,2026-10-06
f3c03b0b-258b-47dd-81d1-8c7ac8feedc4,venice,GI6iAG,https://bounce.com/stores/venice/GI6iAG,200,2026-10-06
12a576eb-5c29-4415-aa1a-8bab1e539b65,venice,G2Pgt3,https://bounce.com/stores/venice/G2Pgt3,200,2026-10-06
c616e4a9-e8da-44d9-8518-8177212b6a21,venice,IKkUiB,https://bounce.com/stores/venice/IKkUiB,200,2026-10-06
b1c35231-e0c2-4c23-8f6b-4605c00eac24,venice,eMlL2J,https://bounce.com/stores/venice/eMlL2J,200,2026-10-06
a09ecd9b-f604-4770-a2d9-ac60ad1250fc,venice,roq5mo,https://bounce.com/stores/venice/roq5mo,200,2026-10-06
bfeef17d-fdaf-4187-8752-3eab53549c8b,venice,ICCHZm,https://bounce.com/stores/venice/ICCHZm,200,2026-10-06
993fceda-86cb-4f02-b4f8-9f22eedfe37a,venice,_tw65j,https://bounce.com/stores/venice/_tw65j,200,2026-10-06
1561c376-7104-4862-ac9b-080ff4d29a73,venice,o0h9WT,https://bounce.com/stores/venice/o0h9WT,200,2026-10-06
63643538-f155-400f-a73d-d056e83f5ccb,venice,f4i14f,https://bounce.com/stores/venice/f4i14f,200,2026-10-06
38109b96-000d-4414-a8df-b76489304f80,venice,zvjqda,https://bounce.com/stores/venice/zvjqda,200,2026-10-06
61c95d56-745e-4a88-bf0b-1958fc3750f0,venice,turo0J,https://bounce.com/stores/venice/turo0J,200,2026-10-06
0443c586-5c9b-496f-bdf1-c21ba4a783eb,venice,usi6sq,https://bounce.com/stores/venice/usi6sq,200,2026-10-06
12489858-5940-4c92-a1b6-5c748d4ee7cb,venice,RkRBoe,https://bounce.com/stores/venice/RkRBoe,200,2026-10-06
872aad54-b48d-422e-a87d-d2a6325ad7af,venice,yXmonO,https://bounce.com/stores/venice/yXmonO,200,2026-10-06
e6de8ff0-8ebb-4d31-84fa-e36fd42e7447,venice,z9b0zm,https://bounce.com/stores/venice/z9b0zm,200,2026-10-06
03e15881-4168-4e3a-aeed-168db56adc75,venice,ttrrwf,https://bounce.com/stores/venice/ttrrwf,200,2026-10-06
274b5ccd-8af9-4b61-80bd-0925b0a53f24,venice,2HL5UP,https://bounce.com/stores/venice/2HL5UP,200,2026-10-06
46483063-8e29-446e-af89-476ecdd73639,venice,64gXSU,https://bounce.com/stores/venice/64gXSU,200,2026-10-06
835e698c-786c-4d92-ae55-20f16f9d6f68,venice,84qw1a,https://bounce.com/stores/venice/84qw1a,200,2026-10-06
0f468748-a63e-4fb6-9c6d-4d823b5bcaa6,venice,a0oksl,https://bounce.com/stores/venice/a0oksl,200,2026-10-06
9916186b-7dc0-40df-8f54-2f4b648e6ddd,venice,lsn49d,https://bounce.com/stores/venice/lsn49d,200,2026-10-06
8813ffb6-195f-4e0d-bdad-2954837cb7cd,venice,fdm_wv,https://bounce.com/stores/venice/fdm_wv,200,2026-10-06
63d1302a-a6b6-40fb-badb-f663dd9198f8,venice,dmzebj,https://bounce.com/stores/venice/dmzebj,200,2026-10-06
685184e5-c224-4e10-b417-957aa4e831cf,venice,C9yKmr,https://bounce.com/stores/venice/C9yKmr,200,2026-10-06
82a139e2-57af-41d9-876f-040f625a1a85,venice,m7lgdj,https://bounce.com/stores/venice/m7lgdj,200,2026-10-06
6ef57029-7507-4bfc-a1f5-11d276ef8967,venice,4XInTG,https://bounce.com/stores/venice/4XInTG,200,2026-10-06
cf3549f6-78ea-444d-b7e9-1b1c93a65940,venice,rqeimw,https://bounce.com/stores/venice/rqeimw,200,2026-10-06
dabab66e-1d7f-4648-83ff-4d58b0873c1e,venice,W7hsJu,https://bounce.com/stores/venice/W7hsJu,200,2026-10-06
e66a3683-13ad-4f2f-b0f8-ac9dfa0fadb2,venice,HKMCiF,https://bounce.com/stores/venice/HKMCiF,200,2026-10-06
a67bfdba-c8da-463d-9b23-f9a3db8f3061,venice,0ouGDD,https://bounce.com/stores/venice/0ouGDD,200,2026-10-06
e3bf2e40-bab0-4040-aa19-b18d5cee141e,venice,z1uEI1,https://bounce.com/stores/venice/z1uEI1,200,2026-10-06
38404597-b951-4eab-892b-404bc07b5a23,venice,sZZDFA,https://bounce.com/stores/venice/sZZDFA,200,2026-10-06
6b4d64cd-3558-4571-82b1-850ef6396ba8,venice,r4lrfi,https://bounce.com/stores/venice/r4lrfi,200,2026-10-06
bc5c0b4d-fb31-40c1-b492-7f8feac693d3,venice,XRmM0O,https://bounce.com/stores/venice/XRmM0O,200,2026-10-06
962d73a3-fef4-4dff-b726-6a6ba856aa0c,venice,uxH30s,https://bounce.com/stores/venice/uxH30s,200,2026-10-06
a5bad0b6-b6c3-4420-9167-a9857884fc73,venice,hji5xz,https://bounce.com/stores/venice/hji5xz,200,2026-10-06
56b406f8-65c7-4043-b15c-e0bc97fe1492,venice,d1Cycm,https://bounce.com/stores/venice/d1Cycm,200,2026-10-06
31e4a768-aa54-4bc8-9ff9-97ad52f9607f,venice,wKRk5U,https://bounce.com/stores/venice/wKRk5U,200,2026-10-06
11b27f2d-9fa3-49db-bfec-7f8ffe30edcf,venice,zzq5yp,https://bounce.com/stores/venice/zzq5yp,200,2026-10-06
72ce001f-2e53-456d-9b47-af1eb6ad5f0d,venice,AbLl5r,https://bounce.com/stores/venice/AbLl5r,200,2026-10-06
1ab14450-861a-43ba-947d-fcb6f726b78c,venice,G-8Ocj,https://bounce.com/stores/venice/G-8Ocj,200,2026-10-06
962c92fd-6033-4270-a1c2-4cdbd611f7b9,venice,RsrPFs,https://bounce.com/stores/venice/RsrPFs,200,2026-10-06
78799ff8-721e-48c8-be71-575c66dff5c0,venice,dvbyne,https://bounce.com/stores/venice/dvbyne,200,2026-10-06
5c81865e-ba45-4085-aa88-e117ab166742,venice,S3gyUF,https://bounce.com/stores/venice/S3gyUF,200,2026-10-06
50aa1dc3-cd9b-4012-b0df-215bfea5e13a,venice,ncbiob,https://bounce.com/stores/venice/ncbiob,200,2026-10-06
80ab207d-9199-46dd-94e9-b21f7b644563,venice,r7uki2,https://bounce.com/stores/venice/r7uki2,200,2026-10-06
eb81693f-e970-4dd3-89eb-5a6031b3e77b,venice,qz3rmy,https://bounce.com/stores/venice/qz3rmy,200,2026-10-06
309c91e9-cd60-4428-a313-5e894344d81a,venice,aeDag0,https://bounce.com/stores/venice/aeDag0,200,2026-10-06
d8c0641a-6354-4627-b8c4-28482aca6853,venice,yxw2dJ,https://bounce.com/stores/venice/yxw2dJ,200,2026-10-06
fc815f33-9dec-4611-86e0-8ddc6079132d,venice,QiAmaG,https://bounce.com/stores/venice/QiAmaG,200,2026-10-06
d6e6014f-548e-4c54-b322-2159786a26e1,venice,u_ktym,https://bounce.com/stores/venice/u_ktym,200,2026-10-06
502cfabd-4cd8-456a-adc6-0adb17e1e7be,venice,90idot,https://bounce.com/stores/venice/90idot,200,2026-10-06
380be3fc-bcce-450e-b3bd-35ce6b7749e5,venice,LRFSB6,https://bounce.com/stores/venice/LRFSB6,200,2026-10-06
ce68e94c-798b-45f0-99e9-3873182289a2,venice,SB7Hrn,https://bounce.com/stores/venice/SB7Hrn,200,2026-10-06
0cfe5e9f-dbea-4adf-92f8-8a0612e51607,venice,b8unrf,https://bounce.com/stores/venice/b8unrf,200,2026-10-06
2dc31e12-33e3-4afb-bf78-8a4d26803ecf,venice,fcs-7r,https://bounce.com/stores/venice/fcs-7r,200,2026-10-06
272e9ed2-e883-483a-99c0-38ab0ef3a0c0,venice,pdm70s,https://bounce.com/stores/venice/pdm70s,200,2026-10-06
e2c3351f-68d7-4cb2-abb3-ec20ab57b865,venice,naw9vl,https://bounce.com/stores/venice/naw9vl,200,2026-10-06
df2aebe6-a857-428f-8ac4-f145e4b0c9ff,venice,aojt86,https://bounce.com/stores/venice/aojt86,200,2026-10-06
9544347d-bff2-481e-9a0c-e7c493f5a62c,venice,LDvIEM,https://bounce.com/stores/venice/LDvIEM,200,2026-10-06
aa1d6e9c-3475-45da-9259-d29de5865a32,venice,cur2jC,https://bounce.com/stores/venice/cur2jC,200,2026-10-06
0f61bd56-1a1f-490b-9aae-193ce2fc0814,venice,smkhyc,https://bounce.com/stores/venice/smkhyc,200,2026-10-06
85bf49ed-ccda-4f48-98fa-b5eb30da0bd3,venice,bekmzy,https://bounce.com/stores/venice/bekmzy,200,2026-10-06
d3563ae0-7308-4a0a-8fc9-930ed6499b2b,venice,_myyx5,https://bounce.com/stores/venice/_myyx5,200,2026-10-06
eca23af9-7ab0-4acc-98d0-830f1309f937,venice,87hf91,https://bounce.com/stores/venice/87hf91,200,2026-10-06
4321be32-afa0-412f-a2b5-5f6f4eed4d9e,venice,zf_ehl,https://bounce.com/stores/venice/zf_ehl,200,2026-10-06
d39f6a60-8340-4555-8402-02291caebd43,venice,lDEgw9,https://bounce.com/stores/venice/lDEgw9,200,2026-10-06
04dd6b18-9fce-4818-acf8-ef9f44e42a36,bari,IkAMhq,https://bounce.com/stores/bari/IkAMhq,200,2026-10-06
683c4793-1efa-4260-98ec-892b12af6b61,bari,9fvA9B,https://bounce.com/stores/bari/9fvA9B,200,2026-10-06
b1c7a2b3-2363-4900-b664-cf9b4a3ec705,bari,bBFsK2,https://bounce.com/stores/bari/bBFsK2,200,2026-10-06
d55568ca-e799-41ad-90b7-1b4301c582d4,bari,YUzGjk,https://bounce.com/stores/bari/YUzGjk,200,2026-10-06
95a29a54-c960-4293-9af5-07a39530f868,bari,l2LoeY,https://bounce.com/stores/bari/l2LoeY,200,2026-10-06
6155d451-1d43-444c-b7f6-894747555c7c,bari,rdu1vu,https://bounce.com/stores/bari/rdu1vu,200,2026-10-06
4b33e11c-e043-4000-bf8d-35de8019f075,bari,4Zwysr,https://bounce.com/stores/bari/4Zwysr,200,2026-10-06
ab43f96c-8da4-467a-9c6e-5145c3522807,bari,PkDTsV,https://bounce.com/stores/bari/PkDTsV,200,2026-10-06
bf51e2ff-f887-4d96-bff7-f478d3e275c4,bari,xovuaw,https://bounce.com/stores/bari/xovuaw,200,2026-10-06
cec89bb0-f2d6-43cf-afb7-6d18f7a199d4,bari,1uxPSc,https://bounce.com/stores/bari/1uxPSc,200,2026-10-06
585695c6-c11a-45ab-b95c-6eaac67c9f38,bari,bxqdd4,https://bounce.com/stores/bari/bxqdd4,200,2026-10-06
b8dc4168-65c7-418b-b9f9-f3ae5c4ead56,bari,knoe0s,https://bounce.com/stores/bari/knoe0s,200,2026-10-06
293c368e-c27a-4665-afaa-07e255db5fbd,bari,71dtug,https://bounce.com/stores/bari/71dtug,200,2026-10-06
9e083915-dbd7-476e-818f-586f3da2c826,bari,6esrcm,https://bounce.com/stores/bari/6esrcm,200,2026-10-06
608aa676-3750-4597-801e-107b4b306922,bari,ZWCMvw,https://bounce.com/stores/bari/ZWCMvw,200,2026-10-06
b8c17d4a-d68f-48a5-9089-4d97d48944b3,bari,mqx8li,https://bounce.com/stores/bari/mqx8li,200,2026-10-06
10707e74-79ee-4269-844e-23459a3e1126,bari,0cbNqw,https://bounce.com/stores/bari/0cbNqw,200,2026-10-06
9014b510-2390-43da-8d4f-75befd7c52ee,bari,azvlg5,https://bounce.com/stores/bari/azvlg5,200,2026-10-06
bee0b5bb-f81d-44bc-9371-ac392228ebb3,bari,grn9vx,https://bounce.com/stores/bari/grn9vx,200,2026-10-06
d1601e57-3585-41b4-ae9b-291f8b1fc303,bari,ysnuhc,https://bounce.com/stores/bari/ysnuhc,200,2026-10-06
49cec1b9-7dad-4a22-b4be-29930f05d0a4,bari,onnuhz,https://bounce.com/stores/bari/onnuhz,200,2026-10-06
0f027c69-8ff3-4c58-9479-1ab954b85264,bari,C5Jjo5,https://bounce.com/stores/bari/C5Jjo5,200,2026-10-06
cd9ae8ce-0eb3-465e-bab0-3e0210c1c798,bari,iu3snb,https://bounce.com/stores/bari/iu3snb,200,2026-10-06
c5ae5b28-6ff8-4864-ad58-708d0b812214,bari,q8bm4j,https://bounce.com/stores/bari/q8bm4j,200,2026-10-06
85f6a483-0cb7-437d-8dab-f3f72d9d1fde,bari,satf8e,https://bounce.com/stores/bari/satf8e,200,2026-10-06
a63cb53d-7bb7-40f2-8d49-f44691f05f83,bari,dne2yb,https://bounce.com/stores/bari/dne2yb,200,2026-10-06
57c230f8-1f62-4643-9297-bbc23a5e2ab7,bari,LC6P6U,https://bounce.com/stores/bari/LC6P6U,200,2026-10-06
350c9b13-1c52-4d4d-b4e1-19218d6883e9,bari,ua4RKn,https://bounce.com/stores/bari/ua4RKn,200,2026-10-06
7a997ba3-33b0-40e8-85c7-3b392ed0256e,bari,iqt_zk,https://bounce.com/stores/bari/iqt_zk,200,2026-10-06
698c82ac-2c35-414d-877e-240e836960c4,bari,i2wshd,https://bounce.com/stores/bari/i2wshd,200,2026-10-06
69bde2ee-cf90-4927-8e76-811729e707b7,bari,i7dnJ0,https://bounce.com/stores/bari/i7dnJ0,200,2026-10-06
137419ba-ba6e-4d3b-a382-3c68734eba1d,bari,b5qsri,https://bounce.com/stores/bari/b5qsri,200,2026-10-06
de95aba5-f94b-44fb-94fb-0b95885c79e3,bari,vwxwjw,https://bounce.com/stores/bari/vwxwjw,200,2026-10-06
8af200d4-9f9f-404a-bcdf-e51f3ab3526d,bari,-ethch,https://bounce.com/stores/bari/-ethch,200,2026-10-06
a557b269-404b-4a62-96cd-85bb76872bd7,bari,amoxwg,https://bounce.com/stores/bari/amoxwg,200,2026-10-06
58fc9676-c842-4981-baaf-c15786eafa10,bari,xq4voh,https://bounce.com/stores/bari/xq4voh,200,2026-10-06
71d5578d-589d-4f9f-993e-e3134bfa3435,bari,chcm9g,https://bounce.com/stores/bari/chcm9g,200,2026-10-06
b639a7d5-8302-4539-85d7-c37df3ade5f5,bari,5qzHbH,https://bounce.com/stores/bari/5qzHbH,200,2026-10-06
91e50dcc-d46b-4357-85cc-5a2f66b594b3,bari,bmBmqg,https://bounce.com/stores/bari/bmBmqg,200,2026-10-06
0694a786-5ba3-4c12-a03d-d5ea4a6ff9d5,bari,4fcrpl,https://bounce.com/stores/bari/4fcrpl,200,2026-10-06
61b7de3a-07d0-4c5c-80aa-0faf4495731d,bari,Ph47cA,https://bounce.com/stores/bari/Ph47cA,200,2026-10-06
2d21ccb0-ad50-402d-b581-06ff903982cc,bari,v_b2is,https://bounce.com/stores/bari/v_b2is,200,2026-10-06
e74a61e2-b0fb-4bdb-89d3-6fde5c3b6a4d,bari,hlvapr,https://bounce.com/stores/bari/hlvapr,200,2026-10-06
ea2c3a80-9af2-4f73-81cd-2e2d317bbfd2,bari,bxs5lh,https://bounce.com/stores/bari/bxs5lh,200,2026-10-06
cf5b84e9-9f65-4e2a-aa53-7fa4d9240409,bari,l_q_ya,https://bounce.com/stores/bari/l_q_ya,200,2026-10-06
227806d7-e478-4624-9501-b7884b9475e6,bari,g1ggxd,https://bounce.com/stores/bari/g1ggxd,200,2026-10-06
062ce3f0-f6e8-4983-a69e-987e23e96f73,bari,q66j3g,https://bounce.com/stores/bari/q66j3g,200,2026-10-06
55eb08f4-f43f-47c1-869f-bfb1d46636d9,bari,xjrxca,https://bounce.com/stores/bari/xjrxca,200,2026-10-06
7d0794dd-6d09-4269-9d6d-1d60bbf42b06,bari,wiws1c,https://bounce.com/stores/bari/wiws1c,200,2026-10-06
4a593b81-9938-428b-90f9-d1a501a13fbe,bari,jegnun,https://bounce.com/stores/bari/jegnun,200,2026-10-06
fd2bf8cf-0003-47be-8ff7-43a7b86e422f,bari,1ugf0f,https://bounce.com/stores/bari/1ugf0f,200,2026-10-06
ce75ecc7-9e1d-4dcb-b210-87c5d36e0c02,bari,csvniu,https://bounce.com/stores/bari/csvniu,200,2026-10-06
541804ce-422e-4124-859f-b0c2dac91218,bari,xphadg,https://bounce.com/stores/bari/xphadg,200,2026-10-06
684569d6-de0a-4692-99ab-6794c36f8554,bari,rmvvou,https://bounce.com/stores/bari/rmvvou,200,2026-10-06
8a160250-ffe7-4cd5-985a-a4f1279c5bb5,bari,tyzxyx,https://bounce.com/stores/bari/tyzxyx,200,2026-10-06
70958eb5-f97a-4970-96e7-f4a9b65ce972,bari,uh2lzy,https://bounce.com/stores/bari/uh2lzy,200,2026-10-06
b1c9841e-1572-4789-9283-b7d92ab7fd61,bari,n2m86n,https://bounce.com/stores/bari/n2m86n,200,2026-10-06
e852c797-673a-4f7a-a583-bd9955670c25,bari,vrj1zl,https://bounce.com/stores/bari/vrj1zl,200,2026-10-06
aee95cba-2135-4db1-9c96-c4cbb1d3a90a,bari,fcckxg,https://bounce.com/stores/bari/fcckxg,200,2026-10-06
e21730b2-e6ed-47d3-adc1-dde62f3b1725,bari,ebwjit,https://bounce.com/stores/bari/ebwjit,200,2026-10-06
09878c88-a988-4898-beda-4778eab5dd3c,bari,m4j69y,https://bounce.com/stores/bari/m4j69y,200,2026-10-06
4457a8d6-a2c0-4bb3-863c-93990bc589fa,bari,tzhjzp,https://bounce.com/stores/bari/tzhjzp,200,2026-10-06
b82c9d0b-4cf7-4d37-a5c9-c96f5623565a,bari,w6dfpy,https://bounce.com/stores/bari/w6dfpy,200,2026-10-06
121c82eb-cbe0-4cc3-bab4-cb27f9b78b53,bari,n2vtrq,https://bounce.com/stores/bari/n2vtrq,200,2026-10-06
8f86b2b6-ca1c-4a4f-ad6e-56ef804157f9,bari,lskr9g,https://bounce.com/stores/bari/lskr9g,200,2026-10-06
e3777897-ee72-4c39-b9c1-57b230043a9f,bari,uvgipr,https://bounce.com/stores/bari/uvgipr,200,2026-10-06
ece68904-ab3a-4b65-8ba2-c482147607dc,bari,w1wnn6,https://bounce.com/stores/bari/w1wnn6,200,2026-10-06
01fc4779-c8f0-43df-9cac-69018e8faf4a,bari,zcmqzx,https://bounce.com/stores/bari/zcmqzx,200,2026-10-06
5095ddba-3b08-4e16-bbdb-3805de900aad,verona,IRAZtS,https://bounce.com/stores/verona/IRAZtS,200,2026-10-06
72614706-95a4-4178-96ff-9dd02f02bf1d,verona,b4s7r5,https://bounce.com/stores/verona/b4s7r5,200,2026-10-06
4cd6d56f-f19c-4f57-aa08-80af2c7c6dc3,verona,iwm8ww,https://bounce.com/stores/verona/iwm8ww,200,2026-10-06
5ad11204-336e-4409-8f0a-197e1840d890,verona,jHDzwR,https://bounce.com/stores/verona/jHDzwR,200,2026-10-06
6ac95226-95ed-4517-a984-a7338c10070e,verona,gP6Vlv,https://bounce.com/stores/verona/gP6Vlv,200,2026-10-06
3bf8b84a-cf70-4159-a84c-e3d81d465cf1,verona,tbgbbf,https://bounce.com/stores/verona/tbgbbf,200,2026-10-06
535c861a-3159-48fb-abdc-ab9fb4f4b485,verona,ElVuDy,https://bounce.com/stores/verona/ElVuDy,200,2026-10-06
677ff30b-a058-4d4b-8c88-da9069d2952b,verona,eZnMP8,https://bounce.com/stores/verona/eZnMP8,200,2026-10-06
5ed92367-abb9-4e11-911d-19242a3a49f3,verona,hkKaAu,https://bounce.com/stores/verona/hkKaAu,200,2026-10-06
7aee090a-0d3c-4a97-9f6f-11c887fcad00,verona,gai5lw,https://bounce.com/stores/verona/gai5lw,200,2026-10-06
fe6dcef1-0d5f-413e-b4e3-f35e787fdd07,verona,zajs-d,https://bounce.com/stores/verona/zajs-d,200,2026-10-06
9f709e9e-11d9-41b6-bb6a-17d41f54d348,verona,ztvuiz,https://bounce.com/stores/verona/ztvuiz,200,2026-10-06
15e55e74-851a-417e-8196-d437e193c622,verona,9uonu6,https://bounce.com/stores/verona/9uonu6,200,2026-10-06
af82a3ec-f646-4465-93aa-0ddf61b71d51,verona,hl8fuc,https://bounce.com/stores/verona/hl8fuc,200,2026-10-06
21f79b54-9cf1-4bb5-85e2-8927d2bc4d99,verona,2jufrv,https://bounce.com/stores/verona/2jufrv,200,2026-10-06
5a0d00a6-7c4f-4ca0-bbb5-aa76d43185a0,verona,mzl7wh,https://bounce.com/stores/verona/mzl7wh,200,2026-10-06
e0956d25-8ade-4e18-bb6d-a2b19c55e206,verona,lddkvn,https://bounce.com/stores/verona/lddkvn,200,2026-10-06
d824a4f5-5fcd-4449-a07a-b3335ad27875,verona,zfgb8f,https://bounce.com/stores/verona/zfgb8f,200,2026-10-06
b3e7bf5a-91c8-4712-a710-041d2f61260d,verona,9tmgwf,https://bounce.com/stores/verona/9tmgwf,200,2026-10-06
09079ea0-2de4-4a9b-8fa2-15599caedbe9,verona,sraglx,https://bounce.com/stores/verona/sraglx,200,2026-10-06
ab6a4fbe-c9bd-4bf8-86a1-9daf2708e37a,verona,bq8xdr,https://bounce.com/stores/verona/bq8xdr,200,2026-10-06
dde120bb-64f4-40c9-93a9-a6be517de1ea,verona,pu8szy,https://bounce.com/stores/verona/pu8szy,200,2026-10-06
d459127f-1673-4d48-a522-a29d184b2146,verona,H4rm-k,https://bounce.com/stores/verona/H4rm-k,200,2026-10-06
21944148-2179-4e1a-afd0-f9ab837a64eb,verona,-vz-8t,https://bounce.com/stores/verona/-vz-8t,200,2026-10-06
762882df-e35a-40e4-8ddb-88a58aa4d3f2,verona,oflj5g,https://bounce.com/stores/verona/oflj5g,200,2026-10-06
c544a780-67ba-4f72-b1f9-5ce5b928b75f,verona,LmhP1I,https://bounce.com/stores/verona/LmhP1I,200,2026-10-06
bb5a7614-4072-4505-a7a3-8028cd7beff0,verona,ows3jd,https://bounce.com/stores/verona/ows3jd,200,2026-10-06
aff204f4-8555-4dfb-ae48-f6470ad92203,verona,tyidjb,https://bounce.com/stores/verona/tyidjb,200,2026-10-06
ed4f6066-3469-4777-9dde-48dfc4635dd7,verona,jtlmhx,https://bounce.com/stores/verona/jtlmhx,200,2026-10-06
0b37629d-0f04-469f-8a68-005fee3ef4a8,verona,W09-g3,https://bounce.com/stores/verona/W09-g3,200,2026-10-06
973c98e0-5a0a-40e7-a198-c1e1fdbffb8f,verona,v2cuo3,https://bounce.com/stores/verona/v2cuo3,200,2026-10-06
27de3284-1c75-416d-869f-709209ddc516,verona,g0anh8,https://bounce.com/stores/verona/g0anh8,200,2026-10-06
cdd532b2-a97e-44bf-8dea-785bc897920d,verona,zuqa6q,https://bounce.com/stores/verona/zuqa6q,200,2026-10-06
6ddb728f-4055-4eb4-927a-4c6e58df816d,verona,1tqy80,https://bounce.com/stores/verona/1tqy80,200,2026-10-06
bfdc1749-0c52-4033-af7b-3c6b95cca0b1,verona,bkv6zj,https://bounce.com/stores/verona/bkv6zj,200,2026-10-06
0c94249e-6db2-4071-b8f9-70e31c67802c,verona,yqtf0f,https://bounce.com/stores/verona/yqtf0f,200,2026-10-06
da3dc5d4-3632-48a8-8dc8-b479960d8368,verona,e6jeqk,https://bounce.com/stores/verona/e6jeqk,200,2026-10-06
a01f9790-953a-4257-adf9-3af7681fd264,verona,6bCnKZ,https://bounce.com/stores/verona/6bCnKZ,200,2026-10-06
8d018108-36c0-45f6-abc9-85e2adb0a173,verona,6dmgps,https://bounce.com/stores/verona/6dmgps,200,2026-10-06
540b57cf-57ee-4a05-b1f7-c01c4ad1b982,verona,z1dumV,https://bounce.com/stores/verona/z1dumV,200,2026-10-06
39ec0fff-a3e6-454f-85fa-19b42eceef46,verona,erzz8j,https://bounce.com/stores/verona/erzz8j,200,2026-10-06
abe3a260-35a6-4f22-9b11-08843befd23a,verona,1ujawl,https://bounce.com/stores/verona/1ujawl,200,2026-10-06
e083d66a-56dd-410e-bb86-3c4e4328d2fd,verona,w4viqn,https://bounce.com/stores/verona/w4viqn,200,2026-10-06
d868b842-18a8-47aa-8463-00088d4a06df,verona,zul-48,https://bounce.com/stores/verona/zul-48,200,2026-10-06
ed818c7d-ec80-438a-92a5-525158a6bbba,verona,lygmy4,https://bounce.com/stores/verona/lygmy4,200,2026-10-06
0e02fdcc-05f7-4165-ad57-985fec930369,verona,yiakgz,https://bounce.com/stores/verona/yiakgz,200,2026-10-06
146727fe-ce47-4050-b395-7ec860fe92db,verona,86irye,https://bounce.com/stores/verona/86irye,200,2026-10-06
d71173d3-9456-4d23-b386-b888b622c572,verona,QUD2Xq,https://bounce.com/stores/verona/QUD2Xq,200,2026-10-06
a19b2720-6368-4f87-a60a-f125ccd5fcc8,verona,2jdeti,https://bounce.com/stores/verona/2jdeti,200,2026-10-06
3dba5a42-34c6-4508-a7bf-d71f415d5930,verona,na6qht,https://bounce.com/stores/verona/na6qht,200,2026-10-06
f7007043-1729-4344-812d-11e614dfef4d,verona,l3Y-m7,https://bounce.com/stores/verona/l3Y-m7,200,2026-10-06
da0825c5-d6fc-46b9-bd40-e3d4053c3728,verona,4oFn57,https://bounce.com/stores/verona/4oFn57,200,2026-10-06
f60550fc-ea47-45b2-9fd9-f3b6e1e171cc,verona,tnnibo,https://bounce.com/stores/verona/tnnibo,200,2026-10-06
301d16d1-a7f6-40f0-8fa6-4c026838a4e7,verona,sqx7re,https://bounce.com/stores/verona/sqx7re,200,2026-10-06
9c3012ad-4d24-4559-96ce-13dbc8c0dc48,verona,t1b8oi,https://bounce.com/stores/verona/t1b8oi,200,2026-10-06
f1e39761-c7ce-4361-9361-03e242334875,verona,pddebr,https://bounce.com/stores/verona/pddebr,200,2026-10-06
626efcc1-b08e-4f9c-aa70-613cc9edd20e,verona,gsih4_,https://bounce.com/stores/verona/gsih4_,200,2026-10-06
1e386b69-ac70-46c0-8af2-fd76357657c6,verona,ejbpaw,https://bounce.com/stores/verona/ejbpaw,200,2026-10-06
c5e3172e-86f6-4802-a7d1-9d2621702ff3,verona,h2t02c,https://bounce.com/stores/verona/h2t02c,200,2026-10-06
c74d3c68-63ac-436c-81ee-2a8ee8869f9b,verona,p6ugmt,https://bounce.com/stores/verona/p6ugmt,200,2026-10-06
d4863dd7-0599-4aa1-9d9d-4a065c08ad60,verona,2meneh,https://bounce.com/stores/verona/2meneh,200,2026-10-06
72abcb98-f4af-4842-a5ed-378d3d6f161e,verona,mg6sv8,https://bounce.com/stores/verona/mg6sv8,200,2026-10-06
013387a9-285a-4dbb-88c6-017648edce1f,verona,wpe2ip,https://bounce.com/stores/verona/wpe2ip,200,2026-10-06
b44c2150-055d-4bc0-9bd7-66a6a60a62e9,verona,s_1cid,https://bounce.com/stores/verona/s_1cid,200,2026-10-06
c89873ec-343a-4c6e-82c6-fd6dfe71136d,verona,oy2rsp,https://bounce.com/stores/verona/oy2rsp,200,2026-10-06
9fb1a17d-046a-46a9-8a9c-35ade06211bf,salerno,N4BfUn,https://bounce.com/stores/salerno/N4BfUn,200,2026-10-06
94d4dbe8-e8d1-46af-a8b9-22a8ad2ebece,salerno,YUDy9Y,https://bounce.com/stores/salerno/YUDy9Y,200,2026-10-06
e5245300-ef5b-4bc0-b62a-2eba1def4cd9,salerno,COhB6z,https://bounce.com/stores/salerno/COhB6z,200,2026-10-06
8ead3e2d-286e-4d51-a1e4-eed64a604e89,salerno,piytra,https://bounce.com/stores/salerno/piytra,200,2026-10-06
3ff43874-eb02-4969-8d52-067de73e3a21,salerno,b5b8Zd,https://bounce.com/stores/salerno/b5b8Zd,200,2026-10-06
c11e937f-7425-4d60-8174-8232a5271286,salerno,EjWsWh,https://bounce.com/stores/salerno/EjWsWh,200,2026-10-06
d801da55-0aa2-4c05-b34f-03c5ee413f4b,salerno,HhB1-d,https://bounce.com/stores/salerno/HhB1-d,200,2026-10-06
372374ff-af3c-4eba-ace6-993588ce846e,salerno,ZDmaBI,https://bounce.com/stores/salerno/ZDmaBI,200,2026-10-06
ffabdbb8-b407-44dc-940a-c64bd63ac74f,salerno,Ua0D8y,https://bounce.com/stores/salerno/Ua0D8y,200,2026-10-06
f0e20aeb-3586-4728-9d0a-e4711d387b1c,salerno,i-QDg_,https://bounce.com/stores/salerno/i-QDg_,200,2026-10-06
1bc5caa8-4c1f-4b2a-ad63-2356576ac4a4,salerno,xik0pt,https://bounce.com/stores/salerno/xik0pt,200,2026-10-06
260c9ce3-41a6-4f7e-90ef-609d65c22993,salerno,ap1ysb,https://bounce.com/stores/salerno/ap1ysb,200,2026-10-06
02136bdc-4581-4d41-8af2-7adb1cdf7754,salerno,yse1cu,https://bounce.com/stores/salerno/yse1cu,200,2026-10-06
c3fbac08-af74-466b-bcfb-18fb89627d1c,salerno,ukaqtc,https://bounce.com/stores/salerno/ukaqtc,200,2026-10-06
78393624-76cf-4000-ae43-a8cfc87368ab,salerno,e-yjpf,https://bounce.com/stores/salerno/e-yjpf,200,2026-10-06
88b8c41c-a07f-4094-84ad-170d3f1a3cc0,salerno,jyzqj9,https://bounce.com/stores/salerno/jyzqj9,200,2026-10-06
2efa81e8-620c-455c-a496-66d58d3ca099,salerno,revnkj,https://bounce.com/stores/salerno/revnkj,200,2026-10-06
8f7ece0a-01c9-4218-9d63-62dba8ce2578,salerno,zVTOpw,https://bounce.com/stores/salerno/zVTOpw,200,2026-10-06
7d3cdafd-80ea-4192-b44d-b04020f89033,salerno,77grsl,https://bounce.com/stores/salerno/77grsl,200,2026-10-06
d24ec50e-4cca-4a40-bf89-154c3fa8cbed,salerno,rv5325,https://bounce.com/stores/salerno/rv5325,200,2026-10-06
2073cb8d-c1fa-4759-9d86-c639c4351061,salerno,mxuxti,https://bounce.com/stores/salerno/mxuxti,200,2026-10-06
2f868578-4392-4413-8c7d-c889be0cff34,salerno,fv4mzp,https://bounce.com/stores/salerno/fv4mzp,200,2026-10-06
b6852d7f-8613-44ca-a304-b6bc31d9172a,salerno,ypv3dg,https://bounce.com/stores/salerno/ypv3dg,200,2026-10-06
89266a18-e4b9-460a-b11b-6a3b70e24f48,salerno,blsq2e,https://bounce.com/stores/salerno/blsq2e,200,2026-10-06
f6f27c39-2f32-4706-8f90-785312bee896,salerno,uxy5kg,https://bounce.com/stores/salerno/uxy5kg,200,2026-10-06
418abe06-c145-439a-865a-0f5123f87844,salerno,27HYaW,https://bounce.com/stores/salerno/27HYaW,200,2026-10-06
0c57e88b-438f-4981-a6de-06173b73c42d,salerno,96runa,https://bounce.com/stores/salerno/96runa,200,2026-10-06
0578bdb8-f6f1-48f7-bc5e-d25aebe51d6f,salerno,bEwRxk,https://bounce.com/stores/salerno/bEwRxk,200,2026-10-06
9ab75d83-00ba-4dca-b6b9-85070222ba59,salerno,oyx8tj,https://bounce.com/stores/salerno/oyx8tj,200,2026-10-06
147ce524-e490-494f-9952-9e77fdc1bbf6,salerno,tyilvr,https://bounce.com/stores/salerno/tyilvr,200,2026-10-06
8183b552-5ab7-4f86-ab7d-1b509e5b72c2,salerno,p8prrk,https://bounce.com/stores/salerno/p8prrk,200,2026-10-06
5a865472-fcc4-4015-9df5-d1056cf35774,salerno,snrn_d,https://bounce.com/stores/salerno/snrn_d,200,2026-10-06
43ad5a59-03b2-48e1-bfd8-e7271e8d0fea,salerno,a03299,https://bounce.com/stores/salerno/a03299,200,2026-10-06
45ddcf3d-911b-47e1-aab0-07a9d1d5b734,salerno,uxbn-2,https://bounce.com/stores/salerno/uxbn-2,200,2026-10-06
3b019fd0-b1b0-4741-ac15-c95a8f655f4f,salerno,1cuwgo,https://bounce.com/stores/salerno/1cuwgo,200,2026-10-06
5a637f27-acd5-4dda-a4f0-3ab9428f2a5a,salerno,ke8_gm,https://bounce.com/stores/salerno/ke8_gm,200,2026-10-06
5d6f9bb8-5bb2-4c04-8252-1c111068acc1,salerno,wnxc41,https://bounce.com/stores/salerno/wnxc41,200,2026-10-06
6b50546e-fd29-4aa6-96da-3aca5437dffa,salerno,vazmym,https://bounce.com/stores/salerno/vazmym,200,2026-10-06
9923095f-1f18-4fd8-968a-3cbffa8320f4,salerno,coh3u4,https://bounce.com/stores/salerno/coh3u4,200,2026-10-06
b7325c42-56d0-410c-b27e-c19a8b7bda54,salerno,6fsln_,https://bounce.com/stores/salerno/6fsln_,200,2026-10-06
bd0362f4-a7cd-4c95-ab79-2aa571b42826,salerno,3igcgg,https://bounce.com/stores/salerno/3igcgg,200,2026-10-06
1fc45409-5992-400e-a4a1-c8d4f3dd79f8,salerno,ZTBAGX,https://bounce.com/stores/salerno/ZTBAGX,200,2026-10-06
4d2da7e7-72dc-4e4a-8e0e-65a57d76f1b2,salerno,d7wfpg,https://bounce.com/stores/salerno/d7wfpg,200,2026-10-06
012ed7eb-b513-42fd-a337-a3ad9588d084,salerno,YhF358,https://bounce.com/stores/salerno/YhF358,200,2026-10-06
e14ac8d2-d1c3-4b66-97bf-ca8fdf5b3ff1,salerno,0wzq7d,https://bounce.com/stores/salerno/0wzq7d,200,2026-10-06
33b94d6f-6a26-4518-b2c1-7326970e38d8,salerno,9mcqnd,https://bounce.com/stores/salerno/9mcqnd,200,2026-10-06
34e74d34-c4e2-41cf-8d69-5fb8e489b723,salerno,srl-db,https://bounce.com/stores/salerno/srl-db,200,2026-10-06
8d0d9b1d-09db-456d-8296-ae660ab1758d,salerno,bxykjx,https://bounce.com/stores/salerno/bxykjx,200,2026-10-06
9b084ef9-3679-48f9-88c3-72df137ffb11,salerno,vd2l9i,https://bounce.com/stores/salerno/vd2l9i,200,2026-10-06
79b7231c-49d5-4ed7-8e2e-ecead1c562c4,salerno,p454ox,https://bounce.com/stores/salerno/p454ox,200,2026-10-06
f5aeb3cc-d4a0-47a5-919a-4e8499669206,salerno,zybwfb,https://bounce.com/stores/salerno/zybwfb,200,2026-10-06
2393e71f-ab12-4964-9ff6-4e1be6b2e134,salerno,qw27dx,https://bounce.com/stores/salerno/qw27dx,200,2026-10-06
3a4b77ae-6fe3-48d8-afed-74bd512ef5d8,salerno,7yu4dy,https://bounce.com/stores/salerno/7yu4dy,200,2026-10-06
57e20209-5d7e-4d68-9212-b9bb85770c7d,salerno,jfq5md,https://bounce.com/stores/salerno/jfq5md,200,2026-10-06
dac891a1-f27c-4189-a9ff-522bf0333081,salerno,2es3oe,https://bounce.com/stores/salerno/2es3oe,200,2026-10-06
562cc1e4-8abe-4a88-b8d9-678f4cb044f7,salerno,eo9w-x,https://bounce.com/stores/salerno/eo9w-x,200,2026-10-06
906b3466-7db0-4c7f-94e1-a4a7b6c3c95c,salerno,unocbp,https://bounce.com/stores/salerno/unocbp,200,2026-10-06
ecc96cc5-ca15-48b5-a545-bf1d1975b712,salerno,v3l_ct,https://bounce.com/stores/salerno/v3l_ct,200,2026-10-06
d0e5152d-8503-41a9-ac2b-60d843e76971,brescia,0fxou5,https://bounce.com/stores/brescia/0fxou5,404,2026-10-06
da7609b5-feb5-4bb8-82de-de1725ca26aa,brescia,sicxzn,https://bounce.com/stores/brescia/sicxzn,404,2026-10-06
182c0814-4105-45aa-a546-ef02d1264581,brescia,ievnhp,https://bounce.com/stores/brescia/ievnhp,404,2026-10-06
cb0bee15-753f-4382-9cc4-d7ca8bd45e3a,brescia,94opt_,https://bounce.com/stores/brescia/94opt_,404,2026-10-06
a7e9f228-1a02-439b-9301-02e5cd622d84,brescia,j1le3m,https://bounce.com/stores/brescia/j1le3m,404,2026-10-06
49a4c376-1f6c-49e8-8b43-07cd00bd31a2,brescia,xlzkl5,https://bounce.com/stores/brescia/xlzkl5,404,2026-10-06
ed939dcc-292d-4662-a5b4-ab0d61da24e8,brescia,vuxc6i,https://bounce.com/stores/brescia/vuxc6i,404,2026-10-06
471dd3b5-0257-4be8-a27e-649e58109aa2,brescia,570vnw,https://bounce.com/stores/brescia/570vnw,404,2026-10-06
3dc465a5-9af7-4a3b-af70-319d143ef8ce,brescia,9ir__a,https://bounce.com/stores/brescia/9ir__a,404,2026-10-06
048a927b-98b5-4a9c-a050-b1a8153778af,brescia,jwzko7,https://bounce.com/stores/brescia/jwzko7,404,2026-10-06
a87fcaf1-61bb-4496-8529-7ae06c336630,brescia,xsd8cb,https://bounce.com/stores/brescia/xsd8cb,404,2026-10-06
1003c5d4-8136-42bb-8cf0-737129f661fc,brescia,nnys78,https://bounce.com/stores/brescia/nnys78,404,2026-10-06
16d64972-090f-4d82-b6fb-187b2b7b605a,brescia,jbtnjv,https://bounce.com/stores/brescia/jbtnjv,404,2026-10-06
f0f697cc-1cb1-4137-bf43-fe7837297ae9,brescia,8nth90,https://bounce.com/stores/brescia/8nth90,404,2026-10-06
e9a3f15e-5978-40e7-93c1-ee09a391a266,brescia,9q1dtz,https://bounce.com/stores/brescia/9q1dtz,404,2026-10-06
cec741d1-cd62-40c7-834e-6d55b27acb8e,brescia,mkpttg,https://bounce.com/stores/brescia/mkpttg,404,2026-10-06
22fe1af7-6c46-45b5-b75b-6db352349ccc,brescia,jv_cbe,https://bounce.com/stores/brescia/jv_cbe,404,2026-10-06
19ae3414-8765-4636-9fef-0d166ad68998,brescia,zb3acd,https://bounce.com/stores/brescia/zb3acd,404,2026-10-06
5e17e468-5e56-4649-a845-c87b3fdab523,brescia,emyyp8,https://bounce.com/stores/brescia/emyyp8,404,2026-10-06
e50edf1b-78c1-4896-bfba-6227719be850,brescia,_xnzhy,https://bounce.com/stores/brescia/_xnzhy,404,2026-10-06
56f84c58-89f7-4faa-86eb-a950c4172135,brescia,pfgpqi,https://bounce.com/stores/brescia/pfgpqi,404,2026-10-06
04a0bdf3-b859-4dd1-ae61-31f0ab5acf88,brescia,kgrdvi,https://bounce.com/stores/brescia/kgrdvi,404,2026-10-06
2010b09d-c8e6-4cc1-b5b5-334fe15f8067,brescia,pufjuh,https://bounce.com/stores/brescia/pufjuh,404,2026-10-06
08db9699-bd0f-4b7a-95ef-a4e4f9c7ecc7,brescia,yjgix3,https://bounce.com/stores/brescia/yjgix3,404,2026-10-06
7d23101f-4688-45ff-95a3-5568b3f15e93,brescia,kv22pg,https://bounce.com/stores/brescia/kv22pg,404,2026-10-06
c6d19c30-1179-4c32-95e1-49cc74c6172e,brescia,dommkh,https://bounce.com/stores/brescia/dommkh,404,2026-10-06
57c42a81-73a4-4211-b3a7-c6f2e1710d12,brescia,4ahmno,https://bounce.com/stores/brescia/4ahmno,404,2026-10-06
212f23b7-224d-4a73-906f-00cb7b0561aa,brescia,smzx_l,https://bounce.com/stores/brescia/smzx_l,404,2026-10-06
2438a8de-1223-4e53-9dad-e4386464a7b7,brescia,pnd3bi,https://bounce.com/stores/brescia/pnd3bi,404,2026-10-06
365c124d-bd29-4aa7-b524-5985698b7b48,brescia,_geaje,https://bounce.com/stores/brescia/_geaje,404,2026-10-06
44bb2d49-09da-4756-a12c-8e49f13635c2,brescia,syzz8k,https://bounce.com/stores/brescia/syzz8k,404,2026-10-06
c35e703d-0936-48ac-b696-2e0bc5990925,brescia,sp7fci,https://bounce.com/stores/brescia/sp7fci,404,2026-10-06
151633d4-0c1e-476c-bb61-b269da49a7aa,brescia,-coiwn,https://bounce.com/stores/brescia/-coiwn,404,2026-10-06
21a9af07-6238-491b-9664-da7de4c3b7c4,brescia,jdigqp,https://bounce.com/stores/brescia/jdigqp,404,2026-10-06
6ba226bb-6e15-47fa-9c4a-82bf8c1a2042,brescia,d04pjf,https://bounce.com/stores/brescia/d04pjf,404,2026-10-06
8d743414-87d3-4145-a24b-b5a89e24cc26,brescia,fm7k4_,https://bounce.com/stores/brescia/fm7k4_,404,2026-10-06
95a8ab07-d642-4bf0-be11-9ec600aee1d7,brescia,agq_x0,https://bounce.com/stores/brescia/agq_x0,404,2026-10-06
aba46bb4-72a9-446f-9a86-c3c3ebb999f0,brescia,rj7oed,https://bounce.com/stores/brescia/rj7oed,404,2026-10-06
b1a227aa-548f-4246-8cd8-9490e0a247d3,brescia,zwqaaz,https://bounce.com/stores/brescia/zwqaaz,404,2026-10-06
a02be727-d67f-4001-a10b-4d33721d624e,brescia,-p0rea,https://bounce.com/stores/brescia/-p0rea,404,2026-10-06
02cc3dc8-b237-48f4-b502-ebfb430bec63,brescia,ran_5x,https://bounce.com/stores/brescia/ran_5x,404,2026-10-06
e500cafd-1be4-440d-bbe1-f29fe538302d,brescia,pb1_pa,https://bounce.com/stores/brescia/pb1_pa,404,2026-10-06
e2174170-c400-49ae-973d-cbf000839ae2,brescia,zmpenl,https://bounce.com/stores/brescia/zmpenl,404,2026-10-06
22a42ad3-d867-4696-9956-2ec86bd40310,brescia,o3zlji,https://bounce.com/stores/brescia/o3zlji,404,2026-10-06
e9197682-1000-4736-b6d8-2ed765f2c622,brescia,hagxkc,https://bounce.com/stores/brescia/hagxkc,404,2026-10-06
348a7eb8-7922-4cfd-b7f8-78e6c338b425,brescia,hmoqs6,https://bounce.com/stores/brescia/hmoqs6,404,2026-10-06
02383ce8-edba-4b9f-bc22-ff459e61548b,brescia,88_gsb,https://bounce.com/stores/brescia/88_gsb,404,2026-10-06
338efb86-7af4-444b-a49d-c56cbd1ec7ac,brescia,avsok4,https://bounce.com/stores/brescia/avsok4,404,2026-10-06
bd9f0833-98c6-44b5-a0cc-328b4a2c9a08,brescia,UcR00V,https://bounce.com/stores/brescia/UcR00V,404,2026-10-06
2e5908f1-5d1d-441f-ab60-d887995f5357,brescia,jelkpf,https://bounce.com/stores/brescia/jelkpf,404,2026-10-06
8263ece9-5bdb-486b-8a47-24c4a8b69b84,brescia,rtkgoi,https://bounce.com/stores/brescia/rtkgoi,404,2026-10-06
aa1670e2-257c-47c5-af2f-4933b26e3d65,brescia,vrgdlq,https://bounce.com/stores/brescia/vrgdlq,404,2026-10-06
06a12f51-aa62-4c82-ae7f-a7e1bb7252ee,brescia,9iqwz9,https://bounce.com/stores/brescia/9iqwz9,404,2026-10-06
6f15176c-ef6b-4cce-9beb-6947b4e0722a,bergamo,H-1cpf,https://bounce.com/stores/bergamo/H-1cpf,200,2026-10-06
d2596018-aeb5-4d0a-bdc7-2788a7a703cd,bergamo,2eHbmT,https://bounce.com/stores/bergamo/2eHbmT,200,2026-10-06
ac72f169-8f89-427c-bf7b-324a4113c3bd,bergamo,jwa7o5,https://bounce.com/stores/bergamo/jwa7o5,200,2026-10-06
4e61deec-ecd5-44b7-abf7-67a38327796b,bergamo,ctowuo,https://bounce.com/stores/bergamo/ctowuo,200,2026-10-06
6afd695c-b207-4715-80c5-2c3b17e28834,bergamo,c9wg3i,https://bounce.com/stores/bergamo/c9wg3i,200,2026-10-06
c7194dcc-473f-4032-b478-4c92eed38bd5,bergamo,hmCa_h,https://bounce.com/stores/bergamo/hmCa_h,200,2026-10-06
315dc965-dcbb-4a8d-8135-8a4f9390fac6,bergamo,lpuup3,https://bounce.com/stores/bergamo/lpuup3,200,2026-10-06
ded84450-7877-410d-aa4f-b0d1f122b70f,bergamo,icqcB1,https://bounce.com/stores/bergamo/icqcB1,200,2026-10-06
d1e661f2-f91a-4e34-a287-3586480e6710,bergamo,p887dr,https://bounce.com/stores/bergamo/p887dr,200,2026-10-06
4b13952e-96e5-4f88-b467-84ac93681645,bergamo,sfTjKs,https://bounce.com/stores/bergamo/sfTjKs,200,2026-10-06
15e1ad27-30a0-47f7-bb5d-aa4de13f84c1,bergamo,ljofqt,https://bounce.com/stores/bergamo/ljofqt,200,2026-10-06
0c93580a-6e49-4c94-9216-e5b251691374,bergamo,gdt62a,https://bounce.com/stores/bergamo/gdt62a,200,2026-10-06
27ec7c1a-f6e8-4300-a286-88adf410a657,bergamo,wxvw1x,https://bounce.com/stores/bergamo/wxvw1x,200,2026-10-06
d8a74193-b749-415f-af9a-0910878f0e88,bergamo,PQAzlP,https://bounce.com/stores/bergamo/PQAzlP,200,2026-10-06
50ee4514-2fe8-457d-8396-1ec1fa46b5ca,bergamo,7halvy,https://bounce.com/stores/bergamo/7halvy,200,2026-10-06
b618bedc-64b7-4785-9bb0-0432610ad6da,bergamo,-_vekq,https://bounce.com/stores/bergamo/-_vekq,200,2026-10-06
fccfd87a-f510-4c50-a5d4-19d6a22a54f9,bergamo,v__p9f,https://bounce.com/stores/bergamo/v__p9f,200,2026-10-06
4d0a251d-ff9a-4e4c-9703-1e9fbc3b3aac,bergamo,3vbhg8,https://bounce.com/stores/bergamo/3vbhg8,200,2026-10-06
dfc20d37-6f25-4cad-9c20-29d47899f3f8,bergamo,dds8vs,https://bounce.com/stores/bergamo/dds8vs,200,2026-10-06
4e1cbe74-f168-4382-aa7f-943fb2607b19,bergamo,clw701,https://bounce.com/stores/bergamo/clw701,200,2026-10-06
fb24b370-1596-435e-b686-d15e6b1b9ba6,bergamo,die67o,https://bounce.com/stores/bergamo/die67o,200,2026-10-06
3064ac63-7cef-4b32-9735-5961d09e7f8a,bergamo,sl-nzl,https://bounce.com/stores/bergamo/sl-nzl,200,2026-10-06
fee5469b-e1c4-4c68-a881-1bb346b8e7ec,bergamo,scpjgu,https://bounce.com/stores/bergamo/scpjgu,200,2026-10-06
35a9bf1d-f184-4d1e-88c0-e1601e2dc804,bergamo,z8cs0o,https://bounce.com/stores/bergamo/z8cs0o,200,2026-10-06
00d0de34-e146-4fd8-8009-93020127ee90,bergamo,0oeijs,https://bounce.com/stores/bergamo/0oeijs,200,2026-10-06
e2fff68b-f643-4fe0-905d-b626687d4ae7,bergamo,khht5c,https://bounce.com/stores/bergamo/khht5c,200,2026-10-06
d8fbe467-ea5b-48b9-b415-4c6a43fe3a54,bergamo,rfxpct,https://bounce.com/stores/bergamo/rfxpct,200,2026-10-06
a391038e-c726-47e6-afab-ea170852f9d0,bergamo,0nq72g,https://bounce.com/stores/bergamo/0nq72g,200,2026-10-06
084fa3cc-a377-4412-86c7-e0bbaa28dfec,bergamo,q8snzh,https://bounce.com/stores/bergamo/q8snzh,200,2026-10-06
21744289-09b0-4d1d-94fa-3a579769f832,bergamo,bxgfid,https://bounce.com/stores/bergamo/bxgfid,200,2026-10-06
9d2c6e78-444a-4415-8386-594b01f6ae7b,bergamo,j2uwhx,https://bounce.com/stores/bergamo/j2uwhx,200,2026-10-06
6cbb8d61-0035-4dd3-b4f8-ae68614f04ac,bergamo,2flpfv,https://bounce.com/stores/bergamo/2flpfv,200,2026-10-06
6abfc063-af95-4f84-aad2-d653b1cfe3be,bergamo,kjuzig,https://bounce.com/stores/bergamo/kjuzig,200,2026-10-06
7125f528-cac7-4024-93a2-10bbd525a343,bergamo,naf9la,https://bounce.com/stores/bergamo/naf9la,200,2026-10-06
6619c0f9-e124-483e-be98-391838b11b3f,bergamo,t3vrbk,https://bounce.com/stores/bergamo/t3vrbk,200,2026-10-06
68c88027-fb8f-4c42-99cf-c361bdbbcd2d,bergamo,hw3qvc,https://bounce.com/stores/bergamo/hw3qvc,200,2026-10-06
39968c90-0758-4035-96cc-c1a408b65f20,bergamo,c1nhsb,https://bounce.com/stores/bergamo/c1nhsb,200,2026-10-06
b371a0bd-8895-4af5-afa6-154eeab98e2a,bergamo,xzjibh,https://bounce.com/stores/bergamo/xzjibh,200,2026-10-06
9f295648-c5f8-4d03-ba76-9557ecd786da,bergamo,0d9swp,https://bounce.com/stores/bergamo/0d9swp,200,2026-10-06
0f7ec77e-322c-4377-a117-4834feb0d6d7,bergamo,lbvbmt,https://bounce.com/stores/bergamo/lbvbmt,200,2026-10-06
ba7868d9-891f-49f5-b082-933ba9e4d21c,bergamo,gmnz5r,https://bounce.com/stores/bergamo/gmnz5r,200,2026-10-06
9dadb3dd-dcf6-421a-811b-c68659f31362,bergamo,me540n,https://bounce.com/stores/bergamo/me540n,200,2026-10-06
c6ae6923-2162-402a-b808-52c01a21b3a7,bergamo,efrjty,https://bounce.com/stores/bergamo/efrjty,200,2026-10-06
db9587b6-81d8-4b00-9517-2dd59872cb44,bergamo,yrqmqk,https://bounce.com/stores/bergamo/yrqmqk,200,2026-10-06
a16e81b9-6779-4d37-828d-12101b65ea74,bergamo,xqz2zs,https://bounce.com/stores/bergamo/xqz2zs,200,2026-10-06
4aed42ea-7ab1-486e-aff7-0093f3f44183,bergamo,9-3ca8,https://bounce.com/stores/bergamo/9-3ca8,200,2026-10-06
a5b5534e-dbb6-457f-94b9-0f618ff74526,bergamo,s9lrwo,https://bounce.com/stores/bergamo/s9lrwo,200,2026-10-06
514942cc-51ac-4cdc-8812-cccbbc0d85ed,bergamo,zx1jup,https://bounce.com/stores/bergamo/zx1jup,200,2026-10-06
e42091c4-bda5-400d-8a75-a1ae1f7124d9,frosinone,gwjc3_,https://bounce.com/stores/frosinone/gwjc3_,404,2026-10-06
74274e81-5248-4a6b-9d16-e54b4143ac59,frosinone,3tzhy-,https://bounce.com/stores/frosinone/3tzhy-,404,2026-10-06
5897074e-d60b-4d30-98db-7dc30a10c170,frosinone,tmscks,https://bounce.com/stores/frosinone/tmscks,404,2026-10-06
adbe2d83-60f0-45cc-83b5-5667799d9610,frosinone,zn4irk,https://bounce.com/stores/frosinone/zn4irk,404,2026-10-06
f9c86a48-18fc-4527-8114-42336e346951,frosinone,ev5ats,https://bounce.com/stores/frosinone/ev5ats,404,2026-10-06
4da55273-110e-46c8-8910-99381c979f8f,frosinone,v0xp3n,https://bounce.com/stores/frosinone/v0xp3n,404,2026-10-06
204d95b2-97fd-4129-90d8-84e5f85ac4c4,frosinone,05qbdf,https://bounce.com/stores/frosinone/05qbdf,404,2026-10-06
e9409054-258e-4f56-845b-44cf6dd978d4,frosinone,hjfky_,https://bounce.com/stores/frosinone/hjfky_,404,2026-10-06
bd46a11c-82c1-46d5-bc8b-4d8dd8a30851,frosinone,vsanfh,https://bounce.com/stores/frosinone/vsanfh,404,2026-10-06
81923e2c-592f-47ad-a4de-9b6912d6899e,frosinone,s8eipo,https://bounce.com/stores/frosinone/s8eipo,404,2026-10-06
fa51b87a-f5f4-4fc5-b678-32fc95e5f469,frosinone,bms3zg,https://bounce.com/stores/frosinone/bms3zg,404,2026-10-06
d20b6c95-c1e6-4fba-88fb-e11868303d1a,frosinone,b5rwjc,https://bounce.com/stores/frosinone/b5rwjc,404,2026-10-06
9a6eb0f1-056b-4d36-93ee-93af5dba9fbd,frosinone,pi75rh,https://bounce.com/stores/frosinone/pi75rh,404,2026-10-06
f5cea09a-8696-4337-a1cc-3381ffafbf51,frosinone,dkw-or,https://bounce.com/stores/frosinone/dkw-or,404,2026-10-06
7d44d700-83a3-4d07-a422-0a2010a4866c,frosinone,4zxcoo,https://bounce.com/stores/frosinone/4zxcoo,404,2026-10-06
181040ce-d557-4aec-b953-edaa2c3704c3,frosinone,4gkp9p,https://bounce.com/stores/frosinone/4gkp9p,404,2026-10-06
9dce8fc5-5758-4d4c-9ab9-56b1d29b1bf9,frosinone,ywjqmx,https://bounce.com/stores/frosinone/ywjqmx,404,2026-10-06
e5355632-7f58-41f8-8639-d6e1f37ac2dc,frosinone,smrc2e,https://bounce.com/stores/frosinone/smrc2e,404,2026-10-06
edbae071-25b0-4f3f-bb90-1577a0b10612,frosinone,rmt4yt,https://bounce.com/stores/frosinone/rmt4yt,404,2026-10-06
e4886c55-3964-4812-aedd-0b30dafb0174,frosinone,chahs2,https://bounce.com/stores/frosinone/chahs2,404,2026-10-06
05c31bb2-0c96-457c-a562-9679d315cd00,frosinone,echorf,https://bounce.com/stores/frosinone/echorf,404,2026-10-06
84302eec-7054-4593-a1f7-ef7e030ee555,frosinone,woklun,https://bounce.com/stores/frosinone/woklun,404,2026-10-06
60bab9c1-762f-45bd-8007-0f929a47ecec,frosinone,dtkyuc,https://bounce.com/stores/frosinone/dtkyuc,404,2026-10-06
f4c3e52b-a538-4cac-a695-c52f3b704ad8,frosinone,lhg3oo,https://bounce.com/stores/frosinone/lhg3oo,404,2026-10-06
aab0ea4e-8201-4322-aab4-f49ed04aac21,frosinone,qxwzuz,https://bounce.com/stores/frosinone/qxwzuz,404,2026-10-06
7dacf632-b64e-4729-a4f1-3217eebf8dc9,frosinone,icvgrq,https://bounce.com/stores/frosinone/icvgrq,404,2026-10-06
b95ad46f-69b1-42e6-81ce-87e93f04e44d,frosinone,9ndi2q,https://bounce.com/stores/frosinone/9ndi2q,404,2026-10-06
16f40374-b77c-4d4f-be03-61355dc517f6,frosinone,jdbinn,https://bounce.com/stores/frosinone/jdbinn,404,2026-10-06
099d7548-ebe4-4eea-9372-fef697d207d5,frosinone,lb-d1w,https://bounce.com/stores/frosinone/lb-d1w,404,2026-10-06
7be74a3e-5b23-431c-8ce2-0851791133ca,frosinone,5glvpx,https://bounce.com/stores/frosinone/5glvpx,404,2026-10-06
1705d070-b879-45b6-9bdb-49eb42fbcda6,frosinone,rygrcb,https://bounce.com/stores/frosinone/rygrcb,404,2026-10-06
c9c7acf2-315e-44d0-8e13-5b63fa099734,frosinone,tgv_ks,https://bounce.com/stores/frosinone/tgv_ks,404,2026-10-06
ec6b2ebc-d4e2-4166-aa21-1d61aa34ff8b,frosinone,xbuvkm,https://bounce.com/stores/frosinone/xbuvkm,404,2026-10-06
b2c147d3-e86d-4cbc-bd3c-f6bf98dfc304,frosinone,ddxhw5,https://bounce.com/stores/frosinone/ddxhw5,404,2026-10-06
35901781-0bf8-4285-ba9c-59e42bfa4728,frosinone,-ks5fr,https://bounce.com/stores/frosinone/-ks5fr,404,2026-10-06
f57ff92a-c5cb-473c-9e27-243663f02848,frosinone,jcqrn4,https://bounce.com/stores/frosinone/jcqrn4,404,2026-10-06
94fda04f-3dff-4d67-901a-2987b53db1a4,frosinone,0dtynj,https://bounce.com/stores/frosinone/0dtynj,404,2026-10-06
25f1279a-87d6-484d-af8d-7488629b8744,frosinone,eerhqs,https://bounce.com/stores/frosinone/eerhqs,404,2026-10-06
54cc696e-d423-45e3-b4a7-ec2874dba820,frosinone,dmjjed,https://bounce.com/stores/frosinone/dmjjed,404,2026-10-06
5d1051d3-6208-4bdc-a124-cd2922426cb2,frosinone,aof0nr,https://bounce.com/stores/frosinone/aof0nr,404,2026-10-06
6e0734dc-e4f7-4ddd-ac87-6f2a1f46074e,frosinone,pnwrtu,https://bounce.com/stores/frosinone/pnwrtu,404,2026-10-06
ef0b86a9-4a2c-4b72-9cb1-2015b6a5f8f9,frosinone,udhatn,https://bounce.com/stores/frosinone/udhatn,404,2026-10-06
e17b038b-5457-43f0-a742-49a9db5552ff,frosinone,krxr1f,https://bounce.com/stores/frosinone/krxr1f,404,2026-10-06
35069397-2602-4f7f-b1a8-98a5396b99ea,messina,cxlh_3,https://bounce.com/stores/messina/cxlh_3,404,2026-10-06
bad9484c-3e4b-4498-81de-cf73e718f26a,messina,gk0_yc,https://bounce.com/stores/messina/gk0_yc,404,2026-10-06
88b754c8-7b97-4a6a-9609-29d800b5917b,messina,gfupwe,https://bounce.com/stores/messina/gfupwe,404,2026-10-06
0999b5e6-87b0-4bd6-af8b-cf262bea5615,messina,oh3kkj,https://bounce.com/stores/messina/oh3kkj,404,2026-10-06
4c795219-d4ed-4540-8f17-142b74d82b0e,messina,wmgrgg,https://bounce.com/stores/messina/wmgrgg,404,2026-10-06
9deb8ce0-d0bd-46a9-97fe-5d667b7558de,messina,laxqqb,https://bounce.com/stores/messina/laxqqb,404,2026-10-06
98851087-b634-41bd-a885-99ad4303269f,messina,4-gwei,https://bounce.com/stores/messina/4-gwei,404,2026-10-06
faf91cf2-35cb-456b-a442-0519dd7dd576,messina,2vv9sw,https://bounce.com/stores/messina/2vv9sw,404,2026-10-06
db0221b2-dcc3-4d83-b228-17524e4bc6e3,messina,yue649,https://bounce.com/stores/messina/yue649,404,2026-10-06
a3c3205c-bd35-4972-bd3e-b7cc9f0a54a0,messina,uf7dsx,https://bounce.com/stores/messina/uf7dsx,404,2026-10-06
0ddada20-856f-4938-9d2f-cb61f8a346d4,messina,yc6x-r,https://bounce.com/stores/messina/yc6x-r,404,2026-10-06
e4df0c84-17e9-422a-a589-904fd1692052,messina,idxu_l,https://bounce.com/stores/messina/idxu_l,404,2026-10-06
84f3d16a-4354-4e1c-91bc-97d346d1fa06,messina,a29qcc,https://bounce.com/stores/messina/a29qcc,404,2026-10-06
0bee1d2f-30b5-4168-bdcc-356aa37db511,messina,ttqopt,https://bounce.com/stores/messina/ttqopt,404,2026-10-06
7407b5d4-a4a3-4207-b945-b4419d633d3d,messina,_79qns,https://bounce.com/stores/messina/_79qns,404,2026-10-06
ce20a612-8c87-4700-8955-2ae6c3ea24c9,messina,f5dwzo,https://bounce.com/stores/messina/f5dwzo,404,2026-10-06
cb5eac9a-2fb2-4836-8da4-edfa1ee045ca,messina,kos7kb,https://bounce.com/stores/messina/kos7kb,404,2026-10-06
5312dceb-906c-4d21-8a06-39678c392616,messina,elgvp5,https://bounce.com/stores/messina/elgvp5,404,2026-10-06
1f94249d-b6d6-45b5-8cec-fe84d7ddfd3d,messina,bejLhR,https://bounce.com/stores/messina/bejLhR,404,2026-10-06
5f9b96f3-932c-4766-a585-fc823bf83078,messina,-ylnnz,https://bounce.com/stores/messina/-ylnnz,404,2026-10-06
163f7b88-eea5-4e4b-b91b-fc9d5d3e8656,messina,nf7nzx,https://bounce.com/stores/messina/nf7nzx,404,2026-10-06
d8270a18-a056-4c7b-9e3a-47ec8e2ec792,messina,eh9h9x,https://bounce.com/stores/messina/eh9h9x,404,2026-10-06
4168c7c8-3d30-4f89-9447-0125a3e2e1ae,messina,ajfdwm,https://bounce.com/stores/messina/ajfdwm,404,2026-10-06
f42adc36-fffa-4048-9c30-d986a6b275d0,messina,sas4f4,https://bounce.com/stores/messina/sas4f4,404,2026-10-06
64240ee3-e56a-4a1d-8f5c-b40bea1c82d5,messina,vuieoa,https://bounce.com/stores/messina/vuieoa,404,2026-10-06
6d858fef-7f7b-49be-a316-7eba8f8d1fb4,messina,L8gvKe,https://bounce.com/stores/messina/L8gvKe,404,2026-10-06
882c207c-e8f6-45f6-899b-eca24ae04593,messina,b5wn6r,https://bounce.com/stores/messina/b5wn6r,404,2026-10-06
4ccfbefb-8921-4bfb-83e7-968de5868fa4,messina,d7olaw,https://bounce.com/stores/messina/d7olaw,404,2026-10-06
a3d869b4-3906-45a6-8808-9c027e13676d,messina,limhxe,https://bounce.com/stores/messina/limhxe,404,2026-10-06
a47fb6bf-eadb-4f9f-9e79-9df55edcad1a,messina,oea3ro,https://bounce.com/stores/messina/oea3ro,404,2026-10-06
8a1c1212-6cec-441b-a6c0-635ecb93ba2c,messina,ex9mcu,https://bounce.com/stores/messina/ex9mcu,404,2026-10-06
bdea426b-6395-4926-9224-d61ab7cacbb1,messina,lvijoe,https://bounce.com/stores/messina/lvijoe,404,2026-10-06
7c864bcc-8592-4abd-8f2e-85eadda732e2,messina,ff2o-f,https://bounce.com/stores/messina/ff2o-f,404,2026-10-06
7ef5369d-af3e-427b-83fe-d29f3fea86e4,messina,vobidl,https://bounce.com/stores/messina/vobidl,404,2026-10-06
bf0b6b96-c9ff-47e4-9999-5eef1b84caf2,messina,medc47,https://bounce.com/stores/messina/medc47,404,2026-10-06
c1caaaf7-5bc6-4ed5-b1fe-ff7175fe3952,messina,3v0xxz,https://bounce.com/stores/messina/3v0xxz,404,2026-10-06
b3e6293e-2990-484e-876e-fa8a75cf89ce,messina,oexpln,https://bounce.com/stores/messina/oexpln,404,2026-10-06
e736c002-b76d-4e54-b212-35f44b9cbb66,messina,zex3lr,https://bounce.com/stores/messina/zex3lr,404,2026-10-06
fb9ddfa8-054c-4dbc-9776-d96b29342ad4,messina,fkrz5g,https://bounce.com/stores/messina/fkrz5g,404,2026-10-06
491f3d9d-91b9-4e15-bfbc-f1edf51b3abf,messina,fO7dqz,https://bounce.com/stores/messina/fO7dqz,404,2026-10-06
712aa5d4-be1d-41d7-acc8-41c45a744961,messina,ta7M3o,https://bounce.com/stores/messina/ta7M3o,404,2026-10-06
793db949-8ab3-44e8-87b4-d4c2ebe7208a,messina,1v319i,https://bounce.com/stores/messina/1v319i,200,2026-10-06
817ec764-4a3e-4bb4-b796-945aa305a447,genoa,mHprG0,https://bounce.com/stores/genoa/mHprG0,200,2026-10-06
77f225ce-812e-4ac4-89bb-e9f92cce372b,genoa,GvqXLj,https://bounce.com/stores/genoa/GvqXLj,200,2026-10-06
a36d1a04-5a60-46bd-93e8-ab2a51845c3b,genoa,s1lfst,https://bounce.com/stores/genoa/s1lfst,200,2026-10-06
a7667aa5-1f95-495d-853e-db2d907bd220,genoa,y1mg80,https://bounce.com/stores/genoa/y1mg80,200,2026-10-06
ffd352b2-7aa2-4ced-8d2c-4708d67a2c94,genoa,Rk5TPS,https://bounce.com/stores/genoa/Rk5TPS,200,2026-10-06
e641ad03-4421-4976-8f73-3fc46f45c6ba,genoa,H63ktR,https://bounce.com/stores/genoa/H63ktR,200,2026-10-06
d6dd83f0-9709-46b6-b91d-6b4848649188,genoa,4vq09v,https://bounce.com/stores/genoa/4vq09v,200,2026-10-06
019cc994-1620-45ae-988b-a505861e5e1c,genoa,Dlj14C,https://bounce.com/stores/genoa/Dlj14C,200,2026-10-06
b20fe49a-ea60-4ca0-aa9c-f3c70a22d55f,genoa,qfrj-h,https://bounce.com/stores/genoa/qfrj-h,200,2026-10-06
3c50d17b-f69e-4e58-8f59-24e66721135f,genoa,NZCQUg,https://bounce.com/stores/genoa/NZCQUg,200,2026-10-06
b6acc587-3099-43ea-8075-05eae662ab52,genoa,6cpg43,https://bounce.com/stores/genoa/6cpg43,200,2026-10-06
146249d3-dc3d-40ce-b3d9-807cbf423efc,genoa,xk2deg,https://bounce.com/stores/genoa/xk2deg,200,2026-10-06
ed192c14-2524-497b-a93b-13b3cfa87b59,genoa,swacwa,https://bounce.com/stores/genoa/swacwa,200,2026-10-06
97b73678-acbb-4352-9c4d-094d0ab82fc9,genoa,wdixzw,https://bounce.com/stores/genoa/wdixzw,200,2026-10-06
d08c2404-4c7c-49c7-ae36-050ea2041bd2,genoa,fxwal0,https://bounce.com/stores/genoa/fxwal0,200,2026-10-06
0ba2f978-a93d-4e25-9a9d-a1821eceef94,genoa,h7ptyj,https://bounce.com/stores/genoa/h7ptyj,200,2026-10-06
bd15a020-6de3-4b11-8979-7cac58e96341,genoa,s4d7fk,https://bounce.com/stores/genoa/s4d7fk,200,2026-10-06
c3584c20-7662-4293-ae24-3ced5ef0e602,genoa,_dovv2,https://bounce.com/stores/genoa/_dovv2,200,2026-10-06
e37c97e4-ab30-4198-833d-e5c7d3411b3c,genoa,fv5Mon,https://bounce.com/stores/genoa/fv5Mon,200,2026-10-06
e1b8e549-803b-40cf-997b-25f13d346e36,genoa,npq5p5,https://bounce.com/stores/genoa/npq5p5,200,2026-10-06
eeba54d7-debf-4516-9ff5-461e3bdc662f,genoa,pbrirn,https://bounce.com/stores/genoa/pbrirn,200,2026-10-06
21954e3f-20be-474a-b1ed-d47cc042fef2,genoa,ak7jrx,https://bounce.com/stores/genoa/ak7jrx,200,2026-10-06
3893da95-268a-418e-bca4-473704e648d9,genoa,1l2jbp,https://bounce.com/stores/genoa/1l2jbp,200,2026-10-06
a9b883f2-ff2e-4acc-8c0c-65a9d8b86d5d,genoa,5-z6pe,https://bounce.com/stores/genoa/5-z6pe,200,2026-10-06
8d92763d-c8be-462f-b682-ab5b4277a7b9,genoa,x8tlly,https://bounce.com/stores/genoa/x8tlly,200,2026-10-06
b925f9f6-d7e1-43f0-8892-9050bda3cfc9,genoa,4b8kcn,https://bounce.com/stores/genoa/4b8kcn,200,2026-10-06
5568291f-2efa-4884-b9f0-fda76c00d3fd,genoa,-i6int,https://bounce.com/stores/genoa/-i6int,200,2026-10-06
aa61756d-50c8-49f2-b04e-f82efdc09846,genoa,lisngn,https://bounce.com/stores/genoa/lisngn,200,2026-10-06
2cf813d8-26bb-4fba-a974-17a9079395b9,genoa,k3qz_k,https://bounce.com/stores/genoa/k3qz_k,200,2026-10-06
a58c0cd0-dda4-4edc-82b0-c16a21af762f,genoa,buyxpd,https://bounce.com/stores/genoa/buyxpd,200,2026-10-06
a3a93ac3-5ad9-4e61-829d-2ab86ae07e82,genoa,ad93mq,https://bounce.com/stores/genoa/ad93mq,200,2026-10-06
052e12cb-ad77-4b93-89df-3df88979a65a,genoa,taqtq2,https://bounce.com/stores/genoa/taqtq2,200,2026-10-06
3034b9a5-4149-4279-be0a-57fb8b4ea9c6,genoa,bhq3ks,https://bounce.com/stores/genoa/bhq3ks,200,2026-10-06
84b0ca12-cf4c-42b9-b715-874464e63396,genoa,qupdyp,https://bounce.com/stores/genoa/qupdyp,200,2026-10-06
3959b292-10a8-4f2e-a89a-13bf33843208,genoa,l0cs5-,https://bounce.com/stores/genoa/l0cs5-,200,2026-10-06
d1189ae3-a61c-456a-874d-2260fe476548,genoa,dcmvvw,https://bounce.com/stores/genoa/dcmvvw,200,2026-10-06
b7541cfc-22b8-474f-b087-cdcd0169c14f,genoa,46HGtC,https://bounce.com/stores/genoa/46HGtC,200,2026-10-06
de1958e0-59b5-4df9-b2e3-1cad92267ae6,pisa,JIUidh,https://bounce.com/stores/pisa/JIUidh,200,2026-10-06
2254606c-f06f-46f0-881c-30f8434c2c61,pisa,f7Wnqh,https://bounce.com/stores/pisa/f7Wnqh,200,2026-10-06
cf998d10-d2f5-4303-a171-40d77c5a14e6,pisa,p4SV77,https://bounce.com/stores/pisa/p4SV77,200,2026-10-06
c9568069-4ade-4ca6-86b7-9aa832f70b5e,pisa,OJtreE,https://bounce.com/stores/pisa/OJtreE,200,2026-10-06
e5fbd89c-9eb3-48e6-89f2-716547cd4ba1,pisa,3S5mMz,https://bounce.com/stores/pisa/3S5mMz,200,2026-10-06
6f67c73c-40d8-41b0-8815-86336f7c9398,pisa,ctlt0h,https://bounce.com/stores/pisa/ctlt0h,200,2026-10-06
b34b3a1b-af84-420b-a2c0-b87e53245939,pisa,kjSu5l,https://bounce.com/stores/pisa/kjSu5l,200,2026-10-06
1ca64275-dc10-4274-adf5-834538119e96,pisa,uMcJh4,https://bounce.com/stores/pisa/uMcJh4,200,2026-10-06
4214b70b-e0f4-4d79-b644-9c2cbec766ce,pisa,8ksarv,https://bounce.com/stores/pisa/8ksarv,200,2026-10-06
b5abc953-cb3a-4f42-85ad-6c32e234cd61,pisa,g4gwgi,https://bounce.com/stores/pisa/g4gwgi,200,2026-10-06
64ef6933-0d0c-4a14-8892-e4c00f901850,pisa,mLY-aY,https://bounce.com/stores/pisa/mLY-aY,200,2026-10-06
8e84d0d2-0698-4a1c-a89a-422654ba5ab9,pisa,gRzFBQ,https://bounce.com/stores/pisa/gRzFBQ,200,2026-10-06
b291b047-2c3a-4b52-a57c-2323fab14bf2,pisa,Ojb9E6,https://bounce.com/stores/pisa/Ojb9E6,200,2026-10-06
b03914d6-d9ae-48c5-aab8-735bb4e66879,pisa,myyueq,https://bounce.com/stores/pisa/myyueq,200,2026-10-06
f8699415-ffa4-4059-913e-047de6846ccd,pisa,1ZAtqi,https://bounce.com/stores/pisa/1ZAtqi,200,2026-10-06
c5e3f639-9dbb-43fb-a557-df79a6402ead,pisa,3tubh8,https://bounce.com/stores/pisa/3tubh8,200,2026-10-06
4db672ef-7af2-4d98-9968-25bc00e98de1,pisa,cbg1pq,https://bounce.com/stores/pisa/cbg1pq,200,2026-10-06
b871e1fd-5bba-4f2b-a4c4-9cc54d385b43,pisa,mx1ipp,https://bounce.com/stores/pisa/mx1ipp,200,2026-10-06
3cb14726-6107-4766-aa8f-08186bf197af,pisa,wyf-ti,https://bounce.com/stores/pisa/wyf-ti,200,2026-10-06
20444004-e9bd-4310-b673-6e8e6a2e2c10,pisa,xx_7vh,https://bounce.com/stores/pisa/xx_7vh,200,2026-10-06
59a3f90c-e9a5-4ba5-90e8-ae22e2ec275e,pisa,k_z1qq,https://bounce.com/stores/pisa/k_z1qq,200,2026-10-06
2119ca53-1cca-4741-88d5-acb331e508af,pisa,68biqh,https://bounce.com/stores/pisa/68biqh,200,2026-10-06
964bb195-ab79-43aa-80bc-6dc7ece8c0d4,pisa,vvrf3x,https://bounce.com/stores/pisa/vvrf3x,200,2026-10-06
ca87dce5-0660-4dfe-8761-63f86b511e54,pisa,5i1zwt,https://bounce.com/stores/pisa/5i1zwt,200,2026-10-06
daf1be1c-e1bd-4732-80b2-43621ccafbf4,pisa,x0lg5h,https://bounce.com/stores/pisa/x0lg5h,200,2026-10-06
5fb6ba7b-f506-483b-afe7-dfc9deb932d4,pisa,jshhr8,https://bounce.com/stores/pisa/jshhr8,200,2026-10-06
89062afd-6055-44f4-a898-503cfd21279a,pisa,xt1zr5,https://bounce.com/stores/pisa/xt1zr5,200,2026-10-06
f797c4f3-2fa0-420e-976b-e443e2a7c42e,pisa,mo8mcg,https://bounce.com/stores/pisa/mo8mcg,200,2026-10-06
6dfc4408-c569-476a-8a13-cb56ff8c0d82,pisa,dkb6jm,https://bounce.com/stores/pisa/dkb6jm,200,2026-10-06
8966585b-94a2-416d-9038-db99f3c0c7f1,pisa,ibDnr8,https://bounce.com/stores/pisa/ibDnr8,200,2026-10-06
b497da7e-ba1c-4e85-9c6c-d091885e2503,pisa,em0l-d,https://bounce.com/stores/pisa/em0l-d,200,2026-10-06
68f56104-9bdc-4330-849b-7dbaec39dfcd,pisa,xjEcz2,https://bounce.com/stores/pisa/xjEcz2,200,2026-10-06
6a78f997-8a83-4946-a9ee-8e03935e4bbc,pisa,xeldv8,https://bounce.com/stores/pisa/xeldv8,200,2026-10-06
a8da6707-5ec7-4be5-b0f0-5f1b0a3e4566,pisa,ixoa4z,https://bounce.com/stores/pisa/ixoa4z,200,2026-10-06
9dd68cf0-1fad-4d5b-bade-a6972de852f0,pisa,6ikld5,https://bounce.com/stores/pisa/6ikld5,200,2026-10-06
1d38c624-c421-4571-b364-e18f4a84e9ef,pisa,q_25mv,https://bounce.com/stores/pisa/q_25mv,200,2026-10-06
ff55bfe0-e835-429f-9672-34a96277e083,pisa,p2te-l,https://bounce.com/stores/pisa/p2te-l,200,2026-10-06
ec6e1eee-ebe9-4e68-86c1-157a037bf986,latina,76vgpy,https://bounce.com/stores/latina/76vgpy,404,2026-10-06
4a8a91a1-736c-445b-8c7f-a493b8f8afaf,latina,pu8vzl,https://bounce.com/stores/latina/pu8vzl,404,2026-10-06
b629523d-d7db-43f6-9578-8218cf19beec,latina,8qk-z0,https://bounce.com/stores/latina/8qk-z0,404,2026-10-06
71499249-9b40-4c24-bfbc-bef720ceb4ac,latina,nyrx2s,https://bounce.com/stores/latina/nyrx2s,404,2026-10-06
bd5d5dc2-3e3b-44c7-a254-62ada0e4abfc,latina,1bhrtr,https://bounce.com/stores/latina/1bhrtr,404,2026-10-06
8e2d67f6-9d7c-4cf2-9825-9124643d6c76,latina,gedlry,https://bounce.com/stores/latina/gedlry,404,2026-10-06
0fa1ce34-a47a-40af-91a1-2609ba6f3b07,latina,3q6ujs,https://bounce.com/stores/latina/3q6ujs,404,2026-10-06
44f0af69-a030-4d1f-9451-fdd634c1aaa9,latina,l7rrbl,https://bounce.com/stores/latina/l7rrbl,404,2026-10-06
adee3f6a-51d2-4a9a-84b9-60bd2f625748,latina,rwl6wa,https://bounce.com/stores/latina/rwl6wa,404,2026-10-06
3bd0e569-f1b8-414b-a6d3-821e774c501f,latina,vkuvjn,https://bounce.com/stores/latina/vkuvjn,404,2026-10-06
87814f6a-3cf8-42e9-b871-01ee901f8540,latina,wdfnqc,https://bounce.com/stores/latina/wdfnqc,404,2026-10-06
d0b1d5df-895c-404a-836b-63d7464cdb5d,latina,-ek6i7,https://bounce.com/stores/latina/-ek6i7,404,2026-10-06
c0a3ae5c-59c4-4366-a05e-f6a9803867ad,latina,h_fu4u,https://bounce.com/stores/latina/h_fu4u,404,2026-10-06
3f776f8c-6f19-4639-be83-31a019ca9b0e,latina,am3tqa,https://bounce.com/stores/latina/am3tqa,404,2026-10-06
29694bcb-41a7-4032-9b1c-47fb5922547d,latina,tpjbyt,https://bounce.com/stores/latina/tpjbyt,404,2026-10-06
b690accb-d3ea-4791-8c79-ab30c57489c7,latina,zrhpm0,https://bounce.com/stores/latina/zrhpm0,404,2026-10-06
b275e927-6082-4b92-a3e9-49281f5b2792,latina,sixbth,https://bounce.com/stores/latina/sixbth,404,2026-10-06
008b50fd-1e9e-4734-8a6a-6b3e0e796e73,latina,dihxzf,https://bounce.com/stores/latina/dihxzf,404,2026-10-06
0981ec83-705f-4dbc-ab57-2e796175e71b,latina,cmxcgp,https://bounce.com/stores/latina/cmxcgp,404,2026-10-06
0abff66a-45a8-498d-8705-fdfa8d78f6a4,latina,huidm4,https://bounce.com/stores/latina/huidm4,404,2026-10-06
94bcd95d-3120-455b-9d60-6bcd312300e2,latina,7mqgpn,https://bounce.com/stores/latina/7mqgpn,404,2026-10-06
07cb8dbc-fbbb-47fb-b48a-4e53f6780b52,latina,ymlnle,https://bounce.com/stores/latina/ymlnle,404,2026-10-06
5a6ee640-fc5b-4d6b-b891-f27149b1c096,latina,k9ojsd,https://bounce.com/stores/latina/k9ojsd,404,2026-10-06
29edf60f-379c-4d7c-b231-70d662c4ce8e,latina,hktb9s,https://bounce.com/stores/latina/hktb9s,404,2026-10-06
839b93f1-0adc-4483-95a7-d269c8578cea,latina,w4a3hk,https://bounce.com/stores/latina/w4a3hk,404,2026-10-06
a4e219ac-9647-4114-807d-c3c986e7dd54,latina,80xsnr,https://bounce.com/stores/latina/80xsnr,404,2026-10-06
9867f918-dab3-4768-9aac-6b6f7fba505a,latina,joiz9w,https://bounce.com/stores/latina/joiz9w,404,2026-10-06
daa5e96d-405e-496a-bc45-fce450023fdc,latina,stlecj,https://bounce.com/stores/latina/stlecj,404,2026-10-06
21bd4c16-2f37-4f1b-90a5-3575043fc95d,latina,3k7p5o,https://bounce.com/stores/latina/3k7p5o,404,2026-10-06
17762d8f-6e3e-4813-9ae8-0a04e60f90fc,latina,fs0vqm,https://bounce.com/stores/latina/fs0vqm,404,2026-10-06
b477385b-38c3-42e1-a836-69411e034233,latina,mgilth,https://bounce.com/stores/latina/mgilth,404,2026-10-06
918fca69-449f-4d2d-a65d-a3fc996b547b,latina,wnv95n,https://bounce.com/stores/latina/wnv95n,404,2026-10-06
974e782e-77bb-4c1f-9b2f-de4eacd2d45d,latina,x-74t-,https://bounce.com/stores/latina/x-74t-,404,2026-10-06
d4a45181-24d6-4795-b8fd-49caa5a825b4,latina,ra90eq,https://bounce.com/stores/latina/ra90eq,404,2026-10-06
d682579e-bec7-4d2e-afae-aff4da1f4e0e,latina,xrsj8a,https://bounce.com/stores/latina/xrsj8a,404,2026-10-06
eec00927-e72f-4629-ab24-af416b70d87f,cagliari,semcxa,https://bounce.com/stores/cagliari/semcxa,404,2026-10-06
62b578bd-6fc5-48a6-aa72-18d0c740fe00,cagliari,bcumvt,https://bounce.com/stores/cagliari/bcumvt,404,2026-10-06
708d90cb-20c2-4ad8-990c-6b2dfb7444aa,cagliari,ebeyop,https://bounce.com/stores/cagliari/ebeyop,404,2026-10-06
c8706b66-b925-4671-8962-7bc3247c1c71,cagliari,f06vmm,https://bounce.com/stores/cagliari/f06vmm,404,2026-10-06
6aeb8eac-cc50-45fe-aa9a-aea97f957972,cagliari,myfhm9,https://bounce.com/stores/cagliari/myfhm9,404,2026-10-06
6b7c0aa5-317a-4e4d-b58a-8f72d664acf1,cagliari,1ambzn,https://bounce.com/stores/cagliari/1ambzn,404,2026-10-06
a8624bdd-df6b-4261-afda-406a0b91c4d2,cagliari,nrnje8,https://bounce.com/stores/cagliari/nrnje8,404,2026-10-06
48d4681c-a935-4f76-acfd-b2b5dc6ae929,cagliari,8fufqz,https://bounce.com/stores/cagliari/8fufqz,404,2026-10-06
ac035f5b-deb2-4c8f-87de-8342dac65fd6,cagliari,yxqh4o,https://bounce.com/stores/cagliari/yxqh4o,404,2026-10-06
90a2afd0-a33a-4b76-8e55-12d571e03d2d,cagliari,orrh6t,https://bounce.com/stores/cagliari/orrh6t,404,2026-10-06
b78dc072-b6ea-4394-8fac-2ec81da7c713,cagliari,v2rsps,https://bounce.com/stores/cagliari/v2rsps,404,2026-10-06
00753e0f-2d88-4793-a206-0388945b7125,cagliari,7niksw,https://bounce.com/stores/cagliari/7niksw,404,2026-10-06
c19bb832-d52c-4de6-b15e-8c47fee7d4d1,cagliari,hyarrj,https://bounce.com/stores/cagliari/hyarrj,404,2026-10-06
bad7c128-23b6-4376-95d5-58d54f778e3a,cagliari,smgxgx,https://bounce.com/stores/cagliari/smgxgx,404,2026-10-06
f6c4476e-e91a-4c36-b044-3d1b0615233f,cagliari,wdnttt,https://bounce.com/stores/cagliari/wdnttt,404,2026-10-06
2eb1f218-b70f-4eb5-afc9-afed288a51fd,cagliari,xjhgi8,https://bounce.com/stores/cagliari/xjhgi8,404,2026-10-06
094295e7-9ff7-4242-8d46-0cb1f59141db,cagliari,j9on41,https://bounce.com/stores/cagliari/j9on41,404,2026-10-06
e475a890-770c-4ccc-bd93-489ed04b10cf,cagliari,5h116a,https://bounce.com/stores/cagliari/5h116a,404,2026-10-06
2a4bb252-aa29-4cad-82d4-deccbbf09e27,cagliari,tfhxh0,https://bounce.com/stores/cagliari/tfhxh0,404,2026-10-06
203c28c7-1c3a-4321-93dc-ad16417433c7,cagliari,wtqg1l,https://bounce.com/stores/cagliari/wtqg1l,404,2026-10-06
360fd91f-2dc2-44af-bd21-f8b957d55966,cagliari,jsmlse,https://bounce.com/stores/cagliari/jsmlse,404,2026-10-06
1b7748bd-2715-42a2-85dd-f5419297dcc1,cagliari,xg-7hk,https://bounce.com/stores/cagliari/xg-7hk,404,2026-10-06
c60d9795-8f9b-4f3d-9930-d0bee9d4bf17,cagliari,0l1nx5,https://bounce.com/stores/cagliari/0l1nx5,404,2026-10-06
621e9907-d650-4342-a0fb-f2edf7be6acb,cagliari,fqbotx,https://bounce.com/stores/cagliari/fqbotx,404,2026-10-06
81d98bf9-6240-476c-996c-5c52038fccb4,cagliari,y8oewh,https://bounce.com/stores/cagliari/y8oewh,404,2026-10-06
e5990029-0254-4f8c-a61f-addbe327e725,cagliari,dxjyxc,https://bounce.com/stores/cagliari/dxjyxc,404,2026-10-06
35824e27-b20f-4cd8-bf0e-ad13362615a9,cagliari,kdr90z,https://bounce.com/stores/cagliari/kdr90z,404,2026-10-06
bc987825-d7ac-4dda-93ee-7b78579f8c6e,cagliari,r_vmhb,https://bounce.com/stores/cagliari/r_vmhb,404,2026-10-06
5d46c0f5-a6e5-4e96-b344-7176a0a1e0bf,cagliari,atflkk,https://bounce.com/stores/cagliari/atflkk,404,2026-10-06
5af71a55-2956-4214-a8e4-7e5aea243598,cagliari,oasvxs,https://bounce.com/stores/cagliari/oasvxs,404,2026-10-06
cabeaa07-2f82-4b4b-a688-ca0efc222e24,cagliari,0h6tkw,https://bounce.com/stores/cagliari/0h6tkw,404,2026-10-06
57c632ee-9024-4d15-b0be-9a1fe5ab1622,cagliari,k5cntv,https://bounce.com/stores/cagliari/k5cntv,404,2026-10-06
51e5e0ea-c33e-4993-a86f-90473a9f08b6,cagliari,k6hi6e,https://bounce.com/stores/cagliari/k6hi6e,404,2026-10-06
0833a0a9-eaf1-464c-adc5-ac9f3e1a08fb,padova,sbzled,https://bounce.com/stores/padova/sbzled,200,2026-10-06
49e57ea3-4b8c-4090-ad64-be0b26fcda7b,padova,PzyY8q,https://bounce.com/stores/padova/PzyY8q,200,2026-10-06
d1929bd1-71f9-4c20-9625-b92c8150c1ba,padova,3YI1Iu,https://bounce.com/stores/padova/3YI1Iu,200,2026-10-06
67f7775e-07bd-4716-b018-66a5c6458710,padova,yuIa3D,https://bounce.com/stores/padova/yuIa3D,200,2026-10-06
c1661df1-30c9-437d-bc27-9d48e0bf0c1b,padova,fw4S0Y,https://bounce.com/stores/padova/fw4S0Y,200,2026-10-06
3dad566c-a18d-4868-9fd6-a7fcd18369fc,padova,ENtlTL,https://bounce.com/stores/padova/ENtlTL,200,2026-10-06
a6f93cd5-f87f-489d-a073-7b5afd2a9943,padova,brs-xd,https://bounce.com/stores/padova/brs-xd,200,2026-10-06
8621f3dc-4f65-4f25-985c-4083bf9ea083,padova,EhdxiU,https://bounce.com/stores/padova/EhdxiU,200,2026-10-06
2f2a88c1-4a06-485c-a607-4226d87a8ade,padova,yfhl97,https://bounce.com/stores/padova/yfhl97,200,2026-10-06
15a8a7a8-679e-4b52-83d1-ccb0ce7158a4,padova,jysgeb,https://bounce.com/stores/padova/jysgeb,200,2026-10-06
6fbd43ec-591c-42bf-a338-1ba66458ab38,padova,bn1xsi,https://bounce.com/stores/padova/bn1xsi,200,2026-10-06
b53dad62-d1b0-49ad-a220-954c583ba894,padova,dJxmEq,https://bounce.com/stores/padova/dJxmEq,200,2026-10-06
20650732-595e-4700-a6bf-907b176a6c4e,padova,eix93i,https://bounce.com/stores/padova/eix93i,200,2026-10-06
48afc10e-6fb4-4352-a08c-98b3589de54f,padova,gfjotz,https://bounce.com/stores/padova/gfjotz,200,2026-10-06
4c0c6928-b160-4118-b794-a67c8c27e23d,padova,rkr_j6,https://bounce.com/stores/padova/rkr_j6,200,2026-10-06
68271dea-a2fe-416e-9d34-5a2dded99d57,padova,kzoxas,https://bounce.com/stores/padova/kzoxas,200,2026-10-06
baccc6ba-0c30-40bb-a544-39ba482691f7,padova,s105yr,https://bounce.com/stores/padova/s105yr,200,2026-10-06
0819458a-74df-4b78-b122-5012aa0a50ba,padova,af6jgq,https://bounce.com/stores/padova/af6jgq,200,2026-10-06
81de9390-4949-4945-926c-65512f8ec341,padova,cbp597,https://bounce.com/stores/padova/cbp597,200,2026-10-06
f3ed582e-b415-4605-9039-80b079eb356a,padova,f5blh1,https://bounce.com/stores/padova/f5blh1,200,2026-10-06
b0f50836-e44f-49aa-906a-91cb1d676fdd,padova,jcjofu,https://bounce.com/stores/padova/jcjofu,200,2026-10-06
bcfb4051-87e9-43b5-8f40-02938fb74f45,padova,5adrjc,https://bounce.com/stores/padova/5adrjc,200,2026-10-06
5012d292-27ef-4b8b-b6fb-20fcad5f27be,padova,7azqpw,https://bounce.com/stores/padova/7azqpw,200,2026-10-06
4555d487-09ea-4de7-83aa-f6a88a3dc8f7,padova,lumjl_,https://bounce.com/stores/padova/lumjl_,200,2026-10-06
0282bff4-b461-4c2a-9533-4a107826f044,padova,spmeyl,https://bounce.com/stores/padova/spmeyl,200,2026-10-06
87ef219b-52a2-4766-b845-e5559036fca5,padova,zhhruj,https://bounce.com/stores/padova/zhhruj,200,2026-10-06
359c7fec-a315-4745-9fea-cc43b3accfd7,padova,abpqsx,https://bounce.com/stores/padova/abpqsx,200,2026-10-06
79994cc8-d74c-44c2-b4ac-5300608b0b57,padova,etjrwj,https://bounce.com/stores/padova/etjrwj,200,2026-10-06
18c3338e-e7fd-43b1-b631-56acb4338660,padova,pegmty,https://bounce.com/stores/padova/pegmty,200,2026-10-06
789d7468-86a5-462c-8a59-b33304e4b19f,padova,jh1xiq,https://bounce.com/stores/padova/jh1xiq,200,2026-10-06
f25c110f-f63f-4c13-9bb8-ef65b8e4e6da,padova,hlyp0s,https://bounce.com/stores/padova/hlyp0s,200,2026-10-06
5cad9578-fa87-4410-a8fd-2431e0c6ef2b,padova,fdlfze,https://bounce.com/stores/padova/fdlfze,200,2026-10-06
6811118c-bbd6-443f-abe1-70c57cd72ad8,padova,vpabgw,https://bounce.com/stores/padova/vpabgw,200,2026-10-06
80842cc5-ef1a-4c71-b6bb-61a3aa25f63a,como,MJdgWH,https://bounce.com/stores/como/MJdgWH,200,2026-10-06
51807aea-7176-4c69-852f-c41211f55d3d,como,Vs22bC,https://bounce.com/stores/como/Vs22bC,200,2026-10-06
71f72315-2448-40f6-9194-7909cb3319e4,como,zoiib6,https://bounce.com/stores/como/zoiib6,200,2026-10-06
c70a8b39-829d-48be-b33e-001f2f28b16f,como,jjfxvt,https://bounce.com/stores/como/jjfxvt,200,2026-10-06
32beea54-c191-4b07-bd31-f5f0243138a7,como,P0Cipg,https://bounce.com/stores/como/P0Cipg,200,2026-10-06
65119038-39e3-4ca2-87d0-7ffbb597955d,como,o4pc_d,https://bounce.com/stores/como/o4pc_d,200,2026-10-06
138d69d4-6791-4b94-ad62-53435f728fd9,como,1hmJk1,https://bounce.com/stores/como/1hmJk1,200,2026-10-06
36e1124c-9447-4ce7-bf86-60d531dd15f9,como,ebff9p,https://bounce.com/stores/como/ebff9p,200,2026-10-06
4db929ec-94e4-4449-b659-28f94e3230f9,como,j9h77q,https://bounce.com/stores/como/j9h77q,200,2026-10-06
8f0d9f1a-a1fd-4936-9b32-d61fd74f508d,como,iefvdb,https://bounce.com/stores/como/iefvdb,200,2026-10-06
76198a39-1fa2-4f87-b816-f0f973a94fc4,como,afexpw,https://bounce.com/stores/como/afexpw,200,2026-10-06
416a79e0-033a-4e1e-8aed-7596d064b2fa,como,i1ezos,https://bounce.com/stores/como/i1ezos,200,2026-10-06
a82fceec-476e-4106-ab5f-29eb7e6cb9e2,como,wqacll,https://bounce.com/stores/como/wqacll,200,2026-10-06
3370aa7c-57e1-4cf4-92d9-785dec24f187,como,yqxgkw,https://bounce.com/stores/como/yqxgkw,200,2026-10-06
6b816ba8-348e-45ad-90aa-fceeb9d997ec,como,v8id90,https://bounce.com/stores/como/v8id90,200,2026-10-06
6f494811-3ab3-4576-ae11-26533d02ba8e,como,66mk8z,https://bounce.com/stores/como/66mk8z,200,2026-10-06
515cdc47-ac05-41f9-ab19-5b0ed1b975f5,como,kufrxa,https://bounce.com/stores/como/kufrxa,200,2026-10-06
5ff2449b-228d-4555-9307-c312ba6e9f78,como,krmjov,https://bounce.com/stores/como/krmjov,200,2026-10-06
6ff4dd17-bc07-458d-9fe1-72157d678d91,como,4uh1qr,https://bounce.com/stores/como/4uh1qr,200,2026-10-06
614010a4-b4e7-41fe-ac2c-34551ca58ecc,como,XVigG9,https://bounce.com/stores/como/XVigG9,200,2026-10-06
74a47bf6-165b-448f-8598-e2cb708038e3,como,korviz,https://bounce.com/stores/como/korviz,200,2026-10-06
c94cef5a-09b4-4960-a440-446f2bfe5d4f,como,wgrba3,https://bounce.com/stores/como/wgrba3,200,2026-10-06
8ed9b0eb-ac91-4434-9db6-09a5a2d555ae,como,iyj3cl,https://bounce.com/stores/como/iyj3cl,200,2026-10-06
3e2be24c-fda7-4210-923d-779a7b2be18c,como,ifkua6,https://bounce.com/stores/como/ifkua6,200,2026-10-06
a6837c29-a129-4197-8ac9-1333f8727206,como,eecytl,https://bounce.com/stores/como/eecytl,200,2026-10-06
b5180bdf-7119-46a4-8b68-2e183d9e85bf,como,duyfyn,https://bounce.com/stores/como/duyfyn,200,2026-10-06
2cda7a92-a7c2-440c-a1e6-91adfcd0e1b5,como,rbklkz,https://bounce.com/stores/como/rbklkz,200,2026-10-06
0e3239c4-c4e0-4e37-8063-855fe58f542d,como,Hfhnsl,https://bounce.com/stores/como/Hfhnsl,200,2026-10-06
f142b5e4-2e48-4e6a-bf0a-d71f2a2a51cf,como,qqoofj,https://bounce.com/stores/como/qqoofj,200,2026-10-06
b311266e-8fa7-4ae9-8ad9-1162760e3a81,pescara,czffko,https://bounce.com/stores/pescara/czffko,404,2026-10-06
2e1c9ba3-6c9a-4c0d-a6a0-1be95f47fe7d,pescara,d65hxg,https://bounce.com/stores/pescara/d65hxg,404,2026-10-06
2dc6c4dc-73c7-4c68-8a9b-38a9b10528a2,pescara,lxanqe,https://bounce.com/stores/pescara/lxanqe,404,2026-10-06
990e90b0-2ff8-47eb-987b-6417496d630d,pescara,hjywos,https://bounce.com/stores/pescara/hjywos,404,2026-10-06
95c5e060-fa4c-4600-8936-e334c9761658,pescara,xwzwju,https://bounce.com/stores/pescara/xwzwju,404,2026-10-06
ee08d469-abe5-438c-b414-6680ef7d8a49,pescara,etceyh,https://bounce.com/stores/pescara/etceyh,404,2026-10-06
cf590c53-999c-47a6-9bab-854515c72837,pescara,4cr2a3,https://bounce.com/stores/pescara/4cr2a3,404,2026-10-06
954644aa-de82-4f2b-86a4-1cbaf086c5bd,pescara,taa3_f,https://bounce.com/stores/pescara/taa3_f,404,2026-10-06
2ae465e4-2a1a-4530-a197-8dd75843e7fa,pescara,dv7u27,https://bounce.com/stores/pescara/dv7u27,404,2026-10-06
f37b1301-49d3-4c13-ba2d-8667aaf23282,pescara,dg88jb,https://bounce.com/stores/pescara/dg88jb,404,2026-10-06
d81e5538-e652-4b72-aeb1-5af9d25b0636,pescara,6jha6f,https://bounce.com/stores/pescara/6jha6f,404,2026-10-06
f6842a1d-cb3b-4e9e-ad10-85e15a959c29,pescara,dxwzje,https://bounce.com/stores/pescara/dxwzje,404,2026-10-06
a72e1d5b-1d37-48ae-b9c2-0f40e13d534e,pescara,XEUPyE,https://bounce.com/stores/pescara/XEUPyE,200,2026-10-06
18d9c7f4-77e3-40f3-9cb4-5298a0db1b85,pescara,ndfdyu,https://bounce.com/stores/pescara/ndfdyu,404,2026-10-06
18cb0aff-4924-4c34-bf37-eaf9eb53c8e8,pescara,eovufb,https://bounce.com/stores/pescara/eovufb,404,2026-10-06
0762ae69-0c34-490a-b880-1e5b83822a29,pescara,rluai8,https://bounce.com/stores/pescara/rluai8,404,2026-10-06
5d93af80-7ec4-4f93-8e58-0056d66d7195,pescara,o2ocqu,https://bounce.com/stores/pescara/o2ocqu,404,2026-10-06
07d893b5-42b0-4e12-9146-144e4bc62dce,pescara,wlt0ef,https://bounce.com/stores/pescara/wlt0ef,404,2026-10-06
f4429155-eef3-4e86-9ded-add404bef4b7,pescara,qkTDAW,https://bounce.com/stores/pescara/qkTDAW,404,2026-10-06
3e1ebc83-72d4-4402-b8bb-726207637c11,pescara,nSyDux,https://bounce.com/stores/pescara/nSyDux,404,2026-10-06
6cc26edd-8154-40e8-b78c-8ffd84504a9a,pescara,y-cijg,https://bounce.com/stores/pescara/y-cijg,404,2026-10-06
3a765b05-3d79-4f50-ae55-f57bdf19d98e,pescara,gpeowc,https://bounce.com/stores/pescara/gpeowc,404,2026-10-06
672ad4a1-f1ef-46ff-b1b6-e7d3aac2da40,pescara,f78vxp,https://bounce.com/stores/pescara/f78vxp,404,2026-10-06
f882ade6-9121-49f9-8049-910b656573c1,pescara,kvniyl,https://bounce.com/stores/pescara/kvniyl,404,2026-10-06
3afbce75-8c5d-474d-9764-2be962843ffd,pescara,5_8c0y,https://bounce.com/stores/pescara/5_8c0y,404,2026-10-06
3ba19996-e376-47b7-910d-5b29f8bb5c31,pescara,RxlmEe,https://bounce.com/stores/pescara/RxlmEe,404,2026-10-06
da44cc30-18f7-4865-963f-e4bcfb7f2fb2,pescara,g5jszt,https://bounce.com/stores/pescara/g5jszt,404,2026-10-06
4e4c4549-bfa3-4b01-8d92-0e79481d8c87,pescara,kmejzg,https://bounce.com/stores/pescara/kmejzg,404,2026-10-06
4a1b5808-b869-42ad-9c97-ffb3d13220fb,pescara,b_mydo,https://bounce.com/stores/pescara/b_mydo,404,2026-10-06
a21ff2d6-13b0-4ec7-819b-3989be922e46,cesena,lpitp0,https://bounce.com/stores/cesena/lpitp0,404,2026-10-06
d856c655-306b-4f26-a6ba-b34200d1729a,cesena,zuez3w,https://bounce.com/stores/cesena/zuez3w,404,2026-10-06
0f0d5202-eb33-40c1-8956-5b1f5e00fb4b,cesena,rvyft1,https://bounce.com/stores/cesena/rvyft1,404,2026-10-06
97757ff2-e33a-445c-9ce3-46200e1e90d4,cesena,bl5avj,https://bounce.com/stores/cesena/bl5avj,404,2026-10-06
eecfe258-f12d-4a2a-bd81-bebd86722fa5,cesena,xnzi0w,https://bounce.com/stores/cesena/xnzi0w,404,2026-10-06
98e6abec-126a-4b13-b995-7b9ba55721de,cesena,2njvw-,https://bounce.com/stores/cesena/2njvw-,404,2026-10-06
6e77f3f9-bafd-4379-8a3d-f38c2d004b29,cesena,ylwemu,https://bounce.com/stores/cesena/ylwemu,404,2026-10-06
57afed5c-cc2f-4372-8dc3-2b078326e767,cesena,nxttsa,https://bounce.com/stores/cesena/nxttsa,404,2026-10-06
27da4b57-2236-4e81-a2af-2380525e7900,cesena,dybdpn,https://bounce.com/stores/cesena/dybdpn,404,2026-10-06
42ad2199-af20-4149-b7bf-9738d13411d5,cesena,ga-l0y,https://bounce.com/stores/cesena/ga-l0y,404,2026-10-06
d516272d-1e0a-4d2b-89b0-1b91ae63f23d,cesena,2zuabz,https://bounce.com/stores/cesena/2zuabz,404,2026-10-06
2cf3fba8-6514-40a7-8168-26acc10f1c77,cesena,upghmc,https://bounce.com/stores/cesena/upghmc,404,2026-10-06
aa03e903-fa0e-42f7-aa5b-84491bb627f7,cesena,K71DUD,https://bounce.com/stores/cesena/K71DUD,404,2026-10-06
c5556fbf-2228-4587-9141-19951b9366e5,cesena,ruyfmh,https://bounce.com/stores/cesena/ruyfmh,404,2026-10-06
d80f65a6-4ece-4817-bec3-cc2a4c98cc2e,cesena,fa8tsd,https://bounce.com/stores/cesena/fa8tsd,404,2026-10-06
f3456de5-2afa-448e-9134-fa7f6c3db8d6,cesena,mseszl,https://bounce.com/stores/cesena/mseszl,404,2026-10-06
0128892a-62b5-4cc3-8a6a-55cce86624e0,cesena,oj4dyw,https://bounce.com/stores/cesena/oj4dyw,404,2026-10-06
93314da0-0350-4117-a5fa-cd46d1fa9f68,cesena,gu0o0u,https://bounce.com/stores/cesena/gu0o0u,404,2026-10-06
9bbe49a8-593d-444d-a8ac-fc1dcd8c5fc3,cesena,0m-5ry,https://bounce.com/stores/cesena/0m-5ry,404,2026-10-06
f25afbd6-c18c-4613-8401-f1cb8ab4c11b,cesena,qfxhzd,https://bounce.com/stores/cesena/qfxhzd,404,2026-10-06
a873c2ed-294f-4b1f-ad20-70f6696ff8d5,cesena,n4sj8h,https://bounce.com/stores/cesena/n4sj8h,404,2026-10-06
b4ca8c85-f00f-4243-89f8-6522dae6b535,cesena,pqkhvk,https://bounce.com/stores/cesena/pqkhvk,404,2026-10-06
327ac6ab-7a9b-42a9-837d-71b665c5565f,cesena,tlshj0,https://bounce.com/stores/cesena/tlshj0,404,2026-10-06
1190aab8-fa1d-430d-a84f-eaccdca1abe0,cesena,8mi2pb,https://bounce.com/stores/cesena/8mi2pb,404,2026-10-06
0f7461eb-484c-4424-bbba-2ad621e66028,cesena,xam-qp,https://bounce.com/stores/cesena/xam-qp,404,2026-10-06
e9fbe824-e0eb-404b-abd3-ed76c2204b62,cesena,hs3y9t,https://bounce.com/stores/cesena/hs3y9t,404,2026-10-06
9f79bda7-2aa0-45f7-91de-6f2e20fdb0af,modena,rrTS8Y,https://bounce.com/stores/modena/rrTS8Y,200,2026-10-06
c618253a-e1dd-455e-897e-2c65061bbe6a,modena,x67zid,https://bounce.com/stores/modena/x67zid,200,2026-10-06
0dba8a76-f177-488c-aee9-5299628dad1d,modena,yyulkd,https://bounce.com/stores/modena/yyulkd,200,2026-10-06
eec43644-9964-41c7-927e-8d1737e862fe,modena,nlvpa8,https://bounce.com/stores/modena/nlvpa8,200,2026-10-06
be7d8b60-4c98-4e74-8388-fb95d06f42b3,modena,gxzuqm,https://bounce.com/stores/modena/gxzuqm,200,2026-10-06
d68cda7b-cd72-4ca8-9bab-97f10bfd78ca,modena,pz5lkz,https://bounce.com/stores/modena/pz5lkz,200,2026-10-06
b1de0a3b-5159-47af-ae08-35bce007fcac,modena,eyYDXw,https://bounce.com/stores/modena/eyYDXw,200,2026-10-06
9f7b4c1a-3a1e-4f2d-bb36-fd2dc4131dd1,modena,8d-Iev,https://bounce.com/stores/modena/8d-Iev,200,2026-10-06
c8fddd6d-6e9b-4e01-a09a-8f08fae04e72,modena,lp9kon,https://bounce.com/stores/modena/lp9kon,200,2026-10-06
a654ee06-d922-4ea1-a4af-037dc2a7ac77,modena,9eh1cs,https://bounce.com/stores/modena/9eh1cs,200,2026-10-06
c610e18e-4a38-46d9-9e60-e6b6220290fb,modena,ooirei,https://bounce.com/stores/modena/ooirei,200,2026-10-06
bc7f85f6-760f-4093-ac5d-63031c4ad4dc,modena,scmfbx,https://bounce.com/stores/modena/scmfbx,200,2026-10-06
2ceaf2b6-7659-4108-bcd9-8f0dd7731a5b,modena,calgra,https://bounce.com/stores/modena/calgra,200,2026-10-06
ba7bd51b-b18e-45b4-be0e-df80e735f852,modena,iql4br,https://bounce.com/stores/modena/iql4br,200,2026-10-06
2e4f4abe-f7eb-455a-a4c4-af273472916e,modena,lurbuc,https://bounce.com/stores/modena/lurbuc,200,2026-10-06
42e7f892-e2c2-4cae-860e-0522bbb3d22f,modena,zylzfd,https://bounce.com/stores/modena/zylzfd,200,2026-10-06
e5e5d062-3d8b-4d14-8da7-3da554ac81d7,modena,okvbqh,https://bounce.com/stores/modena/okvbqh,200,2026-10-06
5d1b8706-7298-4686-80ed-5a6f2d032acc,modena,uct5t1,https://bounce.com/stores/modena/uct5t1,200,2026-10-06
bce2bc84-df99-4ee5-a0b1-e1219fa7a53a,modena,na7_he,https://bounce.com/stores/modena/na7_he,200,2026-10-06
03999371-73a2-4513-ac56-38e990528500,modena,kfcltm,https://bounce.com/stores/modena/kfcltm,200,2026-10-06
616bdcad-ed68-4f6e-88f0-004f48cbcc43,modena,e3w53y,https://bounce.com/stores/modena/e3w53y,200,2026-10-06
71b81ce7-fe81-41c1-9741-3f85618b9efa,modena,e5oip4,https://bounce.com/stores/modena/e5oip4,200,2026-10-06
72f3109c-8255-4bbf-b68f-77546f0b168d,modena,utlb-4,https://bounce.com/stores/modena/utlb-4,200,2026-10-06
d51701bf-ac03-4fff-8a87-e9c0c47675ae,modena,p1f2kv,https://bounce.com/stores/modena/p1f2kv,200,2026-10-06
739241eb-928a-42a3-82d4-75b73a1cb853,modena,gzgxj6,https://bounce.com/stores/modena/gzgxj6,200,2026-10-06
2d2fdf83-9393-49d1-8acb-4187a089d637,modena,3loiyg,https://bounce.com/stores/modena/3loiyg,200,2026-10-06
490b9477-3d80-41d2-93b9-5b7220f90bbf,treviso,h_tc8w,https://bounce.com/stores/treviso/h_tc8w,404,2026-10-06
54a2c982-456b-40b1-b88d-740f9cdc6a8b,treviso,mjuh4a,https://bounce.com/stores/treviso/mjuh4a,404,2026-10-06
08db0215-d8c3-436b-a7cd-0d930ac8408d,treviso,ml12wg,https://bounce.com/stores/treviso/ml12wg,404,2026-10-06
5ecdbcef-4a6b-4d53-aa3b-d06dd2ca85a7,treviso,k3leaf,https://bounce.com/stores/treviso/k3leaf,404,2026-10-06
e8daae1c-b0bf-4fcd-983b-a12f63b388f5,treviso,z2j68j,https://bounce.com/stores/treviso/z2j68j,404,2026-10-06
839fa1ea-ced4-40e6-99e6-59cdf3e2e377,treviso,tg_23v,https://bounce.com/stores/treviso/tg_23v,404,2026-10-06
8babffe8-a637-4ccd-afbf-8e8ff1f7e0ba,treviso,i1vxim,https://bounce.com/stores/treviso/i1vxim,404,2026-10-06
edcbc32d-8a17-4e1a-9cec-75222845db79,treviso,mdhjp6,https://bounce.com/stores/treviso/mdhjp6,404,2026-10-06
d4afb722-9298-4208-ad88-2626f4baf5c4,treviso,7mxtgm,https://bounce.com/stores/treviso/7mxtgm,404,2026-10-06
756a87e1-ee96-4b21-a124-11e45e125973,treviso,ix6voe,https://bounce.com/stores/treviso/ix6voe,404,2026-10-06
41ddcf4b-d511-4196-86bf-994b51377c7e,treviso,3wegyf,https://bounce.com/stores/treviso/3wegyf,404,2026-10-06
73e58d5a-73af-4f1d-bc9e-0fc48bfc1b73,treviso,titzxk,https://bounce.com/stores/treviso/titzxk,404,2026-10-06
7094ed3b-0dd4-4868-a1af-e4a558e2c119,treviso,qoxgy-,https://bounce.com/stores/treviso/qoxgy-,404,2026-10-06
6bd832c1-6202-47f0-ac81-b96d4c0bf049,treviso,oev_rz,https://bounce.com/stores/treviso/oev_rz,404,2026-10-06
20ac82cb-6d8b-4cb6-b899-c0b2b7f89b58,treviso,xnhxlr,https://bounce.com/stores/treviso/xnhxlr,404,2026-10-06
5548fe7e-3bd6-4eed-9da3-1a81e117a48e,treviso,ljguig,https://bounce.com/stores/treviso/ljguig,404,2026-10-06
93f90f93-8767-4580-88d9-8f0748d0e808,treviso,9rt9iy,https://bounce.com/stores/treviso/9rt9iy,404,2026-10-06
d2332084-2bb4-46b2-9929-1e4beb3bd240,treviso,gwecru,https://bounce.com/stores/treviso/gwecru,404,2026-10-06
00c924f1-5261-45d9-9061-2c836271a783,treviso,fdivze,https://bounce.com/stores/treviso/fdivze,404,2026-10-06
1691168d-6c7b-4d32-88ff-afd98a8b3f9a,treviso,13knbm,https://bounce.com/stores/treviso/13knbm,404,2026-10-06
8742adcc-3d1c-4d6a-8d28-dfe9e328d3b9,treviso,vrlzz9,https://bounce.com/stores/treviso/vrlzz9,404,2026-10-06
62a5c017-bfbc-47e6-bfec-d769328adca2,treviso,lvkvaz,https://bounce.com/stores/treviso/lvkvaz,404,2026-10-06
d12774cc-af26-4f52-bf48-c5490fa61ae0,treviso,4ao_d3,https://bounce.com/stores/treviso/4ao_d3,404,2026-10-06
5629f847-7917-48c0-8cf4-f807a6ceeb51,treviso,wrpmox,https://bounce.com/stores/treviso/wrpmox,404,2026-10-06
e02eeda4-7804-4846-9b46-77264dbb8c14,treviso,bdlov2,https://bounce.com/stores/treviso/bdlov2,404,2026-10-06
f79257bc-5eba-43f9-9098-16d014095552,treviso,ttCWoK,https://bounce.com/stores/treviso/ttCWoK,200,2026-10-06
a05da7b3-249c-4784-875e-08b6a4b1666c,vicenza,a1gz10,https://bounce.com/stores/vicenza/a1gz10,404,2026-10-06
56dcf541-a78c-4009-ae33-964afac59411,vicenza,fxrhqh,https://bounce.com/stores/vicenza/fxrhqh,404,2026-10-06
6055e006-31c4-471c-8d9c-3aec9c6aed11,vicenza,do7vhl,https://bounce.com/stores/vicenza/do7vhl,404,2026-10-06
cdb0f62b-02de-4e5f-9a03-ca903c41d89a,vicenza,ut9y--,https://bounce.com/stores/vicenza/ut9y--,404,2026-10-06
53a3aed2-a0e0-486a-88d6-a2a0e02d480a,vicenza,za3ydd,https://bounce.com/stores/vicenza/za3ydd,404,2026-10-06
b86a7575-5b77-4125-b9f0-485c4ab27a0b,vicenza,uxmx70,https://bounce.com/stores/vicenza/uxmx70,404,2026-10-06
48da59ed-a70f-44c7-ab35-29237acfc275,vicenza,ds9rgz,https://bounce.com/stores/vicenza/ds9rgz,404,2026-10-06
508788f7-295a-495b-8608-9584b9502604,vicenza,zjbefs,https://bounce.com/stores/vicenza/zjbefs,404,2026-10-06
ee6e7afd-0ded-4927-8d4d-d51dfc8f0049,vicenza,zhjhpv,https://bounce.com/stores/vicenza/zhjhpv,404,2026-10-06
d347eda3-c91f-4141-9c56-3332d918e124,vicenza,ubsrkj,https://bounce.com/stores/vicenza/ubsrkj,404,2026-10-06
26c6a385-4c12-4cb2-ac55-ae849354e5b1,vicenza,hHOv7O,https://bounce.com/stores/vicenza/hHOv7O,404,2026-10-06
e3e287b1-6b02-4413-9932-1a28f8aa71c0,vicenza,08vgcz,https://bounce.com/stores/vicenza/08vgcz,404,2026-10-06
7838da6b-1d62-4e04-b868-181d1eb10e7e,vicenza,4j3gs9,https://bounce.com/stores/vicenza/4j3gs9,404,2026-10-06
1bb66e3f-5205-48db-8b7c-edaab5220e18,vicenza,sy40xz,https://bounce.com/stores/vicenza/sy40xz,404,2026-10-06
f5700d1f-1328-40d8-883f-6ed19b8ee27c,vicenza,swtlcp,https://bounce.com/stores/vicenza/swtlcp,404,2026-10-06
d5300f25-b785-4358-8b8f-448c5c750e33,vicenza,ilmon2,https://bounce.com/stores/vicenza/ilmon2,404,2026-10-06
348b5375-8bc5-4dcb-9de2-d15536c749aa,vicenza,n0glgq,https://bounce.com/stores/vicenza/n0glgq,404,2026-10-06
aae6b90f-cdac-481a-b677-83909c3b505d,vicenza,9jufh2,https://bounce.com/stores/vicenza/9jufh2,404,2026-10-06
b97084b2-7b0a-4d65-9377-1b579be73af3,vicenza,ykoo45,https://bounce.com/stores/vicenza/ykoo45,404,2026-10-06
cb23642a-f4b7-4237-a0c0-14e147e52d41,vicenza,eirlb0,https://bounce.com/stores/vicenza/eirlb0,404,2026-10-06
e92db649-0881-419b-a5db-bbfc37ab33ee,vicenza,psp1d8,https://bounce.com/stores/vicenza/psp1d8,404,2026-10-06
fcfc4b0e-915e-4ac7-a379-58c3cd470a76,vicenza,8641o6,https://bounce.com/stores/vicenza/8641o6,404,2026-10-06
38cbd27f-8e6d-4ffb-97a3-18fbf3f0c10b,vicenza,NS6e9a,https://bounce.com/stores/vicenza/NS6e9a,200,2026-10-06
343f46e0-6306-4484-88d2-09eafc9a6624,vicenza,oy7mlk,https://bounce.com/stores/vicenza/oy7mlk,404,2026-10-06
d53c9043-416c-4d56-b13e-09e72f2f7223,vicenza,xvhdgb,https://bounce.com/stores/vicenza/xvhdgb,404,2026-10-06
5a843f8a-18ff-46d8-9ccd-92dac2af5b0b,lecce,ev3118,https://bounce.com/stores/lecce/ev3118,200,2026-10-06
e732bdc7-aab8-4a05-9870-536816e8c9bc,lecce,5ZWczk,https://bounce.com/stores/lecce/5ZWczk,200,2026-10-06
31b388bf-9c15-4ec5-acc7-a95bea04a793,lecce,vqeweg,https://bounce.com/stores/lecce/vqeweg,200,2026-10-06
cd68127a-6285-4197-a9ba-33bbf33b0373,lecce,ysIgD4,https://bounce.com/stores/lecce/ysIgD4,200,2026-10-06
e053a458-a678-434a-983a-9f739f34cb5d,lecce,i3mxqo,https://bounce.com/stores/lecce/i3mxqo,200,2026-10-06
ca76a44c-233f-42ac-8839-f8d3c5bedd78,lecce,xgrnig,https://bounce.com/stores/lecce/xgrnig,200,2026-10-06
8d425549-0273-4535-aefe-62679b3f8687,lecce,9k3nhs,https://bounce.com/stores/lecce/9k3nhs,200,2026-10-06
e78b7531-dad5-45bb-82fe-c20c1171fdb5,lecce,qgwha6,https://bounce.com/stores/lecce/qgwha6,200,2026-10-06
a1b7ea4b-9a62-48e7-997a-e73feefca285,lecce,ci0qba,https://bounce.com/stores/lecce/ci0qba,200,2026-10-06
0a57af4d-f071-4e45-8be9-f8dc2aafed86,lecce,30mcr2,https://bounce.com/stores/lecce/30mcr2,200,2026-10-06
f3e375af-e02c-4559-8e67-81683d563eda,lecce,584bdj,https://bounce.com/stores/lecce/584bdj,200,2026-10-06
2fe239cd-03a5-44a9-82b4-ab25494e93e3,lecce,hw2low,https://bounce.com/stores/lecce/hw2low,200,2026-10-06
6128240a-1d42-4a6a-9dc1-7d717319177d,lecce,t1vvjn,https://bounce.com/stores/lecce/t1vvjn,200,2026-10-06
e342654b-d108-42a4-9fb1-2c9c8488d9c6,lecce,PW-XkN,https://bounce.com/stores/lecce/PW-XkN,200,2026-10-06
5a003e70-215b-4306-a55b-7628c1a614a0,lecce,1E7oZQ,https://bounce.com/stores/lecce/1E7oZQ,200,2026-10-06
54ec8980-d3b6-4b85-8330-9f2c2b0fa445,lecce,NfFbC3,https://bounce.com/stores/lecce/NfFbC3,200,2026-10-06
9338f3fa-7f35-4b33-befc-fc2bda7e0b15,lecce,o8k21w,https://bounce.com/stores/lecce/o8k21w,200,2026-10-06
df3d7a56-fcb1-4070-9dd1-642b11d8850f,lecce,r_70-e,https://bounce.com/stores/lecce/r_70-e,200,2026-10-06
1bd72cc2-bc46-407a-b899-2cdd94a6985d,lecce,o3ubgr,https://bounce.com/stores/lecce/o3ubgr,200,2026-10-06
b181a041-6a98-4f15-9832-fb5777653dff,lecce,m4mfhz,https://bounce.com/stores/lecce/m4mfhz,200,2026-10-06
23033590-b659-46a8-9f8e-01c47a53c00a,lecce,jnZD1I,https://bounce.com/stores/lecce/jnZD1I,200,2026-10-06
c775d06f-6a4b-4ea7-ae1e-e9a84469db70,lecce,flcbhj,https://bounce.com/stores/lecce/flcbhj,200,2026-10-06
e0b49367-f220-4f8d-9c16-78d6df2647f7,lecce,3zc6nm,https://bounce.com/stores/lecce/3zc6nm,200,2026-10-06
0142aaa2-1751-4396-8a57-e01b8358b33f,lecce,7sm5uk,https://bounce.com/stores/lecce/7sm5uk,200,2026-10-06
40333d41-b1cb-4e3f-8c37-2b627b86b01d,parma,bnrtbj,https://bounce.com/stores/parma/bnrtbj,200,2026-10-06
88576053-4e83-4034-af63-b83089da5b91,parma,xAwDpm,https://bounce.com/stores/parma/xAwDpm,200,2026-10-06
2f9c55c8-7f01-48b8-892b-a1347aba3a03,parma,Arvnab,https://bounce.com/stores/parma/Arvnab,200,2026-10-06
70764b1f-e78a-4120-912b-bd4d41807d72,parma,jAOfP6,https://bounce.com/stores/parma/jAOfP6,200,2026-10-06
8f3da92b-b1f1-4a11-af8f-20028531d7fa,parma,iELN6s,https://bounce.com/stores/parma/iELN6s,200,2026-10-06
945d6a69-c031-459f-8e39-c26cb9e0f6e1,parma,ph68mq,https://bounce.com/stores/parma/ph68mq,200,2026-10-06
eba625a4-dde1-4f19-8a88-842928d42d1f,parma,j5_zlt,https://bounce.com/stores/parma/j5_zlt,200,2026-10-06
1f70fa38-a1b2-4972-a6e6-ee4d49244312,parma,pdkzv2,https://bounce.com/stores/parma/pdkzv2,200,2026-10-06
9a787242-3ad7-4a2c-a27f-d691a4328169,parma,wr0eu9,https://bounce.com/stores/parma/wr0eu9,200,2026-10-06
1319122c-62be-4236-989e-b497d22ee1b1,parma,njtasz,https://bounce.com/stores/parma/njtasz,200,2026-10-06
af930e93-42cc-4f1d-96b5-c7abf35bbe34,parma,f30vhi,https://bounce.com/stores/parma/f30vhi,200,2026-10-06
916ca95b-761c-4310-b629-760aeed55ef1,parma,kfxjfm,https://bounce.com/stores/parma/kfxjfm,200,2026-10-06
322fe643-0238-48dc-92f7-9f337f3f797b,parma,1cx-om,https://bounce.com/stores/parma/1cx-om,200,2026-10-06
15ae1e62-1811-4c4e-a671-7a99a2f56235,parma,0sd_ag,https://bounce.com/stores/parma/0sd_ag,200,2026-10-06
0fd1630c-f109-416e-96ff-e994fa1758c1,parma,jqarfx,https://bounce.com/stores/parma/jqarfx,200,2026-10-06
92984be1-6533-451f-be7e-63173b34a144,parma,vjmbxj,https://bounce.com/stores/parma/vjmbxj,200,2026-10-06
b08898ad-cfda-40ce-831b-92512ccc627b,parma,iw5zb2,https://bounce.com/stores/parma/iw5zb2,200,2026-10-06
3edf00b0-be51-4c33-8864-804df93b12da,parma,c76ts-,https://bounce.com/stores/parma/c76ts-,200,2026-10-06
63954e23-7a69-485a-a0e4-02f96cda10d2,parma,elvr7y,https://bounce.com/stores/parma/elvr7y,200,2026-10-06
9fa6cf98-a584-403b-9b16-4b887ffbc33a,parma,sgkmtq,https://bounce.com/stores/parma/sgkmtq,200,2026-10-06
ce3cca0c-ef5e-4947-ba2a-080c85c1b261,parma,_g-x1g,https://bounce.com/stores/parma/_g-x1g,200,2026-10-06
5268129d-66ed-412d-b333-8c3b38680817,parma,smb4du,https://bounce.com/stores/parma/smb4du,200,2026-10-06
13bd105a-b55f-4c26-976a-f5f100e2b755,parma,spiitx,https://bounce.com/stores/parma/spiitx,200,2026-10-06
ced81dca-8925-4494-acdb-c24da73e31d9,parma,nsyzah,https://bounce.com/stores/parma/nsyzah,200,2026-10-06
5686c450-0a6e-4e9e-b499-578b141e9cfb,cosenza,of77zd,https://bounce.com/stores/cosenza/of77zd,404,2026-10-06
74499976-a09d-4897-bf3a-6528965706ce,cosenza,o88zj0,https://bounce.com/stores/cosenza/o88zj0,404,2026-10-06
4e9b60fd-fa8a-41dc-b792-1719d8bac2e0,cosenza,tho_jn,https://bounce.com/stores/cosenza/tho_jn,404,2026-10-06
e19f78dd-0e20-4d1c-999f-6712f3fe0d21,cosenza,531fry,https://bounce.com/stores/cosenza/531fry,404,2026-10-06
190fb080-ccc4-42a1-9202-f2033fc94d8d,cosenza,gwukgr,https://bounce.com/stores/cosenza/gwukgr,404,2026-10-06
8ebf30b4-7e40-449b-83cc-2504a19d56fd,cosenza,wlfqhb,https://bounce.com/stores/cosenza/wlfqhb,404,2026-10-06
ba825150-d2a3-4946-a3cf-f2c8edc7abda,cosenza,k2guys,https://bounce.com/stores/cosenza/k2guys,404,2026-10-06
1fa74f8a-1ef9-405b-93cf-a3b8fbddc760,cosenza,o6e8e2,https://bounce.com/stores/cosenza/o6e8e2,404,2026-10-06
78969de8-b2f3-45da-beff-a78a4f30f6cf,cosenza,nl3vuz,https://bounce.com/stores/cosenza/nl3vuz,404,2026-10-06
cde71351-7c91-471f-b98d-f55db38d17df,cosenza,q7dhss,https://bounce.com/stores/cosenza/q7dhss,404,2026-10-06
e815a201-14ea-4384-8097-529c6216241f,cosenza,kmpti5,https://bounce.com/stores/cosenza/kmpti5,404,2026-10-06
43f86323-ee8f-4298-b32d-a0aea3d0a21f,cosenza,h7ucgc,https://bounce.com/stores/cosenza/h7ucgc,404,2026-10-06
093d30c4-66f5-42e6-bdd8-cd29b8592c21,cosenza,m6hixa,https://bounce.com/stores/cosenza/m6hixa,404,2026-10-06
71d923a9-8566-4034-b344-d9393bb9c2fa,cosenza,huhtcf,https://bounce.com/stores/cosenza/huhtcf,404,2026-10-06
346e95ff-34a1-47de-8eaf-671909ed21c1,cosenza,otfx2_,https://bounce.com/stores/cosenza/otfx2_,404,2026-10-06
d54f9e0f-0259-476b-a3c3-619d6950b6d0,cosenza,zoepdy,https://bounce.com/stores/cosenza/zoepdy,404,2026-10-06
978f9b51-e1ec-431a-bb36-04f1fec6a1f3,cosenza,gjhsai,https://bounce.com/stores/cosenza/gjhsai,404,2026-10-06
a47d0980-1704-4132-9e0d-9eab1691ad44,cosenza,pumynk,https://bounce.com/stores/cosenza/pumynk,404,2026-10-06
c35463a0-9118-4d78-a3dc-b091f12ec938,cosenza,r7bfu2,https://bounce.com/stores/cosenza/r7bfu2,404,2026-10-06
63971a8b-27ec-4ec8-9496-796b48e0bce2,cosenza,jtwnkj,https://bounce.com/stores/cosenza/jtwnkj,404,2026-10-06
60c60f5a-3d59-4d3f-9e8a-875687b71f4b,cosenza,x4hk7p,https://bounce.com/stores/cosenza/x4hk7p,404,2026-10-06
876944e9-8531-4a7b-99c0-9f3840546d24,cosenza,e2e8zu,https://bounce.com/stores/cosenza/e2e8zu,404,2026-10-06
54e569c8-bc3d-4410-b422-fb3bb1ca37fc,cosenza,rrnlfz,https://bounce.com/stores/cosenza/rrnlfz,404,2026-10-06
fa90d608-ac8d-4b70-a71a-8e57ab547c55,trieste,tKVXSV,https://bounce.com/stores/trieste/tKVXSV,200,2026-10-06
cb026efd-0055-490d-85ce-8148857e9b96,trieste,ouwbyj,https://bounce.com/stores/trieste/ouwbyj,200,2026-10-06
a2cef6cb-c6a7-4e44-a409-a4ff8b30e6d9,trieste,0b2cbt,https://bounce.com/stores/trieste/0b2cbt,200,2026-10-06
cfea1e08-f549-4fa4-8298-9b89811b05be,trieste,5fttHX,https://bounce.com/stores/trieste/5fttHX,200,2026-10-06
c9cf30d3-0e3f-4015-9542-3f365b20f0ab,trieste,cvr8pn,https://bounce.com/stores/trieste/cvr8pn,200,2026-10-06
97f11b77-f7b5-4286-bdb2-2ea7e4229911,trieste,svEaHC,https://bounce.com/stores/trieste/svEaHC,200,2026-10-06
f5c999fa-0629-42bf-9683-e6a3c920779a,trieste,dazkeb,https://bounce.com/stores/trieste/dazkeb,200,2026-10-06
a9bf1e03-4f85-4c5b-a566-579882958315,trieste,GveFqG,https://bounce.com/stores/trieste/GveFqG,200,2026-10-06
1c690631-1a7e-4d13-b7a5-5aeb0b5926f9,trieste,gVJoOx,https://bounce.com/stores/trieste/gVJoOx,200,2026-10-06
453a2886-cef6-426f-a025-6ef7abcdb218,trieste,a2z3eU,https://bounce.com/stores/trieste/a2z3eU,200,2026-10-06
0c7901c8-be4a-4f6c-8cab-c231a49d13b7,trieste,wyh0bv,https://bounce.com/stores/trieste/wyh0bv,200,2026-10-06
cd456484-ad4b-4079-a165-50b5a61aeb75,trieste,otanjd,https://bounce.com/stores/trieste/otanjd,200,2026-10-06
b2681226-9b07-4b87-be07-f8b13978e658,trieste,lowgnu,https://bounce.com/stores/trieste/lowgnu,200,2026-10-06
b2c53439-e6da-43f5-aaa2-1f3771e857fa,trieste,bqlaro,https://bounce.com/stores/trieste/bqlaro,200,2026-10-06
b233870e-bfca-4a3a-ad6b-84b6a4c774d9,trieste,usmrm0,https://bounce.com/stores/trieste/usmrm0,200,2026-10-06
05f91b49-4fdf-4cdd-8fef-9775c9cf3de6,trieste,cghlxu,https://bounce.com/stores/trieste/cghlxu,200,2026-10-06
b97163f9-dfad-4d95-a8cb-5de4ae0a6e00,trieste,CE3ljq,https://bounce.com/stores/trieste/CE3ljq,200,2026-10-06
608935b2-1bc5-4c43-bed2-ea0e01ba5f31,trieste,vhyzb6,https://bounce.com/stores/trieste/vhyzb6,200,2026-10-06
663cf050-d241-414e-911b-1e9f6cd99c16,trieste,hwkzib,https://bounce.com/stores/trieste/hwkzib,200,2026-10-06
caf0ae43-bea9-4421-99ad-2e7c19b94cee,trieste,vvilpo,https://bounce.com/stores/trieste/vvilpo,200,2026-10-06
abe64419-04f5-4c84-81ea-3449f4ff4f8f,trieste,b4l2-m,https://bounce.com/stores/trieste/b4l2-m,200,2026-10-06
3c22e8e1-dcc2-4f36-8a6d-dfd0bee639f5,trieste,_x_2rm,https://bounce.com/stores/trieste/_x_2rm,200,2026-10-06
317f0886-8718-4d4b-9822-49df2e20bbb9,trieste,dish05,https://bounce.com/stores/trieste/dish05,200,2026-10-06
97e465df-ecf6-44cd-95fe-3f2f441525c9,udine,r_6hpl,https://bounce.com/stores/udine/r_6hpl,404,2026-10-06
5238ee04-afd6-48d7-b027-56bb86e4a4de,udine,zd8s6j,https://bounce.com/stores/udine/zd8s6j,404,2026-10-06
24249bba-9f2f-48f1-911a-52e91c10433f,udine,schnqd,https://bounce.com/stores/udine/schnqd,404,2026-10-06
391803ef-ef0a-49e0-b3bc-d6320973702d,udine,87g3gk,https://bounce.com/stores/udine/87g3gk,404,2026-10-06
dc41c634-6da0-432d-be87-05d231e76779,udine,gxsiey,https://bounce.com/stores/udine/gxsiey,404,2026-10-06
1a1757b8-caf5-4778-9f1f-b18f82353abd,udine,chh7nf,https://bounce.com/stores/udine/chh7nf,404,2026-10-06
6423e539-84d2-40a3-89b7-54cae4331a7f,udine,cai3wp,https://bounce.com/stores/udine/cai3wp,404,2026-10-06
77c35550-a1ff-4c22-94e4-5639daa0bd79,udine,eqc2qz,https://bounce.com/stores/udine/eqc2qz,404,2026-10-06
7676510a-228f-4a91-ab21-c0fd94020637,udine,hpjwpz,https://bounce.com/stores/udine/hpjwpz,404,2026-10-06
4765b0c9-0e02-45f1-91b0-2d42582bfe49,udine,pu-pug,https://bounce.com/stores/udine/pu-pug,404,2026-10-06
9c644a7d-eb33-452e-b81b-0e8df1205808,udine,yup4jj,https://bounce.com/stores/udine/yup4jj,404,2026-10-06
8dc530ed-4f52-429f-bbf9-ff366cf13e1d,udine,5t3yxx,https://bounce.com/stores/udine/5t3yxx,404,2026-10-06
394517dc-59be-442b-84f7-165a472ba6e5,udine,5-kw5y,https://bounce.com/stores/udine/5-kw5y,404,2026-10-06
4e588880-468b-44a2-b000-938bb232054c,udine,1ftnqa,https://bounce.com/stores/udine/1ftnqa,404,2026-10-06
b48a0e5f-0c7e-471b-9e4a-5029a9ebb501,udine,it4wis,https://bounce.com/stores/udine/it4wis,404,2026-10-06
c4a692eb-8d70-49c5-990c-cf3c1e454875,udine,oscogf,https://bounce.com/stores/udine/oscogf,404,2026-10-06
a1fef200-6a27-4a4e-bf2d-6642a37d1dac,udine,kc3aac,https://bounce.com/stores/udine/kc3aac,404,2026-10-06
2289cd5b-2ee8-48b7-bd3c-e6bee3c27878,udine,hpctrf,https://bounce.com/stores/udine/hpctrf,404,2026-10-06
d2b5d5eb-c700-479d-a6c6-ae5db1d1cfb4,udine,qwjggn,https://bounce.com/stores/udine/qwjggn,404,2026-10-06
676a05fa-f132-47df-bde9-e831bdf83391,udine,yxymhb,https://bounce.com/stores/udine/yxymhb,404,2026-10-06
e016481f-f240-4f08-af1a-d1f60477604f,udine,kfdicq,https://bounce.com/stores/udine/kfdicq,404,2026-10-06
e10ae970-6311-4d29-8387-f03e4100ef52,perugia,saaqzf,https://bounce.com/stores/perugia/saaqzf,200,2026-10-06
a54e0885-6851-4785-9dd5-82dcb6e73636,perugia,olfckk,https://bounce.com/stores/perugia/olfckk,200,2026-10-06
fbc20b27-958b-449d-9335-7b35f31e68ce,perugia,8zMQVZ,https://bounce.com/stores/perugia/8zMQVZ,200,2026-10-06
8045397f-d3e9-4bf4-b8d2-adb1938278a7,perugia,8xgm4g,https://bounce.com/stores/perugia/8xgm4g,200,2026-10-06
a0eab4a4-f035-4aa0-8e4e-df23cb1350f4,perugia,nmnn5_,https://bounce.com/stores/perugia/nmnn5_,200,2026-10-06
21c592b5-5053-4041-960d-d60b0812170f,perugia,aydcdx,https://bounce.com/stores/perugia/aydcdx,200,2026-10-06
8425633d-e3cc-4d8b-9590-3aaa7acf8c89,perugia,QJCMOJ,https://bounce.com/stores/perugia/QJCMOJ,200,2026-10-06
e4af9c2c-625c-49b6-ac21-fdd0f15a2dc4,perugia,QimBIq,https://bounce.com/stores/perugia/QimBIq,200,2026-10-06
d34cef78-85f5-40a7-bd4e-fe223a031ab3,perugia,vNSB8E,https://bounce.com/stores/perugia/vNSB8E,200,2026-10-06
fc763b80-34fa-4771-96d1-5ea732a7ce62,perugia,mbo-sh,https://bounce.com/stores/perugia/mbo-sh,200,2026-10-06
06885195-bf1f-4d16-bee7-2ff3cdad1372,perugia,_xnwgy,https://bounce.com/stores/perugia/_xnwgy,200,2026-10-06
2725ff66-565d-44f0-a51e-e5de1a58d038,perugia,yhh1rh,https://bounce.com/stores/perugia/yhh1rh,200,2026-10-06
d7cfe721-7a35-4129-b366-8fb131d7adc5,perugia,5zo5om,https://bounce.com/stores/perugia/5zo5om,200,2026-10-06
38593de8-4bb9-4a2f-80c9-0e99adb037ee,perugia,twoaa8,https://bounce.com/stores/perugia/twoaa8,200,2026-10-06
3af885a4-c6ff-485b-8cc9-9b71a2d03c96,perugia,_dhebw,https://bounce.com/stores/perugia/_dhebw,200,2026-10-06
30c135e3-08cc-4e57-90e1-6cba0288a11f,perugia,hmcz84,https://bounce.com/stores/perugia/hmcz84,200,2026-10-06
cee81030-f3a0-407f-a72c-680e22e24a5b,perugia,9-yoq4,https://bounce.com/stores/perugia/9-yoq4,200,2026-10-06
5928f90f-94c9-4486-ab98-66832fb80a6c,perugia,f90sse,https://bounce.com/stores/perugia/f90sse,200,2026-10-06
600e4a30-6f14-4f71-a3eb-5089ee40758e,perugia,2j6bnx,https://bounce.com/stores/perugia/2j6bnx,200,2026-10-06
055584d2-93dd-49e4-a4aa-65930338cf72,reggio-calabria,xugo46,https://bounce.com/stores/reggio-calabria/xugo46,404,2026-10-06
4d40dd04-8d25-4b50-8a0c-350487285923,reggio-calabria,dn0kwx,https://bounce.com/stores/reggio-calabria/dn0kwx,404,2026-10-06
cba5720d-21b0-4da5-8675-257a7fb7ce6d,reggio-calabria,numcbv,https://bounce.com/stores/reggio-calabria/numcbv,404,2026-10-06
b3592065-bc0b-4e9f-925d-4a73ecd6419c,reggio-calabria,taye16,https://bounce.com/stores/reggio-calabria/taye16,404,2026-10-06
94951eea-9d40-48ea-aa2c-45849e462b91,reggio-calabria,4ohp_r,https://bounce.com/stores/reggio-calabria/4ohp_r,404,2026-10-06
534a8c9b-1a9a-47d4-9d04-b0305af62667,reggio-calabria,cxryup,https://bounce.com/stores/reggio-calabria/cxryup,404,2026-10-06
d5895361-5d02-4cbe-a7f1-7e87963636e9,reggio-calabria,c0pplj,https://bounce.com/stores/reggio-calabria/c0pplj,404,2026-10-06
44dbe42f-ab76-4c86-b2d5-c0461776a01b,reggio-calabria,5npefs,https://bounce.com/stores/reggio-calabria/5npefs,404,2026-10-06
8e05e8ff-f300-4f3e-9ff6-32e5579af43c,reggio-calabria,jixhyg,https://bounce.com/stores/reggio-calabria/jixhyg,404,2026-10-06
b68d5c67-fac4-4bbb-8c24-8ddd7c733a8d,reggio-calabria,csxwwi,https://bounce.com/stores/reggio-calabria/csxwwi,404,2026-10-06
69771465-11ae-43da-9dfb-6782a323f5f8,reggio-calabria,onwewy,https://bounce.com/stores/reggio-calabria/onwewy,404,2026-10-06
b2dd4d15-6e69-4b8d-996e-26cf8bf10317,reggio-calabria,6dudo0,https://bounce.com/stores/reggio-calabria/6dudo0,404,2026-10-06
026dbb74-bf09-4e1a-85a2-62ae0e1be88b,reggio-calabria,bf9q8f,https://bounce.com/stores/reggio-calabria/bf9q8f,404,2026-10-06
76152a66-899c-4b19-b40e-575781348ec1,reggio-calabria,-vei2p,https://bounce.com/stores/reggio-calabria/-vei2p,404,2026-10-06
5572035b-ca2c-4149-b779-115d4d7469ac,reggio-calabria,uk1oxq,https://bounce.com/stores/reggio-calabria/uk1oxq,404,2026-10-06
f4e4fe74-b65e-46b5-958b-cdc5733f0ce0,reggio-calabria,sua4kb,https://bounce.com/stores/reggio-calabria/sua4kb,404,2026-10-06
f1b08ea0-9e34-4924-b3f5-aa980876351c,reggio-calabria,-kxg1f,https://bounce.com/stores/reggio-calabria/-kxg1f,404,2026-10-06
fe84ec03-fa34-4cc8-ae64-1548f0b79e37,reggio-calabria,wvyw7-,https://bounce.com/stores/reggio-calabria/wvyw7-,404,2026-10-06
223a0294-17bb-4473-999d-b3095a48230c,reggio-calabria,3o9lmg,https://bounce.com/stores/reggio-calabria/3o9lmg,404,2026-10-06
57eb793f-8e9e-4050-8767-0c79671321bb,rimini,wl6rtt,https://bounce.com/stores/rimini/wl6rtt,404,2026-10-06
f3078bc1-5964-40b8-bf15-8770edf4578a,rimini,eagbur,https://bounce.com/stores/rimini/eagbur,404,2026-10-06
aa0bfac3-ef8f-4196-9ff6-9ad968fb9afc,rimini,mgmits,https://bounce.com/stores/rimini/mgmits,404,2026-10-06
7d08053f-bf10-414d-932c-c375cb08ea28,rimini,efer4b,https://bounce.com/stores/rimini/efer4b,404,2026-10-06
ecbd08a1-4a5b-476c-a733-ec7944930953,rimini,vffqgw,https://bounce.com/stores/rimini/vffqgw,404,2026-10-06
9ada91f9-0c75-4f47-956b-cac6bc495f69,rimini,-qq2mj,https://bounce.com/stores/rimini/-qq2mj,404,2026-10-06
e31df5f5-0983-4b80-af54-2b0dcbbf141e,rimini,D6Oj5g,https://bounce.com/stores/rimini/D6Oj5g,404,2026-10-06
a5fd69b2-07a8-4b36-9cd7-0f7e1fc1df76,rimini,gixilw,https://bounce.com/stores/rimini/gixilw,404,2026-10-06
343ee7b1-fc49-4a1f-8c33-f68654bc48f7,rimini,Lyclw4,https://bounce.com/stores/rimini/Lyclw4,404,2026-10-06
b0e2ac8c-d973-43b1-8d98-3f27c8cb83e3,rimini,wzrof6,https://bounce.com/stores/rimini/wzrof6,404,2026-10-06
2e867a4f-e8a9-425e-97ad-3915cc2d80cd,rimini,jv5z2-,https://bounce.com/stores/rimini/jv5z2-,404,2026-10-06
b1c112ef-dab0-4eaf-8791-f555ade9aaf8,rimini,6er_ov,https://bounce.com/stores/rimini/6er_ov,404,2026-10-06
1327f947-5f8c-46ec-b41d-aa355928529c,rimini,o1z7y5,https://bounce.com/stores/rimini/o1z7y5,404,2026-10-06
2ea67982-4a91-42e5-94da-96af50afb184,rimini,8tkhnt,https://bounce.com/stores/rimini/8tkhnt,404,2026-10-06
5d18f2cf-fe28-495f-9739-407d43b0c754,rimini,ujftpi,https://bounce.com/stores/rimini/ujftpi,404,2026-10-06
f5238226-cf44-44b9-b282-d1b84f71c913,rimini,mxusbl,https://bounce.com/stores/rimini/mxusbl,404,2026-10-06
0cb1f831-1106-4b88-9ae8-7b87c4b2f881,rimini,6ntxmj,https://bounce.com/stores/rimini/6ntxmj,404,2026-10-06
91af0efe-bf6a-46d7-8c2f-5b25b595ac56,rimini,SCI8at,https://bounce.com/stores/rimini/SCI8at,404,2026-10-06
8ae8e990-15f6-4de2-a8ad-49952afb03ff,rimini,eTsJj2,https://bounce.com/stores/rimini/eTsJj2,200,2026-10-06
d1163d66-9c3c-49c6-acff-591b10e1fe23,trapani,99xdyc,https://bounce.com/stores/trapani/99xdyc,404,2026-10-06
56380712-bc5b-4d47-851a-d12def292380,trapani,NvSIz5,https://bounce.com/stores/trapani/NvSIz5,404,2026-10-06
bfacda03-c00d-4736-bdab-f9e0c0331085,trapani,mjhipt,https://bounce.com/stores/trapani/mjhipt,404,2026-10-06
deb494f1-7f04-4306-8b86-8dd164e6f768,trapani,5rvfmt,https://bounce.com/stores/trapani/5rvfmt,404,2026-10-06
290c2c0f-ef78-4b47-9bb6-39215155d907,trapani,r3-62b,https://bounce.com/stores/trapani/r3-62b,404,2026-10-06
c092898b-3dc7-49a5-8f06-56b021886f55,trapani,h5hzyo,https://bounce.com/stores/trapani/h5hzyo,404,2026-10-06
aa69b7f2-0e5b-4bc2-beaf-a5c353920a68,trapani,eP6CWH,https://bounce.com/stores/trapani/eP6CWH,404,2026-10-06
ae87bd24-5984-49eb-bfb2-7dc279179934,trapani,3oolmj,https://bounce.com/stores/trapani/3oolmj,404,2026-10-06
7892556e-09e5-4c07-85b2-c3733604b0bb,trapani,tslgrs,https://bounce.com/stores/trapani/tslgrs,404,2026-10-06
75a1524d-c048-4359-b34a-40cfa548f2a0,trapani,nhq_-y,https://bounce.com/stores/trapani/nhq_-y,404,2026-10-06
e4539e41-1eb4-4c82-8595-738953eca18f,trapani,uzudft,https://bounce.com/stores/trapani/uzudft,404,2026-10-06
cba5603a-7c95-4287-beee-d445ca7971a5,trapani,j8btxj,https://bounce.com/stores/trapani/j8btxj,404,2026-10-06
377eda91-6df2-47d2-8904-5b57d2c8b739,trapani,gzvkth,https://bounce.com/stores/trapani/gzvkth,404,2026-10-06
80b969b3-ab58-402c-b8e8-e34536a79610,trapani,ps30-a,https://bounce.com/stores/trapani/ps30-a,404,2026-10-06
f933df27-986e-4c1d-af10-0fcc833d4622,trapani,b7sxjx,https://bounce.com/stores/trapani/b7sxjx,404,2026-10-06
7f1253d8-acee-44e4-948d-8da2bf132422,trapani,s7dfqg,https://bounce.com/stores/trapani/s7dfqg,404,2026-10-06
0fa997b6-6e51-4739-837f-97704da15003,trapani,415jhw,https://bounce.com/stores/trapani/415jhw,404,2026-10-06
b26867de-b3bc-46e4-981c-c10ae538125e,trapani,jr1fzf,https://bounce.com/stores/trapani/jr1fzf,404,2026-10-06
30370e89-fcb3-4f65-b011-99a4a7f48112,matera,cyugu4,https://bounce.com/stores/matera/cyugu4,200,2026-10-06
cd95be44-c6ed-47ba-87a9-730cfdf927f4,matera,kpatt7,https://bounce.com/stores/matera/kpatt7,200,2026-10-06
406a22ef-099e-4a7f-8a40-ce44f3fd9939,matera,n6yvjq,https://bounce.com/stores/matera/n6yvjq,200,2026-10-06
78ef206e-6605-4a29-b4e4-a3df4095d0a1,matera,L8JtbR,https://bounce.com/stores/matera/L8JtbR,200,2026-10-06
5550fd0e-f2cf-4f8a-85b9-847f3a81670a,matera,a4qsvu,https://bounce.com/stores/matera/a4qsvu,200,2026-10-06
f654ac88-4e52-4607-b8db-90552350fcaf,matera,op_if4,https://bounce.com/stores/matera/op_if4,200,2026-10-06
81265210-9e22-486f-bfc3-3f88d64bf51d,matera,3MuOI8,https://bounce.com/stores/matera/3MuOI8,200,2026-10-06
ba978c38-0908-41cf-bc76-7cd6a567bc46,matera,veqem5,https://bounce.com/stores/matera/veqem5,200,2026-10-06
6cadad6f-546e-4915-8000-03d37c1c42fc,matera,6m3vco,https://bounce.com/stores/matera/6m3vco,200,2026-10-06
4e6dd695-4300-49dc-ac39-cc7cb1d02bb0,matera,143juy,https://bounce.com/stores/matera/143juy,200,2026-10-06
a4aeb2a0-22c6-42e6-a48e-93641c3d8c34,matera,v8trls,https://bounce.com/stores/matera/v8trls,200,2026-10-06
9e31d15f-19b8-4da9-9283-7cd7b66b8485,matera,4fhp2v,https://bounce.com/stores/matera/4fhp2v,200,2026-10-06
995de912-ac8f-4918-bd08-73ab0d960180,matera,0bachc,https://bounce.com/stores/matera/0bachc,200,2026-10-06
b6a73222-3315-4859-bbef-35ceb428ed75,matera,bzt3nv,https://bounce.com/stores/matera/bzt3nv,200,2026-10-06
183f16d7-9c41-4656-b008-b07039545ef9,matera,vb14pr,https://bounce.com/stores/matera/vb14pr,200,2026-10-06
01cc3b55-e908-4703-bfab-00b74a1a093a,matera,yb2gfa,https://bounce.com/stores/matera/yb2gfa,200,2026-10-06
727a2c09-1435-4145-aea7-0d9d01ce4625,matera,adydsf,https://bounce.com/stores/matera/adydsf,200,2026-10-06
4cc2d7e9-8e71-4948-905a-11a275372693,trani,1iqd-g,https://bounce.com/stores/trani/1iqd-g,404,2026-10-06
7108ff43-02a7-4dbc-9d7f-2106c5253507,trani,7mjojp,https://bounce.com/stores/trani/7mjojp,404,2026-10-06
023868c0-3027-4d1a-9fd5-5b15ae01a49d,trani,kfrrzl,https://bounce.com/stores/trani/kfrrzl,404,2026-10-06
a8b301ce-2710-4c1e-9751-66fc02829a7b,trani,mosw-9,https://bounce.com/stores/trani/mosw-9,404,2026-10-06
f6e974a3-cbd3-4273-9a4e-95111c91abc2,trani,od9u4u,https://bounce.com/stores/trani/od9u4u,404,2026-10-06
d360a511-70ed-4454-a214-58d48a3757c6,trani,njblqn,https://bounce.com/stores/trani/njblqn,404,2026-10-06
25cbb9d0-2882-4675-8d0f-8817206f5cf2,trani,apb4aj,https://bounce.com/stores/trani/apb4aj,404,2026-10-06
b585556c-7cb6-488e-8e66-43fd53426cee,trani,d-dc5p,https://bounce.com/stores/trani/d-dc5p,404,2026-10-06
464693bb-569b-4273-b51b-4bc90f0b518f,trani,ukzcx0,https://bounce.com/stores/trani/ukzcx0,404,2026-10-06
b46ca621-e0be-4f81-a55b-20ffc0b5a0ec,trani,hnn94w,https://bounce.com/stores/trani/hnn94w,404,2026-10-06
094e2f44-6d02-413c-a670-dc3ffac43fc8,trani,vjejwk,https://bounce.com/stores/trani/vjejwk,404,2026-10-06
2c0786fa-b0bb-4380-ade6-fefd14f48368,trani,2ss-nq,https://bounce.com/stores/trani/2ss-nq,404,2026-10-06
8594fb7c-e865-40ed-b0c8-f2256d3d2b44,trani,3wxy2k,https://bounce.com/stores/trani/3wxy2k,404,2026-10-06
5b71664e-c592-4965-a459-021e0476e096,trani,8hwjl9,https://bounce.com/stores/trani/8hwjl9,404,2026-10-06
eb03aecd-b68b-43a8-8780-a9bbdace4f11,trani,bsalos,https://bounce.com/stores/trani/bsalos,404,2026-10-06
3213a35e-feae-496c-b153-f259c0553d2b,trani,urqd5f,https://bounce.com/stores/trani/urqd5f,404,2026-10-06
00895f11-1032-4721-b5da-3f8bca9a6bbe,trani,lx05d6,https://bounce.com/stores/trani/lx05d6,404,2026-10-06
451d445c-5915-4f83-a464-549353e0b1d0,avellino,0vambb,https://bounce.com/stores/avellino/0vambb,404,2026-10-06
5bbebc51-3b68-4000-b450-bc4decf12a6c,avellino,_hpac9,https://bounce.com/stores/avellino/_hpac9,404,2026-10-06
f5e072cf-cb90-4030-aebe-c7555ea543c3,avellino,bqd5cy,https://bounce.com/stores/avellino/bqd5cy,404,2026-10-06
5c9944e9-3418-4c0a-a91e-fc649704e228,avellino,mxz4sr,https://bounce.com/stores/avellino/mxz4sr,404,2026-10-06
9cde4bad-fdbd-42ad-9bcb-f303de99ad1f,avellino,qsp_9h,https://bounce.com/stores/avellino/qsp_9h,404,2026-10-06
ffd19969-2ab9-4389-bee3-cec0343b0116,avellino,yulaet,https://bounce.com/stores/avellino/yulaet,404,2026-10-06
d692482a-b999-4360-a63d-def9e2bc827e,avellino,ebociw,https://bounce.com/stores/avellino/ebociw,404,2026-10-06
e519890f-ec9e-45c8-b96c-bc15632d5979,avellino,oyt7i7,https://bounce.com/stores/avellino/oyt7i7,404,2026-10-06
f75716ec-aaf6-49b8-983c-158de1c76803,avellino,ussjcj,https://bounce.com/stores/avellino/ussjcj,404,2026-10-06
11f60c4b-8e8a-4433-8862-73274ad23e7a,avellino,f9zwh_,https://bounce.com/stores/avellino/f9zwh_,404,2026-10-06
9fafbf54-6092-44b1-92e9-ee2c093799ab,avellino,3nu4ii,https://bounce.com/stores/avellino/3nu4ii,404,2026-10-06
de3dc395-d27f-4f2b-bde2-aa204537c1cf,avellino,6los66,https://bounce.com/stores/avellino/6los66,404,2026-10-06
0884e93c-3cbc-4709-a9ce-5046ead451bd,avellino,ojr6af,https://bounce.com/stores/avellino/ojr6af,404,2026-10-06
a5f12cc5-55bb-4e71-a8f1-a792bf3cfd2d,avellino,pijh2_,https://bounce.com/stores/avellino/pijh2_,404,2026-10-06
a74d2b23-6085-46be-9a4c-7b75ecb15ba0,avellino,gysuuk,https://bounce.com/stores/avellino/gysuuk,404,2026-10-06
ecc565c1-16f6-48b5-adf4-9aabc6c04bf4,avellino,jxaf6x,https://bounce.com/stores/avellino/jxaf6x,404,2026-10-06
a7260ff6-5759-42ad-8824-39f4627ac900,piacenza,mrbeeh,https://bounce.com/stores/piacenza/mrbeeh,404,2026-10-06
002439ee-23e4-4cfd-94b9-66164af64dfc,piacenza,7f_bey,https://bounce.com/stores/piacenza/7f_bey,404,2026-10-06
7b557ac8-a4c1-4f5a-86bc-3db16a98bf24,piacenza,dwrzpk,https://bounce.com/stores/piacenza/dwrzpk,404,2026-10-06
23befe74-c6ee-4274-90ea-eb3f00bd5fb2,piacenza,e0-vpb,https://bounce.com/stores/piacenza/e0-vpb,404,2026-10-06
e5bcb5c8-8241-493a-8ace-681067f73b39,piacenza,y10lqu,https://bounce.com/stores/piacenza/y10lqu,404,2026-10-06
bc7c6cbf-716b-417f-a388-4bade74d07b7,piacenza,0czkww,https://bounce.com/stores/piacenza/0czkww,404,2026-10-06
c271b4e6-6ced-4b53-a4e3-781018373cbb,piacenza,1cxqaz,https://bounce.com/stores/piacenza/1cxqaz,404,2026-10-06
1079e86f-c85d-464f-8046-1ce33d3bf047,piacenza,vst28z,https://bounce.com/stores/piacenza/vst28z,404,2026-10-06
2fd73a05-8745-4896-bcdb-9dc695254056,piacenza,ot7cjf,https://bounce.com/stores/piacenza/ot7cjf,404,2026-10-06
fac9b139-30b0-4148-997c-c5381e717847,piacenza,9udpor,https://bounce.com/stores/piacenza/9udpor,404,2026-10-06
e1e045fa-3431-4b25-aecc-72d616691cb4,piacenza,pnjjaj,https://bounce.com/stores/piacenza/pnjjaj,404,2026-10-06
d27a93fa-d574-43e4-9b2d-40fa1f895503,piacenza,oxzhqu,https://bounce.com/stores/piacenza/oxzhqu,404,2026-10-06
1026258e-2106-40d0-8987-b6198e0827db,piacenza,b1yr6c,https://bounce.com/stores/piacenza/b1yr6c,404,2026-10-06
cefc2387-0682-43c9-b5b0-9c1741f8e42a,piacenza,ziou0g,https://bounce.com/stores/piacenza/ziou0g,404,2026-10-06
c343ffcd-49d1-4e83-80aa-9c24af6924e1,piacenza,mqppex,https://bounce.com/stores/piacenza/mqppex,404,2026-10-06
fbc93733-838e-48a9-a9d2-7d3aef46f692,piacenza,iavrur,https://bounce.com/stores/piacenza/iavrur,404,2026-10-06
1b24179e-b34c-497c-8efd-c1ce10966ebb,ragusa,lbrp4i,https://bounce.com/stores/ragusa/lbrp4i,404,2026-10-06
d9097b3d-033d-4a2e-9a73-0ca0b5a36c7b,ragusa,xl8u4x,https://bounce.com/stores/ragusa/xl8u4x,404,2026-10-06
ef8b9d32-e30a-439b-a187-6dc5da5a8ed0,ragusa,ubd7yp,https://bounce.com/stores/ragusa/ubd7yp,404,2026-10-06
c63358db-8856-4d3d-ad07-c86b76091494,ragusa,eorlvo,https://bounce.com/stores/ragusa/eorlvo,404,2026-10-06
08d48d85-d97d-4c3a-ad09-1beedea6790a,ragusa,qfpfdw,https://bounce.com/stores/ragusa/qfpfdw,404,2026-10-06
261ab87f-ef25-4749-b5b5-994770c32712,ragusa,8-ru08,https://bounce.com/stores/ragusa/8-ru08,404,2026-10-06
94c048f3-8840-49a3-9e8d-3d0b3f9dfaa2,ragusa,jkf6vh,https://bounce.com/stores/ragusa/jkf6vh,404,2026-10-06
d0ea69b2-312f-4598-b563-607dd1e16cfa,ragusa,mftvpi,https://bounce.com/stores/ragusa/mftvpi,404,2026-10-06
321f6799-f4b5-49b4-9a3c-51c3c8a87cc3,ragusa,cs21uu,https://bounce.com/stores/ragusa/cs21uu,404,2026-10-06
2f4b143d-e2e3-40b4-9734-468f0d58090d,ragusa,demcxt,https://bounce.com/stores/ragusa/demcxt,404,2026-10-06
02fbd5b7-5423-486f-b7d8-ac204ecd69ab,ragusa,kenzca,https://bounce.com/stores/ragusa/kenzca,404,2026-10-06
086776a9-710e-45c0-9e6e-e9a6a01d077e,ragusa,e03hkc,https://bounce.com/stores/ragusa/e03hkc,404,2026-10-06
df103618-2eb8-46dd-a239-e7f88119fc27,ragusa,e_pnsn,https://bounce.com/stores/ragusa/e_pnsn,404,2026-10-06
e69e12a2-d0da-4438-8c67-1f4c69060dff,ragusa,pbk1i2,https://bounce.com/stores/ragusa/pbk1i2,404,2026-10-06
a3b6ec7b-2a4f-4394-a532-d42080a217ac,ragusa,zvxfjt,https://bounce.com/stores/ragusa/zvxfjt,404,2026-10-06
1151c668-86a4-44c5-af8d-c4151bf672a6,ragusa,efa5qn,https://bounce.com/stores/ragusa/efa5qn,404,2026-10-06
3cf4658f-0aa3-4142-8d85-6b85a0613f35,taranto,5net4p,https://bounce.com/stores/taranto/5net4p,404,2026-10-06
16482810-3285-44fe-bc4c-3ddb921e606c,taranto,-nd7fC,https://bounce.com/stores/taranto/-nd7fC,404,2026-10-06
382cd0a4-dabb-467a-9e72-923cd5d52b74,taranto,cfa4o5,https://bounce.com/stores/taranto/cfa4o5,404,2026-10-06
2300e55d-f57a-43f4-983b-e3c4d358cf52,taranto,njtlrt,https://bounce.com/stores/taranto/njtlrt,404,2026-10-06
e59bf40a-3448-4ea9-90c3-bfca35ac4dcd,taranto,shtejb,https://bounce.com/stores/taranto/shtejb,404,2026-10-06
02a550af-0de6-4a85-87b6-6c3ed8ce7b2c,taranto,ltxjks,https://bounce.com/stores/taranto/ltxjks,404,2026-10-06
32d754d6-b27f-4038-bd1c-fe5ff7808dd5,taranto,79yje4,https://bounce.com/stores/taranto/79yje4,404,2026-10-06
7e39f6ae-9006-4f93-a7e3-d695a8dbf695,taranto,j3agmh,https://bounce.com/stores/taranto/j3agmh,404,2026-10-06
1555b2b7-bfc6-4fb7-bc98-5117c2a9fc13,taranto,bwe2jt,https://bounce.com/stores/taranto/bwe2jt,404,2026-10-06
674cf8d1-4221-464f-a410-95d1540caadb,taranto,r2qkz2,https://bounce.com/stores/taranto/r2qkz2,404,2026-10-06
940ea941-ab23-4d9d-9ab5-710aa68bc0c7,taranto,udcLI1,https://bounce.com/stores/taranto/udcLI1,404,2026-10-06
73ae994f-a02f-4431-8b4c-060fb7b13b37,taranto,nyvzac,https://bounce.com/stores/taranto/nyvzac,404,2026-10-06
b59bb76a-8c20-44ba-8dfa-30b6a0725e1d,taranto,AXDFT4,https://bounce.com/stores/taranto/AXDFT4,404,2026-10-06
b91d2557-9dbb-4fe3-a320-0464f1f68ced,taranto,5u9zuw,https://bounce.com/stores/taranto/5u9zuw,404,2026-10-06
883952eb-cc8a-4549-bad3-f3dd6dbd57b5,taranto,9c1w2g,https://bounce.com/stores/taranto/9c1w2g,404,2026-10-06
e30d646c-daf1-4f22-a211-49feed4bc9dc,vibo-valentia,6rfmp2,https://bounce.com/stores/vibo-valentia/6rfmp2,404,2026-10-06
27bf6b46-2222-47b6-aa0c-ae8b6d2dd560,vibo-valentia,3igd4a,https://bounce.com/stores/vibo-valentia/3igd4a,404,2026-10-06
9f22da53-5be6-4907-9502-7420741ba1fe,vibo-valentia,eyulwy,https://bounce.com/stores/vibo-valentia/eyulwy,404,2026-10-06
9811034e-3d93-489c-bd59-19e6708ffe75,vibo-valentia,iz6que,https://bounce.com/stores/vibo-valentia/iz6que,404,2026-10-06
138bd910-d844-47e8-be7b-62887e356178,vibo-valentia,sptfu5,https://bounce.com/stores/vibo-valentia/sptfu5,404,2026-10-06
d11876ee-f19c-4ab3-b72c-7661b4c0dd0a,vibo-valentia,d2ll1u,https://bounce.com/stores/vibo-valentia/d2ll1u,404,2026-10-06
71c9f7a3-4dae-408c-b700-ef82df8a64fb,vibo-valentia,wjbvhl,https://bounce.com/stores/vibo-valentia/wjbvhl,404,2026-10-06
79a32494-d1e2-42a1-bc33-451020009167,vibo-valentia,yhevdp,https://bounce.com/stores/vibo-valentia/yhevdp,404,2026-10-06
53521810-e328-4ccb-a199-daff84cb5c49,vibo-valentia,6tzwgj,https://bounce.com/stores/vibo-valentia/6tzwgj,404,2026-10-06
310ae05b-b59e-4812-b87a-bc93a09599ae,vibo-valentia,_f3_eb,https://bounce.com/stores/vibo-valentia/_f3_eb,404,2026-10-06
43989cc1-9fb0-47de-a1e8-cd212d4a9747,vibo-valentia,1gjow5,https://bounce.com/stores/vibo-valentia/1gjow5,404,2026-10-06
fed061a6-54f2-4fc6-8ad2-58227a5307f7,vibo-valentia,bmhszk,https://bounce.com/stores/vibo-valentia/bmhszk,404,2026-10-06
2e97e07f-fcfa-438b-a7f4-2c6132dd4ac9,vibo-valentia,ynnubu,https://bounce.com/stores/vibo-valentia/ynnubu,404,2026-10-06
67375fef-2af9-47da-bad1-f740689c2abf,vibo-valentia,o60llc,https://bounce.com/stores/vibo-valentia/o60llc,404,2026-10-06
7e56f781-a5cf-4035-9ad2-66934aaf401c,vibo-valentia,f9sfo-,https://bounce.com/stores/vibo-valentia/f9sfo-,404,2026-10-06
36189a3f-5e25-4846-8723-81ac3fc90c44,la-spezia,RUSqCX,https://bounce.com/stores/la-spezia/RUSqCX,200,2026-10-06
11193b68-dbf5-4414-b334-9b046abbe1e5,la-spezia,kk8ncu,https://bounce.com/stores/la-spezia/kk8ncu,200,2026-10-06
331da1af-0e22-4698-83d7-8a6d2c00dded,la-spezia,j6a0D4,https://bounce.com/stores/la-spezia/j6a0D4,200,2026-10-06
207ee74c-fb08-4f49-ad06-b3feacac0731,la-spezia,0QPkPJ,https://bounce.com/stores/la-spezia/0QPkPJ,200,2026-10-06
765d1b1e-2d4d-49d3-875e-56207d28a73d,la-spezia,eob19x,https://bounce.com/stores/la-spezia/eob19x,200,2026-10-06
902617a7-70cb-4910-aa45-f442b178f176,la-spezia,6iuwe7,https://bounce.com/stores/la-spezia/6iuwe7,200,2026-10-06
240084c4-09a8-4a11-b1a8-e13bdbc3e830,la-spezia,Lie2-0,https://bounce.com/stores/la-spezia/Lie2-0,200,2026-10-06
b25cdd63-9947-4689-b6ca-1921ddb6f2ff,la-spezia,i5feyh,https://bounce.com/stores/la-spezia/i5feyh,200,2026-10-06
2fe1075e-eeee-4096-af57-99bdf2644984,la-spezia,412l6a,https://bounce.com/stores/la-spezia/412l6a,200,2026-10-06
bc308f75-d30e-4f17-be84-016006ef66f3,la-spezia,n6DgcX,https://bounce.com/stores/la-spezia/n6DgcX,200,2026-10-06
20a5cbca-bcac-4dc4-a538-f66a766d4328,la-spezia,r7tlg3,https://bounce.com/stores/la-spezia/r7tlg3,200,2026-10-06
32816541-31a7-4f37-a86c-5b1bc2afa557,la-spezia,axlpcl,https://bounce.com/stores/la-spezia/axlpcl,200,2026-10-06
83c98128-a798-4d9c-892e-4e3b743ee753,la-spezia,1ljhur,https://bounce.com/stores/la-spezia/1ljhur,200,2026-10-06
c00e8b15-9281-4c17-921b-4384dda662a4,la-spezia,5exph-,https://bounce.com/stores/la-spezia/5exph-,200,2026-10-06
595a5080-bec4-437c-96c7-aad8d1376318,potenza,il6v_p,https://bounce.com/stores/potenza/il6v_p,404,2026-10-06
4d7e6f64-1181-4288-8cfb-8f0a47e549c5,potenza,jr73lf,https://bounce.com/stores/potenza/jr73lf,404,2026-10-06
cc2085bd-5002-4401-a37d-32deb3db478a,potenza,n02fif,https://bounce.com/stores/potenza/n02fif,404,2026-10-06
88db773d-a3d4-4750-b75e-0c9cd616e289,potenza,bvpelu,https://bounce.com/stores/potenza/bvpelu,404,2026-10-06
0c07b892-1696-4969-94b4-59beb15a7b77,potenza,8hsdbz,https://bounce.com/stores/potenza/8hsdbz,404,2026-10-06
93150e02-1b15-466e-b7cb-ebe5d3a31a1b,potenza,krvm3v,https://bounce.com/stores/potenza/krvm3v,404,2026-10-06
8647b041-8c97-4974-9fa7-c84885aeaac3,potenza,pi2vv3,https://bounce.com/stores/potenza/pi2vv3,404,2026-10-06
2764cf9e-71e5-4eb3-89d2-a99e1bdefcad,potenza,8djrka,https://bounce.com/stores/potenza/8djrka,404,2026-10-06
c3a6f92b-f450-43d5-ac4a-5026784764d9,potenza,hojv2a,https://bounce.com/stores/potenza/hojv2a,404,2026-10-06
730de0b2-d16a-4977-8e36-9c0b509b333a,potenza,gephmp,https://bounce.com/stores/potenza/gephmp,404,2026-10-06
73bcfc37-beb9-4522-8c81-7bd3c619a1d1,potenza,ffcgff,https://bounce.com/stores/potenza/ffcgff,404,2026-10-06
d94ce857-a2c9-40c4-8e1d-736bdd6be55a,potenza,qdkoaj,https://bounce.com/stores/potenza/qdkoaj,404,2026-10-06
e3293cc7-a0a2-46e6-81fd-a77b49eb2423,potenza,igys3t,https://bounce.com/stores/potenza/igys3t,404,2026-10-06
fd51af48-910a-4b15-b2d0-a207d356f7fe,potenza,slxfd3,https://bounce.com/stores/potenza/slxfd3,404,2026-10-06
6edce31c-de7a-4af6-9baf-891248699233,siena,YZSlT_,https://bounce.com/stores/siena/YZSlT_,200,2026-10-06
59640c14-0179-48d6-aa31-ca83f51e2db1,siena,ewtPwA,https://bounce.com/stores/siena/ewtPwA,200,2026-10-06
34582af1-e6b1-423c-8ad1-c0e91c6645e1,siena,1skfoe,https://bounce.com/stores/siena/1skfoe,200,2026-10-06
3afcdd72-0772-4939-8cce-226f376cad09,siena,icpal0,https://bounce.com/stores/siena/icpal0,200,2026-10-06
d1bf6a35-6bdc-4d2b-a279-349add7ed58a,siena,itDvfL,https://bounce.com/stores/siena/itDvfL,200,2026-10-06
caeae10a-42ef-434d-b01d-1f5b76e08473,siena,BvYyGD,https://bounce.com/stores/siena/BvYyGD,200,2026-10-06
e4c7170c-8c00-4b06-baac-7f62c3ded33a,siena,g65Tpe,https://bounce.com/stores/siena/g65Tpe,200,2026-10-06
ed566b71-4d2c-4719-a6ad-dc9d4ad63d3c,siena,fy0c31,https://bounce.com/stores/siena/fy0c31,200,2026-10-06
e7f1a55b-f7ec-4ad6-a803-82259402d76d,siena,k2iQ6P,https://bounce.com/stores/siena/k2iQ6P,200,2026-10-06
cbc056ae-96bc-4d6d-921a-07a1d7e02186,siena,50iMsU,https://bounce.com/stores/siena/50iMsU,200,2026-10-06
5dd12d85-a160-4af4-ad09-fa0c7bce27b9,siena,wcwnrv,https://bounce.com/stores/siena/wcwnrv,200,2026-10-06
facf2d9b-1399-4016-9c3e-a5cfcaabf7e2,siena,_zs79q,https://bounce.com/stores/siena/_zs79q,200,2026-10-06
c26de993-7d95-434b-b477-ef857f969b67,siena,zoncwy,https://bounce.com/stores/siena/zoncwy,200,2026-10-06
60f3684b-cbe2-46ca-b25d-8b5aa2c177ac,siena,mf0tro,https://bounce.com/stores/siena/mf0tro,200,2026-10-06
28536f96-8da9-462e-8bff-94dcce892e10,ancona,k1ieky,https://bounce.com/stores/ancona/k1ieky,404,2026-10-06
a8d0c685-bbd0-4734-ac0f-65ec1e1d5bbc,ancona,puhvy0,https://bounce.com/stores/ancona/puhvy0,404,2026-10-06
f7096171-65d7-4d20-bfde-193e38085677,ancona,sgif7l,https://bounce.com/stores/ancona/sgif7l,404,2026-10-06
78a3de4e-ed73-4e35-b351-a5c6bdd820bc,ancona,ypt5bh,https://bounce.com/stores/ancona/ypt5bh,404,2026-10-06
f11fffb4-f92a-4867-9223-8026b4825a60,ancona,eafe8g,https://bounce.com/stores/ancona/eafe8g,404,2026-10-06
1d5b0da2-8715-4133-be0b-4b88918c565e,ancona,r723zv,https://bounce.com/stores/ancona/r723zv,404,2026-10-06
8edf68d1-589f-4b49-8234-a4f7427d80f0,ancona,aGPYTc,https://bounce.com/stores/ancona/aGPYTc,404,2026-10-06
e143c356-90c0-411e-9c1a-4af11187402c,ancona,elgbf6,https://bounce.com/stores/ancona/elgbf6,404,2026-10-06
440ca30b-f56c-4005-9139-d7ff9c5fdd06,ancona,3szyez,https://bounce.com/stores/ancona/3szyez,404,2026-10-06
5101e023-8d45-48d6-a590-c63ba5083f5a,ancona,zsoieu,https://bounce.com/stores/ancona/zsoieu,404,2026-10-06
e03aba43-6d45-4837-aba5-298a1cf00c7b,ancona,vbb2o9,https://bounce.com/stores/ancona/vbb2o9,404,2026-10-06
0238b054-a701-4949-8fec-84739e4c6b7f,ancona,szdczz,https://bounce.com/stores/ancona/szdczz,404,2026-10-06
8a82447f-39c1-48b4-b63e-22842d467bde,ancona,a6mepg,https://bounce.com/stores/ancona/a6mepg,404,2026-10-06
0de7bbb6-cc0d-4d26-879a-4125c9d31d31,foggia,mo43jk,https://bounce.com/stores/foggia/mo43jk,404,2026-10-06
5cf922ea-fb99-4b12-beed-4d6ac1721342,foggia,alxn_z,https://bounce.com/stores/foggia/alxn_z,404,2026-10-06
00835557-033f-4846-9224-0ccf12eb4761,foggia,_aqrcg,https://bounce.com/stores/foggia/_aqrcg,404,2026-10-06
df118786-0036-4886-8cae-cdc2f9f6f9c1,monza,dUGtN8,https://bounce.com/stores/monza/dUGtN8,200,2026-10-06
4567f4b9-e049-48f1-86f8-59b2fbf2c985,monza,6ae7lj,https://bounce.com/stores/monza/6ae7lj,200,2026-10-06
fee4d5fb-ccb2-4ea2-8b78-3568ff6b066b,monza,t2uhny,https://bounce.com/stores/monza/t2uhny,200,2026-10-06
a49c15e0-738e-49c7-b1d7-aec7d034b19c,monza,vrzvCY,https://bounce.com/stores/monza/vrzvCY,200,2026-10-06
bc8f3823-b3d5-403a-a80a-4eab2fe535e8,monza,ibtzbp,https://bounce.com/stores/monza/ibtzbp,200,2026-10-06
4ef71f47-c4a4-4b7b-ab51-908484649070,monza,f9bvn9,https://bounce.com/stores/monza/f9bvn9,200,2026-10-06
cda86865-430f-4789-ae3f-7961c685d331,agrigento,q5ebwr,https://bounce.com/stores/agrigento/q5ebwr,200,2026-10-06
a885d30e-0466-4875-8901-81162aac50bf,agrigento,OyvF5O,https://bounce.com/stores/agrigento/OyvF5O,200,2026-10-06
164ab22f-8f98-4a88-9b23-dc865c1c54a2,agrigento,4hjddp,https://bounce.com/stores/agrigento/4hjddp,200,2026-10-06
d91dac50-508b-408e-82b7-809dfee11e39,agrigento,yp0nfo,https://bounce.com/stores/agrigento/yp0nfo,200,2026-10-06
6f3671df-f195-4020-b8df-af59fd316453,agrigento,rcugj8,https://bounce.com/stores/agrigento/rcugj8,200,2026-10-06
e16fe9b8-1b34-4997-a4ef-1a5e672362e0,agrigento,lidzb_,https://bounce.com/stores/agrigento/lidzb_,200,2026-10-06
eac9b7ad-1159-4765-8501-8a499f2d03ee,agrigento,4h9i1q,https://bounce.com/stores/agrigento/4h9i1q,200,2026-10-06
a4d2f344-0055-47d3-bd4b-59dc63674e8a,agrigento,ne5g-r,https://bounce.com/stores/agrigento/ne5g-r,200,2026-10-06
e0b2fb96-8028-4e7e-b0a9-445c31681b88,agrigento,ekjrvo,https://bounce.com/stores/agrigento/ekjrvo,200,2026-10-06
93e66fc2-689b-488f-b25b-bfc99cf11086,agrigento,es4c5v,https://bounce.com/stores/agrigento/es4c5v,200,2026-10-06
2f5fdce8-a2d9-46d5-9c02-61ee27c730e2,chieti,evp9xl,https://bounce.com/stores/chieti/evp9xl,404,2026-10-06
b3d30a61-b21c-401f-98f0-9f1892e7e84b,chieti,oxpyir,https://bounce.com/stores/chieti/oxpyir,404,2026-10-06
6cb7482c-ea31-4503-9717-6a3743796963,chieti,fpo5k1,https://bounce.com/stores/chieti/fpo5k1,404,2026-10-06
41b61955-fbd3-4abc-b319-372b405c17b4,chieti,TuREAy,https://bounce.com/stores/chieti/TuREAy,404,2026-10-06
5a7d13b8-e366-46eb-b778-78a90daf7407,chieti,8vosdl,https://bounce.com/stores/chieti/8vosdl,404,2026-10-06
07d7a311-f137-4042-ad5c-704d9789163c,chieti,SHNtUv,https://bounce.com/stores/chieti/SHNtUv,404,2026-10-06
02867426-91ea-4cf3-95e4-b1c703dcfcb2,chieti,44kgsu,https://bounce.com/stores/chieti/44kgsu,404,2026-10-06
88915b34-18bf-4373-99a7-3d9a23d94296,chieti,ml4z9j,https://bounce.com/stores/chieti/ml4z9j,404,2026-10-06
c6d77ef0-0499-4174-8e9a-276fe370b97b,chieti,k13x1i,https://bounce.com/stores/chieti/k13x1i,404,2026-10-06
414daa88-baa9-4bcd-87c3-bad674605bba,chieti,kd8fmh,https://bounce.com/stores/chieti/kd8fmh,404,2026-10-06
ef831fd2-57f8-4311-898b-4aa668abe669,chieti,uvoz_a,https://bounce.com/stores/chieti/uvoz_a,404,2026-10-06
536deac1-d217-4598-85e1-3707a1e54ed8,chieti,-dvh4q,https://bounce.com/stores/chieti/-dvh4q,404,2026-10-06
16ddb390-4f7f-48d0-9151-47230d2651d2,lecco,agj1dm,https://bounce.com/stores/lecco/agj1dm,200,2026-10-06
2297c97d-85f8-43ae-8f22-e7bdc6ff7274,lecco,wsx4lk,https://bounce.com/stores/lecco/wsx4lk,200,2026-10-06
84bb6764-dfe7-4e81-9574-e55ed8f44c51,lecco,dQPN-Q,https://bounce.com/stores/lecco/dQPN-Q,200,2026-10-06
4f8f257a-44ed-4909-9040-1d6d1ef97b82,lecco,kfkwqx,https://bounce.com/stores/lecco/kfkwqx,200,2026-10-06
8b209c5a-8363-431c-84c6-3d7e5dd900e8,lecco,glaWp9,https://bounce.com/stores/lecco/glaWp9,200,2026-10-06
e570690a-3fbd-492d-82df-9492817db621,lecco,ruilrw,https://bounce.com/stores/lecco/ruilrw,200,2026-10-06
f694f768-f68a-4212-a89f-a0f08f97e9bd,lecco,GfwTTP,https://bounce.com/stores/lecco/GfwTTP,200,2026-10-06
d7e6215f-95f8-47e6-bf4c-ca9a3981cee3,lecco,ms6apl,https://bounce.com/stores/lecco/ms6apl,200,2026-10-06
5702710b-0af3-4044-a4f9-60bdcd3589c9,lecco,t1seve,https://bounce.com/stores/lecco/t1seve,200,2026-10-06
110df13a-5d58-4683-939c-0b73a06f7832,lecco,ecfmfz,https://bounce.com/stores/lecco/ecfmfz,200,2026-10-06
b80d39fb-1520-4fd0-b73a-cd4edc1e3e39,lecco,j1nd0v,https://bounce.com/stores/lecco/j1nd0v,200,2026-10-06
cbc87f80-ba70-43ef-aa1b-83df28ba2472,lecco,wqmg2d,https://bounce.com/stores/lecco/wqmg2d,200,2026-10-06
0cc4e674-b7c0-4863-ac8f-0dbeb2866ed2,pordenone,ynxgop,https://bounce.com/stores/pordenone/ynxgop,404,2026-10-06
071fa2df-2bbc-46f3-8c36-f69dc3200724,pordenone,eu5caw,https://bounce.com/stores/pordenone/eu5caw,404,2026-10-06
14d1ff11-2283-4f7b-8df1-ac2b68f0c74f,pordenone,0houkq,https://bounce.com/stores/pordenone/0houkq,404,2026-10-06
e88cac3b-21c8-404b-803f-cca01997a397,pordenone,3msdqn,https://bounce.com/stores/pordenone/3msdqn,404,2026-10-06
b6f548f5-07a1-45a1-ac53-69d7e28a6b05,pordenone,mqr2rw,https://bounce.com/stores/pordenone/mqr2rw,404,2026-10-06
706fae18-8394-442a-8528-4f60bec11ec0,pordenone,zu1fcz,https://bounce.com/stores/pordenone/zu1fcz,404,2026-10-06
b9d67d0b-5c3d-4d0c-862c-cdeedd185dea,pordenone,n8m6h7,https://bounce.com/stores/pordenone/n8m6h7,404,2026-10-06
d762940a-96fe-43db-a090-0ad224edb0bb,pordenone,r646km,https://bounce.com/stores/pordenone/r646km,404,2026-10-06
3d087305-509f-422b-8abd-63b7e7f642c3,pordenone,j5y_me,https://bounce.com/stores/pordenone/j5y_me,404,2026-10-06
68db789c-acac-4dfe-bc8c-d5ac61ba5946,pordenone,ijhskp,https://bounce.com/stores/pordenone/ijhskp,404,2026-10-06
e967db07-f8a4-46dd-961a-04a03d63fa12,pordenone,5kvkpk,https://bounce.com/stores/pordenone/5kvkpk,404,2026-10-06
fc794dca-39b2-4cb8-9fdc-ee60a7758765,pordenone,k6bani,https://bounce.com/stores/pordenone/k6bani,404,2026-10-06
0a318c3c-f07d-4aee-91f4-dd995eae25d1,ravenna,qyzqfd,https://bounce.com/stores/ravenna/qyzqfd,404,2026-10-06
78a6437c-5364-4f5f-a2ec-f061755ade1d,ravenna,e3rlz4,https://bounce.com/stores/ravenna/e3rlz4,404,2026-10-06
e8bbeb6a-0793-423f-b882-2979a7d7e982,ravenna,3bxwqu,https://bounce.com/stores/ravenna/3bxwqu,404,2026-10-06
734263d2-ad8f-4fab-881d-d89c470e2588,ravenna,bklsz3,https://bounce.com/stores/ravenna/bklsz3,404,2026-10-06
fe6cb636-fe58-48d9-8f78-036dc5049da2,ravenna,is53jp,https://bounce.com/stores/ravenna/is53jp,404,2026-10-06
768ba96b-beda-4ddd-8d87-55f45b448b84,ravenna,p2cqia,https://bounce.com/stores/ravenna/p2cqia,404,2026-10-06
4bcd1842-3361-42fe-9573-011981e8ef66,ravenna,3_-qa2,https://bounce.com/stores/ravenna/3_-qa2,404,2026-10-06
57ad2fd9-0933-4ff9-a6e0-cd37aa508437,ravenna,lr6nvg,https://bounce.com/stores/ravenna/lr6nvg,404,2026-10-06
9ce97464-08e5-45a9-b917-376ed2f03c6c,ravenna,ksxot2,https://bounce.com/stores/ravenna/ksxot2,404,2026-10-06
eb8bfadc-fd5f-49d0-855a-a884bbad7d9b,ravenna,PZqKpi,https://bounce.com/stores/ravenna/PZqKpi,404,2026-10-06
04f30065-380c-4b4a-9cbb-83756cbad25d,ravenna,FyVq8-,https://bounce.com/stores/ravenna/FyVq8-,200,2026-10-06
a994cc80-36a6-4bc6-8a28-37a3e9c1facc,ravenna,3a6kni,https://bounce.com/stores/ravenna/3a6kni,404,2026-10-06
4f98e169-3df2-4b38-b73d-09e6d4af1261,verbania,amjf0j,https://bounce.com/stores/verbania/amjf0j,404,2026-10-06
edb2759d-73b3-494a-8ef6-4bba8293d6c0,verbania,dxzbnh,https://bounce.com/stores/verbania/dxzbnh,404,2026-10-06
a007848c-c447-478e-a76b-28832e55dede,verbania,cuq0uk,https://bounce.com/stores/verbania/cuq0uk,404,2026-10-06
301d2534-4f7f-4b65-a37f-e2935c2a183a,verbania,mi5o-6,https://bounce.com/stores/verbania/mi5o-6,404,2026-10-06
d2ab421f-9269-444a-9ca8-08a857dfe2d7,verbania,xettjw,https://bounce.com/stores/verbania/xettjw,404,2026-10-06
90f62910-e393-4166-8890-d238115671fc,verbania,37qwrd,https://bounce.com/stores/verbania/37qwrd,404,2026-10-06
e3e0396c-6955-4f71-806c-33f60abffd87,verbania,qddacb,https://bounce.com/stores/verbania/qddacb,200,2026-10-06
dc2b49ea-85d8-4541-b43a-796412058274,verbania,Qu2gtR,https://bounce.com/stores/verbania/Qu2gtR,404,2026-10-06
d1560f1d-0cdb-4e28-a0fe-82d6628475f1,verbania,S0HvDc,https://bounce.com/stores/verbania/S0HvDc,404,2026-10-06
98d0098e-1732-4d44-9865-a6763d73075b,verbania,u1i8et,https://bounce.com/stores/verbania/u1i8et,404,2026-10-06
9cd040cb-eb6a-40f3-a0fb-16b777c707df,verbania,natkkt,https://bounce.com/stores/verbania/natkkt,404,2026-10-06
bea76f39-ba41-4dc4-836f-7f24eb0535ba,verbania,ngdjp3,https://bounce.com/stores/verbania/ngdjp3,404,2026-10-06
c1e54d54-630e-40de-9299-e32021435d49,brindisi,nRpAiF,https://bounce.com/stores/brindisi/nRpAiF,200,2026-10-06
b4d6ec05-e08e-42e4-93f3-1c6094d9a611,brindisi,4fw-uf,https://bounce.com/stores/brindisi/4fw-uf,200,2026-10-06
cef25b5b-2daf-4c0c-858c-3657d77ae00b,brindisi,VvZmCq,https://bounce.com/stores/brindisi/VvZmCq,200,2026-10-06
a3dcfe80-1f31-4306-879b-bcde0fb3727b,brindisi,Yubncy,https://bounce.com/stores/brindisi/Yubncy,200,2026-10-06
8c1a71dc-2679-4b8f-8495-b01c6e874c88,brindisi,8CL27G,https://bounce.com/stores/brindisi/8CL27G,200,2026-10-06
c7524d67-d830-4969-bb27-047cf00a934a,brindisi,5q5_vo,https://bounce.com/stores/brindisi/5q5_vo,200,2026-10-06
a7f93cf3-26ec-4f56-aa6b-5b3b5e4da3fc,brindisi,pqqrd_,https://bounce.com/stores/brindisi/pqqrd_,200,2026-10-06
39152c75-45ef-41a6-a980-6292b414a19f,brindisi,iyzrnx,https://bounce.com/stores/brindisi/iyzrnx,200,2026-10-06
7904a6f1-b481-4c34-93d3-79c86e003b83,brindisi,4fzkq9,https://bounce.com/stores/brindisi/4fzkq9,200,2026-10-06
bcd6904f-b02b-41a8-9e99-9a2ee67d55e5,brindisi,l1m7mu,https://bounce.com/stores/brindisi/l1m7mu,200,2026-10-06
5958f920-e8c4-4aaa-a2b7-d69c62f58c34,brindisi,5agu4a,https://bounce.com/stores/brindisi/5agu4a,200,2026-10-06
a049d969-6c73-4268-90c9-6664f5142842,catanzaro,trskg1,https://bounce.com/stores/catanzaro/trskg1,404,2026-10-06
cb094b72-76e4-41c4-a30c-8d3a20b534f4,catanzaro,88nsrk,https://bounce.com/stores/catanzaro/88nsrk,404,2026-10-06
3455c143-1d71-44e5-a859-e4e545f4b9f5,catanzaro,yl5afs,https://bounce.com/stores/catanzaro/yl5afs,404,2026-10-06
6271472c-2b35-4348-854c-a3dd899431ea,catanzaro,pbmrt3,https://bounce.com/stores/catanzaro/pbmrt3,404,2026-10-06
e32dd6ee-d6f7-44d9-9329-45438e780689,catanzaro,9qrs6y,https://bounce.com/stores/catanzaro/9qrs6y,404,2026-10-06
49f1e0d0-2882-4cc2-9874-adf8a9ae9f32,catanzaro,0q99vl,https://bounce.com/stores/catanzaro/0q99vl,404,2026-10-06
08f4580a-d3e3-4d90-b73e-fa632b039c23,catanzaro,w6vpo_,https://bounce.com/stores/catanzaro/w6vpo_,404,2026-10-06
74084669-662f-450a-a5ca-5c4caca2aff5,catanzaro,3hli5p,https://bounce.com/stores/catanzaro/3hli5p,404,2026-10-06
1aa18dc1-7762-464d-b0b1-93b3f7e05c48,catanzaro,0haou4,https://bounce.com/stores/catanzaro/0haou4,404,2026-10-06
c0321f65-6e52-42ba-8acd-3d6d72aa2260,catanzaro,kg7hnd,https://bounce.com/stores/catanzaro/kg7hnd,404,2026-10-06
b15eae2a-505b-447f-8165-e50f2b31aa48,catanzaro,gekfoi,https://bounce.com/stores/catanzaro/gekfoi,404,2026-10-06
271e8a0d-91b5-4c56-9dc1-9165c8807494,trento,wh0qkr,https://bounce.com/stores/trento/wh0qkr,404,2026-10-06
5c7f5796-59d5-4dc6-9b38-eea9182a7b60,trento,173uq9,https://bounce.com/stores/trento/173uq9,404,2026-10-06
141372c0-42c4-44ec-96ba-a1591a98f820,trento,itzfqx,https://bounce.com/stores/trento/itzfqx,404,2026-10-06
a667706c-5250-463a-bb3e-659624563871,trento,d_xadg,https://bounce.com/stores/trento/d_xadg,404,2026-10-06
b0862e4c-337a-4f1d-a962-bfd180114e22,trento,7ugheb,https://bounce.com/stores/trento/7ugheb,404,2026-10-06
5a9ca27b-87a2-416a-93a4-1eeba49c1e1c,trento,nbsgox,https://bounce.com/stores/trento/nbsgox,404,2026-10-06
bda74a24-0d26-41cb-94f8-dff88b84d99b,trento,6lmv2l,https://bounce.com/stores/trento/6lmv2l,404,2026-10-06
9b3f3103-a5f5-4096-bcab-a188d9309e84,trento,1md9v1,https://bounce.com/stores/trento/1md9v1,404,2026-10-06
fc35f159-6d9c-432d-8b34-5c892b0282f0,trento,wimard,https://bounce.com/stores/trento/wimard,404,2026-10-06
5cf8258b-1762-4c87-b751-774c83771f6f,trento,32ompc,https://bounce.com/stores/trento/32ompc,404,2026-10-06
4bf44e33-47ce-44dc-a3c6-e550a30ea032,trento,_2rnci,https://bounce.com/stores/trento/_2rnci,404,2026-10-06
9b443e02-ec5e-4650-a9a0-36a6a71bb2d0,ferrara,n2ga3n,https://bounce.com/stores/ferrara/n2ga3n,404,2026-10-06
afd73688-0464-4bfd-99b3-38b97340ce47,ferrara,lytxud,https://bounce.com/stores/ferrara/lytxud,404,2026-10-06
c95c5adf-acb4-43c1-887b-33bed5ad7ec9,ferrara,5s_vlr,https://bounce.com/stores/ferrara/5s_vlr,404,2026-10-06
319f9fbc-16f2-497c-a89e-47e8a264696c,ferrara,kk5_za,https://bounce.com/stores/ferrara/kk5_za,404,2026-10-06
4efa3f90-34f1-4642-adf7-638560921050,ferrara,KgUXxv,https://bounce.com/stores/ferrara/KgUXxv,404,2026-10-06
b88a3e30-1bcf-4e17-bc25-82aab665acad,ferrara,hqr5em,https://bounce.com/stores/ferrara/hqr5em,404,2026-10-06
71df2b91-6c5a-4a28-b88e-73590f4554aa,ferrara,NjEWyV,https://bounce.com/stores/ferrara/NjEWyV,404,2026-10-06
6e80cf3e-d9bc-43cf-940e-6dfbae1d0af6,ferrara,ccsc31,https://bounce.com/stores/ferrara/ccsc31,404,2026-10-06
0e79ec65-af2d-403e-902c-5e401c767111,ferrara,gpgsm-,https://bounce.com/stores/ferrara/gpgsm-,404,2026-10-06
cbf3cc43-b8f8-4d60-b38e-804508704ae5,ferrara,efgdef,https://bounce.com/stores/ferrara/efgdef,404,2026-10-06
b38fddd1-74ce-4f68-808f-4a5db8d6aa37,livorno,nc1wdu,https://bounce.com/stores/livorno/nc1wdu,404,2026-10-06
dfa922bd-4683-418a-b26d-e5ea1f5b6df8,livorno,5V2KLR,https://bounce.com/stores/livorno/5V2KLR,404,2026-10-06
228cad88-66b4-4e51-b9b4-38dfa380d15d,livorno,ak_vk5,https://bounce.com/stores/livorno/ak_vk5,404,2026-10-06
8a91c613-97a3-46b1-817e-5ce8e9ed53dc,livorno,KqZA82,https://bounce.com/stores/livorno/KqZA82,404,2026-10-06
948b1796-3ed7-4f35-9ac5-cd82e23d956d,livorno,ywjxxa,https://bounce.com/stores/livorno/ywjxxa,404,2026-10-06
2d694d04-73b2-4f8c-8df3-aed8ae5467c4,livorno,rqg4r4,https://bounce.com/stores/livorno/rqg4r4,404,2026-10-06
5956ca96-8864-4960-b73a-8779ec83a6bb,livorno,cZCZ0Z,https://bounce.com/stores/livorno/cZCZ0Z,404,2026-10-06
becc20a5-0cca-4ef7-869a-9698fed61572,livorno,lEEBX1,https://bounce.com/stores/livorno/lEEBX1,200,2026-10-06
e6cc9b8d-8e5f-44c4-8829-e364537b9c9c,livorno,ic2fn1,https://bounce.com/stores/livorno/ic2fn1,404,2026-10-06
352f5e37-a25e-4bce-b59d-9a99e147756b,livorno,es7trc,https://bounce.com/stores/livorno/es7trc,404,2026-10-06
ab80b0c1-271e-4bb1-928a-ee55fb8c20e4,lucca,VHkrx0,https://bounce.com/stores/lucca/VHkrx0,200,2026-10-06
6d18a9ba-9349-4372-a190-3021a1999cab,lucca,zi944f,https://bounce.com/stores/lucca/zi944f,200,2026-10-06
f8489471-37af-4e04-8ece-933e64f1dc21,lucca,C29XbA,https://bounce.com/stores/lucca/C29XbA,200,2026-10-06
595a63af-1841-49c4-86e3-cfd79e2f1cdc,lucca,KKAoec,https://bounce.com/stores/lucca/KKAoec,200,2026-10-06
b4a97407-e279-453b-be80-e3196c18ec9f,lucca,6xCh7e,https://bounce.com/stores/lucca/6xCh7e,200,2026-10-06
3842c32f-2b8c-41eb-86cf-3967e3f51a6c,lucca,cFJhFb,https://bounce.com/stores/lucca/cFJhFb,200,2026-10-06
ed0c23a6-fb3e-40bd-bcf6-61adc0aa738f,lucca,DFWpdz,https://bounce.com/stores/lucca/DFWpdz,200,2026-10-06
d978361a-89c9-4ded-8c04-06cd91c3d0d0,lucca,eFfZLC,https://bounce.com/stores/lucca/eFfZLC,200,2026-10-06
7124ff02-5adc-40a4-b5fe-1c3142bdda16,lucca,8XKt_C,https://bounce.com/stores/lucca/8XKt_C,200,2026-10-06
51f0957c-813b-46e1-8cb2-069dc641fb3f,lucca,rk2epo,https://bounce.com/stores/lucca/rk2epo,200,2026-10-06
006cd36e-48c2-45ee-841b-cbf2d881ae07,pavia,kkvrxh,https://bounce.com/stores/pavia/kkvrxh,404,2026-10-06
348c24a0-7b9c-413d-96db-10a008bcb1bf,pavia,nheavk,https://bounce.com/stores/pavia/nheavk,404,2026-10-06
9cabb027-813b-4458-86d5-3851131a716d,pavia,onh2rz,https://bounce.com/stores/pavia/onh2rz,404,2026-10-06
707f0914-3157-4c00-b3fa-8a4bf19f5994,pavia,xoxki_,https://bounce.com/stores/pavia/xoxki_,404,2026-10-06
7b8359c8-9559-454a-893e-871812648b40,pavia,zwn1mf,https://bounce.com/stores/pavia/zwn1mf,404,2026-10-06
0e256d2e-5233-45eb-ae3e-74b8d35121c1,pavia,5q1boo,https://bounce.com/stores/pavia/5q1boo,404,2026-10-06
d30d2839-5446-4181-a6aa-cd1bf37f3615,pavia,r4xxiq,https://bounce.com/stores/pavia/r4xxiq,404,2026-10-06
b2f1f0cf-d333-4dfd-ac64-714b5b66e906,pavia,3iqory,https://bounce.com/stores/pavia/3iqory,404,2026-10-06
933fd7c9-1372-4ca8-9fea-9943f4eef052,pavia,dzvlur,https://bounce.com/stores/pavia/dzvlur,404,2026-10-06
c0af950f-0213-4020-b758-4522764f8990,sassari,38fzkc,https://bounce.com/stores/sassari/38fzkc,404,2026-10-06
5cd815a7-2ad5-410b-8983-5e29e9ead851,sassari,qsw3dh,https://bounce.com/stores/sassari/qsw3dh,404,2026-10-06
114c953e-a0c4-4584-92af-fc278d2bdaf4,sassari,242q_z,https://bounce.com/stores/sassari/242q_z,404,2026-10-06
1eceac54-876f-439f-84f6-6b1640b1bb98,sassari,ajdst1,https://bounce.com/stores/sassari/ajdst1,404,2026-10-06
5e5c93cd-e672-45f0-b45f-11170b3f8dd8,sassari,OgxgX_,https://bounce.com/stores/sassari/OgxgX_,404,2026-10-06
d37d73ad-bf3c-4a70-b2e6-8921b85f4c67,sassari,42c7zo,https://bounce.com/stores/sassari/42c7zo,404,2026-10-06
cc3070bf-3bbd-432d-8236-2ed679ceae47,sassari,cYpZ7A,https://bounce.com/stores/sassari/cYpZ7A,404,2026-10-06
dc393433-0b78-4251-9397-81457295debd,sassari,5abwny,https://bounce.com/stores/sassari/5abwny,404,2026-10-06
8badfed1-70f7-43b2-9c74-28830df3829d,sassari,xxk-eh,https://bounce.com/stores/sassari/xxk-eh,404,2026-10-06
3b9057ab-63a5-40de-ac30-3f2982ab12ac,savona,xn5s2t,https://bounce.com/stores/savona/xn5s2t,404,2026-10-06
58221b1b-4fa1-4dbf-86f0-ff6a531a7eed,savona,osxkkh,https://bounce.com/stores/savona/osxkkh,404,2026-10-06
17e1aefe-6deb-4afe-9215-f9831eff638d,savona,4flsxx,https://bounce.com/stores/savona/4flsxx,404,2026-10-06
4cdda73a-c934-4b45-b4f1-1789fda1777c,savona,bt5qu1,https://bounce.com/stores/savona/bt5qu1,404,2026-10-06
c0c5237c-0931-47c3-86da-1c9f4182747c,savona,wm1mkv,https://bounce.com/stores/savona/wm1mkv,404,2026-10-06
0ddb1cca-5f7a-4c24-b340-17482a4c5cff,savona,i87rsz,https://bounce.com/stores/savona/i87rsz,404,2026-10-06
2d9bd430-c3a7-4754-b069-1a436e4292a7,savona,rp12bd,https://bounce.com/stores/savona/rp12bd,404,2026-10-06
687cf5fa-37be-419d-871a-228c2537fb3c,savona,lmhpo9,https://bounce.com/stores/savona/lmhpo9,404,2026-10-06
15e1edb8-7bf7-47ec-87f0-839112ca2c5f,savona,ah0ujm,https://bounce.com/stores/savona/ah0ujm,404,2026-10-06
88ef4383-f911-4ea0-b847-5c3eb985946c,arezzo,xh4aqy,https://bounce.com/stores/arezzo/xh4aqy,404,2026-10-06
780aa41f-6d6e-46a8-8380-64a286fcf7cd,arezzo,6eidmo,https://bounce.com/stores/arezzo/6eidmo,404,2026-10-06
ef857b4e-f813-442e-9911-4b338fe5c4e9,arezzo,0J6tPA,https://bounce.com/stores/arezzo/0J6tPA,404,2026-10-06
220b1b09-54c8-415f-900b-c945fbe76ee7,arezzo,enojv0,https://bounce.com/stores/arezzo/enojv0,404,2026-10-06
44485bfc-4009-422f-9669-a6b6c08b5b1a,arezzo,rbobhn,https://bounce.com/stores/arezzo/rbobhn,404,2026-10-06
bec27377-1e97-47f1-8154-f25199da4f45,arezzo,2mne4p,https://bounce.com/stores/arezzo/2mne4p,404,2026-10-06
3eea035e-efa2-4f84-99e9-2e6ca792b1fa,arezzo,ymsgqa,https://bounce.com/stores/arezzo/ymsgqa,404,2026-10-06
81e84af2-fca0-458b-958a-e8781e98e85f,bolzano,ut04ot,https://bounce.com/stores/bolzano/ut04ot,404,2026-10-06
5b69d154-d2f0-4038-aa0b-c4a4d02c08dd,pompei,9oYcGC,https://bounce.com/stores/pompei/9oYcGC,404,2026-10-06
103f49e1-97a4-4cc5-8526-bd50ca0fbad1,pompei,p_mt8z,https://bounce.com/stores/pompei/p_mt8z,404,2026-10-06
b0e45587-4808-4c11-9e2d-99fb67b96125,pompei,oiz7re,https://bounce.com/stores/pompei/oiz7re,404,2026-10-06
95394a94-04bd-459d-a3d7-1f310eb681e4,pompei,w3lyjn,https://bounce.com/stores/pompei/w3lyjn,404,2026-10-06
b77487f3-4aa3-4c0b-9c80-287574da0258,ercolano,pes4or,https://bounce.com/stores/ercolano/pes4or,404,2026-10-06
5c4be572-ef3f-4aca-8889-d05eeb21be3a,ercolano,jdih2m,https://bounce.com/stores/ercolano/jdih2m,404,2026-10-06
68cf1082-8207-4a79-a2ff-03c52ed365a7,ercolano,piyjjq,https://bounce.com/stores/ercolano/piyjjq,404,2026-10-06
edcd4ee4-c40f-4e18-9441-4d52e761b064,ercolano,vxtdky,https://bounce.com/stores/ercolano/vxtdky,404,2026-10-06
1399486f-3410-4628-8c0e-7b1af2af6fee,ercolano,gsdd0j,https://bounce.com/stores/ercolano/gsdd0j,404,2026-10-06
90fd2857-7764-4312-9ce0-eedc2dbe57b3,ercolano,7kaoav,https://bounce.com/stores/ercolano/7kaoav,404,2026-10-06
f9cd11e4-ab2e-44ff-bc69-56cf73aca3bd,ercolano,ssatu4,https://bounce.com/stores/ercolano/ssatu4,404,2026-10-06
180edc69-6558-4030-922a-b7b5eee17e77,ercolano,hrmezy,https://bounce.com/stores/ercolano/hrmezy,404,2026-10-06
3092d99c-10d8-41b7-8fe8-037c2189be22,ercolano,ovyjz7,https://bounce.com/stores/ercolano/ovyjz7,404,2026-10-06
c1509c07-a366-49e0-b1e3-c7d596ac610f,ercolano,h520du,https://bounce.com/stores/ercolano/h520du,404,2026-10-06
19cb953b-43b9-4085-9c12-8df1eaf2a35a,ercolano,ff6nak,https://bounce.com/stores/ercolano/ff6nak,404,2026-10-06
f65064e6-a50b-46da-a455-2194d126ad5b,ercolano,-k3x4u,https://bounce.com/stores/ercolano/-k3x4u,404,2026-10-06
7e7c3a62-e445-404a-80eb-0506b576bcd6,ercolano,uf-zes,https://bounce.com/stores/ercolano/uf-zes,404,2026-10-06
d15d654e-6e31-4c13-89b8-ca7b9c5d0cfd,ercolano,su3ntt,https://bounce.com/stores/ercolano/su3ntt,404,2026-10-06
43700802-5376-48ea-b01a-0c2ad2057820,ercolano,b4bo9z,https://bounce.com/stores/ercolano/b4bo9z,404,2026-10-06
216a19b9-19e1-47b0-a8d2-51cc7a8df267,ercolano,p11_t6,https://bounce.com/stores/ercolano/p11_t6,404,2026-10-06
c58f106f-3af1-4412-95a6-aafccfe308af,ercolano,ufr58c,https://bounce.com/stores/ercolano/ufr58c,404,2026-10-06
5f804ee3-3758-47cb-bbec-db3074696cad,ercolano,knzlgx,https://bounce.com/stores/ercolano/knzlgx,404,2026-10-06
dc71ce22-0805-4e19-af5d-6470591ac7a2,ercolano,5rpofx,https://bounce.com/stores/ercolano/5rpofx,404,2026-10-06
ebfe20da-6208-44eb-adbb-c0017f1bdf0b,ercolano,nclblk,https://bounce.com/stores/ercolano/nclblk,404,2026-10-06
e5cae157-7295-4f3b-b484-7c1dac9650a7,ercolano,q3zurq,https://bounce.com/stores/ercolano/q3zurq,404,2026-10-06
2307654d-2c96-4eb5-94d1-1803a7b1c35b,ercolano,jkg_xy,https://bounce.com/stores/ercolano/jkg_xy,404,2026-10-06
7e2ad708-bec3-4c50-9466-655019f6034b,ercolano,zyhqsk,https://bounce.com/stores/ercolano/zyhqsk,404,2026-10-06
2a0048c7-d494-4154-9758-4899fee1bbc6,ercolano,arhoiq,https://bounce.com/stores/ercolano/arhoiq,404,2026-10-06
de8e90b3-8052-4544-b40b-292354fae6f9,ercolano,sgmmtr,https://bounce.com/stores/ercolano/sgmmtr,404,2026-10-06
571221fc-b5c4-4984-8d43-79110c167727,ercolano,0iffxs,https://bounce.com/stores/ercolano/0iffxs,404,2026-10-06
7f991688-e3ee-43a9-aa84-4dd56e88d87f,ercolano,qyptap,https://bounce.com/stores/ercolano/qyptap,404,2026-10-06
4d3d6e37-5669-4d87-9fe6-d926dbb00fd6,ercolano,n5knpf,https://bounce.com/stores/ercolano/n5knpf,404,2026-10-06
d06b2cbc-65f0-4fff-93d1-cfa56acbc832,ercolano,p9zp1j,https://bounce.com/stores/ercolano/p9zp1j,404,2026-10-06
b8da19cc-8e8d-4778-bf99-45b49447c4f6,ercolano,kd20js,https://bounce.com/stores/ercolano/kd20js,404,2026-10-06
01549e37-67d6-4fc0-869c-119beee450a2,ercolano,brxuac,https://bounce.com/stores/ercolano/brxuac,404,2026-10-06
33e19d1c-68b4-4fe5-8931-86086ae69884,battipaglia,ei52n5,https://bounce.com/stores/battipaglia/ei52n5,404,2026-10-06
96fc85ed-6d7b-4620-bafb-c2eff1db816c,battipaglia,wwfr9a,https://bounce.com/stores/battipaglia/wwfr9a,404,2026-10-06
e2370eee-1dd7-4af2-b761-7ffbc1c572fb,battipaglia,1p6gsc,https://bounce.com/stores/battipaglia/1p6gsc,404,2026-10-06
43e000e2-80ad-487c-bf45-25f15e0fac8c,battipaglia,dr8xbi,https://bounce.com/stores/battipaglia/dr8xbi,404,2026-10-06
4c9b6e83-b415-43ed-b2a1-8b90feee8aa9,battipaglia,xjuulp,https://bounce.com/stores/battipaglia/xjuulp,404,2026-10-06
8b7a35d2-247d-45e2-9cc0-1c57ccab038d,battipaglia,wa_mcd,https://bounce.com/stores/battipaglia/wa_mcd,404,2026-10-06
ac8a194b-6c5f-4239-b01d-f4e10e1c83fa,battipaglia,3zlidm,https://bounce.com/stores/battipaglia/3zlidm,404,2026-10-06
c69ce8f3-0d89-40e6-b9e2-3c322fc54c95,battipaglia,p8kcjd,https://bounce.com/stores/battipaglia/p8kcjd,404,2026-10-06
b8e38fd7-59dd-4d32-9fee-3a55d188bb86,battipaglia,op7pfz,https://bounce.com/stores/battipaglia/op7pfz,404,2026-10-06
45af1ccd-acf9-4bed-8a4a-87c2220b8a63,battipaglia,b3nd7f,https://bounce.com/stores/battipaglia/b3nd7f,404,2026-10-06
13add937-02d3-433e-9c26-e10dcc57ddc2,battipaglia,sj8jsp,https://bounce.com/stores/battipaglia/sj8jsp,404,2026-10-06
964e223a-a09a-4d88-82bd-56de4eac9004,battipaglia,ic8w3u,https://bounce.com/stores/battipaglia/ic8w3u,404,2026-10-06
0c513b63-71ba-41d2-9f22-a77eddc849f3,battipaglia,asjrtl,https://bounce.com/stores/battipaglia/asjrtl,404,2026-10-06
fd672449-3702-4728-91cd-ce9b3acd0e09,battipaglia,b7ibwl,https://bounce.com/stores/battipaglia/b7ibwl,404,2026-10-06
88185d79-31d9-4df1-b7cc-aec9e4c30254,battipaglia,hzmstj,https://bounce.com/stores/battipaglia/hzmstj,404,2026-10-06
43ea46ae-2fac-426d-894f-c03a5c0652c1,battipaglia,eok4uk,https://bounce.com/stores/battipaglia/eok4uk,404,2026-10-06
3aea5e35-46dd-4dfe-a038-6b8ecbe211bc,battipaglia,mofm8z,https://bounce.com/stores/battipaglia/mofm8z,404,2026-10-06
b15fde02-2aa0-4629-87fc-e797c4088b79,battipaglia,tbu2l5,https://bounce.com/stores/battipaglia/tbu2l5,404,2026-10-06
139cdc0a-c8d0-434f-b224-c6b9cf8c5243,battipaglia,ufpfpg,https://bounce.com/stores/battipaglia/ufpfpg,404,2026-10-06
5a75895f-f894-4a5c-b50f-c3fe93b15a1e,battipaglia,zrelmc,https://bounce.com/stores/battipaglia/zrelmc,404,2026-10-06
384c760b-60c5-4cef-97fd-814a7d0b2b5e,battipaglia,iwph2u,https://bounce.com/stores/battipaglia/iwph2u,404,2026-10-06
2150b2e0-3d4a-4260-8191-3fa3ce57d8b9,battipaglia,g93bvl,https://bounce.com/stores/battipaglia/g93bvl,404,2026-10-06
ec6bb49d-d829-432b-8513-b273ec2d57aa,battipaglia,b71gau,https://bounce.com/stores/battipaglia/b71gau,404,2026-10-06
961ab057-a637-4f16-bf62-7b1068528c22,cassino,i6cmfm,https://bounce.com/stores/cassino/i6cmfm,404,2026-10-06
d4b4b386-6f87-4035-97b3-46a339531edb,cassino,db0jeu,https://bounce.com/stores/cassino/db0jeu,404,2026-10-06
87fc5135-042e-4e4e-8ec3-8d6176747750,cassino,rr2zru,https://bounce.com/stores/cassino/rr2zru,404,2026-10-06
22e7b4f7-9f42-48bb-874b-b56594b160f5,cassino,kcr1ui,https://bounce.com/stores/cassino/kcr1ui,404,2026-10-06
608da2a0-1da4-422a-be0c-1898bd94bd24,cassino,isntk0,https://bounce.com/stores/cassino/isntk0,404,2026-10-06
8faf182b-08f6-46af-b73e-78490aff195e,cassino,b0bocm,https://bounce.com/stores/cassino/b0bocm,404,2026-10-06
c533ef82-423a-42ea-8888-13609ac5c8fc,cassino,poz21p,https://bounce.com/stores/cassino/poz21p,404,2026-10-06
be39a22a-5ec3-4786-a037-7fc55d0776d9,cassino,080udj,https://bounce.com/stores/cassino/080udj,404,2026-10-06
05d10b94-e779-4ea2-b067-a75f177a0500,cassino,gatxkg,https://bounce.com/stores/cassino/gatxkg,404,2026-10-06
c2be728b-2c0f-4984-a3ed-1148d9090a39,cassino,2pfv72,https://bounce.com/stores/cassino/2pfv72,404,2026-10-06
e0d0ca7a-054f-49ef-a6a9-55afffcfe2e6,cassino,f7l-vf,https://bounce.com/stores/cassino/f7l-vf,404,2026-10-06
67e82c95-ccc7-4072-aeb0-850f1ab76863,cassino,232rlt,https://bounce.com/stores/cassino/232rlt,404,2026-10-06
667ee581-e3cc-4a1e-ae04-fce66165ff04,cassino,lzua1a,https://bounce.com/stores/cassino/lzua1a,404,2026-10-06
dd7b26d3-2651-4843-b602-f7c72316a250,cassino,2gdzql,https://bounce.com/stores/cassino/2gdzql,404,2026-10-06
09029ea6-ff46-4137-87e9-ff9b44bc9ee3,cassino,wudq6e,https://bounce.com/stores/cassino/wudq6e,404,2026-10-06
9ec3689c-4eea-4829-aac2-2e7e5dff7166,cassino,0imkbg,https://bounce.com/stores/cassino/0imkbg,404,2026-10-06
7d11ac63-8b03-4f4e-b047-26e65ecbc58f,cassino,zwzoua,https://bounce.com/stores/cassino/zwzoua,404,2026-10-06
5d3e8932-9927-49bc-88d8-68722378951a,cassino,e3qmzx,https://bounce.com/stores/cassino/e3qmzx,404,2026-10-06
45c4ca72-fe14-4a2c-9d59-35f9389103c8,cassino,su34rk,https://bounce.com/stores/cassino/su34rk,404,2026-10-06
d1f7f82d-06b7-4852-8a8b-dee0cbaade65,cassino,i6agrm,https://bounce.com/stores/cassino/i6agrm,404,2026-10-06
03b7f239-3cb9-4891-b0af-485f95541e3a,cassino,ftxpdt,https://bounce.com/stores/cassino/ftxpdt,404,2026-10-06
c5199e4d-03d5-4856-9de8-aa6cd2f21540,siracusa,pdvhox,https://bounce.com/stores/siracusa/pdvhox,404,2026-10-06
605059c5-bc09-4861-9a67-f3d307aa08f4,siracusa,r12t1i,https://bounce.com/stores/siracusa/r12t1i,404,2026-10-06
690001f5-47f0-45b4-bd22-a40282b65469,siracusa,fdqz2t,https://bounce.com/stores/siracusa/fdqz2t,404,2026-10-06
fcc593d3-e54a-4c5d-82d0-99f3b48dd99f,siracusa,lhwkeb,https://bounce.com/stores/siracusa/lhwkeb,404,2026-10-06
6dae3a4d-584c-47a9-8e14-02c5b005da29,siracusa,lsdgyb,https://bounce.com/stores/siracusa/lsdgyb,404,2026-10-06
158f9d49-f1b8-46b6-99ba-b852f3478862,siracusa,xl4mwg,https://bounce.com/stores/siracusa/xl4mwg,404,2026-10-06
d3df52d2-8d0b-4fdc-acf8-bec8a9ee76fa,siracusa,AO1fWo,https://bounce.com/stores/siracusa/AO1fWo,200,2026-10-06
2b52bf99-7374-4c9e-80b1-3924fba9be53,siracusa,gcwbys,https://bounce.com/stores/siracusa/gcwbys,404,2026-10-06
babe9c34-77e8-41ac-b326-ef992c19cb85,siracusa,1ckkiw,https://bounce.com/stores/siracusa/1ckkiw,200,2026-10-06
6d5cf352-4201-499a-8542-afcf6f248dd3,siracusa,whlupq,https://bounce.com/stores/siracusa/whlupq,404,2026-10-06
59df2e3a-e224-40f8-8c0b-1e23bb4cfa21,siracusa,vit7wm,https://bounce.com/stores/siracusa/vit7wm,404,2026-10-06
b0cac073-8dd9-4c54-8347-be8e212caf2c,siracusa,adkiwz,https://bounce.com/stores/siracusa/adkiwz,404,2026-10-06
5df85e69-1d12-4be3-97de-8e32f3cb3ab9,siracusa,bmqfmx,https://bounce.com/stores/siracusa/bmqfmx,404,2026-10-06
25e24305-1940-4d62-9467-bb4b05e5e236,siracusa,9qpjzl,https://bounce.com/stores/siracusa/9qpjzl,404,2026-10-06
2b042566-f2ac-4a8f-98e5-1f775fa8dd4a,siracusa,r1qasm,https://bounce.com/stores/siracusa/r1qasm,404,2026-10-06
493d8d17-eda2-4ba6-8e16-a4370f2bdf6d,siracusa,bdtzt_,https://bounce.com/stores/siracusa/bdtzt_,404,2026-10-06
da5b632f-1a0e-4ec6-93d3-c7c3e9eca2f9,siracusa,nljcwu,https://bounce.com/stores/siracusa/nljcwu,404,2026-10-06
b8da5a0c-2899-441b-b57b-63199a9eb80a,siracusa,GEQZch,https://bounce.com/stores/siracusa/GEQZch,404,2026-10-06
63e1f4bc-8a98-45d5-97b0-b0db8794247c,siracusa,D539yt,https://bounce.com/stores/siracusa/D539yt,404,2026-10-06
fc8576bb-0cdf-4d23-9e07-b6c113674028,siracusa,vji0py,https://bounce.com/stores/siracusa/vji0py,200,2026-10-06
7070ff50-ed9a-4d59-830f-9345e6a1d0c6,siracusa,ORXL9Z,https://bounce.com/stores/siracusa/ORXL9Z,200,2026-10-06
2429bb4f-b18d-4cb2-a925-9d9487c79d32,milazzo,ashqgm,https://bounce.com/stores/milazzo/ashqgm,404,2026-10-06
6a666837-155b-4b07-bac6-51e4fc851aca,milazzo,_jfarw,https://bounce.com/stores/milazzo/_jfarw,404,2026-10-06
4019700c-a8ef-47c0-a9a9-3ba418c24aa0,milazzo,hwgzb8,https://bounce.com/stores/milazzo/hwgzb8,404,2026-10-06
2fc717d8-0f2b-4a08-8f64-dc0cf58b5790,milazzo,yoe6bg,https://bounce.com/stores/milazzo/yoe6bg,404,2026-10-06
c4b6499d-01d3-474a-b39f-be2fd00022f1,milazzo,idwlpo,https://bounce.com/stores/milazzo/idwlpo,404,2026-10-06
ec911ad7-a9f0-49b0-a386-f3d869e194e7,milazzo,lt05ws,https://bounce.com/stores/milazzo/lt05ws,404,2026-10-06
6ca2d19c-91a6-4ddb-b2be-9f1a85177735,milazzo,tpppfw,https://bounce.com/stores/milazzo/tpppfw,404,2026-10-06
c5c77eb6-2578-4012-8b24-d488d8ff49a8,milazzo,kfpo8a,https://bounce.com/stores/milazzo/kfpo8a,404,2026-10-06
e32b8407-0a6f-4a32-8ab0-c9877a0ade75,milazzo,dxcdw7,https://bounce.com/stores/milazzo/dxcdw7,404,2026-10-06
6b7086d4-1b86-41ad-bc2a-029b28a7879f,milazzo,xiclts,https://bounce.com/stores/milazzo/xiclts,404,2026-10-06
3d5b52ff-8857-4f0d-a51f-edfaecba8c55,milazzo,t-exbi,https://bounce.com/stores/milazzo/t-exbi,404,2026-10-06
79327fed-c51e-418f-b4af-7186c74b140b,milazzo,4gq562,https://bounce.com/stores/milazzo/4gq562,404,2026-10-06
89f1546c-4c27-498e-af8e-dbbaf5f8dc58,milazzo,4yzjsq,https://bounce.com/stores/milazzo/4yzjsq,404,2026-10-06
b83bf925-cf1d-4bd5-b3c0-4f08e74e35c0,milazzo,7g1dx6,https://bounce.com/stores/milazzo/7g1dx6,404,2026-10-06
1167699a-f555-40f2-b32c-7eaafb066f83,milazzo,yzm77r,https://bounce.com/stores/milazzo/yzm77r,404,2026-10-06
9a2d4da6-9ad5-4bca-a896-6ded552f5e69,sorrento,89Afr8,https://bounce.com/stores/sorrento/89Afr8,200,2026-10-06
440d3d17-15fb-4abe-a674-6288320d7e8f,sorrento,uRRrlU,https://bounce.com/stores/sorrento/uRRrlU,200,2026-10-06
8cbc9f9e-d739-4f44-8a8d-125056534849,sorrento,_tNZbJ,https://bounce.com/stores/sorrento/_tNZbJ,200,2026-10-06
58bb8245-7dae-4d1c-a7f1-7735a3f65ff7,sorrento,ge1gmy,https://bounce.com/stores/sorrento/ge1gmy,200,2026-10-06
de092bea-1668-419b-991d-ca27f6a2510f,sorrento,0A1y80,https://bounce.com/stores/sorrento/0A1y80,200,2026-10-06
5663e142-c475-4a56-af1e-b357be0c53d4,sorrento,lsjvfe,https://bounce.com/stores/sorrento/lsjvfe,200,2026-10-06
cfc54d0f-67d0-4228-a2ea-69265654bcab,sorrento,Y8gFtC,https://bounce.com/stores/sorrento/Y8gFtC,200,2026-10-06
70fc3d9f-73c3-471d-be5f-9dda3a32e703,sorrento,ebXO8a,https://bounce.com/stores/sorrento/ebXO8a,200,2026-10-06
d38dfca3-a220-4890-9370-543e2eeea449,sorrento,-rmjht,https://bounce.com/stores/sorrento/-rmjht,200,2026-10-06
2340f85d-8b17-48d4-8d66-92c4df491adc,sorrento,8b88nu,https://bounce.com/stores/sorrento/8b88nu,200,2026-10-06
7e511fe7-432c-45ac-ac01-b01b666f1d8e,sorrento,w6_iig,https://bounce.com/stores/sorrento/w6_iig,200,2026-10-06
e89ce2da-a7a7-407a-87ef-94d2e64f040c,sorrento,PibFsH,https://bounce.com/stores/sorrento/PibFsH,200,2026-10-06
ef0d9129-c4f7-45b3-a704-64e2fe7d9ac3,sorrento,Tqlv6a,https://bounce.com/stores/sorrento/Tqlv6a,200,2026-10-06
9ec4a233-0727-4fa6-9669-8bb1de9df995,sorrento,chazzr,https://bounce.com/stores/sorrento/chazzr,200,2026-10-06
28294e35-f872-4d9b-a2cf-d76e06467734,sorrento,Q9kWIy,https://bounce.com/stores/sorrento/Q9kWIy,200,2026-10-06
02f0b228-c325-4ada-9948-ef443133f674,sorrento,FLFem-,https://bounce.com/stores/sorrento/FLFem-,200,2026-10-06
9caed15f-c9a4-4fe3-b1e3-0cb424cd7e9d,sorrento,uDsaAt,https://bounce.com/stores/sorrento/uDsaAt,200,2026-10-06
25ae190c-2bcd-4572-b1f8-31c0e5b5a9a3,sorrento,fm9vin,https://bounce.com/stores/sorrento/fm9vin,200,2026-10-06
bc1a18a4-d266-4a0d-9262-554c6f26e80a,cardano-al-campo,f_ztki,https://bounce.com/stores/cardano-al-campo/f_ztki,404,2026-10-06
b85dc5d7-76c5-4495-83aa-81ac3b472306,cardano-al-campo,yrqacv,https://bounce.com/stores/cardano-al-campo/yrqacv,404,2026-10-06
dc1c95f2-2640-4788-80c9-afd34fda021e,cardano-al-campo,o0pfmt,https://bounce.com/stores/cardano-al-campo/o0pfmt,404,2026-10-06
3fcf7e36-7d81-4c7c-8d9b-1944b49b3f00,cardano-al-campo,ds-dca,https://bounce.com/stores/cardano-al-campo/ds-dca,404,2026-10-06
360fb02f-8a08-4639-8264-cd3f1b603c96,cardano-al-campo,xpdqa_,https://bounce.com/stores/cardano-al-campo/xpdqa_,404,2026-10-06
9b8fe6af-3d55-4ff6-8f0a-2a0b3ce15c86,cardano-al-campo,awpkjk,https://bounce.com/stores/cardano-al-campo/awpkjk,404,2026-10-06
f031f82b-e8ba-4aa5-9d97-0e3840ea4b5c,cardano-al-campo,5sb43a,https://bounce.com/stores/cardano-al-campo/5sb43a,404,2026-10-06
e8b0d7a5-c2b5-4005-a51f-f486935f02da,cardano-al-campo,zyvvo6,https://bounce.com/stores/cardano-al-campo/zyvvo6,404,2026-10-06
d2ffab33-4e1d-4dbc-b34a-a1dcb6cdaf2e,cardano-al-campo,biwgdn,https://bounce.com/stores/cardano-al-campo/biwgdn,404,2026-10-06
22f63303-afdc-4cc8-b312-6c84e356044c,cardano-al-campo,hs62z5,https://bounce.com/stores/cardano-al-campo/hs62z5,404,2026-10-06
4e812ceb-e3d9-4bb7-a484-6e6c55f40e67,cardano-al-campo,wnk2li,https://bounce.com/stores/cardano-al-campo/wnk2li,404,2026-10-06
8ae1728d-1b22-4c6f-a710-c8b65922900a,cardano-al-campo,fcpyy4,https://bounce.com/stores/cardano-al-campo/fcpyy4,404,2026-10-06
4f291aa4-ce82-4a53-8d73-4b44834b9339,cardano-al-campo,t-1ife,https://bounce.com/stores/cardano-al-campo/t-1ife,404,2026-10-06
11cecd83-cb0d-4ed3-b405-9b220c7dc212,cardano-al-campo,cy29pe,https://bounce.com/stores/cardano-al-campo/cy29pe,404,2026-10-06
13686aaa-00cd-496f-946a-ca37b73e79ba,cardano-al-campo,a0tras,https://bounce.com/stores/cardano-al-campo/a0tras,404,2026-10-06
e7ce7e02-4ddc-48a9-9fc4-6a170d1efe78,cardano-al-campo,tiooi6,https://bounce.com/stores/cardano-al-campo/tiooi6,404,2026-10-06
45bee1d8-9471-46eb-bab9-4a14b073c5f8,cardano-al-campo,iywnbi,https://bounce.com/stores/cardano-al-campo/iywnbi,404,2026-10-06
011adb36-4a45-493a-bf45-15cb64ca8912,cardano-al-campo,lznXGD,https://bounce.com/stores/cardano-al-campo/lznXGD,200,2026-10-06
7dccf802-30f0-4207-99f1-df229446890f,cardano-al-campo,fop_nk,https://bounce.com/stores/cardano-al-campo/fop_nk,404,2026-10-06
4774208e-cf8a-4250-82a8-b08919795853,san-sebastiano-al-vesuvio,st18sp,https://bounce.com/stores/san-sebastiano-al-vesuvio/st18sp,404,2026-10-06
de349e98-3c2d-4eb2-ab2b-288f8ae03c16,san-sebastiano-al-vesuvio,psckwr,https://bounce.com/stores/san-sebastiano-al-vesuvio/psckwr,404,2026-10-06
ff1bbee3-ab32-404f-8d98-a71b23b0edca,san-sebastiano-al-vesuvio,po-l7l,https://bounce.com/stores/san-sebastiano-al-vesuvio/po-l7l,404,2026-10-06
2b336582-252c-4e1b-86e2-b5aecdf881a8,san-sebastiano-al-vesuvio,pxhiof,https://bounce.com/stores/san-sebastiano-al-vesuvio/pxhiof,404,2026-10-06
556ccc98-d025-49a1-a00e-57c875c59e05,san-sebastiano-al-vesuvio,xvo4pc,https://bounce.com/stores/san-sebastiano-al-vesuvio/xvo4pc,404,2026-10-06
20f08f16-127f-4fdb-9530-7c2b91f4e012,san-sebastiano-al-vesuvio,cnfovq,https://bounce.com/stores/san-sebastiano-al-vesuvio/cnfovq,404,2026-10-06
ea537e24-2a03-4e20-a2e3-1480f4204853,san-sebastiano-al-vesuvio,cyoteq,https://bounce.com/stores/san-sebastiano-al-vesuvio/cyoteq,404,2026-10-06
a81e1a8b-8bd1-42c3-a5a4-ef0c7c23e77b,san-sebastiano-al-vesuvio,rsxh2w,https://bounce.com/stores/san-sebastiano-al-vesuvio/rsxh2w,404,2026-10-06
84c41a11-e1bd-4005-82b8-91781c03c730,san-sebastiano-al-vesuvio,maJQp3,https://bounce.com/stores/san-sebastiano-al-vesuvio/maJQp3,404,2026-10-06
faebb943-1a66-4a7b-a512-2c4522825a89,san-sebastiano-al-vesuvio,gxcymh,https://bounce.com/stores/san-sebastiano-al-vesuvio/gxcymh,404,2026-10-06
0d7a967a-d679-421d-bada-996cf51aae44,san-sebastiano-al-vesuvio,_n7dsg,https://bounce.com/stores/san-sebastiano-al-vesuvio/_n7dsg,404,2026-10-06
1d4728ea-518d-42bc-acab-5d4131b896f6,san-sebastiano-al-vesuvio,krfkbr,https://bounce.com/stores/san-sebastiano-al-vesuvio/krfkbr,404,2026-10-06
6268d4d3-b9cd-4ec1-bab3-ff17f167e76a,san-sebastiano-al-vesuvio,i-w0qz,https://bounce.com/stores/san-sebastiano-al-vesuvio/i-w0qz,404,2026-10-06
d226027f-ef66-4aba-8e6d-8f25fdea741a,san-sebastiano-al-vesuvio,rfwkoi,https://bounce.com/stores/san-sebastiano-al-vesuvio/rfwkoi,404,2026-10-06
4fa60e09-e6c5-4159-9cc0-2e8ff1026053,san-sebastiano-al-vesuvio,3kfwo4,https://bounce.com/stores/san-sebastiano-al-vesuvio/3kfwo4,404,2026-10-06
627de70c-faff-4aef-9aa1-ece6f7b00ed6,san-sebastiano-al-vesuvio,plpt-k,https://bounce.com/stores/san-sebastiano-al-vesuvio/plpt-k,404,2026-10-06
07e783a5-719d-4b57-a6e6-c633d0f48718,san-sebastiano-al-vesuvio,ayzdlz,https://bounce.com/stores/san-sebastiano-al-vesuvio/ayzdlz,404,2026-10-06
762e2217-7346-4921-a0f7-9d2ec7055465,san-sebastiano-al-vesuvio,g8ya2u,https://bounce.com/stores/san-sebastiano-al-vesuvio/g8ya2u,404,2026-10-06
e886fa9a-a31f-465a-ba62-6155c9103dfb,san-sebastiano-al-vesuvio,tahloe,https://bounce.com/stores/san-sebastiano-al-vesuvio/tahloe,404,2026-10-06
8af52a93-a8c4-4f83-a5a9-c885224f6b79,lampedusa,v_p66e,https://bounce.com/stores/lampedusa/v_p66e,404,2026-10-06
7dcc77a4-8f5e-43fc-bc02-bb6fe81b9534,lampedusa,pswizs,https://bounce.com/stores/lampedusa/pswizs,404,2026-10-06
984b1c5d-17e9-4e9f-9b96-e6f61b863636,lampedusa,m_zch3,https://bounce.com/stores/lampedusa/m_zch3,404,2026-10-06
f9009ff7-9abf-4e64-b988-c6289ee969e7,lampedusa,f1vk1u,https://bounce.com/stores/lampedusa/f1vk1u,404,2026-10-06
a1172326-3b4c-45d7-bafb-fc4ca4ba15a1,lampedusa,dwsjxi,https://bounce.com/stores/lampedusa/dwsjxi,404,2026-10-06
cb78e141-370f-4bd3-a274-bd48c53b7f1c,lampedusa,x2ebpm,https://bounce.com/stores/lampedusa/x2ebpm,404,2026-10-06
98760f0a-c41a-43a3-a158-6943534c3a02,lampedusa,m3zkx1,https://bounce.com/stores/lampedusa/m3zkx1,404,2026-10-06
384d3d64-2f06-46ba-83c3-40fefb2cacda,lampedusa,hn9jaf,https://bounce.com/stores/lampedusa/hn9jaf,404,2026-10-06
6ac3b0d3-a70d-4e1e-88d7-9261d75560f0,lampedusa,w5mus6,https://bounce.com/stores/lampedusa/w5mus6,404,2026-10-06
1afc38d2-329e-4919-808f-f12585938755,lampedusa,zicska,https://bounce.com/stores/lampedusa/zicska,404,2026-10-06
b7c1d84d-301f-45df-ab02-671bd0c871ac,lampedusa,odpdwj,https://bounce.com/stores/lampedusa/odpdwj,404,2026-10-06
fad6c71c-e261-4b58-864b-03c0b5d54906,lampedusa,5daizt,https://bounce.com/stores/lampedusa/5daizt,404,2026-10-06
dc2070a9-1d55-4194-9b75-651d7fbf57d0,lampedusa,truama,https://bounce.com/stores/lampedusa/truama,404,2026-10-06
4c1289a9-b751-456c-9a86-e7817c32feeb,lampedusa,m6tzdy,https://bounce.com/stores/lampedusa/m6tzdy,404,2026-10-06
b892344d-3af0-463e-a5ec-9bfc7f1d34f4,lampedusa,ac69j5,https://bounce.com/stores/lampedusa/ac69j5,404,2026-10-06
886abb3f-3ff9-4a06-afc6-9f949482abbd,lampedusa,wafkla,https://bounce.com/stores/lampedusa/wafkla,404,2026-10-06
64e5970b-6e6d-4697-9e3a-9e959fea001c,lampedusa,c0aoeo,https://bounce.com/stores/lampedusa/c0aoeo,404,2026-10-06
e0bbd86a-2084-497c-87b4-d0739debb4c4,lampedusa,avoy1p,https://bounce.com/stores/lampedusa/avoy1p,404,2026-10-06
e2ed7bac-4e2e-4ea2-a321-70788c411db5,san-benedetto-del-tronto,sb8gwy,https://bounce.com/stores/san-benedetto-del-tronto/sb8gwy,404,2026-10-06
f7b9df25-a4ec-4fa9-9195-13ab92f9f5f6,san-benedetto-del-tronto,qwppls,https://bounce.com/stores/san-benedetto-del-tronto/qwppls,404,2026-10-06
3aaa100f-dfcb-471b-8407-1a2207758680,san-benedetto-del-tronto,i_lfe4,https://bounce.com/stores/san-benedetto-del-tronto/i_lfe4,404,2026-10-06
28aaf195-eab0-420f-9169-274cfab02156,san-benedetto-del-tronto,5b4t0h,https://bounce.com/stores/san-benedetto-del-tronto/5b4t0h,404,2026-10-06
026d6476-244b-4cce-a9d6-a179a349237c,san-benedetto-del-tronto,r_r77r,https://bounce.com/stores/san-benedetto-del-tronto/r_r77r,404,2026-10-06
20067218-efcd-4ade-aa9b-c620fb2f71ac,san-benedetto-del-tronto,zi0-j_,https://bounce.com/stores/san-benedetto-del-tronto/zi0-j_,404,2026-10-06
37aa7e17-4077-4c76-89f4-a8086c4c99b8,san-benedetto-del-tronto,u4hhbw,https://bounce.com/stores/san-benedetto-del-tronto/u4hhbw,404,2026-10-06
6946ea90-28f6-40a1-9e0c-bb7fa72c2446,san-benedetto-del-tronto,g0ihin,https://bounce.com/stores/san-benedetto-del-tronto/g0ihin,404,2026-10-06
d946c0f0-ba18-4b58-811f-57ae141c3acd,san-benedetto-del-tronto,jubzyv,https://bounce.com/stores/san-benedetto-del-tronto/jubzyv,404,2026-10-06
d2c75ae3-cb16-4827-9deb-43ef7bf8f315,san-benedetto-del-tronto,ewpqw6,https://bounce.com/stores/san-benedetto-del-tronto/ewpqw6,404,2026-10-06
acb06ba4-1867-455f-abf4-7ecbcb5d711f,san-benedetto-del-tronto,caa411,https://bounce.com/stores/san-benedetto-del-tronto/caa411,404,2026-10-06
da12631d-5a01-49a3-81ad-0f5b4d68bf72,san-benedetto-del-tronto,ztgpg4,https://bounce.com/stores/san-benedetto-del-tronto/ztgpg4,404,2026-10-06
749b885f-b5c5-4fb7-8efe-2dff77d2f1bb,san-benedetto-del-tronto,bmvofn,https://bounce.com/stores/san-benedetto-del-tronto/bmvofn,404,2026-10-06
122bf547-4c08-47ab-aee8-a34fd1b65516,san-benedetto-del-tronto,wzjggl,https://bounce.com/stores/san-benedetto-del-tronto/wzjggl,404,2026-10-06
81f2f677-5f67-49cf-ad78-c5f9fe7a4ea9,san-benedetto-del-tronto,ndnoho,https://bounce.com/stores/san-benedetto-del-tronto/ndnoho,404,2026-10-06
852d6a2f-8ce6-4619-97c3-00a064826dfd,san-benedetto-del-tronto,atxcxj,https://bounce.com/stores/san-benedetto-del-tronto/atxcxj,404,2026-10-06
8c61305f-d3a3-486c-b016-c86d443919c6,san-benedetto-del-tronto,x2mjz2,https://bounce.com/stores/san-benedetto-del-tronto/x2mjz2,404,2026-10-06
bad14067-c2cf-4b90-a7ff-8cd3ae6c870a,castellammare-di-stabia,5qkj_g,https://bounce.com/stores/castellammare-di-stabia/5qkj_g,404,2026-10-06
9120477f-78f4-41a4-b13f-7ddc1d9e1b79,castellammare-di-stabia,yyolqa,https://bounce.com/stores/castellammare-di-stabia/yyolqa,404,2026-10-06
d0e6f3e0-5640-4a46-bd74-e26fb5e3cc2c,castellammare-di-stabia,2w0cvc,https://bounce.com/stores/castellammare-di-stabia/2w0cvc,404,2026-10-06
1b8fe993-f901-449d-9262-0c91d7eb6780,castellammare-di-stabia,c-yb8n,https://bounce.com/stores/castellammare-di-stabia/c-yb8n,404,2026-10-06
21ea6ff6-4b73-42c6-a75e-dc03010fcee2,castellammare-di-stabia,kpeqyy,https://bounce.com/stores/castellammare-di-stabia/kpeqyy,404,2026-10-06
d666a3bb-e518-4474-8529-7404b916f7b6,castellammare-di-stabia,aaq5mq,https://bounce.com/stores/castellammare-di-stabia/aaq5mq,404,2026-10-06
cdf485f7-a5bf-4573-ad02-d89c3a6f65c1,castellammare-di-stabia,izfz_h,https://bounce.com/stores/castellammare-di-stabia/izfz_h,404,2026-10-06
2e267062-469d-4001-a447-14be7aa1f4ad,castellammare-di-stabia,7lo1yb,https://bounce.com/stores/castellammare-di-stabia/7lo1yb,404,2026-10-06
a897d234-9f5a-4862-8fc4-be752396190d,castellammare-di-stabia,7n6nx-,https://bounce.com/stores/castellammare-di-stabia/7n6nx-,404,2026-10-06
e0e3b2ba-3a83-4c91-8000-9a019066c6f6,castellammare-di-stabia,-pzjeb,https://bounce.com/stores/castellammare-di-stabia/-pzjeb,404,2026-10-06
2330b6d3-835c-4147-922a-062682be176d,castellammare-di-stabia,xx4_si,https://bounce.com/stores/castellammare-di-stabia/xx4_si,404,2026-10-06
3d5b6bf4-2d50-4152-bf0a-f2da9c06dc59,castellammare-di-stabia,ezrnsw,https://bounce.com/stores/castellammare-di-stabia/ezrnsw,404,2026-10-06
272ce00d-c380-4284-9895-e22f98e9e6f4,castellammare-di-stabia,q3ll-h,https://bounce.com/stores/castellammare-di-stabia/q3ll-h,404,2026-10-06
88ca9af7-b214-47c9-8291-ffbc0ebc3bc1,castellammare-di-stabia,ldxdxz,https://bounce.com/stores/castellammare-di-stabia/ldxdxz,404,2026-10-06
e1b2e667-f678-4b9a-8ee2-6e7e6a1de0bb,castellammare-di-stabia,_lu7be,https://bounce.com/stores/castellammare-di-stabia/_lu7be,404,2026-10-06
7ebce0b5-8586-4e41-82ec-574a2ff075cd,castellammare-di-stabia,ylkfz3,https://bounce.com/stores/castellammare-di-stabia/ylkfz3,404,2026-10-06
51c0fcbe-ace5-41e6-bed0-ad0fd9969c6f,sperlonga,gdbht8,https://bounce.com/stores/sperlonga/gdbht8,404,2026-10-06
f4831e10-8550-4afc-8614-a516a51392d7,sperlonga,sczjju,https://bounce.com/stores/sperlonga/sczjju,404,2026-10-06
48fa73f5-fc87-416d-a95f-5daaca943968,sperlonga,uxtmig,https://bounce.com/stores/sperlonga/uxtmig,404,2026-10-06
b6e1c0b3-dfe5-459d-99c0-96e692870611,sperlonga,twvqoj,https://bounce.com/stores/sperlonga/twvqoj,404,2026-10-06
0ea9065b-c237-46da-8008-7da273ea7e25,sperlonga,ghvtyb,https://bounce.com/stores/sperlonga/ghvtyb,404,2026-10-06
2ff11353-59d4-41f8-b4a7-22ff7ccf903e,sperlonga,ucweja,https://bounce.com/stores/sperlonga/ucweja,404,2026-10-06
6b6dc455-a1ab-4f04-a3c6-ae0acdfae91b,sperlonga,zyqw6i,https://bounce.com/stores/sperlonga/zyqw6i,404,2026-10-06
fec33f10-d71a-4a95-85cf-acf10e808f50,sperlonga,y7zzf7,https://bounce.com/stores/sperlonga/y7zzf7,404,2026-10-06
2ef24c57-8dff-46f4-b13b-9f5297477d09,sperlonga,dxoezc,https://bounce.com/stores/sperlonga/dxoezc,404,2026-10-06
79984f04-7968-4d92-a89a-e07bb0519b8a,sperlonga,zmcpen,https://bounce.com/stores/sperlonga/zmcpen,404,2026-10-06
a5592fcf-9792-4b44-bd43-b934012958f2,sperlonga,qkvp27,https://bounce.com/stores/sperlonga/qkvp27,404,2026-10-06
1cc9b58a-9635-464c-9dec-cba982857c24,sperlonga,hlty2g,https://bounce.com/stores/sperlonga/hlty2g,404,2026-10-06
6f665c78-761e-4054-931b-bb2e25a741b0,sperlonga,-awnsb,https://bounce.com/stores/sperlonga/-awnsb,404,2026-10-06
e0f499bd-09c5-46e9-a52e-bd5d8c090a0e,sperlonga,dyfe-s,https://bounce.com/stores/sperlonga/dyfe-s,404,2026-10-06
4ef58b2e-ba52-45ba-8de3-c07103e78841,sperlonga,d4yxxr,https://bounce.com/stores/sperlonga/d4yxxr,404,2026-10-06
a668c8a6-b203-484d-b718-e08f144b3179,lamezia-terme,objiue,https://bounce.com/stores/lamezia-terme/objiue,404,2026-10-06
f5348d38-c67e-4ebb-8cc3-28ec025e0a43,lamezia-terme,erx3lv,https://bounce.com/stores/lamezia-terme/erx3lv,404,2026-10-06
fb48e545-87e9-481f-9a9d-d0179c416cf0,lamezia-terme,xl9twv,https://bounce.com/stores/lamezia-terme/xl9twv,404,2026-10-06
8ade665b-c82c-4515-b6fa-f49a2e12197f,lamezia-terme,x7ljhs,https://bounce.com/stores/lamezia-terme/x7ljhs,404,2026-10-06
9ae6a77e-c439-4ef5-a194-8a8bc738de75,lamezia-terme,c_l92m,https://bounce.com/stores/lamezia-terme/c_l92m,404,2026-10-06
93210aac-b39e-489c-a473-71f1f95ce074,lamezia-terme,vhti_9,https://bounce.com/stores/lamezia-terme/vhti_9,404,2026-10-06
bf067fc4-fafa-4274-8cd9-bc528276f5f6,lamezia-terme,gcu2ay,https://bounce.com/stores/lamezia-terme/gcu2ay,404,2026-10-06
4bcd0031-ec12-4be2-8726-237d9903f5c8,lamezia-terme,bq1rjg,https://bounce.com/stores/lamezia-terme/bq1rjg,404,2026-10-06
7e38ecae-e4cb-4bb4-b171-bdb8bbc4f872,lamezia-terme,dj5-wx,https://bounce.com/stores/lamezia-terme/dj5-wx,404,2026-10-06
f5efe1da-fe9d-4b9f-b859-9b91b468b0d7,lamezia-terme,plpg-o,https://bounce.com/stores/lamezia-terme/plpg-o,404,2026-10-06
1d6a6d19-9d80-4dff-81a6-e8804b676b1c,lamezia-terme,f5ssmm,https://bounce.com/stores/lamezia-terme/f5ssmm,404,2026-10-06
b8f58c92-cdb1-4767-b09a-73431b6dafc9,lamezia-terme,qnhdw3,https://bounce.com/stores/lamezia-terme/qnhdw3,404,2026-10-06
4e66ed69-e6a8-4e6f-83c5-0e7f604aaddb,lamezia-terme,8k2vzx,https://bounce.com/stores/lamezia-terme/8k2vzx,404,2026-10-06
ec1aec9d-8c66-48b9-a998-7cdd0230bd6f,lamezia-terme,s_p2jo,https://bounce.com/stores/lamezia-terme/s_p2jo,404,2026-10-06
66830ea3-da53-46fd-94da-e661ce9325bb,treviglio,ru9poy,https://bounce.com/stores/treviglio/ru9poy,404,2026-10-06
3287eefb-c8a0-46ce-a86c-99b92266c4d8,treviglio,n-yoh_,https://bounce.com/stores/treviglio/n-yoh_,404,2026-10-06
8b723160-27bf-472a-a2bc-a3fe3d051a37,treviglio,mtzwhk,https://bounce.com/stores/treviglio/mtzwhk,404,2026-10-06
783dc69e-c1e2-4b24-bd3a-68327ddd1af3,treviglio,xfc7dm,https://bounce.com/stores/treviglio/xfc7dm,404,2026-10-06
ee5338a8-f183-4172-bfa0-5d0aad6c6e2f,treviglio,kg_pwl,https://bounce.com/stores/treviglio/kg_pwl,404,2026-10-06
b70eab45-75ec-4580-9eb7-4aa607f68853,treviglio,lqsneh,https://bounce.com/stores/treviglio/lqsneh,404,2026-10-06
237d92e6-6494-40dc-84d0-e543181ab33e,treviglio,1aada3,https://bounce.com/stores/treviglio/1aada3,404,2026-10-06
751efef2-dfe4-4f02-95ca-990aba380eb4,treviglio,bkqdvi,https://bounce.com/stores/treviglio/bkqdvi,404,2026-10-06
2a2d86cf-8be7-45a4-8ea2-caed5aa67a3b,treviglio,nounta,https://bounce.com/stores/treviglio/nounta,404,2026-10-06
f6f47a27-064f-4686-9a75-9aee73e62160,treviglio,sombiu,https://bounce.com/stores/treviglio/sombiu,404,2026-10-06
21d0e11f-79a2-4959-bdfe-ba7d07e55645,treviglio,7tk2p2,https://bounce.com/stores/treviglio/7tk2p2,404,2026-10-06
1321751e-eb6b-4ed0-b0de-601073a894b9,treviglio,923n_f,https://bounce.com/stores/treviglio/923n_f,404,2026-10-06
5c7f6105-bf1f-4a18-8d15-b5905153c282,treviglio,pa2ggd,https://bounce.com/stores/treviglio/pa2ggd,404,2026-10-06
f38fa8fb-96d9-4f86-85c3-4411ede43226,treviglio,f6zv36,https://bounce.com/stores/treviglio/f6zv36,404,2026-10-06
07138f4c-a0aa-4ef0-9c36-c10c67077fdd,terrasini,eu_m6r,https://bounce.com/stores/terrasini/eu_m6r,404,2026-10-06
a2609a92-694f-43f2-8472-a318b8c149cc,terrasini,aoifbi,https://bounce.com/stores/terrasini/aoifbi,404,2026-10-06
aadd9503-4d2e-47c4-9933-a457e2b43a7a,terrasini,bdsyac,https://bounce.com/stores/terrasini/bdsyac,404,2026-10-06
26dfd331-5f0e-4787-94cb-3bf81119cae4,terrasini,4yzn41,https://bounce.com/stores/terrasini/4yzn41,404,2026-10-06
2c6ef83b-194f-431d-a2ec-9be47eabf231,terrasini,cqu2lc,https://bounce.com/stores/terrasini/cqu2lc,404,2026-10-06
222a8c6c-918a-421c-9850-00b0381ed105,terrasini,4gx_mw,https://bounce.com/stores/terrasini/4gx_mw,404,2026-10-06
54f94736-ecdb-47b8-b4e8-a2538a6f081d,terrasini,zcmhll,https://bounce.com/stores/terrasini/zcmhll,404,2026-10-06
7d343024-bbc6-4daf-9470-343c5aeee9d5,terrasini,znnd2q,https://bounce.com/stores/terrasini/znnd2q,404,2026-10-06
2bd43066-e168-471d-b504-f9122a21cbdf,terrasini,cy1azl,https://bounce.com/stores/terrasini/cy1azl,404,2026-10-06
310f7e37-0ff3-4332-b4c7-847c729c1283,terrasini,aryyow,https://bounce.com/stores/terrasini/aryyow,404,2026-10-06
3dde5eda-d64b-4446-8d5d-dfb655afb11e,terrasini,izan9o,https://bounce.com/stores/terrasini/izan9o,404,2026-10-06
69e15849-6281-4ada-86bf-b9801061b936,terrasini,elqsoh,https://bounce.com/stores/terrasini/elqsoh,404,2026-10-06
277d3706-5bac-41a6-b8b3-4ce012c3854a,terrasini,5djvcv,https://bounce.com/stores/terrasini/5djvcv,404,2026-10-06
a207f80d-2d15-43f4-8191-fe521420a41d,thiene,nw5qoh,https://bounce.com/stores/thiene/nw5qoh,404,2026-10-06
51be33d8-562c-48ac-b7c0-514bb8d35151,thiene,sod4dn,https://bounce.com/stores/thiene/sod4dn,404,2026-10-06
42040b72-bb44-48b3-9af4-efcdefa412af,thiene,j2oifu,https://bounce.com/stores/thiene/j2oifu,404,2026-10-06
6f8f3f55-c668-4c3d-9366-fa3943592039,thiene,vfcldl,https://bounce.com/stores/thiene/vfcldl,404,2026-10-06
90cc9aa6-07f4-4e78-9999-1a04a529a968,thiene,7cjpge,https://bounce.com/stores/thiene/7cjpge,404,2026-10-06
a64a495f-015b-45ef-9e43-3bff0758d11c,thiene,x7kog3,https://bounce.com/stores/thiene/x7kog3,404,2026-10-06
c821afee-dc01-414d-8852-9698694a7ce4,thiene,vllhqq,https://bounce.com/stores/thiene/vllhqq,404,2026-10-06
589e6c49-9f02-4a2d-af67-7b797a907af8,thiene,qalxan,https://bounce.com/stores/thiene/qalxan,404,2026-10-06
7a0ed9d8-e160-4e4d-a38f-277a1c13bb2f,thiene,ngrbgv,https://bounce.com/stores/thiene/ngrbgv,404,2026-10-06
9bcb061b-7637-4a72-9747-7988ff1f69bb,thiene,upbvf1,https://bounce.com/stores/thiene/upbvf1,404,2026-10-06
76eeb46a-f098-406b-a2ab-7192f83d714a,thiene,aiun4m,https://bounce.com/stores/thiene/aiun4m,404,2026-10-06
ca765534-5e65-487f-adbf-ec6e2942853b,thiene,3nioud,https://bounce.com/stores/thiene/3nioud,404,2026-10-06
530a0df1-c4ca-48d0-a00c-3d57805b7660,thiene,5ro4tw,https://bounce.com/stores/thiene/5ro4tw,404,2026-10-06
964b5566-ebf2-4e91-a9c4-eed4694db4e6,ischia,RpCJLX,https://bounce.com/stores/ischia/RpCJLX,200,2026-10-06
8e74ff75-9d3e-4a72-aec4-6d9edd46205e,ischia,zClcsS,https://bounce.com/stores/ischia/zClcsS,200,2026-10-06
921d5cd2-66cd-406c-b28a-e19d4813b320,ischia,eCXTQl,https://bounce.com/stores/ischia/eCXTQl,200,2026-10-06
54ab7836-22dc-46de-be86-b003f3155f06,ischia,F27FEX,https://bounce.com/stores/ischia/F27FEX,200,2026-10-06
62138fdc-5b56-4e14-996f-9c6d9803bb30,ischia,F6MCX7,https://bounce.com/stores/ischia/F6MCX7,200,2026-10-06
8b54f22a-3489-4b7e-858a-c67788197e28,ischia,9i2bZ5,https://bounce.com/stores/ischia/9i2bZ5,200,2026-10-06
50cee016-75fc-4954-832b-536ce750ef59,ischia,n2hmbc,https://bounce.com/stores/ischia/n2hmbc,200,2026-10-06
69001374-fba3-401f-b29e-fba6dc2c66e7,ischia,_oXx6z,https://bounce.com/stores/ischia/_oXx6z,200,2026-10-06
a1cf2a91-71ef-49e6-a982-1df1778b85f2,ischia,wei5pe,https://bounce.com/stores/ischia/wei5pe,200,2026-10-06
40024d7e-89f2-4f43-b4b5-c227e1673d2e,ischia,xkxsgx,https://bounce.com/stores/ischia/xkxsgx,200,2026-10-06
e1d4c6fc-8655-4e48-a93a-8c9a0990b7c5,ischia,5fepyo,https://bounce.com/stores/ischia/5fepyo,200,2026-10-06
78f7abbf-3654-40a1-a7f6-073a53e7da61,ischia,igt9q_,https://bounce.com/stores/ischia/igt9q_,200,2026-10-06
50da59cb-2444-423b-87bc-14ed53c2e034,marsala,ca5ndq,https://bounce.com/stores/marsala/ca5ndq,404,2026-10-06
890d8086-1b84-418f-aad4-cee1111d2bcb,marsala,t-djw6,https://bounce.com/stores/marsala/t-djw6,404,2026-10-06
208c8d28-1864-494b-bf5d-fc0a71cdb067,marsala,gngpx7,https://bounce.com/stores/marsala/gngpx7,404,2026-10-06
b1468971-2cff-4f67-b09f-2541a3c6d2e8,marsala,f4ukwp,https://bounce.com/stores/marsala/f4ukwp,404,2026-10-06
757c62b2-c90a-4a42-9c13-49e250ddf049,marsala,y-d2ig,https://bounce.com/stores/marsala/y-d2ig,404,2026-10-06
bd261085-2f1c-4be8-a365-0304dc57e59c,marsala,zdogfh,https://bounce.com/stores/marsala/zdogfh,404,2026-10-06
39375ff3-eb92-4907-bdf0-75228aa18d01,marsala,qisom0,https://bounce.com/stores/marsala/qisom0,404,2026-10-06
f1f3fa7f-5458-434d-8ea5-6dfbc2de5f41,marsala,izxs0u,https://bounce.com/stores/marsala/izxs0u,404,2026-10-06
50b535cc-eab5-45c9-a660-f51e61a7bebf,marsala,73zxro,https://bounce.com/stores/marsala/73zxro,404,2026-10-06
7e9f7d6a-88ef-4925-8825-ca315eba45eb,marsala,52gkuy,https://bounce.com/stores/marsala/52gkuy,404,2026-10-06
c7528e42-3ad4-4db0-9183-21f03a76d070,marsala,fpemyu,https://bounce.com/stores/marsala/fpemyu,404,2026-10-06
87885ade-2564-46db-96e0-311f049ddeb2,marsala,amw4ur,https://bounce.com/stores/marsala/amw4ur,404,2026-10-06
c6d1995c-8715-4159-b9de-f4322215b7e4,vittoria,9ygrgc,https://bounce.com/stores/vittoria/9ygrgc,404,2026-10-06
df1dea5b-a201-486f-b0cc-499b739be959,vittoria,siook1,https://bounce.com/stores/vittoria/siook1,404,2026-10-06
5ce05d26-1b49-452f-8e81-c658e9f6633f,vittoria,lc_sed,https://bounce.com/stores/vittoria/lc_sed,404,2026-10-06
32a391a2-b9f6-405c-bfe9-ad7bbd175e9d,vittoria,uar6cz,https://bounce.com/stores/vittoria/uar6cz,404,2026-10-06
22ac6bb7-6868-4e26-b236-513ce5856511,vittoria,eyeu5y,https://bounce.com/stores/vittoria/eyeu5y,404,2026-10-06
fd312949-964f-4cba-af9e-3728b0aa4872,vittoria,05kxlu,https://bounce.com/stores/vittoria/05kxlu,404,2026-10-06
c0dc7d8c-93ed-48fb-b53f-1cbd2bbeb721,vittoria,ejx_vh,https://bounce.com/stores/vittoria/ejx_vh,404,2026-10-06
0bc7c3c2-5666-491e-8d15-15ff36849bb1,vittoria,sjo-jx,https://bounce.com/stores/vittoria/sjo-jx,404,2026-10-06
880bf799-11c6-43dd-a8ca-0c5f599361cc,vittoria,nxlj9q,https://bounce.com/stores/vittoria/nxlj9q,404,2026-10-06
5d8e5ab0-680a-48b6-8d25-4c68a0ea52c0,vittoria,d4_9en,https://bounce.com/stores/vittoria/d4_9en,404,2026-10-06
3fe1ec15-044f-4148-b39a-52476791a762,vittoria,2cspgn,https://bounce.com/stores/vittoria/2cspgn,404,2026-10-06
cac06d15-9dbd-4767-b239-4ec5553bdf2e,assisi,1EE8u_,https://bounce.com/stores/assisi/1EE8u_,200,2026-10-06
cc702e55-818d-4a98-b509-9a4438c355b1,assisi,feloh6,https://bounce.com/stores/assisi/feloh6,200,2026-10-06
bb7c55ee-277d-49a8-a286-6aa84d36b3fa,assisi,qcpawg,https://bounce.com/stores/assisi/qcpawg,200,2026-10-06
ed0c59c0-f1cb-481f-b8f1-2a0a332ac69b,assisi,-5NniI,https://bounce.com/stores/assisi/-5NniI,200,2026-10-06
968eeb4a-9be2-4dbe-b5f9-f954ea1c5c33,assisi,p4exjg,https://bounce.com/stores/assisi/p4exjg,200,2026-10-06
5b2417a3-1ae2-4804-a1df-078832374f94,assisi,1ysf2i,https://bounce.com/stores/assisi/1ysf2i,200,2026-10-06
fb89a12c-68d1-4c2f-be12-0544fa37ff1a,assisi,lh-sb7,https://bounce.com/stores/assisi/lh-sb7,200,2026-10-06
5c9c0b53-dc4f-4a53-b56e-babd59e5c93e,assisi,ggiozv,https://bounce.com/stores/assisi/ggiozv,200,2026-10-06
37d09a1b-50a1-4140-b324-76fe497a36e4,assisi,gi3-he,https://bounce.com/stores/assisi/gi3-he,200,2026-10-06
634438af-fc14-439b-b062-65cff5c00e3a,assisi,pp0-zu,https://bounce.com/stores/assisi/pp0-zu,200,2026-10-06
56bb18ab-2b0c-4ac1-bf1e-683fd571fd8b,assisi,4ioimv,https://bounce.com/stores/assisi/4ioimv,200,2026-10-06
37f2e614-54ff-4580-9333-6467d4a08f96,sanremo,ctwlaj,https://bounce.com/stores/sanremo/ctwlaj,404,2026-10-06
577cbf3c-f94c-4a4b-9891-8ce2f2b62c22,sanremo,JjvQ2H,https://bounce.com/stores/sanremo/JjvQ2H,200,2026-10-06
4795a351-85eb-429f-90ed-cd7c907d97d4,sanremo,n7puog,https://bounce.com/stores/sanremo/n7puog,404,2026-10-06
1a4843c8-ea91-44e3-8f76-c649e40b171d,sanremo,ads4ux,https://bounce.com/stores/sanremo/ads4ux,404,2026-10-06
1b26769f-efde-4b42-b7f1-66b5f1ff2f89,sanremo,ujvnop,https://bounce.com/stores/sanremo/ujvnop,404,2026-10-06
6677a62c-0f95-47e7-8f3d-6b57be0b28cb,sanremo,e7wfdx,https://bounce.com/stores/sanremo/e7wfdx,404,2026-10-06
900418b4-d023-44ac-820a-b757313c8fd5,sanremo,um1nc_,https://bounce.com/stores/sanremo/um1nc_,404,2026-10-06
aa44fefd-cfa1-4c4b-8ecb-f46f25a05248,sanremo,ih2hzw,https://bounce.com/stores/sanremo/ih2hzw,404,2026-10-06
6f57eb1a-828a-4e79-9568-670db16d62a4,sanremo,ik5pyq,https://bounce.com/stores/sanremo/ik5pyq,404,2026-10-06
83b50a0e-2b26-4466-9202-1ebcad50648a,sanremo,UIjQFc,https://bounce.com/stores/sanremo/UIjQFc,200,2026-10-06
a9917459-4752-4f79-95fa-a065d1cb0cc5,sanremo,at6oym,https://bounce.com/stores/sanremo/at6oym,404,2026-10-06
2ebe822a-6ba8-490b-bfc1-5a109436a34f,polignano-a-mare,HnHkbN,https://bounce.com/stores/polignano-a-mare/HnHkbN,404,2026-10-06
b07d0860-6ac5-41ed-9e5d-bbad44c37784,polignano-a-mare,2okj0U,https://bounce.com/stores/polignano-a-mare/2okj0U,404,2026-10-06
e351a12a-23bb-4b80-8557-93de1308e7ec,polignano-a-mare,9r-itJ,https://bounce.com/stores/polignano-a-mare/9r-itJ,404,2026-10-06
5ff50354-a5d4-456a-8c62-7c42ef570d54,polignano-a-mare,bZ3Xi2,https://bounce.com/stores/polignano-a-mare/bZ3Xi2,200,2026-10-06
82dd06a5-e67a-47e8-8027-ead6a8c94f3c,polignano-a-mare,OUr0PW,https://bounce.com/stores/polignano-a-mare/OUr0PW,404,2026-10-06
81322389-5fe7-445c-a3a8-5e7fc0f117c9,polignano-a-mare,zxst5x,https://bounce.com/stores/polignano-a-mare/zxst5x,404,2026-10-06
c0333075-2e3c-45af-b22d-4c9fa8232a3c,polignano-a-mare,wen_yi,https://bounce.com/stores/polignano-a-mare/wen_yi,404,2026-10-06
74ee84e4-efc5-483d-b390-2c1a45bf36fa,polignano-a-mare,l35mvi,https://bounce.com/stores/polignano-a-mare/l35mvi,404,2026-10-06
bc11ab48-49de-4173-8761-2c05359d48ce,polignano-a-mare,5kja2j,https://bounce.com/stores/polignano-a-mare/5kja2j,404,2026-10-06
f1e3674d-0e22-4ce5-8f22-b1e87eb4532b,polignano-a-mare,pbwUW5,https://bounce.com/stores/polignano-a-mare/pbwUW5,200,2026-10-06
903dd9a8-7402-42b6-b72b-e42bd3b62a18,polignano-a-mare,xrmuc6,https://bounce.com/stores/polignano-a-mare/xrmuc6,404,2026-10-06
82361cb9-9aed-4bbf-a57b-7f20b6277680,legnano,sbfzw6,https://bounce.com/stores/legnano/sbfzw6,404,2026-10-06
1787a16d-4247-4b08-b7b3-1665ff6f79c2,legnano,urndwn,https://bounce.com/stores/legnano/urndwn,404,2026-10-06
cd32acf2-eb97-4b21-b865-6c2d6d73a0a0,legnano,70zz0o,https://bounce.com/stores/legnano/70zz0o,404,2026-10-06
0f31ebb8-fe0c-44cd-8ddc-e464bfd013e8,legnano,kb2qvc,https://bounce.com/stores/legnano/kb2qvc,404,2026-10-06
393e8162-ffb4-4c4a-bba7-2e2b0bc5bbdb,legnano,ks1q3d,https://bounce.com/stores/legnano/ks1q3d,404,2026-10-06
1df73dd0-a7fa-44ef-8c8a-d05875cf088d,legnano,qpqunn,https://bounce.com/stores/legnano/qpqunn,404,2026-10-06
3e19c5b3-37b1-47e2-a065-e931a3fab2a1,legnano,qr1lzm,https://bounce.com/stores/legnano/qr1lzm,404,2026-10-06
4dab2f60-c174-4e18-8195-5e6991532a99,legnano,hgs0qy,https://bounce.com/stores/legnano/hgs0qy,404,2026-10-06
debf7b8e-0c8f-48b9-857e-66c2e5ea5fd7,legnano,rol-Yd,https://bounce.com/stores/legnano/rol-Yd,404,2026-10-06
493fb0a7-e8f0-4901-a250-fb286c212bc3,legnano,rubtme,https://bounce.com/stores/legnano/rubtme,404,2026-10-06
2aff854c-74f5-499f-baa6-da0ce99dd22f,legnano,8gfr5c,https://bounce.com/stores/legnano/8gfr5c,404,2026-10-06
e08440fd-d3da-4d8c-bf39-539456f18749,monopoli,jealpk,https://bounce.com/stores/monopoli/jealpk,200,2026-10-06
346b1de7-b1db-46fb-a0b2-dc9c6714919b,monopoli,r3o5km,https://bounce.com/stores/monopoli/r3o5km,200,2026-10-06
1f4ddfbb-6dfd-40e3-b416-a4800d27ec9d,monopoli,bIOaoW,https://bounce.com/stores/monopoli/bIOaoW,200,2026-10-06
1379dbe2-7a68-4891-b555-a00c393a39a7,monopoli,fRnS7l,https://bounce.com/stores/monopoli/fRnS7l,200,2026-10-06
aaaf5dcd-c524-4b1f-8097-f01f806090e6,monopoli,p_xcf1,https://bounce.com/stores/monopoli/p_xcf1,200,2026-10-06
c5062caa-749f-494e-83fd-a4af0d5aeedd,monopoli,s1c9k8,https://bounce.com/stores/monopoli/s1c9k8,200,2026-10-06
a1cc32ec-e2e3-479f-ad01-f3d4d88961ac,monopoli,kf6BiI,https://bounce.com/stores/monopoli/kf6BiI,200,2026-10-06
dbdbe4de-4a38-4524-a69f-7758d51fbad4,monopoli,P5X9CJ,https://bounce.com/stores/monopoli/P5X9CJ,200,2026-10-06
78192b38-81dd-4fa0-8908-bcb107dcc6db,monopoli,rocysu,https://bounce.com/stores/monopoli/rocysu,200,2026-10-06
c0810513-d2bb-455a-b703-1142349281d2,monopoli,zryofb,https://bounce.com/stores/monopoli/zryofb,200,2026-10-06
6f834e8f-1fbc-4f9d-b55e-81b244d380fd,saletti,waemvg,https://bounce.com/stores/saletti/waemvg,404,2026-10-06
36e9a3ee-5c91-4038-be6f-031db9d70e2c,saletti,hbu-tx,https://bounce.com/stores/saletti/hbu-tx,404,2026-10-06
1e4bdd7d-4145-442f-b418-d619509ed29c,saletti,5hyh3a,https://bounce.com/stores/saletti/5hyh3a,404,2026-10-06
f6fac4eb-6f0b-45c8-8e12-8188ee36cee2,saletti,rsmnih,https://bounce.com/stores/saletti/rsmnih,404,2026-10-06
bcd9f15a-dab6-44e9-82bd-bd70552c15e3,saletti,o1anaa,https://bounce.com/stores/saletti/o1anaa,404,2026-10-06
9b700cac-6458-48e8-b121-b980223c7608,saletti,hj_umq,https://bounce.com/stores/saletti/hj_umq,404,2026-10-06
0e92876b-94e9-4cc9-9ced-7946e8e7c871,saletti,4wbr4q,https://bounce.com/stores/saletti/4wbr4q,404,2026-10-06
26336198-bbd5-479e-8a2b-a2817cd70a58,saletti,xyxeoi,https://bounce.com/stores/saletti/xyxeoi,404,2026-10-06
3b7ef88a-b8d9-41f1-9c8b-319415364439,saletti,zdncuo,https://bounce.com/stores/saletti/zdncuo,404,2026-10-06
629c9501-fbaa-4305-9faa-197dee6ca743,saletti,qkejx6,https://bounce.com/stores/saletti/qkejx6,404,2026-10-06
f6cad625-bcdc-41de-9152-7cce88faa31c,cellole,fqxpde,https://bounce.com/stores/cellole/fqxpde,404,2026-10-06
c8945bf0-f116-48db-80a8-c64430528123,cellole,_cpgy0,https://bounce.com/stores/cellole/_cpgy0,404,2026-10-06
8456928d-2ed6-4069-8642-569442e174c6,cellole,ckmelq,https://bounce.com/stores/cellole/ckmelq,404,2026-10-06
f64523a2-45aa-48e2-be7b-78323e613df1,cellole,eseat5,https://bounce.com/stores/cellole/eseat5,404,2026-10-06
7856c2be-8f7e-49c9-8db3-3e03fedf4acc,cellole,qks6yo,https://bounce.com/stores/cellole/qks6yo,404,2026-10-06
d7a89506-4ca9-43c5-84eb-d5ea3a142efe,cellole,jo7dzw,https://bounce.com/stores/cellole/jo7dzw,404,2026-10-06
0c67b374-77f1-4fba-b4fe-ae582ba3f7b9,cellole,mdad4r,https://bounce.com/stores/cellole/mdad4r,404,2026-10-06
b37f4cc3-2c74-4e34-b133-3cfafce77444,cellole,9uvdxn,https://bounce.com/stores/cellole/9uvdxn,404,2026-10-06
f035f135-381d-4d39-90ef-bce5ad3c5cc4,cellole,hsmacm,https://bounce.com/stores/cellole/hsmacm,404,2026-10-06
0841cdb3-fcc6-40b0-9e98-9dce00087e77,cellole,crbcrc,https://bounce.com/stores/cellole/crbcrc,404,2026-10-06
81751767-d0a3-47e9-bc36-3191d19963c8,paratico,luvdd4,https://bounce.com/stores/paratico/luvdd4,404,2026-10-06
2d897f4b-8f82-40db-9efe-6bb03d8648c8,paratico,u0yumg,https://bounce.com/stores/paratico/u0yumg,404,2026-10-06
84cb3fc9-34b0-456f-b91a-1c0b8a87f906,paratico,gfu4sl,https://bounce.com/stores/paratico/gfu4sl,404,2026-10-06
5f3c3026-b17c-49ff-b3e5-501e255345c0,paratico,alaew1,https://bounce.com/stores/paratico/alaew1,404,2026-10-06
723e7391-8e9a-4a8a-a584-394a95ad6ef7,paratico,yttru8,https://bounce.com/stores/paratico/yttru8,404,2026-10-06
5ff4e1fa-2b1d-46a3-9349-a5acd88ca4a8,paratico,hstt5p,https://bounce.com/stores/paratico/hstt5p,404,2026-10-06
6f71447b-ee02-4a6b-9a04-be521bc8adda,paratico,gvrdjy,https://bounce.com/stores/paratico/gvrdjy,404,2026-10-06
56285a60-da00-4540-94c5-80c37662e237,paratico,iszzp7,https://bounce.com/stores/paratico/iszzp7,404,2026-10-06
4d6381e9-8cc5-4746-ace2-70b9576b1308,paratico,l9a22c,https://bounce.com/stores/paratico/l9a22c,404,2026-10-06
c04c4374-fd84-4b15-b2c3-9ea154704e73,alberobello,50NpXm,https://bounce.com/stores/alberobello/50NpXm,404,2026-10-06
a643331f-1ae6-4880-8feb-c74a78f69fc6,alberobello,szv5wb,https://bounce.com/stores/alberobello/szv5wb,404,2026-10-06
d8491337-5d5f-4764-b148-51b99dbec45f,alberobello,OpLxU-,https://bounce.com/stores/alberobello/OpLxU-,404,2026-10-06
be9d7f65-acd8-4003-840e-35f70f72724d,alberobello,vxysvh,https://bounce.com/stores/alberobello/vxysvh,404,2026-10-06
1d69b39f-8ef9-43ed-8900-13fdc534a3db,alberobello,fhu62w,https://bounce.com/stores/alberobello/fhu62w,404,2026-10-06
ceac6bd7-8889-47f8-a900-0f5debffd26e,alberobello,31b6zq,https://bounce.com/stores/alberobello/31b6zq,404,2026-10-06
08213641-1e75-491e-8a08-8ba2a1bd6cd8,alberobello,qh3DND,https://bounce.com/stores/alberobello/qh3DND,200,2026-10-06
31e1c38d-2fc9-4642-bbf2-825533bef824,alberobello,1s4ivc,https://bounce.com/stores/alberobello/1s4ivc,404,2026-10-06
e4ce5e8f-a555-4291-98fc-94862c81c46e,alberobello,sm8bww,https://bounce.com/stores/alberobello/sm8bww,404,2026-10-06
7c1aacc4-cbc0-42fe-81d5-696b74e46c44,amalfi,zQtiaS,https://bounce.com/stores/amalfi/zQtiaS,200,2026-10-06
8fc4068e-c229-471a-8ed7-14c78ae90398,amalfi,lu5boM,https://bounce.com/stores/amalfi/lu5boM,200,2026-10-06
4ce7957a-5078-4cb8-bff1-1aadb879c486,amalfi,X1jEMA,https://bounce.com/stores/amalfi/X1jEMA,200,2026-10-06
73885e5a-9d5c-4265-ab03-7600b7bbafb0,amalfi,g6NSqv,https://bounce.com/stores/amalfi/g6NSqv,200,2026-10-06
eff61d68-b7ac-4d76-8294-4217d7315dc8,amalfi,yK9qnK,https://bounce.com/stores/amalfi/yK9qnK,200,2026-10-06
1ba49746-5f6e-4e7f-8f04-a5c2822a4c88,amalfi,jcqstH,https://bounce.com/stores/amalfi/jcqstH,200,2026-10-06
96a57ad4-9db4-417a-8311-6b79b4ad36b8,amalfi,f4cfdc,https://bounce.com/stores/amalfi/f4cfdc,200,2026-10-06
63a8752c-cdf8-4ec4-8817-e09f3ce798b9,amalfi,DuyXhq,https://bounce.com/stores/amalfi/DuyXhq,200,2026-10-06
cc72333e-fb2e-4cb2-b5c1-2fc44177c395,amalfi,rmbvxm,https://bounce.com/stores/amalfi/rmbvxm,200,2026-10-06
fd83ee34-b20e-4197-ab37-22ea15545ee4,gallipoli,fnnijs,https://bounce.com/stores/gallipoli/fnnijs,404,2026-10-06
5e24c1b8-7b53-4491-816b-0bba045cdb35,gallipoli,4v9iwe,https://bounce.com/stores/gallipoli/4v9iwe,404,2026-10-06
2fef9696-eaef-4f5c-bf81-b875e4627ece,gallipoli,gyo3j-,https://bounce.com/stores/gallipoli/gyo3j-,404,2026-10-06
967bcf95-5ec5-4e7b-8040-7032c5dfd9bd,gallipoli,dmude2,https://bounce.com/stores/gallipoli/dmude2,404,2026-10-06
677138fb-b0fd-46c9-b12c-9529dc30de9b,gallipoli,sbi4gg,https://bounce.com/stores/gallipoli/sbi4gg,404,2026-10-06
1d6e6732-bc7c-4c8f-87dc-bfe62b482e04,gallipoli,fxj8xt,https://bounce.com/stores/gallipoli/fxj8xt,404,2026-10-06
5770b88f-a58f-4d54-b402-e28da403e3a7,gallipoli,-4hsnv,https://bounce.com/stores/gallipoli/-4hsnv,404,2026-10-06
52235ed2-25c3-401d-9381-f8afc7be9555,gallipoli,ygkpmz,https://bounce.com/stores/gallipoli/ygkpmz,404,2026-10-06
7c9fa5d0-a81b-4151-92a5-15333d9c1ef7,gallipoli,CvrIA-,https://bounce.com/stores/gallipoli/CvrIA-,404,2026-10-06
f9be97ad-84e1-45fe-a3bf-f12a7136896f,alghero,fukf24,https://bounce.com/stores/alghero/fukf24,404,2026-10-06
c7a7766f-25ab-4a21-9e8d-e5b8aadd4ea3,alghero,iuxpze,https://bounce.com/stores/alghero/iuxpze,404,2026-10-06
fdfd76f5-92ca-43d7-8aac-321d7e70f9db,alghero,duovnm,https://bounce.com/stores/alghero/duovnm,404,2026-10-06
11e25326-76b6-4baf-bac1-fda2bc550aa3,alghero,aztypc,https://bounce.com/stores/alghero/aztypc,404,2026-10-06
85c9f4ef-8d9b-46cc-97de-752791a446c8,alghero,0cl-bb,https://bounce.com/stores/alghero/0cl-bb,404,2026-10-06
657f0eeb-66c8-405e-bfe5-1a2928d5d8ac,alghero,uhs50y,https://bounce.com/stores/alghero/uhs50y,404,2026-10-06
2007614a-13b2-446c-8cb8-a3e088b0c81a,alghero,pt13uv,https://bounce.com/stores/alghero/pt13uv,404,2026-10-06
2b020b48-e429-438c-9ba1-4602cf9c6c33,alghero,l9_jql,https://bounce.com/stores/alghero/l9_jql,404,2026-10-06
2b49f3ca-fcd5-4711-8aff-a7a7ec74061a,alghero,vgw5ih,https://bounce.com/stores/alghero/vgw5ih,404,2026-10-06
646e34fe-6fad-4226-a7e9-9e8c887ebca9,capo-d'orlando,9seo0d,https://bounce.com/stores/capo-d'orlando/9seo0d,404,2026-10-06
f749e158-a127-44e5-81d0-b34b2290f429,capo-d'orlando,2wvv9o,https://bounce.com/stores/capo-d'orlando/2wvv9o,404,2026-10-06
2c8e030d-0476-4d0d-b65a-a78b042c1c88,capo-d'orlando,gac2u2,https://bounce.com/stores/capo-d'orlando/gac2u2,404,2026-10-06
1f110b45-48d1-4a46-8786-7b8055d20c33,capo-d'orlando,5m1htz,https://bounce.com/stores/capo-d'orlando/5m1htz,404,2026-10-06
ccecf144-a7c1-48b9-b894-87de3b16fd31,capo-d'orlando,mt0z0p,https://bounce.com/stores/capo-d'orlando/mt0z0p,404,2026-10-06
33c5ad97-991e-4310-ab93-f23cb74410e5,capo-d'orlando,d_9u4k,https://bounce.com/stores/capo-d'orlando/d_9u4k,404,2026-10-06
3fde2c61-98d4-461a-85f6-2c307e749ef1,capo-d'orlando,qsih4f,https://bounce.com/stores/capo-d'orlando/qsih4f,404,2026-10-06
291f6f13-fcf8-4d7d-9bac-7b119c87b7ca,capo-d'orlando,2kxdr_,https://bounce.com/stores/capo-d'orlando/2kxdr_,404,2026-10-06
e1243210-22dd-4ea1-955b-5ed5a813c754,capo-d'orlando,o4drox,https://bounce.com/stores/capo-d'orlando/o4drox,404,2026-10-06
2e52648b-fcc9-4f41-b636-0e2fb00d1276,montagnana,bkzwlw,https://bounce.com/stores/montagnana/bkzwlw,404,2026-10-06
0ca9d396-d2ee-481b-b589-72ea604705ea,montagnana,ufqf3_,https://bounce.com/stores/montagnana/ufqf3_,404,2026-10-06
f7b79985-239d-488d-8803-b4ea89052628,montagnana,nlsaez,https://bounce.com/stores/montagnana/nlsaez,404,2026-10-06
cccdabe7-f414-4eb8-946c-ba8c4fa2ad40,montagnana,oq83qh,https://bounce.com/stores/montagnana/oq83qh,404,2026-10-06
4e362f94-3db1-42e3-9d3b-84a83b19bf7b,montagnana,nyknuk,https://bounce.com/stores/montagnana/nyknuk,404,2026-10-06
e5e5c5aa-01e3-4ad1-be54-ef5eaf9f1b5b,montagnana,ttuop-,https://bounce.com/stores/montagnana/ttuop-,404,2026-10-06
4d2955a9-b834-470a-9db7-65882bbcf989,montagnana,50cvic,https://bounce.com/stores/montagnana/50cvic,404,2026-10-06
66ca7d32-ec64-4584-9880-9696fee121e9,montagnana,cngybe,https://bounce.com/stores/montagnana/cngybe,404,2026-10-06
3573a9f8-fb9f-4f72-a3d8-4fb458fed7da,montagnana,uelbpl,https://bounce.com/stores/montagnana/uelbpl,404,2026-10-06
3db407a0-7be4-4d36-ab88-d94dd686482c,formia,z0tq_1,https://bounce.com/stores/formia/z0tq_1,404,2026-10-06
8abc5429-857a-410c-ac6a-a433df1a6910,formia,3lh0-b,https://bounce.com/stores/formia/3lh0-b,404,2026-10-06
56af47f1-af44-4aca-ac03-60110996ee9a,formia,aoojxo,https://bounce.com/stores/formia/aoojxo,404,2026-10-06
80362a7a-3982-4215-bfe6-3e6627c0d649,formia,jevcxe,https://bounce.com/stores/formia/jevcxe,404,2026-10-06
fbc42e68-dc8a-4d82-8b8c-13009ee834ce,formia,8soimf,https://bounce.com/stores/formia/8soimf,404,2026-10-06
722edae9-f05b-40d6-922c-f4e66776cdb4,formia,uabvvb,https://bounce.com/stores/formia/uabvvb,404,2026-10-06
c2744606-9b70-436e-b051-614f27b9bcc7,formia,x70-hy,https://bounce.com/stores/formia/x70-hy,404,2026-10-06
f7f17af8-c659-43d4-af6f-ded35c96dec6,formia,i7phfy,https://bounce.com/stores/formia/i7phfy,404,2026-10-06
1dc5b0a9-420e-411e-ba08-95a1a8beac2e,formia,zxsey-,https://bounce.com/stores/formia/zxsey-,404,2026-10-06
237e2517-32a8-4d7a-8aad-4c5fc86788d8,ostuni,cj9l7b,https://bounce.com/stores/ostuni/cj9l7b,404,2026-10-06
769ea011-b613-436d-a83c-9d5c90969d63,ostuni,zwas-d,https://bounce.com/stores/ostuni/zwas-d,404,2026-10-06
bedcc945-2ded-4fa7-bc90-90e8727e53f9,ostuni,9be71b,https://bounce.com/stores/ostuni/9be71b,404,2026-10-06
07d88aff-c749-4cce-829e-fadbcad3a70f,ostuni,tofqjw,https://bounce.com/stores/ostuni/tofqjw,404,2026-10-06
95f79955-5659-4902-8c38-0cb847a3a1e2,ostuni,LRiYtS,https://bounce.com/stores/ostuni/LRiYtS,404,2026-10-06
49a6131e-40cc-4072-94bc-6323b0fce7a7,ostuni,5ltziy,https://bounce.com/stores/ostuni/5ltziy,404,2026-10-06
bc92718b-61bc-4ee3-ab8f-05455c6957c7,ostuni,CCRGKk,https://bounce.com/stores/ostuni/CCRGKk,404,2026-10-06
1f44ec95-256d-45c7-a173-7a920486c88c,ostuni,1cjaln,https://bounce.com/stores/ostuni/1cjaln,404,2026-10-06
cb4653b8-1ab8-4c01-895a-9200989a7596,sommatino,r1ma49,https://bounce.com/stores/sommatino/r1ma49,404,2026-10-06
8572522f-dd56-490f-a53e-9b0d301f9c9e,sommatino,dc-bg_,https://bounce.com/stores/sommatino/dc-bg_,404,2026-10-06
9845d655-e42d-431d-82de-2126e3615737,sommatino,wefs-u,https://bounce.com/stores/sommatino/wefs-u,404,2026-10-06
f1744512-c5d8-4547-bf1e-2b014a606f76,sommatino,mrbka0,https://bounce.com/stores/sommatino/mrbka0,404,2026-10-06
cc723ee6-afaf-4774-b6a2-c3d3aafa3f9c,sommatino,e5xsdd,https://bounce.com/stores/sommatino/e5xsdd,404,2026-10-06
add24977-e64e-4b07-9a86-8a481646f647,sommatino,by3n45,https://bounce.com/stores/sommatino/by3n45,404,2026-10-06
649c270a-811c-4677-871f-c84a438061a8,sommatino,h_llky,https://bounce.com/stores/sommatino/h_llky,404,2026-10-06
bdfb0319-047d-4e93-8aab-cd3225933548,sommatino,a1xr8p,https://bounce.com/stores/sommatino/a1xr8p,404,2026-10-06
8a5cea36-0952-4782-80b4-1bedc38daf4d,desenzano-del-garda,uguwa7,https://bounce.com/stores/desenzano-del-garda/uguwa7,404,2026-10-06
ae54a2c9-4f58-4f6b-9bc9-a1f8a49e341b,desenzano-del-garda,4hebsv,https://bounce.com/stores/desenzano-del-garda/4hebsv,404,2026-10-06
ba410bb5-aac3-446c-9b89-7ee1a3d501ab,desenzano-del-garda,peuw45,https://bounce.com/stores/desenzano-del-garda/peuw45,404,2026-10-06
7a93fc5a-5ff9-4ec2-9b73-a37b04da4899,desenzano-del-garda,3_l0js,https://bounce.com/stores/desenzano-del-garda/3_l0js,404,2026-10-06
b2dc7c48-e5f5-461e-b3ac-e41453536910,desenzano-del-garda,dk7Cfw,https://bounce.com/stores/desenzano-del-garda/dk7Cfw,200,2026-10-06
9b5887ec-d179-47c2-ab76-6bb692b5933d,desenzano-del-garda,dzyqwy,https://bounce.com/stores/desenzano-del-garda/dzyqwy,404,2026-10-06
e21fc05d-12a0-4313-adb6-2b8f2b793be9,desenzano-del-garda,38zbyc,https://bounce.com/stores/desenzano-del-garda/38zbyc,404,2026-10-06
c56d9fec-474a-482a-9881-91a04700fe9f,desenzano-del-garda,yafvtz,https://bounce.com/stores/desenzano-del-garda/yafvtz,404,2026-10-06
3da28bd7-bc38-4587-b5e1-4841a6c45b96,canosa-di-puglia,jvib13,https://bounce.com/stores/canosa-di-puglia/jvib13,404,2026-10-06
1858c1d9-f091-4fe6-aa0f-9092e4a4f2ec,canosa-di-puglia,mp94ce,https://bounce.com/stores/canosa-di-puglia/mp94ce,404,2026-10-06
a34da24e-19d6-4b58-a516-921e6a3d186e,canosa-di-puglia,da0ceu,https://bounce.com/stores/canosa-di-puglia/da0ceu,404,2026-10-06
855c7674-75f3-4670-8743-bd2764c76fdb,canosa-di-puglia,prpxl8,https://bounce.com/stores/canosa-di-puglia/prpxl8,404,2026-10-06
d8fd4095-4e33-4e76-8eb2-29ac89bd44df,canosa-di-puglia,bb72vu,https://bounce.com/stores/canosa-di-puglia/bb72vu,404,2026-10-06
aaf6659f-79a5-4fc8-88d5-7e0eb900ddd5,canosa-di-puglia,wgt_ub,https://bounce.com/stores/canosa-di-puglia/wgt_ub,404,2026-10-06
f0237582-3ff8-4496-9b9f-4e7febd4067f,canosa-di-puglia,x0trnj,https://bounce.com/stores/canosa-di-puglia/x0trnj,404,2026-10-06
88a6af67-1684-4ef9-9c0e-7bfc3f919fa2,canosa-di-puglia,zM8KkW,https://bounce.com/stores/canosa-di-puglia/zM8KkW,404,2026-10-06
12337fa6-09ff-4922-a848-5dd68f650661,civitanova-marche,yxusof,https://bounce.com/stores/civitanova-marche/yxusof,404,2026-10-06
f11708d7-0c08-4410-8b4a-00b905595844,civitanova-marche,chjp_l,https://bounce.com/stores/civitanova-marche/chjp_l,404,2026-10-06
edcf3ef4-ba4b-44b2-b51e-c2d606642b57,civitanova-marche,5zhhhr,https://bounce.com/stores/civitanova-marche/5zhhhr,404,2026-10-06
43eea107-2b01-4848-8c03-832641827e49,civitanova-marche,thfof1,https://bounce.com/stores/civitanova-marche/thfof1,404,2026-10-06
801bca70-817d-41ea-9370-ebe08968e248,civitanova-marche,orswuw,https://bounce.com/stores/civitanova-marche/orswuw,404,2026-10-06
a3badb8a-978e-421f-9c30-62ed9449aef9,civitanova-marche,vipog6,https://bounce.com/stores/civitanova-marche/vipog6,404,2026-10-06
c53c6b5b-1b55-49ac-a6cb-d18a9fee0efd,civitanova-marche,dq_n7k,https://bounce.com/stores/civitanova-marche/dq_n7k,404,2026-10-06
410a3015-d0c6-4d61-a6b0-5ba4427b70ad,civitanova-marche,5kzwag,https://bounce.com/stores/civitanova-marche/5kzwag,404,2026-10-06
dbbe8ab7-4105-42b7-890e-22e0989a64ff,viareggio,m9yheh,https://bounce.com/stores/viareggio/m9yheh,404,2026-10-06
6477dded-2b2d-467e-abaa-5f6abd916437,viareggio,bzz_wm,https://bounce.com/stores/viareggio/bzz_wm,404,2026-10-06
3cc0f0b7-1ee4-4885-ad60-a0c570a82b53,viareggio,shismd,https://bounce.com/stores/viareggio/shismd,404,2026-10-06
6b0715fb-1dde-490b-a913-5668e34eab35,viareggio,avgobp,https://bounce.com/stores/viareggio/avgobp,404,2026-10-06
aedfc5df-5f99-4fd9-9f87-071c1db203a9,viareggio,cpx6uf,https://bounce.com/stores/viareggio/cpx6uf,404,2026-10-06
c912718a-0a26-489a-b2a6-cfbefcd82ce8,viareggio,gOw2rN,https://bounce.com/stores/viareggio/gOw2rN,404,2026-10-06
3656b676-3287-4620-bcdc-7998cd7b4262,viareggio,pvtf4l,https://bounce.com/stores/viareggio/pvtf4l,404,2026-10-06
6b8a5c65-03e3-4b9d-b683-f1e455266332,viareggio,ec_oap,https://bounce.com/stores/viareggio/ec_oap,404,2026-10-06
9961c7d2-fac5-48ad-8490-cd893a6b346e,borgo-valbelluna,kyjmri,https://bounce.com/stores/borgo-valbelluna/kyjmri,404,2026-10-06
ba4e1c23-8556-41ce-95fd-613175986ae9,borgo-valbelluna,bzv7kt,https://bounce.com/stores/borgo-valbelluna/bzv7kt,404,2026-10-06
7dfb5232-f33f-4cae-8e2a-0f5c7ef104f6,borgo-valbelluna,bl2zjh,https://bounce.com/stores/borgo-valbelluna/bl2zjh,404,2026-10-06
55977b8f-ecfd-480e-993d-4129026df19f,borgo-valbelluna,_k-wz6,https://bounce.com/stores/borgo-valbelluna/_k-wz6,404,2026-10-06
4915e7e2-e48a-4caa-b9a9-1aef01d35009,borgo-valbelluna,6k8anj,https://bounce.com/stores/borgo-valbelluna/6k8anj,404,2026-10-06
3e705a34-3bf2-474d-a7d9-fb38aeb58997,borgo-valbelluna,biuyhh,https://bounce.com/stores/borgo-valbelluna/biuyhh,404,2026-10-06
81813cc3-e227-4e6d-a638-0f7898e05afa,borgo-valbelluna,ecm6kk,https://bounce.com/stores/borgo-valbelluna/ecm6kk,404,2026-10-06
476345c9-fde5-4485-bed6-f9fc06bafe41,borgo-valbelluna,bfbke6,https://bounce.com/stores/borgo-valbelluna/bfbke6,404,2026-10-06
cbde0e56-04b3-4411-82ad-7b741f4f7c59,elba,61lfeh,https://bounce.com/stores/elba/61lfeh,404,2026-10-06
9f394d01-4cae-498f-b5b0-c5ce83698f87,elba,JWggTb,https://bounce.com/stores/elba/JWggTb,404,2026-10-06
9adecb69-b596-4e3c-b1b1-cf6000003ca0,elba,TRMYYb,https://bounce.com/stores/elba/TRMYYb,404,2026-10-06
5d626def-8e09-4cb1-a9b8-3adbfe798a3e,elba,2dDKr8,https://bounce.com/stores/elba/2dDKr8,404,2026-10-06
574920b0-5212-418f-a152-eae060258e94,elba,a-0k-z,https://bounce.com/stores/elba/a-0k-z,404,2026-10-06
a4a63718-321e-487a-b0df-df24fb759c36,elba,5v-kY1,https://bounce.com/stores/elba/5v-kY1,200,2026-10-06
c46ae6c3-0244-4460-91b0-0f3376337225,elba,OzmYdH,https://bounce.com/stores/elba/OzmYdH,404,2026-10-06
513c5be0-1636-400c-bdfc-30b513a8f157,elba,JtUqnV,https://bounce.com/stores/elba/JtUqnV,404,2026-10-06
779254cb-193b-4f26-8e1e-52650e4ea3a5,montecatini-terme,p_zzva,https://bounce.com/stores/montecatini-terme/p_zzva,404,2026-10-06
d03038ec-3d4a-48e7-ac24-35e080eea727,montecatini-terme,imb_vs,https://bounce.com/stores/montecatini-terme/imb_vs,404,2026-10-06
952fa18f-913f-4431-b7ef-960dcf0381f5,montecatini-terme,oflbgm,https://bounce.com/stores/montecatini-terme/oflbgm,404,2026-10-06
d3d84af8-ab73-4d49-bb42-5466855aa469,montecatini-terme,anvlnb,https://bounce.com/stores/montecatini-terme/anvlnb,404,2026-10-06
e4da0136-43f9-44a2-bf31-37d27fccc590,montecatini-terme,BMxZx_,https://bounce.com/stores/montecatini-terme/BMxZx_,404,2026-10-06
4eb7de39-1448-4a5e-909a-6220bdc77434,montecatini-terme,jtwt_g,https://bounce.com/stores/montecatini-terme/jtwt_g,404,2026-10-06
dabd52e5-caf6-4653-914c-0b2933984708,montecatini-terme,qmlet7,https://bounce.com/stores/montecatini-terme/qmlet7,404,2026-10-06
d3a205cb-5c7f-4bbc-9721-ad4ce2a9796c,montecatini-terme,wwsyer,https://bounce.com/stores/montecatini-terme/wwsyer,404,2026-10-06
87fe23ef-a43e-4553-aac6-47df67a2482b,rossano-stazione,mc9voh,https://bounce.com/stores/rossano-stazione/mc9voh,404,2026-10-06
03a3b44b-fbc1-42cf-bd6a-7f41283b64eb,rossano-stazione,midypq,https://bounce.com/stores/rossano-stazione/midypq,404,2026-10-06
5532292e-95c0-438e-8897-6b0a87752353,rossano-stazione,f5fetj,https://bounce.com/stores/rossano-stazione/f5fetj,404,2026-10-06
1b2b62b3-e692-4278-a5cc-45aa87b2672f,rossano-stazione,sftjrv,https://bounce.com/stores/rossano-stazione/sftjrv,404,2026-10-06
073e594f-d38c-4139-a855-f40c31361e17,rossano-stazione,o9uaug,https://bounce.com/stores/rossano-stazione/o9uaug,404,2026-10-06
31d82157-4521-4055-8304-00c508ca4ded,rossano-stazione,p_69ct,https://bounce.com/stores/rossano-stazione/p_69ct,404,2026-10-06
64d82807-5af3-4a37-aa6f-db6120d95bcb,rossano-stazione,rug1vt,https://bounce.com/stores/rossano-stazione/rug1vt,404,2026-10-06
0e9f8b8c-5ce9-44dd-b0c6-01f7fb86c17b,capistrello,gdb3kh,https://bounce.com/stores/capistrello/gdb3kh,404,2026-10-06
1e575906-e8ae-4ac7-92bf-2130974f5f47,capistrello,9vwdws,https://bounce.com/stores/capistrello/9vwdws,404,2026-10-06
149cf565-0e57-4a5c-bbe8-fff65201cb91,capistrello,dg4lvt,https://bounce.com/stores/capistrello/dg4lvt,404,2026-10-06
9cbe3643-648b-486c-b01f-fbd6f6932e24,capistrello,khx3j7,https://bounce.com/stores/capistrello/khx3j7,404,2026-10-06
229f9f5f-7371-4a00-a8cf-0ade94a56fd5,capistrello,lctpim,https://bounce.com/stores/capistrello/lctpim,404,2026-10-06
8a0bb637-ac0a-4844-bde6-9903a2d1db2d,capistrello,mylpub,https://bounce.com/stores/capistrello/mylpub,404,2026-10-06
ebc6eea4-1ef7-45af-bc86-e42291ac6b96,capistrello,_nqwcd,https://bounce.com/stores/capistrello/_nqwcd,404,2026-10-06
32978785-b496-4648-8e3f-c986bc9b02bc,taormina,tud99y,https://bounce.com/stores/taormina/tud99y,200,2026-10-06
f08941a3-6199-4b98-9906-69a166661143,taormina,6XKe95,https://bounce.com/stores/taormina/6XKe95,200,2026-10-06
bec29527-59c9-4dee-a551-3f4dcd1ae7c1,taormina,7qhdah,https://bounce.com/stores/taormina/7qhdah,200,2026-10-06
b7b80cc0-ff53-466f-9683-b55424a783aa,taormina,r7_kts,https://bounce.com/stores/taormina/r7_kts,200,2026-10-06
a4853557-0465-4dcb-b1e4-6d32aeeb7fc6,taormina,qksn6p,https://bounce.com/stores/taormina/qksn6p,200,2026-10-06
95142ae0-4ebc-4ddc-8c34-9e501d62920f,taormina,qo9qqp,https://bounce.com/stores/taormina/qo9qqp,200,2026-10-06
9e159a40-6df1-4090-83a7-8226b10f43f1,taormina,7jwigc,https://bounce.com/stores/taormina/7jwigc,200,2026-10-06
6f5ea20e-6107-482d-8d6e-1014e911f942,taurisano,g-6gj_,https://bounce.com/stores/taurisano/g-6gj_,404,2026-10-06
769ed53a-0b2e-4249-abe5-f580b2c943f3,taurisano,ufdqjb,https://bounce.com/stores/taurisano/ufdqjb,404,2026-10-06
cb071393-f7c3-4c14-81ba-dcf7d3022799,taurisano,t9h1yo,https://bounce.com/stores/taurisano/t9h1yo,404,2026-10-06
a44cbc88-dbc2-4b8a-8dc4-fa7948ede765,taurisano,gichup,https://bounce.com/stores/taurisano/gichup,404,2026-10-06
8e10eb70-76b2-4522-8a35-a7e3d8b81796,taurisano,e5kvlp,https://bounce.com/stores/taurisano/e5kvlp,404,2026-10-06
c65fa553-cd24-4b11-83b2-c1358b829350,taurisano,gozzy-,https://bounce.com/stores/taurisano/gozzy-,404,2026-10-06
e91d909c-4a10-449a-90c5-b6262440aa0d,taurisano,eb7gym,https://bounce.com/stores/taurisano/eb7gym,404,2026-10-06
4d4c3673-b38d-49cf-aead-87a496545e7e,torre-de'-passeri,0gvfmp,https://bounce.com/stores/torre-de'-passeri/0gvfmp,404,2026-10-06
894d3e56-0cd5-42f8-a0e6-1a455db812fe,torre-de'-passeri,b6rkdd,https://bounce.com/stores/torre-de'-passeri/b6rkdd,404,2026-10-06
44cfd79f-399f-4748-90bf-4f7f1e41653f,torre-de'-passeri,1xji95,https://bounce.com/stores/torre-de'-passeri/1xji95,404,2026-10-06
dfdb634d-9d1c-4160-8cc2-5bfc335a6355,torre-de'-passeri,tednsp,https://bounce.com/stores/torre-de'-passeri/tednsp,404,2026-10-06
2a64ce2a-3eda-4d6b-85b0-f6dcefba13b1,torre-de'-passeri,es4s-x,https://bounce.com/stores/torre-de'-passeri/es4s-x,404,2026-10-06
41b2d6d5-dab3-4f7b-b67d-105be7185bbd,torre-de'-passeri,p4ecde,https://bounce.com/stores/torre-de'-passeri/p4ecde,404,2026-10-06
aaab9d59-1f58-4691-aacf-e82591d59051,torre-de'-passeri,chaj1x,https://bounce.com/stores/torre-de'-passeri/chaj1x,404,2026-10-06
896ae652-188f-4546-b505-88efb14be940,manfredonia,08g0qj,https://bounce.com/stores/manfredonia/08g0qj,404,2026-10-06
9b4cf6d4-0770-4f12-a7e7-63ce97d0a007,manfredonia,rpazmu,https://bounce.com/stores/manfredonia/rpazmu,404,2026-10-06
e789bf40-f0d7-4871-89c7-b3644d9e1ebd,manfredonia,v_d7qu,https://bounce.com/stores/manfredonia/v_d7qu,404,2026-10-06
04a26822-a128-4f41-8969-d8089a9c9036,manfredonia,9c5hqj,https://bounce.com/stores/manfredonia/9c5hqj,404,2026-10-06
6a14b5bd-5551-4c46-baae-3a2c53a1f9ff,manfredonia,alqond,https://bounce.com/stores/manfredonia/alqond,404,2026-10-06
4d9fceec-8bb3-49ef-8927-ad5a5049022a,manfredonia,3xcdez,https://bounce.com/stores/manfredonia/3xcdez,404,2026-10-06
332b731f-d087-43ab-b773-cdd55d1202ac,manfredonia,abjdfq,https://bounce.com/stores/manfredonia/abjdfq,404,2026-10-06
52487d76-5443-447e-96cd-ed40ed9f3085,cervignano-del-friuli,nm6vb5,https://bounce.com/stores/cervignano-del-friuli/nm6vb5,404,2026-10-06
576c6666-bce9-4036-a783-28e60263678d,cervignano-del-friuli,vfywzc,https://bounce.com/stores/cervignano-del-friuli/vfywzc,404,2026-10-06
c0bb952c-379b-4536-a573-47756187cd06,cervignano-del-friuli,4kdnhq,https://bounce.com/stores/cervignano-del-friuli/4kdnhq,404,2026-10-06
43c1d23e-54ea-4c22-b18d-b96e053d5c1b,cervignano-del-friuli,1xi828,https://bounce.com/stores/cervignano-del-friuli/1xi828,404,2026-10-06
1ea95752-f905-4db3-9c56-b1b40ee5ee9d,cervignano-del-friuli,mhcaqc,https://bounce.com/stores/cervignano-del-friuli/mhcaqc,404,2026-10-06
ce3b7c5f-e38c-4457-a01f-c43d4bf0fd30,cervignano-del-friuli,hegpxv,https://bounce.com/stores/cervignano-del-friuli/hegpxv,404,2026-10-06
2dc0e8b8-a676-4d12-806d-2e1057f3ca69,cervignano-del-friuli,atcys-,https://bounce.com/stores/cervignano-del-friuli/atcys-,404,2026-10-06
63234573-80bd-4316-98a5-bef4dba4fdf6,sala-consilina,w4hq08,https://bounce.com/stores/sala-consilina/w4hq08,404,2026-10-06
4e7ea785-e152-441f-971d-7fb5d2eee1c5,sala-consilina,rs2ebu,https://bounce.com/stores/sala-consilina/rs2ebu,404,2026-10-06
788b55d4-94ed-40f2-9aad-90ced4da53e8,sala-consilina,fmboby,https://bounce.com/stores/sala-consilina/fmboby,404,2026-10-06
ab993eeb-0215-4951-a871-de7b211cfbbe,sala-consilina,bqrw25,https://bounce.com/stores/sala-consilina/bqrw25,404,2026-10-06
29c0e2c1-640f-4e2b-9974-273e8d088342,sala-consilina,qdevt6,https://bounce.com/stores/sala-consilina/qdevt6,404,2026-10-06
318db3c1-510b-4fca-81dc-cea811ef1064,sala-consilina,wtyznb,https://bounce.com/stores/sala-consilina/wtyznb,404,2026-10-06
ed792f9c-aaaf-41fb-885d-2659a3c1b018,sala-consilina,xm4sii,https://bounce.com/stores/sala-consilina/xm4sii,404,2026-10-06
32459595-5f68-4e02-8393-feaf4c27f1bc,bronte,_oq6mz,https://bounce.com/stores/bronte/_oq6mz,404,2026-10-06
cab35478-72b5-46fa-9827-37d1ba7bf286,bronte,tywlv1,https://bounce.com/stores/bronte/tywlv1,404,2026-10-06
8d07a10e-a595-4aa1-ae1f-0d681a1dcc96,bronte,owgm5i,https://bounce.com/stores/bronte/owgm5i,404,2026-10-06
7185fb48-32c3-4754-99e0-83b4fbadb1bb,bronte,ab9_in,https://bounce.com/stores/bronte/ab9_in,404,2026-10-06
04ab2522-8fdb-47e7-82a8-89d2b8ed012c,bronte,is_kis,https://bounce.com/stores/bronte/is_kis,404,2026-10-06
6b3fef03-f900-485f-a7b9-8647bae3a8ef,bronte,4afyg-,https://bounce.com/stores/bronte/4afyg-,404,2026-10-06
8bebb0aa-754b-4f5c-bf12-49e8ca3dd259,bronte,vnzoyl,https://bounce.com/stores/bronte/vnzoyl,404,2026-10-06
f99c9ba1-de07-4245-bcb4-d19710515ccf,locri,da07hh,https://bounce.com/stores/locri/da07hh,404,2026-10-06
73362160-e4a3-47c0-bdae-3bcfc2891efa,locri,kyozlf,https://bounce.com/stores/locri/kyozlf,404,2026-10-06
68563af9-c4a5-4a7c-b3ba-ed352e0ec64d,locri,g1xnfb,https://bounce.com/stores/locri/g1xnfb,404,2026-10-06
3eed5ad7-cb37-477b-afdf-81ebb796bc37,locri,_qdbij,https://bounce.com/stores/locri/_qdbij,404,2026-10-06
6067c610-1f15-4866-ba75-081e45971e45,locri,lblola,https://bounce.com/stores/locri/lblola,404,2026-10-06
f5b8a6f4-88e9-4358-8ada-8bcf3ccefe86,locri,dp6qn_,https://bounce.com/stores/locri/dp6qn_,404,2026-10-06
aeb5ef84-e9ed-4658-82c8-74167f3bcacf,rapallo,xubiyz,https://bounce.com/stores/rapallo/xubiyz,200,2026-10-06
f05f8442-a80c-4a88-afbd-7d0c0c8aa65a,rapallo,1GM-8w,https://bounce.com/stores/rapallo/1GM-8w,200,2026-10-06
e464b218-34cb-483a-8de1-51263af40473,rapallo,5E4zGH,https://bounce.com/stores/rapallo/5E4zGH,200,2026-10-06
176585d3-46fe-4e7e-ba23-8f616b8c04a5,rapallo,gUTLCQ,https://bounce.com/stores/rapallo/gUTLCQ,200,2026-10-06
969c7033-d609-44ba-ba3a-a0513ca73356,rapallo,dvmc6h,https://bounce.com/stores/rapallo/dvmc6h,200,2026-10-06
919031ea-9770-4d87-a471-85847721d633,rapallo,ugrd9f,https://bounce.com/stores/rapallo/ugrd9f,200,2026-10-06
3c34008d-b776-4e2b-b6c8-5bab9274660c,notaresco-stazione,uek_g0,https://bounce.com/stores/notaresco-stazione/uek_g0,404,2026-10-06
07623e26-f773-4f7d-a1f9-a60cb89d7527,notaresco-stazione,d0el2i,https://bounce.com/stores/notaresco-stazione/d0el2i,404,2026-10-06
7b24f50e-d754-4e98-9a36-7b5a0d61c9c5,notaresco-stazione,ckdjsc,https://bounce.com/stores/notaresco-stazione/ckdjsc,404,2026-10-06
f68acdaf-c835-4b1c-b499-734ac1a620e0,notaresco-stazione,dtj1oj,https://bounce.com/stores/notaresco-stazione/dtj1oj,404,2026-10-06
1f4761a1-af43-4967-8e11-5ad8caa54c21,notaresco-stazione,fl8_qw,https://bounce.com/stores/notaresco-stazione/fl8_qw,404,2026-10-06
a5ada3ea-710a-4f5b-b36d-631cf76442f0,notaresco-stazione,meuthy,https://bounce.com/stores/notaresco-stazione/meuthy,404,2026-10-06
2571c599-bde9-4bf4-af42-9af07ae722dc,tirano,lh46q-,https://bounce.com/stores/tirano/lh46q-,404,2026-10-06
240328de-d64b-48d2-8d06-0ed02c22d1a4,tirano,kqyxgm,https://bounce.com/stores/tirano/kqyxgm,404,2026-10-06
446111e0-f89f-4b0f-8c3d-b36d818c1717,tirano,DCpM-i,https://bounce.com/stores/tirano/DCpM-i,200,2026-10-06
ac86ddaf-693c-47aa-aa47-83c4c599d0c5,tirano,vrch00,https://bounce.com/stores/tirano/vrch00,404,2026-10-06
f3c6d91e-9083-48c5-913a-dcd259612693,tirano,j8MtkJ,https://bounce.com/stores/tirano/j8MtkJ,404,2026-10-06
fb8d0f05-e0db-4e03-a8f2-896e1590f513,tirano,7_doyt,https://bounce.com/stores/tirano/7_doyt,404,2026-10-06
5ba3b73d-06e2-4a5f-9826-70299bfb803f,biella,9pteo2,https://bounce.com/stores/biella/9pteo2,404,2026-10-06
bfecf57f-bc2c-4077-9bf6-3df2bbcccff6,biella,pl5ipt,https://bounce.com/stores/biella/pl5ipt,404,2026-10-06
ef9a8cfa-c2ee-47c3-beff-cbbc32d4828a,biella,4kzj3o,https://bounce.com/stores/biella/4kzj3o,404,2026-10-06
4f45946b-e96a-43d9-9d9c-71b1d4a3aad5,biella,dnlvcy,https://bounce.com/stores/biella/dnlvcy,404,2026-10-06
f163b4bf-cce2-41bd-99e2-24e36111fe6d,biella,7YV4W7,https://bounce.com/stores/biella/7YV4W7,404,2026-10-06
042e2751-04c0-4f0b-b66e-c859a8dc59c7,biella,jllcb-,https://bounce.com/stores/biella/jllcb-,404,2026-10-06
55362807-c9df-4fdb-b8da-38e91507ad6b,pero,d5yyii,https://bounce.com/stores/pero/d5yyii,404,2026-10-06
4443cc9a-5507-4957-ae68-829dbf95f93f,pero,mthmf5,https://bounce.com/stores/pero/mthmf5,404,2026-10-06
2e1a3ee1-4d78-44a6-abb5-8f4a0cdcfd49,pero,huvfgs,https://bounce.com/stores/pero/huvfgs,404,2026-10-06
2e43367e-61af-4fca-8362-d6f6686aff02,pero,_dbn8d,https://bounce.com/stores/pero/_dbn8d,404,2026-10-06
01027cb7-0cb6-426e-9750-c80cdaaaf7dd,pero,jffnle,https://bounce.com/stores/pero/jffnle,404,2026-10-06
2f9f0c1c-37dd-4fe6-b9ef-4cbbafd11aa1,pero,bxidug,https://bounce.com/stores/pero/bxidug,404,2026-10-06
81d2a056-dd34-455e-b9a9-2687102bb52b,imola,r-myz_,https://bounce.com/stores/imola/r-myz_,404,2026-10-06
4ac52e13-45c7-4331-b82c-9f746cfa7cc9,imola,o_rmct,https://bounce.com/stores/imola/o_rmct,404,2026-10-06
426e1df0-8719-4a79-bdb7-29ecb798c5ff,imola,kbcy75,https://bounce.com/stores/imola/kbcy75,404,2026-10-06
811ae008-99e6-41f5-9359-8af495882ae0,imola,61jipq,https://bounce.com/stores/imola/61jipq,404,2026-10-06
6978ae7d-715b-4b53-b133-519b7d45d1d8,imola,jilti6,https://bounce.com/stores/imola/jilti6,404,2026-10-06
eb40af3a-23e2-45b0-afd4-db786c40a53f,imola,6fi559,https://bounce.com/stores/imola/6fi559,404,2026-10-06
335a8f24-6547-422f-aecc-95628aba1324,teano,yobwti,https://bounce.com/stores/teano/yobwti,404,2026-10-06
2a9619c5-c6ca-44b6-b914-cec101e3f3cc,teano,gfkdr0,https://bounce.com/stores/teano/gfkdr0,404,2026-10-06
b1540c76-6719-4447-8e5d-fb56f7835e90,teano,j6xrtq,https://bounce.com/stores/teano/j6xrtq,404,2026-10-06
77115d1b-6762-4bc3-ad2f-685872736811,teano,dnomjw,https://bounce.com/stores/teano/dnomjw,404,2026-10-06
3e1b1f63-53f8-4601-b521-e0d16081ccfc,teano,_np7gg,https://bounce.com/stores/teano/_np7gg,404,2026-10-06
969ce3b1-19f3-4444-8da1-1edc855a4ff2,teano,yh6tlx,https://bounce.com/stores/teano/yh6tlx,404,2026-10-06
4337227a-9b7d-4aae-8b16-8c89a46896da,corridonia,3jk1o7,https://bounce.com/stores/corridonia/3jk1o7,404,2026-10-06
3da210f2-63a0-4d16-abb7-e2cf1ec4c5f4,corridonia,5a-y0v,https://bounce.com/stores/corridonia/5a-y0v,404,2026-10-06
b4cb2bc5-28e6-4c7a-84fb-18ccdd7577c3,corridonia,gbymih,https://bounce.com/stores/corridonia/gbymih,404,2026-10-06
2ef56f75-3c9a-40ba-ac8c-3717e2f8ef97,corridonia,qulqx0,https://bounce.com/stores/corridonia/qulqx0,404,2026-10-06
014fcbe2-0485-44aa-a3c1-59db056c0dfc,corridonia,b-ieqx,https://bounce.com/stores/corridonia/b-ieqx,404,2026-10-06
515df50b-78ed-4c4b-8503-0b5b3668349a,corridonia,swsl6r,https://bounce.com/stores/corridonia/swsl6r,404,2026-10-06
37fb24ba-fad1-468a-9869-5bf155efbef4,riccione,y1pngv,https://bounce.com/stores/riccione/y1pngv,404,2026-10-06
91bb5979-8c3f-4567-a538-8cc7d94fa458,riccione,pj5md6,https://bounce.com/stores/riccione/pj5md6,404,2026-10-06
642bb490-6453-40af-9c31-79b3cb984a55,riccione,j5dcsk,https://bounce.com/stores/riccione/j5dcsk,404,2026-10-06
12a81499-ec43-4090-85f8-e063f13fc2c0,riccione,90z8um,https://bounce.com/stores/riccione/90z8um,404,2026-10-06
d3e51665-adcc-4c75-8c07-bb79e6a94e5b,riccione,llz151,https://bounce.com/stores/riccione/llz151,404,2026-10-06
293aff7d-dc60-41ed-a923-8d2684c68c5c,riccione,0Z-Ucm,https://bounce.com/stores/riccione/0Z-Ucm,404,2026-10-06
9c4df964-17ff-4ccd-8beb-a67ae37f5ada,conegliano,7fgukr,https://bounce.com/stores/conegliano/7fgukr,404,2026-10-06
59fe2464-1722-499a-8c1a-eac9089fd1ad,conegliano,py38sz,https://bounce.com/stores/conegliano/py38sz,404,2026-10-06
c9f351bc-8a6c-430a-a79d-e4fd01b0cacb,conegliano,7pne2e,https://bounce.com/stores/conegliano/7pne2e,404,2026-10-06
003554d1-4268-475a-b69f-ef4e1cea4e6d,conegliano,adbnav,https://bounce.com/stores/conegliano/adbnav,404,2026-10-06
0c4db344-6500-4f43-a4b8-8fd72a361f5e,conegliano,mmc_3g,https://bounce.com/stores/conegliano/mmc_3g,404,2026-10-06
a18e1ede-8bb5-420f-8dc5-8356375f40c7,orvieto,sasrtc,https://bounce.com/stores/orvieto/sasrtc,404,2026-10-06
c8b5f8ec-616d-4a5d-837c-8fa188e09e0d,orvieto,ktqfps,https://bounce.com/stores/orvieto/ktqfps,404,2026-10-06
0bfd5331-c454-4f47-86bc-95fa77ae159a,orvieto,kdqp0k,https://bounce.com/stores/orvieto/kdqp0k,404,2026-10-06
a2f7ce1f-ef4f-4aac-a88f-eb11a423441d,orvieto,qucj-k,https://bounce.com/stores/orvieto/qucj-k,404,2026-10-06
a6dc4704-ae15-47e3-a5ba-9cf362ec07aa,orvieto,epaejn,https://bounce.com/stores/orvieto/epaejn,404,2026-10-06
9a041ccf-4697-4372-9e7e-cf702c9d71f8,iesi,8_hqa6,https://bounce.com/stores/iesi/8_hqa6,404,2026-10-06
fcab4b7d-14bc-411f-a779-573e3e9b1b3d,iesi,ykcoaj,https://bounce.com/stores/iesi/ykcoaj,404,2026-10-06
46bc4ea0-9e8a-40b1-ab71-0ab6c95ad7fe,iesi,m1v_hc,https://bounce.com/stores/iesi/m1v_hc,404,2026-10-06
b9f3428c-09d5-4dab-b049-4271bfb77763,iesi,c8dk_4,https://bounce.com/stores/iesi/c8dk_4,404,2026-10-06
1c1e8643-1f32-42e7-8ee1-9f753b1a5d25,iesi,anp3vb,https://bounce.com/stores/iesi/anp3vb,404,2026-10-06
f30ba733-3d61-47de-9ab3-9f76ab743888,arona,zof4dc,https://bounce.com/stores/arona/zof4dc,404,2026-10-06
2c50abf6-f638-4a8c-ac60-ea2ccb8eed0c,arona,6_ustp,https://bounce.com/stores/arona/6_ustp,404,2026-10-06
8fae5b93-3f5f-41bd-b322-499e355e9b8f,arona,cukzsn,https://bounce.com/stores/arona/cukzsn,404,2026-10-06
952e6cb3-78b2-4778-881c-5f34b5a63a99,arona,kdb-0u,https://bounce.com/stores/arona/kdb-0u,404,2026-10-06
53be935f-10b5-4f6e-9e76-2353b4f191d2,arona,mj7d8b,https://bounce.com/stores/arona/mj7d8b,404,2026-10-06
f2982007-f6c2-475f-9085-b7463c80d06c,cefalu,jUIziP,https://bounce.com/stores/cefalu/jUIziP,200,2026-10-06
23acf197-f2e8-4583-b3c0-e0f51df1a755,cefalu,ANx_Cc,https://bounce.com/stores/cefalu/ANx_Cc,200,2026-10-06
6f14bc12-5c20-4815-b7e3-a60acb00e4e8,cefalu,htjfcd,https://bounce.com/stores/cefalu/htjfcd,200,2026-10-06
cd1add96-0e8a-42ad-96b7-a8d609178dc0,cefalu,j3rhtj,https://bounce.com/stores/cefalu/j3rhtj,200,2026-10-06
16f49749-98f9-4f7d-ae99-ef04a5673591,cefalu,KCNH1W,https://bounce.com/stores/cefalu/KCNH1W,200,2026-10-06
c4101c0a-fd19-4ecd-a1ef-7323ee5d49b5,positano,0HcdGB,https://bounce.com/stores/positano/0HcdGB,200,2026-10-06
792610c0-1d1e-4890-93b8-01c0ec7caad7,positano,1WKoyP,https://bounce.com/stores/positano/1WKoyP,200,2026-10-06
b413d991-de6b-4cc9-b6b7-f4f89de31a30,positano,L2Y6Gp,https://bounce.com/stores/positano/L2Y6Gp,200,2026-10-06
899cab34-49f4-4f31-bfd1-1f1a527d5192,positano,MwUYcS,https://bounce.com/stores/positano/MwUYcS,200,2026-10-06
6e95795f-8689-4f12-ad74-c50d1aa378be,positano,UgY35j,https://bounce.com/stores/positano/UgY35j,200,2026-10-06
ef228c06-5697-4198-9e93-c9ea563e810d,cattolica,kehdnh,https://bounce.com/stores/cattolica/kehdnh,404,2026-10-06
e0a36d88-6564-4440-8b1b-ddcd657e55d0,cattolica,5oskaf,https://bounce.com/stores/cattolica/5oskaf,404,2026-10-06
6db78311-96fc-40b2-a2d9-a42ad83d9f02,cattolica,XriqNU,https://bounce.com/stores/cattolica/XriqNU,404,2026-10-06
f9ba01dc-411b-4fb2-ae92-be4d19171b6c,cattolica,hamdpi,https://bounce.com/stores/cattolica/hamdpi,404,2026-10-06
00b29a4a-78dd-4443-a326-c5febdfb1aad,cattolica,9qbwij,https://bounce.com/stores/cattolica/9qbwij,404,2026-10-06
7dbdc86e-373c-4d83-a63e-96d2b04cbe30,meta,fvkhb2,https://bounce.com/stores/meta/fvkhb2,404,2026-10-06
26cd9d10-8798-4023-917c-1477b4828d71,meta,7uyiq0,https://bounce.com/stores/meta/7uyiq0,404,2026-10-06
9c8d9345-3be7-4f73-ae9a-3059634bd03f,meta,ryh8zn,https://bounce.com/stores/meta/ryh8zn,404,2026-10-06
e84c7842-40e6-4a10-b5eb-c77fd3a244b3,meta,NlhrS3,https://bounce.com/stores/meta/NlhrS3,404,2026-10-06
ebd823a3-633f-4268-a255-34a774c2bd24,meta,dn_oyl,https://bounce.com/stores/meta/dn_oyl,404,2026-10-06
faaafdbf-e111-4f75-90a6-35abb4f60c0b,santa-margherita-ligure,e7l2ek,https://bounce.com/stores/santa-margherita-ligure/e7l2ek,404,2026-10-06
13038c2b-f57e-4a2b-b4e3-7ad7870dc2e2,santa-margherita-ligure,v3jr2f,https://bounce.com/stores/santa-margherita-ligure/v3jr2f,404,2026-10-06
61a3fd03-c96c-4580-a1bb-bc9fa11c9086,santa-margherita-ligure,qXiyes,https://bounce.com/stores/santa-margherita-ligure/qXiyes,200,2026-10-06
8613952e-0862-4db8-8db1-cf8b404667b1,santa-margherita-ligure,4x1kdj,https://bounce.com/stores/santa-margherita-ligure/4x1kdj,404,2026-10-06
e83d829d-77c2-442f-a344-a8cfa1d963a3,santa-margherita-ligure,n-rex4,https://bounce.com/stores/santa-margherita-ligure/n-rex4,200,2026-10-06
384e71b9-65cf-4399-958b-45128e154ab0,vallo-della-lucania,dacd87,https://bounce.com/stores/vallo-della-lucania/dacd87,404,2026-10-06
165fedc9-1ba6-423a-ac3f-8c68b57f347a,vallo-della-lucania,oj5loa,https://bounce.com/stores/vallo-della-lucania/oj5loa,404,2026-10-06
36388c80-cf06-4d7c-ad39-00ff2568fafe,vallo-della-lucania,klddfk,https://bounce.com/stores/vallo-della-lucania/klddfk,404,2026-10-06
bfc34e22-bbf0-4d0d-9b97-1cf986f972fa,vallo-della-lucania,jmhiwj,https://bounce.com/stores/vallo-della-lucania/jmhiwj,404,2026-10-06
5b1f9a43-3f2d-4da9-a471-f5b508ab8765,vallo-della-lucania,foeqnw,https://bounce.com/stores/vallo-della-lucania/foeqnw,404,2026-10-06
ae422d7d-08cb-4a15-8646-924ad6d23ba6,recanati,tag_nq,https://bounce.com/stores/recanati/tag_nq,404,2026-10-06
e6c56fad-4859-4c62-8980-66a80457fd77,recanati,ccfjw9,https://bounce.com/stores/recanati/ccfjw9,404,2026-10-06
47b11cc5-f261-4e19-96ab-af85ee7f2deb,recanati,oks69q,https://bounce.com/stores/recanati/oks69q,404,2026-10-06
d94164d9-2444-4342-a763-39949470f1f8,recanati,diwzkc,https://bounce.com/stores/recanati/diwzkc,404,2026-10-06
822cdf26-e805-413d-a905-bfade8326cde,recanati,juf_fj,https://bounce.com/stores/recanati/juf_fj,404,2026-10-06
6521882b-09a9-430b-8cdf-dc3041cbaeaa,ottaviano,rew0lq,https://bounce.com/stores/ottaviano/rew0lq,404,2026-10-06
3b39ca81-1ee0-4ab6-97fd-1e1b278a2ea4,ottaviano,2uopk1,https://bounce.com/stores/ottaviano/2uopk1,404,2026-10-06
ff575555-ab72-437e-a096-d4fcf2e0bbff,ottaviano,1fizyg,https://bounce.com/stores/ottaviano/1fizyg,404,2026-10-06
28718d79-df82-4085-9710-9b972d637bdf,ottaviano,xxbfbc,https://bounce.com/stores/ottaviano/xxbfbc,404,2026-10-06
c420bdc5-8e48-471e-b681-e57a750e6792,ottaviano,vvn18n,https://bounce.com/stores/ottaviano/vvn18n,404,2026-10-06
54b2ddba-c21b-4799-9c41-33f3851e17d5,cittanova,g4vaqf,https://bounce.com/stores/cittanova/g4vaqf,404,2026-10-06
aa6b455d-ffa8-47af-abbf-db58580b1115,cittanova,rbzus8,https://bounce.com/stores/cittanova/rbzus8,404,2026-10-06
8959a4e8-b312-4996-be00-17ca4aba04a9,cittanova,9aojp6,https://bounce.com/stores/cittanova/9aojp6,404,2026-10-06
3d806675-8f34-4431-ab91-1dddc0afbd27,cittanova,tcathj,https://bounce.com/stores/cittanova/tcathj,404,2026-10-06
071f20fb-c89a-4eb0-b945-049fa31e6f57,cittanova,ibbsh9,https://bounce.com/stores/cittanova/ibbsh9,404,2026-10-06
7fa3cec8-78e4-4b91-90da-41183cd43c04,castellammare-del-golfo,bwddmr,https://bounce.com/stores/castellammare-del-golfo/bwddmr,404,2026-10-06
21d60ce9-4681-426c-9795-74451b9a013e,castellammare-del-golfo,aypmhr,https://bounce.com/stores/castellammare-del-golfo/aypmhr,404,2026-10-06
b018dada-d88e-4512-86ca-0b0bfc3ecdfe,castellammare-del-golfo,nYBgwC,https://bounce.com/stores/castellammare-del-golfo/nYBgwC,404,2026-10-06
857d900a-5145-49e4-9d8b-d425ceccb51f,castellammare-del-golfo,i_li5k,https://bounce.com/stores/castellammare-del-golfo/i_li5k,404,2026-10-06
5f402e5b-e3a0-4d60-8939-7a143bd65a73,castellammare-del-golfo,gxkupv,https://bounce.com/stores/castellammare-del-golfo/gxkupv,404,2026-10-06
f52f9760-1002-47f1-89cc-98e5848c84eb,lipari,wkavdw,https://bounce.com/stores/lipari/wkavdw,404,2026-10-06
281c354a-0f19-4e1f-8b5a-f6b4ce0431da,lipari,oMvFzL,https://bounce.com/stores/lipari/oMvFzL,404,2026-10-06
7d363905-ba47-4022-9e83-643e7c44e704,lipari,su14xi,https://bounce.com/stores/lipari/su14xi,200,2026-10-06
7b6108ff-6cbf-41f4-8ae0-c3b35ec742f0,lipari,prvjog,https://bounce.com/stores/lipari/prvjog,404,2026-10-06
561b61f3-d0fb-4dd3-b8b2-20a7183d71dc,lipari,jgEbIr,https://bounce.com/stores/lipari/jgEbIr,404,2026-10-06
a5d741d1-18bb-49b4-92de-25d80ded2e4a,san-cataldo,vj3pya,https://bounce.com/stores/san-cataldo/vj3pya,404,2026-10-06
ad42f332-385f-46c2-bb04-27412d3f01e2,san-cataldo,rfs-ak,https://bounce.com/stores/san-cataldo/rfs-ak,404,2026-10-06
3ee46a7f-f1ff-448f-a29f-c4837fbba27e,san-cataldo,y5zfyr,https://bounce.com/stores/san-cataldo/y5zfyr,404,2026-10-06
e0eb0999-ef15-42c7-ac92-588e77d0cc01,san-cataldo,ihwhcb,https://bounce.com/stores/san-cataldo/ihwhcb,404,2026-10-06
ffd3598e-3cef-447e-914d-df3218554b4f,san-cataldo,7za3ln,https://bounce.com/stores/san-cataldo/7za3ln,404,2026-10-06
0899db1c-1c8e-4ce5-b9a4-440484bb89af,nicosia-28,uxmuw_,https://bounce.com/stores/nicosia-28/uxmuw_,404,2026-10-06
7e17a997-f157-4db6-8b22-8d6b181045dd,nicosia-28,hcejdn,https://bounce.com/stores/nicosia-28/hcejdn,404,2026-10-06
0d9c6f6b-206d-44ec-a35d-5b1ec25ddf7d,nicosia-28,c16_e8,https://bounce.com/stores/nicosia-28/c16_e8,404,2026-10-06
6b7c291b-ebc3-4317-8f25-a8cd24fdc37f,nicosia-28,ldyiq3,https://bounce.com/stores/nicosia-28/ldyiq3,404,2026-10-06
8ddcd446-4dc3-4cde-a1e5-a73db830bba7,nicosia-28,8qkvqj,https://bounce.com/stores/nicosia-28/8qkvqj,404,2026-10-06
bf808d01-1b77-40ad-a536-c5668455b7d0,vasto,tcirx-,https://bounce.com/stores/vasto/tcirx-,404,2026-10-06
50afe32d-0a74-45c9-9fef-c27fb9488feb,vasto,n-scct,https://bounce.com/stores/vasto/n-scct,404,2026-10-06
ee27e1b6-51f3-48e2-8b84-98ae2b26ae7f,vasto,k7u-zk,https://bounce.com/stores/vasto/k7u-zk,404,2026-10-06
181263c1-56f3-4466-b342-2685a77ad2ca,vasto,ZR9gsw,https://bounce.com/stores/vasto/ZR9gsw,404,2026-10-06
8ff42d32-4e9b-43e5-b44f-4192b752192d,vasto,ndj_oz,https://bounce.com/stores/vasto/ndj_oz,404,2026-10-06
f453b401-0d8b-4bce-b86d-75d28b413c28,buja,gxo5ck,https://bounce.com/stores/buja/gxo5ck,404,2026-10-06
cbeac7a6-4b4c-46a8-85f0-df17c751c79c,buja,ku34hi,https://bounce.com/stores/buja/ku34hi,404,2026-10-06
005e04f6-0eb1-44b7-8779-7232e9653d2a,buja,nfedss,https://bounce.com/stores/buja/nfedss,404,2026-10-06
b571de48-b1a3-41f5-b01b-627d5f4204ed,buja,2xc5ea,https://bounce.com/stores/buja/2xc5ea,404,2026-10-06
e3e561bf-fedf-4613-8b79-fde22283b8c8,buja,4srbi2,https://bounce.com/stores/buja/4srbi2,404,2026-10-06
8238fa65-0ef2-48b4-8e7a-82e29d3dfb28,augusta-9d,qtokjl,https://bounce.com/stores/augusta-9d/qtokjl,404,2026-10-06
41ac9748-728c-4b65-9ba1-4f78d7975a54,augusta-9d,hzcjxg,https://bounce.com/stores/augusta-9d/hzcjxg,404,2026-10-06
7507c089-4f19-46f1-8ac3-1c123ce9bc84,augusta-9d,r6_xrc,https://bounce.com/stores/augusta-9d/r6_xrc,404,2026-10-06
76c508fc-0bea-4072-b59a-9acbb11261b2,augusta-9d,3zalrh,https://bounce.com/stores/augusta-9d/3zalrh,404,2026-10-06
fe3b094d-89da-45ce-b4a1-932a9da244cd,augusta-9d,9-cjaw,https://bounce.com/stores/augusta-9d/9-cjaw,404,2026-10-06
c0889581-93a5-47f0-b99a-b717e0ae5346,montepaone,y-vdqs,https://bounce.com/stores/montepaone/y-vdqs,404,2026-10-06
64bfe49a-a1f8-4268-802d-65df537b3094,montepaone,yzjpo6,https://bounce.com/stores/montepaone/yzjpo6,404,2026-10-06
77f8fba4-6c01-49da-8c6f-c317ee137334,montepaone,jpphxp,https://bounce.com/stores/montepaone/jpphxp,404,2026-10-06
e9597ffc-1f2c-418d-8573-52e114975bb5,montepaone,7mdvz5,https://bounce.com/stores/montepaone/7mdvz5,404,2026-10-06
65cb8764-3d72-48ca-ae73-ba994c0cf279,montepaone,h7atrp,https://bounce.com/stores/montepaone/h7atrp,404,2026-10-06
1589ed2e-c4e5-43d6-9a7d-3522983b3216,castelcovati,reph3c,https://bounce.com/stores/castelcovati/reph3c,404,2026-10-06
203b868f-1852-416f-9387-97ea402a8ec3,castelcovati,7zj_oh,https://bounce.com/stores/castelcovati/7zj_oh,404,2026-10-06
67c0c69b-79b8-4a5a-863a-518b3adf4019,castelcovati,4t8uni,https://bounce.com/stores/castelcovati/4t8uni,404,2026-10-06
fe033b58-c187-4e84-a935-431413fbea69,castelcovati,ja2ovo,https://bounce.com/stores/castelcovati/ja2ovo,404,2026-10-06
ded47da7-4931-407f-b92d-7d1108c76ad5,rovereto,s9n1eb,https://bounce.com/stores/rovereto/s9n1eb,404,2026-10-06
4b3e4d35-445d-4e53-b9fb-9d4abce74d63,rovereto,humvju,https://bounce.com/stores/rovereto/humvju,404,2026-10-06
3ec26359-4516-47df-b55e-b70dabf3be10,rovereto,ysastl,https://bounce.com/stores/rovereto/ysastl,404,2026-10-06
86713287-a3f4-40fb-a58c-971f0b9faa03,rovereto,t_gcwf,https://bounce.com/stores/rovereto/t_gcwf,404,2026-10-06
fc87f075-127d-413d-ac70-a0cf877375ac,oderzo,9y1ewr,https://bounce.com/stores/oderzo/9y1ewr,404,2026-10-06
03d03b96-55e9-4059-97cb-a33e9e59b6af,oderzo,c1wrco,https://bounce.com/stores/oderzo/c1wrco,404,2026-10-06
de1c68ba-d60d-4d01-aa5b-5b15bea49107,oderzo,fhtwci,https://bounce.com/stores/oderzo/fhtwci,404,2026-10-06
6c4b4f9a-2876-412c-af3a-fb9115c3b99d,oderzo,qobo-q,https://bounce.com/stores/oderzo/qobo-q,404,2026-10-06
de4cff84-a610-4a84-9c17-46f6e647c229,borno-it,hz5non,https://bounce.com/stores/borno-it/hz5non,404,2026-10-06
8fb83376-cebb-443e-974d-5a772e146c49,borno-it,wdjg8s,https://bounce.com/stores/borno-it/wdjg8s,404,2026-10-06
864d2191-5b25-41de-9131-ced7a16df2c6,borno-it,guvlmu,https://bounce.com/stores/borno-it/guvlmu,404,2026-10-06
936b9860-d4f5-46f1-a379-b51efa802e4e,borno-it,qbrhb7,https://bounce.com/stores/borno-it/qbrhb7,404,2026-10-06
e5aaf708-3bfc-4049-acac-4ab6ec5ce3c8,montalcino,yzqk3o,https://bounce.com/stores/montalcino/yzqk3o,404,2026-10-06
7f4264f8-25ab-480f-8f71-50715106dba2,montalcino,w2ewlv,https://bounce.com/stores/montalcino/w2ewlv,404,2026-10-06
42cb59bc-773a-42f2-af71-18d014e3db90,montalcino,g6orm1,https://bounce.com/stores/montalcino/g6orm1,404,2026-10-06
c8d52100-37b8-4b81-afd5-19ed9154a44a,montalcino,jbnakx,https://bounce.com/stores/montalcino/jbnakx,404,2026-10-06
5db14b68-f23f-4590-909f-cea6001f19a3,rionero-in-vulture,jeejrg,https://bounce.com/stores/rionero-in-vulture/jeejrg,404,2026-10-06
39b3e983-4466-413b-a5a5-5c55c2ec7c7c,rionero-in-vulture,jdpou3,https://bounce.com/stores/rionero-in-vulture/jdpou3,404,2026-10-06
a2d5542e-b216-4c23-8f1b-9bd4660dcfbe,rionero-in-vulture,bno2sj,https://bounce.com/stores/rionero-in-vulture/bno2sj,404,2026-10-06
f250d9df-4973-4bbc-a373-68c221465628,rionero-in-vulture,c3j--d,https://bounce.com/stores/rionero-in-vulture/c3j--d,404,2026-10-06
3a1b43d7-c03b-4379-af72-e7be3785c130,merano,1jndvi,https://bounce.com/stores/merano/1jndvi,404,2026-10-06
4f879686-3393-4368-92de-60be731a2043,merano,iiidol,https://bounce.com/stores/merano/iiidol,404,2026-10-06
660e1d6d-16ee-4e76-82f9-b00e68c58d13,merano,m0yjuj,https://bounce.com/stores/merano/m0yjuj,404,2026-10-06
45be3c7d-9327-4a30-b7c4-52ab6cf2c168,merano,gz6020,https://bounce.com/stores/merano/gz6020,404,2026-10-06
8f6fe914-5c18-4254-8442-393657411028,mirabella-imbaccari,gu98e5,https://bounce.com/stores/mirabella-imbaccari/gu98e5,404,2026-10-06
cd35c2fa-95fc-4c6c-b70e-f99d69a3683e,mirabella-imbaccari,l_blui,https://bounce.com/stores/mirabella-imbaccari/l_blui,404,2026-10-06
3dcc056c-a496-412e-89a8-3b34d4a0b5ae,mirabella-imbaccari,khuw4m,https://bounce.com/stores/mirabella-imbaccari/khuw4m,404,2026-10-06
3fcb6780-9985-4df7-8180-ba4e9fa46f06,mirabella-imbaccari,unymib,https://bounce.com/stores/mirabella-imbaccari/unymib,404,2026-10-06
42916f23-4bde-41dc-a3f5-c546863583ad,noto,nubabn,https://bounce.com/stores/noto/nubabn,404,2026-10-06
a571fbca-d79b-442a-9541-a0a5eff8cd1a,noto,eecsql,https://bounce.com/stores/noto/eecsql,404,2026-10-06
c03aa3af-2987-4fcc-9e0d-8afc15e72739,noto,1lmwo5,https://bounce.com/stores/noto/1lmwo5,404,2026-10-06
e38a80f2-06b1-4f34-89f4-c681db306995,noto,7mm8wa,https://bounce.com/stores/noto/7mm8wa,404,2026-10-06
5c09d5dc-ae5d-478c-97a1-88cf2a7e1cb6,termoli,bezoos,https://bounce.com/stores/termoli/bezoos,404,2026-10-06
69a3f4c3-c238-48ea-997b-ebc58638db28,termoli,jEENec,https://bounce.com/stores/termoli/jEENec,404,2026-10-06
7594da5e-be1d-49ad-ad8b-746b1b7b1da5,termoli,asiegb,https://bounce.com/stores/termoli/asiegb,404,2026-10-06
117c89d9-8c0c-4bc1-80f3-75ab324f7e61,termoli,uxgjqg,https://bounce.com/stores/termoli/uxgjqg,404,2026-10-06
040f9205-188a-4ccf-8a6b-016ad8adbb7d,madonna-di-campiglio,9vn57f,https://bounce.com/stores/madonna-di-campiglio/9vn57f,404,2026-10-06
1b72e8e0-1a77-4269-a4ba-4e9d80abf4ea,madonna-di-campiglio,x9do6f,https://bounce.com/stores/madonna-di-campiglio/x9do6f,404,2026-10-06
232705f7-ba69-4c26-ac78-12214126bd38,madonna-di-campiglio,gBTcWK,https://bounce.com/stores/madonna-di-campiglio/gBTcWK,404,2026-10-06
1360db71-b871-4b41-b5ff-dee0d22e59b2,madonna-di-campiglio,tpw4sd,https://bounce.com/stores/madonna-di-campiglio/tpw4sd,404,2026-10-06
a366e94d-a744-4cbf-8415-83acafd02c05,marina-di-santa-maria-del-cedro,dpoubx,https://bounce.com/stores/marina-di-santa-maria-del-cedro/dpoubx,404,2026-10-06
fd35fdaf-324d-4736-adc3-8e2302ac9108,marina-di-santa-maria-del-cedro,ihruxq,https://bounce.com/stores/marina-di-santa-maria-del-cedro/ihruxq,404,2026-10-06
34b95ec7-0aff-4325-9824-873395edd580,marina-di-santa-maria-del-cedro,prbzpr,https://bounce.com/stores/marina-di-santa-maria-del-cedro/prbzpr,404,2026-10-06
3827508d-4e83-4893-944a-f14e381883bb,marina-di-santa-maria-del-cedro,l2m8bb,https://bounce.com/stores/marina-di-santa-maria-del-cedro/l2m8bb,404,2026-10-06
da4ef46f-eddc-44e9-8dd8-efd66053fa97,jesolo,p4hfbk,https://bounce.com/stores/jesolo/p4hfbk,404,2026-10-06
7a6cead0-903f-4c48-ba28-7ac470ffd032,jesolo,AEtKmF,https://bounce.com/stores/jesolo/AEtKmF,404,2026-10-06
a3bfff2f-6d59-4e8e-b3f1-5b000f2bc365,jesolo,mpg_fy,https://bounce.com/stores/jesolo/mpg_fy,404,2026-10-06
85f84e01-1950-45c4-9cd7-156b078ba2bd,jesolo,vlsi97,https://bounce.com/stores/jesolo/vlsi97,404,2026-10-06
374b9481-b770-4b44-89b7-443db3206d4b,fano,1x9wpz,https://bounce.com/stores/fano/1x9wpz,404,2026-10-06
7fb30f1d-9160-4343-a05e-f7ae91fa3954,fano,dum24q,https://bounce.com/stores/fano/dum24q,404,2026-10-06
8f6c3300-5763-4241-a256-7466a3a80a31,fano,ehq6kx,https://bounce.com/stores/fano/ehq6kx,404,2026-10-06
b7ddf561-aade-442a-9674-f8989bba4ff4,fano,33ts17,https://bounce.com/stores/fano/33ts17,404,2026-10-06
5e4110e3-802c-4393-b308-a14425a1b1cd,scordia,dhpc-u,https://bounce.com/stores/scordia/dhpc-u,404,2026-10-06
87396c74-32c9-4706-860e-f3e4e4c5e0e6,scordia,saqbe3,https://bounce.com/stores/scordia/saqbe3,404,2026-10-06
57597c0c-f010-4aee-b502-22a51ab3f781,scordia,tbrw3u,https://bounce.com/stores/scordia/tbrw3u,404,2026-10-06
eb0a7ef4-8f94-4b05-91cd-75614b08b035,scordia,asqyrn,https://bounce.com/stores/scordia/asqyrn,404,2026-10-06
55de4965-f0af-4691-8d44-19a55cf7cb3d,quinzano-d'oglio,e8yinq,https://bounce.com/stores/quinzano-d'oglio/e8yinq,404,2026-10-06
a748f750-5bcc-4423-b54e-b1a3796b2cd3,quinzano-d'oglio,_5odzh,https://bounce.com/stores/quinzano-d'oglio/_5odzh,404,2026-10-06
c7cfdc3a-8320-4c3b-a361-dcc719e61832,quinzano-d'oglio,hpfxxj,https://bounce.com/stores/quinzano-d'oglio/hpfxxj,404,2026-10-06
0fc27d74-47ca-4451-88d5-7848e1b2a95a,quinzano-d'oglio,pt9trl,https://bounce.com/stores/quinzano-d'oglio/pt9trl,404,2026-10-06
268b6d48-e5d8-48a9-b883-f02f53f9390c,tropea,r7pJU4,https://bounce.com/stores/tropea/r7pJU4,404,2026-10-06
e458e51f-d10b-42ff-8f5d-a6399f236d43,tropea,-d_n5n,https://bounce.com/stores/tropea/-d_n5n,404,2026-10-06
3d91a53f-e6fc-4cf4-b958-56cb757673b9,tropea,uqiion,https://bounce.com/stores/tropea/uqiion,404,2026-10-06
72fbf769-5792-47e6-b6b8-42c305454e91,tropea,top864,https://bounce.com/stores/tropea/top864,404,2026-10-06
7feaf3bd-72b2-4b1d-89b0-caf3048c29b4,maglie,rb8jes,https://bounce.com/stores/maglie/rb8jes,404,2026-10-06
8dca0e42-2bda-449b-b73a-d82ebdab1e4a,maglie,AHRxbv,https://bounce.com/stores/maglie/AHRxbv,404,2026-10-06
8c8e55af-0620-414b-b4a3-83da7147cbf2,maglie,cm60ff,https://bounce.com/stores/maglie/cm60ff,404,2026-10-06
7a670220-fe90-4cb6-ba84-9cc25f5f3974,maglie,6u_oek,https://bounce.com/stores/maglie/6u_oek,404,2026-10-06
462c961d-68e3-45a4-ad10-211ac20b342b,trebisacce,usmavq,https://bounce.com/stores/trebisacce/usmavq,404,2026-10-06
86803363-8b20-4ebe-88e4-558e39861f40,trebisacce,_pfxrf,https://bounce.com/stores/trebisacce/_pfxrf,404,2026-10-06
ce0b22ed-026f-437b-96cd-b78266e33aec,trebisacce,zqpaka,https://bounce.com/stores/trebisacce/zqpaka,404,2026-10-06
2a8ca059-eba8-400d-8378-6441f17821bc,trebisacce,82TJMo,https://bounce.com/stores/trebisacce/82TJMo,404,2026-10-06
3cb77b5f-68d2-4fa2-9472-7de479cb4b8e,otranto,zmqka8,https://bounce.com/stores/otranto/zmqka8,404,2026-10-06
4a2d1ffc-8651-4b16-8010-d1ed14871fcc,otranto,T73GPA,https://bounce.com/stores/otranto/T73GPA,404,2026-10-06
cd300282-5679-4a7e-ad21-e966a6bff320,otranto,i4Il2m,https://bounce.com/stores/otranto/i4Il2m,404,2026-10-06
ff845ce0-e649-41e5-b5b0-2e9b9ac5c160,otranto,qxhde2,https://bounce.com/stores/otranto/qxhde2,404,2026-10-06
2225e154-c949-4839-b825-7a372974eaa4,sant'agnello,owvwAb,https://bounce.com/stores/sant'agnello/owvwAb,404,2026-10-06
7a18d5b9-9979-45ba-baf3-d6974192580e,sant'agnello,xnmawa,https://bounce.com/stores/sant'agnello/xnmawa,404,2026-10-06
c8512978-208e-40c2-8d6b-cd555c098698,sant'agnello,gw7xao,https://bounce.com/stores/sant'agnello/gw7xao,404,2026-10-06
6425a848-8de2-4537-ab47-4d0cdba71c48,sant'agnello,wh25qz,https://bounce.com/stores/sant'agnello/wh25qz,404,2026-10-06
a61c68e8-8990-47af-a125-99f768865360,grammichele,_nxg4i,https://bounce.com/stores/grammichele/_nxg4i,404,2026-10-06
52f5cc6b-99ee-47ba-90dc-6c0c40f76753,grammichele,yvjtgh,https://bounce.com/stores/grammichele/yvjtgh,404,2026-10-06
a36e95b6-413d-472b-bb63-6413db7cae5e,grammichele,lht5xi,https://bounce.com/stores/grammichele/lht5xi,404,2026-10-06
048be5d6-fc71-4a4b-9248-b30c3d9e57bf,grammichele,mcdmi5,https://bounce.com/stores/grammichele/mcdmi5,404,2026-10-06
1e9dbeaf-b555-4fe8-859b-c356da0c579b,oliena,75-qpu,https://bounce.com/stores/oliena/75-qpu,404,2026-10-06
37b9ca87-eacb-439e-8624-48a9b9cc089a,oliena,zdy0sn,https://bounce.com/stores/oliena/zdy0sn,404,2026-10-06
07fd05ab-a2e3-4512-827e-bd3fb1634d27,oliena,50vlhh,https://bounce.com/stores/oliena/50vlhh,404,2026-10-06
5731012f-6150-4b6c-a365-1ee97f687bfc,oliena,dyx3c1,https://bounce.com/stores/oliena/dyx3c1,404,2026-10-06
8360a384-e99f-4d0c-8d3b-7ca9ce30be59,faenza,3xj2ek,https://bounce.com/stores/faenza/3xj2ek,404,2026-10-06
be2aa668-4e21-462e-a7a9-c5bab44a5165,faenza,pyf09y,https://bounce.com/stores/faenza/pyf09y,404,2026-10-06
7de9a2c3-fe42-454f-bdad-0103fe0f6e52,faenza,ylewhh,https://bounce.com/stores/faenza/ylewhh,404,2026-10-06
85ccde7e-3800-4ffe-b4fd-493c0b1c0cb5,faenza,ieb8oz,https://bounce.com/stores/faenza/ieb8oz,404,2026-10-06
f154a03d-6958-498b-812e-4a7295e9ca2e,sanluri,ghlxpf,https://bounce.com/stores/sanluri/ghlxpf,404,2026-10-06
55940843-3cfa-4935-a504-710950ca2173,sanluri,mcjni_,https://bounce.com/stores/sanluri/mcjni_,404,2026-10-06
7eeda2c3-e451-4514-af80-355a6719a6b1,sanluri,bhlags,https://bounce.com/stores/sanluri/bhlags,404,2026-10-06
3633d66f-4e11-4fa7-b38a-3c614811be3b,sanluri,o6kred,https://bounce.com/stores/sanluri/o6kred,404,2026-10-06
fb9250cb-f184-4544-ad48-450f53d7c485,vezzano-ligure,pbuuv5,https://bounce.com/stores/vezzano-ligure/pbuuv5,404,2026-10-06
f8245b43-bc1c-4615-b1d5-81bcfb2e01d9,vezzano-ligure,mclyx_,https://bounce.com/stores/vezzano-ligure/mclyx_,404,2026-10-06
5357c7ac-730c-4d6f-a1c8-28e647e2ed65,vezzano-ligure,4fai-r,https://bounce.com/stores/vezzano-ligure/4fai-r,404,2026-10-06
b8d1ca74-dc0a-4d58-96e6-05c4e9856ff4,vezzano-ligure,fe7wnp,https://bounce.com/stores/vezzano-ligure/fe7wnp,404,2026-10-06
852a1c69-efeb-498f-a173-3672ffffbc10,matelica,_bkafr,https://bounce.com/stores/matelica/_bkafr,404,2026-10-06
2931e77e-9f89-4fb2-af97-976fff8bffda,matelica,3eutvq,https://bounce.com/stores/matelica/3eutvq,404,2026-10-06
b0f27776-9f4f-4b95-ac08-905e544cd0ba,matelica,-6enrm,https://bounce.com/stores/matelica/-6enrm,404,2026-10-06
8020f699-6fdf-458a-ab41-484e49b51fa9,matelica,8vbt9z,https://bounce.com/stores/matelica/8vbt9z,404,2026-10-06
a2a4318f-dc39-495c-8ba8-9c124d779c52,acqui-terme,jsexud,https://bounce.com/stores/acqui-terme/jsexud,404,2026-10-06
e4d53621-0345-4732-921b-4b13dd940163,acqui-terme,n6emok,https://bounce.com/stores/acqui-terme/n6emok,404,2026-10-06
e366576b-ef44-4abb-a060-4683553519fa,acqui-terme,knzqh_,https://bounce.com/stores/acqui-terme/knzqh_,404,2026-10-06
17c50be0-b7cf-42da-b8bb-85ac9aa1c0dd,acqui-terme,ccrbjz,https://bounce.com/stores/acqui-terme/ccrbjz,404,2026-10-06
01a48e18-3d1b-460a-8197-ff1dad577000,porto-empedocle,xs2vlm,https://bounce.com/stores/porto-empedocle/xs2vlm,404,2026-10-06
aa4819c8-364a-4437-84a4-ed1df3591470,porto-empedocle,wsgaxw,https://bounce.com/stores/porto-empedocle/wsgaxw,404,2026-10-06
bb5cdbf9-fe60-497c-97bd-05b111d1423e,porto-empedocle,oeuptd,https://bounce.com/stores/porto-empedocle/oeuptd,404,2026-10-06
a7ca9fe3-6357-473c-9f36-dda8ad6db669,porto-empedocle,pszzrc,https://bounce.com/stores/porto-empedocle/pszzrc,404,2026-10-06
4968df92-0508-4357-aded-f5ecaf60c135,alatri,lsfong,https://bounce.com/stores/alatri/lsfong,404,2026-10-06
2bc06c60-b000-416f-9bd7-2b23603d6c30,alatri,dazkzn,https://bounce.com/stores/alatri/dazkzn,404,2026-10-06
27777e15-1466-4458-b0db-bedfb14cf48d,alatri,kzz1mc,https://bounce.com/stores/alatri/kzz1mc,404,2026-10-06
aad14903-47ba-46ed-893a-e74eb4c75db1,spoleto,zp167r,https://bounce.com/stores/spoleto/zp167r,404,2026-10-06
ad8b5e9a-625c-4815-9787-0a52a80af372,spoleto,wkglju,https://bounce.com/stores/spoleto/wkglju,404,2026-10-06
b8feaea0-d83f-40d9-b6bf-07b6d2a5dc69,spoleto,zgxa7i,https://bounce.com/stores/spoleto/zgxa7i,404,2026-10-06
2a1e7184-03e3-41c1-b6f8-bc92d23f9065,nicorvo,oteou_,https://bounce.com/stores/nicorvo/oteou_,404,2026-10-06
25a10b2e-2196-4ee6-bdbd-6fa6e13828b3,nicorvo,tgcf6t,https://bounce.com/stores/nicorvo/tgcf6t,404,2026-10-06
31d9eddc-06b6-48d3-8ab8-45e3548a21d2,nicorvo,edfafg,https://bounce.com/stores/nicorvo/edfafg,404,2026-10-06
3d418df1-fcaa-49e8-b54e-69825517148b,courmayeur,kstqwf,https://bounce.com/stores/courmayeur/kstqwf,404,2026-10-06
5e659da9-e17d-4e20-bc43-2233ee107062,courmayeur,trWkLK,https://bounce.com/stores/courmayeur/trWkLK,404,2026-10-06
d32620ff-45ec-41aa-98c0-0d231386d1e3,courmayeur,oSMXSc,https://bounce.com/stores/courmayeur/oSMXSc,404,2026-10-06
87a36846-b8e6-480f-9e59-e7128b680bd4,ribera,0r0n9h,https://bounce.com/stores/ribera/0r0n9h,404,2026-10-06
223ec1df-7f59-4199-ad03-53d23835fc69,ribera,jmqmtf,https://bounce.com/stores/ribera/jmqmtf,404,2026-10-06
68ccc96d-a19f-4783-9f0c-10c0a4ea1edb,ribera,lxrzek,https://bounce.com/stores/ribera/lxrzek,404,2026-10-06
7775dc5d-5cc8-4292-861b-523313f2f780,termini-imerese,mx-4jj,https://bounce.com/stores/termini-imerese/mx-4jj,404,2026-10-06
a1ce30b5-13a8-4d75-b37f-e57c25213012,termini-imerese,cvxyvh,https://bounce.com/stores/termini-imerese/cvxyvh,404,2026-10-06
38225209-6667-48a8-ac70-ff7a97e768d6,termini-imerese,7szt5y,https://bounce.com/stores/termini-imerese/7szt5y,404,2026-10-06
2a0e0f0d-9a1e-489a-b295-8022a17ea468,irgoli,-vdghc,https://bounce.com/stores/irgoli/-vdghc,404,2026-10-06
52138c4b-1982-4448-ac9f-fe651f716e0c,irgoli,svxxtf,https://bounce.com/stores/irgoli/svxxtf,404,2026-10-06
b1342464-27eb-45c2-b853-52e4b4ad4dad,irgoli,78df_u,https://bounce.com/stores/irgoli/78df_u,404,2026-10-06
1c5111e8-a5c5-4956-b48e-584e37ceceb5,tolve,fvdkbk,https://bounce.com/stores/tolve/fvdkbk,404,2026-10-06
ea7c57c6-d43b-42df-b7af-35dd71af9cab,tolve,9iq68v,https://bounce.com/stores/tolve/9iq68v,404,2026-10-06
2c55989d-ecf8-4a6b-975c-57b934f52f3c,tolve,nkyfbd,https://bounce.com/stores/tolve/nkyfbd,404,2026-10-06
b3ece02d-9dcc-4d9a-b9e0-ad7264249660,gaggio-montano,u-4gws,https://bounce.com/stores/gaggio-montano/u-4gws,404,2026-10-06
a8c2e500-2377-4905-857b-55e4443d96ad,gaggio-montano,qcimx9,https://bounce.com/stores/gaggio-montano/qcimx9,404,2026-10-06
a47a83d9-cba0-4af0-8e0c-30f4c8617a1d,gaggio-montano,omcp0m,https://bounce.com/stores/gaggio-montano/omcp0m,404,2026-10-06
1a6589c8-6bb4-462a-b155-4b186cccd646,san-severo,dwouzw,https://bounce.com/stores/san-severo/dwouzw,404,2026-10-06
21cd043e-1076-49e9-8f98-cbe4a617ee08,san-severo,clzloh,https://bounce.com/stores/san-severo/clzloh,404,2026-10-06
72466dcd-34ea-415b-8d1d-33bbb872a889,san-severo,lm1i2b,https://bounce.com/stores/san-severo/lm1i2b,404,2026-10-06
47a9c2df-aa33-4180-84e0-84c0c68f7c4c,favignana,xbrsy5,https://bounce.com/stores/favignana/xbrsy5,404,2026-10-06
78f67dd6-7942-4ce5-85d6-25ba8a3f608a,favignana,fhi2ih,https://bounce.com/stores/favignana/fhi2ih,404,2026-10-06
f9106efd-da29-4a46-bcc2-93278279052d,favignana,jvzjia,https://bounce.com/stores/favignana/jvzjia,404,2026-10-06
8a2dc86c-aedc-4357-be30-b65fe9e82195,santa-maria-di-castellabate,31wgmw,https://bounce.com/stores/santa-maria-di-castellabate/31wgmw,404,2026-10-06
76a0a1de-2943-40f1-879d-ac03ed36a4ee,santa-maria-di-castellabate,hve2au,https://bounce.com/stores/santa-maria-di-castellabate/hve2au,404,2026-10-06
f10ee076-4fc0-4dc7-a473-a1371a6ca0b0,santa-maria-di-castellabate,3tblxq,https://bounce.com/stores/santa-maria-di-castellabate/3tblxq,404,2026-10-06
53fc2b62-f82d-4563-82cd-8422bcac1417,canelli,0szcqc,https://bounce.com/stores/canelli/0szcqc,404,2026-10-06
cb9b7d7b-9a1b-4cab-a479-82b2f79ca092,canelli,lpbnog,https://bounce.com/stores/canelli/lpbnog,404,2026-10-06
f1afcc3c-62bb-4f3b-b3d0-50a37025eb73,canelli,rztuog,https://bounce.com/stores/canelli/rztuog,404,2026-10-06
e046a821-48e3-4788-8877-53e11a40df0c,monasterace-marina,mrirnh,https://bounce.com/stores/monasterace-marina/mrirnh,404,2026-10-06
8b090ce3-382f-49b7-a1cb-73adca7251f9,monasterace-marina,eblcq8,https://bounce.com/stores/monasterace-marina/eblcq8,404,2026-10-06
93290195-94af-49a0-b202-e728c1c0d311,monasterace-marina,1bil9k,https://bounce.com/stores/monasterace-marina/1bil9k,404,2026-10-06
564de0a6-f96e-4311-868c-3f2bf664f72f,ramacca,0itmyf,https://bounce.com/stores/ramacca/0itmyf,404,2026-10-06
269ad0e0-c626-4aad-8348-0823bf6ddd4d,ramacca,6lv2yg,https://bounce.com/stores/ramacca/6lv2yg,404,2026-10-06
1c316b3b-965c-4e87-8438-7e2c2d56eb7b,ramacca,jbzlym,https://bounce.com/stores/ramacca/jbzlym,404,2026-10-06
dab66ba5-7a90-40bb-815b-f8b511ae7b13,licata,affj-x,https://bounce.com/stores/licata/affj-x,404,2026-10-06
07fd7d9e-467f-4a13-915e-b556327a449e,licata,tjxhza,https://bounce.com/stores/licata/tjxhza,404,2026-10-06
a2d3c710-03ca-4a70-a4ad-70e9d2d5afd4,licata,9b9bgx,https://bounce.com/stores/licata/9b9bgx,404,2026-10-06
356cb615-42d2-4ddd-a995-8b38698b95a4,lioni,ai207h,https://bounce.com/stores/lioni/ai207h,404,2026-10-06
77db2c16-85fb-44be-b7f8-6ae01fafaf4e,lioni,ujtswg,https://bounce.com/stores/lioni/ujtswg,404,2026-10-06
2a8a992e-a20b-4e95-b3e7-abd194c10b46,lioni,y-mdkr,https://bounce.com/stores/lioni/y-mdkr,404,2026-10-06
ae7dd35b-ad8e-4f85-af92-46fd1fe20485,ischia-di-castro,x9mu-y,https://bounce.com/stores/ischia-di-castro/x9mu-y,404,2026-10-06
0e6a9aaa-bada-4863-8686-a8688b2ca297,ischia-di-castro,j_kwti,https://bounce.com/stores/ischia-di-castro/j_kwti,404,2026-10-06
39d0878a-0d0e-48d0-944d-b12709d61071,ischia-di-castro,odo_zg,https://bounce.com/stores/ischia-di-castro/odo_zg,404,2026-10-06
12e7be03-cfb1-4cac-a922-511b1fce6641,palau,qtyst0,https://bounce.com/stores/palau/qtyst0,404,2026-10-06
dcddecdf-336b-4af2-b1d8-ce7b5bba24e0,palau,tbF7Oy,https://bounce.com/stores/palau/tbF7Oy,404,2026-10-06
f1fb4e9e-7bde-44a2-8a87-2f279e50cba7,palau,0thy2h,https://bounce.com/stores/palau/0thy2h,404,2026-10-06
c45c5b35-4413-4c64-8459-8da907363bd6,giardini-naxos,hy1uba,https://bounce.com/stores/giardini-naxos/hy1uba,404,2026-10-06
d7ea01a5-8864-49a5-9d90-a5d4e93d479f,giardini-naxos,gGR2_u,https://bounce.com/stores/giardini-naxos/gGR2_u,404,2026-10-06
9e058e55-262a-4df2-bfde-25689d047d37,giardini-naxos,V8cHnW,https://bounce.com/stores/giardini-naxos/V8cHnW,404,2026-10-06
ef44ba6f-1b56-4588-9e1f-652511465f7f,lauria,ah6xz5,https://bounce.com/stores/lauria/ah6xz5,404,2026-10-06
e089e9d0-b5af-4174-b2fb-451ba91e1f3e,lauria,se1zhn,https://bounce.com/stores/lauria/se1zhn,404,2026-10-06
f4c500dd-f23a-45c7-9dae-d611ccbd2c6d,lauria,ns5rqp,https://bounce.com/stores/lauria/ns5rqp,404,2026-10-06
30842fd1-76aa-4ce7-856c-01405d2b49af,sirmione,oq7i-y,https://bounce.com/stores/sirmione/oq7i-y,404,2026-10-06
a5b8e1f3-1f13-46c4-9a36-756b8e4268a2,sirmione,fmjazj,https://bounce.com/stores/sirmione/fmjazj,404,2026-10-06
731434e5-d924-457f-9970-1c8d16fb9c4e,sirmione,XSprdq,https://bounce.com/stores/sirmione/XSprdq,404,2026-10-06
a7a195ba-f530-4c6f-8b14-248d994c39e2,ventimiglia,8xds1d,https://bounce.com/stores/ventimiglia/8xds1d,404,2026-10-06
5d5664e8-c614-4629-836a-592c103e6a23,ventimiglia,fmz7hc,https://bounce.com/stores/ventimiglia/fmz7hc,404,2026-10-06
27aed5a5-32b1-4bec-add2-df23597f5ce8,ventimiglia,qwl3db,https://bounce.com/stores/ventimiglia/qwl3db,404,2026-10-06
3c760465-647b-4b9f-b099-8939835b25d6,misano-adriatico,hcwras,https://bounce.com/stores/misano-adriatico/hcwras,404,2026-10-06
0f8f44c5-a475-44e3-a0e2-f2f9dad8eb6f,misano-adriatico,s_1qpb,https://bounce.com/stores/misano-adriatico/s_1qpb,404,2026-10-06
46587c8b-9b55-4b8b-bbae-c8624b346ea4,misano-adriatico,dczale,https://bounce.com/stores/misano-adriatico/dczale,404,2026-10-06
e05383dd-26f9-47d6-aefb-a183afeb5724,tronca,x1rixo,https://bounce.com/stores/tronca/x1rixo,404,2026-10-06
ae6d04dc-4a7f-4c57-b1d6-09228077a314,tronca,_pvkyn,https://bounce.com/stores/tronca/_pvkyn,404,2026-10-06
e8ff6502-1a51-46b1-9947-e81e8ef15ca3,tronca,j_1zev,https://bounce.com/stores/tronca/j_1zev,404,2026-10-06
d90c474d-f42e-4d92-825a-2e727f459377,rutigliano,-oyg_v,https://bounce.com/stores/rutigliano/-oyg_v,404,2026-10-06
5b814038-6bd2-410b-a36b-f4dbcdd056d7,rutigliano,hhjdhs,https://bounce.com/stores/rutigliano/hhjdhs,404,2026-10-06
fe1ca7b3-9d1d-4db3-ad0e-cf939cfc66eb,rutigliano,ytu_ir,https://bounce.com/stores/rutigliano/ytu_ir,404,2026-10-06
ce1b7e44-7d65-46d6-b6e0-676b960496bd,vobarno,k2btfd,https://bounce.com/stores/vobarno/k2btfd,404,2026-10-06
a5f0aa19-7f92-4126-945f-d89e6837c1cc,vobarno,dxhiar,https://bounce.com/stores/vobarno/dxhiar,404,2026-10-06
2f8bca4c-7a4c-489e-9f86-eb3765e386cc,vobarno,xdxfzg,https://bounce.com/stores/vobarno/xdxfzg,404,2026-10-06
4a3109f9-9fbe-4ed9-b958-b33cdc23b81c,corleone,wudsm1,https://bounce.com/stores/corleone/wudsm1,404,2026-10-06
ae6e9ed9-e5ac-445b-9b34-b34b78f45ba1,corleone,ypinl9,https://bounce.com/stores/corleone/ypinl9,404,2026-10-06
d93ea022-a68a-4138-bc08-8ce090a4ebb8,corleone,5nscwx,https://bounce.com/stores/corleone/5nscwx,404,2026-10-06
671252e9-5d71-4650-bf62-fb1ee5cb57ce,bordighera,3qifea,https://bounce.com/stores/bordighera/3qifea,404,2026-10-06
4c653055-ea26-4656-b5da-20d9bd599d08,bordighera,swjood,https://bounce.com/stores/bordighera/swjood,404,2026-10-06
8ffa6849-6553-4b75-926b-01bd4992d471,bordighera,aowtmg,https://bounce.com/stores/bordighera/aowtmg,404,2026-10-06
2238a95d-3ed9-4d6b-928c-45c9490aa667,san-giovanni-rotondo,_PtpFu,https://bounce.com/stores/san-giovanni-rotondo/_PtpFu,404,2026-10-06
e42cfcc7-43e5-43af-8af5-71b4e832071b,san-giovanni-rotondo,zm4wve,https://bounce.com/stores/san-giovanni-rotondo/zm4wve,404,2026-10-06
1f10316d-b1bd-407e-819b-e1e6bbdfbd20,san-giovanni-rotondo,kdd2ky,https://bounce.com/stores/san-giovanni-rotondo/kdd2ky,404,2026-10-06
570c5eb0-96cc-4dfe-8df6-7c75fe70f2c7,procida,i59qnc,https://bounce.com/stores/procida/i59qnc,404,2026-10-06
a504a06b-9d60-4d31-962e-0b8f5c665ea9,procida,6cgsye,https://bounce.com/stores/procida/6cgsye,404,2026-10-06
ebd620f9-b12d-4650-8076-cbca4d4a48ad,procida,tqgjiv,https://bounce.com/stores/procida/tqgjiv,404,2026-10-06
c079d20f-a189-49a1-b977-6452155f8c7f,massa-lubrense,r0cvqa,https://bounce.com/stores/massa-lubrense/r0cvqa,404,2026-10-06
3f00dd34-d287-4924-b3a8-35bb375d4aa0,massa-lubrense,yy6-Xw,https://bounce.com/stores/massa-lubrense/yy6-Xw,404,2026-10-06
e65a3490-9a6e-49ab-afd8-ea06776c9919,massa-lubrense,cbjv2j,https://bounce.com/stores/massa-lubrense/cbjv2j,404,2026-10-06
d4368db0-aad3-4b66-b423-e5026f88180a,forio,c5xdsz,https://bounce.com/stores/forio/c5xdsz,404,2026-10-06
a6bd31fa-fd14-4520-b1e4-77b9be0d24b4,forio,-ozzxk,https://bounce.com/stores/forio/-ozzxk,404,2026-10-06
8f0d7240-8dac-48a4-8fa3-b1216921328e,forio,hj1fw-,https://bounce.com/stores/forio/hj1fw-,404,2026-10-06
d907ae9a-7def-4366-944e-7e17ed8bbe1e,capri,8zpvfk,https://bounce.com/stores/capri/8zpvfk,404,2026-10-06
476248e0-d45a-49b3-b4cf-e49f070b0b0c,capri,H5EZ4S,https://bounce.com/stores/capri/H5EZ4S,200,2026-10-06
71e5f6ca-a7af-4f54-b867-b1fcb06d77fd,capri,hbrhrr,https://bounce.com/stores/capri/hbrhrr,404,2026-10-06
42837a69-a00f-45f6-8705-b533462f8719,peschiera-del-garda,5rtpvm,https://bounce.com/stores/peschiera-del-garda/5rtpvm,404,2026-10-06
d29bc58b-8551-4596-bcd0-00dad959cd40,peschiera-del-garda,f-blwk,https://bounce.com/stores/peschiera-del-garda/f-blwk,404,2026-10-06
5f01ec0f-4231-414a-9610-25f8d05f39a6,peschiera-del-garda,atf8wv,https://bounce.com/stores/peschiera-del-garda/atf8wv,404,2026-10-06
7d7005ed-9f4a-42ee-a17d-23478ffeb576,isola-di-salina,mlgwuq,https://bounce.com/stores/isola-di-salina/mlgwuq,404,2026-10-06
d0429dcf-f6f6-454d-9ac6-2eb9c6aadf8a,isola-di-salina,onv1ni,https://bounce.com/stores/isola-di-salina/onv1ni,404,2026-10-06
78da9f19-a14a-4376-b93b-043380d2d20e,isola-di-salina,_ipqpg,https://bounce.com/stores/isola-di-salina/_ipqpg,404,2026-10-06
8538a352-930d-4373-ab33-80bc2c075204,fasano,xnnttv,https://bounce.com/stores/fasano/xnnttv,404,2026-10-06
2ff615bb-22ba-4030-be37-26897e786cc0,fasano,d-yv5i,https://bounce.com/stores/fasano/d-yv5i,404,2026-10-06
c193f15c-3219-4e67-bc36-deec5953fbd3,fasano,fJQIWV,https://bounce.com/stores/fasano/fJQIWV,404,2026-10-06
00af0ddd-3cbb-466f-8012-34fc45f5ed9d,ivrea,jd0qxv,https://bounce.com/stores/ivrea/jd0qxv,404,2026-10-06
2e88d0b6-b85a-40ac-9482-3e2ed883c1cf,ivrea,zdwrcv,https://bounce.com/stores/ivrea/zdwrcv,404,2026-10-06
60dfc471-d33e-4778-9839-eee84dbbe498,ivrea,ghe7wi,https://bounce.com/stores/ivrea/ghe7wi,404,2026-10-06
f1c31195-a70e-4845-b5aa-35a8985d3021,mantua-d6,9affy9,https://bounce.com/stores/mantua-d6/9affy9,404,2026-10-06
2873b14d-b4ac-4ddf-9ac5-58e641b92345,mantua-d6,o1smh7,https://bounce.com/stores/mantua-d6/o1smh7,404,2026-10-06
c704da6b-c7bb-42b0-8cab-222c22fa18e1,mantua-d6,8mrgrc,https://bounce.com/stores/mantua-d6/8mrgrc,404,2026-10-06
6497cebc-0e3d-4802-8df0-fd456713f3ae,iglesias,hcfz4b,https://bounce.com/stores/iglesias/hcfz4b,404,2026-10-06
4aebde77-5945-4b1d-adf2-283f3fda8b65,iglesias,_bouct,https://bounce.com/stores/iglesias/_bouct,404,2026-10-06
5d5d54d4-233c-4bf5-aec3-98748dd6e64b,iglesias,hyxd_d,https://bounce.com/stores/iglesias/hyxd_d,404,2026-10-06
b88aea40-6693-47b3-955c-26234250370d,celano,wfqq2a,https://bounce.com/stores/celano/wfqq2a,404,2026-10-06
d496a430-6780-4c7c-bd07-e08528660ed4,celano,mdj8-i,https://bounce.com/stores/celano/mdj8-i,404,2026-10-06
f4f266ff-dc73-494e-8872-01d2efad75be,celano,zjtwo4,https://bounce.com/stores/celano/zjtwo4,404,2026-10-06
fd0d4e1e-679f-45e2-9ca0-b11c04cd9939,corinaldo,3huyl8,https://bounce.com/stores/corinaldo/3huyl8,404,2026-10-06
cc46583f-ce4d-47a2-9a86-9138a1f2211f,corinaldo,glhxdj,https://bounce.com/stores/corinaldo/glhxdj,404,2026-10-06
82a550c5-1e2d-47e0-9e07-91d9efb43295,corinaldo,v79oop,https://bounce.com/stores/corinaldo/v79oop,404,2026-10-06
6712ebfc-1d45-451a-a893-589c65853ec8,montespertoli,oiakpf,https://bounce.com/stores/montespertoli/oiakpf,404,2026-10-06
c1efc659-940e-4ef5-8d67-28d8162fd069,montespertoli,z6w2wk,https://bounce.com/stores/montespertoli/z6w2wk,404,2026-10-06
92038c69-2949-471a-abe4-6e253ea40563,montespertoli,wfl5ou,https://bounce.com/stores/montespertoli/wfl5ou,404,2026-10-06
686c587b-7e98-4698-91a8-35fc268f1c1e,belmonte-calabro,bugo6f,https://bounce.com/stores/belmonte-calabro/bugo6f,404,2026-10-06
7574263d-e002-48ca-b52b-26b959e44824,belmonte-calabro,cmxnvs,https://bounce.com/stores/belmonte-calabro/cmxnvs,404,2026-10-06
86287d23-bae0-4678-9104-f9b8a0f0c906,belmonte-calabro,_0lqq5,https://bounce.com/stores/belmonte-calabro/_0lqq5,404,2026-10-06
e373935d-2562-4009-90f6-9a490eb5a925,castelvetrano,bbu-03,https://bounce.com/stores/castelvetrano/bbu-03,404,2026-10-06
6d39521f-4e17-401e-b20b-93bb21b10318,castelvetrano,a5czfk,https://bounce.com/stores/castelvetrano/a5czfk,404,2026-10-06
0034553a-8e9a-42a8-9d7f-af91f92478db,castelvetrano,fsesfq,https://bounce.com/stores/castelvetrano/fsesfq,404,2026-10-06
e01b9895-f5be-46db-8a54-993de91cbd4a,riva-del-garda,jct7yk,https://bounce.com/stores/riva-del-garda/jct7yk,404,2026-10-06
ca7adb2a-17bc-4fd4-bd80-02fca9878d54,riva-del-garda,IskRlx,https://bounce.com/stores/riva-del-garda/IskRlx,200,2026-10-06
81b3a3fd-7d36-40d1-be93-62e2102637e9,riva-del-garda,nsioxu,https://bounce.com/stores/riva-del-garda/nsioxu,404,2026-10-06
46941eca-062a-400c-9946-fd99b68cca08,palmi,wdngbz,https://bounce.com/stores/palmi/wdngbz,404,2026-10-06
bf043fbc-a910-4efb-9c8d-9e90dd56a3d8,palmi,o2cnod,https://bounce.com/stores/palmi/o2cnod,404,2026-10-06
d8a01d49-f851-4005-89c1-368aad300144,palmi,liodje,https://bounce.com/stores/palmi/liodje,404,2026-10-06
f6d516a1-7a5a-4830-b5e9-96c420a204a1,laino-castello,vzxcyr,https://bounce.com/stores/laino-castello/vzxcyr,404,2026-10-06
4c5b33de-d9df-447f-a6bb-819e6736cc50,laino-castello,vq5y_6,https://bounce.com/stores/laino-castello/vq5y_6,404,2026-10-06
70bc9a89-8406-4dd6-8614-2390c720d1ce,laino-castello,mrr1ux,https://bounce.com/stores/laino-castello/mrr1ux,404,2026-10-06
c2d761e3-adec-42ef-85b1-de028bd1a7da,fossano,qju3tw,https://bounce.com/stores/fossano/qju3tw,404,2026-10-06
2bb302e2-cc11-4537-a9be-41feb0ca0918,fossano,-zsbju,https://bounce.com/stores/fossano/-zsbju,404,2026-10-06
8e24536b-9006-4f03-bd5a-58ce5ea81497,fossano,arjd2u,https://bounce.com/stores/fossano/arjd2u,404,2026-10-06
d6a5776a-825a-4232-9206-52f39a03d9f5,portopalo-di-capo-passero,gizmwl,https://bounce.com/stores/portopalo-di-capo-passero/gizmwl,404,2026-10-06
ca722669-c705-4940-bbf5-cbf16cb3da79,portopalo-di-capo-passero,spm0-t,https://bounce.com/stores/portopalo-di-capo-passero/spm0-t,404,2026-10-06
a213c7f4-54f1-4e1b-b0cd-c98174fa0570,portopalo-di-capo-passero,5znud8,https://bounce.com/stores/portopalo-di-capo-passero/5znud8,404,2026-10-06
04aed4f4-dc36-4f5f-93dc-dbe7ff20d49b,gagliano-del-capo,5p6int,https://bounce.com/stores/gagliano-del-capo/5p6int,404,2026-10-06
a439d99f-b058-4750-b061-e7ff42cf82dd,gagliano-del-capo,zmswxu,https://bounce.com/stores/gagliano-del-capo/zmswxu,404,2026-10-06
a4fdbec6-e353-48a0-b80f-f8ab6d967649,gagliano-del-capo,jnoyf4,https://bounce.com/stores/gagliano-del-capo/jnoyf4,404,2026-10-06
5d961db9-c694-4cb8-8363-fde00370b2e8,ilbono,t3zc4c,https://bounce.com/stores/ilbono/t3zc4c,404,2026-10-06
f152424b-d25a-47a6-bc62-109122b177ea,ilbono,4plsuw,https://bounce.com/stores/ilbono/4plsuw,404,2026-10-06
cf20ec0a-5ad0-41c8-bce3-0ad09e3142be,ilbono,8hdxyh,https://bounce.com/stores/ilbono/8hdxyh,404,2026-10-06
66783509-fcb5-4c96-adfc-da253627693e,chiusi,9w4efa,https://bounce.com/stores/chiusi/9w4efa,404,2026-10-06
28df5397-18fc-45a5-84bd-cd1e9cf12fcc,chiusi,ohw9kq,https://bounce.com/stores/chiusi/ohw9kq,404,2026-10-06
411e10cb-4f13-4038-9157-80f9675ab272,chiusi,9obitf,https://bounce.com/stores/chiusi/9obitf,404,2026-10-06
6f81057e-fd09-4929-a0f4-99c7959ba9e5,santantioco,vmkrsp,https://bounce.com/stores/santantioco/vmkrsp,404,2026-10-06
44889751-4700-495b-906a-5c0bb021e8a4,santantioco,vlnzom,https://bounce.com/stores/santantioco/vlnzom,404,2026-10-06
7b025d91-f4ae-478d-b009-fe4a081ec36b,santantioco,iosshd,https://bounce.com/stores/santantioco/iosshd,404,2026-10-06
146e3cff-ab1f-43f2-b0f4-e280696bdc88,montalbano-jonico,4i_7fj,https://bounce.com/stores/montalbano-jonico/4i_7fj,404,2026-10-06
5e61cb29-13b8-4157-b73d-cd026e1391bd,montalbano-jonico,_t8e7y,https://bounce.com/stores/montalbano-jonico/_t8e7y,404,2026-10-06
a8dc31c9-d8e6-43fa-989c-b6b46a839794,montalbano-jonico,uj5344,https://bounce.com/stores/montalbano-jonico/uj5344,404,2026-10-06
d5b34fd9-da3f-4f24-99ae-334a475cca7a,san-giorgio-a-cremano,klxm3j,https://bounce.com/stores/san-giorgio-a-cremano/klxm3j,404,2026-10-06
45bbe5e0-e714-4c49-8121-0db6f512335b,san-giorgio-a-cremano,l7jfp8,https://bounce.com/stores/san-giorgio-a-cremano/l7jfp8,404,2026-10-06
abe60add-4752-4e6a-901b-f9daf061f051,domodossola,61qm6x,https://bounce.com/stores/domodossola/61qm6x,404,2026-10-06
48fab8ba-570a-4efe-8c8a-34265965a889,domodossola,mynr8j,https://bounce.com/stores/domodossola/mynr8j,404,2026-10-06
cec6e2a9-21b1-499a-b68b-04b0992136c6,telese-terme,clytc-,https://bounce.com/stores/telese-terme/clytc-,404,2026-10-06
2664cd45-6141-4daa-8f18-48cfc27313ab,telese-terme,4qdfmo,https://bounce.com/stores/telese-terme/4qdfmo,404,2026-10-06
1d0bbe4f-760b-4a61-9d58-5b3e6cb7868c,roccapalumba,chwcjx,https://bounce.com/stores/roccapalumba/chwcjx,404,2026-10-06
6ff5b507-493d-4879-ac4e-66cf3cad6428,roccapalumba,crbkje,https://bounce.com/stores/roccapalumba/crbkje,404,2026-10-06
cfc9c877-2f00-4aa2-ab98-bdced46b4e0d,roccadaspide,2ddyze,https://bounce.com/stores/roccadaspide/2ddyze,404,2026-10-06
83e0a041-92a4-43e0-bc50-c55a9aa9bd9c,roccadaspide,lwcrkg,https://bounce.com/stores/roccadaspide/lwcrkg,404,2026-10-06
fc516d82-6a06-4d11-ac7f-bd39954b2dc5,ortona,z5d-4-,https://bounce.com/stores/ortona/z5d-4-,404,2026-10-06
7f1e1f4e-b5af-4fc7-b6e5-84fab6fb3e66,ortona,wl56by,https://bounce.com/stores/ortona/wl56by,404,2026-10-06
862f3234-92dd-42ab-93e1-de5a55927278,tolmezzo,223qyv,https://bounce.com/stores/tolmezzo/223qyv,404,2026-10-06
0b67e41a-c444-4e65-bcdd-fa1ad8528e99,tolmezzo,m6aihr,https://bounce.com/stores/tolmezzo/m6aihr,404,2026-10-06
f07d672c-d693-4a4a-919c-71e4a4af2813,gubbio,nj6rdv,https://bounce.com/stores/gubbio/nj6rdv,404,2026-10-06
e662afe3-13c5-46c0-98ec-15b244a0ef05,gubbio,uwcipj,https://bounce.com/stores/gubbio/uwcipj,404,2026-10-06
7d8b5cc6-0b85-4b7e-af14-1671f30ed867,castiglione-del-lago,srqllc,https://bounce.com/stores/castiglione-del-lago/srqllc,404,2026-10-06
c0cc8e55-cfa9-4f29-9248-f1522f2d14c5,castiglione-del-lago,zwVOX7,https://bounce.com/stores/castiglione-del-lago/zwVOX7,404,2026-10-06
95605170-885d-42c3-bc8f-e65276721912,casalbore,tw5zkb,https://bounce.com/stores/casalbore/tw5zkb,404,2026-10-06
75c3193b-14b5-4618-acfd-dd123548dd22,casalbore,4h7xrj,https://bounce.com/stores/casalbore/4h7xrj,404,2026-10-06
941f3103-6f81-43db-8a30-dcaa399aa3be,san-giovanni-gemini,7cihay,https://bounce.com/stores/san-giovanni-gemini/7cihay,404,2026-10-06
db224c86-82aa-4834-b714-23b9e8a2093a,san-giovanni-gemini,50luns,https://bounce.com/stores/san-giovanni-gemini/50luns,404,2026-10-06
e8a1d840-5e96-419a-9ff7-7e542cdd410b,villaurbana,mo5uij,https://bounce.com/stores/villaurbana/mo5uij,404,2026-10-06
f134183d-5263-4e09-9520-8d9e613f06c1,villaurbana,aue9wo,https://bounce.com/stores/villaurbana/aue9wo,404,2026-10-06
0c364295-6bf4-489c-ad6a-0cdfa97e7a51,roccaspinalveti,mrrb7y,https://bounce.com/stores/roccaspinalveti/mrrb7y,404,2026-10-06
8415b513-76cc-462f-b534-2910e77e8f05,roccaspinalveti,6pndzj,https://bounce.com/stores/roccaspinalveti/6pndzj,404,2026-10-06
60c76938-e70e-4cfb-8d5c-c76236a4ba56,alviano,aollcd,https://bounce.com/stores/alviano/aollcd,404,2026-10-06
79acc5eb-362b-4742-96b9-160afaac3e93,alviano,df0upu,https://bounce.com/stores/alviano/df0upu,404,2026-10-06
7765d904-e2e4-40e1-b121-8ff034c2c0cf,spilimbergo,0znkmr,https://bounce.com/stores/spilimbergo/0znkmr,404,2026-10-06
baaaf591-41a0-419c-b28a-d4e944ee8fcb,spilimbergo,xa0ts0,https://bounce.com/stores/spilimbergo/xa0ts0,404,2026-10-06
174df54d-5883-4647-99fa-ea2966b89fb4,prata-sannita,yfzcte,https://bounce.com/stores/prata-sannita/yfzcte,404,2026-10-06
9f96a150-04b6-4aae-9644-a855ca2bfc4b,prata-sannita,olc0vd,https://bounce.com/stores/prata-sannita/olc0vd,404,2026-10-06
b74e5073-5dbf-418a-b9f2-ed4392477f84,umbertide,1jlmyj,https://bounce.com/stores/umbertide/1jlmyj,404,2026-10-06
2ff28c3c-c026-464f-85ba-d0790562940d,umbertide,ec3sd8,https://bounce.com/stores/umbertide/ec3sd8,404,2026-10-06
90416c1a-0713-4935-ac08-06ea758c2a91,riomaggiore,itqbwd,https://bounce.com/stores/riomaggiore/itqbwd,200,2026-10-06
816c4009-b369-44ad-b8fe-17565039ffd2,riomaggiore,ePyo04,https://bounce.com/stores/riomaggiore/ePyo04,200,2026-10-06
a347ddf9-715c-4529-b8b1-53bc9b4560ce,dogliani,rp6p75,https://bounce.com/stores/dogliani/rp6p75,404,2026-10-06
15548c75-8436-41f3-a22d-3127b01d58fe,dogliani,x_usxp,https://bounce.com/stores/dogliani/x_usxp,404,2026-10-06
36a4ba55-d68d-4abc-bf0b-92705efad031,san-lucido,3syeod,https://bounce.com/stores/san-lucido/3syeod,404,2026-10-06
8e3a9140-fb49-473e-8045-116a64c3ad49,san-lucido,rq3y1i,https://bounce.com/stores/san-lucido/rq3y1i,404,2026-10-06
06acde6e-883d-4843-b20b-9a2c3b167ae5,monterosso,Kftzuj,https://bounce.com/stores/monterosso/Kftzuj,200,2026-10-06
11b0c305-5d4b-4ab3-91d6-893605885d4b,monterosso,k4cfgv,https://bounce.com/stores/monterosso/k4cfgv,404,2026-10-06
c63b3569-1c1e-4752-a78d-112b9beab57c,urbania,qje1lo,https://bounce.com/stores/urbania/qje1lo,404,2026-10-06
53381a56-cf22-491d-9c8e-2c63f0dad0e2,urbania,oqf_zw,https://bounce.com/stores/urbania/oqf_zw,404,2026-10-06
264d433e-9239-4817-ab9a-f2978bc9c97e,pascione-quattro-strade,-4a72b,https://bounce.com/stores/pascione-quattro-strade/-4a72b,404,2026-10-06
2b41fb48-20c8-42fd-bcf7-b6768b072724,pascione-quattro-strade,tgrnfj,https://bounce.com/stores/pascione-quattro-strade/tgrnfj,404,2026-10-06
93bffad1-01bf-4ca9-9862-d12c50ecfcd4,scaletta-zanclea,hleicn,https://bounce.com/stores/scaletta-zanclea/hleicn,404,2026-10-06
d1e90c8a-659f-4dbe-b02b-3b1323400759,scaletta-zanclea,eofb0u,https://bounce.com/stores/scaletta-zanclea/eofb0u,404,2026-10-06
03d0ae5f-252c-4940-8a03-4303573f6789,levanto,DQ5b0D,https://bounce.com/stores/levanto/DQ5b0D,404,2026-10-06
b6da3afd-dffe-4512-80aa-60677e3cdddf,levanto,ubefpo,https://bounce.com/stores/levanto/ubefpo,404,2026-10-06
643a879c-4971-4a53-8a67-24b8f714ee75,nuraminis,zgpw_5,https://bounce.com/stores/nuraminis/zgpw_5,404,2026-10-06
a2614269-c636-4642-ac1e-0e5e456eb011,nuraminis,pkbcvs,https://bounce.com/stores/nuraminis/pkbcvs,404,2026-10-06
d7a7a8d3-2bfc-4cdd-ada0-566411a5b952,ghemme,pqtiww,https://bounce.com/stores/ghemme/pqtiww,404,2026-10-06
3b43f310-74b8-4f24-a87d-3fd5c9283627,ghemme,viuagd,https://bounce.com/stores/ghemme/viuagd,404,2026-10-06
88f097a2-9601-4d6e-9cce-3f754c09f338,lodi-75,wusdvu,https://bounce.com/stores/lodi-75/wusdvu,404,2026-10-06
66a1bcd8-219e-476a-aeef-354abdc95459,lodi-75,__ngam,https://bounce.com/stores/lodi-75/__ngam,404,2026-10-06
696ef327-4749-4217-a995-69dea19561da,torchiarolo,u5aqdk,https://bounce.com/stores/torchiarolo/u5aqdk,404,2026-10-06
5a391b28-3768-4579-a202-34c1a79f2db5,torchiarolo,ntm8iw,https://bounce.com/stores/torchiarolo/ntm8iw,404,2026-10-06
3790b7b8-84b3-42e3-9fe5-a2618210cd40,monzuno,fez2fh,https://bounce.com/stores/monzuno/fez2fh,404,2026-10-06
ff97cd8d-1f7e-40ce-97ca-df82c851315a,monzuno,qsxbqs,https://bounce.com/stores/monzuno/qsxbqs,404,2026-10-06
9958b737-3a42-4704-8b60-f8542b35c183,cecina,p6vdzt,https://bounce.com/stores/cecina/p6vdzt,404,2026-10-06
227dc534-c687-40a5-bd38-ab9d2dbc0ab3,cecina,v_id6g,https://bounce.com/stores/cecina/v_id6g,404,2026-10-06
7c48cd82-cccd-4682-b417-023c6d435116,castel-madama,k0qqfw,https://bounce.com/stores/castel-madama/k0qqfw,404,2026-10-06
57eff331-2a92-4af9-880a-f9783d33d0e6,castel-madama,_eB10c,https://bounce.com/stores/castel-madama/_eB10c,404,2026-10-06
fc3328c1-eef1-4583-8fb2-7b1f5374ac96,bruneck,uhsfgr,https://bounce.com/stores/bruneck/uhsfgr,404,2026-10-06
2dd70e11-2e1f-45f1-b130-79a55b1757e3,bruneck,k7opvi,https://bounce.com/stores/bruneck/k7opvi,404,2026-10-06
a739e085-a209-451e-b590-5f027c9ae908,villacidro,cpmcc8,https://bounce.com/stores/villacidro/cpmcc8,404,2026-10-06
ba3fff52-a5ed-4b06-85e5-7ed2a6ceed15,villacidro,7fv5np,https://bounce.com/stores/villacidro/7fv5np,404,2026-10-06
663efba4-81fe-49c6-9df4-80170834cebf,monte-san-savino,jjg80v,https://bounce.com/stores/monte-san-savino/jjg80v,404,2026-10-06
667037da-6774-444c-ab17-caeb9917fae3,monte-san-savino,6uteyi,https://bounce.com/stores/monte-san-savino/6uteyi,404,2026-10-06
45847787-c443-46d4-8e91-9b8605ced7a8,melito-di-porto-salvo,j9y2c7,https://bounce.com/stores/melito-di-porto-salvo/j9y2c7,404,2026-10-06
33fbb96c-6d49-4c0f-895a-df0570a6f0b5,melito-di-porto-salvo,fu0gkd,https://bounce.com/stores/melito-di-porto-salvo/fu0gkd,404,2026-10-06
201b72bc-5988-4045-8144-7cb65fce9faa,prizzi,wdlpax,https://bounce.com/stores/prizzi/wdlpax,404,2026-10-06
bdbd030e-e612-4aaf-8153-6eb513138257,prizzi,eujln_,https://bounce.com/stores/prizzi/eujln_,404,2026-10-06
bf2c05e9-db42-4c52-b870-c747e43bf945,quistello,8rnuhh,https://bounce.com/stores/quistello/8rnuhh,404,2026-10-06
190b8806-a7d3-47dc-ac61-2b583cbdc720,quistello,myxwft,https://bounce.com/stores/quistello/myxwft,404,2026-10-06
1d6f52a6-ff64-42ab-a9d5-9656458a33fb,vulcano-porto,xibylq,https://bounce.com/stores/vulcano-porto/xibylq,404,2026-10-06
b139e3e3-b250-4a3d-85d4-86be47f0e68f,vulcano-porto,7upekb,https://bounce.com/stores/vulcano-porto/7upekb,404,2026-10-06
aad5596e-a64c-4493-aa14-561c405e62c8,isola-di-capo-rizzuto,b_4rlh,https://bounce.com/stores/isola-di-capo-rizzuto/b_4rlh,404,2026-10-06
aa1f1bc6-73e3-4654-b4e9-c04e4c963da4,isola-di-capo-rizzuto,ck4nxv,https://bounce.com/stores/isola-di-capo-rizzuto/ck4nxv,404,2026-10-06
6a1e9bb4-d795-435e-8284-35d59156feee,piove-di-sacco,4iud39,https://bounce.com/stores/piove-di-sacco/4iud39,404,2026-10-06
a4dc121e-fc58-4147-a516-b377da3b0fba,piove-di-sacco,12nvnf,https://bounce.com/stores/piove-di-sacco/12nvnf,404,2026-10-06
3c017350-3df0-4769-88ac-b8524d94b782,carlentini,qiaktf,https://bounce.com/stores/carlentini/qiaktf,404,2026-10-06
26e1dc93-d811-4695-9951-d9a89189d697,carlentini,aphdct,https://bounce.com/stores/carlentini/aphdct,404,2026-10-06
d69e845d-c603-41ac-aca6-777746a5fe30,chiavari,lscrjd,https://bounce.com/stores/chiavari/lscrjd,404,2026-10-06
fd7e9af7-af3b-4054-a6b4-669b80bc8472,chiavari,qld-jd,https://bounce.com/stores/chiavari/qld-jd,404,2026-10-06
63187074-6cea-4ac6-9be3-6b6490cac284,rodi-garganico,ew3jbj,https://bounce.com/stores/rodi-garganico/ew3jbj,404,2026-10-06
5bedc4bc-b77e-4c2f-9257-e51bd798a41c,rodi-garganico,tx8ty3,https://bounce.com/stores/rodi-garganico/tx8ty3,404,2026-10-06
280b44a3-fc84-400b-9d6c-3dc77b6d1079,bellagio,onkjdb,https://bounce.com/stores/bellagio/onkjdb,200,2026-10-06
5f67fce7-40b9-4458-aa65-c0ffe4ea1c24,bellagio,a0f9_7,https://bounce.com/stores/bellagio/a0f9_7,404,2026-10-06
4514d149-cb0f-4932-a36a-b99ced3aa53e,santa-caterina-di-valfurva,bkb2kj,https://bounce.com/stores/santa-caterina-di-valfurva/bkb2kj,404,2026-10-06
9a6f1434-65dc-4bda-b2fa-200f3965ae6a,santa-caterina-di-valfurva,_Cs3WO,https://bounce.com/stores/santa-caterina-di-valfurva/_Cs3WO,404,2026-10-06
c7e4ab5f-fdc5-4fa3-8c0e-852fb46799b3,finale-ligure,l1dzxj,https://bounce.com/stores/finale-ligure/l1dzxj,404,2026-10-06
ba0895b3-9cd5-41d6-8bb5-5ed580ceebc7,finale-ligure,g5oa3r,https://bounce.com/stores/finale-ligure/g5oa3r,200,2026-10-06
7c8ca408-55ed-4863-b993-6f7509ffdf01,torino,8mvbo5,https://bounce.com/stores/torino/8mvbo5,404,2026-10-06
9064c3c0-c2da-4ba4-b60f-fa110ea1c741,torino,xwvkgy,https://bounce.com/stores/torino/xwvkgy,404,2026-10-06
5ecd231d-fd42-4f8c-a4e5-89756d949f2b,san-vincenzo,z75vpt,https://bounce.com/stores/san-vincenzo/z75vpt,404,2026-10-06
81eac2ff-2c00-4f79-bbf6-221407dd5a65,san-vincenzo,4c2tn1,https://bounce.com/stores/san-vincenzo/4c2tn1,404,2026-10-06
65bae7dc-7fa4-49e9-98f3-441082050d2e,sciacca,gbmbg0,https://bounce.com/stores/sciacca/gbmbg0,404,2026-10-06
eeec032f-e42c-4408-a8e1-de1bcfe08c31,sciacca,o2zaeg,https://bounce.com/stores/sciacca/o2zaeg,404,2026-10-06
c9f322df-a4ce-48fb-a986-a140fab3277f,niscemi,cadu7y,https://bounce.com/stores/niscemi/cadu7y,404,2026-10-06
14f406f6-17ce-439b-8b5f-347ddfb7aac8,niscemi,izcwgv,https://bounce.com/stores/niscemi/izcwgv,404,2026-10-06
334138e8-779e-4939-bc0e-b88ac6f46fdc,stromboli,qnex13,https://bounce.com/stores/stromboli/qnex13,404,2026-10-06
0b4611a7-f522-4c00-b133-b512cd393ba1,stromboli,heutce,https://bounce.com/stores/stromboli/heutce,404,2026-10-06
a0610266-cd6f-48fd-bf52-a53d614a4509,linosa,xzonow,https://bounce.com/stores/linosa/xzonow,404,2026-10-06
5f7a2bdb-0d77-4f77-a349-5a8e75c2b0f5,linosa,_8_hie,https://bounce.com/stores/linosa/_8_hie,404,2026-10-06
ee652037-263a-4a71-af8a-97ae40259713,camogli,fkrliy,https://bounce.com/stores/camogli/fkrliy,404,2026-10-06
0d1856d7-3c6a-4522-aebb-7e16ab00abec,camogli,oysfq4,https://bounce.com/stores/camogli/oysfq4,200,2026-10-06
a7fc0646-c5a0-4957-8a95-b9d1c90a2448,maiori,7Oyl2j,https://bounce.com/stores/maiori/7Oyl2j,404,2026-10-06
16f5aba1-9839-4beb-a40c-6ad2cfc41fc2,maiori,BAqk9M,https://bounce.com/stores/maiori/BAqk9M,404,2026-10-06
36790a3a-05a8-4233-8ca9-8cd2cf2e0edb,alba,d2fq2_,https://bounce.com/stores/alba/d2fq2_,404,2026-10-06
06c94604-ca64-4b49-b772-63bc0f6f0267,alba,cvwayt,https://bounce.com/stores/alba/cvwayt,404,2026-10-06
5c5af310-df38-4b73-b30e-15ad0ce6907a,godiasco,xot6rk,https://bounce.com/stores/godiasco/xot6rk,404,2026-10-06
644902e9-af6a-46fd-aca4-d57209052041,godiasco,bsex6r,https://bounce.com/stores/godiasco/bsex6r,404,2026-10-06
b7a948c4-8cce-440d-ada2-b9951b62fbcf,gela,h8b1w5,https://bounce.com/stores/gela/h8b1w5,404,2026-10-06
aa2b4dfa-0f73-4a6d-9429-c5d2a0ffaffd,gela,xlmtek,https://bounce.com/stores/gela/xlmtek,404,2026-10-06
672b0f0c-9d7e-4b12-aa0d-c33216fb3c20,selva-di-cadore,e9vysk,https://bounce.com/stores/selva-di-cadore/e9vysk,404,2026-10-06
83f9d647-6038-467f-af54-c7c0a49790ef,selva-di-cadore,pnq_2n,https://bounce.com/stores/selva-di-cadore/pnq_2n,404,2026-10-06
e77634f5-e5e8-4c70-940e-7b8a929beb9e,cles,wwg9ws,https://bounce.com/stores/cles/wwg9ws,404,2026-10-06
e97a5e79-b87e-45ea-8017-992e8543ae26,cles,swqcje,https://bounce.com/stores/cles/swqcje,404,2026-10-06
91cfb87e-a5c2-4120-8274-f2c5341abc24,pieve-di-cento,qspwwu,https://bounce.com/stores/pieve-di-cento/qspwwu,404,2026-10-06
2156f98c-4d24-4636-898e-8f3c47254c97,pieve-di-cento,6gh1cs,https://bounce.com/stores/pieve-di-cento/6gh1cs,404,2026-10-06
ef27956e-060b-4dc1-b82a-cc468272be10,santa-margherita-di-belice,in9tar,https://bounce.com/stores/santa-margherita-di-belice/in9tar,404,2026-10-06
e1befccc-5ea6-4488-9272-c295964f0f23,santa-margherita-di-belice,nh0o87,https://bounce.com/stores/santa-margherita-di-belice/nh0o87,404,2026-10-06
a1ac2967-ac95-4324-98fd-c43a585724a5,san-nicola-arcella,ddoht9,https://bounce.com/stores/san-nicola-arcella/ddoht9,404,2026-10-06
77ef2cdd-9bce-41fa-9dbc-9a737f36aa7c,san-nicola-arcella,0pwd3i,https://bounce.com/stores/san-nicola-arcella/0pwd3i,404,2026-10-06
a1d71147-2f89-4ae7-8ad9-a085dbd131f1,grado,p_jn60,https://bounce.com/stores/grado/p_jn60,200,2026-10-06
7069f4c0-6996-4c4a-a47a-327e24598747,grado,6uybw9,https://bounce.com/stores/grado/6uybw9,404,2026-10-06
1b3c07e6-2545-4075-9307-f1e3b6dff79d,poviglio,egego7,https://bounce.com/stores/poviglio/egego7,404,2026-10-06
0e73ba20-afd2-411d-b4de-59589d5fe06b,poviglio,np7kpx,https://bounce.com/stores/poviglio/np7kpx,404,2026-10-06
22dcd755-3ae8-43a9-a098-77e3465e4653,atripalda,ejgqhv,https://bounce.com/stores/atripalda/ejgqhv,404,2026-10-06
a4ea99d0-22bc-4623-9dbf-10845a4274d4,atripalda,wizpcu,https://bounce.com/stores/atripalda/wizpcu,404,2026-10-06
3450aa42-1d50-47b6-97de-e83ca9004d37,broni,lkkpav,https://bounce.com/stores/broni/lkkpav,404,2026-10-06
cde215a5-d55e-4ccc-ab3c-eb95726cdd5e,broni,vgipiv,https://bounce.com/stores/broni/vgipiv,404,2026-10-06
e6975478-8f70-40cd-982e-fbbac3e6b6d9,montalto-di-castro,yesk-p,https://bounce.com/stores/montalto-di-castro/yesk-p,404,2026-10-06
d4a7b553-3f9d-4cc1-bfb6-b045040cc42a,montalto-di-castro,js2w-p,https://bounce.com/stores/montalto-di-castro/js2w-p,404,2026-10-06
5e59d86d-a684-4999-b140-f60aaded1ad2,spezzano-albanese,hk5evu,https://bounce.com/stores/spezzano-albanese/hk5evu,404,2026-10-06
1ae75d7b-0cff-4d58-b386-6f86851bef53,spezzano-albanese,nmi7ql,https://bounce.com/stores/spezzano-albanese/nmi7ql,404,2026-10-06
4d29496b-2f4d-4ae6-8af5-a912b59aff01,mottafollone,a_ysct,https://bounce.com/stores/mottafollone/a_ysct,404,2026-10-06
b55b54bc-69e3-4404-bbbe-86a19aeaa093,mottafollone,an4aku,https://bounce.com/stores/mottafollone/an4aku,404,2026-10-06
c41939ef-25f6-4920-9d10-5d3b26617924,ronciglione,bdskuy,https://bounce.com/stores/ronciglione/bdskuy,404,2026-10-06
2f0d6bee-6651-47eb-81d3-8a9d48ab98b3,ronciglione,jhr9ti,https://bounce.com/stores/ronciglione/jhr9ti,404,2026-10-06
d76afa85-29c0-4d10-91ab-4d2783fa0895,monte-argentario,it5aln,https://bounce.com/stores/monte-argentario/it5aln,404,2026-10-06
ace5b5e9-ab9f-4f15-99ee-b51fd7bf795f,monte-argentario,4naoex,https://bounce.com/stores/monte-argentario/4naoex,404,2026-10-06
d5bc4dfa-37a8-4bee-acbb-72d498d95826,castelnovo-ne'-monti,thzcv9,https://bounce.com/stores/castelnovo-ne'-monti/thzcv9,404,2026-10-06
a5864732-48d5-469d-98aa-3810e2971c5d,castelnovo-ne'-monti,buctkv,https://bounce.com/stores/castelnovo-ne'-monti/buctkv,404,2026-10-06
667a3f53-2b87-430b-8522-af96f0e5ed58,pantelleria,8unvf1,https://bounce.com/stores/pantelleria/8unvf1,404,2026-10-06
de1d1ddc-d7c0-4a8c-acb6-bdcd5412e4c8,pantelleria,fzth53,https://bounce.com/stores/pantelleria/fzth53,404,2026-10-06
132f3e7d-7a4f-4ee3-85e9-02bacc9f0a89,amantea,hx6ak5,https://bounce.com/stores/amantea/hx6ak5,404,2026-10-06
65f623b4-1d93-49b2-beb0-793dd57d82dd,aprilia,289s6k,https://bounce.com/stores/aprilia/289s6k,404,2026-10-06
aa8ce282-8b87-4152-bfb4-57dc6baf9e15,torre-suda-le-it,itdikr,https://bounce.com/stores/torre-suda-le-it/itdikr,404,2026-10-06
0c4adda1-e5d6-44ce-bc35-eb149ba864d9,castellana-grotte-bari-it,colrcb,https://bounce.com/stores/castellana-grotte-bari-it/colrcb,404,2026-10-06
bcd51451-f5b5-49c0-a4fc-80d0be69194e,gliaca-me-it,khwafs,https://bounce.com/stores/gliaca-me-it/khwafs,404,2026-10-06
73d2a752-ce02-4d81-a2c4-f4a2d01bfe35,cicagna-it,q43qki,https://bounce.com/stores/cicagna-it/q43qki,404,2026-10-06
f0da88f1-cade-4c6f-aa5a-bd36bb9d143c,triggiano-ba-it,sh3g6n,https://bounce.com/stores/triggiano-ba-it/sh3g6n,404,2026-10-06
aaaa52f3-d7e1-4a15-b71f-ff7f925b43b3,letojanni-me-it,mm9uwb,https://bounce.com/stores/letojanni-me-it/mm9uwb,404,2026-10-06
ebe512fb-09fb-4de5-89cb-81293a186b2e,pula-ca-it,rlvoq7,https://bounce.com/stores/pula-ca-it/rlvoq7,404,2026-10-06
4bf8eb0d-9608-4f47-ac31-6099ef2cb386,simeri-crichi,7sxtix,https://bounce.com/stores/simeri-crichi/7sxtix,404,2026-10-06
e1af485f-ea2b-43ad-ab5e-e36d3b6a9e8f,gardone-val-trompia,80atup,https://bounce.com/stores/gardone-val-trompia/80atup,404,2026-10-06
66ebc096-78be-46d8-8531-29e9fb18953d,noale-ve-italy,ydoq2u,https://bounce.com/stores/noale-ve-italy/ydoq2u,404,2026-10-06
78253c8d-2701-437e-b571-e070f6599b70,sestri-levante,uhhiql,https://bounce.com/stores/sestri-levante/uhhiql,404,2026-10-06
8471ce5d-8973-4b31-be05-7bc0e595c859,sant'apollinare,ikranw,https://bounce.com/stores/sant'apollinare/ikranw,404,2026-10-06
1d940cd0-fd19-433d-85f5-4af34f9e889e,guarcino,i1bsou,https://bounce.com/stores/guarcino/i1bsou,404,2026-10-06
84338bb1-5d9f-4336-ad39-5c8eab4b7926,siderno,qnxt98,https://bounce.com/stores/siderno/qnxt98,404,2026-10-06
f748e2f7-6de7-40c7-b147-502df6ec1812,santa-maria-degli-angeli-pg-it,lxxjb7,https://bounce.com/stores/santa-maria-degli-angeli-pg-it/lxxjb7,404,2026-10-06
9d0da725-fa2f-4b4d-a40c-81e05539c2c5,isola-della-scala-vr-it,agfqhh,https://bounce.com/stores/isola-della-scala-vr-it/agfqhh,404,2026-10-06
a97b1022-5728-447e-82c8-258275a99350,nocera-superiore,mkb2so,https://bounce.com/stores/nocera-superiore/mkb2so,404,2026-10-06
1b80d4a2-e9b4-4213-aa94-09fe7bff9212,ariano-irpino,gh6oz4,https://bounce.com/stores/ariano-irpino/gh6oz4,404,2026-10-06
380fdd58-bffa-402d-99e0-d09df21b0c38,valderice-tp-it,_wvjhk,https://bounce.com/stores/valderice-tp-it/_wvjhk,404,2026-10-06
1fe4f7e7-753a-4827-baca-6f23dc324e59,bolgheri,-tklgq,https://bounce.com/stores/bolgheri/-tklgq,404,2026-10-06
78610961-e855-4ff0-9748-75d155f43adc,esine,i_kpzq,https://bounce.com/stores/esine/i_kpzq,404,2026-10-06
06ae2f29-6afc-49f0-943e-da1eecc56e40,mangone,mwfnyy,https://bounce.com/stores/mangone/mwfnyy,404,2026-10-06
33cc240c-f055-4d62-bc78-1f843ccd2a5e,grassano,buflhy,https://bounce.com/stores/grassano/buflhy,404,2026-10-06
b4d9fd9b-d94b-4754-a78a-75d50883ffc7,alba-adriatica,xuvdri,https://bounce.com/stores/alba-adriatica/xuvdri,404,2026-10-06
ecc2b4a8-4499-4ca5-a066-4c5dbf70b88c,auer,oulsgz,https://bounce.com/stores/auer/oulsgz,404,2026-10-06
5b9411b7-078c-4ef9-b0f1-ffe626ebb697,barisciano,2m3ifv,https://bounce.com/stores/barisciano/2m3ifv,404,2026-10-06
4b2950c9-1276-4341-ad96-05c7f0d0fd37,maggiora,8bkv2v,https://bounce.com/stores/maggiora/8bkv2v,404,2026-10-06
60a33462-233f-4682-abf6-88d3f9baa3f2,caorle-it,pctr05,https://bounce.com/stores/caorle-it/pctr05,404,2026-10-06
5e259752-210d-4cfa-8911-f951a9739abe,arce,w6hbdr,https://bounce.com/stores/arce/w6hbdr,404,2026-10-06
af250050-4c61-4cff-8e06-1fcfddf87de7,bovalino,vo2we8,https://bounce.com/stores/bovalino/vo2we8,404,2026-10-06
9f4a8e66-3325-4c4c-a939-85f32064a741,pofi,qo-bje,https://bounce.com/stores/pofi/qo-bje,404,2026-10-06
1ea8e3ed-cda6-4fc8-ae38-e41ae88d1cff,magenta,4l1ovd,https://bounce.com/stores/magenta/4l1ovd,404,2026-10-06
0558d7f7-9db0-4d22-bef6-1edd2dcb6ffa,sassuolo,tdmmpf,https://bounce.com/stores/sassuolo/tdmmpf,404,2026-10-06
780e2406-cd43-4a9e-96d9-0a0685a54f4c,siniscola,-j3vxo,https://bounce.com/stores/siniscola/-j3vxo,404,2026-10-06
07db6072-878b-4b4c-9bbf-76d0e32efdd9,voghera,b4uc5k,https://bounce.com/stores/voghera/b4uc5k,404,2026-10-06
5c87ab0d-9904-4873-9273-11d038034249,castel-volturno,-rzfgl,https://bounce.com/stores/castel-volturno/-rzfgl,404,2026-10-06
935d4b9a-9241-4594-88e5-eae7688f5b1b,santadi,efrwtb,https://bounce.com/stores/santadi/efrwtb,404,2026-10-06
3499b19c-fba9-4982-8a58-cf0a15c86765,vieste,dbk550,https://bounce.com/stores/vieste/dbk550,404,2026-10-06
7beb88c6-1611-4b0c-b894-8707e6073e7e,stilo,rs8qez,https://bounce.com/stores/stilo/rs8qez,404,2026-10-06
5b795ecd-7991-4e86-a161-1b173cc6bd20,castrovillari,mpurat,https://bounce.com/stores/castrovillari/mpurat,404,2026-10-06
2d01f3d0-ae85-4b6e-9e0d-5de653f91b06,segrate-mi-it,oeyp4a,https://bounce.com/stores/segrate-mi-it/oeyp4a,404,2026-10-06
19a6ba58-ae6b-4db4-9230-e157d0cba020,agropoli,kmx-bn,https://bounce.com/stores/agropoli/kmx-bn,404,2026-10-06
02dd30b2-19e3-484f-89fc-cf593bb397a7,motta-visconti,nbkgqp,https://bounce.com/stores/motta-visconti/nbkgqp,404,2026-10-06
b6865ce1-7780-4ade-914b-7058b4b7fcdc,dorno,avtwss,https://bounce.com/stores/dorno/avtwss,404,2026-10-06
b8482dcd-dd68-496d-8aa8-26b6bf3642e8,poppi,lau4ap,https://bounce.com/stores/poppi/lau4ap,404,2026-10-06
de31f1d2-552d-476e-a3ae-f419bbec883a,pontinia,8tzhi9,https://bounce.com/stores/pontinia/8tzhi9,404,2026-10-06
83b08693-7ce8-48cb-992e-ccfe696cab96,pavullo-nel-frignano,wamand,https://bounce.com/stores/pavullo-nel-frignano/wamand,404,2026-10-06
43080134-acf9-4159-a794-2fdf26b3548a,tronzano-vercellese,tf0tcx,https://bounce.com/stores/tronzano-vercellese/tf0tcx,404,2026-10-06
acbe1d06-3f37-4406-a411-507c9ec8fb60,lauro,id5cby,https://bounce.com/stores/lauro/id5cby,404,2026-10-06
800e8c65-d17b-4dd4-b68d-00ecfb812bfa,salandra,p6odeh,https://bounce.com/stores/salandra/p6odeh,404,2026-10-06
e765b684-a456-4ef8-be3b-f1bd1ec5241d,follonica,-nfcyy,https://bounce.com/stores/follonica/-nfcyy,404,2026-10-06
fc64bfde-587e-4e87-83cf-af4bc8f3898d,ortucchio,7x4bnp,https://bounce.com/stores/ortucchio/7x4bnp,404,2026-10-06
a1e34f6e-ba2b-4ddb-bf2d-efdf2cb8f8bb,san-felice-circeo,iaawgc,https://bounce.com/stores/san-felice-circeo/iaawgc,404,2026-10-06
6aeb6acd-8da0-4876-8936-d35a4b49c5b8,marina-di-camerota,l36dw4,https://bounce.com/stores/marina-di-camerota/l36dw4,404,2026-10-06
5bd07f89-9709-4bb0-a0c9-2272cf8458da,antey-saint-andre-it,yilduy,https://bounce.com/stores/antey-saint-andre-it/yilduy,404,2026-10-06
66129873-c3f5-4873-96fd-f95e4fe80295,citta-di-castello,teteem,https://bounce.com/stores/citta-di-castello/teteem,404,2026-10-06
44066e72-dea1-41d8-ba51-7e25b9adbc54,palazzo-san-gervasio,p9koff,https://bounce.com/stores/palazzo-san-gervasio/p9koff,404,2026-10-06
bdb922ab-8629-4f73-98a2-182a632c11d2,muravera,mmbwpx,https://bounce.com/stores/muravera/mmbwpx,404,2026-10-06
36f1e78c-5a47-4eb0-982a-7c3f2093b956,reggiolo,3bzzdp,https://bounce.com/stores/reggiolo/3bzzdp,404,2026-10-06
8bbf3255-229d-416b-b109-ce4e5952cab6,palazzolo-acreide,wqjvzh,https://bounce.com/stores/palazzolo-acreide/wqjvzh,404,2026-10-06
5f3b1ccc-667f-4a87-8a60-87e97f5a629d,bojano,0wjknd,https://bounce.com/stores/bojano/0wjknd,404,2026-10-06
e501f1ab-2bc8-47bf-9eb7-33e5ef4289d1,san-giovanni-in-fiore,8wfiqk,https://bounce.com/stores/san-giovanni-in-fiore/8wfiqk,404,2026-10-06
1a320648-f411-4648-a20c-59ba5abf91bb,scalea-it,1niw4x,https://bounce.com/stores/scalea-it/1niw4x,404,2026-10-06
8a1934ef-f558-4427-b323-fe11b9ab2c9b,monreale-fr,r8hxfj,https://bounce.com/stores/monreale-fr/r8hxfj,404,2026-10-06
eed71ade-3084-4a68-8b79-eb62228cd659,vietri-sul-mare,w3ybmk,https://bounce.com/stores/vietri-sul-mare/w3ybmk,404,2026-10-06
a55c0e86-c15c-4e2b-a6b9-2a8a1cc4aa43,san-gavino-monreale,avgbtg,https://bounce.com/stores/san-gavino-monreale/avgbtg,404,2026-10-06
940e5cf0-0142-42c3-8c80-c876ea0be825,pozzallo,ysp9nk,https://bounce.com/stores/pozzallo/ysp9nk,404,2026-10-06
c36df88e-6716-4536-9a27-ef05e68d7b67,san-nicandro-garganico,wl8mof,https://bounce.com/stores/san-nicandro-garganico/wl8mof,404,2026-10-06
c4dcb174-4ccf-4b29-b641-c8e618178a83,scurelle,mlj6p_,https://bounce.com/stores/scurelle/mlj6p_,404,2026-10-06
d978d19e-0c65-4340-8c50-452390640665,conselve,jcut_o,https://bounce.com/stores/conselve/jcut_o,404,2026-10-06
53a47e74-faac-4be3-b42c-5475db96d260,maranello,7lbygk,https://bounce.com/stores/maranello/7lbygk,404,2026-10-06
af712c19-1df9-4808-8317-f39b3abeb712,valledolmo,e7cj1y,https://bounce.com/stores/valledolmo/e7cj1y,404,2026-10-06
b4d51805-11bb-4c12-9564-d1d41b6f38cd,pioltello-mi-it,se24x6,https://bounce.com/stores/pioltello-mi-it/se24x6,404,2026-10-06
0f4e1cb0-354d-4c94-af9a-e62437e8ffc8,cortona-ar-it,-4ancx,https://bounce.com/stores/cortona-ar-it/-4ancx,404,2026-10-06
179c60d8-9aff-4010-9ef5-5086599a384b,cariati,ceh1bm,https://bounce.com/stores/cariati/ceh1bm,404,2026-10-06
2bc55ee5-f3e2-474e-8db4-286067ccefed,venasca,yvl3i-,https://bounce.com/stores/venasca/yvl3i-,404,2026-10-06
c4c45fd9-400f-42bc-acca-d1410e5a7766,canale-di-pergine-valsugana,wcgdb0,https://bounce.com/stores/canale-di-pergine-valsugana/wcgdb0,404,2026-10-06
dfeac780-d280-44d1-a6f1-c7ab47616096,chiari,fx8jg2,https://bounce.com/stores/chiari/fx8jg2,404,2026-10-06
4ec5a9b4-3892-48ad-bf4b-2d23e7c4ff0e,fiumicino,K0Uc_C,https://bounce.com/stores/fiumicino/K0Uc_C,404,2026-10-06
6c738afe-d2dc-4374-a90c-51ce2f2926cf,inzago,ep8bkk,https://bounce.com/stores/inzago/ep8bkk,404,2026-10-06
04f2b3f5-ccb4-4b21-8a93-69806298d4c7,alassio,12ekka,https://bounce.com/stores/alassio/12ekka,404,2026-10-06
c728bbc8-0358-4ae7-8669-dc48165acd75,ceva,4hbfso,https://bounce.com/stores/ceva/4hbfso,404,2026-10-06
c5ce17db-7d64-4676-acd6-80f46d078c91,moneglia,lczQvz,https://bounce.com/stores/moneglia/lczQvz,404,2026-10-06
d840fc21-d3c9-4ee8-a869-fb1f3b9f979c,sabbionara,-ntpvg,https://bounce.com/stores/sabbionara/-ntpvg,404,2026-10-06
515ed61c-ae43-405d-be91-733ac63bd6c7,latronico,bzu8dn,https://bounce.com/stores/latronico/bzu8dn,404,2026-10-06
82c27ae1-0369-430e-9023-d489bb81e5db,montegabbione,jqxqux,https://bounce.com/stores/montegabbione/jqxqux,404,2026-10-06
36659a6c-8562-4144-91d5-159e67863887,palma-di-montechiaro,ztemqq,https://bounce.com/stores/palma-di-montechiaro/ztemqq,404,2026-10-06
6cdc9f73-cb7a-4edd-b893-02bcf20058c0,casarsa-della-delizia,usjg8p,https://bounce.com/stores/casarsa-della-delizia/usjg8p,404,2026-10-06
5e8ee042-d06a-4550-b341-2498c2fcb256,bedonia,_8rciq,https://bounce.com/stores/bedonia/_8rciq,404,2026-10-06
9a558705-a573-4996-badf-134e7b074b67,mistretta,janvst,https://bounce.com/stores/mistretta/janvst,404,2026-10-06
d6be8888-291e-4c0b-9a3e-bdbb3b9caa6c,larino,h8vhes,https://bounce.com/stores/larino/h8vhes,404,2026-10-06
458e42a1-cb93-4261-860e-332b54083ec3,cortina-dampezzo,7hvklj,https://bounce.com/stores/cortina-dampezzo/7hvklj,404,2026-10-06
85ee6bf3-5ece-4c82-b135-4cc5677ca264,marsico-nuovo,p50lyg,https://bounce.com/stores/marsico-nuovo/p50lyg,404,2026-10-06
b991a2ab-67b0-4d46-b873-b55b8334bd3c,serracapriola,_qhy6o,https://bounce.com/stores/serracapriola/_qhy6o,404,2026-10-06
4ed90975-a9af-4379-926b-57170cf7fa70,nule,2zdtzs,https://bounce.com/stores/nule/2zdtzs,404,2026-10-06
3126dd7d-36f5-4716-99a3-581ffa39e889,traversetolo,6ozcza,https://bounce.com/stores/traversetolo/6ozcza,404,2026-10-06
6868ff5f-1910-4490-a96a-db616d0eac1a,ponza,5wwkd2,https://bounce.com/stores/ponza/5wwkd2,404,2026-10-06
e81af5fa-ee9d-4839-99cc-369bde2b1ef9,lucera,-lvw3b,https://bounce.com/stores/lucera/-lvw3b,404,2026-10-06
5e2aa900-c119-4325-a0f1-6325e5b0a23e,fonte,jspsnn,https://bounce.com/stores/fonte/jspsnn,404,2026-10-06
4381db4f-d849-4c87-b937-e953d0d0c72f,giurdignano,JrB5aR,https://bounce.com/stores/giurdignano/JrB5aR,404,2026-10-06
0e6ff33e-482e-4152-9997-3f88d38bf452,gosaldo,ojmby8,https://bounce.com/stores/gosaldo/ojmby8,404,2026-10-06
12cb5fd2-79f6-4e8f-9035-bca9a8503d2b,gioiosa-marea,tgw2qv,https://bounce.com/stores/gioiosa-marea/tgw2qv,404,2026-10-06
fd3d2c79-7712-4d33-9508-b67bf9ddf813,ploaghe,a6q0fa,https://bounce.com/stores/ploaghe/a6q0fa,404,2026-10-06
88da2200-a14f-4e8c-b394-b9472c8ca32c,mira,izheym,https://bounce.com/stores/mira/izheym,404,2026-10-06
62f7fd72-9a37-46c5-85da-b3816d2ad8df,arcidosso,jirhxw,https://bounce.com/stores/arcidosso/jirhxw,404,2026-10-06
c2b2c89d-b0f0-41b4-a416-0011e932d01b,colletorto,hsribf,https://bounce.com/stores/colletorto/hsribf,404,2026-10-06
87db9a13-e889-4c48-b261-6584587f759a,atrani,3zuqxQ,https://bounce.com/stores/atrani/3zuqxQ,404,2026-10-06
6abd46fa-16f1-49c8-b833-06d1834454ab,porto-viro,ega2tz,https://bounce.com/stores/porto-viro/ega2tz,404,2026-10-06
6c08d876-c65f-4a64-9e10-12ae08163ebd,lignano-sabbiadoro,Zs8UfN,https://bounce.com/stores/lignano-sabbiadoro/Zs8UfN,404,2026-10-06
0b8c5d02-719c-4e64-9fb3-5fa152e8c20f,alicudi,6x4atl,https://bounce.com/stores/alicudi/6x4atl,404,2026-10-06
d0db04ee-e315-4036-b621-1fde19e92ae4,filicudi,lgbaix,https://bounce.com/stores/filicudi/lgbaix,404,2026-10-06
45c66eb0-bdd7-4cda-a256-84057f4e6a1a,ustica,mmlkil,https://bounce.com/stores/ustica/mmlkil,404,2026-10-06
da4d17c9-028c-4737-b974-94dca9658288,montevarchi,kiqf7c,https://bounce.com/stores/montevarchi/kiqf7c,404,2026-10-06
0a89f72f-c70a-477d-bdfb-adf2a2c09c47,vernazza,0x_j-2,https://bounce.com/stores/vernazza/0x_j-2,404,2026-10-06
8c25b16a-17f5-47ef-9c6a-070221b1a57c,fondi,pwmuts,https://bounce.com/stores/fondi/pwmuts,404,2026-10-06
9ce4a78a-4512-49d5-b9a7-bfd20b995cf0,golfo-aranci,xykhws,https://bounce.com/stores/golfo-aranci/xykhws,404,2026-10-06
8239bffe-7af3-4ac6-89c8-11f52638c638,porto-cesareo,vrawco,https://bounce.com/stores/porto-cesareo/vrawco,404,2026-10-06
db3e2857-f3ce-41d1-b6be-6ddbd9b95303,spello-perugia,1cuobl,https://bounce.com/stores/spello-perugia/1cuobl,404,2026-10-06
44f8c450-7c7b-4477-b4ad-74ac6d30190b,senigallia,n-aeom,https://bounce.com/stores/senigallia/n-aeom,404,2026-10-06
78f1d298-4d7e-4c6c-a8cc-f9f408c8d8bc,panarea,hYPunF,https://bounce.com/stores/panarea/hYPunF,404,2026-10-06
cc3fc2e7-da66-40e2-a0e8-ffcc1a3c3a8a,san-teodoro,3w0rwf,https://bounce.com/stores/san-teodoro/3w0rwf,404,2026-10-06
90bf9a47-f099-45d5-a013-ccfebc62e715,civitavecchia,luqx7r,https://bounce.com/stores/civitavecchia/luqx7r,404,2026-10-06
9dba1b5c-632e-4f83-b6ee-c00b05294575,livigno,bXwMk3,https://bounce.com/stores/livigno/bXwMk3,404,2026-10-06
926e7619-76de-412f-8033-e3363e842f20,ravello,kDQaNq,https://bounce.com/stores/ravello/kDQaNq,404,2026-10-06
0fd55bb1-cd64-49c8-8d2c-732e12b48f0c,sparanise,dmmksr,https://bounce.com/stores/sparanise/dmmksr,404,2026-10-06
ed7716fe-bee2-44f5-89b2-7b32b0c3f4ec,cipressino,ud1983,https://bounce.com/stores/cipressino/ud1983,404,2026-10-06
7680767e-ade4-4984-b90a-32ff2fc94ad8,raddusa,ujehvk,https://bounce.com/stores/raddusa/ujehvk,404,2026-10-06
d16b0d56-9514-416f-b232-1b4edff8fc2e,abbasanta,mb0-oj,https://bounce.com/stores/abbasanta/mb0-oj,404,2026-10-06
0a616e50-a0cf-405c-9a2a-eef9a88d449c,aviano,ynfvvp,https://bounce.com/stores/aviano/ynfvvp,404,2026-10-06
fbd15934-55f9-4977-b979-6068c2f5efca,magnano-in-riviera,0okrbz,https://bounce.com/stores/magnano-in-riviera/0okrbz,404,2026-10-06
6bd32d4a-9224-4505-9e3f-8fe63ccd54ed,lesina,ongor1,https://bounce.com/stores/lesina/ongor1,404,2026-10-06
3a2f8e18-802e-43a0-b4a8-6f88a8990985,greve-in-chianti,u1-dc0,https://bounce.com/stores/greve-in-chianti/u1-dc0,404,2026-10-06
3c1ae6b0-349c-40c9-a853-247935bbfb66,sabbio-chiese,ex3ap_,https://bounce.com/stores/sabbio-chiese/ex3ap_,404,2026-10-06
07eea8a2-fb47-40a6-95bb-13b93374d8ef,manciano,4lrid4,https://bounce.com/stores/manciano/4lrid4,404,2026-10-06
5a72b659-f1e7-4f26-a7d5-d2090733c48c,civitella-del-tronto,spwoen,https://bounce.com/stores/civitella-del-tronto/spwoen,404,2026-10-06
7f03df3a-7246-4aee-8713-3fabff794e94,castelnuovo-don-bosco,syscax,https://bounce.com/stores/castelnuovo-don-bosco/syscax,404,2026-10-06
c2895a42-9bb9-4d82-a829-de95c9d0f856,cherasco,nkdcms,https://bounce.com/stores/cherasco/nkdcms,404,2026-10-06
903e16b1-e7f6-4bf4-bc39-a9824cce6d84,torella-del-sannio,d1boge,https://bounce.com/stores/torella-del-sannio/d1boge,404,2026-10-06
92ec088b-e028-40ac-91f2-d63971ad1b5a,paola,-28jao,https://bounce.com/stores/paola/-28jao,404,2026-10-06
3af6eb8d-338d-42c8-9820-a460fd345d8c,scicli,jo0zjc,https://bounce.com/stores/scicli/jo0zjc,404,2026-10-06
8333b651-0102-4559-b8f1-c81ea3f5a5f5,acri,umx2e1,https://bounce.com/stores/acri/umx2e1,404,2026-10-06
97462ea8-9ff4-44db-8e9e-81987f76459c,boville-ernica,xilqcl,https://bounce.com/stores/boville-ernica/xilqcl,404,2026-10-06
cc58290f-297f-497b-94b9-661bc8f04ab1,biancavilla,pwgkk5,https://bounce.com/stores/biancavilla/pwgkk5,404,2026-10-06
50c3bed2-412d-4f72-a7b9-57c242b1fd19,cairo-montenotte,yimnky,https://bounce.com/stores/cairo-montenotte/yimnky,404,2026-10-06
0ed61b51-77b7-41a5-b943-b8720d09e9d5,vigevano,iwazlg,https://bounce.com/stores/vigevano/iwazlg,404,2026-10-06
775b5736-eb7f-4da7-8031-f4b6bbf111ef,taglio-di-po,qorpoj,https://bounce.com/stores/taglio-di-po/qorpoj,404,2026-10-06
d90faf5b-6c9a-401f-bba9-ae4ee08ced24,sapri,xxlell,https://bounce.com/stores/sapri/xxlell,404,2026-10-06
6276a755-ba09-4af5-aceb-e0dc18b9182f,piaggine,rqmnew,https://bounce.com/stores/piaggine/rqmnew,404,2026-10-06
cd846c0c-4b47-421a-8b0f-0bd2e5562578,taino,wfnkzr,https://bounce.com/stores/taino/wfnkzr,404,2026-10-06
0d0c58b6-73e6-4989-a2d9-ab846977021f,corfinio,0hjg9l,https://bounce.com/stores/corfinio/0hjg9l,404,2026-10-06
9523b991-b8e6-4799-b874-3094b7625017,sabaudia,bg_dfg,https://bounce.com/stores/sabaudia/bg_dfg,404,2026-10-06
a5140cf6-73ef-4434-b39d-28be80a7a57b,iseo,bxrgiu,https://bounce.com/stores/iseo/bxrgiu,404,2026-10-06
277de645-47e4-40e6-8f9e-687277540ed5,villa-literno,yvmxud,https://bounce.com/stores/villa-literno/yvmxud,404,2026-10-06
5afea33f-bd40-4930-8f03-2f4a77838258,carpegna,tkh60b,https://bounce.com/stores/carpegna/tkh60b,404,2026-10-06
acfe12fa-66c1-4441-af59-5891a8732de7,muccia,2tp7n0,https://bounce.com/stores/muccia/2tp7n0,404,2026-10-06
8ce4a583-f1b9-4bf0-8e9a-38e5ac6a6f4c,conselice,ljrzxy,https://bounce.com/stores/conselice/ljrzxy,404,2026-10-06
1b676ed8-b11f-41ab-abe0-95ad5b7c5e7d,bardi,vccxsu,https://bounce.com/stores/bardi/vccxsu,404,2026-10-06
1304df01-7518-43c8-8245-50f92d146bc9,sestriere,kRLvgP,https://bounce.com/stores/sestriere/kRLvgP,404,2026-10-06
4525e2d2-bfb2-4e21-a21b-690bc416041d,porto-torres,lzd6af,https://bounce.com/stores/porto-torres/lzd6af,404,2026-10-06
508c5cd5-ab5d-4cd2-855f-b74505ad3c34,gallarate,jvpyh0,https://bounce.com/stores/gallarate/jvpyh0,404,2026-10-06
ac3ccefd-0ee8-4f97-8525-4894f099a99f,grottaferrata-rome,2qmplo,https://bounce.com/stores/grottaferrata-rome/2qmplo,404,2026-10-06
95b58f27-b03b-4199-ac63-1f3b0c980134,marzocca,p81yy4,https://bounce.com/stores/marzocca/p81yy4,404,2026-10-06
7de02961-7018-44b2-90f3-63c136125b86,rome,wtphce,https://bounce.com/stores/rome/wtphce,200,2026-10-06
37ec5ca3-1616-4ac8-9368-98993487bea2,perugia,a1p27e,https://bounce.com/stores/perugia/a1p27e,200,2026-10-06
6dc158f8-495f-4775-b9e9-f29d64452c39,foggia,2gjfhs,https://bounce.com/stores/foggia/2gjfhs,404,2026-10-06
f875b7d3-6104-4173-9898-8c6e4b7b7046,foggia,yru11v,https://bounce.com/stores/foggia/yru11v,404,2026-10-06
0f5caddc-9f76-48fa-b01c-91b4d27ba8cf,foggia,fxxbki,https://bounce.com/stores/foggia/fxxbki,404,2026-10-06
76d73107-e439-4b19-9cb4-80ab29bfe05d,foggia,bs3ena,https://bounce.com/stores/foggia/bs3ena,404,2026-10-06
2585d250-d293-42f8-a8f4-e1663ccdcc91,foggia,h6wesn,https://bounce.com/stores/foggia/h6wesn,404,2026-10-06
42c2fbbd-45a9-43e7-b59f-5dc40e45ecbc,foggia,l3a97r,https://bounce.com/stores/foggia/l3a97r,404,2026-10-06
0c9002da-4c70-42d1-a669-8c437a9a9655,foggia,txgckd,https://bounce.com/stores/foggia/txgckd,404,2026-10-06
9d3ad470-8537-424e-a830-a549f70d2510,foggia,3eu1qb,https://bounce.com/stores/foggia/3eu1qb,404,2026-10-06
ce137f9b-6f78-4269-997a-63633a4d200c,foggia,9ok1w4,https://bounce.com/stores/foggia/9ok1w4,404,2026-10-06
777dc309-882e-453e-a7f7-858d1f59350b,foggia,hxg4d6,https://bounce.com/stores/foggia/hxg4d6,404,2026-10-06
3d73eb95-b462-493a-a936-d1ae79285a04,monza,dfkdwv,https://bounce.com/stores/monza/dfkdwv,200,2026-10-06
df44fecf-18bf-4021-9637-b395aa740d59,monza,2ul2s4,https://bounce.com/stores/monza/2ul2s4,200,2026-10-06
88a17023-0272-4bbd-ad2d-d7e25797a4a8,monza,uixdnp,https://bounce.com/stores/monza/uixdnp,200,2026-10-06
59e8a95a-101b-43c9-b40f-a6605e1fc669,monza,sxst4w,https://bounce.com/stores/monza/sxst4w,200,2026-10-06
04d2b5cf-b052-4aae-82ec-a2366c071a51,monza,mmoosa,https://bounce.com/stores/monza/mmoosa,200,2026-10-06
f8b91112-5f74-42b0-ad5a-a8b13238287f,monza,lgsxws,https://bounce.com/stores/monza/lgsxws,200,2026-10-06
cbe92ab7-6f7d-41e4-81af-c4aaee441111,monza,ez_e4p,https://bounce.com/stores/monza/ez_e4p,200,2026-10-06
37076a8b-f265-4b35-ad4a-ae57322869d9,novara,6afci4,https://bounce.com/stores/novara/6afci4,404,2026-10-06
60a4d3a8-e140-4bae-bfe2-94bd2cd65d94,novara,_p85v_,https://bounce.com/stores/novara/_p85v_,404,2026-10-06
f887eabf-824a-43c0-bcf9-6ba2c9d5505e,novara,gceyq9,https://bounce.com/stores/novara/gceyq9,404,2026-10-06
1eddfc16-8331-4c2a-8578-95be939a18ee,novara,kq8bd6,https://bounce.com/stores/novara/kq8bd6,404,2026-10-06
a39e220f-82b5-48a3-8d23-1d6beaaa7f59,novara,vkfot9,https://bounce.com/stores/novara/vkfot9,404,2026-10-06
3fe63205-6a52-472c-afa0-65d8c8ca275d,novara,m2e0wc,https://bounce.com/stores/novara/m2e0wc,404,2026-10-06
5e760baf-2485-438c-a000-75b5c59b95f3,novara,9jsdz_,https://bounce.com/stores/novara/9jsdz_,404,2026-10-06
90fdef61-019a-4b18-8cdc-257157a588c2,novara,hi9zt7,https://bounce.com/stores/novara/hi9zt7,404,2026-10-06
18f4fdd6-139e-4cdc-813d-bf31f18452ea,novara,gdbx1g,https://bounce.com/stores/novara/gdbx1g,404,2026-10-06
dfb6e40c-fac5-455e-b0ee-a9d490633e33,novara,pgzx-c,https://bounce.com/stores/novara/pgzx-c,404,2026-10-06
d3f3854d-2870-4786-bae4-71532e94624b,novara,o2ukw5,https://bounce.com/stores/novara/o2ukw5,404,2026-10-06
677d6178-8fd1-48cc-b577-7e2d1712716a,novara,gabsml,https://bounce.com/stores/novara/gabsml,404,2026-10-06
6948a4b1-d3a5-40eb-b3f7-a6aadfaad177,novara,b7w5ll,https://bounce.com/stores/novara/b7w5ll,404,2026-10-06
dcc85180-b79e-40cb-9c36-5bf89adf81df,varese,zi0l5f,https://bounce.com/stores/varese/zi0l5f,404,2026-10-06
4facac6f-0f88-4472-a6d9-db8e2401a98c,varese,W3FcL1,https://bounce.com/stores/varese/W3FcL1,200,2026-10-06
ddb76deb-e645-4353-9022-bd14b55f851b,varese,ivn130,https://bounce.com/stores/varese/ivn130,404,2026-10-06
90f77d35-4b54-443b-a0f1-ab2f34f52139,varese,factxa,https://bounce.com/stores/varese/factxa,404,2026-10-06
9c756a92-7a2a-4852-a89c-8b55e1e0c4fb,varese,b8Fmoi,https://bounce.com/stores/varese/b8Fmoi,404,2026-10-06
bae18799-e97b-4332-845d-fd6dc58b076c,varese,vu0wfh,https://bounce.com/stores/varese/vu0wfh,404,2026-10-06
8cf7e50c-3ffa-4ac1-899f-6388e8b4cac2,varese,idwxqk,https://bounce.com/stores/varese/idwxqk,404,2026-10-06
41759990-670e-40a2-ad8b-6f1439e2692d,varese,kkzbjn,https://bounce.com/stores/varese/kkzbjn,404,2026-10-06
71c8025e-741a-4448-8f32-4af9bb13f82f,varese,syaezn,https://bounce.com/stores/varese/syaezn,404,2026-10-06
2fbc3715-54f0-480b-aa9a-e7e96ddf9469,varese,ce1flz,https://bounce.com/stores/varese/ce1flz,404,2026-10-06
ceb9669f-9c84-4ad9-9a46-dbc31e4f3338,varese,gu7glj,https://bounce.com/stores/varese/gu7glj,404,2026-10-06
12a955a2-3920-4423-ae64-8fc4a222644d,varese,pv60am,https://bounce.com/stores/varese/pv60am,404,2026-10-06
ffd72c83-96eb-46ae-ae2b-860044e13ccf,varese,oboecq,https://bounce.com/stores/varese/oboecq,404,2026-10-06
7e7331eb-4d3f-4a4a-9ca7-ef8dda01dc04,agrigento,3y04do,https://bounce.com/stores/agrigento/3y04do,200,2026-10-06
09832ba6-2fc7-4510-9328-10e19d25365d,agrigento,dxliai,https://bounce.com/stores/agrigento/dxliai,200,2026-10-06
f297eede-6a74-49a4-926a-c77906cb4f2f,arezzo,y8bswt,https://bounce.com/stores/arezzo/y8bswt,404,2026-10-06
76792d80-6d6b-4a66-88f9-d88acadbc7e4,bolzano,htkdek,https://bounce.com/stores/bolzano/htkdek,404,2026-10-06
1a4a3e90-fe64-46ea-a0ae-0d5d1fbfc3b3,bolzano,dw8h0s,https://bounce.com/stores/bolzano/dw8h0s,404,2026-10-06
cf203958-1b10-4701-9fd2-4febd99f0cb2,bolzano,dg_dlr,https://bounce.com/stores/bolzano/dg_dlr,404,2026-10-06
1717f378-3c29-491a-a174-cc91f770644f,bolzano,f4c4z2,https://bounce.com/stores/bolzano/f4c4z2,404,2026-10-06
3de12d3d-8819-480b-86e8-b1507b7d6ac1,bolzano,knaf3k,https://bounce.com/stores/bolzano/knaf3k,404,2026-10-06
d440b0a3-5af4-4c9f-9efa-9f48e53e1e23,bolzano,58s26e,https://bounce.com/stores/bolzano/58s26e,404,2026-10-06
922029c1-48e5-4a64-955e-9238309874c9,bolzano,szykqf,https://bounce.com/stores/bolzano/szykqf,200,2026-10-06
2ee2698f-0f7d-4988-acd7-e9e1962afb73,laquila,fpmxtq,https://bounce.com/stores/laquila/fpmxtq,404,2026-10-06
4201fdb9-966a-420a-8361-4834e3c31d03,laquila,c_libd,https://bounce.com/stores/laquila/c_libd,404,2026-10-06
6faf1247-6d00-48b0-936c-23ebdd1ecf2d,laquila,yq83lq,https://bounce.com/stores/laquila/yq83lq,404,2026-10-06
a2db16b2-cf21-4dd6-a807-8d69d42dbf69,laquila,w-soax,https://bounce.com/stores/laquila/w-soax,404,2026-10-06
667e44ba-3f88-417f-a29c-ce137fac7cf9,laquila,el3ozh,https://bounce.com/stores/laquila/el3ozh,404,2026-10-06
7949164e-57c0-4dea-aef8-0bfa7abe5833,laquila,qricwq,https://bounce.com/stores/laquila/qricwq,404,2026-10-06
d3299a90-3034-433e-aea1-a5f6a24129a7,laquila,4mokzq,https://bounce.com/stores/laquila/4mokzq,404,2026-10-06
a533914d-b6f5-4b36-9f18-3d12c929c65f,laquila,git26q,https://bounce.com/stores/laquila/git26q,404,2026-10-06
a42a5c28-0457-468d-9616-77dc1d053360,reggio-emilia,39kpo7,https://bounce.com/stores/reggio-emilia/39kpo7,404,2026-10-06
d4e36ecd-a61b-46c6-9c3b-86ce0fd0deb4,reggio-emilia,_stdpa,https://bounce.com/stores/reggio-emilia/_stdpa,404,2026-10-06
fe47b540-5d00-4215-b5a6-4adb677d9a52,reggio-emilia,r9wo2u,https://bounce.com/stores/reggio-emilia/r9wo2u,404,2026-10-06
659d2c15-6361-439b-8517-5afd39ba924f,reggio-emilia,x0phl_,https://bounce.com/stores/reggio-emilia/x0phl_,404,2026-10-06
c2fcc1ed-7d6a-4a0d-9288-7dfaf680bbdb,reggio-emilia,uhg-j6,https://bounce.com/stores/reggio-emilia/uhg-j6,404,2026-10-06
f673950d-e7a7-4307-b35a-331e1abbd3ce,reggio-emilia,2jyc1l,https://bounce.com/stores/reggio-emilia/2jyc1l,404,2026-10-06
5f0aefb1-636c-4f56-b062-bdbd2f6eabd4,reggio-emilia,rov3pr,https://bounce.com/stores/reggio-emilia/rov3pr,404,2026-10-06
af9c9a59-7a8d-4684-aa0f-d4ebf417b7d8,reggio-emilia,xbyrua,https://bounce.com/stores/reggio-emilia/xbyrua,404,2026-10-06
0cec4d7c-db2c-4a44-b838-50b90db3b9c6,sondrio,-quwvl,https://bounce.com/stores/sondrio/-quwvl,404,2026-10-06
1fa88bab-14fa-4594-a451-1d8ef5296c22,sondrio,zpfgac,https://bounce.com/stores/sondrio/zpfgac,404,2026-10-06
6e26a079-2108-4199-a98e-f15785e67951,sondrio,stkxmn,https://bounce.com/stores/sondrio/stkxmn,404,2026-10-06
f30efccd-8779-4651-a796-33048f7442c2,sondrio,qq9ROx,https://bounce.com/stores/sondrio/qq9ROx,404,2026-10-06
0d3af7ec-21d4-43c8-8422-67a0f1868516,sondrio,70h4gx,https://bounce.com/stores/sondrio/70h4gx,404,2026-10-06
e30331d9-a836-4381-80ad-38438b4b6d0e,sondrio,btholg,https://bounce.com/stores/sondrio/btholg,404,2026-10-06
7d8098f8-8e73-4763-b8b0-4cd1a5bb1f7d,sondrio,ycinea,https://bounce.com/stores/sondrio/ycinea,404,2026-10-06
53b04276-e561-4c38-8ab8-1fbb25c9514f,sondrio,2qyh5y,https://bounce.com/stores/sondrio/2qyh5y,404,2026-10-06
6d71b47f-acb1-4455-af72-04a605d3d609,teramo,y1vkpp,https://bounce.com/stores/teramo/y1vkpp,404,2026-10-06
4100e299-20da-4d47-a9e8-dac0b6cc4d0b,teramo,lqn-uq,https://bounce.com/stores/teramo/lqn-uq,404,2026-10-06
a0364839-764e-4e06-a72b-60613f41436b,teramo,nuxa09,https://bounce.com/stores/teramo/nuxa09,404,2026-10-06
1d216f22-0de8-46e4-b213-98a730ceaa12,teramo,fvcbsx,https://bounce.com/stores/teramo/fvcbsx,404,2026-10-06
246dead2-2022-44d9-a87b-e56a5138e273,teramo,kqf-yd,https://bounce.com/stores/teramo/kqf-yd,404,2026-10-06
fd07f1ab-b9b8-4680-93dd-e2f1bc0d1b4f,teramo,wayvmc,https://bounce.com/stores/teramo/wayvmc,404,2026-10-06
514f36fb-d9b6-4be1-84dd-54f7a1728dc2,teramo,o0u7fb,https://bounce.com/stores/teramo/o0u7fb,404,2026-10-06
a52543f2-b9a1-4ab0-9f7c-da87e4c1ba50,teramo,_pbtgx,https://bounce.com/stores/teramo/_pbtgx,404,2026-10-06
755e9061-3665-427f-b9d1-b71e1d34cf6a,cremona,ju8qxb,https://bounce.com/stores/cremona/ju8qxb,404,2026-10-06
ffa27882-968c-4b86-a2a9-85d340e14033,cremona,koav8s,https://bounce.com/stores/cremona/koav8s,404,2026-10-06
07cf663b-18f1-4690-baad-d1a9de6aa71c,cremona,j-CIpS,https://bounce.com/stores/cremona/j-CIpS,404,2026-10-06
0d634c45-b525-4ada-b191-ba04f611f1f9,cremona,xeps9v,https://bounce.com/stores/cremona/xeps9v,404,2026-10-06
7cb999cd-d3b9-4195-9a85-e82b3939c2d6,cremona,etmjvo,https://bounce.com/stores/cremona/etmjvo,404,2026-10-06
360fd0e5-fab9-40a2-b676-0fc3ae54cb6b,cremona,9xcmks,https://bounce.com/stores/cremona/9xcmks,404,2026-10-06
9f7bca0d-ec3b-4726-9727-9d98af345e44,cremona,trizec,https://bounce.com/stores/cremona/trizec,404,2026-10-06
472c8120-f4a6-489f-9e62-1400d962bf30,aosta,nd0htj,https://bounce.com/stores/aosta/nd0htj,404,2026-10-06
e03c087b-f79d-4a48-9f86-61bcc1a02cf4,aosta,ujmyhb,https://bounce.com/stores/aosta/ujmyhb,404,2026-10-06
05386bb5-ae5e-4ed5-b944-21dfce3c7f86,aosta,j2KJu-,https://bounce.com/stores/aosta/j2KJu-,404,2026-10-06
349f6ef5-ea38-437e-821e-cdad0dc0aeb0,aosta,DrPrWw,https://bounce.com/stores/aosta/DrPrWw,404,2026-10-06
ffd5a194-80c1-4279-97b1-c29b7a51ea21,aosta,m7jpce,https://bounce.com/stores/aosta/m7jpce,404,2026-10-06
55151c55-3539-4b07-a514-a489e66fee54,aosta,-kfekc,https://bounce.com/stores/aosta/-kfekc,404,2026-10-06
c1c599d9-2bc3-4c53-9def-f449f63416e9,belluno,qjv-_y,https://bounce.com/stores/belluno/qjv-_y,404,2026-10-06
082696ef-f514-4766-a290-2c09160dc9a6,belluno,wyd5f7,https://bounce.com/stores/belluno/wyd5f7,404,2026-10-06
26393260-1b09-41fb-9547-d04fe2e0cad3,belluno,r-wbz3,https://bounce.com/stores/belluno/r-wbz3,404,2026-10-06
0e5aefbb-bd0e-4742-b383-dac117b0c3cd,belluno,hxr6fy,https://bounce.com/stores/belluno/hxr6fy,404,2026-10-06
7fa35e40-e612-4015-9b75-c69f34ff61b7,belluno,jn1_rh,https://bounce.com/stores/belluno/jn1_rh,404,2026-10-06
a91fc57a-d081-41a3-ad87-c49888eca16c,belluno,xtifzz,https://bounce.com/stores/belluno/xtifzz,404,2026-10-06
b32fee39-c171-451b-9d68-b87f88a29c16,olbia,Zy9WIu,https://bounce.com/stores/olbia/Zy9WIu,200,2026-10-06
c5a10889-65bb-407c-8dc9-ae3e232a1174,olbia,zj0GZb,https://bounce.com/stores/olbia/zj0GZb,200,2026-10-06
3ee38e59-73a1-4efd-8f20-36fce8ad8021,olbia,zv6swP,https://bounce.com/stores/olbia/zv6swP,200,2026-10-06
395ee8f7-fe66-4046-a3f6-9ede623b89fc,olbia,ktt8zy,https://bounce.com/stores/olbia/ktt8zy,200,2026-10-06
0e95e7d6-aeda-4619-b8fb-1e61abd151e6,olbia,6qj6jz,https://bounce.com/stores/olbia/6qj6jz,200,2026-10-06
cc8102ef-f8f7-44de-90f3-afdcbae096e7,olbia,0ipvg4,https://bounce.com/stores/olbia/0ipvg4,200,2026-10-06
4c6c2759-6f25-4fe1-80a3-1911b2b83f6f,oristano,c4enax,https://bounce.com/stores/oristano/c4enax,404,2026-10-06
69cc94d7-655a-443a-a033-038da451d956,oristano,C0GTuc,https://bounce.com/stores/oristano/C0GTuc,404,2026-10-06
e8105378-b1d1-421b-b2df-f5287021c255,oristano,qv8lpm,https://bounce.com/stores/oristano/qv8lpm,404,2026-10-06
cae542ad-e849-40c4-87e5-2f2b6dc149ac,oristano,hgvicu,https://bounce.com/stores/oristano/hgvicu,404,2026-10-06
0c101a9b-b1a9-47b3-b3e5-58eb84737e74,oristano,2e8tfr,https://bounce.com/stores/oristano/2e8tfr,404,2026-10-06
64ea178d-a274-4d37-952f-301c0170c7ba,oristano,rf7_th,https://bounce.com/stores/oristano/rf7_th,404,2026-10-06
fa3a0e4c-8c83-4406-af2c-73635363fc0c,terni,ptuaqd,https://bounce.com/stores/terni/ptuaqd,404,2026-10-06
ab1be65d-f8a5-45c1-b0c0-d8ec030932b8,terni,kf6k5m,https://bounce.com/stores/terni/kf6k5m,404,2026-10-06
1a7975de-af36-4267-90ee-41bb9a7e1be2,terni,blrd_v,https://bounce.com/stores/terni/blrd_v,404,2026-10-06
a124bb10-c2a2-4ce0-b801-948eda38a212,terni,udmmpx,https://bounce.com/stores/terni/udmmpx,404,2026-10-06
b141b257-ce26-4730-bfbf-6c449c805d6d,terni,tl0bqj,https://bounce.com/stores/terni/tl0bqj,404,2026-10-06
4b1851db-32b2-46e1-b127-61063b3b9c84,terni,lo1vjw,https://bounce.com/stores/terni/lo1vjw,404,2026-10-06
dd602941-1434-473d-afb2-9e1ce89e351c,benevento,jrhllv,https://bounce.com/stores/benevento/jrhllv,404,2026-10-06
0b87a1ca-cf94-4370-81dd-37b2054eb2a5,benevento,uvpv0i,https://bounce.com/stores/benevento/uvpv0i,404,2026-10-06
53634604-137f-4a6d-bae4-92ae41e68c7a,benevento,tebyru,https://bounce.com/stores/benevento/tebyru,404,2026-10-06
0a49d457-8d88-449e-bf0b-be5775688ac9,benevento,5Ybnig,https://bounce.com/stores/benevento/5Ybnig,404,2026-10-06
7e1b9c27-6cc1-46f8-a534-741b1847a3c2,benevento,ige-fe,https://bounce.com/stores/benevento/ige-fe,404,2026-10-06
caa62d40-3f26-499d-b047-3056e8d307f2,crotone,fjnccl,https://bounce.com/stores/crotone/fjnccl,404,2026-10-06
68f6d523-a593-4304-9e41-bf15533196fb,crotone,rpo5hf,https://bounce.com/stores/crotone/rpo5hf,404,2026-10-06
4f7f982f-df05-4ac1-a409-73cd65fcdcee,crotone,qnRoA2,https://bounce.com/stores/crotone/qnRoA2,404,2026-10-06
9d2f21e3-20a6-42dd-a907-4f2025a83349,crotone,6cbltz,https://bounce.com/stores/crotone/6cbltz,404,2026-10-06
568cc064-76f1-4fe0-a9b3-3392054e4ece,crotone,mnb0mx,https://bounce.com/stores/crotone/mnb0mx,404,2026-10-06
990432c2-d7a4-4b5b-be2b-313b9138c507,viterbo,5jmhud,https://bounce.com/stores/viterbo/5jmhud,404,2026-10-06
5503f92c-bc01-4a5e-a3f7-f6bc5258a2e6,viterbo,l7zxhp,https://bounce.com/stores/viterbo/l7zxhp,404,2026-10-06
a571488a-2b77-495d-8332-aca6002cb4d5,viterbo,mx-wya,https://bounce.com/stores/viterbo/mx-wya,404,2026-10-06
63603031-ed0d-4f9a-8d9f-7efbad51293c,viterbo,qksyqg,https://bounce.com/stores/viterbo/qksyqg,404,2026-10-06
694a4979-c2d3-43b6-a2b5-27c3c5afa765,viterbo,xrf2sg,https://bounce.com/stores/viterbo/xrf2sg,404,2026-10-06
1e97e1e3-644b-4e6a-8964-6c2ddfbbbe25,isernia,af-uk9,https://bounce.com/stores/isernia/af-uk9,404,2026-10-06
b1de1f35-06e7-4a0b-ba52-7f05a2acb558,isernia,zwg-mo,https://bounce.com/stores/isernia/zwg-mo,404,2026-10-06
6d6c926c-2fe7-4ed5-860e-d8145f5ef8e8,isernia,ghwb5u,https://bounce.com/stores/isernia/ghwb5u,404,2026-10-06
d2c3d163-7e7c-458e-9064-3940a035b7b6,isernia,9dvsg_,https://bounce.com/stores/isernia/9dvsg_,404,2026-10-06
ba26e74c-368c-4f4d-9f86-3d5e3887d53d,pesaro,t2ruo2,https://bounce.com/stores/pesaro/t2ruo2,404,2026-10-06
8c3b1f95-e59e-4976-b330-74a56b6cb6ed,pesaro,ylhu7t,https://bounce.com/stores/pesaro/ylhu7t,404,2026-10-06
a2358197-f5ba-45fc-9f9e-1658050fdde2,pesaro,giloxa,https://bounce.com/stores/pesaro/giloxa,404,2026-10-06
23abdc34-d4ee-4644-898f-666be745f6c6,pesaro,_7nxie,https://bounce.com/stores/pesaro/_7nxie,404,2026-10-06
7debcd7a-80b8-4d79-8f9e-0cd54c4e9629,campobasso,zjc5fl,https://bounce.com/stores/campobasso/zjc5fl,404,2026-10-06
90d39ee8-b858-4fd7-b8c4-b3f872d4a0b6,campobasso,yp9c9i,https://bounce.com/stores/campobasso/yp9c9i,404,2026-10-06
5a5c54e4-c966-411a-a943-93837651ab45,campobasso,V3KaEm,https://bounce.com/stores/campobasso/V3KaEm,404,2026-10-06
ed92195a-b832-488f-9e15-932c7d4c878e,enna,zvnrvy,https://bounce.com/stores/enna/zvnrvy,404,2026-10-06
d04274f5-3d41-417e-8b82-dfab6fa5b00d,enna,mr0h0q,https://bounce.com/stores/enna/mr0h0q,404,2026-10-06
f0a82b0c-c145-4f58-ba7c-d347af2c0ca8,enna,40iodi,https://bounce.com/stores/enna/40iodi,404,2026-10-06
da9a2571-17ea-4674-a90c-5e3ea5108567,rieti,ddn_rw,https://bounce.com/stores/rieti/ddn_rw,404,2026-10-06
d4a3499d-0a9a-4f20-840c-84073766ad21,rieti,y6z4-a,https://bounce.com/stores/rieti/y6z4-a,404,2026-10-06
1277d18e-e32f-4280-bc94-b8cbcdf750e7,rieti,xwgnob,https://bounce.com/stores/rieti/xwgnob,404,2026-10-06
b73f530d-45d9-4d3f-8606-5292228eb61a,tempio-pausania,ekelas,https://bounce.com/stores/tempio-pausania/ekelas,404,2026-10-06
189f5355-8182-43c2-87b7-2335862edcdc,tempio-pausania,6wo1dc,https://bounce.com/stores/tempio-pausania/6wo1dc,404,2026-10-06
97ffa351-35ea-4a9f-a306-52dfe5e14b85,tempio-pausania,zuges1,https://bounce.com/stores/tempio-pausania/zuges1,404,2026-10-06
96f311df-2465-43a7-8ac3-0411b0bb678b,vercelli,bgezlg,https://bounce.com/stores/vercelli/bgezlg,404,2026-10-06
257646ee-b308-43f2-a152-8c555e192d7a,vercelli,pieqyr,https://bounce.com/stores/vercelli/pieqyr,404,2026-10-06
0a2ae6ae-f6a5-453e-bd19-ab82e6fc17bb,vercelli,i_1jgm,https://bounce.com/stores/vercelli/i_1jgm,404,2026-10-06
f7c8dce8-bc1a-4be7-a4ec-a76fdb9ed32d,alessandria,odfr7c,https://bounce.com/stores/alessandria/odfr7c,404,2026-10-06
383839e6-b86a-4782-801f-2e9dd3a50065,alessandria,pik_fc,https://bounce.com/stores/alessandria/pik_fc,404,2026-10-06
cd74abfa-7b64-45c8-b47e-92aea6a038e6,ascoli-piceno,m-cqwz,https://bounce.com/stores/ascoli-piceno/m-cqwz,404,2026-10-06
76b854f8-7274-4ee2-bcd0-d2f6a5ff8e8f,ascoli-piceno,v469i3,https://bounce.com/stores/ascoli-piceno/v469i3,404,2026-10-06
886f5a61-10b0-4465-9997-8dbdfd91a1c6,cuneo,puwqxd,https://bounce.com/stores/cuneo/puwqxd,404,2026-10-06
2cec056f-9a06-4a9a-aa02-29ec448deaea,milan,uflsij,https://bounce.com/stores/milan/uflsij,200,2026-10-06
84d6dabb-9955-4f0d-8e18-dd1ab65a38dc,rome,7_8hcu,https://bounce.com/stores/rome/7_8hcu,200,2026-10-06
d5cf42f3-ef01-403c-97a2-da0903930538,turin,2wr7ii,https://bounce.com/stores/turin/2wr7ii,200,2026-10-06
a3642abc-3e28-470d-bf99-ea48199e8a3e,turin,0ag_j_,https://bounce.com/stores/turin/0ag_j_,200,2026-10-06
82cff214-a9ba-4c5b-8096-7a90e6b3248a,pompei,6xysx6,https://bounce.com/stores/pompei/6xysx6,404,2026-10-06
478fd89d-9cde-444e-b979-2a08e091e548,pompei,rjh46-,https://bounce.com/stores/pompei/rjh46-,404,2026-10-06
8e3c189d-2168-4471-9405-8b3f0188d183,pompei,4on6qm,https://bounce.com/stores/pompei/4on6qm,404,2026-10-06
1d28127b-1def-438a-a132-4dc725157722,pompei,d65tzd,https://bounce.com/stores/pompei/d65tzd,404,2026-10-06
e6d66096-3e03-4482-affb-cd5623b7b32e,pompei,qgf9un,https://bounce.com/stores/pompei/qgf9un,404,2026-10-06
1e029f24-5ce9-467d-886a-5b07133b46e8,pompei,yvharb,https://bounce.com/stores/pompei/yvharb,404,2026-10-06
0caf1bd6-b683-4129-8114-dfc2a2e1c5a2,pompei,im1ovr,https://bounce.com/stores/pompei/im1ovr,404,2026-10-06
3d88c1eb-3cff-4df3-9c5b-8999ae977cd1,pompei,cw9xma,https://bounce.com/stores/pompei/cw9xma,404,2026-10-06
af4c2d40-b101-4e33-86d4-661ff42af515,pompei,k_fbeg,https://bounce.com/stores/pompei/k_fbeg,404,2026-10-06
a609c3d6-2a1e-463b-8ef1-945155d68f4e,pompei,z9xwgy,https://bounce.com/stores/pompei/z9xwgy,404,2026-10-06
9481230c-1b45-4aae-8184-353ba5f4f554,pompei,bemjeq,https://bounce.com/stores/pompei/bemjeq,404,2026-10-06
4f98ec4e-4ac5-4fc8-9485-dcf632c3c0f2,pompei,lmd2mi,https://bounce.com/stores/pompei/lmd2mi,404,2026-10-06
4acb6964-4642-4308-aa8f-1cc4ad8e9644,pompei,wzkk81,https://bounce.com/stores/pompei/wzkk81,404,2026-10-06
89438fbd-3af8-45dd-b1f7-b8e647cffbaf,pompei,lx11zj,https://bounce.com/stores/pompei/lx11zj,404,2026-10-06
3aac9a80-99ed-48ad-93e8-6f9bb288c836,pompei,4CCgOO,https://bounce.com/stores/pompei/4CCgOO,404,2026-10-06
42e5f4dd-06ef-4004-a30c-4f00a9eb33e6,pompei,c4gpym,https://bounce.com/stores/pompei/c4gpym,404,2026-10-06
f3f91444-bc12-4680-912e-f462e098e97f,pompei,pfxobi,https://bounce.com/stores/pompei/pfxobi,404,2026-10-06
1951ed60-f45d-4bbc-96e0-0ee0763cedba,pompei,n0U_QN,https://bounce.com/stores/pompei/n0U_QN,404,2026-10-06
5e700470-42d9-407c-a515-b5f2bfa2b123,pompei,lmbmk_,https://bounce.com/stores/pompei/lmbmk_,404,2026-10-06
660fdc51-f9ec-4305-87db-5610b0371046,pompei,y0rcl-,https://bounce.com/stores/pompei/y0rcl-,404,2026-10-06
973716b9-bc00-422f-a1e4-86269e7bc0be,pompei,acaldi,https://bounce.com/stores/pompei/acaldi,404,2026-10-06
24c1fe74-87e0-4acf-b54a-36158d31e8fd,pompei,uetp48,https://bounce.com/stores/pompei/uetp48,404,2026-10-06
0605f0e4-f088-4451-82fe-dfc581401e02,pompei,0ny1co,https://bounce.com/stores/pompei/0ny1co,404,2026-10-06
56273f7f-4be7-4425-85ba-9b94a5ccc71f,pompei,brsbio,https://bounce.com/stores/pompei/brsbio,404,2026-10-06
938b611d-4409-4124-b68d-5609f729507e,pompei,s298yb,https://bounce.com/stores/pompei/s298yb,404,2026-10-06
a9b74420-b28c-47da-85b2-259b7b8ab1b7,pompei,ka0ph3,https://bounce.com/stores/pompei/ka0ph3,404,2026-10-06
eee6223c-8d12-4d1d-8544-844d4fc88652,pompei,__fhtt,https://bounce.com/stores/pompei/__fhtt,404,2026-10-06
c8beaa64-037f-4841-ae67-b90072ee01f1,pompei,mklzai,https://bounce.com/stores/pompei/mklzai,404,2026-10-06
50ecfa03-e211-4999-a89b-1696326054b1,pompei,kkjma6,https://bounce.com/stores/pompei/kkjma6,404,2026-10-06
2c659d4d-5375-40f8-8802-1a95c21fe02d,pompei,0gduie,https://bounce.com/stores/pompei/0gduie,404,2026-10-06
3cd4c594-38b1-4558-8a6e-cdf2773dad1d,pompei,0w-dzp,https://bounce.com/stores/pompei/0w-dzp,404,2026-10-06
11bbb382-2d6d-418b-abbf-289438c18bf1,pompei,q3s-x0,https://bounce.com/stores/pompei/q3s-x0,404,2026-10-06
58738e6a-3fcd-499a-8caa-50cbf31f2e08,pompei,aihham,https://bounce.com/stores/pompei/aihham,404,2026-10-06
f7b2b115-abd6-4f0c-8b9e-f2635c81d374,pompei,ara_8i,https://bounce.com/stores/pompei/ara_8i,404,2026-10-06
526b8ea6-4560-4093-96c3-210c3400636e,pompei,1etlds,https://bounce.com/stores/pompei/1etlds,404,2026-10-06
35ef1119-bf74-425b-a070-306b30dac7c6,pompei,k-ufdb,https://bounce.com/stores/pompei/k-ufdb,404,2026-10-06
226f99aa-d9b7-40b2-99fd-939b0c81fc06,pompei,mgi2tc,https://bounce.com/stores/pompei/mgi2tc,404,2026-10-06
3e604bf0-1d0a-447a-9d08-f7ad82f578ef,pompei,0ut60s,https://bounce.com/stores/pompei/0ut60s,200,2026-10-06
682b9439-28d6-421f-bceb-383ec045a46f,pompei,l_7r_o,https://bounce.com/stores/pompei/l_7r_o,404,2026-10-06
6a9619b4-8fe2-4e18-bcf7-8407832131f1,pompei,odgjr0,https://bounce.com/stores/pompei/odgjr0,404,2026-10-06
ce1d7cbc-00a2-43fa-8e5e-07aa9bc0b29f,pompei,pVkglR,https://bounce.com/stores/pompei/pVkglR,200,2026-10-06
76c2af3d-c454-46f6-88e3-f0b9dac145a7,pompei,2sjruy,https://bounce.com/stores/pompei/2sjruy,404,2026-10-06
6a52e993-677d-42c7-b329-dabffb1fb77b,milazzo,ifhzyn,https://bounce.com/stores/milazzo/ifhzyn,404,2026-10-06
179ffd41-46f8-45c3-a8f2-d54503e42c3e,milazzo,y9clq9,https://bounce.com/stores/milazzo/y9clq9,404,2026-10-06
80d1dc77-5ca1-4d24-80cc-a13a15b2269e,milazzo,j8lm9v,https://bounce.com/stores/milazzo/j8lm9v,404,2026-10-06
702f29eb-38c7-441a-9a77-9c9dfb7c9957,milazzo,qu8lrz,https://bounce.com/stores/milazzo/qu8lrz,404,2026-10-06
d8f055d5-7d0a-4e2b-a461-9c8d166720dd,milazzo,92-led,https://bounce.com/stores/milazzo/92-led,404,2026-10-06
eaa95918-2cf1-4c02-b82f-b82ab53c58d9,milazzo,hf2xi9,https://bounce.com/stores/milazzo/hf2xi9,404,2026-10-06
1f662e99-ee2f-47f6-82f4-5ad7cc534944,sorrento,nx_1hi,https://bounce.com/stores/sorrento/nx_1hi,200,2026-10-06
3886fea0-669d-4130-84d8-7c7b9ef2921a,sorrento,QU9wyz,https://bounce.com/stores/sorrento/QU9wyz,200,2026-10-06
4ead3396-77e8-4036-a618-b3700309cb86,rome,yk4lll,https://bounce.com/stores/rome/yk4lll,200,2026-10-06
9b5d1aba-4676-4e7c-b79a-411fb8ea6812,palermo,nv2m5s,https://bounce.com/stores/palermo/nv2m5s,200,2026-10-06
d42bbc0d-13e0-4f91-b053-5baec379d490,taormina,vai0ym,https://bounce.com/stores/taormina/vai0ym,200,2026-10-06
013345d7-f28a-4164-93b7-9633cb98052b,capri,p5hnfa,https://bounce.com/stores/capri/p5hnfa,404,2026-10-06
d70305af-acbd-4e58-9707-872fd7f46831,capri,on_-cx,https://bounce.com/stores/capri/on_-cx,404,2026-10-06
8822ef60-5cf3-4b6e-9d4b-82b121c9a7d2,lucca,e-dddj,https://bounce.com/stores/lucca/e-dddj,200,2026-10-06
a25ee6b0-bae4-42a9-881c-b41826c736d1,viareggio,_zbd5_,https://bounce.com/stores/viareggio/_zbd5_,404,2026-10-07
75f413dc-1716-499e-b455-a1ba37fe8bae,trieste,vo8tua,https://bounce.com/stores/trieste/vo8tua,200,2026-10-07
a987ee72-76d5-4472-92e2-7097415c35a0,naples,efag_6,https://bounce.com/stores/naples/efag_6,200,2026-10-08
5bc11b23-b780-4e37-ab33-349d14fc34ad,milan,qgu8mk,https://bounce.com/stores/milan/qgu8mk,200,2026-10-08
915e4e86-5360-4cef-b850-10ca1b6c553a,villanova-mondovì,kmxrrk,https://bounce.com/stores/villanova-mondovì/kmxrrk,error,2026-10-08
cbe98d7f-42de-48d7-b697-bad346bc4148,villanova-mondovì,ruy517,https://bounce.com/stores/villanova-mondovì/ruy517,error,2026-10-08
fc3429b8-459e-41de-8105-63ced600a0c1,villanova-mondovì,cr_rsd,https://bounce.com/stores/villanova-mondovì/cr_rsd,error,2026-10-08
c854604b-76c7-47d2-9664-3a0459cd75e8,villanova-mondovì,pgp-zk,https://bounce.com/stores/villanova-mondovì/pgp-zk,error,2026-10-08
c43e6e27-423c-4af5-9cbd-d29c4df12237,san-nicolò-di-comelico,2ncuyf,https://bounce.com/stores/san-nicolò-di-comelico/2ncuyf,error,2026-10-08
e118373e-99c7-47e1-9c26-d24a00debca3,san-nicolò-di-comelico,osd6jr,https://bounce.com/stores/san-nicolò-di-comelico/osd6jr,error,2026-10-08
64101fd8-1b74-4eba-895f-b6b02a2a6161,san-nicolò-di-comelico,sehrn-,https://bounce.com/stores/san-nicolò-di-comelico/sehrn-,error,2026-10-08
9b2d5d83-51fd-4dd3-9e3a-69b22e5893af,san-nicolò-d'arcidano,eujf45,https://bounce.com/stores/san-nicolò-d'arcidano/eujf45,error,2026-10-08
11344f38-9e3a-4b31-9373-dd65d6c66211,san-nicolò-d'arcidano,qew-hi,https://bounce.com/stores/san-nicolò-d'arcidano/qew-hi,error,2026-10-08
c0fbf929-a106-409d-89d7-62c82af9bd12,cassano-all’ionio,jzizk9,https://bounce.com/stores/cassano-all’ionio/jzizk9,error,2026-10-08
