day,city,points,capacity,peak,peak_pct,last,arrivals
2026-09-23,agrigento,12,120,16,13.3,16,16
2026-09-23,alessandria,2,0,0,,0,0
2026-09-23,ancona,13,110,10,9.1,9,10
2026-09-23,aosta,6,0,2,,2,2
2026-09-23,arezzo,8,15,3,20.0,3,3
2026-09-23,ascoli-piceno,2,0,0,,0,0
2026-09-23,avellino,16,0,0,,0,0
2026-09-23,bari,68,1067,251,23.5,249,251
2026-09-23,belluno,6,0,2,,2,2
2026-09-23,benevento,5,0,0,,0,0
2026-09-23,bergamo,48,275,171,62.2,171,172
2026-09-23,bologna,100,1168,416,35.6,408,416
2026-09-23,bolzano,8,0,21,,21,21
2026-09-23,brescia,53,120,2,1.7,2,2
2026-09-23,brindisi,11,200,14,7.0,13,14
2026-09-23,cagliari,33,0,27,,25,27
2026-09-23,campobasso,3,100,1,1.0,1,1
2026-09-23,caserta,107,120,0,0.0,0,0
2026-09-23,catania,138,1020,152,14.9,148,152
2026-09-23,catanzaro,11,0,1,,1,1
2026-09-23,cesena,26,105,3,2.9,3,3
2026-09-23,chieti,12,25,1,4.0,1,1
2026-09-23,como,29,245,124,50.6,123,124
2026-09-23,cosenza,23,0,0,,0,0
2026-09-23,cremona,7,0,1,,1,1
2026-09-23,crotone,5,100,0,0.0,0,0
2026-09-23,cuneo,1,0,0,,0,0
2026-09-23,enna,3,5,0,0.0,0,0
2026-09-23,ferrara,10,50,3,6.0,3,3
2026-09-23,florence,115,1146,1302,113.6,1290,1305
2026-09-23,foggia,13,20,1,5.0,1,1
2026-09-23,frosinone,43,0,0,,0,0
2026-09-23,genoa,37,256,75,29.3,75,75
2026-09-23,isernia,4,30,0,0.0,0,0
2026-09-23,la-spezia,14,81,49,60.5,48,49
2026-09-23,laquila,8,0,0,,0,0
2026-09-23,latina,35,0,0,,0,0
2026-09-23,lecce,24,525,32,6.1,32,32
2026-09-23,lecco,12,80,16,20.0,16,16
2026-09-23,livorno,10,55,8,14.5,8,8
2026-09-23,lucca,10,146,39,26.7,39,39
2026-09-23,matera,17,35,12,34.3,12,12
2026-09-23,messina,42,120,16,13.3,16,16
2026-09-23,milan,307,3126,2297,73.5,2279,2298
2026-09-23,modena,26,110,27,24.5,26,27
2026-09-23,monza,13,0,2,,2,2
2026-09-23,naples,416,3109,544,17.5,538,544
2026-09-23,novara,13,0,0,,0,0
2026-09-23,olbia,6,0,26,,25,26
2026-09-23,oristano,6,0,0,,0,0
2026-09-23,padova,33,267,39,14.6,38,39
2026-09-23,palermo,107,1166,356,30.5,354,356
2026-09-23,parma,24,60,28,46.7,27,28
2026-09-23,pavia,9,35,1,2.9,1,1
2026-09-23,perugia,19,155,17,11.0,17,17
2026-09-23,pesaro,4,6,1,16.7,1,1
2026-09-23,pescara,29,45,19,42.2,19,19
2026-09-23,piacenza,16,25,0,0.0,0,0
2026-09-23,pisa,37,897,320,35.7,318,320
2026-09-23,pordenone,12,0,0,,0,0
2026-09-23,potenza,14,0,0,,0,0
2026-09-23,ragusa,16,80,1,1.2,1,1
2026-09-23,ravenna,12,100,32,32.0,32,32
2026-09-23,reggio-calabria,19,300,3,1.0,3,3
2026-09-23,reggio-emilia,8,0,0,,0,0
2026-09-23,rieti,3,0,0,,0,0
2026-09-23,rimini,19,160,30,18.8,30,30
2026-09-23,rome,490,8053,3101,38.5,3067,3104
2026-09-23,salerno,58,595,66,11.1,65,66
2026-09-23,sassari,9,0,1,,1,1
2026-09-23,savona,9,0,1,,1,1
2026-09-23,siena,14,32,36,112.5,36,36
2026-09-23,sondrio,8,0,0,,0,0
2026-09-23,taranto,15,90,1,1.1,1,1
2026-09-23,tempio-pausania,3,0,0,,0,0
2026-09-23,teramo,8,0,0,,0,0
2026-09-23,terni,6,6,0,0.0,0,0
2026-09-23,trani,17,0,3,,3,3
2026-09-23,trapani,18,195,9,4.6,9,9
2026-09-23,trento,11,20,1,5.0,1,1
2026-09-23,treviso,26,5,20,400.0,20,20
2026-09-23,trieste,23,16,45,281.2,42,45
2026-09-23,turin,96,612,196,32.0,195,196
2026-09-23,udine,21,0,2,,2,2
2026-09-23,varese,13,100,5,5.0,5,5
2026-09-23,venice,93,1561,1365,87.4,1344,1367
2026-09-23,verbania,12,210,14,6.7,14,14
2026-09-23,vercelli,3,10,1,10.0,1,1
2026-09-23,verona,65,243,208,85.6,204,208
2026-09-23,vibo-valentia,15,0,4,,4,4
2026-09-23,vicenza,25,10,14,140.0,14,14
2026-09-23,viterbo,5,10,2,20.0,2,2
2026-09-24,agrigento,12,120,16,13.3,16,16
2026-09-24,alessandria,2,0,0,,0,0
2026-09-24,ancona,13,110,11,10.0,11,11
2026-09-24,aosta,6,0,2,,2,2
2026-09-24,arezzo,8,15,3,20.0,2,3
2026-09-24,ascoli-piceno,2,0,0,,0,0
2026-09-24,avellino,16,0,0,,0,0
2026-09-24,bari,68,1067,260,24.4,246,261
2026-09-24,belluno,6,0,2,,2,2
2026-09-24,benevento,5,0,0,,0,0
2026-09-24,bergamo,48,275,173,62.9,162,173
2026-09-24,bologna,100,1168,432,37.0,413,435
2026-09-24,bolzano,8,0,21,,21,21
2026-09-24,brescia,53,120,3,2.5,3,3
2026-09-24,brindisi,11,200,13,6.5,11,13
2026-09-24,cagliari,33,0,27,,24,27
2026-09-24,campobasso,3,100,1,1.0,1,1
2026-09-24,caserta,107,120,0,0.0,0,0
2026-09-24,catania,138,1020,158,15.5,149,160
2026-09-24,catanzaro,11,0,1,,0,1
2026-09-24,cesena,26,105,3,2.9,3,3
2026-09-24,chieti,12,25,1,4.0,1,1
2026-09-24,como,29,245,128,52.2,120,132
2026-09-24,cosenza,23,0,0,,0,0
2026-09-24,cremona,7,0,1,,1,1
2026-09-24,crotone,5,100,0,0.0,0,0
2026-09-24,cuneo,1,0,0,,0,0
2026-09-24,enna,3,5,0,0.0,0,0
2026-09-24,ferrara,10,50,4,8.0,4,4
2026-09-24,florence,115,1146,1363,118.9,1325,1371
2026-09-24,foggia,13,20,1,5.0,0,1
2026-09-24,frosinone,43,0,0,,0,0
2026-09-24,genoa,37,256,79,30.9,74,80
2026-09-24,isernia,4,30,0,0.0,0,0
2026-09-24,la-spezia,14,81,54,66.7,50,55
2026-09-24,laquila,8,0,0,,0,0
2026-09-24,latina,35,0,0,,0,0
2026-09-24,lecce,24,525,32,6.1,26,32
2026-09-24,lecco,12,80,16,20.0,14,16
2026-09-24,livorno,10,55,9,16.4,9,9
2026-09-24,lucca,10,146,41,28.1,38,41
2026-09-24,matera,17,35,14,40.0,10,14
2026-09-24,messina,42,120,20,16.7,20,20
2026-09-24,milan,308,3126,2409,77.1,2317,2433
2026-09-24,modena,26,110,27,24.5,22,27
2026-09-24,monza,13,0,2,,2,2
2026-09-24,naples,416,3109,586,18.8,546,594
2026-09-24,novara,13,0,0,,0,0
2026-09-24,olbia,6,0,27,,26,27
2026-09-24,oristano,6,0,0,,0,0
2026-09-24,padova,33,267,38,14.2,31,39
2026-09-24,palermo,107,1166,372,31.9,341,373
2026-09-24,parma,24,60,32,53.3,31,32
2026-09-24,pavia,9,35,1,2.9,1,1
2026-09-24,perugia,19,155,18,11.6,15,18
2026-09-24,pesaro,4,6,1,16.7,1,1
2026-09-24,pescara,29,45,19,42.2,19,19
2026-09-24,piacenza,16,25,1,4.0,0,1
2026-09-24,pisa,37,897,344,38.4,323,347
2026-09-24,pordenone,12,0,1,,1,1
2026-09-24,potenza,14,0,0,,0,0
2026-09-24,ragusa,16,80,1,1.2,1,1
2026-09-24,ravenna,12,100,35,35.0,34,35
2026-09-24,reggio-calabria,19,300,3,1.0,2,3
2026-09-24,reggio-emilia,8,0,0,,0,0
2026-09-24,rieti,3,0,0,,0,0
2026-09-24,rimini,19,160,30,18.8,30,31
2026-09-24,rome,490,8053,3298,41.0,3190,3332
2026-09-24,salerno,58,595,69,11.6,67,71
2026-09-24,sassari,9,0,1,,1,1
2026-09-24,savona,9,0,1,,1,1
2026-09-24,siena,14,32,40,125.0,40,42
2026-09-24,sondrio,8,0,0,,0,0
2026-09-24,taranto,15,90,1,1.1,1,1
2026-09-24,tempio-pausania,3,0,0,,0,0
2026-09-24,teramo,8,0,0,,0,0
2026-09-24,terni,6,6,0,0.0,0,0
2026-09-24,trani,17,0,3,,2,3
2026-09-24,trapani,18,195,12,6.2,11,12
2026-09-24,trento,11,20,1,5.0,0,1
2026-09-24,treviso,26,5,23,460.0,22,23
2026-09-24,trieste,23,16,47,293.8,45,47
2026-09-24,turin,96,612,207,33.8,189,208
2026-09-24,udine,21,0,4,,3,4
2026-09-24,varese,13,100,5,5.0,4,5
2026-09-24,venice,93,1561,1416,90.7,1365,1426
2026-09-24,verbania,12,210,15,7.1,13,15
2026-09-24,vercelli,3,10,1,10.0,1,1
2026-09-24,verona,65,243,228,93.8,222,228
2026-09-24,vibo-valentia,15,0,4,,4,4
2026-09-24,vicenza,25,10,15,150.0,15,15
2026-09-24,viterbo,5,10,2,20.0,1,2
2026-09-25,agrigento,12,120,18,15.0,17,18
2026-09-25,alessandria,2,0,0,,0,0
2026-09-25,ancona,13,110,11,10.0,9,11
2026-09-25,aosta,6,0,2,,2,2
2026-09-25,arezzo,8,15,2,13.3,1,2
2026-09-25,ascoli-piceno,2,0,0,,0,0
2026-09-25,avellino,16,0,0,,0,0
2026-09-25,bari,68,1067,251,23.5,238,253
2026-09-25,belluno,6,0,2,,0,2
2026-09-25,benevento,5,0,0,,0,0
2026-09-25,bergamo,48,275,169,61.5,159,174
2026-09-25,bologna,100,1168,445,38.1,414,453
2026-09-25,bolzano,8,0,21,,18,22
2026-09-25,brescia,53,120,3,2.5,2,3
2026-09-25,brindisi,11,200,13,6.5,12,13
2026-09-25,cagliari,33,0,24,,21,24
2026-09-25,campobasso,3,100,1,1.0,1,1
2026-09-25,caserta,107,120,0,0.0,0,0
2026-09-25,catania,138,1020,158,15.5,142,162
2026-09-25,catanzaro,11,0,0,,0,0
2026-09-25,cesena,26,105,3,2.9,2,3
2026-09-25,chieti,12,25,1,4.0,1,1
2026-09-25,como,29,245,130,53.1,122,133
2026-09-25,cosenza,23,0,0,,0,0
2026-09-25,cremona,7,0,1,,1,1
2026-09-25,crotone,5,100,0,0.0,0,0
2026-09-25,cuneo,1,0,0,,0,0
2026-09-25,enna,3,5,0,0.0,0,0
2026-09-25,ferrara,10,50,4,8.0,4,4
2026-09-25,florence,115,1146,1377,120.2,1304,1402
2026-09-25,foggia,13,20,0,0.0,0,0
2026-09-25,frosinone,43,0,0,,0,0
2026-09-25,genoa,37,256,78,30.5,66,78
2026-09-25,isernia,4,30,0,0.0,0,0
2026-09-25,la-spezia,14,81,52,64.2,48,53
2026-09-25,laquila,8,0,0,,0,0
2026-09-25,latina,35,0,0,,0,0
2026-09-25,lecce,24,525,31,5.9,28,32
2026-09-25,lecco,12,80,14,17.5,13,14
2026-09-25,livorno,10,55,10,18.2,8,10
2026-09-25,lucca,10,146,41,28.1,40,42
2026-09-25,matera,17,35,12,34.3,11,12
2026-09-25,messina,42,120,22,18.3,22,22
2026-09-25,milan,308,3126,2476,79.2,2377,2511
2026-09-25,modena,26,110,26,23.6,26,28
2026-09-25,monza,13,0,2,,2,2
2026-09-25,naples,416,3109,577,18.6,530,588
2026-09-25,novara,13,0,0,,0,0
2026-09-25,olbia,6,0,26,,21,26
2026-09-25,oristano,6,0,0,,0,0
2026-09-25,padova,33,267,39,14.6,34,39
2026-09-25,palermo,107,1166,358,30.7,331,362
2026-09-25,parma,24,60,35,58.3,33,36
2026-09-25,pavia,9,35,1,2.9,0,1
2026-09-25,perugia,19,155,17,11.0,14,17
2026-09-25,pesaro,4,6,1,16.7,0,1
2026-09-25,pescara,29,45,20,44.4,18,21
2026-09-25,piacenza,16,25,0,0.0,0,0
2026-09-25,pisa,37,897,344,38.4,321,349
2026-09-25,pordenone,12,0,1,,1,1
2026-09-25,potenza,14,0,0,,0,0
2026-09-25,ragusa,16,80,1,1.2,1,1
2026-09-25,ravenna,12,100,34,34.0,33,35
2026-09-25,reggio-calabria,19,300,3,1.0,3,3
2026-09-25,reggio-emilia,8,0,1,,1,1
2026-09-25,rieti,3,0,0,,0,0
2026-09-25,rimini,19,160,32,20.0,31,32
2026-09-25,rome,491,8053,3386,42.0,3208,3447
2026-09-25,salerno,58,595,71,11.9,64,74
2026-09-25,sassari,9,0,2,,1,2
2026-09-25,savona,9,0,1,,1,1
2026-09-25,siena,14,32,43,134.4,40,45
2026-09-25,sondrio,8,0,0,,0,0
2026-09-25,taranto,15,90,2,2.2,2,2
2026-09-25,tempio-pausania,3,0,0,,0,0
2026-09-25,teramo,8,0,0,,0,0
2026-09-25,terni,6,6,0,0.0,0,0
2026-09-25,trani,17,0,2,,1,2
2026-09-25,trapani,18,195,11,5.6,11,11
2026-09-25,trento,11,20,0,0.0,0,0
2026-09-25,treviso,26,5,21,420.0,17,21
2026-09-25,trieste,23,16,50,312.5,46,51
2026-09-25,turin,98,612,206,33.7,183,210
2026-09-25,udine,21,0,3,,3,3
2026-09-25,varese,13,100,4,4.0,3,4
2026-09-25,venice,93,1561,1435,91.9,1374,1465
2026-09-25,verbania,12,210,16,7.6,15,16
2026-09-25,vercelli,3,10,1,10.0,1,1
2026-09-25,verona,65,243,232,95.5,213,236
2026-09-25,vibo-valentia,15,0,4,,4,4
2026-09-25,vicenza,25,10,15,150.0,14,15
2026-09-25,viterbo,5,10,1,10.0,1,1
2026-09-26,agrigento,12,120,18,15.0,18,19
2026-09-26,alessandria,2,0,0,,0,0
2026-09-26,ancona,13,110,14,12.7,14,14
2026-09-26,aosta,6,0,2,,1,2
2026-09-26,arezzo,8,15,1,6.7,0,1
2026-09-26,ascoli-piceno,2,0,0,,0,0
2026-09-26,avellino,16,0,0,,0,0
2026-09-26,bari,68,1067,254,23.8,233,264
2026-09-26,belluno,6,0,0,,0,0
2026-09-26,benevento,5,0,0,,0,0
2026-09-26,bergamo,48,275,164,59.6,153,171
2026-09-26,bologna,100,1168,443,37.9,421,459
2026-09-26,bolzano,8,0,18,,16,19
2026-09-26,brescia,53,120,3,2.5,3,3
2026-09-26,brindisi,11,200,12,6.0,7,12
2026-09-26,cagliari,33,0,27,,25,27
2026-09-26,campobasso,3,100,1,1.0,1,1
2026-09-26,caserta,107,120,1,0.8,1,1
2026-09-26,catania,138,1020,157,15.4,141,160
2026-09-26,catanzaro,11,0,0,,0,0
2026-09-26,cesena,26,105,2,1.9,1,2
2026-09-26,chieti,12,25,2,8.0,2,2
2026-09-26,como,29,245,129,52.7,116,137
2026-09-26,cosenza,23,0,0,,0,0
2026-09-26,cremona,7,0,1,,1,1
2026-09-26,crotone,5,100,0,0.0,0,0
2026-09-26,cuneo,1,0,0,,0,0
2026-09-26,enna,3,5,0,0.0,0,0
2026-09-26,ferrara,10,50,4,8.0,3,4
2026-09-26,florence,115,1146,1361,118.8,1288,1407
2026-09-26,foggia,13,20,0,0.0,0,0
2026-09-26,frosinone,43,0,0,,0,0
2026-09-26,genoa,37,256,72,28.1,60,74
2026-09-26,isernia,4,30,0,0.0,0,0
2026-09-26,la-spezia,14,81,48,59.3,42,50
2026-09-26,laquila,8,0,0,,0,0
2026-09-26,latina,35,0,0,,0,0
2026-09-26,lecce,24,525,28,5.3,27,29
2026-09-26,lecco,12,80,17,21.2,16,17
2026-09-26,livorno,10,55,8,14.5,7,8
2026-09-26,lucca,10,146,41,28.1,33,41
2026-09-26,matera,17,35,12,34.3,10,12
2026-09-26,messina,42,120,22,18.3,20,25
2026-09-26,milan,308,3126,2558,81.8,2439,2613
2026-09-26,modena,26,110,27,24.5,24,27
2026-09-26,monza,13,0,4,,4,4
2026-09-26,naples,416,3109,576,18.5,537,599
2026-09-26,novara,13,0,0,,0,0
2026-09-26,olbia,6,0,21,,15,21
2026-09-26,oristano,6,0,0,,0,0
2026-09-26,padova,33,267,37,13.9,33,38
2026-09-26,palermo,107,1166,358,30.7,334,378
2026-09-26,parma,24,60,36,60.0,34,36
2026-09-26,pavia,9,35,0,0.0,0,0
2026-09-26,perugia,19,155,16,10.3,16,16
2026-09-26,pesaro,4,6,0,0.0,0,0
2026-09-26,pescara,29,45,21,46.7,16,21
2026-09-26,piacenza,16,25,0,0.0,0,0
2026-09-26,pisa,37,897,336,37.5,322,352
2026-09-26,pordenone,12,0,1,,1,1
2026-09-26,potenza,14,0,0,,0,0
2026-09-26,ragusa,16,80,2,2.5,2,2
2026-09-26,ravenna,12,100,34,34.0,30,35
2026-09-26,reggio-calabria,19,300,3,1.0,3,3
2026-09-26,reggio-emilia,8,0,1,,1,1
2026-09-26,rieti,3,0,0,,0,0
2026-09-26,rimini,19,160,32,20.0,32,37
2026-09-26,rome,491,8053,3454,42.9,3299,3548
2026-09-26,salerno,58,595,73,12.3,68,74
2026-09-26,sassari,9,0,1,,1,1
2026-09-26,savona,9,0,1,,1,1
2026-09-26,siena,14,32,42,131.2,40,42
2026-09-26,sondrio,8,0,0,,0,0
2026-09-26,taranto,15,90,2,2.2,2,2
2026-09-26,tempio-pausania,3,0,0,,0,0
2026-09-26,teramo,8,0,0,,0,0
2026-09-26,terni,6,6,0,0.0,0,0
2026-09-26,trani,17,0,1,,0,1
2026-09-26,trapani,18,195,12,6.2,10,12
2026-09-26,trento,11,20,0,0.0,0,0
2026-09-26,treviso,26,5,26,520.0,24,27
2026-09-26,trieste,23,16,49,306.2,44,50
2026-09-26,turin,98,612,208,34.0,182,212
2026-09-26,udine,21,0,3,,3,3
2026-09-26,varese,13,100,4,4.0,4,4
2026-09-26,venice,93,1561,1452,93.0,1347,1513
2026-09-26,verbania,12,210,15,7.1,12,15
2026-09-26,vercelli,3,10,1,10.0,1,1
2026-09-26,verona,65,243,228,93.8,209,237
2026-09-26,vibo-valentia,15,0,5,,4,5
2026-09-26,vicenza,25,10,14,140.0,11,15
2026-09-26,viterbo,5,10,1,10.0,1,1
2026-09-27,abbasanta,1,0,0,,0,0
2026-09-27,acqui-terme,4,0,0,,0,0
2026-09-27,acri,1,0,0,,0,0
2026-09-27,agrigento,12,120,18,15.0,18,19
2026-09-27,agropoli,1,0,0,,0,0
2026-09-27,alassio,1,0,0,,0,0
2026-09-27,alatri,3,0,0,,0,0
2026-09-27,alba,2,0,0,,0,0
2026-09-27,alba-adriatica,1,0,0,,0,0
2026-09-27,alberobello,9,25,10,40.0,9,10
2026-09-27,alessandria,2,0,0,,0,0
2026-09-27,alghero,9,20,6,30.0,6,6
2026-09-27,alicudi,1,0,0,,0,0
2026-09-27,alviano,2,0,0,,0,0
2026-09-27,amalfi,9,280,41,14.6,41,41
2026-09-27,amantea,1,0,0,,0,0
2026-09-27,ancona,13,110,14,12.7,13,14
2026-09-27,antey-saint-andre-it,1,0,0,,0,0
2026-09-27,aosta,6,0,1,,1,1
2026-09-27,aprilia,1,0,0,,0,0
2026-09-27,arce,1,0,0,,0,0
2026-09-27,arcidosso,1,0,0,,0,0
2026-09-27,arezzo,8,15,1,6.7,1,1
2026-09-27,ariano-irpino,1,0,0,,0,0
2026-09-27,arona,5,0,1,,1,1
2026-09-27,ascoli-piceno,2,0,0,,0,0
2026-09-27,assisi,11,125,11,8.8,11,11
2026-09-27,atrani,1,0,0,,0,0
2026-09-27,atripalda,2,0,0,,0,0
2026-09-27,auer,1,0,0,,0,0
2026-09-27,augusta-9d,5,0,0,,0,0
2026-09-27,avellino,16,0,0,,0,0
2026-09-27,aviano,1,0,0,,0,0
2026-09-27,bardi,1,0,0,,0,0
2026-09-27,bari,68,1067,241,22.6,228,252
2026-09-27,barisciano,1,0,0,,0,0
2026-09-27,battipaglia,23,0,0,,0,0
2026-09-27,bedonia,1,0,0,,0,0
2026-09-27,bellagio,2,0,16,,16,16
2026-09-27,belluno,6,0,0,,0,0
2026-09-27,belmonte-calabro,3,0,0,,0,0
2026-09-27,benevento,5,0,0,,0,0
2026-09-27,bergamo,48,275,163,59.3,153,168
2026-09-27,biancavilla,1,0,0,,0,0
2026-09-27,biella,6,0,0,,0,0
2026-09-27,bojano,1,0,0,,0,0
2026-09-27,bolgheri,1,0,0,,0,0
2026-09-27,bologna,100,1168,443,37.9,415,466
2026-09-27,bolzano,8,0,16,,16,17
2026-09-27,bordighera,3,0,2,,2,2
2026-09-27,borgo-valbelluna,8,0,0,,0,0
2026-09-27,borno-it,4,0,0,,0,0
2026-09-27,bovalino,1,0,0,,0,0
2026-09-27,boville-ernica,1,0,0,,0,0
2026-09-27,brescia,53,120,3,2.5,3,3
2026-09-27,brindisi,11,200,7,3.5,6,7
2026-09-27,broni,2,0,0,,0,0
2026-09-27,bronte,7,0,0,,0,0
2026-09-27,bruneck,2,0,1,,1,1
2026-09-27,buja,5,0,0,,0,0
2026-09-27,cagliari,33,0,30,,28,30
2026-09-27,cairo-montenotte,1,0,0,,0,0
2026-09-27,camogli,2,0,12,,12,12
2026-09-27,campobasso,3,100,1,1.0,1,1
2026-09-27,canale-di-pergine-valsugana,1,0,0,,0,0
2026-09-27,canelli,3,0,0,,0,0
2026-09-27,canosa-di-puglia,8,100,0,0.0,0,0
2026-09-27,caorle-it,1,0,0,,0,0
2026-09-27,capistrello,7,0,0,,0,0
2026-09-27,capo-d'orlando,9,0,0,,0,0
2026-09-27,capri,3,100,57,57.0,56,57
2026-09-27,cardano-al-campo,19,0,12,,11,12
2026-09-27,cariati,1,0,0,,0,0
2026-09-27,carlentini,2,0,0,,0,0
2026-09-27,carpegna,1,0,0,,0,0
2026-09-27,casalbore,2,0,0,,0,0
2026-09-27,casarsa-della-delizia,1,0,0,,0,0
2026-09-27,caserta,107,120,1,0.8,1,1
2026-09-27,cassano-all’ionio,1,0,0,,0,0
2026-09-27,cassino,21,0,1,,1,1
2026-09-27,castel-madama,2,0,0,,0,0
2026-09-27,castel-volturno,1,0,0,,0,0
2026-09-27,castelcovati,4,0,0,,0,0
2026-09-27,castellammare-del-golfo,5,50,1,2.0,1,1
2026-09-27,castellammare-di-stabia,16,5,0,0.0,0,0
2026-09-27,castellana-grotte-bari-it,1,0,1,,1,1
2026-09-27,castelnovo-ne'-monti,2,0,0,,0,0
2026-09-27,castelnuovo-don-bosco,1,0,0,,0,0
2026-09-27,castelvetrano,3,0,0,,0,0
2026-09-27,castiglione-del-lago,2,50,0,0.0,0,0
2026-09-27,castrovillari,1,0,0,,0,0
2026-09-27,catania,138,1020,153,15.0,137,157
2026-09-27,catanzaro,11,0,0,,0,0
2026-09-27,cattolica,5,60,0,0.0,0,0
2026-09-27,cecina,2,0,0,,0,0
2026-09-27,cefalu,5,130,25,19.2,25,25
2026-09-27,celano,3,0,0,,0,0
2026-09-27,cellole,10,0,0,,0,0
2026-09-27,cervignano-del-friuli,7,0,1,,1,1
2026-09-27,cesena,26,105,3,2.9,3,3
2026-09-27,ceva,1,0,0,,0,0
2026-09-27,cherasco,1,0,0,,0,0
2026-09-27,chiari,1,0,0,,0,0
2026-09-27,chiavari,2,0,0,,0,0
2026-09-27,chieti,12,25,2,8.0,1,2
2026-09-27,chiusi,3,15,1,6.7,1,1
2026-09-27,cicagna-it,1,0,0,,0,0
2026-09-27,cipressino,1,0,0,,0,0
2026-09-27,citta-di-castello,1,0,0,,0,0
2026-09-27,cittanova,5,0,0,,0,0
2026-09-27,civitanova-marche,8,0,0,,0,0
2026-09-27,civitavecchia,1,0,0,,0,0
2026-09-27,civitella-del-tronto,1,0,0,,0,0
2026-09-27,cles,2,0,0,,0,0
2026-09-27,colletorto,1,0,0,,0,0
2026-09-27,como,29,245,124,50.6,117,129
2026-09-27,conegliano,5,0,0,,0,0
2026-09-27,conselice,1,0,0,,0,0
2026-09-27,conselve,1,0,0,,0,0
2026-09-27,corfinio,1,0,0,,0,0
2026-09-27,corinaldo,3,0,0,,0,0
2026-09-27,corleone,3,0,0,,0,0
2026-09-27,corridonia,6,0,0,,0,0
2026-09-27,cortina-dampezzo,1,0,3,,3,3
2026-09-27,cortona-ar-it,1,0,0,,0,0
2026-09-27,cosenza,23,0,0,,0,0
2026-09-27,courmayeur,3,0,5,,4,5
2026-09-27,cremona,7,0,1,,1,1
2026-09-27,crotone,5,100,0,0.0,0,0
2026-09-27,cuneo,1,0,0,,0,0
2026-09-27,desenzano-del-garda,8,40,8,20.0,8,8
2026-09-27,dogliani,2,30,0,0.0,0,0
2026-09-27,domodossola,2,20,1,5.0,1,1
2026-09-27,dorno,1,0,0,,0,0
2026-09-27,elba,8,190,2,1.1,2,2
2026-09-27,enna,3,5,0,0.0,0,0
2026-09-27,ercolano,31,60,2,3.3,2,2
2026-09-27,esine,1,0,0,,0,0
2026-09-27,faenza,4,35,6,17.1,6,6
2026-09-27,fano,4,0,0,,0,0
2026-09-27,fasano,3,100,0,0.0,0,0
2026-09-27,favignana,3,0,1,,1,1
2026-09-27,ferrara,10,50,4,8.0,4,4
2026-09-27,filicudi,1,30,0,0.0,0,0
2026-09-27,finale-ligure,2,0,3,,3,3
2026-09-27,fiumicino,1,0,1,,1,1
2026-09-27,florence,115,1146,1350,117.8,1280,1404
2026-09-27,foggia,13,20,0,0.0,0,0
2026-09-27,follonica,1,0,0,,0,0
2026-09-27,fondi,1,0,0,,0,0
2026-09-27,fonte,1,0,0,,0,0
2026-09-27,forio,3,0,0,,0,0
2026-09-27,formia,9,0,0,,0,0
2026-09-27,fossano,3,0,0,,0,0
2026-09-27,frosinone,43,0,0,,0,0
2026-09-27,gaggio-montano,3,0,0,,0,0
2026-09-27,gagliano-del-capo,3,0,0,,0,0
2026-09-27,gallarate,1,0,4,,4,4
2026-09-27,gallipoli,9,0,1,,1,1
2026-09-27,gardone-val-trompia,1,0,0,,0,0
2026-09-27,gela,2,0,0,,0,0
2026-09-27,genoa,37,256,68,26.6,56,68
2026-09-27,ghemme,2,0,0,,0,0
2026-09-27,giardini-naxos,3,30,1,3.3,1,1
2026-09-27,gioiosa-marea,1,0,0,,0,0
2026-09-27,giurdignano,1,0,0,,0,0
2026-09-27,gliaca-me-it,1,0,0,,0,0
2026-09-27,godiasco,2,0,0,,0,0
2026-09-27,golfo-aranci,1,0,0,,0,0
2026-09-27,gosaldo,1,0,0,,0,0
2026-09-27,grado,2,0,0,,0,0
2026-09-27,grammichele,4,0,1,,1,1
2026-09-27,grassano,1,0,0,,0,0
2026-09-27,greve-in-chianti,1,0,1,,1,1
2026-09-27,grottaferrata-rome,1,10,0,0.0,0,0
2026-09-27,guarcino,1,0,0,,0,0
2026-09-27,gubbio,2,0,0,,0,0
2026-09-27,iesi,5,0,0,,0,0
2026-09-27,iglesias,3,0,0,,0,0
2026-09-27,ilbono,3,0,0,,0,0
2026-09-27,imola,6,0,0,,0,0
2026-09-27,inzago,1,0,0,,0,0
2026-09-27,irgoli,3,0,0,,0,0
2026-09-27,ischia,12,450,25,5.6,23,25
2026-09-27,ischia-di-castro,3,0,0,,0,0
2026-09-27,iseo,1,0,0,,0,0
2026-09-27,isernia,4,30,0,0.0,0,0
2026-09-27,isola-della-scala-vr-it,1,0,0,,0,0
2026-09-27,isola-di-capo-rizzuto,2,0,0,,0,0
2026-09-27,isola-di-salina,3,0,1,,1,1
2026-09-27,ivrea,3,20,0,0.0,0,0
2026-09-27,jesolo,4,0,2,,2,2
2026-09-27,la-spezia,14,81,47,58.0,39,47
2026-09-27,laino-castello,3,0,0,,0,0
2026-09-27,lamezia-terme,14,0,1,,1,1
2026-09-27,lampedusa,18,50,0,0.0,0,0
2026-09-27,laquila,8,0,0,,0,0
2026-09-27,larino,1,0,0,,0,0
2026-09-27,latina,35,0,0,,0,0
2026-09-27,latronico,1,0,0,,0,0
2026-09-27,lauria,3,0,0,,0,0
2026-09-27,lauro,1,0,0,,0,0
2026-09-27,lecce,24,525,29,5.5,25,29
2026-09-27,lecco,12,80,17,21.2,12,17
2026-09-27,legnano,11,100,0,0.0,0,0
2026-09-27,lesina,1,0,0,,0,0
2026-09-27,letojanni-me-it,1,0,0,,0,0
2026-09-27,levanto,2,0,1,,1,1
2026-09-27,licata,3,0,0,,0,0
2026-09-27,lignano-sabbiadoro,1,0,0,,0,0
2026-09-27,linosa,2,0,0,,0,0
2026-09-27,lioni,3,0,0,,0,0
2026-09-27,lipari,5,30,1,3.3,1,1
2026-09-27,livigno,1,50,0,0.0,0,0
2026-09-27,livorno,10,55,7,12.7,5,7
2026-09-27,locri,6,0,0,,0,0
2026-09-27,lodi-75,2,0,0,,0,0
2026-09-27,lucca,10,146,32,21.9,27,35
2026-09-27,lucera,1,0,0,,0,0
2026-09-27,madonna-di-campiglio,4,8,0,0.0,0,0
2026-09-27,magenta,1,0,0,,0,0
2026-09-27,maggiora,1,0,0,,0,0
2026-09-27,maglie,4,0,0,,0,0
2026-09-27,magnano-in-riviera,1,0,0,,0,0
2026-09-27,maiori,2,30,5,16.7,5,5
2026-09-27,manciano,1,0,0,,0,0
2026-09-27,manfredonia,7,0,0,,0,0
2026-09-27,mangone,1,0,0,,0,0
2026-09-27,mantua-d6,3,0,0,,0,0
2026-09-27,maranello,1,50,0,0.0,0,0
2026-09-27,marina-di-camerota,1,6,0,0.0,0,0
2026-09-27,marina-di-santa-maria-del-cedro,4,0,0,,0,0
2026-09-27,marsala,12,100,2,2.0,2,2
2026-09-27,marsico-nuovo,1,0,0,,0,0
2026-09-27,marzocca,1,0,0,,0,0
2026-09-27,massa-lubrense,3,20,0,0.0,0,0
2026-09-27,matelica,4,0,0,,0,0
2026-09-27,matera,17,35,13,37.1,12,13
2026-09-27,melito-di-porto-salvo,2,0,0,,0,0
2026-09-27,merano,4,0,0,,0,0
2026-09-27,messina,42,120,33,27.5,31,34
2026-09-27,meta,5,100,1,1.0,1,1
2026-09-27,milan,307,3126,2624,83.9,2490,2709
2026-09-27,milazzo,21,100,6,6.0,6,6
2026-09-27,mira,1,25,0,0.0,0,0
2026-09-27,mirabella-imbaccari,4,0,0,,0,0
2026-09-27,misano-adriatico,3,100,0,0.0,0,0
2026-09-27,mistretta,1,0,0,,0,0
2026-09-27,modena,26,110,26,23.6,24,26
2026-09-27,monasterace-marina,3,0,0,,0,0
2026-09-27,moneglia,1,0,0,,0,0
2026-09-27,monopoli,10,150,71,47.3,70,71
2026-09-27,monreale-fr,1,0,0,,0,0
2026-09-27,montagnana,9,10,0,0.0,0,0
2026-09-27,montalbano-jonico,3,0,0,,0,0
2026-09-27,montalcino,4,15,0,0.0,0,0
2026-09-27,montalto-di-castro,2,0,0,,0,0
2026-09-27,monte-argentario,2,0,0,,0,0
2026-09-27,monte-san-savino,2,0,0,,0,0
2026-09-27,montecatini-terme,8,20,0,0.0,0,0
2026-09-27,montegabbione,1,0,0,,0,0
2026-09-27,montepaone,5,0,0,,0,0
2026-09-27,monterosso,2,0,25,,25,25
2026-09-27,montespertoli,3,0,0,,0,0
2026-09-27,montevarchi,1,10,0,0.0,0,0
2026-09-27,monza,13,0,4,,4,4
2026-09-27,monzuno,2,0,0,,0,0
2026-09-27,motta-visconti,1,0,0,,0,0
2026-09-27,mottafollone,2,0,0,,0,0
2026-09-27,muccia,1,0,0,,0,0
2026-09-27,muravera,1,0,0,,0,0
2026-09-27,naples,416,3109,577,18.6,548,607
2026-09-27,nicorvo,3,0,0,,0,0
2026-09-27,nicosia-28,5,0,0,,0,0
2026-09-27,niscemi,2,0,0,,0,0
2026-09-27,noale-ve-italy,1,0,0,,0,0
2026-09-27,nocera-superiore,1,10,0,0.0,0,0
2026-09-27,notaresco-stazione,6,0,0,,0,0
2026-09-27,noto,4,30,2,6.7,2,2
2026-09-27,novara,13,0,0,,0,0
2026-09-27,nule,1,0,0,,0,0
2026-09-27,nuraminis,2,0,0,,0,0
2026-09-27,oderzo,4,0,0,,0,0
2026-09-27,olbia,6,0,15,,15,15
2026-09-27,oliena,4,0,1,,1,1
2026-09-27,oristano,6,0,0,,0,0
2026-09-27,ortona,2,0,0,,0,0
2026-09-27,ortucchio,1,0,0,,0,0
2026-09-27,orvieto,5,10,2,20.0,2,2
2026-09-27,ostuni,8,0,5,,5,5
2026-09-27,otranto,4,10,0,0.0,0,0
2026-09-27,ottaviano,5,0,0,,0,0
2026-09-27,padova,33,267,34,12.7,34,35
2026-09-27,palau,3,0,2,,2,2
2026-09-27,palazzo-san-gervasio,1,0,0,,0,0
2026-09-27,palazzolo-acreide,1,0,0,,0,0
2026-09-27,palermo,107,1166,358,30.7,326,374
2026-09-27,palma-di-montechiaro,1,0,0,,0,0
2026-09-27,palmi,3,0,0,,0,0
2026-09-27,panarea,1,0,0,,0,0
2026-09-27,pantelleria,2,0,1,,1,1
2026-09-27,paola,1,0,0,,0,0
2026-09-27,paratico,9,0,0,,0,0
2026-09-27,parma,24,60,36,60.0,29,38
2026-09-27,pascione-quattro-strade,2,0,0,,0,0
2026-09-27,pavia,9,35,0,0.0,0,0
2026-09-27,pavullo-nel-frignano,1,0,0,,0,0
2026-09-27,pero,6,0,0,,0,0
2026-09-27,perugia,19,155,19,12.3,17,20
2026-09-27,pesaro,4,6,0,0.0,0,0
2026-09-27,pescara,29,45,22,48.9,22,22
2026-09-27,peschiera-del-garda,3,35,21,60.0,21,21
2026-09-27,piacenza,16,25,0,0.0,0,0
2026-09-27,piaggine,1,0,0,,0,0
2026-09-27,pieve-di-cento,2,0,0,,0,0
2026-09-27,pioltello-mi-it,1,0,0,,0,0
2026-09-27,piove-di-sacco,2,0,0,,0,0
2026-09-27,pisa,37,897,330,36.8,313,343
2026-09-27,ploaghe,1,0,0,,0,0
2026-09-27,pofi,1,0,0,,0,0
2026-09-27,polignano-a-mare,11,373,28,7.5,28,28
2026-09-27,pompei,46,320,91,28.4,90,91
2026-09-27,pontinia,1,0,0,,0,0
2026-09-27,ponza,1,0,0,,0,0
2026-09-27,poppi,1,5,0,0.0,0,0
2026-09-27,pordenone,12,0,1,,1,1
2026-09-27,porto-cesareo,1,0,0,,0,0
2026-09-27,porto-empedocle,4,0,0,,0,0
2026-09-27,porto-torres,1,0,0,,0,0
2026-09-27,porto-viro,1,0,0,,0,0
2026-09-27,portopalo-di-capo-passero,3,0,1,,1,1
2026-09-27,positano,5,300,44,14.7,43,44
2026-09-27,potenza,14,0,0,,0,0
2026-09-27,poviglio,2,0,0,,0,0
2026-09-27,pozzallo,1,0,0,,0,0
2026-09-27,prata-sannita,2,0,0,,0,0
2026-09-27,prizzi,2,0,0,,0,0
2026-09-27,procida,3,0,0,,0,0
2026-09-27,pula-ca-it,1,0,0,,0,0
2026-09-27,quinzano-d'oglio,4,0,0,,0,0
2026-09-27,quistello,2,0,0,,0,0
2026-09-27,raddusa,1,0,0,,0,0
2026-09-27,ragusa,16,80,2,2.5,1,2
2026-09-27,ramacca,3,0,0,,0,0
2026-09-27,rapallo,6,0,10,,10,10
2026-09-27,ravello,1,0,1,,1,1
2026-09-27,ravenna,12,100,35,35.0,33,37
2026-09-27,recanati,5,0,0,,0,0
2026-09-27,reggio-calabria,19,300,3,1.0,3,3
2026-09-27,reggio-emilia,8,0,1,,1,1
2026-09-27,reggiolo,1,0,0,,0,0
2026-09-27,ribera,3,0,0,,0,0
2026-09-27,riccione,6,0,0,,0,0
2026-09-27,rieti,3,0,0,,0,0
2026-09-27,rimini,19,160,39,24.4,38,40
2026-09-27,riomaggiore,2,0,12,,12,12
2026-09-27,rionero-in-vulture,4,0,0,,0,0
2026-09-27,riva-del-garda,3,50,0,0.0,0,0
2026-09-27,roccadaspide,2,0,0,,0,0
2026-09-27,roccapalumba,2,0,0,,0,0
2026-09-27,roccaspinalveti,2,0,0,,0,0
2026-09-27,rodi-garganico,2,5,0,0.0,0,0
2026-09-27,rome,491,8053,3598,44.7,3441,3719
2026-09-27,ronciglione,2,0,0,,0,0
2026-09-27,rossano-stazione,7,0,0,,0,0
2026-09-27,rovereto,4,0,0,,0,0
2026-09-27,rutigliano,3,0,0,,0,0
2026-09-27,sabaudia,1,0,0,,0,0
2026-09-27,sabbio-chiese,1,0,0,,0,0
2026-09-27,sabbionara,1,0,0,,0,0
2026-09-27,sala-consilina,7,0,0,,0,0
2026-09-27,salandra,1,0,0,,0,0
2026-09-27,salerno,58,595,75,12.6,72,78
2026-09-27,saletti,10,0,0,,0,0
2026-09-27,san-benedetto-del-tronto,17,100,2,2.0,2,2
2026-09-27,san-cataldo,5,0,0,,0,0
2026-09-27,san-felice-circeo,1,0,0,,0,0
2026-09-27,san-gavino-monreale,1,0,0,,0,0
2026-09-27,san-giorgio-a-cremano,2,0,0,,0,0
2026-09-27,san-giovanni-gemini,2,0,0,,0,0
2026-09-27,san-giovanni-in-fiore,1,0,0,,0,0
2026-09-27,san-giovanni-rotondo,3,30,0,0.0,0,0
2026-09-27,san-lucido,2,0,0,,0,0
2026-09-27,san-nicandro-garganico,1,0,0,,0,0
2026-09-27,san-nicola-arcella,2,0,0,,0,0
2026-09-27,san-nicolò-d'arcidano,2,0,0,,0,0
2026-09-27,san-nicolò-di-comelico,3,0,0,,0,0
2026-09-27,san-sebastiano-al-vesuvio,19,45,0,0.0,0,0
2026-09-27,san-severo,3,0,0,,0,0
2026-09-27,san-teodoro,1,0,0,,0,0
2026-09-27,san-vincenzo,2,10,0,0.0,0,0
2026-09-27,sanluri,4,20,0,0.0,0,0
2026-09-27,sanremo,11,90,3,3.3,3,3
2026-09-27,sant'agnello,4,200,2,1.0,1,2
2026-09-27,sant'apollinare,1,0,0,,0,0
2026-09-27,santa-caterina-di-valfurva,2,50,0,0.0,0,0
2026-09-27,santa-margherita-di-belice,2,0,0,,0,0
2026-09-27,santa-margherita-ligure,5,37,47,127.0,47,48
2026-09-27,santa-maria-degli-angeli-pg-it,1,0,0,,0,0
2026-09-27,santa-maria-di-castellabate,3,5,0,0.0,0,0
2026-09-27,santadi,1,0,0,,0,0
2026-09-27,santantioco,3,0,0,,0,0
2026-09-27,sapri,1,0,0,,0,0
2026-09-27,sassari,9,0,3,,2,3
2026-09-27,sassuolo,1,0,0,,0,0
2026-09-27,savona,9,0,1,,1,1
2026-09-27,scalea-it,1,0,0,,0,0
2026-09-27,scaletta-zanclea,2,0,0,,0,0
2026-09-27,sciacca,2,0,0,,0,0
2026-09-27,scicli,1,0,0,,0,0
2026-09-27,scordia,4,0,0,,0,0
2026-09-27,scurelle,1,0,0,,0,0
2026-09-27,segrate-mi-it,1,0,0,,0,0
2026-09-27,selva-di-cadore,2,0,0,,0,0
2026-09-27,senigallia,1,0,0,,0,0
2026-09-27,serracapriola,1,0,0,,0,0
2026-09-27,sestri-levante,1,0,2,,2,2
2026-09-27,sestriere,1,50,0,0.0,0,0
2026-09-27,siderno,1,0,0,,0,0
2026-09-27,siena,14,32,43,134.4,42,47
2026-09-27,simeri-crichi,1,0,0,,0,0
2026-09-27,siniscola,1,0,0,,0,0
2026-09-27,siracusa,21,100,51,51.0,51,51
2026-09-27,sirmione,3,0,3,,3,3
2026-09-27,sommatino,8,0,0,,0,0
2026-09-27,sondrio,8,0,0,,0,0
2026-09-27,sorrento,20,567,105,18.5,103,106
2026-09-27,sparanise,1,0,0,,0,0
2026-09-27,spello-perugia,1,0,0,,0,0
2026-09-27,sperlonga,15,0,3,,3,3
2026-09-27,spezzano-albanese,2,0,0,,0,0
2026-09-27,spilimbergo,2,0,0,,0,0
2026-09-27,spoleto,3,0,2,,2,2
2026-09-27,stilo,1,0,0,,0,0
2026-09-27,stromboli,2,0,1,,1,1
2026-09-27,taglio-di-po,1,0,0,,0,0
2026-09-27,taino,1,0,0,,0,0
2026-09-27,taormina,7,150,45,30.0,44,45
2026-09-27,taranto,15,90,2,2.2,1,2
2026-09-27,taurisano,7,0,0,,0,0
2026-09-27,teano,6,0,0,,0,0
2026-09-27,telese-terme,2,0,0,,0,0
2026-09-27,tempio-pausania,3,0,0,,0,0
2026-09-27,teramo,8,0,0,,0,0
2026-09-27,termini-imerese,3,0,0,,0,0
2026-09-27,termoli,4,20,4,20.0,4,4
2026-09-27,terni,6,6,0,0.0,0,0
2026-09-27,terrasini,13,0,1,,1,1
2026-09-27,thiene,13,10,0,0.0,0,0
2026-09-27,tirano,6,20,54,270.0,54,54
2026-09-27,tolmezzo,2,0,0,,0,0
2026-09-27,tolve,3,0,0,,0,0
2026-09-27,torchiarolo,2,20,0,0.0,0,0
2026-09-27,torella-del-sannio,1,0,0,,0,0
2026-09-27,torino,2,0,0,,0,0
2026-09-27,torre-de'-passeri,7,0,0,,0,0
2026-09-27,torre-suda-le-it,1,0,0,,0,0
2026-09-27,trani,17,0,0,,0,0
2026-09-27,trapani,18,195,11,5.6,8,11
2026-09-27,traversetolo,1,0,0,,0,0
2026-09-27,trebisacce,4,10,0,0.0,0,0
2026-09-27,trento,11,20,0,0.0,0,0
2026-09-27,treviglio,14,10,4,40.0,4,4
2026-09-27,treviso,26,5,28,560.0,27,28
2026-09-27,trieste,23,16,49,306.2,46,50
2026-09-27,triggiano-ba-it,1,0,0,,0,0
2026-09-27,tronca,3,0,0,,0,0
2026-09-27,tronzano-vercellese,1,0,0,,0,0
2026-09-27,tropea,4,0,1,,1,1
2026-09-27,turin,98,612,200,32.7,179,207
2026-09-27,udine,21,0,3,,3,3
2026-09-27,umbertide,2,0,0,,0,0
2026-09-27,urbania,2,0,2,,2,2
2026-09-27,ustica,1,0,0,,0,0
2026-09-27,valderice-tp-it,1,0,0,,0,0
2026-09-27,valledolmo,1,0,0,,0,0
2026-09-27,vallo-della-lucania,5,0,0,,0,0
2026-09-27,varese,13,100,5,5.0,5,5
2026-09-27,vasto,5,0,0,,0,0
2026-09-27,venasca,1,0,0,,0,0
2026-09-27,venice,93,1561,1432,91.7,1328,1477
2026-09-27,ventimiglia,3,0,8,,8,8
2026-09-27,verbania,12,210,12,5.7,10,12
2026-09-27,vercelli,3,10,1,10.0,1,1
2026-09-27,vernazza,1,8,1,12.5,1,1
2026-09-27,verona,65,243,229,94.2,224,237
2026-09-27,vezzano-ligure,4,0,0,,0,0
2026-09-27,viareggio,8,60,1,1.7,1,1
2026-09-27,vibo-valentia,15,0,4,,3,4
2026-09-27,vicenza,25,10,11,110.0,8,11
2026-09-27,vieste,1,0,0,,0,0
2026-09-27,vietri-sul-mare,1,0,1,,1,1
2026-09-27,vigevano,1,0,0,,0,0
2026-09-27,villa-literno,1,0,0,,0,0
2026-09-27,villacidro,2,0,0,,0,0
2026-09-27,villanova-mondovì,4,0,0,,0,0
2026-09-27,villaurbana,2,0,0,,0,0
2026-09-27,viterbo,5,10,2,20.0,2,2
2026-09-27,vittoria,11,0,0,,0,0
2026-09-27,vobarno,3,0,1,,1,1
2026-09-27,voghera,1,0,0,,0,0
2026-09-27,vulcano-porto,2,50,0,0.0,0,0
2026-09-28,abbasanta,1,0,0,,0,0
2026-09-28,acqui-terme,4,0,0,,0,0
2026-09-28,acri,1,0,0,,0,0
2026-09-28,agrigento,12,120,21,17.5,19,21
2026-09-28,agropoli,1,0,0,,0,0
2026-09-28,alassio,1,0,0,,0,0
2026-09-28,alatri,3,0,0,,0,0
2026-09-28,alba,2,0,0,,0,0
2026-09-28,alba-adriatica,1,0,0,,0,0
2026-09-28,alberobello,9,25,9,36.0,9,9
2026-09-28,alessandria,2,0,0,,0,0
2026-09-28,alghero,9,20,6,30.0,4,6
2026-09-28,alicudi,1,0,0,,0,0
2026-09-28,alviano,2,0,0,,0,0
2026-09-28,amalfi,9,280,42,15.0,35,42
2026-09-28,amantea,1,0,0,,0,0
2026-09-28,ancona,13,110,14,12.7,13,14
2026-09-28,antey-saint-andre-it,1,0,0,,0,0
2026-09-28,aosta,6,0,1,,0,1
2026-09-28,aprilia,1,0,0,,0,0
2026-09-28,arce,1,0,0,,0,0
2026-09-28,arcidosso,1,0,0,,0,0
2026-09-28,arezzo,8,15,2,13.3,1,2
2026-09-28,ariano-irpino,1,0,0,,0,0
2026-09-28,arona,5,0,1,,1,1
2026-09-28,ascoli-piceno,2,0,0,,0,0
2026-09-28,assisi,11,125,11,8.8,8,11
2026-09-28,atrani,1,0,0,,0,0
2026-09-28,atripalda,2,0,0,,0,0
2026-09-28,auer,1,0,0,,0,0
2026-09-28,augusta-9d,5,0,0,,0,0
2026-09-28,avellino,16,0,0,,0,0
2026-09-28,aviano,1,0,0,,0,0
2026-09-28,bardi,1,0,0,,0,0
2026-09-28,bari,68,1067,240,22.5,215,246
2026-09-28,barisciano,1,0,0,,0,0
2026-09-28,battipaglia,23,0,0,,0,0
2026-09-28,bedonia,1,0,0,,0,0
2026-09-28,bellagio,2,0,17,,12,18
2026-09-28,belluno,6,0,0,,0,0
2026-09-28,belmonte-calabro,3,0,0,,0,0
2026-09-28,benevento,5,0,0,,0,0
2026-09-28,bergamo,48,275,164,59.6,154,174
2026-09-28,biancavilla,1,0,0,,0,0
2026-09-28,biella,6,0,0,,0,0
2026-09-28,bojano,1,0,0,,0,0
2026-09-28,bolgheri,1,0,0,,0,0
2026-09-28,bologna,100,1168,437,37.4,401,450
2026-09-28,bolzano,8,0,16,,12,16
2026-09-28,bordighera,3,0,2,,2,2
2026-09-28,borgo-valbelluna,8,0,0,,0,0
2026-09-28,borno-it,4,0,0,,0,0
2026-09-28,bovalino,1,0,0,,0,0
2026-09-28,boville-ernica,1,0,0,,0,0
2026-09-28,brescia,53,120,4,3.3,4,4
2026-09-28,brindisi,11,200,6,3.0,4,6
2026-09-28,broni,2,0,0,,0,0
2026-09-28,bronte,7,0,0,,0,0
2026-09-28,bruneck,2,0,1,,1,1
2026-09-28,buja,5,0,0,,0,0
2026-09-28,cagliari,33,0,29,,25,30
2026-09-28,cairo-montenotte,1,0,0,,0,0
2026-09-28,camogli,2,0,13,,13,13
2026-09-28,campobasso,3,100,1,1.0,1,1
2026-09-28,canale-di-pergine-valsugana,1,0,0,,0,0
2026-09-28,canelli,3,0,0,,0,0
2026-09-28,canosa-di-puglia,8,100,0,0.0,0,0
2026-09-28,caorle-it,1,0,0,,0,0
2026-09-28,capistrello,7,0,0,,0,0
2026-09-28,capo-d'orlando,9,0,0,,0,0
2026-09-28,capri,3,100,64,64.0,63,68
2026-09-28,cardano-al-campo,19,0,13,,12,13
2026-09-28,cariati,1,0,0,,0,0
2026-09-28,carlentini,2,0,0,,0,0
2026-09-28,carpegna,1,0,0,,0,0
2026-09-28,casalbore,2,0,0,,0,0
2026-09-28,casarsa-della-delizia,1,0,0,,0,0
2026-09-28,caserta,107,120,1,0.8,1,1
2026-09-28,cassano-all’ionio,1,0,0,,0,0
2026-09-28,cassino,21,0,1,,1,1
2026-09-28,castel-madama,2,0,0,,0,0
2026-09-28,castel-volturno,1,0,0,,0,0
2026-09-28,castelcovati,4,0,0,,0,0
2026-09-28,castellammare-del-golfo,5,50,1,2.0,0,1
2026-09-28,castellammare-di-stabia,16,5,0,0.0,0,0
2026-09-28,castellana-grotte-bari-it,1,0,1,,1,1
2026-09-28,castelnovo-ne'-monti,2,0,0,,0,0
2026-09-28,castelnuovo-don-bosco,1,0,0,,0,0
2026-09-28,castelvetrano,3,0,0,,0,0
2026-09-28,castiglione-del-lago,2,50,0,0.0,0,0
2026-09-28,castrovillari,1,0,0,,0,0
2026-09-28,catania,138,1020,143,14.0,124,149
2026-09-28,catanzaro,11,0,0,,0,0
2026-09-28,cattolica,5,60,0,0.0,0,0
2026-09-28,cecina,2,0,0,,0,0
2026-09-28,cefalu,5,130,27,20.8,21,27
2026-09-28,celano,3,0,0,,0,0
2026-09-28,cellole,10,0,0,,0,0
2026-09-28,cervignano-del-friuli,7,0,1,,1,1
2026-09-28,cesena,26,105,3,2.9,3,3
2026-09-28,ceva,1,0,0,,0,0
2026-09-28,cherasco,1,0,0,,0,0
2026-09-28,chiari,1,0,0,,0,0
2026-09-28,chiavari,2,0,0,,0,0
2026-09-28,chieti,12,25,1,4.0,1,1
2026-09-28,chiusi,3,15,1,6.7,0,1
2026-09-28,cicagna-it,1,0,0,,0,0
2026-09-28,cipressino,1,0,0,,0,0
2026-09-28,citta-di-castello,1,0,0,,0,0
2026-09-28,cittanova,5,0,0,,0,0
2026-09-28,civitanova-marche,8,0,0,,0,0
2026-09-28,civitavecchia,1,0,0,,0,0
2026-09-28,civitella-del-tronto,1,0,0,,0,0
2026-09-28,cles,2,0,0,,0,0
2026-09-28,colletorto,1,0,0,,0,0
2026-09-28,como,29,245,130,53.1,123,135
2026-09-28,conegliano,5,0,0,,0,0
2026-09-28,conselice,1,0,0,,0,0
2026-09-28,conselve,1,0,0,,0,0
2026-09-28,corfinio,1,0,0,,0,0
2026-09-28,corinaldo,3,0,0,,0,0
2026-09-28,corleone,3,0,0,,0,0
2026-09-28,corridonia,6,0,0,,0,0
2026-09-28,cortina-dampezzo,1,0,3,,2,3
2026-09-28,cortona-ar-it,1,0,0,,0,0
2026-09-28,cosenza,23,0,0,,0,0
2026-09-28,courmayeur,3,0,4,,3,4
2026-09-28,cremona,7,0,1,,0,1
2026-09-28,crotone,5,100,0,0.0,0,0
2026-09-28,cuneo,1,0,0,,0,0
2026-09-28,desenzano-del-garda,8,40,8,20.0,7,8
2026-09-28,dogliani,2,30,0,0.0,0,0
2026-09-28,domodossola,2,20,1,5.0,1,1
2026-09-28,dorno,1,0,0,,0,0
2026-09-28,elba,8,190,5,2.6,5,5
2026-09-28,enna,3,5,0,0.0,0,0
2026-09-28,ercolano,31,60,3,5.0,1,3
2026-09-28,esine,1,0,0,,0,0
2026-09-28,faenza,4,35,6,17.1,5,6
2026-09-28,fano,4,0,1,,1,1
2026-09-28,fasano,3,100,0,0.0,0,0
2026-09-28,favignana,3,0,1,,1,1
2026-09-28,ferrara,10,50,5,10.0,5,5
2026-09-28,filicudi,1,30,0,0.0,0,0
2026-09-28,finale-ligure,2,0,3,,3,3
2026-09-28,fiumicino,1,0,1,,1,1
2026-09-28,florence,115,1146,1347,117.5,1273,1390
2026-09-28,foggia,13,20,0,0.0,0,0
2026-09-28,follonica,1,0,0,,0,0
2026-09-28,fondi,1,0,0,,0,0
2026-09-28,fonte,1,0,0,,0,0
2026-09-28,forio,3,0,0,,0,0
2026-09-28,formia,9,0,0,,0,0
2026-09-28,fossano,3,0,0,,0,0
2026-09-28,frosinone,43,0,0,,0,0
2026-09-28,gaggio-montano,3,0,0,,0,0
2026-09-28,gagliano-del-capo,3,0,0,,0,0
2026-09-28,gallarate,1,0,4,,3,4
2026-09-28,gallipoli,9,0,1,,1,1
2026-09-28,gardone-val-trompia,1,0,0,,0,0
2026-09-28,gela,2,0,0,,0,0
2026-09-28,genoa,37,256,59,23.0,56,60
2026-09-28,ghemme,2,0,0,,0,0
2026-09-28,giardini-naxos,3,30,1,3.3,1,1
2026-09-28,gioiosa-marea,1,0,0,,0,0
2026-09-28,giurdignano,1,0,0,,0,0
2026-09-28,gliaca-me-it,1,0,0,,0,0
2026-09-28,godiasco,2,0,0,,0,0
2026-09-28,golfo-aranci,1,0,0,,0,0
2026-09-28,gosaldo,1,0,0,,0,0
2026-09-28,grado,2,0,0,,0,0
2026-09-28,grammichele,4,0,1,,1,1
2026-09-28,grassano,1,0,0,,0,0
2026-09-28,greve-in-chianti,1,0,2,,2,2
2026-09-28,grottaferrata-rome,1,10,0,0.0,0,0
2026-09-28,guarcino,1,0,0,,0,0
2026-09-28,gubbio,2,0,0,,0,0
2026-09-28,iesi,5,0,0,,0,0
2026-09-28,iglesias,3,0,0,,0,0
2026-09-28,ilbono,3,0,0,,0,0
2026-09-28,imola,6,0,0,,0,0
2026-09-28,inzago,1,0,0,,0,0
2026-09-28,irgoli,3,0,0,,0,0
2026-09-28,ischia,12,450,24,5.3,21,24
2026-09-28,ischia-di-castro,3,0,0,,0,0
2026-09-28,iseo,1,0,0,,0,0
2026-09-28,isernia,4,30,0,0.0,0,0
2026-09-28,isola-della-scala-vr-it,1,0,0,,0,0
2026-09-28,isola-di-capo-rizzuto,2,0,0,,0,0
2026-09-28,isola-di-salina,3,0,2,,2,2
2026-09-28,ivrea,3,20,0,0.0,0,0
2026-09-28,jesolo,4,0,2,,0,2
2026-09-28,la-spezia,14,81,41,50.6,35,42
2026-09-28,laino-castello,3,0,0,,0,0
2026-09-28,lamezia-terme,14,0,1,,1,1
2026-09-28,lampedusa,18,50,0,0.0,0,0
2026-09-28,laquila,8,0,0,,0,0
2026-09-28,larino,1,0,0,,0,0
2026-09-28,latina,35,0,0,,0,0
2026-09-28,latronico,1,0,0,,0,0
2026-09-28,lauria,3,0,0,,0,0
2026-09-28,lauro,1,0,0,,0,0
2026-09-28,lecce,24,525,33,6.3,32,35
2026-09-28,lecco,12,80,14,17.5,13,16
2026-09-28,legnano,11,100,0,0.0,0,0
2026-09-28,lesina,1,0,0,,0,0
2026-09-28,letojanni-me-it,1,0,0,,0,0
2026-09-28,levanto,2,0,1,,1,1
2026-09-28,licata,3,0,0,,0,0
2026-09-28,lignano-sabbiadoro,1,0,0,,0,0
2026-09-28,linosa,2,0,0,,0,0
2026-09-28,lioni,3,0,0,,0,0
2026-09-28,lipari,5,30,2,6.7,2,2
2026-09-28,livigno,1,50,0,0.0,0,0
2026-09-28,livorno,10,55,6,10.9,4,6
2026-09-28,locri,6,0,0,,0,0
2026-09-28,lodi-75,2,0,0,,0,0
2026-09-28,lucca,10,146,32,21.9,31,32
2026-09-28,lucera,1,0,0,,0,0
2026-09-28,madonna-di-campiglio,4,8,0,0.0,0,0
2026-09-28,magenta,1,0,0,,0,0
2026-09-28,maggiora,1,0,0,,0,0
2026-09-28,maglie,4,0,0,,0,0
2026-09-28,magnano-in-riviera,1,0,0,,0,0
2026-09-28,maiori,2,30,6,20.0,6,6
2026-09-28,manciano,1,0,0,,0,0
2026-09-28,manfredonia,7,0,0,,0,0
2026-09-28,mangone,1,0,0,,0,0
2026-09-28,mantua-d6,3,0,0,,0,0
2026-09-28,maranello,1,50,0,0.0,0,0
2026-09-28,marina-di-camerota,1,6,0,0.0,0,0
2026-09-28,marina-di-santa-maria-del-cedro,4,0,0,,0,0
2026-09-28,marsala,12,100,2,2.0,2,2
2026-09-28,marsico-nuovo,1,0,0,,0,0
2026-09-28,marzocca,1,0,0,,0,0
2026-09-28,massa-lubrense,3,20,0,0.0,0,0
2026-09-28,matelica,4,0,0,,0,0
2026-09-28,matera,17,35,12,34.3,11,12
2026-09-28,melito-di-porto-salvo,2,0,0,,0,0
2026-09-28,merano,4,0,0,,0,0
2026-09-28,messina,42,120,33,27.5,33,34
2026-09-28,meta,5,100,2,2.0,2,2
2026-09-28,milan,305,3106,2592,83.5,2439,2664
2026-09-28,milazzo,21,100,6,6.0,6,7
2026-09-28,mira,1,25,0,0.0,0,0
2026-09-28,mirabella-imbaccari,4,0,0,,0,0
2026-09-28,misano-adriatico,3,100,0,0.0,0,0
2026-09-28,mistretta,1,0,0,,0,0
2026-09-28,modena,26,110,25,22.7,21,26
2026-09-28,monasterace-marina,3,0,0,,0,0
2026-09-28,moneglia,1,0,0,,0,0
2026-09-28,monopoli,10,150,76,50.7,70,78
2026-09-28,monreale-fr,1,0,0,,0,0
2026-09-28,montagnana,9,10,0,0.0,0,0
2026-09-28,montalbano-jonico,3,0,0,,0,0
2026-09-28,montalcino,4,15,0,0.0,0,0
2026-09-28,montalto-di-castro,2,0,0,,0,0
2026-09-28,monte-argentario,2,0,0,,0,0
2026-09-28,monte-san-savino,2,0,0,,0,0
2026-09-28,montecatini-terme,8,20,0,0.0,0,0
2026-09-28,montegabbione,1,0,0,,0,0
2026-09-28,montepaone,5,0,0,,0,0
2026-09-28,monterosso,2,0,26,,26,28
2026-09-28,montespertoli,3,0,0,,0,0
2026-09-28,montevarchi,1,10,0,0.0,0,0
2026-09-28,monza,13,0,4,,3,4
2026-09-28,monzuno,2,0,0,,0,0
2026-09-28,motta-visconti,1,0,0,,0,0
2026-09-28,mottafollone,2,0,0,,0,0
2026-09-28,muccia,1,0,0,,0,0
2026-09-28,muravera,1,0,0,,0,0
2026-09-28,naples,416,3109,604,19.4,562,620
2026-09-28,nicorvo,3,0,0,,0,0
2026-09-28,nicosia-28,5,0,0,,0,0
2026-09-28,niscemi,2,0,0,,0,0
2026-09-28,noale-ve-italy,1,0,0,,0,0
2026-09-28,nocera-superiore,1,10,0,0.0,0,0
2026-09-28,notaresco-stazione,6,0,0,,0,0
2026-09-28,noto,4,30,2,6.7,2,2
2026-09-28,novara,13,0,0,,0,0
2026-09-28,nule,1,0,0,,0,0
2026-09-28,nuraminis,2,0,0,,0,0
2026-09-28,oderzo,4,0,0,,0,0
2026-09-28,olbia,6,0,15,,14,17
2026-09-28,oliena,4,0,1,,0,1
2026-09-28,oristano,6,0,0,,0,0
2026-09-28,ortona,2,0,0,,0,0
2026-09-28,ortucchio,1,0,0,,0,0
2026-09-28,orvieto,5,10,5,50.0,5,5
2026-09-28,ostuni,8,0,6,,5,6
2026-09-28,otranto,4,10,0,0.0,0,0
2026-09-28,ottaviano,5,0,0,,0,0
2026-09-28,padova,33,267,35,13.1,34,38
2026-09-28,palau,3,0,2,,1,2
2026-09-28,palazzo-san-gervasio,1,0,0,,0,0
2026-09-28,palazzolo-acreide,1,0,0,,0,0
2026-09-28,palermo,107,1166,360,30.9,339,375
2026-09-28,palma-di-montechiaro,1,0,0,,0,0
2026-09-28,palmi,3,0,0,,0,0
2026-09-28,panarea,1,0,0,,0,0
2026-09-28,pantelleria,2,0,1,,1,1
2026-09-28,paola,1,0,0,,0,0
2026-09-28,paratico,9,0,0,,0,0
2026-09-28,parma,24,60,31,51.7,30,33
2026-09-28,pascione-quattro-strade,2,0,0,,0,0
2026-09-28,pavia,9,35,0,0.0,0,0
2026-09-28,pavullo-nel-frignano,1,0,0,,0,0
2026-09-28,pero,6,0,0,,0,0
2026-09-28,perugia,19,155,17,11.0,16,18
2026-09-28,pesaro,4,6,0,0.0,0,0
2026-09-28,pescara,29,45,23,51.1,22,24
2026-09-28,peschiera-del-garda,3,35,21,60.0,19,21
2026-09-28,piacenza,16,25,0,0.0,0,0
2026-09-28,piaggine,1,0,0,,0,0
2026-09-28,pieve-di-cento,2,0,0,,0,0
2026-09-28,pioltello-mi-it,1,0,0,,0,0
2026-09-28,piove-di-sacco,2,0,0,,0,0
2026-09-28,pisa,37,897,334,37.2,313,345
2026-09-28,ploaghe,1,0,0,,0,0
2026-09-28,pofi,1,0,0,,0,0
2026-09-28,polignano-a-mare,11,373,31,8.3,28,34
2026-09-28,pompei,46,320,93,29.1,76,95
2026-09-28,pontinia,1,0,0,,0,0
2026-09-28,ponza,1,0,0,,0,0
2026-09-28,poppi,1,5,0,0.0,0,0
2026-09-28,pordenone,12,0,1,,1,1
2026-09-28,porto-cesareo,1,0,0,,0,0
2026-09-28,porto-empedocle,4,0,0,,0,0
2026-09-28,porto-torres,1,0,0,,0,0
2026-09-28,porto-viro,1,0,0,,0,0
2026-09-28,portopalo-di-capo-passero,3,0,1,,1,1
2026-09-28,positano,5,300,44,14.7,39,46
2026-09-28,potenza,14,0,0,,0,0
2026-09-28,poviglio,2,0,0,,0,0
2026-09-28,pozzallo,1,0,1,,1,1
2026-09-28,prata-sannita,2,0,0,,0,0
2026-09-28,prizzi,2,0,0,,0,0
2026-09-28,procida,3,0,0,,0,0
2026-09-28,pula-ca-it,1,0,0,,0,0
2026-09-28,quinzano-d'oglio,4,0,0,,0,0
2026-09-28,quistello,2,0,0,,0,0
2026-09-28,raddusa,1,0,0,,0,0
2026-09-28,ragusa,16,80,1,1.2,1,1
2026-09-28,ramacca,3,0,0,,0,0
2026-09-28,rapallo,6,0,14,,13,14
2026-09-28,ravello,1,0,1,,1,1
2026-09-28,ravenna,12,100,33,33.0,33,34
2026-09-28,recanati,5,0,0,,0,0
2026-09-28,reggio-calabria,19,300,4,1.3,4,4
2026-09-28,reggio-emilia,8,0,1,,1,1
2026-09-28,reggiolo,1,0,0,,0,0
2026-09-28,ribera,3,0,0,,0,0
2026-09-28,riccione,6,0,0,,0,0
2026-09-28,rieti,3,0,0,,0,0
2026-09-28,rimini,19,160,38,23.8,35,42
2026-09-28,riomaggiore,2,0,14,,11,14
2026-09-28,rionero-in-vulture,4,0,0,,0,0
2026-09-28,riva-del-garda,3,50,1,2.0,1,1
2026-09-28,roccadaspide,2,0,0,,0,0
2026-09-28,roccapalumba,2,0,0,,0,0
2026-09-28,roccaspinalveti,2,0,0,,0,0
2026-09-28,rodi-garganico,2,5,0,0.0,0,0
2026-09-28,rome,491,8053,3621,45.0,3429,3752
2026-09-28,ronciglione,2,0,0,,0,0
2026-09-28,rossano-stazione,7,0,0,,0,0
2026-09-28,rovereto,4,0,0,,0,0
2026-09-28,rutigliano,3,0,0,,0,0
2026-09-28,sabaudia,1,0,0,,0,0
2026-09-28,sabbio-chiese,1,0,0,,0,0
2026-09-28,sabbionara,1,0,0,,0,0
2026-09-28,sala-consilina,7,0,0,,0,0
2026-09-28,salandra,1,0,0,,0,0
2026-09-28,salerno,58,595,76,12.8,70,78
2026-09-28,saletti,10,0,0,,0,0
2026-09-28,san-benedetto-del-tronto,17,100,2,2.0,2,2
2026-09-28,san-cataldo,5,0,0,,0,0
2026-09-28,san-felice-circeo,1,0,0,,0,0
2026-09-28,san-gavino-monreale,1,0,0,,0,0
2026-09-28,san-giorgio-a-cremano,2,0,0,,0,0
2026-09-28,san-giovanni-gemini,2,0,0,,0,0
2026-09-28,san-giovanni-in-fiore,1,0,0,,0,0
2026-09-28,san-giovanni-rotondo,3,30,0,0.0,0,0
2026-09-28,san-lucido,2,0,0,,0,0
2026-09-28,san-nicandro-garganico,1,0,0,,0,0
2026-09-28,san-nicola-arcella,2,0,0,,0,0
2026-09-28,san-nicolò-d'arcidano,2,0,0,,0,0
2026-09-28,san-nicolò-di-comelico,3,0,0,,0,0
2026-09-28,san-sebastiano-al-vesuvio,19,45,0,0.0,0,0
2026-09-28,san-severo,3,0,0,,0,0
2026-09-28,san-teodoro,1,0,0,,0,0
2026-09-28,san-vincenzo,2,10,0,0.0,0,0
2026-09-28,sanluri,4,20,0,0.0,0,0
2026-09-28,sanremo,11,90,4,4.4,4,4
2026-09-28,sant'agnello,4,200,1,0.5,0,1
2026-09-28,sant'apollinare,1,0,0,,0,0
2026-09-28,santa-caterina-di-valfurva,2,50,0,0.0,0,0
2026-09-28,santa-margherita-di-belice,2,0,0,,0,0
2026-09-28,santa-margherita-ligure,5,37,48,129.7,48,48
2026-09-28,santa-maria-degli-angeli-pg-it,1,0,0,,0,0
2026-09-28,santa-maria-di-castellabate,3,5,0,0.0,0,0
2026-09-28,santadi,1,0,0,,0,0
2026-09-28,santantioco,3,0,0,,0,0
2026-09-28,sapri,1,0,0,,0,0
2026-09-28,sassari,9,0,2,,2,2
2026-09-28,sassuolo,1,0,0,,0,0
2026-09-28,savona,9,0,1,,1,1
2026-09-28,scalea-it,1,0,0,,0,0
2026-09-28,scaletta-zanclea,2,0,0,,0,0
2026-09-28,sciacca,2,0,0,,0,0
2026-09-28,scicli,1,0,0,,0,0
2026-09-28,scordia,4,0,0,,0,0
2026-09-28,scurelle,1,0,0,,0,0
2026-09-28,segrate-mi-it,1,0,0,,0,0
2026-09-28,selva-di-cadore,2,0,0,,0,0
2026-09-28,senigallia,1,0,0,,0,0
2026-09-28,serracapriola,1,0,0,,0,0
2026-09-28,sestri-levante,1,0,2,,0,2
2026-09-28,sestriere,1,50,0,0.0,0,0
2026-09-28,siderno,1,0,0,,0,0
2026-09-28,siena,14,32,52,162.5,49,54
2026-09-28,simeri-crichi,1,0,0,,0,0
2026-09-28,siniscola,1,0,0,,0,0
2026-09-28,siracusa,21,100,59,59.0,59,60
2026-09-28,sirmione,3,0,3,,2,3
2026-09-28,sommatino,8,0,0,,0,0
2026-09-28,sondrio,8,0,0,,0,0
2026-09-28,sorrento,20,567,115,20.3,101,123
2026-09-28,sparanise,1,0,0,,0,0
2026-09-28,spello-perugia,1,0,0,,0,0
2026-09-28,sperlonga,15,0,3,,3,3
2026-09-28,spezzano-albanese,2,0,0,,0,0
2026-09-28,spilimbergo,2,0,0,,0,0
2026-09-28,spoleto,3,0,2,,0,2
2026-09-28,stilo,1,0,0,,0,0
2026-09-28,stromboli,2,0,1,,1,1
2026-09-28,taglio-di-po,1,0,0,,0,0
2026-09-28,taino,1,0,0,,0,0
2026-09-28,taormina,7,150,46,30.7,42,50
2026-09-28,taranto,15,90,3,3.3,2,3
2026-09-28,taurisano,7,0,0,,0,0
2026-09-28,teano,6,0,0,,0,0
2026-09-28,telese-terme,2,0,0,,0,0
2026-09-28,tempio-pausania,3,0,0,,0,0
2026-09-28,teramo,8,0,0,,0,0
2026-09-28,termini-imerese,3,0,0,,0,0
2026-09-28,termoli,4,20,4,20.0,4,4
2026-09-28,terni,6,6,0,0.0,0,0
2026-09-28,terrasini,13,0,1,,1,1
2026-09-28,thiene,13,10,0,0.0,0,0
2026-09-28,tirano,6,20,55,275.0,54,58
2026-09-28,tolmezzo,2,0,0,,0,0
2026-09-28,tolve,3,0,0,,0,0
2026-09-28,torchiarolo,2,20,0,0.0,0,0
2026-09-28,torella-del-sannio,1,0,0,,0,0
2026-09-28,torino,2,0,0,,0,0
2026-09-28,torre-de'-passeri,7,0,0,,0,0
2026-09-28,torre-suda-le-it,1,0,0,,0,0
2026-09-28,trani,17,0,0,,0,0
2026-09-28,trapani,18,195,9,4.6,7,9
2026-09-28,traversetolo,1,0,0,,0,0
2026-09-28,trebisacce,4,10,0,0.0,0,0
2026-09-28,trento,11,20,1,5.0,1,1
2026-09-28,treviglio,14,10,4,40.0,2,4
2026-09-28,treviso,26,5,27,540.0,25,27
2026-09-28,trieste,23,16,45,281.2,43,49
2026-09-28,triggiano-ba-it,1,0,0,,0,0
2026-09-28,tronca,3,0,0,,0,0
2026-09-28,tronzano-vercellese,1,0,0,,0,0
2026-09-28,tropea,4,0,1,,1,1
2026-09-28,turin,98,612,199,32.5,184,204
2026-09-28,udine,21,0,3,,3,3
2026-09-28,umbertide,2,0,0,,0,0
2026-09-28,urbania,2,0,2,,2,2
2026-09-28,ustica,1,0,0,,0,0
2026-09-28,valderice-tp-it,1,0,0,,0,0
2026-09-28,valledolmo,1,0,0,,0,0
2026-09-28,vallo-della-lucania,5,0,0,,0,0
2026-09-28,varese,13,100,5,5.0,5,5
2026-09-28,vasto,5,0,0,,0,0
2026-09-28,venasca,1,0,0,,0,0
2026-09-28,venice,93,1561,1408,90.2,1296,1444
2026-09-28,ventimiglia,3,0,8,,8,8
2026-09-28,verbania,12,210,11,5.2,8,12
2026-09-28,vercelli,3,10,1,10.0,0,1
2026-09-28,vernazza,1,8,1,12.5,1,1
2026-09-28,verona,65,243,233,95.9,212,240
2026-09-28,vezzano-ligure,4,0,0,,0,0
2026-09-28,viareggio,8,60,2,3.3,2,2
2026-09-28,vibo-valentia,15,0,3,,3,3
2026-09-28,vicenza,25,10,8,80.0,8,8
2026-09-28,vieste,1,0,0,,0,0
2026-09-28,vietri-sul-mare,1,0,1,,1,1
2026-09-28,vigevano,1,0,0,,0,0
2026-09-28,villa-literno,1,0,0,,0,0
2026-09-28,villacidro,2,0,0,,0,0
2026-09-28,villanova-mondovì,4,0,0,,0,0
2026-09-28,villaurbana,2,0,0,,0,0
2026-09-28,viterbo,5,10,2,20.0,1,2
2026-09-28,vittoria,11,0,0,,0,0
2026-09-28,vobarno,3,0,1,,1,1
2026-09-28,voghera,1,0,0,,0,0
2026-09-28,vulcano-porto,2,50,1,2.0,1,1
2026-09-29,abbasanta,1,0,0,,0,0
2026-09-29,acqui-terme,4,0,0,,0,0
2026-09-29,acri,1,0,0,,0,0
2026-09-29,agrigento,12,120,19,15.8,18,20
2026-09-29,agropoli,1,0,0,,0,0
2026-09-29,alassio,1,0,0,,0,0
2026-09-29,alatri,3,0,0,,0,0
2026-09-29,alba,2,0,0,,0,0
2026-09-29,alba-adriatica,1,0,0,,0,0
2026-09-29,alberobello,9,25,9,36.0,9,9
2026-09-29,alessandria,2,0,0,,0,0
2026-09-29,alghero,9,20,5,25.0,5,5
2026-09-29,alicudi,1,0,0,,0,0
2026-09-29,alviano,2,0,0,,0,0
2026-09-29,amalfi,9,280,36,12.9,34,36
2026-09-29,amantea,1,0,0,,0,0
2026-09-29,ancona,13,110,14,12.7,11,14
2026-09-29,antey-saint-andre-it,1,0,0,,0,0
2026-09-29,aosta,6,0,0,,0,0
2026-09-29,aprilia,1,0,0,,0,0
2026-09-29,arce,1,0,0,,0,0
2026-09-29,arcidosso,1,0,0,,0,0
2026-09-29,arezzo,8,15,2,13.3,2,2
2026-09-29,ariano-irpino,1,0,0,,0,0
2026-09-29,arona,5,0,2,,2,2
2026-09-29,ascoli-piceno,2,0,0,,0,0
2026-09-29,assisi,11,125,10,8.0,9,10
2026-09-29,atrani,1,0,0,,0,0
2026-09-29,atripalda,2,0,0,,0,0
2026-09-29,auer,1,0,0,,0,0
2026-09-29,augusta-9d,5,0,0,,0,0
2026-09-29,avellino,16,0,0,,0,0
2026-09-29,aviano,1,0,0,,0,0
2026-09-29,bardi,1,0,0,,0,0
2026-09-29,bari,68,1067,228,21.4,207,236
2026-09-29,barisciano,1,0,0,,0,0
2026-09-29,battipaglia,23,0,0,,0,0
2026-09-29,bedonia,1,0,0,,0,0
2026-09-29,bellagio,2,0,14,,13,15
2026-09-29,belluno,6,0,0,,0,0
2026-09-29,belmonte-calabro,3,0,0,,0,0
2026-09-29,benevento,5,0,0,,0,0
2026-09-29,bergamo,48,275,158,57.5,144,163
2026-09-29,biancavilla,1,0,0,,0,0
2026-09-29,biella,6,0,0,,0,0
2026-09-29,bojano,1,0,0,,0,0
2026-09-29,bolgheri,1,0,0,,0,0
2026-09-29,bologna,100,1168,411,35.2,390,425
2026-09-29,bolzano,8,0,12,,12,12
2026-09-29,bordighera,3,0,3,,3,3
2026-09-29,borgo-valbelluna,8,0,0,,0,0
2026-09-29,borno-it,4,0,0,,0,0
2026-09-29,bovalino,1,0,0,,0,0
2026-09-29,boville-ernica,1,0,0,,0,0
2026-09-29,brescia,53,120,4,3.3,3,4
2026-09-29,brindisi,11,200,7,3.5,7,7
2026-09-29,broni,2,0,0,,0,0
2026-09-29,bronte,7,0,0,,0,0
2026-09-29,bruneck,2,0,1,,0,1
2026-09-29,buja,5,0,0,,0,0
2026-09-29,cagliari,33,0,26,,21,26
2026-09-29,cairo-montenotte,1,0,0,,0,0
2026-09-29,camogli,2,0,14,,11,14
2026-09-29,campobasso,3,100,2,2.0,1,2
2026-09-29,canale-di-pergine-valsugana,1,0,0,,0,0
2026-09-29,canelli,3,0,0,,0,0
2026-09-29,canosa-di-puglia,8,100,0,0.0,0,0
2026-09-29,caorle-it,1,0,0,,0,0
2026-09-29,capistrello,7,0,0,,0,0
2026-09-29,capo-d'orlando,9,0,0,,0,0
2026-09-29,capri,3,100,68,68.0,67,70
2026-09-29,cardano-al-campo,19,0,12,,11,12
2026-09-29,cariati,1,0,0,,0,0
2026-09-29,carlentini,2,0,0,,0,0
2026-09-29,carpegna,1,0,0,,0,0
2026-09-29,casalbore,2,0,0,,0,0
2026-09-29,casarsa-della-delizia,1,0,0,,0,0
2026-09-29,caserta,107,120,1,0.8,1,1
2026-09-29,cassano-all’ionio,1,0,0,,0,0
2026-09-29,cassino,21,0,1,,0,1
2026-09-29,castel-madama,2,0,0,,0,0
2026-09-29,castel-volturno,1,0,0,,0,0
2026-09-29,castelcovati,4,0,0,,0,0
2026-09-29,castellammare-del-golfo,5,50,1,2.0,1,1
2026-09-29,castellammare-di-stabia,16,5,0,0.0,0,0
2026-09-29,castellana-grotte-bari-it,1,0,1,,1,1
2026-09-29,castelnovo-ne'-monti,2,0,0,,0,0
2026-09-29,castelnuovo-don-bosco,1,0,0,,0,0
2026-09-29,castelvetrano,3,0,0,,0,0
2026-09-29,castiglione-del-lago,2,50,0,0.0,0,0
2026-09-29,castrovillari,1,0,0,,0,0
2026-09-29,catania,138,1020,137,13.4,128,141
2026-09-29,catanzaro,11,0,0,,0,0
2026-09-29,cattolica,5,60,0,0.0,0,0
2026-09-29,cecina,2,0,0,,0,0
2026-09-29,cefalu,5,130,26,20.0,24,27
2026-09-29,celano,3,0,0,,0,0
2026-09-29,cellole,10,0,0,,0,0
2026-09-29,cervignano-del-friuli,7,0,1,,1,1
2026-09-29,cesena,26,105,3,2.9,3,3
2026-09-29,ceva,1,0,0,,0,0
2026-09-29,cherasco,1,0,0,,0,0
2026-09-29,chiari,1,0,0,,0,0
2026-09-29,chiavari,2,0,0,,0,0
2026-09-29,chieti,12,25,1,4.0,0,1
2026-09-29,chiusi,3,15,0,0.0,0,0
2026-09-29,cicagna-it,1,0,0,,0,0
2026-09-29,cipressino,1,0,0,,0,0
2026-09-29,citta-di-castello,1,0,0,,0,0
2026-09-29,cittanova,5,0,0,,0,0
2026-09-29,civitanova-marche,8,0,0,,0,0
2026-09-29,civitavecchia,1,0,0,,0,0
2026-09-29,civitella-del-tronto,1,0,0,,0,0
2026-09-29,cles,2,0,0,,0,0
2026-09-29,colletorto,1,0,0,,0,0
2026-09-29,como,29,245,132,53.9,121,137
2026-09-29,conegliano,5,0,0,,0,0
2026-09-29,conselice,1,0,0,,0,0
2026-09-29,conselve,1,0,0,,0,0
2026-09-29,corfinio,1,0,0,,0,0
2026-09-29,corinaldo,3,0,0,,0,0
2026-09-29,corleone,3,0,0,,0,0
2026-09-29,corridonia,6,0,0,,0,0
2026-09-29,cortina-dampezzo,1,0,2,,2,2
2026-09-29,cortona-ar-it,1,0,0,,0,0
2026-09-29,cosenza,23,0,0,,0,0
2026-09-29,courmayeur,3,0,3,,1,3
2026-09-29,cremona,7,0,0,,0,0
2026-09-29,crotone,5,100,0,0.0,0,0
2026-09-29,cuneo,1,0,0,,0,0
2026-09-29,desenzano-del-garda,8,40,7,17.5,5,7
2026-09-29,dogliani,2,30,0,0.0,0,0
2026-09-29,domodossola,2,20,1,5.0,1,1
2026-09-29,dorno,1,0,0,,0,0
2026-09-29,elba,8,190,5,2.6,3,5
2026-09-29,enna,3,5,0,0.0,0,0
2026-09-29,ercolano,31,60,2,3.3,2,2
2026-09-29,esine,1,0,0,,0,0
2026-09-29,faenza,4,35,6,17.1,3,6
2026-09-29,fano,4,0,1,,1,1
2026-09-29,fasano,3,100,0,0.0,0,0
2026-09-29,favignana,3,0,1,,1,1
2026-09-29,ferrara,10,50,5,10.0,5,5
2026-09-29,filicudi,1,30,0,0.0,0,0
2026-09-29,finale-ligure,2,0,4,,4,4
2026-09-29,fiumicino,1,0,1,,1,1
2026-09-29,florence,115,1146,1331,116.1,1252,1380
2026-09-29,foggia,13,20,0,0.0,0,0
2026-09-29,follonica,1,0,0,,0,0
2026-09-29,fondi,1,0,0,,0,0
2026-09-29,fonte,1,0,0,,0,0
2026-09-29,forio,3,0,0,,0,0
2026-09-29,formia,9,0,0,,0,0
2026-09-29,fossano,3,0,0,,0,0
2026-09-29,frosinone,43,0,0,,0,0
2026-09-29,gaggio-montano,3,0,0,,0,0
2026-09-29,gagliano-del-capo,3,0,0,,0,0
2026-09-29,gallarate,1,0,3,,2,3
2026-09-29,gallipoli,9,0,1,,1,1
2026-09-29,gardone-val-trompia,1,0,0,,0,0
2026-09-29,gela,2,0,0,,0,0
2026-09-29,genoa,37,256,63,24.6,55,65
2026-09-29,ghemme,2,0,0,,0,0
2026-09-29,giardini-naxos,3,30,1,3.3,0,1
2026-09-29,gioiosa-marea,1,0,0,,0,0
2026-09-29,giurdignano,1,0,0,,0,0
2026-09-29,gliaca-me-it,1,0,0,,0,0
2026-09-29,godiasco,2,0,0,,0,0
2026-09-29,golfo-aranci,1,0,0,,0,0
2026-09-29,gosaldo,1,0,0,,0,0
2026-09-29,grado,2,0,0,,0,0
2026-09-29,grammichele,4,0,1,,0,1
2026-09-29,grassano,1,0,0,,0,0
2026-09-29,greve-in-chianti,1,0,2,,2,2
2026-09-29,grottaferrata-rome,1,10,0,0.0,0,0
2026-09-29,guarcino,1,0,0,,0,0
2026-09-29,gubbio,2,0,0,,0,0
2026-09-29,iesi,5,0,0,,0,0
2026-09-29,iglesias,3,0,0,,0,0
2026-09-29,ilbono,3,0,0,,0,0
2026-09-29,imola,6,0,0,,0,0
2026-09-29,inzago,1,0,0,,0,0
2026-09-29,irgoli,3,0,0,,0,0
2026-09-29,ischia,12,450,21,4.7,20,21
2026-09-29,ischia-di-castro,3,0,0,,0,0
2026-09-29,iseo,1,0,0,,0,0
2026-09-29,isernia,4,30,0,0.0,0,0
2026-09-29,isola-della-scala-vr-it,1,0,0,,0,0
2026-09-29,isola-di-capo-rizzuto,2,0,0,,0,0
2026-09-29,isola-di-salina,3,0,2,,2,2
2026-09-29,ivrea,3,20,0,0.0,0,0
2026-09-29,jesolo,4,0,0,,0,0
2026-09-29,la-spezia,14,81,36,44.4,30,38
2026-09-29,laino-castello,3,0,0,,0,0
2026-09-29,lamezia-terme,14,0,1,,1,1
2026-09-29,lampedusa,18,50,0,0.0,0,0
2026-09-29,laquila,8,0,0,,0,0
2026-09-29,larino,1,0,0,,0,0
2026-09-29,latina,35,0,0,,0,0
2026-09-29,latronico,1,0,0,,0,0
2026-09-29,lauria,3,0,0,,0,0
2026-09-29,lauro,1,0,0,,0,0
2026-09-29,lecce,24,525,35,6.7,34,39
2026-09-29,lecco,12,80,18,22.5,16,18
2026-09-29,legnano,11,100,0,0.0,0,0
2026-09-29,lesina,1,0,0,,0,0
2026-09-29,letojanni-me-it,1,0,1,,1,1
2026-09-29,levanto,2,0,1,,1,1
2026-09-29,licata,3,0,0,,0,0
2026-09-29,lignano-sabbiadoro,1,0,0,,0,0
2026-09-29,linosa,2,0,0,,0,0
2026-09-29,lioni,3,0,0,,0,0
2026-09-29,lipari,5,30,3,10.0,3,3
2026-09-29,livigno,1,50,0,0.0,0,0
2026-09-29,livorno,9,55,4,7.3,3,4
2026-09-29,locri,6,0,0,,0,0
2026-09-29,lodi-75,2,0,0,,0,0
2026-09-29,lucca,10,146,33,22.6,29,34
2026-09-29,lucera,1,0,0,,0,0
2026-09-29,madonna-di-campiglio,4,8,0,0.0,0,0
2026-09-29,magenta,1,0,0,,0,0
2026-09-29,maggiora,1,0,0,,0,0
2026-09-29,maglie,4,0,0,,0,0
2026-09-29,magnano-in-riviera,1,0,0,,0,0
2026-09-29,maiori,2,30,7,23.3,6,7
2026-09-29,manciano,1,0,0,,0,0
2026-09-29,manfredonia,7,0,0,,0,0
2026-09-29,mangone,1,0,0,,0,0
2026-09-29,mantua-d6,3,0,0,,0,0
2026-09-29,maranello,1,50,0,0.0,0,0
2026-09-29,marina-di-camerota,1,6,0,0.0,0,0
2026-09-29,marina-di-santa-maria-del-cedro,4,0,0,,0,0
2026-09-29,marsala,12,100,2,2.0,2,2
2026-09-29,marsico-nuovo,1,0,0,,0,0
2026-09-29,marzocca,1,0,0,,0,0
2026-09-29,massa-lubrense,3,20,0,0.0,0,0
2026-09-29,matelica,4,0,0,,0,0
2026-09-29,matera,17,35,11,31.4,9,12
2026-09-29,melito-di-porto-salvo,2,0,0,,0,0
2026-09-29,merano,4,0,0,,0,0
2026-09-29,messina,42,120,35,29.2,34,36
2026-09-29,meta,5,100,2,2.0,2,2
2026-09-29,milan,306,3126,2576,82.4,2476,2651
2026-09-29,milazzo,21,100,6,6.0,5,6
2026-09-29,mira,1,25,0,0.0,0,0
2026-09-29,mirabella-imbaccari,4,0,0,,0,0
2026-09-29,misano-adriatico,3,100,0,0.0,0,0
2026-09-29,mistretta,1,0,0,,0,0
2026-09-29,modena,25,110,22,20.0,19,23
2026-09-29,monasterace-marina,3,0,0,,0,0
2026-09-29,moneglia,1,0,0,,0,0
2026-09-29,monopoli,10,150,70,46.7,66,75
2026-09-29,monreale-fr,1,0,0,,0,0
2026-09-29,montagnana,9,10,0,0.0,0,0
2026-09-29,montalbano-jonico,3,0,0,,0,0
2026-09-29,montalcino,4,15,0,0.0,0,0
2026-09-29,montalto-di-castro,2,0,0,,0,0
2026-09-29,monte-argentario,2,0,0,,0,0
2026-09-29,monte-san-savino,2,0,0,,0,0
2026-09-29,montecatini-terme,8,20,0,0.0,0,0
2026-09-29,montegabbione,1,0,0,,0,0
2026-09-29,montepaone,5,0,0,,0,0
2026-09-29,monterosso,2,0,26,,21,26
2026-09-29,montespertoli,3,0,0,,0,0
2026-09-29,montevarchi,1,10,0,0.0,0,0
2026-09-29,monza,13,0,3,,3,3
2026-09-29,monzuno,2,0,0,,0,0
2026-09-29,motta-visconti,1,0,0,,0,0
2026-09-29,mottafollone,2,0,0,,0,0
2026-09-29,muccia,1,0,0,,0,0
2026-09-29,muravera,1,0,0,,0,0
2026-09-29,naples,416,3109,595,19.1,566,609
2026-09-29,nicorvo,3,0,0,,0,0
2026-09-29,nicosia-28,5,0,0,,0,0
2026-09-29,niscemi,2,0,0,,0,0
2026-09-29,noale-ve-italy,1,0,0,,0,0
2026-09-29,nocera-superiore,1,10,0,0.0,0,0
2026-09-29,notaresco-stazione,6,0,0,,0,0
2026-09-29,noto,4,30,2,6.7,2,2
2026-09-29,novara,13,0,0,,0,0
2026-09-29,nule,1,0,0,,0,0
2026-09-29,nuraminis,2,0,0,,0,0
2026-09-29,oderzo,4,0,0,,0,0
2026-09-29,olbia,6,0,14,,11,14
2026-09-29,oliena,4,0,0,,0,0
2026-09-29,oristano,6,0,0,,0,0
2026-09-29,ortona,2,0,0,,0,0
2026-09-29,ortucchio,1,0,0,,0,0
2026-09-29,orvieto,5,10,5,50.0,5,5
2026-09-29,ostuni,8,0,5,,5,5
2026-09-29,otranto,4,10,1,10.0,1,1
2026-09-29,ottaviano,5,0,0,,0,0
2026-09-29,padova,33,267,37,13.9,36,38
2026-09-29,palau,3,0,1,,1,1
2026-09-29,palazzo-san-gervasio,1,0,0,,0,0
2026-09-29,palazzolo-acreide,1,0,0,,0,0
2026-09-29,palermo,107,1166,364,31.2,332,373
2026-09-29,palma-di-montechiaro,1,0,0,,0,0
2026-09-29,palmi,3,0,0,,0,0
2026-09-29,panarea,1,0,0,,0,0
2026-09-29,pantelleria,2,0,1,,0,1
2026-09-29,paola,1,0,0,,0,0
2026-09-29,paratico,9,0,0,,0,0
2026-09-29,parma,24,60,35,58.3,33,37
2026-09-29,pascione-quattro-strade,2,0,0,,0,0
2026-09-29,pavia,9,35,2,5.7,2,2
2026-09-29,pavullo-nel-frignano,1,0,0,,0,0
2026-09-29,pero,6,0,0,,0,0
2026-09-29,perugia,20,155,18,11.6,14,18
2026-09-29,pesaro,4,6,0,0.0,0,0
2026-09-29,pescara,29,45,24,53.3,23,24
2026-09-29,peschiera-del-garda,3,35,20,57.1,18,20
2026-09-29,piacenza,16,25,0,0.0,0,0
2026-09-29,piaggine,1,0,0,,0,0
2026-09-29,pieve-di-cento,2,0,0,,0,0
2026-09-29,pioltello-mi-it,1,0,0,,0,0
2026-09-29,piove-di-sacco,2,0,0,,0,0
2026-09-29,pisa,37,897,330,36.8,308,347
2026-09-29,ploaghe,1,0,0,,0,0
2026-09-29,pofi,1,0,0,,0,0
2026-09-29,polignano-a-mare,11,373,29,7.8,26,30
2026-09-29,pompei,46,320,79,24.7,73,82
2026-09-29,pontinia,1,0,0,,0,0
2026-09-29,ponza,1,0,0,,0,0
2026-09-29,poppi,1,5,0,0.0,0,0
2026-09-29,pordenone,12,0,1,,1,1
2026-09-29,porto-cesareo,1,0,0,,0,0
2026-09-29,porto-empedocle,4,0,0,,0,0
2026-09-29,porto-torres,1,0,0,,0,0
2026-09-29,porto-viro,1,0,0,,0,0
2026-09-29,portopalo-di-capo-passero,3,0,1,,1,1
2026-09-29,positano,5,300,45,15.0,43,46
2026-09-29,potenza,14,0,0,,0,0
2026-09-29,poviglio,2,0,0,,0,0
2026-09-29,pozzallo,1,0,1,,1,1
2026-09-29,prata-sannita,2,0,0,,0,0
2026-09-29,prizzi,2,0,0,,0,0
2026-09-29,procida,3,0,0,,0,0
2026-09-29,pula-ca-it,1,0,0,,0,0
2026-09-29,quinzano-d'oglio,4,0,0,,0,0
2026-09-29,quistello,2,0,0,,0,0
2026-09-29,raddusa,1,0,0,,0,0
2026-09-29,ragusa,16,80,1,1.2,1,1
2026-09-29,ramacca,3,0,0,,0,0
2026-09-29,rapallo,6,0,16,,15,16
2026-09-29,ravello,1,0,1,,0,1
2026-09-29,ravenna,12,100,33,33.0,33,36
2026-09-29,recanati,5,0,0,,0,0
2026-09-29,reggio-calabria,19,300,4,1.3,3,4
2026-09-29,reggio-emilia,8,0,1,,1,1
2026-09-29,reggiolo,1,0,0,,0,0
2026-09-29,ribera,3,0,0,,0,0
2026-09-29,riccione,6,0,0,,0,0
2026-09-29,rieti,3,0,0,,0,0
2026-09-29,rimini,19,160,35,21.9,35,39
2026-09-29,riomaggiore,2,0,15,,15,15
2026-09-29,rionero-in-vulture,4,0,0,,0,0
2026-09-29,riva-del-garda,3,50,1,2.0,1,1
2026-09-29,roccadaspide,2,0,0,,0,0
2026-09-29,roccapalumba,2,0,0,,0,0
2026-09-29,roccaspinalveti,2,0,0,,0,0
2026-09-29,rodi-garganico,2,5,0,0.0,0,0
2026-09-29,rome,491,8053,3631,45.1,3456,3749
2026-09-29,ronciglione,2,0,0,,0,0
2026-09-29,rossano-stazione,7,0,0,,0,0
2026-09-29,rovereto,4,0,0,,0,0
2026-09-29,rutigliano,3,0,0,,0,0
2026-09-29,sabaudia,1,0,0,,0,0
2026-09-29,sabbio-chiese,1,0,0,,0,0
2026-09-29,sabbionara,1,0,0,,0,0
2026-09-29,sala-consilina,7,0,0,,0,0
2026-09-29,salandra,1,0,0,,0,0
2026-09-29,salerno,58,595,74,12.4,70,74
2026-09-29,saletti,10,0,0,,0,0
2026-09-29,san-benedetto-del-tronto,17,100,2,2.0,2,2
2026-09-29,san-cataldo,5,0,0,,0,0
2026-09-29,san-felice-circeo,1,0,0,,0,0
2026-09-29,san-gavino-monreale,1,0,0,,0,0
2026-09-29,san-giorgio-a-cremano,2,0,0,,0,0
2026-09-29,san-giovanni-gemini,2,0,0,,0,0
2026-09-29,san-giovanni-in-fiore,1,0,0,,0,0
2026-09-29,san-giovanni-rotondo,3,30,0,0.0,0,0
2026-09-29,san-lucido,2,0,0,,0,0
2026-09-29,san-nicandro-garganico,1,0,0,,0,0
2026-09-29,san-nicola-arcella,2,0,0,,0,0
2026-09-29,san-nicolò-d'arcidano,2,0,0,,0,0
2026-09-29,san-nicolò-di-comelico,3,0,0,,0,0
2026-09-29,san-sebastiano-al-vesuvio,19,45,0,0.0,0,0
2026-09-29,san-severo,3,0,0,,0,0
2026-09-29,san-teodoro,1,0,0,,0,0
2026-09-29,san-vincenzo,2,10,0,0.0,0,0
2026-09-29,sanluri,4,20,0,0.0,0,0
2026-09-29,sanremo,11,90,5,5.6,5,5
2026-09-29,sant'agnello,4,200,0,0.0,0,0
2026-09-29,sant'apollinare,1,0,0,,0,0
2026-09-29,santa-caterina-di-valfurva,2,50,0,0.0,0,0
2026-09-29,santa-margherita-di-belice,2,0,0,,0,0
2026-09-29,santa-margherita-ligure,5,37,52,140.5,50,53
2026-09-29,santa-maria-degli-angeli-pg-it,1,0,0,,0,0
2026-09-29,santa-maria-di-castellabate,3,5,0,0.0,0,0
2026-09-29,santadi,1,0,0,,0,0
2026-09-29,santantioco,3,0,0,,0,0
2026-09-29,sapri,1,0,0,,0,0
2026-09-29,sassari,9,0,2,,2,2
2026-09-29,sassuolo,1,0,0,,0,0
2026-09-29,savona,9,0,1,,1,1
2026-09-29,scalea-it,1,0,0,,0,0
2026-09-29,scaletta-zanclea,2,0,0,,0,0
2026-09-29,sciacca,2,0,0,,0,0
2026-09-29,scicli,1,0,0,,0,0
2026-09-29,scordia,4,0,0,,0,0
2026-09-29,scurelle,1,0,0,,0,0
2026-09-29,segrate-mi-it,1,0,0,,0,0
2026-09-29,selva-di-cadore,2,0,0,,0,0
2026-09-29,senigallia,1,0,0,,0,0
2026-09-29,serracapriola,1,0,0,,0,0
2026-09-29,sestri-levante,1,0,0,,0,0
2026-09-29,sestriere,1,50,0,0.0,0,0
2026-09-29,siderno,1,0,0,,0,0
2026-09-29,siena,14,32,56,175.0,53,58
2026-09-29,simeri-crichi,1,0,0,,0,0
2026-09-29,siniscola,1,0,0,,0,0
2026-09-29,siracusa,21,100,66,66.0,60,68
2026-09-29,sirmione,3,0,3,,3,3
2026-09-29,sommatino,8,0,0,,0,0
2026-09-29,sondrio,8,0,0,,0,0
2026-09-29,sorrento,20,567,108,19.0,96,113
2026-09-29,sparanise,1,0,0,,0,0
2026-09-29,spello-perugia,1,0,0,,0,0
2026-09-29,sperlonga,15,0,3,,3,3
2026-09-29,spezzano-albanese,2,0,0,,0,0
2026-09-29,spilimbergo,2,0,0,,0,0
2026-09-29,spoleto,3,0,0,,0,0
2026-09-29,stilo,1,0,0,,0,0
2026-09-29,stromboli,2,0,1,,1,1
2026-09-29,taglio-di-po,1,0,0,,0,0
2026-09-29,taino,1,0,0,,0,0
2026-09-29,taormina,7,150,47,31.3,41,47
2026-09-29,taranto,15,90,2,2.2,2,2
2026-09-29,taurisano,7,0,0,,0,0
2026-09-29,teano,6,0,0,,0,0
2026-09-29,telese-terme,2,0,0,,0,0
2026-09-29,tempio-pausania,3,0,0,,0,0
2026-09-29,teramo,8,0,0,,0,0
2026-09-29,termini-imerese,3,0,0,,0,0
2026-09-29,termoli,4,20,4,20.0,4,4
2026-09-29,terni,6,6,1,16.7,1,1
2026-09-29,terrasini,13,0,2,,2,2
2026-09-29,thiene,13,10,0,0.0,0,0
2026-09-29,tirano,6,20,59,295.0,59,60
2026-09-29,tolmezzo,2,0,0,,0,0
2026-09-29,tolve,3,0,0,,0,0
2026-09-29,torchiarolo,2,20,0,0.0,0,0
2026-09-29,torella-del-sannio,1,0,0,,0,0
2026-09-29,torino,2,0,0,,0,0
2026-09-29,torre-de'-passeri,7,0,0,,0,0
2026-09-29,torre-suda-le-it,1,0,0,,0,0
2026-09-29,trani,17,0,0,,0,0
2026-09-29,trapani,18,195,8,4.1,8,9
2026-09-29,traversetolo,1,0,0,,0,0
2026-09-29,trebisacce,4,10,0,0.0,0,0
2026-09-29,trento,11,20,1,5.0,1,1
2026-09-29,treviglio,14,10,2,20.0,1,2
2026-09-29,treviso,26,5,30,600.0,27,30
2026-09-29,trieste,23,16,42,262.5,35,44
2026-09-29,triggiano-ba-it,1,0,0,,0,0
2026-09-29,tronca,3,0,0,,0,0
2026-09-29,tronzano-vercellese,1,0,0,,0,0
2026-09-29,tropea,4,0,2,,1,2
2026-09-29,turin,98,612,199,32.5,187,202
2026-09-29,udine,21,0,3,,2,3
2026-09-29,umbertide,2,0,0,,0,0
2026-09-29,urbania,2,0,2,,1,2
2026-09-29,ustica,1,0,0,,0,0
2026-09-29,valderice-tp-it,1,0,0,,0,0
2026-09-29,valledolmo,1,0,0,,0,0
2026-09-29,vallo-della-lucania,5,0,0,,0,0
2026-09-29,varese,13,100,5,5.0,3,5
2026-09-29,vasto,5,0,0,,0,0
2026-09-29,venasca,1,0,0,,0,0
2026-09-29,venice,93,1561,1370,87.8,1287,1403
2026-09-29,ventimiglia,3,0,8,,8,8
2026-09-29,verbania,12,210,9,4.3,9,9
2026-09-29,vercelli,3,10,0,0.0,0,0
2026-09-29,vernazza,1,8,2,25.0,2,2
2026-09-29,verona,65,243,220,90.5,196,226
2026-09-29,vezzano-ligure,4,0,0,,0,0
2026-09-29,viareggio,8,60,2,3.3,2,2
2026-09-29,vibo-valentia,15,0,4,,4,4
2026-09-29,vicenza,25,10,9,90.0,9,9
2026-09-29,vieste,1,0,0,,0,0
2026-09-29,vietri-sul-mare,1,0,2,,2,2
2026-09-29,vigevano,1,0,0,,0,0
2026-09-29,villa-literno,1,0,0,,0,0
2026-09-29,villacidro,2,0,0,,0,0
2026-09-29,villanova-mondovì,4,0,0,,0,0
2026-09-29,villaurbana,2,0,0,,0,0
2026-09-29,viterbo,5,10,1,10.0,1,1
2026-09-29,vittoria,11,0,0,,0,0
2026-09-29,vobarno,3,0,1,,1,1
2026-09-29,voghera,1,0,0,,0,0
2026-09-29,vulcano-porto,2,50,1,2.0,1,1
2026-09-30,abbasanta,1,0,0,,0,0
2026-09-30,acqui-terme,4,0,0,,0,0
2026-09-30,acri,1,0,0,,0,0
2026-09-30,agrigento,12,120,18,15.0,16,18
2026-09-30,agropoli,1,0,0,,0,0
2026-09-30,alassio,1,0,0,,0,0
2026-09-30,alatri,3,0,0,,0,0
2026-09-30,alba,2,0,0,,0,0
2026-09-30,alba-adriatica,1,0,0,,0,0
2026-09-30,alberobello,9,25,9,36.0,8,9
2026-09-30,alessandria,2,0,0,,0,0
2026-09-30,alghero,9,20,5,25.0,5,5
2026-09-30,alicudi,1,0,0,,0,0
2026-09-30,alviano,2,0,0,,0,0
2026-09-30,amalfi,9,280,34,12.1,28,35
2026-09-30,amantea,1,0,0,,0,0
2026-09-30,ancona,13,110,12,10.9,11,12
2026-09-30,antey-saint-andre-it,1,0,0,,0,0
2026-09-30,aosta,6,0,1,,1,1
2026-09-30,aprilia,1,0,0,,0,0
2026-09-30,arce,1,0,0,,0,0
2026-09-30,arcidosso,1,0,0,,0,0
2026-09-30,arezzo,8,15,2,13.3,2,2
2026-09-30,ariano-irpino,1,0,0,,0,0
2026-09-30,arona,5,0,2,,2,2
2026-09-30,ascoli-piceno,2,0,0,,0,0
2026-09-30,assisi,11,125,11,8.8,11,11
2026-09-30,atrani,1,0,0,,0,0
2026-09-30,atripalda,2,0,0,,0,0
2026-09-30,auer,1,0,0,,0,0
2026-09-30,augusta-9d,5,0,0,,0,0
2026-09-30,avellino,16,0,0,,0,0
2026-09-30,aviano,1,0,0,,0,0
2026-09-30,bardi,1,0,0,,0,0
2026-09-30,bari,68,1067,221,20.7,205,229
2026-09-30,barisciano,1,0,0,,0,0
2026-09-30,battipaglia,23,0,0,,0,0
2026-09-30,bedonia,1,0,0,,0,0
2026-09-30,bellagio,2,0,13,,10,13
2026-09-30,belluno,6,0,0,,0,0
2026-09-30,belmonte-calabro,3,0,0,,0,0
2026-09-30,benevento,5,0,0,,0,0
2026-09-30,bergamo,48,275,152,55.3,135,156
2026-09-30,biancavilla,1,0,0,,0,0
2026-09-30,biella,6,0,0,,0,0
2026-09-30,bojano,1,0,0,,0,0
2026-09-30,bolgheri,1,0,0,,0,0
2026-09-30,bologna,100,1168,410,35.1,387,424
2026-09-30,bolzano,8,0,12,,11,15
2026-09-30,bordighera,3,0,3,,3,3
2026-09-30,borgo-valbelluna,8,0,0,,0,0
2026-09-30,borno-it,4,0,0,,0,0
2026-09-30,bovalino,1,0,0,,0,0
2026-09-30,boville-ernica,1,0,0,,0,0
2026-09-30,brescia,53,120,3,2.5,3,3
2026-09-30,brindisi,11,200,9,4.5,9,9
2026-09-30,broni,2,0,0,,0,0
2026-09-30,bronte,7,0,0,,0,0
2026-09-30,bruneck,2,0,0,,0,0
2026-09-30,buja,5,0,0,,0,0
2026-09-30,cagliari,33,0,22,,20,22
2026-09-30,cairo-montenotte,1,0,0,,0,0
2026-09-30,camogli,2,0,11,,10,11
2026-09-30,campobasso,3,100,1,1.0,1,1
2026-09-30,canale-di-pergine-valsugana,1,0,0,,0,0
2026-09-30,canelli,3,0,0,,0,0
2026-09-30,canosa-di-puglia,8,100,0,0.0,0,0
2026-09-30,caorle-it,1,0,0,,0,0
2026-09-30,capistrello,7,0,0,,0,0
2026-09-30,capo-d'orlando,9,0,0,,0,0
2026-09-30,capri,3,100,72,72.0,70,76
2026-09-30,cardano-al-campo,19,0,12,,12,12
2026-09-30,cariati,1,0,0,,0,0
2026-09-30,carlentini,2,0,0,,0,0
2026-09-30,carpegna,1,0,0,,0,0
2026-09-30,casalbore,2,0,0,,0,0
2026-09-30,casarsa-della-delizia,1,0,0,,0,0
2026-09-30,caserta,107,120,1,0.8,1,1
2026-09-30,cassano-all’ionio,1,0,0,,0,0
2026-09-30,cassino,21,0,0,,0,0
2026-09-30,castel-madama,2,0,0,,0,0
2026-09-30,castel-volturno,1,0,0,,0,0
2026-09-30,castelcovati,4,0,0,,0,0
2026-09-30,castellammare-del-golfo,5,50,1,2.0,1,1
2026-09-30,castellammare-di-stabia,16,5,1,20.0,1,1
2026-09-30,castellana-grotte-bari-it,1,0,1,,1,1
2026-09-30,castelnovo-ne'-monti,2,0,0,,0,0
2026-09-30,castelnuovo-don-bosco,1,0,0,,0,0
2026-09-30,castelvetrano,3,0,0,,0,0
2026-09-30,castiglione-del-lago,2,50,0,0.0,0,0
2026-09-30,castrovillari,1,0,0,,0,0
2026-09-30,catania,138,1020,140,13.7,127,144
2026-09-30,catanzaro,11,0,0,,0,0
2026-09-30,cattolica,5,60,0,0.0,0,0
2026-09-30,cecina,2,0,0,,0,0
2026-09-30,cefalu,5,130,25,19.2,21,26
2026-09-30,celano,3,0,0,,0,0
2026-09-30,cellole,10,0,0,,0,0
2026-09-30,cervignano-del-friuli,7,0,1,,1,1
2026-09-30,cesena,26,105,3,2.9,2,3
2026-09-30,ceva,1,0,0,,0,0
2026-09-30,cherasco,1,0,0,,0,0
2026-09-30,chiari,1,0,0,,0,0
2026-09-30,chiavari,2,0,0,,0,0
2026-09-30,chieti,12,25,0,0.0,0,0
2026-09-30,chiusi,3,15,0,0.0,0,0
2026-09-30,cicagna-it,1,0,0,,0,0
2026-09-30,cipressino,1,0,0,,0,0
2026-09-30,citta-di-castello,1,0,0,,0,0
2026-09-30,cittanova,5,0,0,,0,0
2026-09-30,civitanova-marche,8,0,0,,0,0
2026-09-30,civitavecchia,1,0,0,,0,0
2026-09-30,civitella-del-tronto,1,0,0,,0,0
2026-09-30,cles,2,0,0,,0,0
2026-09-30,colletorto,1,0,0,,0,0
2026-09-30,como,29,245,132,53.9,118,133
2026-09-30,conegliano,5,0,0,,0,0
2026-09-30,conselice,1,0,0,,0,0
2026-09-30,conselve,1,0,0,,0,0
2026-09-30,corfinio,1,0,0,,0,0
2026-09-30,corinaldo,3,0,0,,0,0
2026-09-30,corleone,3,0,0,,0,0
2026-09-30,corridonia,6,0,0,,0,0
2026-09-30,cortina-dampezzo,1,0,2,,2,2
2026-09-30,cortona-ar-it,1,0,0,,0,0
2026-09-30,cosenza,23,0,0,,0,0
2026-09-30,courmayeur,3,0,1,,1,1
2026-09-30,cremona,7,0,0,,0,0
2026-09-30,crotone,5,100,0,0.0,0,0
2026-09-30,cuneo,1,0,0,,0,0
2026-09-30,desenzano-del-garda,8,40,6,15.0,6,6
2026-09-30,dogliani,2,30,0,0.0,0,0
2026-09-30,domodossola,2,20,2,10.0,2,2
2026-09-30,dorno,1,0,0,,0,0
2026-09-30,elba,8,190,3,1.6,3,3
2026-09-30,enna,3,5,0,0.0,0,0
2026-09-30,ercolano,31,60,2,3.3,2,2
2026-09-30,esine,1,0,0,,0,0
2026-09-30,faenza,4,35,3,8.6,3,4
2026-09-30,fano,4,0,1,,1,1
2026-09-30,fasano,3,100,0,0.0,0,0
2026-09-30,favignana,3,0,1,,1,1
2026-09-30,ferrara,10,50,6,12.0,4,6
2026-09-30,filicudi,1,30,0,0.0,0,0
2026-09-30,finale-ligure,2,0,4,,4,4
2026-09-30,fiumicino,1,0,1,,1,1
2026-09-30,florence,115,1146,1319,115.1,1251,1359
2026-09-30,foggia,13,20,0,0.0,0,0
2026-09-30,follonica,1,0,0,,0,0
2026-09-30,fondi,1,0,0,,0,0
2026-09-30,fonte,1,0,0,,0,0
2026-09-30,forio,3,0,0,,0,0
2026-09-30,formia,9,0,0,,0,0
2026-09-30,fossano,3,0,0,,0,0
2026-09-30,frosinone,43,0,0,,0,0
2026-09-30,gaggio-montano,3,0,0,,0,0
2026-09-30,gagliano-del-capo,3,0,0,,0,0
2026-09-30,gallarate,1,0,2,,1,2
2026-09-30,gallipoli,9,0,1,,1,1
2026-09-30,gardone-val-trompia,1,0,0,,0,0
2026-09-30,gela,2,0,0,,0,0
2026-09-30,genoa,37,256,58,22.7,56,61
2026-09-30,ghemme,2,0,0,,0,0
2026-09-30,giardini-naxos,3,30,0,0.0,0,0
2026-09-30,gioiosa-marea,1,0,0,,0,0
2026-09-30,giurdignano,1,0,0,,0,0
2026-09-30,gliaca-me-it,1,0,0,,0,0
2026-09-30,godiasco,2,0,0,,0,0
2026-09-30,golfo-aranci,1,0,0,,0,0
2026-09-30,gosaldo,1,0,0,,0,0
2026-09-30,grado,2,0,0,,0,0
2026-09-30,grammichele,4,0,0,,0,0
2026-09-30,grassano,1,0,0,,0,0
2026-09-30,greve-in-chianti,1,0,2,,2,2
2026-09-30,grottaferrata-rome,1,10,0,0.0,0,0
2026-09-30,guarcino,1,0,0,,0,0
2026-09-30,gubbio,2,0,0,,0,0
2026-09-30,iesi,5,0,0,,0,0
2026-09-30,iglesias,3,0,0,,0,0
2026-09-30,ilbono,3,0,0,,0,0
2026-09-30,imola,6,0,0,,0,0
2026-09-30,inzago,1,0,0,,0,0
2026-09-30,irgoli,3,0,0,,0,0
2026-09-30,ischia,12,450,20,4.4,20,21
2026-09-30,ischia-di-castro,3,0,0,,0,0
2026-09-30,iseo,1,0,0,,0,0
2026-09-30,isernia,4,30,0,0.0,0,0
2026-09-30,isola-della-scala-vr-it,1,0,0,,0,0
2026-09-30,isola-di-capo-rizzuto,2,0,0,,0,0
2026-09-30,isola-di-salina,3,0,2,,2,2
2026-09-30,ivrea,3,20,0,0.0,0,0
2026-09-30,jesolo,4,0,0,,0,0
2026-09-30,la-spezia,14,81,32,39.5,30,35
2026-09-30,laino-castello,3,0,0,,0,0
2026-09-30,lamezia-terme,14,0,1,,1,1
2026-09-30,lampedusa,18,50,0,0.0,0,0
2026-09-30,laquila,8,0,0,,0,0
2026-09-30,larino,1,0,0,,0,0
2026-09-30,latina,35,0,0,,0,0
2026-09-30,latronico,1,0,0,,0,0
2026-09-30,lauria,3,0,0,,0,0
2026-09-30,lauro,1,0,0,,0,0
2026-09-30,lecce,24,525,36,6.9,33,36
2026-09-30,lecco,12,80,17,21.2,17,17
2026-09-30,legnano,11,100,0,0.0,0,0
2026-09-30,lesina,1,0,0,,0,0
2026-09-30,letojanni-me-it,1,0,1,,1,1
2026-09-30,levanto,2,0,1,,1,1
2026-09-30,licata,3,0,0,,0,0
2026-09-30,lignano-sabbiadoro,1,0,0,,0,0
2026-09-30,linosa,2,0,0,,0,0
2026-09-30,lioni,3,0,0,,0,0
2026-09-30,lipari,5,30,3,10.0,3,3
2026-09-30,livigno,1,50,0,0.0,0,0
2026-09-30,livorno,9,55,3,5.5,2,3
2026-09-30,locri,6,0,0,,0,0
2026-09-30,lodi-75,2,0,0,,0,0
2026-09-30,lucca,10,146,31,21.2,27,31
2026-09-30,lucera,1,0,0,,0,0
2026-09-30,madonna-di-campiglio,4,8,0,0.0,0,0
2026-09-30,magenta,1,0,0,,0,0
2026-09-30,maggiora,1,0,0,,0,0
2026-09-30,maglie,4,0,0,,0,0
2026-09-30,magnano-in-riviera,1,0,0,,0,0
2026-09-30,maiori,2,30,8,26.7,8,8
2026-09-30,manciano,1,0,0,,0,0
2026-09-30,manfredonia,7,0,0,,0,0
2026-09-30,mangone,1,0,0,,0,0
2026-09-30,mantua-d6,3,0,0,,0,0
2026-09-30,maranello,1,50,0,0.0,0,0
2026-09-30,marina-di-camerota,1,6,0,0.0,0,0
2026-09-30,marina-di-santa-maria-del-cedro,4,0,0,,0,0
2026-09-30,marsala,12,100,2,2.0,2,2
2026-09-30,marsico-nuovo,1,0,0,,0,0
2026-09-30,marzocca,1,0,0,,0,0
2026-09-30,massa-lubrense,3,20,0,0.0,0,0
2026-09-30,matelica,4,0,0,,0,0
2026-09-30,matera,17,35,14,40.0,13,14
2026-09-30,melito-di-porto-salvo,2,0,0,,0,0
2026-09-30,merano,4,0,0,,0,0
2026-09-30,messina,42,120,34,28.3,34,34
2026-09-30,meta,5,100,2,2.0,2,2
2026-09-30,milan,306,3126,2590,82.9,2439,2648
2026-09-30,milazzo,21,100,5,5.0,5,5
2026-09-30,mira,1,25,0,0.0,0,0
2026-09-30,mirabella-imbaccari,4,0,0,,0,0
2026-09-30,misano-adriatico,3,100,0,0.0,0,0
2026-09-30,mistretta,1,0,0,,0,0
2026-09-30,modena,25,110,22,20.0,22,23
2026-09-30,monasterace-marina,3,0,0,,0,0
2026-09-30,moneglia,1,0,0,,0,0
2026-09-30,monopoli,10,150,71,47.3,65,72
2026-09-30,monreale-fr,1,0,0,,0,0
2026-09-30,montagnana,9,10,0,0.0,0,0
2026-09-30,montalbano-jonico,3,0,0,,0,0
2026-09-30,montalcino,4,15,0,0.0,0,0
2026-09-30,montalto-di-castro,2,0,0,,0,0
2026-09-30,monte-argentario,2,0,0,,0,0
2026-09-30,monte-san-savino,2,0,0,,0,0
2026-09-30,montecatini-terme,8,20,0,0.0,0,0
2026-09-30,montegabbione,1,0,0,,0,0
2026-09-30,montepaone,5,0,0,,0,0
2026-09-30,monterosso,2,0,21,,19,23
2026-09-30,montespertoli,3,0,0,,0,0
2026-09-30,montevarchi,1,10,0,0.0,0,0
2026-09-30,monza,13,0,3,,3,3
2026-09-30,monzuno,2,0,0,,0,0
2026-09-30,motta-visconti,1,0,0,,0,0
2026-09-30,mottafollone,2,0,0,,0,0
2026-09-30,muccia,1,0,0,,0,0
2026-09-30,muravera,1,0,0,,0,0
2026-09-30,naples,416,3109,597,19.2,548,611
2026-09-30,nicorvo,3,0,0,,0,0
2026-09-30,nicosia-28,5,0,0,,0,0
2026-09-30,niscemi,2,0,0,,0,0
2026-09-30,noale-ve-italy,1,0,0,,0,0
2026-09-30,nocera-superiore,1,10,0,0.0,0,0
2026-09-30,notaresco-stazione,6,0,0,,0,0
2026-09-30,noto,4,30,2,6.7,2,2
2026-09-30,novara,13,0,0,,0,0
2026-09-30,nule,1,0,0,,0,0
2026-09-30,nuraminis,2,0,0,,0,0
2026-09-30,oderzo,4,0,0,,0,0
2026-09-30,olbia,6,0,11,,7,11
2026-09-30,oliena,3,0,0,,0,0
2026-09-30,oristano,6,0,0,,0,0
2026-09-30,ortona,2,0,0,,0,0
2026-09-30,ortucchio,1,0,0,,0,0
2026-09-30,orvieto,5,10,5,50.0,3,5
2026-09-30,ostuni,8,0,6,,3,6
2026-09-30,otranto,4,10,1,10.0,1,1
2026-09-30,ottaviano,5,0,0,,0,0
2026-09-30,padova,33,267,39,14.6,39,41
2026-09-30,palau,3,0,1,,1,1
2026-09-30,palazzo-san-gervasio,1,0,0,,0,0
2026-09-30,palazzolo-acreide,1,0,0,,0,0
2026-09-30,palermo,107,1166,357,30.6,336,366
2026-09-30,palma-di-montechiaro,1,0,0,,0,0
2026-09-30,palmi,3,0,0,,0,0
2026-09-30,panarea,1,0,0,,0,0
2026-09-30,pantelleria,2,0,0,,0,0
2026-09-30,paola,1,0,0,,0,0
2026-09-30,paratico,9,0,0,,0,0
2026-09-30,parma,24,60,39,65.0,38,40
2026-09-30,pascione-quattro-strade,2,0,0,,0,0
2026-09-30,pavia,9,35,3,8.6,3,3
2026-09-30,pavullo-nel-frignano,1,0,0,,0,0
2026-09-30,pero,6,0,0,,0,0
2026-09-30,perugia,20,155,16,10.3,15,16
2026-09-30,pesaro,4,6,0,0.0,0,0
2026-09-30,pescara,29,45,24,53.3,22,24
2026-09-30,peschiera-del-garda,3,35,18,51.4,16,19
2026-09-30,piacenza,16,25,0,0.0,0,0
2026-09-30,piaggine,1,0,0,,0,0
2026-09-30,pieve-di-cento,2,0,0,,0,0
2026-09-30,pioltello-mi-it,1,0,0,,0,0
2026-09-30,piove-di-sacco,2,0,0,,0,0
2026-09-30,pisa,37,897,317,35.3,306,328
2026-09-30,ploaghe,1,0,0,,0,0
2026-09-30,pofi,1,0,0,,0,0
2026-09-30,polignano-a-mare,11,373,30,8.0,28,32
2026-09-30,pompei,46,320,79,24.7,72,84
2026-09-30,pontinia,1,0,0,,0,0
2026-09-30,ponza,1,0,0,,0,0
2026-09-30,poppi,1,5,0,0.0,0,0
2026-09-30,pordenone,12,0,1,,1,1
2026-09-30,porto-cesareo,1,0,0,,0,0
2026-09-30,porto-empedocle,4,0,0,,0,0
2026-09-30,porto-torres,1,0,0,,0,0
2026-09-30,porto-viro,1,0,0,,0,0
2026-09-30,portopalo-di-capo-passero,3,0,1,,0,1
2026-09-30,positano,5,300,44,14.7,39,45
2026-09-30,potenza,14,0,0,,0,0
2026-09-30,poviglio,2,0,0,,0,0
2026-09-30,pozzallo,1,0,1,,1,1
2026-09-30,prata-sannita,2,0,0,,0,0
2026-09-30,prizzi,2,0,0,,0,0
2026-09-30,procida,3,0,0,,0,0
2026-09-30,pula-ca-it,1,0,0,,0,0
2026-09-30,quinzano-d'oglio,4,0,0,,0,0
2026-09-30,quistello,2,0,0,,0,0
2026-09-30,raddusa,1,0,0,,0,0
2026-09-30,ragusa,16,80,1,1.2,1,1
2026-09-30,ramacca,3,0,0,,0,0
2026-09-30,rapallo,6,0,16,,14,16
2026-09-30,ravello,1,0,0,,0,0
2026-09-30,ravenna,12,100,33,33.0,32,35
2026-09-30,recanati,5,0,0,,0,0
2026-09-30,reggio-calabria,19,300,3,1.0,3,3
2026-09-30,reggio-emilia,8,0,1,,1,1
2026-09-30,reggiolo,1,0,0,,0,0
2026-09-30,ribera,3,0,0,,0,0
2026-09-30,riccione,5,0,0,,0,0
2026-09-30,rieti,3,0,0,,0,0
2026-09-30,rimini,19,160,38,23.8,38,38
2026-09-30,riomaggiore,2,0,16,,15,16
2026-09-30,rionero-in-vulture,4,0,0,,0,0
2026-09-30,riva-del-garda,3,50,2,4.0,2,2
2026-09-30,roccadaspide,2,0,0,,0,0
2026-09-30,roccapalumba,2,0,0,,0,0
2026-09-30,roccaspinalveti,2,0,0,,0,0
2026-09-30,rodi-garganico,2,5,0,0.0,0,0
2026-09-30,rome,491,8053,3643,45.2,3456,3751
2026-09-30,ronciglione,2,0,0,,0,0
2026-09-30,rossano-stazione,7,0,0,,0,0
2026-09-30,rovereto,4,0,0,,0,0
2026-09-30,rutigliano,3,0,0,,0,0
2026-09-30,sabaudia,1,0,0,,0,0
2026-09-30,sabbio-chiese,1,0,0,,0,0
2026-09-30,sabbionara,1,0,0,,0,0
2026-09-30,sala-consilina,7,0,0,,0,0
2026-09-30,salandra,1,0,0,,0,0
2026-09-30,salerno,58,595,73,12.3,64,75
2026-09-30,saletti,10,0,0,,0,0
2026-09-30,san-benedetto-del-tronto,17,100,2,2.0,2,2
2026-09-30,san-cataldo,5,0,0,,0,0
2026-09-30,san-felice-circeo,1,0,0,,0,0
2026-09-30,san-gavino-monreale,1,0,0,,0,0
2026-09-30,san-giorgio-a-cremano,2,0,0,,0,0
2026-09-30,san-giovanni-gemini,2,0,0,,0,0
2026-09-30,san-giovanni-in-fiore,1,0,0,,0,0
2026-09-30,san-giovanni-rotondo,3,30,0,0.0,0,0
2026-09-30,san-lucido,2,0,0,,0,0
2026-09-30,san-nicandro-garganico,1,0,0,,0,0
2026-09-30,san-nicola-arcella,2,0,0,,0,0
2026-09-30,san-nicolò-d'arcidano,2,0,0,,0,0
2026-09-30,san-nicolò-di-comelico,3,0,0,,0,0
2026-09-30,san-sebastiano-al-vesuvio,19,45,0,0.0,0,0
2026-09-30,san-severo,3,0,0,,0,0
2026-09-30,san-teodoro,1,0,0,,0,0
2026-09-30,san-vincenzo,2,10,0,0.0,0,0
2026-09-30,sanluri,4,20,0,0.0,0,0
2026-09-30,sanremo,11,90,5,5.6,5,5
2026-09-30,sant'agnello,4,200,0,0.0,0,0
2026-09-30,sant'apollinare,1,0,0,,0,0
2026-09-30,santa-caterina-di-valfurva,2,50,0,0.0,0,0
2026-09-30,santa-margherita-di-belice,2,0,0,,0,0
2026-09-30,santa-margherita-ligure,5,37,51,137.8,50,53
2026-09-30,santa-maria-degli-angeli-pg-it,1,0,0,,0,0
2026-09-30,santa-maria-di-castellabate,3,5,0,0.0,0,0
2026-09-30,santadi,1,0,0,,0,0
2026-09-30,santantioco,3,0,0,,0,0
2026-09-30,sapri,1,0,0,,0,0
2026-09-30,sassari,9,0,2,,2,2
2026-09-30,sassuolo,1,0,0,,0,0
2026-09-30,savona,9,0,1,,0,1
2026-09-30,scalea-it,1,0,0,,0,0
2026-09-30,scaletta-zanclea,2,0,0,,0,0
2026-09-30,sciacca,2,0,0,,0,0
2026-09-30,scicli,1,0,0,,0,0
2026-09-30,scordia,4,0,0,,0,0
2026-09-30,scurelle,1,0,0,,0,0
2026-09-30,segrate-mi-it,1,0,0,,0,0
2026-09-30,selva-di-cadore,2,0,0,,0,0
2026-09-30,senigallia,1,0,0,,0,0
2026-09-30,serracapriola,1,0,0,,0,0
2026-09-30,sestri-levante,1,0,0,,0,0
2026-09-30,sestriere,1,50,0,0.0,0,0
2026-09-30,siderno,1,0,0,,0,0
2026-09-30,siena,14,32,55,171.9,52,56
2026-09-30,simeri-crichi,1,0,0,,0,0
2026-09-30,siniscola,1,0,0,,0,0
2026-09-30,siracusa,21,100,67,67.0,62,71
2026-09-30,sirmione,3,0,3,,3,3
2026-09-30,sommatino,8,0,0,,0,0
2026-09-30,sondrio,8,0,0,,0,0
2026-09-30,sorrento,20,567,107,18.9,100,112
2026-09-30,sparanise,1,0,0,,0,0
2026-09-30,spello-perugia,1,0,0,,0,0
2026-09-30,sperlonga,15,0,4,,4,5
2026-09-30,spezzano-albanese,2,0,0,,0,0
2026-09-30,spilimbergo,2,0,0,,0,0
2026-09-30,spoleto,3,0,0,,0,0
2026-09-30,stilo,1,0,0,,0,0
2026-09-30,stromboli,2,0,1,,1,1
2026-09-30,taglio-di-po,1,0,0,,0,0
2026-09-30,taino,1,0,0,,0,0
2026-09-30,taormina,7,150,48,32.0,45,48
2026-09-30,taranto,15,90,2,2.2,2,2
2026-09-30,taurisano,7,0,0,,0,0
2026-09-30,teano,6,0,0,,0,0
2026-09-30,telese-terme,2,0,0,,0,0
2026-09-30,tempio-pausania,3,0,0,,0,0
2026-09-30,teramo,8,0,0,,0,0
2026-09-30,termini-imerese,3,0,0,,0,0
2026-09-30,termoli,4,20,4,20.0,4,4
2026-09-30,terni,6,6,1,16.7,1,1
2026-09-30,terrasini,13,0,2,,1,2
2026-09-30,thiene,13,10,0,0.0,0,0
2026-09-30,tirano,6,20,63,315.0,62,64
2026-09-30,tolmezzo,2,0,0,,0,0
2026-09-30,tolve,3,0,0,,0,0
2026-09-30,torchiarolo,2,20,0,0.0,0,0
2026-09-30,torella-del-sannio,1,0,0,,0,0
2026-09-30,torino,2,0,0,,0,0
2026-09-30,torre-de'-passeri,7,0,0,,0,0
2026-09-30,torre-suda-le-it,1,0,0,,0,0
2026-09-30,trani,17,0,1,,1,1
2026-09-30,trapani,18,195,9,4.6,9,9
2026-09-30,traversetolo,1,0,0,,0,0
2026-09-30,trebisacce,4,10,0,0.0,0,0
2026-09-30,trento,11,20,1,5.0,1,1
2026-09-30,treviglio,14,10,1,10.0,1,1
2026-09-30,treviso,26,5,29,580.0,27,30
2026-09-30,trieste,23,16,38,237.5,36,38
2026-09-30,triggiano-ba-it,1,0,0,,0,0
2026-09-30,tronca,3,0,0,,0,0
2026-09-30,tronzano-vercellese,1,0,0,,0,0
2026-09-30,tropea,4,0,2,,2,2
2026-09-30,turin,98,612,199,32.5,184,202
2026-09-30,udine,21,0,2,,2,2
2026-09-30,umbertide,2,0,0,,0,0
2026-09-30,urbania,2,0,1,,1,1
2026-09-30,ustica,1,0,0,,0,0
2026-09-30,valderice-tp-it,1,0,0,,0,0
2026-09-30,valledolmo,1,0,0,,0,0
2026-09-30,vallo-della-lucania,5,0,0,,0,0
2026-09-30,varese,13,100,3,3.0,2,3
2026-09-30,vasto,5,0,0,,0,0
2026-09-30,venasca,1,0,0,,0,0
2026-09-30,venice,93,1561,1338,85.7,1265,1384
2026-09-30,ventimiglia,3,0,9,,8,9
2026-09-30,verbania,12,210,9,4.3,9,9
2026-09-30,vercelli,3,10,0,0.0,0,0
2026-09-30,vernazza,1,8,2,25.0,2,2
2026-09-30,verona,65,243,209,86.0,202,219
2026-09-30,vezzano-ligure,4,0,0,,0,0
2026-09-30,viareggio,8,60,2,3.3,1,2
2026-09-30,vibo-valentia,15,0,4,,2,4
2026-09-30,vicenza,25,10,8,80.0,4,8
2026-09-30,vieste,1,0,0,,0,0
2026-09-30,vietri-sul-mare,1,0,2,,2,2
2026-09-30,vigevano,1,0,0,,0,0
2026-09-30,villa-literno,1,0,0,,0,0
2026-09-30,villacidro,2,0,0,,0,0
2026-09-30,villanova-mondovì,4,0,0,,0,0
2026-09-30,villaurbana,2,0,0,,0,0
2026-09-30,viterbo,5,10,1,10.0,1,1
2026-09-30,vittoria,11,0,0,,0,0
2026-09-30,vobarno,3,0,1,,0,1
2026-09-30,voghera,1,0,0,,0,0
2026-09-30,vulcano-porto,2,50,1,2.0,1,1
2026-10-01,abbasanta,1,0,0,,0,0
2026-10-01,acqui-terme,4,0,0,,0,0
2026-10-01,acri,1,0,0,,0,0
2026-10-01,agrigento,12,120,16,13.3,15,16
2026-10-01,agropoli,1,0,0,,0,0
2026-10-01,alassio,1,0,0,,0,0
2026-10-01,alatri,3,0,0,,0,0
2026-10-01,alba,2,0,0,,0,0
2026-10-01,alba-adriatica,1,0,0,,0,0
2026-10-01,alberobello,9,25,8,32.0,6,8
2026-10-01,alessandria,2,0,0,,0,0
2026-10-01,alghero,9,20,5,25.0,4,5
2026-10-01,alicudi,1,0,0,,0,0
2026-10-01,alviano,2,0,0,,0,0
2026-10-01,amalfi,9,280,30,10.7,27,31
2026-10-01,amantea,1,0,0,,0,0
2026-10-01,ancona,13,110,11,10.0,10,12
2026-10-01,antey-saint-andre-it,1,0,0,,0,0
2026-10-01,aosta,6,0,1,,1,1
2026-10-01,aprilia,1,0,0,,0,0
2026-10-01,arce,1,0,0,,0,0
2026-10-01,arcidosso,1,0,0,,0,0
2026-10-01,arezzo,8,15,3,20.0,2,3
2026-10-01,ariano-irpino,1,0,0,,0,0
2026-10-01,arona,5,0,2,,1,2
2026-10-01,ascoli-piceno,2,0,0,,0,0
2026-10-01,assisi,11,125,12,9.6,12,13
2026-10-01,atrani,1,0,0,,0,0
2026-10-01,atripalda,2,0,0,,0,0
2026-10-01,auer,1,0,0,,0,0
2026-10-01,augusta-9d,5,0,0,,0,0
2026-10-01,avellino,16,0,0,,0,0
2026-10-01,aviano,1,0,0,,0,0
2026-10-01,bardi,1,0,0,,0,0
2026-10-01,bari,68,1067,214,20.1,195,215
2026-10-01,barisciano,1,0,0,,0,0
2026-10-01,battipaglia,23,0,0,,0,0
2026-10-01,bedonia,1,0,0,,0,0
2026-10-01,bellagio,2,0,10,,10,10
2026-10-01,belluno,6,0,0,,0,0
2026-10-01,belmonte-calabro,3,0,0,,0,0
2026-10-01,benevento,5,0,0,,0,0
2026-10-01,bergamo,48,275,140,50.9,132,142
2026-10-01,biancavilla,1,0,0,,0,0
2026-10-01,biella,6,0,0,,0,0
2026-10-01,bojano,1,0,0,,0,0
2026-10-01,bolgheri,1,0,0,,0,0
2026-10-01,bologna,100,1168,400,34.2,379,407
2026-10-01,bolzano,8,0,11,,11,11
2026-10-01,bordighera,3,0,3,,3,3
2026-10-01,borgo-valbelluna,8,0,0,,0,0
2026-10-01,borno-it,4,0,0,,0,0
2026-10-01,bovalino,1,0,0,,0,0
2026-10-01,boville-ernica,1,0,0,,0,0
2026-10-01,brescia,53,120,3,2.5,2,3
2026-10-01,brindisi,11,200,14,7.0,12,14
2026-10-01,broni,2,0,0,,0,0
2026-10-01,bronte,7,0,0,,0,0
2026-10-01,bruneck,2,0,0,,0,0
2026-10-01,buja,5,0,0,,0,0
2026-10-01,cagliari,33,0,22,,20,23
2026-10-01,cairo-montenotte,1,0,0,,0,0
2026-10-01,camogli,2,0,10,,9,10
2026-10-01,campobasso,3,100,0,0.0,0,0
2026-10-01,canale-di-pergine-valsugana,1,0,0,,0,0
2026-10-01,canelli,3,0,0,,0,0
2026-10-01,canosa-di-puglia,8,100,0,0.0,0,0
2026-10-01,caorle-it,1,0,0,,0,0
2026-10-01,capistrello,7,0,0,,0,0
2026-10-01,capo-d'orlando,9,0,0,,0,0
2026-10-01,capri,3,100,75,75.0,73,76
2026-10-01,cardano-al-campo,19,0,12,,12,12
2026-10-01,cariati,1,0,0,,0,0
2026-10-01,carlentini,2,0,0,,0,0
2026-10-01,carpegna,1,0,0,,0,0
2026-10-01,casalbore,2,0,0,,0,0
2026-10-01,casarsa-della-delizia,1,0,0,,0,0
2026-10-01,caserta,107,120,1,0.8,1,1
2026-10-01,cassano-all’ionio,1,0,0,,0,0
2026-10-01,cassino,21,0,0,,0,0
2026-10-01,castel-madama,2,0,0,,0,0
2026-10-01,castel-volturno,1,0,0,,0,0
2026-10-01,castelcovati,4,0,0,,0,0
2026-10-01,castellammare-del-golfo,5,50,1,2.0,1,1
2026-10-01,castellammare-di-stabia,16,5,1,20.0,1,1
2026-10-01,castellana-grotte-bari-it,1,0,1,,1,1
2026-10-01,castelnovo-ne'-monti,2,0,0,,0,0
2026-10-01,castelnuovo-don-bosco,1,0,0,,0,0
2026-10-01,castelvetrano,3,0,0,,0,0
2026-10-01,castiglione-del-lago,2,50,0,0.0,0,0
2026-10-01,castrovillari,1,0,0,,0,0
2026-10-01,catania,138,1020,136,13.3,121,138
2026-10-01,catanzaro,11,0,0,,0,0
2026-10-01,cattolica,5,60,0,0.0,0,0
2026-10-01,cecina,2,0,0,,0,0
2026-10-01,cefalu,5,130,23,17.7,22,23
2026-10-01,celano,3,0,0,,0,0
2026-10-01,cellole,10,0,0,,0,0
2026-10-01,cervignano-del-friuli,7,0,1,,1,1
2026-10-01,cesena,26,105,2,1.9,2,2
2026-10-01,ceva,1,0,0,,0,0
2026-10-01,cherasco,1,0,0,,0,0
2026-10-01,chiari,1,0,0,,0,0
2026-10-01,chiavari,2,0,0,,0,0
2026-10-01,chieti,12,25,0,0.0,0,0
2026-10-01,chiusi,3,15,0,0.0,0,0
2026-10-01,cicagna-it,1,0,0,,0,0
2026-10-01,cipressino,1,0,0,,0,0
2026-10-01,citta-di-castello,1,0,0,,0,0
2026-10-01,cittanova,5,0,0,,0,0
2026-10-01,civitanova-marche,8,0,0,,0,0
2026-10-01,civitavecchia,1,0,0,,0,0
2026-10-01,civitella-del-tronto,1,0,0,,0,0
2026-10-01,cles,2,0,0,,0,0
2026-10-01,colletorto,1,0,0,,0,0
2026-10-01,como,29,245,128,52.2,121,129
2026-10-01,conegliano,5,0,0,,0,0
2026-10-01,conselice,1,0,0,,0,0
2026-10-01,conselve,1,0,0,,0,0
2026-10-01,corfinio,1,0,0,,0,0
2026-10-01,corinaldo,3,0,0,,0,0
2026-10-01,corleone,3,0,0,,0,0
2026-10-01,corridonia,6,0,0,,0,0
2026-10-01,cortina-dampezzo,1,0,2,,1,3
2026-10-01,cortona-ar-it,1,0,0,,0,0
2026-10-01,cosenza,23,0,0,,0,0
2026-10-01,courmayeur,3,0,1,,1,1
2026-10-01,cremona,7,0,0,,0,0
2026-10-01,crotone,5,100,0,0.0,0,0
2026-10-01,cuneo,1,0,0,,0,0
2026-10-01,desenzano-del-garda,8,40,6,15.0,4,6
2026-10-01,dogliani,2,30,0,0.0,0,0
2026-10-01,domodossola,2,20,2,10.0,2,2
2026-10-01,dorno,1,0,0,,0,0
2026-10-01,elba,8,190,3,1.6,3,3
2026-10-01,enna,3,5,0,0.0,0,0
2026-10-01,ercolano,31,60,2,3.3,2,2
2026-10-01,esine,1,0,0,,0,0
2026-10-01,faenza,4,35,4,11.4,4,5
2026-10-01,fano,4,0,1,,1,1
2026-10-01,fasano,3,100,0,0.0,0,0
2026-10-01,favignana,3,0,1,,1,1
2026-10-01,ferrara,10,50,4,8.0,3,4
2026-10-01,filicudi,1,30,0,0.0,0,0
2026-10-01,finale-ligure,2,0,4,,4,4
2026-10-01,fiumicino,1,0,1,,1,1
2026-10-01,florence,115,1146,1318,115.0,1266,1333
2026-10-01,foggia,13,20,0,0.0,0,0
2026-10-01,follonica,1,0,0,,0,0
2026-10-01,fondi,1,0,0,,0,0
2026-10-01,fonte,1,0,0,,0,0
2026-10-01,forio,3,0,0,,0,0
2026-10-01,formia,9,0,0,,0,0
2026-10-01,fossano,3,0,0,,0,0
2026-10-01,frosinone,43,0,0,,0,0
2026-10-01,gaggio-montano,3,0,0,,0,0
2026-10-01,gagliano-del-capo,3,0,0,,0,0
2026-10-01,gallarate,1,0,2,,2,2
2026-10-01,gallipoli,9,0,1,,1,1
2026-10-01,gardone-val-trompia,1,0,0,,0,0
2026-10-01,gela,2,0,0,,0,0
2026-10-01,genoa,37,256,58,22.7,54,59
2026-10-01,ghemme,2,0,0,,0,0
2026-10-01,giardini-naxos,3,30,0,0.0,0,0
2026-10-01,gioiosa-marea,1,0,0,,0,0
2026-10-01,giurdignano,1,0,0,,0,0
2026-10-01,gliaca-me-it,1,0,0,,0,0
2026-10-01,godiasco,2,0,0,,0,0
2026-10-01,golfo-aranci,1,0,0,,0,0
2026-10-01,gosaldo,1,0,0,,0,0
2026-10-01,grado,2,0,0,,0,0
2026-10-01,grammichele,4,0,0,,0,0
2026-10-01,grassano,1,0,0,,0,0
2026-10-01,greve-in-chianti,1,0,2,,2,2
2026-10-01,grottaferrata-rome,1,10,0,0.0,0,0
2026-10-01,guarcino,1,0,0,,0,0
2026-10-01,gubbio,2,0,0,,0,0
2026-10-01,iesi,5,0,0,,0,0
2026-10-01,iglesias,3,0,0,,0,0
2026-10-01,ilbono,3,0,0,,0,0
2026-10-01,imola,6,0,0,,0,0
2026-10-01,inzago,1,0,0,,0,0
2026-10-01,irgoli,3,0,0,,0,0
2026-10-01,ischia,12,450,20,4.4,19,21
2026-10-01,ischia-di-castro,3,0,0,,0,0
2026-10-01,iseo,1,0,0,,0,0
2026-10-01,isernia,4,30,0,0.0,0,0
2026-10-01,isola-della-scala-vr-it,1,0,0,,0,0
2026-10-01,isola-di-capo-rizzuto,2,0,0,,0,0
2026-10-01,isola-di-salina,3,0,2,,1,2
2026-10-01,ivrea,3,20,0,0.0,0,0
2026-10-01,jesolo,4,0,0,,0,0
2026-10-01,la-spezia,14,81,32,39.5,27,32
2026-10-01,laino-castello,3,0,0,,0,0
2026-10-01,lamezia-terme,14,0,1,,1,1
2026-10-01,lampedusa,18,50,0,0.0,0,0
2026-10-01,laquila,8,0,0,,0,0
2026-10-01,larino,1,0,0,,0,0
2026-10-01,latina,35,0,0,,0,0
2026-10-01,latronico,1,0,0,,0,0
2026-10-01,lauria,3,0,0,,0,0
2026-10-01,lauro,1,0,0,,0,0
2026-10-01,lecce,24,525,33,6.3,32,33
2026-10-01,lecco,12,80,18,22.5,18,18
2026-10-01,legnano,11,100,0,0.0,0,0
2026-10-01,lesina,1,0,0,,0,0
2026-10-01,letojanni-me-it,1,0,1,,1,1
2026-10-01,levanto,2,0,1,,1,1
2026-10-01,licata,3,0,0,,0,0
2026-10-01,lignano-sabbiadoro,1,0,0,,0,0
2026-10-01,linosa,2,0,0,,0,0
2026-10-01,lioni,3,0,0,,0,0
2026-10-01,lipari,5,30,3,10.0,2,3
2026-10-01,livigno,1,50,0,0.0,0,0
2026-10-01,livorno,9,55,2,3.6,1,2
2026-10-01,locri,6,0,0,,0,0
2026-10-01,lodi-75,2,0,0,,0,0
2026-10-01,lucca,10,146,28,19.2,26,28
2026-10-01,lucera,1,0,0,,0,0
2026-10-01,madonna-di-campiglio,4,8,0,0.0,0,0
2026-10-01,magenta,1,0,0,,0,0
2026-10-01,maggiora,1,0,0,,0,0
2026-10-01,maglie,4,0,0,,0,0
2026-10-01,magnano-in-riviera,1,0,0,,0,0
2026-10-01,maiori,2,30,8,26.7,8,8
2026-10-01,manciano,1,0,0,,0,0
2026-10-01,manfredonia,7,0,0,,0,0
2026-10-01,mangone,1,0,0,,0,0
2026-10-01,mantua-d6,3,0,0,,0,0
2026-10-01,maranello,1,50,0,0.0,0,0
2026-10-01,marina-di-camerota,1,6,0,0.0,0,0
2026-10-01,marina-di-santa-maria-del-cedro,4,0,0,,0,0
2026-10-01,marsala,12,100,2,2.0,2,2
2026-10-01,marsico-nuovo,1,0,0,,0,0
2026-10-01,marzocca,1,0,0,,0,0
2026-10-01,massa-lubrense,3,20,0,0.0,0,0
2026-10-01,matelica,4,0,0,,0,0
2026-10-01,matera,17,35,13,37.1,10,13
2026-10-01,melito-di-porto-salvo,2,0,0,,0,0
2026-10-01,merano,4,0,0,,0,0
2026-10-01,messina,42,120,34,28.3,32,34
2026-10-01,meta,5,100,2,2.0,2,2
2026-10-01,milan,306,3126,2512,80.4,2390,2538
2026-10-01,milazzo,21,100,5,5.0,4,5
2026-10-01,mira,1,25,0,0.0,0,0
2026-10-01,mirabella-imbaccari,4,0,0,,0,0
2026-10-01,misano-adriatico,3,100,0,0.0,0,0
2026-10-01,mistretta,1,0,0,,0,0
2026-10-01,modena,25,110,22,20.0,21,22
2026-10-01,monasterace-marina,3,0,0,,0,0
2026-10-01,moneglia,1,0,0,,0,0
2026-10-01,monopoli,10,150,67,44.7,63,68
2026-10-01,monreale-fr,1,0,0,,0,0
2026-10-01,montagnana,9,10,0,0.0,0,0
2026-10-01,montalbano-jonico,3,0,0,,0,0
2026-10-01,montalcino,4,15,0,0.0,0,0
2026-10-01,montalto-di-castro,2,0,0,,0,0
2026-10-01,monte-argentario,2,0,0,,0,0
2026-10-01,monte-san-savino,2,0,0,,0,0
2026-10-01,montecatini-terme,8,20,1,5.0,1,1
2026-10-01,montegabbione,1,0,0,,0,0
2026-10-01,montepaone,5,0,0,,0,0
2026-10-01,monterosso,2,0,20,,17,20
2026-10-01,montespertoli,3,0,0,,0,0
2026-10-01,montevarchi,1,10,0,0.0,0,0
2026-10-01,monza,13,0,4,,4,4
2026-10-01,monzuno,2,0,0,,0,0
2026-10-01,motta-visconti,1,0,0,,0,0
2026-10-01,mottafollone,2,0,0,,0,0
2026-10-01,muccia,1,0,0,,0,0
2026-10-01,muravera,1,0,0,,0,0
2026-10-01,naples,416,3109,578,18.6,532,583
2026-10-01,nicorvo,3,0,0,,0,0
2026-10-01,nicosia-28,5,0,0,,0,0
2026-10-01,niscemi,2,0,0,,0,0
2026-10-01,noale-ve-italy,1,0,0,,0,0
2026-10-01,nocera-superiore,1,10,0,0.0,0,0
2026-10-01,notaresco-stazione,6,0,0,,0,0
2026-10-01,noto,4,30,2,6.7,2,2
2026-10-01,novara,13,0,0,,0,0
2026-10-01,nule,1,0,0,,0,0
2026-10-01,nuraminis,2,0,0,,0,0
2026-10-01,oderzo,4,0,0,,0,0
2026-10-01,olbia,6,0,7,,4,7
2026-10-01,oliena,3,0,0,,0,0
2026-10-01,oristano,6,0,0,,0,0
2026-10-01,ortona,2,0,0,,0,0
2026-10-01,ortucchio,1,0,0,,0,0
2026-10-01,orvieto,5,10,3,30.0,2,3
2026-10-01,ostuni,8,0,3,,3,3
2026-10-01,otranto,4,10,1,10.0,1,1
2026-10-01,ottaviano,5,0,0,,0,0
2026-10-01,padova,33,267,42,15.7,41,42
2026-10-01,palau,3,0,1,,1,1
2026-10-01,palazzo-san-gervasio,1,0,0,,0,0
2026-10-01,palazzolo-acreide,1,0,0,,0,0
2026-10-01,palermo,107,1166,351,30.1,334,354
2026-10-01,palma-di-montechiaro,1,0,0,,0,0
2026-10-01,palmi,3,0,0,,0,0
2026-10-01,panarea,1,0,0,,0,0
2026-10-01,pantelleria,2,0,0,,0,0
2026-10-01,paola,1,0,0,,0,0
2026-10-01,paratico,9,0,0,,0,0
2026-10-01,parma,24,60,43,71.7,39,45
2026-10-01,pascione-quattro-strade,2,0,0,,0,0
2026-10-01,pavia,9,35,4,11.4,4,4
2026-10-01,pavullo-nel-frignano,1,0,0,,0,0
2026-10-01,pero,6,0,0,,0,0
2026-10-01,perugia,20,155,21,13.5,21,21
2026-10-01,pesaro,4,6,0,0.0,0,0
2026-10-01,pescara,29,45,22,48.9,21,22
2026-10-01,peschiera-del-garda,3,35,17,48.6,16,18
2026-10-01,piacenza,16,25,0,0.0,0,0
2026-10-01,piaggine,1,0,0,,0,0
2026-10-01,pieve-di-cento,2,0,0,,0,0
2026-10-01,pioltello-mi-it,1,0,0,,0,0
2026-10-01,piove-di-sacco,2,0,0,,0,0
2026-10-01,pisa,37,897,317,35.3,287,321
2026-10-01,ploaghe,1,0,0,,0,0
2026-10-01,pofi,1,0,0,,0,0
2026-10-01,polignano-a-mare,11,373,28,7.5,27,28
2026-10-01,pompei,46,320,79,24.7,76,80
2026-10-01,pontinia,1,0,0,,0,0
2026-10-01,ponza,1,0,0,,0,0
2026-10-01,poppi,1,5,0,0.0,0,0
2026-10-01,pordenone,12,0,1,,0,1
2026-10-01,porto-cesareo,1,0,0,,0,0
2026-10-01,porto-empedocle,4,0,0,,0,0
2026-10-01,porto-torres,1,0,0,,0,0
2026-10-01,porto-viro,1,0,0,,0,0
2026-10-01,portopalo-di-capo-passero,3,0,0,,0,0
2026-10-01,positano,5,300,39,13.0,36,41
2026-10-01,potenza,14,0,0,,0,0
2026-10-01,poviglio,2,0,0,,0,0
2026-10-01,pozzallo,1,0,1,,1,1
2026-10-01,prata-sannita,2,0,0,,0,0
2026-10-01,prizzi,2,0,0,,0,0
2026-10-01,procida,3,0,0,,0,0
2026-10-01,pula-ca-it,1,0,0,,0,0
2026-10-01,quinzano-d'oglio,4,0,0,,0,0
2026-10-01,quistello,2,0,0,,0,0
2026-10-01,raddusa,1,0,0,,0,0
2026-10-01,ragusa,16,80,1,1.2,1,1
2026-10-01,ramacca,3,0,0,,0,0
2026-10-01,rapallo,6,0,14,,12,14
2026-10-01,ravello,1,0,0,,0,0
2026-10-01,ravenna,12,100,32,32.0,31,32
2026-10-01,recanati,5,0,0,,0,0
2026-10-01,reggio-calabria,19,300,3,1.0,3,3
2026-10-01,reggio-emilia,8,0,1,,1,1
2026-10-01,reggiolo,1,0,0,,0,0
2026-10-01,ribera,3,0,0,,0,0
2026-10-01,riccione,5,0,0,,0,0
2026-10-01,rieti,3,0,0,,0,0
2026-10-01,rimini,19,160,39,24.4,39,41
2026-10-01,riomaggiore,2,0,17,,17,18
2026-10-01,rionero-in-vulture,4,0,0,,0,0
2026-10-01,riva-del-garda,3,50,3,6.0,3,3
2026-10-01,roccadaspide,2,0,0,,0,0
2026-10-01,roccapalumba,2,0,0,,0,0
2026-10-01,roccaspinalveti,2,0,0,,0,0
2026-10-01,rodi-garganico,2,5,0,0.0,0,0
2026-10-01,rome,491,8053,3564,44.3,3413,3626
2026-10-01,ronciglione,2,0,0,,0,0
2026-10-01,rossano-stazione,7,0,0,,0,0
2026-10-01,rovereto,4,0,0,,0,0
2026-10-01,rutigliano,3,0,0,,0,0
2026-10-01,sabaudia,1,0,0,,0,0
2026-10-01,sabbio-chiese,1,0,0,,0,0
2026-10-01,sabbionara,1,0,0,,0,0
2026-10-01,sala-consilina,7,0,0,,0,0
2026-10-01,salandra,1,0,0,,0,0
2026-10-01,salerno,58,595,70,11.8,62,70
2026-10-01,saletti,10,0,0,,0,0
2026-10-01,san-benedetto-del-tronto,17,100,2,2.0,2,2
2026-10-01,san-cataldo,5,0,0,,0,0
2026-10-01,san-felice-circeo,1,0,0,,0,0
2026-10-01,san-gavino-monreale,1,0,0,,0,0
2026-10-01,san-giorgio-a-cremano,2,0,0,,0,0
2026-10-01,san-giovanni-gemini,2,0,0,,0,0
2026-10-01,san-giovanni-in-fiore,1,0,0,,0,0
2026-10-01,san-giovanni-rotondo,3,30,0,0.0,0,0
2026-10-01,san-lucido,2,0,0,,0,0
2026-10-01,san-nicandro-garganico,1,0,0,,0,0
2026-10-01,san-nicola-arcella,2,0,0,,0,0
2026-10-01,san-nicolò-d'arcidano,2,0,0,,0,0
2026-10-01,san-nicolò-di-comelico,3,0,0,,0,0
2026-10-01,san-sebastiano-al-vesuvio,19,45,0,0.0,0,0
2026-10-01,san-severo,3,0,0,,0,0
2026-10-01,san-teodoro,1,0,0,,0,0
2026-10-01,san-vincenzo,2,10,0,0.0,0,0
2026-10-01,sanluri,4,20,0,0.0,0,0
2026-10-01,sanremo,11,90,5,5.6,5,5
2026-10-01,sant'agnello,4,200,1,0.5,1,1
2026-10-01,sant'apollinare,1,0,0,,0,0
2026-10-01,santa-caterina-di-valfurva,2,50,0,0.0,0,0
2026-10-01,santa-margherita-di-belice,2,0,0,,0,0
2026-10-01,santa-margherita-ligure,5,37,50,135.1,43,50
2026-10-01,santa-maria-degli-angeli-pg-it,1,0,0,,0,0
2026-10-01,santa-maria-di-castellabate,3,5,0,0.0,0,0
2026-10-01,santadi,1,0,0,,0,0
2026-10-01,santantioco,3,0,0,,0,0
2026-10-01,sapri,1,0,0,,0,0
2026-10-01,sassari,9,0,2,,2,2
2026-10-01,sassuolo,1,0,0,,0,0
2026-10-01,savona,9,0,0,,0,0
2026-10-01,scalea-it,1,0,0,,0,0
2026-10-01,scaletta-zanclea,2,0,0,,0,0
2026-10-01,sciacca,2,0,0,,0,0
2026-10-01,scicli,1,0,0,,0,0
2026-10-01,scordia,4,0,0,,0,0
2026-10-01,scurelle,1,0,0,,0,0
2026-10-01,segrate-mi-it,1,0,0,,0,0
2026-10-01,selva-di-cadore,2,0,0,,0,0
2026-10-01,senigallia,1,0,0,,0,0
2026-10-01,serracapriola,1,0,0,,0,0
2026-10-01,sestri-levante,1,0,0,,0,0
2026-10-01,sestriere,1,50,0,0.0,0,0
2026-10-01,siderno,1,0,0,,0,0
2026-10-01,siena,14,32,56,175.0,54,57
2026-10-01,simeri-crichi,1,0,0,,0,0
2026-10-01,siniscola,1,0,0,,0,0
2026-10-01,siracusa,21,100,66,66.0,64,68
2026-10-01,sirmione,3,0,3,,3,3
2026-10-01,sommatino,8,0,0,,0,0
2026-10-01,sondrio,8,0,0,,0,0
2026-10-01,sorrento,20,567,105,18.5,99,106
2026-10-01,sparanise,1,0,0,,0,0
2026-10-01,spello-perugia,1,0,0,,0,0
2026-10-01,sperlonga,15,0,4,,3,4
2026-10-01,spezzano-albanese,2,0,0,,0,0
2026-10-01,spilimbergo,2,0,0,,0,0
2026-10-01,spoleto,3,0,0,,0,0
2026-10-01,stilo,1,0,0,,0,0
2026-10-01,stromboli,2,0,1,,1,1
2026-10-01,taglio-di-po,1,0,0,,0,0
2026-10-01,taino,1,0,0,,0,0
2026-10-01,taormina,7,150,47,31.3,41,50
2026-10-01,taranto,15,90,2,2.2,2,2
2026-10-01,taurisano,7,0,0,,0,0
2026-10-01,teano,6,0,0,,0,0
2026-10-01,telese-terme,2,0,0,,0,0
2026-10-01,tempio-pausania,3,0,0,,0,0
2026-10-01,teramo,8,0,0,,0,0
2026-10-01,termini-imerese,3,0,0,,0,0
2026-10-01,termoli,4,20,4,20.0,4,4
2026-10-01,terni,6,6,1,16.7,1,1
2026-10-01,terrasini,13,0,1,,1,1
2026-10-01,thiene,13,10,0,0.0,0,0
2026-10-01,tirano,6,20,63,315.0,62,66
2026-10-01,tolmezzo,2,0,0,,0,0
2026-10-01,tolve,3,0,0,,0,0
2026-10-01,torchiarolo,2,20,0,0.0,0,0
2026-10-01,torella-del-sannio,1,0,0,,0,0
2026-10-01,torino,2,0,0,,0,0
2026-10-01,torre-de'-passeri,7,0,0,,0,0
2026-10-01,torre-suda-le-it,1,0,0,,0,0
2026-10-01,trani,17,0,1,,1,1
2026-10-01,trapani,18,195,11,5.6,9,11
2026-10-01,traversetolo,1,0,0,,0,0
2026-10-01,trebisacce,4,10,0,0.0,0,0
2026-10-01,trento,11,20,2,10.0,2,2
2026-10-01,treviglio,14,10,2,20.0,2,2
2026-10-01,treviso,26,5,28,560.0,27,29
2026-10-01,trieste,23,16,37,231.2,33,38
2026-10-01,triggiano-ba-it,1,0,0,,0,0
2026-10-01,tronca,3,0,0,,0,0
2026-10-01,tronzano-vercellese,1,0,0,,0,0
2026-10-01,tropea,4,0,2,,2,3
2026-10-01,turin,98,612,188,30.7,176,189
2026-10-01,udine,21,0,3,,3,3
2026-10-01,umbertide,2,0,0,,0,0
2026-10-01,urbania,2,0,1,,1,1
2026-10-01,ustica,1,0,0,,0,0
2026-10-01,valderice-tp-it,1,0,0,,0,0
2026-10-01,valledolmo,1,0,0,,0,0
2026-10-01,vallo-della-lucania,5,0,0,,0,0
2026-10-01,varese,13,100,4,4.0,4,4
2026-10-01,vasto,5,0,0,,0,0
2026-10-01,venasca,1,0,0,,0,0
2026-10-01,venice,93,1561,1308,83.8,1236,1325
2026-10-01,ventimiglia,3,0,9,,6,9
2026-10-01,verbania,12,210,10,4.8,10,11
2026-10-01,vercelli,3,10,0,0.0,0,0
2026-10-01,vernazza,1,8,2,25.0,2,2
2026-10-01,verona,65,243,210,86.4,191,212
2026-10-01,vezzano-ligure,4,0,0,,0,0
2026-10-01,viareggio,8,60,1,1.7,1,1
2026-10-01,vibo-valentia,15,0,2,,2,2
2026-10-01,vicenza,25,10,4,40.0,3,5
2026-10-01,vieste,1,0,0,,0,0
2026-10-01,vietri-sul-mare,1,0,2,,2,2
2026-10-01,vigevano,1,0,0,,0,0
2026-10-01,villa-literno,1,0,0,,0,0
2026-10-01,villacidro,2,0,0,,0,0
2026-10-01,villanova-mondovì,4,0,0,,0,0
2026-10-01,villaurbana,2,0,0,,0,0
2026-10-01,viterbo,5,10,1,10.0,1,1
2026-10-01,vittoria,11,0,0,,0,0
2026-10-01,vobarno,3,0,0,,0,0
2026-10-01,voghera,1,0,0,,0,0
2026-10-01,vulcano-porto,2,50,1,2.0,1,1
2026-10-05,abbasanta,1,0,0,,0,0
2026-10-05,acqui-terme,4,0,0,,0,0
2026-10-05,acri,1,0,0,,0,0
2026-10-05,agrigento,12,120,17,14.2,17,17
2026-10-05,agropoli,1,0,0,,0,0
2026-10-05,alassio,1,0,0,,0,0
2026-10-05,alatri,3,0,0,,0,0
2026-10-05,alba,2,0,0,,0,0
2026-10-05,alba-adriatica,1,0,0,,0,0
2026-10-05,alberobello,9,25,2,8.0,2,2
2026-10-05,alessandria,2,0,0,,0,0
2026-10-05,alghero,9,20,2,10.0,2,2
2026-10-05,alicudi,1,0,0,,0,0
2026-10-05,alviano,2,0,0,,0,0
2026-10-05,amalfi,9,280,32,11.4,32,32
2026-10-05,amantea,1,0,0,,0,0
2026-10-05,ancona,13,110,7,6.4,6,7
2026-10-05,antey-saint-andre-it,1,0,0,,0,0
2026-10-05,aosta,6,0,1,,1,1
2026-10-05,aprilia,1,0,0,,0,0
2026-10-05,arce,1,0,0,,0,0
2026-10-05,arcidosso,1,0,0,,0,0
2026-10-05,arezzo,8,15,5,33.3,5,5
2026-10-05,ariano-irpino,1,0,0,,0,0
2026-10-05,arona,5,0,1,,1,1
2026-10-05,ascoli-piceno,2,0,0,,0,0
2026-10-05,assisi,11,125,19,15.2,19,19
2026-10-05,atrani,1,0,0,,0,0
2026-10-05,atripalda,2,0,0,,0,0
2026-10-05,auer,1,0,0,,0,0
2026-10-05,augusta-9d,5,0,0,,0,0
2026-10-05,avellino,16,0,0,,0,0
2026-10-05,aviano,1,0,0,,0,0
2026-10-05,bardi,1,0,0,,0,0
2026-10-05,bari,68,1067,171,16.0,168,171
2026-10-05,barisciano,1,0,0,,0,0
2026-10-05,battipaglia,23,0,0,,0,0
2026-10-05,bedonia,1,0,0,,0,0
2026-10-05,bellagio,2,0,10,,9,10
2026-10-05,belluno,6,0,0,,0,0
2026-10-05,belmonte-calabro,3,0,0,,0,0
2026-10-05,benevento,5,0,1,,1,1
2026-10-05,bergamo,48,275,139,50.5,134,139
2026-10-05,biancavilla,1,0,0,,0,0
2026-10-05,biella,6,0,0,,0,0
2026-10-05,bojano,1,0,0,,0,0
2026-10-05,bolgheri,1,0,0,,0,0
2026-10-05,bologna,100,1168,355,30.4,352,355
2026-10-05,bolzano,8,0,17,,17,17
2026-10-05,bordighera,3,0,1,,1,1
2026-10-05,borgo-valbelluna,8,0,0,,0,0
2026-10-05,borno-it,4,0,0,,0,0
2026-10-05,bovalino,1,0,0,,0,0
2026-10-05,boville-ernica,1,0,0,,0,0
2026-10-05,brescia,53,120,0,0.0,0,0
2026-10-05,brindisi,11,200,14,7.0,13,14
2026-10-05,broni,2,0,0,,0,0
2026-10-05,bronte,7,0,0,,0,0
2026-10-05,bruneck,2,0,0,,0,0
2026-10-05,buja,5,0,0,,0,0
2026-10-05,cagliari,33,0,17,,17,17
2026-10-05,cairo-montenotte,1,0,0,,0,0
2026-10-05,camogli,2,0,9,,9,9
2026-10-05,campobasso,3,100,0,0.0,0,0
2026-10-05,canale-di-pergine-valsugana,1,0,0,,0,0
2026-10-05,canelli,3,0,0,,0,0
2026-10-05,canosa-di-puglia,8,100,0,0.0,0,0
2026-10-05,caorle-it,1,0,0,,0,0
2026-10-05,capistrello,7,0,0,,0,0
2026-10-05,capo-d'orlando,9,0,0,,0,0
2026-10-05,capri,5,100,49,49.0,48,49
2026-10-05,cardano-al-campo,19,0,11,,11,11
2026-10-05,cariati,1,0,0,,0,0
2026-10-05,carlentini,2,0,0,,0,0
2026-10-05,carpegna,1,0,0,,0,0
2026-10-05,casalbore,2,0,0,,0,0
2026-10-05,casarsa-della-delizia,1,0,0,,0,0
2026-10-05,caserta,107,120,1,0.8,1,1
2026-10-05,cassano-all’ionio,1,0,0,,0,0
2026-10-05,cassino,21,0,1,,1,1
2026-10-05,castel-madama,2,0,0,,0,0
2026-10-05,castel-volturno,1,0,0,,0,0
2026-10-05,castelcovati,4,0,0,,0,0
2026-10-05,castellammare-del-golfo,5,50,1,2.0,1,1
2026-10-05,castellammare-di-stabia,16,5,1,20.0,1,1
2026-10-05,castellana-grotte-bari-it,1,0,0,,0,0
2026-10-05,castelnovo-ne'-monti,2,0,0,,0,0
2026-10-05,castelnuovo-don-bosco,1,0,0,,0,0
2026-10-05,castelvetrano,3,0,0,,0,0
2026-10-05,castiglione-del-lago,2,50,0,0.0,0,0
2026-10-05,castrovillari,1,0,0,,0,0
2026-10-05,catania,138,1020,117,11.5,114,118
2026-10-05,catanzaro,11,0,0,,0,0
2026-10-05,cattolica,5,60,0,0.0,0,0
2026-10-05,cecina,2,0,0,,0,0
2026-10-05,cefalu,5,130,24,18.5,24,24
2026-10-05,celano,3,0,0,,0,0
2026-10-05,cellole,10,0,0,,0,0
2026-10-05,cervignano-del-friuli,7,0,0,,0,0
2026-10-05,cesena,26,105,4,3.8,4,4
2026-10-05,ceva,1,0,0,,0,0
2026-10-05,cherasco,1,0,0,,0,0
2026-10-05,chiari,1,0,0,,0,0
2026-10-05,chiavari,2,0,0,,0,0
2026-10-05,chieti,12,25,0,0.0,0,0
2026-10-05,chiusi,3,15,1,6.7,1,1
2026-10-05,cicagna-it,1,0,0,,0,0
2026-10-05,cipressino,1,0,0,,0,0
2026-10-05,citta-di-castello,1,0,0,,0,0
2026-10-05,cittanova,5,0,0,,0,0
2026-10-05,civitanova-marche,8,0,0,,0,0
2026-10-05,civitavecchia,1,0,0,,0,0
2026-10-05,civitella-del-tronto,1,0,0,,0,0
2026-10-05,cles,2,0,0,,0,0
2026-10-05,colletorto,1,0,0,,0,0
2026-10-05,como,29,245,106,43.3,104,106
2026-10-05,conegliano,5,0,1,,1,1
2026-10-05,conselice,1,0,0,,0,0
2026-10-05,conselve,1,0,0,,0,0
2026-10-05,corfinio,1,0,0,,0,0
2026-10-05,corinaldo,3,0,0,,0,0
2026-10-05,corleone,3,0,0,,0,0
2026-10-05,corridonia,6,0,0,,0,0
2026-10-05,cortina-dampezzo,1,0,1,,1,1
2026-10-05,cortona-ar-it,1,0,0,,0,0
2026-10-05,cosenza,23,0,0,,0,0
2026-10-05,courmayeur,3,0,1,,1,1
2026-10-05,cremona,7,0,0,,0,0
2026-10-05,crotone,5,100,0,0.0,0,0
2026-10-05,cuneo,1,0,0,,0,0
2026-10-05,desenzano-del-garda,8,40,2,5.0,2,2
2026-10-05,dogliani,2,30,0,0.0,0,0
2026-10-05,domodossola,2,20,2,10.0,2,2
2026-10-05,dorno,1,0,0,,0,0
2026-10-05,elba,8,190,4,2.1,4,4
2026-10-05,enna,3,5,0,0.0,0,0
2026-10-05,ercolano,31,60,3,5.0,2,3
2026-10-05,esine,1,0,0,,0,0
2026-10-05,faenza,4,35,4,11.4,4,4
2026-10-05,fano,4,0,1,,1,1
2026-10-05,fasano,3,100,0,0.0,0,0
2026-10-05,favignana,3,0,0,,0,0
2026-10-05,ferrara,10,50,5,10.0,5,5
2026-10-05,filicudi,1,30,0,0.0,0,0
2026-10-05,finale-ligure,2,0,2,,2,2
2026-10-05,fiumicino,1,0,4,,4,4
2026-10-05,florence,115,1146,1328,115.9,1309,1329
2026-10-05,foggia,13,20,1,5.0,1,1
2026-10-05,follonica,1,0,0,,0,0
2026-10-05,fondi,1,0,0,,0,0
2026-10-05,fonte,1,0,0,,0,0
2026-10-05,forio,3,0,1,,1,1
2026-10-05,formia,9,0,0,,0,0
2026-10-05,fossano,3,0,0,,0,0
2026-10-05,frosinone,43,0,0,,0,0
2026-10-05,gaggio-montano,3,0,0,,0,0
2026-10-05,gagliano-del-capo,3,0,0,,0,0
2026-10-05,gallarate,1,0,2,,2,2
2026-10-05,gallipoli,9,0,0,,0,0
2026-10-05,gardone-val-trompia,1,0,0,,0,0
2026-10-05,gela,2,0,0,,0,0
2026-10-05,genoa,36,246,62,25.2,61,62
2026-10-05,ghemme,2,0,0,,0,0
2026-10-05,giardini-naxos,3,30,0,0.0,0,0
2026-10-05,gioiosa-marea,1,0,0,,0,0
2026-10-05,giurdignano,1,0,0,,0,0
2026-10-05,gliaca-me-it,1,0,0,,0,0
2026-10-05,godiasco,2,0,0,,0,0
2026-10-05,golfo-aranci,1,0,0,,0,0
2026-10-05,gosaldo,1,0,0,,0,0
2026-10-05,grado,2,0,0,,0,0
2026-10-05,grammichele,4,0,1,,1,1
2026-10-05,grassano,1,0,0,,0,0
2026-10-05,greve-in-chianti,1,0,0,,0,0
2026-10-05,grottaferrata-rome,1,10,0,0.0,0,0
2026-10-05,guarcino,1,0,0,,0,0
2026-10-05,gubbio,2,0,0,,0,0
2026-10-05,iesi,5,0,1,,1,1
2026-10-05,iglesias,3,0,0,,0,0
2026-10-05,ilbono,3,0,0,,0,0
2026-10-05,imola,6,0,0,,0,0
2026-10-05,inzago,1,0,0,,0,0
2026-10-05,irgoli,3,0,0,,0,0
2026-10-05,ischia,12,450,21,4.7,21,21
2026-10-05,ischia-di-castro,3,0,0,,0,0
2026-10-05,iseo,1,0,0,,0,0
2026-10-05,isernia,4,30,0,0.0,0,0
2026-10-05,isola-della-scala-vr-it,1,0,0,,0,0
2026-10-05,isola-di-capo-rizzuto,2,0,0,,0,0
2026-10-05,isola-di-salina,3,0,1,,1,1
2026-10-05,ivrea,3,20,0,0.0,0,0
2026-10-05,jesolo,4,0,0,,0,0
2026-10-05,la-spezia,14,81,36,44.4,36,36
2026-10-05,laino-castello,3,0,0,,0,0
2026-10-05,lamezia-terme,14,0,0,,0,0
2026-10-05,lampedusa,18,50,0,0.0,0,0
2026-10-05,laquila,8,0,0,,0,0
2026-10-05,larino,1,0,0,,0,0
2026-10-05,latina,35,0,0,,0,0
2026-10-05,latronico,1,0,0,,0,0
2026-10-05,lauria,3,0,0,,0,0
2026-10-05,lauro,1,0,0,,0,0
2026-10-05,lecce,24,525,23,4.4,22,23
2026-10-05,lecco,12,80,23,28.8,22,23
2026-10-05,legnano,11,100,0,0.0,0,0
2026-10-05,lesina,1,0,0,,0,0
2026-10-05,letojanni-me-it,1,0,1,,1,1
2026-10-05,levanto,2,0,0,,0,0
2026-10-05,licata,3,0,0,,0,0
2026-10-05,lignano-sabbiadoro,1,0,0,,0,0
2026-10-05,linosa,2,0,0,,0,0
2026-10-05,lioni,3,0,0,,0,0
2026-10-05,lipari,5,30,1,3.3,1,1
2026-10-05,livigno,1,50,0,0.0,0,0
2026-10-05,livorno,9,55,3,5.5,3,3
2026-10-05,locri,6,0,0,,0,0
2026-10-05,lodi-75,2,0,0,,0,0
2026-10-05,lucca,10,146,19,13.0,19,19
2026-10-05,lucera,1,0,0,,0,0
2026-10-05,madonna-di-campiglio,4,8,0,0.0,0,0
2026-10-05,magenta,1,0,0,,0,0
2026-10-05,maggiora,1,0,0,,0,0
2026-10-05,maglie,4,0,0,,0,0
2026-10-05,magnano-in-riviera,1,0,0,,0,0
2026-10-05,maiori,2,30,9,30.0,9,9
2026-10-05,manciano,1,0,0,,0,0
2026-10-05,manfredonia,7,0,0,,0,0
2026-10-05,mangone,1,0,0,,0,0
2026-10-05,mantua-d6,3,0,0,,0,0
2026-10-05,maranello,1,50,1,2.0,1,1
2026-10-05,marina-di-camerota,1,6,0,0.0,0,0
2026-10-05,marina-di-santa-maria-del-cedro,4,0,0,,0,0
2026-10-05,marsala,12,100,4,4.0,4,4
2026-10-05,marsico-nuovo,1,0,0,,0,0
2026-10-05,marzocca,1,0,0,,0,0
2026-10-05,massa-lubrense,3,20,0,0.0,0,0
2026-10-05,matelica,4,0,0,,0,0
2026-10-05,matera,17,35,14,40.0,14,14
2026-10-05,melito-di-porto-salvo,2,0,0,,0,0
2026-10-05,merano,4,0,0,,0,0
2026-10-05,messina,42,120,18,15.0,18,18
2026-10-05,meta,5,100,1,1.0,1,1
2026-10-05,milan,306,3126,2137,68.4,2119,2142
2026-10-05,milazzo,21,100,2,2.0,1,2
2026-10-05,mira,1,25,0,0.0,0,0
2026-10-05,mirabella-imbaccari,4,0,0,,0,0
2026-10-05,misano-adriatico,3,100,0,0.0,0,0
2026-10-05,mistretta,1,0,0,,0,0
2026-10-05,modena,25,110,18,16.4,17,18
2026-10-05,monasterace-marina,3,0,0,,0,0
2026-10-05,moneglia,1,0,0,,0,0
2026-10-05,monopoli,10,150,42,28.0,42,42
2026-10-05,monreale-fr,1,0,0,,0,0
2026-10-05,montagnana,9,10,0,0.0,0,0
2026-10-05,montalbano-jonico,3,0,0,,0,0
2026-10-05,montalcino,4,15,0,0.0,0,0
2026-10-05,montalto-di-castro,2,0,0,,0,0
2026-10-05,monte-argentario,2,0,0,,0,0
2026-10-05,monte-san-savino,2,0,0,,0,0
2026-10-05,montecatini-terme,8,20,1,5.0,1,1
2026-10-05,montegabbione,1,0,0,,0,0
2026-10-05,montepaone,5,0,0,,0,0
2026-10-05,monterosso,2,0,14,,12,14
2026-10-05,montespertoli,3,0,0,,0,0
2026-10-05,montevarchi,1,10,0,0.0,0,0
2026-10-05,monza,13,0,5,,5,5
2026-10-05,monzuno,2,0,0,,0,0
2026-10-05,motta-visconti,1,0,0,,0,0
2026-10-05,mottafollone,2,0,0,,0,0
2026-10-05,muccia,1,0,0,,0,0
2026-10-05,muravera,1,0,0,,0,0
2026-10-05,naples,416,3109,432,13.9,425,432
2026-10-05,nicorvo,3,0,0,,0,0
2026-10-05,nicosia-28,5,0,0,,0,0
2026-10-05,niscemi,2,0,0,,0,0
2026-10-05,noale-ve-italy,1,0,0,,0,0
2026-10-05,nocera-superiore,1,10,0,0.0,0,0
2026-10-05,notaresco-stazione,6,0,0,,0,0
2026-10-05,noto,4,30,0,0.0,0,0
2026-10-05,novara,13,0,0,,0,0
2026-10-05,nule,1,0,0,,0,0
2026-10-05,nuraminis,2,0,0,,0,0
2026-10-05,oderzo,4,0,0,,0,0
2026-10-05,olbia,5,0,9,,9,9
2026-10-05,oliena,3,0,0,,0,0
2026-10-05,oristano,6,0,0,,0,0
2026-10-05,ortona,2,0,0,,0,0
2026-10-05,ortucchio,1,0,0,,0,0
2026-10-05,orvieto,5,10,0,0.0,0,0
2026-10-05,ostuni,8,0,4,,4,4
2026-10-05,otranto,4,10,1,10.0,1,1
2026-10-05,ottaviano,5,0,0,,0,0
2026-10-05,padova,33,267,31,11.6,31,31
2026-10-05,palau,3,0,0,,0,0
2026-10-05,palazzo-san-gervasio,1,0,0,,0,0
2026-10-05,palazzolo-acreide,1,0,0,,0,0
2026-10-05,palermo,107,1066,304,28.5,300,306
2026-10-05,palma-di-montechiaro,1,0,0,,0,0
2026-10-05,palmi,3,0,0,,0,0
2026-10-05,panarea,1,0,0,,0,0
2026-10-05,pantelleria,2,0,0,,0,0
2026-10-05,paola,1,0,0,,0,0
2026-10-05,paratico,9,0,0,,0,0
2026-10-05,parma,24,60,54,90.0,54,54
2026-10-05,pascione-quattro-strade,2,0,0,,0,0
2026-10-05,pavia,9,35,4,11.4,4,4
2026-10-05,pavullo-nel-frignano,1,0,0,,0,0
2026-10-05,pero,6,0,0,,0,0
2026-10-05,perugia,20,155,28,18.1,28,28
2026-10-05,pesaro,4,6,0,0.0,0,0
2026-10-05,pescara,29,45,21,46.7,21,21
2026-10-05,peschiera-del-garda,3,35,14,40.0,14,14
2026-10-05,piacenza,16,25,0,0.0,0,0
2026-10-05,piaggine,1,0,0,,0,0
2026-10-05,pieve-di-cento,2,0,0,,0,0
2026-10-05,pioltello-mi-it,1,0,0,,0,0
2026-10-05,piove-di-sacco,2,0,0,,0,0
2026-10-05,pisa,37,897,257,28.7,253,258
2026-10-05,ploaghe,1,0,0,,0,0
2026-10-05,pofi,1,0,0,,0,0
2026-10-05,polignano-a-mare,11,373,22,5.9,22,22
2026-10-05,pompei,46,320,77,24.1,77,77
2026-10-05,pontinia,1,0,0,,0,0
2026-10-05,ponza,1,0,0,,0,0
2026-10-05,poppi,1,5,0,0.0,0,0
2026-10-05,pordenone,12,0,0,,0,0
2026-10-05,porto-cesareo,1,0,0,,0,0
2026-10-05,porto-empedocle,4,0,0,,0,0
2026-10-05,porto-torres,1,0,0,,0,0
2026-10-05,porto-viro,1,0,0,,0,0
2026-10-05,portopalo-di-capo-passero,3,0,0,,0,0
2026-10-05,positano,5,300,34,11.3,33,34
2026-10-05,potenza,14,0,0,,0,0
2026-10-05,poviglio,2,0,0,,0,0
2026-10-05,pozzallo,1,0,2,,2,2
2026-10-05,prata-sannita,2,0,0,,0,0
2026-10-05,prizzi,2,0,0,,0,0
2026-10-05,procida,2,0,0,,0,0
2026-10-05,pula-ca-it,1,0,0,,0,0
2026-10-05,quinzano-d'oglio,4,0,0,,0,0
2026-10-05,quistello,2,0,0,,0,0
2026-10-05,raddusa,1,0,0,,0,0
2026-10-05,ragusa,16,80,2,2.5,2,2
2026-10-05,ramacca,3,0,0,,0,0
2026-10-05,rapallo,6,0,6,,6,6
2026-10-05,ravello,1,0,0,,0,0
2026-10-05,ravenna,12,100,36,36.0,36,36
2026-10-05,recanati,5,0,0,,0,0
2026-10-05,reggio-calabria,19,300,3,1.0,3,3
2026-10-05,reggio-emilia,8,0,0,,0,0
2026-10-05,reggiolo,1,0,0,,0,0
2026-10-05,ribera,3,0,0,,0,0
2026-10-05,riccione,5,0,0,,0,0
2026-10-05,rieti,3,0,0,,0,0
2026-10-05,rimini,19,160,36,22.5,34,36
2026-10-05,riomaggiore,2,0,15,,15,15
2026-10-05,rionero-in-vulture,4,0,0,,0,0
2026-10-05,riva-del-garda,3,50,1,2.0,1,1
2026-10-05,roccadaspide,2,0,0,,0,0
2026-10-05,roccapalumba,2,0,0,,0,0
2026-10-05,roccaspinalveti,2,0,0,,0,0
2026-10-05,rodi-garganico,2,5,0,0.0,0,0
2026-10-05,rome,489,7953,3337,42.0,3306,3342
2026-10-05,ronciglione,2,0,0,,0,0
2026-10-05,rossano-stazione,7,0,0,,0,0
2026-10-05,rovereto,4,0,0,,0,0
2026-10-05,rutigliano,3,0,0,,0,0
2026-10-05,sabaudia,1,0,0,,0,0
2026-10-05,sabbio-chiese,1,0,0,,0,0
2026-10-05,sabbionara,1,0,0,,0,0
2026-10-05,sala-consilina,7,0,0,,0,0
2026-10-05,salandra,1,0,0,,0,0
2026-10-05,salerno,58,595,52,8.7,52,52
2026-10-05,saletti,10,0,0,,0,0
2026-10-05,san-benedetto-del-tronto,17,100,1,1.0,1,1
2026-10-05,san-cataldo,5,0,0,,0,0
2026-10-05,san-felice-circeo,1,0,0,,0,0
2026-10-05,san-gavino-monreale,1,0,0,,0,0
2026-10-05,san-giorgio-a-cremano,2,0,0,,0,0
2026-10-05,san-giovanni-gemini,2,0,0,,0,0
2026-10-05,san-giovanni-in-fiore,1,0,0,,0,0
2026-10-05,san-giovanni-rotondo,3,30,0,0.0,0,0
2026-10-05,san-lucido,2,0,0,,0,0
2026-10-05,san-nicandro-garganico,1,0,0,,0,0
2026-10-05,san-nicola-arcella,2,0,0,,0,0
2026-10-05,san-nicolò-d'arcidano,2,0,0,,0,0
2026-10-05,san-nicolò-di-comelico,3,0,0,,0,0
2026-10-05,san-sebastiano-al-vesuvio,19,45,0,0.0,0,0
2026-10-05,san-severo,3,0,0,,0,0
2026-10-05,san-teodoro,1,0,0,,0,0
2026-10-05,san-vincenzo,2,10,0,0.0,0,0
2026-10-05,sanluri,4,20,0,0.0,0,0
2026-10-05,sanremo,11,90,5,5.6,4,5
2026-10-05,sant'agnello,4,200,2,1.0,2,2
2026-10-05,sant'apollinare,1,0,0,,0,0
2026-10-05,santa-caterina-di-valfurva,2,50,0,0.0,0,0
2026-10-05,santa-margherita-di-belice,2,0,0,,0,0
2026-10-05,santa-margherita-ligure,5,37,24,64.9,24,24
2026-10-05,santa-maria-degli-angeli-pg-it,1,0,0,,0,0
2026-10-05,santa-maria-di-castellabate,3,5,0,0.0,0,0
2026-10-05,santadi,1,0,0,,0,0
2026-10-05,santantioco,3,0,0,,0,0
2026-10-05,sapri,1,0,0,,0,0
2026-10-05,sassari,9,0,0,,0,0
2026-10-05,sassuolo,1,0,0,,0,0
2026-10-05,savona,9,0,2,,2,2
2026-10-05,scalea-it,1,0,0,,0,0
2026-10-05,scaletta-zanclea,2,0,0,,0,0
2026-10-05,sciacca,2,0,0,,0,0
2026-10-05,scicli,1,0,0,,0,0
2026-10-05,scordia,4,0,0,,0,0
2026-10-05,scurelle,1,0,0,,0,0
2026-10-05,segrate-mi-it,1,0,0,,0,0
2026-10-05,selva-di-cadore,2,0,0,,0,0
2026-10-05,senigallia,1,0,0,,0,0
2026-10-05,serracapriola,1,0,0,,0,0
2026-10-05,sestri-levante,1,0,0,,0,0
2026-10-05,sestriere,1,50,0,0.0,0,0
2026-10-05,siderno,1,0,0,,0,0
2026-10-05,siena,14,32,47,146.9,47,47
2026-10-05,simeri-crichi,1,0,0,,0,0
2026-10-05,siniscola,1,0,0,,0,0
2026-10-05,siracusa,21,100,63,63.0,62,63
2026-10-05,sirmione,3,0,1,,1,1
2026-10-05,sommatino,8,0,0,,0,0
2026-10-05,sondrio,8,0,0,,0,0
2026-10-05,sorrento,20,567,100,17.6,94,100
2026-10-05,sparanise,1,0,0,,0,0
2026-10-05,spello-perugia,1,0,0,,0,0
2026-10-05,sperlonga,15,0,2,,2,2
2026-10-05,spezzano-albanese,2,0,0,,0,0
2026-10-05,spilimbergo,2,0,0,,0,0
2026-10-05,spoleto,3,0,0,,0,0
2026-10-05,stilo,1,0,0,,0,0
2026-10-05,stromboli,2,0,0,,0,0
2026-10-05,taglio-di-po,1,0,0,,0,0
2026-10-05,taino,1,0,1,,1,1
2026-10-05,taormina,8,150,55,36.7,55,55
2026-10-05,taranto,15,90,0,0.0,0,0
2026-10-05,taurisano,7,0,0,,0,0
2026-10-05,teano,6,0,0,,0,0
2026-10-05,telese-terme,2,0,0,,0,0
2026-10-05,tempio-pausania,3,0,0,,0,0
2026-10-05,teramo,8,0,0,,0,0
2026-10-05,termini-imerese,3,0,0,,0,0
2026-10-05,termoli,4,20,1,5.0,1,1
2026-10-05,terni,6,6,1,16.7,1,1
2026-10-05,terrasini,13,0,3,,3,3
2026-10-05,thiene,13,10,0,0.0,0,0
2026-10-05,tirano,6,20,50,250.0,49,50
2026-10-05,tolmezzo,2,0,0,,0,0
2026-10-05,tolve,3,0,0,,0,0
2026-10-05,torchiarolo,2,20,0,0.0,0,0
2026-10-05,torella-del-sannio,1,0,0,,0,0
2026-10-05,torino,2,0,0,,0,0
2026-10-05,torre-de'-passeri,7,0,0,,0,0
2026-10-05,torre-suda-le-it,1,0,0,,0,0
2026-10-05,trani,17,0,2,,2,2
2026-10-05,trapani,18,195,8,4.1,7,8
2026-10-05,traversetolo,1,0,0,,0,0
2026-10-05,trebisacce,4,10,0,0.0,0,0
2026-10-05,trento,11,20,3,15.0,3,3
2026-10-05,treviglio,14,10,1,10.0,1,1
2026-10-05,treviso,26,5,26,520.0,25,26
2026-10-05,trieste,23,16,44,275.0,44,44
2026-10-05,triggiano-ba-it,1,0,0,,0,0
2026-10-05,tronca,3,0,0,,0,0
2026-10-05,tronzano-vercellese,1,0,0,,0,0
2026-10-05,tropea,4,0,2,,2,2
2026-10-05,turin,97,582,148,25.4,143,149
2026-10-05,udine,21,0,2,,2,2
2026-10-05,umbertide,2,0,0,,0,0
2026-10-05,urbania,2,0,0,,0,0
2026-10-05,ustica,1,0,0,,0,0
2026-10-05,valderice-tp-it,1,0,0,,0,0
2026-10-05,valledolmo,1,0,0,,0,0
2026-10-05,vallo-della-lucania,5,0,0,,0,0
2026-10-05,varese,13,100,7,7.0,7,7
2026-10-05,vasto,5,0,0,,0,0
2026-10-05,venasca,1,0,0,,0,0
2026-10-05,venice,93,1561,1105,70.8,1088,1106
2026-10-05,ventimiglia,3,0,7,,7,7
2026-10-05,verbania,12,210,6,2.9,6,6
2026-10-05,vercelli,3,10,0,0.0,0,0
2026-10-05,vernazza,1,8,2,25.0,2,2
2026-10-05,verona,65,243,184,75.7,182,184
2026-10-05,vezzano-ligure,4,0,0,,0,0
2026-10-05,viareggio,8,60,0,0.0,0,0
2026-10-05,vibo-valentia,15,0,2,,2,2
2026-10-05,vicenza,25,10,8,80.0,8,8
2026-10-05,vieste,1,0,0,,0,0
2026-10-05,vietri-sul-mare,1,0,1,,1,1
2026-10-05,vigevano,1,0,0,,0,0
2026-10-05,villa-literno,1,0,0,,0,0
2026-10-05,villacidro,2,0,0,,0,0
2026-10-05,villanova-mondovì,4,0,0,,0,0
2026-10-05,villaurbana,2,0,0,,0,0
2026-10-05,viterbo,5,10,0,0.0,0,0
2026-10-05,vittoria,11,0,0,,0,0
2026-10-05,vobarno,3,0,1,,1,1
2026-10-05,voghera,1,0,0,,0,0
2026-10-05,vulcano-porto,2,50,1,2.0,1,1
