read_at,date,weekday,day_type,club,slug,court,cover,start,time_band,status,price_90,price_60
2026-09-17 20:09,2026-09-17,Thu,weekday,Sporting Club Mestre,sporting-club-mestre,Campo Giallo,outdoor,20:30,evening,booked,,
2026-09-17 20:09,2026-09-17,Thu,weekday,Sporting Club Mestre,sporting-club-mestre,Campo Giallo,outdoor,21:00,evening,booked,,
2026-09-17 20:09,2026-09-17,Thu,weekday,Sporting Club Mestre,sporting-club-mestre,Campo Giallo,outdoor,21:30,evening,booked,,
2026-09-17 20:09,2026-09-17,Thu,weekday,Sporting Club Mestre,sporting-club-mestre,Campo Giallo,outdoor,22:00,evening,booked,,
2026-09-17 20:09,2026-09-17,Thu,weekday,Sporting Club Mestre,sporting-club-mestre,Campo Rosso,outdoor,20:30,evening,booked,,
2026-09-17 20:09,2026-09-17,Thu,weekday,Sporting Club Mestre,sporting-club-mestre,Campo Rosso,outdoor,21:00,evening,booked,,
2026-09-17 20:09,2026-09-17,Thu,weekday,Sporting Club Mestre,sporting-club-mestre,Campo Rosso,outdoor,21:30,evening,booked,,
2026-09-17 20:09,2026-09-17,Thu,weekday,Sporting Club Mestre,sporting-club-mestre,Campo Rosso,outdoor,22:00,evening,booked,,
2026-09-17 20:09,2026-09-17,Thu,weekday,Sporting Club Mestre,sporting-club-mestre,campo coperto 1,indoor,20:30,evening,booked,,
2026-09-17 20:09,2026-09-17,Thu,weekday,Sporting Club Mestre,sporting-club-mestre,campo coperto 1,indoor,21:00,evening,booked,,
2026-09-17 20:09,2026-09-17,Thu,weekday,Sporting Club Mestre,sporting-club-mestre,campo coperto 1,indoor,21:30,evening,booked,,
2026-09-17 20:09,2026-09-17,Thu,weekday,Sporting Club Mestre,sporting-club-mestre,campo coperto 1,indoor,22:00,evening,booked,,
2026-09-17 20:09,2026-09-17,Thu,weekday,Sporting Club Mestre,sporting-club-mestre,campo coperto 2,indoor,20:30,evening,booked,,
2026-09-17 20:09,2026-09-17,Thu,weekday,Sporting Club Mestre,sporting-club-mestre,campo coperto 2,indoor,21:00,evening,booked,,
2026-09-17 20:09,2026-09-17,Thu,weekday,Sporting Club Mestre,sporting-club-mestre,campo coperto 2,indoor,21:30,evening,booked,,
2026-09-17 20:09,2026-09-17,Thu,weekday,Sporting Club Mestre,sporting-club-mestre,campo coperto 2,indoor,22:00,evening,booked,,
2026-09-17 20:09,2026-09-17,Thu,weekday,Aquafit Padel,aquafit-padel,Padel 1,outdoor,20:30,evening,free,,
2026-09-17 20:09,2026-09-17,Thu,weekday,Aquafit Padel,aquafit-padel,Padel 1,outdoor,21:00,evening,free,,
2026-09-17 20:09,2026-09-17,Thu,weekday,Aquafit Padel,aquafit-padel,Padel 1,outdoor,21:30,evening,booked,,
2026-09-17 20:09,2026-09-17,Thu,weekday,Aquafit Padel,aquafit-padel,Padel 1,outdoor,22:00,evening,booked,,
2026-09-17 20:09,2026-09-17,Thu,weekday,Aquafit Padel,aquafit-padel,Padel 2,outdoor,20:30,evening,free,,
2026-09-17 20:09,2026-09-17,Thu,weekday,Aquafit Padel,aquafit-padel,Padel 2,outdoor,21:00,evening,free,,
2026-09-17 20:09,2026-09-17,Thu,weekday,Aquafit Padel,aquafit-padel,Padel 2,outdoor,21:30,evening,booked,,
2026-09-17 20:09,2026-09-17,Thu,weekday,Aquafit Padel,aquafit-padel,Padel 2,outdoor,22:00,evening,booked,,
2026-09-17 20:09,2026-09-17,Thu,weekday,SPH - Venezia,sph-venezia,Campo 1,indoor,20:30,evening,free,,40 EUR
2026-09-17 20:09,2026-09-17,Thu,weekday,SPH - Venezia,sph-venezia,Campo 1,indoor,21:00,evening,free,,
2026-09-17 20:09,2026-09-17,Thu,weekday,SPH - Venezia,sph-venezia,Campo 1,indoor,21:30,evening,booked,,
2026-09-17 20:09,2026-09-17,Thu,weekday,SPH - Venezia,sph-venezia,Campo 1,indoor,22:00,evening,booked,,
2026-09-17 20:09,2026-09-17,Thu,weekday,SPH - Venezia,sph-venezia,Campo 2,indoor,20:30,evening,free,,
2026-09-17 20:09,2026-09-17,Thu,weekday,SPH - Venezia,sph-venezia,Campo 2,indoor,21:00,evening,free,,
2026-09-17 20:09,2026-09-17,Thu,weekday,SPH - Venezia,sph-venezia,Campo 2,indoor,21:30,evening,booked,,
2026-09-17 20:09,2026-09-17,Thu,weekday,SPH - Venezia,sph-venezia,Campo 2,indoor,22:00,evening,booked,,
2026-09-17 20:09,2026-09-17,Thu,weekday,SPH - Venezia,sph-venezia,Campo 3,indoor,20:30,evening,booked,,
2026-09-17 20:09,2026-09-17,Thu,weekday,SPH - Venezia,sph-venezia,Campo 3,indoor,21:00,evening,booked,,
2026-09-17 20:09,2026-09-17,Thu,weekday,SPH - Venezia,sph-venezia,Campo 3,indoor,21:30,evening,booked,,
2026-09-17 20:09,2026-09-17,Thu,weekday,SPH - Venezia,sph-venezia,Campo 3,indoor,22:00,evening,booked,,
2026-09-17 20:09,2026-09-17,Thu,weekday,SPH - Venezia,sph-venezia,Campo 4 | B3 Capital,indoor,20:30,evening,booked,,
2026-09-17 20:09,2026-09-17,Thu,weekday,SPH - Venezia,sph-venezia,Campo 4 | B3 Capital,indoor,21:00,evening,booked,,
2026-09-17 20:09,2026-09-17,Thu,weekday,SPH - Venezia,sph-venezia,Campo 4 | B3 Capital,indoor,21:30,evening,booked,,
2026-09-17 20:09,2026-09-17,Thu,weekday,SPH - Venezia,sph-venezia,Campo 4 | B3 Capital,indoor,22:00,evening,booked,,
2026-09-17 20:09,2026-09-17,Thu,weekday,SPH - Venezia,sph-venezia,Campo 5 | Bassetto Impianti,indoor,20:30,evening,free,,
2026-09-17 20:09,2026-09-17,Thu,weekday,SPH - Venezia,sph-venezia,Campo 5 | Bassetto Impianti,indoor,21:00,evening,free,,
2026-09-17 20:09,2026-09-17,Thu,weekday,SPH - Venezia,sph-venezia,Campo 5 | Bassetto Impianti,indoor,21:30,evening,booked,,
2026-09-17 20:09,2026-09-17,Thu,weekday,SPH - Venezia,sph-venezia,Campo 5 | Bassetto Impianti,indoor,22:00,evening,booked,,
2026-09-17 20:09,2026-09-17,Thu,weekday,Padel Treviso,padel-treviso,1 Esterno,outdoor,20:30,evening,booked,,
2026-09-17 20:09,2026-09-17,Thu,weekday,Padel Treviso,padel-treviso,1 Esterno,outdoor,21:00,evening,booked,,
2026-09-17 20:09,2026-09-17,Thu,weekday,Padel Treviso,padel-treviso,1 Esterno,outdoor,21:30,evening,booked,,
2026-09-17 20:09,2026-09-17,Thu,weekday,Padel Treviso,padel-treviso,1 Esterno,outdoor,22:00,evening,booked,,
2026-09-17 20:09,2026-09-17,Thu,weekday,Padel Treviso,padel-treviso,2 Esterno,outdoor,20:30,evening,free,,
2026-09-17 20:09,2026-09-17,Thu,weekday,Padel Treviso,padel-treviso,2 Esterno,outdoor,21:00,evening,free,,
2026-09-17 20:09,2026-09-17,Thu,weekday,Padel Treviso,padel-treviso,2 Esterno,outdoor,21:30,evening,booked,,
2026-09-17 20:09,2026-09-17,Thu,weekday,Padel Treviso,padel-treviso,2 Esterno,outdoor,22:00,evening,booked,,
2026-09-17 20:09,2026-09-17,Thu,weekday,Padel Treviso,padel-treviso,3 COPERTO,indoor,20:30,evening,free,,
2026-09-17 20:09,2026-09-17,Thu,weekday,Padel Treviso,padel-treviso,3 COPERTO,indoor,21:00,evening,free,,
2026-09-17 20:09,2026-09-17,Thu,weekday,Padel Treviso,padel-treviso,3 COPERTO,indoor,21:30,evening,booked,,
2026-09-17 20:09,2026-09-17,Thu,weekday,Padel Treviso,padel-treviso,3 COPERTO,indoor,22:00,evening,booked,,
2026-09-17 20:09,2026-09-17,Thu,weekday,Padel Treviso,padel-treviso,4 COPERTO,indoor,20:30,evening,free,,
2026-09-17 20:09,2026-09-17,Thu,weekday,Padel Treviso,padel-treviso,4 COPERTO,indoor,21:00,evening,free,,
2026-09-17 20:09,2026-09-17,Thu,weekday,Padel Treviso,padel-treviso,4 COPERTO,indoor,21:30,evening,booked,,
2026-09-17 20:09,2026-09-17,Thu,weekday,Padel Treviso,padel-treviso,4 COPERTO,indoor,22:00,evening,booked,,
2026-09-17 20:09,2026-09-17,Thu,weekday,Padel Treviso,padel-treviso,Kuikma Indoor,indoor,20:30,evening,booked,,
2026-09-17 20:09,2026-09-17,Thu,weekday,Padel Treviso,padel-treviso,Kuikma Indoor,indoor,21:00,evening,booked,,
2026-09-17 20:09,2026-09-17,Thu,weekday,Padel Treviso,padel-treviso,Kuikma Indoor,indoor,21:30,evening,booked,,
2026-09-17 20:09,2026-09-17,Thu,weekday,Padel Treviso,padel-treviso,Kuikma Indoor,indoor,22:00,evening,booked,,
2026-09-17 20:09,2026-09-17,Thu,weekday,Padel Treviso,padel-treviso,6 Indoor,indoor,20:30,evening,booked,,
2026-09-17 20:09,2026-09-17,Thu,weekday,Padel Treviso,padel-treviso,6 Indoor,indoor,21:00,evening,booked,,
2026-09-17 20:09,2026-09-17,Thu,weekday,Padel Treviso,padel-treviso,6 Indoor,indoor,21:30,evening,booked,,
2026-09-17 20:09,2026-09-17,Thu,weekday,Padel Treviso,padel-treviso,6 Indoor,indoor,22:00,evening,booked,,
2026-09-17 20:09,2026-09-17,Thu,weekday,Padel Treviso,padel-treviso,My Gym City Indoor,indoor,20:30,evening,free,,
2026-09-17 20:09,2026-09-17,Thu,weekday,Padel Treviso,padel-treviso,My Gym City Indoor,indoor,21:00,evening,booked,,
2026-09-17 20:09,2026-09-17,Thu,weekday,Padel Treviso,padel-treviso,My Gym City Indoor,indoor,21:30,evening,booked,,
2026-09-17 20:09,2026-09-17,Thu,weekday,Padel Treviso,padel-treviso,My Gym City Indoor,indoor,22:00,evening,booked,,
2026-09-17 20:09,2026-09-17,Thu,weekday,Padel Treviso,padel-treviso,8 Esterno,outdoor,20:30,evening,free,,
2026-09-17 20:09,2026-09-17,Thu,weekday,Padel Treviso,padel-treviso,8 Esterno,outdoor,21:00,evening,booked,,
2026-09-17 20:09,2026-09-17,Thu,weekday,Padel Treviso,padel-treviso,8 Esterno,outdoor,21:30,evening,booked,,
2026-09-17 20:09,2026-09-17,Thu,weekday,Padel Treviso,padel-treviso,8 Esterno,outdoor,22:00,evening,booked,,
2026-09-17 20:09,2026-09-17,Thu,weekday,Padel Treviso,padel-treviso,9 Gioielleria Minotto Istrana,indoor,20:30,evening,booked,,
2026-09-17 20:09,2026-09-17,Thu,weekday,Padel Treviso,padel-treviso,9 Gioielleria Minotto Istrana,indoor,21:00,evening,booked,,
2026-09-17 20:09,2026-09-17,Thu,weekday,Padel Treviso,padel-treviso,9 Gioielleria Minotto Istrana,indoor,21:30,evening,booked,,
2026-09-17 20:09,2026-09-17,Thu,weekday,Padel Treviso,padel-treviso,9 Gioielleria Minotto Istrana,indoor,22:00,evening,booked,,
2026-09-17 20:09,2026-09-17,Thu,weekday,Padel Treviso,padel-treviso,10 Gioielleria Minotto Istrana,indoor,20:30,evening,booked,,
2026-09-17 20:09,2026-09-17,Thu,weekday,Padel Treviso,padel-treviso,10 Gioielleria Minotto Istrana,indoor,21:00,evening,booked,,
2026-09-17 20:09,2026-09-17,Thu,weekday,Padel Treviso,padel-treviso,10 Gioielleria Minotto Istrana,indoor,21:30,evening,booked,,
2026-09-17 20:09,2026-09-17,Thu,weekday,Padel Treviso,padel-treviso,10 Gioielleria Minotto Istrana,indoor,22:00,evening,booked,,
2026-09-17 20:09,2026-09-17,Thu,weekday,Padel Treviso,padel-treviso,Singolo A Esterno,outdoor,20:30,evening,booked,,
2026-09-17 20:09,2026-09-17,Thu,weekday,Padel Treviso,padel-treviso,Singolo A Esterno,outdoor,21:00,evening,booked,,
2026-09-17 20:09,2026-09-17,Thu,weekday,Padel Treviso,padel-treviso,Singolo A Esterno,outdoor,21:30,evening,booked,,
2026-09-17 20:09,2026-09-17,Thu,weekday,Padel Treviso,padel-treviso,Singolo A Esterno,outdoor,22:00,evening,booked,,
2026-09-17 20:09,2026-09-17,Thu,weekday,Padel Treviso,padel-treviso,Singolo B Esterno,outdoor,20:30,evening,booked,,
2026-09-17 20:09,2026-09-17,Thu,weekday,Padel Treviso,padel-treviso,Singolo B Esterno,outdoor,21:00,evening,booked,,
2026-09-17 20:09,2026-09-17,Thu,weekday,Padel Treviso,padel-treviso,Singolo B Esterno,outdoor,21:30,evening,booked,,
2026-09-17 20:09,2026-09-17,Thu,weekday,Padel Treviso,padel-treviso,Singolo B Esterno,outdoor,22:00,evening,booked,,
2026-09-17 20:09,2026-09-17,Thu,weekday,Altino Sport Village,altino-sport-village,Padel 1,indoor,20:30,evening,free,,
2026-09-17 20:09,2026-09-17,Thu,weekday,Altino Sport Village,altino-sport-village,Padel 1,indoor,21:00,evening,booked,,
2026-09-17 20:09,2026-09-17,Thu,weekday,Altino Sport Village,altino-sport-village,Padel 1,indoor,21:30,evening,booked,,
2026-09-17 20:09,2026-09-17,Thu,weekday,Altino Sport Village,altino-sport-village,Padel 1,indoor,22:00,evening,booked,,
2026-09-17 20:09,2026-09-17,Thu,weekday,Altino Sport Village,altino-sport-village,Padel 2,indoor,20:30,evening,free,,
2026-09-17 20:09,2026-09-17,Thu,weekday,Altino Sport Village,altino-sport-village,Padel 2,indoor,21:00,evening,booked,,
2026-09-17 20:09,2026-09-17,Thu,weekday,Altino Sport Village,altino-sport-village,Padel 2,indoor,21:30,evening,booked,,
2026-09-17 20:09,2026-09-17,Thu,weekday,Altino Sport Village,altino-sport-village,Padel 2,indoor,22:00,evening,booked,,
2026-09-17 20:09,2026-09-17,Thu,weekday,Barchessa Padel e Pikleball,barchessa-pickleball,PADEL 1,indoor,20:30,evening,booked,,
2026-09-17 20:09,2026-09-17,Thu,weekday,Barchessa Padel e Pikleball,barchessa-pickleball,PADEL 1,indoor,21:00,evening,booked,,
2026-09-17 20:09,2026-09-17,Thu,weekday,Barchessa Padel e Pikleball,barchessa-pickleball,PADEL 1,indoor,21:30,evening,booked,,
2026-09-17 20:09,2026-09-17,Thu,weekday,Barchessa Padel e Pikleball,barchessa-pickleball,PADEL 1,indoor,22:00,evening,booked,,
2026-09-17 20:09,2026-09-17,Thu,weekday,Barchessa Padel e Pikleball,barchessa-pickleball,PADEL  2,indoor,20:30,evening,booked,,
2026-09-17 20:09,2026-09-17,Thu,weekday,Barchessa Padel e Pikleball,barchessa-pickleball,PADEL  2,indoor,21:00,evening,booked,,
2026-09-17 20:09,2026-09-17,Thu,weekday,Barchessa Padel e Pikleball,barchessa-pickleball,PADEL  2,indoor,21:30,evening,booked,,
2026-09-17 20:09,2026-09-17,Thu,weekday,Barchessa Padel e Pikleball,barchessa-pickleball,PADEL  2,indoor,22:00,evening,booked,,
2026-09-17 20:09,2026-09-17,Thu,weekday,Barchessa Padel e Pikleball,barchessa-pickleball,PADEL  3,indoor,20:30,evening,booked,,
2026-09-17 20:09,2026-09-17,Thu,weekday,Barchessa Padel e Pikleball,barchessa-pickleball,PADEL  3,indoor,21:00,evening,booked,,
2026-09-17 20:09,2026-09-17,Thu,weekday,Barchessa Padel e Pikleball,barchessa-pickleball,PADEL  3,indoor,21:30,evening,booked,,
2026-09-17 20:09,2026-09-17,Thu,weekday,Barchessa Padel e Pikleball,barchessa-pickleball,PADEL  3,indoor,22:00,evening,booked,,
2026-09-17 20:09,2026-09-17,Thu,weekday,H-FARM CAMPUS,h-farm-campus,Padel 1,outdoor,20:30,evening,booked,,
2026-09-17 20:09,2026-09-17,Thu,weekday,H-FARM CAMPUS,h-farm-campus,Padel 1,outdoor,21:00,evening,booked,,
2026-09-17 20:09,2026-09-17,Thu,weekday,H-FARM CAMPUS,h-farm-campus,Padel 1,outdoor,21:30,evening,booked,,
2026-09-17 20:09,2026-09-17,Thu,weekday,H-FARM CAMPUS,h-farm-campus,Padel 2,outdoor,20:30,evening,booked,,
2026-09-17 20:09,2026-09-17,Thu,weekday,H-FARM CAMPUS,h-farm-campus,Padel 2,outdoor,21:00,evening,booked,,
2026-09-17 20:09,2026-09-17,Thu,weekday,H-FARM CAMPUS,h-farm-campus,Padel 2,outdoor,21:30,evening,booked,,
2026-09-17 20:09,2026-09-17,Thu,weekday,SPH - Treviso Sporting,sph-treviso-sporting,Campo 4,indoor,20:30,evening,booked,,
2026-09-17 20:09,2026-09-17,Thu,weekday,SPH - Treviso Sporting,sph-treviso-sporting,Campo 4,indoor,21:00,evening,booked,,
2026-09-17 20:09,2026-09-17,Thu,weekday,SPH - Treviso Sporting,sph-treviso-sporting,Campo 4,indoor,21:30,evening,booked,,
2026-09-17 20:09,2026-09-17,Thu,weekday,SPH - Treviso Sporting,sph-treviso-sporting,Campo 4,indoor,22:00,evening,booked,,
2026-09-17 20:09,2026-09-17,Thu,weekday,SPH - Treviso Sporting,sph-treviso-sporting,Campo 5,indoor,20:30,evening,booked,,
2026-09-17 20:09,2026-09-17,Thu,weekday,SPH - Treviso Sporting,sph-treviso-sporting,Campo 5,indoor,21:00,evening,booked,,
2026-09-17 20:09,2026-09-17,Thu,weekday,SPH - Treviso Sporting,sph-treviso-sporting,Campo 5,indoor,21:30,evening,booked,,
2026-09-17 20:09,2026-09-17,Thu,weekday,SPH - Treviso Sporting,sph-treviso-sporting,Campo 5,indoor,22:00,evening,booked,,
2026-09-17 20:09,2026-09-17,Thu,weekday,SPH - Treviso Sporting,sph-treviso-sporting,Campo 6,indoor,20:30,evening,booked,,
2026-09-17 20:09,2026-09-17,Thu,weekday,SPH - Treviso Sporting,sph-treviso-sporting,Campo 6,indoor,21:00,evening,booked,,
2026-09-17 20:09,2026-09-17,Thu,weekday,SPH - Treviso Sporting,sph-treviso-sporting,Campo 6,indoor,21:30,evening,booked,,
2026-09-17 20:09,2026-09-17,Thu,weekday,SPH - Treviso Sporting,sph-treviso-sporting,Campo 6,indoor,22:00,evening,booked,,
2026-09-17 20:09,2026-09-17,Thu,weekday,SPH - Treviso Sporting,sph-treviso-sporting,Campo 7,indoor,20:30,evening,booked,,
2026-09-17 20:09,2026-09-17,Thu,weekday,SPH - Treviso Sporting,sph-treviso-sporting,Campo 7,indoor,21:00,evening,booked,,
2026-09-17 20:09,2026-09-17,Thu,weekday,SPH - Treviso Sporting,sph-treviso-sporting,Campo 7,indoor,21:30,evening,booked,,
2026-09-17 20:09,2026-09-17,Thu,weekday,SPH - Treviso Sporting,sph-treviso-sporting,Campo 7,indoor,22:00,evening,booked,,
2026-09-17 20:09,2026-09-17,Thu,weekday,SPH - Treviso Sporting,sph-treviso-sporting,Campo 1,outdoor,20:30,evening,booked,,
2026-09-17 20:09,2026-09-17,Thu,weekday,SPH - Treviso Sporting,sph-treviso-sporting,Campo 1,outdoor,21:00,evening,booked,,
2026-09-17 20:09,2026-09-17,Thu,weekday,SPH - Treviso Sporting,sph-treviso-sporting,Campo 1,outdoor,21:30,evening,booked,,
2026-09-17 20:09,2026-09-17,Thu,weekday,SPH - Treviso Sporting,sph-treviso-sporting,Campo 1,outdoor,22:00,evening,booked,,
2026-09-17 20:09,2026-09-17,Thu,weekday,SPH - Treviso Sporting,sph-treviso-sporting,Campo 2,outdoor,20:30,evening,booked,,
2026-09-17 20:09,2026-09-17,Thu,weekday,SPH - Treviso Sporting,sph-treviso-sporting,Campo 2,outdoor,21:00,evening,booked,,
2026-09-17 20:09,2026-09-17,Thu,weekday,SPH - Treviso Sporting,sph-treviso-sporting,Campo 2,outdoor,21:30,evening,booked,,
2026-09-17 20:09,2026-09-17,Thu,weekday,SPH - Treviso Sporting,sph-treviso-sporting,Campo 2,outdoor,22:00,evening,booked,,
2026-09-17 20:09,2026-09-17,Thu,weekday,SPH - Treviso Sporting,sph-treviso-sporting,Campo 3,outdoor,20:30,evening,booked,,
2026-09-17 20:09,2026-09-17,Thu,weekday,SPH - Treviso Sporting,sph-treviso-sporting,Campo 3,outdoor,21:00,evening,booked,,
2026-09-17 20:09,2026-09-17,Thu,weekday,SPH - Treviso Sporting,sph-treviso-sporting,Campo 3,outdoor,21:30,evening,booked,,
2026-09-17 20:09,2026-09-17,Thu,weekday,SPH - Treviso Sporting,sph-treviso-sporting,Campo 3,outdoor,22:00,evening,booked,,
2026-09-17 20:09,2026-09-17,Thu,weekday,Marina Sporting,marina-sporting,Padel 1,outdoor,20:30,evening,booked,,
2026-09-17 20:09,2026-09-17,Thu,weekday,Marina Sporting,marina-sporting,Padel 1,outdoor,21:00,evening,booked,,
2026-09-17 20:09,2026-09-17,Thu,weekday,Marina Sporting,marina-sporting,Padel 1,outdoor,21:30,evening,booked,,
2026-09-17 20:09,2026-09-17,Thu,weekday,Marina Sporting,marina-sporting,Padel 2,outdoor,20:30,evening,booked,,
2026-09-17 20:09,2026-09-17,Thu,weekday,Marina Sporting,marina-sporting,Padel 2,outdoor,21:00,evening,booked,,
2026-09-17 20:09,2026-09-17,Thu,weekday,Marina Sporting,marina-sporting,Padel 2,outdoor,21:30,evening,booked,,
2026-09-18 10:04,2026-09-18,Fri,weekday,Sporting Club Mestre,sporting-club-mestre,Campo Giallo,outdoor,10:30,morning,free,32 EUR,24 EUR
2026-09-18 10:04,2026-09-18,Fri,weekday,Sporting Club Mestre,sporting-club-mestre,Campo Giallo,outdoor,11:00,morning,free,32 EUR,24 EUR
2026-09-18 10:04,2026-09-18,Fri,weekday,Sporting Club Mestre,sporting-club-mestre,Campo Giallo,outdoor,11:30,morning,free,32 EUR,24 EUR
2026-09-18 10:04,2026-09-18,Fri,weekday,Sporting Club Mestre,sporting-club-mestre,Campo Giallo,outdoor,12:00,lunch,free,32 EUR,24 EUR
2026-09-18 10:04,2026-09-18,Fri,weekday,Sporting Club Mestre,sporting-club-mestre,Campo Rosso,outdoor,10:30,morning,booked,,
2026-09-18 10:04,2026-09-18,Fri,weekday,Sporting Club Mestre,sporting-club-mestre,Campo Rosso,outdoor,11:00,morning,booked,,
2026-09-18 10:04,2026-09-18,Fri,weekday,Sporting Club Mestre,sporting-club-mestre,Campo Rosso,outdoor,11:30,morning,booked,,
2026-09-18 10:04,2026-09-18,Fri,weekday,Sporting Club Mestre,sporting-club-mestre,Campo Rosso,outdoor,12:00,lunch,booked,,
2026-09-18 10:04,2026-09-18,Fri,weekday,Sporting Club Mestre,sporting-club-mestre,campo coperto 1,indoor,10:30,morning,free,,
2026-09-18 10:04,2026-09-18,Fri,weekday,Sporting Club Mestre,sporting-club-mestre,campo coperto 1,indoor,11:00,morning,free,,
2026-09-18 10:04,2026-09-18,Fri,weekday,Sporting Club Mestre,sporting-club-mestre,campo coperto 1,indoor,11:30,morning,free,40 EUR,
2026-09-18 10:04,2026-09-18,Fri,weekday,Sporting Club Mestre,sporting-club-mestre,campo coperto 1,indoor,12:00,lunch,free,,
2026-09-18 10:04,2026-09-18,Fri,weekday,Sporting Club Mestre,sporting-club-mestre,campo coperto 2,indoor,10:30,morning,free,,
2026-09-18 10:04,2026-09-18,Fri,weekday,Sporting Club Mestre,sporting-club-mestre,campo coperto 2,indoor,11:00,morning,free,,
2026-09-18 10:04,2026-09-18,Fri,weekday,Sporting Club Mestre,sporting-club-mestre,campo coperto 2,indoor,11:30,morning,free,40 EUR,
2026-09-18 10:04,2026-09-18,Fri,weekday,Sporting Club Mestre,sporting-club-mestre,campo coperto 2,indoor,12:00,lunch,free,,
2026-09-18 10:04,2026-09-18,Fri,weekday,Padel by FitUP di Zero Branco,padel-by-fitup-di-zero-branco,Padel by FitUP 1,indoor,10:30,morning,free,40 EUR,
2026-09-18 10:04,2026-09-18,Fri,weekday,Padel by FitUP di Zero Branco,padel-by-fitup-di-zero-branco,Padel by FitUP 1,indoor,11:00,morning,free,40 EUR,
2026-09-18 10:04,2026-09-18,Fri,weekday,Padel by FitUP di Zero Branco,padel-by-fitup-di-zero-branco,Padel by FitUP 1,indoor,11:30,morning,free,40 EUR,
2026-09-18 10:04,2026-09-18,Fri,weekday,Padel by FitUP di Zero Branco,padel-by-fitup-di-zero-branco,Padel by FitUP 1,indoor,12:00,lunch,free,40 EUR,
2026-09-18 10:04,2026-09-18,Fri,weekday,Aquafit Padel,aquafit-padel,Padel 1,outdoor,10:30,morning,free,40 EUR,
2026-09-18 10:04,2026-09-18,Fri,weekday,Aquafit Padel,aquafit-padel,Padel 1,outdoor,11:00,morning,free,40 EUR,
2026-09-18 10:04,2026-09-18,Fri,weekday,Aquafit Padel,aquafit-padel,Padel 1,outdoor,11:30,morning,free,40 EUR,
2026-09-18 10:04,2026-09-18,Fri,weekday,Aquafit Padel,aquafit-padel,Padel 1,outdoor,12:00,lunch,free,40 EUR,
2026-09-18 10:04,2026-09-18,Fri,weekday,Aquafit Padel,aquafit-padel,Padel 2,outdoor,10:30,morning,free,40 EUR,32 EUR
2026-09-18 10:04,2026-09-18,Fri,weekday,Aquafit Padel,aquafit-padel,Padel 2,outdoor,11:00,morning,free,40 EUR,32 EUR
2026-09-18 10:04,2026-09-18,Fri,weekday,Aquafit Padel,aquafit-padel,Padel 2,outdoor,11:30,morning,free,40 EUR,32 EUR
2026-09-18 10:04,2026-09-18,Fri,weekday,Aquafit Padel,aquafit-padel,Padel 2,outdoor,12:00,lunch,free,40 EUR,32 EUR
2026-09-18 10:04,2026-09-18,Fri,weekday,SPH - Venezia,sph-venezia,Campo 1,indoor,10:30,morning,booked,,
2026-09-18 10:04,2026-09-18,Fri,weekday,SPH - Venezia,sph-venezia,Campo 1,indoor,11:00,morning,booked,,
2026-09-18 10:04,2026-09-18,Fri,weekday,SPH - Venezia,sph-venezia,Campo 1,indoor,11:30,morning,booked,,
2026-09-18 10:04,2026-09-18,Fri,weekday,SPH - Venezia,sph-venezia,Campo 1,indoor,12:00,lunch,free,48 EUR,32 EUR
2026-09-18 10:04,2026-09-18,Fri,weekday,SPH - Venezia,sph-venezia,Campo 2,indoor,10:30,morning,free,48 EUR,32 EUR
2026-09-18 10:04,2026-09-18,Fri,weekday,SPH - Venezia,sph-venezia,Campo 2,indoor,11:00,morning,free,48 EUR,32 EUR
2026-09-18 10:04,2026-09-18,Fri,weekday,SPH - Venezia,sph-venezia,Campo 2,indoor,11:30,morning,free,,32 EUR
2026-09-18 10:04,2026-09-18,Fri,weekday,SPH - Venezia,sph-venezia,Campo 2,indoor,12:00,lunch,free,,
2026-09-18 10:04,2026-09-18,Fri,weekday,SPH - Venezia,sph-venezia,Campo 3,indoor,10:30,morning,free,48 EUR,32 EUR
2026-09-18 10:04,2026-09-18,Fri,weekday,SPH - Venezia,sph-venezia,Campo 3,indoor,11:00,morning,free,48 EUR,32 EUR
2026-09-18 10:04,2026-09-18,Fri,weekday,SPH - Venezia,sph-venezia,Campo 3,indoor,11:30,morning,free,48 EUR,32 EUR
2026-09-18 10:04,2026-09-18,Fri,weekday,SPH - Venezia,sph-venezia,Campo 3,indoor,12:00,lunch,free,48 EUR,32 EUR
2026-09-18 10:04,2026-09-18,Fri,weekday,SPH - Venezia,sph-venezia,Campo 4 | B3 Capital,indoor,10:30,morning,free,48 EUR,32 EUR
2026-09-18 10:04,2026-09-18,Fri,weekday,SPH - Venezia,sph-venezia,Campo 4 | B3 Capital,indoor,11:00,morning,free,48 EUR,32 EUR
2026-09-18 10:04,2026-09-18,Fri,weekday,SPH - Venezia,sph-venezia,Campo 4 | B3 Capital,indoor,11:30,morning,free,48 EUR,32 EUR
2026-09-18 10:04,2026-09-18,Fri,weekday,SPH - Venezia,sph-venezia,Campo 4 | B3 Capital,indoor,12:00,lunch,free,48 EUR,32 EUR
2026-09-18 10:04,2026-09-18,Fri,weekday,SPH - Venezia,sph-venezia,Campo 5 | Bassetto Impianti,indoor,10:30,morning,free,,32 EUR
2026-09-18 10:04,2026-09-18,Fri,weekday,SPH - Venezia,sph-venezia,Campo 5 | Bassetto Impianti,indoor,11:00,morning,free,,
2026-09-18 10:04,2026-09-18,Fri,weekday,SPH - Venezia,sph-venezia,Campo 5 | Bassetto Impianti,indoor,11:30,morning,booked,,
2026-09-18 10:04,2026-09-18,Fri,weekday,SPH - Venezia,sph-venezia,Campo 5 | Bassetto Impianti,indoor,12:00,lunch,booked,,
2026-09-18 10:04,2026-09-18,Fri,weekday,Padel Treviso,padel-treviso,1 Esterno,outdoor,10:30,morning,free,40 EUR,32 EUR
2026-09-18 10:04,2026-09-18,Fri,weekday,Padel Treviso,padel-treviso,1 Esterno,outdoor,11:00,morning,free,40 EUR,32 EUR
2026-09-18 10:04,2026-09-18,Fri,weekday,Padel Treviso,padel-treviso,1 Esterno,outdoor,11:30,morning,free,40 EUR,32 EUR
2026-09-18 10:04,2026-09-18,Fri,weekday,Padel Treviso,padel-treviso,1 Esterno,outdoor,12:00,lunch,free,40 EUR,32 EUR
2026-09-18 10:04,2026-09-18,Fri,weekday,Padel Treviso,padel-treviso,2 Esterno,outdoor,10:30,morning,free,40 EUR,
2026-09-18 10:04,2026-09-18,Fri,weekday,Padel Treviso,padel-treviso,2 Esterno,outdoor,11:00,morning,free,40 EUR,
2026-09-18 10:04,2026-09-18,Fri,weekday,Padel Treviso,padel-treviso,2 Esterno,outdoor,11:30,morning,free,,
2026-09-18 10:04,2026-09-18,Fri,weekday,Padel Treviso,padel-treviso,2 Esterno,outdoor,12:00,lunch,free,,
2026-09-18 10:04,2026-09-18,Fri,weekday,Padel Treviso,padel-treviso,3 COPERTO,indoor,10:30,morning,free,56 EUR,
2026-09-18 10:04,2026-09-18,Fri,weekday,Padel Treviso,padel-treviso,3 COPERTO,indoor,11:00,morning,free,56 EUR,
2026-09-18 10:04,2026-09-18,Fri,weekday,Padel Treviso,padel-treviso,3 COPERTO,indoor,11:30,morning,free,56 EUR,
2026-09-18 10:04,2026-09-18,Fri,weekday,Padel Treviso,padel-treviso,3 COPERTO,indoor,12:00,lunch,free,56 EUR,
2026-09-18 10:04,2026-09-18,Fri,weekday,Padel Treviso,padel-treviso,4 COPERTO,indoor,10:30,morning,free,56 EUR,
2026-09-18 10:04,2026-09-18,Fri,weekday,Padel Treviso,padel-treviso,4 COPERTO,indoor,11:00,morning,free,56 EUR,
2026-09-18 10:04,2026-09-18,Fri,weekday,Padel Treviso,padel-treviso,4 COPERTO,indoor,11:30,morning,free,56 EUR,
2026-09-18 10:04,2026-09-18,Fri,weekday,Padel Treviso,padel-treviso,4 COPERTO,indoor,12:00,lunch,free,56 EUR,
2026-09-18 10:04,2026-09-18,Fri,weekday,Padel Treviso,padel-treviso,Kuikma Indoor,indoor,10:30,morning,free,56 EUR,
2026-09-18 10:04,2026-09-18,Fri,weekday,Padel Treviso,padel-treviso,Kuikma Indoor,indoor,11:00,morning,free,56 EUR,
2026-09-18 10:04,2026-09-18,Fri,weekday,Padel Treviso,padel-treviso,Kuikma Indoor,indoor,11:30,morning,free,56 EUR,
2026-09-18 10:04,2026-09-18,Fri,weekday,Padel Treviso,padel-treviso,Kuikma Indoor,indoor,12:00,lunch,free,,
2026-09-18 10:04,2026-09-18,Fri,weekday,Padel Treviso,padel-treviso,6 Indoor,indoor,10:30,morning,free,56 EUR,
2026-09-18 10:04,2026-09-18,Fri,weekday,Padel Treviso,padel-treviso,6 Indoor,indoor,11:00,morning,free,56 EUR,
2026-09-18 10:04,2026-09-18,Fri,weekday,Padel Treviso,padel-treviso,6 Indoor,indoor,11:30,morning,free,56 EUR,
2026-09-18 10:04,2026-09-18,Fri,weekday,Padel Treviso,padel-treviso,6 Indoor,indoor,12:00,lunch,free,56 EUR,
2026-09-18 10:04,2026-09-18,Fri,weekday,Padel Treviso,padel-treviso,My Gym City Indoor,indoor,10:30,morning,free,56 EUR,
2026-09-18 10:04,2026-09-18,Fri,weekday,Padel Treviso,padel-treviso,My Gym City Indoor,indoor,11:00,morning,free,56 EUR,
2026-09-18 10:04,2026-09-18,Fri,weekday,Padel Treviso,padel-treviso,My Gym City Indoor,indoor,11:30,morning,free,56 EUR,
2026-09-18 10:04,2026-09-18,Fri,weekday,Padel Treviso,padel-treviso,My Gym City Indoor,indoor,12:00,lunch,free,56 EUR,
2026-09-18 10:04,2026-09-18,Fri,weekday,Padel Treviso,padel-treviso,8 Esterno,outdoor,10:30,morning,free,40 EUR,
2026-09-18 10:04,2026-09-18,Fri,weekday,Padel Treviso,padel-treviso,8 Esterno,outdoor,11:00,morning,free,,
2026-09-18 10:04,2026-09-18,Fri,weekday,Padel Treviso,padel-treviso,8 Esterno,outdoor,11:30,morning,free,,
2026-09-18 10:04,2026-09-18,Fri,weekday,Padel Treviso,padel-treviso,8 Esterno,outdoor,12:00,lunch,free,40 EUR,
2026-09-18 10:04,2026-09-18,Fri,weekday,Padel Treviso,padel-treviso,9 Gioielleria Minotto Istrana,indoor,10:30,morning,free,,
2026-09-18 10:04,2026-09-18,Fri,weekday,Padel Treviso,padel-treviso,9 Gioielleria Minotto Istrana,indoor,11:00,morning,free,,
2026-09-18 10:04,2026-09-18,Fri,weekday,Padel Treviso,padel-treviso,9 Gioielleria Minotto Istrana,indoor,11:30,morning,free,56 EUR,
2026-09-18 10:04,2026-09-18,Fri,weekday,Padel Treviso,padel-treviso,9 Gioielleria Minotto Istrana,indoor,12:00,lunch,free,,
2026-09-18 10:04,2026-09-18,Fri,weekday,Padel Treviso,padel-treviso,10 Gioielleria Minotto Istrana,indoor,10:30,morning,free,,
2026-09-18 10:04,2026-09-18,Fri,weekday,Padel Treviso,padel-treviso,10 Gioielleria Minotto Istrana,indoor,11:00,morning,free,,
2026-09-18 10:04,2026-09-18,Fri,weekday,Padel Treviso,padel-treviso,10 Gioielleria Minotto Istrana,indoor,11:30,morning,free,56 EUR,
2026-09-18 10:04,2026-09-18,Fri,weekday,Padel Treviso,padel-treviso,10 Gioielleria Minotto Istrana,indoor,12:00,lunch,free,,
2026-09-18 10:04,2026-09-18,Fri,weekday,Padel Treviso,padel-treviso,Singolo A Esterno,outdoor,10:30,morning,free,24 EUR,20 EUR
2026-09-18 10:04,2026-09-18,Fri,weekday,Padel Treviso,padel-treviso,Singolo A Esterno,outdoor,11:00,morning,free,24 EUR,20 EUR
2026-09-18 10:04,2026-09-18,Fri,weekday,Padel Treviso,padel-treviso,Singolo A Esterno,outdoor,11:30,morning,free,24 EUR,20 EUR
2026-09-18 10:04,2026-09-18,Fri,weekday,Padel Treviso,padel-treviso,Singolo A Esterno,outdoor,12:00,lunch,free,24 EUR,20 EUR
2026-09-18 10:04,2026-09-18,Fri,weekday,Padel Treviso,padel-treviso,Singolo B Esterno,outdoor,10:30,morning,free,24 EUR,20 EUR
2026-09-18 10:04,2026-09-18,Fri,weekday,Padel Treviso,padel-treviso,Singolo B Esterno,outdoor,11:00,morning,free,24 EUR,20 EUR
2026-09-18 10:04,2026-09-18,Fri,weekday,Padel Treviso,padel-treviso,Singolo B Esterno,outdoor,11:30,morning,free,24 EUR,20 EUR
2026-09-18 10:04,2026-09-18,Fri,weekday,Padel Treviso,padel-treviso,Singolo B Esterno,outdoor,12:00,lunch,free,24 EUR,20 EUR
2026-09-18 10:04,2026-09-18,Fri,weekday,Altino Sport Village,altino-sport-village,Padel 1,indoor,10:30,morning,free,30 EUR,30 EUR
2026-09-18 10:04,2026-09-18,Fri,weekday,Altino Sport Village,altino-sport-village,Padel 1,indoor,11:00,morning,free,30 EUR,30 EUR
2026-09-18 10:04,2026-09-18,Fri,weekday,Altino Sport Village,altino-sport-village,Padel 1,indoor,11:30,morning,free,30 EUR,30 EUR
2026-09-18 10:04,2026-09-18,Fri,weekday,Altino Sport Village,altino-sport-village,Padel 1,indoor,12:00,lunch,free,30 EUR,30 EUR
2026-09-18 10:04,2026-09-18,Fri,weekday,Altino Sport Village,altino-sport-village,Padel 2,indoor,10:30,morning,free,,30 EUR
2026-09-18 10:04,2026-09-18,Fri,weekday,Altino Sport Village,altino-sport-village,Padel 2,indoor,11:00,morning,free,30 EUR,
2026-09-18 10:04,2026-09-18,Fri,weekday,Altino Sport Village,altino-sport-village,Padel 2,indoor,11:30,morning,free,,30 EUR
2026-09-18 10:04,2026-09-18,Fri,weekday,Altino Sport Village,altino-sport-village,Padel 2,indoor,12:00,lunch,free,,
2026-09-18 10:04,2026-09-18,Fri,weekday,Barchessa Padel e Pikleball,barchessa-pickleball,PADEL 1,indoor,10:30,morning,free,40 EUR,27 EUR
2026-09-18 10:04,2026-09-18,Fri,weekday,Barchessa Padel e Pikleball,barchessa-pickleball,PADEL 1,indoor,11:00,morning,free,40 EUR,27 EUR
2026-09-18 10:04,2026-09-18,Fri,weekday,Barchessa Padel e Pikleball,barchessa-pickleball,PADEL 1,indoor,11:30,morning,free,40 EUR,27 EUR
2026-09-18 10:04,2026-09-18,Fri,weekday,Barchessa Padel e Pikleball,barchessa-pickleball,PADEL 1,indoor,12:00,lunch,free,40 EUR,27 EUR
2026-09-18 10:04,2026-09-18,Fri,weekday,Barchessa Padel e Pikleball,barchessa-pickleball,PADEL  2,indoor,10:30,morning,free,40 EUR,27 EUR
2026-09-18 10:04,2026-09-18,Fri,weekday,Barchessa Padel e Pikleball,barchessa-pickleball,PADEL  2,indoor,11:00,morning,free,40 EUR,27 EUR
2026-09-18 10:04,2026-09-18,Fri,weekday,Barchessa Padel e Pikleball,barchessa-pickleball,PADEL  2,indoor,11:30,morning,free,40 EUR,27 EUR
2026-09-18 10:04,2026-09-18,Fri,weekday,Barchessa Padel e Pikleball,barchessa-pickleball,PADEL  2,indoor,12:00,lunch,free,40 EUR,27 EUR
2026-09-18 10:04,2026-09-18,Fri,weekday,Barchessa Padel e Pikleball,barchessa-pickleball,PADEL  3,indoor,10:30,morning,free,40 EUR,27 EUR
2026-09-18 10:04,2026-09-18,Fri,weekday,Barchessa Padel e Pikleball,barchessa-pickleball,PADEL  3,indoor,11:00,morning,free,40 EUR,27 EUR
2026-09-18 10:04,2026-09-18,Fri,weekday,Barchessa Padel e Pikleball,barchessa-pickleball,PADEL  3,indoor,11:30,morning,free,40 EUR,27 EUR
2026-09-18 10:04,2026-09-18,Fri,weekday,Barchessa Padel e Pikleball,barchessa-pickleball,PADEL  3,indoor,12:00,lunch,free,40 EUR,27 EUR
2026-09-18 10:04,2026-09-18,Fri,weekday,SPH - Treviso Sporting,sph-treviso-sporting,Campo 4,indoor,10:30,morning,free,40 EUR,28 EUR
2026-09-18 10:04,2026-09-18,Fri,weekday,SPH - Treviso Sporting,sph-treviso-sporting,Campo 4,indoor,11:00,morning,free,40 EUR,28 EUR
2026-09-18 10:04,2026-09-18,Fri,weekday,SPH - Treviso Sporting,sph-treviso-sporting,Campo 4,indoor,11:30,morning,free,40 EUR,28 EUR
2026-09-18 10:04,2026-09-18,Fri,weekday,SPH - Treviso Sporting,sph-treviso-sporting,Campo 4,indoor,12:00,lunch,free,43.34 EUR,28 EUR
2026-09-18 10:04,2026-09-18,Fri,weekday,SPH - Treviso Sporting,sph-treviso-sporting,Campo 5,indoor,10:30,morning,free,40 EUR,28 EUR
2026-09-18 10:04,2026-09-18,Fri,weekday,SPH - Treviso Sporting,sph-treviso-sporting,Campo 5,indoor,11:00,morning,free,40 EUR,28 EUR
2026-09-18 10:04,2026-09-18,Fri,weekday,SPH - Treviso Sporting,sph-treviso-sporting,Campo 5,indoor,11:30,morning,free,40 EUR,28 EUR
2026-09-18 10:04,2026-09-18,Fri,weekday,SPH - Treviso Sporting,sph-treviso-sporting,Campo 5,indoor,12:00,lunch,free,43.34 EUR,28 EUR
2026-09-18 10:04,2026-09-18,Fri,weekday,SPH - Treviso Sporting,sph-treviso-sporting,Campo 6,indoor,10:30,morning,free,40 EUR,28 EUR
2026-09-18 10:04,2026-09-18,Fri,weekday,SPH - Treviso Sporting,sph-treviso-sporting,Campo 6,indoor,11:00,morning,free,40 EUR,28 EUR
2026-09-18 10:04,2026-09-18,Fri,weekday,SPH - Treviso Sporting,sph-treviso-sporting,Campo 6,indoor,11:30,morning,free,40 EUR,28 EUR
2026-09-18 10:04,2026-09-18,Fri,weekday,SPH - Treviso Sporting,sph-treviso-sporting,Campo 6,indoor,12:00,lunch,free,43.34 EUR,28 EUR
2026-09-18 10:04,2026-09-18,Fri,weekday,SPH - Treviso Sporting,sph-treviso-sporting,Campo 7,indoor,10:30,morning,free,40 EUR,28 EUR
2026-09-18 10:04,2026-09-18,Fri,weekday,SPH - Treviso Sporting,sph-treviso-sporting,Campo 7,indoor,11:00,morning,free,40 EUR,28 EUR
2026-09-18 10:04,2026-09-18,Fri,weekday,SPH - Treviso Sporting,sph-treviso-sporting,Campo 7,indoor,11:30,morning,free,40 EUR,28 EUR
2026-09-18 10:04,2026-09-18,Fri,weekday,SPH - Treviso Sporting,sph-treviso-sporting,Campo 7,indoor,12:00,lunch,free,43.34 EUR,28 EUR
2026-09-18 10:04,2026-09-18,Fri,weekday,SPH - Treviso Sporting,sph-treviso-sporting,Campo 1,outdoor,10:30,morning,free,40 EUR,28 EUR
2026-09-18 10:04,2026-09-18,Fri,weekday,SPH - Treviso Sporting,sph-treviso-sporting,Campo 1,outdoor,11:00,morning,free,40 EUR,28 EUR
2026-09-18 10:04,2026-09-18,Fri,weekday,SPH - Treviso Sporting,sph-treviso-sporting,Campo 1,outdoor,11:30,morning,free,40 EUR,28 EUR
2026-09-18 10:04,2026-09-18,Fri,weekday,SPH - Treviso Sporting,sph-treviso-sporting,Campo 1,outdoor,12:00,lunch,free,40 EUR,28 EUR
2026-09-18 10:04,2026-09-18,Fri,weekday,SPH - Treviso Sporting,sph-treviso-sporting,Campo 2,outdoor,10:30,morning,free,40 EUR,28 EUR
2026-09-18 10:04,2026-09-18,Fri,weekday,SPH - Treviso Sporting,sph-treviso-sporting,Campo 2,outdoor,11:00,morning,free,40 EUR,28 EUR
2026-09-18 10:04,2026-09-18,Fri,weekday,SPH - Treviso Sporting,sph-treviso-sporting,Campo 2,outdoor,11:30,morning,free,40 EUR,28 EUR
2026-09-18 10:04,2026-09-18,Fri,weekday,SPH - Treviso Sporting,sph-treviso-sporting,Campo 2,outdoor,12:00,lunch,free,40 EUR,28 EUR
2026-09-18 10:04,2026-09-18,Fri,weekday,SPH - Treviso Sporting,sph-treviso-sporting,Campo 3,outdoor,10:30,morning,free,40 EUR,28 EUR
2026-09-18 10:04,2026-09-18,Fri,weekday,SPH - Treviso Sporting,sph-treviso-sporting,Campo 3,outdoor,11:00,morning,free,40 EUR,28 EUR
2026-09-18 10:04,2026-09-18,Fri,weekday,SPH - Treviso Sporting,sph-treviso-sporting,Campo 3,outdoor,11:30,morning,free,40 EUR,28 EUR
2026-09-18 10:04,2026-09-18,Fri,weekday,SPH - Treviso Sporting,sph-treviso-sporting,Campo 3,outdoor,12:00,lunch,free,40 EUR,28 EUR
2026-09-18 10:04,2026-09-18,Fri,weekday,Marina Sporting,marina-sporting,Padel 1,outdoor,10:30,morning,booked,,
2026-09-18 10:04,2026-09-18,Fri,weekday,Marina Sporting,marina-sporting,Padel 1,outdoor,11:00,morning,booked,,
2026-09-18 10:04,2026-09-18,Fri,weekday,Marina Sporting,marina-sporting,Padel 1,outdoor,11:30,morning,booked,,
2026-09-18 10:04,2026-09-18,Fri,weekday,Marina Sporting,marina-sporting,Padel 1,outdoor,12:00,lunch,booked,,
2026-09-18 10:04,2026-09-18,Fri,weekday,Marina Sporting,marina-sporting,Padel 2,outdoor,10:30,morning,booked,,
2026-09-18 10:04,2026-09-18,Fri,weekday,Marina Sporting,marina-sporting,Padel 2,outdoor,11:00,morning,booked,,
2026-09-18 10:04,2026-09-18,Fri,weekday,Marina Sporting,marina-sporting,Padel 2,outdoor,11:30,morning,booked,,
2026-09-18 10:04,2026-09-18,Fri,weekday,Marina Sporting,marina-sporting,Padel 2,outdoor,12:00,lunch,booked,,
2026-09-18 12:14,2026-09-18,Fri,weekday,Sporting Club Mestre,sporting-club-mestre,Campo Giallo,outdoor,12:30,lunch,free,32 EUR,24 EUR
2026-09-18 12:14,2026-09-18,Fri,weekday,Sporting Club Mestre,sporting-club-mestre,Campo Giallo,outdoor,13:00,lunch,free,32 EUR,24 EUR
2026-09-18 12:14,2026-09-18,Fri,weekday,Sporting Club Mestre,sporting-club-mestre,Campo Giallo,outdoor,13:30,lunch,free,32 EUR,24 EUR
2026-09-18 12:14,2026-09-18,Fri,weekday,Sporting Club Mestre,sporting-club-mestre,Campo Giallo,outdoor,14:00,afternoon,free,32 EUR,24 EUR
2026-09-18 12:14,2026-09-18,Fri,weekday,Sporting Club Mestre,sporting-club-mestre,Campo Rosso,outdoor,12:30,lunch,booked,,
2026-09-18 12:14,2026-09-18,Fri,weekday,Sporting Club Mestre,sporting-club-mestre,Campo Rosso,outdoor,13:00,lunch,booked,,
2026-09-18 12:14,2026-09-18,Fri,weekday,Sporting Club Mestre,sporting-club-mestre,Campo Rosso,outdoor,13:30,lunch,booked,,
2026-09-18 12:14,2026-09-18,Fri,weekday,Sporting Club Mestre,sporting-club-mestre,Campo Rosso,outdoor,14:00,afternoon,booked,,
2026-09-18 12:14,2026-09-18,Fri,weekday,Sporting Club Mestre,sporting-club-mestre,campo coperto 1,indoor,12:30,lunch,booked,,
2026-09-18 12:14,2026-09-18,Fri,weekday,Sporting Club Mestre,sporting-club-mestre,campo coperto 1,indoor,13:00,lunch,booked,,
2026-09-18 12:14,2026-09-18,Fri,weekday,Sporting Club Mestre,sporting-club-mestre,campo coperto 1,indoor,13:30,lunch,booked,,
2026-09-18 12:14,2026-09-18,Fri,weekday,Sporting Club Mestre,sporting-club-mestre,campo coperto 1,indoor,14:00,afternoon,booked,,
2026-09-18 12:14,2026-09-18,Fri,weekday,Sporting Club Mestre,sporting-club-mestre,campo coperto 2,indoor,12:30,lunch,booked,,
2026-09-18 12:14,2026-09-18,Fri,weekday,Sporting Club Mestre,sporting-club-mestre,campo coperto 2,indoor,13:00,lunch,free,40 EUR,
2026-09-18 12:14,2026-09-18,Fri,weekday,Sporting Club Mestre,sporting-club-mestre,campo coperto 2,indoor,13:30,lunch,free,,
2026-09-18 12:14,2026-09-18,Fri,weekday,Sporting Club Mestre,sporting-club-mestre,campo coperto 2,indoor,14:00,afternoon,free,,
2026-09-18 12:14,2026-09-18,Fri,weekday,Padel by FitUP di Zero Branco,padel-by-fitup-di-zero-branco,Padel by FitUP 1,indoor,12:30,lunch,free,40 EUR,
2026-09-18 12:14,2026-09-18,Fri,weekday,Padel by FitUP di Zero Branco,padel-by-fitup-di-zero-branco,Padel by FitUP 1,indoor,13:00,lunch,free,40 EUR,
2026-09-18 12:14,2026-09-18,Fri,weekday,Padel by FitUP di Zero Branco,padel-by-fitup-di-zero-branco,Padel by FitUP 1,indoor,13:30,lunch,free,40 EUR,
2026-09-18 12:14,2026-09-18,Fri,weekday,Padel by FitUP di Zero Branco,padel-by-fitup-di-zero-branco,Padel by FitUP 1,indoor,14:00,afternoon,free,40 EUR,
2026-09-18 12:14,2026-09-18,Fri,weekday,Aquafit Padel,aquafit-padel,Padel 1,outdoor,12:30,lunch,free,40 EUR,
2026-09-18 12:14,2026-09-18,Fri,weekday,Aquafit Padel,aquafit-padel,Padel 1,outdoor,13:00,lunch,free,40 EUR,
2026-09-18 12:14,2026-09-18,Fri,weekday,Aquafit Padel,aquafit-padel,Padel 1,outdoor,13:30,lunch,free,40 EUR,
2026-09-18 12:14,2026-09-18,Fri,weekday,Aquafit Padel,aquafit-padel,Padel 1,outdoor,14:00,afternoon,free,40 EUR,
2026-09-18 12:14,2026-09-18,Fri,weekday,Aquafit Padel,aquafit-padel,Padel 2,outdoor,12:30,lunch,free,40 EUR,32 EUR
2026-09-18 12:14,2026-09-18,Fri,weekday,Aquafit Padel,aquafit-padel,Padel 2,outdoor,13:00,lunch,free,40 EUR,32 EUR
2026-09-18 12:14,2026-09-18,Fri,weekday,Aquafit Padel,aquafit-padel,Padel 2,outdoor,13:30,lunch,free,40 EUR,29.34 EUR
2026-09-18 12:14,2026-09-18,Fri,weekday,Aquafit Padel,aquafit-padel,Padel 2,outdoor,14:00,afternoon,free,40 EUR,
2026-09-18 12:14,2026-09-18,Fri,weekday,SPH - Venezia,sph-venezia,Campo 1,indoor,12:30,lunch,free,48 EUR,32 EUR
2026-09-18 12:14,2026-09-18,Fri,weekday,SPH - Venezia,sph-venezia,Campo 1,indoor,13:00,lunch,free,48 EUR,32 EUR
2026-09-18 12:14,2026-09-18,Fri,weekday,SPH - Venezia,sph-venezia,Campo 1,indoor,13:30,lunch,free,48 EUR,32 EUR
2026-09-18 12:14,2026-09-18,Fri,weekday,SPH - Venezia,sph-venezia,Campo 1,indoor,14:00,afternoon,free,,32 EUR
2026-09-18 12:14,2026-09-18,Fri,weekday,SPH - Venezia,sph-venezia,Campo 2,indoor,12:30,lunch,booked,,
2026-09-18 12:14,2026-09-18,Fri,weekday,SPH - Venezia,sph-venezia,Campo 2,indoor,13:00,lunch,booked,,
2026-09-18 12:14,2026-09-18,Fri,weekday,SPH - Venezia,sph-venezia,Campo 2,indoor,13:30,lunch,booked,,
2026-09-18 12:14,2026-09-18,Fri,weekday,SPH - Venezia,sph-venezia,Campo 2,indoor,14:00,afternoon,booked,,
2026-09-18 12:14,2026-09-18,Fri,weekday,SPH - Venezia,sph-venezia,Campo 3,indoor,12:30,lunch,free,48 EUR,32 EUR
2026-09-18 12:14,2026-09-18,Fri,weekday,SPH - Venezia,sph-venezia,Campo 3,indoor,13:00,lunch,free,48 EUR,32 EUR
2026-09-18 12:14,2026-09-18,Fri,weekday,SPH - Venezia,sph-venezia,Campo 3,indoor,13:30,lunch,free,48 EUR,32 EUR
2026-09-18 12:14,2026-09-18,Fri,weekday,SPH - Venezia,sph-venezia,Campo 3,indoor,14:00,afternoon,free,48 EUR,32 EUR
2026-09-18 12:14,2026-09-18,Fri,weekday,SPH - Venezia,sph-venezia,Campo 4 | B3 Capital,indoor,12:30,lunch,free,48 EUR,32 EUR
2026-09-18 12:14,2026-09-18,Fri,weekday,SPH - Venezia,sph-venezia,Campo 4 | B3 Capital,indoor,13:00,lunch,free,,32 EUR
2026-09-18 12:14,2026-09-18,Fri,weekday,SPH - Venezia,sph-venezia,Campo 4 | B3 Capital,indoor,13:30,lunch,free,48 EUR,
2026-09-18 12:14,2026-09-18,Fri,weekday,SPH - Venezia,sph-venezia,Campo 4 | B3 Capital,indoor,14:00,afternoon,free,,32 EUR
2026-09-18 12:14,2026-09-18,Fri,weekday,SPH - Venezia,sph-venezia,Campo 5 | Bassetto Impianti,indoor,12:30,lunch,booked,,
2026-09-18 12:14,2026-09-18,Fri,weekday,SPH - Venezia,sph-venezia,Campo 5 | Bassetto Impianti,indoor,13:00,lunch,free,48 EUR,32 EUR
2026-09-18 12:14,2026-09-18,Fri,weekday,SPH - Venezia,sph-venezia,Campo 5 | Bassetto Impianti,indoor,13:30,lunch,free,48 EUR,32 EUR
2026-09-18 12:14,2026-09-18,Fri,weekday,SPH - Venezia,sph-venezia,Campo 5 | Bassetto Impianti,indoor,14:00,afternoon,free,48 EUR,32 EUR
2026-09-18 12:14,2026-09-18,Fri,weekday,Padel Treviso,padel-treviso,1 Esterno,outdoor,12:30,lunch,free,40 EUR,32 EUR
2026-09-18 12:14,2026-09-18,Fri,weekday,Padel Treviso,padel-treviso,1 Esterno,outdoor,13:00,lunch,free,40 EUR,32 EUR
2026-09-18 12:14,2026-09-18,Fri,weekday,Padel Treviso,padel-treviso,1 Esterno,outdoor,13:30,lunch,free,40 EUR,32 EUR
2026-09-18 12:14,2026-09-18,Fri,weekday,Padel Treviso,padel-treviso,1 Esterno,outdoor,14:00,afternoon,free,40 EUR,32 EUR
2026-09-18 12:14,2026-09-18,Fri,weekday,Padel Treviso,padel-treviso,2 Esterno,outdoor,12:30,lunch,free,40 EUR,
2026-09-18 12:14,2026-09-18,Fri,weekday,Padel Treviso,padel-treviso,2 Esterno,outdoor,13:00,lunch,free,,
2026-09-18 12:14,2026-09-18,Fri,weekday,Padel Treviso,padel-treviso,2 Esterno,outdoor,13:30,lunch,free,,
2026-09-18 12:14,2026-09-18,Fri,weekday,Padel Treviso,padel-treviso,2 Esterno,outdoor,14:00,afternoon,free,40 EUR,
2026-09-18 12:14,2026-09-18,Fri,weekday,Padel Treviso,padel-treviso,3 COPERTO,indoor,12:30,lunch,free,56 EUR,
2026-09-18 12:14,2026-09-18,Fri,weekday,Padel Treviso,padel-treviso,3 COPERTO,indoor,13:00,lunch,free,56 EUR,
2026-09-18 12:14,2026-09-18,Fri,weekday,Padel Treviso,padel-treviso,3 COPERTO,indoor,13:30,lunch,free,56 EUR,
2026-09-18 12:14,2026-09-18,Fri,weekday,Padel Treviso,padel-treviso,3 COPERTO,indoor,14:00,afternoon,free,,
2026-09-18 12:14,2026-09-18,Fri,weekday,Padel Treviso,padel-treviso,4 COPERTO,indoor,12:30,lunch,free,56 EUR,
2026-09-18 12:14,2026-09-18,Fri,weekday,Padel Treviso,padel-treviso,4 COPERTO,indoor,13:00,lunch,free,56 EUR,
2026-09-18 12:14,2026-09-18,Fri,weekday,Padel Treviso,padel-treviso,4 COPERTO,indoor,13:30,lunch,free,,
2026-09-18 12:14,2026-09-18,Fri,weekday,Padel Treviso,padel-treviso,4 COPERTO,indoor,14:00,afternoon,free,,
2026-09-18 12:14,2026-09-18,Fri,weekday,Padel Treviso,padel-treviso,Kuikma Indoor,indoor,12:30,lunch,booked,,
2026-09-18 12:14,2026-09-18,Fri,weekday,Padel Treviso,padel-treviso,Kuikma Indoor,indoor,13:00,lunch,booked,,
2026-09-18 12:14,2026-09-18,Fri,weekday,Padel Treviso,padel-treviso,Kuikma Indoor,indoor,13:30,lunch,booked,,
2026-09-18 12:14,2026-09-18,Fri,weekday,Padel Treviso,padel-treviso,Kuikma Indoor,indoor,14:00,afternoon,booked,,
2026-09-18 12:14,2026-09-18,Fri,weekday,Padel Treviso,padel-treviso,6 Indoor,indoor,12:30,lunch,free,,
2026-09-18 12:14,2026-09-18,Fri,weekday,Padel Treviso,padel-treviso,6 Indoor,indoor,13:00,lunch,free,,
2026-09-18 12:14,2026-09-18,Fri,weekday,Padel Treviso,padel-treviso,6 Indoor,indoor,13:30,lunch,free,56 EUR,
2026-09-18 12:14,2026-09-18,Fri,weekday,Padel Treviso,padel-treviso,6 Indoor,indoor,14:00,afternoon,free,,
2026-09-18 12:14,2026-09-18,Fri,weekday,Padel Treviso,padel-treviso,My Gym City Indoor,indoor,12:30,lunch,free,,
2026-09-18 12:14,2026-09-18,Fri,weekday,Padel Treviso,padel-treviso,My Gym City Indoor,indoor,13:00,lunch,free,,
2026-09-18 12:14,2026-09-18,Fri,weekday,Padel Treviso,padel-treviso,My Gym City Indoor,indoor,13:30,lunch,free,56 EUR,
2026-09-18 12:14,2026-09-18,Fri,weekday,Padel Treviso,padel-treviso,My Gym City Indoor,indoor,14:00,afternoon,free,,
2026-09-18 12:14,2026-09-18,Fri,weekday,Padel Treviso,padel-treviso,8 Esterno,outdoor,12:30,lunch,free,,
2026-09-18 12:14,2026-09-18,Fri,weekday,Padel Treviso,padel-treviso,8 Esterno,outdoor,13:00,lunch,free,,
2026-09-18 12:14,2026-09-18,Fri,weekday,Padel Treviso,padel-treviso,8 Esterno,outdoor,13:30,lunch,free,40 EUR,
2026-09-18 12:14,2026-09-18,Fri,weekday,Padel Treviso,padel-treviso,8 Esterno,outdoor,14:00,afternoon,free,,
2026-09-18 12:14,2026-09-18,Fri,weekday,Padel Treviso,padel-treviso,9 Gioielleria Minotto Istrana,indoor,12:30,lunch,booked,,
2026-09-18 12:14,2026-09-18,Fri,weekday,Padel Treviso,padel-treviso,9 Gioielleria Minotto Istrana,indoor,13:00,lunch,free,56 EUR,
2026-09-18 12:14,2026-09-18,Fri,weekday,Padel Treviso,padel-treviso,9 Gioielleria Minotto Istrana,indoor,13:30,lunch,free,,
2026-09-18 12:14,2026-09-18,Fri,weekday,Padel Treviso,padel-treviso,9 Gioielleria Minotto Istrana,indoor,14:00,afternoon,free,,
2026-09-18 12:14,2026-09-18,Fri,weekday,Padel Treviso,padel-treviso,10 Gioielleria Minotto Istrana,indoor,12:30,lunch,booked,,
2026-09-18 12:14,2026-09-18,Fri,weekday,Padel Treviso,padel-treviso,10 Gioielleria Minotto Istrana,indoor,13:00,lunch,free,56 EUR,
2026-09-18 12:14,2026-09-18,Fri,weekday,Padel Treviso,padel-treviso,10 Gioielleria Minotto Istrana,indoor,13:30,lunch,free,,
2026-09-18 12:14,2026-09-18,Fri,weekday,Padel Treviso,padel-treviso,10 Gioielleria Minotto Istrana,indoor,14:00,afternoon,free,,
2026-09-18 12:14,2026-09-18,Fri,weekday,Padel Treviso,padel-treviso,Singolo A Esterno,outdoor,12:30,lunch,free,24 EUR,20 EUR
2026-09-18 12:14,2026-09-18,Fri,weekday,Padel Treviso,padel-treviso,Singolo A Esterno,outdoor,13:00,lunch,free,24 EUR,20 EUR
2026-09-18 12:14,2026-09-18,Fri,weekday,Padel Treviso,padel-treviso,Singolo A Esterno,outdoor,13:30,lunch,free,24 EUR,20 EUR
2026-09-18 12:14,2026-09-18,Fri,weekday,Padel Treviso,padel-treviso,Singolo A Esterno,outdoor,14:00,afternoon,free,,20 EUR
2026-09-18 12:14,2026-09-18,Fri,weekday,Padel Treviso,padel-treviso,Singolo B Esterno,outdoor,12:30,lunch,free,24 EUR,20 EUR
2026-09-18 12:14,2026-09-18,Fri,weekday,Padel Treviso,padel-treviso,Singolo B Esterno,outdoor,13:00,lunch,free,,20 EUR
2026-09-18 12:14,2026-09-18,Fri,weekday,Padel Treviso,padel-treviso,Singolo B Esterno,outdoor,13:30,lunch,free,24 EUR,
2026-09-18 12:14,2026-09-18,Fri,weekday,Padel Treviso,padel-treviso,Singolo B Esterno,outdoor,14:00,afternoon,free,,20 EUR
2026-09-18 12:14,2026-09-18,Fri,weekday,Altino Sport Village,altino-sport-village,Padel 1,indoor,12:30,lunch,free,30 EUR,30 EUR
2026-09-18 12:14,2026-09-18,Fri,weekday,Altino Sport Village,altino-sport-village,Padel 1,indoor,13:00,lunch,free,30 EUR,30 EUR
2026-09-18 12:14,2026-09-18,Fri,weekday,Altino Sport Village,altino-sport-village,Padel 1,indoor,13:30,lunch,free,30 EUR,30 EUR
2026-09-18 12:14,2026-09-18,Fri,weekday,Altino Sport Village,altino-sport-village,Padel 1,indoor,14:00,afternoon,free,30 EUR,30 EUR
2026-09-18 12:14,2026-09-18,Fri,weekday,Altino Sport Village,altino-sport-village,Padel 2,indoor,12:30,lunch,booked,,
2026-09-18 12:14,2026-09-18,Fri,weekday,Altino Sport Village,altino-sport-village,Padel 2,indoor,13:00,lunch,booked,,
2026-09-18 12:14,2026-09-18,Fri,weekday,Altino Sport Village,altino-sport-village,Padel 2,indoor,13:30,lunch,free,30 EUR,30 EUR
2026-09-18 12:14,2026-09-18,Fri,weekday,Altino Sport Village,altino-sport-village,Padel 2,indoor,14:00,afternoon,free,,
2026-09-18 12:14,2026-09-18,Fri,weekday,Barchessa Padel e Pikleball,barchessa-pickleball,PADEL 1,indoor,12:30,lunch,free,40 EUR,27 EUR
2026-09-18 12:14,2026-09-18,Fri,weekday,Barchessa Padel e Pikleball,barchessa-pickleball,PADEL 1,indoor,13:00,lunch,free,40 EUR,27 EUR
2026-09-18 12:14,2026-09-18,Fri,weekday,Barchessa Padel e Pikleball,barchessa-pickleball,PADEL 1,indoor,13:30,lunch,free,40 EUR,27 EUR
2026-09-18 12:14,2026-09-18,Fri,weekday,Barchessa Padel e Pikleball,barchessa-pickleball,PADEL 1,indoor,14:00,afternoon,free,40 EUR,27 EUR
2026-09-18 12:14,2026-09-18,Fri,weekday,Barchessa Padel e Pikleball,barchessa-pickleball,PADEL  2,indoor,12:30,lunch,free,40 EUR,27 EUR
2026-09-18 12:14,2026-09-18,Fri,weekday,Barchessa Padel e Pikleball,barchessa-pickleball,PADEL  2,indoor,13:00,lunch,free,40 EUR,27 EUR
2026-09-18 12:14,2026-09-18,Fri,weekday,Barchessa Padel e Pikleball,barchessa-pickleball,PADEL  2,indoor,13:30,lunch,free,40 EUR,27 EUR
2026-09-18 12:14,2026-09-18,Fri,weekday,Barchessa Padel e Pikleball,barchessa-pickleball,PADEL  2,indoor,14:00,afternoon,free,40 EUR,27 EUR
2026-09-18 12:14,2026-09-18,Fri,weekday,Barchessa Padel e Pikleball,barchessa-pickleball,PADEL  3,indoor,12:30,lunch,free,40 EUR,27 EUR
2026-09-18 12:14,2026-09-18,Fri,weekday,Barchessa Padel e Pikleball,barchessa-pickleball,PADEL  3,indoor,13:00,lunch,free,,27 EUR
2026-09-18 12:14,2026-09-18,Fri,weekday,Barchessa Padel e Pikleball,barchessa-pickleball,PADEL  3,indoor,13:30,lunch,free,,
2026-09-18 12:14,2026-09-18,Fri,weekday,Barchessa Padel e Pikleball,barchessa-pickleball,PADEL  3,indoor,14:00,afternoon,booked,,
2026-09-18 12:14,2026-09-18,Fri,weekday,SPH - Treviso Sporting,sph-treviso-sporting,Campo 4,indoor,12:30,lunch,free,46.66 EUR,31 EUR
2026-09-18 12:14,2026-09-18,Fri,weekday,SPH - Treviso Sporting,sph-treviso-sporting,Campo 4,indoor,13:00,lunch,free,50 EUR,34 EUR
2026-09-18 12:14,2026-09-18,Fri,weekday,SPH - Treviso Sporting,sph-treviso-sporting,Campo 4,indoor,13:30,lunch,free,50 EUR,34 EUR
2026-09-18 12:14,2026-09-18,Fri,weekday,SPH - Treviso Sporting,sph-treviso-sporting,Campo 4,indoor,14:00,afternoon,free,50 EUR,34 EUR
2026-09-18 12:14,2026-09-18,Fri,weekday,SPH - Treviso Sporting,sph-treviso-sporting,Campo 5,indoor,12:30,lunch,free,46.66 EUR,31 EUR
2026-09-18 12:14,2026-09-18,Fri,weekday,SPH - Treviso Sporting,sph-treviso-sporting,Campo 5,indoor,13:00,lunch,free,50 EUR,34 EUR
2026-09-18 12:14,2026-09-18,Fri,weekday,SPH - Treviso Sporting,sph-treviso-sporting,Campo 5,indoor,13:30,lunch,free,50 EUR,34 EUR
2026-09-18 12:14,2026-09-18,Fri,weekday,SPH - Treviso Sporting,sph-treviso-sporting,Campo 5,indoor,14:00,afternoon,free,50 EUR,34 EUR
2026-09-18 12:14,2026-09-18,Fri,weekday,SPH - Treviso Sporting,sph-treviso-sporting,Campo 6,indoor,12:30,lunch,free,46.66 EUR,31 EUR
2026-09-18 12:14,2026-09-18,Fri,weekday,SPH - Treviso Sporting,sph-treviso-sporting,Campo 6,indoor,13:00,lunch,free,50 EUR,34 EUR
2026-09-18 12:14,2026-09-18,Fri,weekday,SPH - Treviso Sporting,sph-treviso-sporting,Campo 6,indoor,13:30,lunch,free,50 EUR,34 EUR
2026-09-18 12:14,2026-09-18,Fri,weekday,SPH - Treviso Sporting,sph-treviso-sporting,Campo 6,indoor,14:00,afternoon,free,50 EUR,34 EUR
2026-09-18 12:14,2026-09-18,Fri,weekday,SPH - Treviso Sporting,sph-treviso-sporting,Campo 7,indoor,12:30,lunch,free,46.66 EUR,31 EUR
2026-09-18 12:14,2026-09-18,Fri,weekday,SPH - Treviso Sporting,sph-treviso-sporting,Campo 7,indoor,13:00,lunch,free,50 EUR,34 EUR
2026-09-18 12:14,2026-09-18,Fri,weekday,SPH - Treviso Sporting,sph-treviso-sporting,Campo 7,indoor,13:30,lunch,free,,34 EUR
2026-09-18 12:14,2026-09-18,Fri,weekday,SPH - Treviso Sporting,sph-treviso-sporting,Campo 7,indoor,14:00,afternoon,free,,
2026-09-18 12:14,2026-09-18,Fri,weekday,SPH - Treviso Sporting,sph-treviso-sporting,Campo 1,outdoor,12:30,lunch,free,40 EUR,28 EUR
2026-09-18 12:14,2026-09-18,Fri,weekday,SPH - Treviso Sporting,sph-treviso-sporting,Campo 1,outdoor,13:00,lunch,free,40 EUR,28 EUR
2026-09-18 12:14,2026-09-18,Fri,weekday,SPH - Treviso Sporting,sph-treviso-sporting,Campo 1,outdoor,13:30,lunch,free,40 EUR,28 EUR
2026-09-18 12:14,2026-09-18,Fri,weekday,SPH - Treviso Sporting,sph-treviso-sporting,Campo 1,outdoor,14:00,afternoon,free,40 EUR,28 EUR
2026-09-18 12:14,2026-09-18,Fri,weekday,SPH - Treviso Sporting,sph-treviso-sporting,Campo 2,outdoor,12:30,lunch,free,40 EUR,28 EUR
2026-09-18 12:14,2026-09-18,Fri,weekday,SPH - Treviso Sporting,sph-treviso-sporting,Campo 2,outdoor,13:00,lunch,free,40 EUR,28 EUR
2026-09-18 12:14,2026-09-18,Fri,weekday,SPH - Treviso Sporting,sph-treviso-sporting,Campo 2,outdoor,13:30,lunch,free,40 EUR,28 EUR
2026-09-18 12:14,2026-09-18,Fri,weekday,SPH - Treviso Sporting,sph-treviso-sporting,Campo 2,outdoor,14:00,afternoon,free,,28 EUR
2026-09-18 12:14,2026-09-18,Fri,weekday,SPH - Treviso Sporting,sph-treviso-sporting,Campo 3,outdoor,12:30,lunch,free,40 EUR,28 EUR
2026-09-18 12:14,2026-09-18,Fri,weekday,SPH - Treviso Sporting,sph-treviso-sporting,Campo 3,outdoor,13:00,lunch,free,40 EUR,28 EUR
2026-09-18 12:14,2026-09-18,Fri,weekday,SPH - Treviso Sporting,sph-treviso-sporting,Campo 3,outdoor,13:30,lunch,free,,28 EUR
2026-09-18 12:14,2026-09-18,Fri,weekday,SPH - Treviso Sporting,sph-treviso-sporting,Campo 3,outdoor,14:00,afternoon,free,40 EUR,
2026-09-18 12:14,2026-09-18,Fri,weekday,Marina Sporting,marina-sporting,Padel 1,outdoor,12:30,lunch,booked,,
2026-09-18 12:14,2026-09-18,Fri,weekday,Marina Sporting,marina-sporting,Padel 1,outdoor,13:00,lunch,booked,,
2026-09-18 12:14,2026-09-18,Fri,weekday,Marina Sporting,marina-sporting,Padel 1,outdoor,13:30,lunch,booked,,
2026-09-18 12:14,2026-09-18,Fri,weekday,Marina Sporting,marina-sporting,Padel 1,outdoor,14:00,afternoon,booked,,
2026-09-18 12:14,2026-09-18,Fri,weekday,Marina Sporting,marina-sporting,Padel 2,outdoor,12:30,lunch,booked,,
2026-09-18 12:14,2026-09-18,Fri,weekday,Marina Sporting,marina-sporting,Padel 2,outdoor,13:00,lunch,free,44 EUR,
2026-09-18 12:14,2026-09-18,Fri,weekday,Marina Sporting,marina-sporting,Padel 2,outdoor,13:30,lunch,free,,
2026-09-18 12:14,2026-09-18,Fri,weekday,Marina Sporting,marina-sporting,Padel 2,outdoor,14:00,afternoon,free,,
2026-09-18 14:59,2026-09-18,Fri,weekday,Sporting Club Mestre,sporting-club-mestre,Campo Giallo,outdoor,15:00,afternoon,free,33.33 EUR,24 EUR
2026-09-18 14:59,2026-09-18,Fri,weekday,Sporting Club Mestre,sporting-club-mestre,Campo Giallo,outdoor,15:30,afternoon,free,34.67 EUR,24 EUR
2026-09-18 14:59,2026-09-18,Fri,weekday,Sporting Club Mestre,sporting-club-mestre,Campo Giallo,outdoor,16:00,afternoon,free,36 EUR,24 EUR
2026-09-18 14:59,2026-09-18,Fri,weekday,Sporting Club Mestre,sporting-club-mestre,Campo Giallo,outdoor,16:30,afternoon,free,36 EUR,24 EUR
2026-09-18 14:59,2026-09-18,Fri,weekday,Sporting Club Mestre,sporting-club-mestre,Campo Rosso,outdoor,15:00,afternoon,booked,,
2026-09-18 14:59,2026-09-18,Fri,weekday,Sporting Club Mestre,sporting-club-mestre,Campo Rosso,outdoor,15:30,afternoon,booked,,
2026-09-18 14:59,2026-09-18,Fri,weekday,Sporting Club Mestre,sporting-club-mestre,Campo Rosso,outdoor,16:00,afternoon,booked,,
2026-09-18 14:59,2026-09-18,Fri,weekday,Sporting Club Mestre,sporting-club-mestre,Campo Rosso,outdoor,16:30,afternoon,booked,,
2026-09-18 14:59,2026-09-18,Fri,weekday,Sporting Club Mestre,sporting-club-mestre,campo coperto 1,indoor,15:00,afternoon,booked,,
2026-09-18 14:59,2026-09-18,Fri,weekday,Sporting Club Mestre,sporting-club-mestre,campo coperto 1,indoor,15:30,afternoon,booked,,
2026-09-18 14:59,2026-09-18,Fri,weekday,Sporting Club Mestre,sporting-club-mestre,campo coperto 1,indoor,16:00,afternoon,booked,,
2026-09-18 14:59,2026-09-18,Fri,weekday,Sporting Club Mestre,sporting-club-mestre,campo coperto 1,indoor,16:30,afternoon,booked,,
2026-09-18 14:59,2026-09-18,Fri,weekday,Sporting Club Mestre,sporting-club-mestre,campo coperto 2,indoor,15:00,afternoon,free,,
2026-09-18 14:59,2026-09-18,Fri,weekday,Sporting Club Mestre,sporting-club-mestre,campo coperto 2,indoor,15:30,afternoon,free,,
2026-09-18 14:59,2026-09-18,Fri,weekday,Sporting Club Mestre,sporting-club-mestre,campo coperto 2,indoor,16:00,afternoon,free,40 EUR,
2026-09-18 14:59,2026-09-18,Fri,weekday,Sporting Club Mestre,sporting-club-mestre,campo coperto 2,indoor,16:30,afternoon,free,,
2026-09-18 14:59,2026-09-18,Fri,weekday,Padel by FitUP di Zero Branco,padel-by-fitup-di-zero-branco,Padel by FitUP 1,indoor,15:00,afternoon,free,40 EUR,
2026-09-18 14:59,2026-09-18,Fri,weekday,Padel by FitUP di Zero Branco,padel-by-fitup-di-zero-branco,Padel by FitUP 1,indoor,15:30,afternoon,free,40 EUR,
2026-09-18 14:59,2026-09-18,Fri,weekday,Padel by FitUP di Zero Branco,padel-by-fitup-di-zero-branco,Padel by FitUP 1,indoor,16:00,afternoon,free,40 EUR,
2026-09-18 14:59,2026-09-18,Fri,weekday,Padel by FitUP di Zero Branco,padel-by-fitup-di-zero-branco,Padel by FitUP 1,indoor,16:30,afternoon,free,40 EUR,
2026-09-18 14:59,2026-09-18,Fri,weekday,Aquafit Padel,aquafit-padel,Padel 1,outdoor,15:00,afternoon,free,,
2026-09-18 14:59,2026-09-18,Fri,weekday,Aquafit Padel,aquafit-padel,Padel 1,outdoor,15:30,afternoon,free,,
2026-09-18 14:59,2026-09-18,Fri,weekday,Aquafit Padel,aquafit-padel,Padel 1,outdoor,16:00,afternoon,booked,,
2026-09-18 14:59,2026-09-18,Fri,weekday,Aquafit Padel,aquafit-padel,Padel 1,outdoor,16:30,afternoon,booked,,
2026-09-18 14:59,2026-09-18,Fri,weekday,Aquafit Padel,aquafit-padel,Padel 2,outdoor,15:00,afternoon,free,40 EUR,
2026-09-18 14:59,2026-09-18,Fri,weekday,Aquafit Padel,aquafit-padel,Padel 2,outdoor,15:30,afternoon,free,40 EUR,
2026-09-18 14:59,2026-09-18,Fri,weekday,Aquafit Padel,aquafit-padel,Padel 2,outdoor,16:00,afternoon,free,,
2026-09-18 14:59,2026-09-18,Fri,weekday,Aquafit Padel,aquafit-padel,Padel 2,outdoor,16:30,afternoon,free,,
2026-09-18 14:59,2026-09-18,Fri,weekday,SPH - Venezia,sph-venezia,Campo 1,indoor,15:00,afternoon,booked,,
2026-09-18 14:59,2026-09-18,Fri,weekday,SPH - Venezia,sph-venezia,Campo 1,indoor,15:30,afternoon,booked,,
2026-09-18 14:59,2026-09-18,Fri,weekday,SPH - Venezia,sph-venezia,Campo 1,indoor,16:00,afternoon,booked,,
2026-09-18 14:59,2026-09-18,Fri,weekday,SPH - Venezia,sph-venezia,Campo 1,indoor,16:30,afternoon,booked,,
2026-09-18 14:59,2026-09-18,Fri,weekday,SPH - Venezia,sph-venezia,Campo 2,indoor,15:00,afternoon,booked,,
2026-09-18 14:59,2026-09-18,Fri,weekday,SPH - Venezia,sph-venezia,Campo 2,indoor,15:30,afternoon,booked,,
2026-09-18 14:59,2026-09-18,Fri,weekday,SPH - Venezia,sph-venezia,Campo 2,indoor,16:00,afternoon,booked,,
2026-09-18 14:59,2026-09-18,Fri,weekday,SPH - Venezia,sph-venezia,Campo 2,indoor,16:30,afternoon,booked,,
2026-09-18 14:59,2026-09-18,Fri,weekday,SPH - Venezia,sph-venezia,Campo 3,indoor,15:00,afternoon,free,48 EUR,
2026-09-18 14:59,2026-09-18,Fri,weekday,SPH - Venezia,sph-venezia,Campo 3,indoor,15:30,afternoon,free,,32 EUR
2026-09-18 14:59,2026-09-18,Fri,weekday,SPH - Venezia,sph-venezia,Campo 3,indoor,16:00,afternoon,free,,
2026-09-18 14:59,2026-09-18,Fri,weekday,SPH - Venezia,sph-venezia,Campo 3,indoor,16:30,afternoon,booked,,
2026-09-18 14:59,2026-09-18,Fri,weekday,SPH - Venezia,sph-venezia,Campo 4 | B3 Capital,indoor,15:00,afternoon,booked,,
2026-09-18 14:59,2026-09-18,Fri,weekday,SPH - Venezia,sph-venezia,Campo 4 | B3 Capital,indoor,15:30,afternoon,booked,,
2026-09-18 14:59,2026-09-18,Fri,weekday,SPH - Venezia,sph-venezia,Campo 4 | B3 Capital,indoor,16:00,afternoon,booked,,
2026-09-18 14:59,2026-09-18,Fri,weekday,SPH - Venezia,sph-venezia,Campo 4 | B3 Capital,indoor,16:30,afternoon,booked,,
2026-09-18 14:59,2026-09-18,Fri,weekday,SPH - Venezia,sph-venezia,Campo 5 | Bassetto Impianti,indoor,15:00,afternoon,free,,32 EUR
2026-09-18 14:59,2026-09-18,Fri,weekday,SPH - Venezia,sph-venezia,Campo 5 | Bassetto Impianti,indoor,15:30,afternoon,free,,
2026-09-18 14:59,2026-09-18,Fri,weekday,SPH - Venezia,sph-venezia,Campo 5 | Bassetto Impianti,indoor,16:00,afternoon,booked,,
2026-09-18 14:59,2026-09-18,Fri,weekday,SPH - Venezia,sph-venezia,Campo 5 | Bassetto Impianti,indoor,16:30,afternoon,booked,,
2026-09-18 16:00,2026-09-18,Fri,weekday,Sporting Club Mestre,sporting-club-mestre,Campo Giallo,outdoor,16:30,afternoon,free,36 EUR,24 EUR
2026-09-18 16:00,2026-09-18,Fri,weekday,Sporting Club Mestre,sporting-club-mestre,Campo Giallo,outdoor,17:00,afternoon,free,36 EUR,24 EUR
2026-09-18 16:00,2026-09-18,Fri,weekday,Sporting Club Mestre,sporting-club-mestre,Campo Giallo,outdoor,17:30,afternoon,free,36 EUR,24 EUR
2026-09-18 16:00,2026-09-18,Fri,weekday,Sporting Club Mestre,sporting-club-mestre,Campo Giallo,outdoor,18:00,evening,free,36 EUR,24 EUR
2026-09-18 16:00,2026-09-18,Fri,weekday,Sporting Club Mestre,sporting-club-mestre,Campo Rosso,outdoor,16:30,afternoon,booked,,
2026-09-18 16:00,2026-09-18,Fri,weekday,Sporting Club Mestre,sporting-club-mestre,Campo Rosso,outdoor,17:00,afternoon,booked,,
2026-09-18 16:00,2026-09-18,Fri,weekday,Sporting Club Mestre,sporting-club-mestre,Campo Rosso,outdoor,17:30,afternoon,booked,,
2026-09-18 16:00,2026-09-18,Fri,weekday,Sporting Club Mestre,sporting-club-mestre,Campo Rosso,outdoor,18:00,evening,booked,,
2026-09-18 16:00,2026-09-18,Fri,weekday,Sporting Club Mestre,sporting-club-mestre,campo coperto 1,indoor,16:30,afternoon,booked,,
2026-09-18 16:00,2026-09-18,Fri,weekday,Sporting Club Mestre,sporting-club-mestre,campo coperto 1,indoor,17:00,afternoon,booked,,
2026-09-18 16:00,2026-09-18,Fri,weekday,Sporting Club Mestre,sporting-club-mestre,campo coperto 1,indoor,17:30,afternoon,booked,,
2026-09-18 16:00,2026-09-18,Fri,weekday,Sporting Club Mestre,sporting-club-mestre,campo coperto 1,indoor,18:00,evening,booked,,
2026-09-18 16:00,2026-09-18,Fri,weekday,Sporting Club Mestre,sporting-club-mestre,campo coperto 2,indoor,16:30,afternoon,free,,
2026-09-18 16:00,2026-09-18,Fri,weekday,Sporting Club Mestre,sporting-club-mestre,campo coperto 2,indoor,17:00,afternoon,free,,
2026-09-18 16:00,2026-09-18,Fri,weekday,Sporting Club Mestre,sporting-club-mestre,campo coperto 2,indoor,17:30,afternoon,free,40 EUR,
2026-09-18 16:00,2026-09-18,Fri,weekday,Sporting Club Mestre,sporting-club-mestre,campo coperto 2,indoor,18:00,evening,free,,
2026-09-18 16:00,2026-09-18,Fri,weekday,Padel by FitUP di Zero Branco,padel-by-fitup-di-zero-branco,Padel by FitUP 1,indoor,16:30,afternoon,free,40 EUR,
2026-09-18 16:00,2026-09-18,Fri,weekday,Padel by FitUP di Zero Branco,padel-by-fitup-di-zero-branco,Padel by FitUP 1,indoor,17:00,afternoon,free,40 EUR,
2026-09-18 16:00,2026-09-18,Fri,weekday,Padel by FitUP di Zero Branco,padel-by-fitup-di-zero-branco,Padel by FitUP 1,indoor,17:30,afternoon,free,,
2026-09-18 16:00,2026-09-18,Fri,weekday,Padel by FitUP di Zero Branco,padel-by-fitup-di-zero-branco,Padel by FitUP 1,indoor,18:00,evening,free,,
2026-09-18 18:00,2026-09-18,Fri,weekday,Sporting Club Mestre,sporting-club-mestre,Campo Giallo,outdoor,18:30,evening,free,36 EUR,24 EUR
2026-09-18 18:00,2026-09-18,Fri,weekday,Sporting Club Mestre,sporting-club-mestre,Campo Giallo,outdoor,19:00,evening,free,,24 EUR
2026-09-18 18:00,2026-09-18,Fri,weekday,Sporting Club Mestre,sporting-club-mestre,Campo Giallo,outdoor,19:30,evening,free,36 EUR,
2026-09-18 18:00,2026-09-18,Fri,weekday,Sporting Club Mestre,sporting-club-mestre,Campo Giallo,outdoor,20:00,evening,free,,24 EUR
2026-09-18 18:00,2026-09-18,Fri,weekday,Sporting Club Mestre,sporting-club-mestre,Campo Rosso,outdoor,18:30,evening,booked,,
2026-09-18 18:00,2026-09-18,Fri,weekday,Sporting Club Mestre,sporting-club-mestre,Campo Rosso,outdoor,19:00,evening,booked,,
2026-09-18 18:00,2026-09-18,Fri,weekday,Sporting Club Mestre,sporting-club-mestre,Campo Rosso,outdoor,19:30,evening,booked,,
2026-09-18 18:00,2026-09-18,Fri,weekday,Sporting Club Mestre,sporting-club-mestre,Campo Rosso,outdoor,20:00,evening,booked,,
2026-09-18 18:00,2026-09-18,Fri,weekday,Sporting Club Mestre,sporting-club-mestre,campo coperto 1,indoor,18:30,evening,booked,,
2026-09-18 18:00,2026-09-18,Fri,weekday,Sporting Club Mestre,sporting-club-mestre,campo coperto 1,indoor,19:00,evening,booked,,
2026-09-18 18:00,2026-09-18,Fri,weekday,Sporting Club Mestre,sporting-club-mestre,campo coperto 1,indoor,19:30,evening,booked,,
2026-09-18 18:00,2026-09-18,Fri,weekday,Sporting Club Mestre,sporting-club-mestre,campo coperto 1,indoor,20:00,evening,booked,,
2026-09-18 18:00,2026-09-18,Fri,weekday,Sporting Club Mestre,sporting-club-mestre,campo coperto 2,indoor,18:30,evening,free,,
2026-09-18 18:00,2026-09-18,Fri,weekday,Sporting Club Mestre,sporting-club-mestre,campo coperto 2,indoor,19:00,evening,free,40 EUR,
2026-09-18 18:00,2026-09-18,Fri,weekday,Sporting Club Mestre,sporting-club-mestre,campo coperto 2,indoor,19:30,evening,free,,
2026-09-18 18:00,2026-09-18,Fri,weekday,Sporting Club Mestre,sporting-club-mestre,campo coperto 2,indoor,20:00,evening,free,,
2026-09-18 18:00,2026-09-18,Fri,weekday,Padel by FitUP di Zero Branco,padel-by-fitup-di-zero-branco,Padel by FitUP 1,indoor,18:30,evening,booked,,
2026-09-18 18:00,2026-09-18,Fri,weekday,Padel by FitUP di Zero Branco,padel-by-fitup-di-zero-branco,Padel by FitUP 1,indoor,19:00,evening,booked,,
2026-09-18 18:00,2026-09-18,Fri,weekday,Padel by FitUP di Zero Branco,padel-by-fitup-di-zero-branco,Padel by FitUP 1,indoor,19:30,evening,booked,,
2026-09-18 18:00,2026-09-18,Fri,weekday,Padel by FitUP di Zero Branco,padel-by-fitup-di-zero-branco,Padel by FitUP 1,indoor,20:00,evening,booked,,
2026-09-18 18:00,2026-09-18,Fri,weekday,Aquafit Padel,aquafit-padel,Padel 1,outdoor,18:30,evening,free,40 EUR,
2026-09-18 18:00,2026-09-18,Fri,weekday,Aquafit Padel,aquafit-padel,Padel 1,outdoor,19:00,evening,free,40 EUR,
2026-09-18 18:00,2026-09-18,Fri,weekday,Aquafit Padel,aquafit-padel,Padel 1,outdoor,19:30,evening,free,40 EUR,
2026-09-18 18:00,2026-09-18,Fri,weekday,Aquafit Padel,aquafit-padel,Padel 1,outdoor,20:00,evening,free,40 EUR,
2026-09-18 18:00,2026-09-18,Fri,weekday,Aquafit Padel,aquafit-padel,Padel 2,outdoor,18:30,evening,free,40 EUR,
2026-09-18 18:00,2026-09-18,Fri,weekday,Aquafit Padel,aquafit-padel,Padel 2,outdoor,19:00,evening,free,40 EUR,
2026-09-18 18:00,2026-09-18,Fri,weekday,Aquafit Padel,aquafit-padel,Padel 2,outdoor,19:30,evening,free,40 EUR,
2026-09-18 18:00,2026-09-18,Fri,weekday,Aquafit Padel,aquafit-padel,Padel 2,outdoor,20:00,evening,free,40 EUR,
2026-09-18 18:00,2026-09-18,Fri,weekday,SPH - Venezia,sph-venezia,Campo 1,indoor,18:30,evening,booked,,
2026-09-18 18:00,2026-09-18,Fri,weekday,SPH - Venezia,sph-venezia,Campo 1,indoor,19:00,evening,booked,,
2026-09-18 18:00,2026-09-18,Fri,weekday,SPH - Venezia,sph-venezia,Campo 1,indoor,19:30,evening,booked,,
2026-09-18 18:00,2026-09-18,Fri,weekday,SPH - Venezia,sph-venezia,Campo 1,indoor,20:00,evening,booked,,
2026-09-18 18:00,2026-09-18,Fri,weekday,SPH - Venezia,sph-venezia,Campo 2,indoor,18:30,evening,free,60 EUR,
2026-09-18 18:00,2026-09-18,Fri,weekday,SPH - Venezia,sph-venezia,Campo 2,indoor,19:00,evening,free,60 EUR,
2026-09-18 18:00,2026-09-18,Fri,weekday,SPH - Venezia,sph-venezia,Campo 2,indoor,19:30,evening,free,,
2026-09-18 18:00,2026-09-18,Fri,weekday,SPH - Venezia,sph-venezia,Campo 2,indoor,20:00,evening,free,60 EUR,
2026-09-18 18:00,2026-09-18,Fri,weekday,SPH - Venezia,sph-venezia,Campo 3,indoor,18:30,evening,free,,
2026-09-18 18:00,2026-09-18,Fri,weekday,SPH - Venezia,sph-venezia,Campo 3,indoor,19:00,evening,free,,
2026-09-18 18:00,2026-09-18,Fri,weekday,SPH - Venezia,sph-venezia,Campo 3,indoor,19:30,evening,booked,,
2026-09-18 18:00,2026-09-18,Fri,weekday,SPH - Venezia,sph-venezia,Campo 3,indoor,20:00,evening,free,60 EUR,
2026-09-18 18:00,2026-09-18,Fri,weekday,SPH - Venezia,sph-venezia,Campo 4 | B3 Capital,indoor,18:30,evening,booked,,
2026-09-18 18:00,2026-09-18,Fri,weekday,SPH - Venezia,sph-venezia,Campo 4 | B3 Capital,indoor,19:00,evening,free,48 EUR,32 EUR
2026-09-18 18:00,2026-09-18,Fri,weekday,SPH - Venezia,sph-venezia,Campo 4 | B3 Capital,indoor,19:30,evening,free,,
2026-09-18 18:00,2026-09-18,Fri,weekday,SPH - Venezia,sph-venezia,Campo 4 | B3 Capital,indoor,20:00,evening,free,52 EUR,
2026-09-18 18:00,2026-09-18,Fri,weekday,SPH - Venezia,sph-venezia,Campo 5 | Bassetto Impianti,indoor,18:30,evening,free,,
2026-09-18 18:00,2026-09-18,Fri,weekday,SPH - Venezia,sph-venezia,Campo 5 | Bassetto Impianti,indoor,19:00,evening,free,60 EUR,
2026-09-18 18:00,2026-09-18,Fri,weekday,SPH - Venezia,sph-venezia,Campo 5 | Bassetto Impianti,indoor,19:30,evening,free,,
2026-09-18 18:00,2026-09-18,Fri,weekday,SPH - Venezia,sph-venezia,Campo 5 | Bassetto Impianti,indoor,20:00,evening,free,60 EUR,
2026-09-18 18:00,2026-09-18,Fri,weekday,Padel Treviso,padel-treviso,1 Esterno,outdoor,18:30,evening,booked,,
2026-09-18 18:00,2026-09-18,Fri,weekday,Padel Treviso,padel-treviso,1 Esterno,outdoor,19:00,evening,free,40 EUR,
2026-09-18 18:00,2026-09-18,Fri,weekday,Padel Treviso,padel-treviso,1 Esterno,outdoor,19:30,evening,free,,
2026-09-18 18:00,2026-09-18,Fri,weekday,Padel Treviso,padel-treviso,1 Esterno,outdoor,20:00,evening,free,,
2026-09-18 18:00,2026-09-18,Fri,weekday,Padel Treviso,padel-treviso,2 Esterno,outdoor,18:30,evening,free,40 EUR,
2026-09-18 18:00,2026-09-18,Fri,weekday,Padel Treviso,padel-treviso,2 Esterno,outdoor,19:00,evening,free,,
2026-09-18 18:00,2026-09-18,Fri,weekday,Padel Treviso,padel-treviso,2 Esterno,outdoor,19:30,evening,free,,
2026-09-18 18:00,2026-09-18,Fri,weekday,Padel Treviso,padel-treviso,2 Esterno,outdoor,20:00,evening,free,40 EUR,
2026-09-18 18:00,2026-09-18,Fri,weekday,Padel Treviso,padel-treviso,3 COPERTO,indoor,18:30,evening,booked,,
2026-09-18 18:00,2026-09-18,Fri,weekday,Padel Treviso,padel-treviso,3 COPERTO,indoor,19:00,evening,booked,,
2026-09-18 18:00,2026-09-18,Fri,weekday,Padel Treviso,padel-treviso,3 COPERTO,indoor,19:30,evening,free,56 EUR,
2026-09-18 18:00,2026-09-18,Fri,weekday,Padel Treviso,padel-treviso,3 COPERTO,indoor,20:00,evening,free,56 EUR,
2026-09-18 18:00,2026-09-18,Fri,weekday,Padel Treviso,padel-treviso,4 COPERTO,indoor,18:30,evening,booked,,
2026-09-18 18:00,2026-09-18,Fri,weekday,Padel Treviso,padel-treviso,4 COPERTO,indoor,19:00,evening,booked,,
2026-09-18 18:00,2026-09-18,Fri,weekday,Padel Treviso,padel-treviso,4 COPERTO,indoor,19:30,evening,free,56 EUR,
2026-09-18 18:00,2026-09-18,Fri,weekday,Padel Treviso,padel-treviso,4 COPERTO,indoor,20:00,evening,free,56 EUR,
2026-09-18 18:00,2026-09-18,Fri,weekday,Padel Treviso,padel-treviso,Kuikma Indoor,indoor,18:30,evening,booked,,
2026-09-18 18:00,2026-09-18,Fri,weekday,Padel Treviso,padel-treviso,Kuikma Indoor,indoor,19:00,evening,booked,,
2026-09-18 18:00,2026-09-18,Fri,weekday,Padel Treviso,padel-treviso,Kuikma Indoor,indoor,19:30,evening,booked,,
2026-09-18 18:00,2026-09-18,Fri,weekday,Padel Treviso,padel-treviso,Kuikma Indoor,indoor,20:00,evening,booked,,
2026-09-18 18:00,2026-09-18,Fri,weekday,Padel Treviso,padel-treviso,6 Indoor,indoor,18:30,evening,free,,
2026-09-18 18:00,2026-09-18,Fri,weekday,Padel Treviso,padel-treviso,6 Indoor,indoor,19:00,evening,free,,
2026-09-18 18:00,2026-09-18,Fri,weekday,Padel Treviso,padel-treviso,6 Indoor,indoor,19:30,evening,booked,,
2026-09-18 18:00,2026-09-18,Fri,weekday,Padel Treviso,padel-treviso,6 Indoor,indoor,20:00,evening,booked,,
2026-09-18 18:00,2026-09-18,Fri,weekday,Padel Treviso,padel-treviso,My Gym City Indoor,indoor,18:30,evening,free,,
2026-09-18 18:00,2026-09-18,Fri,weekday,Padel Treviso,padel-treviso,My Gym City Indoor,indoor,19:00,evening,free,,
2026-09-18 18:00,2026-09-18,Fri,weekday,Padel Treviso,padel-treviso,My Gym City Indoor,indoor,19:30,evening,free,56 EUR,
2026-09-18 18:00,2026-09-18,Fri,weekday,Padel Treviso,padel-treviso,My Gym City Indoor,indoor,20:00,evening,free,,
2026-09-18 18:00,2026-09-18,Fri,weekday,Padel Treviso,padel-treviso,8 Esterno,outdoor,18:30,evening,free,,
2026-09-18 18:00,2026-09-18,Fri,weekday,Padel Treviso,padel-treviso,8 Esterno,outdoor,19:00,evening,free,,
2026-09-18 18:00,2026-09-18,Fri,weekday,Padel Treviso,padel-treviso,8 Esterno,outdoor,19:30,evening,free,40 EUR,
2026-09-18 18:00,2026-09-18,Fri,weekday,Padel Treviso,padel-treviso,8 Esterno,outdoor,20:00,evening,free,,
2026-09-18 18:00,2026-09-18,Fri,weekday,Padel Treviso,padel-treviso,9 Gioielleria Minotto Istrana,indoor,18:30,evening,free,,
2026-09-18 18:00,2026-09-18,Fri,weekday,Padel Treviso,padel-treviso,9 Gioielleria Minotto Istrana,indoor,19:00,evening,booked,,
2026-09-18 18:00,2026-09-18,Fri,weekday,Padel Treviso,padel-treviso,9 Gioielleria Minotto Istrana,indoor,19:30,evening,booked,,
2026-09-18 18:00,2026-09-18,Fri,weekday,Padel Treviso,padel-treviso,9 Gioielleria Minotto Istrana,indoor,20:00,evening,booked,,
2026-09-18 18:00,2026-09-18,Fri,weekday,Padel Treviso,padel-treviso,10 Gioielleria Minotto Istrana,indoor,18:30,evening,booked,,
2026-09-18 18:00,2026-09-18,Fri,weekday,Padel Treviso,padel-treviso,10 Gioielleria Minotto Istrana,indoor,19:00,evening,booked,,
2026-09-18 18:00,2026-09-18,Fri,weekday,Padel Treviso,padel-treviso,10 Gioielleria Minotto Istrana,indoor,19:30,evening,booked,,
2026-09-18 18:00,2026-09-18,Fri,weekday,Padel Treviso,padel-treviso,10 Gioielleria Minotto Istrana,indoor,20:00,evening,booked,,
2026-09-18 18:00,2026-09-18,Fri,weekday,Padel Treviso,padel-treviso,Singolo A Esterno,outdoor,18:30,evening,booked,,
2026-09-18 18:00,2026-09-18,Fri,weekday,Padel Treviso,padel-treviso,Singolo A Esterno,outdoor,19:00,evening,booked,,
2026-09-18 18:00,2026-09-18,Fri,weekday,Padel Treviso,padel-treviso,Singolo A Esterno,outdoor,19:30,evening,free,,20 EUR
2026-09-18 18:00,2026-09-18,Fri,weekday,Padel Treviso,padel-treviso,Singolo A Esterno,outdoor,20:00,evening,free,,
2026-09-18 18:00,2026-09-18,Fri,weekday,Padel Treviso,padel-treviso,Singolo B Esterno,outdoor,18:30,evening,booked,,
2026-09-18 18:00,2026-09-18,Fri,weekday,Padel Treviso,padel-treviso,Singolo B Esterno,outdoor,19:00,evening,free,24 EUR,
2026-09-18 18:00,2026-09-18,Fri,weekday,Padel Treviso,padel-treviso,Singolo B Esterno,outdoor,19:30,evening,free,,
2026-09-18 18:00,2026-09-18,Fri,weekday,Padel Treviso,padel-treviso,Singolo B Esterno,outdoor,20:00,evening,free,,
2026-09-18 18:00,2026-09-18,Fri,weekday,Altino Sport Village,altino-sport-village,Padel 1,indoor,18:30,evening,free,,
2026-09-18 18:00,2026-09-18,Fri,weekday,Altino Sport Village,altino-sport-village,Padel 1,indoor,19:00,evening,free,,40 EUR
2026-09-18 18:00,2026-09-18,Fri,weekday,Altino Sport Village,altino-sport-village,Padel 1,indoor,19:30,evening,free,50 EUR,
2026-09-18 18:00,2026-09-18,Fri,weekday,Altino Sport Village,altino-sport-village,Padel 1,indoor,20:00,evening,free,,40 EUR
2026-09-18 18:00,2026-09-18,Fri,weekday,Altino Sport Village,altino-sport-village,Padel 2,indoor,18:30,evening,booked,,
2026-09-18 18:00,2026-09-18,Fri,weekday,Altino Sport Village,altino-sport-village,Padel 2,indoor,19:00,evening,booked,,
2026-09-18 18:00,2026-09-18,Fri,weekday,Altino Sport Village,altino-sport-village,Padel 2,indoor,19:30,evening,free,50 EUR,
2026-09-18 18:00,2026-09-18,Fri,weekday,Altino Sport Village,altino-sport-village,Padel 2,indoor,20:00,evening,free,,
2026-09-18 18:00,2026-09-18,Fri,weekday,Barchessa Padel e Pikleball,barchessa-pickleball,PADEL 1,indoor,18:30,evening,booked,,
2026-09-18 18:00,2026-09-18,Fri,weekday,Barchessa Padel e Pikleball,barchessa-pickleball,PADEL 1,indoor,19:00,evening,booked,,
2026-09-18 18:00,2026-09-18,Fri,weekday,Barchessa Padel e Pikleball,barchessa-pickleball,PADEL 1,indoor,19:30,evening,booked,,
2026-09-18 18:00,2026-09-18,Fri,weekday,Barchessa Padel e Pikleball,barchessa-pickleball,PADEL 1,indoor,20:00,evening,booked,,
2026-09-18 18:00,2026-09-18,Fri,weekday,Barchessa Padel e Pikleball,barchessa-pickleball,PADEL  2,indoor,18:30,evening,booked,,
2026-09-18 18:00,2026-09-18,Fri,weekday,Barchessa Padel e Pikleball,barchessa-pickleball,PADEL  2,indoor,19:00,evening,booked,,
2026-09-18 18:00,2026-09-18,Fri,weekday,Barchessa Padel e Pikleball,barchessa-pickleball,PADEL  2,indoor,19:30,evening,booked,,
2026-09-18 18:00,2026-09-18,Fri,weekday,Barchessa Padel e Pikleball,barchessa-pickleball,PADEL  2,indoor,20:00,evening,booked,,
2026-09-18 18:00,2026-09-18,Fri,weekday,Barchessa Padel e Pikleball,barchessa-pickleball,PADEL  3,indoor,18:30,evening,booked,,
2026-09-18 18:00,2026-09-18,Fri,weekday,Barchessa Padel e Pikleball,barchessa-pickleball,PADEL  3,indoor,19:00,evening,booked,,
2026-09-18 18:00,2026-09-18,Fri,weekday,Barchessa Padel e Pikleball,barchessa-pickleball,PADEL  3,indoor,19:30,evening,booked,,
2026-09-18 18:00,2026-09-18,Fri,weekday,Barchessa Padel e Pikleball,barchessa-pickleball,PADEL  3,indoor,20:00,evening,booked,,
2026-09-18 18:00,2026-09-18,Fri,weekday,H-FARM CAMPUS,h-farm-campus,Padel 1,outdoor,18:30,evening,free,85 EUR,
2026-09-18 18:00,2026-09-18,Fri,weekday,H-FARM CAMPUS,h-farm-campus,Padel 1,outdoor,19:00,evening,free,,
2026-09-18 18:00,2026-09-18,Fri,weekday,H-FARM CAMPUS,h-farm-campus,Padel 1,outdoor,19:30,evening,free,,
2026-09-18 18:00,2026-09-18,Fri,weekday,H-FARM CAMPUS,h-farm-campus,Padel 1,outdoor,20:00,evening,booked,,
2026-09-18 18:00,2026-09-18,Fri,weekday,H-FARM CAMPUS,h-farm-campus,Padel 2,outdoor,18:30,evening,free,85 EUR,
2026-09-18 18:00,2026-09-18,Fri,weekday,H-FARM CAMPUS,h-farm-campus,Padel 2,outdoor,19:00,evening,free,,
2026-09-18 18:00,2026-09-18,Fri,weekday,H-FARM CAMPUS,h-farm-campus,Padel 2,outdoor,19:30,evening,free,,
2026-09-18 18:00,2026-09-18,Fri,weekday,H-FARM CAMPUS,h-farm-campus,Padel 2,outdoor,20:00,evening,booked,,
2026-09-18 18:00,2026-09-18,Fri,weekday,SPH - Treviso Sporting,sph-treviso-sporting,Campo 4,indoor,18:30,evening,booked,,
2026-09-18 18:00,2026-09-18,Fri,weekday,SPH - Treviso Sporting,sph-treviso-sporting,Campo 4,indoor,19:00,evening,free,50 EUR,
2026-09-18 18:00,2026-09-18,Fri,weekday,SPH - Treviso Sporting,sph-treviso-sporting,Campo 4,indoor,19:30,evening,free,,
2026-09-18 18:00,2026-09-18,Fri,weekday,SPH - Treviso Sporting,sph-treviso-sporting,Campo 4,indoor,20:00,evening,free,,
2026-09-18 18:00,2026-09-18,Fri,weekday,SPH - Treviso Sporting,sph-treviso-sporting,Campo 5,indoor,18:30,evening,booked,,
2026-09-18 18:00,2026-09-18,Fri,weekday,SPH - Treviso Sporting,sph-treviso-sporting,Campo 5,indoor,19:00,evening,booked,,
2026-09-18 18:00,2026-09-18,Fri,weekday,SPH - Treviso Sporting,sph-treviso-sporting,Campo 5,indoor,19:30,evening,booked,,
2026-09-18 18:00,2026-09-18,Fri,weekday,SPH - Treviso Sporting,sph-treviso-sporting,Campo 5,indoor,20:00,evening,booked,,
2026-09-18 18:00,2026-09-18,Fri,weekday,SPH - Treviso Sporting,sph-treviso-sporting,Campo 6,indoor,18:30,evening,booked,,
2026-09-18 18:00,2026-09-18,Fri,weekday,SPH - Treviso Sporting,sph-treviso-sporting,Campo 6,indoor,19:00,evening,booked,,
2026-09-18 18:00,2026-09-18,Fri,weekday,SPH - Treviso Sporting,sph-treviso-sporting,Campo 6,indoor,19:30,evening,booked,,
2026-09-18 18:00,2026-09-18,Fri,weekday,SPH - Treviso Sporting,sph-treviso-sporting,Campo 6,indoor,20:00,evening,booked,,
2026-09-18 18:00,2026-09-18,Fri,weekday,SPH - Treviso Sporting,sph-treviso-sporting,Campo 7,indoor,18:30,evening,booked,,
2026-09-18 18:00,2026-09-18,Fri,weekday,SPH - Treviso Sporting,sph-treviso-sporting,Campo 7,indoor,19:00,evening,booked,,
2026-09-18 18:00,2026-09-18,Fri,weekday,SPH - Treviso Sporting,sph-treviso-sporting,Campo 7,indoor,19:30,evening,booked,,
2026-09-18 18:00,2026-09-18,Fri,weekday,SPH - Treviso Sporting,sph-treviso-sporting,Campo 7,indoor,20:00,evening,booked,,
2026-09-18 18:00,2026-09-18,Fri,weekday,SPH - Treviso Sporting,sph-treviso-sporting,Campo 1,outdoor,18:30,evening,free,,
2026-09-18 18:00,2026-09-18,Fri,weekday,SPH - Treviso Sporting,sph-treviso-sporting,Campo 1,outdoor,19:00,evening,free,48 EUR,
2026-09-18 18:00,2026-09-18,Fri,weekday,SPH - Treviso Sporting,sph-treviso-sporting,Campo 1,outdoor,19:30,evening,free,,
2026-09-18 18:00,2026-09-18,Fri,weekday,SPH - Treviso Sporting,sph-treviso-sporting,Campo 1,outdoor,20:00,evening,free,,
2026-09-18 18:00,2026-09-18,Fri,weekday,SPH - Treviso Sporting,sph-treviso-sporting,Campo 2,outdoor,18:30,evening,free,,
2026-09-18 18:00,2026-09-18,Fri,weekday,SPH - Treviso Sporting,sph-treviso-sporting,Campo 2,outdoor,19:00,evening,free,48 EUR,
2026-09-18 18:00,2026-09-18,Fri,weekday,SPH - Treviso Sporting,sph-treviso-sporting,Campo 2,outdoor,19:30,evening,free,,
2026-09-18 18:00,2026-09-18,Fri,weekday,SPH - Treviso Sporting,sph-treviso-sporting,Campo 2,outdoor,20:00,evening,free,,
2026-09-18 18:00,2026-09-18,Fri,weekday,SPH - Treviso Sporting,sph-treviso-sporting,Campo 3,outdoor,18:30,evening,free,48 EUR,
2026-09-18 18:00,2026-09-18,Fri,weekday,SPH - Treviso Sporting,sph-treviso-sporting,Campo 3,outdoor,19:00,evening,free,,
2026-09-18 18:00,2026-09-18,Fri,weekday,SPH - Treviso Sporting,sph-treviso-sporting,Campo 3,outdoor,19:30,evening,free,,
2026-09-18 18:00,2026-09-18,Fri,weekday,SPH - Treviso Sporting,sph-treviso-sporting,Campo 3,outdoor,20:00,evening,booked,,
2026-09-18 18:00,2026-09-18,Fri,weekday,Marina Sporting,marina-sporting,Padel 1,outdoor,18:30,evening,free,,
2026-09-18 18:00,2026-09-18,Fri,weekday,Marina Sporting,marina-sporting,Padel 1,outdoor,19:00,evening,booked,,
2026-09-18 18:00,2026-09-18,Fri,weekday,Marina Sporting,marina-sporting,Padel 1,outdoor,19:30,evening,booked,,
2026-09-18 18:00,2026-09-18,Fri,weekday,Marina Sporting,marina-sporting,Padel 1,outdoor,20:00,evening,booked,,
2026-09-18 18:00,2026-09-18,Fri,weekday,Marina Sporting,marina-sporting,Padel 2,outdoor,18:30,evening,free,,
2026-09-18 18:00,2026-09-18,Fri,weekday,Marina Sporting,marina-sporting,Padel 2,outdoor,19:00,evening,booked,,
2026-09-18 18:00,2026-09-18,Fri,weekday,Marina Sporting,marina-sporting,Padel 2,outdoor,19:30,evening,booked,,
2026-09-18 18:00,2026-09-18,Fri,weekday,Marina Sporting,marina-sporting,Padel 2,outdoor,20:00,evening,booked,,
2026-09-18 21:54,2026-09-18,Fri,weekday,Sporting Club Mestre,sporting-club-mestre,Campo Giallo,outdoor,22:00,evening,booked,,
2026-09-18 21:54,2026-09-18,Fri,weekday,Sporting Club Mestre,sporting-club-mestre,Campo Giallo,outdoor,22:30,evening,booked,,
2026-09-18 21:54,2026-09-18,Fri,weekday,Sporting Club Mestre,sporting-club-mestre,Campo Rosso,outdoor,22:00,evening,booked,,
2026-09-18 21:54,2026-09-18,Fri,weekday,Sporting Club Mestre,sporting-club-mestre,Campo Rosso,outdoor,22:30,evening,booked,,
2026-09-18 21:54,2026-09-18,Fri,weekday,Sporting Club Mestre,sporting-club-mestre,campo coperto 1,indoor,22:00,evening,booked,,
2026-09-18 21:54,2026-09-18,Fri,weekday,Sporting Club Mestre,sporting-club-mestre,campo coperto 1,indoor,22:30,evening,booked,,
2026-09-18 21:54,2026-09-18,Fri,weekday,Sporting Club Mestre,sporting-club-mestre,campo coperto 2,indoor,22:00,evening,booked,,
2026-09-18 21:54,2026-09-18,Fri,weekday,Sporting Club Mestre,sporting-club-mestre,campo coperto 2,indoor,22:30,evening,booked,,
2026-09-18 21:54,2026-09-18,Fri,weekday,Aquafit Padel,aquafit-padel,Padel 1,outdoor,22:00,evening,booked,,
2026-09-18 21:54,2026-09-18,Fri,weekday,Aquafit Padel,aquafit-padel,Padel 1,outdoor,22:30,evening,booked,,
2026-09-18 21:54,2026-09-18,Fri,weekday,Aquafit Padel,aquafit-padel,Padel 1,outdoor,23:00,evening,booked,,
2026-09-18 21:54,2026-09-18,Fri,weekday,Aquafit Padel,aquafit-padel,Padel 1,outdoor,23:30,evening,booked,,
2026-09-18 21:54,2026-09-18,Fri,weekday,Aquafit Padel,aquafit-padel,Padel 2,outdoor,22:00,evening,booked,,
2026-09-18 21:54,2026-09-18,Fri,weekday,Aquafit Padel,aquafit-padel,Padel 2,outdoor,22:30,evening,booked,,
2026-09-18 21:54,2026-09-18,Fri,weekday,Aquafit Padel,aquafit-padel,Padel 2,outdoor,23:00,evening,booked,,
2026-09-18 21:54,2026-09-18,Fri,weekday,Aquafit Padel,aquafit-padel,Padel 2,outdoor,23:30,evening,booked,,
2026-09-18 21:54,2026-09-18,Fri,weekday,SPH - Venezia,sph-venezia,Campo 1,indoor,22:00,evening,booked,,
2026-09-18 21:54,2026-09-18,Fri,weekday,SPH - Venezia,sph-venezia,Campo 1,indoor,22:30,evening,booked,,
2026-09-18 21:54,2026-09-18,Fri,weekday,SPH - Venezia,sph-venezia,Campo 1,indoor,23:00,evening,booked,,
2026-09-18 21:54,2026-09-18,Fri,weekday,SPH - Venezia,sph-venezia,Campo 2,indoor,22:00,evening,booked,,
2026-09-18 21:54,2026-09-18,Fri,weekday,SPH - Venezia,sph-venezia,Campo 2,indoor,22:30,evening,booked,,
2026-09-18 21:54,2026-09-18,Fri,weekday,SPH - Venezia,sph-venezia,Campo 2,indoor,23:00,evening,booked,,
2026-09-18 21:54,2026-09-18,Fri,weekday,SPH - Venezia,sph-venezia,Campo 3,indoor,22:00,evening,booked,,
2026-09-18 21:54,2026-09-18,Fri,weekday,SPH - Venezia,sph-venezia,Campo 3,indoor,22:30,evening,booked,,
2026-09-18 21:54,2026-09-18,Fri,weekday,SPH - Venezia,sph-venezia,Campo 3,indoor,23:00,evening,booked,,
2026-09-18 21:54,2026-09-18,Fri,weekday,SPH - Venezia,sph-venezia,Campo 4 | B3 Capital,indoor,22:00,evening,booked,,
2026-09-18 21:54,2026-09-18,Fri,weekday,SPH - Venezia,sph-venezia,Campo 4 | B3 Capital,indoor,22:30,evening,booked,,
2026-09-18 21:54,2026-09-18,Fri,weekday,SPH - Venezia,sph-venezia,Campo 4 | B3 Capital,indoor,23:00,evening,booked,,
2026-09-18 21:54,2026-09-18,Fri,weekday,SPH - Venezia,sph-venezia,Campo 5 | Bassetto Impianti,indoor,22:00,evening,booked,,
2026-09-18 21:54,2026-09-18,Fri,weekday,SPH - Venezia,sph-venezia,Campo 5 | Bassetto Impianti,indoor,22:30,evening,booked,,
2026-09-18 21:54,2026-09-18,Fri,weekday,SPH - Venezia,sph-venezia,Campo 5 | Bassetto Impianti,indoor,23:00,evening,booked,,
2026-09-18 21:54,2026-09-18,Fri,weekday,Padel Treviso,padel-treviso,1 Esterno,outdoor,22:00,evening,booked,,
2026-09-18 21:54,2026-09-18,Fri,weekday,Padel Treviso,padel-treviso,1 Esterno,outdoor,22:30,evening,booked,,
2026-09-18 21:54,2026-09-18,Fri,weekday,Padel Treviso,padel-treviso,1 Esterno,outdoor,23:00,evening,booked,,
2026-09-18 21:54,2026-09-18,Fri,weekday,Padel Treviso,padel-treviso,1 Esterno,outdoor,23:30,evening,booked,,
2026-09-18 21:54,2026-09-18,Fri,weekday,Padel Treviso,padel-treviso,2 Esterno,outdoor,22:00,evening,booked,,
2026-09-18 21:54,2026-09-18,Fri,weekday,Padel Treviso,padel-treviso,2 Esterno,outdoor,22:30,evening,booked,,
2026-09-18 21:54,2026-09-18,Fri,weekday,Padel Treviso,padel-treviso,2 Esterno,outdoor,23:00,evening,booked,,
2026-09-18 21:54,2026-09-18,Fri,weekday,Padel Treviso,padel-treviso,2 Esterno,outdoor,23:30,evening,booked,,
2026-09-18 21:54,2026-09-18,Fri,weekday,Padel Treviso,padel-treviso,3 COPERTO,indoor,22:00,evening,booked,,
2026-09-18 21:54,2026-09-18,Fri,weekday,Padel Treviso,padel-treviso,3 COPERTO,indoor,22:30,evening,booked,,
2026-09-18 21:54,2026-09-18,Fri,weekday,Padel Treviso,padel-treviso,3 COPERTO,indoor,23:00,evening,booked,,
2026-09-18 21:54,2026-09-18,Fri,weekday,Padel Treviso,padel-treviso,3 COPERTO,indoor,23:30,evening,booked,,
2026-09-18 21:54,2026-09-18,Fri,weekday,Padel Treviso,padel-treviso,4 COPERTO,indoor,22:00,evening,booked,,
2026-09-18 21:54,2026-09-18,Fri,weekday,Padel Treviso,padel-treviso,4 COPERTO,indoor,22:30,evening,booked,,
2026-09-18 21:54,2026-09-18,Fri,weekday,Padel Treviso,padel-treviso,4 COPERTO,indoor,23:00,evening,booked,,
2026-09-18 21:54,2026-09-18,Fri,weekday,Padel Treviso,padel-treviso,4 COPERTO,indoor,23:30,evening,booked,,
2026-09-18 21:54,2026-09-18,Fri,weekday,Padel Treviso,padel-treviso,Kuikma Indoor,indoor,22:00,evening,booked,,
2026-09-18 21:54,2026-09-18,Fri,weekday,Padel Treviso,padel-treviso,Kuikma Indoor,indoor,22:30,evening,booked,,
2026-09-18 21:54,2026-09-18,Fri,weekday,Padel Treviso,padel-treviso,Kuikma Indoor,indoor,23:00,evening,booked,,
2026-09-18 21:54,2026-09-18,Fri,weekday,Padel Treviso,padel-treviso,Kuikma Indoor,indoor,23:30,evening,booked,,
2026-09-18 21:54,2026-09-18,Fri,weekday,Padel Treviso,padel-treviso,6 Indoor,indoor,22:00,evening,booked,,
2026-09-18 21:54,2026-09-18,Fri,weekday,Padel Treviso,padel-treviso,6 Indoor,indoor,22:30,evening,booked,,
2026-09-18 21:54,2026-09-18,Fri,weekday,Padel Treviso,padel-treviso,6 Indoor,indoor,23:00,evening,booked,,
2026-09-18 21:54,2026-09-18,Fri,weekday,Padel Treviso,padel-treviso,6 Indoor,indoor,23:30,evening,booked,,
2026-09-18 21:54,2026-09-18,Fri,weekday,Padel Treviso,padel-treviso,My Gym City Indoor,indoor,22:00,evening,booked,,
2026-09-18 21:54,2026-09-18,Fri,weekday,Padel Treviso,padel-treviso,My Gym City Indoor,indoor,22:30,evening,booked,,
2026-09-18 21:54,2026-09-18,Fri,weekday,Padel Treviso,padel-treviso,My Gym City Indoor,indoor,23:00,evening,booked,,
2026-09-18 21:54,2026-09-18,Fri,weekday,Padel Treviso,padel-treviso,My Gym City Indoor,indoor,23:30,evening,booked,,
2026-09-18 21:54,2026-09-18,Fri,weekday,Padel Treviso,padel-treviso,8 Esterno,outdoor,22:00,evening,booked,,
2026-09-18 21:54,2026-09-18,Fri,weekday,Padel Treviso,padel-treviso,8 Esterno,outdoor,22:30,evening,booked,,
2026-09-18 21:54,2026-09-18,Fri,weekday,Padel Treviso,padel-treviso,8 Esterno,outdoor,23:00,evening,booked,,
2026-09-18 21:54,2026-09-18,Fri,weekday,Padel Treviso,padel-treviso,8 Esterno,outdoor,23:30,evening,booked,,
2026-09-18 21:54,2026-09-18,Fri,weekday,Padel Treviso,padel-treviso,9 Gioielleria Minotto Istrana,indoor,22:00,evening,booked,,
2026-09-18 21:54,2026-09-18,Fri,weekday,Padel Treviso,padel-treviso,9 Gioielleria Minotto Istrana,indoor,22:30,evening,booked,,
2026-09-18 21:54,2026-09-18,Fri,weekday,Padel Treviso,padel-treviso,9 Gioielleria Minotto Istrana,indoor,23:00,evening,booked,,
2026-09-18 21:54,2026-09-18,Fri,weekday,Padel Treviso,padel-treviso,9 Gioielleria Minotto Istrana,indoor,23:30,evening,booked,,
2026-09-18 21:54,2026-09-18,Fri,weekday,Padel Treviso,padel-treviso,10 Gioielleria Minotto Istrana,indoor,22:00,evening,booked,,
2026-09-18 21:54,2026-09-18,Fri,weekday,Padel Treviso,padel-treviso,10 Gioielleria Minotto Istrana,indoor,22:30,evening,booked,,
2026-09-18 21:54,2026-09-18,Fri,weekday,Padel Treviso,padel-treviso,10 Gioielleria Minotto Istrana,indoor,23:00,evening,booked,,
2026-09-18 21:54,2026-09-18,Fri,weekday,Padel Treviso,padel-treviso,10 Gioielleria Minotto Istrana,indoor,23:30,evening,booked,,
2026-09-18 21:54,2026-09-18,Fri,weekday,Padel Treviso,padel-treviso,Singolo A Esterno,outdoor,22:00,evening,booked,,
2026-09-18 21:54,2026-09-18,Fri,weekday,Padel Treviso,padel-treviso,Singolo A Esterno,outdoor,22:30,evening,booked,,
2026-09-18 21:54,2026-09-18,Fri,weekday,Padel Treviso,padel-treviso,Singolo A Esterno,outdoor,23:00,evening,booked,,
2026-09-18 21:54,2026-09-18,Fri,weekday,Padel Treviso,padel-treviso,Singolo A Esterno,outdoor,23:30,evening,booked,,
2026-09-18 21:54,2026-09-18,Fri,weekday,Padel Treviso,padel-treviso,Singolo B Esterno,outdoor,22:00,evening,booked,,
2026-09-18 21:54,2026-09-18,Fri,weekday,Padel Treviso,padel-treviso,Singolo B Esterno,outdoor,22:30,evening,booked,,
2026-09-18 21:54,2026-09-18,Fri,weekday,Padel Treviso,padel-treviso,Singolo B Esterno,outdoor,23:00,evening,booked,,
2026-09-18 21:54,2026-09-18,Fri,weekday,Padel Treviso,padel-treviso,Singolo B Esterno,outdoor,23:30,evening,booked,,
2026-09-18 21:54,2026-09-18,Fri,weekday,Altino Sport Village,altino-sport-village,Padel 1,indoor,22:00,evening,booked,,
2026-09-18 21:54,2026-09-18,Fri,weekday,Altino Sport Village,altino-sport-village,Padel 1,indoor,22:30,evening,booked,,
2026-09-18 21:54,2026-09-18,Fri,weekday,Altino Sport Village,altino-sport-village,Padel 1,indoor,23:00,evening,booked,,
2026-09-18 21:54,2026-09-18,Fri,weekday,Altino Sport Village,altino-sport-village,Padel 2,indoor,22:00,evening,booked,,
2026-09-18 21:54,2026-09-18,Fri,weekday,Altino Sport Village,altino-sport-village,Padel 2,indoor,22:30,evening,booked,,
2026-09-18 21:54,2026-09-18,Fri,weekday,Altino Sport Village,altino-sport-village,Padel 2,indoor,23:00,evening,booked,,
2026-09-18 21:54,2026-09-18,Fri,weekday,Barchessa Padel e Pikleball,barchessa-pickleball,PADEL 1,indoor,22:00,evening,booked,,
2026-09-18 21:54,2026-09-18,Fri,weekday,Barchessa Padel e Pikleball,barchessa-pickleball,PADEL  2,indoor,22:00,evening,booked,,
2026-09-18 21:54,2026-09-18,Fri,weekday,Barchessa Padel e Pikleball,barchessa-pickleball,PADEL  3,indoor,22:00,evening,booked,,
2026-09-18 21:54,2026-09-18,Fri,weekday,SPH - Treviso Sporting,sph-treviso-sporting,Campo 4,indoor,22:00,evening,booked,,
2026-09-18 21:54,2026-09-18,Fri,weekday,SPH - Treviso Sporting,sph-treviso-sporting,Campo 4,indoor,22:30,evening,booked,,
2026-09-18 21:54,2026-09-18,Fri,weekday,SPH - Treviso Sporting,sph-treviso-sporting,Campo 5,indoor,22:00,evening,booked,,
2026-09-18 21:54,2026-09-18,Fri,weekday,SPH - Treviso Sporting,sph-treviso-sporting,Campo 5,indoor,22:30,evening,booked,,
2026-09-18 21:54,2026-09-18,Fri,weekday,SPH - Treviso Sporting,sph-treviso-sporting,Campo 6,indoor,22:00,evening,booked,,
2026-09-18 21:54,2026-09-18,Fri,weekday,SPH - Treviso Sporting,sph-treviso-sporting,Campo 6,indoor,22:30,evening,booked,,
2026-09-18 21:54,2026-09-18,Fri,weekday,SPH - Treviso Sporting,sph-treviso-sporting,Campo 7,indoor,22:00,evening,booked,,
2026-09-18 21:54,2026-09-18,Fri,weekday,SPH - Treviso Sporting,sph-treviso-sporting,Campo 7,indoor,22:30,evening,booked,,
2026-09-18 21:54,2026-09-18,Fri,weekday,SPH - Treviso Sporting,sph-treviso-sporting,Campo 1,outdoor,22:00,evening,booked,,
2026-09-18 21:54,2026-09-18,Fri,weekday,SPH - Treviso Sporting,sph-treviso-sporting,Campo 1,outdoor,22:30,evening,booked,,
2026-09-18 21:54,2026-09-18,Fri,weekday,SPH - Treviso Sporting,sph-treviso-sporting,Campo 2,outdoor,22:00,evening,booked,,
2026-09-18 21:54,2026-09-18,Fri,weekday,SPH - Treviso Sporting,sph-treviso-sporting,Campo 2,outdoor,22:30,evening,booked,,
2026-09-18 21:54,2026-09-18,Fri,weekday,SPH - Treviso Sporting,sph-treviso-sporting,Campo 3,outdoor,22:00,evening,booked,,
2026-09-18 21:54,2026-09-18,Fri,weekday,SPH - Treviso Sporting,sph-treviso-sporting,Campo 3,outdoor,22:30,evening,booked,,
2026-09-19 10:54,2026-09-19,Sat,weekend,Sporting Club Mestre,sporting-club-mestre,Campo Giallo,outdoor,11:00,morning,booked,,
2026-09-19 10:54,2026-09-19,Sat,weekend,Sporting Club Mestre,sporting-club-mestre,Campo Giallo,outdoor,11:30,morning,booked,,
2026-09-19 10:54,2026-09-19,Sat,weekend,Sporting Club Mestre,sporting-club-mestre,Campo Giallo,outdoor,12:00,lunch,free,32 EUR,24 EUR
2026-09-19 10:54,2026-09-19,Sat,weekend,Sporting Club Mestre,sporting-club-mestre,Campo Giallo,outdoor,12:30,lunch,free,32 EUR,24 EUR
2026-09-19 10:54,2026-09-19,Sat,weekend,Sporting Club Mestre,sporting-club-mestre,Campo Rosso,outdoor,11:00,morning,booked,,
2026-09-19 10:54,2026-09-19,Sat,weekend,Sporting Club Mestre,sporting-club-mestre,Campo Rosso,outdoor,11:30,morning,booked,,
2026-09-19 10:54,2026-09-19,Sat,weekend,Sporting Club Mestre,sporting-club-mestre,Campo Rosso,outdoor,12:00,lunch,booked,,
2026-09-19 10:54,2026-09-19,Sat,weekend,Sporting Club Mestre,sporting-club-mestre,Campo Rosso,outdoor,12:30,lunch,booked,,
2026-09-19 10:54,2026-09-19,Sat,weekend,Sporting Club Mestre,sporting-club-mestre,campo coperto 1,indoor,11:00,morning,free,,
2026-09-19 10:54,2026-09-19,Sat,weekend,Sporting Club Mestre,sporting-club-mestre,campo coperto 1,indoor,11:30,morning,free,40 EUR,
2026-09-19 10:54,2026-09-19,Sat,weekend,Sporting Club Mestre,sporting-club-mestre,campo coperto 1,indoor,12:00,lunch,free,,
2026-09-19 10:54,2026-09-19,Sat,weekend,Sporting Club Mestre,sporting-club-mestre,campo coperto 1,indoor,12:30,lunch,free,,
2026-09-19 10:54,2026-09-19,Sat,weekend,Sporting Club Mestre,sporting-club-mestre,campo coperto 2,indoor,11:00,morning,free,,
2026-09-19 10:54,2026-09-19,Sat,weekend,Sporting Club Mestre,sporting-club-mestre,campo coperto 2,indoor,11:30,morning,free,40 EUR,
2026-09-19 10:54,2026-09-19,Sat,weekend,Sporting Club Mestre,sporting-club-mestre,campo coperto 2,indoor,12:00,lunch,free,,
2026-09-19 10:54,2026-09-19,Sat,weekend,Sporting Club Mestre,sporting-club-mestre,campo coperto 2,indoor,12:30,lunch,free,,
2026-09-19 10:54,2026-09-19,Sat,weekend,Padel by FitUP di Zero Branco,padel-by-fitup-di-zero-branco,Padel by FitUP 1,indoor,11:00,morning,booked,,
2026-09-19 10:54,2026-09-19,Sat,weekend,Padel by FitUP di Zero Branco,padel-by-fitup-di-zero-branco,Padel by FitUP 1,indoor,11:30,morning,booked,,
2026-09-19 10:54,2026-09-19,Sat,weekend,Padel by FitUP di Zero Branco,padel-by-fitup-di-zero-branco,Padel by FitUP 1,indoor,12:00,lunch,booked,,
2026-09-19 10:54,2026-09-19,Sat,weekend,Padel by FitUP di Zero Branco,padel-by-fitup-di-zero-branco,Padel by FitUP 1,indoor,12:30,lunch,booked,,
2026-09-19 10:54,2026-09-19,Sat,weekend,Aquafit Padel,aquafit-padel,Padel 1,outdoor,11:00,morning,booked,,
2026-09-19 10:54,2026-09-19,Sat,weekend,Aquafit Padel,aquafit-padel,Padel 1,outdoor,11:30,morning,booked,,
2026-09-19 10:54,2026-09-19,Sat,weekend,Aquafit Padel,aquafit-padel,Padel 1,outdoor,12:00,lunch,booked,,
2026-09-19 10:54,2026-09-19,Sat,weekend,Aquafit Padel,aquafit-padel,Padel 1,outdoor,12:30,lunch,booked,,
2026-09-19 10:54,2026-09-19,Sat,weekend,Aquafit Padel,aquafit-padel,Padel 2,outdoor,11:00,morning,booked,,
2026-09-19 10:54,2026-09-19,Sat,weekend,Aquafit Padel,aquafit-padel,Padel 2,outdoor,11:30,morning,booked,,
2026-09-19 10:54,2026-09-19,Sat,weekend,Aquafit Padel,aquafit-padel,Padel 2,outdoor,12:00,lunch,booked,,
2026-09-19 10:54,2026-09-19,Sat,weekend,Aquafit Padel,aquafit-padel,Padel 2,outdoor,12:30,lunch,booked,,
2026-09-19 10:54,2026-09-19,Sat,weekend,SPH - Venezia,sph-venezia,Campo 1,indoor,11:00,morning,booked,,
2026-09-19 10:54,2026-09-19,Sat,weekend,SPH - Venezia,sph-venezia,Campo 1,indoor,11:30,morning,booked,,
2026-09-19 10:54,2026-09-19,Sat,weekend,SPH - Venezia,sph-venezia,Campo 1,indoor,12:00,lunch,free,48 EUR,32 EUR
2026-09-19 10:54,2026-09-19,Sat,weekend,SPH - Venezia,sph-venezia,Campo 1,indoor,12:30,lunch,free,,
2026-09-19 10:54,2026-09-19,Sat,weekend,SPH - Venezia,sph-venezia,Campo 2,indoor,11:00,morning,free,48 EUR,32 EUR
2026-09-19 10:54,2026-09-19,Sat,weekend,SPH - Venezia,sph-venezia,Campo 2,indoor,11:30,morning,free,48 EUR,32 EUR
2026-09-19 10:54,2026-09-19,Sat,weekend,SPH - Venezia,sph-venezia,Campo 2,indoor,12:00,lunch,free,48 EUR,32 EUR
2026-09-19 10:54,2026-09-19,Sat,weekend,SPH - Venezia,sph-venezia,Campo 2,indoor,12:30,lunch,free,48 EUR,32 EUR
2026-09-19 10:54,2026-09-19,Sat,weekend,SPH - Venezia,sph-venezia,Campo 3,indoor,11:00,morning,free,48 EUR,32 EUR
2026-09-19 10:54,2026-09-19,Sat,weekend,SPH - Venezia,sph-venezia,Campo 3,indoor,11:30,morning,free,48 EUR,32 EUR
2026-09-19 10:54,2026-09-19,Sat,weekend,SPH - Venezia,sph-venezia,Campo 3,indoor,12:00,lunch,free,48 EUR,32 EUR
2026-09-19 10:54,2026-09-19,Sat,weekend,SPH - Venezia,sph-venezia,Campo 3,indoor,12:30,lunch,free,48 EUR,32 EUR
2026-09-19 10:54,2026-09-19,Sat,weekend,SPH - Venezia,sph-venezia,Campo 4 | B3 Capital,indoor,11:00,morning,free,48 EUR,32 EUR
2026-09-19 10:54,2026-09-19,Sat,weekend,SPH - Venezia,sph-venezia,Campo 4 | B3 Capital,indoor,11:30,morning,free,48 EUR,32 EUR
2026-09-19 10:54,2026-09-19,Sat,weekend,SPH - Venezia,sph-venezia,Campo 4 | B3 Capital,indoor,12:00,lunch,free,48 EUR,32 EUR
2026-09-19 10:54,2026-09-19,Sat,weekend,SPH - Venezia,sph-venezia,Campo 4 | B3 Capital,indoor,12:30,lunch,free,48 EUR,32 EUR
2026-09-19 10:54,2026-09-19,Sat,weekend,SPH - Venezia,sph-venezia,Campo 5 | Bassetto Impianti,indoor,11:00,morning,free,,32 EUR
2026-09-19 10:54,2026-09-19,Sat,weekend,SPH - Venezia,sph-venezia,Campo 5 | Bassetto Impianti,indoor,11:30,morning,free,48 EUR,
2026-09-19 10:54,2026-09-19,Sat,weekend,SPH - Venezia,sph-venezia,Campo 5 | Bassetto Impianti,indoor,12:00,lunch,free,,32 EUR
2026-09-19 10:54,2026-09-19,Sat,weekend,SPH - Venezia,sph-venezia,Campo 5 | Bassetto Impianti,indoor,12:30,lunch,free,,
2026-09-19 10:54,2026-09-19,Sat,weekend,Padel Treviso,padel-treviso,1 Esterno,outdoor,11:00,morning,free,40 EUR,32 EUR
2026-09-19 10:54,2026-09-19,Sat,weekend,Padel Treviso,padel-treviso,1 Esterno,outdoor,11:30,morning,free,40 EUR,32 EUR
2026-09-19 10:54,2026-09-19,Sat,weekend,Padel Treviso,padel-treviso,1 Esterno,outdoor,12:00,lunch,free,40 EUR,32 EUR
2026-09-19 10:54,2026-09-19,Sat,weekend,Padel Treviso,padel-treviso,1 Esterno,outdoor,12:30,lunch,free,40 EUR,32 EUR
2026-09-19 10:54,2026-09-19,Sat,weekend,Padel Treviso,padel-treviso,2 Esterno,outdoor,11:00,morning,free,40 EUR,
2026-09-19 10:54,2026-09-19,Sat,weekend,Padel Treviso,padel-treviso,2 Esterno,outdoor,11:30,morning,free,,
2026-09-19 10:54,2026-09-19,Sat,weekend,Padel Treviso,padel-treviso,2 Esterno,outdoor,12:00,lunch,free,,
2026-09-19 10:54,2026-09-19,Sat,weekend,Padel Treviso,padel-treviso,2 Esterno,outdoor,12:30,lunch,free,40 EUR,
2026-09-19 10:54,2026-09-19,Sat,weekend,Padel Treviso,padel-treviso,3 COPERTO,indoor,11:00,morning,free,56 EUR,
2026-09-19 10:54,2026-09-19,Sat,weekend,Padel Treviso,padel-treviso,3 COPERTO,indoor,11:30,morning,free,,
2026-09-19 10:54,2026-09-19,Sat,weekend,Padel Treviso,padel-treviso,3 COPERTO,indoor,12:00,lunch,free,,
2026-09-19 10:54,2026-09-19,Sat,weekend,Padel Treviso,padel-treviso,3 COPERTO,indoor,12:30,lunch,free,56 EUR,
2026-09-19 10:54,2026-09-19,Sat,weekend,Padel Treviso,padel-treviso,4 COPERTO,indoor,11:00,morning,free,56 EUR,
2026-09-19 10:54,2026-09-19,Sat,weekend,Padel Treviso,padel-treviso,4 COPERTO,indoor,11:30,morning,free,,
2026-09-19 10:54,2026-09-19,Sat,weekend,Padel Treviso,padel-treviso,4 COPERTO,indoor,12:00,lunch,free,,
2026-09-19 10:54,2026-09-19,Sat,weekend,Padel Treviso,padel-treviso,4 COPERTO,indoor,12:30,lunch,free,56 EUR,
2026-09-19 10:54,2026-09-19,Sat,weekend,Padel Treviso,padel-treviso,Kuikma Indoor,indoor,11:00,morning,free,,
2026-09-19 10:54,2026-09-19,Sat,weekend,Padel Treviso,padel-treviso,Kuikma Indoor,indoor,11:30,morning,free,,
2026-09-19 10:54,2026-09-19,Sat,weekend,Padel Treviso,padel-treviso,Kuikma Indoor,indoor,12:00,lunch,free,56 EUR,
2026-09-19 10:54,2026-09-19,Sat,weekend,Padel Treviso,padel-treviso,Kuikma Indoor,indoor,12:30,lunch,free,,
2026-09-19 10:54,2026-09-19,Sat,weekend,Padel Treviso,padel-treviso,6 Indoor,indoor,11:00,morning,free,,
2026-09-19 10:54,2026-09-19,Sat,weekend,Padel Treviso,padel-treviso,6 Indoor,indoor,11:30,morning,free,,
2026-09-19 10:54,2026-09-19,Sat,weekend,Padel Treviso,padel-treviso,6 Indoor,indoor,12:00,lunch,free,56 EUR,
2026-09-19 10:54,2026-09-19,Sat,weekend,Padel Treviso,padel-treviso,6 Indoor,indoor,12:30,lunch,free,,
2026-09-19 10:54,2026-09-19,Sat,weekend,Padel Treviso,padel-treviso,My Gym City Indoor,indoor,11:00,morning,free,,
2026-09-19 10:54,2026-09-19,Sat,weekend,Padel Treviso,padel-treviso,My Gym City Indoor,indoor,11:30,morning,free,,
2026-09-19 10:54,2026-09-19,Sat,weekend,Padel Treviso,padel-treviso,My Gym City Indoor,indoor,12:00,lunch,free,56 EUR,
2026-09-19 10:54,2026-09-19,Sat,weekend,Padel Treviso,padel-treviso,My Gym City Indoor,indoor,12:30,lunch,free,,
2026-09-19 10:54,2026-09-19,Sat,weekend,Padel Treviso,padel-treviso,8 Esterno,outdoor,11:00,morning,free,,
2026-09-19 10:54,2026-09-19,Sat,weekend,Padel Treviso,padel-treviso,8 Esterno,outdoor,11:30,morning,free,,
2026-09-19 10:54,2026-09-19,Sat,weekend,Padel Treviso,padel-treviso,8 Esterno,outdoor,12:00,lunch,free,40 EUR,
2026-09-19 10:54,2026-09-19,Sat,weekend,Padel Treviso,padel-treviso,8 Esterno,outdoor,12:30,lunch,free,,
2026-09-19 10:54,2026-09-19,Sat,weekend,Padel Treviso,padel-treviso,9 Gioielleria Minotto Istrana,indoor,11:00,morning,free,,
2026-09-19 10:54,2026-09-19,Sat,weekend,Padel Treviso,padel-treviso,9 Gioielleria Minotto Istrana,indoor,11:30,morning,free,56 EUR,
2026-09-19 10:54,2026-09-19,Sat,weekend,Padel Treviso,padel-treviso,9 Gioielleria Minotto Istrana,indoor,12:00,lunch,free,,
2026-09-19 10:54,2026-09-19,Sat,weekend,Padel Treviso,padel-treviso,9 Gioielleria Minotto Istrana,indoor,12:30,lunch,free,,
2026-09-19 10:54,2026-09-19,Sat,weekend,Padel Treviso,padel-treviso,10 Gioielleria Minotto Istrana,indoor,11:00,morning,booked,,
2026-09-19 10:54,2026-09-19,Sat,weekend,Padel Treviso,padel-treviso,10 Gioielleria Minotto Istrana,indoor,11:30,morning,free,56 EUR,
2026-09-19 10:54,2026-09-19,Sat,weekend,Padel Treviso,padel-treviso,10 Gioielleria Minotto Istrana,indoor,12:00,lunch,free,,
2026-09-19 10:54,2026-09-19,Sat,weekend,Padel Treviso,padel-treviso,10 Gioielleria Minotto Istrana,indoor,12:30,lunch,free,,
2026-09-19 10:54,2026-09-19,Sat,weekend,Padel Treviso,padel-treviso,Singolo A Esterno,outdoor,11:00,morning,free,,
2026-09-19 10:54,2026-09-19,Sat,weekend,Padel Treviso,padel-treviso,Singolo A Esterno,outdoor,11:30,morning,free,24 EUR,20 EUR
2026-09-19 10:54,2026-09-19,Sat,weekend,Padel Treviso,padel-treviso,Singolo A Esterno,outdoor,12:00,lunch,free,24 EUR,20 EUR
2026-09-19 10:54,2026-09-19,Sat,weekend,Padel Treviso,padel-treviso,Singolo A Esterno,outdoor,12:30,lunch,free,24 EUR,20 EUR
2026-09-19 10:54,2026-09-19,Sat,weekend,Padel Treviso,padel-treviso,Singolo B Esterno,outdoor,11:00,morning,free,24 EUR,20 EUR
2026-09-19 10:54,2026-09-19,Sat,weekend,Padel Treviso,padel-treviso,Singolo B Esterno,outdoor,11:30,morning,free,24 EUR,20 EUR
2026-09-19 10:54,2026-09-19,Sat,weekend,Padel Treviso,padel-treviso,Singolo B Esterno,outdoor,12:00,lunch,free,,20 EUR
2026-09-19 10:54,2026-09-19,Sat,weekend,Padel Treviso,padel-treviso,Singolo B Esterno,outdoor,12:30,lunch,free,24 EUR,
2026-09-19 10:54,2026-09-19,Sat,weekend,Altino Sport Village,altino-sport-village,Padel 1,indoor,11:00,morning,free,,40 EUR
2026-09-19 10:54,2026-09-19,Sat,weekend,Altino Sport Village,altino-sport-village,Padel 1,indoor,11:30,morning,free,,
2026-09-19 10:54,2026-09-19,Sat,weekend,Altino Sport Village,altino-sport-village,Padel 1,indoor,12:00,lunch,booked,,
2026-09-19 10:54,2026-09-19,Sat,weekend,Altino Sport Village,altino-sport-village,Padel 1,indoor,12:30,lunch,booked,,
2026-09-19 10:54,2026-09-19,Sat,weekend,Altino Sport Village,altino-sport-village,Padel 2,indoor,11:00,morning,free,,40 EUR
2026-09-19 10:54,2026-09-19,Sat,weekend,Altino Sport Village,altino-sport-village,Padel 2,indoor,11:30,morning,free,,
2026-09-19 10:54,2026-09-19,Sat,weekend,Altino Sport Village,altino-sport-village,Padel 2,indoor,12:00,lunch,booked,,
2026-09-19 10:54,2026-09-19,Sat,weekend,Altino Sport Village,altino-sport-village,Padel 2,indoor,12:30,lunch,booked,,
2026-09-19 10:54,2026-09-19,Sat,weekend,Barchessa Padel e Pikleball,barchessa-pickleball,PADEL 1,indoor,11:00,morning,free,40 EUR,27 EUR
2026-09-19 10:54,2026-09-19,Sat,weekend,Barchessa Padel e Pikleball,barchessa-pickleball,PADEL 1,indoor,11:30,morning,free,40 EUR,27 EUR
2026-09-19 10:54,2026-09-19,Sat,weekend,Barchessa Padel e Pikleball,barchessa-pickleball,PADEL 1,indoor,12:00,lunch,free,,27 EUR
2026-09-19 10:54,2026-09-19,Sat,weekend,Barchessa Padel e Pikleball,barchessa-pickleball,PADEL 1,indoor,12:30,lunch,free,,
2026-09-19 10:54,2026-09-19,Sat,weekend,Barchessa Padel e Pikleball,barchessa-pickleball,PADEL  2,indoor,11:00,morning,free,40 EUR,27 EUR
2026-09-19 10:54,2026-09-19,Sat,weekend,Barchessa Padel e Pikleball,barchessa-pickleball,PADEL  2,indoor,11:30,morning,free,40 EUR,27 EUR
2026-09-19 10:54,2026-09-19,Sat,weekend,Barchessa Padel e Pikleball,barchessa-pickleball,PADEL  2,indoor,12:00,lunch,free,40 EUR,27 EUR
2026-09-19 10:54,2026-09-19,Sat,weekend,Barchessa Padel e Pikleball,barchessa-pickleball,PADEL  2,indoor,12:30,lunch,free,40 EUR,27 EUR
2026-09-19 10:54,2026-09-19,Sat,weekend,Barchessa Padel e Pikleball,barchessa-pickleball,PADEL  3,indoor,11:00,morning,free,40 EUR,27 EUR
2026-09-19 10:54,2026-09-19,Sat,weekend,Barchessa Padel e Pikleball,barchessa-pickleball,PADEL  3,indoor,11:30,morning,free,,27 EUR
2026-09-19 10:54,2026-09-19,Sat,weekend,Barchessa Padel e Pikleball,barchessa-pickleball,PADEL  3,indoor,12:00,lunch,free,,
2026-09-19 10:54,2026-09-19,Sat,weekend,Barchessa Padel e Pikleball,barchessa-pickleball,PADEL  3,indoor,12:30,lunch,booked,,
2026-09-19 10:54,2026-09-19,Sat,weekend,H-FARM CAMPUS,h-farm-campus,Padel 1,outdoor,11:00,morning,free,80 EUR,
2026-09-19 10:54,2026-09-19,Sat,weekend,H-FARM CAMPUS,h-farm-campus,Padel 1,outdoor,11:30,morning,free,80 EUR,
2026-09-19 10:54,2026-09-19,Sat,weekend,H-FARM CAMPUS,h-farm-campus,Padel 1,outdoor,12:00,lunch,free,80 EUR,
2026-09-19 10:54,2026-09-19,Sat,weekend,H-FARM CAMPUS,h-farm-campus,Padel 1,outdoor,12:30,lunch,free,80 EUR,
2026-09-19 10:54,2026-09-19,Sat,weekend,H-FARM CAMPUS,h-farm-campus,Padel 2,outdoor,11:00,morning,free,80 EUR,
2026-09-19 10:54,2026-09-19,Sat,weekend,H-FARM CAMPUS,h-farm-campus,Padel 2,outdoor,11:30,morning,free,80 EUR,
2026-09-19 10:54,2026-09-19,Sat,weekend,H-FARM CAMPUS,h-farm-campus,Padel 2,outdoor,12:00,lunch,free,80 EUR,
2026-09-19 10:54,2026-09-19,Sat,weekend,H-FARM CAMPUS,h-farm-campus,Padel 2,outdoor,12:30,lunch,free,80 EUR,
2026-09-19 10:54,2026-09-19,Sat,weekend,SPH - Treviso Sporting,sph-treviso-sporting,Campo 4,indoor,11:00,morning,free,,
2026-09-19 10:54,2026-09-19,Sat,weekend,SPH - Treviso Sporting,sph-treviso-sporting,Campo 4,indoor,11:30,morning,free,,
2026-09-19 10:54,2026-09-19,Sat,weekend,SPH - Treviso Sporting,sph-treviso-sporting,Campo 4,indoor,12:00,lunch,free,,36 EUR
2026-09-19 10:54,2026-09-19,Sat,weekend,SPH - Treviso Sporting,sph-treviso-sporting,Campo 4,indoor,12:30,lunch,free,50 EUR,
2026-09-19 10:54,2026-09-19,Sat,weekend,SPH - Treviso Sporting,sph-treviso-sporting,Campo 5,indoor,11:00,morning,free,,
2026-09-19 10:54,2026-09-19,Sat,weekend,SPH - Treviso Sporting,sph-treviso-sporting,Campo 5,indoor,11:30,morning,free,,
2026-09-19 10:54,2026-09-19,Sat,weekend,SPH - Treviso Sporting,sph-treviso-sporting,Campo 5,indoor,12:00,lunch,free,50 EUR,36 EUR
2026-09-19 10:54,2026-09-19,Sat,weekend,SPH - Treviso Sporting,sph-treviso-sporting,Campo 5,indoor,12:30,lunch,free,50 EUR,36 EUR
2026-09-19 10:54,2026-09-19,Sat,weekend,SPH - Treviso Sporting,sph-treviso-sporting,Campo 6,indoor,11:00,morning,free,,
2026-09-19 10:54,2026-09-19,Sat,weekend,SPH - Treviso Sporting,sph-treviso-sporting,Campo 6,indoor,11:30,morning,free,50 EUR,36 EUR
2026-09-19 10:54,2026-09-19,Sat,weekend,SPH - Treviso Sporting,sph-treviso-sporting,Campo 6,indoor,12:00,lunch,free,50 EUR,36 EUR
2026-09-19 10:54,2026-09-19,Sat,weekend,SPH - Treviso Sporting,sph-treviso-sporting,Campo 6,indoor,12:30,lunch,free,50 EUR,36 EUR
2026-09-19 10:54,2026-09-19,Sat,weekend,SPH - Treviso Sporting,sph-treviso-sporting,Campo 7,indoor,11:00,morning,free,,
2026-09-19 10:54,2026-09-19,Sat,weekend,SPH - Treviso Sporting,sph-treviso-sporting,Campo 7,indoor,11:30,morning,free,50 EUR,36 EUR
2026-09-19 10:54,2026-09-19,Sat,weekend,SPH - Treviso Sporting,sph-treviso-sporting,Campo 7,indoor,12:00,lunch,free,50 EUR,36 EUR
2026-09-19 10:54,2026-09-19,Sat,weekend,SPH - Treviso Sporting,sph-treviso-sporting,Campo 7,indoor,12:30,lunch,free,50 EUR,36 EUR
2026-09-19 10:54,2026-09-19,Sat,weekend,SPH - Treviso Sporting,sph-treviso-sporting,Campo 1,outdoor,11:00,morning,free,,
2026-09-19 10:54,2026-09-19,Sat,weekend,SPH - Treviso Sporting,sph-treviso-sporting,Campo 1,outdoor,11:30,morning,free,,
2026-09-19 10:54,2026-09-19,Sat,weekend,SPH - Treviso Sporting,sph-treviso-sporting,Campo 1,outdoor,12:00,lunch,free,40 EUR,28 EUR
2026-09-19 10:54,2026-09-19,Sat,weekend,SPH - Treviso Sporting,sph-treviso-sporting,Campo 1,outdoor,12:30,lunch,free,40 EUR,28 EUR
2026-09-19 10:54,2026-09-19,Sat,weekend,SPH - Treviso Sporting,sph-treviso-sporting,Campo 2,outdoor,11:00,morning,free,,
2026-09-19 10:54,2026-09-19,Sat,weekend,SPH - Treviso Sporting,sph-treviso-sporting,Campo 2,outdoor,11:30,morning,free,,
2026-09-19 10:54,2026-09-19,Sat,weekend,SPH - Treviso Sporting,sph-treviso-sporting,Campo 2,outdoor,12:00,lunch,free,40 EUR,28 EUR
2026-09-19 10:54,2026-09-19,Sat,weekend,SPH - Treviso Sporting,sph-treviso-sporting,Campo 2,outdoor,12:30,lunch,free,40 EUR,28 EUR
2026-09-19 10:54,2026-09-19,Sat,weekend,SPH - Treviso Sporting,sph-treviso-sporting,Campo 3,outdoor,11:00,morning,free,,
2026-09-19 10:54,2026-09-19,Sat,weekend,SPH - Treviso Sporting,sph-treviso-sporting,Campo 3,outdoor,11:30,morning,free,40 EUR,28 EUR
2026-09-19 10:54,2026-09-19,Sat,weekend,SPH - Treviso Sporting,sph-treviso-sporting,Campo 3,outdoor,12:00,lunch,free,40 EUR,28 EUR
2026-09-19 10:54,2026-09-19,Sat,weekend,SPH - Treviso Sporting,sph-treviso-sporting,Campo 3,outdoor,12:30,lunch,free,40 EUR,28 EUR
2026-09-19 10:54,2026-09-19,Sat,weekend,Marina Sporting,marina-sporting,Padel 1,outdoor,11:00,morning,booked,,
2026-09-19 10:54,2026-09-19,Sat,weekend,Marina Sporting,marina-sporting,Padel 1,outdoor,11:30,morning,booked,,
2026-09-19 10:54,2026-09-19,Sat,weekend,Marina Sporting,marina-sporting,Padel 1,outdoor,12:00,lunch,booked,,
2026-09-19 10:54,2026-09-19,Sat,weekend,Marina Sporting,marina-sporting,Padel 1,outdoor,12:30,lunch,booked,,
2026-09-19 10:54,2026-09-19,Sat,weekend,Marina Sporting,marina-sporting,Padel 2,outdoor,11:00,morning,booked,,
2026-09-19 10:54,2026-09-19,Sat,weekend,Marina Sporting,marina-sporting,Padel 2,outdoor,11:30,morning,booked,,
2026-09-19 10:54,2026-09-19,Sat,weekend,Marina Sporting,marina-sporting,Padel 2,outdoor,12:00,lunch,booked,,
2026-09-19 10:54,2026-09-19,Sat,weekend,Marina Sporting,marina-sporting,Padel 2,outdoor,12:30,lunch,booked,,
2026-09-20 12:00,2026-09-20,Sun,weekend,Sporting Club Mestre,sporting-club-mestre,Campo Giallo,outdoor,12:30,lunch,free,32 EUR,24 EUR
2026-09-20 12:00,2026-09-20,Sun,weekend,Sporting Club Mestre,sporting-club-mestre,Campo Giallo,outdoor,13:00,lunch,free,32 EUR,24 EUR
2026-09-20 12:00,2026-09-20,Sun,weekend,Sporting Club Mestre,sporting-club-mestre,Campo Giallo,outdoor,13:30,lunch,free,32 EUR,24 EUR
2026-09-20 12:00,2026-09-20,Sun,weekend,Sporting Club Mestre,sporting-club-mestre,Campo Giallo,outdoor,14:00,afternoon,free,32 EUR,24 EUR
2026-09-20 12:00,2026-09-20,Sun,weekend,Sporting Club Mestre,sporting-club-mestre,Campo Rosso,outdoor,12:30,lunch,booked,,
2026-09-20 12:00,2026-09-20,Sun,weekend,Sporting Club Mestre,sporting-club-mestre,Campo Rosso,outdoor,13:00,lunch,booked,,
2026-09-20 12:00,2026-09-20,Sun,weekend,Sporting Club Mestre,sporting-club-mestre,Campo Rosso,outdoor,13:30,lunch,booked,,
2026-09-20 12:00,2026-09-20,Sun,weekend,Sporting Club Mestre,sporting-club-mestre,Campo Rosso,outdoor,14:00,afternoon,booked,,
2026-09-20 12:00,2026-09-20,Sun,weekend,Sporting Club Mestre,sporting-club-mestre,campo coperto 1,indoor,12:30,lunch,free,,
2026-09-20 12:00,2026-09-20,Sun,weekend,Sporting Club Mestre,sporting-club-mestre,campo coperto 1,indoor,13:00,lunch,booked,,
2026-09-20 12:00,2026-09-20,Sun,weekend,Sporting Club Mestre,sporting-club-mestre,campo coperto 1,indoor,13:30,lunch,booked,,
2026-09-20 12:00,2026-09-20,Sun,weekend,Sporting Club Mestre,sporting-club-mestre,campo coperto 1,indoor,14:00,afternoon,booked,,
2026-09-20 12:00,2026-09-20,Sun,weekend,Sporting Club Mestre,sporting-club-mestre,campo coperto 2,indoor,12:30,lunch,free,,
2026-09-20 12:00,2026-09-20,Sun,weekend,Sporting Club Mestre,sporting-club-mestre,campo coperto 2,indoor,13:00,lunch,free,40 EUR,
2026-09-20 12:00,2026-09-20,Sun,weekend,Sporting Club Mestre,sporting-club-mestre,campo coperto 2,indoor,13:30,lunch,free,,
2026-09-20 12:00,2026-09-20,Sun,weekend,Sporting Club Mestre,sporting-club-mestre,campo coperto 2,indoor,14:00,afternoon,free,,
2026-09-20 12:00,2026-09-20,Sun,weekend,Aquafit Padel,aquafit-padel,Padel 1,outdoor,12:30,lunch,booked,,
2026-09-20 12:00,2026-09-20,Sun,weekend,Aquafit Padel,aquafit-padel,Padel 1,outdoor,13:00,lunch,booked,,
2026-09-20 12:00,2026-09-20,Sun,weekend,Aquafit Padel,aquafit-padel,Padel 1,outdoor,13:30,lunch,booked,,
2026-09-20 12:00,2026-09-20,Sun,weekend,Aquafit Padel,aquafit-padel,Padel 1,outdoor,14:00,afternoon,booked,,
2026-09-20 12:00,2026-09-20,Sun,weekend,Aquafit Padel,aquafit-padel,Padel 2,outdoor,12:30,lunch,booked,,
2026-09-20 12:00,2026-09-20,Sun,weekend,Aquafit Padel,aquafit-padel,Padel 2,outdoor,13:00,lunch,booked,,
2026-09-20 12:00,2026-09-20,Sun,weekend,Aquafit Padel,aquafit-padel,Padel 2,outdoor,13:30,lunch,booked,,
2026-09-20 12:00,2026-09-20,Sun,weekend,Aquafit Padel,aquafit-padel,Padel 2,outdoor,14:00,afternoon,booked,,
2026-09-20 12:00,2026-09-20,Sun,weekend,SPH - Venezia,sph-venezia,Campo 1,indoor,12:30,lunch,free,48 EUR,32 EUR
2026-09-20 12:00,2026-09-20,Sun,weekend,SPH - Venezia,sph-venezia,Campo 1,indoor,13:00,lunch,free,48 EUR,32 EUR
2026-09-20 12:00,2026-09-20,Sun,weekend,SPH - Venezia,sph-venezia,Campo 1,indoor,13:30,lunch,free,48 EUR,32 EUR
2026-09-20 12:00,2026-09-20,Sun,weekend,SPH - Venezia,sph-venezia,Campo 1,indoor,14:00,afternoon,free,48 EUR,32 EUR
2026-09-20 12:00,2026-09-20,Sun,weekend,SPH - Venezia,sph-venezia,Campo 2,indoor,12:30,lunch,booked,,
2026-09-20 12:00,2026-09-20,Sun,weekend,SPH - Venezia,sph-venezia,Campo 2,indoor,13:00,lunch,booked,,
2026-09-20 12:00,2026-09-20,Sun,weekend,SPH - Venezia,sph-venezia,Campo 2,indoor,13:30,lunch,booked,,
2026-09-20 12:00,2026-09-20,Sun,weekend,SPH - Venezia,sph-venezia,Campo 2,indoor,14:00,afternoon,booked,,
2026-09-20 12:00,2026-09-20,Sun,weekend,SPH - Venezia,sph-venezia,Campo 3,indoor,12:30,lunch,free,48 EUR,32 EUR
2026-09-20 12:00,2026-09-20,Sun,weekend,SPH - Venezia,sph-venezia,Campo 3,indoor,13:00,lunch,free,48 EUR,32 EUR
2026-09-20 12:00,2026-09-20,Sun,weekend,SPH - Venezia,sph-venezia,Campo 3,indoor,13:30,lunch,free,48 EUR,32 EUR
2026-09-20 12:00,2026-09-20,Sun,weekend,SPH - Venezia,sph-venezia,Campo 3,indoor,14:00,afternoon,free,48 EUR,32 EUR
2026-09-20 12:00,2026-09-20,Sun,weekend,SPH - Venezia,sph-venezia,Campo 4 | B3 Capital,indoor,12:30,lunch,free,48 EUR,32 EUR
2026-09-20 12:00,2026-09-20,Sun,weekend,SPH - Venezia,sph-venezia,Campo 4 | B3 Capital,indoor,13:00,lunch,free,48 EUR,32 EUR
2026-09-20 12:00,2026-09-20,Sun,weekend,SPH - Venezia,sph-venezia,Campo 4 | B3 Capital,indoor,13:30,lunch,free,48 EUR,32 EUR
2026-09-20 12:00,2026-09-20,Sun,weekend,SPH - Venezia,sph-venezia,Campo 4 | B3 Capital,indoor,14:00,afternoon,free,48 EUR,32 EUR
2026-09-20 12:00,2026-09-20,Sun,weekend,SPH - Venezia,sph-venezia,Campo 5 | Bassetto Impianti,indoor,12:30,lunch,free,48 EUR,32 EUR
2026-09-20 12:00,2026-09-20,Sun,weekend,SPH - Venezia,sph-venezia,Campo 5 | Bassetto Impianti,indoor,13:00,lunch,free,48 EUR,32 EUR
2026-09-20 12:00,2026-09-20,Sun,weekend,SPH - Venezia,sph-venezia,Campo 5 | Bassetto Impianti,indoor,13:30,lunch,free,48 EUR,32 EUR
2026-09-20 12:00,2026-09-20,Sun,weekend,SPH - Venezia,sph-venezia,Campo 5 | Bassetto Impianti,indoor,14:00,afternoon,free,48 EUR,32 EUR
2026-09-20 12:00,2026-09-20,Sun,weekend,Padel Treviso,padel-treviso,1 Esterno,outdoor,12:30,lunch,free,40 EUR,32 EUR
2026-09-20 12:00,2026-09-20,Sun,weekend,Padel Treviso,padel-treviso,1 Esterno,outdoor,13:00,lunch,free,40 EUR,32 EUR
2026-09-20 12:00,2026-09-20,Sun,weekend,Padel Treviso,padel-treviso,1 Esterno,outdoor,13:30,lunch,free,40 EUR,32 EUR
2026-09-20 12:00,2026-09-20,Sun,weekend,Padel Treviso,padel-treviso,1 Esterno,outdoor,14:00,afternoon,free,40 EUR,32 EUR
2026-09-20 12:00,2026-09-20,Sun,weekend,Padel Treviso,padel-treviso,2 Esterno,outdoor,12:30,lunch,booked,,
2026-09-20 12:00,2026-09-20,Sun,weekend,Padel Treviso,padel-treviso,2 Esterno,outdoor,13:00,lunch,booked,,
2026-09-20 12:00,2026-09-20,Sun,weekend,Padel Treviso,padel-treviso,2 Esterno,outdoor,13:30,lunch,booked,,
2026-09-20 12:00,2026-09-20,Sun,weekend,Padel Treviso,padel-treviso,2 Esterno,outdoor,14:00,afternoon,booked,,
2026-09-20 12:00,2026-09-20,Sun,weekend,Padel Treviso,padel-treviso,3 COPERTO,indoor,12:30,lunch,free,56 EUR,
2026-09-20 12:00,2026-09-20,Sun,weekend,Padel Treviso,padel-treviso,3 COPERTO,indoor,13:00,lunch,free,,
2026-09-20 12:00,2026-09-20,Sun,weekend,Padel Treviso,padel-treviso,3 COPERTO,indoor,13:30,lunch,free,,
2026-09-20 12:00,2026-09-20,Sun,weekend,Padel Treviso,padel-treviso,3 COPERTO,indoor,14:00,afternoon,free,56 EUR,
2026-09-20 12:00,2026-09-20,Sun,weekend,Padel Treviso,padel-treviso,4 COPERTO,indoor,12:30,lunch,free,56 EUR,
2026-09-20 12:00,2026-09-20,Sun,weekend,Padel Treviso,padel-treviso,4 COPERTO,indoor,13:00,lunch,free,,
2026-09-20 12:00,2026-09-20,Sun,weekend,Padel Treviso,padel-treviso,4 COPERTO,indoor,13:30,lunch,free,,
2026-09-20 12:00,2026-09-20,Sun,weekend,Padel Treviso,padel-treviso,4 COPERTO,indoor,14:00,afternoon,free,56 EUR,
2026-09-20 12:00,2026-09-20,Sun,weekend,Padel Treviso,padel-treviso,Kuikma Indoor,indoor,12:30,lunch,free,,
2026-09-20 12:00,2026-09-20,Sun,weekend,Padel Treviso,padel-treviso,Kuikma Indoor,indoor,13:00,lunch,free,,
2026-09-20 12:00,2026-09-20,Sun,weekend,Padel Treviso,padel-treviso,Kuikma Indoor,indoor,13:30,lunch,free,56 EUR,
2026-09-20 12:00,2026-09-20,Sun,weekend,Padel Treviso,padel-treviso,Kuikma Indoor,indoor,14:00,afternoon,free,,
2026-09-20 12:00,2026-09-20,Sun,weekend,Padel Treviso,padel-treviso,6 Indoor,indoor,12:30,lunch,free,,
2026-09-20 12:00,2026-09-20,Sun,weekend,Padel Treviso,padel-treviso,6 Indoor,indoor,13:00,lunch,free,,
2026-09-20 12:00,2026-09-20,Sun,weekend,Padel Treviso,padel-treviso,6 Indoor,indoor,13:30,lunch,booked,,
2026-09-20 12:00,2026-09-20,Sun,weekend,Padel Treviso,padel-treviso,6 Indoor,indoor,14:00,afternoon,booked,,
2026-09-20 12:00,2026-09-20,Sun,weekend,Padel Treviso,padel-treviso,My Gym City Indoor,indoor,12:30,lunch,free,,
2026-09-20 12:00,2026-09-20,Sun,weekend,Padel Treviso,padel-treviso,My Gym City Indoor,indoor,13:00,lunch,free,,
2026-09-20 12:00,2026-09-20,Sun,weekend,Padel Treviso,padel-treviso,My Gym City Indoor,indoor,13:30,lunch,free,56 EUR,
2026-09-20 12:00,2026-09-20,Sun,weekend,Padel Treviso,padel-treviso,My Gym City Indoor,indoor,14:00,afternoon,free,,
2026-09-20 12:00,2026-09-20,Sun,weekend,Padel Treviso,padel-treviso,8 Esterno,outdoor,12:30,lunch,free,,
2026-09-20 12:00,2026-09-20,Sun,weekend,Padel Treviso,padel-treviso,8 Esterno,outdoor,13:00,lunch,free,,
2026-09-20 12:00,2026-09-20,Sun,weekend,Padel Treviso,padel-treviso,8 Esterno,outdoor,13:30,lunch,free,40 EUR,
2026-09-20 12:00,2026-09-20,Sun,weekend,Padel Treviso,padel-treviso,8 Esterno,outdoor,14:00,afternoon,free,,
2026-09-20 12:00,2026-09-20,Sun,weekend,Padel Treviso,padel-treviso,9 Gioielleria Minotto Istrana,indoor,12:30,lunch,free,,
2026-09-20 12:00,2026-09-20,Sun,weekend,Padel Treviso,padel-treviso,9 Gioielleria Minotto Istrana,indoor,13:00,lunch,free,56 EUR,
2026-09-20 12:00,2026-09-20,Sun,weekend,Padel Treviso,padel-treviso,9 Gioielleria Minotto Istrana,indoor,13:30,lunch,free,,
2026-09-20 12:00,2026-09-20,Sun,weekend,Padel Treviso,padel-treviso,9 Gioielleria Minotto Istrana,indoor,14:00,afternoon,free,,
2026-09-20 12:00,2026-09-20,Sun,weekend,Padel Treviso,padel-treviso,10 Gioielleria Minotto Istrana,indoor,12:30,lunch,free,,
2026-09-20 12:00,2026-09-20,Sun,weekend,Padel Treviso,padel-treviso,10 Gioielleria Minotto Istrana,indoor,13:00,lunch,free,56 EUR,
2026-09-20 12:00,2026-09-20,Sun,weekend,Padel Treviso,padel-treviso,10 Gioielleria Minotto Istrana,indoor,13:30,lunch,free,,
2026-09-20 12:00,2026-09-20,Sun,weekend,Padel Treviso,padel-treviso,10 Gioielleria Minotto Istrana,indoor,14:00,afternoon,free,,
2026-09-20 12:00,2026-09-20,Sun,weekend,Padel Treviso,padel-treviso,Singolo A Esterno,outdoor,12:30,lunch,free,24 EUR,20 EUR
2026-09-20 12:00,2026-09-20,Sun,weekend,Padel Treviso,padel-treviso,Singolo A Esterno,outdoor,13:00,lunch,free,24 EUR,20 EUR
2026-09-20 12:00,2026-09-20,Sun,weekend,Padel Treviso,padel-treviso,Singolo A Esterno,outdoor,13:30,lunch,free,24 EUR,20 EUR
2026-09-20 12:00,2026-09-20,Sun,weekend,Padel Treviso,padel-treviso,Singolo A Esterno,outdoor,14:00,afternoon,free,24 EUR,20 EUR
2026-09-20 12:00,2026-09-20,Sun,weekend,Padel Treviso,padel-treviso,Singolo B Esterno,outdoor,12:30,lunch,free,24 EUR,20 EUR
2026-09-20 12:00,2026-09-20,Sun,weekend,Padel Treviso,padel-treviso,Singolo B Esterno,outdoor,13:00,lunch,free,24 EUR,20 EUR
2026-09-20 12:00,2026-09-20,Sun,weekend,Padel Treviso,padel-treviso,Singolo B Esterno,outdoor,13:30,lunch,free,24 EUR,20 EUR
2026-09-20 12:00,2026-09-20,Sun,weekend,Padel Treviso,padel-treviso,Singolo B Esterno,outdoor,14:00,afternoon,free,24 EUR,20 EUR
2026-09-20 14:00,2026-09-20,Sun,weekend,Sporting Club Mestre,sporting-club-mestre,Campo Giallo,outdoor,14:30,afternoon,free,,24 EUR
2026-09-20 14:00,2026-09-20,Sun,weekend,Sporting Club Mestre,sporting-club-mestre,Campo Giallo,outdoor,15:00,afternoon,free,,
2026-09-20 14:00,2026-09-20,Sun,weekend,Sporting Club Mestre,sporting-club-mestre,Campo Giallo,outdoor,15:30,afternoon,booked,,
2026-09-20 14:00,2026-09-20,Sun,weekend,Sporting Club Mestre,sporting-club-mestre,Campo Giallo,outdoor,16:00,afternoon,booked,,
2026-09-20 14:00,2026-09-20,Sun,weekend,Sporting Club Mestre,sporting-club-mestre,Campo Rosso,outdoor,14:30,afternoon,booked,,
2026-09-20 14:00,2026-09-20,Sun,weekend,Sporting Club Mestre,sporting-club-mestre,Campo Rosso,outdoor,15:00,afternoon,booked,,
2026-09-20 14:00,2026-09-20,Sun,weekend,Sporting Club Mestre,sporting-club-mestre,Campo Rosso,outdoor,15:30,afternoon,booked,,
2026-09-20 14:00,2026-09-20,Sun,weekend,Sporting Club Mestre,sporting-club-mestre,Campo Rosso,outdoor,16:00,afternoon,booked,,
2026-09-20 14:00,2026-09-20,Sun,weekend,Sporting Club Mestre,sporting-club-mestre,campo coperto 1,indoor,14:30,afternoon,booked,,
2026-09-20 14:00,2026-09-20,Sun,weekend,Sporting Club Mestre,sporting-club-mestre,campo coperto 1,indoor,15:00,afternoon,booked,,
2026-09-20 14:00,2026-09-20,Sun,weekend,Sporting Club Mestre,sporting-club-mestre,campo coperto 1,indoor,15:30,afternoon,booked,,
2026-09-20 14:00,2026-09-20,Sun,weekend,Sporting Club Mestre,sporting-club-mestre,campo coperto 1,indoor,16:00,afternoon,booked,,
2026-09-20 14:00,2026-09-20,Sun,weekend,Sporting Club Mestre,sporting-club-mestre,campo coperto 2,indoor,14:30,afternoon,booked,,
2026-09-20 14:00,2026-09-20,Sun,weekend,Sporting Club Mestre,sporting-club-mestre,campo coperto 2,indoor,15:00,afternoon,booked,,
2026-09-20 14:00,2026-09-20,Sun,weekend,Sporting Club Mestre,sporting-club-mestre,campo coperto 2,indoor,15:30,afternoon,booked,,
2026-09-20 14:00,2026-09-20,Sun,weekend,Sporting Club Mestre,sporting-club-mestre,campo coperto 2,indoor,16:00,afternoon,booked,,
2026-09-20 14:00,2026-09-20,Sun,weekend,Aquafit Padel,aquafit-padel,Padel 1,outdoor,14:30,afternoon,booked,,
2026-09-20 14:00,2026-09-20,Sun,weekend,Aquafit Padel,aquafit-padel,Padel 1,outdoor,15:00,afternoon,booked,,
2026-09-20 14:00,2026-09-20,Sun,weekend,Aquafit Padel,aquafit-padel,Padel 1,outdoor,15:30,afternoon,booked,,
2026-09-20 14:00,2026-09-20,Sun,weekend,Aquafit Padel,aquafit-padel,Padel 1,outdoor,16:00,afternoon,booked,,
2026-09-20 14:00,2026-09-20,Sun,weekend,Aquafit Padel,aquafit-padel,Padel 2,outdoor,14:30,afternoon,booked,,
2026-09-20 14:00,2026-09-20,Sun,weekend,Aquafit Padel,aquafit-padel,Padel 2,outdoor,15:00,afternoon,booked,,
2026-09-20 14:00,2026-09-20,Sun,weekend,Aquafit Padel,aquafit-padel,Padel 2,outdoor,15:30,afternoon,booked,,
2026-09-20 14:00,2026-09-20,Sun,weekend,Aquafit Padel,aquafit-padel,Padel 2,outdoor,16:00,afternoon,booked,,
2026-09-20 14:00,2026-09-20,Sun,weekend,SPH - Venezia,sph-venezia,Campo 1,indoor,14:30,afternoon,free,48 EUR,32 EUR
2026-09-20 14:00,2026-09-20,Sun,weekend,SPH - Venezia,sph-venezia,Campo 1,indoor,15:00,afternoon,free,48 EUR,32 EUR
2026-09-20 14:00,2026-09-20,Sun,weekend,SPH - Venezia,sph-venezia,Campo 1,indoor,15:30,afternoon,free,48 EUR,32 EUR
2026-09-20 14:00,2026-09-20,Sun,weekend,SPH - Venezia,sph-venezia,Campo 1,indoor,16:00,afternoon,free,48 EUR,32 EUR
2026-09-20 14:00,2026-09-20,Sun,weekend,SPH - Venezia,sph-venezia,Campo 2,indoor,14:30,afternoon,booked,,
2026-09-20 14:00,2026-09-20,Sun,weekend,SPH - Venezia,sph-venezia,Campo 2,indoor,15:00,afternoon,booked,,
2026-09-20 14:00,2026-09-20,Sun,weekend,SPH - Venezia,sph-venezia,Campo 2,indoor,15:30,afternoon,booked,,
2026-09-20 14:00,2026-09-20,Sun,weekend,SPH - Venezia,sph-venezia,Campo 2,indoor,16:00,afternoon,free,48 EUR,32 EUR
2026-09-20 14:00,2026-09-20,Sun,weekend,SPH - Venezia,sph-venezia,Campo 3,indoor,14:30,afternoon,free,48 EUR,32 EUR
2026-09-20 14:00,2026-09-20,Sun,weekend,SPH - Venezia,sph-venezia,Campo 3,indoor,15:00,afternoon,free,48 EUR,32 EUR
2026-09-20 14:00,2026-09-20,Sun,weekend,SPH - Venezia,sph-venezia,Campo 3,indoor,15:30,afternoon,free,48 EUR,32 EUR
2026-09-20 14:00,2026-09-20,Sun,weekend,SPH - Venezia,sph-venezia,Campo 3,indoor,16:00,afternoon,free,48 EUR,32 EUR
2026-09-20 14:00,2026-09-20,Sun,weekend,SPH - Venezia,sph-venezia,Campo 4 | B3 Capital,indoor,14:30,afternoon,free,48 EUR,32 EUR
2026-09-20 14:00,2026-09-20,Sun,weekend,SPH - Venezia,sph-venezia,Campo 4 | B3 Capital,indoor,15:00,afternoon,free,48 EUR,32 EUR
2026-09-20 14:00,2026-09-20,Sun,weekend,SPH - Venezia,sph-venezia,Campo 4 | B3 Capital,indoor,15:30,afternoon,free,48 EUR,32 EUR
2026-09-20 14:00,2026-09-20,Sun,weekend,SPH - Venezia,sph-venezia,Campo 4 | B3 Capital,indoor,16:00,afternoon,free,48 EUR,32 EUR
2026-09-20 14:00,2026-09-20,Sun,weekend,SPH - Venezia,sph-venezia,Campo 5 | Bassetto Impianti,indoor,14:30,afternoon,free,48 EUR,32 EUR
2026-09-20 14:00,2026-09-20,Sun,weekend,SPH - Venezia,sph-venezia,Campo 5 | Bassetto Impianti,indoor,15:00,afternoon,free,48 EUR,32 EUR
2026-09-20 14:00,2026-09-20,Sun,weekend,SPH - Venezia,sph-venezia,Campo 5 | Bassetto Impianti,indoor,15:30,afternoon,free,48 EUR,32 EUR
2026-09-20 14:00,2026-09-20,Sun,weekend,SPH - Venezia,sph-venezia,Campo 5 | Bassetto Impianti,indoor,16:00,afternoon,free,48 EUR,32 EUR
2026-09-20 14:00,2026-09-20,Sun,weekend,Padel Treviso,padel-treviso,1 Esterno,outdoor,14:30,afternoon,free,40 EUR,32 EUR
2026-09-20 14:00,2026-09-20,Sun,weekend,Padel Treviso,padel-treviso,1 Esterno,outdoor,15:00,afternoon,free,40 EUR,32 EUR
2026-09-20 14:00,2026-09-20,Sun,weekend,Padel Treviso,padel-treviso,1 Esterno,outdoor,15:30,afternoon,free,40 EUR,32 EUR
2026-09-20 14:00,2026-09-20,Sun,weekend,Padel Treviso,padel-treviso,1 Esterno,outdoor,16:00,afternoon,free,,32 EUR
2026-09-20 14:00,2026-09-20,Sun,weekend,Padel Treviso,padel-treviso,2 Esterno,outdoor,14:30,afternoon,booked,,
2026-09-20 14:00,2026-09-20,Sun,weekend,Padel Treviso,padel-treviso,2 Esterno,outdoor,15:00,afternoon,booked,,
2026-09-20 14:00,2026-09-20,Sun,weekend,Padel Treviso,padel-treviso,2 Esterno,outdoor,15:30,afternoon,free,40 EUR,
2026-09-20 14:00,2026-09-20,Sun,weekend,Padel Treviso,padel-treviso,2 Esterno,outdoor,16:00,afternoon,free,,
2026-09-20 14:00,2026-09-20,Sun,weekend,Padel Treviso,padel-treviso,3 COPERTO,indoor,14:30,afternoon,free,,
2026-09-20 14:00,2026-09-20,Sun,weekend,Padel Treviso,padel-treviso,3 COPERTO,indoor,15:00,afternoon,free,,
2026-09-20 14:00,2026-09-20,Sun,weekend,Padel Treviso,padel-treviso,3 COPERTO,indoor,15:30,afternoon,free,56 EUR,
2026-09-20 14:00,2026-09-20,Sun,weekend,Padel Treviso,padel-treviso,3 COPERTO,indoor,16:00,afternoon,free,,
2026-09-20 14:00,2026-09-20,Sun,weekend,Padel Treviso,padel-treviso,4 COPERTO,indoor,14:30,afternoon,free,,
2026-09-20 14:00,2026-09-20,Sun,weekend,Padel Treviso,padel-treviso,4 COPERTO,indoor,15:00,afternoon,free,,
2026-09-20 14:00,2026-09-20,Sun,weekend,Padel Treviso,padel-treviso,4 COPERTO,indoor,15:30,afternoon,free,56 EUR,
2026-09-20 14:00,2026-09-20,Sun,weekend,Padel Treviso,padel-treviso,4 COPERTO,indoor,16:00,afternoon,free,,
2026-09-20 14:00,2026-09-20,Sun,weekend,Padel Treviso,padel-treviso,Kuikma Indoor,indoor,14:30,afternoon,free,,
2026-09-20 14:00,2026-09-20,Sun,weekend,Padel Treviso,padel-treviso,Kuikma Indoor,indoor,15:00,afternoon,free,56 EUR,
2026-09-20 14:00,2026-09-20,Sun,weekend,Padel Treviso,padel-treviso,Kuikma Indoor,indoor,15:30,afternoon,free,,
2026-09-20 14:00,2026-09-20,Sun,weekend,Padel Treviso,padel-treviso,Kuikma Indoor,indoor,16:00,afternoon,free,,
2026-09-20 14:00,2026-09-20,Sun,weekend,Padel Treviso,padel-treviso,6 Indoor,indoor,14:30,afternoon,booked,,
2026-09-20 14:00,2026-09-20,Sun,weekend,Padel Treviso,padel-treviso,6 Indoor,indoor,15:00,afternoon,booked,,
2026-09-20 14:00,2026-09-20,Sun,weekend,Padel Treviso,padel-treviso,6 Indoor,indoor,15:30,afternoon,booked,,
2026-09-20 14:00,2026-09-20,Sun,weekend,Padel Treviso,padel-treviso,6 Indoor,indoor,16:00,afternoon,booked,,
2026-09-20 14:00,2026-09-20,Sun,weekend,Padel Treviso,padel-treviso,My Gym City Indoor,indoor,14:30,afternoon,free,,
2026-09-20 14:00,2026-09-20,Sun,weekend,Padel Treviso,padel-treviso,My Gym City Indoor,indoor,15:00,afternoon,free,56 EUR,
2026-09-20 14:00,2026-09-20,Sun,weekend,Padel Treviso,padel-treviso,My Gym City Indoor,indoor,15:30,afternoon,free,,
2026-09-20 14:00,2026-09-20,Sun,weekend,Padel Treviso,padel-treviso,My Gym City Indoor,indoor,16:00,afternoon,free,,
2026-09-20 14:00,2026-09-20,Sun,weekend,Padel Treviso,padel-treviso,8 Esterno,outdoor,14:30,afternoon,free,,
2026-09-20 14:00,2026-09-20,Sun,weekend,Padel Treviso,padel-treviso,8 Esterno,outdoor,15:00,afternoon,booked,,
2026-09-20 14:00,2026-09-20,Sun,weekend,Padel Treviso,padel-treviso,8 Esterno,outdoor,15:30,afternoon,booked,,
2026-09-20 14:00,2026-09-20,Sun,weekend,Padel Treviso,padel-treviso,8 Esterno,outdoor,16:00,afternoon,booked,,
2026-09-20 14:00,2026-09-20,Sun,weekend,Padel Treviso,padel-treviso,9 Gioielleria Minotto Istrana,indoor,14:30,afternoon,free,56 EUR,
2026-09-20 14:00,2026-09-20,Sun,weekend,Padel Treviso,padel-treviso,9 Gioielleria Minotto Istrana,indoor,15:00,afternoon,free,,
2026-09-20 14:00,2026-09-20,Sun,weekend,Padel Treviso,padel-treviso,9 Gioielleria Minotto Istrana,indoor,15:30,afternoon,free,,
2026-09-20 14:00,2026-09-20,Sun,weekend,Padel Treviso,padel-treviso,9 Gioielleria Minotto Istrana,indoor,16:00,afternoon,free,56 EUR,
2026-09-20 14:00,2026-09-20,Sun,weekend,Padel Treviso,padel-treviso,10 Gioielleria Minotto Istrana,indoor,14:30,afternoon,free,56 EUR,
2026-09-20 14:00,2026-09-20,Sun,weekend,Padel Treviso,padel-treviso,10 Gioielleria Minotto Istrana,indoor,15:00,afternoon,free,,
2026-09-20 14:00,2026-09-20,Sun,weekend,Padel Treviso,padel-treviso,10 Gioielleria Minotto Istrana,indoor,15:30,afternoon,free,,
2026-09-20 14:00,2026-09-20,Sun,weekend,Padel Treviso,padel-treviso,10 Gioielleria Minotto Istrana,indoor,16:00,afternoon,free,56 EUR,
2026-09-20 14:00,2026-09-20,Sun,weekend,Padel Treviso,padel-treviso,Singolo A Esterno,outdoor,14:30,afternoon,free,24 EUR,
2026-09-20 14:00,2026-09-20,Sun,weekend,Padel Treviso,padel-treviso,Singolo A Esterno,outdoor,15:00,afternoon,free,,20 EUR
2026-09-20 14:00,2026-09-20,Sun,weekend,Padel Treviso,padel-treviso,Singolo A Esterno,outdoor,15:30,afternoon,free,,
2026-09-20 14:00,2026-09-20,Sun,weekend,Padel Treviso,padel-treviso,Singolo A Esterno,outdoor,16:00,afternoon,booked,,
2026-09-20 14:00,2026-09-20,Sun,weekend,Padel Treviso,padel-treviso,Singolo B Esterno,outdoor,14:30,afternoon,free,24 EUR,20 EUR
2026-09-20 14:00,2026-09-20,Sun,weekend,Padel Treviso,padel-treviso,Singolo B Esterno,outdoor,15:00,afternoon,free,24 EUR,20 EUR
2026-09-20 14:00,2026-09-20,Sun,weekend,Padel Treviso,padel-treviso,Singolo B Esterno,outdoor,15:30,afternoon,free,24 EUR,20 EUR
2026-09-20 14:00,2026-09-20,Sun,weekend,Padel Treviso,padel-treviso,Singolo B Esterno,outdoor,16:00,afternoon,free,,20 EUR
2026-09-20 14:00,2026-09-20,Sun,weekend,Altino Sport Village,altino-sport-village,Padel 1,indoor,14:30,afternoon,free,,
2026-09-20 14:00,2026-09-20,Sun,weekend,Altino Sport Village,altino-sport-village,Padel 1,indoor,15:00,afternoon,booked,,
2026-09-20 14:00,2026-09-20,Sun,weekend,Altino Sport Village,altino-sport-village,Padel 1,indoor,15:30,afternoon,booked,,
2026-09-20 14:00,2026-09-20,Sun,weekend,Altino Sport Village,altino-sport-village,Padel 1,indoor,16:00,afternoon,free,,40 EUR
2026-09-20 14:00,2026-09-20,Sun,weekend,Altino Sport Village,altino-sport-village,Padel 2,indoor,14:30,afternoon,free,50 EUR,40 EUR
2026-09-20 14:00,2026-09-20,Sun,weekend,Altino Sport Village,altino-sport-village,Padel 2,indoor,15:00,afternoon,free,50 EUR,40 EUR
2026-09-20 14:00,2026-09-20,Sun,weekend,Altino Sport Village,altino-sport-village,Padel 2,indoor,15:30,afternoon,free,50 EUR,40 EUR
2026-09-20 14:00,2026-09-20,Sun,weekend,Altino Sport Village,altino-sport-village,Padel 2,indoor,16:00,afternoon,free,,40 EUR
2026-09-20 14:00,2026-09-20,Sun,weekend,Barchessa Padel e Pikleball,barchessa-pickleball,PADEL 1,indoor,14:30,afternoon,booked,,
2026-09-20 14:00,2026-09-20,Sun,weekend,Barchessa Padel e Pikleball,barchessa-pickleball,PADEL 1,indoor,15:00,afternoon,booked,,
2026-09-20 14:00,2026-09-20,Sun,weekend,Barchessa Padel e Pikleball,barchessa-pickleball,PADEL 1,indoor,15:30,afternoon,booked,,
2026-09-20 14:00,2026-09-20,Sun,weekend,Barchessa Padel e Pikleball,barchessa-pickleball,PADEL 1,indoor,16:00,afternoon,booked,,
2026-09-20 14:00,2026-09-20,Sun,weekend,Barchessa Padel e Pikleball,barchessa-pickleball,PADEL  2,indoor,14:30,afternoon,free,40 EUR,27 EUR
2026-09-20 14:00,2026-09-20,Sun,weekend,Barchessa Padel e Pikleball,barchessa-pickleball,PADEL  2,indoor,15:00,afternoon,free,,27 EUR
2026-09-20 14:00,2026-09-20,Sun,weekend,Barchessa Padel e Pikleball,barchessa-pickleball,PADEL  2,indoor,15:30,afternoon,free,,
2026-09-20 14:00,2026-09-20,Sun,weekend,Barchessa Padel e Pikleball,barchessa-pickleball,PADEL  2,indoor,16:00,afternoon,booked,,
2026-09-20 14:00,2026-09-20,Sun,weekend,Barchessa Padel e Pikleball,barchessa-pickleball,PADEL  3,indoor,14:30,afternoon,free,40 EUR,27 EUR
2026-09-20 14:00,2026-09-20,Sun,weekend,Barchessa Padel e Pikleball,barchessa-pickleball,PADEL  3,indoor,15:00,afternoon,free,,27 EUR
2026-09-20 14:00,2026-09-20,Sun,weekend,Barchessa Padel e Pikleball,barchessa-pickleball,PADEL  3,indoor,15:30,afternoon,free,,
2026-09-20 14:00,2026-09-20,Sun,weekend,Barchessa Padel e Pikleball,barchessa-pickleball,PADEL  3,indoor,16:00,afternoon,booked,,
2026-09-20 14:00,2026-09-20,Sun,weekend,H-FARM CAMPUS,h-farm-campus,Padel 1,outdoor,14:30,afternoon,free,80 EUR,
2026-09-20 14:00,2026-09-20,Sun,weekend,H-FARM CAMPUS,h-farm-campus,Padel 1,outdoor,15:00,afternoon,free,80 EUR,
2026-09-20 14:00,2026-09-20,Sun,weekend,H-FARM CAMPUS,h-farm-campus,Padel 1,outdoor,15:30,afternoon,free,80 EUR,
2026-09-20 14:00,2026-09-20,Sun,weekend,H-FARM CAMPUS,h-farm-campus,Padel 1,outdoor,16:00,afternoon,free,80 EUR,
2026-09-20 14:00,2026-09-20,Sun,weekend,H-FARM CAMPUS,h-farm-campus,Padel 2,outdoor,14:30,afternoon,free,80 EUR,
2026-09-20 14:00,2026-09-20,Sun,weekend,H-FARM CAMPUS,h-farm-campus,Padel 2,outdoor,15:00,afternoon,free,80 EUR,
2026-09-20 14:00,2026-09-20,Sun,weekend,H-FARM CAMPUS,h-farm-campus,Padel 2,outdoor,15:30,afternoon,free,80 EUR,
2026-09-20 14:00,2026-09-20,Sun,weekend,H-FARM CAMPUS,h-farm-campus,Padel 2,outdoor,16:00,afternoon,free,80 EUR,
2026-09-20 14:00,2026-09-20,Sun,weekend,SPH - Treviso Sporting,sph-treviso-sporting,Campo 4,indoor,14:30,afternoon,free,50 EUR,36 EUR
2026-09-20 14:00,2026-09-20,Sun,weekend,SPH - Treviso Sporting,sph-treviso-sporting,Campo 4,indoor,15:00,afternoon,free,50 EUR,36 EUR
2026-09-20 14:00,2026-09-20,Sun,weekend,SPH - Treviso Sporting,sph-treviso-sporting,Campo 4,indoor,15:30,afternoon,free,,36 EUR
2026-09-20 14:00,2026-09-20,Sun,weekend,SPH - Treviso Sporting,sph-treviso-sporting,Campo 4,indoor,16:00,afternoon,free,50 EUR,
2026-09-20 14:00,2026-09-20,Sun,weekend,SPH - Treviso Sporting,sph-treviso-sporting,Campo 5,indoor,14:30,afternoon,free,,
2026-09-20 14:00,2026-09-20,Sun,weekend,SPH - Treviso Sporting,sph-treviso-sporting,Campo 5,indoor,15:00,afternoon,booked,,
2026-09-20 14:00,2026-09-20,Sun,weekend,SPH - Treviso Sporting,sph-treviso-sporting,Campo 5,indoor,15:30,afternoon,booked,,
2026-09-20 14:00,2026-09-20,Sun,weekend,SPH - Treviso Sporting,sph-treviso-sporting,Campo 5,indoor,16:00,afternoon,booked,,
2026-09-20 14:00,2026-09-20,Sun,weekend,SPH - Treviso Sporting,sph-treviso-sporting,Campo 6,indoor,14:30,afternoon,free,50 EUR,36 EUR
2026-09-20 14:00,2026-09-20,Sun,weekend,SPH - Treviso Sporting,sph-treviso-sporting,Campo 6,indoor,15:00,afternoon,free,50 EUR,36 EUR
2026-09-20 14:00,2026-09-20,Sun,weekend,SPH - Treviso Sporting,sph-treviso-sporting,Campo 6,indoor,15:30,afternoon,free,,36 EUR
2026-09-20 14:00,2026-09-20,Sun,weekend,SPH - Treviso Sporting,sph-treviso-sporting,Campo 6,indoor,16:00,afternoon,free,50 EUR,
2026-09-20 14:00,2026-09-20,Sun,weekend,SPH - Treviso Sporting,sph-treviso-sporting,Campo 7,indoor,14:30,afternoon,free,50 EUR,36 EUR
2026-09-20 14:00,2026-09-20,Sun,weekend,SPH - Treviso Sporting,sph-treviso-sporting,Campo 7,indoor,15:00,afternoon,free,50 EUR,36 EUR
2026-09-20 14:00,2026-09-20,Sun,weekend,SPH - Treviso Sporting,sph-treviso-sporting,Campo 7,indoor,15:30,afternoon,free,,36 EUR
2026-09-20 14:00,2026-09-20,Sun,weekend,SPH - Treviso Sporting,sph-treviso-sporting,Campo 7,indoor,16:00,afternoon,free,50 EUR,
2026-09-20 14:00,2026-09-20,Sun,weekend,SPH - Treviso Sporting,sph-treviso-sporting,Campo 1,outdoor,14:30,afternoon,free,40 EUR,28 EUR
2026-09-20 14:00,2026-09-20,Sun,weekend,SPH - Treviso Sporting,sph-treviso-sporting,Campo 1,outdoor,15:00,afternoon,free,40 EUR,28 EUR
2026-09-20 14:00,2026-09-20,Sun,weekend,SPH - Treviso Sporting,sph-treviso-sporting,Campo 1,outdoor,15:30,afternoon,free,,28 EUR
2026-09-20 14:00,2026-09-20,Sun,weekend,SPH - Treviso Sporting,sph-treviso-sporting,Campo 1,outdoor,16:00,afternoon,free,40 EUR,
2026-09-20 14:00,2026-09-20,Sun,weekend,SPH - Treviso Sporting,sph-treviso-sporting,Campo 2,outdoor,14:30,afternoon,free,40 EUR,28 EUR
2026-09-20 14:00,2026-09-20,Sun,weekend,SPH - Treviso Sporting,sph-treviso-sporting,Campo 2,outdoor,15:00,afternoon,free,40 EUR,28 EUR
2026-09-20 14:00,2026-09-20,Sun,weekend,SPH - Treviso Sporting,sph-treviso-sporting,Campo 2,outdoor,15:30,afternoon,free,,28 EUR
2026-09-20 14:00,2026-09-20,Sun,weekend,SPH - Treviso Sporting,sph-treviso-sporting,Campo 2,outdoor,16:00,afternoon,free,40 EUR,
2026-09-20 14:00,2026-09-20,Sun,weekend,SPH - Treviso Sporting,sph-treviso-sporting,Campo 3,outdoor,14:30,afternoon,free,40 EUR,28 EUR
2026-09-20 14:00,2026-09-20,Sun,weekend,SPH - Treviso Sporting,sph-treviso-sporting,Campo 3,outdoor,15:00,afternoon,free,40 EUR,28 EUR
2026-09-20 14:00,2026-09-20,Sun,weekend,SPH - Treviso Sporting,sph-treviso-sporting,Campo 3,outdoor,15:30,afternoon,free,,28 EUR
2026-09-20 14:00,2026-09-20,Sun,weekend,SPH - Treviso Sporting,sph-treviso-sporting,Campo 3,outdoor,16:00,afternoon,free,40 EUR,
2026-09-20 14:00,2026-09-20,Sun,weekend,Marina Sporting,marina-sporting,Padel 1,outdoor,14:30,afternoon,free,44 EUR,
2026-09-20 14:00,2026-09-20,Sun,weekend,Marina Sporting,marina-sporting,Padel 1,outdoor,15:00,afternoon,free,,
2026-09-20 14:00,2026-09-20,Sun,weekend,Marina Sporting,marina-sporting,Padel 1,outdoor,15:30,afternoon,free,,
2026-09-20 14:00,2026-09-20,Sun,weekend,Marina Sporting,marina-sporting,Padel 1,outdoor,16:00,afternoon,free,44 EUR,
2026-09-20 14:00,2026-09-20,Sun,weekend,Marina Sporting,marina-sporting,Padel 2,outdoor,14:30,afternoon,free,44 EUR,
2026-09-20 14:00,2026-09-20,Sun,weekend,Marina Sporting,marina-sporting,Padel 2,outdoor,15:00,afternoon,free,,
2026-09-20 14:00,2026-09-20,Sun,weekend,Marina Sporting,marina-sporting,Padel 2,outdoor,15:30,afternoon,free,,
2026-09-20 14:00,2026-09-20,Sun,weekend,Marina Sporting,marina-sporting,Padel 2,outdoor,16:00,afternoon,free,44 EUR,
2026-09-20 16:00,2026-09-20,Sun,weekend,Sporting Club Mestre,sporting-club-mestre,Campo Giallo,outdoor,16:30,afternoon,booked,,
2026-09-20 16:00,2026-09-20,Sun,weekend,Sporting Club Mestre,sporting-club-mestre,Campo Giallo,outdoor,17:00,afternoon,booked,,
2026-09-20 16:00,2026-09-20,Sun,weekend,Sporting Club Mestre,sporting-club-mestre,Campo Giallo,outdoor,17:30,afternoon,booked,,
2026-09-20 16:00,2026-09-20,Sun,weekend,Sporting Club Mestre,sporting-club-mestre,Campo Giallo,outdoor,18:00,evening,booked,,
2026-09-20 16:00,2026-09-20,Sun,weekend,Sporting Club Mestre,sporting-club-mestre,Campo Rosso,outdoor,16:30,afternoon,booked,,
2026-09-20 16:00,2026-09-20,Sun,weekend,Sporting Club Mestre,sporting-club-mestre,Campo Rosso,outdoor,17:00,afternoon,booked,,
2026-09-20 16:00,2026-09-20,Sun,weekend,Sporting Club Mestre,sporting-club-mestre,Campo Rosso,outdoor,17:30,afternoon,booked,,
2026-09-20 16:00,2026-09-20,Sun,weekend,Sporting Club Mestre,sporting-club-mestre,Campo Rosso,outdoor,18:00,evening,booked,,
2026-09-20 16:00,2026-09-20,Sun,weekend,Sporting Club Mestre,sporting-club-mestre,campo coperto 1,indoor,16:30,afternoon,booked,,
2026-09-20 16:00,2026-09-20,Sun,weekend,Sporting Club Mestre,sporting-club-mestre,campo coperto 1,indoor,17:00,afternoon,booked,,
2026-09-20 16:00,2026-09-20,Sun,weekend,Sporting Club Mestre,sporting-club-mestre,campo coperto 1,indoor,17:30,afternoon,booked,,
2026-09-20 16:00,2026-09-20,Sun,weekend,Sporting Club Mestre,sporting-club-mestre,campo coperto 1,indoor,18:00,evening,booked,,
2026-09-20 16:00,2026-09-20,Sun,weekend,Sporting Club Mestre,sporting-club-mestre,campo coperto 2,indoor,16:30,afternoon,booked,,
2026-09-20 16:00,2026-09-20,Sun,weekend,Sporting Club Mestre,sporting-club-mestre,campo coperto 2,indoor,17:00,afternoon,booked,,
2026-09-20 16:00,2026-09-20,Sun,weekend,Sporting Club Mestre,sporting-club-mestre,campo coperto 2,indoor,17:30,afternoon,booked,,
2026-09-20 16:00,2026-09-20,Sun,weekend,Sporting Club Mestre,sporting-club-mestre,campo coperto 2,indoor,18:00,evening,booked,,
2026-09-20 16:00,2026-09-20,Sun,weekend,Aquafit Padel,aquafit-padel,Padel 1,outdoor,16:30,afternoon,booked,,
2026-09-20 16:00,2026-09-20,Sun,weekend,Aquafit Padel,aquafit-padel,Padel 1,outdoor,17:00,afternoon,booked,,
2026-09-20 16:00,2026-09-20,Sun,weekend,Aquafit Padel,aquafit-padel,Padel 1,outdoor,17:30,afternoon,booked,,
2026-09-20 16:00,2026-09-20,Sun,weekend,Aquafit Padel,aquafit-padel,Padel 2,outdoor,16:30,afternoon,booked,,
2026-09-20 16:00,2026-09-20,Sun,weekend,Aquafit Padel,aquafit-padel,Padel 2,outdoor,17:00,afternoon,booked,,
2026-09-20 16:00,2026-09-20,Sun,weekend,Aquafit Padel,aquafit-padel,Padel 2,outdoor,17:30,afternoon,booked,,
2026-09-20 16:00,2026-09-20,Sun,weekend,SPH - Venezia,sph-venezia,Campo 1,indoor,16:30,afternoon,free,48 EUR,32 EUR
2026-09-20 16:00,2026-09-20,Sun,weekend,SPH - Venezia,sph-venezia,Campo 1,indoor,17:00,afternoon,free,,32 EUR
2026-09-20 16:00,2026-09-20,Sun,weekend,SPH - Venezia,sph-venezia,Campo 1,indoor,17:30,afternoon,free,,
2026-09-20 16:00,2026-09-20,Sun,weekend,SPH - Venezia,sph-venezia,Campo 1,indoor,18:00,evening,booked,,
2026-09-20 16:00,2026-09-20,Sun,weekend,SPH - Venezia,sph-venezia,Campo 2,indoor,16:30,afternoon,free,48 EUR,32 EUR
2026-09-20 16:00,2026-09-20,Sun,weekend,SPH - Venezia,sph-venezia,Campo 2,indoor,17:00,afternoon,free,,32 EUR
2026-09-20 16:00,2026-09-20,Sun,weekend,SPH - Venezia,sph-venezia,Campo 2,indoor,17:30,afternoon,free,,
2026-09-20 16:00,2026-09-20,Sun,weekend,SPH - Venezia,sph-venezia,Campo 2,indoor,18:00,evening,booked,,
2026-09-20 16:00,2026-09-20,Sun,weekend,SPH - Venezia,sph-venezia,Campo 3,indoor,16:30,afternoon,free,48 EUR,32 EUR
2026-09-20 16:00,2026-09-20,Sun,weekend,SPH - Venezia,sph-venezia,Campo 3,indoor,17:00,afternoon,free,,32 EUR
2026-09-20 16:00,2026-09-20,Sun,weekend,SPH - Venezia,sph-venezia,Campo 3,indoor,17:30,afternoon,free,,
2026-09-20 16:00,2026-09-20,Sun,weekend,SPH - Venezia,sph-venezia,Campo 3,indoor,18:00,evening,booked,,
2026-09-20 16:00,2026-09-20,Sun,weekend,SPH - Venezia,sph-venezia,Campo 4 | B3 Capital,indoor,16:30,afternoon,free,48 EUR,32 EUR
2026-09-20 16:00,2026-09-20,Sun,weekend,SPH - Venezia,sph-venezia,Campo 4 | B3 Capital,indoor,17:00,afternoon,free,,32 EUR
2026-09-20 16:00,2026-09-20,Sun,weekend,SPH - Venezia,sph-venezia,Campo 4 | B3 Capital,indoor,17:30,afternoon,free,,
2026-09-20 16:00,2026-09-20,Sun,weekend,SPH - Venezia,sph-venezia,Campo 4 | B3 Capital,indoor,18:00,evening,booked,,
2026-09-20 16:00,2026-09-20,Sun,weekend,SPH - Venezia,sph-venezia,Campo 5 | Bassetto Impianti,indoor,16:30,afternoon,free,48 EUR,32 EUR
2026-09-20 16:00,2026-09-20,Sun,weekend,SPH - Venezia,sph-venezia,Campo 5 | Bassetto Impianti,indoor,17:00,afternoon,free,,32 EUR
2026-09-20 16:00,2026-09-20,Sun,weekend,SPH - Venezia,sph-venezia,Campo 5 | Bassetto Impianti,indoor,17:30,afternoon,free,,
2026-09-20 16:00,2026-09-20,Sun,weekend,SPH - Venezia,sph-venezia,Campo 5 | Bassetto Impianti,indoor,18:00,evening,booked,,
2026-09-20 16:00,2026-09-20,Sun,weekend,Padel Treviso,padel-treviso,1 Esterno,outdoor,16:30,afternoon,free,40 EUR,
2026-09-20 16:00,2026-09-20,Sun,weekend,Padel Treviso,padel-treviso,1 Esterno,outdoor,17:00,afternoon,free,,32 EUR
2026-09-20 16:00,2026-09-20,Sun,weekend,Padel Treviso,padel-treviso,1 Esterno,outdoor,17:30,afternoon,free,,
2026-09-20 16:00,2026-09-20,Sun,weekend,Padel Treviso,padel-treviso,1 Esterno,outdoor,18:00,evening,booked,,
2026-09-20 16:00,2026-09-20,Sun,weekend,Padel Treviso,padel-treviso,2 Esterno,outdoor,16:30,afternoon,booked,,
2026-09-20 16:00,2026-09-20,Sun,weekend,Padel Treviso,padel-treviso,2 Esterno,outdoor,17:00,afternoon,booked,,
2026-09-20 16:00,2026-09-20,Sun,weekend,Padel Treviso,padel-treviso,2 Esterno,outdoor,17:30,afternoon,booked,,
2026-09-20 16:00,2026-09-20,Sun,weekend,Padel Treviso,padel-treviso,2 Esterno,outdoor,18:00,evening,booked,,
2026-09-20 16:00,2026-09-20,Sun,weekend,Padel Treviso,padel-treviso,3 COPERTO,indoor,16:30,afternoon,free,,
2026-09-20 16:00,2026-09-20,Sun,weekend,Padel Treviso,padel-treviso,3 COPERTO,indoor,17:00,afternoon,booked,,
2026-09-20 16:00,2026-09-20,Sun,weekend,Padel Treviso,padel-treviso,3 COPERTO,indoor,17:30,afternoon,booked,,
2026-09-20 16:00,2026-09-20,Sun,weekend,Padel Treviso,padel-treviso,3 COPERTO,indoor,18:00,evening,booked,,
2026-09-20 16:00,2026-09-20,Sun,weekend,Padel Treviso,padel-treviso,4 COPERTO,indoor,16:30,afternoon,free,,
2026-09-20 16:00,2026-09-20,Sun,weekend,Padel Treviso,padel-treviso,4 COPERTO,indoor,17:00,afternoon,booked,,
2026-09-20 16:00,2026-09-20,Sun,weekend,Padel Treviso,padel-treviso,4 COPERTO,indoor,17:30,afternoon,booked,,
2026-09-20 16:00,2026-09-20,Sun,weekend,Padel Treviso,padel-treviso,4 COPERTO,indoor,18:00,evening,booked,,
2026-09-20 16:00,2026-09-20,Sun,weekend,Padel Treviso,padel-treviso,Kuikma Indoor,indoor,16:30,afternoon,free,56 EUR,
2026-09-20 16:00,2026-09-20,Sun,weekend,Padel Treviso,padel-treviso,Kuikma Indoor,indoor,17:00,afternoon,free,,
2026-09-20 16:00,2026-09-20,Sun,weekend,Padel Treviso,padel-treviso,Kuikma Indoor,indoor,17:30,afternoon,free,,
2026-09-20 16:00,2026-09-20,Sun,weekend,Padel Treviso,padel-treviso,Kuikma Indoor,indoor,18:00,evening,booked,,
2026-09-20 16:00,2026-09-20,Sun,weekend,Padel Treviso,padel-treviso,6 Indoor,indoor,16:30,afternoon,free,56 EUR,
2026-09-20 16:00,2026-09-20,Sun,weekend,Padel Treviso,padel-treviso,6 Indoor,indoor,17:00,afternoon,free,,
2026-09-20 16:00,2026-09-20,Sun,weekend,Padel Treviso,padel-treviso,6 Indoor,indoor,17:30,afternoon,free,,
2026-09-20 16:00,2026-09-20,Sun,weekend,Padel Treviso,padel-treviso,6 Indoor,indoor,18:00,evening,booked,,
2026-09-20 16:00,2026-09-20,Sun,weekend,Padel Treviso,padel-treviso,My Gym City Indoor,indoor,16:30,afternoon,free,56 EUR,
2026-09-20 16:00,2026-09-20,Sun,weekend,Padel Treviso,padel-treviso,My Gym City Indoor,indoor,17:00,afternoon,free,,
2026-09-20 16:00,2026-09-20,Sun,weekend,Padel Treviso,padel-treviso,My Gym City Indoor,indoor,17:30,afternoon,free,,
2026-09-20 16:00,2026-09-20,Sun,weekend,Padel Treviso,padel-treviso,My Gym City Indoor,indoor,18:00,evening,booked,,
2026-09-20 16:00,2026-09-20,Sun,weekend,Padel Treviso,padel-treviso,8 Esterno,outdoor,16:30,afternoon,booked,,
2026-09-20 16:00,2026-09-20,Sun,weekend,Padel Treviso,padel-treviso,8 Esterno,outdoor,17:00,afternoon,booked,,
2026-09-20 16:00,2026-09-20,Sun,weekend,Padel Treviso,padel-treviso,8 Esterno,outdoor,17:30,afternoon,booked,,
2026-09-20 16:00,2026-09-20,Sun,weekend,Padel Treviso,padel-treviso,8 Esterno,outdoor,18:00,evening,booked,,
2026-09-20 16:00,2026-09-20,Sun,weekend,Padel Treviso,padel-treviso,9 Gioielleria Minotto Istrana,indoor,16:30,afternoon,booked,,
2026-09-20 16:00,2026-09-20,Sun,weekend,Padel Treviso,padel-treviso,9 Gioielleria Minotto Istrana,indoor,17:00,afternoon,booked,,
2026-09-20 16:00,2026-09-20,Sun,weekend,Padel Treviso,padel-treviso,9 Gioielleria Minotto Istrana,indoor,17:30,afternoon,booked,,
2026-09-20 16:00,2026-09-20,Sun,weekend,Padel Treviso,padel-treviso,9 Gioielleria Minotto Istrana,indoor,18:00,evening,booked,,
2026-09-20 16:00,2026-09-20,Sun,weekend,Padel Treviso,padel-treviso,10 Gioielleria Minotto Istrana,indoor,16:30,afternoon,free,,
2026-09-20 16:00,2026-09-20,Sun,weekend,Padel Treviso,padel-treviso,10 Gioielleria Minotto Istrana,indoor,17:00,afternoon,free,,
2026-09-20 16:00,2026-09-20,Sun,weekend,Padel Treviso,padel-treviso,10 Gioielleria Minotto Istrana,indoor,17:30,afternoon,booked,,
2026-09-20 16:00,2026-09-20,Sun,weekend,Padel Treviso,padel-treviso,10 Gioielleria Minotto Istrana,indoor,18:00,evening,booked,,
2026-09-20 16:00,2026-09-20,Sun,weekend,Padel Treviso,padel-treviso,Singolo A Esterno,outdoor,16:30,afternoon,booked,,
2026-09-20 16:00,2026-09-20,Sun,weekend,Padel Treviso,padel-treviso,Singolo A Esterno,outdoor,17:00,afternoon,booked,,
2026-09-20 16:00,2026-09-20,Sun,weekend,Padel Treviso,padel-treviso,Singolo A Esterno,outdoor,17:30,afternoon,booked,,
2026-09-20 16:00,2026-09-20,Sun,weekend,Padel Treviso,padel-treviso,Singolo A Esterno,outdoor,18:00,evening,booked,,
2026-09-20 16:00,2026-09-20,Sun,weekend,Padel Treviso,padel-treviso,Singolo B Esterno,outdoor,16:30,afternoon,free,24 EUR,
2026-09-20 16:00,2026-09-20,Sun,weekend,Padel Treviso,padel-treviso,Singolo B Esterno,outdoor,17:00,afternoon,free,,20 EUR
2026-09-20 16:00,2026-09-20,Sun,weekend,Padel Treviso,padel-treviso,Singolo B Esterno,outdoor,17:30,afternoon,free,,
2026-09-20 16:00,2026-09-20,Sun,weekend,Padel Treviso,padel-treviso,Singolo B Esterno,outdoor,18:00,evening,booked,,
2026-09-20 16:00,2026-09-20,Sun,weekend,Altino Sport Village,altino-sport-village,Padel 1,indoor,16:30,afternoon,free,,
2026-09-20 16:00,2026-09-20,Sun,weekend,Altino Sport Village,altino-sport-village,Padel 1,indoor,17:00,afternoon,free,,40 EUR
2026-09-20 16:00,2026-09-20,Sun,weekend,Altino Sport Village,altino-sport-village,Padel 1,indoor,17:30,afternoon,free,,
2026-09-20 16:00,2026-09-20,Sun,weekend,Altino Sport Village,altino-sport-village,Padel 1,indoor,18:00,evening,booked,,
2026-09-20 16:00,2026-09-20,Sun,weekend,Altino Sport Village,altino-sport-village,Padel 2,indoor,16:30,afternoon,free,50 EUR,
2026-09-20 16:00,2026-09-20,Sun,weekend,Altino Sport Village,altino-sport-village,Padel 2,indoor,17:00,afternoon,free,,40 EUR
2026-09-20 16:00,2026-09-20,Sun,weekend,Altino Sport Village,altino-sport-village,Padel 2,indoor,17:30,afternoon,free,,
2026-09-20 16:00,2026-09-20,Sun,weekend,Altino Sport Village,altino-sport-village,Padel 2,indoor,18:00,evening,booked,,
2026-09-20 16:00,2026-09-20,Sun,weekend,Barchessa Padel e Pikleball,barchessa-pickleball,PADEL 1,indoor,16:30,afternoon,booked,,
2026-09-20 16:00,2026-09-20,Sun,weekend,Barchessa Padel e Pikleball,barchessa-pickleball,PADEL 1,indoor,17:00,afternoon,booked,,
2026-09-20 16:00,2026-09-20,Sun,weekend,Barchessa Padel e Pikleball,barchessa-pickleball,PADEL 1,indoor,17:30,afternoon,booked,,
2026-09-20 16:00,2026-09-20,Sun,weekend,Barchessa Padel e Pikleball,barchessa-pickleball,PADEL 1,indoor,18:00,evening,booked,,
2026-09-20 16:00,2026-09-20,Sun,weekend,Barchessa Padel e Pikleball,barchessa-pickleball,PADEL  2,indoor,16:30,afternoon,booked,,
2026-09-20 16:00,2026-09-20,Sun,weekend,Barchessa Padel e Pikleball,barchessa-pickleball,PADEL  2,indoor,17:00,afternoon,booked,,
2026-09-20 16:00,2026-09-20,Sun,weekend,Barchessa Padel e Pikleball,barchessa-pickleball,PADEL  2,indoor,17:30,afternoon,booked,,
2026-09-20 16:00,2026-09-20,Sun,weekend,Barchessa Padel e Pikleball,barchessa-pickleball,PADEL  2,indoor,18:00,evening,booked,,
2026-09-20 16:00,2026-09-20,Sun,weekend,Barchessa Padel e Pikleball,barchessa-pickleball,PADEL  3,indoor,16:30,afternoon,booked,,
2026-09-20 16:00,2026-09-20,Sun,weekend,Barchessa Padel e Pikleball,barchessa-pickleball,PADEL  3,indoor,17:00,afternoon,booked,,
2026-09-20 16:00,2026-09-20,Sun,weekend,Barchessa Padel e Pikleball,barchessa-pickleball,PADEL  3,indoor,17:30,afternoon,booked,,
2026-09-20 16:00,2026-09-20,Sun,weekend,Barchessa Padel e Pikleball,barchessa-pickleball,PADEL  3,indoor,18:00,evening,booked,,
2026-09-20 16:00,2026-09-20,Sun,weekend,H-FARM CAMPUS,h-farm-campus,Padel 1,outdoor,16:30,afternoon,free,80 EUR,
2026-09-20 16:00,2026-09-20,Sun,weekend,H-FARM CAMPUS,h-farm-campus,Padel 1,outdoor,17:00,afternoon,free,81.66 EUR,
2026-09-20 16:00,2026-09-20,Sun,weekend,H-FARM CAMPUS,h-farm-campus,Padel 1,outdoor,17:30,afternoon,free,83.34 EUR,
2026-09-20 16:00,2026-09-20,Sun,weekend,H-FARM CAMPUS,h-farm-campus,Padel 1,outdoor,18:00,evening,free,85 EUR,
2026-09-20 16:00,2026-09-20,Sun,weekend,H-FARM CAMPUS,h-farm-campus,Padel 2,outdoor,16:30,afternoon,free,80 EUR,
2026-09-20 16:00,2026-09-20,Sun,weekend,H-FARM CAMPUS,h-farm-campus,Padel 2,outdoor,17:00,afternoon,free,81.66 EUR,
2026-09-20 16:00,2026-09-20,Sun,weekend,H-FARM CAMPUS,h-farm-campus,Padel 2,outdoor,17:30,afternoon,free,83.34 EUR,
2026-09-20 16:00,2026-09-20,Sun,weekend,H-FARM CAMPUS,h-farm-campus,Padel 2,outdoor,18:00,evening,free,85 EUR,
2026-09-20 16:00,2026-09-20,Sun,weekend,SPH - Treviso Sporting,sph-treviso-sporting,Campo 4,indoor,16:30,afternoon,free,,36 EUR
2026-09-20 16:00,2026-09-20,Sun,weekend,SPH - Treviso Sporting,sph-treviso-sporting,Campo 4,indoor,17:00,afternoon,free,,
2026-09-20 16:00,2026-09-20,Sun,weekend,SPH - Treviso Sporting,sph-treviso-sporting,Campo 4,indoor,17:30,afternoon,booked,,
2026-09-20 16:00,2026-09-20,Sun,weekend,SPH - Treviso Sporting,sph-treviso-sporting,Campo 4,indoor,18:00,evening,booked,,
2026-09-20 16:00,2026-09-20,Sun,weekend,SPH - Treviso Sporting,sph-treviso-sporting,Campo 5,indoor,16:30,afternoon,free,,36 EUR
2026-09-20 16:00,2026-09-20,Sun,weekend,SPH - Treviso Sporting,sph-treviso-sporting,Campo 5,indoor,17:00,afternoon,free,,
2026-09-20 16:00,2026-09-20,Sun,weekend,SPH - Treviso Sporting,sph-treviso-sporting,Campo 5,indoor,17:30,afternoon,booked,,
2026-09-20 16:00,2026-09-20,Sun,weekend,SPH - Treviso Sporting,sph-treviso-sporting,Campo 5,indoor,18:00,evening,booked,,
2026-09-20 16:00,2026-09-20,Sun,weekend,SPH - Treviso Sporting,sph-treviso-sporting,Campo 6,indoor,16:30,afternoon,booked,,
2026-09-20 16:00,2026-09-20,Sun,weekend,SPH - Treviso Sporting,sph-treviso-sporting,Campo 6,indoor,17:00,afternoon,booked,,
2026-09-20 16:00,2026-09-20,Sun,weekend,SPH - Treviso Sporting,sph-treviso-sporting,Campo 6,indoor,17:30,afternoon,booked,,
2026-09-20 16:00,2026-09-20,Sun,weekend,SPH - Treviso Sporting,sph-treviso-sporting,Campo 6,indoor,18:00,evening,booked,,
2026-09-20 16:00,2026-09-20,Sun,weekend,SPH - Treviso Sporting,sph-treviso-sporting,Campo 7,indoor,16:30,afternoon,free,,36 EUR
2026-09-20 16:00,2026-09-20,Sun,weekend,SPH - Treviso Sporting,sph-treviso-sporting,Campo 7,indoor,17:00,afternoon,free,,
2026-09-20 16:00,2026-09-20,Sun,weekend,SPH - Treviso Sporting,sph-treviso-sporting,Campo 7,indoor,17:30,afternoon,booked,,
2026-09-20 16:00,2026-09-20,Sun,weekend,SPH - Treviso Sporting,sph-treviso-sporting,Campo 7,indoor,18:00,evening,booked,,
2026-09-20 16:00,2026-09-20,Sun,weekend,SPH - Treviso Sporting,sph-treviso-sporting,Campo 1,outdoor,16:30,afternoon,free,,28 EUR
2026-09-20 16:00,2026-09-20,Sun,weekend,SPH - Treviso Sporting,sph-treviso-sporting,Campo 1,outdoor,17:00,afternoon,free,,
2026-09-20 16:00,2026-09-20,Sun,weekend,SPH - Treviso Sporting,sph-treviso-sporting,Campo 1,outdoor,17:30,afternoon,booked,,
2026-09-20 16:00,2026-09-20,Sun,weekend,SPH - Treviso Sporting,sph-treviso-sporting,Campo 1,outdoor,18:00,evening,booked,,
2026-09-20 16:00,2026-09-20,Sun,weekend,SPH - Treviso Sporting,sph-treviso-sporting,Campo 2,outdoor,16:30,afternoon,free,,28 EUR
2026-09-20 16:00,2026-09-20,Sun,weekend,SPH - Treviso Sporting,sph-treviso-sporting,Campo 2,outdoor,17:00,afternoon,free,,
2026-09-20 16:00,2026-09-20,Sun,weekend,SPH - Treviso Sporting,sph-treviso-sporting,Campo 2,outdoor,17:30,afternoon,booked,,
2026-09-20 16:00,2026-09-20,Sun,weekend,SPH - Treviso Sporting,sph-treviso-sporting,Campo 2,outdoor,18:00,evening,booked,,
2026-09-20 16:00,2026-09-20,Sun,weekend,SPH - Treviso Sporting,sph-treviso-sporting,Campo 3,outdoor,16:30,afternoon,free,,28 EUR
2026-09-20 16:00,2026-09-20,Sun,weekend,SPH - Treviso Sporting,sph-treviso-sporting,Campo 3,outdoor,17:00,afternoon,free,,
2026-09-20 16:00,2026-09-20,Sun,weekend,SPH - Treviso Sporting,sph-treviso-sporting,Campo 3,outdoor,17:30,afternoon,booked,,
2026-09-20 16:00,2026-09-20,Sun,weekend,SPH - Treviso Sporting,sph-treviso-sporting,Campo 3,outdoor,18:00,evening,booked,,
2026-09-20 16:00,2026-09-20,Sun,weekend,Marina Sporting,marina-sporting,Padel 1,outdoor,16:30,afternoon,free,,
2026-09-20 16:00,2026-09-20,Sun,weekend,Marina Sporting,marina-sporting,Padel 1,outdoor,17:00,afternoon,free,,
2026-09-20 16:00,2026-09-20,Sun,weekend,Marina Sporting,marina-sporting,Padel 1,outdoor,17:30,afternoon,free,44 EUR,
2026-09-20 16:00,2026-09-20,Sun,weekend,Marina Sporting,marina-sporting,Padel 1,outdoor,18:00,evening,free,,
2026-09-20 16:00,2026-09-20,Sun,weekend,Marina Sporting,marina-sporting,Padel 2,outdoor,16:30,afternoon,free,,
2026-09-20 16:00,2026-09-20,Sun,weekend,Marina Sporting,marina-sporting,Padel 2,outdoor,17:00,afternoon,free,,
2026-09-20 16:00,2026-09-20,Sun,weekend,Marina Sporting,marina-sporting,Padel 2,outdoor,17:30,afternoon,free,44 EUR,
2026-09-20 16:00,2026-09-20,Sun,weekend,Marina Sporting,marina-sporting,Padel 2,outdoor,18:00,evening,free,,
2026-09-20 18:32,2026-09-20,Sun,weekend,SPH - Venezia,sph-venezia,Campo 1,indoor,19:00,evening,booked,,
2026-09-20 18:32,2026-09-20,Sun,weekend,SPH - Venezia,sph-venezia,Campo 1,indoor,19:30,evening,booked,,
2026-09-20 18:32,2026-09-20,Sun,weekend,SPH - Venezia,sph-venezia,Campo 1,indoor,20:00,evening,booked,,
2026-09-20 18:32,2026-09-20,Sun,weekend,SPH - Venezia,sph-venezia,Campo 2,indoor,19:00,evening,booked,,
2026-09-20 18:32,2026-09-20,Sun,weekend,SPH - Venezia,sph-venezia,Campo 2,indoor,19:30,evening,booked,,
2026-09-20 18:32,2026-09-20,Sun,weekend,SPH - Venezia,sph-venezia,Campo 2,indoor,20:00,evening,booked,,
2026-09-20 18:32,2026-09-20,Sun,weekend,SPH - Venezia,sph-venezia,Campo 3,indoor,19:00,evening,booked,,
2026-09-20 18:32,2026-09-20,Sun,weekend,SPH - Venezia,sph-venezia,Campo 3,indoor,19:30,evening,booked,,
2026-09-20 18:32,2026-09-20,Sun,weekend,SPH - Venezia,sph-venezia,Campo 3,indoor,20:00,evening,booked,,
2026-09-20 18:32,2026-09-20,Sun,weekend,SPH - Venezia,sph-venezia,Campo 4 | B3 Capital,indoor,19:00,evening,booked,,
2026-09-20 18:32,2026-09-20,Sun,weekend,SPH - Venezia,sph-venezia,Campo 4 | B3 Capital,indoor,19:30,evening,booked,,
2026-09-20 18:32,2026-09-20,Sun,weekend,SPH - Venezia,sph-venezia,Campo 4 | B3 Capital,indoor,20:00,evening,booked,,
2026-09-20 18:32,2026-09-20,Sun,weekend,SPH - Venezia,sph-venezia,Campo 5 | Bassetto Impianti,indoor,19:00,evening,booked,,
2026-09-20 18:32,2026-09-20,Sun,weekend,SPH - Venezia,sph-venezia,Campo 5 | Bassetto Impianti,indoor,19:30,evening,booked,,
2026-09-20 18:32,2026-09-20,Sun,weekend,SPH - Venezia,sph-venezia,Campo 5 | Bassetto Impianti,indoor,20:00,evening,booked,,
2026-09-20 18:32,2026-09-20,Sun,weekend,Padel Treviso,padel-treviso,1 Esterno,outdoor,19:00,evening,booked,,
2026-09-20 18:32,2026-09-20,Sun,weekend,Padel Treviso,padel-treviso,1 Esterno,outdoor,19:30,evening,booked,,
2026-09-20 18:32,2026-09-20,Sun,weekend,Padel Treviso,padel-treviso,2 Esterno,outdoor,19:00,evening,booked,,
2026-09-20 18:32,2026-09-20,Sun,weekend,Padel Treviso,padel-treviso,2 Esterno,outdoor,19:30,evening,booked,,
2026-09-20 18:32,2026-09-20,Sun,weekend,Padel Treviso,padel-treviso,3 COPERTO,indoor,19:00,evening,booked,,
2026-09-20 18:32,2026-09-20,Sun,weekend,Padel Treviso,padel-treviso,3 COPERTO,indoor,19:30,evening,booked,,
2026-09-20 18:32,2026-09-20,Sun,weekend,Padel Treviso,padel-treviso,4 COPERTO,indoor,19:00,evening,booked,,
2026-09-20 18:32,2026-09-20,Sun,weekend,Padel Treviso,padel-treviso,4 COPERTO,indoor,19:30,evening,booked,,
2026-09-20 18:32,2026-09-20,Sun,weekend,Padel Treviso,padel-treviso,Kuikma Indoor,indoor,19:00,evening,booked,,
2026-09-20 18:32,2026-09-20,Sun,weekend,Padel Treviso,padel-treviso,Kuikma Indoor,indoor,19:30,evening,booked,,
2026-09-20 18:32,2026-09-20,Sun,weekend,Padel Treviso,padel-treviso,6 Indoor,indoor,19:00,evening,booked,,
2026-09-20 18:32,2026-09-20,Sun,weekend,Padel Treviso,padel-treviso,6 Indoor,indoor,19:30,evening,booked,,
2026-09-20 18:32,2026-09-20,Sun,weekend,Padel Treviso,padel-treviso,My Gym City Indoor,indoor,19:00,evening,booked,,
2026-09-20 18:32,2026-09-20,Sun,weekend,Padel Treviso,padel-treviso,My Gym City Indoor,indoor,19:30,evening,booked,,
2026-09-20 18:32,2026-09-20,Sun,weekend,Padel Treviso,padel-treviso,8 Esterno,outdoor,19:00,evening,booked,,
2026-09-20 18:32,2026-09-20,Sun,weekend,Padel Treviso,padel-treviso,8 Esterno,outdoor,19:30,evening,booked,,
2026-09-20 18:32,2026-09-20,Sun,weekend,Padel Treviso,padel-treviso,9 Gioielleria Minotto Istrana,indoor,19:00,evening,booked,,
2026-09-20 18:32,2026-09-20,Sun,weekend,Padel Treviso,padel-treviso,9 Gioielleria Minotto Istrana,indoor,19:30,evening,booked,,
2026-09-20 18:32,2026-09-20,Sun,weekend,Padel Treviso,padel-treviso,10 Gioielleria Minotto Istrana,indoor,19:00,evening,booked,,
2026-09-20 18:32,2026-09-20,Sun,weekend,Padel Treviso,padel-treviso,10 Gioielleria Minotto Istrana,indoor,19:30,evening,booked,,
2026-09-20 18:32,2026-09-20,Sun,weekend,Padel Treviso,padel-treviso,Singolo A Esterno,outdoor,19:00,evening,booked,,
2026-09-20 18:32,2026-09-20,Sun,weekend,Padel Treviso,padel-treviso,Singolo A Esterno,outdoor,19:30,evening,booked,,
2026-09-20 18:32,2026-09-20,Sun,weekend,Padel Treviso,padel-treviso,Singolo B Esterno,outdoor,19:00,evening,booked,,
2026-09-20 18:32,2026-09-20,Sun,weekend,Padel Treviso,padel-treviso,Singolo B Esterno,outdoor,19:30,evening,booked,,
2026-09-20 18:32,2026-09-20,Sun,weekend,Altino Sport Village,altino-sport-village,Padel 1,indoor,19:00,evening,booked,,
2026-09-20 18:32,2026-09-20,Sun,weekend,Altino Sport Village,altino-sport-village,Padel 1,indoor,19:30,evening,booked,,
2026-09-20 18:32,2026-09-20,Sun,weekend,Altino Sport Village,altino-sport-village,Padel 1,indoor,20:00,evening,booked,,
2026-09-20 18:32,2026-09-20,Sun,weekend,Altino Sport Village,altino-sport-village,Padel 1,indoor,20:30,evening,booked,,
2026-09-20 18:32,2026-09-20,Sun,weekend,Altino Sport Village,altino-sport-village,Padel 2,indoor,19:00,evening,booked,,
2026-09-20 18:32,2026-09-20,Sun,weekend,Altino Sport Village,altino-sport-village,Padel 2,indoor,19:30,evening,booked,,
2026-09-20 18:32,2026-09-20,Sun,weekend,Altino Sport Village,altino-sport-village,Padel 2,indoor,20:00,evening,booked,,
2026-09-20 18:32,2026-09-20,Sun,weekend,Altino Sport Village,altino-sport-village,Padel 2,indoor,20:30,evening,booked,,
2026-09-20 18:32,2026-09-20,Sun,weekend,Barchessa Padel e Pikleball,barchessa-pickleball,PADEL 1,indoor,19:00,evening,booked,,
2026-09-20 18:32,2026-09-20,Sun,weekend,Barchessa Padel e Pikleball,barchessa-pickleball,PADEL  2,indoor,19:00,evening,booked,,
2026-09-20 18:32,2026-09-20,Sun,weekend,Barchessa Padel e Pikleball,barchessa-pickleball,PADEL  3,indoor,19:00,evening,booked,,
2026-09-20 18:32,2026-09-20,Sun,weekend,H-FARM CAMPUS,h-farm-campus,Padel 1,outdoor,19:00,evening,free,,
2026-09-20 18:32,2026-09-20,Sun,weekend,H-FARM CAMPUS,h-farm-campus,Padel 1,outdoor,19:30,evening,free,,
2026-09-20 18:32,2026-09-20,Sun,weekend,H-FARM CAMPUS,h-farm-campus,Padel 1,outdoor,20:00,evening,booked,,
2026-09-20 18:32,2026-09-20,Sun,weekend,H-FARM CAMPUS,h-farm-campus,Padel 1,outdoor,20:30,evening,booked,,
2026-09-20 18:32,2026-09-20,Sun,weekend,H-FARM CAMPUS,h-farm-campus,Padel 2,outdoor,19:00,evening,free,,
2026-09-20 18:32,2026-09-20,Sun,weekend,H-FARM CAMPUS,h-farm-campus,Padel 2,outdoor,19:30,evening,free,,
2026-09-20 18:32,2026-09-20,Sun,weekend,H-FARM CAMPUS,h-farm-campus,Padel 2,outdoor,20:00,evening,booked,,
2026-09-20 18:32,2026-09-20,Sun,weekend,H-FARM CAMPUS,h-farm-campus,Padel 2,outdoor,20:30,evening,booked,,
2026-09-20 18:32,2026-09-20,Sun,weekend,SPH - Treviso Sporting,sph-treviso-sporting,Campo 4,indoor,19:00,evening,booked,,
2026-09-20 18:32,2026-09-20,Sun,weekend,SPH - Treviso Sporting,sph-treviso-sporting,Campo 5,indoor,19:00,evening,booked,,
2026-09-20 18:32,2026-09-20,Sun,weekend,SPH - Treviso Sporting,sph-treviso-sporting,Campo 6,indoor,19:00,evening,booked,,
2026-09-20 18:32,2026-09-20,Sun,weekend,SPH - Treviso Sporting,sph-treviso-sporting,Campo 7,indoor,19:00,evening,booked,,
2026-09-20 18:32,2026-09-20,Sun,weekend,SPH - Treviso Sporting,sph-treviso-sporting,Campo 1,outdoor,19:00,evening,booked,,
2026-09-20 18:32,2026-09-20,Sun,weekend,SPH - Treviso Sporting,sph-treviso-sporting,Campo 2,outdoor,19:00,evening,booked,,
2026-09-20 18:32,2026-09-20,Sun,weekend,SPH - Treviso Sporting,sph-treviso-sporting,Campo 3,outdoor,19:00,evening,booked,,
2026-09-20 18:32,2026-09-20,Sun,weekend,Marina Sporting,marina-sporting,Padel 1,outdoor,19:00,evening,booked,,
2026-09-20 18:32,2026-09-20,Sun,weekend,Marina Sporting,marina-sporting,Padel 1,outdoor,19:30,evening,booked,,
2026-09-20 18:32,2026-09-20,Sun,weekend,Marina Sporting,marina-sporting,Padel 1,outdoor,20:00,evening,booked,,
2026-09-20 18:32,2026-09-20,Sun,weekend,Marina Sporting,marina-sporting,Padel 1,outdoor,20:30,evening,booked,,
2026-09-20 18:32,2026-09-20,Sun,weekend,Marina Sporting,marina-sporting,Padel 2,outdoor,19:00,evening,booked,,
2026-09-20 18:32,2026-09-20,Sun,weekend,Marina Sporting,marina-sporting,Padel 2,outdoor,19:30,evening,booked,,
2026-09-20 18:32,2026-09-20,Sun,weekend,Marina Sporting,marina-sporting,Padel 2,outdoor,20:00,evening,booked,,
2026-09-20 18:32,2026-09-20,Sun,weekend,Marina Sporting,marina-sporting,Padel 2,outdoor,20:30,evening,booked,,
2026-09-20 20:00,2026-09-20,Sun,weekend,Altino Sport Village,altino-sport-village,Padel 1,indoor,20:30,evening,booked,,
2026-09-20 20:00,2026-09-20,Sun,weekend,Altino Sport Village,altino-sport-village,Padel 2,indoor,20:30,evening,booked,,
2026-09-20 20:00,2026-09-20,Sun,weekend,H-FARM CAMPUS,h-farm-campus,Padel 1,outdoor,20:30,evening,booked,,
2026-09-20 20:00,2026-09-20,Sun,weekend,H-FARM CAMPUS,h-farm-campus,Padel 1,outdoor,21:00,evening,booked,,
2026-09-20 20:00,2026-09-20,Sun,weekend,H-FARM CAMPUS,h-farm-campus,Padel 1,outdoor,21:30,evening,booked,,
2026-09-20 20:00,2026-09-20,Sun,weekend,H-FARM CAMPUS,h-farm-campus,Padel 2,outdoor,20:30,evening,booked,,
2026-09-20 20:00,2026-09-20,Sun,weekend,H-FARM CAMPUS,h-farm-campus,Padel 2,outdoor,21:00,evening,booked,,
2026-09-20 20:00,2026-09-20,Sun,weekend,H-FARM CAMPUS,h-farm-campus,Padel 2,outdoor,21:30,evening,booked,,
2026-09-20 20:00,2026-09-20,Sun,weekend,Marina Sporting,marina-sporting,Padel 1,outdoor,20:30,evening,booked,,
2026-09-20 20:00,2026-09-20,Sun,weekend,Marina Sporting,marina-sporting,Padel 1,outdoor,21:00,evening,booked,,
2026-09-20 20:00,2026-09-20,Sun,weekend,Marina Sporting,marina-sporting,Padel 1,outdoor,21:30,evening,booked,,
2026-09-20 20:00,2026-09-20,Sun,weekend,Marina Sporting,marina-sporting,Padel 2,outdoor,20:30,evening,booked,,
2026-09-20 20:00,2026-09-20,Sun,weekend,Marina Sporting,marina-sporting,Padel 2,outdoor,21:00,evening,booked,,
2026-09-20 20:00,2026-09-20,Sun,weekend,Marina Sporting,marina-sporting,Padel 2,outdoor,21:30,evening,booked,,
2026-09-21 06:00,2026-09-21,Mon,weekday,SPH - Venezia,sph-venezia,Campo 1,indoor,08:00,morning,free,48 EUR,32 EUR
2026-09-21 06:00,2026-09-21,Mon,weekday,SPH - Venezia,sph-venezia,Campo 2,indoor,08:00,morning,free,48 EUR,32 EUR
2026-09-21 06:00,2026-09-21,Mon,weekday,SPH - Venezia,sph-venezia,Campo 3,indoor,08:00,morning,free,48 EUR,32 EUR
2026-09-21 06:00,2026-09-21,Mon,weekday,SPH - Venezia,sph-venezia,Campo 4 | B3 Capital,indoor,08:00,morning,free,48 EUR,32 EUR
2026-09-21 06:00,2026-09-21,Mon,weekday,SPH - Venezia,sph-venezia,Campo 5 | Bassetto Impianti,indoor,08:00,morning,free,48 EUR,32 EUR
2026-09-21 06:00,2026-09-21,Mon,weekday,Barchessa Padel e Pikleball,barchessa-pickleball,PADEL 1,indoor,08:00,morning,free,40 EUR,27 EUR
2026-09-21 06:00,2026-09-21,Mon,weekday,Barchessa Padel e Pikleball,barchessa-pickleball,PADEL  2,indoor,08:00,morning,free,40 EUR,27 EUR
2026-09-21 06:00,2026-09-21,Mon,weekday,Barchessa Padel e Pikleball,barchessa-pickleball,PADEL  3,indoor,08:00,morning,free,40 EUR,27 EUR
2026-09-21 06:00,2026-09-21,Mon,weekday,SPH - Treviso Sporting,sph-treviso-sporting,Campo 4,indoor,08:00,morning,free,50 EUR,34 EUR
2026-09-21 06:00,2026-09-21,Mon,weekday,SPH - Treviso Sporting,sph-treviso-sporting,Campo 5,indoor,08:00,morning,free,50 EUR,34 EUR
2026-09-21 06:00,2026-09-21,Mon,weekday,SPH - Treviso Sporting,sph-treviso-sporting,Campo 6,indoor,08:00,morning,free,50 EUR,34 EUR
2026-09-21 06:00,2026-09-21,Mon,weekday,SPH - Treviso Sporting,sph-treviso-sporting,Campo 7,indoor,08:00,morning,free,50 EUR,34 EUR
2026-09-21 06:00,2026-09-21,Mon,weekday,SPH - Treviso Sporting,sph-treviso-sporting,Campo 1,outdoor,08:00,morning,free,40 EUR,28 EUR
2026-09-21 06:00,2026-09-21,Mon,weekday,SPH - Treviso Sporting,sph-treviso-sporting,Campo 2,outdoor,08:00,morning,free,40 EUR,28 EUR
2026-09-21 06:00,2026-09-21,Mon,weekday,SPH - Treviso Sporting,sph-treviso-sporting,Campo 3,outdoor,08:00,morning,free,40 EUR,28 EUR
2026-09-21 06:00,2026-09-21,Mon,weekday,Marina Sporting,marina-sporting,Padel 1,outdoor,08:00,morning,booked,,
2026-09-21 06:00,2026-09-21,Mon,weekday,Marina Sporting,marina-sporting,Padel 2,outdoor,08:00,morning,free,44 EUR,
2026-09-21 08:00,2026-09-21,Mon,weekday,Sporting Club Mestre,sporting-club-mestre,Campo Giallo,outdoor,09:00,morning,free,32 EUR,24 EUR
2026-09-21 08:00,2026-09-21,Mon,weekday,Sporting Club Mestre,sporting-club-mestre,Campo Giallo,outdoor,09:30,morning,free,32 EUR,24 EUR
2026-09-21 08:00,2026-09-21,Mon,weekday,Sporting Club Mestre,sporting-club-mestre,Campo Giallo,outdoor,10:00,morning,free,32 EUR,24 EUR
2026-09-21 08:00,2026-09-21,Mon,weekday,Sporting Club Mestre,sporting-club-mestre,Campo Rosso,outdoor,09:00,morning,booked,,
2026-09-21 08:00,2026-09-21,Mon,weekday,Sporting Club Mestre,sporting-club-mestre,Campo Rosso,outdoor,09:30,morning,booked,,
2026-09-21 08:00,2026-09-21,Mon,weekday,Sporting Club Mestre,sporting-club-mestre,Campo Rosso,outdoor,10:00,morning,booked,,
2026-09-21 08:00,2026-09-21,Mon,weekday,Sporting Club Mestre,sporting-club-mestre,campo coperto 1,indoor,09:00,morning,free,,
2026-09-21 08:00,2026-09-21,Mon,weekday,Sporting Club Mestre,sporting-club-mestre,campo coperto 1,indoor,09:30,morning,free,,
2026-09-21 08:00,2026-09-21,Mon,weekday,Sporting Club Mestre,sporting-club-mestre,campo coperto 1,indoor,10:00,morning,free,40 EUR,
2026-09-21 08:00,2026-09-21,Mon,weekday,Sporting Club Mestre,sporting-club-mestre,campo coperto 2,indoor,09:00,morning,free,,
2026-09-21 08:00,2026-09-21,Mon,weekday,Sporting Club Mestre,sporting-club-mestre,campo coperto 2,indoor,09:30,morning,free,,
2026-09-21 08:00,2026-09-21,Mon,weekday,Sporting Club Mestre,sporting-club-mestre,campo coperto 2,indoor,10:00,morning,free,40 EUR,
2026-09-21 08:00,2026-09-21,Mon,weekday,Padel by FitUP di Zero Branco,padel-by-fitup-di-zero-branco,Padel by FitUP 1,indoor,09:30,morning,free,40 EUR,
2026-09-21 08:00,2026-09-21,Mon,weekday,Padel by FitUP di Zero Branco,padel-by-fitup-di-zero-branco,Padel by FitUP 1,indoor,10:00,morning,free,40 EUR,
2026-09-21 08:00,2026-09-21,Mon,weekday,Aquafit Padel,aquafit-padel,Padel 1,outdoor,09:00,morning,free,40 EUR,
2026-09-21 08:00,2026-09-21,Mon,weekday,Aquafit Padel,aquafit-padel,Padel 1,outdoor,09:30,morning,free,40 EUR,
2026-09-21 08:00,2026-09-21,Mon,weekday,Aquafit Padel,aquafit-padel,Padel 1,outdoor,10:00,morning,free,40 EUR,
2026-09-21 08:00,2026-09-21,Mon,weekday,Aquafit Padel,aquafit-padel,Padel 2,outdoor,09:00,morning,free,40 EUR,32 EUR
2026-09-21 08:00,2026-09-21,Mon,weekday,Aquafit Padel,aquafit-padel,Padel 2,outdoor,09:30,morning,free,40 EUR,32 EUR
2026-09-21 08:00,2026-09-21,Mon,weekday,Aquafit Padel,aquafit-padel,Padel 2,outdoor,10:00,morning,free,40 EUR,32 EUR
2026-09-21 08:00,2026-09-21,Mon,weekday,SPH - Venezia,sph-venezia,Campo 1,indoor,08:30,morning,free,48 EUR,32 EUR
2026-09-21 08:00,2026-09-21,Mon,weekday,SPH - Venezia,sph-venezia,Campo 1,indoor,09:00,morning,free,48 EUR,32 EUR
2026-09-21 08:00,2026-09-21,Mon,weekday,SPH - Venezia,sph-venezia,Campo 1,indoor,09:30,morning,free,48 EUR,32 EUR
2026-09-21 08:00,2026-09-21,Mon,weekday,SPH - Venezia,sph-venezia,Campo 1,indoor,10:00,morning,free,48 EUR,32 EUR
2026-09-21 08:00,2026-09-21,Mon,weekday,SPH - Venezia,sph-venezia,Campo 2,indoor,08:30,morning,free,48 EUR,32 EUR
2026-09-21 08:00,2026-09-21,Mon,weekday,SPH - Venezia,sph-venezia,Campo 2,indoor,09:00,morning,free,48 EUR,32 EUR
2026-09-21 08:00,2026-09-21,Mon,weekday,SPH - Venezia,sph-venezia,Campo 2,indoor,09:30,morning,free,48 EUR,32 EUR
2026-09-21 08:00,2026-09-21,Mon,weekday,SPH - Venezia,sph-venezia,Campo 2,indoor,10:00,morning,free,48 EUR,32 EUR
2026-09-21 08:00,2026-09-21,Mon,weekday,SPH - Venezia,sph-venezia,Campo 3,indoor,08:30,morning,free,48 EUR,32 EUR
2026-09-21 08:00,2026-09-21,Mon,weekday,SPH - Venezia,sph-venezia,Campo 3,indoor,09:00,morning,free,48 EUR,32 EUR
2026-09-21 08:00,2026-09-21,Mon,weekday,SPH - Venezia,sph-venezia,Campo 3,indoor,09:30,morning,free,48 EUR,32 EUR
2026-09-21 08:00,2026-09-21,Mon,weekday,SPH - Venezia,sph-venezia,Campo 3,indoor,10:00,morning,free,,32 EUR
2026-09-21 08:00,2026-09-21,Mon,weekday,SPH - Venezia,sph-venezia,Campo 4 | B3 Capital,indoor,08:30,morning,free,48 EUR,32 EUR
2026-09-21 08:00,2026-09-21,Mon,weekday,SPH - Venezia,sph-venezia,Campo 4 | B3 Capital,indoor,09:00,morning,free,48 EUR,32 EUR
2026-09-21 08:00,2026-09-21,Mon,weekday,SPH - Venezia,sph-venezia,Campo 4 | B3 Capital,indoor,09:30,morning,free,48 EUR,32 EUR
2026-09-21 08:00,2026-09-21,Mon,weekday,SPH - Venezia,sph-venezia,Campo 4 | B3 Capital,indoor,10:00,morning,free,,32 EUR
2026-09-21 08:00,2026-09-21,Mon,weekday,SPH - Venezia,sph-venezia,Campo 5 | Bassetto Impianti,indoor,08:30,morning,free,48 EUR,32 EUR
2026-09-21 08:00,2026-09-21,Mon,weekday,SPH - Venezia,sph-venezia,Campo 5 | Bassetto Impianti,indoor,09:00,morning,free,48 EUR,32 EUR
2026-09-21 08:00,2026-09-21,Mon,weekday,SPH - Venezia,sph-venezia,Campo 5 | Bassetto Impianti,indoor,09:30,morning,free,48 EUR,32 EUR
2026-09-21 08:00,2026-09-21,Mon,weekday,SPH - Venezia,sph-venezia,Campo 5 | Bassetto Impianti,indoor,10:00,morning,free,48 EUR,32 EUR
2026-09-21 08:00,2026-09-21,Mon,weekday,Padel Treviso,padel-treviso,1 Esterno,outdoor,09:00,morning,free,40 EUR,32 EUR
2026-09-21 08:00,2026-09-21,Mon,weekday,Padel Treviso,padel-treviso,1 Esterno,outdoor,09:30,morning,free,40 EUR,32 EUR
2026-09-21 08:00,2026-09-21,Mon,weekday,Padel Treviso,padel-treviso,1 Esterno,outdoor,10:00,morning,free,40 EUR,32 EUR
2026-09-21 08:00,2026-09-21,Mon,weekday,Padel Treviso,padel-treviso,2 Esterno,outdoor,09:00,morning,free,,
2026-09-21 08:00,2026-09-21,Mon,weekday,Padel Treviso,padel-treviso,2 Esterno,outdoor,09:30,morning,free,40 EUR,
2026-09-21 08:00,2026-09-21,Mon,weekday,Padel Treviso,padel-treviso,2 Esterno,outdoor,10:00,morning,free,,
2026-09-21 08:00,2026-09-21,Mon,weekday,Padel Treviso,padel-treviso,3 COPERTO,indoor,09:00,morning,free,56 EUR,
2026-09-21 08:00,2026-09-21,Mon,weekday,Padel Treviso,padel-treviso,3 COPERTO,indoor,09:30,morning,free,56 EUR,
2026-09-21 08:00,2026-09-21,Mon,weekday,Padel Treviso,padel-treviso,3 COPERTO,indoor,10:00,morning,free,56 EUR,
2026-09-21 08:00,2026-09-21,Mon,weekday,Padel Treviso,padel-treviso,4 COPERTO,indoor,09:00,morning,free,56 EUR,
2026-09-21 08:00,2026-09-21,Mon,weekday,Padel Treviso,padel-treviso,4 COPERTO,indoor,09:30,morning,free,56 EUR,
2026-09-21 08:00,2026-09-21,Mon,weekday,Padel Treviso,padel-treviso,4 COPERTO,indoor,10:00,morning,free,56 EUR,
2026-09-21 08:00,2026-09-21,Mon,weekday,Padel Treviso,padel-treviso,Kuikma Indoor,indoor,09:00,morning,free,56 EUR,
2026-09-21 08:00,2026-09-21,Mon,weekday,Padel Treviso,padel-treviso,Kuikma Indoor,indoor,09:30,morning,free,,
2026-09-21 08:00,2026-09-21,Mon,weekday,Padel Treviso,padel-treviso,Kuikma Indoor,indoor,10:00,morning,free,,
2026-09-21 08:00,2026-09-21,Mon,weekday,Padel Treviso,padel-treviso,6 Indoor,indoor,09:00,morning,free,56 EUR,
2026-09-21 08:00,2026-09-21,Mon,weekday,Padel Treviso,padel-treviso,6 Indoor,indoor,09:30,morning,free,,
2026-09-21 08:00,2026-09-21,Mon,weekday,Padel Treviso,padel-treviso,6 Indoor,indoor,10:00,morning,free,,
2026-09-21 08:00,2026-09-21,Mon,weekday,Padel Treviso,padel-treviso,My Gym City Indoor,indoor,09:00,morning,free,56 EUR,
2026-09-21 08:00,2026-09-21,Mon,weekday,Padel Treviso,padel-treviso,My Gym City Indoor,indoor,09:30,morning,free,,
2026-09-21 08:00,2026-09-21,Mon,weekday,Padel Treviso,padel-treviso,My Gym City Indoor,indoor,10:00,morning,free,,
2026-09-21 08:00,2026-09-21,Mon,weekday,Padel Treviso,padel-treviso,8 Esterno,outdoor,09:00,morning,free,40 EUR,
2026-09-21 08:00,2026-09-21,Mon,weekday,Padel Treviso,padel-treviso,8 Esterno,outdoor,09:30,morning,free,,
2026-09-21 08:00,2026-09-21,Mon,weekday,Padel Treviso,padel-treviso,8 Esterno,outdoor,10:00,morning,free,,
2026-09-21 08:00,2026-09-21,Mon,weekday,Padel Treviso,padel-treviso,9 Gioielleria Minotto Istrana,indoor,09:00,morning,free,,
2026-09-21 08:00,2026-09-21,Mon,weekday,Padel Treviso,padel-treviso,9 Gioielleria Minotto Istrana,indoor,09:30,morning,free,,
2026-09-21 08:00,2026-09-21,Mon,weekday,Padel Treviso,padel-treviso,9 Gioielleria Minotto Istrana,indoor,10:00,morning,free,56 EUR,
2026-09-21 08:00,2026-09-21,Mon,weekday,Padel Treviso,padel-treviso,10 Gioielleria Minotto Istrana,indoor,09:00,morning,free,,
2026-09-21 08:00,2026-09-21,Mon,weekday,Padel Treviso,padel-treviso,10 Gioielleria Minotto Istrana,indoor,09:30,morning,free,,
2026-09-21 08:00,2026-09-21,Mon,weekday,Padel Treviso,padel-treviso,10 Gioielleria Minotto Istrana,indoor,10:00,morning,free,56 EUR,
2026-09-21 08:00,2026-09-21,Mon,weekday,Padel Treviso,padel-treviso,Singolo A Esterno,outdoor,09:00,morning,free,24 EUR,20 EUR
2026-09-21 08:00,2026-09-21,Mon,weekday,Padel Treviso,padel-treviso,Singolo A Esterno,outdoor,09:30,morning,free,24 EUR,20 EUR
2026-09-21 08:00,2026-09-21,Mon,weekday,Padel Treviso,padel-treviso,Singolo A Esterno,outdoor,10:00,morning,free,24 EUR,20 EUR
2026-09-21 08:00,2026-09-21,Mon,weekday,Padel Treviso,padel-treviso,Singolo B Esterno,outdoor,09:00,morning,free,24 EUR,20 EUR
2026-09-21 08:00,2026-09-21,Mon,weekday,Padel Treviso,padel-treviso,Singolo B Esterno,outdoor,09:30,morning,free,24 EUR,20 EUR
2026-09-21 08:00,2026-09-21,Mon,weekday,Padel Treviso,padel-treviso,Singolo B Esterno,outdoor,10:00,morning,free,24 EUR,20 EUR
2026-09-21 08:00,2026-09-21,Mon,weekday,Altino Sport Village,altino-sport-village,Padel 1,indoor,09:00,morning,free,30 EUR,30 EUR
2026-09-21 08:00,2026-09-21,Mon,weekday,Altino Sport Village,altino-sport-village,Padel 1,indoor,09:30,morning,free,30 EUR,30 EUR
2026-09-21 08:00,2026-09-21,Mon,weekday,Altino Sport Village,altino-sport-village,Padel 1,indoor,10:00,morning,free,30 EUR,30 EUR
2026-09-21 08:00,2026-09-21,Mon,weekday,Altino Sport Village,altino-sport-village,Padel 2,indoor,09:00,morning,free,30 EUR,30 EUR
2026-09-21 08:00,2026-09-21,Mon,weekday,Altino Sport Village,altino-sport-village,Padel 2,indoor,09:30,morning,free,30 EUR,30 EUR
2026-09-21 08:00,2026-09-21,Mon,weekday,Altino Sport Village,altino-sport-village,Padel 2,indoor,10:00,morning,free,30 EUR,30 EUR
2026-09-21 08:00,2026-09-21,Mon,weekday,Barchessa Padel e Pikleball,barchessa-pickleball,PADEL 1,indoor,08:30,morning,free,40 EUR,27 EUR
2026-09-21 08:00,2026-09-21,Mon,weekday,Barchessa Padel e Pikleball,barchessa-pickleball,PADEL 1,indoor,09:00,morning,free,40 EUR,27 EUR
2026-09-21 08:00,2026-09-21,Mon,weekday,Barchessa Padel e Pikleball,barchessa-pickleball,PADEL 1,indoor,09:30,morning,free,40 EUR,27 EUR
2026-09-21 08:00,2026-09-21,Mon,weekday,Barchessa Padel e Pikleball,barchessa-pickleball,PADEL 1,indoor,10:00,morning,free,40 EUR,27 EUR
2026-09-21 08:00,2026-09-21,Mon,weekday,Barchessa Padel e Pikleball,barchessa-pickleball,PADEL  2,indoor,08:30,morning,free,40 EUR,27 EUR
2026-09-21 08:00,2026-09-21,Mon,weekday,Barchessa Padel e Pikleball,barchessa-pickleball,PADEL  2,indoor,09:00,morning,free,40 EUR,27 EUR
2026-09-21 08:00,2026-09-21,Mon,weekday,Barchessa Padel e Pikleball,barchessa-pickleball,PADEL  2,indoor,09:30,morning,free,40 EUR,27 EUR
2026-09-21 08:00,2026-09-21,Mon,weekday,Barchessa Padel e Pikleball,barchessa-pickleball,PADEL  2,indoor,10:00,morning,free,40 EUR,27 EUR
2026-09-21 08:00,2026-09-21,Mon,weekday,Barchessa Padel e Pikleball,barchessa-pickleball,PADEL  3,indoor,08:30,morning,free,40 EUR,27 EUR
2026-09-21 08:00,2026-09-21,Mon,weekday,Barchessa Padel e Pikleball,barchessa-pickleball,PADEL  3,indoor,09:00,morning,free,40 EUR,27 EUR
2026-09-21 08:00,2026-09-21,Mon,weekday,Barchessa Padel e Pikleball,barchessa-pickleball,PADEL  3,indoor,09:30,morning,free,40 EUR,27 EUR
2026-09-21 08:00,2026-09-21,Mon,weekday,Barchessa Padel e Pikleball,barchessa-pickleball,PADEL  3,indoor,10:00,morning,free,40 EUR,27 EUR
2026-09-21 08:00,2026-09-21,Mon,weekday,SPH - Treviso Sporting,sph-treviso-sporting,Campo 4,indoor,08:30,morning,free,50 EUR,34 EUR
2026-09-21 08:00,2026-09-21,Mon,weekday,SPH - Treviso Sporting,sph-treviso-sporting,Campo 4,indoor,09:00,morning,free,50 EUR,34 EUR
2026-09-21 08:00,2026-09-21,Mon,weekday,SPH - Treviso Sporting,sph-treviso-sporting,Campo 4,indoor,09:30,morning,free,50 EUR,34 EUR
2026-09-21 08:00,2026-09-21,Mon,weekday,SPH - Treviso Sporting,sph-treviso-sporting,Campo 4,indoor,10:00,morning,free,50 EUR,34 EUR
2026-09-21 08:00,2026-09-21,Mon,weekday,SPH - Treviso Sporting,sph-treviso-sporting,Campo 5,indoor,08:30,morning,free,50 EUR,34 EUR
2026-09-21 08:00,2026-09-21,Mon,weekday,SPH - Treviso Sporting,sph-treviso-sporting,Campo 5,indoor,09:00,morning,free,,34 EUR
2026-09-21 08:00,2026-09-21,Mon,weekday,SPH - Treviso Sporting,sph-treviso-sporting,Campo 5,indoor,09:30,morning,free,50 EUR,
2026-09-21 08:00,2026-09-21,Mon,weekday,SPH - Treviso Sporting,sph-treviso-sporting,Campo 5,indoor,10:00,morning,free,,34 EUR
2026-09-21 08:00,2026-09-21,Mon,weekday,SPH - Treviso Sporting,sph-treviso-sporting,Campo 6,indoor,08:30,morning,free,50 EUR,34 EUR
2026-09-21 08:00,2026-09-21,Mon,weekday,SPH - Treviso Sporting,sph-treviso-sporting,Campo 6,indoor,09:00,morning,free,50 EUR,34 EUR
2026-09-21 08:00,2026-09-21,Mon,weekday,SPH - Treviso Sporting,sph-treviso-sporting,Campo 6,indoor,09:30,morning,free,50 EUR,34 EUR
2026-09-21 08:00,2026-09-21,Mon,weekday,SPH - Treviso Sporting,sph-treviso-sporting,Campo 6,indoor,10:00,morning,free,50 EUR,34 EUR
2026-09-21 08:00,2026-09-21,Mon,weekday,SPH - Treviso Sporting,sph-treviso-sporting,Campo 7,indoor,08:30,morning,free,50 EUR,34 EUR
2026-09-21 08:00,2026-09-21,Mon,weekday,SPH - Treviso Sporting,sph-treviso-sporting,Campo 7,indoor,09:00,morning,free,50 EUR,34 EUR
2026-09-21 08:00,2026-09-21,Mon,weekday,SPH - Treviso Sporting,sph-treviso-sporting,Campo 7,indoor,09:30,morning,free,50 EUR,34 EUR
2026-09-21 08:00,2026-09-21,Mon,weekday,SPH - Treviso Sporting,sph-treviso-sporting,Campo 7,indoor,10:00,morning,free,50 EUR,34 EUR
2026-09-21 08:00,2026-09-21,Mon,weekday,SPH - Treviso Sporting,sph-treviso-sporting,Campo 1,outdoor,08:30,morning,free,40 EUR,28 EUR
2026-09-21 08:00,2026-09-21,Mon,weekday,SPH - Treviso Sporting,sph-treviso-sporting,Campo 1,outdoor,09:00,morning,free,40 EUR,28 EUR
2026-09-21 08:00,2026-09-21,Mon,weekday,SPH - Treviso Sporting,sph-treviso-sporting,Campo 1,outdoor,09:30,morning,free,40 EUR,28 EUR
2026-09-21 08:00,2026-09-21,Mon,weekday,SPH - Treviso Sporting,sph-treviso-sporting,Campo 1,outdoor,10:00,morning,free,40 EUR,28 EUR
2026-09-21 08:00,2026-09-21,Mon,weekday,SPH - Treviso Sporting,sph-treviso-sporting,Campo 2,outdoor,08:30,morning,free,40 EUR,28 EUR
2026-09-21 08:00,2026-09-21,Mon,weekday,SPH - Treviso Sporting,sph-treviso-sporting,Campo 2,outdoor,09:00,morning,free,40 EUR,28 EUR
2026-09-21 08:00,2026-09-21,Mon,weekday,SPH - Treviso Sporting,sph-treviso-sporting,Campo 2,outdoor,09:30,morning,free,40 EUR,28 EUR
2026-09-21 08:00,2026-09-21,Mon,weekday,SPH - Treviso Sporting,sph-treviso-sporting,Campo 2,outdoor,10:00,morning,free,40 EUR,28 EUR
2026-09-21 08:00,2026-09-21,Mon,weekday,SPH - Treviso Sporting,sph-treviso-sporting,Campo 3,outdoor,08:30,morning,free,40 EUR,28 EUR
2026-09-21 08:00,2026-09-21,Mon,weekday,SPH - Treviso Sporting,sph-treviso-sporting,Campo 3,outdoor,09:00,morning,free,40 EUR,28 EUR
2026-09-21 08:00,2026-09-21,Mon,weekday,SPH - Treviso Sporting,sph-treviso-sporting,Campo 3,outdoor,09:30,morning,free,40 EUR,28 EUR
2026-09-21 08:00,2026-09-21,Mon,weekday,SPH - Treviso Sporting,sph-treviso-sporting,Campo 3,outdoor,10:00,morning,free,40 EUR,28 EUR
2026-09-21 08:00,2026-09-21,Mon,weekday,Marina Sporting,marina-sporting,Padel 1,outdoor,08:30,morning,booked,,
2026-09-21 08:00,2026-09-21,Mon,weekday,Marina Sporting,marina-sporting,Padel 1,outdoor,09:00,morning,booked,,
2026-09-21 08:00,2026-09-21,Mon,weekday,Marina Sporting,marina-sporting,Padel 1,outdoor,09:30,morning,booked,,
2026-09-21 08:00,2026-09-21,Mon,weekday,Marina Sporting,marina-sporting,Padel 1,outdoor,10:00,morning,booked,,
2026-09-21 08:00,2026-09-21,Mon,weekday,Marina Sporting,marina-sporting,Padel 2,outdoor,08:30,morning,free,,
2026-09-21 08:00,2026-09-21,Mon,weekday,Marina Sporting,marina-sporting,Padel 2,outdoor,09:00,morning,free,,
2026-09-21 08:00,2026-09-21,Mon,weekday,Marina Sporting,marina-sporting,Padel 2,outdoor,09:30,morning,booked,,
2026-09-21 08:00,2026-09-21,Mon,weekday,Marina Sporting,marina-sporting,Padel 2,outdoor,10:00,morning,booked,,
2026-09-21 10:00,2026-09-21,Mon,weekday,Sporting Club Mestre,sporting-club-mestre,Campo Giallo,outdoor,10:30,morning,free,32 EUR,24 EUR
2026-09-21 10:00,2026-09-21,Mon,weekday,Sporting Club Mestre,sporting-club-mestre,Campo Giallo,outdoor,11:00,morning,free,32 EUR,24 EUR
2026-09-21 10:00,2026-09-21,Mon,weekday,Sporting Club Mestre,sporting-club-mestre,Campo Giallo,outdoor,11:30,morning,free,32 EUR,24 EUR
2026-09-21 10:00,2026-09-21,Mon,weekday,Sporting Club Mestre,sporting-club-mestre,Campo Giallo,outdoor,12:00,lunch,free,32 EUR,24 EUR
2026-09-21 10:00,2026-09-21,Mon,weekday,Sporting Club Mestre,sporting-club-mestre,Campo Rosso,outdoor,10:30,morning,booked,,
2026-09-21 10:00,2026-09-21,Mon,weekday,Sporting Club Mestre,sporting-club-mestre,Campo Rosso,outdoor,11:00,morning,booked,,
2026-09-21 10:00,2026-09-21,Mon,weekday,Sporting Club Mestre,sporting-club-mestre,Campo Rosso,outdoor,11:30,morning,booked,,
2026-09-21 10:00,2026-09-21,Mon,weekday,Sporting Club Mestre,sporting-club-mestre,Campo Rosso,outdoor,12:00,lunch,booked,,
2026-09-21 10:00,2026-09-21,Mon,weekday,Sporting Club Mestre,sporting-club-mestre,campo coperto 1,indoor,10:30,morning,free,,
2026-09-21 10:00,2026-09-21,Mon,weekday,Sporting Club Mestre,sporting-club-mestre,campo coperto 1,indoor,11:00,morning,free,,
2026-09-21 10:00,2026-09-21,Mon,weekday,Sporting Club Mestre,sporting-club-mestre,campo coperto 1,indoor,11:30,morning,free,40 EUR,
2026-09-21 10:00,2026-09-21,Mon,weekday,Sporting Club Mestre,sporting-club-mestre,campo coperto 1,indoor,12:00,lunch,free,,
2026-09-21 10:00,2026-09-21,Mon,weekday,Sporting Club Mestre,sporting-club-mestre,campo coperto 2,indoor,10:30,morning,free,,
2026-09-21 10:00,2026-09-21,Mon,weekday,Sporting Club Mestre,sporting-club-mestre,campo coperto 2,indoor,11:00,morning,free,,
2026-09-21 10:00,2026-09-21,Mon,weekday,Sporting Club Mestre,sporting-club-mestre,campo coperto 2,indoor,11:30,morning,free,40 EUR,
2026-09-21 10:00,2026-09-21,Mon,weekday,Sporting Club Mestre,sporting-club-mestre,campo coperto 2,indoor,12:00,lunch,free,,
2026-09-21 10:00,2026-09-21,Mon,weekday,Padel by FitUP di Zero Branco,padel-by-fitup-di-zero-branco,Padel by FitUP 1,indoor,10:30,morning,free,40 EUR,
2026-09-21 10:00,2026-09-21,Mon,weekday,Padel by FitUP di Zero Branco,padel-by-fitup-di-zero-branco,Padel by FitUP 1,indoor,11:00,morning,free,40 EUR,
2026-09-21 10:00,2026-09-21,Mon,weekday,Padel by FitUP di Zero Branco,padel-by-fitup-di-zero-branco,Padel by FitUP 1,indoor,11:30,morning,free,40 EUR,
2026-09-21 10:00,2026-09-21,Mon,weekday,Padel by FitUP di Zero Branco,padel-by-fitup-di-zero-branco,Padel by FitUP 1,indoor,12:00,lunch,free,40 EUR,
2026-09-21 10:00,2026-09-21,Mon,weekday,Aquafit Padel,aquafit-padel,Padel 1,outdoor,10:30,morning,free,40 EUR,
2026-09-21 10:00,2026-09-21,Mon,weekday,Aquafit Padel,aquafit-padel,Padel 1,outdoor,11:00,morning,free,40 EUR,
2026-09-21 10:00,2026-09-21,Mon,weekday,Aquafit Padel,aquafit-padel,Padel 1,outdoor,11:30,morning,free,40 EUR,
2026-09-21 10:00,2026-09-21,Mon,weekday,Aquafit Padel,aquafit-padel,Padel 1,outdoor,12:00,lunch,free,40 EUR,
2026-09-21 10:00,2026-09-21,Mon,weekday,Aquafit Padel,aquafit-padel,Padel 2,outdoor,10:30,morning,free,40 EUR,32 EUR
2026-09-21 10:00,2026-09-21,Mon,weekday,Aquafit Padel,aquafit-padel,Padel 2,outdoor,11:00,morning,free,40 EUR,32 EUR
2026-09-21 10:00,2026-09-21,Mon,weekday,Aquafit Padel,aquafit-padel,Padel 2,outdoor,11:30,morning,free,40 EUR,32 EUR
2026-09-21 10:00,2026-09-21,Mon,weekday,Aquafit Padel,aquafit-padel,Padel 2,outdoor,12:00,lunch,free,40 EUR,32 EUR
2026-09-21 10:00,2026-09-21,Mon,weekday,SPH - Venezia,sph-venezia,Campo 1,indoor,10:30,morning,free,48 EUR,32 EUR
2026-09-21 10:00,2026-09-21,Mon,weekday,SPH - Venezia,sph-venezia,Campo 1,indoor,11:00,morning,free,48 EUR,32 EUR
2026-09-21 10:00,2026-09-21,Mon,weekday,SPH - Venezia,sph-venezia,Campo 1,indoor,11:30,morning,free,48 EUR,32 EUR
2026-09-21 10:00,2026-09-21,Mon,weekday,SPH - Venezia,sph-venezia,Campo 1,indoor,12:00,lunch,free,48 EUR,32 EUR
2026-09-21 10:00,2026-09-21,Mon,weekday,SPH - Venezia,sph-venezia,Campo 2,indoor,10:30,morning,free,48 EUR,32 EUR
2026-09-21 10:00,2026-09-21,Mon,weekday,SPH - Venezia,sph-venezia,Campo 2,indoor,11:00,morning,free,48 EUR,32 EUR
2026-09-21 10:00,2026-09-21,Mon,weekday,SPH - Venezia,sph-venezia,Campo 2,indoor,11:30,morning,free,48 EUR,32 EUR
2026-09-21 10:00,2026-09-21,Mon,weekday,SPH - Venezia,sph-venezia,Campo 2,indoor,12:00,lunch,free,48 EUR,32 EUR
2026-09-21 10:00,2026-09-21,Mon,weekday,SPH - Venezia,sph-venezia,Campo 3,indoor,10:30,morning,free,,
2026-09-21 10:00,2026-09-21,Mon,weekday,SPH - Venezia,sph-venezia,Campo 3,indoor,11:00,morning,booked,,
2026-09-21 10:00,2026-09-21,Mon,weekday,SPH - Venezia,sph-venezia,Campo 3,indoor,11:30,morning,booked,,
2026-09-21 10:00,2026-09-21,Mon,weekday,SPH - Venezia,sph-venezia,Campo 3,indoor,12:00,lunch,booked,,
2026-09-21 10:00,2026-09-21,Mon,weekday,SPH - Venezia,sph-venezia,Campo 4 | B3 Capital,indoor,10:30,morning,free,,
2026-09-21 10:00,2026-09-21,Mon,weekday,SPH - Venezia,sph-venezia,Campo 4 | B3 Capital,indoor,11:00,morning,booked,,
2026-09-21 10:00,2026-09-21,Mon,weekday,SPH - Venezia,sph-venezia,Campo 4 | B3 Capital,indoor,11:30,morning,booked,,
2026-09-21 10:00,2026-09-21,Mon,weekday,SPH - Venezia,sph-venezia,Campo 4 | B3 Capital,indoor,12:00,lunch,booked,,
2026-09-21 10:00,2026-09-21,Mon,weekday,SPH - Venezia,sph-venezia,Campo 5 | Bassetto Impianti,indoor,10:30,morning,free,48 EUR,32 EUR
2026-09-21 10:00,2026-09-21,Mon,weekday,SPH - Venezia,sph-venezia,Campo 5 | Bassetto Impianti,indoor,11:00,morning,free,48 EUR,32 EUR
2026-09-21 10:00,2026-09-21,Mon,weekday,SPH - Venezia,sph-venezia,Campo 5 | Bassetto Impianti,indoor,11:30,morning,free,48 EUR,32 EUR
2026-09-21 10:00,2026-09-21,Mon,weekday,SPH - Venezia,sph-venezia,Campo 5 | Bassetto Impianti,indoor,12:00,lunch,free,48 EUR,32 EUR
2026-09-21 10:00,2026-09-21,Mon,weekday,Padel Treviso,padel-treviso,1 Esterno,outdoor,10:30,morning,free,40 EUR,32 EUR
2026-09-21 10:00,2026-09-21,Mon,weekday,Padel Treviso,padel-treviso,1 Esterno,outdoor,11:00,morning,free,40 EUR,32 EUR
2026-09-21 10:00,2026-09-21,Mon,weekday,Padel Treviso,padel-treviso,1 Esterno,outdoor,11:30,morning,free,40 EUR,32 EUR
2026-09-21 10:00,2026-09-21,Mon,weekday,Padel Treviso,padel-treviso,1 Esterno,outdoor,12:00,lunch,free,40 EUR,32 EUR
2026-09-21 10:00,2026-09-21,Mon,weekday,Padel Treviso,padel-treviso,2 Esterno,outdoor,10:30,morning,free,,
2026-09-21 10:00,2026-09-21,Mon,weekday,Padel Treviso,padel-treviso,2 Esterno,outdoor,11:00,morning,free,40 EUR,
2026-09-21 10:00,2026-09-21,Mon,weekday,Padel Treviso,padel-treviso,2 Esterno,outdoor,11:30,morning,free,,
2026-09-21 10:00,2026-09-21,Mon,weekday,Padel Treviso,padel-treviso,2 Esterno,outdoor,12:00,lunch,free,,
2026-09-21 10:00,2026-09-21,Mon,weekday,Padel Treviso,padel-treviso,3 COPERTO,indoor,10:30,morning,free,56 EUR,
2026-09-21 10:00,2026-09-21,Mon,weekday,Padel Treviso,padel-treviso,3 COPERTO,indoor,11:00,morning,free,56 EUR,
2026-09-21 10:00,2026-09-21,Mon,weekday,Padel Treviso,padel-treviso,3 COPERTO,indoor,11:30,morning,free,56 EUR,
2026-09-21 10:00,2026-09-21,Mon,weekday,Padel Treviso,padel-treviso,3 COPERTO,indoor,12:00,lunch,free,56 EUR,
2026-09-21 10:00,2026-09-21,Mon,weekday,Padel Treviso,padel-treviso,4 COPERTO,indoor,10:30,morning,free,56 EUR,
2026-09-21 10:00,2026-09-21,Mon,weekday,Padel Treviso,padel-treviso,4 COPERTO,indoor,11:00,morning,free,56 EUR,
2026-09-21 10:00,2026-09-21,Mon,weekday,Padel Treviso,padel-treviso,4 COPERTO,indoor,11:30,morning,free,56 EUR,
2026-09-21 10:00,2026-09-21,Mon,weekday,Padel Treviso,padel-treviso,4 COPERTO,indoor,12:00,lunch,free,56 EUR,
2026-09-21 10:00,2026-09-21,Mon,weekday,Padel Treviso,padel-treviso,Kuikma Indoor,indoor,10:30,morning,free,56 EUR,
2026-09-21 10:00,2026-09-21,Mon,weekday,Padel Treviso,padel-treviso,Kuikma Indoor,indoor,11:00,morning,free,,
2026-09-21 10:00,2026-09-21,Mon,weekday,Padel Treviso,padel-treviso,Kuikma Indoor,indoor,11:30,morning,free,,
2026-09-21 10:00,2026-09-21,Mon,weekday,Padel Treviso,padel-treviso,Kuikma Indoor,indoor,12:00,lunch,free,56 EUR,
2026-09-21 10:00,2026-09-21,Mon,weekday,Padel Treviso,padel-treviso,6 Indoor,indoor,10:30,morning,free,56 EUR,
2026-09-21 10:00,2026-09-21,Mon,weekday,Padel Treviso,padel-treviso,6 Indoor,indoor,11:00,morning,free,,
2026-09-21 10:00,2026-09-21,Mon,weekday,Padel Treviso,padel-treviso,6 Indoor,indoor,11:30,morning,free,,
2026-09-21 10:00,2026-09-21,Mon,weekday,Padel Treviso,padel-treviso,6 Indoor,indoor,12:00,lunch,free,56 EUR,
2026-09-21 10:00,2026-09-21,Mon,weekday,Padel Treviso,padel-treviso,My Gym City Indoor,indoor,10:30,morning,free,56 EUR,
2026-09-21 10:00,2026-09-21,Mon,weekday,Padel Treviso,padel-treviso,My Gym City Indoor,indoor,11:00,morning,free,,
2026-09-21 10:00,2026-09-21,Mon,weekday,Padel Treviso,padel-treviso,My Gym City Indoor,indoor,11:30,morning,free,,
2026-09-21 10:00,2026-09-21,Mon,weekday,Padel Treviso,padel-treviso,My Gym City Indoor,indoor,12:00,lunch,free,56 EUR,
2026-09-21 10:00,2026-09-21,Mon,weekday,Padel Treviso,padel-treviso,8 Esterno,outdoor,10:30,morning,free,40 EUR,
2026-09-21 10:00,2026-09-21,Mon,weekday,Padel Treviso,padel-treviso,8 Esterno,outdoor,11:00,morning,free,,
2026-09-21 10:00,2026-09-21,Mon,weekday,Padel Treviso,padel-treviso,8 Esterno,outdoor,11:30,morning,free,,
2026-09-21 10:00,2026-09-21,Mon,weekday,Padel Treviso,padel-treviso,8 Esterno,outdoor,12:00,lunch,free,40 EUR,
2026-09-21 10:00,2026-09-21,Mon,weekday,Padel Treviso,padel-treviso,9 Gioielleria Minotto Istrana,indoor,10:30,morning,free,,
2026-09-21 10:00,2026-09-21,Mon,weekday,Padel Treviso,padel-treviso,9 Gioielleria Minotto Istrana,indoor,11:00,morning,free,,
2026-09-21 10:00,2026-09-21,Mon,weekday,Padel Treviso,padel-treviso,9 Gioielleria Minotto Istrana,indoor,11:30,morning,free,56 EUR,
2026-09-21 10:00,2026-09-21,Mon,weekday,Padel Treviso,padel-treviso,9 Gioielleria Minotto Istrana,indoor,12:00,lunch,free,,
2026-09-21 10:00,2026-09-21,Mon,weekday,Padel Treviso,padel-treviso,10 Gioielleria Minotto Istrana,indoor,10:30,morning,free,,
2026-09-21 10:00,2026-09-21,Mon,weekday,Padel Treviso,padel-treviso,10 Gioielleria Minotto Istrana,indoor,11:00,morning,free,,
2026-09-21 10:00,2026-09-21,Mon,weekday,Padel Treviso,padel-treviso,10 Gioielleria Minotto Istrana,indoor,11:30,morning,free,56 EUR,
2026-09-21 10:00,2026-09-21,Mon,weekday,Padel Treviso,padel-treviso,10 Gioielleria Minotto Istrana,indoor,12:00,lunch,free,,
2026-09-21 10:00,2026-09-21,Mon,weekday,Padel Treviso,padel-treviso,Singolo A Esterno,outdoor,10:30,morning,free,24 EUR,20 EUR
2026-09-21 10:00,2026-09-21,Mon,weekday,Padel Treviso,padel-treviso,Singolo A Esterno,outdoor,11:00,morning,free,24 EUR,20 EUR
2026-09-21 10:00,2026-09-21,Mon,weekday,Padel Treviso,padel-treviso,Singolo A Esterno,outdoor,11:30,morning,free,24 EUR,20 EUR
2026-09-21 10:00,2026-09-21,Mon,weekday,Padel Treviso,padel-treviso,Singolo A Esterno,outdoor,12:00,lunch,free,24 EUR,20 EUR
2026-09-21 10:00,2026-09-21,Mon,weekday,Padel Treviso,padel-treviso,Singolo B Esterno,outdoor,10:30,morning,free,24 EUR,20 EUR
2026-09-21 10:00,2026-09-21,Mon,weekday,Padel Treviso,padel-treviso,Singolo B Esterno,outdoor,11:00,morning,free,24 EUR,20 EUR
2026-09-21 10:00,2026-09-21,Mon,weekday,Padel Treviso,padel-treviso,Singolo B Esterno,outdoor,11:30,morning,free,24 EUR,20 EUR
2026-09-21 10:00,2026-09-21,Mon,weekday,Padel Treviso,padel-treviso,Singolo B Esterno,outdoor,12:00,lunch,free,24 EUR,20 EUR
2026-09-21 10:00,2026-09-21,Mon,weekday,Altino Sport Village,altino-sport-village,Padel 1,indoor,10:30,morning,free,30 EUR,30 EUR
2026-09-21 10:00,2026-09-21,Mon,weekday,Altino Sport Village,altino-sport-village,Padel 1,indoor,11:00,morning,free,30 EUR,30 EUR
2026-09-21 10:00,2026-09-21,Mon,weekday,Altino Sport Village,altino-sport-village,Padel 1,indoor,11:30,morning,free,30 EUR,30 EUR
2026-09-21 10:00,2026-09-21,Mon,weekday,Altino Sport Village,altino-sport-village,Padel 1,indoor,12:00,lunch,free,30 EUR,30 EUR
2026-09-21 10:00,2026-09-21,Mon,weekday,Altino Sport Village,altino-sport-village,Padel 2,indoor,10:30,morning,free,30 EUR,30 EUR
2026-09-21 10:00,2026-09-21,Mon,weekday,Altino Sport Village,altino-sport-village,Padel 2,indoor,11:00,morning,free,30 EUR,30 EUR
2026-09-21 10:00,2026-09-21,Mon,weekday,Altino Sport Village,altino-sport-village,Padel 2,indoor,11:30,morning,free,30 EUR,30 EUR
2026-09-21 10:00,2026-09-21,Mon,weekday,Altino Sport Village,altino-sport-village,Padel 2,indoor,12:00,lunch,free,30 EUR,30 EUR
2026-09-21 10:00,2026-09-21,Mon,weekday,Barchessa Padel e Pikleball,barchessa-pickleball,PADEL 1,indoor,10:30,morning,free,40 EUR,27 EUR
2026-09-21 10:00,2026-09-21,Mon,weekday,Barchessa Padel e Pikleball,barchessa-pickleball,PADEL 1,indoor,11:00,morning,free,40 EUR,27 EUR
2026-09-21 10:00,2026-09-21,Mon,weekday,Barchessa Padel e Pikleball,barchessa-pickleball,PADEL 1,indoor,11:30,morning,free,40 EUR,27 EUR
2026-09-21 10:00,2026-09-21,Mon,weekday,Barchessa Padel e Pikleball,barchessa-pickleball,PADEL 1,indoor,12:00,lunch,free,40 EUR,27 EUR
2026-09-21 10:00,2026-09-21,Mon,weekday,Barchessa Padel e Pikleball,barchessa-pickleball,PADEL  2,indoor,10:30,morning,free,40 EUR,27 EUR
2026-09-21 10:00,2026-09-21,Mon,weekday,Barchessa Padel e Pikleball,barchessa-pickleball,PADEL  2,indoor,11:00,morning,free,40 EUR,27 EUR
2026-09-21 10:00,2026-09-21,Mon,weekday,Barchessa Padel e Pikleball,barchessa-pickleball,PADEL  2,indoor,11:30,morning,free,40 EUR,27 EUR
2026-09-21 10:00,2026-09-21,Mon,weekday,Barchessa Padel e Pikleball,barchessa-pickleball,PADEL  2,indoor,12:00,lunch,free,40 EUR,27 EUR
2026-09-21 10:00,2026-09-21,Mon,weekday,Barchessa Padel e Pikleball,barchessa-pickleball,PADEL  3,indoor,10:30,morning,free,40 EUR,27 EUR
2026-09-21 10:00,2026-09-21,Mon,weekday,Barchessa Padel e Pikleball,barchessa-pickleball,PADEL  3,indoor,11:00,morning,free,40 EUR,27 EUR
2026-09-21 10:00,2026-09-21,Mon,weekday,Barchessa Padel e Pikleball,barchessa-pickleball,PADEL  3,indoor,11:30,morning,free,40 EUR,27 EUR
2026-09-21 10:00,2026-09-21,Mon,weekday,Barchessa Padel e Pikleball,barchessa-pickleball,PADEL  3,indoor,12:00,lunch,free,40 EUR,27 EUR
2026-09-21 10:00,2026-09-21,Mon,weekday,SPH - Treviso Sporting,sph-treviso-sporting,Campo 4,indoor,10:30,morning,free,50 EUR,34 EUR
2026-09-21 10:00,2026-09-21,Mon,weekday,SPH - Treviso Sporting,sph-treviso-sporting,Campo 4,indoor,11:00,morning,free,50 EUR,34 EUR
2026-09-21 10:00,2026-09-21,Mon,weekday,SPH - Treviso Sporting,sph-treviso-sporting,Campo 4,indoor,11:30,morning,free,50 EUR,34 EUR
2026-09-21 10:00,2026-09-21,Mon,weekday,SPH - Treviso Sporting,sph-treviso-sporting,Campo 4,indoor,12:00,lunch,free,50 EUR,34 EUR
2026-09-21 10:00,2026-09-21,Mon,weekday,SPH - Treviso Sporting,sph-treviso-sporting,Campo 5,indoor,10:30,morning,free,,
2026-09-21 10:00,2026-09-21,Mon,weekday,SPH - Treviso Sporting,sph-treviso-sporting,Campo 5,indoor,11:00,morning,booked,,
2026-09-21 10:00,2026-09-21,Mon,weekday,SPH - Treviso Sporting,sph-treviso-sporting,Campo 5,indoor,11:30,morning,booked,,
2026-09-21 10:00,2026-09-21,Mon,weekday,SPH - Treviso Sporting,sph-treviso-sporting,Campo 5,indoor,12:00,lunch,booked,,
2026-09-21 10:00,2026-09-21,Mon,weekday,SPH - Treviso Sporting,sph-treviso-sporting,Campo 6,indoor,10:30,morning,free,50 EUR,34 EUR
2026-09-21 10:00,2026-09-21,Mon,weekday,SPH - Treviso Sporting,sph-treviso-sporting,Campo 6,indoor,11:00,morning,free,50 EUR,34 EUR
2026-09-21 10:00,2026-09-21,Mon,weekday,SPH - Treviso Sporting,sph-treviso-sporting,Campo 6,indoor,11:30,morning,free,50 EUR,34 EUR
2026-09-21 10:00,2026-09-21,Mon,weekday,SPH - Treviso Sporting,sph-treviso-sporting,Campo 6,indoor,12:00,lunch,free,50 EUR,34 EUR
2026-09-21 10:00,2026-09-21,Mon,weekday,SPH - Treviso Sporting,sph-treviso-sporting,Campo 7,indoor,10:30,morning,free,50 EUR,34 EUR
2026-09-21 10:00,2026-09-21,Mon,weekday,SPH - Treviso Sporting,sph-treviso-sporting,Campo 7,indoor,11:00,morning,free,50 EUR,34 EUR
2026-09-21 10:00,2026-09-21,Mon,weekday,SPH - Treviso Sporting,sph-treviso-sporting,Campo 7,indoor,11:30,morning,free,50 EUR,34 EUR
2026-09-21 10:00,2026-09-21,Mon,weekday,SPH - Treviso Sporting,sph-treviso-sporting,Campo 7,indoor,12:00,lunch,free,50 EUR,34 EUR
2026-09-21 10:00,2026-09-21,Mon,weekday,SPH - Treviso Sporting,sph-treviso-sporting,Campo 1,outdoor,10:30,morning,free,40 EUR,28 EUR
2026-09-21 10:00,2026-09-21,Mon,weekday,SPH - Treviso Sporting,sph-treviso-sporting,Campo 1,outdoor,11:00,morning,free,40 EUR,28 EUR
2026-09-21 10:00,2026-09-21,Mon,weekday,SPH - Treviso Sporting,sph-treviso-sporting,Campo 1,outdoor,11:30,morning,free,40 EUR,28 EUR
2026-09-21 10:00,2026-09-21,Mon,weekday,SPH - Treviso Sporting,sph-treviso-sporting,Campo 1,outdoor,12:00,lunch,free,40 EUR,28 EUR
2026-09-21 10:00,2026-09-21,Mon,weekday,SPH - Treviso Sporting,sph-treviso-sporting,Campo 2,outdoor,10:30,morning,free,40 EUR,28 EUR
2026-09-21 10:00,2026-09-21,Mon,weekday,SPH - Treviso Sporting,sph-treviso-sporting,Campo 2,outdoor,11:00,morning,free,40 EUR,28 EUR
2026-09-21 10:00,2026-09-21,Mon,weekday,SPH - Treviso Sporting,sph-treviso-sporting,Campo 2,outdoor,11:30,morning,free,40 EUR,28 EUR
2026-09-21 10:00,2026-09-21,Mon,weekday,SPH - Treviso Sporting,sph-treviso-sporting,Campo 2,outdoor,12:00,lunch,free,40 EUR,28 EUR
2026-09-21 10:00,2026-09-21,Mon,weekday,SPH - Treviso Sporting,sph-treviso-sporting,Campo 3,outdoor,10:30,morning,free,40 EUR,28 EUR
2026-09-21 10:00,2026-09-21,Mon,weekday,SPH - Treviso Sporting,sph-treviso-sporting,Campo 3,outdoor,11:00,morning,free,40 EUR,28 EUR
2026-09-21 10:00,2026-09-21,Mon,weekday,SPH - Treviso Sporting,sph-treviso-sporting,Campo 3,outdoor,11:30,morning,free,40 EUR,28 EUR
2026-09-21 10:00,2026-09-21,Mon,weekday,SPH - Treviso Sporting,sph-treviso-sporting,Campo 3,outdoor,12:00,lunch,free,40 EUR,28 EUR
2026-09-21 10:00,2026-09-21,Mon,weekday,Marina Sporting,marina-sporting,Padel 1,outdoor,10:30,morning,booked,,
2026-09-21 10:00,2026-09-21,Mon,weekday,Marina Sporting,marina-sporting,Padel 1,outdoor,11:00,morning,booked,,
2026-09-21 10:00,2026-09-21,Mon,weekday,Marina Sporting,marina-sporting,Padel 1,outdoor,11:30,morning,booked,,
2026-09-21 10:00,2026-09-21,Mon,weekday,Marina Sporting,marina-sporting,Padel 1,outdoor,12:00,lunch,booked,,
2026-09-21 10:00,2026-09-21,Mon,weekday,Marina Sporting,marina-sporting,Padel 2,outdoor,10:30,morning,booked,,
2026-09-21 10:00,2026-09-21,Mon,weekday,Marina Sporting,marina-sporting,Padel 2,outdoor,11:00,morning,booked,,
2026-09-21 10:00,2026-09-21,Mon,weekday,Marina Sporting,marina-sporting,Padel 2,outdoor,11:30,morning,booked,,
2026-09-21 10:00,2026-09-21,Mon,weekday,Marina Sporting,marina-sporting,Padel 2,outdoor,12:00,lunch,booked,,
2026-09-21 12:00,2026-09-21,Mon,weekday,Sporting Club Mestre,sporting-club-mestre,Campo Giallo,outdoor,12:30,lunch,free,32 EUR,24 EUR
2026-09-21 12:00,2026-09-21,Mon,weekday,Sporting Club Mestre,sporting-club-mestre,Campo Giallo,outdoor,13:00,lunch,free,32 EUR,24 EUR
2026-09-21 12:00,2026-09-21,Mon,weekday,Sporting Club Mestre,sporting-club-mestre,Campo Giallo,outdoor,13:30,lunch,free,32 EUR,24 EUR
2026-09-21 12:00,2026-09-21,Mon,weekday,Sporting Club Mestre,sporting-club-mestre,Campo Giallo,outdoor,14:00,afternoon,free,32 EUR,24 EUR
2026-09-21 12:00,2026-09-21,Mon,weekday,Sporting Club Mestre,sporting-club-mestre,Campo Rosso,outdoor,12:30,lunch,booked,,
2026-09-21 12:00,2026-09-21,Mon,weekday,Sporting Club Mestre,sporting-club-mestre,Campo Rosso,outdoor,13:00,lunch,booked,,
2026-09-21 12:00,2026-09-21,Mon,weekday,Sporting Club Mestre,sporting-club-mestre,Campo Rosso,outdoor,13:30,lunch,booked,,
2026-09-21 12:00,2026-09-21,Mon,weekday,Sporting Club Mestre,sporting-club-mestre,Campo Rosso,outdoor,14:00,afternoon,booked,,
2026-09-21 12:00,2026-09-21,Mon,weekday,Sporting Club Mestre,sporting-club-mestre,campo coperto 1,indoor,12:30,lunch,free,,
2026-09-21 12:00,2026-09-21,Mon,weekday,Sporting Club Mestre,sporting-club-mestre,campo coperto 1,indoor,13:00,lunch,free,40 EUR,
2026-09-21 12:00,2026-09-21,Mon,weekday,Sporting Club Mestre,sporting-club-mestre,campo coperto 1,indoor,13:30,lunch,free,,
2026-09-21 12:00,2026-09-21,Mon,weekday,Sporting Club Mestre,sporting-club-mestre,campo coperto 1,indoor,14:00,afternoon,free,,
2026-09-21 12:00,2026-09-21,Mon,weekday,Sporting Club Mestre,sporting-club-mestre,campo coperto 2,indoor,12:30,lunch,free,,
2026-09-21 12:00,2026-09-21,Mon,weekday,Sporting Club Mestre,sporting-club-mestre,campo coperto 2,indoor,13:00,lunch,free,40 EUR,
2026-09-21 12:00,2026-09-21,Mon,weekday,Sporting Club Mestre,sporting-club-mestre,campo coperto 2,indoor,13:30,lunch,free,,
2026-09-21 12:00,2026-09-21,Mon,weekday,Sporting Club Mestre,sporting-club-mestre,campo coperto 2,indoor,14:00,afternoon,free,,
2026-09-21 12:00,2026-09-21,Mon,weekday,Padel by FitUP di Zero Branco,padel-by-fitup-di-zero-branco,Padel by FitUP 1,indoor,12:30,lunch,free,40 EUR,
2026-09-21 12:00,2026-09-21,Mon,weekday,Padel by FitUP di Zero Branco,padel-by-fitup-di-zero-branco,Padel by FitUP 1,indoor,13:00,lunch,free,40 EUR,
2026-09-21 12:00,2026-09-21,Mon,weekday,Padel by FitUP di Zero Branco,padel-by-fitup-di-zero-branco,Padel by FitUP 1,indoor,13:30,lunch,free,40 EUR,
2026-09-21 12:00,2026-09-21,Mon,weekday,Padel by FitUP di Zero Branco,padel-by-fitup-di-zero-branco,Padel by FitUP 1,indoor,14:00,afternoon,free,40 EUR,
2026-09-21 12:00,2026-09-21,Mon,weekday,Aquafit Padel,aquafit-padel,Padel 1,outdoor,12:30,lunch,free,40 EUR,
2026-09-21 12:00,2026-09-21,Mon,weekday,Aquafit Padel,aquafit-padel,Padel 1,outdoor,13:00,lunch,free,40 EUR,
2026-09-21 12:00,2026-09-21,Mon,weekday,Aquafit Padel,aquafit-padel,Padel 1,outdoor,13:30,lunch,free,40 EUR,
2026-09-21 12:00,2026-09-21,Mon,weekday,Aquafit Padel,aquafit-padel,Padel 1,outdoor,14:00,afternoon,free,40 EUR,
2026-09-21 12:00,2026-09-21,Mon,weekday,Aquafit Padel,aquafit-padel,Padel 2,outdoor,12:30,lunch,free,40 EUR,32 EUR
2026-09-21 12:00,2026-09-21,Mon,weekday,Aquafit Padel,aquafit-padel,Padel 2,outdoor,13:00,lunch,free,40 EUR,32 EUR
2026-09-21 12:00,2026-09-21,Mon,weekday,Aquafit Padel,aquafit-padel,Padel 2,outdoor,13:30,lunch,free,40 EUR,29.34 EUR
2026-09-21 12:00,2026-09-21,Mon,weekday,Aquafit Padel,aquafit-padel,Padel 2,outdoor,14:00,afternoon,free,40 EUR,
2026-09-21 12:00,2026-09-21,Mon,weekday,SPH - Venezia,sph-venezia,Campo 1,indoor,12:30,lunch,booked,,
2026-09-21 12:00,2026-09-21,Mon,weekday,SPH - Venezia,sph-venezia,Campo 1,indoor,13:00,lunch,booked,,
2026-09-21 12:00,2026-09-21,Mon,weekday,SPH - Venezia,sph-venezia,Campo 1,indoor,13:30,lunch,booked,,
2026-09-21 12:00,2026-09-21,Mon,weekday,SPH - Venezia,sph-venezia,Campo 1,indoor,14:00,afternoon,booked,,
2026-09-21 12:00,2026-09-21,Mon,weekday,SPH - Venezia,sph-venezia,Campo 2,indoor,12:30,lunch,free,48 EUR,32 EUR
2026-09-21 12:00,2026-09-21,Mon,weekday,SPH - Venezia,sph-venezia,Campo 2,indoor,13:00,lunch,free,48 EUR,32 EUR
2026-09-21 12:00,2026-09-21,Mon,weekday,SPH - Venezia,sph-venezia,Campo 2,indoor,13:30,lunch,free,48 EUR,32 EUR
2026-09-21 12:00,2026-09-21,Mon,weekday,SPH - Venezia,sph-venezia,Campo 2,indoor,14:00,afternoon,free,48 EUR,32 EUR
2026-09-21 12:00,2026-09-21,Mon,weekday,SPH - Venezia,sph-venezia,Campo 3,indoor,12:30,lunch,free,48 EUR,32 EUR
2026-09-21 12:00,2026-09-21,Mon,weekday,SPH - Venezia,sph-venezia,Campo 3,indoor,13:00,lunch,free,48 EUR,32 EUR
2026-09-21 12:00,2026-09-21,Mon,weekday,SPH - Venezia,sph-venezia,Campo 3,indoor,13:30,lunch,free,48 EUR,32 EUR
2026-09-21 12:00,2026-09-21,Mon,weekday,SPH - Venezia,sph-venezia,Campo 3,indoor,14:00,afternoon,free,,32 EUR
2026-09-21 12:00,2026-09-21,Mon,weekday,SPH - Venezia,sph-venezia,Campo 4 | B3 Capital,indoor,12:30,lunch,free,48 EUR,32 EUR
2026-09-21 12:00,2026-09-21,Mon,weekday,SPH - Venezia,sph-venezia,Campo 4 | B3 Capital,indoor,13:00,lunch,free,48 EUR,32 EUR
2026-09-21 12:00,2026-09-21,Mon,weekday,SPH - Venezia,sph-venezia,Campo 4 | B3 Capital,indoor,13:30,lunch,free,48 EUR,32 EUR
2026-09-21 12:00,2026-09-21,Mon,weekday,SPH - Venezia,sph-venezia,Campo 4 | B3 Capital,indoor,14:00,afternoon,free,,32 EUR
2026-09-21 12:00,2026-09-21,Mon,weekday,SPH - Venezia,sph-venezia,Campo 5 | Bassetto Impianti,indoor,12:30,lunch,free,48 EUR,32 EUR
2026-09-21 12:00,2026-09-21,Mon,weekday,SPH - Venezia,sph-venezia,Campo 5 | Bassetto Impianti,indoor,13:00,lunch,free,48 EUR,32 EUR
2026-09-21 12:00,2026-09-21,Mon,weekday,SPH - Venezia,sph-venezia,Campo 5 | Bassetto Impianti,indoor,13:30,lunch,free,48 EUR,32 EUR
2026-09-21 12:00,2026-09-21,Mon,weekday,SPH - Venezia,sph-venezia,Campo 5 | Bassetto Impianti,indoor,14:00,afternoon,free,,32 EUR
2026-09-21 12:00,2026-09-21,Mon,weekday,Padel Treviso,padel-treviso,1 Esterno,outdoor,12:30,lunch,free,40 EUR,32 EUR
2026-09-21 12:00,2026-09-21,Mon,weekday,Padel Treviso,padel-treviso,1 Esterno,outdoor,13:00,lunch,free,40 EUR,32 EUR
2026-09-21 12:00,2026-09-21,Mon,weekday,Padel Treviso,padel-treviso,1 Esterno,outdoor,13:30,lunch,free,40 EUR,32 EUR
2026-09-21 12:00,2026-09-21,Mon,weekday,Padel Treviso,padel-treviso,1 Esterno,outdoor,14:00,afternoon,free,,32 EUR
2026-09-21 12:00,2026-09-21,Mon,weekday,Padel Treviso,padel-treviso,2 Esterno,outdoor,12:30,lunch,free,40 EUR,
2026-09-21 12:00,2026-09-21,Mon,weekday,Padel Treviso,padel-treviso,2 Esterno,outdoor,13:00,lunch,free,,
2026-09-21 12:00,2026-09-21,Mon,weekday,Padel Treviso,padel-treviso,2 Esterno,outdoor,13:30,lunch,free,,
2026-09-21 12:00,2026-09-21,Mon,weekday,Padel Treviso,padel-treviso,2 Esterno,outdoor,14:00,afternoon,free,40 EUR,
2026-09-21 12:00,2026-09-21,Mon,weekday,Padel Treviso,padel-treviso,3 COPERTO,indoor,12:30,lunch,free,56 EUR,
2026-09-21 12:00,2026-09-21,Mon,weekday,Padel Treviso,padel-treviso,3 COPERTO,indoor,13:00,lunch,free,56 EUR,
2026-09-21 12:00,2026-09-21,Mon,weekday,Padel Treviso,padel-treviso,3 COPERTO,indoor,13:30,lunch,free,56 EUR,
2026-09-21 12:00,2026-09-21,Mon,weekday,Padel Treviso,padel-treviso,3 COPERTO,indoor,14:00,afternoon,free,56 EUR,
2026-09-21 12:00,2026-09-21,Mon,weekday,Padel Treviso,padel-treviso,4 COPERTO,indoor,12:30,lunch,free,56 EUR,
2026-09-21 12:00,2026-09-21,Mon,weekday,Padel Treviso,padel-treviso,4 COPERTO,indoor,13:00,lunch,free,56 EUR,
2026-09-21 12:00,2026-09-21,Mon,weekday,Padel Treviso,padel-treviso,4 COPERTO,indoor,13:30,lunch,free,56 EUR,
2026-09-21 12:00,2026-09-21,Mon,weekday,Padel Treviso,padel-treviso,4 COPERTO,indoor,14:00,afternoon,free,56 EUR,
2026-09-21 12:00,2026-09-21,Mon,weekday,Padel Treviso,padel-treviso,Kuikma Indoor,indoor,12:30,lunch,free,,
2026-09-21 12:00,2026-09-21,Mon,weekday,Padel Treviso,padel-treviso,Kuikma Indoor,indoor,13:00,lunch,free,,
2026-09-21 12:00,2026-09-21,Mon,weekday,Padel Treviso,padel-treviso,Kuikma Indoor,indoor,13:30,lunch,free,56 EUR,
2026-09-21 12:00,2026-09-21,Mon,weekday,Padel Treviso,padel-treviso,Kuikma Indoor,indoor,14:00,afternoon,free,,
2026-09-21 12:00,2026-09-21,Mon,weekday,Padel Treviso,padel-treviso,6 Indoor,indoor,12:30,lunch,free,,
2026-09-21 12:00,2026-09-21,Mon,weekday,Padel Treviso,padel-treviso,6 Indoor,indoor,13:00,lunch,free,,
2026-09-21 12:00,2026-09-21,Mon,weekday,Padel Treviso,padel-treviso,6 Indoor,indoor,13:30,lunch,free,56 EUR,
2026-09-21 12:00,2026-09-21,Mon,weekday,Padel Treviso,padel-treviso,6 Indoor,indoor,14:00,afternoon,free,,
2026-09-21 12:00,2026-09-21,Mon,weekday,Padel Treviso,padel-treviso,My Gym City Indoor,indoor,12:30,lunch,free,,
2026-09-21 12:00,2026-09-21,Mon,weekday,Padel Treviso,padel-treviso,My Gym City Indoor,indoor,13:00,lunch,free,,
2026-09-21 12:00,2026-09-21,Mon,weekday,Padel Treviso,padel-treviso,My Gym City Indoor,indoor,13:30,lunch,free,56 EUR,
2026-09-21 12:00,2026-09-21,Mon,weekday,Padel Treviso,padel-treviso,My Gym City Indoor,indoor,14:00,afternoon,free,,
2026-09-21 12:00,2026-09-21,Mon,weekday,Padel Treviso,padel-treviso,8 Esterno,outdoor,12:30,lunch,free,,
2026-09-21 12:00,2026-09-21,Mon,weekday,Padel Treviso,padel-treviso,8 Esterno,outdoor,13:00,lunch,free,,
2026-09-21 12:00,2026-09-21,Mon,weekday,Padel Treviso,padel-treviso,8 Esterno,outdoor,13:30,lunch,free,40 EUR,
2026-09-21 12:00,2026-09-21,Mon,weekday,Padel Treviso,padel-treviso,8 Esterno,outdoor,14:00,afternoon,free,,
2026-09-21 12:00,2026-09-21,Mon,weekday,Padel Treviso,padel-treviso,9 Gioielleria Minotto Istrana,indoor,12:30,lunch,free,,
2026-09-21 12:00,2026-09-21,Mon,weekday,Padel Treviso,padel-treviso,9 Gioielleria Minotto Istrana,indoor,13:00,lunch,free,56 EUR,
2026-09-21 12:00,2026-09-21,Mon,weekday,Padel Treviso,padel-treviso,9 Gioielleria Minotto Istrana,indoor,13:30,lunch,free,,
2026-09-21 12:00,2026-09-21,Mon,weekday,Padel Treviso,padel-treviso,9 Gioielleria Minotto Istrana,indoor,14:00,afternoon,free,,
2026-09-21 12:00,2026-09-21,Mon,weekday,Padel Treviso,padel-treviso,10 Gioielleria Minotto Istrana,indoor,12:30,lunch,free,,
2026-09-21 12:00,2026-09-21,Mon,weekday,Padel Treviso,padel-treviso,10 Gioielleria Minotto Istrana,indoor,13:00,lunch,free,56 EUR,
2026-09-21 12:00,2026-09-21,Mon,weekday,Padel Treviso,padel-treviso,10 Gioielleria Minotto Istrana,indoor,13:30,lunch,free,,
2026-09-21 12:00,2026-09-21,Mon,weekday,Padel Treviso,padel-treviso,10 Gioielleria Minotto Istrana,indoor,14:00,afternoon,free,,
2026-09-21 12:00,2026-09-21,Mon,weekday,Padel Treviso,padel-treviso,Singolo A Esterno,outdoor,12:30,lunch,free,24 EUR,20 EUR
2026-09-21 12:00,2026-09-21,Mon,weekday,Padel Treviso,padel-treviso,Singolo A Esterno,outdoor,13:00,lunch,free,24 EUR,20 EUR
2026-09-21 12:00,2026-09-21,Mon,weekday,Padel Treviso,padel-treviso,Singolo A Esterno,outdoor,13:30,lunch,free,24 EUR,20 EUR
2026-09-21 12:00,2026-09-21,Mon,weekday,Padel Treviso,padel-treviso,Singolo A Esterno,outdoor,14:00,afternoon,free,,20 EUR
2026-09-21 12:00,2026-09-21,Mon,weekday,Padel Treviso,padel-treviso,Singolo B Esterno,outdoor,12:30,lunch,free,24 EUR,20 EUR
2026-09-21 12:00,2026-09-21,Mon,weekday,Padel Treviso,padel-treviso,Singolo B Esterno,outdoor,13:00,lunch,free,24 EUR,20 EUR
2026-09-21 12:00,2026-09-21,Mon,weekday,Padel Treviso,padel-treviso,Singolo B Esterno,outdoor,13:30,lunch,free,24 EUR,20 EUR
2026-09-21 12:00,2026-09-21,Mon,weekday,Padel Treviso,padel-treviso,Singolo B Esterno,outdoor,14:00,afternoon,free,24 EUR,20 EUR
2026-09-21 12:00,2026-09-21,Mon,weekday,Altino Sport Village,altino-sport-village,Padel 1,indoor,12:30,lunch,free,30 EUR,30 EUR
2026-09-21 12:00,2026-09-21,Mon,weekday,Altino Sport Village,altino-sport-village,Padel 1,indoor,13:00,lunch,free,,30 EUR
2026-09-21 12:00,2026-09-21,Mon,weekday,Altino Sport Village,altino-sport-village,Padel 1,indoor,13:30,lunch,free,,
2026-09-21 12:00,2026-09-21,Mon,weekday,Altino Sport Village,altino-sport-village,Padel 1,indoor,14:00,afternoon,booked,,
2026-09-21 12:00,2026-09-21,Mon,weekday,Altino Sport Village,altino-sport-village,Padel 2,indoor,12:30,lunch,free,30 EUR,30 EUR
2026-09-21 12:00,2026-09-21,Mon,weekday,Altino Sport Village,altino-sport-village,Padel 2,indoor,13:00,lunch,free,30 EUR,30 EUR
2026-09-21 12:00,2026-09-21,Mon,weekday,Altino Sport Village,altino-sport-village,Padel 2,indoor,13:30,lunch,free,30 EUR,30 EUR
2026-09-21 12:00,2026-09-21,Mon,weekday,Altino Sport Village,altino-sport-village,Padel 2,indoor,14:00,afternoon,free,,30 EUR
2026-09-21 12:00,2026-09-21,Mon,weekday,Barchessa Padel e Pikleball,barchessa-pickleball,PADEL 1,indoor,12:30,lunch,free,40 EUR,27 EUR
2026-09-21 12:00,2026-09-21,Mon,weekday,Barchessa Padel e Pikleball,barchessa-pickleball,PADEL 1,indoor,13:00,lunch,free,40 EUR,27 EUR
2026-09-21 12:00,2026-09-21,Mon,weekday,Barchessa Padel e Pikleball,barchessa-pickleball,PADEL 1,indoor,13:30,lunch,free,40 EUR,27 EUR
2026-09-21 12:00,2026-09-21,Mon,weekday,Barchessa Padel e Pikleball,barchessa-pickleball,PADEL 1,indoor,14:00,afternoon,free,40 EUR,27 EUR
2026-09-21 12:00,2026-09-21,Mon,weekday,Barchessa Padel e Pikleball,barchessa-pickleball,PADEL  2,indoor,12:30,lunch,free,40 EUR,27 EUR
2026-09-21 12:00,2026-09-21,Mon,weekday,Barchessa Padel e Pikleball,barchessa-pickleball,PADEL  2,indoor,13:00,lunch,free,,27 EUR
2026-09-21 12:00,2026-09-21,Mon,weekday,Barchessa Padel e Pikleball,barchessa-pickleball,PADEL  2,indoor,13:30,lunch,free,,
2026-09-21 12:00,2026-09-21,Mon,weekday,Barchessa Padel e Pikleball,barchessa-pickleball,PADEL  2,indoor,14:00,afternoon,booked,,
2026-09-21 12:00,2026-09-21,Mon,weekday,Barchessa Padel e Pikleball,barchessa-pickleball,PADEL  3,indoor,12:30,lunch,free,40 EUR,27 EUR
2026-09-21 12:00,2026-09-21,Mon,weekday,Barchessa Padel e Pikleball,barchessa-pickleball,PADEL  3,indoor,13:00,lunch,free,40 EUR,27 EUR
2026-09-21 12:00,2026-09-21,Mon,weekday,Barchessa Padel e Pikleball,barchessa-pickleball,PADEL  3,indoor,13:30,lunch,free,40 EUR,27 EUR
2026-09-21 12:00,2026-09-21,Mon,weekday,Barchessa Padel e Pikleball,barchessa-pickleball,PADEL  3,indoor,14:00,afternoon,free,,27 EUR
2026-09-21 12:00,2026-09-21,Mon,weekday,SPH - Treviso Sporting,sph-treviso-sporting,Campo 4,indoor,12:30,lunch,free,50 EUR,34 EUR
2026-09-21 12:00,2026-09-21,Mon,weekday,SPH - Treviso Sporting,sph-treviso-sporting,Campo 4,indoor,13:00,lunch,free,50 EUR,34 EUR
2026-09-21 12:00,2026-09-21,Mon,weekday,SPH - Treviso Sporting,sph-treviso-sporting,Campo 4,indoor,13:30,lunch,free,50 EUR,34 EUR
2026-09-21 12:00,2026-09-21,Mon,weekday,SPH - Treviso Sporting,sph-treviso-sporting,Campo 4,indoor,14:00,afternoon,free,,34 EUR
2026-09-21 12:00,2026-09-21,Mon,weekday,SPH - Treviso Sporting,sph-treviso-sporting,Campo 5,indoor,12:30,lunch,free,,
2026-09-21 12:00,2026-09-21,Mon,weekday,SPH - Treviso Sporting,sph-treviso-sporting,Campo 5,indoor,13:00,lunch,free,50 EUR,34 EUR
2026-09-21 12:00,2026-09-21,Mon,weekday,SPH - Treviso Sporting,sph-treviso-sporting,Campo 5,indoor,13:30,lunch,free,50 EUR,34 EUR
2026-09-21 12:00,2026-09-21,Mon,weekday,SPH - Treviso Sporting,sph-treviso-sporting,Campo 5,indoor,14:00,afternoon,free,,34 EUR
2026-09-21 12:00,2026-09-21,Mon,weekday,SPH - Treviso Sporting,sph-treviso-sporting,Campo 6,indoor,12:30,lunch,free,50 EUR,34 EUR
2026-09-21 12:00,2026-09-21,Mon,weekday,SPH - Treviso Sporting,sph-treviso-sporting,Campo 6,indoor,13:00,lunch,free,50 EUR,34 EUR
2026-09-21 12:00,2026-09-21,Mon,weekday,SPH - Treviso Sporting,sph-treviso-sporting,Campo 6,indoor,13:30,lunch,free,,34 EUR
2026-09-21 12:00,2026-09-21,Mon,weekday,SPH - Treviso Sporting,sph-treviso-sporting,Campo 6,indoor,14:00,afternoon,free,50 EUR,
2026-09-21 12:00,2026-09-21,Mon,weekday,SPH - Treviso Sporting,sph-treviso-sporting,Campo 7,indoor,12:30,lunch,free,,
2026-09-21 12:00,2026-09-21,Mon,weekday,SPH - Treviso Sporting,sph-treviso-sporting,Campo 7,indoor,13:00,lunch,free,50 EUR,34 EUR
2026-09-21 12:00,2026-09-21,Mon,weekday,SPH - Treviso Sporting,sph-treviso-sporting,Campo 7,indoor,13:30,lunch,free,,34 EUR
2026-09-21 12:00,2026-09-21,Mon,weekday,SPH - Treviso Sporting,sph-treviso-sporting,Campo 7,indoor,14:00,afternoon,free,50 EUR,
2026-09-21 12:00,2026-09-21,Mon,weekday,SPH - Treviso Sporting,sph-treviso-sporting,Campo 1,outdoor,12:30,lunch,free,40 EUR,28 EUR
2026-09-21 12:00,2026-09-21,Mon,weekday,SPH - Treviso Sporting,sph-treviso-sporting,Campo 1,outdoor,13:00,lunch,free,40 EUR,28 EUR
2026-09-21 12:00,2026-09-21,Mon,weekday,SPH - Treviso Sporting,sph-treviso-sporting,Campo 1,outdoor,13:30,lunch,free,40 EUR,28 EUR
2026-09-21 12:00,2026-09-21,Mon,weekday,SPH - Treviso Sporting,sph-treviso-sporting,Campo 1,outdoor,14:00,afternoon,free,40 EUR,28 EUR
2026-09-21 12:00,2026-09-21,Mon,weekday,SPH - Treviso Sporting,sph-treviso-sporting,Campo 2,outdoor,12:30,lunch,free,40 EUR,28 EUR
2026-09-21 12:00,2026-09-21,Mon,weekday,SPH - Treviso Sporting,sph-treviso-sporting,Campo 2,outdoor,13:00,lunch,free,40 EUR,28 EUR
2026-09-21 12:00,2026-09-21,Mon,weekday,SPH - Treviso Sporting,sph-treviso-sporting,Campo 2,outdoor,13:30,lunch,free,40 EUR,28 EUR
2026-09-21 12:00,2026-09-21,Mon,weekday,SPH - Treviso Sporting,sph-treviso-sporting,Campo 2,outdoor,14:00,afternoon,free,40 EUR,28 EUR
2026-09-21 12:00,2026-09-21,Mon,weekday,SPH - Treviso Sporting,sph-treviso-sporting,Campo 3,outdoor,12:30,lunch,free,40 EUR,28 EUR
2026-09-21 12:00,2026-09-21,Mon,weekday,SPH - Treviso Sporting,sph-treviso-sporting,Campo 3,outdoor,13:00,lunch,free,40 EUR,28 EUR
2026-09-21 12:00,2026-09-21,Mon,weekday,SPH - Treviso Sporting,sph-treviso-sporting,Campo 3,outdoor,13:30,lunch,free,40 EUR,28 EUR
2026-09-21 12:00,2026-09-21,Mon,weekday,SPH - Treviso Sporting,sph-treviso-sporting,Campo 3,outdoor,14:00,afternoon,free,40 EUR,28 EUR
2026-09-21 12:00,2026-09-21,Mon,weekday,Marina Sporting,marina-sporting,Padel 1,outdoor,12:30,lunch,booked,,
2026-09-21 12:00,2026-09-21,Mon,weekday,Marina Sporting,marina-sporting,Padel 1,outdoor,13:00,lunch,booked,,
2026-09-21 12:00,2026-09-21,Mon,weekday,Marina Sporting,marina-sporting,Padel 1,outdoor,13:30,lunch,booked,,
2026-09-21 12:00,2026-09-21,Mon,weekday,Marina Sporting,marina-sporting,Padel 1,outdoor,14:00,afternoon,booked,,
2026-09-21 12:00,2026-09-21,Mon,weekday,Marina Sporting,marina-sporting,Padel 2,outdoor,12:30,lunch,booked,,
2026-09-21 12:00,2026-09-21,Mon,weekday,Marina Sporting,marina-sporting,Padel 2,outdoor,13:00,lunch,free,44 EUR,
2026-09-21 12:00,2026-09-21,Mon,weekday,Marina Sporting,marina-sporting,Padel 2,outdoor,13:30,lunch,free,,
2026-09-21 12:00,2026-09-21,Mon,weekday,Marina Sporting,marina-sporting,Padel 2,outdoor,14:00,afternoon,free,,
2026-09-21 14:28,2026-09-21,Mon,weekday,Sporting Club Mestre,sporting-club-mestre,Campo Giallo,outdoor,14:30,afternoon,booked,,
2026-09-21 14:28,2026-09-21,Mon,weekday,Sporting Club Mestre,sporting-club-mestre,Campo Giallo,outdoor,15:00,afternoon,booked,,
2026-09-21 14:28,2026-09-21,Mon,weekday,Sporting Club Mestre,sporting-club-mestre,Campo Giallo,outdoor,15:30,afternoon,booked,,
2026-09-21 14:28,2026-09-21,Mon,weekday,Sporting Club Mestre,sporting-club-mestre,Campo Giallo,outdoor,16:00,afternoon,free,,24 EUR
2026-09-21 14:28,2026-09-21,Mon,weekday,Sporting Club Mestre,sporting-club-mestre,Campo Rosso,outdoor,14:30,afternoon,booked,,
2026-09-21 14:28,2026-09-21,Mon,weekday,Sporting Club Mestre,sporting-club-mestre,Campo Rosso,outdoor,15:00,afternoon,booked,,
2026-09-21 14:28,2026-09-21,Mon,weekday,Sporting Club Mestre,sporting-club-mestre,Campo Rosso,outdoor,15:30,afternoon,booked,,
2026-09-21 14:28,2026-09-21,Mon,weekday,Sporting Club Mestre,sporting-club-mestre,Campo Rosso,outdoor,16:00,afternoon,booked,,
2026-09-21 14:28,2026-09-21,Mon,weekday,Sporting Club Mestre,sporting-club-mestre,campo coperto 1,indoor,14:30,afternoon,booked,,
2026-09-21 14:28,2026-09-21,Mon,weekday,Sporting Club Mestre,sporting-club-mestre,campo coperto 1,indoor,15:00,afternoon,booked,,
2026-09-21 14:28,2026-09-21,Mon,weekday,Sporting Club Mestre,sporting-club-mestre,campo coperto 1,indoor,15:30,afternoon,booked,,
2026-09-21 14:28,2026-09-21,Mon,weekday,Sporting Club Mestre,sporting-club-mestre,campo coperto 1,indoor,16:00,afternoon,booked,,
2026-09-21 14:28,2026-09-21,Mon,weekday,Sporting Club Mestre,sporting-club-mestre,campo coperto 2,indoor,14:30,afternoon,free,40 EUR,
2026-09-21 14:28,2026-09-21,Mon,weekday,Sporting Club Mestre,sporting-club-mestre,campo coperto 2,indoor,15:00,afternoon,free,,
2026-09-21 14:28,2026-09-21,Mon,weekday,Sporting Club Mestre,sporting-club-mestre,campo coperto 2,indoor,15:30,afternoon,free,,
2026-09-21 14:28,2026-09-21,Mon,weekday,Sporting Club Mestre,sporting-club-mestre,campo coperto 2,indoor,16:00,afternoon,booked,,
2026-09-21 14:28,2026-09-21,Mon,weekday,Padel by FitUP di Zero Branco,padel-by-fitup-di-zero-branco,Padel by FitUP 1,indoor,14:30,afternoon,free,40 EUR,
2026-09-21 14:28,2026-09-21,Mon,weekday,Padel by FitUP di Zero Branco,padel-by-fitup-di-zero-branco,Padel by FitUP 1,indoor,15:00,afternoon,free,40 EUR,
2026-09-21 14:28,2026-09-21,Mon,weekday,Padel by FitUP di Zero Branco,padel-by-fitup-di-zero-branco,Padel by FitUP 1,indoor,15:30,afternoon,free,40 EUR,
2026-09-21 14:28,2026-09-21,Mon,weekday,Padel by FitUP di Zero Branco,padel-by-fitup-di-zero-branco,Padel by FitUP 1,indoor,16:00,afternoon,free,40 EUR,
2026-09-21 14:28,2026-09-21,Mon,weekday,Aquafit Padel,aquafit-padel,Padel 1,outdoor,14:30,afternoon,free,40 EUR,
2026-09-21 14:28,2026-09-21,Mon,weekday,Aquafit Padel,aquafit-padel,Padel 1,outdoor,15:00,afternoon,free,40 EUR,
2026-09-21 14:28,2026-09-21,Mon,weekday,Aquafit Padel,aquafit-padel,Padel 1,outdoor,15:30,afternoon,free,40 EUR,
2026-09-21 14:28,2026-09-21,Mon,weekday,Aquafit Padel,aquafit-padel,Padel 1,outdoor,16:00,afternoon,free,40 EUR,
2026-09-21 14:28,2026-09-21,Mon,weekday,Aquafit Padel,aquafit-padel,Padel 2,outdoor,14:30,afternoon,free,40 EUR,
2026-09-21 14:28,2026-09-21,Mon,weekday,Aquafit Padel,aquafit-padel,Padel 2,outdoor,15:00,afternoon,free,40 EUR,
2026-09-21 14:28,2026-09-21,Mon,weekday,Aquafit Padel,aquafit-padel,Padel 2,outdoor,15:30,afternoon,free,40 EUR,
2026-09-21 14:28,2026-09-21,Mon,weekday,Aquafit Padel,aquafit-padel,Padel 2,outdoor,16:00,afternoon,free,40 EUR,
2026-09-21 16:38,2026-09-21,Mon,weekday,Sporting Club Mestre,sporting-club-mestre,Campo Giallo,outdoor,17:00,afternoon,booked,,
2026-09-21 16:38,2026-09-21,Mon,weekday,Sporting Club Mestre,sporting-club-mestre,Campo Giallo,outdoor,17:30,afternoon,booked,,
2026-09-21 16:38,2026-09-21,Mon,weekday,Sporting Club Mestre,sporting-club-mestre,Campo Giallo,outdoor,18:00,evening,booked,,
2026-09-21 16:38,2026-09-21,Mon,weekday,Sporting Club Mestre,sporting-club-mestre,Campo Giallo,outdoor,18:30,evening,booked,,
2026-09-21 16:38,2026-09-21,Mon,weekday,Sporting Club Mestre,sporting-club-mestre,Campo Rosso,outdoor,17:00,afternoon,booked,,
2026-09-21 16:38,2026-09-21,Mon,weekday,Sporting Club Mestre,sporting-club-mestre,Campo Rosso,outdoor,17:30,afternoon,booked,,
2026-09-21 16:38,2026-09-21,Mon,weekday,Sporting Club Mestre,sporting-club-mestre,Campo Rosso,outdoor,18:00,evening,booked,,
2026-09-21 16:38,2026-09-21,Mon,weekday,Sporting Club Mestre,sporting-club-mestre,Campo Rosso,outdoor,18:30,evening,booked,,
2026-09-21 16:38,2026-09-21,Mon,weekday,Sporting Club Mestre,sporting-club-mestre,campo coperto 1,indoor,17:00,afternoon,booked,,
2026-09-21 16:38,2026-09-21,Mon,weekday,Sporting Club Mestre,sporting-club-mestre,campo coperto 1,indoor,17:30,afternoon,booked,,
2026-09-21 16:38,2026-09-21,Mon,weekday,Sporting Club Mestre,sporting-club-mestre,campo coperto 1,indoor,18:00,evening,booked,,
2026-09-21 16:38,2026-09-21,Mon,weekday,Sporting Club Mestre,sporting-club-mestre,campo coperto 1,indoor,18:30,evening,booked,,
2026-09-21 16:38,2026-09-21,Mon,weekday,Sporting Club Mestre,sporting-club-mestre,campo coperto 2,indoor,17:00,afternoon,booked,,
2026-09-21 16:38,2026-09-21,Mon,weekday,Sporting Club Mestre,sporting-club-mestre,campo coperto 2,indoor,17:30,afternoon,booked,,
2026-09-21 16:38,2026-09-21,Mon,weekday,Sporting Club Mestre,sporting-club-mestre,campo coperto 2,indoor,18:00,evening,booked,,
2026-09-21 16:38,2026-09-21,Mon,weekday,Sporting Club Mestre,sporting-club-mestre,campo coperto 2,indoor,18:30,evening,booked,,
2026-09-21 16:38,2026-09-21,Mon,weekday,Padel by FitUP di Zero Branco,padel-by-fitup-di-zero-branco,Padel by FitUP 1,indoor,17:00,afternoon,free,40 EUR,
2026-09-21 16:38,2026-09-21,Mon,weekday,Padel by FitUP di Zero Branco,padel-by-fitup-di-zero-branco,Padel by FitUP 1,indoor,17:30,afternoon,free,,
2026-09-21 16:38,2026-09-21,Mon,weekday,Padel by FitUP di Zero Branco,padel-by-fitup-di-zero-branco,Padel by FitUP 1,indoor,18:00,evening,free,,
2026-09-21 16:38,2026-09-21,Mon,weekday,Padel by FitUP di Zero Branco,padel-by-fitup-di-zero-branco,Padel by FitUP 1,indoor,18:30,evening,booked,,
2026-09-21 16:38,2026-09-21,Mon,weekday,Aquafit Padel,aquafit-padel,Padel 1,outdoor,17:00,afternoon,booked,,
2026-09-21 16:38,2026-09-21,Mon,weekday,Aquafit Padel,aquafit-padel,Padel 1,outdoor,17:30,afternoon,booked,,
2026-09-21 16:38,2026-09-21,Mon,weekday,Aquafit Padel,aquafit-padel,Padel 1,outdoor,18:00,evening,booked,,
2026-09-21 16:38,2026-09-21,Mon,weekday,Aquafit Padel,aquafit-padel,Padel 1,outdoor,18:30,evening,booked,,
2026-09-21 16:38,2026-09-21,Mon,weekday,Aquafit Padel,aquafit-padel,Padel 2,outdoor,17:00,afternoon,free,40 EUR,
2026-09-21 16:38,2026-09-21,Mon,weekday,Aquafit Padel,aquafit-padel,Padel 2,outdoor,17:30,afternoon,free,40 EUR,
2026-09-21 16:38,2026-09-21,Mon,weekday,Aquafit Padel,aquafit-padel,Padel 2,outdoor,18:00,evening,free,40 EUR,
2026-09-21 16:38,2026-09-21,Mon,weekday,Aquafit Padel,aquafit-padel,Padel 2,outdoor,18:30,evening,free,,
2026-09-21 16:38,2026-09-21,Mon,weekday,SPH - Venezia,sph-venezia,Campo 1,indoor,17:00,afternoon,booked,,
2026-09-21 16:38,2026-09-21,Mon,weekday,SPH - Venezia,sph-venezia,Campo 1,indoor,17:30,afternoon,booked,,
2026-09-21 16:38,2026-09-21,Mon,weekday,SPH - Venezia,sph-venezia,Campo 1,indoor,18:00,evening,booked,,
2026-09-21 16:38,2026-09-21,Mon,weekday,SPH - Venezia,sph-venezia,Campo 1,indoor,18:30,evening,booked,,
2026-09-21 16:38,2026-09-21,Mon,weekday,SPH - Venezia,sph-venezia,Campo 2,indoor,17:00,afternoon,booked,,
2026-09-21 16:38,2026-09-21,Mon,weekday,SPH - Venezia,sph-venezia,Campo 2,indoor,17:30,afternoon,booked,,
2026-09-21 16:38,2026-09-21,Mon,weekday,SPH - Venezia,sph-venezia,Campo 2,indoor,18:00,evening,booked,,
2026-09-21 16:38,2026-09-21,Mon,weekday,SPH - Venezia,sph-venezia,Campo 2,indoor,18:30,evening,booked,,
2026-09-21 16:38,2026-09-21,Mon,weekday,SPH - Venezia,sph-venezia,Campo 3,indoor,17:00,afternoon,booked,,
2026-09-21 16:38,2026-09-21,Mon,weekday,SPH - Venezia,sph-venezia,Campo 3,indoor,17:30,afternoon,booked,,
2026-09-21 16:38,2026-09-21,Mon,weekday,SPH - Venezia,sph-venezia,Campo 3,indoor,18:00,evening,booked,,
2026-09-21 16:38,2026-09-21,Mon,weekday,SPH - Venezia,sph-venezia,Campo 3,indoor,18:30,evening,booked,,
2026-09-21 16:38,2026-09-21,Mon,weekday,SPH - Venezia,sph-venezia,Campo 4 | B3 Capital,indoor,17:00,afternoon,booked,,
2026-09-21 16:38,2026-09-21,Mon,weekday,SPH - Venezia,sph-venezia,Campo 4 | B3 Capital,indoor,17:30,afternoon,booked,,
2026-09-21 16:38,2026-09-21,Mon,weekday,SPH - Venezia,sph-venezia,Campo 4 | B3 Capital,indoor,18:00,evening,booked,,
2026-09-21 16:38,2026-09-21,Mon,weekday,SPH - Venezia,sph-venezia,Campo 4 | B3 Capital,indoor,18:30,evening,booked,,
2026-09-21 16:38,2026-09-21,Mon,weekday,SPH - Venezia,sph-venezia,Campo 5 | Bassetto Impianti,indoor,17:00,afternoon,booked,,
2026-09-21 16:38,2026-09-21,Mon,weekday,SPH - Venezia,sph-venezia,Campo 5 | Bassetto Impianti,indoor,17:30,afternoon,booked,,
2026-09-21 16:38,2026-09-21,Mon,weekday,SPH - Venezia,sph-venezia,Campo 5 | Bassetto Impianti,indoor,18:00,evening,booked,,
2026-09-21 16:38,2026-09-21,Mon,weekday,SPH - Venezia,sph-venezia,Campo 5 | Bassetto Impianti,indoor,18:30,evening,booked,,
2026-09-21 16:38,2026-09-21,Mon,weekday,Padel Treviso,padel-treviso,1 Esterno,outdoor,17:00,afternoon,booked,,
2026-09-21 16:38,2026-09-21,Mon,weekday,Padel Treviso,padel-treviso,1 Esterno,outdoor,17:30,afternoon,booked,,
2026-09-21 16:38,2026-09-21,Mon,weekday,Padel Treviso,padel-treviso,1 Esterno,outdoor,18:00,evening,booked,,
2026-09-21 16:38,2026-09-21,Mon,weekday,Padel Treviso,padel-treviso,1 Esterno,outdoor,18:30,evening,booked,,
2026-09-21 16:38,2026-09-21,Mon,weekday,Padel Treviso,padel-treviso,2 Esterno,outdoor,17:00,afternoon,booked,,
2026-09-21 16:38,2026-09-21,Mon,weekday,Padel Treviso,padel-treviso,2 Esterno,outdoor,17:30,afternoon,booked,,
2026-09-21 16:38,2026-09-21,Mon,weekday,Padel Treviso,padel-treviso,2 Esterno,outdoor,18:00,evening,booked,,
2026-09-21 16:38,2026-09-21,Mon,weekday,Padel Treviso,padel-treviso,2 Esterno,outdoor,18:30,evening,booked,,
2026-09-21 16:38,2026-09-21,Mon,weekday,Padel Treviso,padel-treviso,3 COPERTO,indoor,17:00,afternoon,booked,,
2026-09-21 16:38,2026-09-21,Mon,weekday,Padel Treviso,padel-treviso,3 COPERTO,indoor,17:30,afternoon,booked,,
2026-09-21 16:38,2026-09-21,Mon,weekday,Padel Treviso,padel-treviso,3 COPERTO,indoor,18:00,evening,booked,,
2026-09-21 16:38,2026-09-21,Mon,weekday,Padel Treviso,padel-treviso,3 COPERTO,indoor,18:30,evening,booked,,
2026-09-21 16:38,2026-09-21,Mon,weekday,Padel Treviso,padel-treviso,4 COPERTO,indoor,17:00,afternoon,booked,,
2026-09-21 16:38,2026-09-21,Mon,weekday,Padel Treviso,padel-treviso,4 COPERTO,indoor,17:30,afternoon,booked,,
2026-09-21 16:38,2026-09-21,Mon,weekday,Padel Treviso,padel-treviso,4 COPERTO,indoor,18:00,evening,booked,,
2026-09-21 16:38,2026-09-21,Mon,weekday,Padel Treviso,padel-treviso,4 COPERTO,indoor,18:30,evening,booked,,
2026-09-21 16:38,2026-09-21,Mon,weekday,Padel Treviso,padel-treviso,Kuikma Indoor,indoor,17:00,afternoon,booked,,
2026-09-21 16:38,2026-09-21,Mon,weekday,Padel Treviso,padel-treviso,Kuikma Indoor,indoor,17:30,afternoon,booked,,
2026-09-21 16:38,2026-09-21,Mon,weekday,Padel Treviso,padel-treviso,Kuikma Indoor,indoor,18:00,evening,booked,,
2026-09-21 16:38,2026-09-21,Mon,weekday,Padel Treviso,padel-treviso,Kuikma Indoor,indoor,18:30,evening,booked,,
2026-09-21 16:38,2026-09-21,Mon,weekday,Padel Treviso,padel-treviso,6 Indoor,indoor,17:00,afternoon,booked,,
2026-09-21 16:38,2026-09-21,Mon,weekday,Padel Treviso,padel-treviso,6 Indoor,indoor,17:30,afternoon,booked,,
2026-09-21 16:38,2026-09-21,Mon,weekday,Padel Treviso,padel-treviso,6 Indoor,indoor,18:00,evening,free,56 EUR,
2026-09-21 16:38,2026-09-21,Mon,weekday,Padel Treviso,padel-treviso,6 Indoor,indoor,18:30,evening,free,,
2026-09-21 16:38,2026-09-21,Mon,weekday,Padel Treviso,padel-treviso,My Gym City Indoor,indoor,17:00,afternoon,booked,,
2026-09-21 16:38,2026-09-21,Mon,weekday,Padel Treviso,padel-treviso,My Gym City Indoor,indoor,17:30,afternoon,booked,,
2026-09-21 16:38,2026-09-21,Mon,weekday,Padel Treviso,padel-treviso,My Gym City Indoor,indoor,18:00,evening,free,56 EUR,
2026-09-21 16:38,2026-09-21,Mon,weekday,Padel Treviso,padel-treviso,My Gym City Indoor,indoor,18:30,evening,free,,
2026-09-21 16:38,2026-09-21,Mon,weekday,Padel Treviso,padel-treviso,8 Esterno,outdoor,17:00,afternoon,booked,,
2026-09-21 16:38,2026-09-21,Mon,weekday,Padel Treviso,padel-treviso,8 Esterno,outdoor,17:30,afternoon,booked,,
2026-09-21 16:38,2026-09-21,Mon,weekday,Padel Treviso,padel-treviso,8 Esterno,outdoor,18:00,evening,booked,,
2026-09-21 16:38,2026-09-21,Mon,weekday,Padel Treviso,padel-treviso,8 Esterno,outdoor,18:30,evening,booked,,
2026-09-21 16:38,2026-09-21,Mon,weekday,Padel Treviso,padel-treviso,9 Gioielleria Minotto Istrana,indoor,17:00,afternoon,booked,,
2026-09-21 16:38,2026-09-21,Mon,weekday,Padel Treviso,padel-treviso,9 Gioielleria Minotto Istrana,indoor,17:30,afternoon,booked,,
2026-09-21 16:38,2026-09-21,Mon,weekday,Padel Treviso,padel-treviso,9 Gioielleria Minotto Istrana,indoor,18:00,evening,booked,,
2026-09-21 16:38,2026-09-21,Mon,weekday,Padel Treviso,padel-treviso,9 Gioielleria Minotto Istrana,indoor,18:30,evening,booked,,
2026-09-21 16:38,2026-09-21,Mon,weekday,Padel Treviso,padel-treviso,10 Gioielleria Minotto Istrana,indoor,17:00,afternoon,booked,,
2026-09-21 16:38,2026-09-21,Mon,weekday,Padel Treviso,padel-treviso,10 Gioielleria Minotto Istrana,indoor,17:30,afternoon,booked,,
2026-09-21 16:38,2026-09-21,Mon,weekday,Padel Treviso,padel-treviso,10 Gioielleria Minotto Istrana,indoor,18:00,evening,booked,,
2026-09-21 16:38,2026-09-21,Mon,weekday,Padel Treviso,padel-treviso,10 Gioielleria Minotto Istrana,indoor,18:30,evening,booked,,
2026-09-21 16:38,2026-09-21,Mon,weekday,Padel Treviso,padel-treviso,Singolo A Esterno,outdoor,17:00,afternoon,booked,,
2026-09-21 16:38,2026-09-21,Mon,weekday,Padel Treviso,padel-treviso,Singolo A Esterno,outdoor,17:30,afternoon,free,,20 EUR
2026-09-21 16:38,2026-09-21,Mon,weekday,Padel Treviso,padel-treviso,Singolo A Esterno,outdoor,18:00,evening,free,,
2026-09-21 16:38,2026-09-21,Mon,weekday,Padel Treviso,padel-treviso,Singolo A Esterno,outdoor,18:30,evening,booked,,
2026-09-21 16:38,2026-09-21,Mon,weekday,Padel Treviso,padel-treviso,Singolo B Esterno,outdoor,17:00,afternoon,booked,,
2026-09-21 16:38,2026-09-21,Mon,weekday,Padel Treviso,padel-treviso,Singolo B Esterno,outdoor,17:30,afternoon,booked,,
2026-09-21 16:38,2026-09-21,Mon,weekday,Padel Treviso,padel-treviso,Singolo B Esterno,outdoor,18:00,evening,free,24 EUR,20 EUR
2026-09-21 16:38,2026-09-21,Mon,weekday,Padel Treviso,padel-treviso,Singolo B Esterno,outdoor,18:30,evening,free,,
2026-09-21 16:38,2026-09-21,Mon,weekday,Altino Sport Village,altino-sport-village,Padel 1,indoor,17:00,afternoon,booked,,
2026-09-21 16:38,2026-09-21,Mon,weekday,Altino Sport Village,altino-sport-village,Padel 1,indoor,17:30,afternoon,booked,,
2026-09-21 16:38,2026-09-21,Mon,weekday,Altino Sport Village,altino-sport-village,Padel 1,indoor,18:00,evening,booked,,
2026-09-21 16:38,2026-09-21,Mon,weekday,Altino Sport Village,altino-sport-village,Padel 1,indoor,18:30,evening,booked,,
2026-09-21 16:38,2026-09-21,Mon,weekday,Altino Sport Village,altino-sport-village,Padel 2,indoor,17:00,afternoon,booked,,
2026-09-21 16:38,2026-09-21,Mon,weekday,Altino Sport Village,altino-sport-village,Padel 2,indoor,17:30,afternoon,booked,,
2026-09-21 16:38,2026-09-21,Mon,weekday,Altino Sport Village,altino-sport-village,Padel 2,indoor,18:00,evening,booked,,
2026-09-21 16:38,2026-09-21,Mon,weekday,Altino Sport Village,altino-sport-village,Padel 2,indoor,18:30,evening,booked,,
2026-09-21 16:38,2026-09-21,Mon,weekday,Barchessa Padel e Pikleball,barchessa-pickleball,PADEL 1,indoor,17:00,afternoon,booked,,
2026-09-21 16:38,2026-09-21,Mon,weekday,Barchessa Padel e Pikleball,barchessa-pickleball,PADEL 1,indoor,17:30,afternoon,booked,,
2026-09-21 16:38,2026-09-21,Mon,weekday,Barchessa Padel e Pikleball,barchessa-pickleball,PADEL 1,indoor,18:00,evening,booked,,
2026-09-21 16:38,2026-09-21,Mon,weekday,Barchessa Padel e Pikleball,barchessa-pickleball,PADEL 1,indoor,18:30,evening,booked,,
2026-09-21 16:38,2026-09-21,Mon,weekday,Barchessa Padel e Pikleball,barchessa-pickleball,PADEL  2,indoor,17:00,afternoon,booked,,
2026-09-21 16:38,2026-09-21,Mon,weekday,Barchessa Padel e Pikleball,barchessa-pickleball,PADEL  2,indoor,17:30,afternoon,booked,,
2026-09-21 16:38,2026-09-21,Mon,weekday,Barchessa Padel e Pikleball,barchessa-pickleball,PADEL  2,indoor,18:00,evening,booked,,
2026-09-21 16:38,2026-09-21,Mon,weekday,Barchessa Padel e Pikleball,barchessa-pickleball,PADEL  2,indoor,18:30,evening,booked,,
2026-09-21 16:38,2026-09-21,Mon,weekday,Barchessa Padel e Pikleball,barchessa-pickleball,PADEL  3,indoor,17:00,afternoon,booked,,
2026-09-21 16:38,2026-09-21,Mon,weekday,Barchessa Padel e Pikleball,barchessa-pickleball,PADEL  3,indoor,17:30,afternoon,booked,,
2026-09-21 16:38,2026-09-21,Mon,weekday,Barchessa Padel e Pikleball,barchessa-pickleball,PADEL  3,indoor,18:00,evening,booked,,
2026-09-21 16:38,2026-09-21,Mon,weekday,Barchessa Padel e Pikleball,barchessa-pickleball,PADEL  3,indoor,18:30,evening,booked,,
2026-09-21 16:38,2026-09-21,Mon,weekday,H-FARM CAMPUS,h-farm-campus,Padel 1,outdoor,17:30,afternoon,free,83.34 EUR,
2026-09-21 16:38,2026-09-21,Mon,weekday,H-FARM CAMPUS,h-farm-campus,Padel 1,outdoor,18:00,evening,free,85 EUR,
2026-09-21 16:38,2026-09-21,Mon,weekday,H-FARM CAMPUS,h-farm-campus,Padel 1,outdoor,18:30,evening,free,85 EUR,
2026-09-21 16:38,2026-09-21,Mon,weekday,H-FARM CAMPUS,h-farm-campus,Padel 2,outdoor,17:30,afternoon,free,83.34 EUR,
2026-09-21 16:38,2026-09-21,Mon,weekday,H-FARM CAMPUS,h-farm-campus,Padel 2,outdoor,18:00,evening,free,85 EUR,
2026-09-21 16:38,2026-09-21,Mon,weekday,H-FARM CAMPUS,h-farm-campus,Padel 2,outdoor,18:30,evening,free,85 EUR,
2026-09-21 16:38,2026-09-21,Mon,weekday,SPH - Treviso Sporting,sph-treviso-sporting,Campo 4,indoor,17:00,afternoon,booked,,
2026-09-21 16:38,2026-09-21,Mon,weekday,SPH - Treviso Sporting,sph-treviso-sporting,Campo 4,indoor,17:30,afternoon,booked,,
2026-09-21 16:38,2026-09-21,Mon,weekday,SPH - Treviso Sporting,sph-treviso-sporting,Campo 4,indoor,18:00,evening,booked,,
2026-09-21 16:38,2026-09-21,Mon,weekday,SPH - Treviso Sporting,sph-treviso-sporting,Campo 4,indoor,18:30,evening,booked,,
2026-09-21 16:38,2026-09-21,Mon,weekday,SPH - Treviso Sporting,sph-treviso-sporting,Campo 5,indoor,17:00,afternoon,booked,,
2026-09-21 16:38,2026-09-21,Mon,weekday,SPH - Treviso Sporting,sph-treviso-sporting,Campo 5,indoor,17:30,afternoon,booked,,
2026-09-21 16:38,2026-09-21,Mon,weekday,SPH - Treviso Sporting,sph-treviso-sporting,Campo 5,indoor,18:00,evening,booked,,
2026-09-21 16:38,2026-09-21,Mon,weekday,SPH - Treviso Sporting,sph-treviso-sporting,Campo 5,indoor,18:30,evening,booked,,
2026-09-21 16:38,2026-09-21,Mon,weekday,SPH - Treviso Sporting,sph-treviso-sporting,Campo 6,indoor,17:00,afternoon,booked,,
2026-09-21 16:38,2026-09-21,Mon,weekday,SPH - Treviso Sporting,sph-treviso-sporting,Campo 6,indoor,17:30,afternoon,booked,,
2026-09-21 16:38,2026-09-21,Mon,weekday,SPH - Treviso Sporting,sph-treviso-sporting,Campo 6,indoor,18:00,evening,booked,,
2026-09-21 16:38,2026-09-21,Mon,weekday,SPH - Treviso Sporting,sph-treviso-sporting,Campo 6,indoor,18:30,evening,booked,,
2026-09-21 16:38,2026-09-21,Mon,weekday,SPH - Treviso Sporting,sph-treviso-sporting,Campo 7,indoor,17:00,afternoon,booked,,
2026-09-21 16:38,2026-09-21,Mon,weekday,SPH - Treviso Sporting,sph-treviso-sporting,Campo 7,indoor,17:30,afternoon,booked,,
2026-09-21 16:38,2026-09-21,Mon,weekday,SPH - Treviso Sporting,sph-treviso-sporting,Campo 7,indoor,18:00,evening,booked,,
2026-09-21 16:38,2026-09-21,Mon,weekday,SPH - Treviso Sporting,sph-treviso-sporting,Campo 7,indoor,18:30,evening,free,,36 EUR
2026-09-21 16:38,2026-09-21,Mon,weekday,SPH - Treviso Sporting,sph-treviso-sporting,Campo 1,outdoor,17:00,afternoon,booked,,
2026-09-21 16:38,2026-09-21,Mon,weekday,SPH - Treviso Sporting,sph-treviso-sporting,Campo 1,outdoor,17:30,afternoon,booked,,
2026-09-21 16:38,2026-09-21,Mon,weekday,SPH - Treviso Sporting,sph-treviso-sporting,Campo 1,outdoor,18:00,evening,booked,,
2026-09-21 16:38,2026-09-21,Mon,weekday,SPH - Treviso Sporting,sph-treviso-sporting,Campo 1,outdoor,18:30,evening,booked,,
2026-09-21 16:38,2026-09-21,Mon,weekday,SPH - Treviso Sporting,sph-treviso-sporting,Campo 2,outdoor,17:00,afternoon,booked,,
2026-09-21 16:38,2026-09-21,Mon,weekday,SPH - Treviso Sporting,sph-treviso-sporting,Campo 2,outdoor,17:30,afternoon,free,48 EUR,
2026-09-21 16:38,2026-09-21,Mon,weekday,SPH - Treviso Sporting,sph-treviso-sporting,Campo 2,outdoor,18:00,evening,free,,
2026-09-21 16:38,2026-09-21,Mon,weekday,SPH - Treviso Sporting,sph-treviso-sporting,Campo 2,outdoor,18:30,evening,free,,
2026-09-21 16:38,2026-09-21,Mon,weekday,SPH - Treviso Sporting,sph-treviso-sporting,Campo 3,outdoor,17:00,afternoon,booked,,
2026-09-21 16:38,2026-09-21,Mon,weekday,SPH - Treviso Sporting,sph-treviso-sporting,Campo 3,outdoor,17:30,afternoon,booked,,
2026-09-21 16:38,2026-09-21,Mon,weekday,SPH - Treviso Sporting,sph-treviso-sporting,Campo 3,outdoor,18:00,evening,booked,,
2026-09-21 16:38,2026-09-21,Mon,weekday,SPH - Treviso Sporting,sph-treviso-sporting,Campo 3,outdoor,18:30,evening,booked,,
2026-09-21 16:38,2026-09-21,Mon,weekday,Marina Sporting,marina-sporting,Padel 1,outdoor,17:00,afternoon,booked,,
2026-09-21 16:38,2026-09-21,Mon,weekday,Marina Sporting,marina-sporting,Padel 1,outdoor,17:30,afternoon,booked,,
2026-09-21 16:38,2026-09-21,Mon,weekday,Marina Sporting,marina-sporting,Padel 1,outdoor,18:00,evening,booked,,
2026-09-21 16:38,2026-09-21,Mon,weekday,Marina Sporting,marina-sporting,Padel 1,outdoor,18:30,evening,booked,,
2026-09-21 16:38,2026-09-21,Mon,weekday,Marina Sporting,marina-sporting,Padel 2,outdoor,17:00,afternoon,booked,,
2026-09-21 16:38,2026-09-21,Mon,weekday,Marina Sporting,marina-sporting,Padel 2,outdoor,17:30,afternoon,free,44 EUR,
2026-09-21 16:38,2026-09-21,Mon,weekday,Marina Sporting,marina-sporting,Padel 2,outdoor,18:00,evening,free,,
2026-09-21 16:38,2026-09-21,Mon,weekday,Marina Sporting,marina-sporting,Padel 2,outdoor,18:30,evening,free,,
2026-09-21 20:04,2026-09-21,Mon,weekday,Sporting Club Mestre,sporting-club-mestre,Campo Giallo,outdoor,20:30,evening,free,,
2026-09-21 20:04,2026-09-21,Mon,weekday,Sporting Club Mestre,sporting-club-mestre,Campo Giallo,outdoor,21:00,evening,booked,,
2026-09-21 20:04,2026-09-21,Mon,weekday,Sporting Club Mestre,sporting-club-mestre,Campo Giallo,outdoor,21:30,evening,booked,,
2026-09-21 20:04,2026-09-21,Mon,weekday,Sporting Club Mestre,sporting-club-mestre,Campo Giallo,outdoor,22:00,evening,booked,,
2026-09-21 20:04,2026-09-21,Mon,weekday,Sporting Club Mestre,sporting-club-mestre,Campo Rosso,outdoor,20:30,evening,booked,,
2026-09-21 20:04,2026-09-21,Mon,weekday,Sporting Club Mestre,sporting-club-mestre,Campo Rosso,outdoor,21:00,evening,booked,,
2026-09-21 20:04,2026-09-21,Mon,weekday,Sporting Club Mestre,sporting-club-mestre,Campo Rosso,outdoor,21:30,evening,booked,,
2026-09-21 20:04,2026-09-21,Mon,weekday,Sporting Club Mestre,sporting-club-mestre,Campo Rosso,outdoor,22:00,evening,booked,,
2026-09-21 20:04,2026-09-21,Mon,weekday,Sporting Club Mestre,sporting-club-mestre,campo coperto 1,indoor,20:30,evening,booked,,
2026-09-21 20:04,2026-09-21,Mon,weekday,Sporting Club Mestre,sporting-club-mestre,campo coperto 1,indoor,21:00,evening,booked,,
2026-09-21 20:04,2026-09-21,Mon,weekday,Sporting Club Mestre,sporting-club-mestre,campo coperto 1,indoor,21:30,evening,booked,,
2026-09-21 20:04,2026-09-21,Mon,weekday,Sporting Club Mestre,sporting-club-mestre,campo coperto 1,indoor,22:00,evening,booked,,
2026-09-21 20:04,2026-09-21,Mon,weekday,Sporting Club Mestre,sporting-club-mestre,campo coperto 2,indoor,20:30,evening,booked,,
2026-09-21 20:04,2026-09-21,Mon,weekday,Sporting Club Mestre,sporting-club-mestre,campo coperto 2,indoor,21:00,evening,booked,,
2026-09-21 20:04,2026-09-21,Mon,weekday,Sporting Club Mestre,sporting-club-mestre,campo coperto 2,indoor,21:30,evening,booked,,
2026-09-21 20:04,2026-09-21,Mon,weekday,Sporting Club Mestre,sporting-club-mestre,campo coperto 2,indoor,22:00,evening,booked,,
2026-09-21 20:04,2026-09-21,Mon,weekday,Aquafit Padel,aquafit-padel,Padel 1,outdoor,20:30,evening,booked,,
2026-09-21 20:04,2026-09-21,Mon,weekday,Aquafit Padel,aquafit-padel,Padel 1,outdoor,21:00,evening,booked,,
2026-09-21 20:04,2026-09-21,Mon,weekday,Aquafit Padel,aquafit-padel,Padel 1,outdoor,21:30,evening,booked,,
2026-09-21 20:04,2026-09-21,Mon,weekday,Aquafit Padel,aquafit-padel,Padel 1,outdoor,22:00,evening,booked,,
2026-09-21 20:04,2026-09-21,Mon,weekday,Aquafit Padel,aquafit-padel,Padel 2,outdoor,20:30,evening,booked,,
2026-09-21 20:04,2026-09-21,Mon,weekday,Aquafit Padel,aquafit-padel,Padel 2,outdoor,21:00,evening,booked,,
2026-09-21 20:04,2026-09-21,Mon,weekday,Aquafit Padel,aquafit-padel,Padel 2,outdoor,21:30,evening,booked,,
2026-09-21 20:04,2026-09-21,Mon,weekday,Aquafit Padel,aquafit-padel,Padel 2,outdoor,22:00,evening,booked,,
2026-09-21 20:04,2026-09-21,Mon,weekday,SPH - Venezia,sph-venezia,Campo 1,indoor,20:30,evening,booked,,
2026-09-21 20:04,2026-09-21,Mon,weekday,SPH - Venezia,sph-venezia,Campo 1,indoor,21:00,evening,booked,,
2026-09-21 20:04,2026-09-21,Mon,weekday,SPH - Venezia,sph-venezia,Campo 1,indoor,21:30,evening,booked,,
2026-09-21 20:04,2026-09-21,Mon,weekday,SPH - Venezia,sph-venezia,Campo 1,indoor,22:00,evening,booked,,
2026-09-21 20:04,2026-09-21,Mon,weekday,SPH - Venezia,sph-venezia,Campo 2,indoor,20:30,evening,booked,,
2026-09-21 20:04,2026-09-21,Mon,weekday,SPH - Venezia,sph-venezia,Campo 2,indoor,21:00,evening,booked,,
2026-09-21 20:04,2026-09-21,Mon,weekday,SPH - Venezia,sph-venezia,Campo 2,indoor,21:30,evening,booked,,
2026-09-21 20:04,2026-09-21,Mon,weekday,SPH - Venezia,sph-venezia,Campo 2,indoor,22:00,evening,booked,,
2026-09-21 20:04,2026-09-21,Mon,weekday,SPH - Venezia,sph-venezia,Campo 3,indoor,20:30,evening,booked,,
2026-09-21 20:04,2026-09-21,Mon,weekday,SPH - Venezia,sph-venezia,Campo 3,indoor,21:00,evening,booked,,
2026-09-21 20:04,2026-09-21,Mon,weekday,SPH - Venezia,sph-venezia,Campo 3,indoor,21:30,evening,booked,,
2026-09-21 20:04,2026-09-21,Mon,weekday,SPH - Venezia,sph-venezia,Campo 3,indoor,22:00,evening,booked,,
2026-09-21 20:04,2026-09-21,Mon,weekday,SPH - Venezia,sph-venezia,Campo 4 | B3 Capital,indoor,20:30,evening,booked,,
2026-09-21 20:04,2026-09-21,Mon,weekday,SPH - Venezia,sph-venezia,Campo 4 | B3 Capital,indoor,21:00,evening,booked,,
2026-09-21 20:04,2026-09-21,Mon,weekday,SPH - Venezia,sph-venezia,Campo 4 | B3 Capital,indoor,21:30,evening,booked,,
2026-09-21 20:04,2026-09-21,Mon,weekday,SPH - Venezia,sph-venezia,Campo 4 | B3 Capital,indoor,22:00,evening,booked,,
2026-09-21 20:04,2026-09-21,Mon,weekday,SPH - Venezia,sph-venezia,Campo 5 | Bassetto Impianti,indoor,20:30,evening,booked,,
2026-09-21 20:04,2026-09-21,Mon,weekday,SPH - Venezia,sph-venezia,Campo 5 | Bassetto Impianti,indoor,21:00,evening,booked,,
2026-09-21 20:04,2026-09-21,Mon,weekday,SPH - Venezia,sph-venezia,Campo 5 | Bassetto Impianti,indoor,21:30,evening,booked,,
2026-09-21 20:04,2026-09-21,Mon,weekday,SPH - Venezia,sph-venezia,Campo 5 | Bassetto Impianti,indoor,22:00,evening,booked,,
2026-09-21 20:04,2026-09-21,Mon,weekday,Padel Treviso,padel-treviso,1 Esterno,outdoor,20:30,evening,booked,,
2026-09-21 20:04,2026-09-21,Mon,weekday,Padel Treviso,padel-treviso,1 Esterno,outdoor,21:00,evening,booked,,
2026-09-21 20:04,2026-09-21,Mon,weekday,Padel Treviso,padel-treviso,1 Esterno,outdoor,21:30,evening,booked,,
2026-09-21 20:04,2026-09-21,Mon,weekday,Padel Treviso,padel-treviso,1 Esterno,outdoor,22:00,evening,booked,,
2026-09-21 20:04,2026-09-21,Mon,weekday,Padel Treviso,padel-treviso,2 Esterno,outdoor,20:30,evening,free,,
2026-09-21 20:04,2026-09-21,Mon,weekday,Padel Treviso,padel-treviso,2 Esterno,outdoor,21:00,evening,free,,
2026-09-21 20:04,2026-09-21,Mon,weekday,Padel Treviso,padel-treviso,2 Esterno,outdoor,21:30,evening,booked,,
2026-09-21 20:04,2026-09-21,Mon,weekday,Padel Treviso,padel-treviso,2 Esterno,outdoor,22:00,evening,booked,,
2026-09-21 20:04,2026-09-21,Mon,weekday,Padel Treviso,padel-treviso,3 COPERTO,indoor,20:30,evening,free,,
2026-09-21 20:04,2026-09-21,Mon,weekday,Padel Treviso,padel-treviso,3 COPERTO,indoor,21:00,evening,free,,
2026-09-21 20:04,2026-09-21,Mon,weekday,Padel Treviso,padel-treviso,3 COPERTO,indoor,21:30,evening,booked,,
2026-09-21 20:04,2026-09-21,Mon,weekday,Padel Treviso,padel-treviso,3 COPERTO,indoor,22:00,evening,booked,,
2026-09-21 20:04,2026-09-21,Mon,weekday,Padel Treviso,padel-treviso,4 COPERTO,indoor,20:30,evening,booked,,
2026-09-21 20:04,2026-09-21,Mon,weekday,Padel Treviso,padel-treviso,4 COPERTO,indoor,21:00,evening,booked,,
2026-09-21 20:04,2026-09-21,Mon,weekday,Padel Treviso,padel-treviso,4 COPERTO,indoor,21:30,evening,booked,,
2026-09-21 20:04,2026-09-21,Mon,weekday,Padel Treviso,padel-treviso,4 COPERTO,indoor,22:00,evening,booked,,
2026-09-21 20:04,2026-09-21,Mon,weekday,Padel Treviso,padel-treviso,Kuikma Indoor,indoor,20:30,evening,free,,
2026-09-21 20:04,2026-09-21,Mon,weekday,Padel Treviso,padel-treviso,Kuikma Indoor,indoor,21:00,evening,booked,,
2026-09-21 20:04,2026-09-21,Mon,weekday,Padel Treviso,padel-treviso,Kuikma Indoor,indoor,21:30,evening,booked,,
2026-09-21 20:04,2026-09-21,Mon,weekday,Padel Treviso,padel-treviso,Kuikma Indoor,indoor,22:00,evening,booked,,
2026-09-21 20:04,2026-09-21,Mon,weekday,Padel Treviso,padel-treviso,6 Indoor,indoor,20:30,evening,free,,
2026-09-21 20:04,2026-09-21,Mon,weekday,Padel Treviso,padel-treviso,6 Indoor,indoor,21:00,evening,booked,,
2026-09-21 20:04,2026-09-21,Mon,weekday,Padel Treviso,padel-treviso,6 Indoor,indoor,21:30,evening,booked,,
2026-09-21 20:04,2026-09-21,Mon,weekday,Padel Treviso,padel-treviso,6 Indoor,indoor,22:00,evening,booked,,
2026-09-21 20:04,2026-09-21,Mon,weekday,Padel Treviso,padel-treviso,My Gym City Indoor,indoor,20:30,evening,free,,
2026-09-21 20:04,2026-09-21,Mon,weekday,Padel Treviso,padel-treviso,My Gym City Indoor,indoor,21:00,evening,booked,,
2026-09-21 20:04,2026-09-21,Mon,weekday,Padel Treviso,padel-treviso,My Gym City Indoor,indoor,21:30,evening,booked,,
2026-09-21 20:04,2026-09-21,Mon,weekday,Padel Treviso,padel-treviso,My Gym City Indoor,indoor,22:00,evening,booked,,
2026-09-21 20:04,2026-09-21,Mon,weekday,Padel Treviso,padel-treviso,8 Esterno,outdoor,20:30,evening,booked,,
2026-09-21 20:04,2026-09-21,Mon,weekday,Padel Treviso,padel-treviso,8 Esterno,outdoor,21:00,evening,booked,,
2026-09-21 20:04,2026-09-21,Mon,weekday,Padel Treviso,padel-treviso,8 Esterno,outdoor,21:30,evening,booked,,
2026-09-21 20:04,2026-09-21,Mon,weekday,Padel Treviso,padel-treviso,8 Esterno,outdoor,22:00,evening,booked,,
2026-09-21 20:04,2026-09-21,Mon,weekday,Padel Treviso,padel-treviso,9 Gioielleria Minotto Istrana,indoor,20:30,evening,booked,,
2026-09-21 20:04,2026-09-21,Mon,weekday,Padel Treviso,padel-treviso,9 Gioielleria Minotto Istrana,indoor,21:00,evening,booked,,
2026-09-21 20:04,2026-09-21,Mon,weekday,Padel Treviso,padel-treviso,9 Gioielleria Minotto Istrana,indoor,21:30,evening,booked,,
2026-09-21 20:04,2026-09-21,Mon,weekday,Padel Treviso,padel-treviso,9 Gioielleria Minotto Istrana,indoor,22:00,evening,booked,,
2026-09-21 20:04,2026-09-21,Mon,weekday,Padel Treviso,padel-treviso,10 Gioielleria Minotto Istrana,indoor,20:30,evening,booked,,
2026-09-21 20:04,2026-09-21,Mon,weekday,Padel Treviso,padel-treviso,10 Gioielleria Minotto Istrana,indoor,21:00,evening,booked,,
2026-09-21 20:04,2026-09-21,Mon,weekday,Padel Treviso,padel-treviso,10 Gioielleria Minotto Istrana,indoor,21:30,evening,booked,,
2026-09-21 20:04,2026-09-21,Mon,weekday,Padel Treviso,padel-treviso,10 Gioielleria Minotto Istrana,indoor,22:00,evening,booked,,
2026-09-21 20:04,2026-09-21,Mon,weekday,Padel Treviso,padel-treviso,Singolo A Esterno,outdoor,20:30,evening,free,,
2026-09-21 20:04,2026-09-21,Mon,weekday,Padel Treviso,padel-treviso,Singolo A Esterno,outdoor,21:00,evening,booked,,
2026-09-21 20:04,2026-09-21,Mon,weekday,Padel Treviso,padel-treviso,Singolo A Esterno,outdoor,21:30,evening,booked,,
2026-09-21 20:04,2026-09-21,Mon,weekday,Padel Treviso,padel-treviso,Singolo A Esterno,outdoor,22:00,evening,booked,,
2026-09-21 20:04,2026-09-21,Mon,weekday,Padel Treviso,padel-treviso,Singolo B Esterno,outdoor,20:30,evening,free,,
2026-09-21 20:04,2026-09-21,Mon,weekday,Padel Treviso,padel-treviso,Singolo B Esterno,outdoor,21:00,evening,booked,,
2026-09-21 20:04,2026-09-21,Mon,weekday,Padel Treviso,padel-treviso,Singolo B Esterno,outdoor,21:30,evening,booked,,
2026-09-21 20:04,2026-09-21,Mon,weekday,Padel Treviso,padel-treviso,Singolo B Esterno,outdoor,22:00,evening,booked,,
2026-09-21 20:04,2026-09-21,Mon,weekday,Altino Sport Village,altino-sport-village,Padel 1,indoor,20:30,evening,free,,
2026-09-21 20:04,2026-09-21,Mon,weekday,Altino Sport Village,altino-sport-village,Padel 1,indoor,21:00,evening,booked,,
2026-09-21 20:04,2026-09-21,Mon,weekday,Altino Sport Village,altino-sport-village,Padel 1,indoor,21:30,evening,booked,,
2026-09-21 20:04,2026-09-21,Mon,weekday,Altino Sport Village,altino-sport-village,Padel 1,indoor,22:00,evening,booked,,
2026-09-21 20:04,2026-09-21,Mon,weekday,Altino Sport Village,altino-sport-village,Padel 2,indoor,20:30,evening,free,,
2026-09-21 20:04,2026-09-21,Mon,weekday,Altino Sport Village,altino-sport-village,Padel 2,indoor,21:00,evening,booked,,
2026-09-21 20:04,2026-09-21,Mon,weekday,Altino Sport Village,altino-sport-village,Padel 2,indoor,21:30,evening,booked,,
2026-09-21 20:04,2026-09-21,Mon,weekday,Altino Sport Village,altino-sport-village,Padel 2,indoor,22:00,evening,booked,,
2026-09-21 20:04,2026-09-21,Mon,weekday,Barchessa Padel e Pikleball,barchessa-pickleball,PADEL 1,indoor,20:30,evening,booked,,
2026-09-21 20:04,2026-09-21,Mon,weekday,Barchessa Padel e Pikleball,barchessa-pickleball,PADEL 1,indoor,21:00,evening,booked,,
2026-09-21 20:04,2026-09-21,Mon,weekday,Barchessa Padel e Pikleball,barchessa-pickleball,PADEL 1,indoor,21:30,evening,booked,,
2026-09-21 20:04,2026-09-21,Mon,weekday,Barchessa Padel e Pikleball,barchessa-pickleball,PADEL 1,indoor,22:00,evening,booked,,
2026-09-21 20:04,2026-09-21,Mon,weekday,Barchessa Padel e Pikleball,barchessa-pickleball,PADEL  2,indoor,20:30,evening,booked,,
2026-09-21 20:04,2026-09-21,Mon,weekday,Barchessa Padel e Pikleball,barchessa-pickleball,PADEL  2,indoor,21:00,evening,booked,,
2026-09-21 20:04,2026-09-21,Mon,weekday,Barchessa Padel e Pikleball,barchessa-pickleball,PADEL  2,indoor,21:30,evening,booked,,
2026-09-21 20:04,2026-09-21,Mon,weekday,Barchessa Padel e Pikleball,barchessa-pickleball,PADEL  2,indoor,22:00,evening,booked,,
2026-09-21 20:04,2026-09-21,Mon,weekday,Barchessa Padel e Pikleball,barchessa-pickleball,PADEL  3,indoor,20:30,evening,booked,,
2026-09-21 20:04,2026-09-21,Mon,weekday,Barchessa Padel e Pikleball,barchessa-pickleball,PADEL  3,indoor,21:00,evening,booked,,
2026-09-21 20:04,2026-09-21,Mon,weekday,Barchessa Padel e Pikleball,barchessa-pickleball,PADEL  3,indoor,21:30,evening,booked,,
2026-09-21 20:04,2026-09-21,Mon,weekday,Barchessa Padel e Pikleball,barchessa-pickleball,PADEL  3,indoor,22:00,evening,booked,,
2026-09-21 20:04,2026-09-21,Mon,weekday,H-FARM CAMPUS,h-farm-campus,Padel 1,outdoor,20:30,evening,booked,,
2026-09-21 20:04,2026-09-21,Mon,weekday,H-FARM CAMPUS,h-farm-campus,Padel 1,outdoor,21:00,evening,booked,,
2026-09-21 20:04,2026-09-21,Mon,weekday,H-FARM CAMPUS,h-farm-campus,Padel 1,outdoor,21:30,evening,booked,,
2026-09-21 20:04,2026-09-21,Mon,weekday,H-FARM CAMPUS,h-farm-campus,Padel 2,outdoor,20:30,evening,booked,,
2026-09-21 20:04,2026-09-21,Mon,weekday,H-FARM CAMPUS,h-farm-campus,Padel 2,outdoor,21:00,evening,booked,,
2026-09-21 20:04,2026-09-21,Mon,weekday,H-FARM CAMPUS,h-farm-campus,Padel 2,outdoor,21:30,evening,booked,,
2026-09-21 20:04,2026-09-21,Mon,weekday,SPH - Treviso Sporting,sph-treviso-sporting,Campo 4,indoor,20:30,evening,booked,,
2026-09-21 20:04,2026-09-21,Mon,weekday,SPH - Treviso Sporting,sph-treviso-sporting,Campo 4,indoor,21:00,evening,booked,,
2026-09-21 20:04,2026-09-21,Mon,weekday,SPH - Treviso Sporting,sph-treviso-sporting,Campo 4,indoor,21:30,evening,booked,,
2026-09-21 20:04,2026-09-21,Mon,weekday,SPH - Treviso Sporting,sph-treviso-sporting,Campo 4,indoor,22:00,evening,booked,,
2026-09-21 20:04,2026-09-21,Mon,weekday,SPH - Treviso Sporting,sph-treviso-sporting,Campo 5,indoor,20:30,evening,booked,,
2026-09-21 20:04,2026-09-21,Mon,weekday,SPH - Treviso Sporting,sph-treviso-sporting,Campo 5,indoor,21:00,evening,booked,,
2026-09-21 20:04,2026-09-21,Mon,weekday,SPH - Treviso Sporting,sph-treviso-sporting,Campo 5,indoor,21:30,evening,booked,,
2026-09-21 20:04,2026-09-21,Mon,weekday,SPH - Treviso Sporting,sph-treviso-sporting,Campo 5,indoor,22:00,evening,booked,,
2026-09-21 20:04,2026-09-21,Mon,weekday,SPH - Treviso Sporting,sph-treviso-sporting,Campo 6,indoor,20:30,evening,booked,,
2026-09-21 20:04,2026-09-21,Mon,weekday,SPH - Treviso Sporting,sph-treviso-sporting,Campo 6,indoor,21:00,evening,booked,,
2026-09-21 20:04,2026-09-21,Mon,weekday,SPH - Treviso Sporting,sph-treviso-sporting,Campo 6,indoor,21:30,evening,booked,,
2026-09-21 20:04,2026-09-21,Mon,weekday,SPH - Treviso Sporting,sph-treviso-sporting,Campo 6,indoor,22:00,evening,booked,,
2026-09-21 20:04,2026-09-21,Mon,weekday,SPH - Treviso Sporting,sph-treviso-sporting,Campo 7,indoor,20:30,evening,booked,,
2026-09-21 20:04,2026-09-21,Mon,weekday,SPH - Treviso Sporting,sph-treviso-sporting,Campo 7,indoor,21:00,evening,booked,,
2026-09-21 20:04,2026-09-21,Mon,weekday,SPH - Treviso Sporting,sph-treviso-sporting,Campo 7,indoor,21:30,evening,booked,,
2026-09-21 20:04,2026-09-21,Mon,weekday,SPH - Treviso Sporting,sph-treviso-sporting,Campo 7,indoor,22:00,evening,booked,,
2026-09-21 20:04,2026-09-21,Mon,weekday,SPH - Treviso Sporting,sph-treviso-sporting,Campo 1,outdoor,20:30,evening,booked,,
2026-09-21 20:04,2026-09-21,Mon,weekday,SPH - Treviso Sporting,sph-treviso-sporting,Campo 1,outdoor,21:00,evening,booked,,
2026-09-21 20:04,2026-09-21,Mon,weekday,SPH - Treviso Sporting,sph-treviso-sporting,Campo 1,outdoor,21:30,evening,booked,,
2026-09-21 20:04,2026-09-21,Mon,weekday,SPH - Treviso Sporting,sph-treviso-sporting,Campo 1,outdoor,22:00,evening,booked,,
2026-09-21 20:04,2026-09-21,Mon,weekday,SPH - Treviso Sporting,sph-treviso-sporting,Campo 2,outdoor,20:30,evening,booked,,
2026-09-21 20:04,2026-09-21,Mon,weekday,SPH - Treviso Sporting,sph-treviso-sporting,Campo 2,outdoor,21:00,evening,booked,,
2026-09-21 20:04,2026-09-21,Mon,weekday,SPH - Treviso Sporting,sph-treviso-sporting,Campo 2,outdoor,21:30,evening,booked,,
2026-09-21 20:04,2026-09-21,Mon,weekday,SPH - Treviso Sporting,sph-treviso-sporting,Campo 2,outdoor,22:00,evening,booked,,
2026-09-21 20:04,2026-09-21,Mon,weekday,SPH - Treviso Sporting,sph-treviso-sporting,Campo 3,outdoor,20:30,evening,booked,,
2026-09-21 20:04,2026-09-21,Mon,weekday,SPH - Treviso Sporting,sph-treviso-sporting,Campo 3,outdoor,21:00,evening,booked,,
2026-09-21 20:04,2026-09-21,Mon,weekday,SPH - Treviso Sporting,sph-treviso-sporting,Campo 3,outdoor,21:30,evening,booked,,
2026-09-21 20:04,2026-09-21,Mon,weekday,SPH - Treviso Sporting,sph-treviso-sporting,Campo 3,outdoor,22:00,evening,booked,,
2026-09-21 20:04,2026-09-21,Mon,weekday,Marina Sporting,marina-sporting,Padel 1,outdoor,20:30,evening,booked,,
2026-09-21 20:04,2026-09-21,Mon,weekday,Marina Sporting,marina-sporting,Padel 1,outdoor,21:00,evening,booked,,
2026-09-21 20:04,2026-09-21,Mon,weekday,Marina Sporting,marina-sporting,Padel 1,outdoor,21:30,evening,booked,,
2026-09-21 20:04,2026-09-21,Mon,weekday,Marina Sporting,marina-sporting,Padel 2,outdoor,20:30,evening,booked,,
2026-09-21 20:04,2026-09-21,Mon,weekday,Marina Sporting,marina-sporting,Padel 2,outdoor,21:00,evening,booked,,
2026-09-21 20:04,2026-09-21,Mon,weekday,Marina Sporting,marina-sporting,Padel 2,outdoor,21:30,evening,booked,,
2026-09-22 10:01,2026-09-22,Tue,weekday,Sporting Club Mestre,sporting-club-mestre,Campo Giallo,outdoor,10:30,morning,booked,,
2026-09-22 10:01,2026-09-22,Tue,weekday,Sporting Club Mestre,sporting-club-mestre,Campo Giallo,outdoor,11:00,morning,free,32 EUR,24 EUR
2026-09-22 10:01,2026-09-22,Tue,weekday,Sporting Club Mestre,sporting-club-mestre,Campo Giallo,outdoor,11:30,morning,free,32 EUR,24 EUR
2026-09-22 10:01,2026-09-22,Tue,weekday,Sporting Club Mestre,sporting-club-mestre,Campo Giallo,outdoor,12:00,lunch,free,32 EUR,24 EUR
2026-09-22 10:01,2026-09-22,Tue,weekday,Sporting Club Mestre,sporting-club-mestre,Campo Rosso,outdoor,10:30,morning,booked,,
2026-09-22 10:01,2026-09-22,Tue,weekday,Sporting Club Mestre,sporting-club-mestre,Campo Rosso,outdoor,11:00,morning,free,32 EUR,24 EUR
2026-09-22 10:01,2026-09-22,Tue,weekday,Sporting Club Mestre,sporting-club-mestre,Campo Rosso,outdoor,11:30,morning,free,32 EUR,24 EUR
2026-09-22 10:01,2026-09-22,Tue,weekday,Sporting Club Mestre,sporting-club-mestre,Campo Rosso,outdoor,12:00,lunch,free,32 EUR,24 EUR
2026-09-22 10:01,2026-09-22,Tue,weekday,Sporting Club Mestre,sporting-club-mestre,campo coperto 1,indoor,10:30,morning,booked,,
2026-09-22 10:01,2026-09-22,Tue,weekday,Sporting Club Mestre,sporting-club-mestre,campo coperto 1,indoor,11:00,morning,booked,,
2026-09-22 10:01,2026-09-22,Tue,weekday,Sporting Club Mestre,sporting-club-mestre,campo coperto 1,indoor,11:30,morning,free,40 EUR,
2026-09-22 10:01,2026-09-22,Tue,weekday,Sporting Club Mestre,sporting-club-mestre,campo coperto 1,indoor,12:00,lunch,free,,
2026-09-22 10:01,2026-09-22,Tue,weekday,Sporting Club Mestre,sporting-club-mestre,campo coperto 2,indoor,10:30,morning,booked,,
2026-09-22 10:01,2026-09-22,Tue,weekday,Sporting Club Mestre,sporting-club-mestre,campo coperto 2,indoor,11:00,morning,booked,,
2026-09-22 10:01,2026-09-22,Tue,weekday,Sporting Club Mestre,sporting-club-mestre,campo coperto 2,indoor,11:30,morning,free,40 EUR,
2026-09-22 10:01,2026-09-22,Tue,weekday,Sporting Club Mestre,sporting-club-mestre,campo coperto 2,indoor,12:00,lunch,free,,
2026-09-22 12:00,2026-09-22,Tue,weekday,Sporting Club Mestre,sporting-club-mestre,Campo Giallo,outdoor,12:30,lunch,free,32 EUR,24 EUR
2026-09-22 12:00,2026-09-22,Tue,weekday,Sporting Club Mestre,sporting-club-mestre,Campo Giallo,outdoor,13:00,lunch,free,32 EUR,24 EUR
2026-09-22 12:00,2026-09-22,Tue,weekday,Sporting Club Mestre,sporting-club-mestre,Campo Giallo,outdoor,13:30,lunch,free,32 EUR,24 EUR
2026-09-22 12:00,2026-09-22,Tue,weekday,Sporting Club Mestre,sporting-club-mestre,Campo Giallo,outdoor,14:00,afternoon,free,32 EUR,24 EUR
2026-09-22 12:00,2026-09-22,Tue,weekday,Sporting Club Mestre,sporting-club-mestre,Campo Rosso,outdoor,12:30,lunch,free,32 EUR,24 EUR
2026-09-22 12:00,2026-09-22,Tue,weekday,Sporting Club Mestre,sporting-club-mestre,Campo Rosso,outdoor,13:00,lunch,free,32 EUR,24 EUR
2026-09-22 12:00,2026-09-22,Tue,weekday,Sporting Club Mestre,sporting-club-mestre,Campo Rosso,outdoor,13:30,lunch,free,32 EUR,24 EUR
2026-09-22 12:00,2026-09-22,Tue,weekday,Sporting Club Mestre,sporting-club-mestre,Campo Rosso,outdoor,14:00,afternoon,free,32 EUR,24 EUR
2026-09-22 12:00,2026-09-22,Tue,weekday,Sporting Club Mestre,sporting-club-mestre,campo coperto 1,indoor,12:30,lunch,free,,
2026-09-22 12:00,2026-09-22,Tue,weekday,Sporting Club Mestre,sporting-club-mestre,campo coperto 1,indoor,13:00,lunch,free,40 EUR,
2026-09-22 12:00,2026-09-22,Tue,weekday,Sporting Club Mestre,sporting-club-mestre,campo coperto 1,indoor,13:30,lunch,free,,
2026-09-22 12:00,2026-09-22,Tue,weekday,Sporting Club Mestre,sporting-club-mestre,campo coperto 1,indoor,14:00,afternoon,free,,
2026-09-22 12:00,2026-09-22,Tue,weekday,Sporting Club Mestre,sporting-club-mestre,campo coperto 2,indoor,12:30,lunch,free,,
2026-09-22 12:00,2026-09-22,Tue,weekday,Sporting Club Mestre,sporting-club-mestre,campo coperto 2,indoor,13:00,lunch,free,40 EUR,
2026-09-22 12:00,2026-09-22,Tue,weekday,Sporting Club Mestre,sporting-club-mestre,campo coperto 2,indoor,13:30,lunch,free,,
2026-09-22 12:00,2026-09-22,Tue,weekday,Sporting Club Mestre,sporting-club-mestre,campo coperto 2,indoor,14:00,afternoon,free,,
2026-09-22 12:00,2026-09-22,Tue,weekday,Padel by FitUP di Zero Branco,padel-by-fitup-di-zero-branco,Padel by FitUP 1,indoor,12:30,lunch,free,40 EUR,
2026-09-22 12:00,2026-09-22,Tue,weekday,Padel by FitUP di Zero Branco,padel-by-fitup-di-zero-branco,Padel by FitUP 1,indoor,13:00,lunch,free,40 EUR,
2026-09-22 12:00,2026-09-22,Tue,weekday,Padel by FitUP di Zero Branco,padel-by-fitup-di-zero-branco,Padel by FitUP 1,indoor,13:30,lunch,free,40 EUR,
2026-09-22 12:00,2026-09-22,Tue,weekday,Padel by FitUP di Zero Branco,padel-by-fitup-di-zero-branco,Padel by FitUP 1,indoor,14:00,afternoon,free,40 EUR,
2026-09-22 12:00,2026-09-22,Tue,weekday,Aquafit Padel,aquafit-padel,Padel 1,outdoor,12:30,lunch,free,40 EUR,
2026-09-22 12:00,2026-09-22,Tue,weekday,Aquafit Padel,aquafit-padel,Padel 1,outdoor,13:00,lunch,free,40 EUR,
2026-09-22 12:00,2026-09-22,Tue,weekday,Aquafit Padel,aquafit-padel,Padel 1,outdoor,13:30,lunch,free,40 EUR,
2026-09-22 12:00,2026-09-22,Tue,weekday,Aquafit Padel,aquafit-padel,Padel 1,outdoor,14:00,afternoon,free,40 EUR,
2026-09-22 12:00,2026-09-22,Tue,weekday,Aquafit Padel,aquafit-padel,Padel 2,outdoor,12:30,lunch,free,40 EUR,32 EUR
2026-09-22 12:00,2026-09-22,Tue,weekday,Aquafit Padel,aquafit-padel,Padel 2,outdoor,13:00,lunch,free,40 EUR,32 EUR
2026-09-22 12:00,2026-09-22,Tue,weekday,Aquafit Padel,aquafit-padel,Padel 2,outdoor,13:30,lunch,free,40 EUR,29.34 EUR
2026-09-22 12:00,2026-09-22,Tue,weekday,Aquafit Padel,aquafit-padel,Padel 2,outdoor,14:00,afternoon,free,40 EUR,
2026-09-22 12:00,2026-09-22,Tue,weekday,SPH - Venezia,sph-venezia,Campo 1,indoor,12:30,lunch,free,48 EUR,32 EUR
2026-09-22 12:00,2026-09-22,Tue,weekday,SPH - Venezia,sph-venezia,Campo 1,indoor,13:00,lunch,free,48 EUR,32 EUR
2026-09-22 12:00,2026-09-22,Tue,weekday,SPH - Venezia,sph-venezia,Campo 1,indoor,13:30,lunch,free,48 EUR,32 EUR
2026-09-22 12:00,2026-09-22,Tue,weekday,SPH - Venezia,sph-venezia,Campo 1,indoor,14:00,afternoon,free,48 EUR,32 EUR
2026-09-22 12:00,2026-09-22,Tue,weekday,SPH - Venezia,sph-venezia,Campo 2,indoor,12:30,lunch,free,48 EUR,32 EUR
2026-09-22 12:00,2026-09-22,Tue,weekday,SPH - Venezia,sph-venezia,Campo 2,indoor,13:00,lunch,free,48 EUR,32 EUR
2026-09-22 12:00,2026-09-22,Tue,weekday,SPH - Venezia,sph-venezia,Campo 2,indoor,13:30,lunch,free,48 EUR,32 EUR
2026-09-22 12:00,2026-09-22,Tue,weekday,SPH - Venezia,sph-venezia,Campo 2,indoor,14:00,afternoon,free,48 EUR,32 EUR
2026-09-22 12:00,2026-09-22,Tue,weekday,SPH - Venezia,sph-venezia,Campo 3,indoor,12:30,lunch,free,48 EUR,32 EUR
2026-09-22 12:00,2026-09-22,Tue,weekday,SPH - Venezia,sph-venezia,Campo 3,indoor,13:00,lunch,free,48 EUR,32 EUR
2026-09-22 12:00,2026-09-22,Tue,weekday,SPH - Venezia,sph-venezia,Campo 3,indoor,13:30,lunch,free,48 EUR,32 EUR
2026-09-22 12:00,2026-09-22,Tue,weekday,SPH - Venezia,sph-venezia,Campo 3,indoor,14:00,afternoon,free,48 EUR,32 EUR
2026-09-22 12:00,2026-09-22,Tue,weekday,SPH - Venezia,sph-venezia,Campo 4 | B3 Capital,indoor,12:30,lunch,free,48 EUR,32 EUR
2026-09-22 12:00,2026-09-22,Tue,weekday,SPH - Venezia,sph-venezia,Campo 4 | B3 Capital,indoor,13:00,lunch,free,48 EUR,32 EUR
2026-09-22 12:00,2026-09-22,Tue,weekday,SPH - Venezia,sph-venezia,Campo 4 | B3 Capital,indoor,13:30,lunch,free,48 EUR,32 EUR
2026-09-22 12:00,2026-09-22,Tue,weekday,SPH - Venezia,sph-venezia,Campo 4 | B3 Capital,indoor,14:00,afternoon,free,48 EUR,32 EUR
2026-09-22 12:00,2026-09-22,Tue,weekday,SPH - Venezia,sph-venezia,Campo 5 | Bassetto Impianti,indoor,12:30,lunch,free,48 EUR,32 EUR
2026-09-22 12:00,2026-09-22,Tue,weekday,SPH - Venezia,sph-venezia,Campo 5 | Bassetto Impianti,indoor,13:00,lunch,free,48 EUR,32 EUR
2026-09-22 12:00,2026-09-22,Tue,weekday,SPH - Venezia,sph-venezia,Campo 5 | Bassetto Impianti,indoor,13:30,lunch,free,48 EUR,32 EUR
2026-09-22 12:00,2026-09-22,Tue,weekday,SPH - Venezia,sph-venezia,Campo 5 | Bassetto Impianti,indoor,14:00,afternoon,free,48 EUR,32 EUR
2026-09-22 12:00,2026-09-22,Tue,weekday,Padel Treviso,padel-treviso,1 Esterno,outdoor,12:30,lunch,free,40 EUR,32 EUR
2026-09-22 12:00,2026-09-22,Tue,weekday,Padel Treviso,padel-treviso,1 Esterno,outdoor,13:00,lunch,free,40 EUR,32 EUR
2026-09-22 12:00,2026-09-22,Tue,weekday,Padel Treviso,padel-treviso,1 Esterno,outdoor,13:30,lunch,free,40 EUR,32 EUR
2026-09-22 12:00,2026-09-22,Tue,weekday,Padel Treviso,padel-treviso,1 Esterno,outdoor,14:00,afternoon,free,40 EUR,32 EUR
2026-09-22 12:00,2026-09-22,Tue,weekday,Padel Treviso,padel-treviso,2 Esterno,outdoor,12:30,lunch,booked,,
2026-09-22 12:00,2026-09-22,Tue,weekday,Padel Treviso,padel-treviso,2 Esterno,outdoor,13:00,lunch,booked,,
2026-09-22 12:00,2026-09-22,Tue,weekday,Padel Treviso,padel-treviso,2 Esterno,outdoor,13:30,lunch,booked,,
2026-09-22 12:00,2026-09-22,Tue,weekday,Padel Treviso,padel-treviso,2 Esterno,outdoor,14:00,afternoon,booked,,
2026-09-22 12:00,2026-09-22,Tue,weekday,Padel Treviso,padel-treviso,3 COPERTO,indoor,12:30,lunch,free,56 EUR,
2026-09-22 12:00,2026-09-22,Tue,weekday,Padel Treviso,padel-treviso,3 COPERTO,indoor,13:00,lunch,free,56 EUR,
2026-09-22 12:00,2026-09-22,Tue,weekday,Padel Treviso,padel-treviso,3 COPERTO,indoor,13:30,lunch,free,56 EUR,
2026-09-22 12:00,2026-09-22,Tue,weekday,Padel Treviso,padel-treviso,3 COPERTO,indoor,14:00,afternoon,free,56 EUR,
2026-09-22 12:00,2026-09-22,Tue,weekday,Padel Treviso,padel-treviso,4 COPERTO,indoor,12:30,lunch,free,56 EUR,
2026-09-22 12:00,2026-09-22,Tue,weekday,Padel Treviso,padel-treviso,4 COPERTO,indoor,13:00,lunch,free,56 EUR,
2026-09-22 12:00,2026-09-22,Tue,weekday,Padel Treviso,padel-treviso,4 COPERTO,indoor,13:30,lunch,free,56 EUR,
2026-09-22 12:00,2026-09-22,Tue,weekday,Padel Treviso,padel-treviso,4 COPERTO,indoor,14:00,afternoon,free,56 EUR,
2026-09-22 12:00,2026-09-22,Tue,weekday,Padel Treviso,padel-treviso,Kuikma Indoor,indoor,12:30,lunch,free,,
2026-09-22 12:00,2026-09-22,Tue,weekday,Padel Treviso,padel-treviso,Kuikma Indoor,indoor,13:00,lunch,free,,
2026-09-22 12:00,2026-09-22,Tue,weekday,Padel Treviso,padel-treviso,Kuikma Indoor,indoor,13:30,lunch,free,56 EUR,
2026-09-22 12:00,2026-09-22,Tue,weekday,Padel Treviso,padel-treviso,Kuikma Indoor,indoor,14:00,afternoon,free,,
2026-09-22 12:00,2026-09-22,Tue,weekday,Padel Treviso,padel-treviso,6 Indoor,indoor,12:30,lunch,free,,
2026-09-22 12:00,2026-09-22,Tue,weekday,Padel Treviso,padel-treviso,6 Indoor,indoor,13:00,lunch,free,,
2026-09-22 12:00,2026-09-22,Tue,weekday,Padel Treviso,padel-treviso,6 Indoor,indoor,13:30,lunch,free,56 EUR,
2026-09-22 12:00,2026-09-22,Tue,weekday,Padel Treviso,padel-treviso,6 Indoor,indoor,14:00,afternoon,free,,
2026-09-22 12:00,2026-09-22,Tue,weekday,Padel Treviso,padel-treviso,My Gym City Indoor,indoor,12:30,lunch,free,,
2026-09-22 12:00,2026-09-22,Tue,weekday,Padel Treviso,padel-treviso,My Gym City Indoor,indoor,13:00,lunch,free,,
2026-09-22 12:00,2026-09-22,Tue,weekday,Padel Treviso,padel-treviso,My Gym City Indoor,indoor,13:30,lunch,free,56 EUR,
2026-09-22 12:00,2026-09-22,Tue,weekday,Padel Treviso,padel-treviso,My Gym City Indoor,indoor,14:00,afternoon,free,,
2026-09-22 12:00,2026-09-22,Tue,weekday,Padel Treviso,padel-treviso,8 Esterno,outdoor,12:30,lunch,free,,
2026-09-22 12:00,2026-09-22,Tue,weekday,Padel Treviso,padel-treviso,8 Esterno,outdoor,13:00,lunch,free,,
2026-09-22 12:00,2026-09-22,Tue,weekday,Padel Treviso,padel-treviso,8 Esterno,outdoor,13:30,lunch,free,40 EUR,
2026-09-22 12:00,2026-09-22,Tue,weekday,Padel Treviso,padel-treviso,8 Esterno,outdoor,14:00,afternoon,free,,
2026-09-22 12:00,2026-09-22,Tue,weekday,Padel Treviso,padel-treviso,9 Gioielleria Minotto Istrana,indoor,12:30,lunch,free,,
2026-09-22 12:00,2026-09-22,Tue,weekday,Padel Treviso,padel-treviso,9 Gioielleria Minotto Istrana,indoor,13:00,lunch,free,56 EUR,
2026-09-22 12:00,2026-09-22,Tue,weekday,Padel Treviso,padel-treviso,9 Gioielleria Minotto Istrana,indoor,13:30,lunch,free,,
2026-09-22 12:00,2026-09-22,Tue,weekday,Padel Treviso,padel-treviso,9 Gioielleria Minotto Istrana,indoor,14:00,afternoon,free,,
2026-09-22 12:00,2026-09-22,Tue,weekday,Padel Treviso,padel-treviso,10 Gioielleria Minotto Istrana,indoor,12:30,lunch,free,,
2026-09-22 12:00,2026-09-22,Tue,weekday,Padel Treviso,padel-treviso,10 Gioielleria Minotto Istrana,indoor,13:00,lunch,free,56 EUR,
2026-09-22 12:00,2026-09-22,Tue,weekday,Padel Treviso,padel-treviso,10 Gioielleria Minotto Istrana,indoor,13:30,lunch,free,,
2026-09-22 12:00,2026-09-22,Tue,weekday,Padel Treviso,padel-treviso,10 Gioielleria Minotto Istrana,indoor,14:00,afternoon,free,,
2026-09-22 12:00,2026-09-22,Tue,weekday,Padel Treviso,padel-treviso,Singolo A Esterno,outdoor,12:30,lunch,free,24 EUR,20 EUR
2026-09-22 12:00,2026-09-22,Tue,weekday,Padel Treviso,padel-treviso,Singolo A Esterno,outdoor,13:00,lunch,free,24 EUR,20 EUR
2026-09-22 12:00,2026-09-22,Tue,weekday,Padel Treviso,padel-treviso,Singolo A Esterno,outdoor,13:30,lunch,free,,20 EUR
2026-09-22 12:00,2026-09-22,Tue,weekday,Padel Treviso,padel-treviso,Singolo A Esterno,outdoor,14:00,afternoon,free,24 EUR,
2026-09-22 12:00,2026-09-22,Tue,weekday,Padel Treviso,padel-treviso,Singolo B Esterno,outdoor,12:30,lunch,free,24 EUR,20 EUR
2026-09-22 12:00,2026-09-22,Tue,weekday,Padel Treviso,padel-treviso,Singolo B Esterno,outdoor,13:00,lunch,free,24 EUR,20 EUR
2026-09-22 12:00,2026-09-22,Tue,weekday,Padel Treviso,padel-treviso,Singolo B Esterno,outdoor,13:30,lunch,free,24 EUR,20 EUR
2026-09-22 12:00,2026-09-22,Tue,weekday,Padel Treviso,padel-treviso,Singolo B Esterno,outdoor,14:00,afternoon,free,24 EUR,20 EUR
2026-09-22 12:00,2026-09-22,Tue,weekday,Altino Sport Village,altino-sport-village,Padel 1,indoor,12:30,lunch,free,30 EUR,30 EUR
2026-09-22 12:00,2026-09-22,Tue,weekday,Altino Sport Village,altino-sport-village,Padel 1,indoor,13:00,lunch,free,30 EUR,30 EUR
2026-09-22 12:00,2026-09-22,Tue,weekday,Altino Sport Village,altino-sport-village,Padel 1,indoor,13:30,lunch,free,30 EUR,30 EUR
2026-09-22 12:00,2026-09-22,Tue,weekday,Altino Sport Village,altino-sport-village,Padel 1,indoor,14:00,afternoon,free,30 EUR,30 EUR
2026-09-22 12:00,2026-09-22,Tue,weekday,Altino Sport Village,altino-sport-village,Padel 2,indoor,12:30,lunch,free,30 EUR,30 EUR
2026-09-22 12:00,2026-09-22,Tue,weekday,Altino Sport Village,altino-sport-village,Padel 2,indoor,13:00,lunch,free,30 EUR,30 EUR
2026-09-22 12:00,2026-09-22,Tue,weekday,Altino Sport Village,altino-sport-village,Padel 2,indoor,13:30,lunch,free,30 EUR,30 EUR
2026-09-22 12:00,2026-09-22,Tue,weekday,Altino Sport Village,altino-sport-village,Padel 2,indoor,14:00,afternoon,free,,30 EUR
2026-09-22 12:00,2026-09-22,Tue,weekday,Barchessa Padel e Pikleball,barchessa-pickleball,PADEL 1,indoor,12:30,lunch,free,40 EUR,27 EUR
2026-09-22 12:00,2026-09-22,Tue,weekday,Barchessa Padel e Pikleball,barchessa-pickleball,PADEL 1,indoor,13:00,lunch,free,40 EUR,27 EUR
2026-09-22 12:00,2026-09-22,Tue,weekday,Barchessa Padel e Pikleball,barchessa-pickleball,PADEL 1,indoor,13:30,lunch,free,40 EUR,27 EUR
2026-09-22 12:00,2026-09-22,Tue,weekday,Barchessa Padel e Pikleball,barchessa-pickleball,PADEL 1,indoor,14:00,afternoon,free,40 EUR,27 EUR
2026-09-22 12:00,2026-09-22,Tue,weekday,Barchessa Padel e Pikleball,barchessa-pickleball,PADEL  2,indoor,12:30,lunch,free,40 EUR,27 EUR
2026-09-22 12:00,2026-09-22,Tue,weekday,Barchessa Padel e Pikleball,barchessa-pickleball,PADEL  2,indoor,13:00,lunch,free,40 EUR,27 EUR
2026-09-22 12:00,2026-09-22,Tue,weekday,Barchessa Padel e Pikleball,barchessa-pickleball,PADEL  2,indoor,13:30,lunch,free,40 EUR,27 EUR
2026-09-22 12:00,2026-09-22,Tue,weekday,Barchessa Padel e Pikleball,barchessa-pickleball,PADEL  2,indoor,14:00,afternoon,free,40 EUR,27 EUR
2026-09-22 12:00,2026-09-22,Tue,weekday,Barchessa Padel e Pikleball,barchessa-pickleball,PADEL  3,indoor,12:30,lunch,free,40 EUR,27 EUR
2026-09-22 12:00,2026-09-22,Tue,weekday,Barchessa Padel e Pikleball,barchessa-pickleball,PADEL  3,indoor,13:00,lunch,free,40 EUR,27 EUR
2026-09-22 12:00,2026-09-22,Tue,weekday,Barchessa Padel e Pikleball,barchessa-pickleball,PADEL  3,indoor,13:30,lunch,free,40 EUR,27 EUR
2026-09-22 12:00,2026-09-22,Tue,weekday,Barchessa Padel e Pikleball,barchessa-pickleball,PADEL  3,indoor,14:00,afternoon,free,,27 EUR
2026-09-22 12:00,2026-09-22,Tue,weekday,SPH - Treviso Sporting,sph-treviso-sporting,Campo 4,indoor,12:30,lunch,free,46.66 EUR,31 EUR
2026-09-22 12:00,2026-09-22,Tue,weekday,SPH - Treviso Sporting,sph-treviso-sporting,Campo 4,indoor,13:00,lunch,free,50 EUR,34 EUR
2026-09-22 12:00,2026-09-22,Tue,weekday,SPH - Treviso Sporting,sph-treviso-sporting,Campo 4,indoor,13:30,lunch,free,50 EUR,34 EUR
2026-09-22 12:00,2026-09-22,Tue,weekday,SPH - Treviso Sporting,sph-treviso-sporting,Campo 4,indoor,14:00,afternoon,free,50 EUR,34 EUR
2026-09-22 12:00,2026-09-22,Tue,weekday,SPH - Treviso Sporting,sph-treviso-sporting,Campo 5,indoor,12:30,lunch,free,46.66 EUR,31 EUR
2026-09-22 12:00,2026-09-22,Tue,weekday,SPH - Treviso Sporting,sph-treviso-sporting,Campo 5,indoor,13:00,lunch,free,50 EUR,34 EUR
2026-09-22 12:00,2026-09-22,Tue,weekday,SPH - Treviso Sporting,sph-treviso-sporting,Campo 5,indoor,13:30,lunch,free,50 EUR,34 EUR
2026-09-22 12:00,2026-09-22,Tue,weekday,SPH - Treviso Sporting,sph-treviso-sporting,Campo 5,indoor,14:00,afternoon,free,50 EUR,34 EUR
2026-09-22 12:00,2026-09-22,Tue,weekday,SPH - Treviso Sporting,sph-treviso-sporting,Campo 6,indoor,12:30,lunch,free,46.66 EUR,31 EUR
2026-09-22 12:00,2026-09-22,Tue,weekday,SPH - Treviso Sporting,sph-treviso-sporting,Campo 6,indoor,13:00,lunch,free,50 EUR,34 EUR
2026-09-22 12:00,2026-09-22,Tue,weekday,SPH - Treviso Sporting,sph-treviso-sporting,Campo 6,indoor,13:30,lunch,free,50 EUR,34 EUR
2026-09-22 12:00,2026-09-22,Tue,weekday,SPH - Treviso Sporting,sph-treviso-sporting,Campo 6,indoor,14:00,afternoon,free,,34 EUR
2026-09-22 12:00,2026-09-22,Tue,weekday,SPH - Treviso Sporting,sph-treviso-sporting,Campo 7,indoor,12:30,lunch,free,,31 EUR
2026-09-22 12:00,2026-09-22,Tue,weekday,SPH - Treviso Sporting,sph-treviso-sporting,Campo 7,indoor,13:00,lunch,free,50 EUR,
2026-09-22 12:00,2026-09-22,Tue,weekday,SPH - Treviso Sporting,sph-treviso-sporting,Campo 7,indoor,13:30,lunch,free,,34 EUR
2026-09-22 12:00,2026-09-22,Tue,weekday,SPH - Treviso Sporting,sph-treviso-sporting,Campo 7,indoor,14:00,afternoon,free,,
2026-09-22 12:00,2026-09-22,Tue,weekday,SPH - Treviso Sporting,sph-treviso-sporting,Campo 1,outdoor,12:30,lunch,free,40 EUR,28 EUR
2026-09-22 12:00,2026-09-22,Tue,weekday,SPH - Treviso Sporting,sph-treviso-sporting,Campo 1,outdoor,13:00,lunch,free,40 EUR,28 EUR
2026-09-22 12:00,2026-09-22,Tue,weekday,SPH - Treviso Sporting,sph-treviso-sporting,Campo 1,outdoor,13:30,lunch,free,40 EUR,28 EUR
2026-09-22 12:00,2026-09-22,Tue,weekday,SPH - Treviso Sporting,sph-treviso-sporting,Campo 1,outdoor,14:00,afternoon,free,40 EUR,28 EUR
2026-09-22 12:00,2026-09-22,Tue,weekday,SPH - Treviso Sporting,sph-treviso-sporting,Campo 2,outdoor,12:30,lunch,free,40 EUR,28 EUR
2026-09-22 12:00,2026-09-22,Tue,weekday,SPH - Treviso Sporting,sph-treviso-sporting,Campo 2,outdoor,13:00,lunch,free,40 EUR,28 EUR
2026-09-22 12:00,2026-09-22,Tue,weekday,SPH - Treviso Sporting,sph-treviso-sporting,Campo 2,outdoor,13:30,lunch,free,40 EUR,28 EUR
2026-09-22 12:00,2026-09-22,Tue,weekday,SPH - Treviso Sporting,sph-treviso-sporting,Campo 2,outdoor,14:00,afternoon,free,40 EUR,28 EUR
2026-09-22 12:00,2026-09-22,Tue,weekday,SPH - Treviso Sporting,sph-treviso-sporting,Campo 3,outdoor,12:30,lunch,free,40 EUR,28 EUR
2026-09-22 12:00,2026-09-22,Tue,weekday,SPH - Treviso Sporting,sph-treviso-sporting,Campo 3,outdoor,13:00,lunch,free,40 EUR,28 EUR
2026-09-22 12:00,2026-09-22,Tue,weekday,SPH - Treviso Sporting,sph-treviso-sporting,Campo 3,outdoor,13:30,lunch,free,40 EUR,28 EUR
2026-09-22 12:00,2026-09-22,Tue,weekday,SPH - Treviso Sporting,sph-treviso-sporting,Campo 3,outdoor,14:00,afternoon,free,,28 EUR
2026-09-22 12:00,2026-09-22,Tue,weekday,Marina Sporting,marina-sporting,Padel 1,outdoor,12:30,lunch,booked,,
2026-09-22 12:00,2026-09-22,Tue,weekday,Marina Sporting,marina-sporting,Padel 1,outdoor,13:00,lunch,free,44 EUR,
2026-09-22 12:00,2026-09-22,Tue,weekday,Marina Sporting,marina-sporting,Padel 1,outdoor,13:30,lunch,free,,
2026-09-22 12:00,2026-09-22,Tue,weekday,Marina Sporting,marina-sporting,Padel 1,outdoor,14:00,afternoon,free,,
2026-09-22 12:00,2026-09-22,Tue,weekday,Marina Sporting,marina-sporting,Padel 2,outdoor,12:30,lunch,booked,,
2026-09-22 12:00,2026-09-22,Tue,weekday,Marina Sporting,marina-sporting,Padel 2,outdoor,13:00,lunch,free,44 EUR,
2026-09-22 12:00,2026-09-22,Tue,weekday,Marina Sporting,marina-sporting,Padel 2,outdoor,13:30,lunch,free,,
2026-09-22 12:00,2026-09-22,Tue,weekday,Marina Sporting,marina-sporting,Padel 2,outdoor,14:00,afternoon,free,,
2026-09-22 14:00,2026-09-22,Tue,weekday,Sporting Club Mestre,sporting-club-mestre,Campo Giallo,outdoor,14:30,afternoon,free,32 EUR,24 EUR
2026-09-22 14:00,2026-09-22,Tue,weekday,Sporting Club Mestre,sporting-club-mestre,Campo Giallo,outdoor,15:00,afternoon,free,,24 EUR
2026-09-22 14:00,2026-09-22,Tue,weekday,Sporting Club Mestre,sporting-club-mestre,Campo Giallo,outdoor,15:30,afternoon,free,,
2026-09-22 14:00,2026-09-22,Tue,weekday,Sporting Club Mestre,sporting-club-mestre,Campo Giallo,outdoor,16:00,afternoon,booked,,
2026-09-22 14:00,2026-09-22,Tue,weekday,Sporting Club Mestre,sporting-club-mestre,Campo Rosso,outdoor,14:30,afternoon,free,32 EUR,24 EUR
2026-09-22 14:00,2026-09-22,Tue,weekday,Sporting Club Mestre,sporting-club-mestre,Campo Rosso,outdoor,15:00,afternoon,free,33.33 EUR,24 EUR
2026-09-22 14:00,2026-09-22,Tue,weekday,Sporting Club Mestre,sporting-club-mestre,Campo Rosso,outdoor,15:30,afternoon,free,34.67 EUR,24 EUR
2026-09-22 14:00,2026-09-22,Tue,weekday,Sporting Club Mestre,sporting-club-mestre,Campo Rosso,outdoor,16:00,afternoon,free,36 EUR,24 EUR
2026-09-22 14:00,2026-09-22,Tue,weekday,Sporting Club Mestre,sporting-club-mestre,campo coperto 1,indoor,14:30,afternoon,free,40 EUR,
2026-09-22 14:00,2026-09-22,Tue,weekday,Sporting Club Mestre,sporting-club-mestre,campo coperto 1,indoor,15:00,afternoon,free,,
2026-09-22 14:00,2026-09-22,Tue,weekday,Sporting Club Mestre,sporting-club-mestre,campo coperto 1,indoor,15:30,afternoon,free,,
2026-09-22 14:00,2026-09-22,Tue,weekday,Sporting Club Mestre,sporting-club-mestre,campo coperto 1,indoor,16:00,afternoon,free,40 EUR,
2026-09-22 14:00,2026-09-22,Tue,weekday,Sporting Club Mestre,sporting-club-mestre,campo coperto 2,indoor,14:30,afternoon,free,40 EUR,
2026-09-22 14:00,2026-09-22,Tue,weekday,Sporting Club Mestre,sporting-club-mestre,campo coperto 2,indoor,15:00,afternoon,free,,
2026-09-22 14:00,2026-09-22,Tue,weekday,Sporting Club Mestre,sporting-club-mestre,campo coperto 2,indoor,15:30,afternoon,free,,
2026-09-22 14:00,2026-09-22,Tue,weekday,Sporting Club Mestre,sporting-club-mestre,campo coperto 2,indoor,16:00,afternoon,free,40 EUR,
2026-09-22 14:00,2026-09-22,Tue,weekday,Padel by FitUP di Zero Branco,padel-by-fitup-di-zero-branco,Padel by FitUP 1,indoor,14:30,afternoon,free,40 EUR,
2026-09-22 14:00,2026-09-22,Tue,weekday,Padel by FitUP di Zero Branco,padel-by-fitup-di-zero-branco,Padel by FitUP 1,indoor,15:00,afternoon,free,40 EUR,
2026-09-22 14:00,2026-09-22,Tue,weekday,Padel by FitUP di Zero Branco,padel-by-fitup-di-zero-branco,Padel by FitUP 1,indoor,15:30,afternoon,free,40 EUR,
2026-09-22 14:00,2026-09-22,Tue,weekday,Padel by FitUP di Zero Branco,padel-by-fitup-di-zero-branco,Padel by FitUP 1,indoor,16:00,afternoon,free,40 EUR,
2026-09-22 14:00,2026-09-22,Tue,weekday,Aquafit Padel,aquafit-padel,Padel 1,outdoor,14:30,afternoon,free,40 EUR,
2026-09-22 14:00,2026-09-22,Tue,weekday,Aquafit Padel,aquafit-padel,Padel 1,outdoor,15:00,afternoon,free,40 EUR,
2026-09-22 14:00,2026-09-22,Tue,weekday,Aquafit Padel,aquafit-padel,Padel 1,outdoor,15:30,afternoon,free,40 EUR,
2026-09-22 14:00,2026-09-22,Tue,weekday,Aquafit Padel,aquafit-padel,Padel 1,outdoor,16:00,afternoon,free,,
2026-09-22 14:00,2026-09-22,Tue,weekday,Aquafit Padel,aquafit-padel,Padel 2,outdoor,14:30,afternoon,free,40 EUR,
2026-09-22 14:00,2026-09-22,Tue,weekday,Aquafit Padel,aquafit-padel,Padel 2,outdoor,15:00,afternoon,free,40 EUR,
2026-09-22 14:00,2026-09-22,Tue,weekday,Aquafit Padel,aquafit-padel,Padel 2,outdoor,15:30,afternoon,free,40 EUR,
2026-09-22 14:00,2026-09-22,Tue,weekday,Aquafit Padel,aquafit-padel,Padel 2,outdoor,16:00,afternoon,free,,
2026-09-22 14:00,2026-09-22,Tue,weekday,SPH - Venezia,sph-venezia,Campo 1,indoor,14:30,afternoon,free,48 EUR,32 EUR
2026-09-22 14:00,2026-09-22,Tue,weekday,SPH - Venezia,sph-venezia,Campo 1,indoor,15:00,afternoon,free,48 EUR,32 EUR
2026-09-22 14:00,2026-09-22,Tue,weekday,SPH - Venezia,sph-venezia,Campo 1,indoor,15:30,afternoon,free,,32 EUR
2026-09-22 14:00,2026-09-22,Tue,weekday,SPH - Venezia,sph-venezia,Campo 1,indoor,16:00,afternoon,free,,
2026-09-22 14:00,2026-09-22,Tue,weekday,SPH - Venezia,sph-venezia,Campo 2,indoor,14:30,afternoon,free,48 EUR,32 EUR
2026-09-22 14:00,2026-09-22,Tue,weekday,SPH - Venezia,sph-venezia,Campo 2,indoor,15:00,afternoon,free,,32 EUR
2026-09-22 14:00,2026-09-22,Tue,weekday,SPH - Venezia,sph-venezia,Campo 2,indoor,15:30,afternoon,free,52 EUR,
2026-09-22 14:00,2026-09-22,Tue,weekday,SPH - Venezia,sph-venezia,Campo 2,indoor,16:00,afternoon,free,,36 EUR
2026-09-22 14:00,2026-09-22,Tue,weekday,SPH - Venezia,sph-venezia,Campo 3,indoor,14:30,afternoon,free,48 EUR,32 EUR
2026-09-22 14:00,2026-09-22,Tue,weekday,SPH - Venezia,sph-venezia,Campo 3,indoor,15:00,afternoon,free,,32 EUR
2026-09-22 14:00,2026-09-22,Tue,weekday,SPH - Venezia,sph-venezia,Campo 3,indoor,15:30,afternoon,free,,
2026-09-22 14:00,2026-09-22,Tue,weekday,SPH - Venezia,sph-venezia,Campo 3,indoor,16:00,afternoon,booked,,
2026-09-22 14:00,2026-09-22,Tue,weekday,SPH - Venezia,sph-venezia,Campo 4 | B3 Capital,indoor,14:30,afternoon,free,52 EUR,32 EUR
2026-09-22 14:00,2026-09-22,Tue,weekday,SPH - Venezia,sph-venezia,Campo 4 | B3 Capital,indoor,15:00,afternoon,free,,36 EUR
2026-09-22 14:00,2026-09-22,Tue,weekday,SPH - Venezia,sph-venezia,Campo 4 | B3 Capital,indoor,15:30,afternoon,free,,
2026-09-22 14:00,2026-09-22,Tue,weekday,SPH - Venezia,sph-venezia,Campo 4 | B3 Capital,indoor,16:00,afternoon,free,60 EUR,
2026-09-22 14:00,2026-09-22,Tue,weekday,SPH - Venezia,sph-venezia,Campo 5 | Bassetto Impianti,indoor,14:30,afternoon,free,48 EUR,32 EUR
2026-09-22 14:00,2026-09-22,Tue,weekday,SPH - Venezia,sph-venezia,Campo 5 | Bassetto Impianti,indoor,15:00,afternoon,free,,32 EUR
2026-09-22 14:00,2026-09-22,Tue,weekday,SPH - Venezia,sph-venezia,Campo 5 | Bassetto Impianti,indoor,15:30,afternoon,free,,
2026-09-22 14:00,2026-09-22,Tue,weekday,SPH - Venezia,sph-venezia,Campo 5 | Bassetto Impianti,indoor,16:00,afternoon,booked,,
2026-09-22 14:00,2026-09-22,Tue,weekday,Padel Treviso,padel-treviso,1 Esterno,outdoor,14:30,afternoon,free,40 EUR,32 EUR
2026-09-22 14:00,2026-09-22,Tue,weekday,Padel Treviso,padel-treviso,1 Esterno,outdoor,15:00,afternoon,free,40 EUR,32 EUR
2026-09-22 14:00,2026-09-22,Tue,weekday,Padel Treviso,padel-treviso,1 Esterno,outdoor,15:30,afternoon,free,,32 EUR
2026-09-22 14:00,2026-09-22,Tue,weekday,Padel Treviso,padel-treviso,1 Esterno,outdoor,16:00,afternoon,free,40 EUR,
2026-09-22 14:00,2026-09-22,Tue,weekday,Padel Treviso,padel-treviso,2 Esterno,outdoor,14:30,afternoon,booked,,
2026-09-22 14:00,2026-09-22,Tue,weekday,Padel Treviso,padel-treviso,2 Esterno,outdoor,15:00,afternoon,booked,,
2026-09-22 14:00,2026-09-22,Tue,weekday,Padel Treviso,padel-treviso,2 Esterno,outdoor,15:30,afternoon,free,40 EUR,
2026-09-22 14:00,2026-09-22,Tue,weekday,Padel Treviso,padel-treviso,2 Esterno,outdoor,16:00,afternoon,free,,
2026-09-22 14:00,2026-09-22,Tue,weekday,Padel Treviso,padel-treviso,3 COPERTO,indoor,14:30,afternoon,free,56 EUR,
2026-09-22 14:00,2026-09-22,Tue,weekday,Padel Treviso,padel-treviso,3 COPERTO,indoor,15:00,afternoon,free,56 EUR,
2026-09-22 14:00,2026-09-22,Tue,weekday,Padel Treviso,padel-treviso,3 COPERTO,indoor,15:30,afternoon,free,56 EUR,
2026-09-22 14:00,2026-09-22,Tue,weekday,Padel Treviso,padel-treviso,3 COPERTO,indoor,16:00,afternoon,free,,
2026-09-22 14:00,2026-09-22,Tue,weekday,Padel Treviso,padel-treviso,4 COPERTO,indoor,14:30,afternoon,free,56 EUR,
2026-09-22 14:00,2026-09-22,Tue,weekday,Padel Treviso,padel-treviso,4 COPERTO,indoor,15:00,afternoon,free,56 EUR,
2026-09-22 14:00,2026-09-22,Tue,weekday,Padel Treviso,padel-treviso,4 COPERTO,indoor,15:30,afternoon,free,56 EUR,
2026-09-22 14:00,2026-09-22,Tue,weekday,Padel Treviso,padel-treviso,4 COPERTO,indoor,16:00,afternoon,free,,
2026-09-22 14:00,2026-09-22,Tue,weekday,Padel Treviso,padel-treviso,Kuikma Indoor,indoor,14:30,afternoon,free,,
2026-09-22 14:00,2026-09-22,Tue,weekday,Padel Treviso,padel-treviso,Kuikma Indoor,indoor,15:00,afternoon,free,56 EUR,
2026-09-22 14:00,2026-09-22,Tue,weekday,Padel Treviso,padel-treviso,Kuikma Indoor,indoor,15:30,afternoon,free,,
2026-09-22 14:00,2026-09-22,Tue,weekday,Padel Treviso,padel-treviso,Kuikma Indoor,indoor,16:00,afternoon,free,,
2026-09-22 14:00,2026-09-22,Tue,weekday,Padel Treviso,padel-treviso,6 Indoor,indoor,14:30,afternoon,free,,
2026-09-22 14:00,2026-09-22,Tue,weekday,Padel Treviso,padel-treviso,6 Indoor,indoor,15:00,afternoon,free,56 EUR,
2026-09-22 14:00,2026-09-22,Tue,weekday,Padel Treviso,padel-treviso,6 Indoor,indoor,15:30,afternoon,free,,
2026-09-22 14:00,2026-09-22,Tue,weekday,Padel Treviso,padel-treviso,6 Indoor,indoor,16:00,afternoon,free,,
2026-09-22 14:00,2026-09-22,Tue,weekday,Padel Treviso,padel-treviso,My Gym City Indoor,indoor,14:30,afternoon,free,,
2026-09-22 14:00,2026-09-22,Tue,weekday,Padel Treviso,padel-treviso,My Gym City Indoor,indoor,15:00,afternoon,free,56 EUR,
2026-09-22 14:00,2026-09-22,Tue,weekday,Padel Treviso,padel-treviso,My Gym City Indoor,indoor,15:30,afternoon,free,,
2026-09-22 14:00,2026-09-22,Tue,weekday,Padel Treviso,padel-treviso,My Gym City Indoor,indoor,16:00,afternoon,free,,
2026-09-22 14:00,2026-09-22,Tue,weekday,Padel Treviso,padel-treviso,8 Esterno,outdoor,14:30,afternoon,free,,
2026-09-22 14:00,2026-09-22,Tue,weekday,Padel Treviso,padel-treviso,8 Esterno,outdoor,15:00,afternoon,free,40 EUR,
2026-09-22 14:00,2026-09-22,Tue,weekday,Padel Treviso,padel-treviso,8 Esterno,outdoor,15:30,afternoon,free,,
2026-09-22 14:00,2026-09-22,Tue,weekday,Padel Treviso,padel-treviso,8 Esterno,outdoor,16:00,afternoon,free,,
2026-09-22 14:00,2026-09-22,Tue,weekday,Padel Treviso,padel-treviso,9 Gioielleria Minotto Istrana,indoor,14:30,afternoon,free,56 EUR,
2026-09-22 14:00,2026-09-22,Tue,weekday,Padel Treviso,padel-treviso,9 Gioielleria Minotto Istrana,indoor,15:00,afternoon,free,,
2026-09-22 14:00,2026-09-22,Tue,weekday,Padel Treviso,padel-treviso,9 Gioielleria Minotto Istrana,indoor,15:30,afternoon,free,,
2026-09-22 14:00,2026-09-22,Tue,weekday,Padel Treviso,padel-treviso,9 Gioielleria Minotto Istrana,indoor,16:00,afternoon,booked,,
2026-09-22 14:00,2026-09-22,Tue,weekday,Padel Treviso,padel-treviso,10 Gioielleria Minotto Istrana,indoor,14:30,afternoon,booked,,
2026-09-22 14:00,2026-09-22,Tue,weekday,Padel Treviso,padel-treviso,10 Gioielleria Minotto Istrana,indoor,15:00,afternoon,booked,,
2026-09-22 14:00,2026-09-22,Tue,weekday,Padel Treviso,padel-treviso,10 Gioielleria Minotto Istrana,indoor,15:30,afternoon,booked,,
2026-09-22 14:00,2026-09-22,Tue,weekday,Padel Treviso,padel-treviso,10 Gioielleria Minotto Istrana,indoor,16:00,afternoon,booked,,
2026-09-22 14:00,2026-09-22,Tue,weekday,Padel Treviso,padel-treviso,Singolo A Esterno,outdoor,14:30,afternoon,free,,20 EUR
2026-09-22 14:00,2026-09-22,Tue,weekday,Padel Treviso,padel-treviso,Singolo A Esterno,outdoor,15:00,afternoon,free,,
2026-09-22 14:00,2026-09-22,Tue,weekday,Padel Treviso,padel-treviso,Singolo A Esterno,outdoor,15:30,afternoon,booked,,
2026-09-22 14:00,2026-09-22,Tue,weekday,Padel Treviso,padel-treviso,Singolo A Esterno,outdoor,16:00,afternoon,booked,,
2026-09-22 14:00,2026-09-22,Tue,weekday,Padel Treviso,padel-treviso,Singolo B Esterno,outdoor,14:30,afternoon,free,,20 EUR
2026-09-22 14:00,2026-09-22,Tue,weekday,Padel Treviso,padel-treviso,Singolo B Esterno,outdoor,15:00,afternoon,free,24 EUR,
2026-09-22 14:00,2026-09-22,Tue,weekday,Padel Treviso,padel-treviso,Singolo B Esterno,outdoor,15:30,afternoon,free,,20 EUR
2026-09-22 14:00,2026-09-22,Tue,weekday,Padel Treviso,padel-treviso,Singolo B Esterno,outdoor,16:00,afternoon,free,,
2026-09-22 14:00,2026-09-22,Tue,weekday,Altino Sport Village,altino-sport-village,Padel 1,indoor,14:30,afternoon,free,36.67 EUR,30 EUR
2026-09-22 14:00,2026-09-22,Tue,weekday,Altino Sport Village,altino-sport-village,Padel 1,indoor,15:00,afternoon,free,43.33 EUR,35 EUR
2026-09-22 14:00,2026-09-22,Tue,weekday,Altino Sport Village,altino-sport-village,Padel 1,indoor,15:30,afternoon,free,,40 EUR
2026-09-22 14:00,2026-09-22,Tue,weekday,Altino Sport Village,altino-sport-village,Padel 1,indoor,16:00,afternoon,free,50 EUR,
2026-09-22 14:00,2026-09-22,Tue,weekday,Altino Sport Village,altino-sport-village,Padel 2,indoor,14:30,afternoon,free,36.67 EUR,
2026-09-22 14:00,2026-09-22,Tue,weekday,Altino Sport Village,altino-sport-village,Padel 2,indoor,15:00,afternoon,free,,35 EUR
2026-09-22 14:00,2026-09-22,Tue,weekday,Altino Sport Village,altino-sport-village,Padel 2,indoor,15:30,afternoon,free,,
2026-09-22 14:00,2026-09-22,Tue,weekday,Altino Sport Village,altino-sport-village,Padel 2,indoor,16:00,afternoon,booked,,
2026-09-22 14:00,2026-09-22,Tue,weekday,Barchessa Padel e Pikleball,barchessa-pickleball,PADEL 1,indoor,14:30,afternoon,free,40 EUR,27 EUR
2026-09-22 14:00,2026-09-22,Tue,weekday,Barchessa Padel e Pikleball,barchessa-pickleball,PADEL 1,indoor,15:00,afternoon,free,,27 EUR
2026-09-22 14:00,2026-09-22,Tue,weekday,Barchessa Padel e Pikleball,barchessa-pickleball,PADEL 1,indoor,15:30,afternoon,free,,
2026-09-22 14:00,2026-09-22,Tue,weekday,Barchessa Padel e Pikleball,barchessa-pickleball,PADEL 1,indoor,16:00,afternoon,booked,,
2026-09-22 14:00,2026-09-22,Tue,weekday,Barchessa Padel e Pikleball,barchessa-pickleball,PADEL  2,indoor,14:30,afternoon,free,40 EUR,27 EUR
2026-09-22 14:00,2026-09-22,Tue,weekday,Barchessa Padel e Pikleball,barchessa-pickleball,PADEL  2,indoor,15:00,afternoon,free,,27 EUR
2026-09-22 14:00,2026-09-22,Tue,weekday,Barchessa Padel e Pikleball,barchessa-pickleball,PADEL  2,indoor,15:30,afternoon,free,,
2026-09-22 14:00,2026-09-22,Tue,weekday,Barchessa Padel e Pikleball,barchessa-pickleball,PADEL  2,indoor,16:00,afternoon,booked,,
2026-09-22 14:00,2026-09-22,Tue,weekday,Barchessa Padel e Pikleball,barchessa-pickleball,PADEL  3,indoor,14:30,afternoon,free,,
2026-09-22 14:00,2026-09-22,Tue,weekday,Barchessa Padel e Pikleball,barchessa-pickleball,PADEL  3,indoor,15:00,afternoon,booked,,
2026-09-22 14:00,2026-09-22,Tue,weekday,Barchessa Padel e Pikleball,barchessa-pickleball,PADEL  3,indoor,15:30,afternoon,booked,,
2026-09-22 14:00,2026-09-22,Tue,weekday,Barchessa Padel e Pikleball,barchessa-pickleball,PADEL  3,indoor,16:00,afternoon,booked,,
2026-09-22 14:00,2026-09-22,Tue,weekday,SPH - Treviso Sporting,sph-treviso-sporting,Campo 4,indoor,14:30,afternoon,free,50 EUR,35 EUR
2026-09-22 14:00,2026-09-22,Tue,weekday,SPH - Treviso Sporting,sph-treviso-sporting,Campo 4,indoor,15:00,afternoon,free,,36 EUR
2026-09-22 14:00,2026-09-22,Tue,weekday,SPH - Treviso Sporting,sph-treviso-sporting,Campo 4,indoor,15:30,afternoon,free,50 EUR,
2026-09-22 14:00,2026-09-22,Tue,weekday,SPH - Treviso Sporting,sph-treviso-sporting,Campo 4,indoor,16:00,afternoon,free,,36 EUR
2026-09-22 14:00,2026-09-22,Tue,weekday,SPH - Treviso Sporting,sph-treviso-sporting,Campo 5,indoor,14:30,afternoon,free,50 EUR,35 EUR
2026-09-22 14:00,2026-09-22,Tue,weekday,SPH - Treviso Sporting,sph-treviso-sporting,Campo 5,indoor,15:00,afternoon,free,50 EUR,36 EUR
2026-09-22 14:00,2026-09-22,Tue,weekday,SPH - Treviso Sporting,sph-treviso-sporting,Campo 5,indoor,15:30,afternoon,free,,36 EUR
2026-09-22 14:00,2026-09-22,Tue,weekday,SPH - Treviso Sporting,sph-treviso-sporting,Campo 5,indoor,16:00,afternoon,free,50 EUR,
2026-09-22 14:00,2026-09-22,Tue,weekday,SPH - Treviso Sporting,sph-treviso-sporting,Campo 6,indoor,14:30,afternoon,free,,
2026-09-22 14:00,2026-09-22,Tue,weekday,SPH - Treviso Sporting,sph-treviso-sporting,Campo 6,indoor,15:00,afternoon,free,50 EUR,
2026-09-22 14:00,2026-09-22,Tue,weekday,SPH - Treviso Sporting,sph-treviso-sporting,Campo 6,indoor,15:30,afternoon,free,,
2026-09-22 14:00,2026-09-22,Tue,weekday,SPH - Treviso Sporting,sph-treviso-sporting,Campo 6,indoor,16:00,afternoon,free,,
2026-09-22 14:00,2026-09-22,Tue,weekday,SPH - Treviso Sporting,sph-treviso-sporting,Campo 7,indoor,14:30,afternoon,booked,,
2026-09-22 14:00,2026-09-22,Tue,weekday,SPH - Treviso Sporting,sph-treviso-sporting,Campo 7,indoor,15:00,afternoon,booked,,
2026-09-22 14:00,2026-09-22,Tue,weekday,SPH - Treviso Sporting,sph-treviso-sporting,Campo 7,indoor,15:30,afternoon,booked,,
2026-09-22 14:00,2026-09-22,Tue,weekday,SPH - Treviso Sporting,sph-treviso-sporting,Campo 7,indoor,16:00,afternoon,booked,,
2026-09-22 14:00,2026-09-22,Tue,weekday,SPH - Treviso Sporting,sph-treviso-sporting,Campo 1,outdoor,14:30,afternoon,free,40 EUR,28 EUR
2026-09-22 14:00,2026-09-22,Tue,weekday,SPH - Treviso Sporting,sph-treviso-sporting,Campo 1,outdoor,15:00,afternoon,free,,28 EUR
2026-09-22 14:00,2026-09-22,Tue,weekday,SPH - Treviso Sporting,sph-treviso-sporting,Campo 1,outdoor,15:30,afternoon,free,,
2026-09-22 14:00,2026-09-22,Tue,weekday,SPH - Treviso Sporting,sph-treviso-sporting,Campo 1,outdoor,16:00,afternoon,free,48 EUR,
2026-09-22 14:00,2026-09-22,Tue,weekday,SPH - Treviso Sporting,sph-treviso-sporting,Campo 2,outdoor,14:30,afternoon,free,40 EUR,28 EUR
2026-09-22 14:00,2026-09-22,Tue,weekday,SPH - Treviso Sporting,sph-treviso-sporting,Campo 2,outdoor,15:00,afternoon,free,,28 EUR
2026-09-22 14:00,2026-09-22,Tue,weekday,SPH - Treviso Sporting,sph-treviso-sporting,Campo 2,outdoor,15:30,afternoon,free,,
2026-09-22 14:00,2026-09-22,Tue,weekday,SPH - Treviso Sporting,sph-treviso-sporting,Campo 2,outdoor,16:00,afternoon,free,48 EUR,
2026-09-22 14:00,2026-09-22,Tue,weekday,SPH - Treviso Sporting,sph-treviso-sporting,Campo 3,outdoor,14:30,afternoon,free,,28 EUR
2026-09-22 14:00,2026-09-22,Tue,weekday,SPH - Treviso Sporting,sph-treviso-sporting,Campo 3,outdoor,15:00,afternoon,free,,
2026-09-22 14:00,2026-09-22,Tue,weekday,SPH - Treviso Sporting,sph-treviso-sporting,Campo 3,outdoor,15:30,afternoon,free,48 EUR,
2026-09-22 14:00,2026-09-22,Tue,weekday,SPH - Treviso Sporting,sph-treviso-sporting,Campo 3,outdoor,16:00,afternoon,free,,
2026-09-22 14:00,2026-09-22,Tue,weekday,Marina Sporting,marina-sporting,Padel 1,outdoor,14:30,afternoon,free,44 EUR,
2026-09-22 14:00,2026-09-22,Tue,weekday,Marina Sporting,marina-sporting,Padel 1,outdoor,15:00,afternoon,free,,
2026-09-22 14:00,2026-09-22,Tue,weekday,Marina Sporting,marina-sporting,Padel 1,outdoor,15:30,afternoon,free,,
2026-09-22 14:00,2026-09-22,Tue,weekday,Marina Sporting,marina-sporting,Padel 1,outdoor,16:00,afternoon,booked,,
2026-09-22 14:00,2026-09-22,Tue,weekday,Marina Sporting,marina-sporting,Padel 2,outdoor,14:30,afternoon,booked,,
2026-09-22 14:00,2026-09-22,Tue,weekday,Marina Sporting,marina-sporting,Padel 2,outdoor,15:00,afternoon,booked,,
2026-09-22 14:00,2026-09-22,Tue,weekday,Marina Sporting,marina-sporting,Padel 2,outdoor,15:30,afternoon,booked,,
2026-09-22 14:00,2026-09-22,Tue,weekday,Marina Sporting,marina-sporting,Padel 2,outdoor,16:00,afternoon,booked,,
2026-09-22 16:00,2026-09-22,Tue,weekday,Sporting Club Mestre,sporting-club-mestre,Campo Giallo,outdoor,16:30,afternoon,booked,,
2026-09-22 16:00,2026-09-22,Tue,weekday,Sporting Club Mestre,sporting-club-mestre,Campo Giallo,outdoor,17:00,afternoon,booked,,
2026-09-22 16:00,2026-09-22,Tue,weekday,Sporting Club Mestre,sporting-club-mestre,Campo Giallo,outdoor,17:30,afternoon,booked,,
2026-09-22 16:00,2026-09-22,Tue,weekday,Sporting Club Mestre,sporting-club-mestre,Campo Giallo,outdoor,18:00,evening,booked,,
2026-09-22 16:00,2026-09-22,Tue,weekday,Sporting Club Mestre,sporting-club-mestre,Campo Rosso,outdoor,16:30,afternoon,free,36 EUR,24 EUR
2026-09-22 16:00,2026-09-22,Tue,weekday,Sporting Club Mestre,sporting-club-mestre,Campo Rosso,outdoor,17:00,afternoon,free,36 EUR,24 EUR
2026-09-22 16:00,2026-09-22,Tue,weekday,Sporting Club Mestre,sporting-club-mestre,Campo Rosso,outdoor,17:30,afternoon,free,36 EUR,24 EUR
2026-09-22 16:00,2026-09-22,Tue,weekday,Sporting Club Mestre,sporting-club-mestre,Campo Rosso,outdoor,18:00,evening,free,36 EUR,24 EUR
2026-09-22 16:00,2026-09-22,Tue,weekday,Sporting Club Mestre,sporting-club-mestre,campo coperto 1,indoor,16:30,afternoon,booked,,
2026-09-22 16:00,2026-09-22,Tue,weekday,Sporting Club Mestre,sporting-club-mestre,campo coperto 1,indoor,17:00,afternoon,booked,,
2026-09-22 16:00,2026-09-22,Tue,weekday,Sporting Club Mestre,sporting-club-mestre,campo coperto 1,indoor,17:30,afternoon,booked,,
2026-09-22 16:00,2026-09-22,Tue,weekday,Sporting Club Mestre,sporting-club-mestre,campo coperto 1,indoor,18:00,evening,booked,,
2026-09-22 16:00,2026-09-22,Tue,weekday,Sporting Club Mestre,sporting-club-mestre,campo coperto 2,indoor,16:30,afternoon,free,,
2026-09-22 16:00,2026-09-22,Tue,weekday,Sporting Club Mestre,sporting-club-mestre,campo coperto 2,indoor,17:00,afternoon,free,,
2026-09-22 16:00,2026-09-22,Tue,weekday,Sporting Club Mestre,sporting-club-mestre,campo coperto 2,indoor,17:30,afternoon,booked,,
2026-09-22 16:00,2026-09-22,Tue,weekday,Sporting Club Mestre,sporting-club-mestre,campo coperto 2,indoor,18:00,evening,booked,,
2026-09-22 18:00,2026-09-22,Tue,weekday,Sporting Club Mestre,sporting-club-mestre,Campo Giallo,outdoor,18:30,evening,booked,,
2026-09-22 18:00,2026-09-22,Tue,weekday,Sporting Club Mestre,sporting-club-mestre,Campo Giallo,outdoor,19:00,evening,booked,,
2026-09-22 18:00,2026-09-22,Tue,weekday,Sporting Club Mestre,sporting-club-mestre,Campo Giallo,outdoor,19:30,evening,free,36 EUR,
2026-09-22 18:00,2026-09-22,Tue,weekday,Sporting Club Mestre,sporting-club-mestre,Campo Giallo,outdoor,20:00,evening,free,,
2026-09-22 18:00,2026-09-22,Tue,weekday,Sporting Club Mestre,sporting-club-mestre,Campo Rosso,outdoor,18:30,evening,free,36 EUR,24 EUR
2026-09-22 18:00,2026-09-22,Tue,weekday,Sporting Club Mestre,sporting-club-mestre,Campo Rosso,outdoor,19:00,evening,free,,24 EUR
2026-09-22 18:00,2026-09-22,Tue,weekday,Sporting Club Mestre,sporting-club-mestre,Campo Rosso,outdoor,19:30,evening,free,36 EUR,
2026-09-22 18:00,2026-09-22,Tue,weekday,Sporting Club Mestre,sporting-club-mestre,Campo Rosso,outdoor,20:00,evening,free,,24 EUR
2026-09-22 18:00,2026-09-22,Tue,weekday,Sporting Club Mestre,sporting-club-mestre,campo coperto 1,indoor,18:30,evening,booked,,
2026-09-22 18:00,2026-09-22,Tue,weekday,Sporting Club Mestre,sporting-club-mestre,campo coperto 1,indoor,19:00,evening,free,40 EUR,
2026-09-22 18:00,2026-09-22,Tue,weekday,Sporting Club Mestre,sporting-club-mestre,campo coperto 1,indoor,19:30,evening,free,,
2026-09-22 18:00,2026-09-22,Tue,weekday,Sporting Club Mestre,sporting-club-mestre,campo coperto 1,indoor,20:00,evening,free,,
2026-09-22 18:00,2026-09-22,Tue,weekday,Sporting Club Mestre,sporting-club-mestre,campo coperto 2,indoor,18:30,evening,booked,,
2026-09-22 18:00,2026-09-22,Tue,weekday,Sporting Club Mestre,sporting-club-mestre,campo coperto 2,indoor,19:00,evening,free,40 EUR,
2026-09-22 18:00,2026-09-22,Tue,weekday,Sporting Club Mestre,sporting-club-mestre,campo coperto 2,indoor,19:30,evening,free,,
2026-09-22 18:00,2026-09-22,Tue,weekday,Sporting Club Mestre,sporting-club-mestre,campo coperto 2,indoor,20:00,evening,free,,
2026-09-22 18:00,2026-09-22,Tue,weekday,Padel by FitUP di Zero Branco,padel-by-fitup-di-zero-branco,Padel by FitUP 1,indoor,18:30,evening,booked,,
2026-09-22 18:00,2026-09-22,Tue,weekday,Padel by FitUP di Zero Branco,padel-by-fitup-di-zero-branco,Padel by FitUP 1,indoor,19:00,evening,booked,,
2026-09-22 18:00,2026-09-22,Tue,weekday,Padel by FitUP di Zero Branco,padel-by-fitup-di-zero-branco,Padel by FitUP 1,indoor,19:30,evening,booked,,
2026-09-22 18:00,2026-09-22,Tue,weekday,Padel by FitUP di Zero Branco,padel-by-fitup-di-zero-branco,Padel by FitUP 1,indoor,20:00,evening,booked,,
2026-09-22 18:00,2026-09-22,Tue,weekday,Aquafit Padel,aquafit-padel,Padel 1,outdoor,18:30,evening,booked,,
2026-09-22 18:00,2026-09-22,Tue,weekday,Aquafit Padel,aquafit-padel,Padel 1,outdoor,19:00,evening,booked,,
2026-09-22 18:00,2026-09-22,Tue,weekday,Aquafit Padel,aquafit-padel,Padel 1,outdoor,19:30,evening,booked,,
2026-09-22 18:00,2026-09-22,Tue,weekday,Aquafit Padel,aquafit-padel,Padel 1,outdoor,20:00,evening,free,40 EUR,
2026-09-22 18:00,2026-09-22,Tue,weekday,Aquafit Padel,aquafit-padel,Padel 2,outdoor,18:30,evening,booked,,
2026-09-22 18:00,2026-09-22,Tue,weekday,Aquafit Padel,aquafit-padel,Padel 2,outdoor,19:00,evening,booked,,
2026-09-22 18:00,2026-09-22,Tue,weekday,Aquafit Padel,aquafit-padel,Padel 2,outdoor,19:30,evening,booked,,
2026-09-22 18:00,2026-09-22,Tue,weekday,Aquafit Padel,aquafit-padel,Padel 2,outdoor,20:00,evening,free,40 EUR,
2026-09-22 18:00,2026-09-22,Tue,weekday,SPH - Venezia,sph-venezia,Campo 1,indoor,18:30,evening,booked,,
2026-09-22 18:00,2026-09-22,Tue,weekday,SPH - Venezia,sph-venezia,Campo 1,indoor,19:00,evening,booked,,
2026-09-22 18:00,2026-09-22,Tue,weekday,SPH - Venezia,sph-venezia,Campo 1,indoor,19:30,evening,booked,,
2026-09-22 18:00,2026-09-22,Tue,weekday,SPH - Venezia,sph-venezia,Campo 1,indoor,20:00,evening,booked,,
2026-09-22 18:00,2026-09-22,Tue,weekday,SPH - Venezia,sph-venezia,Campo 2,indoor,18:30,evening,free,60 EUR,
2026-09-22 18:00,2026-09-22,Tue,weekday,SPH - Venezia,sph-venezia,Campo 2,indoor,19:00,evening,free,,
2026-09-22 18:00,2026-09-22,Tue,weekday,SPH - Venezia,sph-venezia,Campo 2,indoor,19:30,evening,free,,
2026-09-22 18:00,2026-09-22,Tue,weekday,SPH - Venezia,sph-venezia,Campo 2,indoor,20:00,evening,free,60 EUR,
2026-09-22 18:00,2026-09-22,Tue,weekday,SPH - Venezia,sph-venezia,Campo 3,indoor,18:30,evening,booked,,
2026-09-22 18:00,2026-09-22,Tue,weekday,SPH - Venezia,sph-venezia,Campo 3,indoor,19:00,evening,free,60 EUR,
2026-09-22 18:00,2026-09-22,Tue,weekday,SPH - Venezia,sph-venezia,Campo 3,indoor,19:30,evening,free,,
2026-09-22 18:00,2026-09-22,Tue,weekday,SPH - Venezia,sph-venezia,Campo 3,indoor,20:00,evening,free,,
2026-09-22 18:00,2026-09-22,Tue,weekday,SPH - Venezia,sph-venezia,Campo 4 | B3 Capital,indoor,18:30,evening,booked,,
2026-09-22 18:00,2026-09-22,Tue,weekday,SPH - Venezia,sph-venezia,Campo 4 | B3 Capital,indoor,19:00,evening,booked,,
2026-09-22 18:00,2026-09-22,Tue,weekday,SPH - Venezia,sph-venezia,Campo 4 | B3 Capital,indoor,19:30,evening,booked,,
2026-09-22 18:00,2026-09-22,Tue,weekday,SPH - Venezia,sph-venezia,Campo 4 | B3 Capital,indoor,20:00,evening,booked,,
2026-09-22 18:00,2026-09-22,Tue,weekday,SPH - Venezia,sph-venezia,Campo 5 | Bassetto Impianti,indoor,18:30,evening,booked,,
2026-09-22 18:00,2026-09-22,Tue,weekday,SPH - Venezia,sph-venezia,Campo 5 | Bassetto Impianti,indoor,19:00,evening,free,60 EUR,
2026-09-22 18:00,2026-09-22,Tue,weekday,SPH - Venezia,sph-venezia,Campo 5 | Bassetto Impianti,indoor,19:30,evening,free,,
2026-09-22 18:00,2026-09-22,Tue,weekday,SPH - Venezia,sph-venezia,Campo 5 | Bassetto Impianti,indoor,20:00,evening,free,,
2026-09-22 18:00,2026-09-22,Tue,weekday,Padel Treviso,padel-treviso,1 Esterno,outdoor,18:30,evening,booked,,
2026-09-22 18:00,2026-09-22,Tue,weekday,Padel Treviso,padel-treviso,1 Esterno,outdoor,19:00,evening,booked,,
2026-09-22 18:00,2026-09-22,Tue,weekday,Padel Treviso,padel-treviso,1 Esterno,outdoor,19:30,evening,booked,,
2026-09-22 18:00,2026-09-22,Tue,weekday,Padel Treviso,padel-treviso,1 Esterno,outdoor,20:00,evening,booked,,
2026-09-22 18:00,2026-09-22,Tue,weekday,Padel Treviso,padel-treviso,2 Esterno,outdoor,18:30,evening,booked,,
2026-09-22 18:00,2026-09-22,Tue,weekday,Padel Treviso,padel-treviso,2 Esterno,outdoor,19:00,evening,booked,,
2026-09-22 18:00,2026-09-22,Tue,weekday,Padel Treviso,padel-treviso,2 Esterno,outdoor,19:30,evening,booked,,
2026-09-22 18:00,2026-09-22,Tue,weekday,Padel Treviso,padel-treviso,2 Esterno,outdoor,20:00,evening,free,40 EUR,
2026-09-22 18:00,2026-09-22,Tue,weekday,Padel Treviso,padel-treviso,3 COPERTO,indoor,18:30,evening,booked,,
2026-09-22 18:00,2026-09-22,Tue,weekday,Padel Treviso,padel-treviso,3 COPERTO,indoor,19:00,evening,booked,,
2026-09-22 18:00,2026-09-22,Tue,weekday,Padel Treviso,padel-treviso,3 COPERTO,indoor,19:30,evening,booked,,
2026-09-22 18:00,2026-09-22,Tue,weekday,Padel Treviso,padel-treviso,3 COPERTO,indoor,20:00,evening,free,56 EUR,
2026-09-22 18:00,2026-09-22,Tue,weekday,Padel Treviso,padel-treviso,4 COPERTO,indoor,18:30,evening,free,56 EUR,
2026-09-22 18:00,2026-09-22,Tue,weekday,Padel Treviso,padel-treviso,4 COPERTO,indoor,19:00,evening,free,56 EUR,
2026-09-22 18:00,2026-09-22,Tue,weekday,Padel Treviso,padel-treviso,4 COPERTO,indoor,19:30,evening,free,56 EUR,
2026-09-22 18:00,2026-09-22,Tue,weekday,Padel Treviso,padel-treviso,4 COPERTO,indoor,20:00,evening,free,56 EUR,
2026-09-22 18:00,2026-09-22,Tue,weekday,Padel Treviso,padel-treviso,Kuikma Indoor,indoor,18:30,evening,booked,,
2026-09-22 18:00,2026-09-22,Tue,weekday,Padel Treviso,padel-treviso,Kuikma Indoor,indoor,19:00,evening,booked,,
2026-09-22 18:00,2026-09-22,Tue,weekday,Padel Treviso,padel-treviso,Kuikma Indoor,indoor,19:30,evening,booked,,
2026-09-22 18:00,2026-09-22,Tue,weekday,Padel Treviso,padel-treviso,Kuikma Indoor,indoor,20:00,evening,booked,,
2026-09-22 18:00,2026-09-22,Tue,weekday,Padel Treviso,padel-treviso,6 Indoor,indoor,18:30,evening,booked,,
2026-09-22 18:00,2026-09-22,Tue,weekday,Padel Treviso,padel-treviso,6 Indoor,indoor,19:00,evening,booked,,
2026-09-22 18:00,2026-09-22,Tue,weekday,Padel Treviso,padel-treviso,6 Indoor,indoor,19:30,evening,free,56 EUR,
2026-09-22 18:00,2026-09-22,Tue,weekday,Padel Treviso,padel-treviso,6 Indoor,indoor,20:00,evening,free,,
2026-09-22 18:00,2026-09-22,Tue,weekday,Padel Treviso,padel-treviso,My Gym City Indoor,indoor,18:30,evening,booked,,
2026-09-22 18:00,2026-09-22,Tue,weekday,Padel Treviso,padel-treviso,My Gym City Indoor,indoor,19:00,evening,booked,,
2026-09-22 18:00,2026-09-22,Tue,weekday,Padel Treviso,padel-treviso,My Gym City Indoor,indoor,19:30,evening,free,56 EUR,
2026-09-22 18:00,2026-09-22,Tue,weekday,Padel Treviso,padel-treviso,My Gym City Indoor,indoor,20:00,evening,free,,
2026-09-22 18:00,2026-09-22,Tue,weekday,Padel Treviso,padel-treviso,8 Esterno,outdoor,18:30,evening,free,,
2026-09-22 18:00,2026-09-22,Tue,weekday,Padel Treviso,padel-treviso,8 Esterno,outdoor,19:00,evening,free,,
2026-09-22 18:00,2026-09-22,Tue,weekday,Padel Treviso,padel-treviso,8 Esterno,outdoor,19:30,evening,booked,,
2026-09-22 18:00,2026-09-22,Tue,weekday,Padel Treviso,padel-treviso,8 Esterno,outdoor,20:00,evening,booked,,
2026-09-22 18:00,2026-09-22,Tue,weekday,Padel Treviso,padel-treviso,9 Gioielleria Minotto Istrana,indoor,18:30,evening,booked,,
2026-09-22 18:00,2026-09-22,Tue,weekday,Padel Treviso,padel-treviso,9 Gioielleria Minotto Istrana,indoor,19:00,evening,booked,,
2026-09-22 18:00,2026-09-22,Tue,weekday,Padel Treviso,padel-treviso,9 Gioielleria Minotto Istrana,indoor,19:30,evening,booked,,
2026-09-22 18:00,2026-09-22,Tue,weekday,Padel Treviso,padel-treviso,9 Gioielleria Minotto Istrana,indoor,20:00,evening,booked,,
2026-09-22 18:00,2026-09-22,Tue,weekday,Padel Treviso,padel-treviso,10 Gioielleria Minotto Istrana,indoor,18:30,evening,booked,,
2026-09-22 18:00,2026-09-22,Tue,weekday,Padel Treviso,padel-treviso,10 Gioielleria Minotto Istrana,indoor,19:00,evening,free,56 EUR,
2026-09-22 18:00,2026-09-22,Tue,weekday,Padel Treviso,padel-treviso,10 Gioielleria Minotto Istrana,indoor,19:30,evening,free,,
2026-09-22 18:00,2026-09-22,Tue,weekday,Padel Treviso,padel-treviso,10 Gioielleria Minotto Istrana,indoor,20:00,evening,free,,
2026-09-22 18:00,2026-09-22,Tue,weekday,Padel Treviso,padel-treviso,Singolo A Esterno,outdoor,18:30,evening,free,24 EUR,20 EUR
2026-09-22 18:00,2026-09-22,Tue,weekday,Padel Treviso,padel-treviso,Singolo A Esterno,outdoor,19:00,evening,free,,
2026-09-22 18:00,2026-09-22,Tue,weekday,Padel Treviso,padel-treviso,Singolo A Esterno,outdoor,19:30,evening,free,24 EUR,
2026-09-22 18:00,2026-09-22,Tue,weekday,Padel Treviso,padel-treviso,Singolo A Esterno,outdoor,20:00,evening,free,,20 EUR
2026-09-22 18:00,2026-09-22,Tue,weekday,Padel Treviso,padel-treviso,Singolo B Esterno,outdoor,18:30,evening,booked,,
2026-09-22 18:00,2026-09-22,Tue,weekday,Padel Treviso,padel-treviso,Singolo B Esterno,outdoor,19:00,evening,booked,,
2026-09-22 18:00,2026-09-22,Tue,weekday,Padel Treviso,padel-treviso,Singolo B Esterno,outdoor,19:30,evening,free,24 EUR,
2026-09-22 18:00,2026-09-22,Tue,weekday,Padel Treviso,padel-treviso,Singolo B Esterno,outdoor,20:00,evening,free,,
2026-09-22 18:00,2026-09-22,Tue,weekday,Altino Sport Village,altino-sport-village,Padel 1,indoor,18:30,evening,booked,,
2026-09-22 18:00,2026-09-22,Tue,weekday,Altino Sport Village,altino-sport-village,Padel 1,indoor,19:00,evening,free,,40 EUR
2026-09-22 18:00,2026-09-22,Tue,weekday,Altino Sport Village,altino-sport-village,Padel 1,indoor,19:30,evening,free,,
2026-09-22 18:00,2026-09-22,Tue,weekday,Altino Sport Village,altino-sport-village,Padel 1,indoor,20:00,evening,free,,40 EUR
2026-09-22 18:00,2026-09-22,Tue,weekday,Altino Sport Village,altino-sport-village,Padel 2,indoor,18:30,evening,booked,,
2026-09-22 18:00,2026-09-22,Tue,weekday,Altino Sport Village,altino-sport-village,Padel 2,indoor,19:00,evening,booked,,
2026-09-22 18:00,2026-09-22,Tue,weekday,Altino Sport Village,altino-sport-village,Padel 2,indoor,19:30,evening,booked,,
2026-09-22 18:00,2026-09-22,Tue,weekday,Altino Sport Village,altino-sport-village,Padel 2,indoor,20:00,evening,free,,40 EUR
2026-09-22 18:00,2026-09-22,Tue,weekday,Barchessa Padel e Pikleball,barchessa-pickleball,PADEL 1,indoor,18:30,evening,booked,,
2026-09-22 18:00,2026-09-22,Tue,weekday,Barchessa Padel e Pikleball,barchessa-pickleball,PADEL 1,indoor,19:00,evening,booked,,
2026-09-22 18:00,2026-09-22,Tue,weekday,Barchessa Padel e Pikleball,barchessa-pickleball,PADEL 1,indoor,19:30,evening,booked,,
2026-09-22 18:00,2026-09-22,Tue,weekday,Barchessa Padel e Pikleball,barchessa-pickleball,PADEL 1,indoor,20:00,evening,booked,,
2026-09-22 18:00,2026-09-22,Tue,weekday,Barchessa Padel e Pikleball,barchessa-pickleball,PADEL  2,indoor,18:30,evening,booked,,
2026-09-22 18:00,2026-09-22,Tue,weekday,Barchessa Padel e Pikleball,barchessa-pickleball,PADEL  2,indoor,19:00,evening,booked,,
2026-09-22 18:00,2026-09-22,Tue,weekday,Barchessa Padel e Pikleball,barchessa-pickleball,PADEL  2,indoor,19:30,evening,booked,,
2026-09-22 18:00,2026-09-22,Tue,weekday,Barchessa Padel e Pikleball,barchessa-pickleball,PADEL  2,indoor,20:00,evening,booked,,
2026-09-22 18:00,2026-09-22,Tue,weekday,Barchessa Padel e Pikleball,barchessa-pickleball,PADEL  3,indoor,18:30,evening,booked,,
2026-09-22 18:00,2026-09-22,Tue,weekday,Barchessa Padel e Pikleball,barchessa-pickleball,PADEL  3,indoor,19:00,evening,free,48 EUR,
2026-09-22 18:00,2026-09-22,Tue,weekday,Barchessa Padel e Pikleball,barchessa-pickleball,PADEL  3,indoor,19:30,evening,free,,
2026-09-22 18:00,2026-09-22,Tue,weekday,Barchessa Padel e Pikleball,barchessa-pickleball,PADEL  3,indoor,20:00,evening,free,,
2026-09-22 18:00,2026-09-22,Tue,weekday,H-FARM CAMPUS,h-farm-campus,Padel 1,outdoor,18:30,evening,free,85 EUR,
2026-09-22 18:00,2026-09-22,Tue,weekday,H-FARM CAMPUS,h-farm-campus,Padel 1,outdoor,19:00,evening,free,,
2026-09-22 18:00,2026-09-22,Tue,weekday,H-FARM CAMPUS,h-farm-campus,Padel 1,outdoor,19:30,evening,free,,
2026-09-22 18:00,2026-09-22,Tue,weekday,H-FARM CAMPUS,h-farm-campus,Padel 1,outdoor,20:00,evening,booked,,
2026-09-22 18:00,2026-09-22,Tue,weekday,H-FARM CAMPUS,h-farm-campus,Padel 2,outdoor,18:30,evening,free,85 EUR,
2026-09-22 18:00,2026-09-22,Tue,weekday,H-FARM CAMPUS,h-farm-campus,Padel 2,outdoor,19:00,evening,free,,
2026-09-22 18:00,2026-09-22,Tue,weekday,H-FARM CAMPUS,h-farm-campus,Padel 2,outdoor,19:30,evening,free,,
2026-09-22 18:00,2026-09-22,Tue,weekday,H-FARM CAMPUS,h-farm-campus,Padel 2,outdoor,20:00,evening,booked,,
2026-09-22 18:00,2026-09-22,Tue,weekday,SPH - Treviso Sporting,sph-treviso-sporting,Campo 4,indoor,18:30,evening,booked,,
2026-09-22 18:00,2026-09-22,Tue,weekday,SPH - Treviso Sporting,sph-treviso-sporting,Campo 4,indoor,19:00,evening,booked,,
2026-09-22 18:00,2026-09-22,Tue,weekday,SPH - Treviso Sporting,sph-treviso-sporting,Campo 4,indoor,19:30,evening,booked,,
2026-09-22 18:00,2026-09-22,Tue,weekday,SPH - Treviso Sporting,sph-treviso-sporting,Campo 4,indoor,20:00,evening,booked,,
2026-09-22 18:00,2026-09-22,Tue,weekday,SPH - Treviso Sporting,sph-treviso-sporting,Campo 5,indoor,18:30,evening,booked,,
2026-09-22 18:00,2026-09-22,Tue,weekday,SPH - Treviso Sporting,sph-treviso-sporting,Campo 5,indoor,19:00,evening,booked,,
2026-09-22 18:00,2026-09-22,Tue,weekday,SPH - Treviso Sporting,sph-treviso-sporting,Campo 5,indoor,19:30,evening,booked,,
2026-09-22 18:00,2026-09-22,Tue,weekday,SPH - Treviso Sporting,sph-treviso-sporting,Campo 5,indoor,20:00,evening,booked,,
2026-09-22 18:00,2026-09-22,Tue,weekday,SPH - Treviso Sporting,sph-treviso-sporting,Campo 6,indoor,18:30,evening,booked,,
2026-09-22 18:00,2026-09-22,Tue,weekday,SPH - Treviso Sporting,sph-treviso-sporting,Campo 6,indoor,19:00,evening,booked,,
2026-09-22 18:00,2026-09-22,Tue,weekday,SPH - Treviso Sporting,sph-treviso-sporting,Campo 6,indoor,19:30,evening,booked,,
2026-09-22 18:00,2026-09-22,Tue,weekday,SPH - Treviso Sporting,sph-treviso-sporting,Campo 6,indoor,20:00,evening,booked,,
2026-09-22 18:00,2026-09-22,Tue,weekday,SPH - Treviso Sporting,sph-treviso-sporting,Campo 7,indoor,18:30,evening,booked,,
2026-09-22 18:00,2026-09-22,Tue,weekday,SPH - Treviso Sporting,sph-treviso-sporting,Campo 7,indoor,19:00,evening,free,,36 EUR
2026-09-22 18:00,2026-09-22,Tue,weekday,SPH - Treviso Sporting,sph-treviso-sporting,Campo 7,indoor,19:30,evening,free,,
2026-09-22 18:00,2026-09-22,Tue,weekday,SPH - Treviso Sporting,sph-treviso-sporting,Campo 7,indoor,20:00,evening,booked,,
2026-09-22 18:00,2026-09-22,Tue,weekday,SPH - Treviso Sporting,sph-treviso-sporting,Campo 1,outdoor,18:30,evening,booked,,
2026-09-22 18:00,2026-09-22,Tue,weekday,SPH - Treviso Sporting,sph-treviso-sporting,Campo 1,outdoor,19:00,evening,free,48 EUR,
2026-09-22 18:00,2026-09-22,Tue,weekday,SPH - Treviso Sporting,sph-treviso-sporting,Campo 1,outdoor,19:30,evening,free,,
2026-09-22 18:00,2026-09-22,Tue,weekday,SPH - Treviso Sporting,sph-treviso-sporting,Campo 1,outdoor,20:00,evening,free,,
2026-09-22 18:00,2026-09-22,Tue,weekday,SPH - Treviso Sporting,sph-treviso-sporting,Campo 2,outdoor,18:30,evening,booked,,
2026-09-22 18:00,2026-09-22,Tue,weekday,SPH - Treviso Sporting,sph-treviso-sporting,Campo 2,outdoor,19:00,evening,free,48 EUR,
2026-09-22 18:00,2026-09-22,Tue,weekday,SPH - Treviso Sporting,sph-treviso-sporting,Campo 2,outdoor,19:30,evening,free,,
2026-09-22 18:00,2026-09-22,Tue,weekday,SPH - Treviso Sporting,sph-treviso-sporting,Campo 2,outdoor,20:00,evening,free,,
2026-09-22 18:00,2026-09-22,Tue,weekday,SPH - Treviso Sporting,sph-treviso-sporting,Campo 3,outdoor,18:30,evening,free,48 EUR,
2026-09-22 18:00,2026-09-22,Tue,weekday,SPH - Treviso Sporting,sph-treviso-sporting,Campo 3,outdoor,19:00,evening,free,,
2026-09-22 18:00,2026-09-22,Tue,weekday,SPH - Treviso Sporting,sph-treviso-sporting,Campo 3,outdoor,19:30,evening,free,,
2026-09-22 18:00,2026-09-22,Tue,weekday,SPH - Treviso Sporting,sph-treviso-sporting,Campo 3,outdoor,20:00,evening,booked,,
2026-09-22 18:00,2026-09-22,Tue,weekday,Marina Sporting,marina-sporting,Padel 1,outdoor,18:30,evening,booked,,
2026-09-22 18:00,2026-09-22,Tue,weekday,Marina Sporting,marina-sporting,Padel 1,outdoor,19:00,evening,booked,,
2026-09-22 18:00,2026-09-22,Tue,weekday,Marina Sporting,marina-sporting,Padel 1,outdoor,19:30,evening,booked,,
2026-09-22 18:00,2026-09-22,Tue,weekday,Marina Sporting,marina-sporting,Padel 1,outdoor,20:00,evening,booked,,
2026-09-22 18:00,2026-09-22,Tue,weekday,Marina Sporting,marina-sporting,Padel 2,outdoor,18:30,evening,free,,
2026-09-22 18:00,2026-09-22,Tue,weekday,Marina Sporting,marina-sporting,Padel 2,outdoor,19:00,evening,booked,,
2026-09-22 18:00,2026-09-22,Tue,weekday,Marina Sporting,marina-sporting,Padel 2,outdoor,19:30,evening,booked,,
2026-09-22 18:00,2026-09-22,Tue,weekday,Marina Sporting,marina-sporting,Padel 2,outdoor,20:00,evening,booked,,
2026-09-22 20:00,2026-09-22,Tue,weekday,Sporting Club Mestre,sporting-club-mestre,Campo Giallo,outdoor,20:30,evening,free,,
2026-09-22 20:00,2026-09-22,Tue,weekday,Sporting Club Mestre,sporting-club-mestre,Campo Giallo,outdoor,21:00,evening,booked,,
2026-09-22 20:00,2026-09-22,Tue,weekday,Sporting Club Mestre,sporting-club-mestre,Campo Giallo,outdoor,21:30,evening,booked,,
2026-09-22 20:00,2026-09-22,Tue,weekday,Sporting Club Mestre,sporting-club-mestre,Campo Giallo,outdoor,22:00,evening,booked,,
2026-09-22 20:00,2026-09-22,Tue,weekday,Sporting Club Mestre,sporting-club-mestre,Campo Rosso,outdoor,20:30,evening,free,,
2026-09-22 20:00,2026-09-22,Tue,weekday,Sporting Club Mestre,sporting-club-mestre,Campo Rosso,outdoor,21:00,evening,booked,,
2026-09-22 20:00,2026-09-22,Tue,weekday,Sporting Club Mestre,sporting-club-mestre,Campo Rosso,outdoor,21:30,evening,booked,,
2026-09-22 20:00,2026-09-22,Tue,weekday,Sporting Club Mestre,sporting-club-mestre,Campo Rosso,outdoor,22:00,evening,booked,,
2026-09-22 20:00,2026-09-22,Tue,weekday,Sporting Club Mestre,sporting-club-mestre,campo coperto 1,indoor,20:30,evening,booked,,
2026-09-22 20:00,2026-09-22,Tue,weekday,Sporting Club Mestre,sporting-club-mestre,campo coperto 1,indoor,21:00,evening,booked,,
2026-09-22 20:00,2026-09-22,Tue,weekday,Sporting Club Mestre,sporting-club-mestre,campo coperto 1,indoor,21:30,evening,booked,,
2026-09-22 20:00,2026-09-22,Tue,weekday,Sporting Club Mestre,sporting-club-mestre,campo coperto 1,indoor,22:00,evening,booked,,
2026-09-22 20:00,2026-09-22,Tue,weekday,Sporting Club Mestre,sporting-club-mestre,campo coperto 2,indoor,20:30,evening,booked,,
2026-09-22 20:00,2026-09-22,Tue,weekday,Sporting Club Mestre,sporting-club-mestre,campo coperto 2,indoor,21:00,evening,booked,,
2026-09-22 20:00,2026-09-22,Tue,weekday,Sporting Club Mestre,sporting-club-mestre,campo coperto 2,indoor,21:30,evening,booked,,
2026-09-22 20:00,2026-09-22,Tue,weekday,Sporting Club Mestre,sporting-club-mestre,campo coperto 2,indoor,22:00,evening,booked,,
2026-09-22 20:00,2026-09-22,Tue,weekday,Aquafit Padel,aquafit-padel,Padel 1,outdoor,20:30,evening,free,,
2026-09-22 20:00,2026-09-22,Tue,weekday,Aquafit Padel,aquafit-padel,Padel 1,outdoor,21:00,evening,free,,
2026-09-22 20:00,2026-09-22,Tue,weekday,Aquafit Padel,aquafit-padel,Padel 1,outdoor,21:30,evening,booked,,
2026-09-22 20:00,2026-09-22,Tue,weekday,Aquafit Padel,aquafit-padel,Padel 1,outdoor,22:00,evening,booked,,
2026-09-22 20:00,2026-09-22,Tue,weekday,Aquafit Padel,aquafit-padel,Padel 2,outdoor,20:30,evening,free,,
2026-09-22 20:00,2026-09-22,Tue,weekday,Aquafit Padel,aquafit-padel,Padel 2,outdoor,21:00,evening,free,,
2026-09-22 20:00,2026-09-22,Tue,weekday,Aquafit Padel,aquafit-padel,Padel 2,outdoor,21:30,evening,booked,,
2026-09-22 20:00,2026-09-22,Tue,weekday,Aquafit Padel,aquafit-padel,Padel 2,outdoor,22:00,evening,booked,,
2026-09-22 20:00,2026-09-22,Tue,weekday,SPH - Venezia,sph-venezia,Campo 1,indoor,20:30,evening,booked,,
2026-09-22 20:00,2026-09-22,Tue,weekday,SPH - Venezia,sph-venezia,Campo 1,indoor,21:00,evening,booked,,
2026-09-22 20:00,2026-09-22,Tue,weekday,SPH - Venezia,sph-venezia,Campo 1,indoor,21:30,evening,booked,,
2026-09-22 20:00,2026-09-22,Tue,weekday,SPH - Venezia,sph-venezia,Campo 1,indoor,22:00,evening,booked,,
2026-09-22 20:00,2026-09-22,Tue,weekday,SPH - Venezia,sph-venezia,Campo 2,indoor,20:30,evening,free,,
2026-09-22 20:00,2026-09-22,Tue,weekday,SPH - Venezia,sph-venezia,Campo 2,indoor,21:00,evening,free,,
2026-09-22 20:00,2026-09-22,Tue,weekday,SPH - Venezia,sph-venezia,Campo 2,indoor,21:30,evening,booked,,
2026-09-22 20:00,2026-09-22,Tue,weekday,SPH - Venezia,sph-venezia,Campo 2,indoor,22:00,evening,booked,,
2026-09-22 20:00,2026-09-22,Tue,weekday,SPH - Venezia,sph-venezia,Campo 3,indoor,20:30,evening,free,,40 EUR
2026-09-22 20:00,2026-09-22,Tue,weekday,SPH - Venezia,sph-venezia,Campo 3,indoor,21:00,evening,free,,
2026-09-22 20:00,2026-09-22,Tue,weekday,SPH - Venezia,sph-venezia,Campo 3,indoor,21:30,evening,booked,,
2026-09-22 20:00,2026-09-22,Tue,weekday,SPH - Venezia,sph-venezia,Campo 3,indoor,22:00,evening,booked,,
2026-09-22 20:00,2026-09-22,Tue,weekday,SPH - Venezia,sph-venezia,Campo 4 | B3 Capital,indoor,20:30,evening,booked,,
2026-09-22 20:00,2026-09-22,Tue,weekday,SPH - Venezia,sph-venezia,Campo 4 | B3 Capital,indoor,21:00,evening,booked,,
2026-09-22 20:00,2026-09-22,Tue,weekday,SPH - Venezia,sph-venezia,Campo 4 | B3 Capital,indoor,21:30,evening,booked,,
2026-09-22 20:00,2026-09-22,Tue,weekday,SPH - Venezia,sph-venezia,Campo 4 | B3 Capital,indoor,22:00,evening,booked,,
2026-09-22 20:00,2026-09-22,Tue,weekday,SPH - Venezia,sph-venezia,Campo 5 | Bassetto Impianti,indoor,20:30,evening,free,,40 EUR
2026-09-22 20:00,2026-09-22,Tue,weekday,SPH - Venezia,sph-venezia,Campo 5 | Bassetto Impianti,indoor,21:00,evening,free,,
2026-09-22 20:00,2026-09-22,Tue,weekday,SPH - Venezia,sph-venezia,Campo 5 | Bassetto Impianti,indoor,21:30,evening,booked,,
2026-09-22 20:00,2026-09-22,Tue,weekday,SPH - Venezia,sph-venezia,Campo 5 | Bassetto Impianti,indoor,22:00,evening,booked,,
2026-09-22 20:00,2026-09-22,Tue,weekday,Padel Treviso,padel-treviso,1 Esterno,outdoor,20:30,evening,booked,,
2026-09-22 20:00,2026-09-22,Tue,weekday,Padel Treviso,padel-treviso,1 Esterno,outdoor,21:00,evening,booked,,
2026-09-22 20:00,2026-09-22,Tue,weekday,Padel Treviso,padel-treviso,1 Esterno,outdoor,21:30,evening,booked,,
2026-09-22 20:00,2026-09-22,Tue,weekday,Padel Treviso,padel-treviso,1 Esterno,outdoor,22:00,evening,booked,,
2026-09-22 20:00,2026-09-22,Tue,weekday,Padel Treviso,padel-treviso,2 Esterno,outdoor,20:30,evening,free,,
2026-09-22 20:00,2026-09-22,Tue,weekday,Padel Treviso,padel-treviso,2 Esterno,outdoor,21:00,evening,free,,
2026-09-22 20:00,2026-09-22,Tue,weekday,Padel Treviso,padel-treviso,2 Esterno,outdoor,21:30,evening,booked,,
2026-09-22 20:00,2026-09-22,Tue,weekday,Padel Treviso,padel-treviso,2 Esterno,outdoor,22:00,evening,booked,,
2026-09-22 20:00,2026-09-22,Tue,weekday,Padel Treviso,padel-treviso,3 COPERTO,indoor,20:30,evening,free,,
2026-09-22 20:00,2026-09-22,Tue,weekday,Padel Treviso,padel-treviso,3 COPERTO,indoor,21:00,evening,free,,
2026-09-22 20:00,2026-09-22,Tue,weekday,Padel Treviso,padel-treviso,3 COPERTO,indoor,21:30,evening,booked,,
2026-09-22 20:00,2026-09-22,Tue,weekday,Padel Treviso,padel-treviso,3 COPERTO,indoor,22:00,evening,booked,,
2026-09-22 20:00,2026-09-22,Tue,weekday,Padel Treviso,padel-treviso,4 COPERTO,indoor,20:30,evening,free,,
2026-09-22 20:00,2026-09-22,Tue,weekday,Padel Treviso,padel-treviso,4 COPERTO,indoor,21:00,evening,free,,
2026-09-22 20:00,2026-09-22,Tue,weekday,Padel Treviso,padel-treviso,4 COPERTO,indoor,21:30,evening,booked,,
2026-09-22 20:00,2026-09-22,Tue,weekday,Padel Treviso,padel-treviso,4 COPERTO,indoor,22:00,evening,booked,,
2026-09-22 20:00,2026-09-22,Tue,weekday,Padel Treviso,padel-treviso,Kuikma Indoor,indoor,20:30,evening,booked,,
2026-09-22 20:00,2026-09-22,Tue,weekday,Padel Treviso,padel-treviso,Kuikma Indoor,indoor,21:00,evening,booked,,
2026-09-22 20:00,2026-09-22,Tue,weekday,Padel Treviso,padel-treviso,Kuikma Indoor,indoor,21:30,evening,booked,,
2026-09-22 20:00,2026-09-22,Tue,weekday,Padel Treviso,padel-treviso,Kuikma Indoor,indoor,22:00,evening,booked,,
2026-09-22 20:00,2026-09-22,Tue,weekday,Padel Treviso,padel-treviso,6 Indoor,indoor,20:30,evening,free,,
2026-09-22 20:00,2026-09-22,Tue,weekday,Padel Treviso,padel-treviso,6 Indoor,indoor,21:00,evening,booked,,
2026-09-22 20:00,2026-09-22,Tue,weekday,Padel Treviso,padel-treviso,6 Indoor,indoor,21:30,evening,booked,,
2026-09-22 20:00,2026-09-22,Tue,weekday,Padel Treviso,padel-treviso,6 Indoor,indoor,22:00,evening,booked,,
2026-09-22 20:00,2026-09-22,Tue,weekday,Padel Treviso,padel-treviso,My Gym City Indoor,indoor,20:30,evening,free,,
2026-09-22 20:00,2026-09-22,Tue,weekday,Padel Treviso,padel-treviso,My Gym City Indoor,indoor,21:00,evening,booked,,
2026-09-22 20:00,2026-09-22,Tue,weekday,Padel Treviso,padel-treviso,My Gym City Indoor,indoor,21:30,evening,booked,,
2026-09-22 20:00,2026-09-22,Tue,weekday,Padel Treviso,padel-treviso,My Gym City Indoor,indoor,22:00,evening,booked,,
2026-09-22 20:00,2026-09-22,Tue,weekday,Padel Treviso,padel-treviso,8 Esterno,outdoor,20:30,evening,booked,,
2026-09-22 20:00,2026-09-22,Tue,weekday,Padel Treviso,padel-treviso,8 Esterno,outdoor,21:00,evening,booked,,
2026-09-22 20:00,2026-09-22,Tue,weekday,Padel Treviso,padel-treviso,8 Esterno,outdoor,21:30,evening,booked,,
2026-09-22 20:00,2026-09-22,Tue,weekday,Padel Treviso,padel-treviso,8 Esterno,outdoor,22:00,evening,booked,,
2026-09-22 20:00,2026-09-22,Tue,weekday,Padel Treviso,padel-treviso,9 Gioielleria Minotto Istrana,indoor,20:30,evening,booked,,
2026-09-22 20:00,2026-09-22,Tue,weekday,Padel Treviso,padel-treviso,9 Gioielleria Minotto Istrana,indoor,21:00,evening,booked,,
2026-09-22 20:00,2026-09-22,Tue,weekday,Padel Treviso,padel-treviso,9 Gioielleria Minotto Istrana,indoor,21:30,evening,booked,,
2026-09-22 20:00,2026-09-22,Tue,weekday,Padel Treviso,padel-treviso,9 Gioielleria Minotto Istrana,indoor,22:00,evening,booked,,
2026-09-22 20:00,2026-09-22,Tue,weekday,Padel Treviso,padel-treviso,10 Gioielleria Minotto Istrana,indoor,20:30,evening,booked,,
2026-09-22 20:00,2026-09-22,Tue,weekday,Padel Treviso,padel-treviso,10 Gioielleria Minotto Istrana,indoor,21:00,evening,booked,,
2026-09-22 20:00,2026-09-22,Tue,weekday,Padel Treviso,padel-treviso,10 Gioielleria Minotto Istrana,indoor,21:30,evening,booked,,
2026-09-22 20:00,2026-09-22,Tue,weekday,Padel Treviso,padel-treviso,10 Gioielleria Minotto Istrana,indoor,22:00,evening,booked,,
2026-09-22 20:00,2026-09-22,Tue,weekday,Padel Treviso,padel-treviso,Singolo A Esterno,outdoor,20:30,evening,free,,
2026-09-22 20:00,2026-09-22,Tue,weekday,Padel Treviso,padel-treviso,Singolo A Esterno,outdoor,21:00,evening,booked,,
2026-09-22 20:00,2026-09-22,Tue,weekday,Padel Treviso,padel-treviso,Singolo A Esterno,outdoor,21:30,evening,booked,,
2026-09-22 20:00,2026-09-22,Tue,weekday,Padel Treviso,padel-treviso,Singolo A Esterno,outdoor,22:00,evening,booked,,
2026-09-22 20:00,2026-09-22,Tue,weekday,Padel Treviso,padel-treviso,Singolo B Esterno,outdoor,20:30,evening,free,,
2026-09-22 20:00,2026-09-22,Tue,weekday,Padel Treviso,padel-treviso,Singolo B Esterno,outdoor,21:00,evening,booked,,
2026-09-22 20:00,2026-09-22,Tue,weekday,Padel Treviso,padel-treviso,Singolo B Esterno,outdoor,21:30,evening,booked,,
2026-09-22 20:00,2026-09-22,Tue,weekday,Padel Treviso,padel-treviso,Singolo B Esterno,outdoor,22:00,evening,booked,,
2026-09-22 20:00,2026-09-22,Tue,weekday,Altino Sport Village,altino-sport-village,Padel 1,indoor,20:30,evening,free,,
2026-09-22 20:00,2026-09-22,Tue,weekday,Altino Sport Village,altino-sport-village,Padel 1,indoor,21:00,evening,booked,,
2026-09-22 20:00,2026-09-22,Tue,weekday,Altino Sport Village,altino-sport-village,Padel 1,indoor,21:30,evening,booked,,
2026-09-22 20:00,2026-09-22,Tue,weekday,Altino Sport Village,altino-sport-village,Padel 1,indoor,22:00,evening,booked,,
2026-09-22 20:00,2026-09-22,Tue,weekday,Altino Sport Village,altino-sport-village,Padel 2,indoor,20:30,evening,free,,
2026-09-22 20:00,2026-09-22,Tue,weekday,Altino Sport Village,altino-sport-village,Padel 2,indoor,21:00,evening,booked,,
2026-09-22 20:00,2026-09-22,Tue,weekday,Altino Sport Village,altino-sport-village,Padel 2,indoor,21:30,evening,booked,,
2026-09-22 20:00,2026-09-22,Tue,weekday,Altino Sport Village,altino-sport-village,Padel 2,indoor,22:00,evening,booked,,
2026-09-22 20:00,2026-09-22,Tue,weekday,Barchessa Padel e Pikleball,barchessa-pickleball,PADEL 1,indoor,20:30,evening,booked,,
2026-09-22 20:00,2026-09-22,Tue,weekday,Barchessa Padel e Pikleball,barchessa-pickleball,PADEL 1,indoor,21:00,evening,booked,,
2026-09-22 20:00,2026-09-22,Tue,weekday,Barchessa Padel e Pikleball,barchessa-pickleball,PADEL 1,indoor,21:30,evening,booked,,
2026-09-22 20:00,2026-09-22,Tue,weekday,Barchessa Padel e Pikleball,barchessa-pickleball,PADEL 1,indoor,22:00,evening,booked,,
2026-09-22 20:00,2026-09-22,Tue,weekday,Barchessa Padel e Pikleball,barchessa-pickleball,PADEL  2,indoor,20:30,evening,booked,,
2026-09-22 20:00,2026-09-22,Tue,weekday,Barchessa Padel e Pikleball,barchessa-pickleball,PADEL  2,indoor,21:00,evening,booked,,
2026-09-22 20:00,2026-09-22,Tue,weekday,Barchessa Padel e Pikleball,barchessa-pickleball,PADEL  2,indoor,21:30,evening,booked,,
2026-09-22 20:00,2026-09-22,Tue,weekday,Barchessa Padel e Pikleball,barchessa-pickleball,PADEL  2,indoor,22:00,evening,booked,,
2026-09-22 20:00,2026-09-22,Tue,weekday,Barchessa Padel e Pikleball,barchessa-pickleball,PADEL  3,indoor,20:30,evening,booked,,
2026-09-22 20:00,2026-09-22,Tue,weekday,Barchessa Padel e Pikleball,barchessa-pickleball,PADEL  3,indoor,21:00,evening,booked,,
2026-09-22 20:00,2026-09-22,Tue,weekday,Barchessa Padel e Pikleball,barchessa-pickleball,PADEL  3,indoor,21:30,evening,booked,,
2026-09-22 20:00,2026-09-22,Tue,weekday,Barchessa Padel e Pikleball,barchessa-pickleball,PADEL  3,indoor,22:00,evening,booked,,
2026-09-22 20:00,2026-09-22,Tue,weekday,H-FARM CAMPUS,h-farm-campus,Padel 1,outdoor,20:30,evening,booked,,
2026-09-22 20:00,2026-09-22,Tue,weekday,H-FARM CAMPUS,h-farm-campus,Padel 1,outdoor,21:00,evening,booked,,
2026-09-22 20:00,2026-09-22,Tue,weekday,H-FARM CAMPUS,h-farm-campus,Padel 1,outdoor,21:30,evening,booked,,
2026-09-22 20:00,2026-09-22,Tue,weekday,H-FARM CAMPUS,h-farm-campus,Padel 2,outdoor,20:30,evening,booked,,
2026-09-22 20:00,2026-09-22,Tue,weekday,H-FARM CAMPUS,h-farm-campus,Padel 2,outdoor,21:00,evening,booked,,
2026-09-22 20:00,2026-09-22,Tue,weekday,H-FARM CAMPUS,h-farm-campus,Padel 2,outdoor,21:30,evening,booked,,
2026-09-22 20:00,2026-09-22,Tue,weekday,SPH - Treviso Sporting,sph-treviso-sporting,Campo 4,indoor,20:30,evening,booked,,
2026-09-22 20:00,2026-09-22,Tue,weekday,SPH - Treviso Sporting,sph-treviso-sporting,Campo 4,indoor,21:00,evening,booked,,
2026-09-22 20:00,2026-09-22,Tue,weekday,SPH - Treviso Sporting,sph-treviso-sporting,Campo 4,indoor,21:30,evening,booked,,
2026-09-22 20:00,2026-09-22,Tue,weekday,SPH - Treviso Sporting,sph-treviso-sporting,Campo 4,indoor,22:00,evening,booked,,
2026-09-22 20:00,2026-09-22,Tue,weekday,SPH - Treviso Sporting,sph-treviso-sporting,Campo 5,indoor,20:30,evening,booked,,
2026-09-22 20:00,2026-09-22,Tue,weekday,SPH - Treviso Sporting,sph-treviso-sporting,Campo 5,indoor,21:00,evening,booked,,
2026-09-22 20:00,2026-09-22,Tue,weekday,SPH - Treviso Sporting,sph-treviso-sporting,Campo 5,indoor,21:30,evening,booked,,
2026-09-22 20:00,2026-09-22,Tue,weekday,SPH - Treviso Sporting,sph-treviso-sporting,Campo 5,indoor,22:00,evening,booked,,
2026-09-22 20:00,2026-09-22,Tue,weekday,SPH - Treviso Sporting,sph-treviso-sporting,Campo 6,indoor,20:30,evening,booked,,
2026-09-22 20:00,2026-09-22,Tue,weekday,SPH - Treviso Sporting,sph-treviso-sporting,Campo 6,indoor,21:00,evening,booked,,
2026-09-22 20:00,2026-09-22,Tue,weekday,SPH - Treviso Sporting,sph-treviso-sporting,Campo 6,indoor,21:30,evening,booked,,
2026-09-22 20:00,2026-09-22,Tue,weekday,SPH - Treviso Sporting,sph-treviso-sporting,Campo 6,indoor,22:00,evening,booked,,
2026-09-22 20:00,2026-09-22,Tue,weekday,SPH - Treviso Sporting,sph-treviso-sporting,Campo 7,indoor,20:30,evening,booked,,
2026-09-22 20:00,2026-09-22,Tue,weekday,SPH - Treviso Sporting,sph-treviso-sporting,Campo 7,indoor,21:00,evening,booked,,
2026-09-22 20:00,2026-09-22,Tue,weekday,SPH - Treviso Sporting,sph-treviso-sporting,Campo 7,indoor,21:30,evening,booked,,
2026-09-22 20:00,2026-09-22,Tue,weekday,SPH - Treviso Sporting,sph-treviso-sporting,Campo 7,indoor,22:00,evening,booked,,
2026-09-22 20:00,2026-09-22,Tue,weekday,SPH - Treviso Sporting,sph-treviso-sporting,Campo 1,outdoor,20:30,evening,booked,,
2026-09-22 20:00,2026-09-22,Tue,weekday,SPH - Treviso Sporting,sph-treviso-sporting,Campo 1,outdoor,21:00,evening,booked,,
2026-09-22 20:00,2026-09-22,Tue,weekday,SPH - Treviso Sporting,sph-treviso-sporting,Campo 1,outdoor,21:30,evening,booked,,
2026-09-22 20:00,2026-09-22,Tue,weekday,SPH - Treviso Sporting,sph-treviso-sporting,Campo 1,outdoor,22:00,evening,booked,,
2026-09-22 20:00,2026-09-22,Tue,weekday,SPH - Treviso Sporting,sph-treviso-sporting,Campo 2,outdoor,20:30,evening,booked,,
2026-09-22 20:00,2026-09-22,Tue,weekday,SPH - Treviso Sporting,sph-treviso-sporting,Campo 2,outdoor,21:00,evening,booked,,
2026-09-22 20:00,2026-09-22,Tue,weekday,SPH - Treviso Sporting,sph-treviso-sporting,Campo 2,outdoor,21:30,evening,booked,,
2026-09-22 20:00,2026-09-22,Tue,weekday,SPH - Treviso Sporting,sph-treviso-sporting,Campo 2,outdoor,22:00,evening,booked,,
2026-09-22 20:00,2026-09-22,Tue,weekday,SPH - Treviso Sporting,sph-treviso-sporting,Campo 3,outdoor,20:30,evening,booked,,
2026-09-22 20:00,2026-09-22,Tue,weekday,SPH - Treviso Sporting,sph-treviso-sporting,Campo 3,outdoor,21:00,evening,booked,,
2026-09-22 20:00,2026-09-22,Tue,weekday,SPH - Treviso Sporting,sph-treviso-sporting,Campo 3,outdoor,21:30,evening,booked,,
2026-09-22 20:00,2026-09-22,Tue,weekday,SPH - Treviso Sporting,sph-treviso-sporting,Campo 3,outdoor,22:00,evening,booked,,
2026-09-22 20:00,2026-09-22,Tue,weekday,Marina Sporting,marina-sporting,Padel 1,outdoor,20:30,evening,booked,,
2026-09-22 20:00,2026-09-22,Tue,weekday,Marina Sporting,marina-sporting,Padel 1,outdoor,21:00,evening,booked,,
2026-09-22 20:00,2026-09-22,Tue,weekday,Marina Sporting,marina-sporting,Padel 1,outdoor,21:30,evening,booked,,
2026-09-22 20:00,2026-09-22,Tue,weekday,Marina Sporting,marina-sporting,Padel 2,outdoor,20:30,evening,booked,,
2026-09-22 20:00,2026-09-22,Tue,weekday,Marina Sporting,marina-sporting,Padel 2,outdoor,21:00,evening,booked,,
2026-09-22 20:00,2026-09-22,Tue,weekday,Marina Sporting,marina-sporting,Padel 2,outdoor,21:30,evening,booked,,
2026-09-22 22:00,2026-09-22,Tue,weekday,Sporting Club Mestre,sporting-club-mestre,Campo Giallo,outdoor,22:30,evening,booked,,
2026-09-22 22:00,2026-09-22,Tue,weekday,Sporting Club Mestre,sporting-club-mestre,Campo Rosso,outdoor,22:30,evening,booked,,
2026-09-22 22:00,2026-09-22,Tue,weekday,Sporting Club Mestre,sporting-club-mestre,campo coperto 1,indoor,22:30,evening,booked,,
2026-09-22 22:00,2026-09-22,Tue,weekday,Sporting Club Mestre,sporting-club-mestre,campo coperto 2,indoor,22:30,evening,booked,,
2026-09-22 22:00,2026-09-22,Tue,weekday,Aquafit Padel,aquafit-padel,Padel 1,outdoor,22:30,evening,booked,,
2026-09-22 22:00,2026-09-22,Tue,weekday,Aquafit Padel,aquafit-padel,Padel 1,outdoor,23:00,evening,booked,,
2026-09-22 22:00,2026-09-22,Tue,weekday,Aquafit Padel,aquafit-padel,Padel 1,outdoor,23:30,evening,booked,,
2026-09-22 22:00,2026-09-22,Tue,weekday,Aquafit Padel,aquafit-padel,Padel 2,outdoor,22:30,evening,booked,,
2026-09-22 22:00,2026-09-22,Tue,weekday,Aquafit Padel,aquafit-padel,Padel 2,outdoor,23:00,evening,booked,,
2026-09-22 22:00,2026-09-22,Tue,weekday,Aquafit Padel,aquafit-padel,Padel 2,outdoor,23:30,evening,booked,,
2026-09-22 22:00,2026-09-22,Tue,weekday,SPH - Venezia,sph-venezia,Campo 1,indoor,22:30,evening,booked,,
2026-09-22 22:00,2026-09-22,Tue,weekday,SPH - Venezia,sph-venezia,Campo 1,indoor,23:00,evening,booked,,
2026-09-22 22:00,2026-09-22,Tue,weekday,SPH - Venezia,sph-venezia,Campo 2,indoor,22:30,evening,booked,,
2026-09-22 22:00,2026-09-22,Tue,weekday,SPH - Venezia,sph-venezia,Campo 2,indoor,23:00,evening,booked,,
2026-09-22 22:00,2026-09-22,Tue,weekday,SPH - Venezia,sph-venezia,Campo 3,indoor,22:30,evening,booked,,
2026-09-22 22:00,2026-09-22,Tue,weekday,SPH - Venezia,sph-venezia,Campo 3,indoor,23:00,evening,booked,,
2026-09-22 22:00,2026-09-22,Tue,weekday,SPH - Venezia,sph-venezia,Campo 4 | B3 Capital,indoor,22:30,evening,booked,,
2026-09-22 22:00,2026-09-22,Tue,weekday,SPH - Venezia,sph-venezia,Campo 4 | B3 Capital,indoor,23:00,evening,booked,,
2026-09-22 22:00,2026-09-22,Tue,weekday,SPH - Venezia,sph-venezia,Campo 5 | Bassetto Impianti,indoor,22:30,evening,booked,,
2026-09-22 22:00,2026-09-22,Tue,weekday,SPH - Venezia,sph-venezia,Campo 5 | Bassetto Impianti,indoor,23:00,evening,booked,,
2026-09-22 22:00,2026-09-22,Tue,weekday,Padel Treviso,padel-treviso,1 Esterno,outdoor,22:30,evening,booked,,
2026-09-22 22:00,2026-09-22,Tue,weekday,Padel Treviso,padel-treviso,1 Esterno,outdoor,23:00,evening,booked,,
2026-09-22 22:00,2026-09-22,Tue,weekday,Padel Treviso,padel-treviso,1 Esterno,outdoor,23:30,evening,booked,,
2026-09-22 22:00,2026-09-22,Tue,weekday,Padel Treviso,padel-treviso,2 Esterno,outdoor,22:30,evening,booked,,
2026-09-22 22:00,2026-09-22,Tue,weekday,Padel Treviso,padel-treviso,2 Esterno,outdoor,23:00,evening,booked,,
2026-09-22 22:00,2026-09-22,Tue,weekday,Padel Treviso,padel-treviso,2 Esterno,outdoor,23:30,evening,booked,,
2026-09-22 22:00,2026-09-22,Tue,weekday,Padel Treviso,padel-treviso,3 COPERTO,indoor,22:30,evening,booked,,
2026-09-22 22:00,2026-09-22,Tue,weekday,Padel Treviso,padel-treviso,3 COPERTO,indoor,23:00,evening,booked,,
2026-09-22 22:00,2026-09-22,Tue,weekday,Padel Treviso,padel-treviso,3 COPERTO,indoor,23:30,evening,booked,,
2026-09-22 22:00,2026-09-22,Tue,weekday,Padel Treviso,padel-treviso,4 COPERTO,indoor,22:30,evening,booked,,
2026-09-22 22:00,2026-09-22,Tue,weekday,Padel Treviso,padel-treviso,4 COPERTO,indoor,23:00,evening,booked,,
2026-09-22 22:00,2026-09-22,Tue,weekday,Padel Treviso,padel-treviso,4 COPERTO,indoor,23:30,evening,booked,,
2026-09-22 22:00,2026-09-22,Tue,weekday,Padel Treviso,padel-treviso,Kuikma Indoor,indoor,22:30,evening,booked,,
2026-09-22 22:00,2026-09-22,Tue,weekday,Padel Treviso,padel-treviso,Kuikma Indoor,indoor,23:00,evening,booked,,
2026-09-22 22:00,2026-09-22,Tue,weekday,Padel Treviso,padel-treviso,Kuikma Indoor,indoor,23:30,evening,booked,,
2026-09-22 22:00,2026-09-22,Tue,weekday,Padel Treviso,padel-treviso,6 Indoor,indoor,22:30,evening,booked,,
2026-09-22 22:00,2026-09-22,Tue,weekday,Padel Treviso,padel-treviso,6 Indoor,indoor,23:00,evening,booked,,
2026-09-22 22:00,2026-09-22,Tue,weekday,Padel Treviso,padel-treviso,6 Indoor,indoor,23:30,evening,booked,,
2026-09-22 22:00,2026-09-22,Tue,weekday,Padel Treviso,padel-treviso,My Gym City Indoor,indoor,22:30,evening,booked,,
2026-09-22 22:00,2026-09-22,Tue,weekday,Padel Treviso,padel-treviso,My Gym City Indoor,indoor,23:00,evening,booked,,
2026-09-22 22:00,2026-09-22,Tue,weekday,Padel Treviso,padel-treviso,My Gym City Indoor,indoor,23:30,evening,booked,,
2026-09-22 22:00,2026-09-22,Tue,weekday,Padel Treviso,padel-treviso,8 Esterno,outdoor,22:30,evening,booked,,
2026-09-22 22:00,2026-09-22,Tue,weekday,Padel Treviso,padel-treviso,8 Esterno,outdoor,23:00,evening,booked,,
2026-09-22 22:00,2026-09-22,Tue,weekday,Padel Treviso,padel-treviso,8 Esterno,outdoor,23:30,evening,booked,,
2026-09-22 22:00,2026-09-22,Tue,weekday,Padel Treviso,padel-treviso,9 Gioielleria Minotto Istrana,indoor,22:30,evening,booked,,
2026-09-22 22:00,2026-09-22,Tue,weekday,Padel Treviso,padel-treviso,9 Gioielleria Minotto Istrana,indoor,23:00,evening,booked,,
2026-09-22 22:00,2026-09-22,Tue,weekday,Padel Treviso,padel-treviso,9 Gioielleria Minotto Istrana,indoor,23:30,evening,booked,,
2026-09-22 22:00,2026-09-22,Tue,weekday,Padel Treviso,padel-treviso,10 Gioielleria Minotto Istrana,indoor,22:30,evening,booked,,
2026-09-22 22:00,2026-09-22,Tue,weekday,Padel Treviso,padel-treviso,10 Gioielleria Minotto Istrana,indoor,23:00,evening,booked,,
2026-09-22 22:00,2026-09-22,Tue,weekday,Padel Treviso,padel-treviso,10 Gioielleria Minotto Istrana,indoor,23:30,evening,booked,,
2026-09-22 22:00,2026-09-22,Tue,weekday,Padel Treviso,padel-treviso,Singolo A Esterno,outdoor,22:30,evening,booked,,
2026-09-22 22:00,2026-09-22,Tue,weekday,Padel Treviso,padel-treviso,Singolo A Esterno,outdoor,23:00,evening,booked,,
2026-09-22 22:00,2026-09-22,Tue,weekday,Padel Treviso,padel-treviso,Singolo A Esterno,outdoor,23:30,evening,booked,,
2026-09-22 22:00,2026-09-22,Tue,weekday,Padel Treviso,padel-treviso,Singolo B Esterno,outdoor,22:30,evening,booked,,
2026-09-22 22:00,2026-09-22,Tue,weekday,Padel Treviso,padel-treviso,Singolo B Esterno,outdoor,23:00,evening,booked,,
2026-09-22 22:00,2026-09-22,Tue,weekday,Padel Treviso,padel-treviso,Singolo B Esterno,outdoor,23:30,evening,booked,,
2026-09-22 22:00,2026-09-22,Tue,weekday,Altino Sport Village,altino-sport-village,Padel 1,indoor,22:30,evening,booked,,
2026-09-22 22:00,2026-09-22,Tue,weekday,Altino Sport Village,altino-sport-village,Padel 1,indoor,23:00,evening,booked,,
2026-09-22 22:00,2026-09-22,Tue,weekday,Altino Sport Village,altino-sport-village,Padel 2,indoor,22:30,evening,booked,,
2026-09-22 22:00,2026-09-22,Tue,weekday,Altino Sport Village,altino-sport-village,Padel 2,indoor,23:00,evening,booked,,
2026-09-22 22:00,2026-09-22,Tue,weekday,SPH - Treviso Sporting,sph-treviso-sporting,Campo 4,indoor,22:30,evening,booked,,
2026-09-22 22:00,2026-09-22,Tue,weekday,SPH - Treviso Sporting,sph-treviso-sporting,Campo 5,indoor,22:30,evening,booked,,
2026-09-22 22:00,2026-09-22,Tue,weekday,SPH - Treviso Sporting,sph-treviso-sporting,Campo 6,indoor,22:30,evening,booked,,
2026-09-22 22:00,2026-09-22,Tue,weekday,SPH - Treviso Sporting,sph-treviso-sporting,Campo 7,indoor,22:30,evening,booked,,
2026-09-22 22:00,2026-09-22,Tue,weekday,SPH - Treviso Sporting,sph-treviso-sporting,Campo 1,outdoor,22:30,evening,booked,,
2026-09-22 22:00,2026-09-22,Tue,weekday,SPH - Treviso Sporting,sph-treviso-sporting,Campo 2,outdoor,22:30,evening,booked,,
2026-09-22 22:00,2026-09-22,Tue,weekday,SPH - Treviso Sporting,sph-treviso-sporting,Campo 3,outdoor,22:30,evening,booked,,
2026-09-23 10:00,2026-09-23,Wed,weekday,Sporting Club Mestre,sporting-club-mestre,Campo Giallo,outdoor,10:30,morning,free,32 EUR,24 EUR
2026-09-23 10:00,2026-09-23,Wed,weekday,Sporting Club Mestre,sporting-club-mestre,Campo Giallo,outdoor,11:00,morning,free,32 EUR,24 EUR
2026-09-23 10:00,2026-09-23,Wed,weekday,Sporting Club Mestre,sporting-club-mestre,Campo Giallo,outdoor,11:30,morning,free,32 EUR,24 EUR
2026-09-23 10:00,2026-09-23,Wed,weekday,Sporting Club Mestre,sporting-club-mestre,Campo Giallo,outdoor,12:00,lunch,free,32 EUR,24 EUR
2026-09-23 10:00,2026-09-23,Wed,weekday,Sporting Club Mestre,sporting-club-mestre,Campo Rosso,outdoor,10:30,morning,booked,,
2026-09-23 10:00,2026-09-23,Wed,weekday,Sporting Club Mestre,sporting-club-mestre,Campo Rosso,outdoor,11:00,morning,booked,,
2026-09-23 10:00,2026-09-23,Wed,weekday,Sporting Club Mestre,sporting-club-mestre,Campo Rosso,outdoor,11:30,morning,booked,,
2026-09-23 10:00,2026-09-23,Wed,weekday,Sporting Club Mestre,sporting-club-mestre,Campo Rosso,outdoor,12:00,lunch,booked,,
2026-09-23 10:00,2026-09-23,Wed,weekday,Sporting Club Mestre,sporting-club-mestre,campo coperto 1,indoor,10:30,morning,free,,
2026-09-23 10:00,2026-09-23,Wed,weekday,Sporting Club Mestre,sporting-club-mestre,campo coperto 1,indoor,11:00,morning,free,,
2026-09-23 10:00,2026-09-23,Wed,weekday,Sporting Club Mestre,sporting-club-mestre,campo coperto 1,indoor,11:30,morning,free,40 EUR,
2026-09-23 10:00,2026-09-23,Wed,weekday,Sporting Club Mestre,sporting-club-mestre,campo coperto 1,indoor,12:00,lunch,free,,
2026-09-23 10:00,2026-09-23,Wed,weekday,Sporting Club Mestre,sporting-club-mestre,campo coperto 2,indoor,10:30,morning,booked,,
2026-09-23 10:00,2026-09-23,Wed,weekday,Sporting Club Mestre,sporting-club-mestre,campo coperto 2,indoor,11:00,morning,booked,,
2026-09-23 10:00,2026-09-23,Wed,weekday,Sporting Club Mestre,sporting-club-mestre,campo coperto 2,indoor,11:30,morning,free,40 EUR,
2026-09-23 10:00,2026-09-23,Wed,weekday,Sporting Club Mestre,sporting-club-mestre,campo coperto 2,indoor,12:00,lunch,free,,
2026-09-23 10:00,2026-09-23,Wed,weekday,Padel by FitUP di Zero Branco,padel-by-fitup-di-zero-branco,Padel by FitUP 1,indoor,10:30,morning,free,40 EUR,
2026-09-23 10:00,2026-09-23,Wed,weekday,Padel by FitUP di Zero Branco,padel-by-fitup-di-zero-branco,Padel by FitUP 1,indoor,11:00,morning,free,40 EUR,
2026-09-23 10:00,2026-09-23,Wed,weekday,Padel by FitUP di Zero Branco,padel-by-fitup-di-zero-branco,Padel by FitUP 1,indoor,11:30,morning,free,40 EUR,
2026-09-23 10:00,2026-09-23,Wed,weekday,Padel by FitUP di Zero Branco,padel-by-fitup-di-zero-branco,Padel by FitUP 1,indoor,12:00,lunch,free,40 EUR,
2026-09-23 12:00,2026-09-23,Wed,weekday,Sporting Club Mestre,sporting-club-mestre,Campo Giallo,outdoor,12:30,lunch,free,32 EUR,24 EUR
2026-09-23 12:00,2026-09-23,Wed,weekday,Sporting Club Mestre,sporting-club-mestre,Campo Giallo,outdoor,13:00,lunch,free,32 EUR,24 EUR
2026-09-23 12:00,2026-09-23,Wed,weekday,Sporting Club Mestre,sporting-club-mestre,Campo Giallo,outdoor,13:30,lunch,free,32 EUR,24 EUR
2026-09-23 12:00,2026-09-23,Wed,weekday,Sporting Club Mestre,sporting-club-mestre,Campo Giallo,outdoor,14:00,afternoon,free,32 EUR,24 EUR
2026-09-23 12:00,2026-09-23,Wed,weekday,Sporting Club Mestre,sporting-club-mestre,Campo Rosso,outdoor,12:30,lunch,booked,,
2026-09-23 12:00,2026-09-23,Wed,weekday,Sporting Club Mestre,sporting-club-mestre,Campo Rosso,outdoor,13:00,lunch,booked,,
2026-09-23 12:00,2026-09-23,Wed,weekday,Sporting Club Mestre,sporting-club-mestre,Campo Rosso,outdoor,13:30,lunch,booked,,
2026-09-23 12:00,2026-09-23,Wed,weekday,Sporting Club Mestre,sporting-club-mestre,Campo Rosso,outdoor,14:00,afternoon,booked,,
2026-09-23 12:00,2026-09-23,Wed,weekday,Sporting Club Mestre,sporting-club-mestre,campo coperto 1,indoor,12:30,lunch,free,,
2026-09-23 12:00,2026-09-23,Wed,weekday,Sporting Club Mestre,sporting-club-mestre,campo coperto 1,indoor,13:00,lunch,free,40 EUR,
2026-09-23 12:00,2026-09-23,Wed,weekday,Sporting Club Mestre,sporting-club-mestre,campo coperto 1,indoor,13:30,lunch,free,,
2026-09-23 12:00,2026-09-23,Wed,weekday,Sporting Club Mestre,sporting-club-mestre,campo coperto 1,indoor,14:00,afternoon,free,,
2026-09-23 12:00,2026-09-23,Wed,weekday,Sporting Club Mestre,sporting-club-mestre,campo coperto 2,indoor,12:30,lunch,free,,
2026-09-23 12:00,2026-09-23,Wed,weekday,Sporting Club Mestre,sporting-club-mestre,campo coperto 2,indoor,13:00,lunch,free,40 EUR,
2026-09-23 12:00,2026-09-23,Wed,weekday,Sporting Club Mestre,sporting-club-mestre,campo coperto 2,indoor,13:30,lunch,free,,
2026-09-23 12:00,2026-09-23,Wed,weekday,Sporting Club Mestre,sporting-club-mestre,campo coperto 2,indoor,14:00,afternoon,free,,
2026-09-23 12:00,2026-09-23,Wed,weekday,Padel by FitUP di Zero Branco,padel-by-fitup-di-zero-branco,Padel by FitUP 1,indoor,12:30,lunch,free,40 EUR,
2026-09-23 12:00,2026-09-23,Wed,weekday,Padel by FitUP di Zero Branco,padel-by-fitup-di-zero-branco,Padel by FitUP 1,indoor,13:00,lunch,free,40 EUR,
2026-09-23 12:00,2026-09-23,Wed,weekday,Padel by FitUP di Zero Branco,padel-by-fitup-di-zero-branco,Padel by FitUP 1,indoor,13:30,lunch,free,40 EUR,
2026-09-23 12:00,2026-09-23,Wed,weekday,Padel by FitUP di Zero Branco,padel-by-fitup-di-zero-branco,Padel by FitUP 1,indoor,14:00,afternoon,free,40 EUR,
2026-09-23 14:00,2026-09-23,Wed,weekday,Sporting Club Mestre,sporting-club-mestre,Campo Giallo,outdoor,14:30,afternoon,free,,24 EUR
2026-09-23 14:00,2026-09-23,Wed,weekday,Sporting Club Mestre,sporting-club-mestre,Campo Giallo,outdoor,15:00,afternoon,free,33.33 EUR,
2026-09-23 14:00,2026-09-23,Wed,weekday,Sporting Club Mestre,sporting-club-mestre,Campo Giallo,outdoor,15:30,afternoon,free,,24 EUR
2026-09-23 14:00,2026-09-23,Wed,weekday,Sporting Club Mestre,sporting-club-mestre,Campo Giallo,outdoor,16:00,afternoon,free,,
2026-09-23 14:00,2026-09-23,Wed,weekday,Sporting Club Mestre,sporting-club-mestre,Campo Rosso,outdoor,14:30,afternoon,booked,,
2026-09-23 14:00,2026-09-23,Wed,weekday,Sporting Club Mestre,sporting-club-mestre,Campo Rosso,outdoor,15:00,afternoon,booked,,
2026-09-23 14:00,2026-09-23,Wed,weekday,Sporting Club Mestre,sporting-club-mestre,Campo Rosso,outdoor,15:30,afternoon,booked,,
2026-09-23 14:00,2026-09-23,Wed,weekday,Sporting Club Mestre,sporting-club-mestre,Campo Rosso,outdoor,16:00,afternoon,booked,,
2026-09-23 14:00,2026-09-23,Wed,weekday,Sporting Club Mestre,sporting-club-mestre,campo coperto 1,indoor,14:30,afternoon,booked,,
2026-09-23 14:00,2026-09-23,Wed,weekday,Sporting Club Mestre,sporting-club-mestre,campo coperto 1,indoor,15:00,afternoon,booked,,
2026-09-23 14:00,2026-09-23,Wed,weekday,Sporting Club Mestre,sporting-club-mestre,campo coperto 1,indoor,15:30,afternoon,booked,,
2026-09-23 14:00,2026-09-23,Wed,weekday,Sporting Club Mestre,sporting-club-mestre,campo coperto 1,indoor,16:00,afternoon,free,40 EUR,
2026-09-23 14:00,2026-09-23,Wed,weekday,Sporting Club Mestre,sporting-club-mestre,campo coperto 2,indoor,14:30,afternoon,free,40 EUR,
2026-09-23 14:00,2026-09-23,Wed,weekday,Sporting Club Mestre,sporting-club-mestre,campo coperto 2,indoor,15:00,afternoon,free,,
2026-09-23 14:00,2026-09-23,Wed,weekday,Sporting Club Mestre,sporting-club-mestre,campo coperto 2,indoor,15:30,afternoon,free,,
2026-09-23 14:00,2026-09-23,Wed,weekday,Sporting Club Mestre,sporting-club-mestre,campo coperto 2,indoor,16:00,afternoon,booked,,
2026-09-23 14:00,2026-09-23,Wed,weekday,Padel by FitUP di Zero Branco,padel-by-fitup-di-zero-branco,Padel by FitUP 1,indoor,14:30,afternoon,free,40 EUR,
2026-09-23 14:00,2026-09-23,Wed,weekday,Padel by FitUP di Zero Branco,padel-by-fitup-di-zero-branco,Padel by FitUP 1,indoor,15:00,afternoon,free,40 EUR,
2026-09-23 14:00,2026-09-23,Wed,weekday,Padel by FitUP di Zero Branco,padel-by-fitup-di-zero-branco,Padel by FitUP 1,indoor,15:30,afternoon,free,40 EUR,
2026-09-23 14:00,2026-09-23,Wed,weekday,Padel by FitUP di Zero Branco,padel-by-fitup-di-zero-branco,Padel by FitUP 1,indoor,16:00,afternoon,free,40 EUR,
2026-09-23 14:00,2026-09-23,Wed,weekday,Aquafit Padel,aquafit-padel,Padel 1,outdoor,14:30,afternoon,free,,32 EUR
2026-09-23 14:00,2026-09-23,Wed,weekday,Aquafit Padel,aquafit-padel,Padel 1,outdoor,15:00,afternoon,free,,
2026-09-23 14:00,2026-09-23,Wed,weekday,Aquafit Padel,aquafit-padel,Padel 1,outdoor,15:30,afternoon,booked,,
2026-09-23 14:00,2026-09-23,Wed,weekday,Aquafit Padel,aquafit-padel,Padel 1,outdoor,16:00,afternoon,booked,,
2026-09-23 14:00,2026-09-23,Wed,weekday,Aquafit Padel,aquafit-padel,Padel 2,outdoor,14:30,afternoon,free,40 EUR,32 EUR
2026-09-23 14:00,2026-09-23,Wed,weekday,Aquafit Padel,aquafit-padel,Padel 2,outdoor,15:00,afternoon,free,40 EUR,32 EUR
2026-09-23 14:00,2026-09-23,Wed,weekday,Aquafit Padel,aquafit-padel,Padel 2,outdoor,15:30,afternoon,free,40 EUR,32 EUR
2026-09-23 14:00,2026-09-23,Wed,weekday,Aquafit Padel,aquafit-padel,Padel 2,outdoor,16:00,afternoon,free,40 EUR,32 EUR
2026-09-23 14:00,2026-09-23,Wed,weekday,SPH - Venezia,sph-venezia,Campo 1,indoor,14:30,afternoon,booked,,
2026-09-23 14:00,2026-09-23,Wed,weekday,SPH - Venezia,sph-venezia,Campo 1,indoor,15:00,afternoon,booked,,
2026-09-23 14:00,2026-09-23,Wed,weekday,SPH - Venezia,sph-venezia,Campo 1,indoor,15:30,afternoon,booked,,
2026-09-23 14:00,2026-09-23,Wed,weekday,SPH - Venezia,sph-venezia,Campo 1,indoor,16:00,afternoon,booked,,
2026-09-23 14:00,2026-09-23,Wed,weekday,SPH - Venezia,sph-venezia,Campo 2,indoor,14:30,afternoon,booked,,
2026-09-23 14:00,2026-09-23,Wed,weekday,SPH - Venezia,sph-venezia,Campo 2,indoor,15:00,afternoon,booked,,
2026-09-23 14:00,2026-09-23,Wed,weekday,SPH - Venezia,sph-venezia,Campo 2,indoor,15:30,afternoon,booked,,
2026-09-23 14:00,2026-09-23,Wed,weekday,SPH - Venezia,sph-venezia,Campo 2,indoor,16:00,afternoon,booked,,
2026-09-23 14:00,2026-09-23,Wed,weekday,SPH - Venezia,sph-venezia,Campo 3,indoor,14:30,afternoon,free,,32 EUR
2026-09-23 14:00,2026-09-23,Wed,weekday,SPH - Venezia,sph-venezia,Campo 3,indoor,15:00,afternoon,free,52 EUR,
2026-09-23 14:00,2026-09-23,Wed,weekday,SPH - Venezia,sph-venezia,Campo 3,indoor,15:30,afternoon,free,,36 EUR
2026-09-23 14:00,2026-09-23,Wed,weekday,SPH - Venezia,sph-venezia,Campo 3,indoor,16:00,afternoon,free,,
2026-09-23 14:00,2026-09-23,Wed,weekday,SPH - Venezia,sph-venezia,Campo 4 | B3 Capital,indoor,14:30,afternoon,free,48 EUR,32 EUR
2026-09-23 14:00,2026-09-23,Wed,weekday,SPH - Venezia,sph-venezia,Campo 4 | B3 Capital,indoor,15:00,afternoon,free,48 EUR,32 EUR
2026-09-23 14:00,2026-09-23,Wed,weekday,SPH - Venezia,sph-venezia,Campo 4 | B3 Capital,indoor,15:30,afternoon,free,,32 EUR
2026-09-23 14:00,2026-09-23,Wed,weekday,SPH - Venezia,sph-venezia,Campo 4 | B3 Capital,indoor,16:00,afternoon,free,,
2026-09-23 14:00,2026-09-23,Wed,weekday,SPH - Venezia,sph-venezia,Campo 5 | Bassetto Impianti,indoor,14:30,afternoon,free,,32 EUR
2026-09-23 14:00,2026-09-23,Wed,weekday,SPH - Venezia,sph-venezia,Campo 5 | Bassetto Impianti,indoor,15:00,afternoon,free,52 EUR,
2026-09-23 14:00,2026-09-23,Wed,weekday,SPH - Venezia,sph-venezia,Campo 5 | Bassetto Impianti,indoor,15:30,afternoon,free,,36 EUR
2026-09-23 14:00,2026-09-23,Wed,weekday,SPH - Venezia,sph-venezia,Campo 5 | Bassetto Impianti,indoor,16:00,afternoon,free,,
2026-09-23 14:00,2026-09-23,Wed,weekday,Padel Treviso,padel-treviso,1 Esterno,outdoor,14:30,afternoon,booked,,
2026-09-23 14:00,2026-09-23,Wed,weekday,Padel Treviso,padel-treviso,1 Esterno,outdoor,15:00,afternoon,booked,,
2026-09-23 14:00,2026-09-23,Wed,weekday,Padel Treviso,padel-treviso,1 Esterno,outdoor,15:30,afternoon,booked,,
2026-09-23 14:00,2026-09-23,Wed,weekday,Padel Treviso,padel-treviso,1 Esterno,outdoor,16:00,afternoon,booked,,
2026-09-23 14:00,2026-09-23,Wed,weekday,Padel Treviso,padel-treviso,2 Esterno,outdoor,14:30,afternoon,booked,,
2026-09-23 14:00,2026-09-23,Wed,weekday,Padel Treviso,padel-treviso,2 Esterno,outdoor,15:00,afternoon,booked,,
2026-09-23 14:00,2026-09-23,Wed,weekday,Padel Treviso,padel-treviso,2 Esterno,outdoor,15:30,afternoon,free,40 EUR,
2026-09-23 14:00,2026-09-23,Wed,weekday,Padel Treviso,padel-treviso,2 Esterno,outdoor,16:00,afternoon,free,,
2026-09-23 14:00,2026-09-23,Wed,weekday,Padel Treviso,padel-treviso,3 COPERTO,indoor,14:30,afternoon,free,56 EUR,
2026-09-23 14:00,2026-09-23,Wed,weekday,Padel Treviso,padel-treviso,3 COPERTO,indoor,15:00,afternoon,free,,
2026-09-23 14:00,2026-09-23,Wed,weekday,Padel Treviso,padel-treviso,3 COPERTO,indoor,15:30,afternoon,free,,
2026-09-23 14:00,2026-09-23,Wed,weekday,Padel Treviso,padel-treviso,3 COPERTO,indoor,16:00,afternoon,booked,,
2026-09-23 14:00,2026-09-23,Wed,weekday,Padel Treviso,padel-treviso,4 COPERTO,indoor,14:30,afternoon,free,,
2026-09-23 14:00,2026-09-23,Wed,weekday,Padel Treviso,padel-treviso,4 COPERTO,indoor,15:00,afternoon,booked,,
2026-09-23 14:00,2026-09-23,Wed,weekday,Padel Treviso,padel-treviso,4 COPERTO,indoor,15:30,afternoon,booked,,
2026-09-23 14:00,2026-09-23,Wed,weekday,Padel Treviso,padel-treviso,4 COPERTO,indoor,16:00,afternoon,booked,,
2026-09-23 14:00,2026-09-23,Wed,weekday,Padel Treviso,padel-treviso,Kuikma Indoor,indoor,14:30,afternoon,free,,
2026-09-23 14:00,2026-09-23,Wed,weekday,Padel Treviso,padel-treviso,Kuikma Indoor,indoor,15:00,afternoon,free,56 EUR,
2026-09-23 14:00,2026-09-23,Wed,weekday,Padel Treviso,padel-treviso,Kuikma Indoor,indoor,15:30,afternoon,free,,
2026-09-23 14:00,2026-09-23,Wed,weekday,Padel Treviso,padel-treviso,Kuikma Indoor,indoor,16:00,afternoon,free,,
2026-09-23 14:00,2026-09-23,Wed,weekday,Padel Treviso,padel-treviso,6 Indoor,indoor,14:30,afternoon,free,,
2026-09-23 14:00,2026-09-23,Wed,weekday,Padel Treviso,padel-treviso,6 Indoor,indoor,15:00,afternoon,free,56 EUR,
2026-09-23 14:00,2026-09-23,Wed,weekday,Padel Treviso,padel-treviso,6 Indoor,indoor,15:30,afternoon,free,,
2026-09-23 14:00,2026-09-23,Wed,weekday,Padel Treviso,padel-treviso,6 Indoor,indoor,16:00,afternoon,free,,
2026-09-23 14:00,2026-09-23,Wed,weekday,Padel Treviso,padel-treviso,My Gym City Indoor,indoor,14:30,afternoon,free,,
2026-09-23 14:00,2026-09-23,Wed,weekday,Padel Treviso,padel-treviso,My Gym City Indoor,indoor,15:00,afternoon,free,56 EUR,
2026-09-23 14:00,2026-09-23,Wed,weekday,Padel Treviso,padel-treviso,My Gym City Indoor,indoor,15:30,afternoon,free,,
2026-09-23 14:00,2026-09-23,Wed,weekday,Padel Treviso,padel-treviso,My Gym City Indoor,indoor,16:00,afternoon,free,,
2026-09-23 14:00,2026-09-23,Wed,weekday,Padel Treviso,padel-treviso,8 Esterno,outdoor,14:30,afternoon,free,,
2026-09-23 14:00,2026-09-23,Wed,weekday,Padel Treviso,padel-treviso,8 Esterno,outdoor,15:00,afternoon,free,40 EUR,
2026-09-23 14:00,2026-09-23,Wed,weekday,Padel Treviso,padel-treviso,8 Esterno,outdoor,15:30,afternoon,free,,
2026-09-23 14:00,2026-09-23,Wed,weekday,Padel Treviso,padel-treviso,8 Esterno,outdoor,16:00,afternoon,free,,
2026-09-23 14:00,2026-09-23,Wed,weekday,Padel Treviso,padel-treviso,9 Gioielleria Minotto Istrana,indoor,14:30,afternoon,free,56 EUR,
2026-09-23 14:00,2026-09-23,Wed,weekday,Padel Treviso,padel-treviso,9 Gioielleria Minotto Istrana,indoor,15:00,afternoon,free,,
2026-09-23 14:00,2026-09-23,Wed,weekday,Padel Treviso,padel-treviso,9 Gioielleria Minotto Istrana,indoor,15:30,afternoon,free,,
2026-09-23 14:00,2026-09-23,Wed,weekday,Padel Treviso,padel-treviso,9 Gioielleria Minotto Istrana,indoor,16:00,afternoon,booked,,
2026-09-23 14:00,2026-09-23,Wed,weekday,Padel Treviso,padel-treviso,10 Gioielleria Minotto Istrana,indoor,14:30,afternoon,free,56 EUR,
2026-09-23 14:00,2026-09-23,Wed,weekday,Padel Treviso,padel-treviso,10 Gioielleria Minotto Istrana,indoor,15:00,afternoon,free,,
2026-09-23 14:00,2026-09-23,Wed,weekday,Padel Treviso,padel-treviso,10 Gioielleria Minotto Istrana,indoor,15:30,afternoon,free,,
2026-09-23 14:00,2026-09-23,Wed,weekday,Padel Treviso,padel-treviso,10 Gioielleria Minotto Istrana,indoor,16:00,afternoon,booked,,
2026-09-23 14:00,2026-09-23,Wed,weekday,Padel Treviso,padel-treviso,Singolo A Esterno,outdoor,14:30,afternoon,free,,20 EUR
2026-09-23 14:00,2026-09-23,Wed,weekday,Padel Treviso,padel-treviso,Singolo A Esterno,outdoor,15:00,afternoon,free,,
2026-09-23 14:00,2026-09-23,Wed,weekday,Padel Treviso,padel-treviso,Singolo A Esterno,outdoor,15:30,afternoon,free,,20 EUR
2026-09-23 14:00,2026-09-23,Wed,weekday,Padel Treviso,padel-treviso,Singolo A Esterno,outdoor,16:00,afternoon,free,,
2026-09-23 14:00,2026-09-23,Wed,weekday,Padel Treviso,padel-treviso,Singolo B Esterno,outdoor,14:30,afternoon,free,24 EUR,20 EUR
2026-09-23 14:00,2026-09-23,Wed,weekday,Padel Treviso,padel-treviso,Singolo B Esterno,outdoor,15:00,afternoon,free,,20 EUR
2026-09-23 14:00,2026-09-23,Wed,weekday,Padel Treviso,padel-treviso,Singolo B Esterno,outdoor,15:30,afternoon,free,24 EUR,
2026-09-23 14:00,2026-09-23,Wed,weekday,Padel Treviso,padel-treviso,Singolo B Esterno,outdoor,16:00,afternoon,free,,20 EUR
2026-09-23 14:00,2026-09-23,Wed,weekday,Altino Sport Village,altino-sport-village,Padel 1,indoor,14:30,afternoon,booked,,
2026-09-23 14:00,2026-09-23,Wed,weekday,Altino Sport Village,altino-sport-village,Padel 1,indoor,15:00,afternoon,booked,,
2026-09-23 14:00,2026-09-23,Wed,weekday,Altino Sport Village,altino-sport-village,Padel 1,indoor,15:30,afternoon,booked,,
2026-09-23 14:00,2026-09-23,Wed,weekday,Altino Sport Village,altino-sport-village,Padel 1,indoor,16:00,afternoon,booked,,
2026-09-23 14:00,2026-09-23,Wed,weekday,Altino Sport Village,altino-sport-village,Padel 2,indoor,14:30,afternoon,free,36.67 EUR,30 EUR
2026-09-23 14:00,2026-09-23,Wed,weekday,Altino Sport Village,altino-sport-village,Padel 2,indoor,15:00,afternoon,free,43.33 EUR,35 EUR
2026-09-23 14:00,2026-09-23,Wed,weekday,Altino Sport Village,altino-sport-village,Padel 2,indoor,15:30,afternoon,free,50 EUR,40 EUR
2026-09-23 14:00,2026-09-23,Wed,weekday,Altino Sport Village,altino-sport-village,Padel 2,indoor,16:00,afternoon,free,50 EUR,40 EUR
2026-09-23 14:00,2026-09-23,Wed,weekday,Barchessa Padel e Pikleball,barchessa-pickleball,PADEL 1,indoor,14:30,afternoon,free,40 EUR,27 EUR
2026-09-23 14:00,2026-09-23,Wed,weekday,Barchessa Padel e Pikleball,barchessa-pickleball,PADEL 1,indoor,15:00,afternoon,free,,27 EUR
2026-09-23 14:00,2026-09-23,Wed,weekday,Barchessa Padel e Pikleball,barchessa-pickleball,PADEL 1,indoor,15:30,afternoon,free,,
2026-09-23 14:00,2026-09-23,Wed,weekday,Barchessa Padel e Pikleball,barchessa-pickleball,PADEL 1,indoor,16:00,afternoon,booked,,
2026-09-23 14:00,2026-09-23,Wed,weekday,Barchessa Padel e Pikleball,barchessa-pickleball,PADEL  2,indoor,14:30,afternoon,free,40 EUR,27 EUR
2026-09-23 14:00,2026-09-23,Wed,weekday,Barchessa Padel e Pikleball,barchessa-pickleball,PADEL  2,indoor,15:00,afternoon,free,,27 EUR
2026-09-23 14:00,2026-09-23,Wed,weekday,Barchessa Padel e Pikleball,barchessa-pickleball,PADEL  2,indoor,15:30,afternoon,free,,
2026-09-23 14:00,2026-09-23,Wed,weekday,Barchessa Padel e Pikleball,barchessa-pickleball,PADEL  2,indoor,16:00,afternoon,booked,,
2026-09-23 14:00,2026-09-23,Wed,weekday,Barchessa Padel e Pikleball,barchessa-pickleball,PADEL  3,indoor,14:30,afternoon,free,40 EUR,27 EUR
2026-09-23 14:00,2026-09-23,Wed,weekday,Barchessa Padel e Pikleball,barchessa-pickleball,PADEL  3,indoor,15:00,afternoon,free,,27 EUR
2026-09-23 14:00,2026-09-23,Wed,weekday,Barchessa Padel e Pikleball,barchessa-pickleball,PADEL  3,indoor,15:30,afternoon,free,,
2026-09-23 14:00,2026-09-23,Wed,weekday,Barchessa Padel e Pikleball,barchessa-pickleball,PADEL  3,indoor,16:00,afternoon,free,48 EUR,
2026-09-23 14:00,2026-09-23,Wed,weekday,SPH - Treviso Sporting,sph-treviso-sporting,Campo 4,indoor,14:30,afternoon,free,,
2026-09-23 14:00,2026-09-23,Wed,weekday,SPH - Treviso Sporting,sph-treviso-sporting,Campo 4,indoor,15:00,afternoon,booked,,
2026-09-23 14:00,2026-09-23,Wed,weekday,SPH - Treviso Sporting,sph-treviso-sporting,Campo 4,indoor,15:30,afternoon,booked,,
2026-09-23 14:00,2026-09-23,Wed,weekday,SPH - Treviso Sporting,sph-treviso-sporting,Campo 4,indoor,16:00,afternoon,booked,,
2026-09-23 14:00,2026-09-23,Wed,weekday,SPH - Treviso Sporting,sph-treviso-sporting,Campo 5,indoor,14:30,afternoon,free,50 EUR,34 EUR
2026-09-23 14:00,2026-09-23,Wed,weekday,SPH - Treviso Sporting,sph-treviso-sporting,Campo 5,indoor,15:00,afternoon,free,,34 EUR
2026-09-23 14:00,2026-09-23,Wed,weekday,SPH - Treviso Sporting,sph-treviso-sporting,Campo 5,indoor,15:30,afternoon,free,,
2026-09-23 14:00,2026-09-23,Wed,weekday,SPH - Treviso Sporting,sph-treviso-sporting,Campo 5,indoor,16:00,afternoon,booked,,
2026-09-23 14:00,2026-09-23,Wed,weekday,SPH - Treviso Sporting,sph-treviso-sporting,Campo 6,indoor,14:30,afternoon,free,50 EUR,34 EUR
2026-09-23 14:00,2026-09-23,Wed,weekday,SPH - Treviso Sporting,sph-treviso-sporting,Campo 6,indoor,15:00,afternoon,free,,34 EUR
2026-09-23 14:00,2026-09-23,Wed,weekday,SPH - Treviso Sporting,sph-treviso-sporting,Campo 6,indoor,15:30,afternoon,free,,
2026-09-23 14:00,2026-09-23,Wed,weekday,SPH - Treviso Sporting,sph-treviso-sporting,Campo 6,indoor,16:00,afternoon,free,50 EUR,
2026-09-23 14:00,2026-09-23,Wed,weekday,SPH - Treviso Sporting,sph-treviso-sporting,Campo 7,indoor,14:30,afternoon,booked,,
2026-09-23 14:00,2026-09-23,Wed,weekday,SPH - Treviso Sporting,sph-treviso-sporting,Campo 7,indoor,15:00,afternoon,booked,,
2026-09-23 14:00,2026-09-23,Wed,weekday,SPH - Treviso Sporting,sph-treviso-sporting,Campo 7,indoor,15:30,afternoon,booked,,
2026-09-23 14:00,2026-09-23,Wed,weekday,SPH - Treviso Sporting,sph-treviso-sporting,Campo 7,indoor,16:00,afternoon,booked,,
2026-09-23 14:00,2026-09-23,Wed,weekday,SPH - Treviso Sporting,sph-treviso-sporting,Campo 1,outdoor,14:30,afternoon,free,,28 EUR
2026-09-23 14:00,2026-09-23,Wed,weekday,SPH - Treviso Sporting,sph-treviso-sporting,Campo 1,outdoor,15:00,afternoon,free,42.67 EUR,
2026-09-23 14:00,2026-09-23,Wed,weekday,SPH - Treviso Sporting,sph-treviso-sporting,Campo 1,outdoor,15:30,afternoon,free,,32 EUR
2026-09-23 14:00,2026-09-23,Wed,weekday,SPH - Treviso Sporting,sph-treviso-sporting,Campo 1,outdoor,16:00,afternoon,free,,
2026-09-23 14:00,2026-09-23,Wed,weekday,SPH - Treviso Sporting,sph-treviso-sporting,Campo 2,outdoor,14:30,afternoon,free,40 EUR,28 EUR
2026-09-23 14:00,2026-09-23,Wed,weekday,SPH - Treviso Sporting,sph-treviso-sporting,Campo 2,outdoor,15:00,afternoon,free,42.67 EUR,28 EUR
2026-09-23 14:00,2026-09-23,Wed,weekday,SPH - Treviso Sporting,sph-treviso-sporting,Campo 2,outdoor,15:30,afternoon,free,45.33 EUR,32 EUR
2026-09-23 14:00,2026-09-23,Wed,weekday,SPH - Treviso Sporting,sph-treviso-sporting,Campo 2,outdoor,16:00,afternoon,free,48 EUR,36 EUR
2026-09-23 14:00,2026-09-23,Wed,weekday,SPH - Treviso Sporting,sph-treviso-sporting,Campo 3,outdoor,14:30,afternoon,free,42.67 EUR,28 EUR
2026-09-23 14:00,2026-09-23,Wed,weekday,SPH - Treviso Sporting,sph-treviso-sporting,Campo 3,outdoor,15:00,afternoon,free,45.33 EUR,32 EUR
2026-09-23 14:00,2026-09-23,Wed,weekday,SPH - Treviso Sporting,sph-treviso-sporting,Campo 3,outdoor,15:30,afternoon,free,,36 EUR
2026-09-23 14:00,2026-09-23,Wed,weekday,SPH - Treviso Sporting,sph-treviso-sporting,Campo 3,outdoor,16:00,afternoon,free,48 EUR,
2026-09-23 14:00,2026-09-23,Wed,weekday,Marina Sporting,marina-sporting,Padel 1,outdoor,14:30,afternoon,free,44 EUR,
2026-09-23 14:00,2026-09-23,Wed,weekday,Marina Sporting,marina-sporting,Padel 1,outdoor,15:00,afternoon,free,,
2026-09-23 14:00,2026-09-23,Wed,weekday,Marina Sporting,marina-sporting,Padel 1,outdoor,15:30,afternoon,free,,
2026-09-23 14:00,2026-09-23,Wed,weekday,Marina Sporting,marina-sporting,Padel 1,outdoor,16:00,afternoon,free,44 EUR,
2026-09-23 14:00,2026-09-23,Wed,weekday,Marina Sporting,marina-sporting,Padel 2,outdoor,14:30,afternoon,free,44 EUR,
2026-09-23 14:00,2026-09-23,Wed,weekday,Marina Sporting,marina-sporting,Padel 2,outdoor,15:00,afternoon,free,,
2026-09-23 14:00,2026-09-23,Wed,weekday,Marina Sporting,marina-sporting,Padel 2,outdoor,15:30,afternoon,free,,
2026-09-23 14:00,2026-09-23,Wed,weekday,Marina Sporting,marina-sporting,Padel 2,outdoor,16:00,afternoon,free,44 EUR,
2026-09-23 16:00,2026-09-23,Wed,weekday,Sporting Club Mestre,sporting-club-mestre,Campo Giallo,outdoor,16:30,afternoon,booked,,
2026-09-23 16:00,2026-09-23,Wed,weekday,Sporting Club Mestre,sporting-club-mestre,Campo Giallo,outdoor,17:00,afternoon,booked,,
2026-09-23 16:00,2026-09-23,Wed,weekday,Sporting Club Mestre,sporting-club-mestre,Campo Giallo,outdoor,17:30,afternoon,booked,,
2026-09-23 16:00,2026-09-23,Wed,weekday,Sporting Club Mestre,sporting-club-mestre,Campo Giallo,outdoor,18:00,evening,free,36 EUR,24 EUR
2026-09-23 16:00,2026-09-23,Wed,weekday,Sporting Club Mestre,sporting-club-mestre,Campo Rosso,outdoor,16:30,afternoon,booked,,
2026-09-23 16:00,2026-09-23,Wed,weekday,Sporting Club Mestre,sporting-club-mestre,Campo Rosso,outdoor,17:00,afternoon,booked,,
2026-09-23 16:00,2026-09-23,Wed,weekday,Sporting Club Mestre,sporting-club-mestre,Campo Rosso,outdoor,17:30,afternoon,booked,,
2026-09-23 16:00,2026-09-23,Wed,weekday,Sporting Club Mestre,sporting-club-mestre,Campo Rosso,outdoor,18:00,evening,booked,,
2026-09-23 16:00,2026-09-23,Wed,weekday,Sporting Club Mestre,sporting-club-mestre,campo coperto 1,indoor,16:30,afternoon,free,,
2026-09-23 16:00,2026-09-23,Wed,weekday,Sporting Club Mestre,sporting-club-mestre,campo coperto 1,indoor,17:00,afternoon,free,,
2026-09-23 16:00,2026-09-23,Wed,weekday,Sporting Club Mestre,sporting-club-mestre,campo coperto 1,indoor,17:30,afternoon,booked,,
2026-09-23 16:00,2026-09-23,Wed,weekday,Sporting Club Mestre,sporting-club-mestre,campo coperto 1,indoor,18:00,evening,booked,,
2026-09-23 16:00,2026-09-23,Wed,weekday,Sporting Club Mestre,sporting-club-mestre,campo coperto 2,indoor,16:30,afternoon,booked,,
2026-09-23 16:00,2026-09-23,Wed,weekday,Sporting Club Mestre,sporting-club-mestre,campo coperto 2,indoor,17:00,afternoon,booked,,
2026-09-23 16:00,2026-09-23,Wed,weekday,Sporting Club Mestre,sporting-club-mestre,campo coperto 2,indoor,17:30,afternoon,booked,,
2026-09-23 16:00,2026-09-23,Wed,weekday,Sporting Club Mestre,sporting-club-mestre,campo coperto 2,indoor,18:00,evening,booked,,
2026-09-23 16:00,2026-09-23,Wed,weekday,Padel by FitUP di Zero Branco,padel-by-fitup-di-zero-branco,Padel by FitUP 1,indoor,16:30,afternoon,free,40 EUR,
2026-09-23 16:00,2026-09-23,Wed,weekday,Padel by FitUP di Zero Branco,padel-by-fitup-di-zero-branco,Padel by FitUP 1,indoor,17:00,afternoon,free,40 EUR,
2026-09-23 16:00,2026-09-23,Wed,weekday,Padel by FitUP di Zero Branco,padel-by-fitup-di-zero-branco,Padel by FitUP 1,indoor,17:30,afternoon,free,,
2026-09-23 16:00,2026-09-23,Wed,weekday,Padel by FitUP di Zero Branco,padel-by-fitup-di-zero-branco,Padel by FitUP 1,indoor,18:00,evening,free,,
2026-09-23 16:00,2026-09-23,Wed,weekday,Aquafit Padel,aquafit-padel,Padel 1,outdoor,16:30,afternoon,booked,,
2026-09-23 16:00,2026-09-23,Wed,weekday,Aquafit Padel,aquafit-padel,Padel 1,outdoor,17:00,afternoon,booked,,
2026-09-23 16:00,2026-09-23,Wed,weekday,Aquafit Padel,aquafit-padel,Padel 1,outdoor,17:30,afternoon,booked,,
2026-09-23 16:00,2026-09-23,Wed,weekday,Aquafit Padel,aquafit-padel,Padel 1,outdoor,18:00,evening,booked,,
2026-09-23 16:00,2026-09-23,Wed,weekday,Aquafit Padel,aquafit-padel,Padel 2,outdoor,16:30,afternoon,free,40 EUR,32 EUR
2026-09-23 16:00,2026-09-23,Wed,weekday,Aquafit Padel,aquafit-padel,Padel 2,outdoor,17:00,afternoon,free,40 EUR,32 EUR
2026-09-23 16:00,2026-09-23,Wed,weekday,Aquafit Padel,aquafit-padel,Padel 2,outdoor,17:30,afternoon,free,40 EUR,32 EUR
2026-09-23 16:00,2026-09-23,Wed,weekday,Aquafit Padel,aquafit-padel,Padel 2,outdoor,18:00,evening,free,40 EUR,32 EUR
2026-09-23 16:00,2026-09-23,Wed,weekday,SPH - Venezia,sph-venezia,Campo 1,indoor,16:30,afternoon,booked,,
2026-09-23 16:00,2026-09-23,Wed,weekday,SPH - Venezia,sph-venezia,Campo 1,indoor,17:00,afternoon,booked,,
2026-09-23 16:00,2026-09-23,Wed,weekday,SPH - Venezia,sph-venezia,Campo 1,indoor,17:30,afternoon,booked,,
2026-09-23 16:00,2026-09-23,Wed,weekday,SPH - Venezia,sph-venezia,Campo 1,indoor,18:00,evening,booked,,
2026-09-23 16:00,2026-09-23,Wed,weekday,SPH - Venezia,sph-venezia,Campo 2,indoor,16:30,afternoon,booked,,
2026-09-23 16:00,2026-09-23,Wed,weekday,SPH - Venezia,sph-venezia,Campo 2,indoor,17:00,afternoon,booked,,
2026-09-23 16:00,2026-09-23,Wed,weekday,SPH - Venezia,sph-venezia,Campo 2,indoor,17:30,afternoon,booked,,
2026-09-23 16:00,2026-09-23,Wed,weekday,SPH - Venezia,sph-venezia,Campo 2,indoor,18:00,evening,booked,,
2026-09-23 16:00,2026-09-23,Wed,weekday,SPH - Venezia,sph-venezia,Campo 3,indoor,16:30,afternoon,booked,,
2026-09-23 16:00,2026-09-23,Wed,weekday,SPH - Venezia,sph-venezia,Campo 3,indoor,17:00,afternoon,booked,,
2026-09-23 16:00,2026-09-23,Wed,weekday,SPH - Venezia,sph-venezia,Campo 3,indoor,17:30,afternoon,booked,,
2026-09-23 16:00,2026-09-23,Wed,weekday,SPH - Venezia,sph-venezia,Campo 3,indoor,18:00,evening,booked,,
2026-09-23 16:00,2026-09-23,Wed,weekday,SPH - Venezia,sph-venezia,Campo 4 | B3 Capital,indoor,16:30,afternoon,booked,,
2026-09-23 16:00,2026-09-23,Wed,weekday,SPH - Venezia,sph-venezia,Campo 4 | B3 Capital,indoor,17:00,afternoon,booked,,
2026-09-23 16:00,2026-09-23,Wed,weekday,SPH - Venezia,sph-venezia,Campo 4 | B3 Capital,indoor,17:30,afternoon,booked,,
2026-09-23 16:00,2026-09-23,Wed,weekday,SPH - Venezia,sph-venezia,Campo 4 | B3 Capital,indoor,18:00,evening,booked,,
2026-09-23 16:00,2026-09-23,Wed,weekday,SPH - Venezia,sph-venezia,Campo 5 | Bassetto Impianti,indoor,16:30,afternoon,booked,,
2026-09-23 16:00,2026-09-23,Wed,weekday,SPH - Venezia,sph-venezia,Campo 5 | Bassetto Impianti,indoor,17:00,afternoon,booked,,
2026-09-23 16:00,2026-09-23,Wed,weekday,SPH - Venezia,sph-venezia,Campo 5 | Bassetto Impianti,indoor,17:30,afternoon,booked,,
2026-09-23 16:00,2026-09-23,Wed,weekday,SPH - Venezia,sph-venezia,Campo 5 | Bassetto Impianti,indoor,18:00,evening,booked,,
2026-09-23 16:00,2026-09-23,Wed,weekday,Padel Treviso,padel-treviso,1 Esterno,outdoor,16:30,afternoon,booked,,
2026-09-23 16:00,2026-09-23,Wed,weekday,Padel Treviso,padel-treviso,1 Esterno,outdoor,17:00,afternoon,booked,,
2026-09-23 16:00,2026-09-23,Wed,weekday,Padel Treviso,padel-treviso,1 Esterno,outdoor,17:30,afternoon,booked,,
2026-09-23 16:00,2026-09-23,Wed,weekday,Padel Treviso,padel-treviso,1 Esterno,outdoor,18:00,evening,booked,,
2026-09-23 16:00,2026-09-23,Wed,weekday,Padel Treviso,padel-treviso,2 Esterno,outdoor,16:30,afternoon,free,,
2026-09-23 16:00,2026-09-23,Wed,weekday,Padel Treviso,padel-treviso,2 Esterno,outdoor,17:00,afternoon,booked,,
2026-09-23 16:00,2026-09-23,Wed,weekday,Padel Treviso,padel-treviso,2 Esterno,outdoor,17:30,afternoon,booked,,
2026-09-23 16:00,2026-09-23,Wed,weekday,Padel Treviso,padel-treviso,2 Esterno,outdoor,18:00,evening,booked,,
2026-09-23 16:00,2026-09-23,Wed,weekday,Padel Treviso,padel-treviso,3 COPERTO,indoor,16:30,afternoon,booked,,
2026-09-23 16:00,2026-09-23,Wed,weekday,Padel Treviso,padel-treviso,3 COPERTO,indoor,17:00,afternoon,booked,,
2026-09-23 16:00,2026-09-23,Wed,weekday,Padel Treviso,padel-treviso,3 COPERTO,indoor,17:30,afternoon,booked,,
2026-09-23 16:00,2026-09-23,Wed,weekday,Padel Treviso,padel-treviso,3 COPERTO,indoor,18:00,evening,booked,,
2026-09-23 16:00,2026-09-23,Wed,weekday,Padel Treviso,padel-treviso,4 COPERTO,indoor,16:30,afternoon,booked,,
2026-09-23 16:00,2026-09-23,Wed,weekday,Padel Treviso,padel-treviso,4 COPERTO,indoor,17:00,afternoon,booked,,
2026-09-23 16:00,2026-09-23,Wed,weekday,Padel Treviso,padel-treviso,4 COPERTO,indoor,17:30,afternoon,booked,,
2026-09-23 16:00,2026-09-23,Wed,weekday,Padel Treviso,padel-treviso,4 COPERTO,indoor,18:00,evening,booked,,
2026-09-23 16:00,2026-09-23,Wed,weekday,Padel Treviso,padel-treviso,Kuikma Indoor,indoor,16:30,afternoon,booked,,
2026-09-23 16:00,2026-09-23,Wed,weekday,Padel Treviso,padel-treviso,Kuikma Indoor,indoor,17:00,afternoon,booked,,
2026-09-23 16:00,2026-09-23,Wed,weekday,Padel Treviso,padel-treviso,Kuikma Indoor,indoor,17:30,afternoon,booked,,
2026-09-23 16:00,2026-09-23,Wed,weekday,Padel Treviso,padel-treviso,Kuikma Indoor,indoor,18:00,evening,booked,,
2026-09-23 16:00,2026-09-23,Wed,weekday,Padel Treviso,padel-treviso,6 Indoor,indoor,16:30,afternoon,booked,,
2026-09-23 16:00,2026-09-23,Wed,weekday,Padel Treviso,padel-treviso,6 Indoor,indoor,17:00,afternoon,booked,,
2026-09-23 16:00,2026-09-23,Wed,weekday,Padel Treviso,padel-treviso,6 Indoor,indoor,17:30,afternoon,booked,,
2026-09-23 16:00,2026-09-23,Wed,weekday,Padel Treviso,padel-treviso,6 Indoor,indoor,18:00,evening,booked,,
2026-09-23 16:00,2026-09-23,Wed,weekday,Padel Treviso,padel-treviso,My Gym City Indoor,indoor,16:30,afternoon,booked,,
2026-09-23 16:00,2026-09-23,Wed,weekday,Padel Treviso,padel-treviso,My Gym City Indoor,indoor,17:00,afternoon,booked,,
2026-09-23 16:00,2026-09-23,Wed,weekday,Padel Treviso,padel-treviso,My Gym City Indoor,indoor,17:30,afternoon,booked,,
2026-09-23 16:00,2026-09-23,Wed,weekday,Padel Treviso,padel-treviso,My Gym City Indoor,indoor,18:00,evening,booked,,
2026-09-23 16:00,2026-09-23,Wed,weekday,Padel Treviso,padel-treviso,8 Esterno,outdoor,16:30,afternoon,booked,,
2026-09-23 16:00,2026-09-23,Wed,weekday,Padel Treviso,padel-treviso,8 Esterno,outdoor,17:00,afternoon,booked,,
2026-09-23 16:00,2026-09-23,Wed,weekday,Padel Treviso,padel-treviso,8 Esterno,outdoor,17:30,afternoon,booked,,
2026-09-23 16:00,2026-09-23,Wed,weekday,Padel Treviso,padel-treviso,8 Esterno,outdoor,18:00,evening,booked,,
2026-09-23 16:00,2026-09-23,Wed,weekday,Padel Treviso,padel-treviso,9 Gioielleria Minotto Istrana,indoor,16:30,afternoon,booked,,
2026-09-23 16:00,2026-09-23,Wed,weekday,Padel Treviso,padel-treviso,9 Gioielleria Minotto Istrana,indoor,17:00,afternoon,booked,,
2026-09-23 16:00,2026-09-23,Wed,weekday,Padel Treviso,padel-treviso,9 Gioielleria Minotto Istrana,indoor,17:30,afternoon,booked,,
2026-09-23 16:00,2026-09-23,Wed,weekday,Padel Treviso,padel-treviso,9 Gioielleria Minotto Istrana,indoor,18:00,evening,booked,,
2026-09-23 16:00,2026-09-23,Wed,weekday,Padel Treviso,padel-treviso,10 Gioielleria Minotto Istrana,indoor,16:30,afternoon,booked,,
2026-09-23 16:00,2026-09-23,Wed,weekday,Padel Treviso,padel-treviso,10 Gioielleria Minotto Istrana,indoor,17:00,afternoon,booked,,
2026-09-23 16:00,2026-09-23,Wed,weekday,Padel Treviso,padel-treviso,10 Gioielleria Minotto Istrana,indoor,17:30,afternoon,booked,,
2026-09-23 16:00,2026-09-23,Wed,weekday,Padel Treviso,padel-treviso,10 Gioielleria Minotto Istrana,indoor,18:00,evening,booked,,
2026-09-23 16:00,2026-09-23,Wed,weekday,Padel Treviso,padel-treviso,Singolo A Esterno,outdoor,16:30,afternoon,booked,,
2026-09-23 16:00,2026-09-23,Wed,weekday,Padel Treviso,padel-treviso,Singolo A Esterno,outdoor,17:00,afternoon,booked,,
2026-09-23 16:00,2026-09-23,Wed,weekday,Padel Treviso,padel-treviso,Singolo A Esterno,outdoor,17:30,afternoon,booked,,
2026-09-23 16:00,2026-09-23,Wed,weekday,Padel Treviso,padel-treviso,Singolo A Esterno,outdoor,18:00,evening,booked,,
2026-09-23 16:00,2026-09-23,Wed,weekday,Padel Treviso,padel-treviso,Singolo B Esterno,outdoor,16:30,afternoon,free,,
2026-09-23 16:00,2026-09-23,Wed,weekday,Padel Treviso,padel-treviso,Singolo B Esterno,outdoor,17:00,afternoon,booked,,
2026-09-23 16:00,2026-09-23,Wed,weekday,Padel Treviso,padel-treviso,Singolo B Esterno,outdoor,17:30,afternoon,booked,,
2026-09-23 16:00,2026-09-23,Wed,weekday,Padel Treviso,padel-treviso,Singolo B Esterno,outdoor,18:00,evening,booked,,
2026-09-23 16:00,2026-09-23,Wed,weekday,Altino Sport Village,altino-sport-village,Padel 1,indoor,16:30,afternoon,booked,,
2026-09-23 16:00,2026-09-23,Wed,weekday,Altino Sport Village,altino-sport-village,Padel 1,indoor,17:00,afternoon,booked,,
2026-09-23 16:00,2026-09-23,Wed,weekday,Altino Sport Village,altino-sport-village,Padel 1,indoor,17:30,afternoon,booked,,
2026-09-23 16:00,2026-09-23,Wed,weekday,Altino Sport Village,altino-sport-village,Padel 1,indoor,18:00,evening,booked,,
2026-09-23 16:00,2026-09-23,Wed,weekday,Altino Sport Village,altino-sport-village,Padel 2,indoor,16:30,afternoon,free,,40 EUR
2026-09-23 16:00,2026-09-23,Wed,weekday,Altino Sport Village,altino-sport-village,Padel 2,indoor,17:00,afternoon,free,50 EUR,
2026-09-23 16:00,2026-09-23,Wed,weekday,Altino Sport Village,altino-sport-village,Padel 2,indoor,17:30,afternoon,free,,40 EUR
2026-09-23 16:00,2026-09-23,Wed,weekday,Altino Sport Village,altino-sport-village,Padel 2,indoor,18:00,evening,free,,
2026-09-23 16:00,2026-09-23,Wed,weekday,Barchessa Padel e Pikleball,barchessa-pickleball,PADEL 1,indoor,16:30,afternoon,booked,,
2026-09-23 16:00,2026-09-23,Wed,weekday,Barchessa Padel e Pikleball,barchessa-pickleball,PADEL 1,indoor,17:00,afternoon,booked,,
2026-09-23 16:00,2026-09-23,Wed,weekday,Barchessa Padel e Pikleball,barchessa-pickleball,PADEL 1,indoor,17:30,afternoon,free,48 EUR,
2026-09-23 16:00,2026-09-23,Wed,weekday,Barchessa Padel e Pikleball,barchessa-pickleball,PADEL 1,indoor,18:00,evening,free,,
2026-09-23 16:00,2026-09-23,Wed,weekday,Barchessa Padel e Pikleball,barchessa-pickleball,PADEL  2,indoor,16:30,afternoon,booked,,
2026-09-23 16:00,2026-09-23,Wed,weekday,Barchessa Padel e Pikleball,barchessa-pickleball,PADEL  2,indoor,17:00,afternoon,booked,,
2026-09-23 16:00,2026-09-23,Wed,weekday,Barchessa Padel e Pikleball,barchessa-pickleball,PADEL  2,indoor,17:30,afternoon,booked,,
2026-09-23 16:00,2026-09-23,Wed,weekday,Barchessa Padel e Pikleball,barchessa-pickleball,PADEL  2,indoor,18:00,evening,booked,,
2026-09-23 16:00,2026-09-23,Wed,weekday,Barchessa Padel e Pikleball,barchessa-pickleball,PADEL  3,indoor,16:30,afternoon,free,,
2026-09-23 16:00,2026-09-23,Wed,weekday,Barchessa Padel e Pikleball,barchessa-pickleball,PADEL  3,indoor,17:00,afternoon,free,,
2026-09-23 16:00,2026-09-23,Wed,weekday,Barchessa Padel e Pikleball,barchessa-pickleball,PADEL  3,indoor,17:30,afternoon,booked,,
2026-09-23 16:00,2026-09-23,Wed,weekday,Barchessa Padel e Pikleball,barchessa-pickleball,PADEL  3,indoor,18:00,evening,booked,,
2026-09-23 16:00,2026-09-23,Wed,weekday,H-FARM CAMPUS,h-farm-campus,Padel 1,outdoor,17:30,afternoon,free,83.34 EUR,
2026-09-23 16:00,2026-09-23,Wed,weekday,H-FARM CAMPUS,h-farm-campus,Padel 1,outdoor,18:00,evening,free,85 EUR,
2026-09-23 16:00,2026-09-23,Wed,weekday,H-FARM CAMPUS,h-farm-campus,Padel 2,outdoor,17:30,afternoon,free,83.34 EUR,
2026-09-23 16:00,2026-09-23,Wed,weekday,H-FARM CAMPUS,h-farm-campus,Padel 2,outdoor,18:00,evening,free,85 EUR,
2026-09-23 16:00,2026-09-23,Wed,weekday,SPH - Treviso Sporting,sph-treviso-sporting,Campo 4,indoor,16:30,afternoon,booked,,
2026-09-23 16:00,2026-09-23,Wed,weekday,SPH - Treviso Sporting,sph-treviso-sporting,Campo 4,indoor,17:00,afternoon,booked,,
2026-09-23 16:00,2026-09-23,Wed,weekday,SPH - Treviso Sporting,sph-treviso-sporting,Campo 4,indoor,17:30,afternoon,booked,,
2026-09-23 16:00,2026-09-23,Wed,weekday,SPH - Treviso Sporting,sph-treviso-sporting,Campo 4,indoor,18:00,evening,booked,,
2026-09-23 16:00,2026-09-23,Wed,weekday,SPH - Treviso Sporting,sph-treviso-sporting,Campo 5,indoor,16:30,afternoon,booked,,
2026-09-23 16:00,2026-09-23,Wed,weekday,SPH - Treviso Sporting,sph-treviso-sporting,Campo 5,indoor,17:00,afternoon,booked,,
2026-09-23 16:00,2026-09-23,Wed,weekday,SPH - Treviso Sporting,sph-treviso-sporting,Campo 5,indoor,17:30,afternoon,booked,,
2026-09-23 16:00,2026-09-23,Wed,weekday,SPH - Treviso Sporting,sph-treviso-sporting,Campo 5,indoor,18:00,evening,booked,,
2026-09-23 16:00,2026-09-23,Wed,weekday,SPH - Treviso Sporting,sph-treviso-sporting,Campo 6,indoor,16:30,afternoon,free,,
2026-09-23 16:00,2026-09-23,Wed,weekday,SPH - Treviso Sporting,sph-treviso-sporting,Campo 6,indoor,17:00,afternoon,free,,
2026-09-23 16:00,2026-09-23,Wed,weekday,SPH - Treviso Sporting,sph-treviso-sporting,Campo 6,indoor,17:30,afternoon,booked,,
2026-09-23 16:00,2026-09-23,Wed,weekday,SPH - Treviso Sporting,sph-treviso-sporting,Campo 6,indoor,18:00,evening,booked,,
2026-09-23 16:00,2026-09-23,Wed,weekday,SPH - Treviso Sporting,sph-treviso-sporting,Campo 7,indoor,16:30,afternoon,booked,,
2026-09-23 16:00,2026-09-23,Wed,weekday,SPH - Treviso Sporting,sph-treviso-sporting,Campo 7,indoor,17:00,afternoon,booked,,
2026-09-23 16:00,2026-09-23,Wed,weekday,SPH - Treviso Sporting,sph-treviso-sporting,Campo 7,indoor,17:30,afternoon,booked,,
2026-09-23 16:00,2026-09-23,Wed,weekday,SPH - Treviso Sporting,sph-treviso-sporting,Campo 7,indoor,18:00,evening,booked,,
2026-09-23 16:00,2026-09-23,Wed,weekday,SPH - Treviso Sporting,sph-treviso-sporting,Campo 1,outdoor,16:30,afternoon,booked,,
2026-09-23 16:00,2026-09-23,Wed,weekday,SPH - Treviso Sporting,sph-treviso-sporting,Campo 1,outdoor,17:00,afternoon,booked,,
2026-09-23 16:00,2026-09-23,Wed,weekday,SPH - Treviso Sporting,sph-treviso-sporting,Campo 1,outdoor,17:30,afternoon,booked,,
2026-09-23 16:00,2026-09-23,Wed,weekday,SPH - Treviso Sporting,sph-treviso-sporting,Campo 1,outdoor,18:00,evening,free,48 EUR,36 EUR
2026-09-23 16:00,2026-09-23,Wed,weekday,SPH - Treviso Sporting,sph-treviso-sporting,Campo 2,outdoor,16:30,afternoon,free,48 EUR,36 EUR
2026-09-23 16:00,2026-09-23,Wed,weekday,SPH - Treviso Sporting,sph-treviso-sporting,Campo 2,outdoor,17:00,afternoon,free,48 EUR,36 EUR
2026-09-23 16:00,2026-09-23,Wed,weekday,SPH - Treviso Sporting,sph-treviso-sporting,Campo 2,outdoor,17:30,afternoon,free,48 EUR,36 EUR
2026-09-23 16:00,2026-09-23,Wed,weekday,SPH - Treviso Sporting,sph-treviso-sporting,Campo 2,outdoor,18:00,evening,free,48 EUR,36 EUR
2026-09-23 16:00,2026-09-23,Wed,weekday,SPH - Treviso Sporting,sph-treviso-sporting,Campo 3,outdoor,16:30,afternoon,free,,36 EUR
2026-09-23 16:00,2026-09-23,Wed,weekday,SPH - Treviso Sporting,sph-treviso-sporting,Campo 3,outdoor,17:00,afternoon,free,,
2026-09-23 16:00,2026-09-23,Wed,weekday,SPH - Treviso Sporting,sph-treviso-sporting,Campo 3,outdoor,17:30,afternoon,booked,,
2026-09-23 16:00,2026-09-23,Wed,weekday,SPH - Treviso Sporting,sph-treviso-sporting,Campo 3,outdoor,18:00,evening,booked,,
2026-09-23 16:00,2026-09-23,Wed,weekday,Marina Sporting,marina-sporting,Padel 1,outdoor,16:30,afternoon,free,,
2026-09-23 16:00,2026-09-23,Wed,weekday,Marina Sporting,marina-sporting,Padel 1,outdoor,17:00,afternoon,free,,
2026-09-23 16:00,2026-09-23,Wed,weekday,Marina Sporting,marina-sporting,Padel 1,outdoor,17:30,afternoon,free,44 EUR,
2026-09-23 16:00,2026-09-23,Wed,weekday,Marina Sporting,marina-sporting,Padel 1,outdoor,18:00,evening,free,,
2026-09-23 16:00,2026-09-23,Wed,weekday,Marina Sporting,marina-sporting,Padel 2,outdoor,16:30,afternoon,free,,
2026-09-23 16:00,2026-09-23,Wed,weekday,Marina Sporting,marina-sporting,Padel 2,outdoor,17:00,afternoon,free,,
2026-09-23 16:00,2026-09-23,Wed,weekday,Marina Sporting,marina-sporting,Padel 2,outdoor,17:30,afternoon,free,44 EUR,
2026-09-23 16:00,2026-09-23,Wed,weekday,Marina Sporting,marina-sporting,Padel 2,outdoor,18:00,evening,free,,
2026-09-24 07:00,2026-09-24,Thu,weekday,Sporting Club Mestre,sporting-club-mestre,Campo Giallo,outdoor,09:00,morning,free,32 EUR,24 EUR
2026-09-24 07:00,2026-09-24,Thu,weekday,Sporting Club Mestre,sporting-club-mestre,Campo Rosso,outdoor,09:00,morning,booked,,
2026-09-24 07:00,2026-09-24,Thu,weekday,Sporting Club Mestre,sporting-club-mestre,campo coperto 1,indoor,09:00,morning,free,,
2026-09-24 07:00,2026-09-24,Thu,weekday,Sporting Club Mestre,sporting-club-mestre,campo coperto 2,indoor,09:00,morning,free,,
2026-09-24 07:00,2026-09-24,Thu,weekday,Aquafit Padel,aquafit-padel,Padel 1,outdoor,09:00,morning,free,40 EUR,32 EUR
2026-09-24 07:00,2026-09-24,Thu,weekday,Aquafit Padel,aquafit-padel,Padel 2,outdoor,09:00,morning,free,40 EUR,32 EUR
2026-09-24 07:00,2026-09-24,Thu,weekday,SPH - Venezia,sph-venezia,Campo 1,indoor,08:00,morning,booked,,
2026-09-24 07:00,2026-09-24,Thu,weekday,SPH - Venezia,sph-venezia,Campo 1,indoor,08:30,morning,booked,,
2026-09-24 07:00,2026-09-24,Thu,weekday,SPH - Venezia,sph-venezia,Campo 1,indoor,09:00,morning,booked,,
2026-09-24 07:00,2026-09-24,Thu,weekday,SPH - Venezia,sph-venezia,Campo 2,indoor,08:00,morning,free,48 EUR,32 EUR
2026-09-24 07:00,2026-09-24,Thu,weekday,SPH - Venezia,sph-venezia,Campo 2,indoor,08:30,morning,free,48 EUR,32 EUR
2026-09-24 07:00,2026-09-24,Thu,weekday,SPH - Venezia,sph-venezia,Campo 2,indoor,09:00,morning,free,48 EUR,32 EUR
2026-09-24 07:00,2026-09-24,Thu,weekday,SPH - Venezia,sph-venezia,Campo 3,indoor,08:00,morning,free,48 EUR,32 EUR
2026-09-24 07:00,2026-09-24,Thu,weekday,SPH - Venezia,sph-venezia,Campo 3,indoor,08:30,morning,free,48 EUR,32 EUR
2026-09-24 07:00,2026-09-24,Thu,weekday,SPH - Venezia,sph-venezia,Campo 3,indoor,09:00,morning,free,48 EUR,32 EUR
2026-09-24 07:00,2026-09-24,Thu,weekday,SPH - Venezia,sph-venezia,Campo 4 | B3 Capital,indoor,08:00,morning,free,48 EUR,32 EUR
2026-09-24 07:00,2026-09-24,Thu,weekday,SPH - Venezia,sph-venezia,Campo 4 | B3 Capital,indoor,08:30,morning,free,48 EUR,32 EUR
2026-09-24 07:00,2026-09-24,Thu,weekday,SPH - Venezia,sph-venezia,Campo 4 | B3 Capital,indoor,09:00,morning,free,48 EUR,32 EUR
2026-09-24 07:00,2026-09-24,Thu,weekday,SPH - Venezia,sph-venezia,Campo 5 | Bassetto Impianti,indoor,08:00,morning,free,48 EUR,32 EUR
2026-09-24 07:00,2026-09-24,Thu,weekday,SPH - Venezia,sph-venezia,Campo 5 | Bassetto Impianti,indoor,08:30,morning,free,48 EUR,32 EUR
2026-09-24 07:00,2026-09-24,Thu,weekday,SPH - Venezia,sph-venezia,Campo 5 | Bassetto Impianti,indoor,09:00,morning,free,48 EUR,32 EUR
2026-09-24 07:00,2026-09-24,Thu,weekday,Padel Treviso,padel-treviso,1 Esterno,outdoor,09:00,morning,free,40 EUR,32 EUR
2026-09-24 07:00,2026-09-24,Thu,weekday,Padel Treviso,padel-treviso,2 Esterno,outdoor,09:00,morning,free,40 EUR,
2026-09-24 07:00,2026-09-24,Thu,weekday,Padel Treviso,padel-treviso,3 COPERTO,indoor,09:00,morning,free,56 EUR,
2026-09-24 07:00,2026-09-24,Thu,weekday,Padel Treviso,padel-treviso,4 COPERTO,indoor,09:00,morning,free,56 EUR,
2026-09-24 07:00,2026-09-24,Thu,weekday,Padel Treviso,padel-treviso,Kuikma Indoor,indoor,09:00,morning,booked,,
2026-09-24 07:00,2026-09-24,Thu,weekday,Padel Treviso,padel-treviso,6 Indoor,indoor,09:00,morning,free,56 EUR,
2026-09-24 07:00,2026-09-24,Thu,weekday,Padel Treviso,padel-treviso,My Gym City Indoor,indoor,09:00,morning,free,56 EUR,
2026-09-24 07:00,2026-09-24,Thu,weekday,Padel Treviso,padel-treviso,8 Esterno,outdoor,09:00,morning,free,40 EUR,
2026-09-24 07:00,2026-09-24,Thu,weekday,Padel Treviso,padel-treviso,9 Gioielleria Minotto Istrana,indoor,09:00,morning,free,,
2026-09-24 07:00,2026-09-24,Thu,weekday,Padel Treviso,padel-treviso,10 Gioielleria Minotto Istrana,indoor,09:00,morning,free,,
2026-09-24 07:00,2026-09-24,Thu,weekday,Padel Treviso,padel-treviso,Singolo A Esterno,outdoor,09:00,morning,free,24 EUR,20 EUR
2026-09-24 07:00,2026-09-24,Thu,weekday,Padel Treviso,padel-treviso,Singolo B Esterno,outdoor,09:00,morning,free,24 EUR,20 EUR
2026-09-24 07:00,2026-09-24,Thu,weekday,Altino Sport Village,altino-sport-village,Padel 1,indoor,09:00,morning,booked,,
2026-09-24 07:00,2026-09-24,Thu,weekday,Altino Sport Village,altino-sport-village,Padel 2,indoor,09:00,morning,free,30 EUR,30 EUR
2026-09-24 07:00,2026-09-24,Thu,weekday,Barchessa Padel e Pikleball,barchessa-pickleball,PADEL 1,indoor,08:00,morning,free,40 EUR,27 EUR
2026-09-24 07:00,2026-09-24,Thu,weekday,Barchessa Padel e Pikleball,barchessa-pickleball,PADEL 1,indoor,08:30,morning,free,40 EUR,27 EUR
2026-09-24 07:00,2026-09-24,Thu,weekday,Barchessa Padel e Pikleball,barchessa-pickleball,PADEL 1,indoor,09:00,morning,free,40 EUR,27 EUR
2026-09-24 07:00,2026-09-24,Thu,weekday,Barchessa Padel e Pikleball,barchessa-pickleball,PADEL  2,indoor,08:00,morning,free,40 EUR,27 EUR
2026-09-24 07:00,2026-09-24,Thu,weekday,Barchessa Padel e Pikleball,barchessa-pickleball,PADEL  2,indoor,08:30,morning,free,40 EUR,27 EUR
2026-09-24 07:00,2026-09-24,Thu,weekday,Barchessa Padel e Pikleball,barchessa-pickleball,PADEL  2,indoor,09:00,morning,free,40 EUR,27 EUR
2026-09-24 07:00,2026-09-24,Thu,weekday,Barchessa Padel e Pikleball,barchessa-pickleball,PADEL  3,indoor,08:00,morning,free,40 EUR,27 EUR
2026-09-24 07:00,2026-09-24,Thu,weekday,Barchessa Padel e Pikleball,barchessa-pickleball,PADEL  3,indoor,08:30,morning,free,40 EUR,27 EUR
2026-09-24 07:00,2026-09-24,Thu,weekday,Barchessa Padel e Pikleball,barchessa-pickleball,PADEL  3,indoor,09:00,morning,free,40 EUR,27 EUR
2026-09-24 07:00,2026-09-24,Thu,weekday,SPH - Treviso Sporting,sph-treviso-sporting,Campo 4,indoor,07:30,morning,free,50 EUR,34 EUR
2026-09-24 07:00,2026-09-24,Thu,weekday,SPH - Treviso Sporting,sph-treviso-sporting,Campo 4,indoor,08:00,morning,free,50 EUR,34 EUR
2026-09-24 07:00,2026-09-24,Thu,weekday,SPH - Treviso Sporting,sph-treviso-sporting,Campo 4,indoor,08:30,morning,free,50 EUR,34 EUR
2026-09-24 07:00,2026-09-24,Thu,weekday,SPH - Treviso Sporting,sph-treviso-sporting,Campo 4,indoor,09:00,morning,free,46.66 EUR,34 EUR
2026-09-24 07:00,2026-09-24,Thu,weekday,SPH - Treviso Sporting,sph-treviso-sporting,Campo 5,indoor,07:30,morning,free,50 EUR,34 EUR
2026-09-24 07:00,2026-09-24,Thu,weekday,SPH - Treviso Sporting,sph-treviso-sporting,Campo 5,indoor,08:00,morning,free,50 EUR,34 EUR
2026-09-24 07:00,2026-09-24,Thu,weekday,SPH - Treviso Sporting,sph-treviso-sporting,Campo 5,indoor,08:30,morning,free,,34 EUR
2026-09-24 07:00,2026-09-24,Thu,weekday,SPH - Treviso Sporting,sph-treviso-sporting,Campo 5,indoor,09:00,morning,free,46.66 EUR,
2026-09-24 07:00,2026-09-24,Thu,weekday,SPH - Treviso Sporting,sph-treviso-sporting,Campo 6,indoor,07:30,morning,free,50 EUR,34 EUR
2026-09-24 07:00,2026-09-24,Thu,weekday,SPH - Treviso Sporting,sph-treviso-sporting,Campo 6,indoor,08:00,morning,free,50 EUR,34 EUR
2026-09-24 07:00,2026-09-24,Thu,weekday,SPH - Treviso Sporting,sph-treviso-sporting,Campo 6,indoor,08:30,morning,free,50 EUR,34 EUR
2026-09-24 07:00,2026-09-24,Thu,weekday,SPH - Treviso Sporting,sph-treviso-sporting,Campo 6,indoor,09:00,morning,free,46.66 EUR,34 EUR
2026-09-24 07:00,2026-09-24,Thu,weekday,SPH - Treviso Sporting,sph-treviso-sporting,Campo 7,indoor,07:30,morning,free,,34 EUR
2026-09-24 07:00,2026-09-24,Thu,weekday,SPH - Treviso Sporting,sph-treviso-sporting,Campo 7,indoor,08:00,morning,free,50 EUR,
2026-09-24 07:00,2026-09-24,Thu,weekday,SPH - Treviso Sporting,sph-treviso-sporting,Campo 7,indoor,08:30,morning,free,,34 EUR
2026-09-24 07:00,2026-09-24,Thu,weekday,SPH - Treviso Sporting,sph-treviso-sporting,Campo 7,indoor,09:00,morning,free,,
2026-09-24 07:00,2026-09-24,Thu,weekday,SPH - Treviso Sporting,sph-treviso-sporting,Campo 1,outdoor,07:30,morning,free,40 EUR,28 EUR
2026-09-24 07:00,2026-09-24,Thu,weekday,SPH - Treviso Sporting,sph-treviso-sporting,Campo 1,outdoor,08:00,morning,free,40 EUR,28 EUR
2026-09-24 07:00,2026-09-24,Thu,weekday,SPH - Treviso Sporting,sph-treviso-sporting,Campo 1,outdoor,08:30,morning,free,40 EUR,28 EUR
2026-09-24 07:00,2026-09-24,Thu,weekday,SPH - Treviso Sporting,sph-treviso-sporting,Campo 1,outdoor,09:00,morning,free,40 EUR,28 EUR
2026-09-24 07:00,2026-09-24,Thu,weekday,SPH - Treviso Sporting,sph-treviso-sporting,Campo 2,outdoor,07:30,morning,free,40 EUR,28 EUR
2026-09-24 07:00,2026-09-24,Thu,weekday,SPH - Treviso Sporting,sph-treviso-sporting,Campo 2,outdoor,08:00,morning,free,40 EUR,28 EUR
2026-09-24 07:00,2026-09-24,Thu,weekday,SPH - Treviso Sporting,sph-treviso-sporting,Campo 2,outdoor,08:30,morning,free,40 EUR,28 EUR
2026-09-24 07:00,2026-09-24,Thu,weekday,SPH - Treviso Sporting,sph-treviso-sporting,Campo 2,outdoor,09:00,morning,free,40 EUR,28 EUR
2026-09-24 07:00,2026-09-24,Thu,weekday,SPH - Treviso Sporting,sph-treviso-sporting,Campo 3,outdoor,07:30,morning,free,40 EUR,28 EUR
2026-09-24 07:00,2026-09-24,Thu,weekday,SPH - Treviso Sporting,sph-treviso-sporting,Campo 3,outdoor,08:00,morning,free,40 EUR,28 EUR
2026-09-24 07:00,2026-09-24,Thu,weekday,SPH - Treviso Sporting,sph-treviso-sporting,Campo 3,outdoor,08:30,morning,free,40 EUR,28 EUR
2026-09-24 07:00,2026-09-24,Thu,weekday,SPH - Treviso Sporting,sph-treviso-sporting,Campo 3,outdoor,09:00,morning,free,40 EUR,28 EUR
2026-09-24 07:00,2026-09-24,Thu,weekday,Marina Sporting,marina-sporting,Padel 1,outdoor,08:00,morning,booked,,
2026-09-24 07:00,2026-09-24,Thu,weekday,Marina Sporting,marina-sporting,Padel 1,outdoor,08:30,morning,booked,,
2026-09-24 07:00,2026-09-24,Thu,weekday,Marina Sporting,marina-sporting,Padel 1,outdoor,09:00,morning,booked,,
2026-09-24 07:00,2026-09-24,Thu,weekday,Marina Sporting,marina-sporting,Padel 2,outdoor,08:00,morning,free,44 EUR,
2026-09-24 07:00,2026-09-24,Thu,weekday,Marina Sporting,marina-sporting,Padel 2,outdoor,08:30,morning,free,,
2026-09-24 07:00,2026-09-24,Thu,weekday,Marina Sporting,marina-sporting,Padel 2,outdoor,09:00,morning,free,,
2026-09-24 08:00,2026-09-24,Thu,weekday,Sporting Club Mestre,sporting-club-mestre,Campo Giallo,outdoor,09:00,morning,free,32 EUR,24 EUR
2026-09-24 08:00,2026-09-24,Thu,weekday,Sporting Club Mestre,sporting-club-mestre,Campo Giallo,outdoor,09:30,morning,free,32 EUR,24 EUR
2026-09-24 08:00,2026-09-24,Thu,weekday,Sporting Club Mestre,sporting-club-mestre,Campo Giallo,outdoor,10:00,morning,free,32 EUR,24 EUR
2026-09-24 08:00,2026-09-24,Thu,weekday,Sporting Club Mestre,sporting-club-mestre,Campo Rosso,outdoor,09:00,morning,booked,,
2026-09-24 08:00,2026-09-24,Thu,weekday,Sporting Club Mestre,sporting-club-mestre,Campo Rosso,outdoor,09:30,morning,booked,,
2026-09-24 08:00,2026-09-24,Thu,weekday,Sporting Club Mestre,sporting-club-mestre,Campo Rosso,outdoor,10:00,morning,booked,,
2026-09-24 08:00,2026-09-24,Thu,weekday,Sporting Club Mestre,sporting-club-mestre,campo coperto 1,indoor,09:00,morning,free,,
2026-09-24 08:00,2026-09-24,Thu,weekday,Sporting Club Mestre,sporting-club-mestre,campo coperto 1,indoor,09:30,morning,free,,
2026-09-24 08:00,2026-09-24,Thu,weekday,Sporting Club Mestre,sporting-club-mestre,campo coperto 1,indoor,10:00,morning,free,40 EUR,
2026-09-24 08:00,2026-09-24,Thu,weekday,Sporting Club Mestre,sporting-club-mestre,campo coperto 2,indoor,09:00,morning,free,,
2026-09-24 08:00,2026-09-24,Thu,weekday,Sporting Club Mestre,sporting-club-mestre,campo coperto 2,indoor,09:30,morning,free,,
2026-09-24 08:00,2026-09-24,Thu,weekday,Sporting Club Mestre,sporting-club-mestre,campo coperto 2,indoor,10:00,morning,free,40 EUR,
2026-09-24 08:00,2026-09-24,Thu,weekday,Padel by FitUP di Zero Branco,padel-by-fitup-di-zero-branco,Padel by FitUP 1,indoor,09:30,morning,free,40 EUR,
2026-09-24 08:00,2026-09-24,Thu,weekday,Padel by FitUP di Zero Branco,padel-by-fitup-di-zero-branco,Padel by FitUP 1,indoor,10:00,morning,free,40 EUR,
2026-09-24 08:00,2026-09-24,Thu,weekday,Aquafit Padel,aquafit-padel,Padel 1,outdoor,09:00,morning,free,40 EUR,32 EUR
2026-09-24 08:00,2026-09-24,Thu,weekday,Aquafit Padel,aquafit-padel,Padel 1,outdoor,09:30,morning,free,40 EUR,32 EUR
2026-09-24 08:00,2026-09-24,Thu,weekday,Aquafit Padel,aquafit-padel,Padel 1,outdoor,10:00,morning,free,40 EUR,32 EUR
2026-09-24 08:00,2026-09-24,Thu,weekday,Aquafit Padel,aquafit-padel,Padel 2,outdoor,09:00,morning,free,40 EUR,32 EUR
2026-09-24 08:00,2026-09-24,Thu,weekday,Aquafit Padel,aquafit-padel,Padel 2,outdoor,09:30,morning,free,40 EUR,32 EUR
2026-09-24 08:00,2026-09-24,Thu,weekday,Aquafit Padel,aquafit-padel,Padel 2,outdoor,10:00,morning,free,40 EUR,32 EUR
2026-09-24 08:00,2026-09-24,Thu,weekday,SPH - Venezia,sph-venezia,Campo 1,indoor,08:30,morning,booked,,
2026-09-24 08:00,2026-09-24,Thu,weekday,SPH - Venezia,sph-venezia,Campo 1,indoor,09:00,morning,booked,,
2026-09-24 08:00,2026-09-24,Thu,weekday,SPH - Venezia,sph-venezia,Campo 1,indoor,09:30,morning,booked,,
2026-09-24 08:00,2026-09-24,Thu,weekday,SPH - Venezia,sph-venezia,Campo 1,indoor,10:00,morning,free,48 EUR,32 EUR
2026-09-24 08:00,2026-09-24,Thu,weekday,SPH - Venezia,sph-venezia,Campo 2,indoor,08:30,morning,free,48 EUR,32 EUR
2026-09-24 08:00,2026-09-24,Thu,weekday,SPH - Venezia,sph-venezia,Campo 2,indoor,09:00,morning,free,48 EUR,32 EUR
2026-09-24 08:00,2026-09-24,Thu,weekday,SPH - Venezia,sph-venezia,Campo 2,indoor,09:30,morning,free,48 EUR,32 EUR
2026-09-24 08:00,2026-09-24,Thu,weekday,SPH - Venezia,sph-venezia,Campo 2,indoor,10:00,morning,free,48 EUR,32 EUR
2026-09-24 08:00,2026-09-24,Thu,weekday,SPH - Venezia,sph-venezia,Campo 3,indoor,08:30,morning,free,48 EUR,32 EUR
2026-09-24 08:00,2026-09-24,Thu,weekday,SPH - Venezia,sph-venezia,Campo 3,indoor,09:00,morning,free,48 EUR,32 EUR
2026-09-24 08:00,2026-09-24,Thu,weekday,SPH - Venezia,sph-venezia,Campo 3,indoor,09:30,morning,free,48 EUR,32 EUR
2026-09-24 08:00,2026-09-24,Thu,weekday,SPH - Venezia,sph-venezia,Campo 3,indoor,10:00,morning,free,48 EUR,32 EUR
2026-09-24 08:00,2026-09-24,Thu,weekday,SPH - Venezia,sph-venezia,Campo 4 | B3 Capital,indoor,08:30,morning,free,48 EUR,32 EUR
2026-09-24 08:00,2026-09-24,Thu,weekday,SPH - Venezia,sph-venezia,Campo 4 | B3 Capital,indoor,09:00,morning,free,48 EUR,32 EUR
2026-09-24 08:00,2026-09-24,Thu,weekday,SPH - Venezia,sph-venezia,Campo 4 | B3 Capital,indoor,09:30,morning,free,48 EUR,32 EUR
2026-09-24 08:00,2026-09-24,Thu,weekday,SPH - Venezia,sph-venezia,Campo 4 | B3 Capital,indoor,10:00,morning,free,48 EUR,32 EUR
2026-09-24 08:00,2026-09-24,Thu,weekday,SPH - Venezia,sph-venezia,Campo 5 | Bassetto Impianti,indoor,08:30,morning,free,48 EUR,32 EUR
2026-09-24 08:00,2026-09-24,Thu,weekday,SPH - Venezia,sph-venezia,Campo 5 | Bassetto Impianti,indoor,09:00,morning,free,48 EUR,32 EUR
2026-09-24 08:00,2026-09-24,Thu,weekday,SPH - Venezia,sph-venezia,Campo 5 | Bassetto Impianti,indoor,09:30,morning,free,48 EUR,32 EUR
2026-09-24 08:00,2026-09-24,Thu,weekday,SPH - Venezia,sph-venezia,Campo 5 | Bassetto Impianti,indoor,10:00,morning,free,,32 EUR
2026-09-24 08:00,2026-09-24,Thu,weekday,Padel Treviso,padel-treviso,1 Esterno,outdoor,09:00,morning,free,40 EUR,32 EUR
2026-09-24 08:00,2026-09-24,Thu,weekday,Padel Treviso,padel-treviso,1 Esterno,outdoor,09:30,morning,free,40 EUR,32 EUR
2026-09-24 08:00,2026-09-24,Thu,weekday,Padel Treviso,padel-treviso,1 Esterno,outdoor,10:00,morning,free,40 EUR,32 EUR
2026-09-24 08:00,2026-09-24,Thu,weekday,Padel Treviso,padel-treviso,2 Esterno,outdoor,09:00,morning,free,40 EUR,
2026-09-24 08:00,2026-09-24,Thu,weekday,Padel Treviso,padel-treviso,2 Esterno,outdoor,09:30,morning,free,40 EUR,
2026-09-24 08:00,2026-09-24,Thu,weekday,Padel Treviso,padel-treviso,2 Esterno,outdoor,10:00,morning,free,40 EUR,
2026-09-24 08:00,2026-09-24,Thu,weekday,Padel Treviso,padel-treviso,3 COPERTO,indoor,09:00,morning,free,56 EUR,
2026-09-24 08:00,2026-09-24,Thu,weekday,Padel Treviso,padel-treviso,3 COPERTO,indoor,09:30,morning,free,56 EUR,
2026-09-24 08:00,2026-09-24,Thu,weekday,Padel Treviso,padel-treviso,3 COPERTO,indoor,10:00,morning,free,56 EUR,
2026-09-24 08:00,2026-09-24,Thu,weekday,Padel Treviso,padel-treviso,4 COPERTO,indoor,09:00,morning,free,56 EUR,
2026-09-24 08:00,2026-09-24,Thu,weekday,Padel Treviso,padel-treviso,4 COPERTO,indoor,09:30,morning,free,56 EUR,
2026-09-24 08:00,2026-09-24,Thu,weekday,Padel Treviso,padel-treviso,4 COPERTO,indoor,10:00,morning,free,56 EUR,
2026-09-24 08:00,2026-09-24,Thu,weekday,Padel Treviso,padel-treviso,Kuikma Indoor,indoor,09:00,morning,booked,,
2026-09-24 08:00,2026-09-24,Thu,weekday,Padel Treviso,padel-treviso,Kuikma Indoor,indoor,09:30,morning,booked,,
2026-09-24 08:00,2026-09-24,Thu,weekday,Padel Treviso,padel-treviso,Kuikma Indoor,indoor,10:00,morning,booked,,
2026-09-24 08:00,2026-09-24,Thu,weekday,Padel Treviso,padel-treviso,6 Indoor,indoor,09:00,morning,free,56 EUR,
2026-09-24 08:00,2026-09-24,Thu,weekday,Padel Treviso,padel-treviso,6 Indoor,indoor,09:30,morning,free,,
2026-09-24 08:00,2026-09-24,Thu,weekday,Padel Treviso,padel-treviso,6 Indoor,indoor,10:00,morning,free,,
2026-09-24 08:00,2026-09-24,Thu,weekday,Padel Treviso,padel-treviso,My Gym City Indoor,indoor,09:00,morning,free,56 EUR,
2026-09-24 08:00,2026-09-24,Thu,weekday,Padel Treviso,padel-treviso,My Gym City Indoor,indoor,09:30,morning,free,,
2026-09-24 08:00,2026-09-24,Thu,weekday,Padel Treviso,padel-treviso,My Gym City Indoor,indoor,10:00,morning,free,,
2026-09-24 08:00,2026-09-24,Thu,weekday,Padel Treviso,padel-treviso,8 Esterno,outdoor,09:00,morning,free,40 EUR,
2026-09-24 08:00,2026-09-24,Thu,weekday,Padel Treviso,padel-treviso,8 Esterno,outdoor,09:30,morning,free,,
2026-09-24 08:00,2026-09-24,Thu,weekday,Padel Treviso,padel-treviso,8 Esterno,outdoor,10:00,morning,free,,
2026-09-24 08:00,2026-09-24,Thu,weekday,Padel Treviso,padel-treviso,9 Gioielleria Minotto Istrana,indoor,09:00,morning,free,,
2026-09-24 08:00,2026-09-24,Thu,weekday,Padel Treviso,padel-treviso,9 Gioielleria Minotto Istrana,indoor,09:30,morning,free,,
2026-09-24 08:00,2026-09-24,Thu,weekday,Padel Treviso,padel-treviso,9 Gioielleria Minotto Istrana,indoor,10:00,morning,free,56 EUR,
2026-09-24 08:00,2026-09-24,Thu,weekday,Padel Treviso,padel-treviso,10 Gioielleria Minotto Istrana,indoor,09:00,morning,free,,
2026-09-24 08:00,2026-09-24,Thu,weekday,Padel Treviso,padel-treviso,10 Gioielleria Minotto Istrana,indoor,09:30,morning,free,,
2026-09-24 08:00,2026-09-24,Thu,weekday,Padel Treviso,padel-treviso,10 Gioielleria Minotto Istrana,indoor,10:00,morning,free,56 EUR,
2026-09-24 08:00,2026-09-24,Thu,weekday,Padel Treviso,padel-treviso,Singolo A Esterno,outdoor,09:00,morning,free,24 EUR,20 EUR
2026-09-24 08:00,2026-09-24,Thu,weekday,Padel Treviso,padel-treviso,Singolo A Esterno,outdoor,09:30,morning,free,,
2026-09-24 08:00,2026-09-24,Thu,weekday,Padel Treviso,padel-treviso,Singolo A Esterno,outdoor,10:00,morning,free,24 EUR,20 EUR
2026-09-24 08:00,2026-09-24,Thu,weekday,Padel Treviso,padel-treviso,Singolo B Esterno,outdoor,09:00,morning,free,24 EUR,20 EUR
2026-09-24 08:00,2026-09-24,Thu,weekday,Padel Treviso,padel-treviso,Singolo B Esterno,outdoor,09:30,morning,free,24 EUR,20 EUR
2026-09-24 08:00,2026-09-24,Thu,weekday,Padel Treviso,padel-treviso,Singolo B Esterno,outdoor,10:00,morning,free,24 EUR,20 EUR
2026-09-24 08:00,2026-09-24,Thu,weekday,Altino Sport Village,altino-sport-village,Padel 1,indoor,09:00,morning,booked,,
2026-09-24 08:00,2026-09-24,Thu,weekday,Altino Sport Village,altino-sport-village,Padel 1,indoor,09:30,morning,free,30 EUR,30 EUR
2026-09-24 08:00,2026-09-24,Thu,weekday,Altino Sport Village,altino-sport-village,Padel 1,indoor,10:00,morning,free,30 EUR,30 EUR
2026-09-24 08:00,2026-09-24,Thu,weekday,Altino Sport Village,altino-sport-village,Padel 2,indoor,09:00,morning,free,30 EUR,30 EUR
2026-09-24 08:00,2026-09-24,Thu,weekday,Altino Sport Village,altino-sport-village,Padel 2,indoor,09:30,morning,free,30 EUR,30 EUR
2026-09-24 08:00,2026-09-24,Thu,weekday,Altino Sport Village,altino-sport-village,Padel 2,indoor,10:00,morning,free,30 EUR,30 EUR
2026-09-24 08:00,2026-09-24,Thu,weekday,Barchessa Padel e Pikleball,barchessa-pickleball,PADEL 1,indoor,08:30,morning,free,40 EUR,27 EUR
2026-09-24 08:00,2026-09-24,Thu,weekday,Barchessa Padel e Pikleball,barchessa-pickleball,PADEL 1,indoor,09:00,morning,free,40 EUR,27 EUR
2026-09-24 08:00,2026-09-24,Thu,weekday,Barchessa Padel e Pikleball,barchessa-pickleball,PADEL 1,indoor,09:30,morning,free,,27 EUR
2026-09-24 08:00,2026-09-24,Thu,weekday,Barchessa Padel e Pikleball,barchessa-pickleball,PADEL 1,indoor,10:00,morning,free,,
2026-09-24 08:00,2026-09-24,Thu,weekday,Barchessa Padel e Pikleball,barchessa-pickleball,PADEL  2,indoor,08:30,morning,free,40 EUR,27 EUR
2026-09-24 08:00,2026-09-24,Thu,weekday,Barchessa Padel e Pikleball,barchessa-pickleball,PADEL  2,indoor,09:00,morning,free,40 EUR,27 EUR
2026-09-24 08:00,2026-09-24,Thu,weekday,Barchessa Padel e Pikleball,barchessa-pickleball,PADEL  2,indoor,09:30,morning,free,40 EUR,27 EUR
2026-09-24 08:00,2026-09-24,Thu,weekday,Barchessa Padel e Pikleball,barchessa-pickleball,PADEL  2,indoor,10:00,morning,free,40 EUR,27 EUR
2026-09-24 08:00,2026-09-24,Thu,weekday,Barchessa Padel e Pikleball,barchessa-pickleball,PADEL  3,indoor,08:30,morning,free,40 EUR,27 EUR
2026-09-24 08:00,2026-09-24,Thu,weekday,Barchessa Padel e Pikleball,barchessa-pickleball,PADEL  3,indoor,09:00,morning,free,40 EUR,27 EUR
2026-09-24 08:00,2026-09-24,Thu,weekday,Barchessa Padel e Pikleball,barchessa-pickleball,PADEL  3,indoor,09:30,morning,free,40 EUR,27 EUR
2026-09-24 08:00,2026-09-24,Thu,weekday,Barchessa Padel e Pikleball,barchessa-pickleball,PADEL  3,indoor,10:00,morning,free,40 EUR,27 EUR
2026-09-24 08:00,2026-09-24,Thu,weekday,SPH - Treviso Sporting,sph-treviso-sporting,Campo 4,indoor,08:30,morning,free,50 EUR,34 EUR
2026-09-24 08:00,2026-09-24,Thu,weekday,SPH - Treviso Sporting,sph-treviso-sporting,Campo 4,indoor,09:00,morning,free,46.66 EUR,34 EUR
2026-09-24 08:00,2026-09-24,Thu,weekday,SPH - Treviso Sporting,sph-treviso-sporting,Campo 4,indoor,09:30,morning,free,43.34 EUR,31 EUR
2026-09-24 08:00,2026-09-24,Thu,weekday,SPH - Treviso Sporting,sph-treviso-sporting,Campo 4,indoor,10:00,morning,free,40 EUR,28 EUR
2026-09-24 08:00,2026-09-24,Thu,weekday,SPH - Treviso Sporting,sph-treviso-sporting,Campo 5,indoor,08:30,morning,free,,34 EUR
2026-09-24 08:00,2026-09-24,Thu,weekday,SPH - Treviso Sporting,sph-treviso-sporting,Campo 5,indoor,09:00,morning,free,46.66 EUR,
2026-09-24 08:00,2026-09-24,Thu,weekday,SPH - Treviso Sporting,sph-treviso-sporting,Campo 5,indoor,09:30,morning,free,,31 EUR
2026-09-24 08:00,2026-09-24,Thu,weekday,SPH - Treviso Sporting,sph-treviso-sporting,Campo 5,indoor,10:00,morning,free,,
2026-09-24 08:00,2026-09-24,Thu,weekday,SPH - Treviso Sporting,sph-treviso-sporting,Campo 6,indoor,08:30,morning,free,50 EUR,34 EUR
2026-09-24 08:00,2026-09-24,Thu,weekday,SPH - Treviso Sporting,sph-treviso-sporting,Campo 6,indoor,09:00,morning,free,46.66 EUR,34 EUR
2026-09-24 08:00,2026-09-24,Thu,weekday,SPH - Treviso Sporting,sph-treviso-sporting,Campo 6,indoor,09:30,morning,free,43.34 EUR,31 EUR
2026-09-24 08:00,2026-09-24,Thu,weekday,SPH - Treviso Sporting,sph-treviso-sporting,Campo 6,indoor,10:00,morning,free,40 EUR,28 EUR
2026-09-24 08:00,2026-09-24,Thu,weekday,SPH - Treviso Sporting,sph-treviso-sporting,Campo 7,indoor,08:30,morning,free,,34 EUR
2026-09-24 08:00,2026-09-24,Thu,weekday,SPH - Treviso Sporting,sph-treviso-sporting,Campo 7,indoor,09:00,morning,free,,
2026-09-24 08:00,2026-09-24,Thu,weekday,SPH - Treviso Sporting,sph-treviso-sporting,Campo 7,indoor,09:30,morning,booked,,
2026-09-24 08:00,2026-09-24,Thu,weekday,SPH - Treviso Sporting,sph-treviso-sporting,Campo 7,indoor,10:00,morning,booked,,
2026-09-24 08:00,2026-09-24,Thu,weekday,SPH - Treviso Sporting,sph-treviso-sporting,Campo 1,outdoor,08:30,morning,free,40 EUR,28 EUR
2026-09-24 08:00,2026-09-24,Thu,weekday,SPH - Treviso Sporting,sph-treviso-sporting,Campo 1,outdoor,09:00,morning,free,40 EUR,28 EUR
2026-09-24 08:00,2026-09-24,Thu,weekday,SPH - Treviso Sporting,sph-treviso-sporting,Campo 1,outdoor,09:30,morning,free,40 EUR,28 EUR
2026-09-24 08:00,2026-09-24,Thu,weekday,SPH - Treviso Sporting,sph-treviso-sporting,Campo 1,outdoor,10:00,morning,free,40 EUR,28 EUR
2026-09-24 08:00,2026-09-24,Thu,weekday,SPH - Treviso Sporting,sph-treviso-sporting,Campo 2,outdoor,08:30,morning,free,40 EUR,28 EUR
2026-09-24 08:00,2026-09-24,Thu,weekday,SPH - Treviso Sporting,sph-treviso-sporting,Campo 2,outdoor,09:00,morning,free,40 EUR,28 EUR
2026-09-24 08:00,2026-09-24,Thu,weekday,SPH - Treviso Sporting,sph-treviso-sporting,Campo 2,outdoor,09:30,morning,free,40 EUR,28 EUR
2026-09-24 08:00,2026-09-24,Thu,weekday,SPH - Treviso Sporting,sph-treviso-sporting,Campo 2,outdoor,10:00,morning,free,40 EUR,28 EUR
2026-09-24 08:00,2026-09-24,Thu,weekday,SPH - Treviso Sporting,sph-treviso-sporting,Campo 3,outdoor,08:30,morning,free,40 EUR,28 EUR
2026-09-24 08:00,2026-09-24,Thu,weekday,SPH - Treviso Sporting,sph-treviso-sporting,Campo 3,outdoor,09:00,morning,free,40 EUR,28 EUR
2026-09-24 08:00,2026-09-24,Thu,weekday,SPH - Treviso Sporting,sph-treviso-sporting,Campo 3,outdoor,09:30,morning,free,40 EUR,28 EUR
2026-09-24 08:00,2026-09-24,Thu,weekday,SPH - Treviso Sporting,sph-treviso-sporting,Campo 3,outdoor,10:00,morning,free,40 EUR,28 EUR
2026-09-24 08:00,2026-09-24,Thu,weekday,Marina Sporting,marina-sporting,Padel 1,outdoor,08:30,morning,booked,,
2026-09-24 08:00,2026-09-24,Thu,weekday,Marina Sporting,marina-sporting,Padel 1,outdoor,09:00,morning,booked,,
2026-09-24 08:00,2026-09-24,Thu,weekday,Marina Sporting,marina-sporting,Padel 1,outdoor,09:30,morning,booked,,
2026-09-24 08:00,2026-09-24,Thu,weekday,Marina Sporting,marina-sporting,Padel 1,outdoor,10:00,morning,booked,,
2026-09-24 08:00,2026-09-24,Thu,weekday,Marina Sporting,marina-sporting,Padel 2,outdoor,08:30,morning,free,,
2026-09-24 08:00,2026-09-24,Thu,weekday,Marina Sporting,marina-sporting,Padel 2,outdoor,09:00,morning,free,,
2026-09-24 08:00,2026-09-24,Thu,weekday,Marina Sporting,marina-sporting,Padel 2,outdoor,09:30,morning,booked,,
2026-09-24 08:00,2026-09-24,Thu,weekday,Marina Sporting,marina-sporting,Padel 2,outdoor,10:00,morning,booked,,
2026-09-24 12:00,2026-09-24,Thu,weekday,Sporting Club Mestre,sporting-club-mestre,Campo Giallo,outdoor,12:30,lunch,free,32 EUR,24 EUR
2026-09-24 12:00,2026-09-24,Thu,weekday,Sporting Club Mestre,sporting-club-mestre,Campo Giallo,outdoor,13:00,lunch,free,32 EUR,24 EUR
2026-09-24 12:00,2026-09-24,Thu,weekday,Sporting Club Mestre,sporting-club-mestre,Campo Giallo,outdoor,13:30,lunch,free,32 EUR,24 EUR
2026-09-24 12:00,2026-09-24,Thu,weekday,Sporting Club Mestre,sporting-club-mestre,Campo Giallo,outdoor,14:00,afternoon,free,32 EUR,24 EUR
2026-09-24 12:00,2026-09-24,Thu,weekday,Sporting Club Mestre,sporting-club-mestre,Campo Rosso,outdoor,12:30,lunch,booked,,
2026-09-24 12:00,2026-09-24,Thu,weekday,Sporting Club Mestre,sporting-club-mestre,Campo Rosso,outdoor,13:00,lunch,booked,,
2026-09-24 12:00,2026-09-24,Thu,weekday,Sporting Club Mestre,sporting-club-mestre,Campo Rosso,outdoor,13:30,lunch,booked,,
2026-09-24 12:00,2026-09-24,Thu,weekday,Sporting Club Mestre,sporting-club-mestre,Campo Rosso,outdoor,14:00,afternoon,booked,,
2026-09-24 12:00,2026-09-24,Thu,weekday,Sporting Club Mestre,sporting-club-mestre,campo coperto 1,indoor,12:30,lunch,free,,
2026-09-24 12:00,2026-09-24,Thu,weekday,Sporting Club Mestre,sporting-club-mestre,campo coperto 1,indoor,13:00,lunch,free,40 EUR,
2026-09-24 12:00,2026-09-24,Thu,weekday,Sporting Club Mestre,sporting-club-mestre,campo coperto 1,indoor,13:30,lunch,free,,
2026-09-24 12:00,2026-09-24,Thu,weekday,Sporting Club Mestre,sporting-club-mestre,campo coperto 1,indoor,14:00,afternoon,free,,
2026-09-24 12:00,2026-09-24,Thu,weekday,Sporting Club Mestre,sporting-club-mestre,campo coperto 2,indoor,12:30,lunch,free,,
2026-09-24 12:00,2026-09-24,Thu,weekday,Sporting Club Mestre,sporting-club-mestre,campo coperto 2,indoor,13:00,lunch,free,40 EUR,
2026-09-24 12:00,2026-09-24,Thu,weekday,Sporting Club Mestre,sporting-club-mestre,campo coperto 2,indoor,13:30,lunch,free,,
2026-09-24 12:00,2026-09-24,Thu,weekday,Sporting Club Mestre,sporting-club-mestre,campo coperto 2,indoor,14:00,afternoon,free,,
2026-09-24 12:00,2026-09-24,Thu,weekday,Padel by FitUP di Zero Branco,padel-by-fitup-di-zero-branco,Padel by FitUP 1,indoor,12:30,lunch,free,40 EUR,
2026-09-24 12:00,2026-09-24,Thu,weekday,Padel by FitUP di Zero Branco,padel-by-fitup-di-zero-branco,Padel by FitUP 1,indoor,13:00,lunch,free,40 EUR,
2026-09-24 12:00,2026-09-24,Thu,weekday,Padel by FitUP di Zero Branco,padel-by-fitup-di-zero-branco,Padel by FitUP 1,indoor,13:30,lunch,free,40 EUR,
2026-09-24 12:00,2026-09-24,Thu,weekday,Padel by FitUP di Zero Branco,padel-by-fitup-di-zero-branco,Padel by FitUP 1,indoor,14:00,afternoon,free,40 EUR,
2026-09-24 12:00,2026-09-24,Thu,weekday,Aquafit Padel,aquafit-padel,Padel 1,outdoor,12:30,lunch,free,40 EUR,32 EUR
2026-09-24 12:00,2026-09-24,Thu,weekday,Aquafit Padel,aquafit-padel,Padel 1,outdoor,13:00,lunch,free,40 EUR,32 EUR
2026-09-24 12:00,2026-09-24,Thu,weekday,Aquafit Padel,aquafit-padel,Padel 1,outdoor,13:30,lunch,free,40 EUR,32 EUR
2026-09-24 12:00,2026-09-24,Thu,weekday,Aquafit Padel,aquafit-padel,Padel 1,outdoor,14:00,afternoon,free,40 EUR,32 EUR
2026-09-24 12:00,2026-09-24,Thu,weekday,Aquafit Padel,aquafit-padel,Padel 2,outdoor,12:30,lunch,free,40 EUR,32 EUR
2026-09-24 12:00,2026-09-24,Thu,weekday,Aquafit Padel,aquafit-padel,Padel 2,outdoor,13:00,lunch,free,40 EUR,32 EUR
2026-09-24 12:00,2026-09-24,Thu,weekday,Aquafit Padel,aquafit-padel,Padel 2,outdoor,13:30,lunch,free,40 EUR,32 EUR
2026-09-24 12:00,2026-09-24,Thu,weekday,Aquafit Padel,aquafit-padel,Padel 2,outdoor,14:00,afternoon,free,40 EUR,32 EUR
2026-09-24 12:00,2026-09-24,Thu,weekday,SPH - Venezia,sph-venezia,Campo 1,indoor,12:30,lunch,free,,
2026-09-24 12:00,2026-09-24,Thu,weekday,SPH - Venezia,sph-venezia,Campo 1,indoor,13:00,lunch,booked,,
2026-09-24 12:00,2026-09-24,Thu,weekday,SPH - Venezia,sph-venezia,Campo 1,indoor,13:30,lunch,booked,,
2026-09-24 12:00,2026-09-24,Thu,weekday,SPH - Venezia,sph-venezia,Campo 1,indoor,14:00,afternoon,booked,,
2026-09-24 12:00,2026-09-24,Thu,weekday,SPH - Venezia,sph-venezia,Campo 2,indoor,12:30,lunch,free,48 EUR,32 EUR
2026-09-24 12:00,2026-09-24,Thu,weekday,SPH - Venezia,sph-venezia,Campo 2,indoor,13:00,lunch,free,48 EUR,32 EUR
2026-09-24 12:00,2026-09-24,Thu,weekday,SPH - Venezia,sph-venezia,Campo 2,indoor,13:30,lunch,free,48 EUR,32 EUR
2026-09-24 12:00,2026-09-24,Thu,weekday,SPH - Venezia,sph-venezia,Campo 2,indoor,14:00,afternoon,free,48 EUR,32 EUR
2026-09-24 12:00,2026-09-24,Thu,weekday,SPH - Venezia,sph-venezia,Campo 3,indoor,12:30,lunch,free,,
2026-09-24 12:00,2026-09-24,Thu,weekday,SPH - Venezia,sph-venezia,Campo 3,indoor,13:00,lunch,booked,,
2026-09-24 12:00,2026-09-24,Thu,weekday,SPH - Venezia,sph-venezia,Campo 3,indoor,13:30,lunch,booked,,
2026-09-24 12:00,2026-09-24,Thu,weekday,SPH - Venezia,sph-venezia,Campo 3,indoor,14:00,afternoon,booked,,
2026-09-24 12:00,2026-09-24,Thu,weekday,SPH - Venezia,sph-venezia,Campo 4 | B3 Capital,indoor,12:30,lunch,free,,
2026-09-24 12:00,2026-09-24,Thu,weekday,SPH - Venezia,sph-venezia,Campo 4 | B3 Capital,indoor,13:00,lunch,booked,,
2026-09-24 12:00,2026-09-24,Thu,weekday,SPH - Venezia,sph-venezia,Campo 4 | B3 Capital,indoor,13:30,lunch,booked,,
2026-09-24 12:00,2026-09-24,Thu,weekday,SPH - Venezia,sph-venezia,Campo 4 | B3 Capital,indoor,14:00,afternoon,booked,,
2026-09-24 12:00,2026-09-24,Thu,weekday,SPH - Venezia,sph-venezia,Campo 5 | Bassetto Impianti,indoor,12:30,lunch,free,48 EUR,32 EUR
2026-09-24 12:00,2026-09-24,Thu,weekday,SPH - Venezia,sph-venezia,Campo 5 | Bassetto Impianti,indoor,13:00,lunch,free,48 EUR,32 EUR
2026-09-24 12:00,2026-09-24,Thu,weekday,SPH - Venezia,sph-venezia,Campo 5 | Bassetto Impianti,indoor,13:30,lunch,free,48 EUR,32 EUR
2026-09-24 12:00,2026-09-24,Thu,weekday,SPH - Venezia,sph-venezia,Campo 5 | Bassetto Impianti,indoor,14:00,afternoon,free,,32 EUR
2026-09-24 12:00,2026-09-24,Thu,weekday,Padel Treviso,padel-treviso,1 Esterno,outdoor,12:30,lunch,free,40 EUR,32 EUR
2026-09-24 12:00,2026-09-24,Thu,weekday,Padel Treviso,padel-treviso,1 Esterno,outdoor,13:00,lunch,free,40 EUR,32 EUR
2026-09-24 12:00,2026-09-24,Thu,weekday,Padel Treviso,padel-treviso,1 Esterno,outdoor,13:30,lunch,free,40 EUR,32 EUR
2026-09-24 12:00,2026-09-24,Thu,weekday,Padel Treviso,padel-treviso,1 Esterno,outdoor,14:00,afternoon,free,,32 EUR
2026-09-24 12:00,2026-09-24,Thu,weekday,Padel Treviso,padel-treviso,2 Esterno,outdoor,12:30,lunch,free,40 EUR,
2026-09-24 12:00,2026-09-24,Thu,weekday,Padel Treviso,padel-treviso,2 Esterno,outdoor,13:00,lunch,free,,
2026-09-24 12:00,2026-09-24,Thu,weekday,Padel Treviso,padel-treviso,2 Esterno,outdoor,13:30,lunch,free,,
2026-09-24 12:00,2026-09-24,Thu,weekday,Padel Treviso,padel-treviso,2 Esterno,outdoor,14:00,afternoon,free,40 EUR,
2026-09-24 12:00,2026-09-24,Thu,weekday,Padel Treviso,padel-treviso,3 COPERTO,indoor,12:30,lunch,free,56 EUR,
2026-09-24 12:00,2026-09-24,Thu,weekday,Padel Treviso,padel-treviso,3 COPERTO,indoor,13:00,lunch,free,56 EUR,
2026-09-24 12:00,2026-09-24,Thu,weekday,Padel Treviso,padel-treviso,3 COPERTO,indoor,13:30,lunch,free,56 EUR,
2026-09-24 12:00,2026-09-24,Thu,weekday,Padel Treviso,padel-treviso,3 COPERTO,indoor,14:00,afternoon,free,56 EUR,
2026-09-24 12:00,2026-09-24,Thu,weekday,Padel Treviso,padel-treviso,4 COPERTO,indoor,12:30,lunch,free,56 EUR,
2026-09-24 12:00,2026-09-24,Thu,weekday,Padel Treviso,padel-treviso,4 COPERTO,indoor,13:00,lunch,free,56 EUR,
2026-09-24 12:00,2026-09-24,Thu,weekday,Padel Treviso,padel-treviso,4 COPERTO,indoor,13:30,lunch,free,56 EUR,
2026-09-24 12:00,2026-09-24,Thu,weekday,Padel Treviso,padel-treviso,4 COPERTO,indoor,14:00,afternoon,free,56 EUR,
2026-09-24 12:00,2026-09-24,Thu,weekday,Padel Treviso,padel-treviso,Kuikma Indoor,indoor,12:30,lunch,free,,
2026-09-24 12:00,2026-09-24,Thu,weekday,Padel Treviso,padel-treviso,Kuikma Indoor,indoor,13:00,lunch,booked,,
2026-09-24 12:00,2026-09-24,Thu,weekday,Padel Treviso,padel-treviso,Kuikma Indoor,indoor,13:30,lunch,booked,,
2026-09-24 12:00,2026-09-24,Thu,weekday,Padel Treviso,padel-treviso,Kuikma Indoor,indoor,14:00,afternoon,booked,,
2026-09-24 12:00,2026-09-24,Thu,weekday,Padel Treviso,padel-treviso,6 Indoor,indoor,12:30,lunch,free,,
2026-09-24 12:00,2026-09-24,Thu,weekday,Padel Treviso,padel-treviso,6 Indoor,indoor,13:00,lunch,booked,,
2026-09-24 12:00,2026-09-24,Thu,weekday,Padel Treviso,padel-treviso,6 Indoor,indoor,13:30,lunch,booked,,
2026-09-24 12:00,2026-09-24,Thu,weekday,Padel Treviso,padel-treviso,6 Indoor,indoor,14:00,afternoon,booked,,
2026-09-24 12:00,2026-09-24,Thu,weekday,Padel Treviso,padel-treviso,My Gym City Indoor,indoor,12:30,lunch,free,,
2026-09-24 12:00,2026-09-24,Thu,weekday,Padel Treviso,padel-treviso,My Gym City Indoor,indoor,13:00,lunch,free,,
2026-09-24 12:00,2026-09-24,Thu,weekday,Padel Treviso,padel-treviso,My Gym City Indoor,indoor,13:30,lunch,free,56 EUR,
2026-09-24 12:00,2026-09-24,Thu,weekday,Padel Treviso,padel-treviso,My Gym City Indoor,indoor,14:00,afternoon,free,,
2026-09-24 12:00,2026-09-24,Thu,weekday,Padel Treviso,padel-treviso,8 Esterno,outdoor,12:30,lunch,free,,
2026-09-24 12:00,2026-09-24,Thu,weekday,Padel Treviso,padel-treviso,8 Esterno,outdoor,13:00,lunch,free,,
2026-09-24 12:00,2026-09-24,Thu,weekday,Padel Treviso,padel-treviso,8 Esterno,outdoor,13:30,lunch,free,40 EUR,
2026-09-24 12:00,2026-09-24,Thu,weekday,Padel Treviso,padel-treviso,8 Esterno,outdoor,14:00,afternoon,free,,
2026-09-24 12:00,2026-09-24,Thu,weekday,Padel Treviso,padel-treviso,9 Gioielleria Minotto Istrana,indoor,12:30,lunch,free,,
2026-09-24 12:00,2026-09-24,Thu,weekday,Padel Treviso,padel-treviso,9 Gioielleria Minotto Istrana,indoor,13:00,lunch,free,56 EUR,
2026-09-24 12:00,2026-09-24,Thu,weekday,Padel Treviso,padel-treviso,9 Gioielleria Minotto Istrana,indoor,13:30,lunch,free,,
2026-09-24 12:00,2026-09-24,Thu,weekday,Padel Treviso,padel-treviso,9 Gioielleria Minotto Istrana,indoor,14:00,afternoon,free,,
2026-09-24 12:00,2026-09-24,Thu,weekday,Padel Treviso,padel-treviso,10 Gioielleria Minotto Istrana,indoor,12:30,lunch,free,,
2026-09-24 12:00,2026-09-24,Thu,weekday,Padel Treviso,padel-treviso,10 Gioielleria Minotto Istrana,indoor,13:00,lunch,free,56 EUR,
2026-09-24 12:00,2026-09-24,Thu,weekday,Padel Treviso,padel-treviso,10 Gioielleria Minotto Istrana,indoor,13:30,lunch,free,,
2026-09-24 12:00,2026-09-24,Thu,weekday,Padel Treviso,padel-treviso,10 Gioielleria Minotto Istrana,indoor,14:00,afternoon,free,,
2026-09-24 12:00,2026-09-24,Thu,weekday,Padel Treviso,padel-treviso,Singolo A Esterno,outdoor,12:30,lunch,free,24 EUR,20 EUR
2026-09-24 12:00,2026-09-24,Thu,weekday,Padel Treviso,padel-treviso,Singolo A Esterno,outdoor,13:00,lunch,free,24 EUR,20 EUR
2026-09-24 12:00,2026-09-24,Thu,weekday,Padel Treviso,padel-treviso,Singolo A Esterno,outdoor,13:30,lunch,free,24 EUR,20 EUR
2026-09-24 12:00,2026-09-24,Thu,weekday,Padel Treviso,padel-treviso,Singolo A Esterno,outdoor,14:00,afternoon,free,24 EUR,20 EUR
2026-09-24 12:00,2026-09-24,Thu,weekday,Padel Treviso,padel-treviso,Singolo B Esterno,outdoor,12:30,lunch,free,24 EUR,20 EUR
2026-09-24 12:00,2026-09-24,Thu,weekday,Padel Treviso,padel-treviso,Singolo B Esterno,outdoor,13:00,lunch,free,24 EUR,20 EUR
2026-09-24 12:00,2026-09-24,Thu,weekday,Padel Treviso,padel-treviso,Singolo B Esterno,outdoor,13:30,lunch,free,24 EUR,20 EUR
2026-09-24 12:00,2026-09-24,Thu,weekday,Padel Treviso,padel-treviso,Singolo B Esterno,outdoor,14:00,afternoon,free,24 EUR,20 EUR
2026-09-24 12:00,2026-09-24,Thu,weekday,Altino Sport Village,altino-sport-village,Padel 1,indoor,12:30,lunch,free,30 EUR,30 EUR
2026-09-24 12:00,2026-09-24,Thu,weekday,Altino Sport Village,altino-sport-village,Padel 1,indoor,13:00,lunch,free,30 EUR,30 EUR
2026-09-24 12:00,2026-09-24,Thu,weekday,Altino Sport Village,altino-sport-village,Padel 1,indoor,13:30,lunch,free,30 EUR,30 EUR
2026-09-24 12:00,2026-09-24,Thu,weekday,Altino Sport Village,altino-sport-village,Padel 1,indoor,14:00,afternoon,free,30 EUR,30 EUR
2026-09-24 12:00,2026-09-24,Thu,weekday,Altino Sport Village,altino-sport-village,Padel 2,indoor,12:30,lunch,free,30 EUR,30 EUR
2026-09-24 12:00,2026-09-24,Thu,weekday,Altino Sport Village,altino-sport-village,Padel 2,indoor,13:00,lunch,free,30 EUR,30 EUR
2026-09-24 12:00,2026-09-24,Thu,weekday,Altino Sport Village,altino-sport-village,Padel 2,indoor,13:30,lunch,free,30 EUR,30 EUR
2026-09-24 12:00,2026-09-24,Thu,weekday,Altino Sport Village,altino-sport-village,Padel 2,indoor,14:00,afternoon,free,30 EUR,30 EUR
2026-09-24 12:00,2026-09-24,Thu,weekday,Barchessa Padel e Pikleball,barchessa-pickleball,PADEL 1,indoor,12:30,lunch,free,40 EUR,27 EUR
2026-09-24 12:00,2026-09-24,Thu,weekday,Barchessa Padel e Pikleball,barchessa-pickleball,PADEL 1,indoor,13:00,lunch,free,40 EUR,27 EUR
2026-09-24 12:00,2026-09-24,Thu,weekday,Barchessa Padel e Pikleball,barchessa-pickleball,PADEL 1,indoor,13:30,lunch,free,40 EUR,27 EUR
2026-09-24 12:00,2026-09-24,Thu,weekday,Barchessa Padel e Pikleball,barchessa-pickleball,PADEL 1,indoor,14:00,afternoon,free,40 EUR,27 EUR
2026-09-24 12:00,2026-09-24,Thu,weekday,Barchessa Padel e Pikleball,barchessa-pickleball,PADEL  2,indoor,12:30,lunch,free,40 EUR,27 EUR
2026-09-24 12:00,2026-09-24,Thu,weekday,Barchessa Padel e Pikleball,barchessa-pickleball,PADEL  2,indoor,13:00,lunch,free,40 EUR,27 EUR
2026-09-24 12:00,2026-09-24,Thu,weekday,Barchessa Padel e Pikleball,barchessa-pickleball,PADEL  2,indoor,13:30,lunch,free,40 EUR,27 EUR
2026-09-24 12:00,2026-09-24,Thu,weekday,Barchessa Padel e Pikleball,barchessa-pickleball,PADEL  2,indoor,14:00,afternoon,free,40 EUR,27 EUR
2026-09-24 12:00,2026-09-24,Thu,weekday,Barchessa Padel e Pikleball,barchessa-pickleball,PADEL  3,indoor,12:30,lunch,free,,
2026-09-24 12:00,2026-09-24,Thu,weekday,Barchessa Padel e Pikleball,barchessa-pickleball,PADEL  3,indoor,13:00,lunch,booked,,
2026-09-24 12:00,2026-09-24,Thu,weekday,Barchessa Padel e Pikleball,barchessa-pickleball,PADEL  3,indoor,13:30,lunch,booked,,
2026-09-24 12:00,2026-09-24,Thu,weekday,Barchessa Padel e Pikleball,barchessa-pickleball,PADEL  3,indoor,14:00,afternoon,free,40 EUR,27 EUR
2026-09-24 12:00,2026-09-24,Thu,weekday,SPH - Treviso Sporting,sph-treviso-sporting,Campo 4,indoor,12:30,lunch,free,46.66 EUR,31 EUR
2026-09-24 12:00,2026-09-24,Thu,weekday,SPH - Treviso Sporting,sph-treviso-sporting,Campo 4,indoor,13:00,lunch,free,50 EUR,34 EUR
2026-09-24 12:00,2026-09-24,Thu,weekday,SPH - Treviso Sporting,sph-treviso-sporting,Campo 4,indoor,13:30,lunch,free,50 EUR,34 EUR
2026-09-24 12:00,2026-09-24,Thu,weekday,SPH - Treviso Sporting,sph-treviso-sporting,Campo 4,indoor,14:00,afternoon,free,50 EUR,34 EUR
2026-09-24 12:00,2026-09-24,Thu,weekday,SPH - Treviso Sporting,sph-treviso-sporting,Campo 5,indoor,12:30,lunch,free,46.66 EUR,31 EUR
2026-09-24 12:00,2026-09-24,Thu,weekday,SPH - Treviso Sporting,sph-treviso-sporting,Campo 5,indoor,13:00,lunch,free,50 EUR,34 EUR
2026-09-24 12:00,2026-09-24,Thu,weekday,SPH - Treviso Sporting,sph-treviso-sporting,Campo 5,indoor,13:30,lunch,free,50 EUR,34 EUR
2026-09-24 12:00,2026-09-24,Thu,weekday,SPH - Treviso Sporting,sph-treviso-sporting,Campo 5,indoor,14:00,afternoon,free,50 EUR,34 EUR
2026-09-24 12:00,2026-09-24,Thu,weekday,SPH - Treviso Sporting,sph-treviso-sporting,Campo 6,indoor,12:30,lunch,free,,
2026-09-24 12:00,2026-09-24,Thu,weekday,SPH - Treviso Sporting,sph-treviso-sporting,Campo 6,indoor,13:00,lunch,free,50 EUR,34 EUR
2026-09-24 12:00,2026-09-24,Thu,weekday,SPH - Treviso Sporting,sph-treviso-sporting,Campo 6,indoor,13:30,lunch,free,50 EUR,34 EUR
2026-09-24 12:00,2026-09-24,Thu,weekday,SPH - Treviso Sporting,sph-treviso-sporting,Campo 6,indoor,14:00,afternoon,free,50 EUR,34 EUR
2026-09-24 12:00,2026-09-24,Thu,weekday,SPH - Treviso Sporting,sph-treviso-sporting,Campo 7,indoor,12:30,lunch,free,46.66 EUR,
2026-09-24 12:00,2026-09-24,Thu,weekday,SPH - Treviso Sporting,sph-treviso-sporting,Campo 7,indoor,13:00,lunch,free,,34 EUR
2026-09-24 12:00,2026-09-24,Thu,weekday,SPH - Treviso Sporting,sph-treviso-sporting,Campo 7,indoor,13:30,lunch,free,,
2026-09-24 12:00,2026-09-24,Thu,weekday,SPH - Treviso Sporting,sph-treviso-sporting,Campo 7,indoor,14:00,afternoon,booked,,
2026-09-24 12:00,2026-09-24,Thu,weekday,SPH - Treviso Sporting,sph-treviso-sporting,Campo 1,outdoor,12:30,lunch,free,40 EUR,28 EUR
2026-09-24 12:00,2026-09-24,Thu,weekday,SPH - Treviso Sporting,sph-treviso-sporting,Campo 1,outdoor,13:00,lunch,free,40 EUR,28 EUR
2026-09-24 12:00,2026-09-24,Thu,weekday,SPH - Treviso Sporting,sph-treviso-sporting,Campo 1,outdoor,13:30,lunch,free,40 EUR,28 EUR
2026-09-24 12:00,2026-09-24,Thu,weekday,SPH - Treviso Sporting,sph-treviso-sporting,Campo 1,outdoor,14:00,afternoon,free,40 EUR,28 EUR
2026-09-24 12:00,2026-09-24,Thu,weekday,SPH - Treviso Sporting,sph-treviso-sporting,Campo 2,outdoor,12:30,lunch,free,40 EUR,28 EUR
2026-09-24 12:00,2026-09-24,Thu,weekday,SPH - Treviso Sporting,sph-treviso-sporting,Campo 2,outdoor,13:00,lunch,free,40 EUR,28 EUR
2026-09-24 12:00,2026-09-24,Thu,weekday,SPH - Treviso Sporting,sph-treviso-sporting,Campo 2,outdoor,13:30,lunch,free,40 EUR,28 EUR
2026-09-24 12:00,2026-09-24,Thu,weekday,SPH - Treviso Sporting,sph-treviso-sporting,Campo 2,outdoor,14:00,afternoon,free,,28 EUR
2026-09-24 12:00,2026-09-24,Thu,weekday,SPH - Treviso Sporting,sph-treviso-sporting,Campo 3,outdoor,12:30,lunch,free,40 EUR,28 EUR
2026-09-24 12:00,2026-09-24,Thu,weekday,SPH - Treviso Sporting,sph-treviso-sporting,Campo 3,outdoor,13:00,lunch,free,40 EUR,28 EUR
2026-09-24 12:00,2026-09-24,Thu,weekday,SPH - Treviso Sporting,sph-treviso-sporting,Campo 3,outdoor,13:30,lunch,free,40 EUR,28 EUR
2026-09-24 12:00,2026-09-24,Thu,weekday,SPH - Treviso Sporting,sph-treviso-sporting,Campo 3,outdoor,14:00,afternoon,free,40 EUR,28 EUR
2026-09-24 12:00,2026-09-24,Thu,weekday,Marina Sporting,marina-sporting,Padel 1,outdoor,12:30,lunch,booked,,
2026-09-24 12:00,2026-09-24,Thu,weekday,Marina Sporting,marina-sporting,Padel 1,outdoor,13:00,lunch,free,44 EUR,
2026-09-24 12:00,2026-09-24,Thu,weekday,Marina Sporting,marina-sporting,Padel 1,outdoor,13:30,lunch,free,,
2026-09-24 12:00,2026-09-24,Thu,weekday,Marina Sporting,marina-sporting,Padel 1,outdoor,14:00,afternoon,free,,
2026-09-24 12:00,2026-09-24,Thu,weekday,Marina Sporting,marina-sporting,Padel 2,outdoor,12:30,lunch,booked,,
2026-09-24 12:00,2026-09-24,Thu,weekday,Marina Sporting,marina-sporting,Padel 2,outdoor,13:00,lunch,free,44 EUR,
2026-09-24 12:00,2026-09-24,Thu,weekday,Marina Sporting,marina-sporting,Padel 2,outdoor,13:30,lunch,free,,
2026-09-24 12:00,2026-09-24,Thu,weekday,Marina Sporting,marina-sporting,Padel 2,outdoor,14:00,afternoon,free,,
