seen_on,city,area,storage_id,name,lat,lng,capacity,is_locker,open_24_7,reviews,rating,price_eur
2026-09-23,rome,termini,1109,Luggage Storage Termini,41.9016897,12.5038461,300,False,True,4287,4.74,5.0
2026-09-23,rome,termini,6453333,Luggage Storage Termini / Piazza Dei Cinquecento,41.90026471068203,12.500172257423403,100,False,False,434,4.66,5.0
2026-09-23,rome,tiburtina,4763,Luggage Storage Tiburtina Terminal,41.9105495,12.5290035,65,False,False,416,4.7,5.0
2026-09-23,rome,pantheon,255,Luggage Storage Rome Pantheon,41.8979358,12.4750959,9999,False,False,445,4.94,5.0
2026-09-23,rome,colosseum,3690,Luggage Storage Colosseum Station,41.889243,12.493952,50,False,False,246,4.69,5.0
2026-09-23,rome,termini,739,Luggage Storage Marsala - Termini,41.9018069,12.5032898,200,False,False,1473,4.82,5.0
2026-09-23,rome,trastevere,913,Luggage Storage Viale Trastevere,41.878511,12.4665107,80,False,True,316,4.72,5.0
2026-09-23,rome,roma-vatican-museums,6459809,Luggage Storage near Vatican Museums,41.9074799,12.4543408,50,False,False,182,4.92,5.0
2026-09-23,rome,roman-forum,34,Luggage Storage Fori Imperiali,41.8936151,12.4890927,9999,False,False,294,4.89,5.0
2026-09-23,rome,tiburtina,4599,Luggage Storage Tiburtina Train Station,41.9100447,12.5282102,80,False,False,318,4.8,5.0
2026-09-23,rome,ostiense,44,Luggage Storage Ostiense,41.8710601,12.4802582,9999,False,False,122,4.79,5.0
2026-09-23,rome,navona,21,Luggage Storage Navona,41.8966295,12.4747104,100,False,False,285,4.86,5.0
2026-09-23,rome,termini,1352,Luggage Storage Termini Station,41.9018514,12.5041755,60,False,False,244,4.74,5.0
2026-09-23,rome,vatican,6215,Luggage Storage Viale Vaticano,41.90659,12.450183,50,False,False,13,4.85,5.0
2026-09-23,rome,vatican,4869,Luggage Storage Vatican City,41.8998828,12.4519596,45,False,False,119,4.81,5.0
2026-09-23,rome,trevi,4738,Luggage Storage Trevi Fountain,41.9013215,12.4804808,50,False,False,143,4.82,5.0
2026-09-23,rome,pantheon,57,Luggage Storage Pantheon - Rome Center,41.9021912,12.4758043,9999,False,False,141,4.88,5.0
2026-09-23,rome,san-giovanni,19,Luggage Storage S. Giovanni In Laterano,41.886773,12.5087694,9999,False,False,101,4.82,5.0
2026-09-23,rome,trevi,6450924,Luggage Storage Piazza Barberini,41.9039227,12.4871546,100,False,False,257,4.77,5.0
2026-09-23,rome,trastevere,5598,Luggage Storage Trastevere San Cosimato,41.8874741,12.4701666,50,False,False,230,4.8,5.0
2026-09-23,rome,termini,5684,Luggage Storage Termini Rome,41.9016822,12.5036261,50,False,False,211,4.78,5.0
2026-09-23,rome,porta-s-paolo,5011,Luggage Storage Piramide Metro Station,41.8747556,12.4808876,60,False,False,164,4.84,5.0
2026-09-23,rome,pantheon,4900,Luggage Storage Teatro Argentina,41.8994481,12.475554,200,False,False,68,4.87,5.0
2026-09-23,rome,termini,4695,Luggage Storage Giolitti / Termini Station,41.8999731,12.5012718,250,False,False,1115,4.75,5.0
2026-09-23,rome,pantheon,5067,Luggage Storage Campo De Fiori,41.8942516,12.4740395,40,False,False,61,4.71,5.0
2026-09-23,rome,trevi,6269,Luggage Storage Quirinal Palace,41.902347,12.485574,35,False,False,51,4.82,5.0
2026-09-23,rome,via-del-corso,5660,Luggage Storage Via Del Corso,41.90701600000001,12.4780093,25,False,False,33,4.94,5.0
2026-09-23,rome,spanish-steps,5582,Luggage Storage Villa Borghese,41.9087158,12.4882572,50,False,False,67,4.88,5.0
2026-09-23,rome,s-pietro,4867,Luggage Storage Roma S.pietro Station,41.8982333,12.4566378,25,False,False,74,4.75,5.0
2026-09-23,rome,largo-di-torre-argentina,7234,Luggage Storage Via Di Torre Argentina,41.8951439,12.4760236,100,False,False,43,4.98,5.0
2026-09-23,rome,navona,849,Luggage Storage Umberto I Bridge,41.9022721,12.4737576,30,False,False,39,4.89,5.0
2026-09-23,rome,castro-pretorio,398,Luggage Storage Castro Pretorio,41.9039128,12.5016197,9999,False,False,18,4.85,5.0
2026-09-23,rome,ostiense,1828,Luggage Storage Eataly,41.8700643,12.484767,30,False,False,77,4.81,5.0
2026-09-23,rome,san-giovanni,2524,Luggage Storage Holy Stairs,41.8850011,12.5110383,10,False,False,18,4.91,5.0
2026-09-23,rome,san-giovanni,15,Luggage Storage S.giovanni,41.8835655,12.5191942,9999,False,False,7,4.94,5.0
2026-09-23,rome,piazza-del-popolo,9875,Luggage Storage Flaminio Train Station,41.9125368,12.4757278,100,False,False,32,4.75,5.0
2026-09-23,rome,ciampino,9140,Luggage Storage Ciampino Railway Station,41.8033074,12.5987664,30,False,False,7,4.67,5.0
2026-09-23,rome,parioli,8885,Luggage Storage Mancini Bus Terminal,41.9317239,12.4656344,20,False,False,8,4.78,5.0
2026-09-23,rome,piazza-campo-de-fiori,8669,Luggage Storage Piazza Campo De Fiori,41.894767,12.472268,25,False,False,43,4.8,5.0
2026-09-23,rome,tiburtina,8637,Luggage Storage Monti Tiburtini Metro Station,41.915924,12.5461951,50,False,False,0,4.5,1.6
2026-09-23,rome,repubblica,8600,Luggage Storage Repubblica Metro Station,41.9021322,12.4956822,40,False,False,9,4.86,5.0
2026-09-23,rome,trastevere,7987,Luggage Storage Fontana Di Ponte Sisto,41.8911366,12.4690496,35,False,False,155,4.97,5.0
2026-09-23,rome,termini,7703,Luggage Storage Termini Railway Station,41.8999166,12.5003443,100,False,False,95,4.93,5.0
2026-09-23,rome,esquilino,6984,Luggage Storage Manzoni Metro Station,41.8900882957161,12.506116032600403,50,False,False,55,4.57,5.0
2026-09-23,rome,termini,6835,Luggage Storage Cipro Metro Station Area,41.9070249,12.4443667,30,False,False,30,4.94,5.0
2026-09-23,rome,ottaviano,6474434,Luggage Storage Via Germanico / Vatican,41.9084224,12.4600064,30,False,False,0,0,5.0
2026-09-23,rome,vatican,6474238,Luggage Storage Via Vespasiano / Vatican,41.907246,12.4566033,60,False,False,0,0,5.0
2026-09-23,rome,vittorio-emanuele,6473556,Luggage Storage near Basilica of San Clemente,41.889528,12.500415,20,False,False,1,5,5.0
2026-09-23,rome,vatican,6473173,Luggage Storage Rome Vatican Museums,41.90757740000001,12.4557753,12,True,False,1,5,9.95
2026-09-23,rome,roma-vatican-museums,6473172,Luggage Storage St Peter's Square,41.9035964,12.4583425,12,True,False,2,4.5,9.95
2026-09-23,rome,termini,6473159,Luggage Storage Via Marghera / Via Dei Mille,41.9030464,12.5047309,10,False,True,2,4,5.0
2026-09-23,rome,pantheon,6473158,Luggage Storage Pantheon,41.9000912,12.4776808,12,True,False,3,5,9.95
2026-09-23,rome,roma-vatican-museums,6473149,Luggage Storage Via della Giuliana,41.9110073,12.454963,100,False,False,0,0,5.0
2026-09-23,rome,san-giovanni,6473098,Luggage Storage Viale Carlo Felice,41.887263,12.510707,10,False,False,0,0,5.0
2026-09-23,rome,termini,6473095,Luggage Storage Viminale Bus Stop,41.9000558,12.494365,40,False,False,1,5,5.0
2026-09-23,rome,navona,6473024,Luggage Storage Via della Pace,41.8993393,12.4709953,50,False,False,9,5,5.0
2026-09-23,rome,navona,6473023,Luggage Storage Fontana dei Quattro Fiumi,41.8992561,12.4718978,60,False,False,0,0,5.0
2026-09-23,rome,navona,6473022,Luggage Storage Navona / Neptune Fountain,41.8999864,12.4723356,60,False,False,4,4.5,5.0
2026-09-23,rome,colosseum,6473021,Luggage Storage Cavour / Ricci,41.8940929,12.4905898,25,False,False,3,4.67,5.0
2026-09-23,rome,termini,6472962,Luggage Storage Termini / Amendola,41.8994136,12.5005238,18,True,False,14,4.91,9.95
2026-09-23,rome,termini,6472955,Luggage Storage Milazzo / Termini Station,41.9019169,12.5041452,100,False,True,0,0,5.0
2026-09-23,rome,termini,6472954,Luggage Storage Marsala / Milazzo,41.9019169,12.5041452,100,False,True,0,0,5.0
2026-09-23,rome,termini,6472953,Luggage Storage Milazzo / Magenta,41.9019169,12.5041452,100,False,True,1,5,5.0
2026-09-23,rome,pantheon,6472396,Luggage Storage near Pantheon,41.8999908,12.4759384,35,False,False,1,5,5.0
2026-09-23,rome,flaminio,6472354,Luggage Storage near Piazza del Popolo,41.9088202,12.4772215,50,False,False,5,5,5.0
2026-09-23,rome,cavour,6472350,Luggage Storage Piazza Cavour,41.90530150000001,12.4681835,35,False,False,7,5,5.0
2026-09-23,rome,prati,6472346,Luggage Storage Via Orazio,41.907573,12.4663854,70,False,False,3,4.67,5.0
2026-09-23,rome,termini,6471173,Luggage Storage Termini (Ma-Mb-Fs),41.9001689,12.500642,100,False,False,50,4.74,5.0
2026-09-23,rome,termini,6471145,Luggage Storage Via Marsala,41.9013333,12.5042274,100,False,False,7,4.57,5.0
2026-09-23,rome,prati,6471093,Luggage Storage Cicerone / Cola di Rienzo,41.90819159999999,12.4677914,25,False,False,9,4.89,5.0
2026-09-23,rome,vatican,6470823,Luggage Storage Scalia / Cipro,41.9071649,12.4455888,50,False,False,2,5,5.0
2026-09-23,rome,colosseum,6470781,Luggage Storage near Colosseo,41.88855,12.49607,20,False,False,8,5,5.0
2026-09-23,rome,pigneto,6470573,Luggage Storage Piazzale Prenestino,41.8906651,12.5260749,50,False,False,2,4,5.0
2026-09-23,rome,ostiense,6470456,Luggage Storage Ostiense/Matteucci,41.8727078,12.4805332,50,False,False,7,4.57,5.0
2026-09-23,rome,ostiense,6470455,Luggage Storage near Ostiense,41.8716515,12.4838086,20,False,False,12,4.46,5.0
2026-09-23,rome,ostiense,6470454,Luggage Storage Basilica S. Paolo,41.85499919999999,12.478811,50,False,False,3,4.67,5.0
2026-09-23,rome,termini,6470329,Luggage Storage Manin / Termini,41.8988048,12.4990903,30,False,True,4,4.8,5.0
2026-09-23,rome,Municipio-Roma-X,6470296,Luggage Storage Casal Palocco,41.7511662,12.3610855,30,False,False,0,0,5.0
2026-09-23,rome,furio-camillo,6470292,Luggage Storage near Colli Albani Metro Station,41.86878249999999,12.530952,20,False,False,3,5,5.0
2026-09-23,rome,pigneto-prenestina,6470291,Luggage Storage Ponte Casilino,41.8902747,12.5228139,50,False,False,0,0,5.0
2026-09-23,rome,trevi,6470245,Luggage Storage near Galleria Colonna,41.8976443,12.4832462,100,False,False,0,0,5.0
2026-09-23,rome,monti,6470209,Luggage Storage Via Cavour / Monti,41.8959834,12.4947617,100,False,False,7,4.57,5.0
2026-09-23,rome,san-giovanni,6470190,Luggage Storage Ponte Lungo Metro Station,41.87820300000001,12.515946,25,False,False,1,5,5.0
2026-09-23,rome,pigneto,6470156,Luggage Storage Pigneto Metro Station,41.89039,12.52801,20,False,False,3,4,5.0
2026-09-23,rome,trastevere,6470104,Luggage Storage near Circo Massimo Metro Station,41.8833118,12.4872626,200,False,False,3,4.33,5.0
2026-09-23,rome,termini,6469828,Luggage Storage Piazza dell'Esquilino,41.8978714,12.4963254,500,False,False,5,5,5.0
2026-09-23,rome,ottaviano,6469746,Luggage Storage Via Rodi,41.912836,12.4538062,30,False,False,4,5,5.0
2026-09-23,rome,repubblica,6469637,Luggage Storage Via Quattro Fontane,41.9012862,12.4920765,50,False,False,2,4.5,5.0
2026-09-23,rome,termini,6469390,Luggage Storage Giolitti / Cappellini,41.8977268,12.5048296,20,False,False,19,4.42,5.0
2026-09-23,rome,ostia-1,6468366,Luggage Storage Corso Duca di Genova,41.7323864,12.2767167,40,False,False,5,4.67,5.0
2026-09-23,rome,prati,6468191,Luggage Storage Via degli Scipioni,41.90849679999999,12.4583092,30,False,False,37,4.57,5.0
2026-09-23,rome,pantheon,6468018,Luggage Storage near Piazza del Gesù,41.8957711,12.4785233,50,False,False,14,4.71,5.0
2026-09-23,rome,esquilino,6463301,Luggage Storage Vittorio Emanuele Metro Station,41.8947107,12.5068405,20,False,False,4,4.5,5.0
2026-09-23,rome,esquilino,6463300,Luggage Storage Porta Maggiore,41.89176,12.51377,30,False,False,6,4.43,5.0
2026-09-23,rome,trastevere,6463283,Luggage Storage Roma Trastevere,41.8859931,12.4712682,20,False,False,19,4.84,5.0
2026-09-23,rome,termini,6463200,Luggage Storage Via Milazzo / Termini,41.9021643,12.5047868,20,False,False,4,4.5,5.0
2026-09-23,rome,san-lorenzo,6463191,Luggage Storage Piazza Dei Sanniti,41.8989189,12.5150785,10,False,False,1,5,5.0
2026-09-23,rome,s-pietro,6463140,Luggage Storage near Paul VI Hall,41.9001013,12.4553668,20,False,False,6,4.86,5.0
2026-09-23,rome,roman-forum,6463113,Luggage Storage Ponte Cavour,41.9058398,12.4734469,20,False,False,1,4,5.0
2026-09-23,rome,pantheon,6462317,Luggage Storage near Galleria Doria Pamphilj,41.8973641,12.4820041,20,False,False,34,4.71,5.0
2026-09-23,rome,lepanto,6462316,Luggage Storage Roma Ottaviano,41.9090028,12.4574604,35,False,False,81,4.63,5.0
2026-09-23,rome,flaminio,6462296,Luggage Storage Piazzale Flaminio,41.91236370000001,12.4762863,20,False,False,4,5,5.0
2026-09-23,rome,repubblica,6462240,Luggage Storage Tritone/ Barberini,41.9031756,12.4862491,40,False,False,37,4.64,5.0
2026-09-23,rome,colosseum,6462225,Luggage Storage Colosseo Transit Stop,41.8892567,12.4958351,20,False,False,6,4.5,5.0
2026-09-23,rome,san-giovanni,6462224,Luggage Storage Porta S. Giovanni,41.8868953,12.5087003,20,False,False,13,5,5.0
2026-09-23,rome,manzoni,6462223,Luggage Storage Via Emanuele Filiberto,41.8891844,12.5071327,20,False,False,1,4,5.0
2026-09-23,rome,trastevere,6461932,Luggage Storage near Piazza Trilussa,41.8917755,12.4687472,20,False,False,27,4.76,5.0
2026-09-23,rome,ostiense,6461925,Luggage Storage Ostiense Railway Station,41.871929,12.480405,20,False,False,18,4.47,5.0
2026-09-23,rome,portuense,6461877,Luggage Storage Trastevere Train Station,41.8673939,12.4654917,100,False,False,0,0,5.0
2026-09-23,rome,s-pietro,6461618,Luggage Storage near St. Angelo Bridge,41.8996495,12.4661656,50,False,False,38,4.65,5.0
2026-09-23,rome,trastevere,6461559,Luggage Storage Marconi/Meucci,41.8675504,12.4692847,20,False,False,0,5,5.0
2026-09-23,rome,vittorio-emanuele,6461501,Luggage Storage Via Cairoli / Piazza Vittorio Emanuele,41.8944846,12.5080654,100,False,False,6,4.33,1.6
2026-09-23,rome,piazza-di-san-pietro-in-vincoli,6461425,Luggage Storage Cipro/Bragadin,41.9058138,12.446619,20,False,False,25,4.86,5.0
2026-09-23,rome,san-lorenzo,6460798,Luggage Storage Roma San Lorenzo,41.8987457,12.515228,20,False,False,4,4.25,5.0
2026-09-23,rome,termini,6460703,Luggage Storage Via Carlo Cattaneo,41.8990034,12.5016621,20,False,False,19,4.2,5.0
2026-09-23,rome,ottaviano,6460440,Luggage Storage Mercato Trionfale,41.9090956,12.4521083,20,False,False,9,4.89,5.0
2026-09-23,rome,vigne-nuove,6460358,Luggage Storage Vigne Nuove,41.9607991,12.5301171,100,False,False,0,0,1.6
2026-09-23,rome,pantheon,6460295,Luggage Storage Church Of The Gesù,41.8974952,12.4786334,30,False,False,16,4.5,5.0
2026-09-23,rome,primavalle,6460001,Luggage Storage Circonvallazione Cornelia,41.9004678,12.4268028,50,False,False,5,4.4,5.0
2026-09-23,rome,termini,6459912,Luggage Storage Amendola / Termini Station,41.8996747,12.5005237,20,False,False,10,4.68,5.0
2026-09-23,rome,santa-maria-maggiore,6459910,Luggage Storage Gioberti / Santa Maria Maggiore,41.8983534,12.4999137,100,False,False,14,4.88,5.0
2026-09-23,rome,pantheon,6459743,Luggage Storage Basilica Sant'Andrea Della Valle,41.8964952,12.4753857,20,False,False,3,4.9,5.0
2026-09-23,rome,repubblica,6459675,Luggage Storage Piazza Del Viminale,41.8995047,12.495026,25,False,False,15,4.47,5.0
2026-09-23,rome,quartiere-xii-gianicolense,6458599,Luggage Storage Donna Olimpia,41.8762453,12.4538673,20,False,False,1,5,5.0
2026-09-23,rome,pantheon,6458567,Luggage Storage Piazza Dei Calcarari,41.8951723,12.4774968,100,False,False,8,4.88,5.0
2026-09-23,rome,pantheon,6458442,Luggage Storage Vittorio Emanuele / Argentina,41.8962226,12.4758001,40,False,False,13,3.94,5.0
2026-09-23,rome,flaminio,6458349,Luggage Storage near Stadio Olimpico (ONLY FOR STADIUM EVENTS),41.9220251,12.4582228,20,False,False,5,5,1.6
2026-09-23,rome,flaminio,6458348,Luggage Storage Stadio Olimpico (ONLY FOR STADIUM EVENTS),41.92230740000001,12.45854,35,False,False,12,4.86,5.0
2026-09-23,rome,vittorio-emanuele,6458310,Luggage Storage Via Napoleone III,41.8966024,12.502089,20,False,False,1,4.5,5.0
2026-09-23,rome,primavalle,6458086,Luggage Storage Cannuta / Battistini,41.9013935,12.4152678,30,False,False,3,4.8,5.0
2026-09-23,rome,repubblica,6458063,Luggage Storage Largo del Tritone,41.9025244,12.4848425,50,False,False,24,4.7,5.0
2026-09-23,rome,Quartiere-IX-appio-latino,6458036,Luggage Storage Re Di Roma,41.88035829253605,12.513692490749712,35,False,False,67,4.92,5.0
2026-09-23,rome,repubblica,6457946,Luggage Storage near Church of Santa Maria della Vittoria,41.9030824,12.4934025,35,False,False,17,4.8,5.0
2026-09-23,rome,rione-ix-pigna,6457939,Luggage Storage near Trevi Fountain,41.9013687,12.4825617,50,False,False,37,4.88,5.0
2026-09-23,rome,monti,6457898,Luggage Storage Vittorio Emanuele Metro Station,41.8948152,12.5015055,35,False,False,31,4.78,5.0
2026-09-23,rome,castel-sant-angelo,6457822,Luggage Storage near Sant'Angelo Castle,41.90513170000001,12.4684424,60,False,False,362,4.77,5.0
2026-09-23,rome,termini,6457601,Luggage Storage Amedeo / Termini,41.898729,12.5006571,20,False,False,5,3.8,5.0
2026-09-23,rome,esquilino,6457599,Luggage Storage Nuovo Mercato Esquilino,41.8951483,12.5091882,35,False,False,17,4.76,5.0
2026-09-23,rome,vatican,6457407,Luggage Storage Ottaviano Metro Station,41.90853180000001,12.4555521,15,False,False,12,4.47,5.0
2026-09-23,rome,termini,6457349,Luggage Storage Termini Metro Station,41.9030355,12.502664,45,False,True,72,4.81,5.0
2026-09-23,rome,rione-ix-pigna,6457335,Luggage Storage Navona Square,41.8999558,12.4754812,30,False,False,48,4.78,5.0
2026-09-23,rome,rione-ix-pigna,6457288,Luggage Storage Largo di Torre Argentina,41.89520539999999,12.4775661,20,False,False,3,5,5.0
2026-09-23,rome,esquilino,6457222,Luggage Storage Roma Porta Maggiore,41.8912741,12.519346,20,False,False,2,5,5.0
2026-09-23,rome,esquilino,6457220,Luggage Storage Lodi Metro Station,41.886243,12.5179157,40,False,False,2,3.5,5.0
2026-09-23,rome,esquilino,6457185,Luggage Storage Basilica of San Giovanni in Laterano,41.8874876,12.505561,35,False,False,35,4.5,5.0
2026-09-23,rome,monti,6457181,Luggage Storage Roma Colosseo,41.88994400000001,12.4946326,25,False,False,65,4.79,5.0
2026-09-23,rome,monti,6457113,Luggage Storage Urbana / Panisperna,41.8973705,12.4948747,20,False,False,8,4.5,5.0
2026-09-23,rome,monti,6457108,Luggage Storage Roma Monti,41.8952916,12.4931867,35,False,False,53,4.54,5.0
2026-09-23,rome,termini,6457058,Luggage Storage Basilica of Saint Pudentiana,41.8969187,12.4957325,40,False,False,3,4.75,5.0
2026-09-23,rome,quartiere-xv-della-vittoria,6457040,Luggage Storage Piazzale Clodio,41.9171778,12.4558843,20,False,False,7,5,5.0
2026-09-23,rome,san-giovanni,6457022,Luggage Storage Magna Grecia/Tuscolo,41.8813729,12.5079397,35,False,False,11,4.67,5.0
2026-09-23,rome,pantheon,6456917,Luggage Storage Giubbonari / Cairoli,41.8942556,12.4741964,20,False,False,3,4.8,5.0
2026-09-23,rome,piazza-campo-de-fiori,6456889,Luggage Storage Via Dei Giubbonari,41.89441559999999,12.4741782,25,False,False,3,4.84,5.0
2026-09-23,rome,piazza-campo-de-fiori,6456888,Luggage Storage near Campo De' Fiori,41.8961484,12.472619,50,False,False,16,4.62,5.0
2026-09-23,rome,piazza-campo-de-fiori,6456886,Luggage Storage Theatre Of Pompey,41.8953412,12.4741158,30,False,False,2,5,5.0
2026-09-23,rome,termini,6456879,Luggage Storage near Terme Di Diocleziano,41.9038501,12.5006074,30,False,False,14,4.77,5.0
2026-09-23,rome,vatican,6456836,Luggage Storage Cipro,41.9076452,12.4503198,40,False,False,29,4.82,5.0
2026-09-23,rome,trastevere,6456815,Luggage Storage Testaccio,41.8804553,12.4732715,25,False,False,7,5,5.0
2026-09-23,rome,trastevere,6456663,Luggage Storage Viale Guglielmo Marconi,41.8686212,12.4677666,20,False,False,12,5,5.0
2026-09-23,rome,flaminio,6456650,Luggage Storage Mancini Bus Station,41.9309987,12.4662628,25,False,False,5,4.67,5.0
2026-09-23,rome,piazza-di-san-pietro-in-vincoli,6456615,Luggage Storage Basilica Of San Pietro In Vincoli,41.8943622,12.4910481,50,False,False,59,4.55,5.0
2026-09-23,rome,trastevere,6456514,Luggage Storage Piazza Testaccio,41.8799343,12.4780683,50,False,False,33,4.74,5.0
2026-09-23,rome,garbatella,6456416,Luggage Storage Roma Ostiense,41.8720495,12.4796574,50,False,False,6,4.43,5.0
2026-09-23,rome,furio-camillo,6456362,Luggage Storage Appio Latino / Satrico,41.87820139999999,12.5055465,30,False,False,25,4.97,5.0
2026-09-23,rome,nomentana,6456311,Luggage Storage Roma Libia,41.9306814,12.5217068,20,False,False,3,5,5.0
2026-09-23,rome,pantheon,6455957,Luggage Storage Spagna Metro Station,41.9042835,12.4828516,35,False,False,136,4.72,5.0
2026-09-23,rome,collatino,6455729,Luggage Storage Casal Bruciato,41.9094364,12.5462512,100,False,False,2,5,1.6
2026-09-23,rome,flaminio,6455550,Luggage Storage The Music Bridge - Armando Trovajoli,41.927445,12.4633754,35,False,False,12,5,5.0
2026-09-23,rome,trastevere,6455283,Luggage Storage near Trastevere Station,41.8742813,12.4661194,30,False,False,42,4.48,5.0
2026-09-23,rome,fiera-di-roma,6455074,Luggage Storage near Viale Dei Colli Portuensi,41.8733631,12.4449343,30,False,False,3,4.75,5.0
2026-09-23,rome,lepanto,6454985,Luggage Storage Roma Flaminio,41.9119666,12.4755164,25,False,False,24,4.67,5.0
2026-09-23,rome,nomentano,6454965,Luggage Storage Viale Ippocrate,41.9066497,12.5168293,30,False,False,11,4.83,5.0
2026-09-23,rome,portuense,6454526,Luggage Storage Circonvallazione Gianicolense,41.8727093,12.4603073,20,False,False,9,4.85,5.0
2026-09-23,rome,prati,6454471,Luggage Storage Viale Giulio Cesare,41.90876249999999,12.456255,40,False,False,143,4.75,5.0
2026-09-23,rome,trastevere,6454401,Luggage Storage Roma Trastevere Railway Station,41.8754177,12.4660528,100,False,False,79,4.87,5.0
2026-09-23,rome,prati,6454260,Luggage Storage Via Visconti,41.907746,12.470362,50,False,False,29,4.94,5.0
2026-09-23,rome,vatican,6454230,Luggage Storage near Vatican City,41.9074192,12.4568592,30,False,False,76,4.74,5.0
2026-09-23,rome,nomentana,6454157,Luggage Storage near Via Antonio Silvani,41.9503216,12.5182028,45,False,False,27,4.95,5.0
2026-09-23,rome,pantheon,6454062,Luggage Storage Corso Vittorio Emanuele II,41.8964935,12.475485,25,False,False,21,4.86,5.0
2026-09-23,rome,baldo-degli-ubaldi-station,6454059,Luggage Storage Cornelia Metro Station,41.8990289,12.4270094,15,False,False,29,4.47,5.0
2026-09-23,rome,repubblica,6454032,Luggage Storage near Palazzo Delle Esposizioni,41.8996506,12.4918506,50,False,False,20,4.65,5.0
2026-09-23,rome,largo-di-torre-argentina,6453995,Luggage Storage Roma Torre Argentina,41.8958538,12.4781661,35,False,False,28,4.78,5.0
2026-09-23,rome,ottaviano,6453839,Luggage Storage Largo Trionfale / Ottaviano,41.9090834,12.4541789,20,False,False,8,4.38,5.0
2026-09-23,rome,quartiere-xii-gianicolense,6453701,Luggage Storage Gianicolense/Ponte Bianco,41.8722033,12.459727,45,False,False,7,4.88,5.0
2026-09-23,rome,navona,6453616,Luggage Storage Piazza Navona,41.8972791,12.4742877,30,False,False,43,4.48,5.0
2026-09-23,rome,laurentina,6453554,Luggage Storage Laurentina/Mercato,41.8113663,12.4846715,30,False,False,2,3.67,1.6
2026-09-23,rome,termini,6453456,Luggage Storage Via Gioberti / Termini,41.8990611,12.5006408,30,False,False,17,4.79,5.0
2026-09-23,rome,termini,6453452,Luggage Storage Acquario Romano,41.8977172,12.503498,100,False,False,57,4.79,5.0
2026-09-23,rome,monti,6453079,Luggage Storage Via Urbana,41.8968833,12.4947145,25,False,False,10,4.91,5.0
2026-09-23,rome,monti,6452826,Luggage Storage Vittorio Emanuele Square,41.8957763,12.5013711,100,False,False,8,4.75,5.0
2026-09-23,rome,santa-maria-maggiore,6452800,Luggage Storage Via Di Santa Maria Maggiore,41.89767459999999,12.4971649,100,False,False,32,4.78,1.6
2026-09-23,rome,termini,6452726,Luggage Storage Gioberti Roma Termini,41.8996524,12.5011135,100,False,False,80,4.44,5.0
2026-09-23,rome,esquilino,6452653,Luggage Storage Basilica Santa Maria Maggiore,41.89766849999999,12.4970979,30,False,False,21,4.45,5.0
2026-09-23,rome,monti,6452651,Luggage Storage Cavour Metro Station,41.896269,12.4951148,25,False,False,13,4.86,5.0
2026-09-23,rome,colosseum,6452635,Luggage Storage near Circus Maximus,41.8878219,12.4841965,40,False,False,5,4.14,5.0
2026-09-23,rome,nomentana,6452632,Luggage Storage Via Di Novella / Trieste,41.92963899999999,12.5117984,10,False,False,0,0,5.0
2026-09-23,rome,parioli,6452625,Luggage Storage near Foro Italico,41.9310802,12.4654776,45,False,False,35,4.66,5.0
2026-09-23,rome,trastevere,6452589,Luggage Storage near Piazza San Cosimato,41.8864129,12.4692422,10,False,False,2,5,5.0
2026-09-23,rome,garbatella,6452580,Luggage Storage near Circonvallazione Ostiense,41.867992,12.4901793,20,False,False,7,4.57,5.0
2026-09-23,rome,manzoni,6452545,Luggage Storage Giardini Piazza Dante,41.8923047,12.5046757,25,False,False,4,4.6,5.0
2026-09-23,rome,vatican,6452534,Luggage Storage Aurelia / Cavalleggeri,41.89991089999999,12.4532247,35,False,False,10,4.7,5.0
2026-09-23,rome,vatican,6452533,Luggage Storage Passeggiata Del Gelsomino,41.89988719999999,12.4529756,10,False,False,7,5,5.0
2026-09-23,rome,st-peter-basilica,6452532,Luggage Storage Porta Cavalleggeri,41.9000385,12.4550335,35,False,False,28,4.75,5.0
2026-09-23,rome,vatican,6452531,Luggage Storage near Via Cipro,41.9067927,12.4448196,20,False,False,7,4.79,5.0
2026-09-23,rome,villa-borghese,6452519,Luggage Storage Via Veneto,41.9074759,12.4895761,35,False,False,20,4.74,5.0
2026-09-23,rome,cavour,6452487,Luggage Storage Roma Via Cavour,41.89654910000001,12.4949963,50,False,False,23,4.68,5.0
2026-09-23,rome,termini,6452486,Luggage Storage near Museo Delle Illusioni,41.8957495,12.5012235,10,False,False,1,5,5.0
2026-09-23,rome,finocchio,6452473,Luggage Storage near Graniti Metro Station,41.8637828,12.6955662,20,False,False,0,0,1.6
2026-09-23,rome,termini,6452450,Luggage Storage Gioberti / Termini Station,41.89967499999999,12.5012483,100,False,False,24,4.88,5.0
2026-09-23,rome,prati,6452320,Luggage Storage Flaminio Metro Station,41.9135701,12.4749989,50,False,False,12,4.54,5.0
2026-09-23,rome,bocca-della-verita,6452303,Luggage Storage Piazza Belli,41.8893435,12.4755747,40,False,False,47,4.88,5.0
2026-09-23,rome,vatican,6452286,Luggage Storage Cipro Metro Station,41.9079322,12.4461938,100,False,False,113,4.91,5.0
2026-09-23,rome,piazza-del-popolo,6452246,Luggage Storage near Roma Piazza Del Popolo,41.9086838,12.4775693,55,False,False,68,4.77,5.0
2026-09-23,rome,termini,6452181,Luggage Storage near Basilica Santa Maria Maggiore,41.8965817,12.5004038,10,False,False,3,5,5.0
2026-09-23,rome,termini,6452106,Luggage Storage Volturno/Cernaia,41.9050607,12.4991061,25,False,False,21,4.84,5.0
2026-09-23,rome,tiburtina,6452073,Luggage Storage Via Lorenzo Il Magnifico / Tiburtina,41.9117636,12.5268199,20,False,False,2,4,5.0
2026-09-23,rome,brancaccio,6452072,Luggage Storage Largo Brancaccio,41.8949202,12.4990519,20,False,False,19,4.66,5.0
2026-09-23,rome,pantheon,6451949,Luggage Storage Jewish Ghetto,41.8938615,12.4773349,50,False,False,21,4.81,5.0
2026-09-23,rome,castel-sant-angelo,6451893,Luggage Storage Borgo Vittorio,41.9040888,12.4625207,45,False,False,49,4.88,5.0
2026-09-23,rome,manzoni,6451861,Luggage Storage near Manzoni Metro Station,41.8892704,12.5070778,25,False,False,5,4.67,5.0
2026-09-23,rome,la-rustica,6451745,Luggage Storage La Rustica,41.9141762,12.610917,30,False,False,0,0,1.6
2026-09-23,rome,monti,6451743,Luggage Storage Via Filippo Turati / Termini,41.8991754,12.5013936,100,False,False,45,4.88,5.0
2026-09-23,rome,nomentana,6451721,Luggage Storage Prati Fiscali,41.94522720000001,12.5163708,50,False,False,0,0,1.6
2026-09-23,rome,vatican,6451676,Luggage Storage near Teatro Ghione,41.90010059999999,12.4553246,100,False,False,25,4.92,5.0
2026-09-23,rome,monti,6451669,Luggage Storage near Via Cavour,41.8941945,12.4894324,40,False,False,62,4.79,5.0
2026-09-23,rome,casal-monastero,6451633,Luggage Storage Casal Monastero,41.9450539,12.6000496,100,False,False,0,4,1.6
2026-09-23,rome,vatican,6451625,Luggage Storage Borgo Pio,41.9043095,12.4593225,100,False,False,195,4.66,5.0
2026-09-23,rome,vatican,6451603,Luggage Storage Circonvallazione Trionfale,41.9107786,12.4495664,20,False,False,9,4.5,5.0
2026-09-23,rome,roma-stadio-olimpico,6451600,Luggage Storage Stadio Olimpico - Official Storage 6 Nations Rugby,41.9286875,12.4566875,500,False,False,132,4.64,5.0
2026-09-23,rome,vatican,6451598,Luggage Storage Via Aurelia,41.8998525,12.452098,70,False,False,88,4.87,5.0
2026-09-23,rome,piazza-campo-de-fiori,6451596,Luggage Storage Roma Campo De' Fiori,41.8956886,12.4729521,100,False,False,79,4.81,5.0
2026-09-23,rome,tiburtina,6451593,Luggage Storage Via Lorenzo Il Magnifico,41.9121311,12.5248182,20,False,False,12,4.83,5.0
2026-09-23,rome,pantheon,6451590,Luggage Storage Turtle Fountain,41.8938501,12.4759821,30,False,False,18,4.68,5.0
2026-09-23,rome,torre-maura,6451521,Luggage Storage Viale Antonio Ciamarra,41.853357,12.5907363,100,False,False,2,5,5.0
2026-09-23,rome,roman-forum,6451503,Luggage Storage Basilica Papale Di Santa Maria Maggiore,41.8977377,12.5019878,80,False,False,9,4.3,5.0
2026-09-23,rome,castel-sant-angelo,6451488,Luggage Storage Ponte Vittorio Emanuele II,41.9001627,12.465323,70,False,False,37,4.62,5.0
2026-09-23,rome,portuense,6450996,Luggage Storage Piazza Enrico Fermi,41.8640463,12.4731434,20,False,False,8,4.9,5.0
2026-09-23,rome,pantheon,6450927,Luggage Storage Chiesa Di San Francesco A Ripa,41.886125,12.4725871,45,False,False,66,4.7,5.0
2026-09-23,rome,tiburtina,6235,Luggage Storage Via Della Lega Lombarda,41.909895,12.522767,40,False,False,82,4.94,5.0
2026-09-23,rome,ciampino,5958,Luggage Storage Ciampino Station,41.801096,12.599534,15,False,False,0,0,1.6
2026-09-23,rome,trieste,59,Luggage Storage Corso Trieste,41.922216,12.5038771,9999,False,False,6,4.94,5.0
2026-09-23,rome,eur,5609,Luggage Storage Eur Fermi,41.8294149,12.4726857,15,False,False,7,4.85,5.0
2026-09-23,rome,baldo-degli-ubaldi-station,5606,Luggage Storage Baldo Degli Ubaldi Metro Station,41.8993647,12.4342146,30,False,False,5,5,5.0
2026-09-23,rome,termini,5475,Luggage Storage National Museum Of Rome,41.9043306,12.499723,30,False,False,31,4.64,5.0
2026-09-23,rome,labicana,5419,Luggage Storage Via Labicana,41.8898456,12.499324,35,False,False,39,4.76,5.0
2026-09-23,rome,tiburtina,5339,Luggage Storage Roma Tiburtina,41.9117644,12.5265198,15,False,False,13,4.87,5.0
2026-09-23,rome,trastevere,5086,Luggage Storage Piazza Scotti,41.8701211,12.4485837,50,False,False,0,0,5.0
2026-09-23,rome,navona,4879,Luggage Storage Navona Square,41.901824,12.4733661,25,False,False,23,4.95,5.0
2026-09-23,rome,furio-camillo,4878,Luggage Storage Roma Tuscolana Station,41.8773426,12.5247588,30,False,False,20,4.88,5.0
2026-09-23,rome,roma-stadio-olimpico,4875,Luggage Storage Maxxi Museum,41.9297782,12.4656033,30,False,False,18,4.84,5.0
2026-09-23,rome,termini,4762,Luggage Storage Termini Metro Station,41.8994411,12.5005155,700,False,False,20,4.48,5.0
2026-09-23,rome,esquilino,4733,Luggage Storage Esquilino,41.892882,12.50502,200,False,False,36,4.82,5.0
2026-09-23,rome,trastevere,4643,Luggage Storage Via Angelo Tittoni,41.8870572,12.4675781,25,False,False,14,4.47,5.0
2026-09-23,rome,trastevere,4606,Luggage Storage Piazza San Cosimato,41.8871536,12.4685645,30,False,False,25,4.75,5.0
2026-09-23,rome,furio-camillo,4573,Luggage Storage Lodi Metro Station,41.8834857,12.5194715,40,False,False,16,4.84,5.0
2026-09-23,rome,quartiere-xii-gianicolense,4334,Luggage Storage Villa Doria Pamphilj,41.8832424,12.4557852,25,False,False,2,4.5,5.0
2026-09-23,rome,termini,4299,Luggage Storage Piazza Dei Cinquecento,41.9017833,12.4973129,50,False,False,105,4.7,5.0
2026-09-23,rome,spanish-steps,4293,Luggage Storage Via del Corso / Via di Ripetta,41.9061747,12.4783679,45,False,False,98,4.78,5.0
2026-09-23,rome,vatican,4281,Luggage Storage near Vatican Museums Entrance,41.9074499,12.4528185,30,False,False,56,4.64,5.0
2026-09-23,rome,trevi,4255,Luggage Storage Via Del Tritone,41.9023411,12.4870319,50,False,False,91,4.65,5.0
2026-09-23,rome,piazza-del-popolo,4253,Luggage Storage Flaminio,41.91218296014131,12.476142201424514,60,False,False,136,4.77,5.0
2026-09-23,rome,trastevere,4247,Luggage Storage Trastevere,41.8893847,12.4712162,50,False,False,72,4.85,5.0
2026-09-23,rome,colosseum,4124,Luggage Storage Colosseum,41.8897184,12.4955829,50,False,False,192,4.82,5.0
2026-09-23,rome,repubblica,4060,Luggage Storage Repubblica Metro Station,41.9047084,12.4998553,60,False,False,3,4.53,5.0
2026-09-23,rome,aventino,3992,Luggage Storage Aventino,41.8819212,12.4808479,100,False,True,76,4.89,5.0
2026-09-23,rome,baldo-degli-ubaldi-station,3920,Luggage Storage Baldo Degli Ubaldi,41.899719,12.4362032,40,False,False,30,4.82,5.0
2026-09-23,rome,navona,3862,Luggage Storage Rome Navona,41.89908483249622,12.472698390315236,25,False,False,64,4.73,5.0
2026-09-23,rome,piazza-venezia,3860,Luggage Storage Aracoeli,41.8945814,12.4808653,25,False,False,44,4.72,5.0
2026-09-23,rome,vatican,3859,Luggage Storage Rome Vatican Museum Area,41.9068866,12.4525738,30,False,False,25,4.8,5.0
2026-09-23,rome,vatican,3850,Luggage Storage Vatican,41.9075483,12.4570058,45,False,False,95,4.52,5.0
2026-09-23,rome,ciampino,3717,Luggage Storage Ciampino City Center,41.7986193,12.6039121,50,False,False,2,5,5.0
2026-09-23,rome,tiburtina,3693,Luggage Storage Tiburtina,41.9070695,12.5381155,20,False,False,1,3,5.0
2026-09-23,rome,parco-regionale-appia-antica,3587,Luggage Storage Appia Antica,41.8668991,12.5029617,15,False,False,9,4.95,5.0
2026-09-23,rome,monti,3571,Luggage Storage Monti,41.8984308,12.49082,40,False,False,39,4.98,5.0
2026-09-23,rome,castel-sant-angelo,3174,Luggage Storage Castel Sant'angelo,41.9046984,12.4715467,50,False,False,121,4.67,5.0
2026-09-23,rome,vatican,2902,Luggage Storage Valle Aurelia,41.9065897,12.4439103,45,False,False,9,4.81,5.0
2026-09-23,rome,termini,290,Luggage Storage Rome Termini,41.9032781,12.5040925,9999,False,False,38,4.85,5.0
2026-09-23,rome,s-pietro,1185,Luggage Storage S. Pietro,41.8960203,12.4539623,40,False,False,124,4.84,5.0
2026-09-23,rome,ottaviano,1111,Luggage Storage Ottaviano,41.909207,12.453608,30,False,False,61,4.64,5.0
2026-09-23,rome,garbatella,10033,Luggage Storage Trastevere Railway Station,41.8711647,12.4678703,100,False,False,9,4.5,5.0
2026-09-23,rome,porta-pinciana,10025,Luggage Storage Porta Pinciana,41.9087067,12.4904159,5,False,False,82,4.82,5.0
2026-09-23,milan,milan-centrale-railway-station,173,Luggage Storage Milan Centrale Railway Station,45.48922839999999,9.202814799999999,70,False,True,2712,4.78,5.0
2026-09-23,milan,duomo,8468,Luggage Storage Duomo,45.46684277353894,9.19209122657776,500,False,False,1114,4.78,5.0
2026-09-23,milan,milan-centrale-railway-station,5782,Luggage Storage Centrale FS,45.483399,9.2043565,100,False,False,1142,4.8,5.0
2026-09-23,milan,porta-garibaldi-train-station,8939,Luggage Storage Porta Garibaldi Railway Station,45.4866695,9.1888051,40,False,False,218,4.83,5.0
2026-09-23,milan,cadorna,9047,Luggage Storage Cadorna Railway Station,45.468416,9.1768352,200,False,False,519,4.78,5.0
2026-09-23,milan,milan-centrale-railway-station,3521,Luggage Storage Milan Centrale Train Station,45.4821818,9.2089699,300,False,False,494,4.84,5.0
2026-09-23,milan,milan-centrale-railway-station,2299,Luggage Storage Central Station,45.4834613,9.2040507,70,False,False,704,4.85,5.0
2026-09-23,milan,duomo,6452080,Luggage Storage Duomo Milano Metro Station,45.4644108,9.1879366,75,False,False,588,4.7,5.0
2026-09-23,milan,milan-centrale-railway-station,8929,Luggage Storage Lepetit / Milan Centrale,45.483459,9.2051197,120,False,False,320,4.9,5.0
2026-09-23,milan,palazzo-di-giustizia,6550,Luggage Storage Viale Regina Margherita,45.458369,9.204762,30,False,True,51,4.8,5.0
2026-09-23,milan,porta-genova,9028,Luggage Storage Milano Porta Genova Railway Station,45.4529758,9.1717034,65,False,False,179,4.81,5.0
2026-09-23,milan,porta-garibaldi-train-station,5776,Luggage Storage Garibaldi Fs,45.4839032,9.182481,30,False,False,79,4.82,5.0
2026-09-23,milan,san-siro-stadium,9464,Luggage Storage San Siro Stadium,45.4743882,9.116085,1000,False,False,87,4.78,5.0
2026-09-23,milan,san-babila,2709,Luggage Storage San Babila,45.4641762,9.2033386,50,False,True,162,4.55,5.0
2026-09-23,milan,milan-centrale-railway-station,5777,Luggage Storage Milano Centrale,45.488119,9.203010700000002,90,False,False,327,4.68,5.0
2026-09-23,milan,via-torino-via-palla,6977,Luggage Storage Piazza Borromeo,45.461577,9.185101,100,False,False,172,4.78,5.0
2026-09-23,milan,milan-centrale-railway-station,6451052,Luggage Storage Malpensa Shuttle / Milano Centrale,45.4890362,9.2041133,50,False,False,77,4.87,5.0
2026-09-23,milan,porta-genova,3405,Luggage Storage Porta Genova,45.453773,9.170265,35,False,False,79,4.76,5.0
2026-09-23,milan,porta-ticinese,3025,Luggage Storage Naviglio Pavese,45.4471144,9.1795056,15,False,False,54,4.91,5.0
2026-09-23,milan,lanza,1785,Luggage Storage Lanza,45.4713746,9.1816592,45,False,False,200,4.89,5.0
2026-09-23,milan,milan-centrale-railway-station,1988,Luggage Storage Sondrio Station,45.4908856,9.2067466,50,False,False,16,4.88,5.0
2026-09-23,milan,bueno-aires,1532,Luggage Storage Milano Lazzaretto,45.47815079999999,9.2055007,30,False,False,18,4.7,5.0
2026-09-23,milan,porta-romana,9192,Luggage Storage Milano Porta Romana,45.444575,9.211927,35,False,False,22,4.92,5.0
2026-09-23,milan,porta-romana,9099,Luggage Storage Crocetta Metro Station,45.4541759,9.1986034,50,False,False,69,4.72,5.0
2026-09-23,milan,lambrate,9056,Luggage Storage Via Padova / Parco Martiri Della Libertà,45.499706,9.2340304,10,False,False,3,5,0.9
2026-09-23,milan,porta-genova,9049,Luggage Storage Navigli Darsena,45.45493011756081,9.173386842012407,25,False,False,43,4.87,5.0
2026-09-23,milan,milan-centrale-railway-station,9024,Luggage Storage Viale Montello,45.4805467,9.181059399999999,50,False,False,28,4.82,5.0
2026-09-23,milan,corso-buenos-aires,9020,Luggage Storage near Corso Buenos Aires,45.47759930000001,9.210171899999999,20,False,True,27,4.83,5.0
2026-09-23,milan,santa-maria-delle-grazie,8990,Luggage Storage Piazza Virgilio / Cadorna,45.4675686,9.1724149,35,False,False,97,4.92,5.0
2026-09-23,milan,caiazzo,8926,Luggage Storage Caiazzo Metro Station,45.4848193,9.209738399999999,100,False,False,26,4.9,5.0
2026-09-23,milan,loreto,8697,Luggage Storage Piazza Morbegno,45.493629,9.2159078,20,False,False,2,5,5.0
2026-09-23,milan,milan-centrale-railway-station,8635,Luggage Storage Palazzo Lombardia,45.487343,9.1972465,10,False,False,3,5,5.0
2026-09-23,milan,bullona,8634,Luggage Storage Mac Mahon,45.4902149,9.1630864,15,False,False,9,4.9,5.0
2026-09-23,milan,milan-centrale-railway-station,8338,Luggage Storage Milan Train Station,45.4890879,9.204574899999999,100,False,False,154,4.69,5.0
2026-09-23,milan,milan-centrale-railway-station,6991,Luggage Storage Milano Porta Venezia,45.4771436,9.2084915,45,False,True,87,4.64,5.0
2026-09-23,milan,la-fontana,6990,Luggage Storage Church Of Saint Mary Alla Fontana,45.4908164,9.1872929,20,False,False,1,3,5.0
2026-09-23,milan,porta-garibaldi-train-station,6956,Luggage Storage Maciachini Metro Station,45.495862,9.18643,40,False,False,12,4.79,5.0
2026-09-23,milan,duomo,6474442,Luggage Storage Piazza del Duomo,45.4644108,9.1879366,20,False,False,0,0,5.0
2026-09-23,milan,missori,6473109,Luggage Storage Colonne / Vetra,45.4573297,9.1807035,40,False,False,2,5,5.0
2026-09-23,milan,san-babila,6471138,Luggage Storage Via Visconti Di Modrone,45.4645839,9.1999897,10,False,False,2,5,5.0
2026-09-23,milan,milan-centrale-railway-station,6471137,Luggage Storage Centrale / Filzi,45.4879506,9.202802199999999,100,False,False,37,4.65,5.0
2026-09-23,milan,duomo,6471058,Luggage Storage the Duomo of Milan,45.4640261,9.1873718,100,False,False,55,4.87,5.0
2026-09-23,milan,politecnico-di-milano-campus-bovisa-la-masa,6470851,Luggage Storage Milano Bovisa,45.5027288,9.1641552,20,False,True,3,4.67,5.0
2026-09-23,milan,santa-giulia,6470604,Luggage Storage Santa Giulia,45.436957,9.2417644,10,False,False,7,4.89,5.0
2026-09-23,milan,missori,6470560,Luggage Storage near Duomo Square,45.4617212,9.1884015,40,False,False,22,4.68,5.0
2026-09-23,milan,santa-maria-delle-grazie,6470325,Luggage Storage Via de Amicis,45.4608107,9.174368099999999,20,False,False,5,5,5.0
2026-09-23,milan,conchetta,6470318,Luggage Storage Via Conca del Naviglio,45.455303,9.178364799999999,25,False,False,4,4.2,5.0
2026-09-23,milan,missori,6470159,Luggage Storage Santa Sofia,45.45715879999999,9.189873500000001,25,False,False,14,4.57,5.0
2026-09-23,milan,missori,6470158,Luggage Storage Missori / Corso Italia,45.4592413,9.188324300000001,20,False,False,18,4.76,5.0
2026-09-23,milan,porta-ticinese,6469992,Luggage Storage near Bocconi University,45.45289839575538,9.189580678939821,50,False,False,3,5,5.0
2026-09-23,milan,milan-centrale-railway-station,6469903,Luggage Storage Vitruvio / Centrale,45.4831098,9.204816,40,False,False,54,4.72,5.0
2026-09-23,milan,santa-maria-delle-grazie,6469852,Luggage Storage Cadorna Metro Station,45.465743264599894,9.176330566410847,45,False,False,44,4.82,5.0
2026-09-23,milan,milan-centrale-railway-station,6469840,Luggage Storage Viale Andrea Doria,45.4858042,9.2112941,40,False,False,6,4.86,5.0
2026-09-23,milan,bullona,6469727,Luggage Storage Gerusalemme Metro Station,45.4847166,9.166535099999999,100,False,False,2,5,5.0
2026-09-23,milan,porta-genova,6469638,Luggage Storage Navigli / Villoresi,45.4477764,9.162806400000001,50,False,False,5,4.5,5.0
2026-09-23,milan,porta-venezia,6469498,Luggage Storage Piazza Otto Novembre,45.4739616,9.2112871,35,False,False,19,4.73,5.0
2026-09-23,milan,fiera,6469467,Luggage Storage Milano Domodossola Station,45.4805728,9.161501699999999,20,False,False,11,4.91,5.0
2026-09-23,milan,porta-vittoria,6469435,Luggage Storage Milano Dateo,45.4648643,9.217062499999999,20,False,False,9,5,5.0
2026-09-23,milan,via-torino-via-palla,6469337,Luggage Storage Via Varesina,45.497305,9.145500799999999,26,False,False,1,5,5.0
2026-09-23,milan,crescenzago,6469266,Luggage Storage Rovereto / Viale Monza,45.49734065720573,9.22027923166752,20,False,False,9,4.56,5.0
2026-09-23,milan,porta-romana,6469207,Luggage Storage Piazzale Libia,45.4533065,9.208420799999999,20,False,False,13,4.67,5.0
2026-09-23,milan,crescenzago,6468881,Luggage Storage Crescenzago Metro Station,45.5039016,9.2456055,10,False,False,0,0,5.0
2026-09-23,milan,bullona,6468852,Luggage Storage near Fiera Milano City,45.4849766,9.1557706,20,False,False,8,5,5.0
2026-09-23,milan,porta-venezia,6468851,Luggage Storage Susa Metro Station,45.4691516,9.2242416,20,False,False,12,4.58,5.0
2026-09-23,milan,china-town-milan,6463324,Luggage Storage Arco della Pace,45.4774547,9.174482399999999,35,False,False,7,4.43,5.0
2026-09-23,milan,navigli,6463299,Luggage Storage Corso S. Gottardo,45.4495961,9.1802369,20,False,False,7,4.14,5.0
2026-09-23,milan,forlanini,6463280,Luggage Storage near Viale Corsica,45.4627554,9.232310799999999,20,False,False,5,5,5.0
2026-09-23,milan,loreto,6463275,Luggage Storage Via Padova / Crescenzago,45.5083496,9.2464526,20,False,False,1,5,5.0
2026-09-23,milan,missori,6463226,Luggage Storage Duomo M1 M3,45.46180349999999,9.1869883,20,False,False,47,4.79,5.0
2026-09-23,milan,porta-romana,6463186,Luggage Storage Via Tito Livio,45.4512157,9.217586899999999,20,False,False,1,5,5.0
2026-09-23,milan,milan-centrale-railway-station,6462294,Luggage Storage Vitruvio / Centrale,45.4826551,9.2064293,20,False,False,0,0,5.0
2026-09-23,milan,milano-repubblica-station,6462258,Luggage Storage near Milano Repubblica,45.4810563,9.2021619,20,False,False,8,4.67,5.0
2026-09-23,milan,lambrate,6461939,Luggage Storage Casoretto,45.4884919,9.2266362,20,False,False,4,5,0.9
2026-09-23,milan,milan-centrale-railway-station,6461511,Luggage Storage Ponte Seveso / Centrale,45.48942770000001,9.2044474,20,False,False,3,4.33,5.0
2026-09-23,milan,niguarda,6461262,Luggage Storage near Niguarda,45.51586469999999,9.188597,20,False,False,2,5,0.9
2026-09-23,milan,cerchiate,6460933,Luggage Storage Pero Cerchiate,45.5182696,9.064524,20,False,False,1,4,0.9
2026-09-23,milan,bullona,6460853,Luggage Storage Sonnino / Varesina,45.493642,9.1487954,20,False,False,3,4.33,5.0
2026-09-23,milan,bullona,6460766,Luggage Storage Viale Certosa,45.4901689,9.1507305,30,False,False,1,5,5.0
2026-09-23,milan,porta-venezia,6460438,Luggage Storage near Milano Dateo,45.4701728,9.2205972,40,False,False,15,5,5.0
2026-09-23,milan,porta-vittoria,6460436,Luggage Storage Porta Vittoria Railway Station,45.4623493,9.2231422,20,False,False,2,4,5.0
2026-09-23,milan,assago,6460127,Luggage Storage Assago,45.4050609,9.1308367,20,False,False,5,5,0.9
2026-09-23,milan,porta-venezia,6460099,Luggage Storage Porta Venezia Railway Station,45.477109,9.2056025,50,False,False,17,4.61,5.0
2026-09-23,milan,loreto,6459927,Luggage Storage near Viale Monza,45.4923393,9.216096499999999,20,False,False,5,5,5.0
2026-09-23,milan,milan-centrale-railway-station,6459808,Luggage Storage Via Tonale / Centrale,45.4886402,9.203591099999999,25,False,False,25,4.48,5.0
2026-09-23,milan,porta-venezia,6459747,Luggage Storage Via Bixio,45.4720579,9.2069731,25,False,False,5,5,5.0
2026-09-23,milan,missori,6459671,Luggage Storage near Basilica San Lorenzo Maggiore,45.4569474,9.1806251,30,False,False,18,4.79,5.0
2026-09-23,milan,porta-garibaldi,6459552,Luggage Storage Moscova,45.4800324,9.1862826,16,False,False,88,4.75,5.0
2026-09-23,milan,navigli,6459502,Luggage Storage Ripa Di Porta Ticinese,45.44904890000001,9.164076099999999,35,False,False,19,4.88,5.0
2026-09-23,milan,bicocca,6459489,Luggage Storage Ponale,45.5230971,9.2084406,20,False,False,7,4.38,5.0
2026-09-23,milan,zone-7-of-milan,6459488,Luggage Storage Via Rembrandt,45.4675507,9.137877699999999,20,False,False,2,4.5,5.0
2026-09-23,milan,lambrate,6459487,Luggage Storage Via Porpora,45.486172,9.227157,20,False,False,3,4.67,5.0
2026-09-23,milan,zone-7-of-milan,6459485,Luggage Storage Piazzale Brescia,45.4718122,9.1440787,20,False,False,20,4.7,5.0
2026-09-23,milan,conchetta,6459434,Luggage Storage Arco Di Porta Ticinese,45.45213823979421,9.179487534589443,20,False,False,28,4.85,5.0
2026-09-23,milan,rho,6459417,Luggage Storage Pero,45.51180369999999,9.084234499999999,20,False,False,1,4,5.0
2026-09-23,milan,porta-ticinese,6459398,Luggage Storage Porta Ticinese,45.4528504,9.1828808,20,False,False,18,4.61,5.0
2026-09-23,milan,porta-garibaldi,6459394,Luggage Storage Moscova metro station,45.4755068,9.184717299999999,500,False,False,164,4.78,5.0
2026-09-23,milan,lambrate,6459387,Luggage Storage Rubattino,45.4786785,9.2473799,20,False,False,2,5,5.0
2026-09-23,milan,porta-ticinese,6459373,Luggage Storage Colonne Di S.Lorenzo,45.4557814,9.1808169,35,False,False,43,4.83,5.0
2026-09-23,milan,porta-genova,6458845,Luggage Storage Sant'Agostino Metro Station,45.45861802763554,9.170486038469516,20,False,False,22,4.58,5.0
2026-09-23,milan,santa-maria-delle-grazie,6458625,Luggage Storage Bolivar Metro Station,45.4565311,9.1553234,20,False,False,5,3.86,5.0
2026-09-23,milan,santa-maria-delle-grazie,6458624,Luggage Storage Via Solari,45.4535294,9.1569071,20,False,False,8,4.7,5.0
2026-09-23,milan,santa-maria-delle-grazie,6458622,Luggage Storage near Gelsomini Metro Station,45.44899789999999,9.139723199999999,20,False,False,3,4.4,5.0
2026-09-23,milan,porta-genova,6458616,Luggage Storage Conca Del Naviglio,45.4552489,9.176087599999999,35,False,False,18,4.45,5.0
2026-09-23,milan,washington,6458560,Luggage Storage Wagner,45.46702,9.154719,35,False,True,39,4.82,5.0
2026-09-23,milan,navigli,6458427,Luggage Storage Via Pavia / Navigli,45.4471826,9.1786966,20,False,False,10,4.92,5.0
2026-09-23,milan,porta-garibaldi-train-station,6458366,Luggage Storage Porta Romana Railway Station,45.4454597,9.2127799,20,False,False,6,4.63,0.9
2026-09-23,milan,milano-repubblica-station,6458359,Luggage Storage Milano Repubblica Train Station,45.4805566,9.2004175,100,False,False,17,4.62,5.0
2026-09-23,milan,duomo,6458248,Luggage Storage near Duomo,45.464018,9.1958261,500,False,False,241,4.63,5.0
2026-09-23,milan,loreto,6458170,Luggage Storage Loreto / Viale Abruzzi,45.4818677,9.217372400000002,20,False,False,12,4.93,5.0
2026-09-23,milan,cairoli-subway-station,6458142,Luggage Storage Cairoli Metro Station,45.4685375,9.1822656,45,False,False,137,4.86,5.0
2026-09-23,milan,milan-centrale-railway-station,6458107,Luggage Storage Scarlatti / Centrale,45.48299420000001,9.209043099999999,20,False,False,3,4.75,5.0
2026-09-23,milan,guastalla,6458041,Luggage Storage Piazza 5 Giornate,45.460384,9.2078844,20,False,False,27,4.91,5.0
2026-09-23,milan,santa-maria-delle-grazie,6457952,Luggage Storage Sant'Ambrogio,45.4618605,9.172586800000001,50,False,False,77,4.74,5.0
2026-09-23,milan,crescenzago,6457848,Luggage Storage Via Padova,45.5041167,9.2403215,10,False,False,1,4,0.9
2026-09-23,milan,porta-garibaldi-train-station,6457825,Luggage Storage Baiamonti,45.4822034,9.1814694,20,False,False,3,5,5.0
2026-09-23,milan,niguarda,6457565,Luggage Storage Milan Segnano,45.5074301,9.2046324,20,False,False,0,0,5.0
2026-09-23,milan,duomo,6457492,Luggage Storage near Milan Royal Palace,45.462119,9.1905079,100,False,False,51,4.9,5.0
2026-09-23,milan,porta-romana,6457366,Luggage Storage near Vittorio Formentano Park,45.4614679,9.2115178,20,False,False,14,4.69,5.0
2026-09-23,milan,china-town,6457329,Luggage Storage Porta Volta,45.48286119999999,9.181747099999999,20,False,False,11,4.5,5.0
2026-09-23,milan,crescenzago,6457308,Luggage Storage Via Padova,45.4990333,9.234085199999999,20,False,False,3,4.67,5.0
2026-09-23,milan,san-siro-stadium,6457232,Luggage Storage San Siro Stadium Metro Station,45.4788254,9.1172199,35,False,False,288,4.83,5.0
2026-09-23,milan,milan-centrale-railway-station,6456714,Luggage Storage near Mercato Centrale Milano,45.489696,9.2052889,50,False,False,5,4,5.0
2026-09-23,milan,milan-centrale-railway-station,6456603,Luggage Storage Milano Centrale / Tonale,45.489062,9.2039366,25,False,False,7,4.95,5.0
2026-09-23,milan,zone-7-of-milan,6456472,Luggage Storage Via Paravia,45.4710901,9.13086,20,False,False,4,4.63,0.9
2026-09-23,milan,via-visconti-di-modrone,6456414,Luggage Storage Palestro Metro Station,45.471425,9.201948999999999,25,False,False,35,4.72,5.0
2026-09-23,milan,porta-genova,6456385,Luggage Storage Vetra Metro Station,45.4563769,9.185017,45,False,False,35,4.71,5.0
2026-09-23,milan,loreto,6456375,Luggage Storage Piazza Caiazzo,45.4858009,9.2098184,50,False,False,16,5,5.0
2026-09-23,milan,malpensa-airport,6454307,Luggage Storage Corso Magenta,45.5906214,8.9193138,100,False,False,5,5,5.0
2026-09-23,milan,milan-centrale-railway-station,6452789,Luggage Storage Settembrini / Caiazzo,45.4849344,9.2090217,50,False,False,34,4.72,5.0
2026-09-23,milan,milan-centrale-railway-station,6452762,Luggage Storage Milano Centrale / Via Ponte Seveso,45.4885421,9.2039441,55,False,False,186,4.82,5.0
2026-09-23,milan,loreto,6452657,Luggage Storage near Milan Centrale Railway Station,45.4839066,9.2080248,30,False,False,16,4.72,5.0
2026-09-23,milan,porta-venezia,6452268,Luggage Storage Milano Risorgimento,45.4693864,9.214274999999999,30,False,False,41,4.81,5.0
2026-09-23,milan,milan-centrale-railway-station,6452249,Luggage Storage Largo Rio De Janeiro,45.47268039999999,9.2232184,25,False,False,15,4.78,5.0
2026-09-23,milan,lambrate,6452238,Luggage Storage near Politecnico Di Milano,45.4810695,9.2340761,15,False,False,3,5,5.0
2026-09-23,milan,milan-centrale-railway-station,6452134,Luggage Storage Milano Maggiolina,45.4963509,9.2040947,25,False,False,12,5,0.9
2026-09-23,milan,porta-venezia,6452110,Luggage Storage Via Lomellina,45.464205,9.2302156,25,False,False,6,4.86,5.0
2026-09-23,milan,porta-venezia,6452094,Luggage Storage Milano Porta Vittoria,45.4584862,9.2225585,35,False,False,6,4.64,5.0
2026-09-23,milan,porta-garibaldi-train-station,6452093,Luggage Storage near Gambara Station,45.4691558,9.1382124,10,False,False,6,5,5.0
2026-09-23,milan,milan-centrale-railway-station,6452075,Luggage Storage near Argonne Metro Station,45.47312729999999,9.2342864,20,False,False,14,4.89,5.0
2026-09-23,milan,bullona,6452074,Luggage Storage Canonica / Corso Sempione,45.4812298,9.1690933,25,False,False,12,4.62,5.0
2026-09-23,milan,casoretto,6452068,Luggage Storage Via Porpora / Casoretto,45.4861802,9.2268995,10,False,False,3,4.67,0.9
2026-09-23,milan,villapizzone-railway-station,6451947,Luggage Storage Piazza Schiavone / Bovisa,45.5000056,9.1648369,25,False,False,14,5,5.0
2026-09-23,milan,zone-1-of-milan,6451752,Luggage Storage near Pinacoteca Di Brera,45.472754735458736,9.189704057209942,40,False,False,124,4.72,5.0
2026-09-23,milan,bullona,6451708,Luggage Storage Cenisio Metro Station,45.48917,9.1695581,100,False,False,6,4.75,5.0
2026-09-23,milan,milan-centrale-railway-station,6451399,Luggage Storage Museo Delle Illusioni,45.4823622,9.2072582,30,False,False,32,4.88,5.0
2026-09-23,milan,piazza-gae-aulenti,6451041,Luggage Storage Milano Centrale / Via Tonale,45.4890066,9.2029319,40,False,False,58,4.65,5.0
2026-09-23,milan,guastalla,6363,Luggage Storage Lodi Metro Station,45.447806,9.208798,25,False,False,14,4.64,5.0
2026-09-23,milan,cologno-monzese,6262,Luggage Storage Cologno Sud,45.523548,9.274227,100,False,False,1,5,0.9
2026-09-23,milan,casoretto,6260,Luggage Storage Church Santa Maria Rossa,45.510369,9.247167,10,False,True,0,0,0.9
2026-09-23,milan,washington,6259,Luggage Storage Via Washington,45.460085,9.155518,30,False,False,7,4.7,5.0
2026-09-23,milan,lambrate,6255,Luggage Storage Lambrate Metro Station,45.485448,9.234424,30,False,False,24,4.83,5.0
2026-09-23,milan,rogoredo-train-station,6212,Luggage Storage Milan Rogoredo,45.431493,9.2439795,50,False,False,46,4.88,5.0
2026-09-23,milan,casoretto,6081,Luggage Storage Piola Metro Station,45.484239,9.226081,30,False,False,7,5,5.0
2026-09-23,milan,castello-sforzesco,5797,Luggage Storage S. Ambrogio Metro Station,45.46259134544151,9.173938035964968,35,False,False,66,4.88,5.0
2026-09-23,milan,castello-sforzesco,5793,Luggage Storage Domodossola Train Station,45.4815982,9.1654589,35,False,False,22,4.85,5.0
2026-09-23,milan,san-siro-stadium,5779,Luggage Storage Via Novara,45.4742674,9.114482,50,False,False,8,4.89,5.0
2026-09-23,milan,milan-centrale-railway-station,5778,Luggage Storage Vtrans Milano,45.49016630808925,9.217709675431253,30,False,False,24,4.8,5.0
2026-09-23,milan,citylife,5775,Luggage Storage Lotto Metro Station,45.4786068,9.1476526,25,False,False,43,4.9,5.0
2026-09-23,milan,missori,5564,Luggage Storage Missori Metro Station,45.4595897,9.1885964,20,False,False,29,4.75,5.0
2026-09-23,milan,milan-centrale-railway-station,5505,Luggage Storage near Milan Centrale Station,45.4892387,9.2041612,40,False,False,19,4.68,5.0
2026-09-23,milan,china-town,5385,Luggage Storage Chinatown,45.4803799,9.1713498,35,False,False,46,4.69,5.0
2026-09-23,milan,cerchiate,5084,Luggage Storage Cerchiate,45.5178392,9.0654745,15,False,False,3,4.75,5.0
2026-09-23,milan,fiera,4814,Luggage Storage Lotto Fieramilanocity,45.475874,9.144404,200,False,False,8,4.8,5.0
2026-09-23,milan,guastalla,4501,Luggage Storage near Muba,45.4596031,9.2075046,25,False,False,5,5,5.0
2026-09-23,milan,novate-milanese,4236,Luggage Storage Sesto San Giovanni,45.532991,9.2256712,15,False,False,1,5,5.0
2026-09-23,milan,carrobbio,3160,Luggage Storage Columns Of San Lorenzo,45.4608345,9.181092,30,False,False,52,4.77,5.0
2026-09-23,milan,porta-romana,3083,Luggage Storage Porta Romana,45.453716,9.203737,15,False,False,28,4.9,5.0
2026-09-23,milan,san-siro-stadium,10096,Luggage Storage Amendola Metro Station,45.47533199999999,9.148361,15,False,False,9,4.67,5.0
2026-09-23,milan,milano-certosa,10073,Luggage Storage Conciliazione Metro Station,45.4677298,9.1637716,25,False,False,10,4.8,5.0
2026-09-23,milan,porta-romana,10022,Luggage Storage Brenta,45.4427524,9.218075899999999,25,False,False,11,4.72,5.0
2026-09-23,naples,naples-centrale-train-station,188,Luggage Storage Naples Centrale,40.854856,14.27071,9999,False,True,1623,4.75,4.9
2026-09-23,naples,naples-city-center,4186,Luggage Storage Naples Toledo Metro Station,40.8420931,14.2488161,40,False,False,286,4.87,4.9
2026-09-23,naples,naples-centrale-train-station,1835,Luggage Storage Naples Train Station,40.8533135,14.2690809,45,False,True,294,4.49,4.9
2026-09-23,naples,naples-cathedral,3657,Luggage Storage Naples Cathedral,40.8505204,14.2600388,100,False,False,131,4.75,4.9
2026-09-23,naples,napoli-port,5226,Luggage Storage Castel Nuovo,40.8396286,14.2549622,10,False,False,250,4.89,4.9
2026-09-23,naples,naples-centrale-train-station,5009,Luggage Storage Napoli P. Garibaldi Station,40.8506106,14.2727555,45,False,False,234,4.75,4.9
2026-09-23,naples,quartieri-spagnoli,1124,Luggage Storage Quartieri Spagnoli,40.8412124,14.2480964,30,False,False,97,4.83,4.9
2026-09-23,naples,monument-of-giuseppe-garibaldi,2697,Luggage Storage Corso Umberto I,40.8503028,14.2671996,30,False,False,79,4.93,4.9
2026-09-23,naples,naples-city-center,5681,Luggage Storage near Sansevero Chapel,40.8480206,14.2540205,50,False,False,69,4.76,4.9
2026-09-23,naples,universita,2366,Luggage Storage Naples Port,40.841612,14.253295,50,False,False,85,4.73,4.9
2026-09-23,naples,quartieri-spagnoli,6739,Luggage Storage near Galleria Umberto I,40.8379021,14.2475376,45,False,False,107,4.78,4.9
2026-09-23,naples,naples-centrale-train-station,5010,Luggage Storage Garibaldi Metro Station,40.8515068,14.2702339,35,False,False,98,4.77,4.9
2026-09-23,naples,naples-centrale-train-station,6458539,Luggage Storage Napoli Centrale,40.85334583404927,14.271242919727342,70,False,False,342,4.82,4.9
2026-09-23,naples,porta-capuana,899,Luggage Storage Porta Capuana,40.854828,14.262384,30,False,False,9,4.7,4.9
2026-09-23,naples,dante,6470046,Luggage Storage near Dante Metro Station,40.8485766,14.2524694,20,False,False,4,5,4.9
2026-09-23,naples,centro-storico,9563,Luggage Storage Piazza Cavour Metro Station,40.8551431,14.2575312,50,False,False,5,4.64,4.9
2026-09-23,naples,naples-centrale-train-station,9407,Luggage Storage Garibaldi - Principe Umberto,40.8548881,14.2679336,10,False,False,3,4.67,4.9
2026-09-23,naples,dante,9271,Luggage Storage Dante Metro Station,40.84819170000001,14.2492576,30,False,False,93,4.87,4.9
2026-09-23,naples,naples-centrale-train-station,9254,Luggage Storage near Naples Centrale Railway Station,40.8548116,14.2693927,25,False,False,2,4.9,4.9
2026-09-23,naples,napoli-porta-nolana,9071,Luggage Storage Duomo / Corso Umberto I,40.8485723,14.2634885,60,False,True,70,4.75,4.9
2026-09-23,naples,vicaria,9003,Luggage Storage Arenaccia,40.8596746,14.26949,35,False,False,13,4.92,4.9
2026-09-23,naples,quartieri-spagnoli,8912,Luggage Storage Toledo / Quartieri Spagnoli,40.8421498,14.2489285,50,False,False,42,4.82,4.9
2026-09-23,naples,napoli-porta-nolana,8419,Luggage Storage Duomo Metro Station,40.8463147,14.2623037,50,False,False,5,4.8,4.9
2026-09-23,naples,naples-cathedral,804,Luggage Storage Roman Theater Of Neapolis,40.8523872,14.2580896,30,False,False,1,5,1.6
2026-09-23,naples,naples-centrale-train-station,7899,Luggage Storage Via Palermo,40.85486,14.2708,100,False,False,21,4.9,4.9
2026-09-23,naples,vomero,7875,Luggage Storage Stadio Collana,40.8462641,14.2217603,40,False,False,1,5,4.9
2026-09-23,naples,naples-centrale-train-station,7182,Luggage Storage Piazza Garibaldi Metro Station,40.851527,14.268827,50,False,False,41,4.76,4.9
2026-09-23,naples,posillipo,6721,Luggage Storage Posillipo,40.803451,14.196781,50,False,False,0,5,1.6
2026-09-23,naples,mergellina-port,6717,Luggage Storage Via Piedigrotta,40.831729,14.222054,50,False,True,37,4.85,4.9
2026-09-23,naples,naples-centrale-train-station,6712,Luggage Storage Naples Bus Station,40.8505382,14.272597,50,False,False,46,4.93,4.9
2026-09-23,naples,dante,6474128,Luggage Storage near Via Toledo,40.8451273,14.2485207,40,False,False,1,5,4.9
2026-09-23,naples,bagnoli-agnano-terme,6473631,Luggage Storage Bagnoli Station,40.8175219,14.1690522,30,False,False,0,0,4.9
2026-09-23,naples,vomero,6473629,Luggage Storage Arenella,40.8543115,14.2289868,20,False,True,0,0,4.9
2026-09-23,naples,mergellina-port,6473529,Luggage Storage Chiaia / Arco Mirelli,40.8321512,14.2242811,40,False,False,0,0,4.9
2026-09-23,naples,dante,6473519,Luggage Storage near Prince of Naples Gallery,40.8503637,14.2499158,50,False,False,0,0,4.9
2026-09-23,naples,dante,6473515,Luggage Storage Dante Metro,40.84853650000001,14.2493432,100,False,False,1,5,4.9
2026-09-23,naples,municipio,6473514,Luggage Storage near Naples Underground,40.8377633,14.2440606,10,False,False,0,0,4.9
2026-09-23,naples,municipio,6473501,Luggage Storage near Acerra Station,40.8357297,14.2464917,50,False,False,0,0,4.9
2026-09-23,naples,vomero,6473440,Luggage Storage Piazza Degli Artisti,40.8476475,14.2289437,30,False,True,0,0,4.9
2026-09-23,naples,municipio,6473140,Luggage Storage De Cesare / Naples Underground,40.83744610000001,14.2469603,10,False,False,0,0,4.9
2026-09-23,naples,napoli-porta-nolana,6473026,Luggage Storage Ranieri / Garibaldi,40.8509094,14.2662476,10,False,False,1,5,4.9
2026-09-23,naples,universita,6472965,Luggage Storage Corso Umberto / Università,40.84427669999999,14.2566752,15,False,False,3,5,4.9
2026-09-23,naples,municipio,6471162,Luggage Storage Port of Naples,40.8396447,14.254986,100,False,False,28,4.89,4.9
2026-09-23,naples,municipio,6471071,Luggage Storage Galleria Umberto I,40.8384359,14.2486237,50,False,False,4,4.5,4.9
2026-09-23,naples,naples-centrale-train-station,6470853,Luggage Storage Corso Umberto / Porta Nolana,40.850243,14.2661487,100,False,False,1,3,4.9
2026-09-23,naples,municipio,6470807,Luggage Storage Piazza Plebiscito,40.8374098,14.2479374,50,False,False,7,4.43,4.9
2026-09-23,naples,napoli-porta-nolana,6470755,Luggage Storage Piazzetta Forcella,40.8502698,14.2654632,20,False,False,1,5,4.9
2026-09-23,naples,vomero,6470744,Luggage Storage Viale Michelangelo,40.848722,14.2345655,50,False,False,0,0,4.9
2026-09-23,naples,Volla,6470355,Luggage Storage Via Volta,40.8722806,14.3513375,100,False,False,0,0,4.9
2026-09-23,naples,mergellina-port,6470131,Luggage Storage Piedigrotta - Torretta,40.8318569,14.2231646,100,False,False,0,0,4.9
2026-09-23,naples,via-chiaia,6470110,Luggage Storage Chiaia,40.8324577,14.2253149,100,False,True,9,4.43,4.9
2026-09-23,naples,via-toledo,6470086,Luggage Storage Toledo - Carità,40.8448122,14.2487839,20,False,False,1,5,4.9
2026-09-23,naples,via-chiaia,6470080,Luggage Storage Napoli Sotterranea,40.8371448,14.2470839,20,False,False,12,4.77,4.9
2026-09-23,naples,via-chiaia,6470069,Luggage Storage Arco Mirelli Metro Station,40.8328509,14.226983,10,False,False,3,4.75,4.9
2026-09-23,naples,vomero,6470067,Luggage Storage Cilea / Vomero,40.8424419,14.2219627,50,False,False,3,5,4.9
2026-09-23,naples,maradona-stadium,6470066,Luggage Storage near Maradona Stadium,40.8300257,14.1936853,50,False,False,0,0,4.9
2026-09-23,naples,via-chiaia,6470065,Luggage Storage Riviera di Chiaia,40.83356,14.2299102,50,False,False,2,4,4.9
2026-09-23,naples,via-toledo,6470059,Luggage Storage Toledo Metro Station,40.843549,14.2496095,50,False,False,2,3,4.9
2026-09-23,naples,naples-centrale-train-station,6470049,Luggage Storage Garibaldi Bus Stop,40.8513023,14.268104,50,False,False,1,5,4.9
2026-09-23,naples,dante,6470045,Luggage Storage Montesanto,40.8477487,14.2461511,30,False,False,0,0,4.9
2026-09-23,naples,naples-centrale-train-station,6467993,Luggage Storage Naples Centrale / Via Firenze,40.8539721,14.269546,40,False,False,1,3,4.9
2026-09-23,naples,via-toledo,6462124,Luggage Storage Via Toledo,40.8434211,14.2493918,30,False,False,19,4.76,4.9
2026-09-23,naples,universita,6461871,Luggage Storage Molo Immacolatella Vecchia,40.8421276,14.2553244,30,False,True,27,4.58,4.9
2026-09-23,naples,napoli-porta-nolana,6461598,Luggage Storage Napoli Centrale / Poerio,40.85314,14.26632,100,False,False,0,0,4.9
2026-09-23,naples,naples-centrale-train-station,6461594,Luggage Storage Garibaldi / Principe Umberto,40.8534177,14.2687125,60,False,False,1,4,4.9
2026-09-23,naples,naples-centrale-train-station,6461549,Luggage Storage Garibaldi - Volturno,40.8581936,14.2677611,100,False,False,4,5,4.9
2026-09-23,naples,vicaria,6460924,Luggage Storage Arenaccia / Poderico,40.86168869999999,14.2701156,20,False,False,0,0,4.9
2026-09-23,naples,naples-centrale-train-station,6460818,Luggage Storage Napoli Centrale / Via Bologna,40.8535435,14.2703909,100,False,False,1,5,4.9
2026-09-23,naples,piazza-cavour,6460747,Luggage Storage San Giovanni a Carbonara,40.85582181257887,14.259095173906646,50,False,False,7,4.29,4.9
2026-09-23,naples,municipio,6460731,Luggage Storage Piazza Municipio,40.8401552,14.2538902,20,False,False,10,4.7,4.9
2026-09-23,naples,napoli-porta-nolana,6460717,Luggage Storage Vespucci - Lucci,40.8467808,14.2753143,15,False,False,1,5,4.9
2026-09-23,naples,universita,6460709,Luggage Storage near University Federico II,40.8451735,14.2596124,100,False,False,19,4.71,4.9
2026-09-23,naples,naples-centrale-train-station,6460339,Luggage Storage Napoli Centrale / Corso Meridionale,40.854564,14.2724945,100,False,False,18,4.81,4.9
2026-09-23,naples,universita,6459908,Luggage Storage near Via Nuova Marina,40.8463087,14.2611877,10,False,False,8,4.5,4.9
2026-09-23,naples,napoli-porta-nolana,6458722,Luggage Storage near Garibaldi,40.8509509,14.2671301,50,False,False,9,5,4.9
2026-09-23,naples,naples-centrale-train-station,6458686,Luggage Storage near Napoli Centrale,40.8532294,14.2677807,25,False,False,12,4.75,4.9
2026-09-23,naples,centro-storico,6458639,Luggage Storage Naples Duomo,40.8521378,14.2604661,20,False,False,16,4.68,4.9
2026-09-23,naples,naples-airport,6458533,Luggage Storage Naples Airport,40.8786405,14.2889219,30,False,False,12,4.5,4.9
2026-09-23,naples,naples-centrale-train-station,6458088,Luggage Storage Napoli Centrale Train Station,40.853305258265635,14.270982738642347,40,False,False,132,4.77,4.9
2026-09-23,naples,porta-capuana,6457911,Luggage Storage Porta Capuana,40.8553546,14.2656383,50,False,False,6,5,4.9
2026-09-23,naples,vomero,6457143,Luggage Storage near Salvator Rosa,40.8526175,14.2361702,20,False,False,2,4.71,4.9
2026-09-23,naples,via-toledo,6456379,Luggage Storage Chiesa Del Gesù Nuovo,40.84574420000001,14.2505715,25,False,False,4,4.5,4.9
2026-09-23,naples,centro-storico,6456326,Luggage Storage near Sansevero Chapel Museum,40.849562,14.2555374,50,False,False,24,4.83,4.9
2026-09-23,naples,pomigliano-darco,6456322,Luggage Storage Pomigliano Public Park,40.9080519,14.3991511,40,False,False,0,5,5.0
2026-09-23,naples,centro-storico,6456095,Luggage Storage Garibaldi / Porta Nolana,40.8512177,14.268424,20,False,False,21,4.92,4.9
2026-09-23,naples,naples-centrale-train-station,6454591,Luggage Storage Metropark Terminal Bus Station,40.8499629,14.2733845,100,False,False,5,5,4.9
2026-09-23,naples,naples-city-center,6454538,Luggage Storage Montesanto Train Station,40.8470521,14.2462218,50,False,False,52,4.83,4.9
2026-09-23,naples,napoli-porta-nolana,6454355,Luggage Storage Napoli Porta Nolana,40.8488734,14.2686652,30,False,False,17,4.88,4.9
2026-09-23,naples,naples-centrale-train-station,6453309,Luggage Storage Rione Vasto / Napoli Centrale,40.8548981,14.2711354,50,False,False,1,5,4.9
2026-09-23,naples,miano,6452747,Luggage Storage Miano,40.8842017,14.2554068,100,False,False,1,5,5.0
2026-09-23,naples,rione-sanita,6452507,Luggage Storage Via Arenaccia,40.8660278,14.2689903,50,False,False,4,5,4.9
2026-09-23,naples,naples-centrale-train-station,6452429,Luggage Storage near Naples Piazza Garibaldi,40.8537336,14.2702548,50,False,False,5,4.83,4.9
2026-09-23,naples,centro-storico,6451783,Luggage Storage near Naples Archaeological Museum,40.8544333,14.2487759,25,False,False,27,4.93,4.9
2026-09-23,naples,via-toledo,6451707,Luggage Storage Naples Ferry Terminal,40.8399655,14.2552516,55,False,False,129,4.78,4.9
2026-09-23,naples,universita,6451702,Luggage Storage Università Underground Station,40.8444618,14.2556539,50,False,False,11,4.92,4.9
2026-09-23,naples,rione-sanita,6451396,Luggage Storage Rione Amicizia,40.8711694,14.272163,10,False,False,1,5,1.6
2026-09-23,naples,napoli-porta-nolana,6451372,Luggage Storage Piazza Principe Umberto,40.85423834628237,14.267938435094974,50,False,False,7,4.87,1.6
2026-09-23,naples,dante,6451213,Luggage Storage Napoli Piazza Dante,40.847449,14.2496451,25,False,False,35,4.65,4.9
2026-09-23,naples,santa-lucia,6451165,Luggage Storage Via Santa Lucia,40.8317275,14.2484802,20,False,False,18,4.94,4.9
2026-09-23,naples,napoli-porta-nolana,6451082,Luggage Storage Università Metro Station,40.8447781,14.2573727,23,False,False,48,4.96,4.9
2026-09-23,naples,porta-capuana,6451076,Luggage Storage Metropark Napoli Centrale,40.850743,14.2723873,90,False,False,43,4.91,4.9
2026-09-23,naples,rione-sanita,6436,Luggage Storage Rione Sanità,40.856971,14.255466,20,False,False,12,4.94,4.9
2026-09-23,naples,naples-centrale-train-station,6387,Luggage Storage Chiesa Pietà Dei Turchini,40.841916,14.251115,30,False,False,2,4.5,4.9
2026-09-23,naples,naples-city-center,5972,Luggage Storage Diana Theatre,40.8422151,14.2237786,15,False,False,0,0,1.6
2026-09-23,naples,santa-lucia,5763,Luggage Storage Santa Lucia,40.8325006,14.2481545,100,False,False,63,4.69,4.9
2026-09-23,naples,naples-cathedral,5702,Luggage Storage Napoli Piazza Cavour Transit Station,40.8551826,14.2574423,35,False,False,39,4.78,4.9
2026-09-23,naples,naples-city-center,5468,Luggage Storage near Chiostro Di Santa Chiara,40.8476891,14.253866,50,False,False,39,4.78,4.9
2026-09-23,naples,universita,5195,Luggage Storage near Duomo Metro Station,40.8464485,14.2620917,50,False,False,28,4.59,4.9
2026-09-23,naples,naples-airport,5163,Luggage Storage Naples Airport,40.87439084159844,14.285378019487293,200,False,False,85,4.86,4.9
2026-09-23,naples,naples-city-center,5060,Luggage Storage Teatro San Ferdinando,40.8573069,14.2601455,100,False,False,8,4.75,4.9
2026-09-23,naples,naples-centrale-train-station,5046,Luggage Storage Napoli Piazza Garibaldi,40.8545507,14.2654634,50,False,False,9,4.67,4.9
2026-09-23,naples,naples-city-center,5040,Luggage Storage Piazza Cavour Station,40.8552947,14.2527761,10,False,False,5,5,4.9
2026-09-23,naples,fuorigrotta,5037,Luggage Storage Fuorigrotta,40.8207053,14.1874741,20,False,False,1,5,1.6
2026-09-23,naples,porta-capuana,4651,Luggage Storage Via Foria,40.857809013647675,14.2605596780777,50,False,False,7,4.86,4.9
2026-09-23,naples,universita,4538,Luggage Storage Duomo Metro Station,40.8463702,14.2629107,30,False,False,18,4.96,4.9
2026-09-23,naples,naples-centrale-train-station,4278,Luggage Storage Naples Piazza Garibaldi,40.85457473428529,14.267405935142964,50,False,False,26,4.71,4.9
2026-09-23,naples,quattro-giornate-station,3952,Luggage Storage Quattro Giornate Station,40.848138,14.2248392,50,False,False,7,4.71,4.9
2026-09-23,naples,naples-city-center,3921,Luggage Storage Naples Municipio Station,40.8399072,14.2535586,50,False,False,50,4.88,4.9
2026-09-23,naples,universita,3694,Luggage Storage Università Station,40.8432291,14.2529747,20,False,False,9,4.6,1.6
2026-09-23,naples,universita,3423,Luggage Storage Univerisity Of Naples,40.844201,14.2586345,50,False,False,43,4.63,4.9
2026-09-23,naples,piazza-del-plebiscito,3046,Luggage Storage Royal Palace,40.8358391,14.2468931,50,False,False,31,4.75,4.9
2026-09-23,naples,san-lorenzo,3045,Luggage Storage Naples Underground,40.8511192,14.2576915,20,False,False,45,4.82,4.9
2026-09-23,naples,piazza-del-gesu,1346,Luggage Storage near Museo Cappella Sansevero,40.848848,14.255988,30,False,False,9,4.78,1.6
2026-09-23,florence,santa-maria-novella,884,Luggage Storage Santa Maria Novella,43.7750524,11.2462724,140,False,True,1654,4.81,4.9
2026-09-23,florence,santa-maria-novella,6461689,Luggage Storage Galleria Commerciale Santa Maria Novella,43.77634279999999,11.248062,125,False,False,445,4.53,4.9
2026-09-23,florence,santa-maria-novella,2262,Luggage Storage Florence Train Station,43.777695,11.249812,100,False,False,623,4.78,4.9
2026-09-23,florence,duomo,5001,Luggage Storage Florence Cathedral,43.7742163,11.2575851,50,False,False,99,4.8,4.9
2026-09-23,florence,battistero-di-san-giovanni,6662,Luggage Storage Riccardi Medici Palace,43.776468,11.256865,30,False,False,79,4.84,4.9
2026-09-23,florence,via-dell-albero,6453618,Luggage Storage Firenze Basilica Santa Maria Novella,43.7743937,11.2499972,70,False,False,295,4.83,4.9
2026-09-23,florence,campo-di-marte,6458764,Luggage Storage Artemio Franchi Stadium,43.778902679641085,11.279769837856295,35,False,False,26,4.72,4.9
2026-09-23,florence,basilica-of-santa-maria-novella,6459632,Luggage Storage Duomo of Florence,43.7725544,11.2576411,10,False,False,78,4.68,4.9
2026-09-23,florence,pitti,3272,Luggage Storage near Pitti Palace,43.7671903,11.2456828,50,False,False,30,4.63,4.9
2026-09-23,florence,santa-croce,6459634,Luggage Storage near Piazza della Signoria,43.7707346,11.255811,50,False,False,52,4.79,4.9
2026-09-23,florence,district-1,6451863,Luggage Storage Hospital Of Innocents,43.77585089999999,11.258955,35,False,False,34,4.91,4.9
2026-09-23,florence,san-lorenzo,6661,Luggage Storage Central Market Square,43.777564,11.252736,100,False,False,28,4.61,4.9
2026-09-23,florence,santa-croce,6454258,Luggage Storage Via Dei Macci,43.77033,11.26587,50,False,False,19,4.84,4.9
2026-09-23,florence,campo-di-marte,6461693,Luggage Storage Campo Marte Station,43.7758332,11.2749336,35,False,False,50,4.83,4.9
2026-09-23,florence,campo-di-marte,966,Luggage Storage Sant'Ambrogio Market,43.7713847,11.2669871,50,False,False,18,4.85,4.9
2026-09-23,florence,basilica-of-santa-maria-novella,6463184,Luggage Storage near Basilica Di San Lorenzo,43.7749813,11.2521951,20,False,False,5,4.8,4.9
2026-09-23,florence,san-marco-florence,9349,Luggage Storage Piazza San Marco,43.7792363,11.2576861,25,False,False,26,4.92,4.9
2026-09-23,florence,san-gallo,9345,Luggage Storage near Piazza Della Libertà,43.78185204537651,11.260294994802333,45,False,False,15,4.73,4.9
2026-09-23,florence,porta-al-prato,9343,Luggage Storage Piazzale Montelungo,43.7805954,11.2440958,25,False,False,4,3,4.9
2026-09-23,florence,san-lorenzo,9317,Luggage Storage Via Guelfa / Mercato Centrale,43.778084,11.2542777,30,False,False,0,0,4.9
2026-09-23,florence,rifredi,9286,Luggage Storage near Rifredi Railway Station,43.8032196,11.236245,10,False,False,3,5,1.6
2026-09-23,florence,rifredi,9282,Luggage Storage Piazza Dalmazia,43.797363,11.2393479,25,False,False,6,4.83,1.6
2026-09-23,florence,rifredi,9280,Luggage Storage Rifredi Railway Station,43.8007387,11.2378969,10,False,False,4,5,4.9
2026-09-23,florence,via-de-boni,8054,Luggage Storage Basilica Di San Lorenzo,43.7763505,11.2519276,30,False,False,25,4.8,4.9
2026-09-23,florence,basilica-of-santa-maria-novella,6708,Luggage Storage Piazza Della Indipendenza,43.778593,11.25361,15,False,False,3,4.81,4.9
2026-09-23,florence,basilica-di-santo-spirito,6693,Luggage Storage near Museo Novecento,43.773217,11.247603,35,False,False,19,4.79,4.9
2026-09-23,florence,santa-croce,6473579,Luggage Storage near Uffizi Galleries,43.7681706,11.2586058,10,False,False,3,4.67,4.9
2026-09-23,florence,santa-croce,6472395,Luggage Storage Via dell'Agnolo,43.77038659999999,11.2633232,50,False,False,0,0,4.9
2026-09-23,florence,santa-maria-novella,6471146,Luggage Storage Via Faenza / SMN,43.777483,11.2511342,30,False,False,0,0,4.9
2026-09-23,florence,santa-maria-novella,6471100,Luggage Storage Via Sant'Antonino,43.7761826,11.2536344,10,False,False,1,5,4.9
2026-09-23,florence,santo-spirito,6471019,Luggage Storage Palazzo Pitti,43.7662515,11.2494299,50,False,False,6,4.17,4.9
2026-09-23,florence,san-lorenzo,6470899,Luggage Storage Mercato Centrale Firenze,43.7761995,11.2536693,30,False,False,2,5,4.9
2026-09-23,florence,porta-al-prato,6470874,Luggage Storage Porta al Prato,43.7774998,11.2404625,100,False,False,4,5,4.9
2026-09-23,florence,santa-croce,6470821,Luggage Storage Santa Croce Church,43.7681526,11.2649355,40,False,False,6,4.67,4.9
2026-09-23,florence,san-lorenzo,6470655,Luggage Storage San Lorenzo,43.7759809,11.2543054,20,False,False,13,4.93,4.9
2026-09-23,florence,duomo,6470491,Luggage Storage Piazza della Repubblica,43.7708974,11.2555927,30,False,False,3,5,4.9
2026-09-23,florence,basilica-of-santa-maria-novella,6469938,Luggage Storage near Strozzi Palace,43.7723997,11.2521311,30,False,False,24,4.86,4.9
2026-09-23,florence,santa-maria-novella,6469294,Luggage Storage San Frediano,43.76995760000001,11.243043,50,False,False,5,5,4.9
2026-09-23,florence,santa-croce,6467881,Luggage Storage near Sant'Ambrogio,43.7719879,11.2667348,30,False,False,13,4.43,4.9
2026-09-23,florence,basilica-of-santa-maria-novella,6461934,Luggage Storage Via Ghibellina,43.770162,11.2621752,20,False,False,8,4.5,4.9
2026-09-23,florence,basilica-of-santa-maria-novella,6461695,Luggage Storage Uffizi Palace,43.7681688,11.2564913,40,False,False,47,4.92,4.9
2026-09-23,florence,san-marco-florence,6461687,Luggage Storage Via Nazionale,43.7786852,11.2534578,20,False,False,1,5,4.9
2026-09-23,florence,santa-maria-novella,6460996,Luggage Storage Smn Station / Largo Alinari,43.7760965,11.2505071,100,False,False,31,4.78,4.9
2026-09-23,florence,basilica-of-santa-maria-novella,6460614,Luggage Storage Via Guelfa / Piazza San Marco,43.7771927,11.2558233,30,False,False,22,4.71,4.9
2026-09-23,florence,santa-croce,6460461,Luggage Storage near Museum Of Illusions Florence,43.77152,11.26038,35,False,False,3,3.8,4.9
2026-09-23,florence,santa-croce,6460434,Luggage Storage near Verdi Theatre,43.769981,11.263198,35,False,False,14,4,4.9
2026-09-23,florence,santa-croce,6459866,Luggage Storage near Casa Buonarroti,43.7699836,11.2654025,30,False,False,17,5,4.9
2026-09-23,florence,santa-croce,6459592,Luggage Storage Via Degli Alfani,43.7739942,11.2634486,35,False,False,4,5,4.9
2026-09-23,florence,santo-spirito,6458479,Luggage Storage Ponte Vecchio,43.767494,11.2519764,30,False,False,20,4.95,4.9
2026-09-23,florence,porta-al-prato,6458372,Luggage Storage Via Baracca,43.7926461,11.2143597,20,False,False,6,4.86,4.9
2026-09-23,florence,san-marco-florence,6458364,Luggage Storage Firenze San Marco,43.7816897,11.2604261,20,False,False,9,4.64,4.9
2026-09-23,florence,santa-maria-novella,6458362,Luggage Storage near Florence Train Station,43.77530437740781,11.2511345744133,20,False,False,53,4.83,4.9
2026-09-23,florence,santa-maria-novella,6458274,Luggage Storage Via Guelfa,43.7775997,11.2552021,40,False,False,0,3.67,4.9
2026-09-23,florence,santa-maria-novella,6458270,Luggage Storage Santa Maria Novella Square,43.7734001,11.248718,10,False,False,21,4.35,4.9
2026-09-23,florence,district-1,6458204,Luggage Storage San Jacopino,43.7837589,11.2408064,20,False,False,7,5,4.9
2026-09-23,florence,piazza-torquato-tasso,6458194,Luggage Storage Tasso Square,43.76653100000001,11.2404757,35,False,False,17,4.74,4.9
2026-09-23,florence,porta-al-prato,6458173,Luggage Storage Porta Al Prato Railway Station,43.7823603,11.234691,20,False,False,0,0,4.9
2026-09-23,florence,stazione-via-panzani,6457073,Luggage Storage Medici Chapel,43.7758256,11.2520889,30,False,False,34,4.77,4.9
2026-09-23,florence,florence-airport,6457071,Luggage Storage Via Reginaldo Giuliani,43.80736590000001,11.2340048,30,False,False,3,4.75,4.9
2026-09-23,florence,flixbus-florence,6457064,Luggage Storage Florence SMN Station Square,43.77435,11.2453989,30,False,False,13,4.78,4.9
2026-09-23,florence,basilica-of-santa-maria-novella,6457002,Luggage Storage Rosselli / Florence SMN,43.7791681,11.2448008,40,False,False,31,4.56,4.9
2026-09-23,florence,florence-mercato-centrale,6456979,Luggage Storage near Market Central Square,43.7777781,11.2545317,15,False,False,0,0,4.9
2026-09-23,florence,san-niccolo,6456271,Luggage Storage Viale Amendola,43.768708,11.271462,25,False,False,8,5,1.6
2026-09-23,florence,santa-croce,6456146,Luggage Storage Pietrapiana / Salvemini,43.77143,11.2638,30,False,False,19,4.95,4.9
2026-09-23,florence,fortezza-dal-basso,6454818,Luggage Storage Indipendenza / Ridolfi,43.7791098,11.2554143,30,False,False,14,4.86,4.9
2026-09-23,florence,santa-maria-novella,6454001,Luggage Storage near Piazza Indipendenza,43.77772059999999,11.2549143,50,False,False,6,4.71,4.9
2026-09-23,florence,porta-al-prato,6435,Luggage Storage Piazza Della Stazione,43.77476,11.245746,30,False,False,26,4.86,4.9
2026-09-23,florence,santa-maria-novella,5223,Luggage Storage Basilica Of Santa Maria Novella,43.7760876,11.2509535,75,False,False,89,4.8,4.9
2026-09-23,florence,florence-city-center,4353,Luggage Storage near Sant'ambrogio Market,43.77093899302054,11.269723640871744,20,False,False,13,4.83,4.9
2026-09-23,florence,coverelli,3217,Luggage Storage Ponte Santa Trinità,43.7676476,11.2502073,35,False,False,36,4.8,4.9
2026-09-23,florence,santa-maria-novella,3216,Luggage Storage San Marco Square,43.777372,11.255623,20,False,False,8,4.63,4.9
2026-09-23,florence,santa-maria-novella,197,Luggage Storage Main Station,43.7792778,11.25543,9999,False,False,10,4.67,4.9
2026-09-23,florence,scandicci,100,Luggage Storage Scandicci,43.7581467,11.1836002,9999,False,False,11,4.87,4.9
2026-09-23,turin,museo-pietro-micca,7213,Luggage Storage Porta Susa Railway Station,45.073636,7.664459,95,False,True,789,4.77,4.9
2026-09-23,turin,stazione-porta-nuova,1334,Luggage Storage Turin Porta Nuova Station,45.0642116,7.6788961,80,False,False,737,4.79,4.9
2026-09-23,turin,egyptian-museum,3013,Luggage Storage Egyptian Museum,45.072682,7.684395,75,False,False,272,4.54,4.9
2026-09-23,turin,cit-turin,332,Luggage Storage Porta Susa,45.0739247,7.6687981,9999,False,False,211,4.71,4.9
2026-09-23,turin,stazione-porta-nuova,8889,Luggage Storage Porta Nuova Railway Station,45.0600209,7.681331399999999,110,False,False,233,4.72,4.9
2026-09-23,turin,stazione-porta-nuova,7814,Luggage Storage Porta Nuova Train Station,45.0611215,7.680430100000001,55,False,False,239,4.86,4.9
2026-09-23,turin,allianz-stadium,2987,Luggage Storage Juventus Stadium,45.1068192,7.6457986,100,False,False,133,4.83,4.9
2026-09-23,turin,stazione-porta-nuova,3071,Luggage Storage Porta Nuova,45.0621491,7.6756001,50,False,False,153,4.92,4.9
2026-09-23,turin,quadrilatero-romano,7178,Luggage Storage Porta Susa Train Station,45.0735259,7.669152100000001,50,False,False,139,4.58,4.9
2026-09-23,turin,stazione-porta-nuova,6462372,Luggage Storage Piazza San Carlo,45.06724579999999,7.682884800000001,55,False,False,114,4.82,4.9
2026-09-23,turin,piazza-castello,8894,Luggage Storage Via Xx Settembre / Bertola,45.0703488,7.682575099999999,55,False,False,136,4.89,4.9
2026-09-23,turin,porta-palazzo-market,7866,Luggage Storage Santuario Della Consolata,45.0763567,7.678467899999999,100,False,False,60,4.83,4.9
2026-09-23,turin,stazione-porta-nuova,6459711,Luggage Storage Porta Nuova / Marconi,45.05984549999999,7.6786501,35,False,False,69,4.74,4.9
2026-09-23,turin,palazzo-madama,3017,Luggage Storage Turin City Center,45.06366816412293,7.683651745319367,20,False,False,21,4.9,4.9
2026-09-23,turin,national-cinema-museum,6451106,Luggage Storage Mole Di Torino,45.06902849999999,7.694657800000001,30,False,False,30,4.87,4.9
2026-09-23,turin,galleria-sabauda,9143,Luggage Storage Xviii Dicembre Metro Station,45.07279579999999,7.671127500000001,20,False,False,20,4.88,4.9
2026-09-23,turin,lingotto-fiere,8901,Luggage Storage Lingotto Metro Station,45.0310105,7.669126899999999,50,False,False,10,4.88,4.9
2026-09-23,turin,palazzo-reale,8898,Luggage Storage Chapel Of The Merchants,45.07164046870953,7.681088820117861,30,False,False,37,4.7,4.9
2026-09-23,turin,aurora,8891,Luggage Storage Corso Giulio Cesare / Ponte Mosca,45.0826566,7.687106299999999,20,False,False,2,4.5,4.9
2026-09-23,turin,piazza-vittorio-veneto,8876,Luggage Storage Chiesa Di Santa Giulia,45.0693648,7.7010721,20,False,False,5,4.89,4.9
2026-09-23,turin,mole-antonelliana,8871,Luggage Storage Mole Antonelliana,45.0690592,7.695092099999999,10,False,False,19,4.81,4.9
2026-09-23,turin,city-center,8867,Luggage Storage Via Nizza,45.03510199999999,7.668442499999999,25,False,False,6,4.71,4.9
2026-09-23,turin,barriera-di-milano,8866,Luggage Storage Corso Palermo / Ancona,45.0797606,7.6925753,30,False,False,1,4.8,1.6
2026-09-23,turin,torino-porta-susa,8858,Luggage Storage Corso Palermo,45.0817831,7.6926978,10,False,False,0,5,4.9
2026-09-23,turin,torino-porta-susa,8843,Luggage Storage Re Umberto Metro Station,45.0634276,7.6746702,35,False,False,24,4.81,1.6
2026-09-23,turin,crocetta,8687,Luggage Storage Corso Mediterraneo,45.0602941,7.658362700000001,25,False,False,3,5,4.9
2026-09-23,turin,barriera-di-milano,8657,Luggage Storage Corso Giulio Cesare,45.0884992,7.691565600000001,10,False,False,0,5,1.6
2026-09-23,turin,barriera-di-milano,8654,Luggage Storage Giardino Giuseppe Saragat,45.087474,7.700249299999999,10,False,False,0,4.8,4.9
2026-09-23,turin,stazione-porta-nuova,8621,Luggage Storage Borgo San Paolo,45.05722590000001,7.640430800000001,10,False,False,0,5,1.6
2026-09-23,turin,parco-del-valentino,7793,Luggage Storage Corso Marconi,45.05562219999999,7.6811699,10,False,False,2,4.4,4.9
2026-09-23,turin,stazione-porta-nuova,7760,Luggage Storage Castello Del Valentino,45.0602291,7.681632299999999,30,False,False,50,4.78,4.9
2026-09-23,turin,stazione-porta-nuova,6473147,Luggage Storage Assietta / Porta Nuova,45.0620633,7.6760729,50,False,False,8,4.88,4.9
2026-09-23,turin,stazione-porta-nuova,6473141,Luggage Storage Madama Cristina Bus Stop,45.0594803,7.6835111,20,False,False,1,5,4.9
2026-09-23,turin,city-center,6472386,Luggage Storage Rossini Tram Stop,45.0685775,7.6904327,40,False,False,5,4.8,4.9
2026-09-23,turin,stazione-porta-nuova,6470841,Luggage Storage Piazza Madama Cristina,45.0591689,7.684113099999999,20,False,False,7,5,4.9
2026-09-23,turin,torino-porta-susa,6469902,Luggage Storage Piazza Sabotino,45.0647653,7.646944899999998,20,False,False,0,0,4.9
2026-09-23,turin,stazione-porta-nuova,6469731,Luggage Storage Porta Nuova / Saluzzo,45.0596955,7.6790715,25,False,False,3,4,4.9
2026-09-23,turin,torino-via-roma,6469332,Luggage Storage Bertola,45.07108239999999,7.6818783,10,False,False,1,3,4.9
2026-09-23,turin,santa-rita,6467968,Luggage Storage near Inalpi Arena,45.0400106,7.646315299999999,35,False,False,10,4.3,4.9
2026-09-23,turin,city-center,6467956,Luggage Storage Porta Palazzo Sud,45.0745849,7.682400699999999,25,False,False,9,4.91,4.9
2026-09-23,turin,quadrilatero,6467955,Luggage Storage Via Garibaldi,45.0743911,7.676389599999998,25,False,False,27,4.89,4.9
2026-09-23,turin,lingotto,6467954,Luggage Storage Unione Sovietica / Buenos Aires,45.0342949,7.648837500000001,15,False,False,1,3,4.9
2026-09-23,turin,lingotto,6467874,Luggage Storage Filadelfia / Inalpi Arena,45.03996220000001,7.645672299999999,35,False,False,1,5,5.0
2026-09-23,turin,lingotto,6467873,Luggage Storage Caserma Morelli,45.0435318,7.6599219,20,False,False,2,5,4.9
2026-09-23,turin,city-center,6462378,Luggage Storage near Piazza Carlo Alberto,45.0673823,7.6866665,25,False,False,56,4.89,4.9
2026-09-23,turin,lingotto,6460332,Luggage Storage near Torino Lingotto Railway Station,45.0306657,7.6550733,30,False,False,4,4.8,4.9
2026-09-23,turin,cenisia,6456139,Luggage Storage Via Monginevro,45.0646166,7.6456304,10,False,False,1,5,1.6
2026-09-23,turin,piazza-statuto,6452006,Luggage Storage Torino Piazza Statuto,45.074897653845376,7.669870555400849,40,False,False,12,4.67,4.9
2026-09-23,turin,lingotto,6451048,Luggage Storage Corso Unione Sovietica,45.03651869999999,7.651176299999999,25,False,False,8,4.93,4.9
2026-09-23,turin,piazza-san-carlo,4500,Luggage Storage Piazza San Carlo,45.0637377,7.6836726,25,False,False,28,4.89,4.9
2026-09-23,turin,cenisia,3561,Luggage Storage Cenisia,45.0696054,7.653665,100,False,False,39,4.87,4.9
2026-09-23,turin,torino-dora,3383,Luggage Storage Torino Dora,45.0889318,7.679243,50,False,False,3,4.33,1.6
2026-09-23,turin,barriera-di-milano,3023,Luggage Storage Torino Rebaudengo Fossata,45.0953532,7.6919581,20,False,False,0,5,1.6
2026-09-23,catania,catania-centrale,6560,Luggage Storage Catania Bus Station,37.509115,15.098245,100,False,False,121,4.69,4.9
2026-09-23,catania,city-center,7081,Luggage Storage Fountain Of The Elephant,37.502887,15.087773,40,False,False,152,4.78,4.9
2026-09-23,catania,city-center,3024,Luggage Storage Castello Ursino,37.5005448,15.0838421,25,False,False,102,4.87,4.9
2026-09-23,catania,city-center,4344,Luggage Storage Piazza Stesicoro,37.5071256,15.0860285,50,False,False,82,4.77,4.9
2026-09-23,catania,catania-centrale,6452503,Luggage Storage Catania Centrale Train Station,37.506492,15.0982007,30,False,False,72,4.72,4.9
2026-09-23,catania,city-center,2598,Luggage Storage Villa Bellini,37.5086162,15.0792858,10,False,False,13,5,4.9
2026-09-23,catania,city-center,6797,Luggage Storage Stesicoro Metro Station,37.506316,15.088485,30,False,False,18,4.84,4.9
2026-09-23,catania,city-center,2764,Luggage Storage Roman Arena,37.5055786,15.0848341,20,False,False,10,4.93,4.9
2026-09-23,catania,catania-centrale,7084,Luggage Storage Piazza Martiri Della Libertà,37.505145,15.095476,50,False,False,4,5,4.9
2026-09-23,catania,catania-centrale,7066,Luggage Storage Catania Railway Station,37.506548,15.095476,20,False,False,3,4.82,4.9
2026-09-23,catania,city-center,7058,Luggage Storage Monastery Of San Nicolò L'arena,37.503828,15.081091,25,False,False,10,4.95,4.9
2026-09-23,catania,catania-centrale,6577,Luggage Storage Via Archimede,37.50822,15.094871,100,False,False,11,4.71,4.9
2026-09-23,catania,city-center,6473509,Luggage Storage Via Lago di Nicito,37.509043,15.0793285,10,False,False,0,0,4.9
2026-09-23,catania,city-center,6473139,Luggage Storage Ursino Castle,37.498956,15.085754,50,False,False,4,5,4.9
2026-09-23,catania,catania-airport,6471153,Luggage Storage Catania Airport Area,37.47255699999999,15.0747975,100,False,False,5,5,4.9
2026-09-23,catania,city-center,6471007,Luggage Storage Piazza Federico di Svevia,37.4994793,15.0850162,25,False,False,2,4,4.9
2026-09-23,catania,porta-garibaldi,6470901,Luggage Storage near Castello Ursino,37.498467,15.0839694,50,False,False,5,4.6,4.9
2026-09-23,catania,city-center,6470896,Luggage Storage Greek - Roman Theatre,37.5015259,15.0841802,30,False,False,4,4.5,4.9
2026-09-23,catania,porta-garibaldi,6461808,Luggage Storage Piazza del Risorgimento,37.5009476,15.0713227,40,False,False,0,0,1.6
2026-09-23,catania,borgo-sanzio,6460804,Luggage Storage near Villa Bellini,37.5112038,15.087766,30,False,False,10,4.92,1.6
2026-09-23,catania,borgo-sanzio,6460361,Luggage Storage near Catania Stadium,37.5154529,15.0772052,20,False,False,0,0,4.9
2026-09-23,catania,catania-centrale,6460060,Luggage Storage Catania Centrale Railway Station,37.5068587,15.0983431,80,False,False,9,4.27,4.9
2026-09-23,catania,piazza-stesicoro,6459466,Luggage Storage Via Umberto I,37.5113146,15.0873303,20,False,False,7,4.57,4.9
2026-09-23,catania,city-center,6459443,Luggage Storage Catania Porta Garibaldi,37.4998927,15.0762907,30,False,False,1,4.67,4.9
2026-09-23,catania,piazza-stesicoro,6459415,Luggage Storage Etnea Sangiuliano,37.5048981,15.0879602,20,False,False,8,4.73,4.9
2026-09-23,catania,city-center,6459389,Luggage Storage Vittorio Emanuele Ii / Plebiscito,37.5015439,15.0752283,20,False,False,1,5,4.9
2026-09-23,catania,city-center,6459381,Luggage Storage near San Cristoforo,37.4985042,15.0802737,20,False,False,6,4.98,4.9
2026-09-23,catania,city-center,6459362,Luggage Storage Catania Stadium,37.512657,15.0719813,20,False,False,0,5,4.9
2026-09-23,catania,borgo-sanzio,6458945,Luggage Storage Orto Botanico di Catania,37.5157862,15.0842745,20,False,False,0,0,4.9
2026-09-23,catania,catania-centrale,6458943,Luggage Storage near Via Cardinale Dusmet,37.50162359999999,15.0931532,20,False,False,4,4.83,4.9
2026-09-23,catania,catania-centrale,6458942,Luggage Storage Via Vittorio Emanuele II,37.5032935,15.0926433,20,False,False,5,4.75,4.9
2026-09-23,catania,catania-centrale,6456695,Luggage Storage Catania Bus Terminal,37.5094528,15.0982086,20,False,False,12,4.57,4.9
2026-09-23,catania,university-of-catania,6456575,Luggage Storage near Teatro Massimo Bellini,37.5032712,15.0912055,50,False,False,6,4.5,4.9
2026-09-23,catania,city-center,6456574,Luggage Storage Via Garibaldi,37.5009667,15.0812465,30,False,False,5,4.56,4.9
2026-09-23,catania,catania-airport,6454786,Luggage Storage near Catania Airport,37.4709294,15.0720219,50,False,True,60,4.57,4.9
2026-09-23,catania,city-center,6453899,Luggage Storage Catania Centrale,37.5074358,15.098468,35,False,False,85,4.74,4.9
2026-09-23,catania,catania-centrale,6452808,Luggage Storage near Catania Porto,37.50026140117499,15.094353854656221,100,False,False,11,4.64,4.9
2026-09-23,catania,city-center,6452806,Luggage Storage Catania Harbor Pier,37.4925661,15.0841805,10,False,False,1,5,1.6
2026-09-23,catania,catania-centrale,6452780,Luggage Storage Giovanni Xxiii Metro Station,37.50880590000001,15.0983074,25,False,False,19,4.61,4.9
2026-09-23,catania,university-of-catania,6452772,Luggage Storage Catania Porto,37.5013426,15.0931841,25,False,False,6,4.83,4.9
2026-09-23,catania,city-center,6452283,Luggage Storage near Angelo Massimino Stadium,37.5120457,15.0722906,50,False,False,0,0,1.6
2026-09-23,catania,borgo-sanzio,4210,Luggage Storage Borgo-sanzio,37.5184241,15.0929173,150,False,False,7,4.92,4.9
2026-09-23,venice,santa-lucia-station,4896,Luggage Storage Venezia Santa Lucia Station,45.44293589999999,12.3222164,140,False,False,1662,4.79,5.0
2026-09-23,venice,santa-lucia-station,6452178,Luggage Storage Venice Piazzale Roma,45.43385365311893,12.347214542096483,65,False,False,355,4.75,4.9
2026-09-23,venice,rialto,149,Luggage Storage Rialto Bridge,45.4374305,12.3362617,9999,False,True,982,4.69,4.9
2026-09-23,venice,san-marco,1078,Luggage Storage San Marco,45.4352934,12.3382403,45,False,False,623,4.87,4.9
2026-09-23,venice,cannaregio,123,Luggage Storage St Lucia,45.440415,12.325145,9999,False,False,238,4.9,4.9
2026-09-23,venice,santa-lucia-station,9596,Luggage Storage Venice Railway Station,45.4422863,12.3229548,100,False,False,509,4.66,4.9
2026-09-23,venice,peggy-guggenheim-collection,4912,Luggage Storage S. Maria Del Giglio,45.4327647,12.3327325,40,False,False,216,4.77,4.9
2026-09-23,venice,piazzale-roma,5722,Luggage Storage Piazzale Roma,45.4371984,12.318926,100,False,False,387,4.76,4.9
2026-09-23,venice,cannaregio,6292,Luggage Storage Ghetto Ebraico,45.44517,12.329933,35,True,False,91,4.67,4.9
2026-09-23,venice,dorsoduro,4932,Luggage Storage near Ponte Degli Scalzi,45.4393651,12.3229909,60,False,False,192,4.81,4.9
2026-09-23,venice,piazzale-roma,9579,Luggage Storage Piazzale Roma Terminal Bus,45.43703651997607,12.31919288635254,55,False,False,178,4.76,4.9
2026-09-23,venice,biennale,4902,Luggage Storage Campo Bandiera E Moro,45.4343714,12.3476829,50,False,False,85,4.66,4.9
2026-09-23,venice,giudecca,6452766,Luggage Storage Giudecca Palanca,45.4263894,12.3263725,25,False,False,12,5,5.0
2026-09-23,venice,san-polo,9621,Luggage Storage Ponte San Polo,45.4369685,12.3294787,30,False,False,29,4.92,4.9
2026-09-23,venice,venice-lido,9617,Luggage Storage Venezia Lido,45.4016222,12.3608874,25,False,False,10,4.79,1.6
2026-09-23,venice,san-marco,9616,Luggage Storage Giardini Della Marinaressa,45.4321482,12.3533016,25,False,False,67,4.82,4.9
2026-09-23,venice,city-center,9580,Luggage Storage Calle Dei Preti,45.4331046,12.3532058,50,False,False,0,0,1.6
2026-09-23,venice,rialto,9556,Luggage Storage Basilica Dei Frari,45.4371386,12.3277276,30,False,False,11,4.82,4.9
2026-09-23,venice,murano,7292,Luggage Storage Murano Ferry Terminal,45.45625,12.354317,50,False,False,9,4.87,1.6
2026-09-23,venice,san-polo,6473647,Luggage Storage near Venice San Polo,45.4378396,12.3329599,100,False,False,3,5,4.9
2026-09-23,venice,cannaregio,6472946,Luggage Storage San Geremia,45.4427096,12.3245071,15,False,False,13,4.72,4.9
2026-09-23,venice,doge-s-palace,6472938,Luggage Storage S. Marco-San Zaccaria 'B',45.4336875,12.3471875,50,False,False,20,4.74,4.9
2026-09-23,venice,cannaregio,6469821,Luggage Storage near Oratory of Crociferi,45.44173,12.3376255,100,False,False,27,4.59,4.9
2026-09-23,venice,venice-castello,6469788,Luggage Storage Church of Miracoli,45.4393738,12.3371998,50,False,False,16,4.63,4.9
2026-09-23,venice,doge-s-palace,6469768,Luggage Storage Santa Maria Formosa Church,45.4365353,12.33966,100,False,False,8,4.1,4.9
2026-09-23,venice,city-center,6457906,Luggage Storage near Basilica of Saints John and Paul,45.4388415,12.3421363,30,False,False,71,4.9,4.9
2026-09-23,venice,constitution-bridge,6457620,Luggage Storage Venice Bus Terminal,45.4380523669347,12.31879457831383,90,False,False,400,4.88,4.9
2026-09-23,venice,campo-dei-frari,6456399,Luggage Storage Campo Dei Frari,45.43583,12.32551,25,False,False,26,4.92,5.0
2026-09-23,venice,san-polo,6452289,Luggage Storage Venice San Polo,45.43787592323255,12.333491741248823,40,False,False,89,4.85,4.9
2026-09-23,venice,san-marco,6452270,Luggage Storage Venezia San Marco,45.4350186,12.3376011,55,False,False,120,4.78,4.9
2026-09-23,venice,murano,6452261,Luggage Storage Murano Venier Ferry Terminal,45.458242,12.353004,30,False,False,6,4.92,4.9
2026-09-23,venice,accademia-gallery,6452230,Luggage Storage Zattere Ferry Terminal,45.42914529999999,12.3281376,65,False,False,71,4.88,4.9
2026-09-23,venice,ca-d-oro-pier-station,6452182,Luggage Storage F.Te Nove Ferry Terminal,45.4412872,12.3402054,40,False,False,90,4.94,4.9
2026-09-23,venice,guglie-bridge,6452168,Luggage Storage Ponte Delle Guglie,45.4443473,12.3238869,50,False,False,55,4.79,4.9
2026-09-23,venice,venice-marco-polo-airport,6452148,Luggage Storage near Venice Marco Polo Area,45.5028599,12.3258212,45,False,True,31,4.84,4.9
2026-09-23,venice,san-polo,5731,Luggage Storage Campo S. Agostin,45.438872,12.3285686,20,False,False,34,4.91,4.9
2026-09-23,venice,santa-croce,5723,Luggage Storage near Giardini Papadopoli,45.43798178992333,12.321978360414507,20,False,False,32,4.91,4.9
2026-09-23,venice,murano-da-mula,5437,Luggage Storage Murano Da Mula,45.455548373470805,12.35259302565101,200,False,False,62,4.83,4.9
2026-09-23,venice,brondolo,5305,Luggage Storage Brondolo,45.1882106,12.2802231,200,False,False,0,4.86,1.6
2026-09-23,venice,city-center,4914,Luggage Storage San Polo,45.4380841,12.3264064,20,False,False,64,4.89,4.9
2026-09-23,venice,santa-lucia-train-station,2852,Luggage Storage near Venice Bus Station,45.4372459,12.3204534,15,False,False,36,4.92,4.9
2026-09-23,bari,bari-centrale-train-station,233,Luggage Storage Bari Centrale Train Station,41.1198321,16.8686451,9999,False,False,1052,4.68,4.9
2026-09-23,bari,basilica-san-nicola,2325,Luggage Storage St. Nicholas Cathedral,41.1274836,16.8711907,30,False,False,168,4.85,4.9
2026-09-23,bari,bari-centrale-train-station,6452171,Luggage Storage Bari Centrale Station,41.1191036,16.8710006,100,False,False,226,4.78,4.9
2026-09-23,bari,bari-vecchia,6461890,Luggage Storage Basilica San Nicola,41.1305386,16.8694758,100,False,False,167,4.83,4.9
2026-09-23,bari,bari-centrale-train-station,6455967,Luggage Storage near Castello Svevo Di Bari,41.1252219,16.8687318,100,False,False,74,4.93,4.9
2026-09-23,bari,palazzo-fizzarotti,6459578,Luggage Storage near Palazzo Fizzarotti,41.1268517,16.8616646,30,False,False,39,4.91,4.9
2026-09-23,bari,bari-centrale-train-station,7326,Luggage Storage Bari Centrale Stazione Fs,41.119517,16.868994,35,False,False,77,4.89,4.9
2026-09-23,bari,city-center,9646,Luggage Storage near Palazzo Mincuzzi,41.121724,16.8687757,100,False,False,31,4.94,4.9
2026-09-23,bari,bari-centrale-train-station,9316,Luggage Storage Giardini Di Piazza Umberto I,41.1215644,16.8674189,20,False,False,9,4.9,4.9
2026-09-23,bari,old-town,8639,Luggage Storage Fortino Di Sant'Antonio,41.1283039,16.8731527,30,False,False,1,4,4.9
2026-09-23,bari,bari-centrale-train-station,6800,Luggage Storage Bari Train Station,41.119679,16.869053,60,False,False,36,4.83,4.9
2026-09-23,bari,bari-centrale-train-station,6472960,Luggage Storage Parco Rossani / Bari Centrale,41.115596,16.8662942,50,False,False,0,0,4.9
2026-09-23,bari,bari-centrale-train-station,6472928,Luggage Storage Crispi-Garibaldi,41.12527159160084,16.860196799061672,20,False,False,1,5,4.9
2026-09-23,bari,bari-centrale-train-station,6470157,Luggage Storage Cavour - Petroni,41.1200051,16.8729637,100,False,False,2,5,4.9
2026-09-23,bari,bari-vecchia,6463189,Luggage Storage Crispi-Trevisani,41.1251654,16.8595607,20,False,False,6,4.71,4.9
2026-09-23,bari,bari-centrale-train-station,6462370,Luggage Storage Corso Cavour / Centrale,41.1192603,16.8725426,20,False,False,0,0,4.9
2026-09-23,bari,bari-centrale-train-station,6461837,Luggage Storage Piazza Garibaldi,41.1253306,16.8630337,35,False,False,34,4.83,4.9
2026-09-23,bari,bari-centrale-train-station,6461821,Luggage Storage Sella-Crisanzio,41.1202422,16.8644745,20,False,False,8,4.5,4.9
2026-09-23,bari,bari-centrale-train-station,6460739,Luggage Storage Bari Bus Station,41.1167115,16.8673233,20,False,False,33,4.55,4.9
2026-09-23,bari,bari-centrale-train-station,6460337,Luggage Storage Piazza Umberto I / Station,41.1197739,16.8693758,100,False,False,5,4.8,4.9
2026-09-23,bari,bari-centrale-train-station,6459572,Luggage Storage Via Quintino Sella,41.1213659,16.8643873,20,False,False,12,4.5,4.9
2026-09-23,bari,bari-centrale-train-station,6459558,Luggage Storage near Pinacoteca Metropolitana,41.1214928,16.8794795,20,False,False,17,4.88,4.9
2026-09-23,bari,bari-centrale-train-station,6459542,Luggage Storage Bari Central Railway Station,41.11951060000001,16.8718506,20,False,False,18,4.64,4.9
2026-09-23,bari,marconi,6457603,Luggage Storage Corso Sidney Sonnino,41.1190579,16.8826627,20,False,False,4,5,1.6
2026-09-23,bari,bari-centrale-train-station,6455905,Luggage Storage near Giardini Piazza Umberto I,41.1206729,16.8713695,10,False,False,12,4.58,4.9
2026-09-23,bari,bari-centrale-train-station,6455904,Luggage Storage near Bari Central Railway Station,41.1197253,16.8690948,10,False,False,3,4.33,4.9
2026-09-23,bari,bari-centrale-train-station,6455593,Luggage Storage Piccinni-Cavour,41.1253439,16.8708339,15,False,False,8,4.8,4.9
2026-09-23,bari,madonnella,6455296,Luggage Storage near Corso Sydney Sonnino,41.121159,16.876175,25,False,False,14,5,4.9
2026-09-23,bari,madonnella,6455103,Luggage Storage near Bari Marconi Station,41.1189309,16.8864901,55,False,False,9,5,4.9
2026-09-23,bari,altamura,6455039,Luggage Storage Altamura St Mary'S Cathedral,40.8278273,16.55309,10,False,False,5,4.83,4.9
2026-09-23,bari,teatro-petruzzelli,6454961,Luggage Storage Largo Eroi Del Mare,41.1254099,16.8715745,35,False,False,66,4.97,4.9
2026-09-23,bari,quartiere-umbertino,6454957,Luggage Storage Quartiere Umbertino,41.1205011,16.8762366,15,False,False,7,4.83,1.6
2026-09-23,bari,marconi,6454617,Luggage Storage near Via Napoli,41.1280825,16.8479421,50,False,False,3,4.6,1.6
2026-09-23,bari,city-center,5825,Luggage Storage Petruzzelli Opera House,41.1213981,16.8736515,500,False,False,3,5,4.9
2026-09-23,bari,city-center,5657,Luggage Storage Bari City Center,41.1215902,16.8690353,100,False,False,14,4.81,4.9
2026-09-23,bari,teatro-petruzzelli,5234,Luggage Storage near Teatro Petruzzelli,41.1215287,16.8708618,60,False,False,5,4.85,4.9
2026-09-23,bari,bari-centrale-train-station,3515,Luggage Storage Piazza Umberto I,41.121692,16.867287,15,False,False,6,4.83,4.9
2026-09-23,bari,city-center,3420,Luggage Storage City Hall,41.124408,16.8648903,20,False,False,31,4.92,4.9
2026-09-23,bari,bari-centrale-train-station,2652,Luggage Storage Bari Railway Station,41.119643,16.869258,1000,False,False,125,4.87,4.9
2026-09-23,bari,fiera-del-levante,1377,Luggage Storage Via Napoli,41.1339191,16.8269269,30,False,True,21,4.9,4.9
2026-09-23,palermo,palermo-centrale,6517,Luggage Storage Palermo Train Station,38.1110766,13.3666325,82,False,False,533,4.81,4.9
2026-09-23,palermo,politeama,885,Luggage Storage Politeama,38.12509,13.3549921,65,False,False,330,4.85,4.9
2026-09-23,palermo,palermo-centrale,7233,Luggage Storage Palermo Central Station,38.109504,13.365577,45,False,False,232,4.94,4.9
2026-09-23,palermo,albergheria,6677,Luggage Storage Palermo Cathedral,38.113357,13.355864,35,False,False,74,4.96,4.9
2026-09-23,palermo,palermo-city-center,2520,Luggage Storage Aragona Square,38.1150237,13.3662587,40,False,False,62,4.89,4.9
2026-09-23,palermo,palermo-city-center,2579,Luggage Storage Kalsa,38.115511,13.368138,25,False,False,38,4.96,4.9
2026-09-23,palermo,fiera,897,Luggage Storage Fiera,38.14104,13.3482225,20,False,False,1,5,1.6
2026-09-23,palermo,historical-centre-of-palermo,6453593,Luggage Storage Fontana Pretoria,38.115267971978234,13.36402863290279,30,False,False,49,4.9,4.9
2026-09-23,palermo,palermo-city-center,2164,Luggage Storage Verdi Square,38.1207076,13.3584076,100,False,False,58,4.72,4.9
2026-09-23,palermo,port-palermo,9162,Luggage Storage Palermo Notarbartolo Railway Station,38.1336413,13.3441875,30,False,False,38,5,1.6
2026-09-23,palermo,historical-centre-of-palermo,7227,Luggage Storage Monte Di Pietà Square,38.116884,13.356439,100,False,False,2,3.5,4.9
2026-09-23,palermo,palermo-city-center,7171,Luggage Storage Via Cavour,38.122869,13.36217,20,False,False,9,5,4.9
2026-09-23,palermo,palazzo-comitini,7142,Luggage Storage Church Of San Cataldo,38.113046,13.36327,50,False,False,22,4.88,4.9
2026-09-23,palermo,palermo-city-center,7123,Luggage Storage Monte Di Pietà,38.117019,13.357333,30,False,False,0,0,4.9
2026-09-23,palermo,palermo-city-center,7040,Luggage Storage Chiesa Del Gesù Di Casa Professa,38.113938,13.35993,45,False,False,31,4.8,4.9
2026-09-23,palermo,port-palermo,6742,Luggage Storage Palermo Port,38.125863,13.362877,100,False,False,59,4.66,4.9
2026-09-23,palermo,port-palermo,6473031,Luggage Storage near Albero Falcone,38.1341007,13.3470004,20,False,False,3,5,4.9
2026-09-23,palermo,settecannoli,6472361,Luggage Storage Settecannoli / Romagnolo,38.108304760936974,13.380883634090425,50,False,False,0,0,4.9
2026-09-23,palermo,fiera,6469236,Luggage Storage Isola delle Femmine,38.1979429,13.2477603,50,False,False,4,4.75,4.9
2026-09-23,palermo,historical-centre-of-palermo,6461679,Luggage Storage Palermo Old Town,38.1176781,13.3645311,35,False,False,36,4.82,4.9
2026-09-23,palermo,mondello,6460855,Luggage Storage Mondello Port,38.2078351,13.3269043,20,False,False,30,4.83,4.9
2026-09-23,palermo,piazza-verdi,6460692,Luggage Storage near Piazza Verdi,38.1214379,13.3561392,40,False,False,20,4.96,1.6
2026-09-23,palermo,mont-di-pieta,6460282,Luggage Storage near Palermo Teatro Massimo,38.1217077,13.3546952,20,False,False,19,4.82,4.9
2026-09-23,palermo,palermo-centrale,6458911,Luggage Storage near Piazza Giulio Cesare,38.1114442,13.3641251,20,False,False,27,4.59,4.9
2026-09-23,palermo,palermo-centrale,6458874,Luggage Storage Palermo Centrale Train Station,38.1125587,13.3657162,35,False,False,46,4.69,4.9
2026-09-23,palermo,historical-centre-of-palermo,6458862,Luggage Storage near Sant'Agostino,38.1178588,13.3599758,35,False,False,16,4.81,4.9
2026-09-23,palermo,mondello,6456875,Luggage Storage near Mondello,38.19608729999999,13.311639,20,False,False,24,5,4.9
2026-09-23,palermo,mont-di-pieta,6456648,Luggage Storage near Palermo Archeological Museum,38.1205375,13.3617993,25,False,False,11,4.8,4.9
2026-09-23,palermo,palermo-city-center,6456643,Luggage Storage Palermo Palazzo Reale-Orleans,38.1084292,13.3540176,45,False,False,80,4.83,4.9
2026-09-23,palermo,historical-centre-of-palermo,6456367,Luggage Storage near Catacombe Porta D'Ossuna,38.1163418,13.3538442,25,False,False,11,4.62,4.9
2026-09-23,palermo,historical-centre-of-palermo,6453682,Luggage Storage Via Gorizia / Station,38.1122761,13.3662202,25,False,False,4,4.8,4.9
2026-09-23,palermo,corso-dei-mille-sant-erasmo,6453614,Luggage Storage Corso Dei Mille,38.1072029,13.3728414,25,False,False,5,4.71,1.6
2026-09-23,palermo,port-palermo,6450,Luggage Storage Chiesa Dei Santi Pietro E Paolo,38.122967,13.356973,20,False,False,2,4,4.9
2026-09-23,palermo,palermo-city-center,6005,Luggage Storage Massimo Theater,38.120171,13.35579,30,False,False,51,4.98,4.9
2026-09-23,palermo,palermo-city-center,5039,Luggage Storage City Center Palermo,38.1152924,13.3637657,150,False,False,24,4.81,4.9
2026-09-23,palermo,port-palermo,3971,Luggage Storage Palermo Tirrenia Ferry Terminal,38.1262687,13.3611886,100,False,False,11,4.75,4.9
2026-09-23,palermo,albergheria,10054,Luggage Storage Church Of Saint Domenico,38.119243,13.3645393,30,False,False,47,5,4.9
2026-09-23,bologna,bologna-centrale-railway-station,5280,Luggage Storage Bologna Centrale Station,44.5074016,11.3432192,65,False,False,471,4.82,4.9
2026-09-23,bologna,two-towers,3914,Luggage Storage Two Towers Bologna,44.4934775,11.3474273,40,False,False,278,4.93,4.9
2026-09-23,bologna,piazza-maggiore,9171,Luggage Storage Bologna Piazza Maggiore,44.4948497,11.3440999,100,False,False,371,4.78,4.9
2026-09-23,bologna,bologna-city-center,9194,Luggage Storage La Piccola Venezia,44.49860229999999,11.3468139,35,False,False,102,4.88,4.9
2026-09-23,bologna,piazza-maggiore,6450925,Luggage Storage Bologna Old Town,44.49381109999999,11.3471308,100,False,False,83,4.94,4.9
2026-09-23,bologna,bologna-centrale-railway-station,9193,Luggage Storage Bologna Train Station,44.5046833,11.3412984,100,False,False,39,4.5,4.9
2026-09-23,bologna,bologna-centrale-railway-station,6452157,Luggage Storage Bologna Centrale Train Station,44.5050903,11.3414383,100,False,False,213,4.69,4.9
2026-09-23,bologna,bologna-city-center,9222,Luggage Storage Parco 11 Settembre,44.4991411,11.338711,30,False,False,51,4.81,4.9
2026-09-23,bologna,belvedere-mercato-delle-erbe,9308,Luggage Storage Piazza Malpighi,44.4946641,11.3374222,30,False,False,36,4.8,4.9
2026-09-23,bologna,bologna-centrale-railway-station,6460518,Luggage Storage near Bologna Station,44.5076875,11.3411875,55,False,False,67,4.77,4.9
2026-09-23,bologna,bologna-centrale-railway-station,6463282,Luggage Storage Via Amendola / Centrale,44.5036279,11.3407933,50,False,False,77,4.73,4.9
2026-09-23,bologna,bologna-centrale-railway-station,6463294,Luggage Storage Via San Felice,44.4960037,11.3363746,20,False,False,37,4.81,4.9
2026-09-23,bologna,bologna-centrale-railway-station,9233,Luggage Storage Porta Sant'isaia,44.4948604,11.3278757,25,False,False,31,4.98,4.9
2026-09-23,bologna,la-piccola-venezia,9224,Luggage Storage Porta San Felice,44.4982416,11.3301976,30,False,False,32,4.93,4.9
2026-09-23,bologna,bologna-centrale-railway-station,9155,Luggage Storage Bologna Railway Station,44.50836959999999,11.3444186,10,False,False,4,4.3,4.9
2026-09-23,bologna,two-towers,7170,Luggage Storage near Teatro Duse,44.487002,11.34957,20,False,False,5,4.63,4.9
2026-09-23,bologna,porta-castiglione,7053,Luggage Storage Porta Castiglione,44.4869755,11.348465,25,False,False,14,5,4.9
2026-09-23,bologna,piazza-maggiore,6473472,Luggage Storage Via Ugo Bassi,44.495492,11.3382688,500,False,False,3,4.67,4.9
2026-09-23,bologna,bologna-centrale-railway-station,6471155,Luggage Storage Via Mascarella,44.5006354,11.3514241,100,False,False,0,0,4.9
2026-09-23,bologna,bologna-centrale-railway-station,6470836,Luggage Storage Via Serlio,44.5080677,11.3546341,20,False,False,0,0,4.9
2026-09-23,bologna,piazza-maggiore,6470508,Luggage Storage near Indipendenza Bus Stop,44.4965214,11.3440751,10,False,False,10,4.64,4.9
2026-09-23,bologna,bologna-city-center,6469641,Luggage Storage Via Centotrecento,44.4980745,11.3506207,10,False,False,7,4.9,4.9
2026-09-23,bologna,bologna-university,6469447,Luggage Storage near Pinacoteca Nazionale,44.49558589999999,11.3534518,30,False,False,2,4.5,4.9
2026-09-23,bologna,costa-saragozza,6463312,Luggage Storage Porta Saragozza,44.4903022,11.3316831,20,False,False,1,5,4.9
2026-09-23,bologna,bologna-centrale-railway-station,6463307,Luggage Storage near Palazzo Pallavicini,44.4955907,11.3328865,20,False,False,9,4.9,4.9
2026-09-23,bologna,bologna-centrale-railway-station,6463302,Luggage Storage Piazza Viii Agosto,44.5006005,11.3463355,40,False,False,43,4.36,4.9
2026-09-23,bologna,bologna-university,6463291,Luggage Storage Strada Maggiore,44.49138869999999,11.3541012,20,False,False,8,4.22,4.9
2026-09-23,bologna,bologna-university,6463290,Luggage Storage Mercato delle Erbe,44.4956295,11.3386315,20,False,False,20,4.78,4.9
2026-09-23,bologna,bologna-centrale-railway-station,6463289,Luggage Storage Via San Vitale,44.4937811,11.3564301,20,False,False,11,4.63,4.9
2026-09-23,bologna,stadio-senato-dall-aria,6460789,Luggage Storage Bologna Stadium,44.4949453,11.3154484,50,False,False,14,4.64,4.9
2026-09-23,bologna,bologna-centrale-railway-station,6459421,Luggage Storage Matteotti / Bologna Centrale,44.5053501,11.3458578,100,False,False,42,4.77,4.9
2026-09-23,bologna,san-donato,6458423,Luggage Storage near Bologna Fiere,44.5046267,11.3659583,20,False,False,5,4.75,4.9
2026-09-23,bologna,piazza-maggiore,6457577,Luggage Storage Neptune's Fountain,44.4950027,11.3441432,20,False,False,15,4.67,4.9
2026-09-23,bologna,porta-maggiore,6451959,Luggage Storage Bologna Porta Maggiore,44.4907643,11.3549598,20,False,False,18,4.73,4.9
2026-09-23,bologna,rimesse,4677,Luggage Storage Porta San Vitale,44.493931061662614,11.358141029730323,50,False,False,20,4.72,4.9
2026-09-23,pisa,pisa-centrale-train-station,151,Luggage Storage Pisa Centrale Station,43.7096538,10.3996412,70,False,False,1311,4.83,4.9
2026-09-23,pisa,pisa-piazza-del-duomo,7168,Luggage Storage Pisa San Rossore,43.722644,10.389739,25,False,False,147,4.9,4.9
2026-09-23,pisa,pisa-centrale-train-station,6451792,Luggage Storage Pisa Piazza Del Duomo,43.7235093,10.3925969,75,False,False,73,4.81,4.9
2026-09-23,pisa,pisa-centrale-train-station,3855,Luggage Storage Pisa Centrale,43.7079569,10.4019036,40,False,False,408,4.88,4.9
2026-09-23,pisa,pisa-centrale-train-station,7633,Luggage Storage Pisa Train Station,43.70829,10.401061,65,False,False,262,4.85,4.9
2026-09-23,pisa,pisa-centrale-train-station,6456937,Luggage Storage Pisa Centrale Train Station,43.7083365,10.4010495,100,False,False,95,4.84,4.9
2026-09-23,pisa,airport,3573,Luggage Storage Galilei Airport,43.7002524,10.3998577,50,False,False,90,4.74,4.9
2026-09-23,pisa,pisa-centrale-train-station,6602,Luggage Storage Pisa Bus Station,43.710218,10.396052,50,False,False,24,4.83,4.9
2026-09-23,pisa,san-francesco,6451806,Luggage Storage near Porta Calcesana,43.7140017,10.414641,30,False,False,4,5,1.6
2026-09-23,pisa,tower-of-pisa,3307,Luggage Storage The Square Of Miracles,43.7245295,10.3919838,30,False,False,47,4.89,4.9
2026-09-23,pisa,santa-maria,6460935,Luggage Storage Lungarni Di Pisa,43.7164277,10.3948747,20,False,False,36,4.89,4.9
2026-09-23,pisa,pisa-centrale-train-station,6459669,Luggage Storage Pisa Centrale Train Station,43.709804,10.3985742,45,False,False,60,4.42,4.9
2026-09-23,pisa,pisa-centrale-train-station,6456903,Luggage Storage Pisa Railway Station,43.7075358,10.4033215,40,False,False,87,4.73,4.9
2026-09-23,pisa,pisa-piazza-del-duomo,6652,Luggage Storage Piazza Dante,43.718002,10.398226,10,False,False,26,4.89,4.9
2026-09-23,pisa,national-museum-of-san-matteo,6651,Luggage Storage Teatro Verdi,43.716427,10.406045,50,False,False,25,4.88,4.9
2026-09-23,pisa,tower-of-pisa,6623,Luggage Storage Baths Of Nero,43.7231057,10.4007504,50,False,False,14,4.87,1.6
2026-09-23,pisa,pisa-centrale-train-station,6587,Luggage Storage Piazza Vittorio Emanuele Ii,43.709887,10.400698,100,False,False,29,4.77,4.9
2026-09-23,pisa,pisa-centrale-train-station,6471012,Luggage Storage Tower of Pisa,43.7228857,10.3992048,200,False,False,12,4.87,4.9
2026-09-23,pisa,piazza-dei-cavalieri,6470657,Luggage Storage Piazza dei Cavalieri,43.719933,10.402164,20,False,False,6,4.71,4.9
2026-09-23,pisa,pisa-centrale-train-station,6470612,Luggage Storage near Pisa Centrale,43.7087983,10.3996895,50,False,False,44,4.87,4.9
2026-09-23,pisa,santa-maria,6469497,Luggage Storage S. Maria della Spina Church,43.7140278,10.3961481,20,False,False,4,4.33,4.9
2026-09-23,pisa,pisa-centrale-train-station,6467880,Luggage Storage Pisa Centrale,43.710078,10.4009954,40,False,False,3,4.67,4.9
2026-09-23,pisa,pisa-centrale-train-station,6463207,Luggage Storage Gramsci / Centrale,43.7096817,10.3984014,20,False,False,5,4.6,4.9
2026-09-23,pisa,pisa-centrale-train-station,6463206,Luggage Storage Pisa Station,43.70935206345355,10.398768791626576,60,False,False,75,4.8,4.9
2026-09-23,pisa,santa-maria,6460737,Luggage Storage Piazza Dante Alighieri,43.7179162,10.3983696,25,False,False,13,4.85,1.6
2026-09-23,pisa,santa-maria,6456938,Luggage Storage Chiesa di San Michele in Borgo,43.7183628,10.4024798,50,False,False,28,4.72,1.6
2026-09-23,pisa,piazza-dei-cavalieri,6456928,Luggage Storage near Piazza dei Cavalieri,43.7171037,10.4016303,30,False,False,23,4.62,4.9
2026-09-23,pisa,pisa-centrale-train-station,6456828,Luggage Storage Pisa Airport,43.7005558,10.4000668,50,False,False,9,4.75,4.9
2026-09-23,cagliari,marina,974,Luggage Storage Cagliari Train Station,39.2135806,9.1133315,45,False,False,391,4.8,4.9
2026-09-23,cagliari,stazione,2014,Luggage Storage Arst Station,39.2151068,9.1090018,30,False,False,131,4.84,4.9
2026-09-23,cagliari,marina,6459534,Luggage Storage Cagliari Marina,39.2149108,9.112292199999999,20,False,False,23,4.5,4.9
2026-09-23,cagliari,marina,6459450,Luggage Storage Cagliari Port,39.21483,9.112879999999999,20,False,False,17,4.81,4.9
2026-09-23,cagliari,lazzaretto,6696,Luggage Storage Lazzaretto,39.194646,9.142002,20,False,False,1,5,1.6
2026-09-23,cagliari,city-center,6503,Luggage Storage Via Cornalias,39.241435,9.106287,20,False,False,0,0,1.6
2026-09-23,cagliari,bonaria,6486,Luggage Storage Stadio Amsicora,39.205088,9.136796,10,False,False,1,5,1.6
2026-09-23,cagliari,stazione,6473152,Luggage Storage Cagliari Station 7/7,39.21602559999999,9.1089886,30,False,False,21,4.52,4.9
2026-09-23,cagliari,marina,6473090,Luggage Storage Cagliari Ferry Terminal,39.214589,9.1126393,20,False,False,2,4.5,4.9
2026-09-23,cagliari,stazione,6473089,Luggage Storage Cagliari Railway Station,39.21486348225287,9.109165370464327,20,False,False,6,4.14,4.9
2026-09-23,cagliari,marina,6472944,Luggage Storage Via Manno,39.2162147,9.114829499999999,10,False,False,5,5,4.9
2026-09-23,cagliari,villanova,6459751,Luggage Storage Bastione / Sulis,39.216899,9.1181688,20,False,False,8,4.5,4.9
2026-09-23,cagliari,poetto,6459570,Luggage Storage Lido / Poetto,39.2012288,9.1617886,20,False,False,2,4,4.9
2026-09-23,cagliari,bonaria,6459546,Luggage Storage Bonaria,39.211089,9.1196161,20,False,False,1,4.5,4.9
2026-09-23,cagliari,city-center,6459536,Luggage Storage Piazza S. Benedetto,39.221065,9.124488,20,False,False,5,4.8,4.9
2026-09-23,cagliari,marina,6459518,Luggage Storage near Cagliari Port,39.2140052,9.1143897,20,False,False,7,4.88,4.9
2026-09-23,cagliari,city-center,6459512,Luggage Storage San Benedetto Market,39.2229999,9.1249719,20,False,False,4,5,4.9
2026-09-23,cagliari,poetto,6459491,Luggage Storage Viale Poetto,39.2012288,9.1617886,20,False,False,2,4.67,4.9
2026-09-23,cagliari,marina,6459469,Luggage Storage Via dei Mille,39.2141384,9.113851,20,False,False,11,4.82,4.9
2026-09-23,cagliari,stazione,6458723,Luggage Storage Via Roma,39.2183301,9.1061342,20,False,False,5,4.83,4.9
2026-09-23,cagliari,selargius,6457080,Luggage Storage Selargius,39.2542841,9.1689334,25,False,False,0,0,4.9
2026-09-23,cagliari,city-center,6452802,Luggage Storage Pergolesi / San Benedetto,39.2224404,9.1281957,10,False,False,0,4,4.9
2026-09-23,cagliari,city-center,6004,Luggage Storage Market Of S. Benedetto,39.2213544,9.1213572,100,False,False,3,4.78,4.9
2026-09-23,genoa,piazza-principe,147,Luggage Storage Genoa Principe Station,44.415621,8.922716,9999,False,False,472,4.73,4.9
2026-09-23,genoa,aquarium-genoa,2153,Luggage Storage Aquarium,44.41242219999999,8.929251899999999,100,False,False,85,4.87,4.9
2026-09-23,genoa,maddalena,6455518,Luggage Storage Genoa Porto Antico,44.407744,8.9276696,30,False,False,82,4.76,4.9
2026-09-23,genoa,brignole,2919,Luggage Storage Brignole,44.4035186,8.9432043,25,False,False,29,4.87,4.9
2026-09-23,genoa,piazza-corvetto-piazza-de-ferrari,4609,Luggage Storage De Ferrari,44.4085417,8.9329722,100,False,False,62,4.95,4.9
2026-09-23,genoa,genoa-port,6451159,Luggage Storage Genoa Port,44.41218749999999,8.9280625,20,False,False,34,4.62,4.9
2026-09-23,genoa,genoa-port,6451167,Luggage Storage Genoa Ferry Terminal,44.4140387,8.912471199999999,30,False,False,21,4.71,4.9
2026-09-23,genoa,piazza-de-ferrari,6451439,Luggage Storage Sarzano/Sant'Agostino Metro Station,44.40507909999999,8.931357199999999,20,False,False,9,4.92,4.9
2026-09-23,genoa,orefici,6250,Luggage Storage Orefici,44.4090795,8.9311249,15,False,False,10,4.62,4.9
2026-09-23,genoa,nervi,7353,Luggage Storage Caprafico Beach,44.382759,9.027357,10,False,False,1,3,4.9
2026-09-23,genoa,brignole,6469436,Luggage Storage San Vincenzo,44.4063191,8.9406135,20,False,False,0,4,4.9
2026-09-23,genoa,brignole,6469428,Luggage Storage Genova Brignole,44.4079041,8.943562499999999,20,False,False,15,4.76,4.9
2026-09-23,genoa,brignole,6469427,Luggage Storage Brignole Station,44.4061651,8.9432701,10,False,False,5,4.8,4.9
2026-09-23,genoa,brignole,6461596,Luggage Storage Brignole Railway Station,44.4064354,8.9516493,20,False,False,3,4.33,4.9
2026-09-23,genoa,brignole,6459832,Luggage Storage near Marconi / Fiera,44.3969495,8.9485396,20,False,False,7,4.75,4.9
2026-09-23,genoa,pegli,6455688,Luggage Storage Genova Pegli,44.4250021,8.8196584,15,False,False,3,4.75,1.6
2026-09-23,genoa,maddalena,6451178,Luggage Storage near Via Garibaldi,44.410379,8.9322701,20,False,False,0,0,4.9
2026-09-23,genoa,sampierdarena,6451166,Luggage Storage Via Paolo Reti,44.41815,8.88577,100,False,False,0,0,5.0
2026-09-23,lucca,lucca-train-station,551,Luggage Storage near Lucca Train Station,43.8403814,10.503891,150,False,False,141,4.89,5.0
2026-09-23,lucca,lucca-train-station,6456956,Luggage Storage Lucca Train Station,43.837677,10.5052629,120,False,False,63,4.9,5.0
2026-09-23,lucca,city-center,3344,Luggage Storage Piazza Dell'anfiteatro,43.8459692,10.5039895,25,False,False,10,4.92,2.5
2026-09-23,lucca,city-center,6455648,Luggage Storage Chiesa Di San Michele In Foro,43.84507860000001,10.5049252,50,False,False,18,4.82,5.0
2026-09-23,lucca,lucca-train-station,3346,Luggage Storage Lucca Railway Station,43.8377401,10.5032142,150,True,False,82,4.72,5.0
2026-09-23,lucca,city-center,3343,Luggage Storage Lucca City Center,43.8466125,10.5079155,25,False,False,11,4.63,5.0
2026-09-23,lucca,city-center,3692,Luggage Storage Lucca Old Town,43.8417548,10.5039011,120,False,False,18,4.76,5.0
2026-09-23,lucca,lucca-train-station,6457066,Luggage Storage near Lucca Railway Station,43.83777690000001,10.5056936,150,False,False,69,4.85,5.0
2026-09-23,lucca,city-center,3687,Luggage Storage Piazza Napoleone,43.8420868,10.5021776,30,False,False,12,4.71,5.0
2026-09-23,lucca,lucca-train-station,6455658,Luggage Storage near Palazzo Mansi,43.8430913,10.4989936,25,False,False,9,4.9,2.5
2026-09-23,lucca,lucca-train-station,6463131,Luggage Storage Porta San Pietro,43.8400875,10.5019219,20,False,False,3,4.67,5.0
2026-09-23,lucca,lucca-train-station,6458740,Luggage Storage inside Lucca Station,43.8375044,10.5062179,50,False,False,39,4.76,5.0
2026-09-23,lucca,walled-city,6457068,Luggage Storage Via Santa Giustina,43.8441597,10.4992846,30,False,False,0,5,5.0
2026-09-23,lucca,walled-city,6457062,Luggage Storage San Michele in Foro,43.8439677,10.5020071,30,False,False,0,5,5.0
2026-09-23,lucca,city-center,6456625,Luggage Storage Via S. Paolino,43.84298709999999,10.498798,30,False,False,3,5,5.0
2026-09-23,lucca,lucca-train-station,6456553,Luggage Storage near Palazzo Ducale Di Lucca,43.842029,10.5003854,25,False,False,4,5,5.0
2026-09-23,lucca,city-center,4705,Luggage Storage Piazza San Michele,43.843228,10.501568,20,False,False,4,4.75,5.0
2026-09-23,lucca,city-center,3367,Luggage Storage Porta San Gervasio,43.8428993,10.5116627,30,False,False,1,5,5.0
2026-09-23,verona,porta-nuova,423,Luggage Storage Porta Nuova,45.432380785184165,10.987365904147739,9999,False,False,630,4.9,4.9
2026-09-23,verona,juliet-s-house,2752,Luggage Storage Verona Old Town,45.4412514,10.9979177,100,False,False,182,4.92,4.9
2026-09-23,verona,juliet-s-house,719,Luggage Storage Juliet's House,45.4403257,10.9995478,30,False,False,104,4.94,4.9
2026-09-23,verona,arena-di-verona,9677,Luggage Storage Piazza Bra / Verona Arena,45.4386673,10.9956866,45,False,False,151,4.86,4.9
2026-09-23,verona,citta-antica,9716,Luggage Storage Porta Borsari,45.4422267,10.9941491,50,False,False,231,4.88,4.9
2026-09-23,verona,citta-antica,7345,Luggage Storage Castelvecchio Museum,45.439302,10.990487,30,False,False,89,4.92,4.9
2026-09-23,verona,arena-di-verona,8580,Luggage Storage Verona Arena,45.4356985,10.9959933,20,False,False,18,4.87,4.9
2026-09-23,verona,citta-antica,6457605,Luggage Storage Juliet's Balcony,45.4418535,10.9990171,35,False,False,73,4.83,4.9
2026-09-23,verona,citta-antica,9707,Luggage Storage Piazza Delle Erbe,45.4440339,10.9961262,30,False,False,51,4.94,4.9
2026-09-23,verona,citta-antica,9668,Luggage Storage Castelvecchio,45.4388296,10.9869684,30,False,False,5,4.71,4.9
2026-09-23,verona,porta-nuova,6473038,Luggage Storage Porta Nuova Railway Station,45.43303179999999,10.9842597,45,False,False,21,4.38,4.9
2026-09-23,verona,cittadella,6461969,Luggage Storage Via Sciesa / Via Marconi,45.4368805,10.9878004,30,False,False,20,4.78,4.9
2026-09-23,verona,porta-nuova,6460293,Luggage Storage near Corso Porta Nuova,45.432122174823405,10.987333940178587,50,False,False,3,5,4.9
2026-09-23,verona,avesa,6457679,Luggage Storage Piazza Avesa,45.47129591379471,10.989191330736505,20,False,False,0,0,1.6
2026-09-23,verona,cittadella,6457597,Luggage Storage Stradone Porta Palio,45.4373634,10.9838264,20,False,False,13,4.53,4.9
2026-09-23,verona,castelvecchio-museum,6403,Luggage Storage Via Della Casa,45.434208,10.984909,40,False,False,95,4.79,4.9
2026-09-23,verona,cittadella,4955,Luggage Storage Palazzo Orti Manara,45.4378041,10.984881,60,False,False,10,4.6,4.9
2026-09-23,lecce,railway-station,6408,Luggage Storage Lecce Train Station,40.345253,18.167859,70,False,True,165,4.49,4.9
2026-09-23,lecce,railway-station,6456733,Luggage Storage Inside Lecce Railway Station,40.3457533,18.1664305,25,False,False,136,4.68,4.9
2026-09-23,lecce,lecce-city-center,6406,Luggage Storage Gate Of Saint Blaise,40.348265,18.170367,40,False,False,28,5,4.9
2026-09-23,lecce,lecce-city-center,875,Luggage Storage Lecce City Center,40.3523786,18.1766692,30,False,False,24,4.65,4.9
2026-09-23,lecce,lecce-city-center,3826,Luggage Storage Lecce Old Town,40.3561671,18.1783094,50,False,False,10,5,4.9
2026-09-23,lecce,railway-station,6459626,Luggage Storage near Lecce Railway Station,40.34853529999999,18.1619991,20,False,False,3,4.58,4.9
2026-09-23,lecce,lecce-city-center,6459606,Luggage Storage near San Matteo Church,40.3509051,18.1725425,20,False,False,14,4.71,4.9
2026-09-23,lecce,railway-station,6546,Luggage Storage Via Duca Degli Abruzzi,40.348206,18.170118,10,False,False,2,4.5,4.9
2026-09-23,lecce,lecce-city-center,6474400,Luggage Storage near Lecce Cathedral,40.3518298,18.1668099,25,False,False,0,0,4.9
2026-09-23,lecce,railway-station,6473516,Luggage Storage Lecce Old Town,40.3501838,18.1698341,20,False,False,4,5,4.9
2026-09-23,lecce,lecce-city-center,6473480,Luggage Storage Via G.Argento,40.3602534,18.1719857,100,False,False,0,0,4.9
2026-09-23,lecce,railway-station,6459622,Luggage Storage Viale Oronzo Quarta,40.3484536,18.1683454,20,False,False,2,3.33,4.9
2026-09-23,lecce,railway-station,6459618,Luggage Storage Lecce Railway Station,40.3478641,18.1673178,30,False,False,29,4.7,4.9
2026-09-23,lecce,san-pio,6459617,Luggage Storage near Villa Reale,40.354066,18.1609295,20,False,False,1,5,1.6
2026-09-23,lecce,lecce-city-center,3955,Luggage Storage Lecce Castle,40.3553865,18.1776214,10,False,False,16,4.91,4.9
2026-09-23,lecce,lecce-city-center,3919,Luggage Storage Centrum,40.356803,18.1804613,30,False,False,1,5,1.6
2026-09-23,siena,siena-train-station,6452060,Luggage Storage Siena Railway Station,43.3318583,11.322485,35,False,False,68,4.88,5.0
2026-09-23,siena,city-center,3349,Luggage Storage Porta Camollia,43.3258242,11.3268804,25,False,False,76,4.95,5.0
2026-09-23,siena,city-center,3350,Luggage Storage Piazza Del Campo,43.3174995,11.3361278,20,False,False,40,4.85,5.0
2026-09-23,siena,city-center,6455734,Luggage Storage Siena Piazza Del Campo,43.3189474,11.3305929,50,False,False,28,4.95,5.0
2026-09-23,siena,istrice,6455701,Luggage Storage Piazza Del Sale,43.3238011,11.3279379,50,False,False,35,4.84,5.0
2026-09-23,siena,city-center,7263,Luggage Storage Duomo Di Siena,43.318043,11.328571,20,False,False,3,4.67,5.0
2026-09-23,siena,city-center,4746,Luggage Storage Via Bettino Ricasoli,43.3271185,11.3242492,20,False,False,5,4.89,2.5
2026-09-23,siena,city-center,6455693,Luggage Storage Siena Old Town,43.3179434,11.3306641,50,False,False,8,4.94,5.0
2026-09-23,siena,lupa,7266,Luggage Storage Lupa,43.324393,11.332071,25,False,False,7,4.7,2.5
2026-09-23,siena,lupa,6470608,Luggage Storage near Siena Stadium,43.3239148,11.3278379,30,False,False,1,4,5.0
2026-09-23,siena,istrice,6461975,Luggage Storage Via Camollia,43.3257695,11.3267862,20,False,False,1,3,5.0
2026-09-23,siena,city-center,6458450,Luggage Storage Piazza del Mercato,43.3174749,11.3330349,12,False,False,9,4.69,5.0
2026-09-23,siena,city-center,6455728,Luggage Storage Piazza Salimbeni,43.32142229999999,11.3302432,30,False,False,1,5,5.0
2026-09-23,siena,city-center,6455699,Luggage Storage near Palazzo Salimbeni,43.3210229,11.3314844,100,False,False,12,4.69,5.0
2026-09-23,siena,city-center,6455697,Luggage Storage near Piazza Del Campo,43.3182939,11.3334866,25,False,False,6,4.67,5.0
2026-09-23,siena,city-center,3524,Luggage Storage Piazza Gramsci,43.3250863,11.327546,15,False,False,19,4.95,5.0
2026-09-23,syracuse,station,6453001,Luggage Storage Siracusa Station,37.06846,15.2804792,40,False,False,135,4.86,5.0
2026-09-23,syracuse,apollo-temple,6455457,Luggage Storage Syracuse Temple Of Apollo,37.064597,15.2925753,25,False,False,26,4.62,5.0
2026-09-23,syracuse,station,6539,Luggage Storage Syracuse Railway Station,37.066761,15.284235,30,False,True,70,4.66,5.0
2026-09-23,syracuse,station,6593,Luggage Storage Syracuse Bus Station,37.06716,15.281887,20,False,False,7,5,5.0
2026-09-23,syracuse,yacht-lub-lakkios-marina-porto-piccolo-ortigia,6453048,Luggage Storage Via Cairoli,37.0651523,15.2883598,25,False,False,10,4.8,5.0
2026-09-23,syracuse,station,5288,Luggage Storage Syracuse Train Station,37.0691226,15.2828515,100,False,False,13,4.87,5.0
2026-09-23,syracuse,augusta,7240,Luggage Storage Porta Spagnola,37.238117,15.221103,20,False,False,0,0,5.0
2026-09-23,syracuse,station,6531,Luggage Storage Statua Di Archimede,37.064614,15.289514,20,False,False,27,4.93,5.0
2026-09-23,syracuse,apollo-temple,6471940,Luggage Storage Ponte Umberto I,37.0646434,15.2920461,30,False,False,4,4.5,5.0
2026-09-23,syracuse,station,6471913,Luggage Storage Corso Umberto I,37.0657585,15.2878362,50,False,False,0,0,5.0
2026-09-23,syracuse,station,6471103,Luggage Storage Corso Timoleonte,37.0715842,15.2865137,30,False,False,3,5,5.0
2026-09-23,syracuse,apollo-temple,6471008,Luggage Storage Syracuse Cathedral,37.0599591,15.2946312,25,False,False,7,4.86,5.0
2026-09-23,syracuse,apollo-temple,6455483,Luggage Storage near Statue Of Archimedes,37.0654506,15.2899217,10,False,False,2,4.5,5.0
2026-09-23,syracuse,apollo-temple,6455456,Luggage Storage Piazza Pantheon,37.0676871,15.2847291,10,False,False,1,5,5.0
2026-09-23,syracuse,arenella,6453517,Luggage Storage Siracusa Arenella,37.00442,15.2633109,50,False,False,1,5,5.0
2026-09-23,syracuse,syracuse-roman-amphitheater,6453041,Luggage Storage Tecnoparco Archimede,37.0740851,15.275068,25,False,False,3,4.75,5.0
2026-09-23,rimini,rimini-train-station,226,Luggage Storage Rimini Train Station,44.063979,12.572354,9999,False,True,261,4.85,5.0
2026-09-23,rimini,lungomare-augusto-murri,3797,Luggage Storage Rimini Beach,44.0591412,12.5891169,15,False,True,8,4.92,5.0
2026-09-23,rimini,lungomare-augusto-murri,6713,Luggage Storage Piazza Kennedy,44.06738,12.580684,25,False,False,20,4.75,5.0
2026-09-23,rimini,city-center,6472266,Luggage Storage near Fellini Museum,44.05903650061105,12.563933059573175,10,False,False,1,2,5.0
2026-09-23,rimini,federico-fellini-international-airport,6460885,Luggage Storage Rimini Miramare,44.0324016,12.6180362,20,False,True,6,4.6,5.0
2026-09-23,rimini,city-center,6454347,Luggage Storage Palacongressi Di Rimini,44.0503889,12.5667365,10,False,False,0,0,5.0
2026-09-23,rimini,city-center,6453599,Luggage Storage Castel Sismondo,44.0590293,12.5639347,10,False,False,1,3,5.0
2026-09-23,rimini,federico-fellini-park,6453325,Luggage Storage Parco Fellini,44.0694874,12.5732917,25,False,False,3,5,5.0
2026-09-23,rimini,city-center,6453323,Luggage Storage Aleardi,44.0512115,12.5943186,12,False,False,3,5,5.0
2026-09-23,rimini,rimini-train-station,6453307,Luggage Storage Viale Nazario Sauro,44.0663334,12.5773419,10,False,False,1,5,5.0
2026-09-23,rimini,bellariva,6453303,Luggage Storage Viale Regina Elena,44.0549124,12.5942592,50,False,False,1,5,5.0
2026-09-23,rimini,city-center,6453301,Luggage Storage Malatestiano Temple,44.05785849999999,12.5686068,50,False,False,0,0,5.0
2026-09-23,rimini,rimini-train-station,6453291,Luggage Storage Via Roma / Station,44.0618714,12.5743719,15,False,False,8,4.58,5.0
2026-09-23,rimini,city-center,6453271,Luggage Storage Parco Alcide Cervi,44.0585349,12.5780968,10,False,False,4,5,5.0
2026-09-23,rimini,rimini-train-station,6452529,Luggage Storage Corso Giovanni XXIII,44.064496,12.5694039,50,False,False,1,4,5.0
2026-09-23,salerno,salerno-train-station,640,Luggage Storage Salerno Train Station,40.6746207,14.7696084,100,False,True,571,4.73,4.9
2026-09-23,salerno,salerno-train-station,7600,Luggage Storage Salerno Railway Station,40.675238,14.772281,50,False,False,115,4.85,4.9
2026-09-23,salerno,city-centre,9130,Luggage Storage Duomo Di Salerno,40.6797651,14.7593217,25,False,False,15,4.83,4.9
2026-09-23,salerno,rione-porto,6458038,Luggage Storage near Salerno Villa Comunale,40.678308,14.7517745,20,False,False,4,4.83,1.6
2026-09-23,salerno,salerno-train-station,9121,Luggage Storage Corso Vittorio Emanuele,40.6776354,14.7670348,30,False,False,17,4.67,4.9
2026-09-23,salerno,salerno-train-station,6453379,Luggage Storage Medieval Aqueduct,40.6788962,14.7648397,20,False,False,13,4.95,4.9
2026-09-23,salerno,salerno-train-station,6452764,Luggage Storage Corso Garibaldi / Salerno Station,40.67514378922156,14.770310821978034,20,False,False,59,4.98,4.9
2026-09-23,salerno,city-centre,9129,Luggage Storage Salerno Villa Comunale,40.6787294,14.7559011,20,False,False,13,4.58,4.9
2026-09-23,salerno,salerno-train-station,6473030,Luggage Storage near Piazza Della Concordia,40.6743504,14.7711864,20,False,False,2,4.33,4.9
2026-09-23,salerno,city-centre,6462046,Luggage Storage Salerno City Center,40.6788342,14.760684,20,False,False,10,4.81,4.9
2026-09-23,salerno,city-centre,6457737,Luggage Storage near Vernieri,40.6820015,14.7670595,20,False,False,3,4.5,1.6
2026-09-23,salerno,salerno-train-station,6451114,Luggage Storage Salerno Station Square,40.6751722,14.77083,30,False,False,19,4.96,4.9
2026-09-23,salerno,salerno-train-station,5391,Luggage Storage Salerno Station,40.6742234,14.772453,100,False,False,11,4.73,4.9
2026-09-23,la-spezia,la-spezia-centrale,1138,Luggage Storage La Spezia Centrale,44.11008885420029,9.815120100975038,45,False,False,199,4.88,4.9
2026-09-23,la-spezia,la-spezia-centrale,6454717,Luggage Storage Viale Garibaldi,44.1073554,9.8157299,100,False,False,17,4.8,4.9
2026-09-23,la-spezia,la-spezia-centrale,6816,Luggage Storage Via Del Prione,44.107404,9.818017,40,False,False,24,4.78,4.9
2026-09-23,la-spezia,la-spezia-centrale,7796,Luggage Storage La Spezia Train Station,44.111058,9.8141587,40,False,False,115,4.62,4.9
2026-09-23,la-spezia,parco-dei-pesci,2790,Luggage Storage La Spezia Bus Station,44.1113261,9.8457765,50,False,False,10,4.68,4.9
2026-09-23,la-spezia,la-spezia-centrale,6459753,Luggage Storage La Spezia Centrale FS,44.1089586,9.8166134,20,False,False,31,4.81,4.9
2026-09-23,la-spezia,la-spezia-centrale,1370,Luggage Storage Ferry Terminal,44.105294,9.8228463,30,False,False,4,4.73,4.9
2026-09-23,la-spezia,la-spezia-centrale,6459699,Luggage Storage La Spezia Station,44.1105914,9.8139928,60,False,False,76,4.64,4.9
2026-09-23,la-spezia,la-spezia-centrale,6473536,Luggage Storage La Spezia Central Station,44.11060519999999,9.813897299999999,50,False,False,6,5,4.9
2026-09-23,la-spezia,la-spezia-centrale,6461904,Luggage Storage La Spezia Old Town,44.1044246,9.820357399999999,20,False,False,3,4.67,4.9
2026-09-23,la-spezia,la-spezia-centrale,6459737,Luggage Storage La Spezia Giardini Pubblici,44.1032854,9.821899799999999,35,False,False,6,4.67,4.9
2026-09-23,la-spezia,migliarina,6456215,Luggage Storage near Viale Italia,44.11337229999999,9.8364789,50,False,False,2,4.6,1.6
2026-09-23,perugia,central-station,6460204,Luggage Storage Perugia Station 24H,43.1041771,12.3767794,20,False,True,55,4.7,5.0
2026-09-23,perugia,central-station,1819,Luggage Storage Perugia Railway Station,43.1020674,12.37838320000003,30,False,False,62,4.82,5.0
2026-09-23,perugia,piazza-iv-novembre,7244,Luggage Storage Perugia City Center,43.114188,12.389428,3,False,False,38,4.58,5.0
2026-09-23,perugia,piazza-della-repubblica,6060,Luggage Storage Rocca Paolina,43.108397,12.389792,20,False,False,16,4.95,5.0
2026-09-23,perugia,central-station,2425,Luggage Storage Perugia Train Station,43.1059848,12.37857,30,False,False,24,4.96,5.0
2026-09-23,perugia,bus-station,7238,Luggage Storage Perugia Bus Station,43.105644,12.388221,25,False,False,21,4.74,5.0
2026-09-23,perugia,central-station,7239,Luggage Storage Piazza Italia,43.108589,12.38893,25,False,False,19,4.76,5.0
2026-09-23,perugia,piazza-iv-novembre,6466297,Luggage Storage near University For Foreigners,43.1143934,12.3906882,30,False,False,1,5,5.0
2026-09-23,perugia,piazza-iv-novembre,6460222,Luggage Storage Perugia Old Town,43.1122713,12.3904574,35,False,False,11,4.47,5.0
2026-09-23,perugia,elce,5982,Luggage Storage near Giuditta Brozzetti Museum,43.117434,12.381499,10,False,False,1,4.5,5.0
2026-09-23,perugia,elce,5980,Luggage Storage Via D'andreotto,43.11367,12.378254,20,False,False,1,5,5.0
2026-09-23,perugia,piazza-della-repubblica,5043,Luggage Storage Parco Di Sant'anna,43.0981541,12.39158,10,False,False,0,4.5,5.0
2026-09-23,pescara,pescara-centrale-train-station,6461104,Luggage Storage Pescara Train Station,42.4709113,14.206604,35,False,False,69,4.86,5.0
2026-09-23,pescara,pescara-centrale-train-station,5992,Luggage Storage Clap Museum,42.468201,14.211263,30,False,False,24,5,5.0
2026-09-23,pescara,pescara-centrale-train-station,6455983,Luggage Storage near Pescara Centrale,42.4642292,14.2044816,10,False,False,21,4.9,5.0
2026-09-23,pescara,pescara-centrale-train-station,6452446,Luggage Storage near Pescara Centrale Railway Station,42.4706349,14.208222,10,False,False,7,5,5.0
2026-09-23,pescara,pescara-centrale-train-station,6455989,Luggage Storage Via Mazzini,42.4712741,14.2057621,10,False,False,4,4.5,5.0
2026-09-23,pescara,pescara-centrale-train-station,6470765,Luggage Storage near Museo Ittico,42.4665194,14.2203689,30,False,False,0,0,5.0
2026-09-23,pescara,pescara-centrale-train-station,6461634,Luggage Storage Pescara Central Station,42.4678638,14.203764,20,False,False,1,5,5.0
2026-09-23,pescara,pescara-centrale-train-station,6461064,Luggage Storage Pescara Terminal Bus,42.47211410000001,14.2042546,20,False,False,7,4.75,5.0
2026-09-23,pescara,pescara-centrale-train-station,6461062,Luggage Storage near Pescara Centrale,42.4726611,14.2039391,20,False,False,0,0,5.0
2026-09-23,pescara,pescara-centrale-train-station,6461061,Luggage Storage Piazza Santa Caterina Da Siena,42.4728691,14.2043497,20,False,False,1,5,5.0
2026-09-23,pescara,pescara-centrale-train-station,5989,Luggage Storage Adriatico Stadium,42.45815,14.222857,50,False,False,0,5,5.0
2026-09-23,pescara,pescara-centrale-train-station,5973,Luggage Storage Public Beach,42.4748148,14.2011458,40,False,False,1,5,5.0
2026-09-23,trapani,trapani-port,3363,Luggage Storage Trapani Ferry Terminal,38.0137259,12.5115646,50,False,False,66,4.78,5.0
2026-09-23,trapani,trapani-port,227,Luggage Storage Trapani Port,38.0138628,12.5129457,9999,False,False,22,4.92,5.0
2026-09-23,trapani,trapani-port,4557,Luggage Storage Corso Italia,38.015032,12.5124508,50,False,False,6,4.89,5.0
2026-09-23,trapani,trapani-port,8352,Luggage Storage Trapani Railway Station,38.0193827,12.5189621,100,False,False,2,5,5.0
2026-09-23,trapani,trapani-train-station,6515,Luggage Storage Trapani Square Station,38.016768,12.517132,30,False,False,6,4.75,5.0
2026-09-23,trapani,train-station,6526,Luggage Storage Museum Of Illusions,38.016893,12.514503,10,False,False,0,0,5.0
2026-09-23,trapani,city-center,6522,Luggage Storage Via Marconi,38.016734,12.553185,100,False,False,0,5,5.0
2026-09-23,trapani,trapani-port,6469960,Luggage Storage near Trapani Ferry Service,38.0138836,12.5126928,30,False,False,0,0,5.0
2026-09-23,trapani,train-station,6458886,Luggage Storage Via Fardella,38.0199501,12.5297916,20,False,False,2,5,5.0
2026-09-23,trapani,city-center,6310,Luggage Storage Funivia Erice,38.023888,12.544246,25,False,False,5,4.7,5.0
2026-09-23,trapani,city-center,6280,Luggage Storage near Regional Museum,38.017475,12.537735,100,False,False,1,5,5.0
2026-09-23,bergamo,bergamo-train-station,6000,Luggage Storage Bergamo Train Station,45.6904488,9.6733953,45,False,False,176,4.85,4.9
2026-09-23,bergamo,citta-alta,7342,Luggage Storage Piazza Vecchia Bergamo Alta,45.7034279,9.6633715,35,False,False,143,4.95,4.9
2026-09-23,bergamo,bergamo-train-station,557,Luggage Storage Bergamo Gewiss Stadium,45.7048077,9.6781889,30,False,False,50,4.81,4.9
2026-09-23,bergamo,bergamo-train-station,6460152,Luggage Storage Bergamo Bus Station,45.69288359999999,9.6725172,45,False,False,107,4.91,4.9
2026-09-23,bergamo,bergamo-train-station,6457968,Luggage Storage Bergamo Bus Station,45.691512,9.6749669,30,False,False,35,4.7,4.9
2026-09-23,bergamo,citta-alta,6965,Luggage Storage Bergamo Cathedral,45.7032948,9.6634588,40,False,False,34,4.93,4.9
2026-09-23,bergamo,bergamo-train-station,6460156,Luggage Storage Via Gavazzeni,45.6880335,9.6758899,20,False,False,2,5,4.9
2026-09-23,bergamo,bergamo-train-station,6460154,Luggage Storage Paglia / Bergamo Station,45.69040529999999,9.6723266,35,False,False,13,4.68,4.9
2026-09-23,bergamo,borgo-palazzo,6457978,Luggage Storage near Bergamo Bus Terminal,45.6938063,9.6780492,20,False,False,10,4.71,4.9
2026-09-23,bergamo,borgo-santa-caterina,2802,Luggage Storage Gewiss Stadium,45.705608,9.6838144,20,False,False,2,4.5,1.6
2026-09-23,reggio-calabria,center,5927,Luggage Storage Duomo Square,38.1038419,15.6390951,50,False,False,77,4.83,5.0
2026-09-23,reggio-calabria,central-station,898,Luggage Storage Reggio Calabria Central Station,38.1029045,15.6357243,30,False,False,16,4.82,5.0
2026-09-23,reggio-calabria,center,8936,Luggage Storage Pellaro Via Augusta,38.022484,15.650921,100,False,False,0,0,5.0
2026-09-23,reggio-calabria,reggio-calabria-airport,6460458,Luggage Storage near Reggio Calabria Airport,38.0758906,15.6542455,20,False,False,0,0,5.0
2026-09-23,reggio-calabria,center,5957,Luggage Storage Museo Nazionale Bergamotto,38.1095665,15.6499136,20,False,False,2,5,5.0
2026-09-23,reggio-calabria,catona,5951,Luggage Storage Reggio Di Calabria Catona,38.1869483,15.643798,100,False,False,0,5,5.0
2026-09-23,reggio-calabria,central-station,5950,Luggage Storage S. Caterina Station,38.126478,15.654197,50,False,False,0,3.67,5.0
2026-09-23,reggio-calabria,villa-san-giovanni,5948,Luggage Storage Villa San Giovanni Station,38.2167834,15.6346212,50,False,False,8,4.4,5.0
2026-09-23,reggio-calabria,center,5947,Luggage Storage Via De Nava,38.119914,15.653329,200,False,False,5,4.6,5.0
2026-09-23,reggio-calabria,villa-san-giovanni,5938,Luggage Storage Via Marconi,38.218014,15.6361808,60,False,False,1,5,5.0
2026-09-23,bolzano,bolzano-train-station,8088,Luggage Storage Bolzano Train Station,46.4954315,11.3559288,60,False,False,265,4.65,4.9
2026-09-23,bolzano,waltherplatz,8090,Luggage Storage Bolzano Cathedral,46.4953501,11.3526933,30,False,False,21,4.78,4.9
2026-09-23,bolzano,bolzano-train-station,6458005,Luggage Storage near South Tyrol Museum of Archaeology,46.500088,11.3496846,20,False,False,20,4.65,4.9
2026-09-23,bolzano,bolzano-train-station,6457943,Luggage Storage near Waltherplatz,46.4979925,11.3520748,20,False,False,23,4.93,4.9
2026-09-23,bolzano,bolzano-train-station,6463173,Luggage Storage Bolzano Piazza Duomo,46.4979759,11.3526505,50,False,False,24,4.67,4.9
2026-09-23,bolzano,palazzo-mercantile,8134,Luggage Storage Druso Stadium,46.49058420000001,11.3419091,20,False,False,4,4.5,4.9
2026-09-23,bolzano,city-center,8125,Luggage Storage Corso Italia,46.4952203,11.3403941,30,False,False,4,4.57,1.6
2026-09-23,bolzano,bolzano-train-station,6457950,Luggage Storage near University Of Bolzano,46.4981934,11.3479049,20,False,False,1,5,4.9
2026-09-23,bolzano,bolzano-train-station,6457933,Luggage Storage near Duomo Di Bolzano,46.4975159,11.3535396,20,False,False,2,5,4.9
2026-09-23,brindisi,central-station,6872,Luggage Storage Brindisi Train Station,40.634619,17.939084,100,False,False,593,4.81,4.9
2026-09-23,brindisi,corso-garibaldi,877,Luggage Storage Corso Garibaldi,40.6378706,17.9465942,45,False,False,140,4.88,4.9
2026-09-23,brindisi,city-centre,6458028,Luggage Storage Brindisi City Center,40.6376284,17.9460662,30,False,False,47,4.93,4.9
2026-09-23,brindisi,city-centre,6874,Luggage Storage Vittorio Emanuele Ii Park,40.638804,17.947648,35,False,False,6,4.33,4.9
2026-09-23,brindisi,central-station,6473492,Luggage Storage Piazza Cairoli / Brindisi Station,40.6352371,17.9420741,200,False,False,6,4.83,4.9
2026-09-23,brindisi,central-station,6473179,Luggage Storage Brindisi Train Station,40.6350452,17.9398964,70,False,False,78,4.78,4.9
2026-09-23,brindisi,central-station,6471163,Luggage Storage near Brindisi Station,40.6331259,17.9414946,50,False,False,2,4.5,4.9
2026-09-23,brindisi,central-station,6460046,Luggage Storage Brindisi Station,40.6346998,17.9429806,100,False,False,12,4.75,4.9
2026-09-23,brindisi,central-station,6459667,Luggage Storage Brindisi Railway Station,40.6354601,17.9397352,35,False,False,75,4.95,4.9
2026-09-23,ferrara,city-center,873,Luggage Storage Ferrara City Center,44.8370899,11.6183782,15,False,True,144,4.84,5.0
2026-09-23,ferrara,railway-station,7252,Luggage Storage Ferrara Railway Station,44.84266035276834,11.60481334172673,50,False,False,99,4.77,5.0
2026-09-23,ferrara,city-center,6451982,Luggage Storage Viale Cavour / Ferrara Castle,44.839966,11.6154422,50,False,True,28,4.89,5.0
2026-09-23,ferrara,railway-station,6452547,Luggage Storage Ferrara Train Station,44.8432559,11.6042662,40,False,False,25,4.8,5.0
2026-09-23,ferrara,railway-station,6469743,Luggage Storage Ferrara Station,44.8425567,11.6047527,50,False,False,25,4.84,5.0
2026-09-23,ferrara,railway-station,7269,Luggage Storage near Ferrara Train Station,44.845202,11.608208,30,False,False,0,4.89,5.0
2026-09-23,ferrara,city-center,7260,Luggage Storage Cathedral Of Ferrara,44.834721,11.622829,25,False,False,9,4.89,5.0
2026-09-23,ferrara,railway-station,6469734,Luggage Storage near Ferrara Station,44.84328,11.60946,100,False,False,2,3.5,5.0
2026-09-23,ferrara,railway-station,6469608,Luggage Storage Via Porta Catena,44.8455547,11.6094184,50,False,False,0,0,5.0
2026-09-23,matera,city-center,6455071,Luggage Storage near Matera Centrale,40.6667108,16.6040327,25,False,False,45,4.83,5.0
2026-09-23,matera,city-center,4314,Luggage Storage Matera Via Nazionale,40.6750314,16.5968639,50,False,False,15,4.69,5.0
2026-09-23,matera,city-center,6451088,Luggage Storage Matera Belvedere Piazza Giovanni Pascoli,40.664168,16.6087566,30,False,False,35,4.61,5.0
2026-09-23,matera,city-center,6451089,Luggage Storage Palombaro Lungo / XX Settembre,40.6691817,16.6066225,15,False,False,13,4.62,5.0
2026-09-23,matera,city-center,6451092,Luggage Storage Piazzetta Pascoli,40.6634141,16.6100088,20,False,False,14,5,5.0
2026-09-23,matera,via-dei-messapi,6814,Luggage Storage Via Dei Messapi,40.689844,16.586922,60,False,False,0,0,5.0
2026-09-23,matera,city-center,6453158,Luggage Storage near Stadio XXI Settembre,40.6734319,16.6070976,20,False,False,0,5,5.0
2026-09-23,matera,city-center,6451085,Luggage Storage Via Nazionale,40.6749558,16.5986391,10,False,False,0,5,5.0
2026-09-23,matera,city-center,6451075,Luggage Storage Via Annunziatella,40.6719644,16.603228,10,False,False,0,0,5.0
2026-09-23,trento,main-station,3884,Luggage Storage Trento Railway Station,46.0686839,11.1200624,40,False,False,344,4.89,5.0
2026-09-23,trento,main-station,9976,Luggage Storage Torre Vanga,46.069494,11.1195808,35,False,False,64,4.53,5.0
2026-09-23,trento,main-station,9983,Luggage Storage Piazza Del Duomo Di Trento,46.06896,11.1211262,30,False,False,26,4.72,5.0
2026-09-23,trento,main-station,8028,Luggage Storage Buonconsiglio Castle Museum,46.071715,11.1248628,25,False,False,12,4.68,2.5
2026-09-23,trento,city-center,8012,Luggage Storage Piazza Cesare Battisti,46.0691242,11.1238196,40,False,False,21,4.92,5.0
2026-09-23,trento,main-station,6461329,Luggage Storage Trento Train Station,46.0696653,11.1179837,25,False,False,22,4.15,5.0
2026-09-23,trento,main-station,9667,Luggage Storage Ponte San Lorenzo,46.07153110000001,11.117015,40,False,False,5,4.86,5.0
2026-09-23,trento,main-station,6456083,Luggage Storage Centa Brennero,46.07655889999999,11.1241474,50,False,False,1,4,5.0
2026-09-23,trento,main-station,10017,Luggage Storage San Giuseppe Church,46.0579079,11.1203959,10,False,False,1,5,5.0
2026-09-23,messina,messina-centrale,9018,Luggage Storage Messina Train Station,38.18543595776616,15.561017990112306,30,False,False,36,4.82,5.0
2026-09-23,messina,messina-centrale,6497,Luggage Storage Messina Centrale,38.18588,15.559731,25,False,False,16,4.82,5.0
2026-09-23,messina,borgo-del-ringo,6508,Luggage Storage Piazza Castronovo,38.207675,15.557885,30,False,False,0,0,5.0
2026-09-23,messina,messina-centrale,6504,Luggage Storage Church Of Saint Mary Of The Carmel,38.1868,15.550722,15,False,False,1,3,5.0
2026-09-23,messina,messina-centrale,6471041,Luggage Storage Via Cannizzaro,38.1906088,15.5483469,10,False,False,0,0,5.0
2026-09-23,messina,messina-centrale,6471038,Luggage Storage Messina Cathedral,38.1909773,15.5567796,10,False,False,2,5,5.0
2026-09-23,messina,messina-centrale,6471037,Luggage Storage Villa Mazzini,38.1976713,15.5570831,20,False,False,0,0,5.0
2026-09-23,messina,messina-centrale,6471036,Luggage Storage Muricello,38.2052556,15.5578719,100,False,False,0,0,5.0
2026-09-23,modena,central-station,6400,Luggage Storage Modena Station,44.653519,10.931776,40,False,False,55,4.89,5.0
2026-09-23,modena,central-station,7720,Luggage Storage Teatro Michelangelo,44.64081540000001,10.912543,10,False,False,0,5,5.0
2026-09-23,modena,central-station,7712,Luggage Storage Modena Piazza Manzoni Station,44.6344309,10.9280612,15,False,False,1,5,5.0
2026-09-23,modena,central-station,6459423,Luggage Storage near Palazzina Dei Giardini,44.6504104,10.9308746,20,False,False,12,4.79,5.0
2026-09-23,modena,city-centre,6458405,Luggage Storage near Ducal Palace of Modena,44.6501723,10.9274474,20,False,False,42,4.95,5.0
2026-09-23,modena,central-station,6458403,Luggage Storage Modena Railway Station,44.6514988,10.9314024,45,False,False,83,4.53,5.0
2026-09-23,modena,central-station,6389,Luggage Storage Giardino Ducale Estense,44.64999,10.929917,25,False,False,26,4.81,5.0
2026-09-23,modena,city-centre,6379,Luggage Storage Galleria Estense,44.648357,10.922045,25,False,False,20,4.77,5.0
2026-09-23,agrigento,agrigento-train-staion,783,Luggage Storage Agrigento Train Station,37.310097,13.584795,30,False,False,46,4.66,5.0
2026-09-23,agrigento,city-center,891,Luggage Storage Agrigento City Center,37.3102665,13.5841291,30,False,False,36,4.89,5.0
2026-09-23,agrigento,city-center,7148,Luggage Storage Agrigento Old Town,37.312051,13.579807,50,False,False,13,4.86,5.0
2026-09-23,agrigento,city-center,7126,Luggage Storage Agrigento Bus Station,37.311122,13.587771,20,False,False,7,4.63,5.0
2026-09-23,agrigento,agrigento-train-staion,6472980,Luggage Storage Agrigento Station 24/7,37.3103677,13.5806885,50,False,False,1,3,5.0
2026-09-23,agrigento,agrigento-train-staion,6452753,Luggage Storage Agrigento Railway Station,37.3104986,13.5828341,20,False,False,3,4.67,5.0
2026-09-23,agrigento,city-center,6452613,Luggage Storage Scalinata Degli Artisti,37.3119103,13.5799155,50,False,False,0,0,5.0
2026-09-23,aosta,train-station,3895,Luggage Storage Transit Station Aosta,45.7344869,7.3221652,65,False,False,237,4.74,5.0
2026-09-23,aosta,train-station,3864,Luggage Storage Aosta Train Station,45.7354953,7.326908,10,False,False,51,4.78,5.0
2026-09-23,aosta,city-center,3807,Luggage Storage Aosta,45.7309907,7.3145147,1000,False,False,7,4.82,5.0
2026-09-23,aosta,city-center,6451191,Luggage Storage Aosta Railway Station,45.7348836,7.317364100000001,100,False,False,11,4.75,5.0
2026-09-23,aosta,city-center,6451955,Luggage Storage Leper'S Tower,45.7345806,7.3163132,20,False,False,1,5,5.0
2026-09-23,aosta,aosta-train-station,6451509,Luggage Storage Via Chambery,45.7329789,7.303416899999999,20,False,False,0,4.5,5.0
2026-09-23,aosta,train-station,6451201,Luggage Storage Aosta Cathedral,45.7399563,7.320093399999999,10,False,False,1,4.33,5.0
2026-09-23,brescia,train-station,7597,Luggage Storage Brescia Station,45.53305,10.212679,20,False,False,38,4.89,5.0
2026-09-23,brescia,train-station,6036,Luggage Storage Vittoria Metro Station,45.538524,10.215578,10,False,False,6,5,5.0
2026-09-23,brescia,train-station,6469491,Luggage Storage Piazza della Vittoria,45.5372269,10.2181696,20,False,False,8,4.69,5.0
2026-09-23,brescia,brescia-old-town,6469509,Luggage Storage Piazza della Loggia,45.5404939,10.2195835,10,False,False,2,5,5.0
2026-09-23,brescia,old-town,6049,Luggage Storage Brescia Old Cathedral,45.537348,10.225178,15,False,False,2,5,5.0
2026-09-23,brescia,train-station,6032,Luggage Storage Palazzo Facchi,45.53594,10.213746,10,False,False,0,0,5.0
2026-09-23,brescia,train-station,6030,Luggage Storage Torri Gemelle Park,45.531441,10.222722,20,False,False,0,5,5.0
2026-09-23,como,city-center,1779,Luggage Storage Como City Center,45.8090759,9.0854117,40,False,False,170,4.9,4.9
2026-09-23,como,city-center,7095,Luggage Storage Como Lago Station,45.813671,9.084886,35,False,False,54,4.96,4.9
2026-09-23,como,city-center,6459749,Luggage Storage Duomo Di Como,45.8113123,9.0859425,40,False,False,41,4.76,4.9
2026-09-23,como,como-lago-train-station,6459994,Luggage Storage Como Lago Train Station,45.8154279,9.0840867,30,False,False,49,4.82,4.9
2026-09-23,como,city-center,7964,Luggage Storage near Como Borghi Railway Station,45.80337129999999,9.0852762,40,False,False,10,4.75,4.9
2026-09-23,como,city-center,6473954,Luggage Storage near Como S. Giovanni Stn.,45.8096851,9.0752131,10,False,False,11,4.8,4.9
2026-09-23,como,city-center,6473498,Luggage Storage Como S. Giovanni Station,45.81000820000001,9.075446099999999,35,False,False,7,5,4.9
2026-09-23,monza,downtown,6200,Luggage Storage Monza City Center,45.5829879,9.2719021,230,False,False,57,4.86,5.0
2026-09-23,monza,downtown,1648,Luggage Storage Monza Downtown,45.5829106,9.271761399999999,50,False,False,10,4.92,5.0
2026-09-23,monza,monza-train-station,6462144,Luggage Storage near Monza Station,45.57780990000001,9.2718359,25,False,False,33,4.86,5.0
2026-09-23,monza,downtown,6046,Luggage Storage Monza Train Station,45.577917,9.271935,0,False,False,126,4.82,5.0
2026-09-23,monza,monza-train-station,6474331,Luggage Storage Monza Via Italia,45.5833208,9.2742247,10,False,False,0,0,5.0
2026-09-23,monza,monza-train-station,6462159,Luggage Storage Via Cavour,45.58006229999999,9.272369099999999,120,False,False,9,4.81,5.0
2026-09-23,monza,monza-train-station,6462143,Luggage Storage Monza Railway Station,45.5790224,9.2699819,20,False,False,7,5,5.0
2026-09-23,parma,station,6460158,Luggage Storage Parma Railway Station,44.80862,10.330059,20,False,False,17,4.63,5.0
2026-09-23,parma,station,6461734,Luggage Storage Parma Train Station,44.8079305,10.3280222,20,False,False,7,4.78,5.0
2026-09-23,parma,city-center,6473550,Luggage Storage Arch of San Lazzaro,44.795809,10.347524,10,False,True,0,0,5.0
2026-09-23,parma,station,6469974,Luggage Storage Parma Station,44.8096531,10.3275563,20,False,False,10,4.77,5.0
2026-09-23,parma,station,6469925,Luggage Storage near Parma Station,44.8099909,10.330593,15,False,False,0,0,5.0
2026-09-23,parma,city-center,6462255,Luggage Storage near Governor's Palace,44.800749,10.3277657,20,False,False,3,5,5.0
2026-09-23,parma,city-center,6461414,Luggage Storage near Palazzo Marchi,44.7992914,10.3373247,15,False,False,0,0,5.0
2026-09-23,ravenna,main-station,1562,Luggage Storage Ravenna Railway Station,44.4181913,12.2076381,45,False,False,74,4.86,5.0
2026-09-23,ravenna,main-station,1538,Luggage Storage Ravenna Train Station,44.4180076,12.2065485,40,False,False,27,4.15,5.0
2026-09-23,ravenna,dante-tomb,6461643,Luggage Storage near Dante's Tomb,44.4147505,12.2004268,20,False,False,15,5,5.0
2026-09-23,ravenna,main-station,6453551,Luggage Storage Ravenna Station,44.4197323,12.2074402,30,False,False,32,4.71,5.0
2026-09-23,ravenna,main-station,6461889,Luggage Storage near Ravenna Station,44.4181223,12.2069569,20,False,False,6,4.83,5.0
2026-09-23,ravenna,main-station,6461479,Luggage Storage Ravenna Railway Station,44.41984129999999,12.2073204,20,False,False,4,4,5.0
2026-09-23,ravenna,main-station,6453186,Luggage Storage Via Molinetto,44.412063,12.2108451,20,False,True,2,4.67,5.0
2026-09-23,savona,train-station,7722,Luggage Storage Savona Railway Station,44.3088975,8.4723129,20,False,False,29,4.89,5.0
2026-09-23,savona,public-beach-lo-scaletto-dei-pescatori,6456768,Luggage Storage Lo Scaletto Dei Pescatori Beach,44.29966,8.47052,20,False,False,12,4.94,5.0
2026-09-23,savona,savona-city-center,6461566,Luggage Storage Via XX Settembre,44.3046059,8.4785352,20,False,False,10,4.71,5.0
2026-09-23,savona,savona-port,8043,Luggage Storage Priamar Fortress,44.3060014,8.483078299999999,20,False,False,6,4.88,5.0
2026-09-23,savona,priamar-fortress,7730,Luggage Storage Savona Piazza Del Popolo,44.30667,8.478721,50,False,False,3,5,5.0
2026-09-23,savona,train-station,6470688,Luggage Storage Lavagnola,44.3097348,8.4721637,20,False,False,5,5,5.0
2026-09-23,savona,savona-city-center,6470488,Luggage Storage Via Collodi,44.304565,8.4737802,10,False,False,0,0,5.0
2026-09-23,trieste,trieste-train-station,3904,Luggage Storage near Trieste Central Station,45.6540607,13.7712181,45,False,False,214,4.81,4.9
2026-09-23,trieste,trieste-train-station,4943,Luggage Storage Trieste Train Station,45.657183,13.7716102,15,False,False,208,4.7,4.9
2026-09-23,trieste,trieste-train-station,6451513,Luggage Storage Canal Grande,45.653019,13.7718598,50,False,False,72,4.91,4.9
2026-09-23,trieste,trieste-train-station,9042,Luggage Storage Trieste Railway Station,45.6578325,13.7718842,10,False,False,123,4.84,4.9
2026-09-23,trieste,trieste-train-station,6451346,Luggage Storage Trieste Centrale,45.6559675,13.7723405,30,False,False,75,4.73,4.9
2026-09-23,trieste,trieste-train-station,6451611,Luggage Storage Arco Di Riccardo,45.6472758,13.7668158,60,False,False,37,4.8,4.9
2026-09-23,trieste,trieste-train-station,4952,Luggage Storage Canal Grande Di Trieste,45.6529333,13.7740635,40,False,False,24,4.81,4.9
2026-09-23,ancona,ancona-train-station,458,Luggage Storage Ancona Train Station,43.60680809439042,13.498037159442903,100,False,True,209,4.84,5.0
2026-09-23,ancona,ancona-train-station,6417,Luggage Storage Via Martiri Della Resistenza,43.607792,13.512899,50,False,False,0,0,5.0
2026-09-23,ancona,ancona-train-station,3893,Luggage Storage Ancona Railway Station,43.6061612,13.5050364,100,False,False,10,4.69,5.0
2026-09-23,ancona,ancona-train-station,6458754,Luggage Storage Ancona Station,43.6074911,13.4981995,20,False,False,20,4.75,5.0
2026-09-23,ancona,ancona-train-station,5993,Luggage Storage Ugo Bassi Square,43.602947,13.507492,15,False,False,0,0,5.0
2026-09-23,ancona,ancona-train-station,5983,Luggage Storage Cristo Divino Church,43.601235,13.497871,15,False,False,0,0,2.5
2026-09-23,arezzo,city-center,9266,Luggage Storage Arezzo Railway Station,43.4625133,11.8768693,50,False,False,56,4.77,5.0
2026-09-23,arezzo,city-center,9279,Luggage Storage Piazza Grande,43.46428239999999,11.8843045,15,False,False,3,5,5.0
2026-09-23,arezzo,city-center,9278,Luggage Storage Porta Sant'Andrea,43.4618611,11.885477,30,False,False,0,0,5.0
2026-09-23,arezzo,arezzo-train-station,6451175,Luggage Storage Campo Di Marte / Arezzo Station,43.4594675,11.8745811,25,False,False,3,5,5.0
2026-09-23,arezzo,city-center,9270,Luggage Storage Via Petrarca,43.4642159,11.8763934,50,False,False,1,5,5.0
2026-09-23,arezzo,arezzo-train-station,6456122,Luggage Storage near Arezzo Station,43.4626691,11.8774429,15,False,False,1,4.25,5.0
2026-09-23,caserta,royal-palace,2497,Luggage Storage Royal Palace,41.0732457,14.3315448,50,False,False,13,4.6,5.0
2026-09-23,caserta,city-center,6470092,Luggage Storage Caserta Railway Station,41.06951360000001,14.3313561,10,False,False,8,4.88,5.0
2026-09-23,caserta,city-center,6470091,Luggage Storage Caserta Train Station,41.0693162,14.3292427,100,False,False,16,4.37,5.0
2026-09-23,caserta,city-center,6470098,Luggage Storage near Caserta Bus Station,41.0705356,14.332867,20,False,False,0,0,5.0
2026-09-23,caserta,city-center,6470164,Luggage Storage Caserta Bus Station,41.06914450000001,14.3326288,30,False,False,0,0,5.0
2026-09-23,caserta,city-center,6452180,Luggage Storage near Viale Beneduce,41.076828,14.3394586,20,False,False,0,0,5.0
2026-09-23,livorno,livorno-train-station,9547,Luggage Storage Livorno Centrale,43.5542863,10.3359542,25,False,False,50,4.74,5.0
2026-09-23,livorno,livorno-train-station,3301,Luggage Storage Livorno Train Station,43.5537871,10.3327747,20,False,False,17,4.9,5.0
2026-09-23,livorno,city-center,6451865,Luggage Storage Cisternone,43.5530287,10.3187892,50,False,False,17,4.8,5.0
2026-09-23,livorno,city-center,6451828,Luggage Storage Piazza Mazzini,43.5461334,10.305059,20,False,False,6,5,5.0
2026-09-23,livorno,livorno-train-station,6469841,Luggage Storage Livorno Cathedral,43.5503031,10.3105211,50,False,False,8,5,5.0
2026-09-23,livorno,city-center,6451829,Luggage Storage Birthplace Amedeo Modigliani,43.5444392,10.3128721,30,False,False,3,4.8,5.0
2026-09-23,padua,main-station,7276,Luggage Storage Padua Train Station,45.418808,11.879616,50,False,False,97,4.72,5.0
2026-09-23,padua,city-center,2488,Luggage Storage Scrovegni Chapel,45.4098913,11.8769474,25,False,False,81,4.74,5.0
2026-09-23,padua,main-station,6467981,Luggage Storage Padova Railway Station,45.4169169,11.8794116,50,False,False,94,4.8,5.0
2026-09-23,padua,main-station,7281,Luggage Storage Via Sarpi,45.418467,11.874469,60,False,True,56,4.79,5.0
2026-09-23,padua,city-center,3907,Luggage Storage Basilica Of Saint Anthony,45.4044444,11.8792559,50,False,False,39,4.91,5.0
2026-09-23,padua,city-center,6467957,Luggage Storage near Prato Della Valle,45.40128139999999,11.8757186,50,False,False,10,5,5.0
2026-09-23,ragusa,ragusa-train-station,6452897,Luggage Storage Ragusa Train Station,36.9185729,14.7269876,25,False,False,21,4.93,5.0
2026-09-23,ragusa,city-center,6452985,Luggage Storage near Ragusa Bus Terminal,36.9160746,14.7260726,40,False,False,5,4.83,5.0
2026-09-23,ragusa,city-center,6452471,Luggage Storage Ragusa Railway Station,36.9239306,14.7198951,10,False,False,4,4.8,5.0
2026-09-23,ragusa,duomo-di-san-giorgio,6470857,Luggage Storage Chiesa di San Giuseppe,36.925593,14.7459609,10,False,False,0,0,5.0
2026-09-23,ragusa,city-center,6452978,Luggage Storage near Ragusa Cathedral,36.9248797,14.729774,10,False,False,0,0,5.0
2026-09-23,ragusa,city-center,6452840,Luggage Storage Duomo Di Ragusa,36.9264157,14.7438886,10,False,False,1,5,5.0
2026-09-23,sassari,sassari-train-station,7556,Luggage Storage Sassari Railway Station,40.729727,8.556439,20,False,False,26,4.97,5.0
2026-09-23,sassari,city-center,7623,Luggage Storage Viale Dante,40.71871,8.56681,20,False,True,8,4.73,5.0
2026-09-23,sassari,piazza-italia,7608,Luggage Storage Piazza D'italia,40.723619,8.563169,30,False,False,2,4.33,5.0
2026-09-23,sassari,sassari-train-station,7526,Luggage Storage Viale Porto Torres,40.730924,8.554019,20,False,False,2,5,5.0
2026-09-23,sassari,piazza-italia,6457212,Luggage Storage Via Roma,40.7194276,8.5699454,20,False,False,0,0,5.0
2026-09-23,taranto,castello-aragonese,6852,Luggage Storage San Cataldo Cathedral,40.47647,17.228289,50,False,False,11,4.6,5.0
2026-09-23,taranto,sacello-romano,6455906,Luggage Storage Via Principe Amedeo,40.4690659,17.2460235,10,False,False,12,4.82,5.0
2026-09-23,taranto,sacello-romano,6856,Luggage Storage Via Nitti,40.469376,17.245031,40,False,False,4,5,5.0
2026-09-23,taranto,castello-aragonese,6848,Luggage Storage Giardini Piazza Garibaldi,40.472996,17.237146,10,False,False,0,5,5.0
2026-09-23,taranto,sacello-romano,6846,Luggage Storage Church Of Saint Francis Of Paola,40.469229,17.247098,20,False,False,0,0,5.0
2026-09-23,treviso,treviso-train-station,806,Luggage Storage Treviso Train Station,45.6630652,12.2438948,75,False,False,642,4.87,4.9
2026-09-23,treviso,city-center,2608,Luggage Storage Treviso City Center,45.6646432,12.2445689,25,False,False,148,4.8,4.9
2026-09-23,treviso,treviso-train-station,8263,Luggage Storage Treviso Railway Station,45.6587931,12.2461842,20,False,False,31,4.75,4.9
2026-09-23,treviso,city-center,6469787,Luggage Storage Piazza Giustiniani,45.6625278,12.2468889,100,False,False,14,4.2,4.9
2026-09-23,treviso,city-center,8183,Luggage Storage Stadio Omobono Tenni,45.66873349999999,12.2554604,20,False,False,2,4,4.9
2026-09-23,caltanissetta,caltanissetta-centrale,7727,Luggage Storage Caltanissetta Train Station,37.4897921,14.0601496,10,False,False,2,5,5.0
2026-09-23,caltanissetta,caltanissetta-old-town,7719,Luggage Storage Caltanissetta Old Town,37.4920054,14.0589541,10,False,False,0,0,5.0
2026-09-23,caltanissetta,caltanissetta-centrale,7659,Luggage Storage Villa Amedeo,37.4868109,14.0616793,10,False,False,0,0,5.0
2026-09-23,caltanissetta,caltanissetta-centrale,7624,Luggage Storage Caltanissetta Centrale,37.4876648,14.0593032,30,False,False,0,0,5.0
2026-09-23,cosenza,casa-di-galeazzo-di-tarsia,6794,Luggage Storage National Gallery Of Cosenza,39.2907199,16.2605482,40,False,False,0,0,5.0
2026-09-23,cosenza,roges,7017,Luggage Storage Roges,39.329156,16.241872,10,False,False,0,0,5.0
2026-09-23,cosenza,city-centre,6792,Luggage Storage Via Xxiv Maggio,39.2998638,16.2545633,60,False,False,0,4,5.0
2026-09-23,cosenza,city-centre,6788,Luggage Storage Piazza Giacomo Mancini,39.29615,16.256839,40,False,False,3,4.75,5.0
2026-09-23,cremona,city-center,3044,Luggage Storage Cremona Cathedral,45.1350894,10.0224087,15,False,False,6,4.63,5.0
2026-09-23,cremona,cremona-train-station,6471042,Luggage Storage Cremona Bus Station,45.141335,10.0217514,30,False,False,0,0,5.0
2026-09-23,cremona,cremona-train-station,6471025,Luggage Storage Cremona Railway Station,45.14181680000001,10.0198717,30,False,False,6,5,5.0
2026-09-23,cremona,city-center,6463199,Luggage Storage near Piazza Castello,45.13872079999999,10.0127477,100,False,False,1,5,5.0
2026-09-23,lecco,train-station,7995,Luggage Storage Lecco Train Station,45.8552379,9.392166999999999,30,False,False,54,4.82,5.0
2026-09-23,lecco,train-station,4407,Luggage Storage Lecco City Center,45.8514536,9.3920385,20,False,False,7,4.86,5.0
2026-09-23,lecco,lecco-train-station,6470300,Luggage Storage near Lake Como Museum,45.85114009999999,9.3885673,10,False,False,1,3,5.0
2026-09-23,lecco,lecco-train-station,6470206,Luggage Storage Lecco Railway Station,45.8554342,9.3931532,20,False,False,7,4.8,5.0
2026-09-23,olbia,train-station,7387,Luggage Storage Olbia Terranova Train Station,40.923673695861005,9.495870643665802,100,False,False,393,4.72,4.9
2026-09-23,olbia,train-station,7388,Luggage Storage Olbia Railway Station,40.92286,9.500083,55,False,False,39,4.73,4.9
2026-09-23,olbia,isola-bianca,7312,Luggage Storage Olbia City Center,40.9250048,9.503507299999999,100,False,False,26,4.91,4.9
2026-09-23,olbia,train-station,6461970,Luggage Storage near Olbia City Center,40.9236508,9.5041776,35,False,False,22,4.91,4.9
2026-09-23,pavia,downtown,1289,Luggage Storage Downtown Pavia,45.185755,9.151928,30,False,False,27,4.71,5.0
2026-09-23,pavia,pavia-train-station,9744,Luggage Storage Pavia Railway Station,45.1879401,9.1446668,25,False,False,20,4.82,5.0
2026-09-23,pavia,pavia-train-station,9767,Luggage Storage Pavia Piazza Dante,45.1894285,9.1497712,10,False,False,3,5,5.0
2026-09-23,pavia,pavia-train-station,6460851,Luggage Storage Pavia Train Station,45.187437,9.1438013,20,False,False,11,4.67,5.0
2026-09-23,pesaro,city-center,6453381,Luggage Storage near Pesaro Station,43.9062087,12.9081367,100,False,False,22,4.81,5.0
2026-09-23,pesaro,city-center,6453382,Luggage Storage Pesaro Old Town,43.9094049,12.9138181,100,False,False,6,4.75,5.0
2026-09-23,pesaro,city-center,6453367,Luggage Storage Pesaro Railway Station,43.9057331,12.9087044,30,False,False,1,4,5.0
2026-09-23,pesaro,city-center,6453347,Luggage Storage Palazzo Mosca,43.9128338,12.9110832,10,False,False,0,0,5.0
2026-09-23,prato,prato-centrale,4478,Luggage Storage Prato City Center,43.8780601,11.1012294,40,False,True,14,4.88,5.0
2026-09-23,prato,prato-centrale,6784,Luggage Storage Prato Centrale,43.8794456,11.1066967,20,False,False,12,5,5.0
2026-09-23,prato,prato-centrale,6471185,Luggage Storage Prato Centrale Railway Station,43.87865468494598,11.109120994806291,10,False,False,5,5,5.0
2026-09-23,reggio-emilia,railway-station,7858,Luggage Storage Reggio Emilia Train Station,44.6969096,10.6435212,65,False,False,36,4.62,5.0
2026-09-23,reggio-emilia,railway-station,8711,Luggage Storage Reggio Emilia Station,44.6971524,10.6430397,10,False,False,12,4.69,5.0
2026-09-23,reggio-emilia,reggio-emilia-old-town,7861,Luggage Storage Palazzo Magnani,44.6955877,10.6269927,10,False,False,3,4.67,5.0
2026-09-23,vicenza,city-center,1530,Luggage Storage Piazza Castello,45.5460213,11.5414722,40,False,False,111,4.7,5.0
2026-09-23,vicenza,main-station,6461412,Luggage Storage Vicenza Railway Station,45.5421716,11.5411867,35,False,False,125,4.76,5.0
2026-09-23,vicenza,city-center,1526,Luggage Storage Vicenza City Center,45.546195,11.542811,30,False,False,26,4.67,5.0
2026-09-23,asti,city-center,6451274,Luggage Storage Asti Cathedral,44.9015729,8.199963499999999,15,False,False,2,5,5.0
2026-09-23,asti,city-center,6451277,Luggage Storage Palazzo Mazzetti,44.8991181,8.199407299999999,15,False,False,2,4.75,5.0
2026-09-23,grosseto,city-centre,4415,Luggage Storage Grosseto Train Station,42.7643566,11.1102354,30,False,False,24,4.82,5.0
2026-09-23,grosseto,city-centre,2054,Luggage Storage Grosseto City Centre,42.7601402,11.1139784,20,False,False,2,5,5.0
2026-09-23,mantua,city-center,9745,Luggage Storage Mantova City Center,45.1573104,10.7893381,25,False,False,68,4.8,5.0
2026-09-23,mantua,city-center,6385,Luggage Storage Social Theatre,45.156487,10.789755,25,False,False,62,4.99,5.0
2026-09-23,massa,city-center,6458344,Luggage Storage Massa Centro Railway Station,44.0244069548086,10.137191568686537,20,False,False,9,4.85,5.0
2026-09-23,massa,city-center,4439,Luggage Storage Massa City Center,44.0372814,10.1406736,20,False,False,0,0,5.0
2026-09-23,novara,novara-train-station,6462036,Luggage Storage Novara Train Station,45.4495096,8.624786799999999,25,False,False,7,4.38,5.0
2026-09-23,novara,city-center,4822,Luggage Storage Novara City Center,45.441424,8.610142,200,False,False,0,0,5.0
2026-09-23,potenza,city-center,6460018,Luggage Storage Potenza City Center,40.6377353,15.8008821,100,False,False,0,0,5.0
2026-09-23,potenza,potenza-city-center,6459940,Luggage Storage Potenza Santa Maria,40.6439945,15.8035601,20,False,False,0,0,5.0
2026-09-23,udine,udine-train-station,6463100,Luggage Storage near Udine Railway Station,46.0589247104876,13.245290592312815,20,False,False,30,4.7,5.0
2026-09-23,udine,udine-train-station,6463220,Luggage Storage Borgo Poscolle,46.06107060000001,13.2305021,20,False,False,2,3.5,5.0
2026-09-23,alessandria,tortona,6451902,Luggage Storage Via S. Marziano,44.9001408,8.8665783,15,False,False,0,0,5.0
2026-09-23,avellino,city-center,4998,Luggage Storage Avellino City Center,40.9170474,14.7934702,100,False,False,0,0,5.0
2026-09-23,carrara,marina-di-carrara,6462119,Luggage Storage Via Rinchiosa,44.0424488,10.0417459,20,False,False,0,0,5.0
2026-09-23,catanzaro,fortuna,7917,Luggage Storage Catanzaro Railway Station,38.8212322,16.6159454,10,False,False,2,3.5,5.0
2026-09-23,chieti,chieti-train-station,6461582,Luggage Storage Chieti Railway Station,42.3592447,14.139729,20,False,False,1,5,5.0
2026-09-23,crotone,crotone-lungomare,7933,Luggage Storage Corso Messina,39.0779144,17.130924,20,False,False,2,5,5.0
2026-09-23,fermo,city-center,6470739,Luggage Storage near Ferno-Lonate Pozzolo,45.6095469,8.7610387,10,False,False,0,5,5.0
2026-09-23,gorizia,gorizia-train-station,9040,Luggage Storage Gorizia Train Station,45.9331615,13.6070226,25,False,False,34,4.78,5.0
2026-09-23,latina,city-center,5647,Luggage Storage Piazzale Trieste,41.469179,12.912997,200,False,False,0,0,5.0
2026-09-23,macerata,macerata-train-station,6471169,Luggage Storage Macerata Railway Station,43.29316614934669,13.455447703599932,10,False,False,1,5,5.0
2026-09-23,piacenza,piacenza-train-station,6451173,Luggage Storage Piacenza Train Station,45.05202389999999,9.7046566,25,False,False,59,4.82,5.0
2026-09-23,pistoia,pistoia-train-station,4475,Luggage Storage Pistoia Train Station,43.9289456,10.9148377,25,False,False,22,4.72,5.0
2026-09-23,rovigo,rovigo-train-station,6457110,Luggage Storage Rovigo Train Station,45.0766426,11.7812854,20,False,False,9,4.73,5.0
2026-09-23,terni,railway-station,4276,Luggage Storage Terni City Center,42.5647239,12.6516394,500,False,False,2,4.5,5.0
2026-09-23,trani,trani-transit-station,6936,Luggage Storage Trani Port,41.278323,16.419383,50,False,False,12,4.75,5.0
2026-09-23,varese,varese-train-station,3026,Luggage Storage Varese Fn Station,45.8211085,8.8292075,20,False,False,8,4.91,5.0
2026-09-23,vercelli,city-center,6461999,Luggage Storage Corso Prestinari,45.3237014,8.4136995,20,False,False,1,5,5.0
2026-09-23,viterbo,city-center,6451725,Luggage Storage Via Belluno,42.4205797,12.1161242,30,False,False,5,4.29,5.0
