day,city,area,points,capacity,peak,peak_pct,carry_in,bags_in,deposits
2026-09-23,agrigento,agrigento-train-staion,3,100,0,0.0,0,0,0.0
2026-09-23,agrigento,city-center,3,120,0,0.0,0,0,0.0
2026-09-23,alessandria,tortona,1,15,0,0.0,0,0,0.0
2026-09-23,ancona,ancona-train-station,4,230,2,0.9,2,0,1.0
2026-09-23,aosta,city-center,1,100,0,0.0,0,0,0.0
2026-09-23,aosta,train-station,2,75,3,4.0,3,0,1.5
2026-09-23,arezzo,arezzo-train-station,2,40,0,0.0,0,0,0.0
2026-09-23,arezzo,city-center,4,145,2,1.4,2,0,1.0
2026-09-23,asti,city-center,2,30,0,0.0,0,0,0.0
2026-09-23,bari,altamura,1,10,0,0.0,0,0,0.0
2026-09-23,bari,bari-centrale-train-station,19,1300,0,0.0,0,0,0.0
2026-09-23,bari,bari-vecchia,2,120,2,1.7,2,0,1.0
2026-09-23,bari,basilica-san-nicola,1,30,0,0.0,0,0,0.0
2026-09-23,bari,city-center,4,520,6,1.2,6,0,3.0
2026-09-23,bari,fiera-del-levante,1,30,0,0.0,0,0,0.0
2026-09-23,bari,madonnella,2,80,0,0.0,0,0,0.0
2026-09-23,bari,marconi,2,70,0,0.0,0,0,0.0
2026-09-23,bari,old-town,1,30,0,0.0,0,0,0.0
2026-09-23,bari,palazzo-fizzarotti,1,30,6,20.0,6,0,3.0
2026-09-23,bari,quartiere-umbertino,1,15,0,0.0,0,0,0.0
2026-09-23,bari,teatro-petruzzelli,2,95,0,0.0,0,0,0.0
2026-09-23,bergamo,bergamo-train-station,4,140,1,0.7,1,0,0.5
2026-09-23,bergamo,borgo-palazzo,1,20,0,0.0,0,0,0.0
2026-09-23,bergamo,borgo-santa-caterina,1,20,0,0.0,0,0,0.0
2026-09-23,bergamo,citta-alta,2,75,5,6.7,5,0,2.5
2026-09-23,bologna,belvedere-mercato-delle-erbe,1,30,0,0.0,0,0,0.0
2026-09-23,bologna,bologna-centrale-railway-station,14,725,13,1.8,13,0,6.5
2026-09-23,bologna,bologna-city-center,2,65,0,0.0,0,0,0.0
2026-09-23,bologna,bologna-university,3,70,0,0.0,0,0,0.0
2026-09-23,bologna,costa-saragozza,1,20,0,0.0,0,0,0.0
2026-09-23,bologna,la-piccola-venezia,1,30,0,0.0,0,0,0.0
2026-09-23,bologna,piazza-maggiore,5,530,0,0.0,0,0,0.0
2026-09-23,bologna,porta-castiglione,1,25,0,0.0,0,0,0.0
2026-09-23,bologna,rimesse,1,50,0,0.0,0,0,0.0
2026-09-23,bologna,san-donato,1,20,0,0.0,0,0,0.0
2026-09-23,bologna,stadio-senato-dall-aria,1,50,0,0.0,0,0,0.0
2026-09-23,bologna,two-towers,2,60,0,0.0,0,0,0.0
2026-09-23,bolzano,bolzano-train-station,6,190,27,14.2,27,0,13.5
2026-09-23,bolzano,city-center,1,30,0,0.0,0,0,0.0
2026-09-23,bolzano,palazzo-mercantile,1,20,0,0.0,0,0,0.0
2026-09-23,bolzano,waltherplatz,1,30,4,13.3,4,0,2.0
2026-09-23,brescia,train-station,3,50,0,0.0,0,0,0.0
2026-09-23,brindisi,central-station,5,455,4,0.9,4,0,2.0
2026-09-23,brindisi,city-centre,2,65,0,0.0,0,0,0.0
2026-09-23,brindisi,corso-garibaldi,1,45,0,0.0,0,0,0.0
2026-09-23,cagliari,bonaria,1,10,0,0.0,0,0,0.0
2026-09-23,cagliari,city-center,4,70,0,0.0,0,0,0.0
2026-09-23,cagliari,marina,7,155,5,3.2,5,0,2.5
2026-09-23,cagliari,selargius,1,25,0,0.0,0,0,0.0
2026-09-23,cagliari,stazione,3,70,0,0.0,0,0,0.0
2026-09-23,cagliari,villanova,1,20,3,15.0,3,0,1.5
2026-09-23,caltanissetta,caltanissetta-centrale,2,40,0,0.0,0,0,0.0
2026-09-23,caltanissetta,caltanissetta-old-town,1,10,0,0.0,0,0,0.0
2026-09-23,carrara,marina-di-carrara,1,20,0,0.0,0,0,0.0
2026-09-23,caserta,city-center,5,180,0,0.0,0,0,0.0
2026-09-23,caserta,royal-palace,1,50,0,0.0,0,0,0.0
2026-09-23,catania,borgo-sanzio,4,220,2,0.9,2,0,1.0
2026-09-23,catania,catania-airport,2,150,10,6.7,10,0,5.0
2026-09-23,catania,catania-centrale,10,515,3,0.6,3,0,1.5
2026-09-23,catania,city-center,16,490,5,1.0,5,0,2.5
2026-09-23,catania,piazza-stesicoro,2,40,0,0.0,0,0,0.0
2026-09-23,catania,porta-garibaldi,2,90,0,0.0,0,0,0.0
2026-09-23,catania,university-of-catania,2,75,0,0.0,0,0,0.0
2026-09-23,catanzaro,fortuna,1,10,0,0.0,0,0,0.0
2026-09-23,chieti,chieti-train-station,1,20,0,0.0,0,0,0.0
2026-09-23,como,city-center,4,125,8,6.4,8,0,4.0
2026-09-23,como,como-lago-train-station,1,30,0,0.0,0,0,0.0
2026-09-23,cosenza,casa-di-galeazzo-di-tarsia,1,40,0,0.0,0,0,0.0
2026-09-23,cosenza,city-centre,2,100,0,0.0,0,0,0.0
2026-09-23,cosenza,roges,1,10,0,0.0,0,0,0.0
2026-09-23,cremona,city-center,1,15,0,0.0,0,0,0.0
2026-09-23,cremona,cremona-train-station,2,60,0,0.0,0,0,0.0
2026-09-23,fermo,city-center,1,10,1,10.0,1,0,0.5
2026-09-23,ferrara,city-center,3,90,0,0.0,0,0,0.0
2026-09-23,ferrara,railway-station,6,320,2,0.6,2,0,1.0
2026-09-23,florence,basilica-di-santo-spirito,1,35,0,0.0,0,0,0.0
2026-09-23,florence,basilica-of-santa-maria-novella,6,145,0,0.0,0,0,0.0
2026-09-23,florence,battistero-di-san-giovanni,1,30,0,0.0,0,0,0.0
2026-09-23,florence,campo-di-marte,2,70,0,0.0,0,0,0.0
2026-09-23,florence,district-1,1,20,0,0.0,0,0,0.0
2026-09-23,florence,duomo,1,50,0,0.0,0,0,0.0
2026-09-23,florence,florence-airport,1,30,0,0.0,0,0,0.0
2026-09-23,florence,florence-city-center,1,20,0,0.0,0,0,0.0
2026-09-23,florence,florence-mercato-centrale,1,15,0,0.0,0,0,0.0
2026-09-23,florence,fortezza-dal-basso,1,30,0,0.0,0,0,0.0
2026-09-23,florence,piazza-torquato-tasso,1,35,0,0.0,0,0,0.0
2026-09-23,florence,pitti,1,50,0,0.0,0,0,0.0
2026-09-23,florence,porta-al-prato,5,195,0,0.0,0,0,0.0
2026-09-23,florence,rifredi,2,35,0,0.0,0,0,0.0
2026-09-23,florence,san-lorenzo,4,180,0,0.0,0,0,0.0
2026-09-23,florence,san-marco-florence,3,65,0,0.0,0,0,0.0
2026-09-23,florence,san-niccolo,1,25,0,0.0,0,0,0.0
2026-09-23,florence,santa-croce,9,295,2,0.7,2,0,1.0
2026-09-23,florence,santa-maria-novella,13,770,32,4.2,32,0,16.0
2026-09-23,florence,santo-spirito,2,80,1,1.2,1,0,0.5
2026-09-23,florence,scandicci,1,300,0,0.0,0,0,0.0
2026-09-23,florence,stazione-via-panzani,1,30,0,0.0,0,0,0.0
2026-09-23,florence,via-de-boni,1,30,0,0.0,0,0,0.0
2026-09-23,florence,via-dell-albero,1,70,4,5.7,4,0,2.0
2026-09-23,genoa,brignole,4,80,0,0.0,0,0,0.0
2026-09-23,genoa,genoa-port,2,50,1,2.0,1,0,0.5
2026-09-23,genoa,maddalena,2,50,0,0.0,0,0,0.0
2026-09-23,genoa,orefici,1,15,0,0.0,0,0,0.0
2026-09-23,genoa,pegli,1,15,0,0.0,0,0,0.0
2026-09-23,genoa,piazza-de-ferrari,1,20,0,0.0,0,0,0.0
2026-09-23,genoa,piazza-principe,1,300,0,0.0,0,0,0.0
2026-09-23,gorizia,gorizia-train-station,1,25,0,0.0,0,0,0.0
2026-09-23,grosseto,city-centre,1,20,0,0.0,0,0,0.0
2026-09-23,la-spezia,la-spezia-centrale,7,330,1,0.3,1,0,0.5
2026-09-23,la-spezia,migliarina,1,50,0,0.0,0,0,0.0
2026-09-23,la-spezia,parco-dei-pesci,1,50,0,0.0,0,0,0.0
2026-09-23,lecce,lecce-city-center,8,305,0,0.0,0,0,0.0
2026-09-23,lecce,railway-station,6,170,1,0.6,1,0,0.5
2026-09-23,lecco,lecco-train-station,2,30,0,0.0,0,0,0.0
2026-09-23,lecco,train-station,1,30,0,0.0,0,0,0.0
2026-09-23,livorno,city-center,3,100,0,0.0,0,0,0.0
2026-09-23,livorno,livorno-train-station,2,75,0,0.0,0,0,0.0
2026-09-23,lucca,city-center,5,250,0,0.0,0,0,0.0
2026-09-23,lucca,lucca-train-station,5,595,0,0.0,0,0,0.0
2026-09-23,macerata,macerata-train-station,1,10,0,0.0,0,0,0.0
2026-09-23,massa,city-center,1,20,0,0.0,0,0,0.0
2026-09-23,matera,city-center,7,170,0,0.0,0,0,0.0
2026-09-23,matera,via-dei-messapi,1,60,0,0.0,0,0,0.0
2026-09-23,messina,messina-centrale,7,210,0,0.0,0,0,0.0
2026-09-23,milan,assago,1,20,0,0.0,0,0,0.0
2026-09-23,milan,bicocca,1,20,0,0.0,0,0,0.0
2026-09-23,milan,bullona,5,190,0,0.0,0,0,0.0
2026-09-23,milan,cadorna,1,200,0,0.0,0,0,0.0
2026-09-23,milan,cairoli-subway-station,1,45,0,0.0,0,0,0.0
2026-09-23,milan,carrobbio,1,30,0,0.0,0,0,0.0
2026-09-23,milan,casoretto,2,40,1,2.5,1,0,0.5
2026-09-23,milan,cerchiate,2,35,2,5.7,2,0,1.0
2026-09-23,milan,china-town,2,55,2,3.6,2,0,1.0
2026-09-23,milan,china-town-milan,1,35,0,0.0,0,0,0.0
2026-09-23,milan,citylife,1,25,0,0.0,0,0,0.0
2026-09-23,milan,cologno-monzese,1,100,0,0.0,0,0,0.0
2026-09-23,milan,conchetta,2,45,0,0.0,0,0,0.0
2026-09-23,milan,corso-buenos-aires,1,20,0,0.0,0,0,0.0
2026-09-23,milan,crescenzago,4,60,1,1.7,1,0,0.5
2026-09-23,milan,duomo,3,395,4,1.0,4,0,2.0
2026-09-23,milan,forlanini,1,20,0,0.0,0,0,0.0
2026-09-23,milan,guastalla,1,20,0,0.0,0,0,0.0
2026-09-23,milan,lambrate,4,85,0,0.0,0,0,0.0
2026-09-23,milan,loreto,4,90,0,0.0,0,0,0.0
2026-09-23,milan,malpensa-airport,1,100,0,0.0,0,0,0.0
2026-09-23,milan,milan-centrale-railway-station,26,1585,80,5.0,78,2,40.0
2026-09-23,milan,milano-repubblica-station,2,120,0,0.0,0,0,0.0
2026-09-23,milan,missori,5,145,3,2.1,3,0,1.5
2026-09-23,milan,navigli,3,75,3,4.0,3,0,1.5
2026-09-23,milan,niguarda,2,40,0,0.0,0,0,0.0
2026-09-23,milan,novate-milanese,1,15,0,0.0,0,0,0.0
2026-09-23,milan,palazzo-di-giustizia,1,30,0,0.0,0,0,0.0
2026-09-23,milan,piazza-gae-aulenti,1,40,0,0.0,0,0,0.0
2026-09-23,milan,politecnico-di-milano-campus-bovisa-la-masa,1,20,0,0.0,0,0,0.0
2026-09-23,milan,porta-garibaldi,1,300,0,0.0,0,0,0.0
2026-09-23,milan,porta-garibaldi-train-station,3,90,0,0.0,0,0,0.0
2026-09-23,milan,porta-genova,5,220,8,3.6,8,0,4.0
2026-09-23,milan,porta-romana,7,185,0,0.0,0,0,0.0
2026-09-23,milan,porta-ticinese,3,105,3,2.9,3,0,1.5
2026-09-23,milan,porta-venezia,7,235,0,0.0,0,0,0.0
2026-09-23,milan,porta-vittoria,2,40,0,0.0,0,0,0.0
2026-09-23,milan,rho,1,20,0,0.0,0,0,0.0
2026-09-23,milan,rogoredo-train-station,1,50,0,0.0,0,0,0.0
2026-09-23,milan,san-babila,2,60,0,0.0,0,0,0.0
2026-09-23,milan,san-siro-stadium,2,335,0,0.0,0,0,0.0
2026-09-23,milan,santa-giulia,1,10,0,0.0,0,0,0.0
2026-09-23,milan,santa-maria-delle-grazie,6,160,10,6.2,10,0,5.0
2026-09-23,milan,via-torino-via-palla,1,26,0,0.0,0,0,0.0
2026-09-23,milan,via-visconti-di-modrone,1,25,2,8.0,2,0,1.0
2026-09-23,milan,villapizzone-railway-station,1,25,2,8.0,2,0,1.0
2026-09-23,milan,washington,1,35,2,5.7,2,0,1.0
2026-09-23,milan,zone-7-of-milan,3,60,0,0.0,0,0,0.0
2026-09-23,modena,central-station,5,125,4,3.2,4,0,2.0
2026-09-23,modena,city-centre,2,45,8,17.8,8,0,4.0
2026-09-23,monza,downtown,1,230,0,0.0,0,0,0.0
2026-09-23,monza,monza-train-station,4,175,0,0.0,0,0,0.0
2026-09-23,naples,bagnoli-agnano-terme,1,30,0,0.0,0,0,0.0
2026-09-23,naples,centro-storico,5,165,0,0.0,0,0,0.0
2026-09-23,naples,dante,6,245,1,0.4,1,0,0.5
2026-09-23,naples,fuorigrotta,1,20,0,0.0,0,0,0.0
2026-09-23,naples,mergellina-port,3,190,0,0.0,0,0,0.0
2026-09-23,naples,miano,1,100,0,0.0,0,0,0.0
2026-09-23,naples,monument-of-giuseppe-garibaldi,1,30,5,16.7,5,0,2.5
2026-09-23,naples,municipio,7,290,10,3.4,10,0,5.0
2026-09-23,naples,naples-airport,1,200,2,1.0,2,0,1.0
2026-09-23,naples,naples-cathedral,2,65,0,0.0,0,0,0.0
2026-09-23,naples,naples-centrale-train-station,18,1335,8,0.6,8,0,4.0
2026-09-23,naples,naples-city-center,5,205,1,0.5,1,0,0.5
2026-09-23,naples,napoli-port,1,10,0,0.0,0,0,0.0
2026-09-23,naples,napoli-porta-nolana,10,408,2,0.5,2,0,1.0
2026-09-23,naples,piazza-cavour,1,50,0,0.0,0,0,0.0
2026-09-23,naples,pomigliano-darco,1,40,0,0.0,0,0,0.0
2026-09-23,naples,porta-capuana,3,190,3,1.6,3,0,1.5
2026-09-23,naples,posillipo,1,50,0,0.0,0,0,0.0
2026-09-23,naples,quartieri-spagnoli,2,95,0,0.0,0,0,0.0
2026-09-23,naples,quattro-giornate-station,1,50,0,0.0,0,0,0.0
2026-09-23,naples,rione-sanita,3,80,0,0.0,0,0,0.0
2026-09-23,naples,san-lorenzo,1,20,0,0.0,0,0,0.0
2026-09-23,naples,santa-lucia,2,120,0,0.0,0,0,0.0
2026-09-23,naples,universita,5,215,1,0.5,1,0,0.5
2026-09-23,naples,via-chiaia,3,130,0,0.0,0,0,0.0
2026-09-23,naples,via-toledo,3,135,0,0.0,0,0,0.0
2026-09-23,naples,vicaria,2,55,0,0.0,0,0,0.0
2026-09-23,naples,vomero,5,160,0,0.0,0,0,0.0
2026-09-23,novara,novara-train-station,1,25,0,0.0,0,0,0.0
2026-09-23,olbia,train-station,2,155,15,9.7,15,0,7.5
2026-09-23,padua,city-center,2,75,0,0.0,0,0,0.0
2026-09-23,padua,main-station,3,160,1,0.6,1,0,0.5
2026-09-23,palermo,albergheria,1,30,0,0.0,0,0,0.0
2026-09-23,palermo,corso-dei-mille-sant-erasmo,1,25,0,0.0,0,0,0.0
2026-09-23,palermo,fiera,1,50,0,0.0,0,0,0.0
2026-09-23,palermo,historical-centre-of-palermo,2,60,0,0.0,0,0,0.0
2026-09-23,palermo,mondello,2,40,0,0.0,0,0,0.0
2026-09-23,palermo,mont-di-pieta,2,45,0,0.0,0,0,0.0
2026-09-23,palermo,palazzo-comitini,1,50,0,0.0,0,0,0.0
2026-09-23,palermo,palermo-centrale,4,182,13,7.1,13,0,6.5
2026-09-23,palermo,palermo-city-center,6,340,0,0.0,0,0,0.0
2026-09-23,palermo,piazza-verdi,1,40,1,2.5,1,0,0.5
2026-09-23,palermo,port-palermo,3,150,0,0.0,0,0,0.0
2026-09-23,palermo,settecannoli,1,50,0,0.0,0,0,0.0
2026-09-23,parma,city-center,3,45,0,0.0,0,0,0.0
2026-09-23,parma,station,3,55,0,0.0,0,0,0.0
2026-09-23,pavia,downtown,1,30,0,0.0,0,0,0.0
2026-09-23,pavia,pavia-train-station,2,30,0,0.0,0,0,0.0
2026-09-23,perugia,bus-station,1,25,1,4.0,1,0,0.5
2026-09-23,perugia,central-station,4,105,2,1.9,2,0,1.0
2026-09-23,perugia,elce,2,30,0,0.0,0,0,0.0
2026-09-23,perugia,piazza-della-repubblica,2,30,0,0.0,0,0,0.0
2026-09-23,perugia,piazza-iv-novembre,1,30,0,0.0,0,0,0.0
2026-09-23,pesaro,city-center,4,240,0,0.0,0,0,0.0
2026-09-23,pescara,pescara-centrale-train-station,10,225,0,0.0,0,0,0.0
2026-09-23,piacenza,piacenza-train-station,1,25,0,0.0,0,0,0.0
2026-09-23,pisa,piazza-dei-cavalieri,2,50,0,0.0,0,0,0.0
2026-09-23,pisa,pisa-centrale-train-station,13,880,3,0.3,3,0,1.5
2026-09-23,pisa,pisa-piazza-del-duomo,2,35,0,0.0,0,0,0.0
2026-09-23,pisa,santa-maria,4,115,0,0.0,0,0,0.0
2026-09-23,pisa,tower-of-pisa,1,50,0,0.0,0,0,0.0
2026-09-23,pistoia,pistoia-train-station,1,25,0,0.0,0,0,0.0
2026-09-23,potenza,city-center,1,100,0,0.0,0,0,0.0
2026-09-23,potenza,potenza-city-center,1,20,0,0.0,0,0,0.0
2026-09-23,prato,prato-centrale,3,70,0,0.0,0,0,0.0
2026-09-23,ragusa,city-center,3,60,0,0.0,0,0,0.0
2026-09-23,ragusa,duomo-di-san-giorgio,1,10,0,0.0,0,0,0.0
2026-09-23,ragusa,ragusa-train-station,1,25,0,0.0,0,0,0.0
2026-09-23,ravenna,main-station,5,130,0,0.0,0,0,0.0
2026-09-23,reggio-calabria,center,2,150,2,1.3,2,0,1.0
2026-09-23,reggio-calabria,central-station,2,80,0,0.0,0,0,0.0
2026-09-23,reggio-calabria,villa-san-giovanni,1,50,0,0.0,0,0,0.0
2026-09-23,reggio-emilia,railway-station,1,65,0,0.0,0,0,0.0
2026-09-23,reggio-emilia,reggio-emilia-old-town,1,10,0,0.0,0,0,0.0
2026-09-23,rimini,bellariva,1,50,0,0.0,0,0,0.0
2026-09-23,rimini,city-center,5,92,0,0.0,0,0,0.0
2026-09-23,rimini,federico-fellini-international-airport,1,20,0,0.0,0,0,0.0
2026-09-23,rimini,federico-fellini-park,1,25,0,0.0,0,0,0.0
2026-09-23,rimini,lungomare-augusto-murri,2,40,0,0.0,0,0,0.0
2026-09-23,rimini,rimini-train-station,4,375,0,0.0,0,0,0.0
2026-09-23,rome,Municipio-Roma-X,1,30,0,0.0,0,0,0.0
2026-09-23,rome,aventino,1,100,2,2.0,2,0,1.0
2026-09-23,rome,baldo-degli-ubaldi-station,2,55,0,0.0,0,0,0.0
2026-09-23,rome,bocca-della-verita,1,40,2,5.0,2,0,1.0
2026-09-23,rome,brancaccio,1,20,0,0.0,0,0,0.0
2026-09-23,rome,casal-monastero,1,100,0,0.0,0,0,0.0
2026-09-23,rome,castel-sant-angelo,2,110,2,1.8,2,0,1.0
2026-09-23,rome,cavour,1,50,6,12.0,6,0,3.0
2026-09-23,rome,ciampino,2,80,0,0.0,0,0,0.0
2026-09-23,rome,collatino,1,100,0,0.0,0,0,0.0
2026-09-23,rome,colosseum,3,95,0,0.0,0,0,0.0
2026-09-23,rome,esquilino,8,420,12,2.9,12,0,6.0
2026-09-23,rome,fiera-di-roma,1,30,0,0.0,0,0,0.0
2026-09-23,rome,flaminio,2,75,0,0.0,0,0,0.0
2026-09-23,rome,furio-camillo,4,120,0,0.0,0,0,0.0
2026-09-23,rome,garbatella,2,70,0,0.0,0,0,0.0
2026-09-23,rome,la-rustica,1,30,0,0.0,0,0,0.0
2026-09-23,rome,largo-di-torre-argentina,1,35,0,0.0,0,0,0.0
2026-09-23,rome,lepanto,2,60,0,0.0,0,0,0.0
2026-09-23,rome,manzoni,2,45,0,0.0,0,0,0.0
2026-09-23,rome,monti,7,285,9,3.2,9,0,4.5
2026-09-23,rome,navona,7,355,0,0.0,0,0,0.0
2026-09-23,rome,nomentana,2,95,0,0.0,0,0,0.0
2026-09-23,rome,nomentano,1,30,0,0.0,0,0,0.0
2026-09-23,rome,ostia-1,1,40,0,0.0,0,0,0.0
2026-09-23,rome,ostiense,6,470,1,0.2,1,0,0.5
2026-09-23,rome,ottaviano,3,80,0,0.0,0,0,0.0
2026-09-23,rome,pantheon,14,892,14,1.6,14,0,7.0
2026-09-23,rome,parioli,2,65,0,0.0,0,0,0.0
2026-09-23,rome,piazza-campo-de-fiori,4,205,2,1.0,2,0,1.0
2026-09-23,rome,piazza-del-popolo,3,215,2,0.9,2,0,1.0
2026-09-23,rome,piazza-di-san-pietro-in-vincoli,2,70,0,0.0,0,0,0.0
2026-09-23,rome,pigneto,2,70,0,0.0,0,0,0.0
2026-09-23,rome,pigneto-prenestina,1,50,0,0.0,0,0,0.0
2026-09-23,rome,porta-s-paolo,1,60,2,3.3,2,0,1.0
2026-09-23,rome,portuense,3,140,3,2.1,3,0,1.5
2026-09-23,rome,prati,4,145,0,0.0,0,0,0.0
2026-09-23,rome,primavalle,2,80,0,0.0,0,0,0.0
2026-09-23,rome,quartiere-xii-gianicolense,2,65,0,0.0,0,0,0.0
2026-09-23,rome,quartiere-xv-della-vittoria,1,20,0,0.0,0,0,0.0
2026-09-23,rome,repubblica,7,310,2,0.6,2,0,1.0
2026-09-23,rome,rione-ix-pigna,1,50,0,0.0,0,0,0.0
2026-09-23,rome,roma-stadio-olimpico,1,30,0,0.0,0,0,0.0
2026-09-23,rome,roma-vatican-museums,2,150,0,0.0,0,0,0.0
2026-09-23,rome,roman-forum,1,80,0,0.0,0,0,0.0
2026-09-23,rome,s-pietro,3,95,0,0.0,0,0,0.0
2026-09-23,rome,san-giovanni,6,690,0,0.0,0,0,0.0
2026-09-23,rome,san-lorenzo,2,30,0,0.0,0,0,0.0
2026-09-23,rome,santa-maria-maggiore,1,100,0,0.0,0,0,0.0
2026-09-23,rome,st-peter-basilica,1,35,2,5.7,2,0,1.0
2026-09-23,rome,termini,30,2768,77,2.8,65,12,38.5
2026-09-23,rome,tiburtina,7,260,17,6.5,17,0,8.5
2026-09-23,rome,torre-maura,1,100,0,0.0,0,0,0.0
2026-09-23,rome,trastevere,12,530,2,0.4,2,0,1.0
2026-09-23,rome,trevi,3,185,1,0.5,1,0,0.5
2026-09-23,rome,vatican,12,615,4,0.7,4,0,2.0
2026-09-23,rovigo,rovigo-train-station,1,20,0,0.0,0,0,0.0
2026-09-23,salerno,city-centre,4,85,0,0.0,0,0,0.0
2026-09-23,salerno,rione-porto,1,20,0,0.0,0,0,0.0
2026-09-23,salerno,salerno-train-station,6,320,3,0.9,3,0,1.5
2026-09-23,sassari,city-center,1,20,0,0.0,0,0,0.0
2026-09-23,sassari,sassari-train-station,1,20,0,0.0,0,0,0.0
2026-09-23,savona,public-beach-lo-scaletto-dei-pescatori,1,20,0,0.0,0,0,0.0
2026-09-23,savona,savona-city-center,2,30,3,10.0,3,0,1.5
2026-09-23,savona,train-station,1,20,1,5.0,1,0,0.5
2026-09-23,siena,city-center,8,302,2,0.7,2,0,1.0
2026-09-23,siena,istrice,2,70,0,0.0,0,0,0.0
2026-09-23,siena,lupa,2,55,0,0.0,0,0,0.0
2026-09-23,siena,siena-train-station,1,35,0,0.0,0,0,0.0
2026-09-23,syracuse,apollo-temple,1,25,0,0.0,0,0,0.0
2026-09-23,syracuse,augusta,1,20,0,0.0,0,0,0.0
2026-09-23,syracuse,station,5,170,2,1.2,2,0,1.0
2026-09-23,syracuse,yacht-lub-lakkios-marina-porto-piccolo-ortigia,1,25,0,0.0,0,0,0.0
2026-09-23,taranto,castello-aragonese,2,60,0,0.0,0,0,0.0
2026-09-23,taranto,sacello-romano,2,50,0,0.0,0,0,0.0
2026-09-23,trani,trani-transit-station,1,50,0,0.0,0,0,0.0
2026-09-23,trapani,city-center,3,225,0,0.0,0,0,0.0
2026-09-23,trapani,train-station,2,30,0,0.0,0,0,0.0
2026-09-23,trapani,trapani-port,4,430,4,0.9,4,0,2.0
2026-09-23,trento,main-station,8,255,2,0.8,2,0,1.0
2026-09-23,treviso,city-center,2,120,0,0.0,0,0,0.0
2026-09-23,treviso,treviso-train-station,2,95,8,8.4,8,0,4.0
2026-09-23,trieste,trieste-train-station,6,200,4,2.0,4,0,2.0
2026-09-23,turin,allianz-stadium,1,100,0,0.0,0,0,0.0
2026-09-23,turin,aurora,1,20,0,0.0,0,0,0.0
2026-09-23,turin,barriera-di-milano,3,40,0,0.0,0,0,0.0
2026-09-23,turin,cenisia,2,110,3,2.7,3,0,1.5
2026-09-23,turin,cit-turin,1,300,0,0.0,0,0,0.0
2026-09-23,turin,city-center,2,65,0,0.0,0,0,0.0
2026-09-23,turin,crocetta,1,25,0,0.0,0,0,0.0
2026-09-23,turin,egyptian-museum,1,75,0,0.0,0,0,0.0
2026-09-23,turin,galleria-sabauda,1,20,0,0.0,0,0,0.0
2026-09-23,turin,lingotto,4,100,0,0.0,0,0,0.0
2026-09-23,turin,lingotto-fiere,1,50,0,0.0,0,0,0.0
2026-09-23,turin,museo-pietro-micca,1,95,2,2.1,2,0,1.0
2026-09-23,turin,national-cinema-museum,1,30,0,0.0,0,0,0.0
2026-09-23,turin,palazzo-reale,1,30,0,0.0,0,0,0.0
2026-09-23,turin,parco-del-valentino,1,10,0,0.0,0,0,0.0
2026-09-23,turin,piazza-castello,1,55,0,0.0,0,0,0.0
2026-09-23,turin,piazza-statuto,1,40,0,0.0,0,0,0.0
2026-09-23,turin,piazza-vittorio-veneto,1,20,1,5.0,1,0,0.5
2026-09-23,turin,porta-palazzo-market,1,100,0,0.0,0,0,0.0
2026-09-23,turin,quadrilatero,1,25,0,0.0,0,0,0.0
2026-09-23,turin,quadrilatero-romano,1,50,0,0.0,0,0,0.0
2026-09-23,turin,santa-rita,1,35,0,0.0,0,0,0.0
2026-09-23,turin,stazione-porta-nuova,10,405,4,1.0,4,0,2.0
2026-09-23,turin,torino-dora,1,50,0,0.0,0,0,0.0
2026-09-23,turin,torino-porta-susa,3,65,1,1.5,1,0,0.5
2026-09-23,turin,torino-via-roma,1,10,0,0.0,0,0,0.0
2026-09-23,udine,udine-train-station,1,20,1,5.0,1,0,0.5
2026-09-23,venice,accademia-gallery,1,65,0,0.0,0,0,0.0
2026-09-23,venice,biennale,1,50,1,2.0,1,0,0.5
2026-09-23,venice,brondolo,1,200,0,0.0,0,0,0.0
2026-09-23,venice,cannaregio,3,150,3,2.0,3,0,1.5
2026-09-23,venice,city-center,2,70,0,0.0,0,0,0.0
2026-09-23,venice,dorsoduro,1,60,7,11.7,7,0,3.5
2026-09-23,venice,giudecca,1,25,0,0.0,0,0,0.0
2026-09-23,venice,peggy-guggenheim-collection,1,40,0,0.0,0,0,0.0
2026-09-23,venice,piazzale-roma,2,155,12,7.7,12,0,6.0
2026-09-23,venice,rialto,2,330,0,0.0,0,0,0.0
2026-09-23,venice,san-marco,2,70,0,0.0,0,0,0.0
2026-09-23,venice,san-polo,2,130,0,0.0,0,0,0.0
2026-09-23,venice,santa-croce,1,20,0,0.0,0,0,0.0
2026-09-23,venice,santa-lucia-station,2,240,31,12.9,31,0,15.5
2026-09-23,venice,santa-lucia-train-station,1,15,0,0.0,0,0,0.0
2026-09-23,venice,venice-castello,1,50,0,0.0,0,0,0.0
2026-09-23,venice,venice-lido,1,25,0,0.0,0,0,0.0
2026-09-23,venice,venice-marco-polo-airport,1,45,3,6.7,3,0,1.5
2026-09-23,vercelli,city-center,1,20,0,0.0,0,0,0.0
2026-09-23,verona,avesa,1,20,0,0.0,0,0,0.0
2026-09-23,verona,castelvecchio-museum,1,40,0,0.0,0,0,0.0
2026-09-23,verona,citta-antica,3,115,0,0.0,0,0,0.0
2026-09-23,verona,cittadella,1,30,0,0.0,0,0,0.0
2026-09-23,verona,juliet-s-house,2,130,0,0.0,0,0,0.0
2026-09-23,verona,porta-nuova,2,345,0,0.0,0,0,0.0
2026-09-23,vicenza,city-center,2,70,0,0.0,0,0,0.0
2026-09-23,vicenza,main-station,1,35,0,0.0,0,0,0.0
2026-09-24,agrigento,agrigento-train-staion,3,100,0,0.0,0,0,0.0
2026-09-24,agrigento,city-center,3,120,0,0.0,0,0,0.0
2026-09-24,ancona,ancona-train-station,5,280,0,0.0,0,0,0.0
2026-09-24,aosta,aosta-train-station,1,20,0,0.0,0,0,0.0
2026-09-24,aosta,city-center,1,100,0,0.0,0,0,0.0
2026-09-24,aosta,train-station,3,85,3,3.5,1,2,1.5
2026-09-24,arezzo,arezzo-train-station,2,40,0,0.0,0,0,0.0
2026-09-24,arezzo,city-center,4,145,2,1.4,2,0,1.0
2026-09-24,asti,city-center,2,30,0,0.0,0,0,0.0
2026-09-24,avellino,city-center,1,100,0,0.0,0,0,0.0
2026-09-24,bari,altamura,1,10,0,0.0,0,0,0.0
2026-09-24,bari,bari-centrale-train-station,20,1325,9,0.7,4,5,4.5
2026-09-24,bari,bari-vecchia,2,120,11,9.2,6,5,5.5
2026-09-24,bari,basilica-san-nicola,1,30,0,0.0,0,0,0.0
2026-09-24,bari,city-center,4,520,0,0.0,0,0,0.0
2026-09-24,bari,fiera-del-levante,1,30,0,0.0,0,0,0.0
2026-09-24,bari,madonnella,2,80,0,0.0,0,0,0.0
2026-09-24,bari,marconi,2,70,0,0.0,0,0,0.0
2026-09-24,bari,old-town,1,30,0,0.0,0,0,0.0
2026-09-24,bari,palazzo-fizzarotti,1,30,0,0.0,0,0,0.0
2026-09-24,bari,quartiere-umbertino,1,15,0,0.0,0,0,0.0
2026-09-24,bari,teatro-petruzzelli,2,95,0,0.0,0,0,0.0
2026-09-24,bergamo,bergamo-train-station,6,205,14,6.8,6,8,7.0
2026-09-24,bergamo,borgo-palazzo,1,20,0,0.0,0,0,0.0
2026-09-24,bergamo,borgo-santa-caterina,1,20,0,0.0,0,0,0.0
2026-09-24,bergamo,citta-alta,2,75,4,5.3,3,1,2.0
2026-09-24,bologna,belvedere-mercato-delle-erbe,1,30,0,0.0,0,0,0.0
2026-09-24,bologna,bologna-centrale-railway-station,14,725,58,8.0,31,27,29.0
2026-09-24,bologna,bologna-city-center,2,65,7,10.8,7,0,3.5
2026-09-24,bologna,bologna-university,3,70,0,0.0,0,0,0.0
2026-09-24,bologna,costa-saragozza,1,20,0,0.0,0,0,0.0
2026-09-24,bologna,la-piccola-venezia,1,30,2,6.7,2,0,1.0
2026-09-24,bologna,piazza-maggiore,5,530,3,0.6,3,0,1.5
2026-09-24,bologna,porta-castiglione,1,25,2,8.0,2,0,1.0
2026-09-24,bologna,rimesse,1,50,0,0.0,0,0,0.0
2026-09-24,bologna,san-donato,1,20,0,0.0,0,0,0.0
2026-09-24,bologna,stadio-senato-dall-aria,1,50,0,0.0,0,0,0.0
2026-09-24,bologna,two-towers,2,60,0,0.0,0,0,0.0
2026-09-24,bolzano,bolzano-train-station,6,190,43,22.6,40,3,21.5
2026-09-24,bolzano,city-center,1,30,0,0.0,0,0,0.0
2026-09-24,bolzano,palazzo-mercantile,1,20,0,0.0,0,0,0.0
2026-09-24,bolzano,waltherplatz,1,30,8,26.7,4,4,4.0
2026-09-24,brescia,old-town,1,15,0,0.0,0,0,0.0
2026-09-24,brescia,train-station,5,80,3,3.8,1,2,1.5
2026-09-24,brindisi,central-station,5,455,10,2.2,0,10,5.0
2026-09-24,brindisi,city-centre,2,65,4,6.2,0,4,2.0
2026-09-24,brindisi,corso-garibaldi,1,45,1,2.2,1,0,0.5
2026-09-24,cagliari,bonaria,2,30,0,0.0,0,0,0.0
2026-09-24,cagliari,city-center,5,170,0,0.0,0,0,0.0
2026-09-24,cagliari,lazzaretto,1,20,0,0.0,0,0,0.0
2026-09-24,cagliari,marina,7,155,8,5.2,4,4,4.0
2026-09-24,cagliari,selargius,1,25,0,0.0,0,0,0.0
2026-09-24,cagliari,stazione,3,70,3,4.3,0,3,1.5
2026-09-24,cagliari,villanova,1,20,0,0.0,0,0,0.0
2026-09-24,caltanissetta,caltanissetta-centrale,3,50,0,0.0,0,0,0.0
2026-09-24,caltanissetta,caltanissetta-old-town,1,10,0,0.0,0,0,0.0
2026-09-24,carrara,marina-di-carrara,1,20,0,0.0,0,0,0.0
2026-09-24,caserta,city-center,5,180,2,1.1,2,0,1.0
2026-09-24,caserta,royal-palace,1,50,0,0.0,0,0,0.0
2026-09-24,catania,borgo-sanzio,4,220,1,0.5,1,0,0.5
2026-09-24,catania,catania-airport,2,150,12,8.0,5,7,6.0
2026-09-24,catania,catania-centrale,10,515,4,0.8,0,4,2.0
2026-09-24,catania,city-center,19,530,8,1.5,0,8,4.0
2026-09-24,catania,piazza-stesicoro,2,40,0,0.0,0,0,0.0
2026-09-24,catania,porta-garibaldi,2,90,0,0.0,0,0,0.0
2026-09-24,catania,university-of-catania,2,75,0,0.0,0,0,0.0
2026-09-24,catanzaro,fortuna,1,10,0,0.0,0,0,0.0
2026-09-24,chieti,chieti-train-station,1,20,0,0.0,0,0,0.0
2026-09-24,como,city-center,6,200,11,5.5,4,7,5.5
2026-09-24,como,como-lago-train-station,1,30,0,0.0,0,0,0.0
2026-09-24,cosenza,casa-di-galeazzo-di-tarsia,1,40,0,0.0,0,0,0.0
2026-09-24,cosenza,city-centre,2,100,0,0.0,0,0,0.0
2026-09-24,cosenza,roges,1,10,0,0.0,0,0,0.0
2026-09-24,cremona,city-center,2,115,0,0.0,0,0,0.0
2026-09-24,cremona,cremona-train-station,2,60,0,0.0,0,0,0.0
2026-09-24,crotone,crotone-lungomare,1,20,0,0.0,0,0,0.0
2026-09-24,fermo,city-center,1,10,1,10.0,1,0,0.5
2026-09-24,ferrara,city-center,2,65,6,9.2,0,6,3.0
2026-09-24,ferrara,railway-station,6,320,4,1.2,0,4,2.0
2026-09-24,florence,basilica-di-santo-spirito,1,35,0,0.0,0,0,0.0
2026-09-24,florence,basilica-of-santa-maria-novella,7,185,21,11.4,18,3,10.5
2026-09-24,florence,battistero-di-san-giovanni,1,30,0,0.0,0,0,0.0
2026-09-24,florence,campo-di-marte,3,120,0,0.0,0,0,0.0
2026-09-24,florence,coverelli,1,35,3,8.6,0,3,1.5
2026-09-24,florence,district-1,2,55,0,0.0,0,0,0.0
2026-09-24,florence,duomo,1,50,1,2.0,1,0,0.5
2026-09-24,florence,florence-airport,1,30,0,0.0,0,0,0.0
2026-09-24,florence,florence-city-center,1,20,0,0.0,0,0,0.0
2026-09-24,florence,florence-mercato-centrale,1,15,0,0.0,0,0,0.0
2026-09-24,florence,fortezza-dal-basso,1,30,0,0.0,0,0,0.0
2026-09-24,florence,piazza-torquato-tasso,1,35,6,17.1,0,6,3.0
2026-09-24,florence,pitti,1,50,0,0.0,0,0,0.0
2026-09-24,florence,porta-al-prato,5,195,0,0.0,0,0,0.0
2026-09-24,florence,rifredi,2,35,0,0.0,0,0,0.0
2026-09-24,florence,san-gallo,1,45,1,2.2,0,1,0.5
2026-09-24,florence,san-lorenzo,4,180,6,3.3,0,6,3.0
2026-09-24,florence,san-marco-florence,3,65,2,3.1,0,2,1.0
2026-09-24,florence,san-niccolo,1,25,0,0.0,0,0,0.0
2026-09-24,florence,santa-croce,10,345,11,3.2,11,0,5.5
2026-09-24,florence,santa-maria-novella,14,1070,64,6.0,21,50,35.5
2026-09-24,florence,santo-spirito,2,80,0,0.0,0,0,0.0
2026-09-24,florence,scandicci,1,300,0,0.0,0,0,0.0
2026-09-24,florence,stazione-via-panzani,1,30,0,0.0,0,0,0.0
2026-09-24,florence,via-de-boni,1,30,3,10.0,2,1,1.5
2026-09-24,florence,via-dell-albero,1,70,8,11.4,0,8,4.0
2026-09-24,genoa,aquarium-genoa,1,100,0,0.0,0,0,0.0
2026-09-24,genoa,brignole,6,115,0,0.0,0,0,0.0
2026-09-24,genoa,genoa-port,2,50,2,4.0,2,0,1.0
2026-09-24,genoa,maddalena,2,50,3,6.0,0,3,1.5
2026-09-24,genoa,nervi,1,10,0,0.0,0,0,0.0
2026-09-24,genoa,orefici,1,15,0,0.0,0,0,0.0
2026-09-24,genoa,pegli,1,15,0,0.0,0,0,0.0
2026-09-24,genoa,piazza-corvetto-piazza-de-ferrari,1,100,0,0.0,0,0,0.0
2026-09-24,genoa,piazza-de-ferrari,1,20,0,0.0,0,0,0.0
2026-09-24,genoa,piazza-principe,1,300,0,0.0,0,0,0.0
2026-09-24,genoa,sampierdarena,1,100,0,0.0,0,0,0.0
2026-09-24,gorizia,gorizia-train-station,1,25,0,0.0,0,0,0.0
2026-09-24,grosseto,city-centre,2,50,0,0.0,0,0,0.0
2026-09-24,la-spezia,la-spezia-centrale,10,440,11,2.5,0,11,5.5
2026-09-24,la-spezia,migliarina,1,50,0,0.0,0,0,0.0
2026-09-24,la-spezia,parco-dei-pesci,1,50,0,0.0,0,0,0.0
2026-09-24,latina,city-center,1,200,0,0.0,0,0,0.0
2026-09-24,lecce,lecce-city-center,8,305,0,0.0,0,0,0.0
2026-09-24,lecce,railway-station,6,170,11,6.5,1,10,5.5
2026-09-24,lecco,lecco-train-station,2,30,0,0.0,0,0,0.0
2026-09-24,lecco,train-station,2,50,1,2.0,1,0,0.5
2026-09-24,livorno,city-center,3,100,0,0.0,0,0,0.0
2026-09-24,livorno,livorno-train-station,3,95,0,0.0,0,0,0.0
2026-09-24,lucca,city-center,7,300,0,0.0,0,0,0.0
2026-09-24,lucca,lucca-train-station,8,690,14,2.0,0,14,7.0
2026-09-24,lucca,walled-city,2,60,0,0.0,0,0,0.0
2026-09-24,macerata,macerata-train-station,1,10,0,0.0,0,0,0.0
2026-09-24,mantua,city-center,1,25,11,44.0,0,11,5.5
2026-09-24,massa,city-center,2,40,0,0.0,0,0,0.0
2026-09-24,matera,city-center,7,170,8,4.7,8,0,4.0
2026-09-24,matera,via-dei-messapi,1,60,0,0.0,0,0,0.0
2026-09-24,messina,borgo-del-ringo,1,30,0,0.0,0,0,0.0
2026-09-24,messina,messina-centrale,7,210,2,1.0,0,2,1.0
2026-09-24,milan,assago,1,20,0,0.0,0,0,0.0
2026-09-24,milan,bicocca,1,20,0,0.0,0,0,0.0
2026-09-24,milan,bueno-aires,1,30,2,6.7,2,0,1.0
2026-09-24,milan,bullona,6,210,0,0.0,0,0,0.0
2026-09-24,milan,cadorna,1,200,6,3.0,6,0,3.0
2026-09-24,milan,cairoli-subway-station,1,45,1,2.2,0,1,0.5
2026-09-24,milan,carrobbio,1,30,0,0.0,0,0,0.0
2026-09-24,milan,casoretto,2,40,1,2.5,1,0,0.5
2026-09-24,milan,castello-sforzesco,2,70,6,8.6,6,0,3.0
2026-09-24,milan,cerchiate,2,35,2,5.7,2,0,1.0
2026-09-24,milan,china-town,2,55,7,12.7,2,5,3.5
2026-09-24,milan,china-town-milan,1,35,4,11.4,0,4,2.0
2026-09-24,milan,citylife,1,25,0,0.0,0,0,0.0
2026-09-24,milan,cologno-monzese,1,100,0,0.0,0,0,0.0
2026-09-24,milan,conchetta,2,45,0,0.0,0,0,0.0
2026-09-24,milan,corso-buenos-aires,1,20,0,0.0,0,0,0.0
2026-09-24,milan,crescenzago,4,60,1,1.7,1,0,0.5
2026-09-24,milan,duomo,2,400,9,2.2,0,9,4.5
2026-09-24,milan,fiera,1,200,0,0.0,0,0,0.0
2026-09-24,milan,forlanini,1,20,0,0.0,0,0,0.0
2026-09-24,milan,guastalla,2,45,0,0.0,0,0,0.0
2026-09-24,milan,lambrate,4,85,2,2.4,2,0,1.0
2026-09-24,milan,lanza,1,45,2,4.4,1,1,1.0
2026-09-24,milan,loreto,6,160,1,0.6,1,0,0.5
2026-09-24,milan,malpensa-airport,1,100,0,0.0,0,0,0.0
2026-09-24,milan,milan-centrale-railway-station,28,1660,139,8.4,65,74,69.5
2026-09-24,milan,milano-certosa,1,25,0,0.0,0,0,0.0
2026-09-24,milan,milano-repubblica-station,2,120,0,0.0,0,0,0.0
2026-09-24,milan,missori,7,195,24,12.3,4,20,12.0
2026-09-24,milan,navigli,3,75,4,5.3,0,4,2.0
2026-09-24,milan,niguarda,2,40,0,0.0,0,0,0.0
2026-09-24,milan,novate-milanese,1,15,0,0.0,0,0,0.0
2026-09-24,milan,palazzo-di-giustizia,1,30,0,0.0,0,0,0.0
2026-09-24,milan,piazza-gae-aulenti,1,40,0,0.0,0,0,0.0
2026-09-24,milan,politecnico-di-milano-campus-bovisa-la-masa,1,20,0,0.0,0,0,0.0
2026-09-24,milan,porta-garibaldi,1,300,0,0.0,0,0,0.0
2026-09-24,milan,porta-garibaldi-train-station,4,100,3,3.0,0,3,1.5
2026-09-24,milan,porta-genova,6,255,8,3.1,0,8,4.0
2026-09-24,milan,porta-romana,7,185,7,3.8,1,6,3.5
2026-09-24,milan,porta-ticinese,4,120,3,2.5,0,3,1.5
2026-09-24,milan,porta-venezia,7,235,7,3.0,2,5,3.5
2026-09-24,milan,porta-vittoria,2,40,0,0.0,0,0,0.0
2026-09-24,milan,rho,1,20,0,0.0,0,0,0.0
2026-09-24,milan,rogoredo-train-station,1,50,0,0.0,0,0,0.0
2026-09-24,milan,san-babila,2,60,0,0.0,0,0,0.0
2026-09-24,milan,san-siro-stadium,4,400,0,0.0,0,0,0.0
2026-09-24,milan,santa-giulia,1,10,0,0.0,0,0,0.0
2026-09-24,milan,santa-maria-delle-grazie,7,210,10,4.8,4,6,5.0
2026-09-24,milan,via-torino-via-palla,2,126,0,0.0,0,0,0.0
2026-09-24,milan,via-visconti-di-modrone,1,25,0,0.0,0,0,0.0
2026-09-24,milan,villapizzone-railway-station,1,25,2,8.0,2,0,1.0
2026-09-24,milan,washington,2,65,4,6.2,0,4,2.0
2026-09-24,milan,zone-1-of-milan,1,40,0,0.0,0,0,0.0
2026-09-24,milan,zone-7-of-milan,3,60,0,0.0,0,0,0.0
2026-09-24,modena,central-station,5,125,11,8.8,5,6,5.5
2026-09-24,modena,city-centre,2,45,0,0.0,0,0,0.0
2026-09-24,monza,downtown,1,230,0,0.0,0,0,0.0
2026-09-24,monza,monza-train-station,4,175,0,0.0,0,0,0.0
2026-09-24,naples,Volla,1,100,0,0.0,0,0,0.0
2026-09-24,naples,bagnoli-agnano-terme,1,30,0,0.0,0,0,0.0
2026-09-24,naples,centro-storico,5,165,2,1.2,0,2,1.0
2026-09-24,naples,dante,7,295,2,0.7,0,2,1.0
2026-09-24,naples,fuorigrotta,1,20,0,0.0,0,0,0.0
2026-09-24,naples,maradona-stadium,1,50,0,0.0,0,0,0.0
2026-09-24,naples,mergellina-port,3,190,4,2.1,0,4,2.0
2026-09-24,naples,miano,1,100,0,0.0,0,0,0.0
2026-09-24,naples,monument-of-giuseppe-garibaldi,1,30,1,3.3,1,0,0.5
2026-09-24,naples,municipio,7,290,4,1.4,4,0,2.0
2026-09-24,naples,naples-airport,2,230,6,2.6,4,2,3.0
2026-09-24,naples,naples-cathedral,2,135,2,1.5,0,2,1.0
2026-09-24,naples,naples-centrale-train-station,23,1550,47,3.0,27,20,23.5
2026-09-24,naples,naples-city-center,7,355,8,2.3,5,3,4.0
2026-09-24,naples,napoli-port,1,10,0,0.0,0,0,0.0
2026-09-24,naples,napoli-porta-nolana,10,408,9,2.2,5,4,4.5
2026-09-24,naples,piazza-cavour,1,50,0,0.0,0,0,0.0
2026-09-24,naples,piazza-del-gesu,1,30,0,0.0,0,0,0.0
2026-09-24,naples,piazza-del-plebiscito,1,50,0,0.0,0,0,0.0
2026-09-24,naples,pomigliano-darco,1,40,0,0.0,0,0,0.0
2026-09-24,naples,porta-capuana,4,220,0,0.0,0,0,0.0
2026-09-24,naples,posillipo,1,50,0,0.0,0,0,0.0
2026-09-24,naples,quartieri-spagnoli,2,95,3,3.2,3,0,1.5
2026-09-24,naples,quattro-giornate-station,1,50,0,0.0,0,0,0.0
2026-09-24,naples,rione-sanita,3,80,1,1.2,1,0,0.5
2026-09-24,naples,san-lorenzo,1,20,0,0.0,0,0,0.0
2026-09-24,naples,santa-lucia,2,120,2,1.7,2,0,1.0
2026-09-24,naples,universita,8,305,2,0.7,1,1,1.0
2026-09-24,naples,via-chiaia,4,180,0,0.0,0,0,0.0
2026-09-24,naples,via-toledo,3,135,0,0.0,0,0,0.0
2026-09-24,naples,vicaria,2,55,0,0.0,0,0,0.0
2026-09-24,naples,vomero,6,210,0,0.0,0,0,0.0
2026-09-24,novara,city-center,1,200,0,0.0,0,0,0.0
2026-09-24,novara,novara-train-station,1,25,1,4.0,1,0,0.5
2026-09-24,olbia,train-station,2,155,18,11.6,9,9,9.0
2026-09-24,padua,city-center,3,125,2,1.6,2,0,1.0
2026-09-24,padua,main-station,3,160,9,5.6,1,8,4.5
2026-09-24,palermo,albergheria,2,65,0,0.0,0,0,0.0
2026-09-24,palermo,corso-dei-mille-sant-erasmo,1,25,1,4.0,1,0,0.5
2026-09-24,palermo,fiera,1,50,0,0.0,0,0,0.0
2026-09-24,palermo,historical-centre-of-palermo,4,125,5,4.0,5,0,2.5
2026-09-24,palermo,mondello,2,40,0,0.0,0,0,0.0
2026-09-24,palermo,mont-di-pieta,2,45,3,6.7,3,0,1.5
2026-09-24,palermo,palazzo-comitini,1,50,0,0.0,0,0,0.0
2026-09-24,palermo,palermo-centrale,4,182,33,18.1,9,24,16.5
2026-09-24,palermo,palermo-city-center,8,440,13,3.0,4,9,6.5
2026-09-24,palermo,piazza-verdi,1,40,6,15.0,6,0,3.0
2026-09-24,palermo,port-palermo,4,250,6,2.4,6,0,3.0
2026-09-24,palermo,settecannoli,1,50,0,0.0,0,0,0.0
2026-09-24,parma,city-center,3,45,0,0.0,0,0,0.0
2026-09-24,parma,station,4,75,0,0.0,0,0,0.0
2026-09-24,pavia,downtown,1,30,0,0.0,0,0,0.0
2026-09-24,pavia,pavia-train-station,3,55,2,3.6,2,0,1.0
2026-09-24,perugia,bus-station,1,25,0,0.0,0,0,0.0
2026-09-24,perugia,central-station,4,105,10,9.5,2,8,5.0
2026-09-24,perugia,elce,2,30,0,0.0,0,0,0.0
2026-09-24,perugia,piazza-della-repubblica,2,30,0,0.0,0,0,0.0
2026-09-24,perugia,piazza-iv-novembre,1,30,4,13.3,4,0,2.0
2026-09-24,pesaro,city-center,4,240,2,0.8,2,0,1.0
2026-09-24,pescara,pescara-centrale-train-station,10,245,5,2.0,3,2,2.5
2026-09-24,piacenza,piacenza-train-station,1,25,0,0.0,0,0,0.0
2026-09-24,pisa,national-museum-of-san-matteo,1,50,0,0.0,0,0,0.0
2026-09-24,pisa,piazza-dei-cavalieri,2,50,3,6.0,3,0,1.5
2026-09-24,pisa,pisa-centrale-train-station,15,1005,55,5.5,26,29,27.5
2026-09-24,pisa,pisa-piazza-del-duomo,2,35,7,20.0,1,6,3.5
2026-09-24,pisa,santa-maria,4,115,0,0.0,0,0,0.0
2026-09-24,pisa,tower-of-pisa,1,50,0,0.0,0,0,0.0
2026-09-24,pistoia,pistoia-train-station,1,25,1,4.0,1,0,0.5
2026-09-24,potenza,city-center,1,100,0,0.0,0,0,0.0
2026-09-24,potenza,potenza-city-center,1,20,0,0.0,0,0,0.0
2026-09-24,prato,prato-centrale,3,70,0,0.0,0,0,0.0
2026-09-24,ragusa,city-center,3,60,0,0.0,0,0,0.0
2026-09-24,ragusa,duomo-di-san-giorgio,1,10,0,0.0,0,0,0.0
2026-09-24,ragusa,ragusa-train-station,1,25,0,0.0,0,0,0.0
2026-09-24,ravenna,dante-tomb,1,20,0,0.0,0,0,0.0
2026-09-24,ravenna,main-station,5,130,4,3.1,2,2,2.0
2026-09-24,reggio-calabria,catona,1,100,0,0.0,0,0,0.0
2026-09-24,reggio-calabria,center,4,370,0,0.0,0,0,0.0
2026-09-24,reggio-calabria,central-station,1,50,0,0.0,0,0,0.0
2026-09-24,reggio-calabria,villa-san-giovanni,2,110,0,0.0,0,0,0.0
2026-09-24,reggio-emilia,railway-station,2,75,0,0.0,0,0,0.0
2026-09-24,reggio-emilia,reggio-emilia-old-town,1,10,0,0.0,0,0,0.0
2026-09-24,rimini,bellariva,1,50,0,0.0,0,0,0.0
2026-09-24,rimini,city-center,6,102,0,0.0,0,0,0.0
2026-09-24,rimini,federico-fellini-international-airport,1,20,0,0.0,0,0,0.0
2026-09-24,rimini,federico-fellini-park,1,25,0,0.0,0,0,0.0
2026-09-24,rimini,lungomare-augusto-murri,2,40,0,0.0,0,0,0.0
2026-09-24,rimini,rimini-train-station,4,375,0,0.0,0,0,0.0
2026-09-24,rome,Municipio-Roma-X,1,30,0,0.0,0,0,0.0
2026-09-24,rome,Quartiere-IX-appio-latino,1,35,0,0.0,0,0,0.0
2026-09-24,rome,aventino,1,100,11,11.0,2,11,6.5
2026-09-24,rome,baldo-degli-ubaldi-station,2,55,4,7.3,4,0,2.0
2026-09-24,rome,bocca-della-verita,1,40,0,0.0,0,0,0.0
2026-09-24,rome,brancaccio,1,20,3,15.0,3,0,1.5
2026-09-24,rome,casal-monastero,1,100,0,0.0,0,0,0.0
2026-09-24,rome,castel-sant-angelo,4,225,21,9.3,4,17,10.5
2026-09-24,rome,castro-pretorio,1,300,0,0.0,0,0,0.0
2026-09-24,rome,cavour,2,85,2,2.4,2,0,1.0
2026-09-24,rome,ciampino,2,80,0,0.0,0,0,0.0
2026-09-24,rome,collatino,1,100,0,0.0,0,0,0.0
2026-09-24,rome,colosseum,6,205,8,3.9,5,3,4.0
2026-09-24,rome,esquilino,8,420,20,4.8,19,1,10.0
2026-09-24,rome,fiera-di-roma,1,30,4,13.3,4,0,2.0
2026-09-24,rome,finocchio,1,20,0,0.0,0,0,0.0
2026-09-24,rome,flaminio,5,165,0,0.0,0,0,0.0
2026-09-24,rome,furio-camillo,4,120,21,17.5,3,18,10.5
2026-09-24,rome,garbatella,2,70,0,0.0,0,0,0.0
2026-09-24,rome,la-rustica,1,30,0,0.0,0,0,0.0
2026-09-24,rome,labicana,1,35,0,0.0,0,0,0.0
2026-09-24,rome,largo-di-torre-argentina,1,35,0,0.0,0,0,0.0
2026-09-24,rome,laurentina,1,30,0,0.0,0,0,0.0
2026-09-24,rome,lepanto,2,60,2,3.3,1,1,1.0
2026-09-24,rome,manzoni,3,70,7,10.0,7,0,3.5
2026-09-24,rome,monti,10,445,9,2.0,8,1,4.5
2026-09-24,rome,navona,8,380,8,2.1,8,0,4.0
2026-09-24,rome,nomentana,2,55,0,0.0,0,0,0.0
2026-09-24,rome,nomentano,1,30,0,0.0,0,0,0.0
2026-09-24,rome,ostia-1,1,40,0,0.0,0,0,0.0
2026-09-24,rome,ostiense,6,470,0,0.0,0,0,0.0
2026-09-24,rome,ottaviano,5,130,10,7.7,9,1,5.0
2026-09-24,rome,pantheon,18,1352,24,1.8,21,3,12.0
2026-09-24,rome,parco-regionale-appia-antica,1,15,0,0.0,0,0,0.0
2026-09-24,rome,parioli,2,65,0,0.0,0,0,0.0
2026-09-24,rome,piazza-campo-de-fiori,4,205,0,0.0,0,0,0.0
2026-09-24,rome,piazza-del-popolo,3,215,0,0.0,0,0,0.0
2026-09-24,rome,piazza-di-san-pietro-in-vincoli,2,70,2,2.9,2,0,1.0
2026-09-24,rome,piazza-venezia,1,25,2,8.0,2,0,1.0
2026-09-24,rome,pigneto,2,70,0,0.0,0,0,0.0
2026-09-24,rome,pigneto-prenestina,1,50,0,0.0,0,0,0.0
2026-09-24,rome,porta-pinciana,1,5,0,0.0,0,0,0.0
2026-09-24,rome,porta-s-paolo,1,60,14,23.3,2,12,7.0
2026-09-24,rome,portuense,3,140,0,0.0,0,0,0.0
2026-09-24,rome,prati,6,265,7,2.6,1,6,3.5
2026-09-24,rome,primavalle,2,80,2,2.5,1,1,1.0
2026-09-24,rome,quartiere-xii-gianicolense,3,90,0,0.0,0,0,0.0
2026-09-24,rome,quartiere-xv-della-vittoria,1,20,2,10.0,2,0,1.0
2026-09-24,rome,repubblica,8,350,13,3.7,13,0,6.5
2026-09-24,rome,rione-ix-pigna,2,80,0,0.0,0,0,0.0
2026-09-24,rome,roma-stadio-olimpico,1,30,0,0.0,0,0,0.0
2026-09-24,rome,roma-vatican-museums,3,162,7,4.3,2,5,3.5
2026-09-24,rome,roman-forum,2,380,0,0.0,0,0,0.0
2026-09-24,rome,s-pietro,4,135,15,11.1,15,0,7.5
2026-09-24,rome,san-giovanni,6,400,4,1.0,1,3,2.0
2026-09-24,rome,san-lorenzo,2,30,0,0.0,0,0,0.0
2026-09-24,rome,santa-maria-maggiore,2,200,2,1.0,2,0,1.0
2026-09-24,rome,spanish-steps,2,95,0,0.0,0,0,0.0
2026-09-24,rome,st-peter-basilica,1,35,4,11.4,4,0,2.0
2026-09-24,rome,termini,34,3118,140,4.5,64,76,70.0
2026-09-24,rome,tiburtina,7,260,23,8.8,8,15,11.5
2026-09-24,rome,torre-maura,1,100,0,0.0,0,0,0.0
2026-09-24,rome,trastevere,14,735,26,3.5,10,16,13.0
2026-09-24,rome,trevi,4,235,6,2.6,4,2,3.0
2026-09-24,rome,trieste,1,300,0,0.0,0,0,0.0
2026-09-24,rome,vatican,18,797,15,1.9,8,7,7.5
2026-09-24,rome,via-del-corso,1,25,2,8.0,0,2,1.0
2026-09-24,rome,villa-borghese,1,35,0,0.0,0,0,0.0
2026-09-24,rome,vittorio-emanuele,1,20,0,0.0,0,0,0.0
2026-09-24,rovigo,rovigo-train-station,1,20,0,0.0,0,0,0.0
2026-09-24,salerno,city-centre,4,85,1,1.2,0,1,0.5
2026-09-24,salerno,salerno-train-station,8,370,22,5.9,3,19,11.0
2026-09-24,sassari,city-center,1,20,0,0.0,0,0,0.0
2026-09-24,sassari,piazza-italia,1,30,0,0.0,0,0,0.0
2026-09-24,sassari,sassari-train-station,2,40,0,0.0,0,0,0.0
2026-09-24,savona,priamar-fortress,1,50,0,0.0,0,0,0.0
2026-09-24,savona,public-beach-lo-scaletto-dei-pescatori,1,20,0,0.0,0,0,0.0
2026-09-24,savona,savona-city-center,2,30,0,0.0,0,0,0.0
2026-09-24,savona,savona-port,1,20,0,0.0,0,0,0.0
2026-09-24,savona,train-station,1,20,0,0.0,0,0,0.0
2026-09-24,siena,city-center,10,342,1,0.3,0,1,0.5
2026-09-24,siena,istrice,2,70,1,1.4,1,0,0.5
2026-09-24,siena,lupa,2,55,0,0.0,0,0,0.0
2026-09-24,siena,siena-train-station,1,35,4,11.4,0,4,2.0
2026-09-24,syracuse,apollo-temple,5,100,2,2.0,0,2,1.0
2026-09-24,syracuse,arenella,1,50,0,0.0,0,0,0.0
2026-09-24,syracuse,augusta,1,20,0,0.0,0,0,0.0
2026-09-24,syracuse,station,6,270,5,1.9,3,2,2.5
2026-09-24,syracuse,syracuse-roman-amphitheater,1,25,0,0.0,0,0,0.0
2026-09-24,syracuse,yacht-lub-lakkios-marina-porto-piccolo-ortigia,1,25,0,0.0,0,0,0.0
2026-09-24,taranto,castello-aragonese,2,60,0,0.0,0,0,0.0
2026-09-24,taranto,sacello-romano,2,50,0,0.0,0,0,0.0
2026-09-24,terni,railway-station,1,300,0,0.0,0,0,0.0
2026-09-24,trani,trani-transit-station,1,50,0,0.0,0,0,0.0
2026-09-24,trapani,city-center,3,225,0,0.0,0,0,0.0
2026-09-24,trapani,train-station,2,30,0,0.0,0,0,0.0
2026-09-24,trapani,trapani-port,5,530,2,0.4,2,0,1.0
2026-09-24,trapani,trapani-train-station,1,30,0,0.0,0,0,0.0
2026-09-24,trento,city-center,1,40,0,0.0,0,0,0.0
2026-09-24,trento,main-station,8,255,11,4.3,4,7,5.5
2026-09-24,treviso,city-center,3,145,3,2.1,0,3,1.5
2026-09-24,treviso,treviso-train-station,2,95,8,8.4,8,0,4.0
2026-09-24,trieste,trieste-train-station,6,190,29,15.3,7,22,14.5
2026-09-24,turin,allianz-stadium,1,100,0,0.0,0,0,0.0
2026-09-24,turin,aurora,1,20,0,0.0,0,0,0.0
2026-09-24,turin,barriera-di-milano,4,70,1,1.4,1,0,0.5
2026-09-24,turin,cenisia,2,110,3,2.7,3,0,1.5
2026-09-24,turin,cit-turin,1,300,0,0.0,0,0,0.0
2026-09-24,turin,city-center,3,90,0,0.0,0,0,0.0
2026-09-24,turin,crocetta,1,25,0,0.0,0,0,0.0
2026-09-24,turin,egyptian-museum,1,75,0,0.0,0,0,0.0
2026-09-24,turin,galleria-sabauda,1,20,0,0.0,0,0,0.0
2026-09-24,turin,lingotto,5,125,0,0.0,0,0,0.0
2026-09-24,turin,lingotto-fiere,1,50,1,2.0,1,0,0.5
2026-09-24,turin,mole-antonelliana,1,10,0,0.0,0,0,0.0
2026-09-24,turin,museo-pietro-micca,1,95,5,5.3,0,5,2.5
2026-09-24,turin,national-cinema-museum,1,30,0,0.0,0,0,0.0
2026-09-24,turin,palazzo-madama,1,20,0,0.0,0,0,0.0
2026-09-24,turin,parco-del-valentino,1,10,0,0.0,0,0,0.0
2026-09-24,turin,piazza-castello,1,55,7,12.7,7,0,3.5
2026-09-24,turin,piazza-san-carlo,1,25,0,0.0,0,0,0.0
2026-09-24,turin,piazza-statuto,1,40,0,0.0,0,0,0.0
2026-09-24,turin,piazza-vittorio-veneto,1,20,1,5.0,0,1,0.5
2026-09-24,turin,porta-palazzo-market,1,100,0,0.0,0,0,0.0
2026-09-24,turin,quadrilatero,1,25,0,0.0,0,0,0.0
2026-09-24,turin,quadrilatero-romano,1,50,0,0.0,0,0,0.0
2026-09-24,turin,santa-rita,1,35,0,0.0,0,0,0.0
2026-09-24,turin,stazione-porta-nuova,10,410,19,4.6,7,12,9.5
2026-09-24,turin,torino-dora,1,50,0,0.0,0,0,0.0
2026-09-24,turin,torino-porta-susa,3,65,1,1.5,1,0,0.5
2026-09-24,turin,torino-via-roma,1,10,0,0.0,0,0,0.0
2026-09-24,udine,udine-train-station,2,40,1,2.5,1,0,0.5
2026-09-24,varese,varese-train-station,1,20,0,0.0,0,0,0.0
2026-09-24,venice,accademia-gallery,1,65,2,3.1,2,0,1.0
2026-09-24,venice,biennale,1,50,0,0.0,0,0,0.0
2026-09-24,venice,brondolo,1,200,0,0.0,0,0,0.0
2026-09-24,venice,ca-d-oro-pier-station,1,40,5,12.5,5,0,2.5
2026-09-24,venice,campo-dei-frari,1,25,10,40.0,10,0,5.0
2026-09-24,venice,cannaregio,4,450,6,1.3,5,1,3.0
2026-09-24,venice,city-center,2,50,0,0.0,0,0,0.0
2026-09-24,venice,dorsoduro,1,60,11,18.3,11,0,5.5
2026-09-24,venice,giudecca,1,25,0,0.0,0,0,0.0
2026-09-24,venice,guglie-bridge,1,50,0,0.0,0,0,0.0
2026-09-24,venice,murano,2,80,0,0.0,0,0,0.0
2026-09-24,venice,murano-da-mula,1,200,5,2.5,3,2,2.5
2026-09-24,venice,peggy-guggenheim-collection,1,40,3,7.5,3,0,1.5
2026-09-24,venice,piazzale-roma,2,155,12,7.7,6,6,6.0
2026-09-24,venice,rialto,2,330,0,0.0,0,0,0.0
2026-09-24,venice,san-marco,3,125,8,6.4,8,0,4.0
2026-09-24,venice,san-polo,4,190,6,3.2,4,2,3.0
2026-09-24,venice,santa-croce,1,20,0,0.0,0,0,0.0
2026-09-24,venice,santa-lucia-station,2,240,68,28.3,32,36,34.0
2026-09-24,venice,santa-lucia-train-station,1,15,0,0.0,0,0,0.0
2026-09-24,venice,venice-castello,1,50,0,0.0,0,0,0.0
2026-09-24,venice,venice-lido,1,25,0,0.0,0,0,0.0
2026-09-24,venice,venice-marco-polo-airport,1,45,3,6.7,3,0,1.5
2026-09-24,vercelli,city-center,1,20,0,0.0,0,0,0.0
2026-09-24,verona,arena-di-verona,1,45,1,2.2,0,1,0.5
2026-09-24,verona,avesa,1,20,0,0.0,0,0,0.0
2026-09-24,verona,castelvecchio-museum,1,40,2,5.0,2,0,1.0
2026-09-24,verona,citta-antica,5,175,1,0.6,1,0,0.5
2026-09-24,verona,cittadella,2,90,0,0.0,0,0,0.0
2026-09-24,verona,juliet-s-house,2,130,9,6.9,9,0,4.5
2026-09-24,verona,porta-nuova,2,345,8,2.3,8,0,4.0
2026-09-24,vicenza,city-center,2,70,0,0.0,0,0,0.0
2026-09-24,vicenza,main-station,1,35,13,37.1,0,13,6.5
2026-09-25,agrigento,agrigento-train-staion,3,100,0,0.0,0,0,0.0
2026-09-25,agrigento,city-center,3,120,0,0.0,0,0,0.0
2026-09-25,alessandria,tortona,1,15,0,0.0,0,0,0.0
2026-09-25,ancona,ancona-train-station,5,280,0,0.0,0,0,0.0
2026-09-25,aosta,city-center,2,120,0,0.0,0,0,0.0
2026-09-25,aosta,train-station,3,85,5,5.9,1,4,2.5
2026-09-25,arezzo,arezzo-train-station,2,40,0,0.0,0,0,0.0
2026-09-25,arezzo,city-center,4,145,6,4.1,4,2,3.0
2026-09-25,asti,city-center,2,30,0,0.0,0,0,0.0
2026-09-25,avellino,city-center,1,100,0,0.0,0,0,0.0
2026-09-25,bari,altamura,1,10,0,0.0,0,0,0.0
2026-09-25,bari,bari-centrale-train-station,21,1340,123,9.2,114,9,61.5
2026-09-25,bari,bari-vecchia,2,120,13,10.8,13,0,6.5
2026-09-25,bari,basilica-san-nicola,1,30,8,26.7,8,0,4.0
2026-09-25,bari,city-center,4,520,4,0.8,4,0,2.0
2026-09-25,bari,fiera-del-levante,1,30,0,0.0,0,0,0.0
2026-09-25,bari,madonnella,2,80,1,1.2,0,1,0.5
2026-09-25,bari,marconi,2,70,0,0.0,0,0,0.0
2026-09-25,bari,old-town,1,30,0,0.0,0,0,0.0
2026-09-25,bari,palazzo-fizzarotti,1,30,7,23.3,7,0,3.5
2026-09-25,bari,quartiere-umbertino,1,15,0,0.0,0,0,0.0
2026-09-25,bari,teatro-petruzzelli,2,95,2,2.1,2,0,1.0
2026-09-25,bergamo,bergamo-train-station,6,205,49,23.9,49,0,24.5
2026-09-25,bergamo,borgo-palazzo,1,20,0,0.0,0,0,0.0
2026-09-25,bergamo,borgo-santa-caterina,1,20,1,5.0,1,0,0.5
2026-09-25,bergamo,citta-alta,2,75,7,9.3,7,0,3.5
2026-09-25,bologna,belvedere-mercato-delle-erbe,1,30,0,0.0,0,0,0.0
2026-09-25,bologna,bologna-centrale-railway-station,14,725,40,5.5,32,8,20.0
2026-09-25,bologna,bologna-city-center,2,65,30,46.2,30,0,15.0
2026-09-25,bologna,bologna-university,3,70,0,0.0,0,0,0.0
2026-09-25,bologna,costa-saragozza,1,20,0,0.0,0,0,0.0
2026-09-25,bologna,la-piccola-venezia,1,30,4,13.3,4,0,2.0
2026-09-25,bologna,piazza-maggiore,5,530,100,18.9,100,0,50.0
2026-09-25,bologna,porta-castiglione,1,25,0,0.0,0,0,0.0
2026-09-25,bologna,rimesse,1,50,0,0.0,0,0,0.0
2026-09-25,bologna,san-donato,1,20,0,0.0,0,0,0.0
2026-09-25,bologna,stadio-senato-dall-aria,1,50,3,6.0,3,0,1.5
2026-09-25,bologna,two-towers,2,60,0,0.0,0,0,0.0
2026-09-25,bolzano,bolzano-train-station,6,190,28,14.7,28,6,17.0
2026-09-25,bolzano,city-center,1,30,0,0.0,0,0,0.0
2026-09-25,bolzano,palazzo-mercantile,1,20,0,0.0,0,0,0.0
2026-09-25,bolzano,waltherplatz,1,30,2,6.7,2,0,1.0
2026-09-25,brescia,brescia-old-town,1,10,0,0.0,0,0,0.0
2026-09-25,brescia,old-town,1,15,0,0.0,0,0,0.0
2026-09-25,brescia,train-station,5,80,1,1.2,1,0,0.5
2026-09-25,brindisi,central-station,5,455,39,8.6,30,10,20.0
2026-09-25,brindisi,city-centre,2,65,7,10.8,7,0,3.5
2026-09-25,brindisi,corso-garibaldi,1,45,2,4.4,2,0,1.0
2026-09-25,cagliari,bonaria,2,30,0,0.0,0,0,0.0
2026-09-25,cagliari,city-center,4,70,1,1.4,0,1,0.5
2026-09-25,cagliari,lazzaretto,1,20,0,0.0,0,0,0.0
2026-09-25,cagliari,marina,7,155,9,5.8,9,0,4.5
2026-09-25,cagliari,selargius,1,25,0,0.0,0,0,0.0
2026-09-25,cagliari,stazione,3,70,1,1.4,0,1,0.5
2026-09-25,cagliari,villanova,1,20,0,0.0,0,0,0.0
2026-09-25,caltanissetta,caltanissetta-centrale,3,50,0,0.0,0,0,0.0
2026-09-25,caltanissetta,caltanissetta-old-town,1,10,0,0.0,0,0,0.0
2026-09-25,carrara,marina-di-carrara,1,20,0,0.0,0,0,0.0
2026-09-25,caserta,city-center,5,180,3,1.7,0,3,1.5
2026-09-25,caserta,royal-palace,1,50,0,0.0,0,0,0.0
2026-09-25,catania,borgo-sanzio,4,220,3,1.4,0,3,1.5
2026-09-25,catania,catania-airport,2,150,8,5.3,4,4,4.0
2026-09-25,catania,catania-centrale,10,515,8,1.6,2,6,4.0
2026-09-25,catania,city-center,19,530,17,3.2,9,8,8.5
2026-09-25,catania,piazza-stesicoro,2,40,0,0.0,0,0,0.0
2026-09-25,catania,porta-garibaldi,2,90,0,0.0,0,0,0.0
2026-09-25,catania,university-of-catania,2,75,0,0.0,0,0,0.0
2026-09-25,catanzaro,fortuna,1,10,0,0.0,0,0,0.0
2026-09-25,chieti,chieti-train-station,1,20,0,0.0,0,0,0.0
2026-09-25,como,city-center,6,200,31,15.5,13,18,15.5
2026-09-25,como,como-lago-train-station,1,30,2,6.7,2,1,1.5
2026-09-25,cosenza,casa-di-galeazzo-di-tarsia,1,40,0,0.0,0,0,0.0
2026-09-25,cosenza,city-centre,2,100,0,0.0,0,0,0.0
2026-09-25,cosenza,roges,1,10,0,0.0,0,0,0.0
2026-09-25,cremona,city-center,2,115,0,0.0,0,0,0.0
2026-09-25,cremona,cremona-train-station,2,60,0,0.0,0,0,0.0
2026-09-25,crotone,crotone-lungomare,1,20,0,0.0,0,0,0.0
2026-09-25,fermo,city-center,1,10,2,20.0,0,2,1.0
2026-09-25,ferrara,city-center,3,90,2,2.2,0,2,1.0
2026-09-25,ferrara,railway-station,6,320,32,10.0,30,2,16.0
2026-09-25,florence,basilica-di-santo-spirito,1,35,4,11.4,4,0,2.0
2026-09-25,florence,basilica-of-santa-maria-novella,7,185,21,11.4,21,0,10.5
2026-09-25,florence,battistero-di-san-giovanni,1,30,0,0.0,0,0,0.0
2026-09-25,florence,campo-di-marte,3,120,0,0.0,0,0,0.0
2026-09-25,florence,coverelli,1,35,0,0.0,0,0,0.0
2026-09-25,florence,district-1,2,55,4,7.3,4,0,2.0
2026-09-25,florence,duomo,1,50,0,0.0,0,0,0.0
2026-09-25,florence,florence-airport,1,30,0,0.0,0,0,0.0
2026-09-25,florence,florence-city-center,1,20,0,0.0,0,0,0.0
2026-09-25,florence,florence-mercato-centrale,1,15,0,0.0,0,0,0.0
2026-09-25,florence,fortezza-dal-basso,1,30,0,0.0,0,0,0.0
2026-09-25,florence,piazza-torquato-tasso,1,35,0,0.0,0,0,0.0
2026-09-25,florence,pitti,1,50,0,0.0,0,0,0.0
2026-09-25,florence,porta-al-prato,5,195,3,1.5,3,0,1.5
2026-09-25,florence,rifredi,2,35,0,0.0,0,0,0.0
2026-09-25,florence,san-gallo,1,45,4,8.9,4,0,2.0
2026-09-25,florence,san-lorenzo,4,180,0,0.0,0,0,0.0
2026-09-25,florence,san-marco-florence,3,65,0,0.0,0,0,0.0
2026-09-25,florence,san-niccolo,1,25,0,0.0,0,0,0.0
2026-09-25,florence,santa-croce,10,345,8,2.3,8,0,4.0
2026-09-25,florence,santa-maria-novella,14,1070,83,7.8,39,44,41.5
2026-09-25,florence,santo-spirito,2,80,0,0.0,0,0,0.0
2026-09-25,florence,scandicci,1,300,0,0.0,0,0,0.0
2026-09-25,florence,stazione-via-panzani,1,30,1,3.3,0,1,0.5
2026-09-25,florence,via-de-boni,1,30,2,6.7,2,0,1.0
2026-09-25,florence,via-dell-albero,1,70,6,8.6,6,0,3.0
2026-09-25,genoa,aquarium-genoa,1,100,0,0.0,0,0,0.0
2026-09-25,genoa,brignole,6,115,4,3.5,4,0,2.0
2026-09-25,genoa,genoa-port,2,50,21,42.0,21,0,10.5
2026-09-25,genoa,maddalena,2,50,7,14.0,7,0,3.5
2026-09-25,genoa,nervi,1,10,0,0.0,0,0,0.0
2026-09-25,genoa,orefici,1,15,0,0.0,0,0,0.0
2026-09-25,genoa,pegli,1,15,0,0.0,0,0,0.0
2026-09-25,genoa,piazza-corvetto-piazza-de-ferrari,1,100,2,2.0,2,0,1.0
2026-09-25,genoa,piazza-de-ferrari,1,20,0,0.0,0,0,0.0
2026-09-25,genoa,piazza-principe,1,300,0,0.0,0,0,0.0
2026-09-25,genoa,sampierdarena,1,100,0,0.0,0,0,0.0
2026-09-25,grosseto,city-centre,2,50,0,0.0,0,0,0.0
2026-09-25,la-spezia,la-spezia-centrale,9,400,5,1.2,5,0,2.5
2026-09-25,la-spezia,migliarina,1,50,0,0.0,0,0,0.0
2026-09-25,la-spezia,parco-dei-pesci,1,50,0,0.0,0,0,0.0
2026-09-25,latina,city-center,1,200,0,0.0,0,0,0.0
2026-09-25,lecce,lecce-city-center,8,305,8,2.6,5,3,4.0
2026-09-25,lecce,railway-station,6,170,40,23.5,20,21,20.5
2026-09-25,lecco,lecco-train-station,2,30,1,3.3,1,0,0.5
2026-09-25,lecco,train-station,2,50,2,4.0,2,0,1.0
2026-09-25,livorno,city-center,3,100,0,0.0,0,0,0.0
2026-09-25,livorno,livorno-train-station,3,95,2,2.1,0,2,1.0
2026-09-25,lucca,city-center,7,300,1,0.3,0,1,0.5
2026-09-25,lucca,lucca-train-station,8,690,6,0.9,4,2,3.0
2026-09-25,lucca,walled-city,2,60,0,0.0,0,0,0.0
2026-09-25,macerata,macerata-train-station,1,10,0,0.0,0,0,0.0
2026-09-25,mantua,city-center,1,25,2,8.0,0,2,1.0
2026-09-25,massa,city-center,1,20,0,0.0,0,0,0.0
2026-09-25,matera,city-center,7,170,4,2.4,0,4,2.0
2026-09-25,matera,via-dei-messapi,1,60,0,0.0,0,0,0.0
2026-09-25,messina,borgo-del-ringo,1,30,0,0.0,0,0,0.0
2026-09-25,messina,messina-centrale,7,210,1,0.5,0,1,0.5
2026-09-25,milan,assago,1,20,0,0.0,0,0,0.0
2026-09-25,milan,bicocca,1,20,0,0.0,0,0,0.0
2026-09-25,milan,bueno-aires,1,30,0,0.0,0,0,0.0
2026-09-25,milan,bullona,7,310,16,5.2,10,6,8.0
2026-09-25,milan,cadorna,1,200,3,1.5,2,2,2.0
2026-09-25,milan,cairoli-subway-station,1,45,4,8.9,4,0,2.0
2026-09-25,milan,carrobbio,1,30,0,0.0,0,0,0.0
2026-09-25,milan,casoretto,2,40,1,2.5,1,0,0.5
2026-09-25,milan,castello-sforzesco,2,70,2,2.9,2,0,1.0
2026-09-25,milan,cerchiate,2,35,2,5.7,2,0,1.0
2026-09-25,milan,china-town,2,55,2,3.6,2,0,1.0
2026-09-25,milan,china-town-milan,1,35,5,14.3,5,0,2.5
2026-09-25,milan,citylife,1,25,0,0.0,0,0,0.0
2026-09-25,milan,cologno-monzese,1,100,0,0.0,0,0,0.0
2026-09-25,milan,conchetta,2,45,3,6.7,0,3,1.5
2026-09-25,milan,corso-buenos-aires,1,20,3,15.0,0,3,1.5
2026-09-25,milan,crescenzago,4,60,1,1.7,1,0,0.5
2026-09-25,milan,duomo,3,475,24,5.1,20,4,12.0
2026-09-25,milan,fiera,1,200,0,0.0,0,0,0.0
2026-09-25,milan,forlanini,1,20,0,0.0,0,0,0.0
2026-09-25,milan,guastalla,2,45,3,6.7,0,3,1.5
2026-09-25,milan,lambrate,4,85,0,0.0,0,0,0.0
2026-09-25,milan,lanza,1,45,0,0.0,0,0,0.0
2026-09-25,milan,loreto,6,160,0,0.0,0,0,0.0
2026-09-25,milan,malpensa-airport,1,100,0,0.0,0,0,0.0
2026-09-25,milan,milan-centrale-railway-station,28,1660,234,14.1,158,88,123.0
2026-09-25,milan,milano-certosa,1,25,0,0.0,0,0,0.0
2026-09-25,milan,milano-repubblica-station,2,120,2,1.7,0,2,1.0
2026-09-25,milan,missori,7,195,22,11.3,19,3,11.0
2026-09-25,milan,navigli,3,75,0,0.0,0,0,0.0
2026-09-25,milan,niguarda,2,40,5,12.5,0,5,2.5
2026-09-25,milan,palazzo-di-giustizia,1,30,1,3.3,1,0,0.5
2026-09-25,milan,piazza-gae-aulenti,1,40,0,0.0,0,0,0.0
2026-09-25,milan,politecnico-di-milano-campus-bovisa-la-masa,1,20,0,0.0,0,0,0.0
2026-09-25,milan,porta-garibaldi,1,300,0,0.0,0,0,0.0
2026-09-25,milan,porta-garibaldi-train-station,4,100,5,5.0,2,3,2.5
2026-09-25,milan,porta-genova,6,255,10,3.9,7,3,5.0
2026-09-25,milan,porta-romana,7,185,3,1.6,3,0,1.5
2026-09-25,milan,porta-ticinese,4,120,44,36.7,39,5,22.0
2026-09-25,milan,porta-venezia,7,235,9,3.8,6,3,4.5
2026-09-25,milan,porta-vittoria,2,40,0,0.0,0,0,0.0
2026-09-25,milan,rho,1,20,0,0.0,0,0,0.0
2026-09-25,milan,rogoredo-train-station,1,50,2,4.0,2,0,1.0
2026-09-25,milan,san-babila,2,60,13,21.7,3,10,6.5
2026-09-25,milan,san-siro-stadium,4,400,4,1.0,1,3,2.0
2026-09-25,milan,santa-giulia,1,10,0,0.0,0,0,0.0
2026-09-25,milan,santa-maria-delle-grazie,7,210,12,5.7,11,1,6.0
2026-09-25,milan,via-torino-via-palla,2,126,0,0.0,0,0,0.0
2026-09-25,milan,via-visconti-di-modrone,1,25,2,8.0,2,0,1.0
2026-09-25,milan,villapizzone-railway-station,1,25,4,16.0,3,1,2.0
2026-09-25,milan,washington,2,65,1,1.5,0,1,0.5
2026-09-25,milan,zone-1-of-milan,1,40,2,5.0,0,2,1.0
2026-09-25,milan,zone-7-of-milan,3,60,0,0.0,0,0,0.0
2026-09-25,modena,central-station,6,165,3,1.8,2,1,1.5
2026-09-25,modena,city-centre,2,45,3,6.7,3,0,1.5
2026-09-25,monza,downtown,1,230,1,0.4,1,0,0.5
2026-09-25,monza,monza-train-station,4,175,18,10.3,18,2,10.0
2026-09-25,naples,Volla,1,100,0,0.0,0,0,0.0
2026-09-25,naples,bagnoli-agnano-terme,1,30,0,0.0,0,0,0.0
2026-09-25,naples,centro-storico,5,165,6,3.6,6,0,3.0
2026-09-25,naples,dante,7,295,14,4.7,11,3,7.0
2026-09-25,naples,fuorigrotta,1,20,0,0.0,0,0,0.0
2026-09-25,naples,maradona-stadium,1,50,2,4.0,2,0,1.0
2026-09-25,naples,mergellina-port,3,190,0,0.0,0,0,0.0
2026-09-25,naples,miano,1,100,0,0.0,0,0,0.0
2026-09-25,naples,monument-of-giuseppe-garibaldi,1,30,1,3.3,1,0,0.5
2026-09-25,naples,municipio,7,290,7,2.4,2,5,3.5
2026-09-25,naples,naples-airport,2,230,9,3.9,2,7,4.5
2026-09-25,naples,naples-cathedral,3,165,5,3.0,4,1,2.5
2026-09-25,naples,naples-centrale-train-station,23,1550,40,2.6,37,3,20.0
2026-09-25,naples,naples-city-center,7,355,8,2.3,8,0,4.0
2026-09-25,naples,napoli-port,1,10,5,50.0,4,1,2.5
2026-09-25,naples,napoli-porta-nolana,10,408,10,2.5,5,5,5.0
2026-09-25,naples,piazza-cavour,1,50,0,0.0,0,0,0.0
2026-09-25,naples,piazza-del-gesu,1,30,0,0.0,0,0,0.0
2026-09-25,naples,piazza-del-plebiscito,1,50,0,0.0,0,0,0.0
2026-09-25,naples,pomigliano-darco,1,40,0,0.0,0,0,0.0
2026-09-25,naples,porta-capuana,4,220,0,0.0,0,0,0.0
2026-09-25,naples,posillipo,1,50,0,0.0,0,0,0.0
2026-09-25,naples,quartieri-spagnoli,2,95,0,0.0,0,0,0.0
2026-09-25,naples,quattro-giornate-station,1,50,2,4.0,2,0,1.0
2026-09-25,naples,rione-sanita,3,80,2,2.5,2,0,1.0
2026-09-25,naples,san-lorenzo,1,20,0,0.0,0,0,0.0
2026-09-25,naples,santa-lucia,2,120,6,5.0,0,6,3.0
2026-09-25,naples,universita,8,305,6,2.0,5,1,3.0
2026-09-25,naples,via-chiaia,4,180,4,2.2,4,0,2.0
2026-09-25,naples,via-toledo,3,135,9,6.7,9,0,4.5
2026-09-25,naples,vicaria,2,55,0,0.0,0,0,0.0
2026-09-25,naples,vomero,6,210,0,0.0,0,0,0.0
2026-09-25,novara,city-center,1,200,0,0.0,0,0,0.0
2026-09-25,novara,novara-train-station,1,25,2,8.0,0,2,1.0
2026-09-25,olbia,train-station,2,155,24,15.5,9,16,12.5
2026-09-25,padua,city-center,3,125,0,0.0,0,0,0.0
2026-09-25,padua,main-station,3,160,13,8.1,4,9,6.5
2026-09-25,palermo,albergheria,2,65,0,0.0,0,0,0.0
2026-09-25,palermo,corso-dei-mille-sant-erasmo,1,25,0,0.0,0,0,0.0
2026-09-25,palermo,fiera,1,50,0,0.0,0,0,0.0
2026-09-25,palermo,historical-centre-of-palermo,4,125,10,8.0,10,0,5.0
2026-09-25,palermo,mondello,2,40,0,0.0,0,0,0.0
2026-09-25,palermo,mont-di-pieta,2,45,20,44.4,4,16,10.0
2026-09-25,palermo,palazzo-comitini,1,50,0,0.0,0,0,0.0
2026-09-25,palermo,palermo-centrale,5,202,25,12.4,14,11,12.5
2026-09-25,palermo,palermo-city-center,8,465,2,0.4,2,0,1.0
2026-09-25,palermo,piazza-verdi,1,40,1,2.5,1,0,0.5
2026-09-25,palermo,port-palermo,4,250,5,2.0,2,3,2.5
2026-09-25,palermo,settecannoli,1,50,0,0.0,0,0,0.0
2026-09-25,parma,city-center,3,45,0,0.0,0,0,0.0
2026-09-25,parma,station,4,75,2,2.7,0,2,1.0
2026-09-25,pavia,downtown,1,30,0,0.0,0,0,0.0
2026-09-25,pavia,pavia-train-station,3,55,0,0.0,0,0,0.0
2026-09-25,perugia,bus-station,1,25,6,24.0,0,6,3.0
2026-09-25,perugia,central-station,4,105,9,8.6,2,7,4.5
2026-09-25,perugia,elce,2,30,0,0.0,0,0,0.0
2026-09-25,perugia,piazza-della-repubblica,1,20,0,0.0,0,0,0.0
2026-09-25,perugia,piazza-iv-novembre,1,30,0,0.0,0,0,0.0
2026-09-25,pesaro,city-center,4,240,200,83.3,200,0,100.0
2026-09-25,pescara,pescara-centrale-train-station,11,275,13,4.7,13,0,6.5
2026-09-25,piacenza,piacenza-train-station,1,25,25,100.0,25,0,12.5
2026-09-25,pisa,national-museum-of-san-matteo,1,50,0,0.0,0,0,0.0
2026-09-25,pisa,piazza-dei-cavalieri,2,50,0,0.0,0,0,0.0
2026-09-25,pisa,pisa-centrale-train-station,15,1005,43,4.3,36,9,22.5
2026-09-25,pisa,pisa-piazza-del-duomo,2,35,6,17.1,6,0,3.0
2026-09-25,pisa,santa-maria,4,115,0,0.0,0,0,0.0
2026-09-25,pisa,tower-of-pisa,3,100,0,0.0,0,0,0.0
2026-09-25,pistoia,pistoia-train-station,1,25,0,0.0,0,0,0.0
2026-09-25,potenza,city-center,1,100,0,0.0,0,0,0.0
2026-09-25,potenza,potenza-city-center,1,20,0,0.0,0,0,0.0
2026-09-25,prato,prato-centrale,3,70,0,0.0,0,0,0.0
2026-09-25,ragusa,city-center,4,70,0,0.0,0,0,0.0
2026-09-25,ragusa,duomo-di-san-giorgio,1,10,0,0.0,0,0,0.0
2026-09-25,ragusa,ragusa-train-station,1,25,0,0.0,0,0,0.0
2026-09-25,ravenna,dante-tomb,1,20,0,0.0,0,0,0.0
2026-09-25,ravenna,main-station,5,130,2,1.5,0,2,1.0
2026-09-25,reggio-calabria,catona,1,100,0,0.0,0,0,0.0
2026-09-25,reggio-calabria,center,4,370,1,0.3,0,1,0.5
2026-09-25,reggio-calabria,central-station,2,80,0,0.0,0,0,0.0
2026-09-25,reggio-calabria,villa-san-giovanni,2,110,0,0.0,0,0,0.0
2026-09-25,reggio-emilia,railway-station,2,75,0,0.0,0,0,0.0
2026-09-25,reggio-emilia,reggio-emilia-old-town,1,10,0,0.0,0,0,0.0
2026-09-25,rimini,bellariva,1,50,0,0.0,0,0,0.0
2026-09-25,rimini,city-center,6,102,0,0.0,0,0,0.0
2026-09-25,rimini,federico-fellini-international-airport,1,20,0,0.0,0,0,0.0
2026-09-25,rimini,federico-fellini-park,1,25,0,0.0,0,0,0.0
2026-09-25,rimini,lungomare-augusto-murri,2,40,0,0.0,0,0,0.0
2026-09-25,rimini,rimini-train-station,4,375,0,0.0,0,0,0.0
2026-09-25,rome,Municipio-Roma-X,1,30,0,0.0,0,0,0.0
2026-09-25,rome,Quartiere-IX-appio-latino,1,35,0,0.0,0,0,0.0
2026-09-25,rome,aventino,1,100,9,9.0,0,9,4.5
2026-09-25,rome,baldo-degli-ubaldi-station,2,55,1,1.8,0,1,0.5
2026-09-25,rome,bocca-della-verita,1,40,0,0.0,0,0,0.0
2026-09-25,rome,brancaccio,1,20,0,0.0,0,0,0.0
2026-09-25,rome,casal-monastero,1,100,0,0.0,0,0,0.0
2026-09-25,rome,castel-sant-angelo,4,225,35,15.6,4,31,17.5
2026-09-25,rome,castro-pretorio,1,300,0,0.0,0,0,0.0
2026-09-25,rome,cavour,2,85,0,0.0,0,0,0.0
2026-09-25,rome,ciampino,2,80,0,0.0,0,0,0.0
2026-09-25,rome,collatino,1,100,0,0.0,0,0,0.0
2026-09-25,rome,colosseum,5,155,2,1.3,0,2,1.0
2026-09-25,rome,esquilino,8,420,61,14.5,61,0,30.5
2026-09-25,rome,fiera-di-roma,1,30,0,0.0,0,0,0.0
2026-09-25,rome,finocchio,1,20,0,0.0,0,0,0.0
2026-09-25,rome,flaminio,5,165,0,0.0,0,0,0.0
2026-09-25,rome,furio-camillo,4,120,11,9.2,4,7,5.5
2026-09-25,rome,garbatella,2,70,1,1.4,1,0,0.5
2026-09-25,rome,la-rustica,1,30,0,0.0,0,0,0.0
2026-09-25,rome,labicana,1,35,0,0.0,0,0,0.0
2026-09-25,rome,largo-di-torre-argentina,1,35,0,0.0,0,0,0.0
2026-09-25,rome,laurentina,1,30,0,0.0,0,0,0.0
2026-09-25,rome,lepanto,2,60,2,3.3,2,0,1.0
2026-09-25,rome,manzoni,3,70,0,0.0,0,0,0.0
2026-09-25,rome,monti,10,445,13,2.9,13,0,6.5
2026-09-25,rome,navona,8,380,13,3.4,13,0,6.5
2026-09-25,rome,nomentana,3,105,0,0.0,0,0,0.0
2026-09-25,rome,nomentano,1,30,0,0.0,0,0,0.0
2026-09-25,rome,ostia-1,1,40,0,0.0,0,0,0.0
2026-09-25,rome,ostiense,6,470,5,1.1,0,5,2.5
2026-09-25,rome,ottaviano,5,130,0,0.0,0,0,0.0
2026-09-25,rome,pantheon,18,1352,25,1.8,23,10,16.5
2026-09-25,rome,parco-regionale-appia-antica,1,15,0,0.0,0,0,0.0
2026-09-25,rome,parioli,2,65,2,3.1,0,2,1.0
2026-09-25,rome,piazza-campo-de-fiori,4,205,0,0.0,0,0,0.0
2026-09-25,rome,piazza-del-popolo,3,215,3,1.4,3,0,1.5
2026-09-25,rome,piazza-di-san-pietro-in-vincoli,2,70,2,2.9,2,0,1.0
2026-09-25,rome,piazza-venezia,1,25,0,0.0,0,0,0.0
2026-09-25,rome,pigneto,2,70,21,30.0,21,0,10.5
2026-09-25,rome,pigneto-prenestina,1,50,0,0.0,0,0,0.0
2026-09-25,rome,porta-pinciana,1,5,2,40.0,2,0,1.0
2026-09-25,rome,porta-s-paolo,1,60,2,3.3,2,0,1.0
2026-09-25,rome,portuense,3,140,3,2.1,3,0,1.5
2026-09-25,rome,prati,5,195,0,0.0,0,0,0.0
2026-09-25,rome,primavalle,2,80,0,0.0,0,0,0.0
2026-09-25,rome,quartiere-xii-gianicolense,3,90,2,2.2,2,0,1.0
2026-09-25,rome,quartiere-xv-della-vittoria,1,20,0,0.0,0,0,0.0
2026-09-25,rome,repubblica,8,350,14,4.0,14,1,7.5
2026-09-25,rome,rione-ix-pigna,2,80,0,0.0,0,0,0.0
2026-09-25,rome,roma-stadio-olimpico,1,30,1,3.3,1,0,0.5
2026-09-25,rome,roma-vatican-museums,3,162,5,3.1,5,0,2.5
2026-09-25,rome,roman-forum,2,380,0,0.0,0,0,0.0
2026-09-25,rome,s-pietro,4,135,3,2.2,3,0,1.5
2026-09-25,rome,san-giovanni,7,700,3,0.4,3,0,1.5
2026-09-25,rome,san-lorenzo,2,30,0,0.0,0,0,0.0
2026-09-25,rome,santa-maria-maggiore,2,200,0,0.0,0,0,0.0
2026-09-25,rome,spanish-steps,2,95,4,4.2,2,2,2.0
2026-09-25,rome,st-peter-basilica,1,35,0,0.0,0,0,0.0
2026-09-25,rome,termini,34,3118,211,6.8,133,96,114.5
2026-09-25,rome,tiburtina,6,220,65,29.5,54,12,33.0
2026-09-25,rome,torre-maura,1,100,0,0.0,0,0,0.0
2026-09-25,rome,trastevere,15,760,30,3.9,17,13,15.0
2026-09-25,rome,trevi,4,235,6,2.6,6,0,3.0
2026-09-25,rome,trieste,1,300,0,0.0,0,0,0.0
2026-09-25,rome,vatican,18,797,40,5.0,40,7,23.5
2026-09-25,rome,via-del-corso,1,25,12,48.0,0,12,6.0
2026-09-25,rome,villa-borghese,1,35,4,11.4,4,0,2.0
2026-09-25,rome,vittorio-emanuele,2,70,1,1.4,1,0,0.5
2026-09-25,rovigo,rovigo-train-station,1,20,0,0.0,0,0,0.0
2026-09-25,salerno,city-centre,4,85,3,3.5,3,0,1.5
2026-09-25,salerno,rione-porto,1,20,0,0.0,0,0,0.0
2026-09-25,salerno,salerno-train-station,8,370,28,7.6,16,12,14.0
2026-09-25,sassari,city-center,1,20,4,20.0,0,5,2.5
2026-09-25,sassari,sassari-train-station,1,20,0,0.0,0,0,0.0
2026-09-25,savona,priamar-fortress,1,50,0,0.0,0,0,0.0
2026-09-25,savona,public-beach-lo-scaletto-dei-pescatori,1,20,0,0.0,0,0,0.0
2026-09-25,savona,savona-city-center,2,30,0,0.0,0,0,0.0
2026-09-25,savona,savona-port,1,20,0,0.0,0,0,0.0
2026-09-25,savona,train-station,1,20,0,0.0,0,0,0.0
2026-09-25,siena,city-center,10,342,0,0.0,0,0,0.0
2026-09-25,siena,istrice,2,70,2,2.9,2,3,2.5
2026-09-25,siena,lupa,2,55,1,1.8,1,0,0.5
2026-09-25,siena,siena-train-station,1,35,0,0.0,0,0,0.0
2026-09-25,syracuse,apollo-temple,4,90,0,0.0,0,0,0.0
2026-09-25,syracuse,arenella,1,50,0,0.0,0,0,0.0
2026-09-25,syracuse,augusta,1,20,0,0.0,0,0,0.0
2026-09-25,syracuse,station,5,240,10,4.2,10,0,5.0
2026-09-25,syracuse,syracuse-roman-amphitheater,1,25,0,0.0,0,0,0.0
2026-09-25,syracuse,yacht-lub-lakkios-marina-porto-piccolo-ortigia,1,25,0,0.0,0,0,0.0
2026-09-25,taranto,castello-aragonese,2,60,0,0.0,0,0,0.0
2026-09-25,taranto,sacello-romano,2,50,0,0.0,0,0,0.0
2026-09-25,terni,railway-station,1,300,0,0.0,0,0,0.0
2026-09-25,trani,trani-transit-station,1,50,0,0.0,0,0,0.0
2026-09-25,trapani,city-center,3,225,0,0.0,0,0,0.0
2026-09-25,trapani,train-station,2,30,0,0.0,0,0,0.0
2026-09-25,trapani,trapani-port,4,230,0,0.0,0,0,0.0
2026-09-25,trapani,trapani-train-station,1,30,1,3.3,0,1,0.5
2026-09-25,trento,city-center,1,40,0,0.0,0,0,0.0
2026-09-25,trento,main-station,8,255,63,24.7,60,3,31.5
2026-09-25,treviso,city-center,3,145,0,0.0,0,0,0.0
2026-09-25,treviso,treviso-train-station,2,95,24,25.3,5,19,12.0
2026-09-25,trieste,trieste-train-station,7,250,23,9.2,14,9,11.5
2026-09-25,turin,allianz-stadium,1,100,0,0.0,0,0,0.0
2026-09-25,turin,aurora,1,20,0,0.0,0,0,0.0
2026-09-25,turin,barriera-di-milano,4,70,0,0.0,0,0,0.0
2026-09-25,turin,cenisia,2,110,10,9.1,3,7,5.0
2026-09-25,turin,cit-turin,1,300,0,0.0,0,0,0.0
2026-09-25,turin,city-center,3,90,0,0.0,0,0,0.0
2026-09-25,turin,crocetta,1,25,0,0.0,0,0,0.0
2026-09-25,turin,egyptian-museum,1,75,6,8.0,6,0,3.0
2026-09-25,turin,galleria-sabauda,1,20,0,0.0,0,0,0.0
2026-09-25,turin,lingotto,5,125,0,0.0,0,0,0.0
2026-09-25,turin,lingotto-fiere,1,50,0,0.0,0,0,0.0
2026-09-25,turin,mole-antonelliana,1,10,0,0.0,0,0,0.0
2026-09-25,turin,museo-pietro-micca,1,95,21,22.1,0,21,10.5
2026-09-25,turin,national-cinema-museum,1,30,1,3.3,1,0,0.5
2026-09-25,turin,palazzo-madama,1,20,0,0.0,0,0,0.0
2026-09-25,turin,palazzo-reale,1,30,0,0.0,0,0,0.0
2026-09-25,turin,parco-del-valentino,1,10,0,0.0,0,0,0.0
2026-09-25,turin,piazza-castello,1,55,0,0.0,0,0,0.0
2026-09-25,turin,piazza-san-carlo,1,25,0,0.0,0,0,0.0
2026-09-25,turin,piazza-statuto,1,40,0,0.0,0,0,0.0
2026-09-25,turin,piazza-vittorio-veneto,1,20,0,0.0,0,0,0.0
2026-09-25,turin,porta-palazzo-market,1,100,0,0.0,0,0,0.0
2026-09-25,turin,quadrilatero,1,25,4,16.0,4,0,2.0
2026-09-25,turin,quadrilatero-romano,1,50,1,2.0,1,0,0.5
2026-09-25,turin,santa-rita,1,35,0,0.0,0,0,0.0
2026-09-25,turin,stazione-porta-nuova,11,460,40,8.7,28,12,20.0
2026-09-25,turin,torino-dora,1,50,0,0.0,0,0,0.0
2026-09-25,turin,torino-porta-susa,3,65,3,4.6,3,0,1.5
2026-09-25,turin,torino-via-roma,1,10,0,0.0,0,0,0.0
2026-09-25,udine,udine-train-station,2,40,3,7.5,3,0,1.5
2026-09-25,varese,varese-train-station,1,20,0,0.0,0,0,0.0
2026-09-25,venice,accademia-gallery,1,65,3,4.6,3,0,1.5
2026-09-25,venice,brondolo,1,200,0,0.0,0,0,0.0
2026-09-25,venice,ca-d-oro-pier-station,1,40,0,0.0,0,0,0.0
2026-09-25,venice,campo-dei-frari,1,25,0,0.0,0,0,0.0
2026-09-25,venice,cannaregio,4,450,10,2.2,8,4,6.0
2026-09-25,venice,city-center,3,100,4,4.0,4,0,2.0
2026-09-25,venice,dorsoduro,1,60,7,11.7,3,4,3.5
2026-09-25,venice,giudecca,1,25,0,0.0,0,0,0.0
2026-09-25,venice,guglie-bridge,1,50,1,2.0,1,0,0.5
2026-09-25,venice,murano,1,30,0,0.0,0,0,0.0
2026-09-25,venice,murano-da-mula,1,200,5,2.5,0,5,2.5
2026-09-25,venice,peggy-guggenheim-collection,1,40,9,22.5,6,3,4.5
2026-09-25,venice,piazzale-roma,2,155,33,21.3,10,23,16.5
2026-09-25,venice,rialto,2,330,0,0.0,0,0,0.0
2026-09-25,venice,san-marco,2,80,4,5.0,4,0,2.0
2026-09-25,venice,san-polo,4,190,2,1.1,2,0,1.0
2026-09-25,venice,santa-croce,1,20,0,0.0,0,0,0.0
2026-09-25,venice,santa-lucia-station,2,240,67,27.9,67,0,33.5
2026-09-25,venice,santa-lucia-train-station,1,15,0,0.0,0,0,0.0
2026-09-25,venice,venice-castello,1,50,0,0.0,0,0,0.0
2026-09-25,venice,venice-lido,1,25,0,0.0,0,0,0.0
2026-09-25,venice,venice-marco-polo-airport,1,45,3,6.7,3,0,1.5
2026-09-25,vercelli,city-center,1,20,0,0.0,0,0,0.0
2026-09-25,verona,arena-di-verona,1,45,4,8.9,4,0,2.0
2026-09-25,verona,avesa,1,20,0,0.0,0,0,0.0
2026-09-25,verona,castelvecchio-museum,1,40,2,5.0,0,2,1.0
2026-09-25,verona,citta-antica,5,175,14,8.0,14,0,7.0
2026-09-25,verona,cittadella,2,90,0,0.0,0,0,0.0
2026-09-25,verona,juliet-s-house,2,130,6,4.6,6,0,3.0
2026-09-25,verona,porta-nuova,2,345,4,1.2,4,0,2.0
2026-09-25,vicenza,city-center,2,70,4,5.7,4,0,2.0
2026-09-25,vicenza,main-station,1,35,6,17.1,6,3,4.5
2026-09-26,agrigento,agrigento-train-staion,3,100,0,0.0,0,0,0.0
2026-09-26,agrigento,city-center,3,120,0,0.0,0,0,0.0
2026-09-26,alessandria,tortona,1,15,0,0.0,0,0,0.0
2026-09-26,ancona,ancona-train-station,5,280,4,1.4,0,5,2.5
2026-09-26,aosta,aosta-train-station,1,20,0,0.0,0,0,0.0
2026-09-26,aosta,city-center,2,120,0,0.0,0,0,0.0
2026-09-26,aosta,train-station,3,85,2,2.4,1,2,1.5
2026-09-26,arezzo,arezzo-train-station,1,25,0,0.0,0,0,0.0
2026-09-26,arezzo,city-center,4,145,38,26.2,1,39,20.0
2026-09-26,asti,city-center,2,30,15,50.0,0,15,7.5
2026-09-26,avellino,city-center,1,100,0,0.0,0,0,0.0
2026-09-26,bari,altamura,1,10,0,0.0,0,0,0.0
2026-09-26,bari,bari-centrale-train-station,20,1320,33,2.5,5,35,20.0
2026-09-26,bari,bari-vecchia,2,120,25,20.8,2,29,15.5
2026-09-26,bari,basilica-san-nicola,1,30,4,13.3,0,4,2.0
2026-09-26,bari,city-center,2,200,0,0.0,0,0,0.0
2026-09-26,bari,fiera-del-levante,1,30,1,3.3,0,1,0.5
2026-09-26,bari,madonnella,2,80,0,0.0,0,0,0.0
2026-09-26,bari,marconi,1,20,1,5.0,0,1,0.5
2026-09-26,bari,old-town,1,30,0,0.0,0,0,0.0
2026-09-26,bari,palazzo-fizzarotti,1,30,0,0.0,0,0,0.0
2026-09-26,bari,quartiere-umbertino,1,15,0,0.0,0,0,0.0
2026-09-26,bari,teatro-petruzzelli,2,95,35,36.8,0,35,17.5
2026-09-26,bergamo,bergamo-train-station,6,205,5,2.4,0,5,2.5
2026-09-26,bergamo,borgo-palazzo,1,20,0,0.0,0,0,0.0
2026-09-26,bergamo,borgo-santa-caterina,1,20,2,10.0,0,2,1.0
2026-09-26,bergamo,citta-alta,2,75,6,8.0,2,4,3.0
2026-09-26,bologna,belvedere-mercato-delle-erbe,1,30,0,0.0,0,0,0.0
2026-09-26,bologna,bologna-centrale-railway-station,13,625,73,11.7,21,58,39.5
2026-09-26,bologna,bologna-city-center,2,65,2,3.1,0,2,1.0
2026-09-26,bologna,bologna-university,2,40,8,20.0,1,7,4.0
2026-09-26,bologna,costa-saragozza,1,20,0,0.0,0,0,0.0
2026-09-26,bologna,la-piccola-venezia,1,30,2,6.7,0,2,1.0
2026-09-26,bologna,piazza-maggiore,5,530,10,1.9,0,12,6.0
2026-09-26,bologna,porta-castiglione,1,25,0,0.0,0,0,0.0
2026-09-26,bologna,rimesse,1,50,0,0.0,0,0,0.0
2026-09-26,bologna,san-donato,1,20,0,0.0,0,0,0.0
2026-09-26,bologna,stadio-senato-dall-aria,1,50,0,0.0,0,0,0.0
2026-09-26,bologna,two-towers,2,60,5,8.3,0,5,2.5
2026-09-26,bolzano,bolzano-train-station,6,190,29,15.3,19,13,16.0
2026-09-26,bolzano,city-center,1,30,0,0.0,0,0,0.0
2026-09-26,bolzano,palazzo-mercantile,1,20,0,0.0,0,0,0.0
2026-09-26,bolzano,waltherplatz,1,30,2,6.7,2,0,1.0
2026-09-26,brescia,old-town,1,15,0,0.0,0,0,0.0
2026-09-26,brescia,train-station,5,80,2,2.5,2,0,1.0
2026-09-26,brindisi,central-station,4,405,14,3.5,2,14,8.0
2026-09-26,brindisi,city-centre,2,65,0,0.0,0,0,0.0
2026-09-26,brindisi,corso-garibaldi,1,45,45,100.0,0,45,22.5
2026-09-26,cagliari,bonaria,1,10,0,0.0,0,0,0.0
2026-09-26,cagliari,city-center,4,70,0,0.0,0,0,0.0
2026-09-26,cagliari,lazzaretto,1,20,0,0.0,0,0,0.0
2026-09-26,cagliari,marina,7,155,21,13.5,5,16,10.5
2026-09-26,cagliari,selargius,1,25,0,0.0,0,0,0.0
2026-09-26,cagliari,stazione,3,70,4,5.7,2,4,3.0
2026-09-26,cagliari,villanova,1,20,0,0.0,0,0,0.0
2026-09-26,caltanissetta,caltanissetta-centrale,2,40,0,0.0,0,0,0.0
2026-09-26,caltanissetta,caltanissetta-old-town,1,10,0,0.0,0,0,0.0
2026-09-26,carrara,marina-di-carrara,1,20,0,0.0,0,0,0.0
2026-09-26,caserta,city-center,5,180,0,0.0,0,0,0.0
2026-09-26,caserta,royal-palace,1,50,0,0.0,0,0,0.0
2026-09-26,catania,borgo-sanzio,4,220,1,0.5,0,1,0.5
2026-09-26,catania,catania-airport,2,150,15,10.0,5,11,8.0
2026-09-26,catania,catania-centrale,10,515,18,3.5,0,21,10.5
2026-09-26,catania,city-center,16,470,20,4.3,0,22,11.0
2026-09-26,catania,piazza-stesicoro,2,40,3,7.5,0,3,1.5
2026-09-26,catania,porta-garibaldi,2,90,0,0.0,0,0,0.0
2026-09-26,catania,university-of-catania,2,75,0,0.0,0,0,0.0
2026-09-26,catanzaro,fortuna,1,10,0,0.0,0,0,0.0
2026-09-26,chieti,chieti-train-station,1,20,0,0.0,0,0,0.0
2026-09-26,como,city-center,6,200,28,14.0,1,27,14.0
2026-09-26,como,como-lago-train-station,1,30,0,0.0,0,0,0.0
2026-09-26,cosenza,casa-di-galeazzo-di-tarsia,1,40,0,0.0,0,0,0.0
2026-09-26,cosenza,city-centre,1,40,0,0.0,0,0,0.0
2026-09-26,cosenza,roges,1,10,0,0.0,0,0,0.0
2026-09-26,cremona,city-center,1,15,0,0.0,0,0,0.0
2026-09-26,cremona,cremona-train-station,2,60,0,0.0,0,0,0.0
2026-09-26,fermo,city-center,1,10,10,100.0,0,10,5.0
2026-09-26,ferrara,city-center,3,90,2,2.2,0,2,1.0
2026-09-26,ferrara,railway-station,6,320,8,2.5,2,6,4.0
2026-09-26,florence,basilica-di-santo-spirito,1,35,0,0.0,0,0,0.0
2026-09-26,florence,basilica-of-santa-maria-novella,7,185,26,14.1,3,28,15.5
2026-09-26,florence,battistero-di-san-giovanni,1,30,2,6.7,0,2,1.0
2026-09-26,florence,campo-di-marte,3,120,5,4.2,3,5,4.0
2026-09-26,florence,district-1,1,20,0,0.0,0,0,0.0
2026-09-26,florence,duomo,1,50,0,0.0,0,0,0.0
2026-09-26,florence,florence-airport,1,30,0,0.0,0,0,0.0
2026-09-26,florence,florence-city-center,1,20,0,0.0,0,0,0.0
2026-09-26,florence,florence-mercato-centrale,1,15,0,0.0,0,0,0.0
2026-09-26,florence,fortezza-dal-basso,1,30,4,13.3,0,4,2.0
2026-09-26,florence,piazza-torquato-tasso,1,35,0,0.0,0,0,0.0
2026-09-26,florence,pitti,1,50,0,0.0,0,0,0.0
2026-09-26,florence,porta-al-prato,5,195,0,0.0,0,0,0.0
2026-09-26,florence,rifredi,2,35,0,0.0,0,0,0.0
2026-09-26,florence,san-lorenzo,4,180,12,6.7,2,10,6.0
2026-09-26,florence,san-marco-florence,3,65,0,0.0,0,0,0.0
2026-09-26,florence,santa-croce,9,295,11,3.7,0,11,5.5
2026-09-26,florence,santa-maria-novella,14,1070,86,8.0,8,87,47.5
2026-09-26,florence,santo-spirito,2,80,5,6.2,4,1,2.5
2026-09-26,florence,scandicci,1,300,0,0.0,0,0,0.0
2026-09-26,florence,stazione-via-panzani,1,30,2,6.7,0,2,1.0
2026-09-26,florence,via-de-boni,1,30,0,0.0,0,0,0.0
2026-09-26,florence,via-dell-albero,1,70,11,15.7,1,10,5.5
2026-09-26,genoa,aquarium-genoa,1,100,1,1.0,0,1,0.5
2026-09-26,genoa,brignole,6,115,0,0.0,0,0,0.0
2026-09-26,genoa,genoa-port,2,50,6,12.0,1,6,3.5
2026-09-26,genoa,maddalena,2,50,4,8.0,0,4,2.0
2026-09-26,genoa,nervi,1,10,0,0.0,0,0,0.0
2026-09-26,genoa,orefici,1,15,0,0.0,0,0,0.0
2026-09-26,genoa,pegli,1,15,0,0.0,0,0,0.0
2026-09-26,genoa,piazza-corvetto-piazza-de-ferrari,1,100,0,0.0,0,0,0.0
2026-09-26,genoa,piazza-de-ferrari,1,20,0,0.0,0,0,0.0
2026-09-26,genoa,piazza-principe,1,300,0,0.0,0,0,0.0
2026-09-26,genoa,sampierdarena,1,100,0,0.0,0,0,0.0
2026-09-26,grosseto,city-centre,2,50,0,0.0,0,0,0.0
2026-09-26,la-spezia,la-spezia-centrale,10,440,15,3.4,2,14,8.0
2026-09-26,la-spezia,migliarina,1,50,0,0.0,0,0,0.0
2026-09-26,la-spezia,parco-dei-pesci,1,50,0,0.0,0,0,0.0
2026-09-26,lecce,lecce-city-center,7,255,1,0.4,1,1,1.0
2026-09-26,lecce,railway-station,6,170,8,4.7,0,10,5.0
2026-09-26,lecco,lecco-train-station,2,30,2,6.7,0,4,2.0
2026-09-26,lecco,train-station,1,30,0,0.0,0,0,0.0
2026-09-26,livorno,city-center,3,100,0,0.0,0,0,0.0
2026-09-26,livorno,livorno-train-station,3,95,3,3.2,0,3,1.5
2026-09-26,lucca,city-center,5,250,8,3.2,0,8,4.0
2026-09-26,lucca,lucca-train-station,8,690,11,1.6,1,10,5.5
2026-09-26,macerata,macerata-train-station,1,10,0,0.0,0,0,0.0
2026-09-26,mantua,city-center,1,25,0,0.0,0,0,0.0
2026-09-26,massa,city-center,1,20,2,10.0,0,2,1.0
2026-09-26,matera,city-center,6,120,1,0.8,0,2,1.0
2026-09-26,matera,via-dei-messapi,1,60,0,0.0,0,0,0.0
2026-09-26,messina,borgo-del-ringo,1,30,0,0.0,0,0,0.0
2026-09-26,messina,messina-centrale,6,110,4,3.6,0,5,2.5
2026-09-26,milan,assago,1,20,3,15.0,0,3,1.5
2026-09-26,milan,bicocca,1,20,0,0.0,0,0,0.0
2026-09-26,milan,bueno-aires,1,30,0,0.0,0,0,0.0
2026-09-26,milan,bullona,7,310,7,2.3,2,5,3.5
2026-09-26,milan,cadorna,1,200,14,7.0,1,13,7.0
2026-09-26,milan,cairoli-subway-station,1,45,4,8.9,0,4,2.0
2026-09-26,milan,carrobbio,1,30,0,0.0,0,0,0.0
2026-09-26,milan,casoretto,2,40,4,10.0,1,4,2.5
2026-09-26,milan,castello-sforzesco,2,70,3,4.3,0,3,1.5
2026-09-26,milan,cerchiate,2,35,20,57.1,2,18,10.0
2026-09-26,milan,china-town,2,55,2,3.6,1,2,1.5
2026-09-26,milan,china-town-milan,1,35,0,0.0,0,0,0.0
2026-09-26,milan,citylife,1,25,0,0.0,0,0,0.0
2026-09-26,milan,cologno-monzese,1,100,0,0.0,0,0,0.0
2026-09-26,milan,conchetta,2,45,6,13.3,0,10,5.0
2026-09-26,milan,corso-buenos-aires,1,20,5,25.0,2,5,3.5
2026-09-26,milan,crescenzago,4,60,1,1.7,1,1,1.0
2026-09-26,milan,duomo,3,475,52,10.9,11,42,26.5
2026-09-26,milan,fiera,1,200,0,0.0,0,0,0.0
2026-09-26,milan,forlanini,1,20,0,0.0,0,0,0.0
2026-09-26,milan,guastalla,2,45,3,6.7,0,3,1.5
2026-09-26,milan,lambrate,4,85,1,1.2,0,1,0.5
2026-09-26,milan,lanza,1,45,6,13.3,3,3,3.0
2026-09-26,milan,loreto,5,110,0,0.0,0,0,0.0
2026-09-26,milan,malpensa-airport,1,100,0,0.0,0,0,0.0
2026-09-26,milan,milan-centrale-railway-station,27,1590,139,8.7,38,135,86.5
2026-09-26,milan,milano-repubblica-station,2,120,2,1.7,0,2,1.0
2026-09-26,milan,missori,6,165,27,16.4,4,34,19.0
2026-09-26,milan,navigli,3,75,11,14.7,0,13,6.5
2026-09-26,milan,niguarda,2,40,0,0.0,0,0,0.0
2026-09-26,milan,palazzo-di-giustizia,1,30,3,10.0,0,3,1.5
2026-09-26,milan,piazza-gae-aulenti,1,40,0,0.0,0,0,0.0
2026-09-26,milan,politecnico-di-milano-campus-bovisa-la-masa,1,20,0,0.0,0,0,0.0
2026-09-26,milan,porta-garibaldi,1,300,0,0.0,0,0,0.0
2026-09-26,milan,porta-garibaldi-train-station,4,100,3,3.0,0,4,2.0
2026-09-26,milan,porta-genova,6,255,3,1.2,0,4,2.0
2026-09-26,milan,porta-romana,6,170,4,2.4,0,6,3.0
2026-09-26,milan,porta-ticinese,4,120,8,6.7,1,8,4.5
2026-09-26,milan,porta-venezia,6,210,9,4.3,0,9,4.5
2026-09-26,milan,porta-vittoria,2,40,0,0.0,0,0,0.0
2026-09-26,milan,rho,1,20,0,0.0,0,0,0.0
2026-09-26,milan,rogoredo-train-station,1,50,0,0.0,0,0,0.0
2026-09-26,milan,san-babila,2,60,18,30.0,11,12,11.5
2026-09-26,milan,san-siro-stadium,4,400,1,0.2,0,1,0.5
2026-09-26,milan,santa-giulia,1,10,0,0.0,0,0,0.0
2026-09-26,milan,santa-maria-delle-grazie,7,210,16,7.6,1,15,8.0
2026-09-26,milan,via-torino-via-palla,2,126,0,0.0,0,0,0.0
2026-09-26,milan,via-visconti-di-modrone,1,25,3,12.0,0,3,1.5
2026-09-26,milan,villapizzone-railway-station,1,25,2,8.0,2,2,2.0
2026-09-26,milan,washington,1,35,3,8.6,0,4,2.0
2026-09-26,milan,zone-1-of-milan,1,40,11,27.5,0,11,5.5
2026-09-26,milan,zone-7-of-milan,3,60,0,0.0,0,0,0.0
2026-09-26,modena,central-station,6,165,9,5.5,0,15,7.5
2026-09-26,modena,city-centre,2,45,0,0.0,0,0,0.0
2026-09-26,monza,downtown,1,230,1,0.4,1,0,0.5
2026-09-26,monza,monza-train-station,4,175,0,0.0,0,0,0.0
2026-09-26,naples,centro-storico,4,115,5,4.3,0,5,2.5
2026-09-26,naples,dante,7,295,0,0.0,0,0,0.0
2026-09-26,naples,fuorigrotta,1,20,0,0.0,0,0,0.0
2026-09-26,naples,mergellina-port,3,190,0,0.0,0,0,0.0
2026-09-26,naples,miano,1,100,0,0.0,0,0,0.0
2026-09-26,naples,monument-of-giuseppe-garibaldi,1,30,1,3.3,1,1,1.0
2026-09-26,naples,municipio,7,290,21,7.2,8,13,10.5
2026-09-26,naples,naples-airport,2,230,4,1.7,4,4,4.0
2026-09-26,naples,naples-cathedral,3,165,3,1.8,0,3,1.5
2026-09-26,naples,naples-centrale-train-station,20,1420,63,4.4,7,77,42.0
2026-09-26,naples,naples-city-center,7,355,22,6.2,4,19,11.5
2026-09-26,naples,napoli-port,1,10,2,20.0,0,2,1.0
2026-09-26,naples,napoli-porta-nolana,10,408,2,0.5,0,2,1.0
2026-09-26,naples,piazza-cavour,1,50,0,0.0,0,0,0.0
2026-09-26,naples,piazza-del-gesu,1,30,0,0.0,0,0,0.0
2026-09-26,naples,porta-capuana,4,220,0,0.0,0,0,0.0
2026-09-26,naples,posillipo,1,50,0,0.0,0,0,0.0
2026-09-26,naples,quartieri-spagnoli,2,95,2,2.1,0,4,2.0
2026-09-26,naples,quattro-giornate-station,1,50,0,0.0,0,0,0.0
2026-09-26,naples,rione-sanita,3,80,0,0.0,0,0,0.0
2026-09-26,naples,san-lorenzo,1,20,0,0.0,0,0,0.0
2026-09-26,naples,santa-lucia,2,120,3,2.5,3,0,1.5
2026-09-26,naples,universita,6,185,4,2.2,2,2,2.0
2026-09-26,naples,via-chiaia,3,130,5,3.8,0,6,3.0
2026-09-26,naples,via-toledo,3,135,10,7.4,0,13,6.5
2026-09-26,naples,vicaria,2,55,6,10.9,0,6,3.0
2026-09-26,naples,vomero,5,160,2,1.2,0,2,1.0
2026-09-26,novara,city-center,1,200,0,0.0,0,0,0.0
2026-09-26,novara,novara-train-station,1,25,0,0.0,0,0,0.0
2026-09-26,olbia,train-station,2,155,22,14.2,8,19,13.5
2026-09-26,padua,city-center,3,125,1,0.8,0,2,1.0
2026-09-26,padua,main-station,3,160,2,1.2,2,0,1.0
2026-09-26,palermo,albergheria,2,65,12,18.5,4,9,6.5
2026-09-26,palermo,fiera,1,50,0,0.0,0,0,0.0
2026-09-26,palermo,historical-centre-of-palermo,3,90,10,11.1,2,10,6.0
2026-09-26,palermo,mondello,2,40,5,12.5,0,5,2.5
2026-09-26,palermo,mont-di-pieta,2,45,20,44.4,2,18,10.0
2026-09-26,palermo,palazzo-comitini,1,50,0,0.0,0,0,0.0
2026-09-26,palermo,palermo-centrale,5,210,100,47.6,2,124,63.0
2026-09-26,palermo,palermo-city-center,7,360,17,4.7,3,14,8.5
2026-09-26,palermo,piazza-verdi,1,40,7,17.5,3,4,3.5
2026-09-26,palermo,port-palermo,3,150,6,4.0,0,6,3.0
2026-09-26,palermo,settecannoli,1,50,0,0.0,0,0,0.0
2026-09-26,parma,city-center,3,45,0,0.0,0,0,0.0
2026-09-26,parma,station,4,75,0,0.0,0,0,0.0
2026-09-26,pavia,downtown,1,30,0,0.0,0,0,0.0
2026-09-26,pavia,pavia-train-station,2,30,0,0.0,0,0,0.0
2026-09-26,perugia,bus-station,1,25,1,4.0,0,1,0.5
2026-09-26,perugia,central-station,3,75,4,5.3,4,1,2.5
2026-09-26,perugia,elce,2,30,0,0.0,0,0,0.0
2026-09-26,perugia,piazza-della-repubblica,1,20,4,20.0,4,0,2.0
2026-09-26,perugia,piazza-iv-novembre,1,30,0,0.0,0,0,0.0
2026-09-26,pesaro,city-center,3,210,0,0.0,0,0,0.0
2026-09-26,pescara,pescara-centrale-train-station,9,195,4,2.1,1,3,2.0
2026-09-26,piacenza,piacenza-train-station,1,25,0,0.0,0,0,0.0
2026-09-26,pisa,national-museum-of-san-matteo,1,50,2,4.0,0,2,1.0
2026-09-26,pisa,piazza-dei-cavalieri,2,50,0,0.0,0,0,0.0
2026-09-26,pisa,pisa-centrale-train-station,15,1005,38,3.8,8,36,22.0
2026-09-26,pisa,pisa-piazza-del-duomo,2,35,8,22.9,0,8,4.0
2026-09-26,pisa,santa-maria,4,115,7,6.1,0,7,3.5
2026-09-26,pisa,tower-of-pisa,3,100,0,0.0,0,0,0.0
2026-09-26,pistoia,pistoia-train-station,1,25,0,0.0,0,0,0.0
2026-09-26,potenza,city-center,1,100,0,0.0,0,0,0.0
2026-09-26,potenza,potenza-city-center,1,20,0,0.0,0,0,0.0
2026-09-26,prato,prato-centrale,3,70,0,0.0,0,0,0.0
2026-09-26,ragusa,city-center,3,60,0,0.0,0,0,0.0
2026-09-26,ragusa,duomo-di-san-giorgio,1,10,0,0.0,0,0,0.0
2026-09-26,ragusa,ragusa-train-station,1,25,0,0.0,0,0,0.0
2026-09-26,ravenna,dante-tomb,1,20,7,35.0,0,7,3.5
2026-09-26,ravenna,main-station,5,130,6,4.6,0,6,3.0
2026-09-26,reggio-calabria,catona,1,100,0,0.0,0,0,0.0
2026-09-26,reggio-calabria,center,3,350,50,14.3,0,50,25.0
2026-09-26,reggio-calabria,central-station,2,80,0,0.0,0,0,0.0
2026-09-26,reggio-calabria,villa-san-giovanni,2,110,2,1.8,0,2,1.0
2026-09-26,reggio-emilia,railway-station,1,65,0,0.0,0,0,0.0
2026-09-26,reggio-emilia,reggio-emilia-old-town,1,10,0,0.0,0,0,0.0
2026-09-26,rimini,bellariva,1,50,0,0.0,0,0,0.0
2026-09-26,rimini,city-center,5,92,0,0.0,0,0,0.0
2026-09-26,rimini,federico-fellini-international-airport,1,20,3,15.0,0,3,1.5
2026-09-26,rimini,federico-fellini-park,1,25,0,0.0,0,0,0.0
2026-09-26,rimini,lungomare-augusto-murri,2,40,0,0.0,0,0,0.0
2026-09-26,rimini,rimini-train-station,4,375,0,0.0,0,0,0.0
2026-09-26,rome,Municipio-Roma-X,1,30,0,0.0,0,0,0.0
2026-09-26,rome,Quartiere-IX-appio-latino,1,35,13,37.1,0,16,8.0
2026-09-26,rome,aventino,1,100,3,3.0,0,3,1.5
2026-09-26,rome,baldo-degli-ubaldi-station,2,55,12,21.8,8,4,6.0
2026-09-26,rome,bocca-della-verita,1,40,12,30.0,12,2,7.0
2026-09-26,rome,brancaccio,1,20,0,0.0,0,0,0.0
2026-09-26,rome,casal-monastero,1,100,0,0.0,0,0,0.0
2026-09-26,rome,castel-sant-angelo,3,180,27,15.0,0,29,14.5
2026-09-26,rome,cavour,1,50,0,0.0,0,0,0.0
2026-09-26,rome,ciampino,2,80,0,0.0,0,0,0.0
2026-09-26,rome,collatino,1,100,0,0.0,0,0,0.0
2026-09-26,rome,colosseum,4,145,63,43.4,10,53,31.5
2026-09-26,rome,esquilino,8,420,27,6.4,7,26,16.5
2026-09-26,rome,fiera-di-roma,1,30,0,0.0,0,0,0.0
2026-09-26,rome,flaminio,4,130,0,0.0,0,0,0.0
2026-09-26,rome,furio-camillo,4,120,8,6.7,0,8,4.0
2026-09-26,rome,garbatella,2,70,0,0.0,0,0,0.0
2026-09-26,rome,la-rustica,1,30,0,0.0,0,0,0.0
2026-09-26,rome,labicana,1,35,0,0.0,0,0,0.0
2026-09-26,rome,largo-di-torre-argentina,1,35,0,0.0,0,0,0.0
2026-09-26,rome,laurentina,1,30,0,0.0,0,0,0.0
2026-09-26,rome,lepanto,2,60,2,3.3,0,2,1.0
2026-09-26,rome,manzoni,3,70,0,0.0,0,0,0.0
2026-09-26,rome,monti,10,445,10,2.2,2,8,5.0
2026-09-26,rome,navona,7,355,18,5.1,4,15,9.5
2026-09-26,rome,nomentana,1,50,0,0.0,0,0,0.0
2026-09-26,rome,ostia-1,1,40,0,0.0,0,0,0.0
2026-09-26,rome,ostiense,6,470,9,1.9,0,9,4.5
2026-09-26,rome,ottaviano,4,100,0,0.0,0,0,0.0
2026-09-26,rome,pantheon,17,1332,34,2.6,19,26,22.5
2026-09-26,rome,parco-regionale-appia-antica,1,15,0,0.0,0,0,0.0
2026-09-26,rome,parioli,2,65,0,0.0,0,0,0.0
2026-09-26,rome,piazza-campo-de-fiori,4,205,6,2.9,3,3,3.0
2026-09-26,rome,piazza-del-popolo,3,215,8,3.7,3,5,4.0
2026-09-26,rome,piazza-di-san-pietro-in-vincoli,2,70,4,5.7,1,3,2.0
2026-09-26,rome,piazza-venezia,1,25,0,0.0,0,0,0.0
2026-09-26,rome,pigneto,2,70,0,0.0,0,0,0.0
2026-09-26,rome,porta-pinciana,1,5,0,0.0,0,0,0.0
2026-09-26,rome,porta-s-paolo,1,60,10,16.7,0,10,5.0
2026-09-26,rome,portuense,3,140,0,0.0,0,0,0.0
2026-09-26,rome,prati,4,145,5,3.4,0,5,2.5
2026-09-26,rome,primavalle,2,80,2,2.5,0,2,1.0
2026-09-26,rome,quartiere-xii-gianicolense,3,90,0,0.0,0,0,0.0
2026-09-26,rome,quartiere-xv-della-vittoria,1,20,0,0.0,0,0,0.0
2026-09-26,rome,repubblica,6,260,9,3.5,6,7,6.5
2026-09-26,rome,rione-ix-pigna,2,80,4,5.0,0,4,2.0
2026-09-26,rome,roma-stadio-olimpico,1,30,0,0.0,0,0,0.0
2026-09-26,rome,roma-vatican-museums,2,62,15,24.2,0,27,13.5
2026-09-26,rome,roman-forum,2,380,0,0.0,0,0,0.0
2026-09-26,rome,s-pietro,4,135,14,10.4,3,11,7.0
2026-09-26,rome,san-giovanni,7,700,19,2.7,6,13,9.5
2026-09-26,rome,san-lorenzo,2,30,0,0.0,0,0,0.0
2026-09-26,rome,santa-maria-maggiore,2,200,2,1.0,0,2,1.0
2026-09-26,rome,st-peter-basilica,1,35,0,0.0,0,0,0.0
2026-09-26,rome,termini,33,2818,198,7.0,52,170,111.0
2026-09-26,rome,tiburtina,6,240,10,4.2,0,10,5.0
2026-09-26,rome,torre-maura,1,100,0,0.0,0,0,0.0
2026-09-26,rome,trastevere,14,560,8,1.4,1,7,4.0
2026-09-26,rome,trevi,4,235,13,5.5,2,11,6.5
2026-09-26,rome,vatican,17,747,46,6.2,7,52,29.5
2026-09-26,rome,via-del-corso,1,25,0,0.0,0,0,0.0
2026-09-26,rome,villa-borghese,1,35,0,0.0,0,0,0.0
2026-09-26,rome,vittorio-emanuele,2,70,1,1.4,1,2,1.5
2026-09-26,rovigo,rovigo-train-station,1,20,0,0.0,0,0,0.0
2026-09-26,salerno,city-centre,4,85,3,3.5,1,3,2.0
2026-09-26,salerno,rione-porto,1,20,0,0.0,0,0,0.0
2026-09-26,salerno,salerno-train-station,7,350,19,5.4,8,14,11.0
2026-09-26,sassari,city-center,1,20,1,5.0,1,0,0.5
2026-09-26,sassari,sassari-train-station,2,40,0,0.0,0,0,0.0
2026-09-26,savona,priamar-fortress,1,50,0,0.0,0,0,0.0
2026-09-26,savona,public-beach-lo-scaletto-dei-pescatori,1,20,0,0.0,0,0,0.0
2026-09-26,savona,savona-city-center,2,30,7,23.3,0,11,5.5
2026-09-26,savona,savona-port,1,20,2,10.0,0,2,1.0
2026-09-26,savona,train-station,1,20,0,0.0,0,0,0.0
2026-09-26,siena,city-center,8,292,15,5.1,12,8,10.0
2026-09-26,siena,istrice,2,70,4,5.7,1,3,2.0
2026-09-26,siena,lupa,2,55,0,0.0,0,0,0.0
2026-09-26,siena,siena-train-station,1,35,7,20.0,4,4,4.0
2026-09-26,syracuse,apollo-temple,5,100,9,9.0,0,10,5.0
2026-09-26,syracuse,arenella,1,50,0,0.0,0,0,0.0
2026-09-26,syracuse,augusta,1,20,0,0.0,0,0,0.0
2026-09-26,syracuse,station,5,240,5,2.1,1,4,2.5
2026-09-26,syracuse,syracuse-roman-amphitheater,1,25,0,0.0,0,0,0.0
2026-09-26,syracuse,yacht-lub-lakkios-marina-porto-piccolo-ortigia,1,25,4,16.0,0,7,3.5
2026-09-26,taranto,castello-aragonese,2,60,0,0.0,0,0,0.0
2026-09-26,taranto,sacello-romano,2,50,0,0.0,0,0,0.0
2026-09-26,terni,railway-station,1,300,0,0.0,0,0,0.0
2026-09-26,trani,trani-transit-station,1,50,0,0.0,0,0,0.0
2026-09-26,trapani,city-center,3,225,0,0.0,0,0,0.0
2026-09-26,trapani,train-station,2,30,0,0.0,0,0,0.0
2026-09-26,trapani,trapani-port,5,530,4,0.8,0,8,4.0
2026-09-26,trapani,trapani-train-station,1,30,0,0.0,0,0,0.0
2026-09-26,trento,city-center,1,40,0,0.0,0,0,0.0
2026-09-26,trento,main-station,8,255,42,16.5,0,43,21.5
2026-09-26,treviso,city-center,3,145,5,3.4,0,6,3.0
2026-09-26,treviso,treviso-train-station,2,95,7,7.4,3,4,3.5
2026-09-26,trieste,trieste-train-station,6,210,4,1.9,0,4,2.0
2026-09-26,turin,allianz-stadium,1,100,0,0.0,0,0,0.0
2026-09-26,turin,aurora,1,20,0,0.0,0,0,0.0
2026-09-26,turin,barriera-di-milano,4,70,0,0.0,0,0,0.0
2026-09-26,turin,cenisia,1,10,3,30.0,3,1,2.0
2026-09-26,turin,cit-turin,1,300,0,0.0,0,0,0.0
2026-09-26,turin,city-center,3,90,4,4.4,0,4,2.0
2026-09-26,turin,crocetta,1,25,0,0.0,0,0,0.0
2026-09-26,turin,egyptian-museum,1,75,4,5.3,0,4,2.0
2026-09-26,turin,galleria-sabauda,1,20,20,100.0,0,20,10.0
2026-09-26,turin,lingotto,5,125,20,16.0,0,20,10.0
2026-09-26,turin,museo-pietro-micca,1,95,18,18.9,2,23,12.5
2026-09-26,turin,national-cinema-museum,1,30,0,0.0,0,0,0.0
2026-09-26,turin,palazzo-madama,1,20,0,0.0,0,0,0.0
2026-09-26,turin,palazzo-reale,1,30,6,20.0,4,3,3.5
2026-09-26,turin,parco-del-valentino,1,10,0,0.0,0,0,0.0
2026-09-26,turin,piazza-san-carlo,1,25,0,0.0,0,0,0.0
2026-09-26,turin,piazza-vittorio-veneto,1,20,3,15.0,0,3,1.5
2026-09-26,turin,porta-palazzo-market,1,100,0,0.0,0,0,0.0
2026-09-26,turin,quadrilatero,1,25,0,0.0,0,0,0.0
2026-09-26,turin,quadrilatero-romano,1,50,0,0.0,0,0,0.0
2026-09-26,turin,santa-rita,1,35,1,2.9,1,0,0.5
2026-09-26,turin,stazione-porta-nuova,10,410,25,6.1,7,18,12.5
2026-09-26,turin,torino-dora,1,50,0,0.0,0,0,0.0
2026-09-26,turin,torino-porta-susa,3,65,6,9.2,6,2,4.0
2026-09-26,turin,torino-via-roma,1,10,1,10.0,0,1,0.5
2026-09-26,udine,udine-train-station,2,40,0,0.0,0,0,0.0
2026-09-26,venice,accademia-gallery,1,65,0,0.0,0,0,0.0
2026-09-26,venice,biennale,1,50,4,8.0,4,0,2.0
2026-09-26,venice,brondolo,1,200,0,0.0,0,0,0.0
2026-09-26,venice,campo-dei-frari,1,25,0,0.0,0,0,0.0
2026-09-26,venice,cannaregio,4,450,15,3.3,2,21,11.5
2026-09-26,venice,city-center,2,50,6,12.0,0,6,3.0
2026-09-26,venice,dorsoduro,1,60,12,20.0,0,17,8.5
2026-09-26,venice,giudecca,1,25,0,0.0,0,0,0.0
2026-09-26,venice,guglie-bridge,1,50,0,0.0,0,0,0.0
2026-09-26,venice,murano,1,30,0,0.0,0,0,0.0
2026-09-26,venice,murano-da-mula,1,200,0,0.0,0,0,0.0
2026-09-26,venice,peggy-guggenheim-collection,1,40,0,0.0,0,0,0.0
2026-09-26,venice,piazzale-roma,2,155,38,24.5,2,42,22.0
2026-09-26,venice,rialto,2,330,0,0.0,0,0,0.0
2026-09-26,venice,san-marco,3,125,24,19.2,12,12,12.0
2026-09-26,venice,san-polo,4,190,6,3.2,0,6,3.0
2026-09-26,venice,santa-croce,1,20,5,25.0,0,7,3.5
2026-09-26,venice,santa-lucia-station,2,240,112,46.7,9,103,56.0
2026-09-26,venice,venice-castello,1,50,0,0.0,0,0,0.0
2026-09-26,venice,venice-lido,1,25,0,0.0,0,0,0.0
2026-09-26,venice,venice-marco-polo-airport,1,45,4,8.9,3,1,2.0
2026-09-26,vercelli,city-center,1,20,0,0.0,0,0,0.0
2026-09-26,verona,arena-di-verona,1,45,10,22.2,1,9,5.0
2026-09-26,verona,avesa,1,20,0,0.0,0,0,0.0
2026-09-26,verona,castelvecchio-museum,1,40,20,50.0,2,18,10.0
2026-09-26,verona,citta-antica,3,115,17,14.8,5,12,8.5
2026-09-26,verona,cittadella,2,90,0,0.0,0,0,0.0
2026-09-26,verona,juliet-s-house,2,130,0,0.0,0,0,0.0
2026-09-26,verona,porta-nuova,1,45,12,26.7,6,6,6.0
2026-09-26,vicenza,city-center,2,70,0,0.0,0,0,0.0
2026-09-26,vicenza,main-station,1,35,7,20.0,0,7,3.5
2026-09-27,agrigento,city-center,1,50,0,0.0,0,0,0.0
2026-09-27,alessandria,tortona,1,15,0,0.0,0,0,0.0
2026-09-27,alghero,alghero-airport,1,30,4,13.3,4,0,2.0
2026-09-27,alghero,city-center,1,40,0,0.0,0,0,0.0
2026-09-27,altamura,city-centre,1,20,0,0.0,0,0,0.0
2026-09-27,ancona,ancona-train-station,1,100,4,4.0,0,4,2.0
2026-09-27,aosta,city-center,2,120,0,0.0,0,0,0.0
2026-09-27,aosta,train-station,2,75,1,1.3,1,0,0.5
2026-09-27,arezzo,city-center,2,65,14,21.5,2,12,7.0
2026-09-27,assisi,city-center,2,50,0,0.0,0,0,0.0
2026-09-27,asti,city-center,1,15,0,0.0,0,0,0.0
2026-09-27,bari,altamura,1,10,0,0.0,0,0,0.0
2026-09-27,bari,bari-centrale-train-station,16,1210,22,1.8,11,11,11.0
2026-09-27,bari,bari-vecchia,1,100,18,18.0,0,18,9.0
2026-09-27,bari,basilica-san-nicola,1,30,5,16.7,2,3,2.5
2026-09-27,bari,city-center,1,100,0,0.0,0,0,0.0
2026-09-27,bari,fiera-del-levante,1,30,0,0.0,0,0,0.0
2026-09-27,bari,madonnella,2,80,0,0.0,0,0,0.0
2026-09-27,bari,old-town,1,30,0,0.0,0,0,0.0
2026-09-27,bari,palazzo-fizzarotti,1,30,0,0.0,0,0,0.0
2026-09-27,bergamo,bergamo-train-station,4,125,14,11.2,0,14,7.0
2026-09-27,bergamo,citta-alta,2,75,4,5.3,2,2,2.0
2026-09-27,bologna,belvedere-mercato-delle-erbe,1,30,3,10.0,3,0,1.5
2026-09-27,bologna,bologna-centrale-railway-station,6,205,50,24.4,4,49,26.5
2026-09-27,bologna,bologna-city-center,2,65,4,6.2,0,4,2.0
2026-09-27,bologna,bologna-university,2,40,0,0.0,0,0,0.0
2026-09-27,bologna,costa-saragozza,1,20,3,15.0,3,0,1.5
2026-09-27,bologna,piazza-maggiore,4,510,21,4.1,7,14,10.5
2026-09-27,bologna,rimesse,1,50,0,0.0,0,0,0.0
2026-09-27,bologna,san-donato,1,20,0,0.0,0,0,0.0
2026-09-27,bologna,stadio-senato-dall-aria,1,50,0,0.0,0,0,0.0
2026-09-27,bolzano,bolzano-train-station,5,170,31,18.2,30,1,15.5
2026-09-27,bolzano,palazzo-mercantile,1,20,0,0.0,0,0,0.0
2026-09-27,bolzano,waltherplatz,1,30,0,0.0,0,0,0.0
2026-09-27,brescia,brescia-old-town,1,10,0,0.0,0,0,0.0
2026-09-27,brescia,train-station,2,40,0,0.0,0,0,0.0
2026-09-27,brindisi,central-station,1,70,27,38.6,1,26,13.5
2026-09-27,cagliari,city-center,1,20,0,0.0,0,0,0.0
2026-09-27,cagliari,lazzaretto,1,20,0,0.0,0,0,0.0
2026-09-27,cagliari,marina,7,155,3,1.9,0,3,1.5
2026-09-27,cagliari,stazione,2,50,9,18.0,0,9,4.5
2026-09-27,cagliari,villanova,1,20,2,10.0,0,2,1.0
2026-09-27,caltanissetta,caltanissetta-centrale,2,40,10,25.0,0,10,5.0
2026-09-27,caltanissetta,caltanissetta-old-town,1,10,0,0.0,0,0,0.0
2026-09-27,caserta,city-center,3,150,6,4.0,4,2,3.0
2026-09-27,catania,borgo-sanzio,2,170,20,11.8,0,20,10.0
2026-09-27,catania,catania-airport,2,150,5,3.3,5,0,2.5
2026-09-27,catania,catania-centrale,8,385,3,0.8,2,1,1.5
2026-09-27,catania,city-center,10,295,63,21.4,1,62,31.5
2026-09-27,catania,piazza-stesicoro,1,20,0,0.0,0,0,0.0
2026-09-27,catania,porta-garibaldi,1,50,1,2.0,0,1,0.5
2026-09-27,catania,university-of-catania,1,50,4,8.0,0,4,2.0
2026-09-27,cefalu,cefalu-transit-station,1,35,3,8.6,3,0,1.5
2026-09-27,cervia,city-center,1,20,1,5.0,1,0,0.5
2026-09-27,cervia,milano-marittima,1,10,0,0.0,0,0,0.0
2026-09-27,chiavari,chiavari-train-station,1,20,0,0.0,0,0,0.0
2026-09-27,chieti,chieti-train-station,1,20,0,0.0,0,0,0.0
2026-09-27,civitavecchia,civitavecchia-1,1,40,0,0.0,0,0,0.0
2026-09-27,civitavecchia,railway-station,1,10,0,0.0,0,0,0.0
2026-09-27,como,city-center,5,165,15,9.1,12,3,7.5
2026-09-27,como,como-lago-train-station,1,30,4,13.3,0,4,2.0
2026-09-27,cosenza,casa-di-galeazzo-di-tarsia,1,40,0,0.0,0,0,0.0
2026-09-27,cosenza,roges,1,10,0,0.0,0,0,0.0
2026-09-27,cremona,city-center,1,100,0,0.0,0,0,0.0
2026-09-27,cremona,cremona-train-station,2,60,30,50.0,0,30,15.0
2026-09-27,donnalucata,city-centre,2,20,0,0.0,0,0,0.0
2026-09-27,elba,marina-di-campo,1,20,0,0.0,0,0,0.0
2026-09-27,elba,procchio,1,20,0,0.0,0,0,0.0
2026-09-27,fermo,city-center,1,10,0,0.0,0,0,0.0
2026-09-27,ferrara,city-center,2,65,3,4.6,0,3,1.5
2026-09-27,ferrara,railway-station,2,150,0,0.0,0,0,0.0
2026-09-27,florence,basilica-di-santo-spirito,1,35,0,0.0,0,0,0.0
2026-09-27,florence,basilica-of-santa-maria-novella,5,140,17,12.1,7,13,10.0
2026-09-27,florence,battistero-di-san-giovanni,1,30,9,30.0,0,9,4.5
2026-09-27,florence,campo-di-marte,2,70,12,17.1,0,12,6.0
2026-09-27,florence,district-1,1,20,3,15.0,0,3,1.5
2026-09-27,florence,duomo,1,50,1,2.0,0,1,0.5
2026-09-27,florence,florence-airport,1,30,0,0.0,0,0,0.0
2026-09-27,florence,fortezza-dal-basso,1,30,0,0.0,0,0,0.0
2026-09-27,florence,piazza-torquato-tasso,1,35,0,0.0,0,0,0.0
2026-09-27,florence,porta-al-prato,3,145,0,0.0,0,0,0.0
2026-09-27,florence,san-lorenzo,3,150,5,3.3,1,4,2.5
2026-09-27,florence,san-marco-florence,2,40,3,7.5,3,0,1.5
2026-09-27,florence,santa-croce,7,235,38,16.2,2,36,19.0
2026-09-27,florence,santa-maria-novella,12,720,99,13.8,21,82,51.5
2026-09-27,florence,santo-spirito,2,80,3,3.8,1,2,1.5
2026-09-27,florence,stazione-via-panzani,1,30,0,0.0,0,0,0.0
2026-09-27,florence,via-de-boni,1,30,0,0.0,0,0,0.0
2026-09-27,florence,via-dell-albero,1,70,8,11.4,0,8,4.0
2026-09-27,gaeta,city-center,1,20,0,0.0,0,0,0.0
2026-09-27,gallipoli,gallipoli-station,1,20,0,0.0,0,0,0.0
2026-09-27,genoa,aquarium-genoa,1,100,1,1.0,1,0,0.5
2026-09-27,genoa,brignole,2,40,2,5.0,0,2,1.0
2026-09-27,genoa,genoa-port,2,50,1,2.0,1,0,0.5
2026-09-27,genoa,maddalena,2,50,6,12.0,0,6,3.0
2026-09-27,genoa,pegli,1,15,0,0.0,0,0,0.0
2026-09-27,genoa,piazza-corvetto-piazza-de-ferrari,1,100,0,0.0,0,0,0.0
2026-09-27,genoa,piazza-principe,1,300,0,0.0,0,0,0.0
2026-09-27,imola,city-center,2,210,0,0.0,0,0,0.0
2026-09-27,jesolo,lido-jesolo,1,20,0,0.0,0,0,0.0
2026-09-27,la-spezia,la-spezia-centrale,8,310,27,8.7,9,19,14.0
2026-09-27,la-spezia,migliarina,1,50,0,0.0,0,0,0.0
2026-09-27,lamezia-terme,train-station,1,30,0,0.0,0,0,0.0
2026-09-27,lecce,lecce-city-center,2,65,1,1.5,0,1,0.5
2026-09-27,lecce,railway-station,6,170,13,7.6,0,16,8.0
2026-09-27,lecco,lecco-train-station,2,30,0,0.0,0,0,0.0
2026-09-27,lecco,train-station,1,30,0,0.0,0,0,0.0
2026-09-27,livorno,livorno-train-station,2,75,7,9.3,0,7,3.5
2026-09-27,lucca,city-center,3,195,4,2.1,0,4,2.0
2026-09-27,lucca,lucca-train-station,5,465,11,2.4,0,11,5.5
2026-09-27,massa,city-center,1,20,0,0.0,0,0,0.0
2026-09-27,matera,city-center,4,90,23,25.6,2,21,11.5
2026-09-27,matera,via-dei-messapi,1,60,0,0.0,0,0,0.0
2026-09-27,mazara-del-vallo,train-station,1,10,0,0.0,0,0,0.0
2026-09-27,messina,messina-centrale,3,35,0,0.0,0,0,0.0
2026-09-27,mestre,city-center,1,300,0,0.0,0,0,0.0
2026-09-27,mestre,mestre-train-station,1,100,8,8.0,8,0,4.0
2026-09-27,milan,assago,1,20,0,0.0,0,0,0.0
2026-09-27,milan,bicocca,1,20,0,0.0,0,0,0.0
2026-09-27,milan,bullona,4,170,5,2.9,0,5,2.5
2026-09-27,milan,cadorna,1,200,34,17.0,4,30,17.0
2026-09-27,milan,cairoli-subway-station,1,45,6,13.3,0,6,3.0
2026-09-27,milan,casoretto,1,10,1,10.0,1,0,0.5
2026-09-27,milan,castello-sforzesco,1,35,0,0.0,0,0,0.0
2026-09-27,milan,cerchiate,1,20,2,10.0,2,0,1.0
2026-09-27,milan,china-town,1,35,35,100.0,0,35,17.5
2026-09-27,milan,china-town-milan,1,35,8,22.9,0,8,4.0
2026-09-27,milan,cologno-monzese,1,100,0,0.0,0,0,0.0
2026-09-27,milan,conchetta,2,45,19,42.2,0,19,9.5
2026-09-27,milan,corso-buenos-aires,1,20,2,10.0,2,2,2.0
2026-09-27,milan,crescenzago,3,50,10,20.0,1,9,5.0
2026-09-27,milan,duomo,3,475,71,14.9,12,59,35.5
2026-09-27,milan,forlanini,1,20,0,0.0,0,0,0.0
2026-09-27,milan,lambrate,3,70,1,1.4,1,0,0.5
2026-09-27,milan,loreto,4,90,0,0.0,0,0,0.0
2026-09-27,milan,malpensa-airport,1,100,0,0.0,0,0,0.0
2026-09-27,milan,milan-centrale-railway-station,21,1300,229,17.6,43,187,115.0
2026-09-27,milan,milano-repubblica-station,2,120,103,85.8,0,103,51.5
2026-09-27,milan,missori,5,145,74,51.0,9,69,39.0
2026-09-27,milan,navigli,2,55,31,56.4,20,31,25.5
2026-09-27,milan,niguarda,2,40,0,0.0,0,0,0.0
2026-09-27,milan,palazzo-di-giustizia,1,30,7,23.3,0,7,3.5
2026-09-27,milan,piazza-gae-aulenti,1,40,0,0.0,0,0,0.0
2026-09-27,milan,politecnico-di-milano-campus-bovisa-la-masa,1,20,4,20.0,0,4,2.0
2026-09-27,milan,porta-garibaldi,1,300,0,0.0,0,0,0.0
2026-09-27,milan,porta-garibaldi-train-station,1,20,0,0.0,0,0,0.0
2026-09-27,milan,porta-genova,2,100,26,26.0,4,24,14.0
2026-09-27,milan,porta-romana,5,150,13,8.7,0,13,6.5
2026-09-27,milan,porta-ticinese,3,105,13,12.4,1,12,6.5
2026-09-27,milan,porta-venezia,5,175,14,8.0,0,14,7.0
2026-09-27,milan,porta-vittoria,1,20,20,100.0,0,20,10.0
2026-09-27,milan,rho,1,20,0,0.0,0,0,0.0
2026-09-27,milan,san-babila,1,50,9,18.0,1,9,5.0
2026-09-27,milan,san-siro-stadium,2,335,35,10.4,35,10,22.5
2026-09-27,milan,santa-giulia,1,10,7,70.0,0,7,3.5
2026-09-27,milan,santa-maria-delle-grazie,6,175,52,29.7,2,52,27.0
2026-09-27,milan,via-torino-via-palla,2,126,0,0.0,0,0,0.0
2026-09-27,milan,via-visconti-di-modrone,1,25,6,24.0,6,0,3.0
2026-09-27,milan,washington,1,35,6,17.1,0,6,3.0
2026-09-27,milan,zone-7-of-milan,2,40,1,2.5,0,1,0.5
2026-09-27,milazzo,port,1,200,0,0.0,0,0,0.0
2026-09-27,modena,central-station,3,115,8,7.0,3,5,4.0
2026-09-27,modena,city-centre,1,20,0,0.0,0,0,0.0
2026-09-27,modica,city-center,1,10,0,0.0,0,0,0.0
2026-09-27,monza,downtown,1,230,0,0.0,0,0,0.0
2026-09-27,monza,monza-train-station,4,175,10,5.7,1,9,5.0
2026-09-27,naples,centro-storico,2,70,2,2.9,2,0,1.0
2026-09-27,naples,dante,1,20,0,0.0,0,0,0.0
2026-09-27,naples,mergellina-port,2,90,4,4.4,0,4,2.0
2026-09-27,naples,miano,1,100,0,0.0,0,0,0.0
2026-09-27,naples,monument-of-giuseppe-garibaldi,1,30,0,0.0,0,0,0.0
2026-09-27,naples,municipio,5,220,6,2.7,2,4,3.0
2026-09-27,naples,naples-airport,2,230,4,1.7,4,0,2.0
2026-09-27,naples,naples-cathedral,1,100,3,3.0,0,3,1.5
2026-09-27,naples,naples-centrale-train-station,16,1275,72,5.6,11,62,36.5
2026-09-27,naples,naples-city-center,5,205,20,9.8,5,15,10.0
2026-09-27,naples,napoli-port,1,10,3,30.0,1,2,1.5
2026-09-27,naples,napoli-porta-nolana,4,183,2,1.1,0,2,1.0
2026-09-27,naples,piazza-cavour,1,50,0,0.0,0,0,0.0
2026-09-27,naples,porta-capuana,2,140,2,1.4,0,2,1.0
2026-09-27,naples,quartieri-spagnoli,2,95,7,7.4,0,7,3.5
2026-09-27,naples,quattro-giornate-station,1,50,0,0.0,0,0,0.0
2026-09-27,naples,san-lorenzo,1,20,0,0.0,0,0,0.0
2026-09-27,naples,santa-lucia,1,100,12,12.0,0,12,6.0
2026-09-27,naples,universita,2,45,3,6.7,1,3,2.0
2026-09-27,naples,via-chiaia,2,120,2,1.7,0,2,1.0
2026-09-27,naples,via-toledo,3,135,7,5.2,0,7,3.5
2026-09-27,naples,vicaria,2,55,1,1.8,0,1,0.5
2026-09-27,naples,vomero,2,50,1,2.0,0,1,0.5
2026-09-27,novara,novara-train-station,1,25,7,28.0,0,7,3.5
2026-09-27,olbia,train-station,1,100,15,15.0,3,12,7.5
2026-09-27,ostuni,city-centre,3,200,2,1.0,2,0,1.0
2026-09-27,padua,city-center,1,50,2,4.0,0,2,1.0
2026-09-27,padua,main-station,3,160,18,11.2,4,14,9.0
2026-09-27,palermo,albergheria,1,30,4,13.3,2,2,2.0
2026-09-27,palermo,historical-centre-of-palermo,2,60,16,26.7,0,16,8.0
2026-09-27,palermo,mondello,1,20,20,100.0,0,20,10.0
2026-09-27,palermo,palermo-centrale,5,210,44,21.0,5,43,24.0
2026-09-27,palermo,palermo-city-center,3,120,10,8.3,2,8,5.0
2026-09-27,palermo,port-palermo,1,100,25,25.0,0,25,12.5
2026-09-27,palermo,settecannoli,1,50,0,0.0,0,0,0.0
2026-09-27,parma,city-center,1,10,0,0.0,0,0,0.0
2026-09-27,parma,station,2,40,1,2.5,0,1,0.5
2026-09-27,pavia,pavia-train-station,1,20,1,5.0,0,1,0.5
2026-09-27,perugia,central-station,1,20,3,15.0,0,3,1.5
2026-09-27,perugia,piazza-iv-novembre,1,30,0,0.0,0,0,0.0
2026-09-27,pesaro,city-center,2,200,4,2.0,2,2,2.0
2026-09-27,pescara,pescara-centrale-train-station,6,135,7,5.2,0,7,3.5
2026-09-27,piacenza,piacenza-train-station,1,25,0,0.0,0,0,0.0
2026-09-27,pisa,national-museum-of-san-matteo,1,50,0,0.0,0,0,0.0
2026-09-27,pisa,piazza-dei-cavalieri,2,50,2,4.0,0,2,1.0
2026-09-27,pisa,pisa-centrale-train-station,12,815,41,5.0,4,43,23.5
2026-09-27,pisa,pisa-piazza-del-duomo,1,25,0,0.0,0,0,0.0
2026-09-27,pisa,santa-maria,4,115,0,0.0,0,0,0.0
2026-09-27,pisa,tower-of-pisa,1,20,0,0.0,0,0,0.0
2026-09-27,pistoia,pistoia-train-station,1,25,0,0.0,0,0,0.0
2026-09-27,polignano-a-mare,central-station,1,40,2,5.0,2,0,1.0
2026-09-27,polignano-a-mare,city-center,1,10,0,0.0,0,0,0.0
2026-09-27,pompei,train-station,1,10,0,0.0,0,0,0.0
2026-09-27,potenza,city-center,1,100,0,0.0,0,0,0.0
2026-09-27,prato,prato-centrale,2,50,0,0.0,0,0,0.0
2026-09-27,ragusa,city-center,3,60,0,0.0,0,0,0.0
2026-09-27,ragusa,duomo-di-san-giorgio,1,10,0,0.0,0,0,0.0
2026-09-27,ragusa,ragusa-train-station,1,25,0,0.0,0,0,0.0
2026-09-27,rapallo,train-station,1,30,0,0.0,0,0,0.0
2026-09-27,ravenna,dante-tomb,1,20,0,0.0,0,0,0.0
2026-09-27,ravenna,main-station,4,90,9,10.0,0,9,4.5
2026-09-27,reggio-calabria,center,1,50,50,100.0,0,50,25.0
2026-09-27,reggio-calabria,villa-san-giovanni,1,50,2,4.0,0,2,1.0
2026-09-27,reggio-emilia,railway-station,1,65,2,3.1,0,2,1.0
2026-09-27,riccione,city-center,2,95,0,0.0,0,0,0.0
2026-09-27,riccione,terme,1,10,0,0.0,0,0,0.0
2026-09-27,rimini,bellariva,1,50,0,0.0,0,0,0.0
2026-09-27,rimini,city-center,3,72,0,0.0,0,0,0.0
2026-09-27,rimini,federico-fellini-international-airport,1,20,2,10.0,0,2,1.0
2026-09-27,rimini,federico-fellini-park,1,25,0,0.0,0,0,0.0
2026-09-27,rimini,lungomare-augusto-murri,2,40,4,10.0,0,4,2.0
2026-09-27,rimini,rimini-train-station,2,350,0,0.0,0,0,0.0
2026-09-27,riomaggiore,riomaggiore-train-station,1,35,0,0.0,0,0,0.0
2026-09-27,rome,Municipio-Roma-X,1,30,0,0.0,0,0,0.0
2026-09-27,rome,aventino,1,100,4,4.0,0,4,2.0
2026-09-27,rome,baldo-degli-ubaldi-station,1,15,0,0.0,0,0,0.0
2026-09-27,rome,bocca-della-verita,1,40,2,5.0,0,2,1.0
2026-09-27,rome,brancaccio,1,20,0,0.0,0,0,0.0
2026-09-27,rome,castel-sant-angelo,3,180,76,42.2,6,70,38.0
2026-09-27,rome,cavour,1,50,2,4.0,2,0,1.0
2026-09-27,rome,colosseum,4,145,20,13.8,2,18,10.0
2026-09-27,rome,esquilino,6,370,27,7.3,11,16,13.5
2026-09-27,rome,fiera-di-roma,1,30,0,0.0,0,0,0.0
2026-09-27,rome,flaminio,2,75,0,0.0,0,0,0.0
2026-09-27,rome,furio-camillo,2,70,0,0.0,0,0,0.0
2026-09-27,rome,garbatella,3,170,0,0.0,0,0,0.0
2026-09-27,rome,labicana,1,35,4,11.4,0,4,2.0
2026-09-27,rome,largo-di-torre-argentina,1,35,3,8.6,3,0,1.5
2026-09-27,rome,lepanto,2,60,14,23.3,3,11,7.0
2026-09-27,rome,manzoni,1,20,0,0.0,0,0,0.0
2026-09-27,rome,monti,9,420,24,5.7,5,19,12.0
2026-09-27,rome,navona,6,325,14,4.3,4,10,7.0
2026-09-27,rome,nomentana,1,50,0,0.0,0,0,0.0
2026-09-27,rome,ostia-1,1,40,0,0.0,0,0,0.0
2026-09-27,rome,ostiense,5,440,0,0.0,0,0,0.0
2026-09-27,rome,ottaviano,2,60,6,10.0,0,6,3.0
2026-09-27,rome,pantheon,15,997,52,5.2,18,40,29.0
2026-09-27,rome,parco-regionale-appia-antica,1,15,1,6.7,0,1,0.5
2026-09-27,rome,parioli,2,65,2,3.1,0,2,1.0
2026-09-27,rome,piazza-campo-de-fiori,4,205,10,4.9,6,4,5.0
2026-09-27,rome,piazza-del-popolo,3,215,29,13.5,2,28,15.0
2026-09-27,rome,piazza-di-san-pietro-in-vincoli,2,70,0,0.0,0,0,0.0
2026-09-27,rome,piazza-venezia,1,25,0,0.0,0,0,0.0
2026-09-27,rome,pigneto,1,50,0,0.0,0,0,0.0
2026-09-27,rome,porta-pinciana,1,5,4,80.0,0,4,2.0
2026-09-27,rome,portuense,3,140,0,0.0,0,0,0.0
2026-09-27,rome,prati,3,120,16,13.3,1,15,8.0
2026-09-27,rome,primavalle,2,80,2,2.5,2,0,1.0
2026-09-27,rome,repubblica,7,310,22,7.1,3,23,13.0
2026-09-27,rome,rione-ix-pigna,2,80,13,16.2,0,13,6.5
2026-09-27,rome,roma-stadio-olimpico,1,30,0,0.0,0,0,0.0
2026-09-27,rome,roma-vatican-museums,1,50,5,10.0,0,6,3.0
2026-09-27,rome,roman-forum,2,380,0,0.0,0,0,0.0
2026-09-27,rome,s-pietro,3,95,11,11.6,8,3,5.5
2026-09-27,rome,san-giovanni,3,610,0,0.0,0,0,0.0
2026-09-27,rome,san-lorenzo,2,30,0,0.0,0,0,0.0
2026-09-27,rome,santa-maria-maggiore,2,200,2,1.0,0,2,1.0
2026-09-27,rome,spanish-steps,1,45,0,0.0,0,0,0.0
2026-09-27,rome,st-peter-basilica,1,35,7,20.0,0,7,3.5
2026-09-27,rome,termini,29,2713,283,10.4,69,236,152.5
2026-09-27,rome,tiburtina,4,160,10,6.2,0,10,5.0
2026-09-27,rome,torre-maura,1,100,0,0.0,0,0,0.0
2026-09-27,rome,trastevere,11,480,129,26.9,53,91,72.0
2026-09-27,rome,trevi,4,235,16,6.8,5,11,8.0
2026-09-27,rome,vatican,11,620,27,4.4,3,24,13.5
2026-09-27,rome,via-del-corso,1,25,7,28.0,0,7,3.5
2026-09-27,rome,villa-borghese,1,35,6,17.1,0,6,3.0
2026-09-27,rome,vittorio-emanuele,2,70,6,8.6,1,5,3.0
2026-09-27,rovigo,rovigo-train-station,1,20,0,0.0,0,0,0.0
2026-09-27,salerno,city-centre,4,85,25,29.4,0,25,12.5
2026-09-27,salerno,rione-porto,1,20,0,0.0,0,0,0.0
2026-09-27,salerno,salerno-train-station,3,180,21,11.7,0,24,12.0
2026-09-27,sanremo,city-center,1,20,1,5.0,1,0,0.5
2026-09-27,sassari,city-center,1,20,2,10.0,1,2,1.5
2026-09-27,savona,public-beach-lo-scaletto-dei-pescatori,1,20,1,5.0,0,1,0.5
2026-09-27,savona,savona-port,1,20,20,100.0,2,18,10.0
2026-09-27,scicli,city-center,1,10,0,0.0,0,0,0.0
2026-09-27,sestri-levante,sestri-levante-train-station,2,55,0,0.0,0,0,0.0
2026-09-27,siena,city-center,4,107,4,3.7,2,2,2.0
2026-09-27,siena,istrice,1,50,3,6.0,0,3,1.5
2026-09-27,siena,lupa,2,55,2,3.6,0,2,1.0
2026-09-27,siena,siena-train-station,1,35,0,0.0,0,0,0.0
2026-09-27,sorrento,sant-agnello,1,20,0,0.0,0,0,0.0
2026-09-27,sorrento,sorrento-train-station,1,30,0,0.0,0,0,0.0
2026-09-27,stromboli,ferry-terminal,1,20,0,0.0,0,0,0.0
2026-09-27,syracuse,apollo-temple,4,90,2,2.2,0,2,1.0
2026-09-27,syracuse,arenella,1,50,0,0.0,0,0,0.0
2026-09-27,syracuse,augusta,1,20,0,0.0,0,0,0.0
2026-09-27,syracuse,station,3,120,13,10.8,1,12,6.5
2026-09-27,syracuse,syracuse-roman-amphitheater,1,25,0,0.0,0,0,0.0
2026-09-27,syracuse,yacht-lub-lakkios-marina-porto-piccolo-ortigia,1,25,6,24.0,0,6,3.0
2026-09-27,taormina,city-centre,1,20,0,0.0,0,0,0.0
2026-09-27,taranto,castello-aragonese,1,50,0,0.0,0,0,0.0
2026-09-27,taranto,sacello-romano,1,10,0,0.0,0,0,0.0
2026-09-27,tirano,tirano-railway-station,1,40,1,2.5,1,0,0.5
2026-09-27,trani,trani-transit-station,1,50,50,100.0,0,50,25.0
2026-09-27,trapani,city-center,2,125,0,0.0,0,0,0.0
2026-09-27,trapani,train-station,1,10,0,0.0,0,0,0.0
2026-09-27,trapani,trapani-port,2,80,6,7.5,1,5,3.0
2026-09-27,trapani,trapani-train-station,1,30,0,0.0,0,0,0.0
2026-09-27,trento,main-station,5,160,3,1.9,0,3,1.5
2026-09-27,treviso,city-center,1,20,0,0.0,0,0,0.0
2026-09-27,treviso,treviso-train-station,1,75,15,20.0,0,15,7.5
2026-09-27,trieste,trieste-train-station,3,125,14,11.2,5,9,7.0
2026-09-27,turin,allianz-stadium,1,100,0,0.0,0,0,0.0
2026-09-27,turin,aurora,1,20,0,0.0,0,0,0.0
2026-09-27,turin,cit-turin,1,300,0,0.0,0,0,0.0
2026-09-27,turin,city-center,1,40,5,12.5,0,5,2.5
2026-09-27,turin,egyptian-museum,1,75,9,12.0,5,4,4.5
2026-09-27,turin,lingotto,3,70,1,1.4,0,1,0.5
2026-09-27,turin,museo-pietro-micca,1,95,40,42.1,2,39,20.5
2026-09-27,turin,palazzo-reale,1,30,2,6.7,0,2,1.0
2026-09-27,turin,piazza-vittorio-veneto,1,20,0,0.0,0,0,0.0
2026-09-27,turin,porta-palazzo-market,1,100,2,2.0,0,2,1.0
2026-09-27,turin,quadrilatero-romano,1,50,10,20.0,0,10,5.0
2026-09-27,turin,santa-rita,1,35,0,0.0,0,0,0.0
2026-09-27,turin,stazione-porta-nuova,7,295,52,17.6,15,39,27.0
2026-09-27,udine,udine-train-station,2,40,3,7.5,2,1,1.5
2026-09-27,venice,biennale,1,50,14,28.0,7,7,7.0
2026-09-27,venice,cannaregio,4,450,8,1.8,0,8,4.0
2026-09-27,venice,city-center,1,30,6,20.0,2,4,3.0
2026-09-27,venice,constitution-bridge,1,90,32,35.6,8,24,16.0
2026-09-27,venice,dorsoduro,1,60,9,15.0,1,8,4.5
2026-09-27,venice,guglie-bridge,1,50,0,0.0,0,0,0.0
2026-09-27,venice,murano-da-mula,1,200,2,1.0,0,2,1.0
2026-09-27,venice,peggy-guggenheim-collection,1,40,8,20.0,2,6,4.0
2026-09-27,venice,piazzale-roma,1,55,21,38.2,0,22,11.0
2026-09-27,venice,rialto,1,300,0,0.0,0,0,0.0
2026-09-27,venice,san-marco,2,100,22,22.0,18,4,11.0
2026-09-27,venice,san-polo,1,100,2,2.0,0,2,1.0
2026-09-27,venice,santa-lucia-station,2,240,114,47.5,13,101,57.0
2026-09-27,venice,venice-castello,1,50,0,0.0,0,0,0.0
2026-09-27,venice,venice-marco-polo-airport,1,45,8,17.8,3,7,5.0
2026-09-27,ventimiglia,city-center-ventimiglia,1,50,0,0.0,0,0,0.0
2026-09-27,vercelli,city-center,1,20,0,0.0,0,0,0.0
2026-09-27,verona,avesa,1,20,0,0.0,0,0,0.0
2026-09-27,verona,citta-antica,2,85,57,67.1,4,53,28.5
2026-09-27,verona,cittadella,1,30,3,10.0,1,2,1.5
2026-09-27,verona,juliet-s-house,1,100,3,3.0,0,3,1.5
2026-09-27,verona,porta-nuova,1,45,14,31.1,3,11,7.0
2026-09-27,viareggio,train-station,1,30,0,0.0,0,0,0.0
2026-09-27,vicenza,city-center,2,70,11,15.7,3,8,5.5
2026-09-27,vigevano,city-center,1,20,0,0.0,0,0,0.0
2026-09-28,agrigento,agrigento-train-staion,3,100,0,0.0,0,0,0.0
2026-09-28,agrigento,city-center,3,120,2,1.7,0,2,1.0
2026-09-28,alberobello,alberobello-train-station,1,25,0,0.0,0,0,0.0
2026-09-28,alberobello,city-center,1,30,0,0.0,0,0,0.0
2026-09-28,alessandria,tortona,1,15,0,0.0,0,0,0.0
2026-09-28,alghero,alghero-airport,1,30,5,16.7,4,1,2.5
2026-09-28,alghero,alghero-coral-museum,1,15,0,0.0,0,0,0.0
2026-09-28,alghero,alghero-old-town,1,20,0,0.0,0,0,0.0
2026-09-28,alghero,alghero-port,1,20,0,0.0,0,0,0.0
2026-09-28,alghero,alghero-train-station,1,45,0,0.0,0,0,0.0
2026-09-28,alghero,city-center,2,70,0,0.0,0,0,0.0
2026-09-28,alghero,pivarada,2,70,3,4.3,3,0,1.5
2026-09-28,altamura,city-centre,3,40,0,0.0,0,0,0.0
2026-09-28,amalfi,city-centre,3,115,7,6.1,4,3,3.5
2026-09-28,ancona,ancona-train-station,5,280,0,0.0,0,0,0.0
2026-09-28,angri,train-station,1,50,0,0.0,0,0,0.0
2026-09-28,aosta,aosta-train-station,1,20,0,0.0,0,0,0.0
2026-09-28,aosta,city-center,2,120,0,0.0,0,0,0.0
2026-09-28,aosta,train-station,3,85,4,4.7,0,4,2.0
2026-09-28,arezzo,arezzo-train-station,2,40,0,0.0,0,0,0.0
2026-09-28,arezzo,city-center,4,145,2,1.4,1,1,1.0
2026-09-28,assisi,city-center,4,120,4,3.3,0,4,2.0
2026-09-28,asti,city-center,2,30,0,0.0,0,0,0.0
2026-09-28,avellino,city-center,1,100,0,0.0,0,0,0.0
2026-09-28,avola,city-center,1,10,0,0.0,0,0,0.0
2026-09-28,bari,altamura,1,10,0,0.0,0,0,0.0
2026-09-28,bari,bari-centrale-train-station,20,1325,16,1.2,4,12,8.0
2026-09-28,bari,bari-vecchia,2,120,24,20.0,1,23,12.0
2026-09-28,bari,basilica-san-nicola,1,30,6,20.0,2,4,3.0
2026-09-28,bari,city-center,4,520,2,0.4,0,2,1.0
2026-09-28,bari,fiera-del-levante,1,30,0,0.0,0,0,0.0
2026-09-28,bari,madonnella,2,80,0,0.0,0,0,0.0
2026-09-28,bari,marconi,2,70,0,0.0,0,0,0.0
2026-09-28,bari,old-town,1,30,0,0.0,0,0,0.0
2026-09-28,bari,palazzo-fizzarotti,1,30,0,0.0,0,0,0.0
2026-09-28,bari,quartiere-umbertino,1,15,8,53.3,0,8,4.0
2026-09-28,bari,teatro-petruzzelli,2,95,4,4.2,2,2,2.0
2026-09-28,bergamo,bergamo-train-station,5,175,9,5.1,0,9,4.5
2026-09-28,bergamo,borgo-palazzo,1,20,0,0.0,0,0,0.0
2026-09-28,bergamo,citta-alta,2,75,6,8.0,2,4,3.0
2026-09-28,bologna,belvedere-mercato-delle-erbe,1,30,0,0.0,0,0,0.0
2026-09-28,bologna,bologna-centrale-railway-station,14,725,42,5.8,7,39,23.0
2026-09-28,bologna,bologna-city-center,2,65,5,7.7,0,5,2.5
2026-09-28,bologna,bologna-university,3,70,4,5.7,0,4,2.0
2026-09-28,bologna,costa-saragozza,1,20,2,10.0,0,2,1.0
2026-09-28,bologna,la-piccola-venezia,1,30,3,10.0,0,3,1.5
2026-09-28,bologna,piazza-maggiore,3,500,11,2.2,5,6,5.5
2026-09-28,bologna,porta-castiglione,1,25,0,0.0,0,0,0.0
2026-09-28,bologna,san-donato,1,20,0,0.0,0,0,0.0
2026-09-28,bologna,stadio-senato-dall-aria,1,50,0,0.0,0,0,0.0
2026-09-28,bologna,two-towers,2,60,6,10.0,0,6,3.0
2026-09-28,bolzano,bolzano-train-station,6,190,22,11.6,8,14,11.0
2026-09-28,bolzano,city-center,1,30,0,0.0,0,0,0.0
2026-09-28,bolzano,palazzo-mercantile,1,20,0,0.0,0,0,0.0
2026-09-28,bolzano,waltherplatz,1,30,1,3.3,0,1,0.5
2026-09-28,boscotrecase,city-center,1,100,0,0.0,0,0,0.0
2026-09-28,brescia,brescia-old-town,1,10,0,0.0,0,0,0.0
2026-09-28,brescia,old-town,1,15,0,0.0,0,0,0.0
2026-09-28,brescia,train-station,5,80,1,1.2,0,1,0.5
2026-09-28,bressanone-brixen,bressanone-brixen-train-station,3,60,10,16.7,4,6,5.0
2026-09-28,bressanone-brixen,train-station,2,50,5,10.0,4,1,2.5
2026-09-28,brindisi,central-station,5,455,32,7.0,0,32,16.0
2026-09-28,brindisi,city-centre,2,65,4,6.2,0,4,2.0
2026-09-28,brindisi,corso-garibaldi,1,45,0,0.0,0,0,0.0
2026-09-28,cagliari,bonaria,2,30,0,0.0,0,0,0.0
2026-09-28,cagliari,city-center,5,170,2,1.2,0,2,1.0
2026-09-28,cagliari,marina,7,155,0,0.0,0,0,0.0
2026-09-28,cagliari,selargius,1,25,0,0.0,0,0,0.0
2026-09-28,cagliari,stazione,3,70,0,0.0,0,0,0.0
2026-09-28,cagliari,villanova,1,20,2,10.0,0,2,1.0
2026-09-28,caltanissetta,caltanissetta-centrale,3,50,0,0.0,0,0,0.0
2026-09-28,caltanissetta,caltanissetta-old-town,1,10,0,0.0,0,0,0.0
2026-09-28,camaiore,city-center,1,50,0,0.0,0,0,0.0
2026-09-28,camogli,camogli-s-fruttuoso-train-station,1,40,40,100.0,0,40,20.0
2026-09-28,caserta,city-center,5,180,0,0.0,0,0,0.0
2026-09-28,caserta,royal-palace,1,50,0,0.0,0,0,0.0
2026-09-28,castellammare-di-stabia,castellammare-di-stabia-train-station,3,510,0,0.0,0,0,0.0
2026-09-28,catania,borgo-sanzio,3,190,0,0.0,0,0,0.0
2026-09-28,catania,catania-airport,2,150,2,1.3,1,1,1.0
2026-09-28,catania,catania-centrale,9,495,10,2.0,0,10,5.0
2026-09-28,catania,city-center,19,530,9,1.7,0,9,4.5
2026-09-28,catania,piazza-stesicoro,2,40,0,0.0,0,0,0.0
2026-09-28,catania,porta-garibaldi,2,90,0,0.0,0,0,0.0
2026-09-28,catania,university-of-catania,2,75,0,0.0,0,0,0.0
2026-09-28,catanzaro,fortuna,1,10,0,0.0,0,0,0.0
2026-09-28,cecina,train-station,1,20,0,0.0,0,0,0.0
2026-09-28,cefalu,cefalu-transit-station,2,115,6,5.2,2,4,3.0
2026-09-28,cefalu,city-center,3,85,9,10.6,6,3,4.5
2026-09-28,cervia,city-center,1,20,2,10.0,1,1,1.0
2026-09-28,cervia,milano-marittima,1,10,0,0.0,0,0,0.0
2026-09-28,chiavari,chiavari-train-station,1,20,2,10.0,0,2,1.0
2026-09-28,chioggia,sottomarina,1,100,0,0.0,0,0,0.0
2026-09-28,civitavecchia,civitavecchia-1,2,60,0,0.0,0,0,0.0
2026-09-28,civitavecchia,port,1,30,4,13.3,4,0,2.0
2026-09-28,civitavecchia,railway-station,3,65,0,0.0,0,0,0.0
2026-09-28,como,city-center,6,200,14,7.0,0,14,7.0
2026-09-28,como,como-lago-train-station,1,30,2,6.7,0,2,1.0
2026-09-28,corigliano-calabro,lungomare-di-schiavonea,1,10,0,0.0,0,0,0.0
2026-09-28,cortina-d-ampezzo,cortina-bus-station,1,65,9,13.8,8,1,4.5
2026-09-28,cosenza,casa-di-galeazzo-di-tarsia,1,40,0,0.0,0,0,0.0
2026-09-28,cosenza,city-centre,2,100,1,1.0,0,1,0.5
2026-09-28,cosenza,roges,1,10,0,0.0,0,0,0.0
2026-09-28,cremona,city-center,2,115,0,0.0,0,0,0.0
2026-09-28,cremona,cremona-train-station,2,60,2,3.3,0,2,1.0
2026-09-28,desenzano,desenzano-train-station,1,45,0,0.0,0,0,0.0
2026-09-28,desenzano,train-station,2,80,2,2.5,0,2,1.0
2026-09-28,donnalucata,city-centre,3,40,0,0.0,0,0,0.0
2026-09-28,elba,marina-di-campo,1,20,0,0.0,0,0,0.0
2026-09-28,elba,procchio,1,20,0,0.0,0,0,0.0
2026-09-28,ferrara,city-center,2,65,4,6.2,0,4,2.0
2026-09-28,ferrara,railway-station,6,320,4,1.2,0,4,2.0
2026-09-28,finale-ligure,city-center-finale-ligure,1,30,0,0.0,0,0,0.0
2026-09-28,florence,basilica-di-santo-spirito,1,35,0,0.0,0,0,0.0
2026-09-28,florence,basilica-of-santa-maria-novella,6,145,15,10.3,0,15,7.5
2026-09-28,florence,battistero-di-san-giovanni,1,30,9,30.0,0,9,4.5
2026-09-28,florence,campo-di-marte,3,120,5,4.2,0,5,2.5
2026-09-28,florence,coverelli,1,35,0,0.0,0,0,0.0
2026-09-28,florence,district-1,2,55,0,0.0,0,0,0.0
2026-09-28,florence,duomo,1,50,10,20.0,0,10,5.0
2026-09-28,florence,florence-airport,1,30,0,0.0,0,0,0.0
2026-09-28,florence,florence-city-center,1,20,0,0.0,0,0,0.0
2026-09-28,florence,florence-mercato-centrale,1,15,0,0.0,0,0,0.0
2026-09-28,florence,fortezza-dal-basso,1,30,3,10.0,3,0,1.5
2026-09-28,florence,piazza-torquato-tasso,1,35,0,0.0,0,0,0.0
2026-09-28,florence,pitti,1,50,0,0.0,0,0,0.0
2026-09-28,florence,porta-al-prato,5,195,0,0.0,0,0,0.0
2026-09-28,florence,rifredi,2,35,1,2.9,0,1,0.5
2026-09-28,florence,san-gallo,1,45,0,0.0,0,0,0.0
2026-09-28,florence,san-lorenzo,4,180,4,2.2,0,4,2.0
2026-09-28,florence,san-marco-florence,3,65,0,0.0,0,0,0.0
2026-09-28,florence,san-niccolo,1,25,2,8.0,0,2,1.0
2026-09-28,florence,santa-croce,9,295,9,3.1,0,9,4.5
2026-09-28,florence,santa-maria-novella,13,1020,96,9.4,11,87,49.0
2026-09-28,florence,santo-spirito,2,80,4,5.0,4,0,2.0
2026-09-28,florence,scandicci,1,300,0,0.0,0,0,0.0
2026-09-28,florence,stazione-via-panzani,1,30,0,0.0,0,0,0.0
2026-09-28,florence,via-de-boni,1,30,0,0.0,0,0,0.0
2026-09-28,florence,via-dell-albero,1,70,9,12.9,4,5,4.5
2026-09-28,forio-ischia,forio-beach,1,15,0,0.0,0,0,0.0
2026-09-28,formia,city-center,1,10,0,0.0,0,0,0.0
2026-09-28,gaeta,city-center,1,20,0,0.0,0,0,0.0
2026-09-28,gallipoli,baia-verde,1,35,0,0.0,0,0,0.0
2026-09-28,gallipoli,gallipoli-station,4,90,0,0.0,0,0,0.0
2026-09-28,genoa,aquarium-genoa,1,100,0,0.0,0,0,0.0
2026-09-28,genoa,brignole,4,85,0,0.0,0,0,0.0
2026-09-28,genoa,genoa-port,2,50,0,0.0,0,0,0.0
2026-09-28,genoa,maddalena,2,50,0,0.0,0,0,0.0
2026-09-28,genoa,orefici,1,15,0,0.0,0,0,0.0
2026-09-28,genoa,pegli,1,15,0,0.0,0,0,0.0
2026-09-28,genoa,piazza-corvetto-piazza-de-ferrari,1,100,0,0.0,0,0,0.0
2026-09-28,genoa,piazza-de-ferrari,1,20,0,0.0,0,0,0.0
2026-09-28,genoa,piazza-principe,1,300,0,0.0,0,0,0.0
2026-09-28,genoa,sampierdarena,1,100,0,0.0,0,0,0.0
2026-09-28,giardini-naxos,city-center,3,75,0,0.0,0,0,0.0
2026-09-28,gorizia,gorizia-train-station,1,25,0,0.0,0,0,0.0
2026-09-28,gravina-in-puglia,city-center,1,50,0,0.0,0,0,0.0
2026-09-28,grosseto,city-centre,2,50,0,0.0,0,0,0.0
2026-09-28,imola,city-center,3,370,2,0.5,0,2,1.0
2026-09-28,ischia,forio-port,1,30,5,16.7,0,5,2.5
2026-09-28,ischia,port,3,130,50,38.5,0,50,25.0
2026-09-28,isola-del-giglio,giglio-porto,1,30,1,3.3,0,1,0.5
2026-09-28,jesolo,lido-jesolo,2,40,0,0.0,0,0,0.0
2026-09-28,la-maddalena,la-maddalena-ferry-terminal,3,75,0,0.0,0,0,0.0
2026-09-28,la-spezia,la-spezia-centrale,10,440,18,4.1,2,16,9.0
2026-09-28,la-spezia,migliarina,1,50,0,0.0,0,0,0.0
2026-09-28,la-spezia,parco-dei-pesci,1,50,0,0.0,0,0,0.0
2026-09-28,lamezia-terme,train-station,1,30,0,0.0,0,0,0.0
2026-09-28,lampedusa,city-center,1,50,0,0.0,0,0,0.0
2026-09-28,latina,city-center,1,200,0,0.0,0,0,0.0
2026-09-28,lecce,lecce-city-center,7,275,6,2.2,5,1,3.0
2026-09-28,lecce,railway-station,6,170,28,16.5,3,25,14.0
2026-09-28,lecco,lecco-train-station,2,30,0,0.0,0,0,0.0
2026-09-28,lecco,train-station,2,50,0,0.0,0,0,0.0
2026-09-28,livorno,city-center,3,100,0,0.0,0,0,0.0
2026-09-28,livorno,livorno-train-station,3,95,0,0.0,0,0,0.0
2026-09-28,locorotondo,city-center,1,50,0,0.0,0,0,0.0
2026-09-28,locorotondo,locorotondo-old-town,1,10,0,0.0,0,0,0.0
2026-09-28,lucca,city-center,7,300,0,0.0,0,0,0.0
2026-09-28,lucca,lucca-train-station,8,690,7,1.0,3,4,3.5
2026-09-28,lucca,walled-city,2,60,0,0.0,0,0,0.0
2026-09-28,maglie,old-town,1,10,0,0.0,0,0,0.0
2026-09-28,mantua,city-center,1,25,8,32.0,0,8,4.0
2026-09-28,marsala,porta-garibaldi,1,30,0,0.0,0,0,0.0
2026-09-28,marsala,train-station,1,50,0,0.0,0,0,0.0
2026-09-28,martina-franca,city-center,1,10,0,0.0,0,0,0.0
2026-09-28,massa,city-center,2,40,0,0.0,0,0,0.0
2026-09-28,matera,city-center,7,170,5,2.9,0,5,2.5
2026-09-28,matera,via-dei-messapi,1,60,0,0.0,0,0,0.0
2026-09-28,mazara-del-vallo,train-station,1,10,0,0.0,0,0,0.0
2026-09-28,merano,city-center,2,30,0,0.0,0,0,0.0
2026-09-28,merano,merano-train-station,1,15,2,13.3,0,2,1.0
2026-09-28,messina,borgo-del-ringo,1,30,0,0.0,0,0,0.0
2026-09-28,messina,messina-centrale,7,210,1,0.5,0,1,0.5
2026-09-28,mestre,city-center,3,355,2,0.6,2,0,1.0
2026-09-28,mestre,mestre-train-station,6,200,17,8.5,8,9,8.5
2026-09-28,milan,assago,1,20,0,0.0,0,0,0.0
2026-09-28,milan,bicocca,1,20,0,0.0,0,0,0.0
2026-09-28,milan,bueno-aires,1,30,0,0.0,0,0,0.0
2026-09-28,milan,bullona,7,310,6,1.9,2,4,3.0
2026-09-28,milan,cadorna,1,200,25,12.5,5,20,12.5
2026-09-28,milan,cairoli-subway-station,1,45,4,8.9,0,4,2.0
2026-09-28,milan,casoretto,2,40,1,2.5,1,0,0.5
2026-09-28,milan,castello-sforzesco,2,70,3,4.3,0,3,1.5
2026-09-28,milan,cerchiate,2,35,0,0.0,0,0,0.0
2026-09-28,milan,china-town,2,55,0,0.0,0,0,0.0
2026-09-28,milan,china-town-milan,1,35,0,0.0,0,0,0.0
2026-09-28,milan,citylife,1,25,5,20.0,0,5,2.5
2026-09-28,milan,cologno-monzese,1,100,0,0.0,0,0,0.0
2026-09-28,milan,conchetta,2,45,0,0.0,0,0,0.0
2026-09-28,milan,corso-buenos-aires,1,20,2,10.0,2,0,1.0
2026-09-28,milan,crescenzago,3,40,1,2.5,1,0,0.5
2026-09-28,milan,duomo,3,475,47,9.9,13,34,23.5
2026-09-28,milan,fiera,1,200,1,0.5,0,1,0.5
2026-09-28,milan,forlanini,1,20,2,10.0,0,2,1.0
2026-09-28,milan,guastalla,2,45,0,0.0,0,0,0.0
2026-09-28,milan,lambrate,4,85,2,2.4,0,2,1.0
2026-09-28,milan,lanza,1,45,1,2.2,0,1,0.5
2026-09-28,milan,loreto,6,160,2,1.2,0,2,1.0
2026-09-28,milan,malpensa-airport,1,100,0,0.0,0,0,0.0
2026-09-28,milan,milan-centrale-railway-station,27,1640,115,7.0,22,94,58.0
2026-09-28,milan,milano-certosa,1,25,0,0.0,0,0,0.0
2026-09-28,milan,milano-repubblica-station,2,120,0,0.0,0,0,0.0
2026-09-28,milan,missori,7,195,25,12.8,8,17,12.5
2026-09-28,milan,navigli,2,55,0,0.0,0,0,0.0
2026-09-28,milan,niguarda,2,40,4,10.0,0,4,2.0
2026-09-28,milan,palazzo-di-giustizia,1,30,5,16.7,0,5,2.5
2026-09-28,milan,piazza-gae-aulenti,1,40,0,0.0,0,0,0.0
2026-09-28,milan,politecnico-di-milano-campus-bovisa-la-masa,1,20,0,0.0,0,0,0.0
2026-09-28,milan,porta-garibaldi,1,300,0,0.0,0,0,0.0
2026-09-28,milan,porta-garibaldi-train-station,4,100,11,11.0,1,10,5.5
2026-09-28,milan,porta-genova,6,255,11,4.3,0,11,5.5
2026-09-28,milan,porta-romana,7,185,17,9.2,0,17,8.5
2026-09-28,milan,porta-ticinese,4,120,1,0.8,1,0,0.5
2026-09-28,milan,porta-venezia,7,235,24,10.2,4,20,12.0
2026-09-28,milan,porta-vittoria,2,40,8,20.0,4,4,4.0
2026-09-28,milan,rho,1,20,0,0.0,0,0,0.0
2026-09-28,milan,rogoredo-train-station,1,50,0,0.0,0,0,0.0
2026-09-28,milan,san-babila,2,60,9,15.0,2,7,4.5
2026-09-28,milan,san-siro-stadium,4,400,4,1.0,1,5,3.0
2026-09-28,milan,santa-giulia,1,10,0,0.0,0,0,0.0
2026-09-28,milan,santa-maria-delle-grazie,7,210,11,5.2,0,11,5.5
2026-09-28,milan,via-torino-via-palla,2,126,1,0.8,0,1,0.5
2026-09-28,milan,via-visconti-di-modrone,1,25,0,0.0,0,0,0.0
2026-09-28,milan,villapizzone-railway-station,1,25,2,8.0,2,0,1.0
2026-09-28,milan,washington,2,65,4,6.2,0,4,2.0
2026-09-28,milan,zone-1-of-milan,1,40,2,5.0,0,2,1.0
2026-09-28,milan,zone-7-of-milan,3,60,1,1.7,0,1,0.5
2026-09-28,milazzo,port,2,220,0,0.0,0,0,0.0
2026-09-28,mira,mira-city-center,1,30,0,0.0,0,0,0.0
2026-09-28,modena,central-station,6,165,9,5.5,4,5,4.5
2026-09-28,modena,city-centre,2,45,7,15.6,0,7,3.5
2026-09-28,modica,city-center,1,10,0,0.0,0,0,0.0
2026-09-28,monopoli,castello-carlo-v,1,25,5,20.0,3,2,2.5
2026-09-28,monopoli,city-center,7,205,10,4.9,0,10,5.0
2026-09-28,monza,downtown,1,230,3,1.3,0,3,1.5
2026-09-28,monza,monza-train-station,3,165,3,1.8,0,3,1.5
2026-09-28,naples,Volla,1,100,0,0.0,0,0,0.0
2026-09-28,naples,bagnoli-agnano-terme,1,30,0,0.0,0,0,0.0
2026-09-28,naples,centro-storico,5,165,2,1.2,0,2,1.0
2026-09-28,naples,dante,7,295,5,1.7,0,5,2.5
2026-09-28,naples,fuorigrotta,1,20,0,0.0,0,0,0.0
2026-09-28,naples,maradona-stadium,1,50,0,0.0,0,0,0.0
2026-09-28,naples,mergellina-port,3,190,0,0.0,0,0,0.0
2026-09-28,naples,miano,1,100,0,0.0,0,0,0.0
2026-09-28,naples,monument-of-giuseppe-garibaldi,1,30,0,0.0,0,0,0.0
2026-09-28,naples,municipio,7,290,7,2.4,4,3,3.5
2026-09-28,naples,naples-airport,2,230,5,2.2,4,1,2.5
2026-09-28,naples,naples-cathedral,3,165,10,6.1,0,10,5.0
2026-09-28,naples,naples-centrale-train-station,24,1650,53,3.2,12,44,28.0
2026-09-28,naples,naples-city-center,7,355,8,2.3,3,5,4.0
2026-09-28,naples,napoli-port,1,10,5,50.0,0,5,2.5
2026-09-28,naples,napoli-porta-nolana,9,348,0,0.0,0,0,0.0
2026-09-28,naples,piazza-cavour,1,50,0,0.0,0,0,0.0
2026-09-28,naples,piazza-del-gesu,1,30,0,0.0,0,0,0.0
2026-09-28,naples,piazza-del-plebiscito,1,50,0,0.0,0,0,0.0
2026-09-28,naples,pomigliano-darco,1,40,0,0.0,0,0,0.0
2026-09-28,naples,porta-capuana,3,190,2,1.1,0,2,1.0
2026-09-28,naples,posillipo,1,50,0,0.0,0,0,0.0
2026-09-28,naples,quartieri-spagnoli,2,95,0,0.0,0,0,0.0
2026-09-28,naples,quattro-giornate-station,1,50,0,0.0,0,0,0.0
2026-09-28,naples,rione-sanita,3,80,3,3.8,0,3,1.5
2026-09-28,naples,san-lorenzo,1,20,2,10.0,2,0,1.0
2026-09-28,naples,santa-lucia,2,120,2,1.7,0,2,1.0
2026-09-28,naples,universita,8,305,8,2.6,3,5,4.0
2026-09-28,naples,via-chiaia,4,180,0,0.0,0,0,0.0
2026-09-28,naples,via-toledo,3,135,3,2.2,2,1,1.5
2026-09-28,naples,vicaria,2,55,1,1.8,1,0,0.5
2026-09-28,naples,vomero,6,210,2,1.0,0,2,1.0
2026-09-28,noto,city-center,2,45,0,0.0,0,0,0.0
2026-09-28,noto,porta-reale-o-ferdinandea,3,65,0,0.0,0,0,0.0
2026-09-28,novara,city-center,1,200,0,0.0,0,0,0.0
2026-09-28,novara,novara-train-station,1,25,9,36.0,7,2,4.5
2026-09-28,olbia,train-station,2,155,16,10.3,3,13,8.0
2026-09-28,ostuni,city-centre,3,200,0,0.0,0,0,0.0
2026-09-28,otranto,city-center,1,100,0,0.0,0,0,0.0
2026-09-28,padua,city-center,3,125,1,0.8,0,1,0.5
2026-09-28,padua,main-station,3,160,4,2.5,2,2,2.0
2026-09-28,palau,palau-ferry-terminal,1,20,20,100.0,0,20,10.0
2026-09-28,palermo,albergheria,1,35,5,14.3,0,5,2.5
2026-09-28,palermo,fiera,1,50,0,0.0,0,0,0.0
2026-09-28,palermo,historical-centre-of-palermo,4,125,9,7.2,2,7,4.5
2026-09-28,palermo,mondello,2,40,2,5.0,0,2,1.0
2026-09-28,palermo,mont-di-pieta,2,45,0,0.0,0,0,0.0
2026-09-28,palermo,palazzo-comitini,1,50,6,12.0,0,6,3.0
2026-09-28,palermo,palermo-centrale,5,210,37,17.6,3,34,18.5
2026-09-28,palermo,palermo-city-center,8,335,39,11.6,30,9,19.5
2026-09-28,palermo,piazza-verdi,1,40,1,2.5,1,0,0.5
2026-09-28,palermo,port-palermo,4,250,7,2.8,1,6,3.5
2026-09-28,palermo,settecannoli,1,50,0,0.0,0,0,0.0
2026-09-28,paola,paola-train-station,1,10,0,0.0,0,0,0.0
2026-09-28,parma,city-center,3,45,0,0.0,0,0,0.0
2026-09-28,parma,station,4,75,0,0.0,0,0,0.0
2026-09-28,pavia,downtown,1,30,0,0.0,0,0,0.0
2026-09-28,pavia,pavia-train-station,3,55,0,0.0,0,0,0.0
2026-09-28,perugia,bus-station,1,25,6,24.0,1,5,3.0
2026-09-28,perugia,central-station,4,105,9,8.6,2,9,5.5
2026-09-28,perugia,elce,2,30,0,0.0,0,0,0.0
2026-09-28,perugia,piazza-della-repubblica,2,30,0,0.0,0,0,0.0
2026-09-28,pesaro,city-center,3,210,3,1.4,1,2,1.5
2026-09-28,pescara,pescara-centrale-train-station,10,255,4,1.6,0,4,2.0
2026-09-28,peschiera-del-garda,peschiera-del-garda-train-station,1,35,5,14.3,0,5,2.5
2026-09-28,piacenza,piacenza-train-station,1,25,0,0.0,0,0,0.0
2026-09-28,pisa,national-museum-of-san-matteo,1,50,0,0.0,0,0,0.0
2026-09-28,pisa,piazza-dei-cavalieri,2,50,0,0.0,0,0,0.0
2026-09-28,pisa,pisa-centrale-train-station,15,1005,26,2.6,9,17,13.0
2026-09-28,pisa,pisa-piazza-del-duomo,2,35,3,8.6,3,0,1.5
2026-09-28,pisa,santa-maria,4,115,3,2.6,0,3,1.5
2026-09-28,pisa,tower-of-pisa,3,100,0,0.0,0,0,0.0
2026-09-28,pistoia,pistoia-train-station,1,25,4,16.0,0,4,2.0
2026-09-28,pizzo-calabro,city-center,1,20,0,0.0,0,0,0.0
2026-09-28,polignano-a-mare,central-station,3,110,1,0.9,1,0,0.5
2026-09-28,polignano-a-mare,city-center,4,95,25,26.3,0,25,12.5
2026-09-28,pompei,city-center,2,70,0,0.0,0,0,0.0
2026-09-28,pompei,train-station,6,320,42,13.1,18,24,21.0
2026-09-28,ponza,giancos-beach,1,20,0,0.0,0,0,0.0
2026-09-28,portici,city-center,1,50,0,0.0,0,0,0.0
2026-09-28,porto-torres,city-center,3,170,0,0.0,0,0,0.0
2026-09-28,porto-torres,port,1,30,0,0.0,0,0,0.0
2026-09-28,positano,chiesa-nuova,1,20,5,25.0,0,5,2.5
2026-09-28,potenza,city-center,1,100,0,0.0,0,0,0.0
2026-09-28,potenza,potenza-city-center,1,20,0,0.0,0,0,0.0
2026-09-28,prato,prato-centrale,3,70,0,0.0,0,0,0.0
2026-09-28,procida,port,2,350,0,0.0,0,0,0.0
2026-09-28,ragusa,city-center,4,70,2,2.9,0,2,1.0
2026-09-28,ragusa,duomo-di-san-giorgio,1,10,0,0.0,0,0,0.0
2026-09-28,ragusa,ragusa-train-station,1,25,6,24.0,0,6,3.0
2026-09-28,rapallo,rapallo-train-station,2,55,0,0.0,0,0,0.0
2026-09-28,rapallo,train-station,2,60,0,0.0,0,0,0.0
2026-09-28,ravenna,dante-tomb,1,20,0,0.0,0,0,0.0
2026-09-28,ravenna,main-station,5,130,7,5.4,4,3,3.5
2026-09-28,reggio-calabria,catona,1,100,0,0.0,0,0,0.0
2026-09-28,reggio-calabria,center,4,370,5,1.4,0,5,2.5
2026-09-28,reggio-calabria,central-station,1,50,0,0.0,0,0,0.0
2026-09-28,reggio-calabria,villa-san-giovanni,2,110,0,0.0,0,0,0.0
2026-09-28,reggio-emilia,railway-station,2,75,0,0.0,0,0,0.0
2026-09-28,reggio-emilia,reggio-emilia-old-town,1,10,0,0.0,0,0,0.0
2026-09-28,rho,railway-station,1,20,0,0.0,0,0,0.0
2026-09-28,riccione,city-center,3,105,0,0.0,0,0,0.0
2026-09-28,riccione,terme,1,10,0,0.0,0,0,0.0
2026-09-28,rimini,bellariva,1,50,0,0.0,0,0,0.0
2026-09-28,rimini,city-center,5,52,0,0.0,0,0,0.0
2026-09-28,rimini,federico-fellini-international-airport,1,20,0,0.0,0,0,0.0
2026-09-28,rimini,federico-fellini-park,1,25,0,0.0,0,0,0.0
2026-09-28,rimini,lungomare-augusto-murri,2,40,25,62.5,0,25,12.5
2026-09-28,rimini,rimini-train-station,4,375,2,0.5,0,2,1.0
2026-09-28,riomaggiore,riomaggiore-train-station,1,35,2,5.7,2,0,1.0
2026-09-28,rivoli,city-centre,1,20,0,0.0,0,0,0.0
2026-09-28,rome,Municipio-Roma-X,1,30,0,0.0,0,0,0.0
2026-09-28,rome,Quartiere-IX-appio-latino,1,35,2,5.7,0,2,1.0
2026-09-28,rome,aventino,1,100,5,5.0,0,5,2.5
2026-09-28,rome,baldo-degli-ubaldi-station,2,55,0,0.0,0,0,0.0
2026-09-28,rome,bocca-della-verita,1,40,0,0.0,0,0,0.0
2026-09-28,rome,brancaccio,1,20,0,0.0,0,0,0.0
2026-09-28,rome,casal-monastero,1,100,0,0.0,0,0,0.0
2026-09-28,rome,castel-sant-angelo,4,225,20,8.9,0,20,10.0
2026-09-28,rome,castro-pretorio,1,300,0,0.0,0,0,0.0
2026-09-28,rome,cavour,2,85,0,0.0,0,0,0.0
2026-09-28,rome,ciampino,2,80,0,0.0,0,0,0.0
2026-09-28,rome,collatino,1,100,0,0.0,0,0,0.0
2026-09-28,rome,colosseum,6,205,9,4.4,0,9,4.5
2026-09-28,rome,esquilino,8,420,22,5.2,2,20,11.0
2026-09-28,rome,fiera-di-roma,1,30,0,0.0,0,0,0.0
2026-09-28,rome,finocchio,1,20,0,0.0,0,0,0.0
2026-09-28,rome,flaminio,5,165,0,0.0,0,0,0.0
2026-09-28,rome,furio-camillo,4,120,8,6.7,0,8,4.0
2026-09-28,rome,garbatella,3,170,1,0.6,0,1,0.5
2026-09-28,rome,la-rustica,1,30,0,0.0,0,0,0.0
2026-09-28,rome,largo-di-torre-argentina,1,35,0,0.0,0,0,0.0
2026-09-28,rome,laurentina,1,30,0,0.0,0,0,0.0
2026-09-28,rome,lepanto,2,60,15,25.0,0,15,7.5
2026-09-28,rome,manzoni,3,70,0,0.0,0,0,0.0
2026-09-28,rome,monti,10,445,22,4.9,8,14,11.0
2026-09-28,rome,navona,8,380,9,2.4,3,6,4.5
2026-09-28,rome,nomentana,2,55,0,0.0,0,0,0.0
2026-09-28,rome,nomentano,1,30,2,6.7,0,2,1.0
2026-09-28,rome,ostia-1,1,40,0,0.0,0,0,0.0
2026-09-28,rome,ostiense,6,470,10,2.1,0,10,5.0
2026-09-28,rome,ottaviano,5,130,3,2.3,2,1,1.5
2026-09-28,rome,pantheon,18,1352,27,2.0,6,25,15.5
2026-09-28,rome,parco-regionale-appia-antica,1,15,0,0.0,0,0,0.0
2026-09-28,rome,parioli,2,65,4,6.2,0,4,2.0
2026-09-28,rome,piazza-campo-de-fiori,4,205,5,2.4,5,0,2.5
2026-09-28,rome,piazza-del-popolo,3,215,4,1.9,1,3,2.0
2026-09-28,rome,piazza-di-san-pietro-in-vincoli,2,70,4,5.7,0,4,2.0
2026-09-28,rome,piazza-venezia,1,25,2,8.0,2,0,1.0
2026-09-28,rome,pigneto,2,70,0,0.0,0,0,0.0
2026-09-28,rome,pigneto-prenestina,1,50,0,0.0,0,0,0.0
2026-09-28,rome,porta-pinciana,1,5,0,0.0,0,0,0.0
2026-09-28,rome,portuense,2,40,0,0.0,0,0,0.0
2026-09-28,rome,prati,6,265,18,6.8,9,9,9.0
2026-09-28,rome,primavalle,2,80,0,0.0,0,0,0.0
2026-09-28,rome,quartiere-xii-gianicolense,3,90,0,0.0,0,0,0.0
2026-09-28,rome,quartiere-xv-della-vittoria,1,20,2,10.0,0,2,1.0
2026-09-28,rome,repubblica,8,350,9,2.6,0,9,4.5
2026-09-28,rome,rione-ix-pigna,2,80,6,7.5,6,0,3.0
2026-09-28,rome,roma-stadio-olimpico,1,30,0,0.0,0,0,0.0
2026-09-28,rome,roma-vatican-museums,3,162,6,3.7,4,6,5.0
2026-09-28,rome,roman-forum,2,380,0,0.0,0,0,0.0
2026-09-28,rome,s-pietro,4,135,4,3.0,2,2,2.0
2026-09-28,rome,san-giovanni,6,400,0,0.0,0,0,0.0
2026-09-28,rome,san-lorenzo,2,30,0,0.0,0,0,0.0
2026-09-28,rome,santa-maria-maggiore,2,200,7,3.5,0,7,3.5
2026-09-28,rome,spanish-steps,2,95,7,7.4,4,3,3.5
2026-09-28,rome,st-peter-basilica,1,35,0,0.0,0,0,0.0
2026-09-28,rome,termini,33,3108,208,6.7,49,162,105.5
2026-09-28,rome,tiburtina,7,260,19,7.3,3,18,10.5
2026-09-28,rome,torre-maura,1,100,0,0.0,0,0,0.0
2026-09-28,rome,trastevere,15,760,21,2.8,0,21,10.5
2026-09-28,rome,trevi,4,235,9,3.8,3,6,4.5
2026-09-28,rome,trieste,1,300,0,0.0,0,0,0.0
2026-09-28,rome,vatican,18,797,40,5.0,14,34,24.0
2026-09-28,rome,via-del-corso,1,25,2,8.0,0,2,1.0
2026-09-28,rome,villa-borghese,1,35,2,5.7,0,2,1.0
2026-09-28,rome,vittorio-emanuele,2,70,2,2.9,0,2,1.0
2026-09-28,rovereto,rovereto-train-station,1,20,1,5.0,1,0,0.5
2026-09-28,rovigo,rovigo-train-station,1,20,0,0.0,0,0,0.0
2026-09-28,salerno,city-centre,4,85,0,0.0,0,0,0.0
2026-09-28,salerno,salerno-train-station,8,370,8,2.2,0,8,4.0
2026-09-28,san-teodoro,piazza-di-gallura,1,45,0,0.0,0,0,0.0
2026-09-28,san-vito-lo-capo,city-center,1,50,0,0.0,0,0,0.0
2026-09-28,sanremo,casino-di-sanremo,1,20,0,0.0,0,0,0.0
2026-09-28,sanremo,city-center,1,20,1,5.0,1,0,0.5
2026-09-28,sassari,city-center,1,20,1,5.0,1,0,0.5
2026-09-28,sassari,piazza-italia,1,30,0,0.0,0,0,0.0
2026-09-28,sassari,sassari-train-station,2,40,0,0.0,0,0,0.0
2026-09-28,savona,priamar-fortress,1,50,0,0.0,0,0,0.0
2026-09-28,savona,public-beach-lo-scaletto-dei-pescatori,1,20,0,0.0,0,0,0.0
2026-09-28,savona,savona-city-center,2,30,0,0.0,0,0,0.0
2026-09-28,savona,savona-port,1,20,0,0.0,0,0,0.0
2026-09-28,savona,train-station,1,20,0,0.0,0,0,0.0
2026-09-28,sestri-levante,sestri-levante-train-station,2,55,6,10.9,0,6,3.0
2026-09-28,siena,city-center,10,342,59,17.3,0,59,29.5
2026-09-28,siena,istrice,2,70,0,0.0,0,0,0.0
2026-09-28,siena,lupa,2,55,0,0.0,0,0,0.0
2026-09-28,siena,siena-train-station,1,35,1,2.9,0,1,0.5
2026-09-28,sirmione,city-center,2,50,5,10.0,2,3,2.5
2026-09-28,sirmione,porto-di-lugana,1,100,0,0.0,0,0,0.0
2026-09-28,sorrento,city-center,5,580,21,3.6,0,21,10.5
2026-09-28,sorrento,sant-agnello,2,45,0,0.0,0,0,0.0
2026-09-28,sorrento,sorrento-train-station,6,245,6,2.4,1,5,3.0
2026-09-28,stromboli,ferry-terminal,2,40,0,0.0,0,0,0.0
2026-09-28,syracuse,apollo-temple,5,100,0,0.0,0,0,0.0
2026-09-28,syracuse,arenella,1,50,0,0.0,0,0,0.0
2026-09-28,syracuse,augusta,1,20,0,0.0,0,0,0.0
2026-09-28,syracuse,station,5,240,3,1.2,0,3,1.5
2026-09-28,syracuse,syracuse-roman-amphitheater,1,25,0,0.0,0,0,0.0
2026-09-28,syracuse,yacht-lub-lakkios-marina-porto-piccolo-ortigia,1,25,0,0.0,0,0,0.0
2026-09-28,taormina,city-centre,1,50,4,8.0,0,4,2.0
2026-09-28,taranto,castello-aragonese,2,60,0,0.0,0,0,0.0
2026-09-28,taranto,sacello-romano,3,70,0,0.0,0,0,0.0
2026-09-28,terni,railway-station,1,300,0,0.0,0,0,0.0
2026-09-28,tirano,tirano-railway-station,2,50,2,4.0,1,2,1.5
2026-09-28,tivoli,villa-d-este,1,20,0,0.0,0,0,0.0
2026-09-28,trani,trani-transit-station,1,50,0,0.0,0,0,0.0
2026-09-28,trapani,city-center,3,225,0,0.0,0,0,0.0
2026-09-28,trapani,train-station,2,30,9,30.0,0,9,4.5
2026-09-28,trapani,trapani-port,5,530,2,0.4,1,1,1.0
2026-09-28,trapani,trapani-train-station,1,30,0,0.0,0,0,0.0
2026-09-28,trento,city-center,1,40,0,0.0,0,0,0.0
2026-09-28,trento,main-station,7,215,5,2.3,1,4,2.5
2026-09-28,treviso,city-center,2,45,4,8.9,4,4,4.0
2026-09-28,treviso,treviso-train-station,2,95,21,22.1,2,19,10.5
2026-09-28,trieste,trieste-train-station,7,250,12,4.8,0,12,6.0
2026-09-28,tropea,city-centre,2,130,2,1.5,1,1,1.0
2026-09-28,turin,allianz-stadium,1,100,1,1.0,0,1,0.5
2026-09-28,turin,aurora,1,20,0,0.0,0,0,0.0
2026-09-28,turin,barriera-di-milano,4,70,0,0.0,0,0,0.0
2026-09-28,turin,cenisia,2,110,3,2.7,3,0,1.5
2026-09-28,turin,cit-turin,1,300,0,0.0,0,0,0.0
2026-09-28,turin,city-center,3,90,0,0.0,0,0,0.0
2026-09-28,turin,crocetta,1,25,0,0.0,0,0,0.0
2026-09-28,turin,egyptian-museum,1,75,2,2.7,2,0,1.0
2026-09-28,turin,galleria-sabauda,1,20,0,0.0,0,0,0.0
2026-09-28,turin,lingotto,4,90,0,0.0,0,0,0.0
2026-09-28,turin,lingotto-fiere,1,50,0,0.0,0,0,0.0
2026-09-28,turin,mole-antonelliana,1,10,0,0.0,0,0,0.0
2026-09-28,turin,museo-pietro-micca,1,95,19,20.0,1,19,10.0
2026-09-28,turin,national-cinema-museum,1,30,0,0.0,0,0,0.0
2026-09-28,turin,palazzo-madama,1,20,0,0.0,0,0,0.0
2026-09-28,turin,parco-del-valentino,1,10,0,0.0,0,0,0.0
2026-09-28,turin,piazza-castello,1,55,0,0.0,0,0,0.0
2026-09-28,turin,piazza-san-carlo,1,25,0,0.0,0,0,0.0
2026-09-28,turin,piazza-statuto,1,40,0,0.0,0,0,0.0
2026-09-28,turin,piazza-vittorio-veneto,1,20,1,5.0,0,1,0.5
2026-09-28,turin,porta-palazzo-market,1,100,1,1.0,0,1,0.5
2026-09-28,turin,quadrilatero,1,25,0,0.0,0,0,0.0
2026-09-28,turin,quadrilatero-romano,1,50,5,10.0,0,5,2.5
2026-09-28,turin,santa-rita,1,35,0,0.0,0,0,0.0
2026-09-28,turin,stazione-porta-nuova,12,540,31,5.7,13,18,15.5
2026-09-28,turin,torino-dora,1,50,0,0.0,0,0,0.0
2026-09-28,turin,torino-porta-susa,3,65,3,4.6,3,0,1.5
2026-09-28,varese,varese-train-station,1,20,0,0.0,0,0,0.0
2026-09-28,vasto,city-center,1,10,0,0.0,0,0,0.0
2026-09-28,venice,accademia-gallery,1,65,12,18.5,10,2,6.0
2026-09-28,venice,biennale,1,50,2,4.0,0,2,1.0
2026-09-28,venice,brondolo,1,200,0,0.0,0,0,0.0
2026-09-28,venice,ca-d-oro-pier-station,1,40,0,0.0,0,0,0.0
2026-09-28,venice,campo-dei-frari,1,25,0,0.0,0,0,0.0
2026-09-28,venice,cannaregio,4,450,5,1.1,0,5,2.5
2026-09-28,venice,city-center,3,100,11,11.0,0,11,5.5
2026-09-28,venice,constitution-bridge,1,90,22,24.4,3,21,12.0
2026-09-28,venice,dorsoduro,1,60,5,8.3,1,4,2.5
2026-09-28,venice,giudecca,1,25,0,0.0,0,0,0.0
2026-09-28,venice,guglie-bridge,1,50,0,0.0,0,0,0.0
2026-09-28,venice,murano,1,30,0,0.0,0,0,0.0
2026-09-28,venice,murano-da-mula,1,200,0,0.0,0,0,0.0
2026-09-28,venice,peggy-guggenheim-collection,1,40,4,10.0,0,4,2.0
2026-09-28,venice,piazzale-roma,2,155,20,12.9,8,12,10.0
2026-09-28,venice,rialto,2,330,0,0.0,0,0,0.0
2026-09-28,venice,san-marco,3,125,7,5.6,5,3,4.0
2026-09-28,venice,san-polo,3,150,0,0.0,0,0,0.0
2026-09-28,venice,santa-croce,1,20,0,0.0,0,0,0.0
2026-09-28,venice,santa-lucia-station,2,240,42,17.5,12,30,21.0
2026-09-28,venice,santa-lucia-train-station,1,15,6,40.0,0,6,3.0
2026-09-28,venice,venice-castello,1,50,0,0.0,0,0,0.0
2026-09-28,venice,venice-lido,1,25,0,0.0,0,0,0.0
2026-09-28,venice,venice-marco-polo-airport,1,45,5,11.1,5,0,2.5
2026-09-28,ventimiglia,city-center-ventimiglia,2,150,6,4.0,0,6,3.0
2026-09-28,verona,arena-di-verona,1,20,0,0.0,0,0,0.0
2026-09-28,verona,avesa,1,20,0,0.0,0,0,0.0
2026-09-28,verona,castelvecchio-museum,1,40,0,0.0,0,0,0.0
2026-09-28,verona,citta-antica,5,175,16,9.1,0,16,8.0
2026-09-28,verona,cittadella,3,110,0,0.0,0,0,0.0
2026-09-28,verona,juliet-s-house,2,130,0,0.0,0,0,0.0
2026-09-28,verona,porta-nuova,1,300,0,0.0,0,0,0.0
2026-09-28,viareggio,city-center,3,85,0,0.0,0,0,0.0
2026-09-28,viareggio,train-station,2,100,0,0.0,0,0,0.0
2026-09-28,vicenza,city-center,2,70,0,0.0,0,0,0.0
2026-09-28,vicenza,main-station,1,35,11,31.4,0,11,5.5
2026-09-28,vico-del-gargano,city-center,1,10,0,0.0,0,0,0.0
2026-09-28,vigevano,city-center,1,20,0,0.0,0,0,0.0
2026-09-28,villasimius,viale-matteotti,1,10,2,20.0,0,2,1.0
